fetched_at_utc,event_id,away,home,market_slug,player_name,side,line,price_american
2026-09-26T22:21:35.497153+00:00,b225458a282e140c44c45651255f2f6c,LAC,BUF,passyds,Justin Herbert,over,149.5,-900
2026-09-26T22:21:35.497153+00:00,b225458a282e140c44c45651255f2f6c,LAC,BUF,passyds,Justin Herbert,over,174.5,-420
2026-09-26T22:21:35.497153+00:00,b225458a282e140c44c45651255f2f6c,LAC,BUF,passyds,Justin Herbert,over,199.5,-220
2026-09-26T22:21:35.497153+00:00,b225458a282e140c44c45651255f2f6c,LAC,BUF,passyds,Justin Herbert,over,224.5,-114
2026-09-26T22:21:35.497153+00:00,b225458a282e140c44c45651255f2f6c,LAC,BUF,passyds,Justin Herbert,over,249.5,158
2026-09-26T22:21:35.497153+00:00,b225458a282e140c44c45651255f2f6c,LAC,BUF,passyds,Justin Herbert,over,274.5,270
2026-09-26T22:21:35.497153+00:00,b225458a282e140c44c45651255f2f6c,LAC,BUF,passyds,Justin Herbert,over,299.5,470
2026-09-26T22:21:35.497153+00:00,b225458a282e140c44c45651255f2f6c,LAC,BUF,passyds,Justin Herbert,over,324.5,800
2026-09-26T22:21:35.497153+00:00,b225458a282e140c44c45651255f2f6c,LAC,BUF,passyds,Justin Herbert,over,349.5,1260
2026-09-26T22:21:35.497153+00:00,b225458a282e140c44c45651255f2f6c,LAC,BUF,passyds,Josh Allen,over,149.5,-1450
2026-09-26T22:21:35.497153+00:00,b225458a282e140c44c45651255f2f6c,LAC,BUF,passyds,Josh Allen,over,174.5,-600
2026-09-26T22:21:35.497153+00:00,b225458a282e140c44c45651255f2f6c,LAC,BUF,passyds,Josh Allen,over,199.5,-310
2026-09-26T22:21:35.497153+00:00,b225458a282e140c44c45651255f2f6c,LAC,BUF,passyds,Josh Allen,over,224.5,-166
2026-09-26T22:21:35.497153+00:00,b225458a282e140c44c45651255f2f6c,LAC,BUF,passyds,Josh Allen,over,249.5,116
2026-09-26T22:21:35.497153+00:00,b225458a282e140c44c45651255f2f6c,LAC,BUF,passyds,Josh Allen,over,274.5,198
2026-09-26T22:21:35.497153+00:00,b225458a282e140c44c45651255f2f6c,LAC,BUF,passyds,Josh Allen,over,299.5,350
2026-09-26T22:21:35.497153+00:00,b225458a282e140c44c45651255f2f6c,LAC,BUF,passyds,Josh Allen,over,324.5,630
2026-09-26T22:21:35.497153+00:00,b225458a282e140c44c45651255f2f6c,LAC,BUF,passyds,Josh Allen,over,349.5,920
2026-09-26T22:21:35.497153+00:00,b225458a282e140c44c45651255f2f6c,LAC,BUF,passyds,Josh Allen,over,374.5,1500
2026-09-26T22:21:35.497153+00:00,b225458a282e140c44c45651255f2f6c,LAC,BUF,rushyds,James Cook,over,39.5,-1450
2026-09-26T22:21:35.497153+00:00,b225458a282e140c44c45651255f2f6c,LAC,BUF,rushyds,James Cook,over,49.5,-580
2026-09-26T22:21:35.497153+00:00,b225458a282e140c44c45651255f2f6c,LAC,BUF,rushyds,James Cook,over,59.5,-310
2026-09-26T22:21:35.497153+00:00,b225458a282e140c44c45651255f2f6c,LAC,BUF,rushyds,James Cook,over,69.5,-188
2026-09-26T22:21:35.497153+00:00,b225458a282e140c44c45651255f2f6c,LAC,BUF,rushyds,James Cook,over,79.5,-114
2026-09-26T22:21:35.497153+00:00,b225458a282e140c44c45651255f2f6c,LAC,BUF,rushyds,James Cook,over,89.5,132
2026-09-26T22:21:35.497153+00:00,b225458a282e140c44c45651255f2f6c,LAC,BUF,rushyds,James Cook,over,99.5,194
2026-09-26T22:21:35.497153+00:00,b225458a282e140c44c45651255f2f6c,LAC,BUF,rushyds,James Cook,over,109.5,280
2026-09-26T22:21:35.497153+00:00,b225458a282e140c44c45651255f2f6c,LAC,BUF,rushyds,James Cook,over,124.5,470
2026-09-26T22:21:35.497153+00:00,b225458a282e140c44c45651255f2f6c,LAC,BUF,rushyds,James Cook,over,149.5,920
2026-09-26T22:21:35.497153+00:00,b225458a282e140c44c45651255f2f6c,LAC,BUF,rushyds,Keaton Mitchell,over,4.5,-500
2026-09-26T22:21:35.497153+00:00,b225458a282e140c44c45651255f2f6c,LAC,BUF,rushyds,Keaton Mitchell,over,9.5,-215
2026-09-26T22:21:35.497153+00:00,b225458a282e140c44c45651255f2f6c,LAC,BUF,rushyds,Keaton Mitchell,over,14.5,-114
2026-09-26T22:21:35.497153+00:00,b225458a282e140c44c45651255f2f6c,LAC,BUF,rushyds,Keaton Mitchell,over,19.5,146
2026-09-26T22:21:35.497153+00:00,b225458a282e140c44c45651255f2f6c,LAC,BUF,rushyds,Keaton Mitchell,over,24.5,220
2026-09-26T22:21:35.497153+00:00,b225458a282e140c44c45651255f2f6c,LAC,BUF,rushyds,Keaton Mitchell,over,29.5,310
2026-09-26T22:21:35.497153+00:00,b225458a282e140c44c45651255f2f6c,LAC,BUF,rushyds,Keaton Mitchell,over,39.5,580
2026-09-26T22:21:35.497153+00:00,b225458a282e140c44c45651255f2f6c,LAC,BUF,rushyds,Keaton Mitchell,over,49.5,920
2026-09-26T22:21:35.497153+00:00,b225458a282e140c44c45651255f2f6c,LAC,BUF,rushyds,Justin Herbert,over,4.5,-1400
2026-09-26T22:21:35.497153+00:00,b225458a282e140c44c45651255f2f6c,LAC,BUF,rushyds,Justin Herbert,over,9.5,-420
2026-09-26T22:21:35.497153+00:00,b225458a282e140c44c45651255f2f6c,LAC,BUF,rushyds,Justin Herbert,over,14.5,-205
2026-09-26T22:21:35.497153+00:00,b225458a282e140c44c45651255f2f6c,LAC,BUF,rushyds,Justin Herbert,over,19.5,-114
2026-09-26T22:21:35.497153+00:00,b225458a282e140c44c45651255f2f6c,LAC,BUF,rushyds,Justin Herbert,over,24.5,146
2026-09-26T22:21:35.497153+00:00,b225458a282e140c44c45651255f2f6c,LAC,BUF,rushyds,Justin Herbert,over,29.5,225
2026-09-26T22:21:35.497153+00:00,b225458a282e140c44c45651255f2f6c,LAC,BUF,rushyds,Justin Herbert,over,39.5,490
2026-09-26T22:21:35.497153+00:00,b225458a282e140c44c45651255f2f6c,LAC,BUF,rushyds,Justin Herbert,over,49.5,920
2026-09-26T22:21:35.497153+00:00,b225458a282e140c44c45651255f2f6c,LAC,BUF,rushyds,Justin Herbert,over,59.5,1500
2026-09-26T22:21:35.497153+00:00,b225458a282e140c44c45651255f2f6c,LAC,BUF,rushyds,Josh Allen,over,14.5,-700
2026-09-26T22:21:35.497153+00:00,b225458a282e140c44c45651255f2f6c,LAC,BUF,rushyds,Josh Allen,over,19.5,-380
2026-09-26T22:21:35.497153+00:00,b225458a282e140c44c45651255f2f6c,LAC,BUF,rushyds,Josh Allen,over,24.5,-230
2026-09-26T22:21:35.497153+00:00,b225458a282e140c44c45651255f2f6c,LAC,BUF,rushyds,Josh Allen,over,29.5,-148
2026-09-26T22:21:35.497153+00:00,b225458a282e140c44c45651255f2f6c,LAC,BUF,rushyds,Josh Allen,over,39.5,148
2026-09-26T22:21:35.497153+00:00,b225458a282e140c44c45651255f2f6c,LAC,BUF,rushyds,Josh Allen,over,49.5,270
2026-09-26T22:21:35.497153+00:00,b225458a282e140c44c45651255f2f6c,LAC,BUF,rushyds,Josh Allen,over,59.5,450
2026-09-26T22:21:35.497153+00:00,b225458a282e140c44c45651255f2f6c,LAC,BUF,rushyds,Josh Allen,over,69.5,750
2026-09-26T22:21:35.497153+00:00,b225458a282e140c44c45651255f2f6c,LAC,BUF,rushyds,Josh Allen,over,79.5,1000
2026-09-26T22:21:35.497153+00:00,b225458a282e140c44c45651255f2f6c,LAC,BUF,rushyds,Josh Allen,over,89.5,1400
2026-09-26T22:21:35.497153+00:00,b225458a282e140c44c45651255f2f6c,LAC,BUF,rushyds,Omarion Hampton,over,24.5,-1450
2026-09-26T22:21:35.497153+00:00,b225458a282e140c44c45651255f2f6c,LAC,BUF,rushyds,Omarion Hampton,over,29.5,-850
2026-09-26T22:21:35.497153+00:00,b225458a282e140c44c45651255f2f6c,LAC,BUF,rushyds,Omarion Hampton,over,39.5,-350
2026-09-26T22:21:35.497153+00:00,b225458a282e140c44c45651255f2f6c,LAC,BUF,rushyds,Omarion Hampton,over,49.5,-188
2026-09-26T22:21:35.497153+00:00,b225458a282e140c44c45651255f2f6c,LAC,BUF,rushyds,Omarion Hampton,over,59.5,-108
2026-09-26T22:21:35.497153+00:00,b225458a282e140c44c45651255f2f6c,LAC,BUF,rushyds,Omarion Hampton,over,69.5,148
2026-09-26T22:21:35.497153+00:00,b225458a282e140c44c45651255f2f6c,LAC,BUF,rushyds,Omarion Hampton,over,79.5,220
2026-09-26T22:21:35.497153+00:00,b225458a282e140c44c45651255f2f6c,LAC,BUF,rushyds,Omarion Hampton,over,89.5,310
2026-09-26T22:21:35.497153+00:00,b225458a282e140c44c45651255f2f6c,LAC,BUF,rushyds,Omarion Hampton,over,99.5,430
2026-09-26T22:21:35.497153+00:00,b225458a282e140c44c45651255f2f6c,LAC,BUF,rushyds,Omarion Hampton,over,109.5,640
2026-09-26T22:21:35.497153+00:00,b225458a282e140c44c45651255f2f6c,LAC,BUF,rushyds,Omarion Hampton,over,124.5,920
2026-09-26T22:21:35.497153+00:00,b225458a282e140c44c45651255f2f6c,LAC,BUF,recyds,Tre Harris,over,9.5,-700
2026-09-26T22:21:35.497153+00:00,b225458a282e140c44c45651255f2f6c,LAC,BUF,recyds,Tre Harris,over,14.5,-420
2026-09-26T22:21:35.497153+00:00,b225458a282e140c44c45651255f2f6c,LAC,BUF,recyds,Tre Harris,over,19.5,-270
2026-09-26T22:21:35.497153+00:00,b225458a282e140c44c45651255f2f6c,LAC,BUF,recyds,Tre Harris,over,24.5,-182
2026-09-26T22:21:35.497153+00:00,b225458a282e140c44c45651255f2f6c,LAC,BUF,recyds,Tre Harris,over,29.5,-132
2026-09-26T22:21:35.497153+00:00,b225458a282e140c44c45651255f2f6c,LAC,BUF,recyds,Tre Harris,over,39.5,140
2026-09-26T22:21:35.497153+00:00,b225458a282e140c44c45651255f2f6c,LAC,BUF,recyds,Tre Harris,over,49.5,225
2026-09-26T22:21:35.497153+00:00,b225458a282e140c44c45651255f2f6c,LAC,BUF,recyds,Tre Harris,over,59.5,360
2026-09-26T22:21:35.497153+00:00,b225458a282e140c44c45651255f2f6c,LAC,BUF,recyds,Tre Harris,over,69.5,550
2026-09-26T22:21:35.497153+00:00,b225458a282e140c44c45651255f2f6c,LAC,BUF,recyds,Tre Harris,over,79.5,750
2026-09-26T22:21:35.497153+00:00,b225458a282e140c44c45651255f2f6c,LAC,BUF,recyds,Tre Harris,over,89.5,1000
2026-09-26T22:21:35.497153+00:00,b225458a282e140c44c45651255f2f6c,LAC,BUF,recyds,Tre Harris,over,99.5,1400
2026-09-26T22:21:35.497153+00:00,b225458a282e140c44c45651255f2f6c,LAC,BUF,recyds,James Cook,over,4.5,-320
2026-09-26T22:21:35.497153+00:00,b225458a282e140c44c45651255f2f6c,LAC,BUF,recyds,James Cook,over,9.5,-146
2026-09-26T22:21:35.497153+00:00,b225458a282e140c44c45651255f2f6c,LAC,BUF,recyds,James Cook,over,14.5,122
2026-09-26T22:21:35.497153+00:00,b225458a282e140c44c45651255f2f6c,LAC,BUF,recyds,James Cook,over,19.5,194
2026-09-26T22:21:35.497153+00:00,b225458a282e140c44c45651255f2f6c,LAC,BUF,recyds,James Cook,over,24.5,290
2026-09-26T22:21:35.497153+00:00,b225458a282e140c44c45651255f2f6c,LAC,BUF,recyds,James Cook,over,29.5,400
2026-09-26T22:21:35.497153+00:00,b225458a282e140c44c45651255f2f6c,LAC,BUF,recyds,James Cook,over,39.5,750
2026-09-26T22:21:35.497153+00:00,b225458a282e140c44c45651255f2f6c,LAC,BUF,recyds,James Cook,over,49.5,1200
2026-09-26T22:21:35.497153+00:00,b225458a282e140c44c45651255f2f6c,LAC,BUF,recyds,Khalil Shakir,over,14.5,-1100
2026-09-26T22:21:35.497153+00:00,b225458a282e140c44c45651255f2f6c,LAC,BUF,recyds,Khalil Shakir,over,19.5,-600
2026-09-26T22:21:35.497153+00:00,b225458a282e140c44c45651255f2f6c,LAC,BUF,recyds,Khalil Shakir,over,24.5,-380
2026-09-26T22:21:35.497153+00:00,b225458a282e140c44c45651255f2f6c,LAC,BUF,recyds,Khalil Shakir,over,29.5,-270
2026-09-26T22:21:35.497153+00:00,b225458a282e140c44c45651255f2f6c,LAC,BUF,recyds,Khalil Shakir,over,39.5,-146
2026-09-26T22:21:35.497153+00:00,b225458a282e140c44c45651255f2f6c,LAC,BUF,recyds,Khalil Shakir,over,49.5,120
2026-09-26T22:21:35.497153+00:00,b225458a282e140c44c45651255f2f6c,LAC,BUF,recyds,Khalil Shakir,over,59.5,194
2026-09-26T22:21:35.497153+00:00,b225458a282e140c44c45651255f2f6c,LAC,BUF,recyds,Khalil Shakir,over,69.5,300
2026-09-26T22:21:35.497153+00:00,b225458a282e140c44c45651255f2f6c,LAC,BUF,recyds,Khalil Shakir,over,79.5,430
2026-09-26T22:21:35.497153+00:00,b225458a282e140c44c45651255f2f6c,LAC,BUF,recyds,Khalil Shakir,over,89.5,640
2026-09-26T22:21:35.497153+00:00,b225458a282e140c44c45651255f2f6c,LAC,BUF,recyds,Khalil Shakir,over,99.5,920
2026-09-26T22:21:35.497153+00:00,b225458a282e140c44c45651255f2f6c,LAC,BUF,recyds,Khalil Shakir,over,109.5,1260
2026-09-26T22:21:35.497153+00:00,b225458a282e140c44c45651255f2f6c,LAC,BUF,recyds,Dawson Knox,over,4.5,-205
2026-09-26T22:21:35.497153+00:00,b225458a282e140c44c45651255f2f6c,LAC,BUF,recyds,Dawson Knox,over,9.5,102
2026-09-26T22:21:35.497153+00:00,b225458a282e140c44c45651255f2f6c,LAC,BUF,recyds,Dawson Knox,over,14.5,178
2026-09-26T22:21:35.497153+00:00,b225458a282e140c44c45651255f2f6c,LAC,BUF,recyds,Dawson Knox,over,19.5,280
2026-09-26T22:21:35.497153+00:00,b225458a282e140c44c45651255f2f6c,LAC,BUF,recyds,Dawson Knox,over,24.5,430
2026-09-26T22:21:35.497153+00:00,b225458a282e140c44c45651255f2f6c,LAC,BUF,recyds,Dawson Knox,over,29.5,640
2026-09-26T22:21:35.497153+00:00,b225458a282e140c44c45651255f2f6c,LAC,BUF,recyds,Dalton Kincaid,over,19.5,-1400
2026-09-26T22:21:35.497153+00:00,b225458a282e140c44c45651255f2f6c,LAC,BUF,recyds,Dalton Kincaid,over,24.5,-800
2026-09-26T22:21:35.497153+00:00,b225458a282e140c44c45651255f2f6c,LAC,BUF,recyds,Dalton Kincaid,over,29.5,-550
2026-09-26T22:21:35.497153+00:00,b225458a282e140c44c45651255f2f6c,LAC,BUF,recyds,Dalton Kincaid,over,39.5,-280
2026-09-26T22:21:35.497153+00:00,b225458a282e140c44c45651255f2f6c,LAC,BUF,recyds,Dalton Kincaid,over,49.5,-166
2026-09-26T22:21:35.497153+00:00,b225458a282e140c44c45651255f2f6c,LAC,BUF,recyds,Dalton Kincaid,over,59.5,100
2026-09-26T22:21:35.497153+00:00,b225458a282e140c44c45651255f2f6c,LAC,BUF,recyds,Dalton Kincaid,over,69.5,154
2026-09-26T22:21:35.497153+00:00,b225458a282e140c44c45651255f2f6c,LAC,BUF,recyds,Dalton Kincaid,over,79.5,230
2026-09-26T22:21:35.497153+00:00,b225458a282e140c44c45651255f2f6c,LAC,BUF,recyds,Dalton Kincaid,over,89.5,320
2026-09-26T22:21:35.497153+00:00,b225458a282e140c44c45651255f2f6c,LAC,BUF,recyds,Dalton Kincaid,over,99.5,470
2026-09-26T22:21:35.497153+00:00,b225458a282e140c44c45651255f2f6c,LAC,BUF,recyds,Dalton Kincaid,over,109.5,640
2026-09-26T22:21:35.497153+00:00,b225458a282e140c44c45651255f2f6c,LAC,BUF,recyds,Dalton Kincaid,over,124.5,1000
2026-09-26T22:21:35.497153+00:00,b225458a282e140c44c45651255f2f6c,LAC,BUF,recyds,Oronde Gadsden II,over,9.5,-1400
2026-09-26T22:21:35.497153+00:00,b225458a282e140c44c45651255f2f6c,LAC,BUF,recyds,Oronde Gadsden II,over,14.5,-600
2026-09-26T22:21:35.497153+00:00,b225458a282e140c44c45651255f2f6c,LAC,BUF,recyds,Oronde Gadsden II,over,19.5,-360
2026-09-26T22:21:35.497153+00:00,b225458a282e140c44c45651255f2f6c,LAC,BUF,recyds,Oronde Gadsden II,over,24.5,-250
2026-09-26T22:21:35.497153+00:00,b225458a282e140c44c45651255f2f6c,LAC,BUF,recyds,Oronde Gadsden II,over,29.5,-174
2026-09-26T22:21:35.497153+00:00,b225458a282e140c44c45651255f2f6c,LAC,BUF,recyds,Oronde Gadsden II,over,39.5,110
2026-09-26T22:21:35.497153+00:00,b225458a282e140c44c45651255f2f6c,LAC,BUF,recyds,Oronde Gadsden II,over,49.5,188
2026-09-26T22:21:35.497153+00:00,b225458a282e140c44c45651255f2f6c,LAC,BUF,recyds,Oronde Gadsden II,over,59.5,290
2026-09-26T22:21:35.497153+00:00,b225458a282e140c44c45651255f2f6c,LAC,BUF,recyds,Oronde Gadsden II,over,69.5,450
2026-09-26T22:21:35.497153+00:00,b225458a282e140c44c45651255f2f6c,LAC,BUF,recyds,Oronde Gadsden II,over,79.5,680
2026-09-26T22:21:35.497153+00:00,b225458a282e140c44c45651255f2f6c,LAC,BUF,recyds,Oronde Gadsden II,over,89.5,920
2026-09-26T22:21:35.497153+00:00,b225458a282e140c44c45651255f2f6c,LAC,BUF,recyds,Oronde Gadsden II,over,99.5,1280
2026-09-26T22:21:35.497153+00:00,b225458a282e140c44c45651255f2f6c,LAC,BUF,recyds,Ladd McConkey,over,19.5,-1450
2026-09-26T22:21:35.497153+00:00,b225458a282e140c44c45651255f2f6c,LAC,BUF,recyds,Ladd McConkey,over,24.5,-850
2026-09-26T22:21:35.497153+00:00,b225458a282e140c44c45651255f2f6c,LAC,BUF,recyds,Ladd McConkey,over,29.5,-550
2026-09-26T22:21:35.497153+00:00,b225458a282e140c44c45651255f2f6c,LAC,BUF,recyds,Ladd McConkey,over,39.5,-290
2026-09-26T22:21:35.497153+00:00,b225458a282e140c44c45651255f2f6c,LAC,BUF,recyds,Ladd McConkey,over,49.5,-174
2026-09-26T22:21:35.497153+00:00,b225458a282e140c44c45651255f2f6c,LAC,BUF,recyds,Ladd McConkey,over,59.5,-104
2026-09-26T22:21:35.497153+00:00,b225458a282e140c44c45651255f2f6c,LAC,BUF,recyds,Ladd McConkey,over,69.5,146
2026-09-26T22:21:35.497153+00:00,b225458a282e140c44c45651255f2f6c,LAC,BUF,recyds,Ladd McConkey,over,79.5,210
2026-09-26T22:21:35.497153+00:00,b225458a282e140c44c45651255f2f6c,LAC,BUF,recyds,Ladd McConkey,over,89.5,300
2026-09-26T22:21:35.497153+00:00,b225458a282e140c44c45651255f2f6c,LAC,BUF,recyds,Ladd McConkey,over,99.5,410
2026-09-26T22:21:35.497153+00:00,b225458a282e140c44c45651255f2f6c,LAC,BUF,recyds,Ladd McConkey,over,109.5,580
2026-09-26T22:21:35.497153+00:00,b225458a282e140c44c45651255f2f6c,LAC,BUF,recyds,Ladd McConkey,over,124.5,880
2026-09-26T22:21:35.497153+00:00,b225458a282e140c44c45651255f2f6c,LAC,BUF,recyds,Ladd McConkey,over,149.5,1700
2026-09-26T22:21:35.497153+00:00,b225458a282e140c44c45651255f2f6c,LAC,BUF,recyds,Omarion Hampton,over,4.5,-330
2026-09-26T22:21:35.497153+00:00,b225458a282e140c44c45651255f2f6c,LAC,BUF,recyds,Omarion Hampton,over,9.5,-146
2026-09-26T22:21:35.497153+00:00,b225458a282e140c44c45651255f2f6c,LAC,BUF,recyds,Omarion Hampton,over,14.5,122
2026-09-26T22:21:35.497153+00:00,b225458a282e140c44c45651255f2f6c,LAC,BUF,recyds,Omarion Hampton,over,19.5,194
2026-09-26T22:21:35.497153+00:00,b225458a282e140c44c45651255f2f6c,LAC,BUF,recyds,Omarion Hampton,over,24.5,290
2026-09-26T22:21:35.497153+00:00,b225458a282e140c44c45651255f2f6c,LAC,BUF,recyds,Omarion Hampton,over,29.5,410
2026-09-26T22:21:35.497153+00:00,b225458a282e140c44c45651255f2f6c,LAC,BUF,recyds,Omarion Hampton,over,39.5,800
2026-09-26T22:21:35.497153+00:00,b225458a282e140c44c45651255f2f6c,LAC,BUF,recyds,DJ Moore,over,14.5,-1450
2026-09-26T22:21:35.497153+00:00,b225458a282e140c44c45651255f2f6c,LAC,BUF,recyds,DJ Moore,over,19.5,-850
2026-09-26T22:21:35.497153+00:00,b225458a282e140c44c45651255f2f6c,LAC,BUF,recyds,DJ Moore,over,24.5,-500
2026-09-26T22:21:35.497153+00:00,b225458a282e140c44c45651255f2f6c,LAC,BUF,recyds,DJ Moore,over,29.5,-350
2026-09-26T22:21:35.497153+00:00,b225458a282e140c44c45651255f2f6c,LAC,BUF,recyds,DJ Moore,over,39.5,-194
2026-09-26T22:21:35.497153+00:00,b225458a282e140c44c45651255f2f6c,LAC,BUF,recyds,DJ Moore,over,49.5,-114
2026-09-26T22:21:35.497153+00:00,b225458a282e140c44c45651255f2f6c,LAC,BUF,recyds,DJ Moore,over,59.5,140
2026-09-26T22:21:35.497153+00:00,b225458a282e140c44c45651255f2f6c,LAC,BUF,recyds,DJ Moore,over,69.5,205
2026-09-26T22:21:35.497153+00:00,b225458a282e140c44c45651255f2f6c,LAC,BUF,recyds,DJ Moore,over,79.5,300
2026-09-26T22:21:35.497153+00:00,b225458a282e140c44c45651255f2f6c,LAC,BUF,recyds,DJ Moore,over,89.5,410
2026-09-26T22:21:35.497153+00:00,b225458a282e140c44c45651255f2f6c,LAC,BUF,recyds,DJ Moore,over,99.5,580
2026-09-26T22:21:35.497153+00:00,b225458a282e140c44c45651255f2f6c,LAC,BUF,recyds,DJ Moore,over,109.5,850
2026-09-26T22:21:35.497153+00:00,b225458a282e140c44c45651255f2f6c,LAC,BUF,recyds,DJ Moore,over,124.5,1200
2026-09-26T22:21:35.497153+00:00,b225458a282e140c44c45651255f2f6c,LAC,BUF,recyds,Quentin Johnston,over,9.5,-1100
2026-09-26T22:21:35.497153+00:00,b225458a282e140c44c45651255f2f6c,LAC,BUF,recyds,Quentin Johnston,over,14.5,-550
2026-09-26T22:21:35.497153+00:00,b225458a282e140c44c45651255f2f6c,LAC,BUF,recyds,Quentin Johnston,over,19.5,-340
2026-09-26T22:21:35.497153+00:00,b225458a282e140c44c45651255f2f6c,LAC,BUF,recyds,Quentin Johnston,over,24.5,-240
2026-09-26T22:21:35.497153+00:00,b225458a282e140c44c45651255f2f6c,LAC,BUF,recyds,Quentin Johnston,over,29.5,-166
2026-09-26T22:21:35.497153+00:00,b225458a282e140c44c45651255f2f6c,LAC,BUF,recyds,Quentin Johnston,over,39.5,108
2026-09-26T22:21:35.497153+00:00,b225458a282e140c44c45651255f2f6c,LAC,BUF,recyds,Quentin Johnston,over,49.5,182
2026-09-26T22:21:35.497153+00:00,b225458a282e140c44c45651255f2f6c,LAC,BUF,recyds,Quentin Johnston,over,59.5,280
2026-09-26T22:21:35.497153+00:00,b225458a282e140c44c45651255f2f6c,LAC,BUF,recyds,Quentin Johnston,over,69.5,410
2026-09-26T22:21:35.497153+00:00,b225458a282e140c44c45651255f2f6c,LAC,BUF,recyds,Quentin Johnston,over,79.5,630
2026-09-26T22:21:35.497153+00:00,b225458a282e140c44c45651255f2f6c,LAC,BUF,recyds,Quentin Johnston,over,89.5,850
2026-09-26T22:21:35.497153+00:00,b225458a282e140c44c45651255f2f6c,LAC,BUF,recyds,Quentin Johnston,over,99.5,1200
2026-09-26T22:21:35.497153+00:00,b225458a282e140c44c45651255f2f6c,LAC,BUF,recyds,Quentin Johnston,over,109.5,1500
2026-09-26T22:21:35.497153+00:00,b225458a282e140c44c45651255f2f6c,LAC,BUF,recs,Omarion Hampton,over,0.5,-700
2026-09-26T22:21:35.497153+00:00,b225458a282e140c44c45651255f2f6c,LAC,BUF,recs,Omarion Hampton,over,1.5,-152
2026-09-26T22:21:35.497153+00:00,b225458a282e140c44c45651255f2f6c,LAC,BUF,recs,Omarion Hampton,over,2.5,194
2026-09-26T22:21:35.497153+00:00,b225458a282e140c44c45651255f2f6c,LAC,BUF,recs,Omarion Hampton,over,3.5,450
2026-09-26T22:21:35.497153+00:00,b225458a282e140c44c45651255f2f6c,LAC,BUF,recs,Omarion Hampton,over,4.5,920
2026-09-26T22:21:35.497153+00:00,b225458a282e140c44c45651255f2f6c,LAC,BUF,recs,Quentin Johnston,over,1.5,-600
2026-09-26T22:21:35.497153+00:00,b225458a282e140c44c45651255f2f6c,LAC,BUF,recs,Quentin Johnston,over,2.5,-192
2026-09-26T22:21:35.497153+00:00,b225458a282e140c44c45651255f2f6c,LAC,BUF,recs,Quentin Johnston,over,3.5,132
2026-09-26T22:21:35.497153+00:00,b225458a282e140c44c45651255f2f6c,LAC,BUF,recs,Quentin Johnston,over,4.5,280
2026-09-26T22:21:35.497153+00:00,b225458a282e140c44c45651255f2f6c,LAC,BUF,recs,Quentin Johnston,over,5.5,580
2026-09-26T22:21:35.497153+00:00,b225458a282e140c44c45651255f2f6c,LAC,BUF,recs,Quentin Johnston,over,6.5,1000
2026-09-26T22:21:35.497153+00:00,b225458a282e140c44c45651255f2f6c,LAC,BUF,recs,Quentin Johnston,over,7.5,1700
2026-09-26T22:21:35.497153+00:00,b225458a282e140c44c45651255f2f6c,LAC,BUF,recs,Tre Harris,over,1.5,-440
2026-09-26T22:21:35.497153+00:00,b225458a282e140c44c45651255f2f6c,LAC,BUF,recs,Tre Harris,over,2.5,-144
2026-09-26T22:21:35.497153+00:00,b225458a282e140c44c45651255f2f6c,LAC,BUF,recs,Tre Harris,over,3.5,174
2026-09-26T22:21:35.497153+00:00,b225458a282e140c44c45651255f2f6c,LAC,BUF,recs,Tre Harris,over,4.5,370
2026-09-26T22:21:35.497153+00:00,b225458a282e140c44c45651255f2f6c,LAC,BUF,recs,Tre Harris,over,5.5,750
2026-09-26T22:21:35.497153+00:00,b225458a282e140c44c45651255f2f6c,LAC,BUF,recs,Tre Harris,over,6.5,1280
2026-09-26T22:21:35.497153+00:00,b225458a282e140c44c45651255f2f6c,LAC,BUF,recs,Dawson Knox,over,0.5,-350
2026-09-26T22:21:35.497153+00:00,b225458a282e140c44c45651255f2f6c,LAC,BUF,recs,Dawson Knox,over,1.5,132
2026-09-26T22:21:35.497153+00:00,b225458a282e140c44c45651255f2f6c,LAC,BUF,recs,Dawson Knox,over,2.5,390
2026-09-26T22:21:35.497153+00:00,b225458a282e140c44c45651255f2f6c,LAC,BUF,recs,Dawson Knox,over,3.5,920
2026-09-26T22:21:35.497153+00:00,b225458a282e140c44c45651255f2f6c,LAC,BUF,recs,James Cook,over,0.5,-700
2026-09-26T22:21:35.497153+00:00,b225458a282e140c44c45651255f2f6c,LAC,BUF,recs,James Cook,over,1.5,-154
2026-09-26T22:21:35.497153+00:00,b225458a282e140c44c45651255f2f6c,LAC,BUF,recs,James Cook,over,2.5,188
2026-09-26T22:21:35.497153+00:00,b225458a282e140c44c45651255f2f6c,LAC,BUF,recs,James Cook,over,3.5,430
2026-09-26T22:21:35.497153+00:00,b225458a282e140c44c45651255f2f6c,LAC,BUF,recs,James Cook,over,4.5,880
2026-09-26T22:21:35.497153+00:00,b225458a282e140c44c45651255f2f6c,LAC,BUF,recs,James Cook,over,5.5,1500
2026-09-26T22:21:35.497153+00:00,b225458a282e140c44c45651255f2f6c,LAC,BUF,recs,Dalton Kincaid,over,2.5,-550
2026-09-26T22:21:35.497153+00:00,b225458a282e140c44c45651255f2f6c,LAC,BUF,recs,Dalton Kincaid,over,3.5,-215
2026-09-26T22:21:35.497153+00:00,b225458a282e140c44c45651255f2f6c,LAC,BUF,recs,Dalton Kincaid,over,4.5,104
2026-09-26T22:21:35.497153+00:00,b225458a282e140c44c45651255f2f6c,LAC,BUF,recs,Dalton Kincaid,over,5.5,210
2026-09-26T22:21:35.497153+00:00,b225458a282e140c44c45651255f2f6c,LAC,BUF,recs,Dalton Kincaid,over,6.5,400
2026-09-26T22:21:35.497153+00:00,b225458a282e140c44c45651255f2f6c,LAC,BUF,recs,Dalton Kincaid,over,7.5,700
2026-09-26T22:21:35.497153+00:00,b225458a282e140c44c45651255f2f6c,LAC,BUF,recs,Dalton Kincaid,over,8.5,1200
2026-09-26T22:21:35.497153+00:00,b225458a282e140c44c45651255f2f6c,LAC,BUF,recs,Oronde Gadsden II,over,1.5,-750
2026-09-26T22:21:35.497153+00:00,b225458a282e140c44c45651255f2f6c,LAC,BUF,recs,Oronde Gadsden II,over,2.5,-230
2026-09-26T22:21:35.497153+00:00,b225458a282e140c44c45651255f2f6c,LAC,BUF,recs,Oronde Gadsden II,over,3.5,110
2026-09-26T22:21:35.497153+00:00,b225458a282e140c44c45651255f2f6c,LAC,BUF,recs,Oronde Gadsden II,over,4.5,235
2026-09-26T22:21:35.497153+00:00,b225458a282e140c44c45651255f2f6c,LAC,BUF,recs,Oronde Gadsden II,over,5.5,470
2026-09-26T22:21:35.497153+00:00,b225458a282e140c44c45651255f2f6c,LAC,BUF,recs,Oronde Gadsden II,over,6.5,880
2026-09-26T22:21:35.497153+00:00,b225458a282e140c44c45651255f2f6c,LAC,BUF,recs,Oronde Gadsden II,over,7.5,1500
2026-09-26T22:21:35.497153+00:00,b225458a282e140c44c45651255f2f6c,LAC,BUF,recs,DJ Moore,over,1.5,-1450
2026-09-26T22:21:35.497153+00:00,b225458a282e140c44c45651255f2f6c,LAC,BUF,recs,DJ Moore,over,2.5,-350
2026-09-26T22:21:35.497153+00:00,b225458a282e140c44c45651255f2f6c,LAC,BUF,recs,DJ Moore,over,3.5,-140
2026-09-26T22:21:35.497153+00:00,b225458a282e140c44c45651255f2f6c,LAC,BUF,recs,DJ Moore,over,4.5,158
2026-09-26T22:21:35.497153+00:00,b225458a282e140c44c45651255f2f6c,LAC,BUF,recs,DJ Moore,over,5.5,310
2026-09-26T22:21:35.497153+00:00,b225458a282e140c44c45651255f2f6c,LAC,BUF,recs,DJ Moore,over,6.5,580
2026-09-26T22:21:35.497153+00:00,b225458a282e140c44c45651255f2f6c,LAC,BUF,recs,DJ Moore,over,7.5,1000
2026-09-26T22:21:35.497153+00:00,b225458a282e140c44c45651255f2f6c,LAC,BUF,recs,DJ Moore,over,8.5,1700
2026-09-26T22:21:35.497153+00:00,b225458a282e140c44c45651255f2f6c,LAC,BUF,recs,Ladd McConkey,over,2.5,-850
2026-09-26T22:21:35.497153+00:00,b225458a282e140c44c45651255f2f6c,LAC,BUF,recs,Ladd McConkey,over,3.5,-300
2026-09-26T22:21:35.497153+00:00,b225458a282e140c44c45651255f2f6c,LAC,BUF,recs,Ladd McConkey,over,4.5,-138
2026-09-26T22:21:35.497153+00:00,b225458a282e140c44c45651255f2f6c,LAC,BUF,recs,Ladd McConkey,over,5.5,146
2026-09-26T22:21:35.497153+00:00,b225458a282e140c44c45651255f2f6c,LAC,BUF,recs,Ladd McConkey,over,6.5,270
2026-09-26T22:21:35.497153+00:00,b225458a282e140c44c45651255f2f6c,LAC,BUF,recs,Ladd McConkey,over,7.5,470
2026-09-26T22:21:35.497153+00:00,b225458a282e140c44c45651255f2f6c,LAC,BUF,recs,Ladd McConkey,over,8.5,800
2026-09-26T22:21:35.497153+00:00,b225458a282e140c44c45651255f2f6c,LAC,BUF,recs,Ladd McConkey,over,9.5,1280
2026-09-26T22:21:35.497153+00:00,b225458a282e140c44c45651255f2f6c,LAC,BUF,recs,Khalil Shakir,over,2.5,-440
2026-09-26T22:21:35.497153+00:00,b225458a282e140c44c45651255f2f6c,LAC,BUF,recs,Khalil Shakir,over,3.5,-172
2026-09-26T22:21:35.497153+00:00,b225458a282e140c44c45651255f2f6c,LAC,BUF,recs,Khalil Shakir,over,4.5,128
2026-09-26T22:21:35.497153+00:00,b225458a282e140c44c45651255f2f6c,LAC,BUF,recs,Khalil Shakir,over,5.5,250
2026-09-26T22:21:35.497153+00:00,b225458a282e140c44c45651255f2f6c,LAC,BUF,recs,Khalil Shakir,over,6.5,470
2026-09-26T22:21:35.497153+00:00,b225458a282e140c44c45651255f2f6c,LAC,BUF,recs,Khalil Shakir,over,7.5,800
2026-09-26T22:21:35.497153+00:00,b225458a282e140c44c45651255f2f6c,LAC,BUF,recs,Khalil Shakir,over,8.5,1280
2026-09-26T22:21:35.497153+00:00,613b8cd3a5fab58f7be4e3fd6f76223e,CAR,CLE,passyds,Bryce Young,over,149.5,-800
2026-09-26T22:21:35.497153+00:00,613b8cd3a5fab58f7be4e3fd6f76223e,CAR,CLE,passyds,Bryce Young,over,174.5,-400
2026-09-26T22:21:35.497153+00:00,613b8cd3a5fab58f7be4e3fd6f76223e,CAR,CLE,passyds,Bryce Young,over,199.5,-215
2026-09-26T22:21:35.497153+00:00,613b8cd3a5fab58f7be4e3fd6f76223e,CAR,CLE,passyds,Bryce Young,over,224.5,-112
2026-09-26T22:21:35.497153+00:00,613b8cd3a5fab58f7be4e3fd6f76223e,CAR,CLE,passyds,Bryce Young,over,249.5,162
2026-09-26T22:21:35.497153+00:00,613b8cd3a5fab58f7be4e3fd6f76223e,CAR,CLE,passyds,Bryce Young,over,274.5,280
2026-09-26T22:21:35.497153+00:00,613b8cd3a5fab58f7be4e3fd6f76223e,CAR,CLE,passyds,Bryce Young,over,299.5,490
2026-09-26T22:21:35.497153+00:00,613b8cd3a5fab58f7be4e3fd6f76223e,CAR,CLE,passyds,Bryce Young,over,324.5,850
2026-09-26T22:21:35.497153+00:00,613b8cd3a5fab58f7be4e3fd6f76223e,CAR,CLE,passyds,Bryce Young,over,349.5,1280
2026-09-26T22:21:35.497153+00:00,613b8cd3a5fab58f7be4e3fd6f76223e,CAR,CLE,passyds,Deshaun Watson,over,99.5,-1800
2026-09-26T22:21:35.497153+00:00,613b8cd3a5fab58f7be4e3fd6f76223e,CAR,CLE,passyds,Deshaun Watson,over,124.5,-670
2026-09-26T22:21:35.497153+00:00,613b8cd3a5fab58f7be4e3fd6f76223e,CAR,CLE,passyds,Deshaun Watson,over,149.5,-320
2026-09-26T22:21:35.497153+00:00,613b8cd3a5fab58f7be4e3fd6f76223e,CAR,CLE,passyds,Deshaun Watson,over,174.5,-162
2026-09-26T22:21:35.497153+00:00,613b8cd3a5fab58f7be4e3fd6f76223e,CAR,CLE,passyds,Deshaun Watson,over,199.5,118
2026-09-26T22:21:35.497153+00:00,613b8cd3a5fab58f7be4e3fd6f76223e,CAR,CLE,passyds,Deshaun Watson,over,224.5,220
2026-09-26T22:21:35.497153+00:00,613b8cd3a5fab58f7be4e3fd6f76223e,CAR,CLE,passyds,Deshaun Watson,over,249.5,390
2026-09-26T22:21:35.497153+00:00,613b8cd3a5fab58f7be4e3fd6f76223e,CAR,CLE,passyds,Deshaun Watson,over,274.5,640
2026-09-26T22:21:35.497153+00:00,613b8cd3a5fab58f7be4e3fd6f76223e,CAR,CLE,passyds,Deshaun Watson,over,299.5,1100
2026-09-26T22:21:35.497153+00:00,613b8cd3a5fab58f7be4e3fd6f76223e,CAR,CLE,rushyds,Quinshon Judkins,over,29.5,-1000
2026-09-26T22:21:35.497153+00:00,613b8cd3a5fab58f7be4e3fd6f76223e,CAR,CLE,rushyds,Quinshon Judkins,over,39.5,-390
2026-09-26T22:21:35.497153+00:00,613b8cd3a5fab58f7be4e3fd6f76223e,CAR,CLE,rushyds,Quinshon Judkins,over,49.5,-205
2026-09-26T22:21:35.497153+00:00,613b8cd3a5fab58f7be4e3fd6f76223e,CAR,CLE,rushyds,Quinshon Judkins,over,59.5,-114
2026-09-26T22:21:35.497153+00:00,613b8cd3a5fab58f7be4e3fd6f76223e,CAR,CLE,rushyds,Quinshon Judkins,over,69.5,142
2026-09-26T22:21:35.497153+00:00,613b8cd3a5fab58f7be4e3fd6f76223e,CAR,CLE,rushyds,Quinshon Judkins,over,79.5,220
2026-09-26T22:21:35.497153+00:00,613b8cd3a5fab58f7be4e3fd6f76223e,CAR,CLE,rushyds,Quinshon Judkins,over,89.5,320
2026-09-26T22:21:35.497153+00:00,613b8cd3a5fab58f7be4e3fd6f76223e,CAR,CLE,rushyds,Quinshon Judkins,over,99.5,470
2026-09-26T22:21:35.497153+00:00,613b8cd3a5fab58f7be4e3fd6f76223e,CAR,CLE,rushyds,Quinshon Judkins,over,109.5,680
2026-09-26T22:21:35.497153+00:00,613b8cd3a5fab58f7be4e3fd6f76223e,CAR,CLE,rushyds,Quinshon Judkins,over,124.5,1100
2026-09-26T22:21:35.497153+00:00,613b8cd3a5fab58f7be4e3fd6f76223e,CAR,CLE,rushyds,KC Concepcion,over,4.5,-130
2026-09-26T22:21:35.497153+00:00,613b8cd3a5fab58f7be4e3fd6f76223e,CAR,CLE,rushyds,KC Concepcion,over,9.5,178
2026-09-26T22:21:35.497153+00:00,613b8cd3a5fab58f7be4e3fd6f76223e,CAR,CLE,rushyds,KC Concepcion,over,14.5,310
2026-09-26T22:21:35.497153+00:00,613b8cd3a5fab58f7be4e3fd6f76223e,CAR,CLE,rushyds,KC Concepcion,over,19.5,450
2026-09-26T22:21:35.497153+00:00,613b8cd3a5fab58f7be4e3fd6f76223e,CAR,CLE,rushyds,Chuba Hubbard,over,39.5,-700
2026-09-26T22:21:35.497153+00:00,613b8cd3a5fab58f7be4e3fd6f76223e,CAR,CLE,rushyds,Chuba Hubbard,over,49.5,-340
2026-09-26T22:21:35.497153+00:00,613b8cd3a5fab58f7be4e3fd6f76223e,CAR,CLE,rushyds,Chuba Hubbard,over,59.5,-198
2026-09-26T22:21:35.497153+00:00,613b8cd3a5fab58f7be4e3fd6f76223e,CAR,CLE,rushyds,Chuba Hubbard,over,69.5,-120
2026-09-26T22:21:35.497153+00:00,613b8cd3a5fab58f7be4e3fd6f76223e,CAR,CLE,rushyds,Chuba Hubbard,over,79.5,132
2026-09-26T22:21:35.497153+00:00,613b8cd3a5fab58f7be4e3fd6f76223e,CAR,CLE,rushyds,Chuba Hubbard,over,89.5,198
2026-09-26T22:21:35.497153+00:00,613b8cd3a5fab58f7be4e3fd6f76223e,CAR,CLE,rushyds,Chuba Hubbard,over,99.5,280
2026-09-26T22:21:35.497153+00:00,613b8cd3a5fab58f7be4e3fd6f76223e,CAR,CLE,rushyds,Chuba Hubbard,over,109.5,400
2026-09-26T22:21:35.497153+00:00,613b8cd3a5fab58f7be4e3fd6f76223e,CAR,CLE,rushyds,Chuba Hubbard,over,124.5,640
2026-09-26T22:21:35.497153+00:00,613b8cd3a5fab58f7be4e3fd6f76223e,CAR,CLE,rushyds,Chuba Hubbard,over,149.5,1280
2026-09-26T22:21:35.497153+00:00,613b8cd3a5fab58f7be4e3fd6f76223e,CAR,CLE,rushyds,AJ Dillon,over,4.5,-900
2026-09-26T22:21:35.497153+00:00,613b8cd3a5fab58f7be4e3fd6f76223e,CAR,CLE,rushyds,AJ Dillon,over,9.5,-320
2026-09-26T22:21:35.497153+00:00,613b8cd3a5fab58f7be4e3fd6f76223e,CAR,CLE,rushyds,AJ Dillon,over,14.5,-162
2026-09-26T22:21:35.497153+00:00,613b8cd3a5fab58f7be4e3fd6f76223e,CAR,CLE,rushyds,AJ Dillon,over,19.5,108
2026-09-26T22:21:35.497153+00:00,613b8cd3a5fab58f7be4e3fd6f76223e,CAR,CLE,rushyds,AJ Dillon,over,24.5,172
2026-09-26T22:21:35.497153+00:00,613b8cd3a5fab58f7be4e3fd6f76223e,CAR,CLE,rushyds,AJ Dillon,over,29.5,240
2026-09-26T22:21:35.497153+00:00,613b8cd3a5fab58f7be4e3fd6f76223e,CAR,CLE,rushyds,AJ Dillon,over,39.5,490
2026-09-26T22:21:35.497153+00:00,613b8cd3a5fab58f7be4e3fd6f76223e,CAR,CLE,rushyds,AJ Dillon,over,49.5,880
2026-09-26T22:21:35.497153+00:00,613b8cd3a5fab58f7be4e3fd6f76223e,CAR,CLE,rushyds,Deshaun Watson,over,9.5,-900
2026-09-26T22:21:35.497153+00:00,613b8cd3a5fab58f7be4e3fd6f76223e,CAR,CLE,rushyds,Deshaun Watson,over,14.5,-390
2026-09-26T22:21:35.497153+00:00,613b8cd3a5fab58f7be4e3fd6f76223e,CAR,CLE,rushyds,Deshaun Watson,over,19.5,-215
2026-09-26T22:21:35.497153+00:00,613b8cd3a5fab58f7be4e3fd6f76223e,CAR,CLE,rushyds,Deshaun Watson,over,24.5,-128
2026-09-26T22:21:35.497153+00:00,613b8cd3a5fab58f7be4e3fd6f76223e,CAR,CLE,rushyds,Deshaun Watson,over,29.5,124
2026-09-26T22:21:35.497153+00:00,613b8cd3a5fab58f7be4e3fd6f76223e,CAR,CLE,rushyds,Deshaun Watson,over,39.5,265
2026-09-26T22:21:35.497153+00:00,613b8cd3a5fab58f7be4e3fd6f76223e,CAR,CLE,rushyds,Deshaun Watson,over,49.5,490
2026-09-26T22:21:35.497153+00:00,613b8cd3a5fab58f7be4e3fd6f76223e,CAR,CLE,rushyds,Deshaun Watson,over,59.5,850
2026-09-26T22:21:35.497153+00:00,613b8cd3a5fab58f7be4e3fd6f76223e,CAR,CLE,rushyds,Deshaun Watson,over,69.5,1280
2026-09-26T22:21:35.497153+00:00,613b8cd3a5fab58f7be4e3fd6f76223e,CAR,CLE,rushyds,Bryce Young,over,4.5,-490
2026-09-26T22:21:35.497153+00:00,613b8cd3a5fab58f7be4e3fd6f76223e,CAR,CLE,rushyds,Bryce Young,over,9.5,-200
2026-09-26T22:21:35.497153+00:00,613b8cd3a5fab58f7be4e3fd6f76223e,CAR,CLE,rushyds,Bryce Young,over,14.5,100
2026-09-26T22:21:35.497153+00:00,613b8cd3a5fab58f7be4e3fd6f76223e,CAR,CLE,rushyds,Bryce Young,over,19.5,174
2026-09-26T22:21:35.497153+00:00,613b8cd3a5fab58f7be4e3fd6f76223e,CAR,CLE,rushyds,Bryce Young,over,24.5,280
2026-09-26T22:21:35.497153+00:00,613b8cd3a5fab58f7be4e3fd6f76223e,CAR,CLE,rushyds,Bryce Young,over,29.5,410
2026-09-26T22:21:35.497153+00:00,613b8cd3a5fab58f7be4e3fd6f76223e,CAR,CLE,rushyds,Bryce Young,over,39.5,880
2026-09-26T22:21:35.497153+00:00,613b8cd3a5fab58f7be4e3fd6f76223e,CAR,CLE,recyds,Quinshon Judkins,over,4.5,-470
2026-09-26T22:21:35.497153+00:00,613b8cd3a5fab58f7be4e3fd6f76223e,CAR,CLE,recyds,Quinshon Judkins,over,9.5,-210
2026-09-26T22:21:35.497153+00:00,613b8cd3a5fab58f7be4e3fd6f76223e,CAR,CLE,recyds,Quinshon Judkins,over,14.5,-114
2026-09-26T22:21:35.497153+00:00,613b8cd3a5fab58f7be4e3fd6f76223e,CAR,CLE,recyds,Quinshon Judkins,over,19.5,142
2026-09-26T22:21:35.497153+00:00,613b8cd3a5fab58f7be4e3fd6f76223e,CAR,CLE,recyds,Quinshon Judkins,over,24.5,210
2026-09-26T22:21:35.497153+00:00,613b8cd3a5fab58f7be4e3fd6f76223e,CAR,CLE,recyds,Quinshon Judkins,over,29.5,310
2026-09-26T22:21:35.497153+00:00,613b8cd3a5fab58f7be4e3fd6f76223e,CAR,CLE,recyds,Quinshon Judkins,over,39.5,580
2026-09-26T22:21:35.497153+00:00,613b8cd3a5fab58f7be4e3fd6f76223e,CAR,CLE,recyds,Quinshon Judkins,over,49.5,920
2026-09-26T22:21:35.497153+00:00,613b8cd3a5fab58f7be4e3fd6f76223e,CAR,CLE,recyds,Denzel Boston,over,14.5,-1200
2026-09-26T22:21:35.497153+00:00,613b8cd3a5fab58f7be4e3fd6f76223e,CAR,CLE,recyds,Denzel Boston,over,19.5,-670
2026-09-26T22:21:35.497153+00:00,613b8cd3a5fab58f7be4e3fd6f76223e,CAR,CLE,recyds,Denzel Boston,over,24.5,-440
2026-09-26T22:21:35.497153+00:00,613b8cd3a5fab58f7be4e3fd6f76223e,CAR,CLE,recyds,Denzel Boston,over,29.5,-310
2026-09-26T22:21:35.497153+00:00,613b8cd3a5fab58f7be4e3fd6f76223e,CAR,CLE,recyds,Denzel Boston,over,39.5,-174
2026-09-26T22:21:35.497153+00:00,613b8cd3a5fab58f7be4e3fd6f76223e,CAR,CLE,recyds,Denzel Boston,over,49.5,-104
2026-09-26T22:21:35.497153+00:00,613b8cd3a5fab58f7be4e3fd6f76223e,CAR,CLE,recyds,Denzel Boston,over,59.5,152
2026-09-26T22:21:35.497153+00:00,613b8cd3a5fab58f7be4e3fd6f76223e,CAR,CLE,recyds,Denzel Boston,over,69.5,220
2026-09-26T22:21:35.497153+00:00,613b8cd3a5fab58f7be4e3fd6f76223e,CAR,CLE,recyds,Denzel Boston,over,79.5,310
2026-09-26T22:21:35.497153+00:00,613b8cd3a5fab58f7be4e3fd6f76223e,CAR,CLE,recyds,Denzel Boston,over,89.5,430
2026-09-26T22:21:35.497153+00:00,613b8cd3a5fab58f7be4e3fd6f76223e,CAR,CLE,recyds,Denzel Boston,over,99.5,630
2026-09-26T22:21:35.497153+00:00,613b8cd3a5fab58f7be4e3fd6f76223e,CAR,CLE,recyds,Denzel Boston,over,109.5,850
2026-09-26T22:21:35.497153+00:00,613b8cd3a5fab58f7be4e3fd6f76223e,CAR,CLE,recyds,Denzel Boston,over,124.5,1200
2026-09-26T22:21:35.497153+00:00,613b8cd3a5fab58f7be4e3fd6f76223e,CAR,CLE,recyds,Tommy Tremble,over,4.5,-250
2026-09-26T22:21:35.497153+00:00,613b8cd3a5fab58f7be4e3fd6f76223e,CAR,CLE,recyds,Tommy Tremble,over,9.5,-114
2026-09-26T22:21:35.497153+00:00,613b8cd3a5fab58f7be4e3fd6f76223e,CAR,CLE,recyds,Tommy Tremble,over,14.5,162
2026-09-26T22:21:35.497153+00:00,613b8cd3a5fab58f7be4e3fd6f76223e,CAR,CLE,recyds,Tommy Tremble,over,19.5,265
2026-09-26T22:21:35.497153+00:00,613b8cd3a5fab58f7be4e3fd6f76223e,CAR,CLE,recyds,Tommy Tremble,over,24.5,410
2026-09-26T22:21:35.497153+00:00,613b8cd3a5fab58f7be4e3fd6f76223e,CAR,CLE,recyds,Tommy Tremble,over,29.5,630
2026-09-26T22:21:35.497153+00:00,613b8cd3a5fab58f7be4e3fd6f76223e,CAR,CLE,recyds,Harold Fannin Jr.,over,9.5,-1600
2026-09-26T22:21:35.497153+00:00,613b8cd3a5fab58f7be4e3fd6f76223e,CAR,CLE,recyds,Harold Fannin Jr.,over,14.5,-750
2026-09-26T22:21:35.497153+00:00,613b8cd3a5fab58f7be4e3fd6f76223e,CAR,CLE,recyds,Harold Fannin Jr.,over,19.5,-440
2026-09-26T22:21:35.497153+00:00,613b8cd3a5fab58f7be4e3fd6f76223e,CAR,CLE,recyds,Harold Fannin Jr.,over,24.5,-280
2026-09-26T22:21:35.497153+00:00,613b8cd3a5fab58f7be4e3fd6f76223e,CAR,CLE,recyds,Harold Fannin Jr.,over,29.5,-200
2026-09-26T22:21:35.497153+00:00,613b8cd3a5fab58f7be4e3fd6f76223e,CAR,CLE,recyds,Harold Fannin Jr.,over,39.5,100
2026-09-26T22:21:35.497153+00:00,613b8cd3a5fab58f7be4e3fd6f76223e,CAR,CLE,recyds,Harold Fannin Jr.,over,49.5,178
2026-09-26T22:21:35.497153+00:00,613b8cd3a5fab58f7be4e3fd6f76223e,CAR,CLE,recyds,Harold Fannin Jr.,over,59.5,280
2026-09-26T22:21:35.497153+00:00,613b8cd3a5fab58f7be4e3fd6f76223e,CAR,CLE,recyds,Harold Fannin Jr.,over,69.5,430
2026-09-26T22:21:35.497153+00:00,613b8cd3a5fab58f7be4e3fd6f76223e,CAR,CLE,recyds,Harold Fannin Jr.,over,79.5,680
2026-09-26T22:21:35.497153+00:00,613b8cd3a5fab58f7be4e3fd6f76223e,CAR,CLE,recyds,Harold Fannin Jr.,over,89.5,920
2026-09-26T22:21:35.497153+00:00,613b8cd3a5fab58f7be4e3fd6f76223e,CAR,CLE,recyds,Harold Fannin Jr.,over,99.5,1400
2026-09-26T22:21:35.497153+00:00,613b8cd3a5fab58f7be4e3fd6f76223e,CAR,CLE,recyds,KC Concepcion,over,9.5,-1100
2026-09-26T22:21:35.497153+00:00,613b8cd3a5fab58f7be4e3fd6f76223e,CAR,CLE,recyds,KC Concepcion,over,14.5,-550
2026-09-26T22:21:35.497153+00:00,613b8cd3a5fab58f7be4e3fd6f76223e,CAR,CLE,recyds,KC Concepcion,over,19.5,-330
2026-09-26T22:21:35.497153+00:00,613b8cd3a5fab58f7be4e3fd6f76223e,CAR,CLE,recyds,KC Concepcion,over,24.5,-220
2026-09-26T22:21:35.497153+00:00,613b8cd3a5fab58f7be4e3fd6f76223e,CAR,CLE,recyds,KC Concepcion,over,29.5,-152
2026-09-26T22:21:35.497153+00:00,613b8cd3a5fab58f7be4e3fd6f76223e,CAR,CLE,recyds,KC Concepcion,over,39.5,128
2026-09-26T22:21:35.497153+00:00,613b8cd3a5fab58f7be4e3fd6f76223e,CAR,CLE,recyds,KC Concepcion,over,49.5,220
2026-09-26T22:21:35.497153+00:00,613b8cd3a5fab58f7be4e3fd6f76223e,CAR,CLE,recyds,KC Concepcion,over,59.5,360
2026-09-26T22:21:35.497153+00:00,613b8cd3a5fab58f7be4e3fd6f76223e,CAR,CLE,recyds,KC Concepcion,over,69.5,580
2026-09-26T22:21:35.497153+00:00,613b8cd3a5fab58f7be4e3fd6f76223e,CAR,CLE,recyds,KC Concepcion,over,79.5,850
2026-09-26T22:21:35.497153+00:00,613b8cd3a5fab58f7be4e3fd6f76223e,CAR,CLE,recyds,KC Concepcion,over,89.5,1200
2026-09-26T22:21:35.497153+00:00,613b8cd3a5fab58f7be4e3fd6f76223e,CAR,CLE,recyds,KC Concepcion,over,99.5,1500
2026-09-26T22:21:35.497153+00:00,613b8cd3a5fab58f7be4e3fd6f76223e,CAR,CLE,recyds,Tetairoa McMillan,over,24.5,-1100
2026-09-26T22:21:35.497153+00:00,613b8cd3a5fab58f7be4e3fd6f76223e,CAR,CLE,recyds,Tetairoa McMillan,over,29.5,-700
2026-09-26T22:21:35.497153+00:00,613b8cd3a5fab58f7be4e3fd6f76223e,CAR,CLE,recyds,Tetairoa McMillan,over,39.5,-360
2026-09-26T22:21:35.497153+00:00,613b8cd3a5fab58f7be4e3fd6f76223e,CAR,CLE,recyds,Tetairoa McMillan,over,49.5,-210
2026-09-26T22:21:35.497153+00:00,613b8cd3a5fab58f7be4e3fd6f76223e,CAR,CLE,recyds,Tetairoa McMillan,over,59.5,-130
2026-09-26T22:21:35.497153+00:00,613b8cd3a5fab58f7be4e3fd6f76223e,CAR,CLE,recyds,Tetairoa McMillan,over,69.5,116
2026-09-26T22:21:35.497153+00:00,613b8cd3a5fab58f7be4e3fd6f76223e,CAR,CLE,recyds,Tetairoa McMillan,over,79.5,172
2026-09-26T22:21:35.497153+00:00,613b8cd3a5fab58f7be4e3fd6f76223e,CAR,CLE,recyds,Tetairoa McMillan,over,89.5,240
2026-09-26T22:21:35.497153+00:00,613b8cd3a5fab58f7be4e3fd6f76223e,CAR,CLE,recyds,Tetairoa McMillan,over,99.5,350
2026-09-26T22:21:35.497153+00:00,613b8cd3a5fab58f7be4e3fd6f76223e,CAR,CLE,recyds,Tetairoa McMillan,over,109.5,470
2026-09-26T22:21:35.497153+00:00,613b8cd3a5fab58f7be4e3fd6f76223e,CAR,CLE,recyds,Tetairoa McMillan,over,124.5,750
2026-09-26T22:21:35.497153+00:00,613b8cd3a5fab58f7be4e3fd6f76223e,CAR,CLE,recyds,Tetairoa McMillan,over,149.5,1400
2026-09-26T22:21:35.497153+00:00,613b8cd3a5fab58f7be4e3fd6f76223e,CAR,CLE,recyds,Jalen Coker,over,19.5,-1800
2026-09-26T22:21:35.497153+00:00,613b8cd3a5fab58f7be4e3fd6f76223e,CAR,CLE,recyds,Jalen Coker,over,24.5,-1000
2026-09-26T22:21:35.497153+00:00,613b8cd3a5fab58f7be4e3fd6f76223e,CAR,CLE,recyds,Jalen Coker,over,29.5,-650
2026-09-26T22:21:35.497153+00:00,613b8cd3a5fab58f7be4e3fd6f76223e,CAR,CLE,recyds,Jalen Coker,over,39.5,-320
2026-09-26T22:21:35.497153+00:00,613b8cd3a5fab58f7be4e3fd6f76223e,CAR,CLE,recyds,Jalen Coker,over,49.5,-188
2026-09-26T22:21:35.497153+00:00,613b8cd3a5fab58f7be4e3fd6f76223e,CAR,CLE,recyds,Jalen Coker,over,59.5,-114
2026-09-26T22:21:35.497153+00:00,613b8cd3a5fab58f7be4e3fd6f76223e,CAR,CLE,recyds,Jalen Coker,over,69.5,136
2026-09-26T22:21:35.497153+00:00,613b8cd3a5fab58f7be4e3fd6f76223e,CAR,CLE,recyds,Jalen Coker,over,79.5,200
2026-09-26T22:21:35.497153+00:00,613b8cd3a5fab58f7be4e3fd6f76223e,CAR,CLE,recyds,Jalen Coker,over,89.5,290
2026-09-26T22:21:35.497153+00:00,613b8cd3a5fab58f7be4e3fd6f76223e,CAR,CLE,recyds,Jalen Coker,over,99.5,410
2026-09-26T22:21:35.497153+00:00,613b8cd3a5fab58f7be4e3fd6f76223e,CAR,CLE,recyds,Jalen Coker,over,109.5,580
2026-09-26T22:21:35.497153+00:00,613b8cd3a5fab58f7be4e3fd6f76223e,CAR,CLE,recyds,Jalen Coker,over,124.5,880
2026-09-26T22:21:35.497153+00:00,613b8cd3a5fab58f7be4e3fd6f76223e,CAR,CLE,recyds,Jerry Jeudy,over,4.5,-490
2026-09-26T22:21:35.497153+00:00,613b8cd3a5fab58f7be4e3fd6f76223e,CAR,CLE,recyds,Jerry Jeudy,over,9.5,-280
2026-09-26T22:21:35.497153+00:00,613b8cd3a5fab58f7be4e3fd6f76223e,CAR,CLE,recyds,Jerry Jeudy,over,14.5,-182
2026-09-26T22:21:35.497153+00:00,613b8cd3a5fab58f7be4e3fd6f76223e,CAR,CLE,recyds,Jerry Jeudy,over,19.5,-122
2026-09-26T22:21:35.497153+00:00,613b8cd3a5fab58f7be4e3fd6f76223e,CAR,CLE,recyds,Jerry Jeudy,over,24.5,114
2026-09-26T22:21:35.497153+00:00,613b8cd3a5fab58f7be4e3fd6f76223e,CAR,CLE,recyds,Jerry Jeudy,over,29.5,154
2026-09-26T22:21:35.497153+00:00,613b8cd3a5fab58f7be4e3fd6f76223e,CAR,CLE,recyds,Jerry Jeudy,over,39.5,240
2026-09-26T22:21:35.497153+00:00,613b8cd3a5fab58f7be4e3fd6f76223e,CAR,CLE,recyds,Jerry Jeudy,over,49.5,370
2026-09-26T22:21:35.497153+00:00,613b8cd3a5fab58f7be4e3fd6f76223e,CAR,CLE,recyds,Jerry Jeudy,over,59.5,580
2026-09-26T22:21:35.497153+00:00,613b8cd3a5fab58f7be4e3fd6f76223e,CAR,CLE,recyds,Jerry Jeudy,over,69.5,850
2026-09-26T22:21:35.497153+00:00,613b8cd3a5fab58f7be4e3fd6f76223e,CAR,CLE,recyds,Darren Waller,over,4.5,-800
2026-09-26T22:21:35.497153+00:00,613b8cd3a5fab58f7be4e3fd6f76223e,CAR,CLE,recyds,Darren Waller,over,9.5,-350
2026-09-26T22:21:35.497153+00:00,613b8cd3a5fab58f7be4e3fd6f76223e,CAR,CLE,recyds,Darren Waller,over,14.5,-205
2026-09-26T22:21:35.497153+00:00,613b8cd3a5fab58f7be4e3fd6f76223e,CAR,CLE,recyds,Darren Waller,over,19.5,-128
2026-09-26T22:21:35.497153+00:00,613b8cd3a5fab58f7be4e3fd6f76223e,CAR,CLE,recyds,Darren Waller,over,24.5,122
2026-09-26T22:21:35.497153+00:00,613b8cd3a5fab58f7be4e3fd6f76223e,CAR,CLE,recyds,Darren Waller,over,29.5,178
2026-09-26T22:21:35.497153+00:00,613b8cd3a5fab58f7be4e3fd6f76223e,CAR,CLE,recyds,Darren Waller,over,39.5,320
2026-09-26T22:21:35.497153+00:00,613b8cd3a5fab58f7be4e3fd6f76223e,CAR,CLE,recyds,Darren Waller,over,49.5,630
2026-09-26T22:21:35.497153+00:00,613b8cd3a5fab58f7be4e3fd6f76223e,CAR,CLE,recyds,Darren Waller,over,59.5,920
2026-09-26T22:21:35.497153+00:00,613b8cd3a5fab58f7be4e3fd6f76223e,CAR,CLE,recyds,Darren Waller,over,69.5,1400
2026-09-26T22:21:35.497153+00:00,613b8cd3a5fab58f7be4e3fd6f76223e,CAR,CLE,recyds,Chuba Hubbard,over,4.5,-550
2026-09-26T22:21:35.497153+00:00,613b8cd3a5fab58f7be4e3fd6f76223e,CAR,CLE,recyds,Chuba Hubbard,over,9.5,-240
2026-09-26T22:21:35.497153+00:00,613b8cd3a5fab58f7be4e3fd6f76223e,CAR,CLE,recyds,Chuba Hubbard,over,14.5,-130
2026-09-26T22:21:35.497153+00:00,613b8cd3a5fab58f7be4e3fd6f76223e,CAR,CLE,recyds,Chuba Hubbard,over,19.5,128
2026-09-26T22:21:35.497153+00:00,613b8cd3a5fab58f7be4e3fd6f76223e,CAR,CLE,recyds,Chuba Hubbard,over,24.5,194
2026-09-26T22:21:35.497153+00:00,613b8cd3a5fab58f7be4e3fd6f76223e,CAR,CLE,recyds,Chuba Hubbard,over,29.5,280
2026-09-26T22:21:35.497153+00:00,613b8cd3a5fab58f7be4e3fd6f76223e,CAR,CLE,recyds,Chuba Hubbard,over,39.5,520
2026-09-26T22:21:35.497153+00:00,613b8cd3a5fab58f7be4e3fd6f76223e,CAR,CLE,recyds,Chuba Hubbard,over,49.5,880
2026-09-26T22:21:35.497153+00:00,613b8cd3a5fab58f7be4e3fd6f76223e,CAR,CLE,recs,Darren Waller,over,0.5,-1800
2026-09-26T22:21:35.497153+00:00,613b8cd3a5fab58f7be4e3fd6f76223e,CAR,CLE,recs,Darren Waller,over,1.5,-280
2026-09-26T22:21:35.497153+00:00,613b8cd3a5fab58f7be4e3fd6f76223e,CAR,CLE,recs,Darren Waller,over,2.5,106
2026-09-26T22:21:35.497153+00:00,613b8cd3a5fab58f7be4e3fd6f76223e,CAR,CLE,recs,Darren Waller,over,3.5,260
2026-09-26T22:21:35.497153+00:00,613b8cd3a5fab58f7be4e3fd6f76223e,CAR,CLE,recs,Darren Waller,over,4.5,580
2026-09-26T22:21:35.497153+00:00,613b8cd3a5fab58f7be4e3fd6f76223e,CAR,CLE,recs,Darren Waller,over,5.5,1100
2026-09-26T22:21:35.497153+00:00,613b8cd3a5fab58f7be4e3fd6f76223e,CAR,CLE,recs,Chuba Hubbard,over,1.5,-340
2026-09-26T22:21:35.497153+00:00,613b8cd3a5fab58f7be4e3fd6f76223e,CAR,CLE,recs,Chuba Hubbard,over,2.5,-114
2026-09-26T22:21:35.497153+00:00,613b8cd3a5fab58f7be4e3fd6f76223e,CAR,CLE,recs,Chuba Hubbard,over,3.5,205
2026-09-26T22:21:35.497153+00:00,613b8cd3a5fab58f7be4e3fd6f76223e,CAR,CLE,recs,Chuba Hubbard,over,4.5,430
2026-09-26T22:21:35.497153+00:00,613b8cd3a5fab58f7be4e3fd6f76223e,CAR,CLE,recs,Chuba Hubbard,over,5.5,850
2026-09-26T22:21:35.497153+00:00,613b8cd3a5fab58f7be4e3fd6f76223e,CAR,CLE,recs,Tommy Tremble,over,0.5,-670
2026-09-26T22:21:35.497153+00:00,613b8cd3a5fab58f7be4e3fd6f76223e,CAR,CLE,recs,Tommy Tremble,over,1.5,-140
2026-09-26T22:21:35.497153+00:00,613b8cd3a5fab58f7be4e3fd6f76223e,CAR,CLE,recs,Tommy Tremble,over,2.5,210
2026-09-26T22:21:35.497153+00:00,613b8cd3a5fab58f7be4e3fd6f76223e,CAR,CLE,recs,Tommy Tremble,over,3.5,520
2026-09-26T22:21:35.497153+00:00,613b8cd3a5fab58f7be4e3fd6f76223e,CAR,CLE,recs,KC Concepcion,over,1.5,-1200
2026-09-26T22:21:35.497153+00:00,613b8cd3a5fab58f7be4e3fd6f76223e,CAR,CLE,recs,KC Concepcion,over,2.5,-320
2026-09-26T22:21:35.497153+00:00,613b8cd3a5fab58f7be4e3fd6f76223e,CAR,CLE,recs,KC Concepcion,over,3.5,-132
2026-09-26T22:21:35.497153+00:00,613b8cd3a5fab58f7be4e3fd6f76223e,CAR,CLE,recs,KC Concepcion,over,4.5,168
2026-09-26T22:21:35.497153+00:00,613b8cd3a5fab58f7be4e3fd6f76223e,CAR,CLE,recs,KC Concepcion,over,5.5,320
2026-09-26T22:21:35.497153+00:00,613b8cd3a5fab58f7be4e3fd6f76223e,CAR,CLE,recs,KC Concepcion,over,6.5,630
2026-09-26T22:21:35.497153+00:00,613b8cd3a5fab58f7be4e3fd6f76223e,CAR,CLE,recs,KC Concepcion,over,7.5,1100
2026-09-26T22:21:35.497153+00:00,613b8cd3a5fab58f7be4e3fd6f76223e,CAR,CLE,recs,KC Concepcion,over,8.5,1700
2026-09-26T22:21:35.497153+00:00,613b8cd3a5fab58f7be4e3fd6f76223e,CAR,CLE,recs,Jalen Coker,over,2.5,-1000
2026-09-26T22:21:35.497153+00:00,613b8cd3a5fab58f7be4e3fd6f76223e,CAR,CLE,recs,Jalen Coker,over,3.5,-340
2026-09-26T22:21:35.497153+00:00,613b8cd3a5fab58f7be4e3fd6f76223e,CAR,CLE,recs,Jalen Coker,over,4.5,-158
2026-09-26T22:21:35.497153+00:00,613b8cd3a5fab58f7be4e3fd6f76223e,CAR,CLE,recs,Jalen Coker,over,5.5,130
2026-09-26T22:21:35.497153+00:00,613b8cd3a5fab58f7be4e3fd6f76223e,CAR,CLE,recs,Jalen Coker,over,6.5,235
2026-09-26T22:21:35.497153+00:00,613b8cd3a5fab58f7be4e3fd6f76223e,CAR,CLE,recs,Jalen Coker,over,7.5,410
2026-09-26T22:21:35.497153+00:00,613b8cd3a5fab58f7be4e3fd6f76223e,CAR,CLE,recs,Jalen Coker,over,8.5,750
2026-09-26T22:21:35.497153+00:00,613b8cd3a5fab58f7be4e3fd6f76223e,CAR,CLE,recs,Jalen Coker,over,9.5,1200
2026-09-26T22:21:35.497153+00:00,613b8cd3a5fab58f7be4e3fd6f76223e,CAR,CLE,recs,Jerry Jeudy,over,0.5,-670
2026-09-26T22:21:35.497153+00:00,613b8cd3a5fab58f7be4e3fd6f76223e,CAR,CLE,recs,Jerry Jeudy,over,1.5,-132
2026-09-26T22:21:35.497153+00:00,613b8cd3a5fab58f7be4e3fd6f76223e,CAR,CLE,recs,Jerry Jeudy,over,2.5,230
2026-09-26T22:21:35.497153+00:00,613b8cd3a5fab58f7be4e3fd6f76223e,CAR,CLE,recs,Jerry Jeudy,over,3.5,580
2026-09-26T22:21:35.497153+00:00,613b8cd3a5fab58f7be4e3fd6f76223e,CAR,CLE,recs,Harold Fannin Jr.,over,1.5,-1400
2026-09-26T22:21:35.497153+00:00,613b8cd3a5fab58f7be4e3fd6f76223e,CAR,CLE,recs,Harold Fannin Jr.,over,2.5,-350
2026-09-26T22:21:35.497153+00:00,613b8cd3a5fab58f7be4e3fd6f76223e,CAR,CLE,recs,Harold Fannin Jr.,over,3.5,-144
2026-09-26T22:21:35.497153+00:00,613b8cd3a5fab58f7be4e3fd6f76223e,CAR,CLE,recs,Harold Fannin Jr.,over,4.5,152
2026-09-26T22:21:35.497153+00:00,613b8cd3a5fab58f7be4e3fd6f76223e,CAR,CLE,recs,Harold Fannin Jr.,over,5.5,290
2026-09-26T22:21:35.497153+00:00,613b8cd3a5fab58f7be4e3fd6f76223e,CAR,CLE,recs,Harold Fannin Jr.,over,6.5,550
2026-09-26T22:21:35.497153+00:00,613b8cd3a5fab58f7be4e3fd6f76223e,CAR,CLE,recs,Harold Fannin Jr.,over,7.5,920
2026-09-26T22:21:35.497153+00:00,613b8cd3a5fab58f7be4e3fd6f76223e,CAR,CLE,recs,Harold Fannin Jr.,over,8.5,1500
2026-09-26T22:21:35.497153+00:00,613b8cd3a5fab58f7be4e3fd6f76223e,CAR,CLE,recs,Denzel Boston,over,1.5,-1200
2026-09-26T22:21:35.497153+00:00,613b8cd3a5fab58f7be4e3fd6f76223e,CAR,CLE,recs,Denzel Boston,over,2.5,-310
2026-09-26T22:21:35.497153+00:00,613b8cd3a5fab58f7be4e3fd6f76223e,CAR,CLE,recs,Denzel Boston,over,3.5,-122
2026-09-26T22:21:35.497153+00:00,613b8cd3a5fab58f7be4e3fd6f76223e,CAR,CLE,recs,Denzel Boston,over,4.5,182
2026-09-26T22:21:35.497153+00:00,613b8cd3a5fab58f7be4e3fd6f76223e,CAR,CLE,recs,Denzel Boston,over,5.5,360
2026-09-26T22:21:35.497153+00:00,613b8cd3a5fab58f7be4e3fd6f76223e,CAR,CLE,recs,Denzel Boston,over,6.5,680
2026-09-26T22:21:35.497153+00:00,613b8cd3a5fab58f7be4e3fd6f76223e,CAR,CLE,recs,Denzel Boston,over,7.5,1200
2026-09-26T22:21:35.497153+00:00,613b8cd3a5fab58f7be4e3fd6f76223e,CAR,CLE,recs,Quinshon Judkins,over,1.5,-310
2026-09-26T22:21:35.497153+00:00,613b8cd3a5fab58f7be4e3fd6f76223e,CAR,CLE,recs,Quinshon Judkins,over,2.5,-102
2026-09-26T22:21:35.497153+00:00,613b8cd3a5fab58f7be4e3fd6f76223e,CAR,CLE,recs,Quinshon Judkins,over,3.5,225
2026-09-26T22:21:35.497153+00:00,613b8cd3a5fab58f7be4e3fd6f76223e,CAR,CLE,recs,Quinshon Judkins,over,4.5,450
2026-09-26T22:21:35.497153+00:00,613b8cd3a5fab58f7be4e3fd6f76223e,CAR,CLE,recs,Quinshon Judkins,over,5.5,880
2026-09-26T22:21:35.497153+00:00,613b8cd3a5fab58f7be4e3fd6f76223e,CAR,CLE,recs,Tetairoa McMillan,over,2.5,-900
2026-09-26T22:21:35.497153+00:00,613b8cd3a5fab58f7be4e3fd6f76223e,CAR,CLE,recs,Tetairoa McMillan,over,3.5,-310
2026-09-26T22:21:35.497153+00:00,613b8cd3a5fab58f7be4e3fd6f76223e,CAR,CLE,recs,Tetairoa McMillan,over,4.5,-138
2026-09-26T22:21:35.497153+00:00,613b8cd3a5fab58f7be4e3fd6f76223e,CAR,CLE,recs,Tetairoa McMillan,over,5.5,148
2026-09-26T22:21:35.497153+00:00,613b8cd3a5fab58f7be4e3fd6f76223e,CAR,CLE,recs,Tetairoa McMillan,over,6.5,270
2026-09-26T22:21:35.497153+00:00,613b8cd3a5fab58f7be4e3fd6f76223e,CAR,CLE,recs,Tetairoa McMillan,over,7.5,490
2026-09-26T22:21:35.497153+00:00,613b8cd3a5fab58f7be4e3fd6f76223e,CAR,CLE,recs,Tetairoa McMillan,over,8.5,850
2026-09-26T22:21:35.497153+00:00,613b8cd3a5fab58f7be4e3fd6f76223e,CAR,CLE,recs,Tetairoa McMillan,over,9.5,1280
2026-09-26T22:21:35.497153+00:00,71123be049587b6facce3a20c53e5d09,CIN,PIT,passyds,Joe Burrow,over,174.5,-1000
2026-09-26T22:21:35.497153+00:00,71123be049587b6facce3a20c53e5d09,CIN,PIT,passyds,Joe Burrow,over,199.5,-450
2026-09-26T22:21:35.497153+00:00,71123be049587b6facce3a20c53e5d09,CIN,PIT,passyds,Joe Burrow,over,224.5,-240
2026-09-26T22:21:35.497153+00:00,71123be049587b6facce3a20c53e5d09,CIN,PIT,passyds,Joe Burrow,over,249.5,-128
2026-09-26T22:21:35.497153+00:00,71123be049587b6facce3a20c53e5d09,CIN,PIT,passyds,Joe Burrow,over,274.5,146
2026-09-26T22:21:35.497153+00:00,71123be049587b6facce3a20c53e5d09,CIN,PIT,passyds,Joe Burrow,over,299.5,250
2026-09-26T22:21:35.497153+00:00,71123be049587b6facce3a20c53e5d09,CIN,PIT,passyds,Joe Burrow,over,324.5,430
2026-09-26T22:21:35.497153+00:00,71123be049587b6facce3a20c53e5d09,CIN,PIT,passyds,Joe Burrow,over,349.5,750
2026-09-26T22:21:35.497153+00:00,71123be049587b6facce3a20c53e5d09,CIN,PIT,passyds,Joe Burrow,over,374.5,1260
2026-09-26T22:21:35.497153+00:00,71123be049587b6facce3a20c53e5d09,CIN,PIT,passyds,Aaron Rodgers,over,149.5,-1000
2026-09-26T22:21:35.497153+00:00,71123be049587b6facce3a20c53e5d09,CIN,PIT,passyds,Aaron Rodgers,over,174.5,-440
2026-09-26T22:21:35.497153+00:00,71123be049587b6facce3a20c53e5d09,CIN,PIT,passyds,Aaron Rodgers,over,199.5,-225
2026-09-26T22:21:35.497153+00:00,71123be049587b6facce3a20c53e5d09,CIN,PIT,passyds,Aaron Rodgers,over,224.5,-114
2026-09-26T22:21:35.497153+00:00,71123be049587b6facce3a20c53e5d09,CIN,PIT,passyds,Aaron Rodgers,over,249.5,162
2026-09-26T22:21:35.497153+00:00,71123be049587b6facce3a20c53e5d09,CIN,PIT,passyds,Aaron Rodgers,over,274.5,280
2026-09-26T22:21:35.497153+00:00,71123be049587b6facce3a20c53e5d09,CIN,PIT,passyds,Aaron Rodgers,over,299.5,490
2026-09-26T22:21:35.497153+00:00,71123be049587b6facce3a20c53e5d09,CIN,PIT,passyds,Aaron Rodgers,over,324.5,850
2026-09-26T22:21:35.497153+00:00,71123be049587b6facce3a20c53e5d09,CIN,PIT,passyds,Aaron Rodgers,over,349.5,1280
2026-09-26T22:21:35.497153+00:00,71123be049587b6facce3a20c53e5d09,CIN,PIT,rushyds,Aaron Rodgers,over,4.5,172
2026-09-26T22:21:35.497153+00:00,71123be049587b6facce3a20c53e5d09,CIN,PIT,rushyds,Aaron Rodgers,over,9.5,370
2026-09-26T22:21:35.497153+00:00,71123be049587b6facce3a20c53e5d09,CIN,PIT,rushyds,Aaron Rodgers,over,14.5,700
2026-09-26T22:21:35.497153+00:00,71123be049587b6facce3a20c53e5d09,CIN,PIT,rushyds,Samaje Perine,over,4.5,-600
2026-09-26T22:21:35.497153+00:00,71123be049587b6facce3a20c53e5d09,CIN,PIT,rushyds,Samaje Perine,over,9.5,-230
2026-09-26T22:21:35.497153+00:00,71123be049587b6facce3a20c53e5d09,CIN,PIT,rushyds,Samaje Perine,over,14.5,-114
2026-09-26T22:21:35.497153+00:00,71123be049587b6facce3a20c53e5d09,CIN,PIT,rushyds,Samaje Perine,over,19.5,152
2026-09-26T22:21:35.497153+00:00,71123be049587b6facce3a20c53e5d09,CIN,PIT,rushyds,Samaje Perine,over,24.5,230
2026-09-26T22:21:35.497153+00:00,71123be049587b6facce3a20c53e5d09,CIN,PIT,rushyds,Samaje Perine,over,29.5,350
2026-09-26T22:21:35.497153+00:00,71123be049587b6facce3a20c53e5d09,CIN,PIT,rushyds,Samaje Perine,over,39.5,640
2026-09-26T22:21:35.497153+00:00,71123be049587b6facce3a20c53e5d09,CIN,PIT,rushyds,Chase Brown,over,29.5,-1200
2026-09-26T22:21:35.497153+00:00,71123be049587b6facce3a20c53e5d09,CIN,PIT,rushyds,Chase Brown,over,39.5,-470
2026-09-26T22:21:35.497153+00:00,71123be049587b6facce3a20c53e5d09,CIN,PIT,rushyds,Chase Brown,over,49.5,-250
2026-09-26T22:21:35.497153+00:00,71123be049587b6facce3a20c53e5d09,CIN,PIT,rushyds,Chase Brown,over,59.5,-140
2026-09-26T22:21:35.497153+00:00,71123be049587b6facce3a20c53e5d09,CIN,PIT,rushyds,Chase Brown,over,69.5,118
2026-09-26T22:21:35.497153+00:00,71123be049587b6facce3a20c53e5d09,CIN,PIT,rushyds,Chase Brown,over,79.5,182
2026-09-26T22:21:35.497153+00:00,71123be049587b6facce3a20c53e5d09,CIN,PIT,rushyds,Chase Brown,over,89.5,270
2026-09-26T22:21:35.497153+00:00,71123be049587b6facce3a20c53e5d09,CIN,PIT,rushyds,Chase Brown,over,99.5,390
2026-09-26T22:21:35.497153+00:00,71123be049587b6facce3a20c53e5d09,CIN,PIT,rushyds,Chase Brown,over,109.5,550
2026-09-26T22:21:35.497153+00:00,71123be049587b6facce3a20c53e5d09,CIN,PIT,rushyds,Chase Brown,over,124.5,880
2026-09-26T22:21:35.497153+00:00,71123be049587b6facce3a20c53e5d09,CIN,PIT,rushyds,Joe Burrow,over,4.5,-138
2026-09-26T22:21:35.497153+00:00,71123be049587b6facce3a20c53e5d09,CIN,PIT,rushyds,Joe Burrow,over,9.5,164
2026-09-26T22:21:35.497153+00:00,71123be049587b6facce3a20c53e5d09,CIN,PIT,rushyds,Joe Burrow,over,14.5,320
2026-09-26T22:21:35.497153+00:00,71123be049587b6facce3a20c53e5d09,CIN,PIT,rushyds,Joe Burrow,over,19.5,550
2026-09-26T22:21:35.497153+00:00,71123be049587b6facce3a20c53e5d09,CIN,PIT,rushyds,Joe Burrow,over,24.5,850
2026-09-26T22:21:35.497153+00:00,71123be049587b6facce3a20c53e5d09,CIN,PIT,rushyds,Jaylen Warren,over,24.5,-1450
2026-09-26T22:21:35.497153+00:00,71123be049587b6facce3a20c53e5d09,CIN,PIT,rushyds,Jaylen Warren,over,29.5,-850
2026-09-26T22:21:35.497153+00:00,71123be049587b6facce3a20c53e5d09,CIN,PIT,rushyds,Jaylen Warren,over,39.5,-350
2026-09-26T22:21:35.497153+00:00,71123be049587b6facce3a20c53e5d09,CIN,PIT,rushyds,Jaylen Warren,over,49.5,-182
2026-09-26T22:21:35.497153+00:00,71123be049587b6facce3a20c53e5d09,CIN,PIT,rushyds,Jaylen Warren,over,59.5,-102
2026-09-26T22:21:35.497153+00:00,71123be049587b6facce3a20c53e5d09,CIN,PIT,rushyds,Jaylen Warren,over,69.5,162
2026-09-26T22:21:35.497153+00:00,71123be049587b6facce3a20c53e5d09,CIN,PIT,rushyds,Jaylen Warren,over,79.5,240
2026-09-26T22:21:35.497153+00:00,71123be049587b6facce3a20c53e5d09,CIN,PIT,rushyds,Jaylen Warren,over,89.5,370
2026-09-26T22:21:35.497153+00:00,71123be049587b6facce3a20c53e5d09,CIN,PIT,rushyds,Jaylen Warren,over,99.5,550
2026-09-26T22:21:35.497153+00:00,71123be049587b6facce3a20c53e5d09,CIN,PIT,rushyds,Jaylen Warren,over,109.5,750
2026-09-26T22:21:35.497153+00:00,71123be049587b6facce3a20c53e5d09,CIN,PIT,rushyds,Jaylen Warren,over,124.5,1200
2026-09-26T22:21:35.497153+00:00,71123be049587b6facce3a20c53e5d09,CIN,PIT,recyds,Roman Wilson,over,4.5,-900
2026-09-26T22:21:35.497153+00:00,71123be049587b6facce3a20c53e5d09,CIN,PIT,recyds,Roman Wilson,over,9.5,-400
2026-09-26T22:21:35.497153+00:00,71123be049587b6facce3a20c53e5d09,CIN,PIT,recyds,Roman Wilson,over,14.5,-230
2026-09-26T22:21:35.497153+00:00,71123be049587b6facce3a20c53e5d09,CIN,PIT,recyds,Roman Wilson,over,19.5,-146
2026-09-26T22:21:35.497153+00:00,71123be049587b6facce3a20c53e5d09,CIN,PIT,recyds,Roman Wilson,over,24.5,102
2026-09-26T22:21:35.497153+00:00,71123be049587b6facce3a20c53e5d09,CIN,PIT,recyds,Roman Wilson,over,29.5,142
2026-09-26T22:21:35.497153+00:00,71123be049587b6facce3a20c53e5d09,CIN,PIT,recyds,Roman Wilson,over,39.5,250
2026-09-26T22:21:35.497153+00:00,71123be049587b6facce3a20c53e5d09,CIN,PIT,recyds,Roman Wilson,over,49.5,410
2026-09-26T22:21:35.497153+00:00,71123be049587b6facce3a20c53e5d09,CIN,PIT,recyds,Roman Wilson,over,59.5,640
2026-09-26T22:21:35.497153+00:00,71123be049587b6facce3a20c53e5d09,CIN,PIT,recyds,Roman Wilson,over,69.5,920
2026-09-26T22:21:35.497153+00:00,71123be049587b6facce3a20c53e5d09,CIN,PIT,recyds,Roman Wilson,over,79.5,1400
2026-09-26T22:21:35.497153+00:00,71123be049587b6facce3a20c53e5d09,CIN,PIT,recyds,Ja'Marr Chase,over,29.5,-1800
2026-09-26T22:21:35.497153+00:00,71123be049587b6facce3a20c53e5d09,CIN,PIT,recyds,Ja'Marr Chase,over,39.5,-700
2026-09-26T22:21:35.497153+00:00,71123be049587b6facce3a20c53e5d09,CIN,PIT,recyds,Ja'Marr Chase,over,49.5,-380
2026-09-26T22:21:35.497153+00:00,71123be049587b6facce3a20c53e5d09,CIN,PIT,recyds,Ja'Marr Chase,over,59.5,-225
2026-09-26T22:21:35.497153+00:00,71123be049587b6facce3a20c53e5d09,CIN,PIT,recyds,Ja'Marr Chase,over,69.5,-136
2026-09-26T22:21:35.497153+00:00,71123be049587b6facce3a20c53e5d09,CIN,PIT,recyds,Ja'Marr Chase,over,79.5,114
2026-09-26T22:21:35.497153+00:00,71123be049587b6facce3a20c53e5d09,CIN,PIT,recyds,Ja'Marr Chase,over,89.5,168
2026-09-26T22:21:35.497153+00:00,71123be049587b6facce3a20c53e5d09,CIN,PIT,recyds,Ja'Marr Chase,over,99.5,235
2026-09-26T22:21:35.497153+00:00,71123be049587b6facce3a20c53e5d09,CIN,PIT,recyds,Ja'Marr Chase,over,109.5,350
2026-09-26T22:21:35.497153+00:00,71123be049587b6facce3a20c53e5d09,CIN,PIT,recyds,Ja'Marr Chase,over,124.5,550
2026-09-26T22:21:35.497153+00:00,71123be049587b6facce3a20c53e5d09,CIN,PIT,recyds,Ja'Marr Chase,over,149.5,1100
2026-09-26T22:21:35.497153+00:00,71123be049587b6facce3a20c53e5d09,CIN,PIT,recyds,Chase Brown,over,4.5,-1200
2026-09-26T22:21:35.497153+00:00,71123be049587b6facce3a20c53e5d09,CIN,PIT,recyds,Chase Brown,over,9.5,-440
2026-09-26T22:21:35.497153+00:00,71123be049587b6facce3a20c53e5d09,CIN,PIT,recyds,Chase Brown,over,14.5,-240
2026-09-26T22:21:35.497153+00:00,71123be049587b6facce3a20c53e5d09,CIN,PIT,recyds,Chase Brown,over,19.5,-138
2026-09-26T22:21:35.497153+00:00,71123be049587b6facce3a20c53e5d09,CIN,PIT,recyds,Chase Brown,over,24.5,114
2026-09-26T22:21:35.497153+00:00,71123be049587b6facce3a20c53e5d09,CIN,PIT,recyds,Chase Brown,over,29.5,168
2026-09-26T22:21:35.497153+00:00,71123be049587b6facce3a20c53e5d09,CIN,PIT,recyds,Chase Brown,over,39.5,320
2026-09-26T22:21:35.497153+00:00,71123be049587b6facce3a20c53e5d09,CIN,PIT,recyds,Chase Brown,over,49.5,580
2026-09-26T22:21:35.497153+00:00,71123be049587b6facce3a20c53e5d09,CIN,PIT,recyds,Chase Brown,over,59.5,880
2026-09-26T22:21:35.497153+00:00,71123be049587b6facce3a20c53e5d09,CIN,PIT,recyds,Chase Brown,over,69.5,1280
2026-09-26T22:21:35.497153+00:00,71123be049587b6facce3a20c53e5d09,CIN,PIT,recyds,Tee Higgins,over,19.5,-1200
2026-09-26T22:21:35.497153+00:00,71123be049587b6facce3a20c53e5d09,CIN,PIT,recyds,Tee Higgins,over,24.5,-670
2026-09-26T22:21:35.497153+00:00,71123be049587b6facce3a20c53e5d09,CIN,PIT,recyds,Tee Higgins,over,29.5,-470
2026-09-26T22:21:35.497153+00:00,71123be049587b6facce3a20c53e5d09,CIN,PIT,recyds,Tee Higgins,over,39.5,-245
2026-09-26T22:21:35.497153+00:00,71123be049587b6facce3a20c53e5d09,CIN,PIT,recyds,Tee Higgins,over,49.5,-138
2026-09-26T22:21:35.497153+00:00,71123be049587b6facce3a20c53e5d09,CIN,PIT,recyds,Tee Higgins,over,59.5,116
2026-09-26T22:21:35.497153+00:00,71123be049587b6facce3a20c53e5d09,CIN,PIT,recyds,Tee Higgins,over,69.5,178
2026-09-26T22:21:35.497153+00:00,71123be049587b6facce3a20c53e5d09,CIN,PIT,recyds,Tee Higgins,over,79.5,250
2026-09-26T22:21:35.497153+00:00,71123be049587b6facce3a20c53e5d09,CIN,PIT,recyds,Tee Higgins,over,89.5,360
2026-09-26T22:21:35.497153+00:00,71123be049587b6facce3a20c53e5d09,CIN,PIT,recyds,Tee Higgins,over,99.5,520
2026-09-26T22:21:35.497153+00:00,71123be049587b6facce3a20c53e5d09,CIN,PIT,recyds,Tee Higgins,over,109.5,700
2026-09-26T22:21:35.497153+00:00,71123be049587b6facce3a20c53e5d09,CIN,PIT,recyds,Tee Higgins,over,124.5,1100
2026-09-26T22:21:35.497153+00:00,71123be049587b6facce3a20c53e5d09,CIN,PIT,recyds,Samaje Perine,over,4.5,-192
2026-09-26T22:21:35.497153+00:00,71123be049587b6facce3a20c53e5d09,CIN,PIT,recyds,Samaje Perine,over,9.5,118
2026-09-26T22:21:35.497153+00:00,71123be049587b6facce3a20c53e5d09,CIN,PIT,recyds,Samaje Perine,over,14.5,205
2026-09-26T22:21:35.497153+00:00,71123be049587b6facce3a20c53e5d09,CIN,PIT,recyds,Samaje Perine,over,19.5,320
2026-09-26T22:21:35.497153+00:00,71123be049587b6facce3a20c53e5d09,CIN,PIT,recyds,Samaje Perine,over,24.5,520
2026-09-26T22:21:35.497153+00:00,71123be049587b6facce3a20c53e5d09,CIN,PIT,recyds,Samaje Perine,over,29.5,750
2026-09-26T22:21:35.497153+00:00,71123be049587b6facce3a20c53e5d09,CIN,PIT,recyds,Mike Gesicki,over,4.5,-1200
2026-09-26T22:21:35.497153+00:00,71123be049587b6facce3a20c53e5d09,CIN,PIT,recyds,Mike Gesicki,over,9.5,-470
2026-09-26T22:21:35.497153+00:00,71123be049587b6facce3a20c53e5d09,CIN,PIT,recyds,Mike Gesicki,over,14.5,-260
2026-09-26T22:21:35.497153+00:00,71123be049587b6facce3a20c53e5d09,CIN,PIT,recyds,Mike Gesicki,over,19.5,-160
2026-09-26T22:21:35.497153+00:00,71123be049587b6facce3a20c53e5d09,CIN,PIT,recyds,Mike Gesicki,over,24.5,-106
2026-09-26T22:21:35.497153+00:00,71123be049587b6facce3a20c53e5d09,CIN,PIT,recyds,Mike Gesicki,over,29.5,138
2026-09-26T22:21:35.497153+00:00,71123be049587b6facce3a20c53e5d09,CIN,PIT,recyds,Mike Gesicki,over,39.5,265
2026-09-26T22:21:35.497153+00:00,71123be049587b6facce3a20c53e5d09,CIN,PIT,recyds,Mike Gesicki,over,49.5,450
2026-09-26T22:21:35.497153+00:00,71123be049587b6facce3a20c53e5d09,CIN,PIT,recyds,Mike Gesicki,over,59.5,750
2026-09-26T22:21:35.497153+00:00,71123be049587b6facce3a20c53e5d09,CIN,PIT,recyds,Mike Gesicki,over,69.5,1200
2026-09-26T22:21:35.497153+00:00,71123be049587b6facce3a20c53e5d09,CIN,PIT,recyds,Mike Gesicki,over,79.5,1700
2026-09-26T22:21:35.497153+00:00,71123be049587b6facce3a20c53e5d09,CIN,PIT,recyds,Erick All,over,4.5,-114
2026-09-26T22:21:35.497153+00:00,71123be049587b6facce3a20c53e5d09,CIN,PIT,recyds,Erick All,over,9.5,154
2026-09-26T22:21:35.497153+00:00,71123be049587b6facce3a20c53e5d09,CIN,PIT,recyds,Erick All,over,14.5,235
2026-09-26T22:21:35.497153+00:00,71123be049587b6facce3a20c53e5d09,CIN,PIT,recyds,Erick All,over,19.5,360
2026-09-26T22:21:35.497153+00:00,71123be049587b6facce3a20c53e5d09,CIN,PIT,recyds,Erick All,over,24.5,520
2026-09-26T22:21:35.497153+00:00,71123be049587b6facce3a20c53e5d09,CIN,PIT,recyds,Erick All,over,29.5,700
2026-09-26T22:21:35.497153+00:00,71123be049587b6facce3a20c53e5d09,CIN,PIT,recyds,Darnell Washington,over,4.5,-420
2026-09-26T22:21:35.497153+00:00,71123be049587b6facce3a20c53e5d09,CIN,PIT,recyds,Darnell Washington,over,9.5,-215
2026-09-26T22:21:35.497153+00:00,71123be049587b6facce3a20c53e5d09,CIN,PIT,recyds,Darnell Washington,over,14.5,-128
2026-09-26T22:21:35.497153+00:00,71123be049587b6facce3a20c53e5d09,CIN,PIT,recyds,Darnell Washington,over,19.5,128
2026-09-26T22:21:35.497153+00:00,71123be049587b6facce3a20c53e5d09,CIN,PIT,recyds,Darnell Washington,over,24.5,188
2026-09-26T22:21:35.497153+00:00,71123be049587b6facce3a20c53e5d09,CIN,PIT,recyds,Darnell Washington,over,29.5,265
2026-09-26T22:21:35.497153+00:00,71123be049587b6facce3a20c53e5d09,CIN,PIT,recyds,Darnell Washington,over,39.5,490
2026-09-26T22:21:35.497153+00:00,71123be049587b6facce3a20c53e5d09,CIN,PIT,recyds,Darnell Washington,over,49.5,850
2026-09-26T22:21:35.497153+00:00,71123be049587b6facce3a20c53e5d09,CIN,PIT,recyds,Pat Freiermuth,over,9.5,-1450
2026-09-26T22:21:35.497153+00:00,71123be049587b6facce3a20c53e5d09,CIN,PIT,recyds,Pat Freiermuth,over,14.5,-670
2026-09-26T22:21:35.497153+00:00,71123be049587b6facce3a20c53e5d09,CIN,PIT,recyds,Pat Freiermuth,over,19.5,-380
2026-09-26T22:21:35.497153+00:00,71123be049587b6facce3a20c53e5d09,CIN,PIT,recyds,Pat Freiermuth,over,24.5,-245
2026-09-26T22:21:35.497153+00:00,71123be049587b6facce3a20c53e5d09,CIN,PIT,recyds,Pat Freiermuth,over,29.5,-166
2026-09-26T22:21:35.497153+00:00,71123be049587b6facce3a20c53e5d09,CIN,PIT,recyds,Pat Freiermuth,over,39.5,122
2026-09-26T22:21:35.497153+00:00,71123be049587b6facce3a20c53e5d09,CIN,PIT,recyds,Pat Freiermuth,over,49.5,210
2026-09-26T22:21:35.497153+00:00,71123be049587b6facce3a20c53e5d09,CIN,PIT,recyds,Pat Freiermuth,over,59.5,360
2026-09-26T22:21:35.497153+00:00,71123be049587b6facce3a20c53e5d09,CIN,PIT,recyds,Pat Freiermuth,over,69.5,580
2026-09-26T22:21:35.497153+00:00,71123be049587b6facce3a20c53e5d09,CIN,PIT,recyds,Pat Freiermuth,over,79.5,880
2026-09-26T22:21:35.497153+00:00,71123be049587b6facce3a20c53e5d09,CIN,PIT,recyds,Pat Freiermuth,over,89.5,1260
2026-09-26T22:21:35.497153+00:00,71123be049587b6facce3a20c53e5d09,CIN,PIT,recyds,Pat Freiermuth,over,99.5,1700
2026-09-26T22:21:35.497153+00:00,71123be049587b6facce3a20c53e5d09,CIN,PIT,recyds,Michael Pittman Jr.,over,4.5,-1200
2026-09-26T22:21:35.497153+00:00,71123be049587b6facce3a20c53e5d09,CIN,PIT,recyds,Michael Pittman Jr.,over,9.5,-490
2026-09-26T22:21:35.497153+00:00,71123be049587b6facce3a20c53e5d09,CIN,PIT,recyds,Michael Pittman Jr.,over,14.5,-275
2026-09-26T22:21:35.497153+00:00,71123be049587b6facce3a20c53e5d09,CIN,PIT,recyds,Michael Pittman Jr.,over,19.5,-174
2026-09-26T22:21:35.497153+00:00,71123be049587b6facce3a20c53e5d09,CIN,PIT,recyds,Michael Pittman Jr.,over,24.5,-114
2026-09-26T22:21:35.497153+00:00,71123be049587b6facce3a20c53e5d09,CIN,PIT,recyds,Michael Pittman Jr.,over,29.5,122
2026-09-26T22:21:35.497153+00:00,71123be049587b6facce3a20c53e5d09,CIN,PIT,recyds,Michael Pittman Jr.,over,39.5,225
2026-09-26T22:21:35.497153+00:00,71123be049587b6facce3a20c53e5d09,CIN,PIT,recyds,Michael Pittman Jr.,over,49.5,390
2026-09-26T22:21:35.497153+00:00,71123be049587b6facce3a20c53e5d09,CIN,PIT,recyds,Michael Pittman Jr.,over,59.5,630
2026-09-26T22:21:35.497153+00:00,71123be049587b6facce3a20c53e5d09,CIN,PIT,recyds,Michael Pittman Jr.,over,69.5,920
2026-09-26T22:21:35.497153+00:00,71123be049587b6facce3a20c53e5d09,CIN,PIT,recyds,Michael Pittman Jr.,over,79.5,1280
2026-09-26T22:21:35.497153+00:00,71123be049587b6facce3a20c53e5d09,CIN,PIT,recyds,Jaylen Warren,over,9.5,-650
2026-09-26T22:21:35.497153+00:00,71123be049587b6facce3a20c53e5d09,CIN,PIT,recyds,Jaylen Warren,over,14.5,-330
2026-09-26T22:21:35.497153+00:00,71123be049587b6facce3a20c53e5d09,CIN,PIT,recyds,Jaylen Warren,over,19.5,-200
2026-09-26T22:21:35.497153+00:00,71123be049587b6facce3a20c53e5d09,CIN,PIT,recyds,Jaylen Warren,over,24.5,-125
2026-09-26T22:21:35.497153+00:00,71123be049587b6facce3a20c53e5d09,CIN,PIT,recyds,Jaylen Warren,over,29.5,120
2026-09-26T22:21:35.497153+00:00,71123be049587b6facce3a20c53e5d09,CIN,PIT,recyds,Jaylen Warren,over,39.5,225
2026-09-26T22:21:35.497153+00:00,71123be049587b6facce3a20c53e5d09,CIN,PIT,recyds,Jaylen Warren,over,49.5,400
2026-09-26T22:21:35.497153+00:00,71123be049587b6facce3a20c53e5d09,CIN,PIT,recyds,Jaylen Warren,over,59.5,680
2026-09-26T22:21:35.497153+00:00,71123be049587b6facce3a20c53e5d09,CIN,PIT,recyds,Jaylen Warren,over,69.5,1000
2026-09-26T22:21:35.497153+00:00,71123be049587b6facce3a20c53e5d09,CIN,PIT,recyds,Jaylen Warren,over,79.5,1500
2026-09-26T22:21:35.497153+00:00,71123be049587b6facce3a20c53e5d09,CIN,PIT,recyds,DK Metcalf,over,19.5,-1100
2026-09-26T22:21:35.497153+00:00,71123be049587b6facce3a20c53e5d09,CIN,PIT,recyds,DK Metcalf,over,24.5,-650
2026-09-26T22:21:35.497153+00:00,71123be049587b6facce3a20c53e5d09,CIN,PIT,recyds,DK Metcalf,over,29.5,-440
2026-09-26T22:21:35.497153+00:00,71123be049587b6facce3a20c53e5d09,CIN,PIT,recyds,DK Metcalf,over,39.5,-230
2026-09-26T22:21:35.497153+00:00,71123be049587b6facce3a20c53e5d09,CIN,PIT,recyds,DK Metcalf,over,49.5,-136
2026-09-26T22:21:35.497153+00:00,71123be049587b6facce3a20c53e5d09,CIN,PIT,recyds,DK Metcalf,over,59.5,122
2026-09-26T22:21:35.497153+00:00,71123be049587b6facce3a20c53e5d09,CIN,PIT,recyds,DK Metcalf,over,69.5,182
2026-09-26T22:21:35.497153+00:00,71123be049587b6facce3a20c53e5d09,CIN,PIT,recyds,DK Metcalf,over,79.5,270
2026-09-26T22:21:35.497153+00:00,71123be049587b6facce3a20c53e5d09,CIN,PIT,recyds,DK Metcalf,over,89.5,390
2026-09-26T22:21:35.497153+00:00,71123be049587b6facce3a20c53e5d09,CIN,PIT,recyds,DK Metcalf,over,99.5,550
2026-09-26T22:21:35.497153+00:00,71123be049587b6facce3a20c53e5d09,CIN,PIT,recyds,DK Metcalf,over,109.5,750
2026-09-26T22:21:35.497153+00:00,71123be049587b6facce3a20c53e5d09,CIN,PIT,recyds,DK Metcalf,over,124.5,1100
2026-09-26T22:21:35.497153+00:00,71123be049587b6facce3a20c53e5d09,CIN,PIT,recs,Michael Pittman Jr.,over,1.5,-440
2026-09-26T22:21:35.497153+00:00,71123be049587b6facce3a20c53e5d09,CIN,PIT,recs,Michael Pittman Jr.,over,2.5,-140
2026-09-26T22:21:35.497153+00:00,71123be049587b6facce3a20c53e5d09,CIN,PIT,recs,Michael Pittman Jr.,over,3.5,178
2026-09-26T22:21:35.497153+00:00,71123be049587b6facce3a20c53e5d09,CIN,PIT,recs,Michael Pittman Jr.,over,4.5,390
2026-09-26T22:21:35.497153+00:00,71123be049587b6facce3a20c53e5d09,CIN,PIT,recs,Michael Pittman Jr.,over,5.5,750
2026-09-26T22:21:35.497153+00:00,71123be049587b6facce3a20c53e5d09,CIN,PIT,recs,Michael Pittman Jr.,over,6.5,1280
2026-09-26T22:21:35.497153+00:00,71123be049587b6facce3a20c53e5d09,CIN,PIT,recs,Tee Higgins,over,2.5,-580
2026-09-26T22:21:35.497153+00:00,71123be049587b6facce3a20c53e5d09,CIN,PIT,recs,Tee Higgins,over,3.5,-220
2026-09-26T22:21:35.497153+00:00,71123be049587b6facce3a20c53e5d09,CIN,PIT,recs,Tee Higgins,over,4.5,104
2026-09-26T22:21:35.497153+00:00,71123be049587b6facce3a20c53e5d09,CIN,PIT,recs,Tee Higgins,over,5.5,210
2026-09-26T22:21:35.497153+00:00,71123be049587b6facce3a20c53e5d09,CIN,PIT,recs,Tee Higgins,over,6.5,390
2026-09-26T22:21:35.497153+00:00,71123be049587b6facce3a20c53e5d09,CIN,PIT,recs,Tee Higgins,over,7.5,700
2026-09-26T22:21:35.497153+00:00,71123be049587b6facce3a20c53e5d09,CIN,PIT,recs,Tee Higgins,over,8.5,1200
2026-09-26T22:21:35.497153+00:00,71123be049587b6facce3a20c53e5d09,CIN,PIT,recs,Pat Freiermuth,over,1.5,-1400
2026-09-26T22:21:35.497153+00:00,71123be049587b6facce3a20c53e5d09,CIN,PIT,recs,Pat Freiermuth,over,2.5,-340
2026-09-26T22:21:35.497153+00:00,71123be049587b6facce3a20c53e5d09,CIN,PIT,recs,Pat Freiermuth,over,3.5,-140
2026-09-26T22:21:35.497153+00:00,71123be049587b6facce3a20c53e5d09,CIN,PIT,recs,Pat Freiermuth,over,4.5,162
2026-09-26T22:21:35.497153+00:00,71123be049587b6facce3a20c53e5d09,CIN,PIT,recs,Pat Freiermuth,over,5.5,310
2026-09-26T22:21:35.497153+00:00,71123be049587b6facce3a20c53e5d09,CIN,PIT,recs,Pat Freiermuth,over,6.5,630
2026-09-26T22:21:35.497153+00:00,71123be049587b6facce3a20c53e5d09,CIN,PIT,recs,Pat Freiermuth,over,7.5,1000
2026-09-26T22:21:35.497153+00:00,71123be049587b6facce3a20c53e5d09,CIN,PIT,recs,Pat Freiermuth,over,8.5,1700
2026-09-26T22:21:35.497153+00:00,71123be049587b6facce3a20c53e5d09,CIN,PIT,recs,Samaje Perine,over,0.5,-490
2026-09-26T22:21:35.497153+00:00,71123be049587b6facce3a20c53e5d09,CIN,PIT,recs,Samaje Perine,over,1.5,-106
2026-09-26T22:21:35.497153+00:00,71123be049587b6facce3a20c53e5d09,CIN,PIT,recs,Samaje Perine,over,2.5,270
2026-09-26T22:21:35.497153+00:00,71123be049587b6facce3a20c53e5d09,CIN,PIT,recs,Samaje Perine,over,3.5,640
2026-09-26T22:21:35.497153+00:00,71123be049587b6facce3a20c53e5d09,CIN,PIT,recs,Ja'Marr Chase,over,3.5,-1450
2026-09-26T22:21:35.497153+00:00,71123be049587b6facce3a20c53e5d09,CIN,PIT,recs,Ja'Marr Chase,over,4.5,-500
2026-09-26T22:21:35.497153+00:00,71123be049587b6facce3a20c53e5d09,CIN,PIT,recs,Ja'Marr Chase,over,5.5,-245
2026-09-26T22:21:35.497153+00:00,71123be049587b6facce3a20c53e5d09,CIN,PIT,recs,Ja'Marr Chase,over,6.5,-125
2026-09-26T22:21:35.497153+00:00,71123be049587b6facce3a20c53e5d09,CIN,PIT,recs,Ja'Marr Chase,over,7.5,148
2026-09-26T22:21:35.497153+00:00,71123be049587b6facce3a20c53e5d09,CIN,PIT,recs,Ja'Marr Chase,over,8.5,250
2026-09-26T22:21:35.497153+00:00,71123be049587b6facce3a20c53e5d09,CIN,PIT,recs,Ja'Marr Chase,over,9.5,410
2026-09-26T22:21:35.497153+00:00,71123be049587b6facce3a20c53e5d09,CIN,PIT,recs,Ja'Marr Chase,over,10.5,640
2026-09-26T22:21:35.497153+00:00,71123be049587b6facce3a20c53e5d09,CIN,PIT,recs,Ja'Marr Chase,over,11.5,920
2026-09-26T22:21:35.497153+00:00,71123be049587b6facce3a20c53e5d09,CIN,PIT,recs,Ja'Marr Chase,over,12.5,1500
2026-09-26T22:21:35.497153+00:00,71123be049587b6facce3a20c53e5d09,CIN,PIT,recs,Mike Gesicki,over,1.5,-390
2026-09-26T22:21:35.497153+00:00,71123be049587b6facce3a20c53e5d09,CIN,PIT,recs,Mike Gesicki,over,2.5,-128
2026-09-26T22:21:35.497153+00:00,71123be049587b6facce3a20c53e5d09,CIN,PIT,recs,Mike Gesicki,over,3.5,194
2026-09-26T22:21:35.497153+00:00,71123be049587b6facce3a20c53e5d09,CIN,PIT,recs,Mike Gesicki,over,4.5,410
2026-09-26T22:21:35.497153+00:00,71123be049587b6facce3a20c53e5d09,CIN,PIT,recs,Mike Gesicki,over,5.5,850
2026-09-26T22:21:35.497153+00:00,71123be049587b6facce3a20c53e5d09,CIN,PIT,recs,Mike Gesicki,over,6.5,1500
2026-09-26T22:21:35.497153+00:00,71123be049587b6facce3a20c53e5d09,CIN,PIT,recs,Erick All,over,0.5,-154
2026-09-26T22:21:35.497153+00:00,71123be049587b6facce3a20c53e5d09,CIN,PIT,recs,Erick All,over,1.5,290
2026-09-26T22:21:35.497153+00:00,71123be049587b6facce3a20c53e5d09,CIN,PIT,recs,Erick All,over,2.5,880
2026-09-26T22:21:35.497153+00:00,71123be049587b6facce3a20c53e5d09,CIN,PIT,recs,DK Metcalf,over,2.5,-650
2026-09-26T22:21:35.497153+00:00,71123be049587b6facce3a20c53e5d09,CIN,PIT,recs,DK Metcalf,over,3.5,-240
2026-09-26T22:21:35.497153+00:00,71123be049587b6facce3a20c53e5d09,CIN,PIT,recs,DK Metcalf,over,4.5,-104
2026-09-26T22:21:35.497153+00:00,71123be049587b6facce3a20c53e5d09,CIN,PIT,recs,DK Metcalf,over,5.5,194
2026-09-26T22:21:35.497153+00:00,71123be049587b6facce3a20c53e5d09,CIN,PIT,recs,DK Metcalf,over,6.5,370
2026-09-26T22:21:35.497153+00:00,71123be049587b6facce3a20c53e5d09,CIN,PIT,recs,DK Metcalf,over,7.5,640
2026-09-26T22:21:35.497153+00:00,71123be049587b6facce3a20c53e5d09,CIN,PIT,recs,DK Metcalf,over,8.5,1100
2026-09-26T22:21:35.497153+00:00,71123be049587b6facce3a20c53e5d09,CIN,PIT,recs,DK Metcalf,over,9.5,1700
2026-09-26T22:21:35.497153+00:00,71123be049587b6facce3a20c53e5d09,CIN,PIT,recs,Chase Brown,over,1.5,-750
2026-09-26T22:21:35.497153+00:00,71123be049587b6facce3a20c53e5d09,CIN,PIT,recs,Chase Brown,over,2.5,-235
2026-09-26T22:21:35.497153+00:00,71123be049587b6facce3a20c53e5d09,CIN,PIT,recs,Chase Brown,over,3.5,104
2026-09-26T22:21:35.497153+00:00,71123be049587b6facce3a20c53e5d09,CIN,PIT,recs,Chase Brown,over,4.5,220
2026-09-26T22:21:35.497153+00:00,71123be049587b6facce3a20c53e5d09,CIN,PIT,recs,Chase Brown,over,5.5,410
2026-09-26T22:21:35.497153+00:00,71123be049587b6facce3a20c53e5d09,CIN,PIT,recs,Chase Brown,over,6.5,750
2026-09-26T22:21:35.497153+00:00,71123be049587b6facce3a20c53e5d09,CIN,PIT,recs,Chase Brown,over,7.5,1200
2026-09-26T22:21:35.497153+00:00,71123be049587b6facce3a20c53e5d09,CIN,PIT,recs,Darnell Washington,over,0.5,-670
2026-09-26T22:21:35.497153+00:00,71123be049587b6facce3a20c53e5d09,CIN,PIT,recs,Darnell Washington,over,1.5,-140
2026-09-26T22:21:35.497153+00:00,71123be049587b6facce3a20c53e5d09,CIN,PIT,recs,Darnell Washington,over,2.5,220
2026-09-26T22:21:35.497153+00:00,71123be049587b6facce3a20c53e5d09,CIN,PIT,recs,Darnell Washington,over,3.5,550
2026-09-26T22:21:35.497153+00:00,71123be049587b6facce3a20c53e5d09,CIN,PIT,recs,Roman Wilson,over,1.5,-290
2026-09-26T22:21:35.497153+00:00,71123be049587b6facce3a20c53e5d09,CIN,PIT,recs,Roman Wilson,over,2.5,104
2026-09-26T22:21:35.497153+00:00,71123be049587b6facce3a20c53e5d09,CIN,PIT,recs,Roman Wilson,over,3.5,250
2026-09-26T22:21:35.497153+00:00,71123be049587b6facce3a20c53e5d09,CIN,PIT,recs,Roman Wilson,over,4.5,550
2026-09-26T22:21:35.497153+00:00,71123be049587b6facce3a20c53e5d09,CIN,PIT,recs,Roman Wilson,over,5.5,1100
2026-09-26T22:21:35.497153+00:00,71123be049587b6facce3a20c53e5d09,CIN,PIT,recs,Jaylen Warren,over,1.5,-1450
2026-09-26T22:21:35.497153+00:00,71123be049587b6facce3a20c53e5d09,CIN,PIT,recs,Jaylen Warren,over,2.5,-390
2026-09-26T22:21:35.497153+00:00,71123be049587b6facce3a20c53e5d09,CIN,PIT,recs,Jaylen Warren,over,3.5,-158
2026-09-26T22:21:35.497153+00:00,71123be049587b6facce3a20c53e5d09,CIN,PIT,recs,Jaylen Warren,over,4.5,136
2026-09-26T22:21:35.497153+00:00,71123be049587b6facce3a20c53e5d09,CIN,PIT,recs,Jaylen Warren,over,5.5,255
2026-09-26T22:21:35.497153+00:00,71123be049587b6facce3a20c53e5d09,CIN,PIT,recs,Jaylen Warren,over,6.5,450
2026-09-26T22:21:35.497153+00:00,71123be049587b6facce3a20c53e5d09,CIN,PIT,recs,Jaylen Warren,over,7.5,800
2026-09-26T22:21:35.497153+00:00,71123be049587b6facce3a20c53e5d09,CIN,PIT,recs,Jaylen Warren,over,8.5,1260
2026-09-26T22:21:35.497153+00:00,07f552badfa8a565d1be22123713e4da,NYJ,DET,passyds,Jared Goff,over,174.5,-1200
2026-09-26T22:21:35.497153+00:00,07f552badfa8a565d1be22123713e4da,NYJ,DET,passyds,Jared Goff,over,199.5,-500
2026-09-26T22:21:35.497153+00:00,07f552badfa8a565d1be22123713e4da,NYJ,DET,passyds,Jared Goff,over,224.5,-270
2026-09-26T22:21:35.497153+00:00,07f552badfa8a565d1be22123713e4da,NYJ,DET,passyds,Jared Goff,over,249.5,-144
2026-09-26T22:21:35.497153+00:00,07f552badfa8a565d1be22123713e4da,NYJ,DET,passyds,Jared Goff,over,274.5,128
2026-09-26T22:21:35.497153+00:00,07f552badfa8a565d1be22123713e4da,NYJ,DET,passyds,Jared Goff,over,299.5,225
2026-09-26T22:21:35.497153+00:00,07f552badfa8a565d1be22123713e4da,NYJ,DET,passyds,Jared Goff,over,324.5,390
2026-09-26T22:21:35.497153+00:00,07f552badfa8a565d1be22123713e4da,NYJ,DET,passyds,Jared Goff,over,349.5,640
2026-09-26T22:21:35.497153+00:00,07f552badfa8a565d1be22123713e4da,NYJ,DET,passyds,Jared Goff,over,374.5,1100
2026-09-26T22:21:35.497153+00:00,07f552badfa8a565d1be22123713e4da,NYJ,DET,passyds,Jared Goff,over,399.5,1700
2026-09-26T22:21:35.497153+00:00,07f552badfa8a565d1be22123713e4da,NYJ,DET,passyds,Geno Smith,over,149.5,-1100
2026-09-26T22:21:35.497153+00:00,07f552badfa8a565d1be22123713e4da,NYJ,DET,passyds,Geno Smith,over,174.5,-470
2026-09-26T22:21:35.497153+00:00,07f552badfa8a565d1be22123713e4da,NYJ,DET,passyds,Geno Smith,over,199.5,-240
2026-09-26T22:21:35.497153+00:00,07f552badfa8a565d1be22123713e4da,NYJ,DET,passyds,Geno Smith,over,224.5,-122
2026-09-26T22:21:35.497153+00:00,07f552badfa8a565d1be22123713e4da,NYJ,DET,passyds,Geno Smith,over,249.5,154
2026-09-26T22:21:35.497153+00:00,07f552badfa8a565d1be22123713e4da,NYJ,DET,passyds,Geno Smith,over,274.5,270
2026-09-26T22:21:35.497153+00:00,07f552badfa8a565d1be22123713e4da,NYJ,DET,passyds,Geno Smith,over,299.5,470
2026-09-26T22:21:35.497153+00:00,07f552badfa8a565d1be22123713e4da,NYJ,DET,passyds,Geno Smith,over,324.5,800
2026-09-26T22:21:35.497153+00:00,07f552badfa8a565d1be22123713e4da,NYJ,DET,passyds,Geno Smith,over,349.5,1280
2026-09-26T22:21:35.497153+00:00,07f552badfa8a565d1be22123713e4da,NYJ,DET,rushyds,Sione Vaki,over,4.5,-320
2026-09-26T22:21:35.497153+00:00,07f552badfa8a565d1be22123713e4da,NYJ,DET,rushyds,Sione Vaki,over,9.5,-132
2026-09-26T22:21:35.497153+00:00,07f552badfa8a565d1be22123713e4da,NYJ,DET,rushyds,Sione Vaki,over,14.5,144
2026-09-26T22:21:35.497153+00:00,07f552badfa8a565d1be22123713e4da,NYJ,DET,rushyds,Sione Vaki,over,19.5,230
2026-09-26T22:21:35.497153+00:00,07f552badfa8a565d1be22123713e4da,NYJ,DET,rushyds,Sione Vaki,over,24.5,360
2026-09-26T22:21:35.497153+00:00,07f552badfa8a565d1be22123713e4da,NYJ,DET,rushyds,Sione Vaki,over,29.5,520
2026-09-26T22:21:35.497153+00:00,07f552badfa8a565d1be22123713e4da,NYJ,DET,rushyds,Sione Vaki,over,39.5,880
2026-09-26T22:21:35.497153+00:00,07f552badfa8a565d1be22123713e4da,NYJ,DET,rushyds,Jahmyr Gibbs,over,49.5,-1100
2026-09-26T22:21:35.497153+00:00,07f552badfa8a565d1be22123713e4da,NYJ,DET,rushyds,Jahmyr Gibbs,over,59.5,-490
2026-09-26T22:21:35.497153+00:00,07f552badfa8a565d1be22123713e4da,NYJ,DET,rushyds,Jahmyr Gibbs,over,69.5,-280
2026-09-26T22:21:35.497153+00:00,07f552badfa8a565d1be22123713e4da,NYJ,DET,rushyds,Jahmyr Gibbs,over,79.5,-180
2026-09-26T22:21:35.497153+00:00,07f552badfa8a565d1be22123713e4da,NYJ,DET,rushyds,Jahmyr Gibbs,over,89.5,-114
2026-09-26T22:21:35.497153+00:00,07f552badfa8a565d1be22123713e4da,NYJ,DET,rushyds,Jahmyr Gibbs,over,99.5,130
2026-09-26T22:21:35.497153+00:00,07f552badfa8a565d1be22123713e4da,NYJ,DET,rushyds,Jahmyr Gibbs,over,109.5,188
2026-09-26T22:21:35.497153+00:00,07f552badfa8a565d1be22123713e4da,NYJ,DET,rushyds,Jahmyr Gibbs,over,124.5,310
2026-09-26T22:21:35.497153+00:00,07f552badfa8a565d1be22123713e4da,NYJ,DET,rushyds,Jahmyr Gibbs,over,149.5,680
2026-09-26T22:21:35.497153+00:00,07f552badfa8a565d1be22123713e4da,NYJ,DET,rushyds,Jahmyr Gibbs,over,174.5,1260
2026-09-26T22:21:35.497153+00:00,07f552badfa8a565d1be22123713e4da,NYJ,DET,rushyds,Braelon Allen,over,4.5,-900
2026-09-26T22:21:35.497153+00:00,07f552badfa8a565d1be22123713e4da,NYJ,DET,rushyds,Braelon Allen,over,9.5,-320
2026-09-26T22:21:35.497153+00:00,07f552badfa8a565d1be22123713e4da,NYJ,DET,rushyds,Braelon Allen,over,14.5,-162
2026-09-26T22:21:35.497153+00:00,07f552badfa8a565d1be22123713e4da,NYJ,DET,rushyds,Braelon Allen,over,19.5,106
2026-09-26T22:21:35.497153+00:00,07f552badfa8a565d1be22123713e4da,NYJ,DET,rushyds,Braelon Allen,over,24.5,168
2026-09-26T22:21:35.497153+00:00,07f552badfa8a565d1be22123713e4da,NYJ,DET,rushyds,Braelon Allen,over,29.5,235
2026-09-26T22:21:35.497153+00:00,07f552badfa8a565d1be22123713e4da,NYJ,DET,rushyds,Braelon Allen,over,39.5,470
2026-09-26T22:21:35.497153+00:00,07f552badfa8a565d1be22123713e4da,NYJ,DET,rushyds,Braelon Allen,over,49.5,750
2026-09-26T22:21:35.497153+00:00,07f552badfa8a565d1be22123713e4da,NYJ,DET,rushyds,Jared Goff,over,4.5,194
2026-09-26T22:21:35.497153+00:00,07f552badfa8a565d1be22123713e4da,NYJ,DET,rushyds,Jared Goff,over,9.5,400
2026-09-26T22:21:35.497153+00:00,07f552badfa8a565d1be22123713e4da,NYJ,DET,rushyds,Jared Goff,over,14.5,700
2026-09-26T22:21:35.497153+00:00,07f552badfa8a565d1be22123713e4da,NYJ,DET,rushyds,Breece Hall,over,24.5,-1800
2026-09-26T22:21:35.497153+00:00,07f552badfa8a565d1be22123713e4da,NYJ,DET,rushyds,Breece Hall,over,29.5,-900
2026-09-26T22:21:35.497153+00:00,07f552badfa8a565d1be22123713e4da,NYJ,DET,rushyds,Breece Hall,over,39.5,-360
2026-09-26T22:21:35.497153+00:00,07f552badfa8a565d1be22123713e4da,NYJ,DET,rushyds,Breece Hall,over,49.5,-200
2026-09-26T22:21:35.497153+00:00,07f552badfa8a565d1be22123713e4da,NYJ,DET,rushyds,Breece Hall,over,59.5,-114
2026-09-26T22:21:35.497153+00:00,07f552badfa8a565d1be22123713e4da,NYJ,DET,rushyds,Breece Hall,over,69.5,144
2026-09-26T22:21:35.497153+00:00,07f552badfa8a565d1be22123713e4da,NYJ,DET,rushyds,Breece Hall,over,79.5,220
2026-09-26T22:21:35.497153+00:00,07f552badfa8a565d1be22123713e4da,NYJ,DET,rushyds,Breece Hall,over,89.5,320
2026-09-26T22:21:35.497153+00:00,07f552badfa8a565d1be22123713e4da,NYJ,DET,rushyds,Breece Hall,over,99.5,470
2026-09-26T22:21:35.497153+00:00,07f552badfa8a565d1be22123713e4da,NYJ,DET,rushyds,Breece Hall,over,109.5,640
2026-09-26T22:21:35.497153+00:00,07f552badfa8a565d1be22123713e4da,NYJ,DET,rushyds,Breece Hall,over,124.5,1100
2026-09-26T22:21:35.497153+00:00,07f552badfa8a565d1be22123713e4da,NYJ,DET,rushyds,Geno Smith,over,4.5,-380
2026-09-26T22:21:35.497153+00:00,07f552badfa8a565d1be22123713e4da,NYJ,DET,rushyds,Geno Smith,over,9.5,-154
2026-09-26T22:21:35.497153+00:00,07f552badfa8a565d1be22123713e4da,NYJ,DET,rushyds,Geno Smith,over,14.5,130
2026-09-26T22:21:35.497153+00:00,07f552badfa8a565d1be22123713e4da,NYJ,DET,rushyds,Geno Smith,over,19.5,225
2026-09-26T22:21:35.497153+00:00,07f552badfa8a565d1be22123713e4da,NYJ,DET,rushyds,Geno Smith,over,24.5,370
2026-09-26T22:21:35.497153+00:00,07f552badfa8a565d1be22123713e4da,NYJ,DET,rushyds,Geno Smith,over,29.5,580
2026-09-26T22:21:35.497153+00:00,07f552badfa8a565d1be22123713e4da,NYJ,DET,recyds,Isaac TeSlaa,over,4.5,-310
2026-09-26T22:21:35.497153+00:00,07f552badfa8a565d1be22123713e4da,NYJ,DET,recyds,Isaac TeSlaa,over,9.5,-192
2026-09-26T22:21:35.497153+00:00,07f552badfa8a565d1be22123713e4da,NYJ,DET,recyds,Isaac TeSlaa,over,14.5,-128
2026-09-26T22:21:35.497153+00:00,07f552badfa8a565d1be22123713e4da,NYJ,DET,recyds,Isaac TeSlaa,over,19.5,116
2026-09-26T22:21:35.497153+00:00,07f552badfa8a565d1be22123713e4da,NYJ,DET,recyds,Isaac TeSlaa,over,24.5,162
2026-09-26T22:21:35.497153+00:00,07f552badfa8a565d1be22123713e4da,NYJ,DET,recyds,Isaac TeSlaa,over,29.5,220
2026-09-26T22:21:35.497153+00:00,07f552badfa8a565d1be22123713e4da,NYJ,DET,recyds,Isaac TeSlaa,over,39.5,350
2026-09-26T22:21:35.497153+00:00,07f552badfa8a565d1be22123713e4da,NYJ,DET,recyds,Isaac TeSlaa,over,49.5,550
2026-09-26T22:21:35.497153+00:00,07f552badfa8a565d1be22123713e4da,NYJ,DET,recyds,Isaac TeSlaa,over,59.5,750
2026-09-26T22:21:35.497153+00:00,07f552badfa8a565d1be22123713e4da,NYJ,DET,recyds,Amon-Ra St. Brown,over,39.5,-800
2026-09-26T22:21:35.497153+00:00,07f552badfa8a565d1be22123713e4da,NYJ,DET,recyds,Amon-Ra St. Brown,over,49.5,-420
2026-09-26T22:21:35.497153+00:00,07f552badfa8a565d1be22123713e4da,NYJ,DET,recyds,Amon-Ra St. Brown,over,59.5,-245
2026-09-26T22:21:35.497153+00:00,07f552badfa8a565d1be22123713e4da,NYJ,DET,recyds,Amon-Ra St. Brown,over,69.5,-154
2026-09-26T22:21:35.497153+00:00,07f552badfa8a565d1be22123713e4da,NYJ,DET,recyds,Amon-Ra St. Brown,over,79.5,102
2026-09-26T22:21:35.497153+00:00,07f552badfa8a565d1be22123713e4da,NYJ,DET,recyds,Amon-Ra St. Brown,over,89.5,152
2026-09-26T22:21:35.497153+00:00,07f552badfa8a565d1be22123713e4da,NYJ,DET,recyds,Amon-Ra St. Brown,over,99.5,220
2026-09-26T22:21:35.497153+00:00,07f552badfa8a565d1be22123713e4da,NYJ,DET,recyds,Amon-Ra St. Brown,over,109.5,300
2026-09-26T22:21:35.497153+00:00,07f552badfa8a565d1be22123713e4da,NYJ,DET,recyds,Amon-Ra St. Brown,over,124.5,520
2026-09-26T22:21:35.497153+00:00,07f552badfa8a565d1be22123713e4da,NYJ,DET,recyds,Amon-Ra St. Brown,over,149.5,1000
2026-09-26T22:21:35.497153+00:00,07f552badfa8a565d1be22123713e4da,NYJ,DET,recyds,Jameson Williams,over,19.5,-1100
2026-09-26T22:21:35.497153+00:00,07f552badfa8a565d1be22123713e4da,NYJ,DET,recyds,Jameson Williams,over,24.5,-650
2026-09-26T22:21:35.497153+00:00,07f552badfa8a565d1be22123713e4da,NYJ,DET,recyds,Jameson Williams,over,29.5,-440
2026-09-26T22:21:35.497153+00:00,07f552badfa8a565d1be22123713e4da,NYJ,DET,recyds,Jameson Williams,over,39.5,-240
2026-09-26T22:21:35.497153+00:00,07f552badfa8a565d1be22123713e4da,NYJ,DET,recyds,Jameson Williams,over,49.5,-146
2026-09-26T22:21:35.497153+00:00,07f552badfa8a565d1be22123713e4da,NYJ,DET,recyds,Jameson Williams,over,59.5,110
2026-09-26T22:21:35.497153+00:00,07f552badfa8a565d1be22123713e4da,NYJ,DET,recyds,Jameson Williams,over,69.5,168
2026-09-26T22:21:35.497153+00:00,07f552badfa8a565d1be22123713e4da,NYJ,DET,recyds,Jameson Williams,over,79.5,240
2026-09-26T22:21:35.497153+00:00,07f552badfa8a565d1be22123713e4da,NYJ,DET,recyds,Jameson Williams,over,89.5,350
2026-09-26T22:21:35.497153+00:00,07f552badfa8a565d1be22123713e4da,NYJ,DET,recyds,Jameson Williams,over,99.5,490
2026-09-26T22:21:35.497153+00:00,07f552badfa8a565d1be22123713e4da,NYJ,DET,recyds,Jameson Williams,over,109.5,640
2026-09-26T22:21:35.497153+00:00,07f552badfa8a565d1be22123713e4da,NYJ,DET,recyds,Jameson Williams,over,124.5,920
2026-09-26T22:21:35.497153+00:00,07f552badfa8a565d1be22123713e4da,NYJ,DET,recyds,Isaiah Williams,over,4.5,-1200
2026-09-26T22:21:35.497153+00:00,07f552badfa8a565d1be22123713e4da,NYJ,DET,recyds,Isaiah Williams,over,9.5,-500
2026-09-26T22:21:35.497153+00:00,07f552badfa8a565d1be22123713e4da,NYJ,DET,recyds,Isaiah Williams,over,14.5,-290
2026-09-26T22:21:35.497153+00:00,07f552badfa8a565d1be22123713e4da,NYJ,DET,recyds,Isaiah Williams,over,19.5,-182
2026-09-26T22:21:35.497153+00:00,07f552badfa8a565d1be22123713e4da,NYJ,DET,recyds,Isaiah Williams,over,24.5,-122
2026-09-26T22:21:35.497153+00:00,07f552badfa8a565d1be22123713e4da,NYJ,DET,recyds,Isaiah Williams,over,29.5,116
2026-09-26T22:21:35.497153+00:00,07f552badfa8a565d1be22123713e4da,NYJ,DET,recyds,Isaiah Williams,over,39.5,210
2026-09-26T22:21:35.497153+00:00,07f552badfa8a565d1be22123713e4da,NYJ,DET,recyds,Isaiah Williams,over,49.5,360
2026-09-26T22:21:35.497153+00:00,07f552badfa8a565d1be22123713e4da,NYJ,DET,recyds,Isaiah Williams,over,59.5,580
2026-09-26T22:21:35.497153+00:00,07f552badfa8a565d1be22123713e4da,NYJ,DET,recyds,Isaiah Williams,over,69.5,880
2026-09-26T22:21:35.497153+00:00,07f552badfa8a565d1be22123713e4da,NYJ,DET,recyds,Isaiah Williams,over,79.5,1200
2026-09-26T22:21:35.497153+00:00,07f552badfa8a565d1be22123713e4da,NYJ,DET,recyds,Isaiah Williams,over,89.5,1700
2026-09-26T22:21:35.497153+00:00,07f552badfa8a565d1be22123713e4da,NYJ,DET,recyds,Sam LaPorta,over,14.5,-1800
2026-09-26T22:21:35.497153+00:00,07f552badfa8a565d1be22123713e4da,NYJ,DET,recyds,Sam LaPorta,over,19.5,-850
2026-09-26T22:21:35.497153+00:00,07f552badfa8a565d1be22123713e4da,NYJ,DET,recyds,Sam LaPorta,over,24.5,-490
2026-09-26T22:21:35.497153+00:00,07f552badfa8a565d1be22123713e4da,NYJ,DET,recyds,Sam LaPorta,over,29.5,-320
2026-09-26T22:21:35.497153+00:00,07f552badfa8a565d1be22123713e4da,NYJ,DET,recyds,Sam LaPorta,over,39.5,-166
2026-09-26T22:21:35.497153+00:00,07f552badfa8a565d1be22123713e4da,NYJ,DET,recyds,Sam LaPorta,over,49.5,110
2026-09-26T22:21:35.497153+00:00,07f552badfa8a565d1be22123713e4da,NYJ,DET,recyds,Sam LaPorta,over,59.5,182
2026-09-26T22:21:35.497153+00:00,07f552badfa8a565d1be22123713e4da,NYJ,DET,recyds,Sam LaPorta,over,69.5,290
2026-09-26T22:21:35.497153+00:00,07f552badfa8a565d1be22123713e4da,NYJ,DET,recyds,Sam LaPorta,over,79.5,450
2026-09-26T22:21:35.497153+00:00,07f552badfa8a565d1be22123713e4da,NYJ,DET,recyds,Sam LaPorta,over,89.5,680
2026-09-26T22:21:35.497153+00:00,07f552badfa8a565d1be22123713e4da,NYJ,DET,recyds,Sam LaPorta,over,99.5,920
2026-09-26T22:21:35.497153+00:00,07f552badfa8a565d1be22123713e4da,NYJ,DET,recyds,Sam LaPorta,over,109.5,1280
2026-09-26T22:21:35.497153+00:00,07f552badfa8a565d1be22123713e4da,NYJ,DET,recyds,Kenyon Sadiq,over,4.5,-1800
2026-09-26T22:21:35.497153+00:00,07f552badfa8a565d1be22123713e4da,NYJ,DET,recyds,Kenyon Sadiq,over,9.5,-670
2026-09-26T22:21:35.497153+00:00,07f552badfa8a565d1be22123713e4da,NYJ,DET,recyds,Kenyon Sadiq,over,14.5,-360
2026-09-26T22:21:35.497153+00:00,07f552badfa8a565d1be22123713e4da,NYJ,DET,recyds,Kenyon Sadiq,over,19.5,-235
2026-09-26T22:21:35.497153+00:00,07f552badfa8a565d1be22123713e4da,NYJ,DET,recyds,Kenyon Sadiq,over,24.5,-158
2026-09-26T22:21:35.497153+00:00,07f552badfa8a565d1be22123713e4da,NYJ,DET,recyds,Kenyon Sadiq,over,29.5,-106
2026-09-26T22:21:35.497153+00:00,07f552badfa8a565d1be22123713e4da,NYJ,DET,recyds,Kenyon Sadiq,over,39.5,182
2026-09-26T22:21:35.497153+00:00,07f552badfa8a565d1be22123713e4da,NYJ,DET,recyds,Kenyon Sadiq,over,49.5,300
2026-09-26T22:21:35.497153+00:00,07f552badfa8a565d1be22123713e4da,NYJ,DET,recyds,Kenyon Sadiq,over,59.5,490
2026-09-26T22:21:35.497153+00:00,07f552badfa8a565d1be22123713e4da,NYJ,DET,recyds,Kenyon Sadiq,over,69.5,750
2026-09-26T22:21:35.497153+00:00,07f552badfa8a565d1be22123713e4da,NYJ,DET,recyds,Kenyon Sadiq,over,79.5,1200
2026-09-26T22:21:35.497153+00:00,07f552badfa8a565d1be22123713e4da,NYJ,DET,recyds,Kenyon Sadiq,over,89.5,1500
2026-09-26T22:21:35.497153+00:00,07f552badfa8a565d1be22123713e4da,NYJ,DET,recyds,Adonai Mitchell,over,14.5,-1000
2026-09-26T22:21:35.497153+00:00,07f552badfa8a565d1be22123713e4da,NYJ,DET,recyds,Adonai Mitchell,over,19.5,-550
2026-09-26T22:21:35.497153+00:00,07f552badfa8a565d1be22123713e4da,NYJ,DET,recyds,Adonai Mitchell,over,24.5,-360
2026-09-26T22:21:35.497153+00:00,07f552badfa8a565d1be22123713e4da,NYJ,DET,recyds,Adonai Mitchell,over,29.5,-260
2026-09-26T22:21:35.497153+00:00,07f552badfa8a565d1be22123713e4da,NYJ,DET,recyds,Adonai Mitchell,over,39.5,-140
2026-09-26T22:21:35.497153+00:00,07f552badfa8a565d1be22123713e4da,NYJ,DET,recyds,Adonai Mitchell,over,49.5,118
2026-09-26T22:21:35.497153+00:00,07f552badfa8a565d1be22123713e4da,NYJ,DET,recyds,Adonai Mitchell,over,59.5,182
2026-09-26T22:21:35.497153+00:00,07f552badfa8a565d1be22123713e4da,NYJ,DET,recyds,Adonai Mitchell,over,69.5,270
2026-09-26T22:21:35.497153+00:00,07f552badfa8a565d1be22123713e4da,NYJ,DET,recyds,Adonai Mitchell,over,79.5,400
2026-09-26T22:21:35.497153+00:00,07f552badfa8a565d1be22123713e4da,NYJ,DET,recyds,Adonai Mitchell,over,89.5,580
2026-09-26T22:21:35.497153+00:00,07f552badfa8a565d1be22123713e4da,NYJ,DET,recyds,Adonai Mitchell,over,99.5,800
2026-09-26T22:21:35.497153+00:00,07f552badfa8a565d1be22123713e4da,NYJ,DET,recyds,Adonai Mitchell,over,109.5,1000
2026-09-26T22:21:35.497153+00:00,07f552badfa8a565d1be22123713e4da,NYJ,DET,recyds,Adonai Mitchell,over,124.5,1500
2026-09-26T22:21:35.497153+00:00,07f552badfa8a565d1be22123713e4da,NYJ,DET,recyds,Garrett Wilson,over,39.5,-700
2026-09-26T22:21:35.497153+00:00,07f552badfa8a565d1be22123713e4da,NYJ,DET,recyds,Garrett Wilson,over,49.5,-380
2026-09-26T22:21:35.497153+00:00,07f552badfa8a565d1be22123713e4da,NYJ,DET,recyds,Garrett Wilson,over,59.5,-225
2026-09-26T22:21:35.497153+00:00,07f552badfa8a565d1be22123713e4da,NYJ,DET,recyds,Garrett Wilson,over,69.5,-144
2026-09-26T22:21:35.497153+00:00,07f552badfa8a565d1be22123713e4da,NYJ,DET,recyds,Garrett Wilson,over,79.5,108
2026-09-26T22:21:35.497153+00:00,07f552badfa8a565d1be22123713e4da,NYJ,DET,recyds,Garrett Wilson,over,89.5,162
2026-09-26T22:21:35.497153+00:00,07f552badfa8a565d1be22123713e4da,NYJ,DET,recyds,Garrett Wilson,over,99.5,225
2026-09-26T22:21:35.497153+00:00,07f552badfa8a565d1be22123713e4da,NYJ,DET,recyds,Garrett Wilson,over,109.5,320
2026-09-26T22:21:35.497153+00:00,07f552badfa8a565d1be22123713e4da,NYJ,DET,recyds,Garrett Wilson,over,124.5,520
2026-09-26T22:21:35.497153+00:00,07f552badfa8a565d1be22123713e4da,NYJ,DET,recyds,Garrett Wilson,over,149.5,1000
2026-09-26T22:21:35.497153+00:00,07f552badfa8a565d1be22123713e4da,NYJ,DET,recyds,Breece Hall,over,4.5,-1200
2026-09-26T22:21:35.497153+00:00,07f552badfa8a565d1be22123713e4da,NYJ,DET,recyds,Breece Hall,over,9.5,-440
2026-09-26T22:21:35.497153+00:00,07f552badfa8a565d1be22123713e4da,NYJ,DET,recyds,Breece Hall,over,14.5,-230
2026-09-26T22:21:35.497153+00:00,07f552badfa8a565d1be22123713e4da,NYJ,DET,recyds,Breece Hall,over,19.5,-138
2026-09-26T22:21:35.497153+00:00,07f552badfa8a565d1be22123713e4da,NYJ,DET,recyds,Breece Hall,over,24.5,114
2026-09-26T22:21:35.497153+00:00,07f552badfa8a565d1be22123713e4da,NYJ,DET,recyds,Breece Hall,over,29.5,164
2026-09-26T22:21:35.497153+00:00,07f552badfa8a565d1be22123713e4da,NYJ,DET,recyds,Breece Hall,over,39.5,310
2026-09-26T22:21:35.497153+00:00,07f552badfa8a565d1be22123713e4da,NYJ,DET,recyds,Breece Hall,over,49.5,580
2026-09-26T22:21:35.497153+00:00,07f552badfa8a565d1be22123713e4da,NYJ,DET,recyds,Breece Hall,over,59.5,880
2026-09-26T22:21:35.497153+00:00,07f552badfa8a565d1be22123713e4da,NYJ,DET,recyds,Breece Hall,over,69.5,1280
2026-09-26T22:21:35.497153+00:00,07f552badfa8a565d1be22123713e4da,NYJ,DET,recyds,Jahmyr Gibbs,over,9.5,-1600
2026-09-26T22:21:35.497153+00:00,07f552badfa8a565d1be22123713e4da,NYJ,DET,recyds,Jahmyr Gibbs,over,14.5,-700
2026-09-26T22:21:35.497153+00:00,07f552badfa8a565d1be22123713e4da,NYJ,DET,recyds,Jahmyr Gibbs,over,19.5,-420
2026-09-26T22:21:35.497153+00:00,07f552badfa8a565d1be22123713e4da,NYJ,DET,recyds,Jahmyr Gibbs,over,24.5,-260
2026-09-26T22:21:35.497153+00:00,07f552badfa8a565d1be22123713e4da,NYJ,DET,recyds,Jahmyr Gibbs,over,29.5,-178
2026-09-26T22:21:35.497153+00:00,07f552badfa8a565d1be22123713e4da,NYJ,DET,recyds,Jahmyr Gibbs,over,39.5,114
2026-09-26T22:21:35.497153+00:00,07f552badfa8a565d1be22123713e4da,NYJ,DET,recyds,Jahmyr Gibbs,over,49.5,198
2026-09-26T22:21:35.497153+00:00,07f552badfa8a565d1be22123713e4da,NYJ,DET,recyds,Jahmyr Gibbs,over,59.5,320
2026-09-26T22:21:35.497153+00:00,07f552badfa8a565d1be22123713e4da,NYJ,DET,recyds,Jahmyr Gibbs,over,69.5,520
2026-09-26T22:21:35.497153+00:00,07f552badfa8a565d1be22123713e4da,NYJ,DET,recyds,Jahmyr Gibbs,over,79.5,750
2026-09-26T22:21:35.497153+00:00,07f552badfa8a565d1be22123713e4da,NYJ,DET,recyds,Jahmyr Gibbs,over,89.5,1100
2026-09-26T22:21:35.497153+00:00,07f552badfa8a565d1be22123713e4da,NYJ,DET,recyds,Jahmyr Gibbs,over,99.5,1500
2026-09-26T22:21:35.497153+00:00,07f552badfa8a565d1be22123713e4da,NYJ,DET,recs,Isaac TeSlaa,over,0.5,-380
2026-09-26T22:21:35.497153+00:00,07f552badfa8a565d1be22123713e4da,NYJ,DET,recs,Isaac TeSlaa,over,1.5,130
2026-09-26T22:21:35.497153+00:00,07f552badfa8a565d1be22123713e4da,NYJ,DET,recs,Isaac TeSlaa,over,2.5,400
2026-09-26T22:21:35.497153+00:00,07f552badfa8a565d1be22123713e4da,NYJ,DET,recs,Isaac TeSlaa,over,3.5,920
2026-09-26T22:21:35.497153+00:00,07f552badfa8a565d1be22123713e4da,NYJ,DET,recs,Garrett Wilson,over,3.5,-1000
2026-09-26T22:21:35.497153+00:00,07f552badfa8a565d1be22123713e4da,NYJ,DET,recs,Garrett Wilson,over,4.5,-360
2026-09-26T22:21:35.497153+00:00,07f552badfa8a565d1be22123713e4da,NYJ,DET,recs,Garrett Wilson,over,5.5,-182
2026-09-26T22:21:35.497153+00:00,07f552badfa8a565d1be22123713e4da,NYJ,DET,recs,Garrett Wilson,over,6.5,106
2026-09-26T22:21:35.497153+00:00,07f552badfa8a565d1be22123713e4da,NYJ,DET,recs,Garrett Wilson,over,7.5,188
2026-09-26T22:21:35.497153+00:00,07f552badfa8a565d1be22123713e4da,NYJ,DET,recs,Garrett Wilson,over,8.5,320
2026-09-26T22:21:35.497153+00:00,07f552badfa8a565d1be22123713e4da,NYJ,DET,recs,Garrett Wilson,over,9.5,550
2026-09-26T22:21:35.497153+00:00,07f552badfa8a565d1be22123713e4da,NYJ,DET,recs,Garrett Wilson,over,10.5,850
2026-09-26T22:21:35.497153+00:00,07f552badfa8a565d1be22123713e4da,NYJ,DET,recs,Garrett Wilson,over,11.5,1260
2026-09-26T22:21:35.497153+00:00,07f552badfa8a565d1be22123713e4da,NYJ,DET,recs,Isaiah Williams,over,1.5,-360
2026-09-26T22:21:35.497153+00:00,07f552badfa8a565d1be22123713e4da,NYJ,DET,recs,Isaiah Williams,over,2.5,-122
2026-09-26T22:21:35.497153+00:00,07f552badfa8a565d1be22123713e4da,NYJ,DET,recs,Isaiah Williams,over,3.5,205
2026-09-26T22:21:35.497153+00:00,07f552badfa8a565d1be22123713e4da,NYJ,DET,recs,Isaiah Williams,over,4.5,430
2026-09-26T22:21:35.497153+00:00,07f552badfa8a565d1be22123713e4da,NYJ,DET,recs,Isaiah Williams,over,5.5,880
2026-09-26T22:21:35.497153+00:00,07f552badfa8a565d1be22123713e4da,NYJ,DET,recs,Amon-Ra St. Brown,over,3.5,-1600
2026-09-26T22:21:35.497153+00:00,07f552badfa8a565d1be22123713e4da,NYJ,DET,recs,Amon-Ra St. Brown,over,4.5,-550
2026-09-26T22:21:35.497153+00:00,07f552badfa8a565d1be22123713e4da,NYJ,DET,recs,Amon-Ra St. Brown,over,5.5,-260
2026-09-26T22:21:35.497153+00:00,07f552badfa8a565d1be22123713e4da,NYJ,DET,recs,Amon-Ra St. Brown,over,6.5,-138
2026-09-26T22:21:35.497153+00:00,07f552badfa8a565d1be22123713e4da,NYJ,DET,recs,Amon-Ra St. Brown,over,7.5,128
2026-09-26T22:21:35.497153+00:00,07f552badfa8a565d1be22123713e4da,NYJ,DET,recs,Amon-Ra St. Brown,over,8.5,220
2026-09-26T22:21:35.497153+00:00,07f552badfa8a565d1be22123713e4da,NYJ,DET,recs,Amon-Ra St. Brown,over,9.5,360
2026-09-26T22:21:35.497153+00:00,07f552badfa8a565d1be22123713e4da,NYJ,DET,recs,Amon-Ra St. Brown,over,10.5,580
2026-09-26T22:21:35.497153+00:00,07f552badfa8a565d1be22123713e4da,NYJ,DET,recs,Amon-Ra St. Brown,over,11.5,880
2026-09-26T22:21:35.497153+00:00,07f552badfa8a565d1be22123713e4da,NYJ,DET,recs,Amon-Ra St. Brown,over,12.5,1280
2026-09-26T22:21:35.497153+00:00,07f552badfa8a565d1be22123713e4da,NYJ,DET,recs,Breece Hall,over,1.5,-600
2026-09-26T22:21:35.497153+00:00,07f552badfa8a565d1be22123713e4da,NYJ,DET,recs,Breece Hall,over,2.5,-210
2026-09-26T22:21:35.497153+00:00,07f552badfa8a565d1be22123713e4da,NYJ,DET,recs,Breece Hall,over,3.5,118
2026-09-26T22:21:35.497153+00:00,07f552badfa8a565d1be22123713e4da,NYJ,DET,recs,Breece Hall,over,4.5,235
2026-09-26T22:21:35.497153+00:00,07f552badfa8a565d1be22123713e4da,NYJ,DET,recs,Breece Hall,over,5.5,450
2026-09-26T22:21:35.497153+00:00,07f552badfa8a565d1be22123713e4da,NYJ,DET,recs,Breece Hall,over,6.5,850
2026-09-26T22:21:35.497153+00:00,07f552badfa8a565d1be22123713e4da,NYJ,DET,recs,Breece Hall,over,7.5,1280
2026-09-26T22:21:35.497153+00:00,07f552badfa8a565d1be22123713e4da,NYJ,DET,recs,Kenyon Sadiq,over,1.5,-550
2026-09-26T22:21:35.497153+00:00,07f552badfa8a565d1be22123713e4da,NYJ,DET,recs,Kenyon Sadiq,over,2.5,-180
2026-09-26T22:21:35.497153+00:00,07f552badfa8a565d1be22123713e4da,NYJ,DET,recs,Kenyon Sadiq,over,3.5,136
2026-09-26T22:21:35.497153+00:00,07f552badfa8a565d1be22123713e4da,NYJ,DET,recs,Kenyon Sadiq,over,4.5,280
2026-09-26T22:21:35.497153+00:00,07f552badfa8a565d1be22123713e4da,NYJ,DET,recs,Kenyon Sadiq,over,5.5,550
2026-09-26T22:21:35.497153+00:00,07f552badfa8a565d1be22123713e4da,NYJ,DET,recs,Kenyon Sadiq,over,6.5,880
2026-09-26T22:21:35.497153+00:00,07f552badfa8a565d1be22123713e4da,NYJ,DET,recs,Kenyon Sadiq,over,7.5,1400
2026-09-26T22:21:35.497153+00:00,07f552badfa8a565d1be22123713e4da,NYJ,DET,recs,Sam LaPorta,over,2.5,-670
2026-09-26T22:21:35.497153+00:00,07f552badfa8a565d1be22123713e4da,NYJ,DET,recs,Sam LaPorta,over,3.5,-260
2026-09-26T22:21:35.497153+00:00,07f552badfa8a565d1be22123713e4da,NYJ,DET,recs,Sam LaPorta,over,4.5,-118
2026-09-26T22:21:35.497153+00:00,07f552badfa8a565d1be22123713e4da,NYJ,DET,recs,Sam LaPorta,over,5.5,174
2026-09-26T22:21:35.497153+00:00,07f552badfa8a565d1be22123713e4da,NYJ,DET,recs,Sam LaPorta,over,6.5,310
2026-09-26T22:21:35.497153+00:00,07f552badfa8a565d1be22123713e4da,NYJ,DET,recs,Sam LaPorta,over,7.5,550
2026-09-26T22:21:35.497153+00:00,07f552badfa8a565d1be22123713e4da,NYJ,DET,recs,Sam LaPorta,over,8.5,880
2026-09-26T22:21:35.497153+00:00,07f552badfa8a565d1be22123713e4da,NYJ,DET,recs,Sam LaPorta,over,9.5,1400
2026-09-26T22:21:35.497153+00:00,07f552badfa8a565d1be22123713e4da,NYJ,DET,recs,Jameson Williams,over,1.5,-1600
2026-09-26T22:21:35.497153+00:00,07f552badfa8a565d1be22123713e4da,NYJ,DET,recs,Jameson Williams,over,2.5,-380
2026-09-26T22:21:35.497153+00:00,07f552badfa8a565d1be22123713e4da,NYJ,DET,recs,Jameson Williams,over,3.5,-148
2026-09-26T22:21:35.497153+00:00,07f552badfa8a565d1be22123713e4da,NYJ,DET,recs,Jameson Williams,over,4.5,154
2026-09-26T22:21:35.497153+00:00,07f552badfa8a565d1be22123713e4da,NYJ,DET,recs,Jameson Williams,over,5.5,310
2026-09-26T22:21:35.497153+00:00,07f552badfa8a565d1be22123713e4da,NYJ,DET,recs,Jameson Williams,over,6.5,580
2026-09-26T22:21:35.497153+00:00,07f552badfa8a565d1be22123713e4da,NYJ,DET,recs,Jameson Williams,over,7.5,1000
2026-09-26T22:21:35.497153+00:00,07f552badfa8a565d1be22123713e4da,NYJ,DET,recs,Jameson Williams,over,8.5,1500
2026-09-26T22:21:35.497153+00:00,07f552badfa8a565d1be22123713e4da,NYJ,DET,recs,Adonai Mitchell,over,1.5,-1000
2026-09-26T22:21:35.497153+00:00,07f552badfa8a565d1be22123713e4da,NYJ,DET,recs,Adonai Mitchell,over,2.5,-270
2026-09-26T22:21:35.497153+00:00,07f552badfa8a565d1be22123713e4da,NYJ,DET,recs,Adonai Mitchell,over,3.5,-102
2026-09-26T22:21:35.497153+00:00,07f552badfa8a565d1be22123713e4da,NYJ,DET,recs,Adonai Mitchell,over,4.5,205
2026-09-26T22:21:35.497153+00:00,07f552badfa8a565d1be22123713e4da,NYJ,DET,recs,Adonai Mitchell,over,5.5,410
2026-09-26T22:21:35.497153+00:00,07f552badfa8a565d1be22123713e4da,NYJ,DET,recs,Adonai Mitchell,over,6.5,800
2026-09-26T22:21:35.497153+00:00,07f552badfa8a565d1be22123713e4da,NYJ,DET,recs,Adonai Mitchell,over,7.5,1280
2026-09-26T22:21:35.497153+00:00,07f552badfa8a565d1be22123713e4da,NYJ,DET,recs,Jahmyr Gibbs,over,2.5,-550
2026-09-26T22:21:35.497153+00:00,07f552badfa8a565d1be22123713e4da,NYJ,DET,recs,Jahmyr Gibbs,over,3.5,-225
2026-09-26T22:21:35.497153+00:00,07f552badfa8a565d1be22123713e4da,NYJ,DET,recs,Jahmyr Gibbs,over,4.5,-104
2026-09-26T22:21:35.497153+00:00,07f552badfa8a565d1be22123713e4da,NYJ,DET,recs,Jahmyr Gibbs,over,5.5,178
2026-09-26T22:21:35.497153+00:00,07f552badfa8a565d1be22123713e4da,NYJ,DET,recs,Jahmyr Gibbs,over,6.5,320
2026-09-26T22:21:35.497153+00:00,07f552badfa8a565d1be22123713e4da,NYJ,DET,recs,Jahmyr Gibbs,over,7.5,550
2026-09-26T22:21:35.497153+00:00,07f552badfa8a565d1be22123713e4da,NYJ,DET,recs,Jahmyr Gibbs,over,8.5,880
2026-09-26T22:21:35.497153+00:00,07f552badfa8a565d1be22123713e4da,NYJ,DET,recs,Jahmyr Gibbs,over,9.5,1280
2026-09-26T22:21:35.497153+00:00,17a730b7d399feeab6a78c30767c29d2,HOU,IND,passyds,Daniel Jones,over,149.5,-750
2026-09-26T22:21:35.497153+00:00,17a730b7d399feeab6a78c30767c29d2,HOU,IND,passyds,Daniel Jones,over,174.5,-340
2026-09-26T22:21:35.497153+00:00,17a730b7d399feeab6a78c30767c29d2,HOU,IND,passyds,Daniel Jones,over,199.5,-174
2026-09-26T22:21:35.497153+00:00,17a730b7d399feeab6a78c30767c29d2,HOU,IND,passyds,Daniel Jones,over,224.5,110
2026-09-26T22:21:35.497153+00:00,17a730b7d399feeab6a78c30767c29d2,HOU,IND,passyds,Daniel Jones,over,249.5,198
2026-09-26T22:21:35.497153+00:00,17a730b7d399feeab6a78c30767c29d2,HOU,IND,passyds,Daniel Jones,over,274.5,360
2026-09-26T22:21:35.497153+00:00,17a730b7d399feeab6a78c30767c29d2,HOU,IND,passyds,Daniel Jones,over,299.5,630
2026-09-26T22:21:35.497153+00:00,17a730b7d399feeab6a78c30767c29d2,HOU,IND,passyds,Daniel Jones,over,324.5,1000
2026-09-26T22:21:35.497153+00:00,17a730b7d399feeab6a78c30767c29d2,HOU,IND,passyds,Daniel Jones,over,349.5,1700
2026-09-26T22:21:35.497153+00:00,17a730b7d399feeab6a78c30767c29d2,HOU,IND,passyds,C.J. Stroud,over,174.5,-800
2026-09-26T22:21:35.497153+00:00,17a730b7d399feeab6a78c30767c29d2,HOU,IND,passyds,C.J. Stroud,over,199.5,-350
2026-09-26T22:21:35.497153+00:00,17a730b7d399feeab6a78c30767c29d2,HOU,IND,passyds,C.J. Stroud,over,224.5,-192
2026-09-26T22:21:35.497153+00:00,17a730b7d399feeab6a78c30767c29d2,HOU,IND,passyds,C.J. Stroud,over,249.5,102
2026-09-26T22:21:35.497153+00:00,17a730b7d399feeab6a78c30767c29d2,HOU,IND,passyds,C.J. Stroud,over,274.5,182
2026-09-26T22:21:35.497153+00:00,17a730b7d399feeab6a78c30767c29d2,HOU,IND,passyds,C.J. Stroud,over,299.5,320
2026-09-26T22:21:35.497153+00:00,17a730b7d399feeab6a78c30767c29d2,HOU,IND,passyds,C.J. Stroud,over,324.5,580
2026-09-26T22:21:35.497153+00:00,17a730b7d399feeab6a78c30767c29d2,HOU,IND,passyds,C.J. Stroud,over,349.5,880
2026-09-26T22:21:35.497153+00:00,17a730b7d399feeab6a78c30767c29d2,HOU,IND,passyds,C.J. Stroud,over,374.5,1400
2026-09-26T22:21:35.497153+00:00,17a730b7d399feeab6a78c30767c29d2,HOU,IND,rushyds,Jonathan Taylor,over,39.5,-1800
2026-09-26T22:21:35.497153+00:00,17a730b7d399feeab6a78c30767c29d2,HOU,IND,rushyds,Jonathan Taylor,over,49.5,-650
2026-09-26T22:21:35.497153+00:00,17a730b7d399feeab6a78c30767c29d2,HOU,IND,rushyds,Jonathan Taylor,over,59.5,-330
2026-09-26T22:21:35.497153+00:00,17a730b7d399feeab6a78c30767c29d2,HOU,IND,rushyds,Jonathan Taylor,over,69.5,-205
2026-09-26T22:21:35.497153+00:00,17a730b7d399feeab6a78c30767c29d2,HOU,IND,rushyds,Jonathan Taylor,over,79.5,-128
2026-09-26T22:21:35.497153+00:00,17a730b7d399feeab6a78c30767c29d2,HOU,IND,rushyds,Jonathan Taylor,over,89.5,122
2026-09-26T22:21:35.497153+00:00,17a730b7d399feeab6a78c30767c29d2,HOU,IND,rushyds,Jonathan Taylor,over,99.5,182
2026-09-26T22:21:35.497153+00:00,17a730b7d399feeab6a78c30767c29d2,HOU,IND,rushyds,Jonathan Taylor,over,109.5,270
2026-09-26T22:21:35.497153+00:00,17a730b7d399feeab6a78c30767c29d2,HOU,IND,rushyds,Jonathan Taylor,over,124.5,450
2026-09-26T22:21:35.497153+00:00,17a730b7d399feeab6a78c30767c29d2,HOU,IND,rushyds,Jonathan Taylor,over,149.5,920
2026-09-26T22:21:35.497153+00:00,17a730b7d399feeab6a78c30767c29d2,HOU,IND,rushyds,C.J. Stroud,over,4.5,-330
2026-09-26T22:21:35.497153+00:00,17a730b7d399feeab6a78c30767c29d2,HOU,IND,rushyds,C.J. Stroud,over,9.5,-136
2026-09-26T22:21:35.497153+00:00,17a730b7d399feeab6a78c30767c29d2,HOU,IND,rushyds,C.J. Stroud,over,14.5,148
2026-09-26T22:21:35.497153+00:00,17a730b7d399feeab6a78c30767c29d2,HOU,IND,rushyds,C.J. Stroud,over,19.5,260
2026-09-26T22:21:35.497153+00:00,17a730b7d399feeab6a78c30767c29d2,HOU,IND,rushyds,C.J. Stroud,over,24.5,410
2026-09-26T22:21:35.497153+00:00,17a730b7d399feeab6a78c30767c29d2,HOU,IND,rushyds,C.J. Stroud,over,29.5,640
2026-09-26T22:21:35.497153+00:00,17a730b7d399feeab6a78c30767c29d2,HOU,IND,rushyds,Daniel Jones,over,4.5,-275
2026-09-26T22:21:35.497153+00:00,17a730b7d399feeab6a78c30767c29d2,HOU,IND,rushyds,Daniel Jones,over,9.5,-114
2026-09-26T22:21:35.497153+00:00,17a730b7d399feeab6a78c30767c29d2,HOU,IND,rushyds,Daniel Jones,over,14.5,172
2026-09-26T22:21:35.497153+00:00,17a730b7d399feeab6a78c30767c29d2,HOU,IND,rushyds,Daniel Jones,over,19.5,300
2026-09-26T22:21:35.497153+00:00,17a730b7d399feeab6a78c30767c29d2,HOU,IND,rushyds,Daniel Jones,over,24.5,490
2026-09-26T22:21:35.497153+00:00,17a730b7d399feeab6a78c30767c29d2,HOU,IND,rushyds,Daniel Jones,over,29.5,750
2026-09-26T22:21:35.497153+00:00,17a730b7d399feeab6a78c30767c29d2,HOU,IND,rushyds,Woody Marks,over,9.5,-1000
2026-09-26T22:21:35.497153+00:00,17a730b7d399feeab6a78c30767c29d2,HOU,IND,rushyds,Woody Marks,over,14.5,-440
2026-09-26T22:21:35.497153+00:00,17a730b7d399feeab6a78c30767c29d2,HOU,IND,rushyds,Woody Marks,over,19.5,-245
2026-09-26T22:21:35.497153+00:00,17a730b7d399feeab6a78c30767c29d2,HOU,IND,rushyds,Woody Marks,over,24.5,-148
2026-09-26T22:21:35.497153+00:00,17a730b7d399feeab6a78c30767c29d2,HOU,IND,rushyds,Woody Marks,over,29.5,104
2026-09-26T22:21:35.497153+00:00,17a730b7d399feeab6a78c30767c29d2,HOU,IND,rushyds,Woody Marks,over,39.5,205
2026-09-26T22:21:35.497153+00:00,17a730b7d399feeab6a78c30767c29d2,HOU,IND,rushyds,Woody Marks,over,49.5,370
2026-09-26T22:21:35.497153+00:00,17a730b7d399feeab6a78c30767c29d2,HOU,IND,rushyds,Woody Marks,over,59.5,630
2026-09-26T22:21:35.497153+00:00,17a730b7d399feeab6a78c30767c29d2,HOU,IND,rushyds,Woody Marks,over,69.5,920
2026-09-26T22:21:35.497153+00:00,17a730b7d399feeab6a78c30767c29d2,HOU,IND,rushyds,Woody Marks,over,79.5,1280
2026-09-26T22:21:35.497153+00:00,17a730b7d399feeab6a78c30767c29d2,HOU,IND,rushyds,David Montgomery,over,19.5,-1400
2026-09-26T22:21:35.497153+00:00,17a730b7d399feeab6a78c30767c29d2,HOU,IND,rushyds,David Montgomery,over,24.5,-670
2026-09-26T22:21:35.497153+00:00,17a730b7d399feeab6a78c30767c29d2,HOU,IND,rushyds,David Montgomery,over,29.5,-440
2026-09-26T22:21:35.497153+00:00,17a730b7d399feeab6a78c30767c29d2,HOU,IND,rushyds,David Montgomery,over,39.5,-210
2026-09-26T22:21:35.497153+00:00,17a730b7d399feeab6a78c30767c29d2,HOU,IND,rushyds,David Montgomery,over,49.5,-114
2026-09-26T22:21:35.497153+00:00,17a730b7d399feeab6a78c30767c29d2,HOU,IND,rushyds,David Montgomery,over,59.5,148
2026-09-26T22:21:35.497153+00:00,17a730b7d399feeab6a78c30767c29d2,HOU,IND,rushyds,David Montgomery,over,69.5,225
2026-09-26T22:21:35.497153+00:00,17a730b7d399feeab6a78c30767c29d2,HOU,IND,rushyds,David Montgomery,over,79.5,350
2026-09-26T22:21:35.497153+00:00,17a730b7d399feeab6a78c30767c29d2,HOU,IND,rushyds,David Montgomery,over,89.5,490
2026-09-26T22:21:35.497153+00:00,17a730b7d399feeab6a78c30767c29d2,HOU,IND,rushyds,David Montgomery,over,99.5,700
2026-09-26T22:21:35.497153+00:00,17a730b7d399feeab6a78c30767c29d2,HOU,IND,rushyds,David Montgomery,over,109.5,920
2026-09-26T22:21:35.497153+00:00,17a730b7d399feeab6a78c30767c29d2,HOU,IND,rushyds,David Montgomery,over,124.5,1500
2026-09-26T22:21:35.497153+00:00,17a730b7d399feeab6a78c30767c29d2,HOU,IND,recyds,Josh Downs,over,19.5,-1100
2026-09-26T22:21:35.497153+00:00,17a730b7d399feeab6a78c30767c29d2,HOU,IND,recyds,Josh Downs,over,24.5,-600
2026-09-26T22:21:35.497153+00:00,17a730b7d399feeab6a78c30767c29d2,HOU,IND,recyds,Josh Downs,over,29.5,-400
2026-09-26T22:21:35.497153+00:00,17a730b7d399feeab6a78c30767c29d2,HOU,IND,recyds,Josh Downs,over,39.5,-210
2026-09-26T22:21:35.497153+00:00,17a730b7d399feeab6a78c30767c29d2,HOU,IND,recyds,Josh Downs,over,49.5,-120
2026-09-26T22:21:35.497153+00:00,17a730b7d399feeab6a78c30767c29d2,HOU,IND,recyds,Josh Downs,over,59.5,138
2026-09-26T22:21:35.497153+00:00,17a730b7d399feeab6a78c30767c29d2,HOU,IND,recyds,Josh Downs,over,69.5,205
2026-09-26T22:21:35.497153+00:00,17a730b7d399feeab6a78c30767c29d2,HOU,IND,recyds,Josh Downs,over,79.5,310
2026-09-26T22:21:35.497153+00:00,17a730b7d399feeab6a78c30767c29d2,HOU,IND,recyds,Josh Downs,over,89.5,430
2026-09-26T22:21:35.497153+00:00,17a730b7d399feeab6a78c30767c29d2,HOU,IND,recyds,Josh Downs,over,99.5,640
2026-09-26T22:21:35.497153+00:00,17a730b7d399feeab6a78c30767c29d2,HOU,IND,recyds,Josh Downs,over,109.5,880
2026-09-26T22:21:35.497153+00:00,17a730b7d399feeab6a78c30767c29d2,HOU,IND,recyds,Josh Downs,over,124.5,1400
2026-09-26T22:21:35.497153+00:00,17a730b7d399feeab6a78c30767c29d2,HOU,IND,recyds,Dalton Schultz,over,19.5,-1200
2026-09-26T22:21:35.497153+00:00,17a730b7d399feeab6a78c30767c29d2,HOU,IND,recyds,Dalton Schultz,over,24.5,-670
2026-09-26T22:21:35.497153+00:00,17a730b7d399feeab6a78c30767c29d2,HOU,IND,recyds,Dalton Schultz,over,29.5,-420
2026-09-26T22:21:35.497153+00:00,17a730b7d399feeab6a78c30767c29d2,HOU,IND,recyds,Dalton Schultz,over,39.5,-210
2026-09-26T22:21:35.497153+00:00,17a730b7d399feeab6a78c30767c29d2,HOU,IND,recyds,Dalton Schultz,over,49.5,-114
2026-09-26T22:21:35.497153+00:00,17a730b7d399feeab6a78c30767c29d2,HOU,IND,recyds,Dalton Schultz,over,59.5,152
2026-09-26T22:21:35.497153+00:00,17a730b7d399feeab6a78c30767c29d2,HOU,IND,recyds,Dalton Schultz,over,69.5,235
2026-09-26T22:21:35.497153+00:00,17a730b7d399feeab6a78c30767c29d2,HOU,IND,recyds,Dalton Schultz,over,79.5,370
2026-09-26T22:21:35.497153+00:00,17a730b7d399feeab6a78c30767c29d2,HOU,IND,recyds,Dalton Schultz,over,89.5,580
2026-09-26T22:21:35.497153+00:00,17a730b7d399feeab6a78c30767c29d2,HOU,IND,recyds,Dalton Schultz,over,99.5,850
2026-09-26T22:21:35.497153+00:00,17a730b7d399feeab6a78c30767c29d2,HOU,IND,recyds,Dalton Schultz,over,109.5,1200
2026-09-26T22:21:35.497153+00:00,17a730b7d399feeab6a78c30767c29d2,HOU,IND,recyds,Jared Wayne,over,4.5,-380
2026-09-26T22:21:35.497153+00:00,17a730b7d399feeab6a78c30767c29d2,HOU,IND,recyds,Jared Wayne,over,9.5,-210
2026-09-26T22:21:35.497153+00:00,17a730b7d399feeab6a78c30767c29d2,HOU,IND,recyds,Jared Wayne,over,14.5,-136
2026-09-26T22:21:35.497153+00:00,17a730b7d399feeab6a78c30767c29d2,HOU,IND,recyds,Jared Wayne,over,19.5,108
2026-09-26T22:21:35.497153+00:00,17a730b7d399feeab6a78c30767c29d2,HOU,IND,recyds,Jared Wayne,over,24.5,154
2026-09-26T22:21:35.497153+00:00,17a730b7d399feeab6a78c30767c29d2,HOU,IND,recyds,Jared Wayne,over,29.5,210
2026-09-26T22:21:35.497153+00:00,17a730b7d399feeab6a78c30767c29d2,HOU,IND,recyds,Jared Wayne,over,39.5,360
2026-09-26T22:21:35.497153+00:00,17a730b7d399feeab6a78c30767c29d2,HOU,IND,recyds,Jared Wayne,over,49.5,580
2026-09-26T22:21:35.497153+00:00,17a730b7d399feeab6a78c30767c29d2,HOU,IND,recyds,Jared Wayne,over,59.5,880
2026-09-26T22:21:35.497153+00:00,17a730b7d399feeab6a78c30767c29d2,HOU,IND,recyds,Xavier Hutchinson,over,9.5,-1400
2026-09-26T22:21:35.497153+00:00,17a730b7d399feeab6a78c30767c29d2,HOU,IND,recyds,Xavier Hutchinson,over,14.5,-670
2026-09-26T22:21:35.497153+00:00,17a730b7d399feeab6a78c30767c29d2,HOU,IND,recyds,Xavier Hutchinson,over,19.5,-420
2026-09-26T22:21:35.497153+00:00,17a730b7d399feeab6a78c30767c29d2,HOU,IND,recyds,Xavier Hutchinson,over,24.5,-275
2026-09-26T22:21:35.497153+00:00,17a730b7d399feeab6a78c30767c29d2,HOU,IND,recyds,Xavier Hutchinson,over,29.5,-200
2026-09-26T22:21:35.497153+00:00,17a730b7d399feeab6a78c30767c29d2,HOU,IND,recyds,Xavier Hutchinson,over,39.5,-108
2026-09-26T22:21:35.497153+00:00,17a730b7d399feeab6a78c30767c29d2,HOU,IND,recyds,Xavier Hutchinson,over,49.5,154
2026-09-26T22:21:35.497153+00:00,17a730b7d399feeab6a78c30767c29d2,HOU,IND,recyds,Xavier Hutchinson,over,59.5,230
2026-09-26T22:21:35.497153+00:00,17a730b7d399feeab6a78c30767c29d2,HOU,IND,recyds,Xavier Hutchinson,over,69.5,350
2026-09-26T22:21:35.497153+00:00,17a730b7d399feeab6a78c30767c29d2,HOU,IND,recyds,Xavier Hutchinson,over,79.5,520
2026-09-26T22:21:35.497153+00:00,17a730b7d399feeab6a78c30767c29d2,HOU,IND,recyds,Xavier Hutchinson,over,89.5,700
2026-09-26T22:21:35.497153+00:00,17a730b7d399feeab6a78c30767c29d2,HOU,IND,recyds,Xavier Hutchinson,over,99.5,920
2026-09-26T22:21:35.497153+00:00,17a730b7d399feeab6a78c30767c29d2,HOU,IND,recyds,Xavier Hutchinson,over,109.5,1280
2026-09-26T22:21:35.497153+00:00,17a730b7d399feeab6a78c30767c29d2,HOU,IND,recyds,Tyler Warren,over,14.5,-1800
2026-09-26T22:21:35.497153+00:00,17a730b7d399feeab6a78c30767c29d2,HOU,IND,recyds,Tyler Warren,over,19.5,-900
2026-09-26T22:21:35.497153+00:00,17a730b7d399feeab6a78c30767c29d2,HOU,IND,recyds,Tyler Warren,over,24.5,-500
2026-09-26T22:21:35.497153+00:00,17a730b7d399feeab6a78c30767c29d2,HOU,IND,recyds,Tyler Warren,over,29.5,-340
2026-09-26T22:21:35.497153+00:00,17a730b7d399feeab6a78c30767c29d2,HOU,IND,recyds,Tyler Warren,over,39.5,-178
2026-09-26T22:21:35.497153+00:00,17a730b7d399feeab6a78c30767c29d2,HOU,IND,recyds,Tyler Warren,over,49.5,104
2026-09-26T22:21:35.497153+00:00,17a730b7d399feeab6a78c30767c29d2,HOU,IND,recyds,Tyler Warren,over,59.5,174
2026-09-26T22:21:35.497153+00:00,17a730b7d399feeab6a78c30767c29d2,HOU,IND,recyds,Tyler Warren,over,69.5,280
2026-09-26T22:21:35.497153+00:00,17a730b7d399feeab6a78c30767c29d2,HOU,IND,recyds,Tyler Warren,over,79.5,430
2026-09-26T22:21:35.497153+00:00,17a730b7d399feeab6a78c30767c29d2,HOU,IND,recyds,Tyler Warren,over,89.5,640
2026-09-26T22:21:35.497153+00:00,17a730b7d399feeab6a78c30767c29d2,HOU,IND,recyds,Tyler Warren,over,99.5,920
2026-09-26T22:21:35.497153+00:00,17a730b7d399feeab6a78c30767c29d2,HOU,IND,recyds,Tyler Warren,over,109.5,1260
2026-09-26T22:21:35.497153+00:00,17a730b7d399feeab6a78c30767c29d2,HOU,IND,recyds,Kayshon Boutte,over,9.5,-900
2026-09-26T22:21:35.497153+00:00,17a730b7d399feeab6a78c30767c29d2,HOU,IND,recyds,Kayshon Boutte,over,14.5,-490
2026-09-26T22:21:35.497153+00:00,17a730b7d399feeab6a78c30767c29d2,HOU,IND,recyds,Kayshon Boutte,over,19.5,-330
2026-09-26T22:21:35.497153+00:00,17a730b7d399feeab6a78c30767c29d2,HOU,IND,recyds,Kayshon Boutte,over,24.5,-245
2026-09-26T22:21:35.497153+00:00,17a730b7d399feeab6a78c30767c29d2,HOU,IND,recyds,Kayshon Boutte,over,29.5,-180
2026-09-26T22:21:35.497153+00:00,17a730b7d399feeab6a78c30767c29d2,HOU,IND,recyds,Kayshon Boutte,over,39.5,-102
2026-09-26T22:21:35.497153+00:00,17a730b7d399feeab6a78c30767c29d2,HOU,IND,recyds,Kayshon Boutte,over,49.5,154
2026-09-26T22:21:35.497153+00:00,17a730b7d399feeab6a78c30767c29d2,HOU,IND,recyds,Kayshon Boutte,over,59.5,225
2026-09-26T22:21:35.497153+00:00,17a730b7d399feeab6a78c30767c29d2,HOU,IND,recyds,Kayshon Boutte,over,69.5,320
2026-09-26T22:21:35.497153+00:00,17a730b7d399feeab6a78c30767c29d2,HOU,IND,recyds,Kayshon Boutte,over,79.5,470
2026-09-26T22:21:35.497153+00:00,17a730b7d399feeab6a78c30767c29d2,HOU,IND,recyds,Kayshon Boutte,over,89.5,640
2026-09-26T22:21:35.497153+00:00,17a730b7d399feeab6a78c30767c29d2,HOU,IND,recyds,Kayshon Boutte,over,99.5,880
2026-09-26T22:21:35.497153+00:00,17a730b7d399feeab6a78c30767c29d2,HOU,IND,recyds,Kayshon Boutte,over,109.5,1200
2026-09-26T22:21:35.497153+00:00,17a730b7d399feeab6a78c30767c29d2,HOU,IND,recyds,Kayshon Boutte,over,124.5,1700
2026-09-26T22:21:35.497153+00:00,17a730b7d399feeab6a78c30767c29d2,HOU,IND,recyds,David Montgomery,over,4.5,-260
2026-09-26T22:21:35.497153+00:00,17a730b7d399feeab6a78c30767c29d2,HOU,IND,recyds,David Montgomery,over,9.5,-114
2026-09-26T22:21:35.497153+00:00,17a730b7d399feeab6a78c30767c29d2,HOU,IND,recyds,David Montgomery,over,14.5,158
2026-09-26T22:21:35.497153+00:00,17a730b7d399feeab6a78c30767c29d2,HOU,IND,recyds,David Montgomery,over,19.5,250
2026-09-26T22:21:35.497153+00:00,17a730b7d399feeab6a78c30767c29d2,HOU,IND,recyds,David Montgomery,over,24.5,370
2026-09-26T22:21:35.497153+00:00,17a730b7d399feeab6a78c30767c29d2,HOU,IND,recyds,David Montgomery,over,29.5,550
2026-09-26T22:21:35.497153+00:00,17a730b7d399feeab6a78c30767c29d2,HOU,IND,recyds,David Montgomery,over,39.5,920
2026-09-26T22:21:35.497153+00:00,17a730b7d399feeab6a78c30767c29d2,HOU,IND,recyds,Keenan Allen,over,9.5,-1100
2026-09-26T22:21:35.497153+00:00,17a730b7d399feeab6a78c30767c29d2,HOU,IND,recyds,Keenan Allen,over,14.5,-500
2026-09-26T22:21:35.497153+00:00,17a730b7d399feeab6a78c30767c29d2,HOU,IND,recyds,Keenan Allen,over,19.5,-310
2026-09-26T22:21:35.497153+00:00,17a730b7d399feeab6a78c30767c29d2,HOU,IND,recyds,Keenan Allen,over,24.5,-205
2026-09-26T22:21:35.497153+00:00,17a730b7d399feeab6a78c30767c29d2,HOU,IND,recyds,Keenan Allen,over,29.5,-138
2026-09-26T22:21:35.497153+00:00,17a730b7d399feeab6a78c30767c29d2,HOU,IND,recyds,Keenan Allen,over,39.5,142
2026-09-26T22:21:35.497153+00:00,17a730b7d399feeab6a78c30767c29d2,HOU,IND,recyds,Keenan Allen,over,49.5,240
2026-09-26T22:21:35.497153+00:00,17a730b7d399feeab6a78c30767c29d2,HOU,IND,recyds,Keenan Allen,over,59.5,400
2026-09-26T22:21:35.497153+00:00,17a730b7d399feeab6a78c30767c29d2,HOU,IND,recyds,Keenan Allen,over,69.5,630
2026-09-26T22:21:35.497153+00:00,17a730b7d399feeab6a78c30767c29d2,HOU,IND,recyds,Keenan Allen,over,79.5,880
2026-09-26T22:21:35.497153+00:00,17a730b7d399feeab6a78c30767c29d2,HOU,IND,recyds,Keenan Allen,over,89.5,1280
2026-09-26T22:21:35.497153+00:00,17a730b7d399feeab6a78c30767c29d2,HOU,IND,recyds,Woody Marks,over,4.5,-340
2026-09-26T22:21:35.497153+00:00,17a730b7d399feeab6a78c30767c29d2,HOU,IND,recyds,Woody Marks,over,9.5,-152
2026-09-26T22:21:35.497153+00:00,17a730b7d399feeab6a78c30767c29d2,HOU,IND,recyds,Woody Marks,over,14.5,124
2026-09-26T22:21:35.497153+00:00,17a730b7d399feeab6a78c30767c29d2,HOU,IND,recyds,Woody Marks,over,19.5,200
2026-09-26T22:21:35.497153+00:00,17a730b7d399feeab6a78c30767c29d2,HOU,IND,recyds,Woody Marks,over,24.5,300
2026-09-26T22:21:35.497153+00:00,17a730b7d399feeab6a78c30767c29d2,HOU,IND,recyds,Woody Marks,over,29.5,430
2026-09-26T22:21:35.497153+00:00,17a730b7d399feeab6a78c30767c29d2,HOU,IND,recyds,Woody Marks,over,39.5,800
2026-09-26T22:21:35.497153+00:00,17a730b7d399feeab6a78c30767c29d2,HOU,IND,recyds,Jonathan Taylor,over,4.5,-1100
2026-09-26T22:21:35.497153+00:00,17a730b7d399feeab6a78c30767c29d2,HOU,IND,recyds,Jonathan Taylor,over,9.5,-420
2026-09-26T22:21:35.497153+00:00,17a730b7d399feeab6a78c30767c29d2,HOU,IND,recyds,Jonathan Taylor,over,14.5,-225
2026-09-26T22:21:35.497153+00:00,17a730b7d399feeab6a78c30767c29d2,HOU,IND,recyds,Jonathan Taylor,over,19.5,-138
2026-09-26T22:21:35.497153+00:00,17a730b7d399feeab6a78c30767c29d2,HOU,IND,recyds,Jonathan Taylor,over,24.5,114
2026-09-26T22:21:35.497153+00:00,17a730b7d399feeab6a78c30767c29d2,HOU,IND,recyds,Jonathan Taylor,over,29.5,164
2026-09-26T22:21:35.497153+00:00,17a730b7d399feeab6a78c30767c29d2,HOU,IND,recyds,Jonathan Taylor,over,39.5,310
2026-09-26T22:21:35.497153+00:00,17a730b7d399feeab6a78c30767c29d2,HOU,IND,recyds,Jonathan Taylor,over,49.5,550
2026-09-26T22:21:35.497153+00:00,17a730b7d399feeab6a78c30767c29d2,HOU,IND,recyds,Jonathan Taylor,over,59.5,880
2026-09-26T22:21:35.497153+00:00,17a730b7d399feeab6a78c30767c29d2,HOU,IND,recyds,Jonathan Taylor,over,69.5,1260
2026-09-26T22:21:35.497153+00:00,17a730b7d399feeab6a78c30767c29d2,HOU,IND,recyds,Jaylin Noel,over,4.5,-1100
2026-09-26T22:21:35.497153+00:00,17a730b7d399feeab6a78c30767c29d2,HOU,IND,recyds,Jaylin Noel,over,9.5,-490
2026-09-26T22:21:35.497153+00:00,17a730b7d399feeab6a78c30767c29d2,HOU,IND,recyds,Jaylin Noel,over,14.5,-300
2026-09-26T22:21:35.497153+00:00,17a730b7d399feeab6a78c30767c29d2,HOU,IND,recyds,Jaylin Noel,over,19.5,-200
2026-09-26T22:21:35.497153+00:00,17a730b7d399feeab6a78c30767c29d2,HOU,IND,recyds,Jaylin Noel,over,24.5,-138
2026-09-26T22:21:35.497153+00:00,17a730b7d399feeab6a78c30767c29d2,HOU,IND,recyds,Jaylin Noel,over,29.5,-102
2026-09-26T22:21:35.497153+00:00,17a730b7d399feeab6a78c30767c29d2,HOU,IND,recyds,Jaylin Noel,over,39.5,174
2026-09-26T22:21:35.497153+00:00,17a730b7d399feeab6a78c30767c29d2,HOU,IND,recyds,Jaylin Noel,over,49.5,270
2026-09-26T22:21:35.497153+00:00,17a730b7d399feeab6a78c30767c29d2,HOU,IND,recyds,Jaylin Noel,over,59.5,410
2026-09-26T22:21:35.497153+00:00,17a730b7d399feeab6a78c30767c29d2,HOU,IND,recyds,Jaylin Noel,over,69.5,630
2026-09-26T22:21:35.497153+00:00,17a730b7d399feeab6a78c30767c29d2,HOU,IND,recyds,Jaylin Noel,over,79.5,880
2026-09-26T22:21:35.497153+00:00,17a730b7d399feeab6a78c30767c29d2,HOU,IND,recyds,Jaylin Noel,over,89.5,1200
2026-09-26T22:21:35.497153+00:00,17a730b7d399feeab6a78c30767c29d2,HOU,IND,recyds,Jaylin Noel,over,99.5,1500
2026-09-26T22:21:35.497153+00:00,17a730b7d399feeab6a78c30767c29d2,HOU,IND,recyds,Darius Slayton,over,4.5,-215
2026-09-26T22:21:35.497153+00:00,17a730b7d399feeab6a78c30767c29d2,HOU,IND,recyds,Darius Slayton,over,9.5,-136
2026-09-26T22:21:35.497153+00:00,17a730b7d399feeab6a78c30767c29d2,HOU,IND,recyds,Darius Slayton,over,14.5,110
2026-09-26T22:21:35.497153+00:00,17a730b7d399feeab6a78c30767c29d2,HOU,IND,recyds,Darius Slayton,over,19.5,154
2026-09-26T22:21:35.497153+00:00,17a730b7d399feeab6a78c30767c29d2,HOU,IND,recyds,Darius Slayton,over,24.5,205
2026-09-26T22:21:35.497153+00:00,17a730b7d399feeab6a78c30767c29d2,HOU,IND,recyds,Darius Slayton,over,29.5,270
2026-09-26T22:21:35.497153+00:00,17a730b7d399feeab6a78c30767c29d2,HOU,IND,recyds,Darius Slayton,over,39.5,400
2026-09-26T22:21:35.497153+00:00,17a730b7d399feeab6a78c30767c29d2,HOU,IND,recyds,Darius Slayton,over,49.5,580
2026-09-26T22:21:35.497153+00:00,17a730b7d399feeab6a78c30767c29d2,HOU,IND,recyds,Darius Slayton,over,59.5,800
2026-09-26T22:21:35.497153+00:00,17a730b7d399feeab6a78c30767c29d2,HOU,IND,recyds,Laquon Treadwell,over,4.5,-320
2026-09-26T22:21:35.497153+00:00,17a730b7d399feeab6a78c30767c29d2,HOU,IND,recyds,Laquon Treadwell,over,9.5,-220
2026-09-26T22:21:35.497153+00:00,17a730b7d399feeab6a78c30767c29d2,HOU,IND,recyds,Laquon Treadwell,over,14.5,-152
2026-09-26T22:21:35.497153+00:00,17a730b7d399feeab6a78c30767c29d2,HOU,IND,recyds,Laquon Treadwell,over,19.5,-106
2026-09-26T22:21:35.497153+00:00,17a730b7d399feeab6a78c30767c29d2,HOU,IND,recyds,Laquon Treadwell,over,24.5,128
2026-09-26T22:21:35.497153+00:00,17a730b7d399feeab6a78c30767c29d2,HOU,IND,recyds,Laquon Treadwell,over,29.5,168
2026-09-26T22:21:35.497153+00:00,17a730b7d399feeab6a78c30767c29d2,HOU,IND,recyds,Laquon Treadwell,over,39.5,265
2026-09-26T22:21:35.497153+00:00,17a730b7d399feeab6a78c30767c29d2,HOU,IND,recyds,Laquon Treadwell,over,49.5,390
2026-09-26T22:21:35.497153+00:00,17a730b7d399feeab6a78c30767c29d2,HOU,IND,recyds,Laquon Treadwell,over,59.5,580
2026-09-26T22:21:35.497153+00:00,17a730b7d399feeab6a78c30767c29d2,HOU,IND,recyds,Laquon Treadwell,over,69.5,800
2026-09-26T22:21:35.497153+00:00,17a730b7d399feeab6a78c30767c29d2,HOU,IND,recs,Dalton Schultz,over,2.5,-1400
2026-09-26T22:21:35.497153+00:00,17a730b7d399feeab6a78c30767c29d2,HOU,IND,recs,Dalton Schultz,over,3.5,-420
2026-09-26T22:21:35.497153+00:00,17a730b7d399feeab6a78c30767c29d2,HOU,IND,recs,Dalton Schultz,over,4.5,-192
2026-09-26T22:21:35.497153+00:00,17a730b7d399feeab6a78c30767c29d2,HOU,IND,recs,Dalton Schultz,over,5.5,106
2026-09-26T22:21:35.497153+00:00,17a730b7d399feeab6a78c30767c29d2,HOU,IND,recs,Dalton Schultz,over,6.5,200
2026-09-26T22:21:35.497153+00:00,17a730b7d399feeab6a78c30767c29d2,HOU,IND,recs,Dalton Schultz,over,7.5,360
2026-09-26T22:21:35.497153+00:00,17a730b7d399feeab6a78c30767c29d2,HOU,IND,recs,Dalton Schultz,over,8.5,630
2026-09-26T22:21:35.497153+00:00,17a730b7d399feeab6a78c30767c29d2,HOU,IND,recs,Dalton Schultz,over,9.5,920
2026-09-26T22:21:35.497153+00:00,17a730b7d399feeab6a78c30767c29d2,HOU,IND,recs,Dalton Schultz,over,10.5,1400
2026-09-26T22:21:35.497153+00:00,17a730b7d399feeab6a78c30767c29d2,HOU,IND,recs,Laquon Treadwell,over,0.5,-360
2026-09-26T22:21:35.497153+00:00,17a730b7d399feeab6a78c30767c29d2,HOU,IND,recs,Laquon Treadwell,over,1.5,128
2026-09-26T22:21:35.497153+00:00,17a730b7d399feeab6a78c30767c29d2,HOU,IND,recs,Laquon Treadwell,over,2.5,400
2026-09-26T22:21:35.497153+00:00,17a730b7d399feeab6a78c30767c29d2,HOU,IND,recs,Laquon Treadwell,over,3.5,920
2026-09-26T22:21:35.497153+00:00,17a730b7d399feeab6a78c30767c29d2,HOU,IND,recs,David Montgomery,over,0.5,-500
2026-09-26T22:21:35.497153+00:00,17a730b7d399feeab6a78c30767c29d2,HOU,IND,recs,David Montgomery,over,1.5,-114
2026-09-26T22:21:35.497153+00:00,17a730b7d399feeab6a78c30767c29d2,HOU,IND,recs,David Montgomery,over,2.5,260
2026-09-26T22:21:35.497153+00:00,17a730b7d399feeab6a78c30767c29d2,HOU,IND,recs,David Montgomery,over,3.5,630
2026-09-26T22:21:35.497153+00:00,17a730b7d399feeab6a78c30767c29d2,HOU,IND,recs,Keenan Allen,over,1.5,-1200
2026-09-26T22:21:35.497153+00:00,17a730b7d399feeab6a78c30767c29d2,HOU,IND,recs,Keenan Allen,over,2.5,-320
2026-09-26T22:21:35.497153+00:00,17a730b7d399feeab6a78c30767c29d2,HOU,IND,recs,Keenan Allen,over,3.5,-132
2026-09-26T22:21:35.497153+00:00,17a730b7d399feeab6a78c30767c29d2,HOU,IND,recs,Keenan Allen,over,4.5,164
2026-09-26T22:21:35.497153+00:00,17a730b7d399feeab6a78c30767c29d2,HOU,IND,recs,Keenan Allen,over,5.5,320
2026-09-26T22:21:35.497153+00:00,17a730b7d399feeab6a78c30767c29d2,HOU,IND,recs,Keenan Allen,over,6.5,580
2026-09-26T22:21:35.497153+00:00,17a730b7d399feeab6a78c30767c29d2,HOU,IND,recs,Keenan Allen,over,7.5,920
2026-09-26T22:21:35.497153+00:00,17a730b7d399feeab6a78c30767c29d2,HOU,IND,recs,Keenan Allen,over,8.5,1500
2026-09-26T22:21:35.497153+00:00,17a730b7d399feeab6a78c30767c29d2,HOU,IND,recs,Xavier Hutchinson,over,1.5,-750
2026-09-26T22:21:35.497153+00:00,17a730b7d399feeab6a78c30767c29d2,HOU,IND,recs,Xavier Hutchinson,over,2.5,-245
2026-09-26T22:21:35.497153+00:00,17a730b7d399feeab6a78c30767c29d2,HOU,IND,recs,Xavier Hutchinson,over,3.5,102
2026-09-26T22:21:35.497153+00:00,17a730b7d399feeab6a78c30767c29d2,HOU,IND,recs,Xavier Hutchinson,over,4.5,210
2026-09-26T22:21:35.497153+00:00,17a730b7d399feeab6a78c30767c29d2,HOU,IND,recs,Xavier Hutchinson,over,5.5,400
2026-09-26T22:21:35.497153+00:00,17a730b7d399feeab6a78c30767c29d2,HOU,IND,recs,Xavier Hutchinson,over,6.5,700
2026-09-26T22:21:35.497153+00:00,17a730b7d399feeab6a78c30767c29d2,HOU,IND,recs,Xavier Hutchinson,over,7.5,1200
2026-09-26T22:21:35.497153+00:00,17a730b7d399feeab6a78c30767c29d2,HOU,IND,recs,Tyler Warren,over,2.5,-850
2026-09-26T22:21:35.497153+00:00,17a730b7d399feeab6a78c30767c29d2,HOU,IND,recs,Tyler Warren,over,3.5,-310
2026-09-26T22:21:35.497153+00:00,17a730b7d399feeab6a78c30767c29d2,HOU,IND,recs,Tyler Warren,over,4.5,-140
2026-09-26T22:21:35.497153+00:00,17a730b7d399feeab6a78c30767c29d2,HOU,IND,recs,Tyler Warren,over,5.5,142
2026-09-26T22:21:35.497153+00:00,17a730b7d399feeab6a78c30767c29d2,HOU,IND,recs,Tyler Warren,over,6.5,265
2026-09-26T22:21:35.497153+00:00,17a730b7d399feeab6a78c30767c29d2,HOU,IND,recs,Tyler Warren,over,7.5,450
2026-09-26T22:21:35.497153+00:00,17a730b7d399feeab6a78c30767c29d2,HOU,IND,recs,Tyler Warren,over,8.5,750
2026-09-26T22:21:35.497153+00:00,17a730b7d399feeab6a78c30767c29d2,HOU,IND,recs,Tyler Warren,over,9.5,1200
2026-09-26T22:21:35.497153+00:00,17a730b7d399feeab6a78c30767c29d2,HOU,IND,recs,Kayshon Boutte,over,1.5,-390
2026-09-26T22:21:35.497153+00:00,17a730b7d399feeab6a78c30767c29d2,HOU,IND,recs,Kayshon Boutte,over,2.5,-128
2026-09-26T22:21:35.497153+00:00,17a730b7d399feeab6a78c30767c29d2,HOU,IND,recs,Kayshon Boutte,over,3.5,194
2026-09-26T22:21:35.497153+00:00,17a730b7d399feeab6a78c30767c29d2,HOU,IND,recs,Kayshon Boutte,over,4.5,400
2026-09-26T22:21:35.497153+00:00,17a730b7d399feeab6a78c30767c29d2,HOU,IND,recs,Kayshon Boutte,over,5.5,800
2026-09-26T22:21:35.497153+00:00,17a730b7d399feeab6a78c30767c29d2,HOU,IND,recs,Kayshon Boutte,over,6.5,1280
2026-09-26T22:21:35.497153+00:00,17a730b7d399feeab6a78c30767c29d2,HOU,IND,recs,Josh Downs,over,2.5,-750
2026-09-26T22:21:35.497153+00:00,17a730b7d399feeab6a78c30767c29d2,HOU,IND,recs,Josh Downs,over,3.5,-280
2026-09-26T22:21:35.497153+00:00,17a730b7d399feeab6a78c30767c29d2,HOU,IND,recs,Josh Downs,over,4.5,-130
2026-09-26T22:21:35.497153+00:00,17a730b7d399feeab6a78c30767c29d2,HOU,IND,recs,Josh Downs,over,5.5,158
2026-09-26T22:21:35.497153+00:00,17a730b7d399feeab6a78c30767c29d2,HOU,IND,recs,Josh Downs,over,6.5,290
2026-09-26T22:21:35.497153+00:00,17a730b7d399feeab6a78c30767c29d2,HOU,IND,recs,Josh Downs,over,7.5,520
2026-09-26T22:21:35.497153+00:00,17a730b7d399feeab6a78c30767c29d2,HOU,IND,recs,Josh Downs,over,8.5,880
2026-09-26T22:21:35.497153+00:00,17a730b7d399feeab6a78c30767c29d2,HOU,IND,recs,Josh Downs,over,9.5,1400
2026-09-26T22:21:35.497153+00:00,17a730b7d399feeab6a78c30767c29d2,HOU,IND,recs,Jonathan Taylor,over,1.5,-500
2026-09-26T22:21:35.497153+00:00,17a730b7d399feeab6a78c30767c29d2,HOU,IND,recs,Jonathan Taylor,over,2.5,-178
2026-09-26T22:21:35.497153+00:00,17a730b7d399feeab6a78c30767c29d2,HOU,IND,recs,Jonathan Taylor,over,3.5,140
2026-09-26T22:21:35.497153+00:00,17a730b7d399feeab6a78c30767c29d2,HOU,IND,recs,Jonathan Taylor,over,4.5,280
2026-09-26T22:21:35.497153+00:00,17a730b7d399feeab6a78c30767c29d2,HOU,IND,recs,Jonathan Taylor,over,5.5,550
2026-09-26T22:21:35.497153+00:00,17a730b7d399feeab6a78c30767c29d2,HOU,IND,recs,Jonathan Taylor,over,6.5,920
2026-09-26T22:21:35.497153+00:00,17a730b7d399feeab6a78c30767c29d2,HOU,IND,recs,Jonathan Taylor,over,7.5,1500
2026-09-26T22:21:35.497153+00:00,17a730b7d399feeab6a78c30767c29d2,HOU,IND,recs,Woody Marks,over,0.5,-750
2026-09-26T22:21:35.497153+00:00,17a730b7d399feeab6a78c30767c29d2,HOU,IND,recs,Woody Marks,over,1.5,-158
2026-09-26T22:21:35.497153+00:00,17a730b7d399feeab6a78c30767c29d2,HOU,IND,recs,Woody Marks,over,2.5,194
2026-09-26T22:21:35.497153+00:00,17a730b7d399feeab6a78c30767c29d2,HOU,IND,recs,Woody Marks,over,3.5,430
2026-09-26T22:21:35.497153+00:00,17a730b7d399feeab6a78c30767c29d2,HOU,IND,recs,Woody Marks,over,4.5,880
2026-09-26T22:21:35.497153+00:00,17a730b7d399feeab6a78c30767c29d2,HOU,IND,recs,Jaylin Noel,over,0.5,-1800
2026-09-26T22:21:35.497153+00:00,17a730b7d399feeab6a78c30767c29d2,HOU,IND,recs,Jaylin Noel,over,1.5,-280
2026-09-26T22:21:35.497153+00:00,17a730b7d399feeab6a78c30767c29d2,HOU,IND,recs,Jaylin Noel,over,2.5,104
2026-09-26T22:21:35.497153+00:00,17a730b7d399feeab6a78c30767c29d2,HOU,IND,recs,Jaylin Noel,over,3.5,240
2026-09-26T22:21:35.497153+00:00,17a730b7d399feeab6a78c30767c29d2,HOU,IND,recs,Jaylin Noel,over,4.5,520
2026-09-26T22:21:35.497153+00:00,17a730b7d399feeab6a78c30767c29d2,HOU,IND,recs,Jaylin Noel,over,5.5,920
2026-09-26T22:21:35.497153+00:00,17a730b7d399feeab6a78c30767c29d2,HOU,IND,recs,Jaylin Noel,over,6.5,1700
2026-09-26T22:21:35.497153+00:00,17a730b7d399feeab6a78c30767c29d2,HOU,IND,recs,Jared Wayne,over,0.5,-500
2026-09-26T22:21:35.497153+00:00,17a730b7d399feeab6a78c30767c29d2,HOU,IND,recs,Jared Wayne,over,1.5,-106
2026-09-26T22:21:35.497153+00:00,17a730b7d399feeab6a78c30767c29d2,HOU,IND,recs,Jared Wayne,over,2.5,280
2026-09-26T22:21:35.497153+00:00,17a730b7d399feeab6a78c30767c29d2,HOU,IND,recs,Jared Wayne,over,3.5,700
2026-09-26T22:21:35.497153+00:00,17a730b7d399feeab6a78c30767c29d2,HOU,IND,recs,Darius Slayton,over,0.5,-270
2026-09-26T22:21:35.497153+00:00,17a730b7d399feeab6a78c30767c29d2,HOU,IND,recs,Darius Slayton,over,1.5,158
2026-09-26T22:21:35.497153+00:00,17a730b7d399feeab6a78c30767c29d2,HOU,IND,recs,Darius Slayton,over,2.5,400
2026-09-26T22:21:35.497153+00:00,17a730b7d399feeab6a78c30767c29d2,HOU,IND,recs,Darius Slayton,over,3.5,800
2026-09-26T22:21:35.497153+00:00,1f3cfd315a24d1a7dd5859a8e6b88e18,NE,JAX,passyds,Drake Maye,over,149.5,-900
2026-09-26T22:21:35.497153+00:00,1f3cfd315a24d1a7dd5859a8e6b88e18,NE,JAX,passyds,Drake Maye,over,174.5,-420
2026-09-26T22:21:35.497153+00:00,1f3cfd315a24d1a7dd5859a8e6b88e18,NE,JAX,passyds,Drake Maye,over,199.5,-210
2026-09-26T22:21:35.497153+00:00,1f3cfd315a24d1a7dd5859a8e6b88e18,NE,JAX,passyds,Drake Maye,over,224.5,-108
2026-09-26T22:21:35.497153+00:00,1f3cfd315a24d1a7dd5859a8e6b88e18,NE,JAX,passyds,Drake Maye,over,249.5,172
2026-09-26T22:21:35.497153+00:00,1f3cfd315a24d1a7dd5859a8e6b88e18,NE,JAX,passyds,Drake Maye,over,274.5,290
2026-09-26T22:21:35.497153+00:00,1f3cfd315a24d1a7dd5859a8e6b88e18,NE,JAX,passyds,Drake Maye,over,299.5,520
2026-09-26T22:21:35.497153+00:00,1f3cfd315a24d1a7dd5859a8e6b88e18,NE,JAX,passyds,Drake Maye,over,324.5,880
2026-09-26T22:21:35.497153+00:00,1f3cfd315a24d1a7dd5859a8e6b88e18,NE,JAX,passyds,Drake Maye,over,349.5,1400
2026-09-26T22:21:35.497153+00:00,1f3cfd315a24d1a7dd5859a8e6b88e18,NE,JAX,passyds,Trevor Lawrence,over,149.5,-1000
2026-09-26T22:21:35.497153+00:00,1f3cfd315a24d1a7dd5859a8e6b88e18,NE,JAX,passyds,Trevor Lawrence,over,174.5,-450
2026-09-26T22:21:35.497153+00:00,1f3cfd315a24d1a7dd5859a8e6b88e18,NE,JAX,passyds,Trevor Lawrence,over,199.5,-240
2026-09-26T22:21:35.497153+00:00,1f3cfd315a24d1a7dd5859a8e6b88e18,NE,JAX,passyds,Trevor Lawrence,over,224.5,-130
2026-09-26T22:21:35.497153+00:00,1f3cfd315a24d1a7dd5859a8e6b88e18,NE,JAX,passyds,Trevor Lawrence,over,249.5,146
2026-09-26T22:21:35.497153+00:00,1f3cfd315a24d1a7dd5859a8e6b88e18,NE,JAX,passyds,Trevor Lawrence,over,274.5,250
2026-09-26T22:21:35.497153+00:00,1f3cfd315a24d1a7dd5859a8e6b88e18,NE,JAX,passyds,Trevor Lawrence,over,299.5,430
2026-09-26T22:21:35.497153+00:00,1f3cfd315a24d1a7dd5859a8e6b88e18,NE,JAX,passyds,Trevor Lawrence,over,324.5,750
2026-09-26T22:21:35.497153+00:00,1f3cfd315a24d1a7dd5859a8e6b88e18,NE,JAX,passyds,Trevor Lawrence,over,349.5,1200
2026-09-26T22:21:35.497153+00:00,1f3cfd315a24d1a7dd5859a8e6b88e18,NE,JAX,rushyds,Chris Rodriguez Jr.,over,4.5,-1200
2026-09-26T22:21:35.497153+00:00,1f3cfd315a24d1a7dd5859a8e6b88e18,NE,JAX,rushyds,Chris Rodriguez Jr.,over,9.5,-420
2026-09-26T22:21:35.497153+00:00,1f3cfd315a24d1a7dd5859a8e6b88e18,NE,JAX,rushyds,Chris Rodriguez Jr.,over,14.5,-215
2026-09-26T22:21:35.497153+00:00,1f3cfd315a24d1a7dd5859a8e6b88e18,NE,JAX,rushyds,Chris Rodriguez Jr.,over,19.5,-128
2026-09-26T22:21:35.497153+00:00,1f3cfd315a24d1a7dd5859a8e6b88e18,NE,JAX,rushyds,Chris Rodriguez Jr.,over,24.5,124
2026-09-26T22:21:35.497153+00:00,1f3cfd315a24d1a7dd5859a8e6b88e18,NE,JAX,rushyds,Chris Rodriguez Jr.,over,29.5,178
2026-09-26T22:21:35.497153+00:00,1f3cfd315a24d1a7dd5859a8e6b88e18,NE,JAX,rushyds,Chris Rodriguez Jr.,over,39.5,320
2026-09-26T22:21:35.497153+00:00,1f3cfd315a24d1a7dd5859a8e6b88e18,NE,JAX,rushyds,Chris Rodriguez Jr.,over,49.5,550
2026-09-26T22:21:35.497153+00:00,1f3cfd315a24d1a7dd5859a8e6b88e18,NE,JAX,rushyds,Chris Rodriguez Jr.,over,59.5,880
2026-09-26T22:21:35.497153+00:00,1f3cfd315a24d1a7dd5859a8e6b88e18,NE,JAX,rushyds,Rhamondre Stevenson,over,14.5,-750
2026-09-26T22:21:35.497153+00:00,1f3cfd315a24d1a7dd5859a8e6b88e18,NE,JAX,rushyds,Rhamondre Stevenson,over,19.5,-420
2026-09-26T22:21:35.497153+00:00,1f3cfd315a24d1a7dd5859a8e6b88e18,NE,JAX,rushyds,Rhamondre Stevenson,over,24.5,-260
2026-09-26T22:21:35.497153+00:00,1f3cfd315a24d1a7dd5859a8e6b88e18,NE,JAX,rushyds,Rhamondre Stevenson,over,29.5,-174
2026-09-26T22:21:35.497153+00:00,1f3cfd315a24d1a7dd5859a8e6b88e18,NE,JAX,rushyds,Rhamondre Stevenson,over,39.5,114
2026-09-26T22:21:35.497153+00:00,1f3cfd315a24d1a7dd5859a8e6b88e18,NE,JAX,rushyds,Rhamondre Stevenson,over,49.5,194
2026-09-26T22:21:35.497153+00:00,1f3cfd315a24d1a7dd5859a8e6b88e18,NE,JAX,rushyds,Rhamondre Stevenson,over,59.5,310
2026-09-26T22:21:35.497153+00:00,1f3cfd315a24d1a7dd5859a8e6b88e18,NE,JAX,rushyds,Rhamondre Stevenson,over,69.5,470
2026-09-26T22:21:35.497153+00:00,1f3cfd315a24d1a7dd5859a8e6b88e18,NE,JAX,rushyds,Rhamondre Stevenson,over,79.5,680
2026-09-26T22:21:35.497153+00:00,1f3cfd315a24d1a7dd5859a8e6b88e18,NE,JAX,rushyds,Rhamondre Stevenson,over,89.5,920
2026-09-26T22:21:35.497153+00:00,1f3cfd315a24d1a7dd5859a8e6b88e18,NE,JAX,rushyds,Rhamondre Stevenson,over,99.5,1280
2026-09-26T22:21:35.497153+00:00,1f3cfd315a24d1a7dd5859a8e6b88e18,NE,JAX,rushyds,Rhamondre Stevenson,over,109.5,1700
2026-09-26T22:21:35.497153+00:00,1f3cfd315a24d1a7dd5859a8e6b88e18,NE,JAX,rushyds,TreVeyon Henderson,over,14.5,-1400
2026-09-26T22:21:35.497153+00:00,1f3cfd315a24d1a7dd5859a8e6b88e18,NE,JAX,rushyds,TreVeyon Henderson,over,19.5,-650
2026-09-26T22:21:35.497153+00:00,1f3cfd315a24d1a7dd5859a8e6b88e18,NE,JAX,rushyds,TreVeyon Henderson,over,24.5,-400
2026-09-26T22:21:35.497153+00:00,1f3cfd315a24d1a7dd5859a8e6b88e18,NE,JAX,rushyds,TreVeyon Henderson,over,29.5,-260
2026-09-26T22:21:35.497153+00:00,1f3cfd315a24d1a7dd5859a8e6b88e18,NE,JAX,rushyds,TreVeyon Henderson,over,39.5,-130
2026-09-26T22:21:35.497153+00:00,1f3cfd315a24d1a7dd5859a8e6b88e18,NE,JAX,rushyds,TreVeyon Henderson,over,49.5,134
2026-09-26T22:21:35.497153+00:00,1f3cfd315a24d1a7dd5859a8e6b88e18,NE,JAX,rushyds,TreVeyon Henderson,over,59.5,220
2026-09-26T22:21:35.497153+00:00,1f3cfd315a24d1a7dd5859a8e6b88e18,NE,JAX,rushyds,TreVeyon Henderson,over,69.5,320
2026-09-26T22:21:35.497153+00:00,1f3cfd315a24d1a7dd5859a8e6b88e18,NE,JAX,rushyds,TreVeyon Henderson,over,79.5,490
2026-09-26T22:21:35.497153+00:00,1f3cfd315a24d1a7dd5859a8e6b88e18,NE,JAX,rushyds,TreVeyon Henderson,over,89.5,700
2026-09-26T22:21:35.497153+00:00,1f3cfd315a24d1a7dd5859a8e6b88e18,NE,JAX,rushyds,TreVeyon Henderson,over,99.5,920
2026-09-26T22:21:35.497153+00:00,1f3cfd315a24d1a7dd5859a8e6b88e18,NE,JAX,rushyds,TreVeyon Henderson,over,109.5,1280
2026-09-26T22:21:35.497153+00:00,1f3cfd315a24d1a7dd5859a8e6b88e18,NE,JAX,rushyds,Drake Maye,over,9.5,-1000
2026-09-26T22:21:35.497153+00:00,1f3cfd315a24d1a7dd5859a8e6b88e18,NE,JAX,rushyds,Drake Maye,over,14.5,-420
2026-09-26T22:21:35.497153+00:00,1f3cfd315a24d1a7dd5859a8e6b88e18,NE,JAX,rushyds,Drake Maye,over,19.5,-235
2026-09-26T22:21:35.497153+00:00,1f3cfd315a24d1a7dd5859a8e6b88e18,NE,JAX,rushyds,Drake Maye,over,24.5,-138
2026-09-26T22:21:35.497153+00:00,1f3cfd315a24d1a7dd5859a8e6b88e18,NE,JAX,rushyds,Drake Maye,over,29.5,114
2026-09-26T22:21:35.497153+00:00,1f3cfd315a24d1a7dd5859a8e6b88e18,NE,JAX,rushyds,Drake Maye,over,39.5,230
2026-09-26T22:21:35.497153+00:00,1f3cfd315a24d1a7dd5859a8e6b88e18,NE,JAX,rushyds,Drake Maye,over,49.5,410
2026-09-26T22:21:35.497153+00:00,1f3cfd315a24d1a7dd5859a8e6b88e18,NE,JAX,rushyds,Drake Maye,over,59.5,750
2026-09-26T22:21:35.497153+00:00,1f3cfd315a24d1a7dd5859a8e6b88e18,NE,JAX,rushyds,Drake Maye,over,69.5,1100
2026-09-26T22:21:35.497153+00:00,1f3cfd315a24d1a7dd5859a8e6b88e18,NE,JAX,rushyds,Drake Maye,over,79.5,1700
2026-09-26T22:21:35.497153+00:00,1f3cfd315a24d1a7dd5859a8e6b88e18,NE,JAX,rushyds,Trevor Lawrence,over,4.5,-750
2026-09-26T22:21:35.497153+00:00,1f3cfd315a24d1a7dd5859a8e6b88e18,NE,JAX,rushyds,Trevor Lawrence,over,9.5,-280
2026-09-26T22:21:35.497153+00:00,1f3cfd315a24d1a7dd5859a8e6b88e18,NE,JAX,rushyds,Trevor Lawrence,over,14.5,-146
2026-09-26T22:21:35.497153+00:00,1f3cfd315a24d1a7dd5859a8e6b88e18,NE,JAX,rushyds,Trevor Lawrence,over,19.5,120
2026-09-26T22:21:35.497153+00:00,1f3cfd315a24d1a7dd5859a8e6b88e18,NE,JAX,rushyds,Trevor Lawrence,over,24.5,194
2026-09-26T22:21:35.497153+00:00,1f3cfd315a24d1a7dd5859a8e6b88e18,NE,JAX,rushyds,Trevor Lawrence,over,29.5,300
2026-09-26T22:21:35.497153+00:00,1f3cfd315a24d1a7dd5859a8e6b88e18,NE,JAX,rushyds,Trevor Lawrence,over,39.5,640
2026-09-26T22:21:35.497153+00:00,1f3cfd315a24d1a7dd5859a8e6b88e18,NE,JAX,rushyds,Trevor Lawrence,over,49.5,1200
2026-09-26T22:21:35.497153+00:00,1f3cfd315a24d1a7dd5859a8e6b88e18,NE,JAX,rushyds,Bhayshul Tuten,over,19.5,-1450
2026-09-26T22:21:35.497153+00:00,1f3cfd315a24d1a7dd5859a8e6b88e18,NE,JAX,rushyds,Bhayshul Tuten,over,24.5,-750
2026-09-26T22:21:35.497153+00:00,1f3cfd315a24d1a7dd5859a8e6b88e18,NE,JAX,rushyds,Bhayshul Tuten,over,29.5,-470
2026-09-26T22:21:35.497153+00:00,1f3cfd315a24d1a7dd5859a8e6b88e18,NE,JAX,rushyds,Bhayshul Tuten,over,39.5,-225
2026-09-26T22:21:35.497153+00:00,1f3cfd315a24d1a7dd5859a8e6b88e18,NE,JAX,rushyds,Bhayshul Tuten,over,49.5,-122
2026-09-26T22:21:35.497153+00:00,1f3cfd315a24d1a7dd5859a8e6b88e18,NE,JAX,rushyds,Bhayshul Tuten,over,59.5,142
2026-09-26T22:21:35.497153+00:00,1f3cfd315a24d1a7dd5859a8e6b88e18,NE,JAX,rushyds,Bhayshul Tuten,over,69.5,225
2026-09-26T22:21:35.497153+00:00,1f3cfd315a24d1a7dd5859a8e6b88e18,NE,JAX,rushyds,Bhayshul Tuten,over,79.5,350
2026-09-26T22:21:35.497153+00:00,1f3cfd315a24d1a7dd5859a8e6b88e18,NE,JAX,rushyds,Bhayshul Tuten,over,89.5,490
2026-09-26T22:21:35.497153+00:00,1f3cfd315a24d1a7dd5859a8e6b88e18,NE,JAX,rushyds,Bhayshul Tuten,over,99.5,750
2026-09-26T22:21:35.497153+00:00,1f3cfd315a24d1a7dd5859a8e6b88e18,NE,JAX,rushyds,Bhayshul Tuten,over,109.5,920
2026-09-26T22:21:35.497153+00:00,1f3cfd315a24d1a7dd5859a8e6b88e18,NE,JAX,rushyds,Bhayshul Tuten,over,124.5,1500
2026-09-26T22:21:35.497153+00:00,1f3cfd315a24d1a7dd5859a8e6b88e18,NE,JAX,recyds,Parker Washington,over,24.5,-1600
2026-09-26T22:21:35.497153+00:00,1f3cfd315a24d1a7dd5859a8e6b88e18,NE,JAX,recyds,Parker Washington,over,29.5,-1000
2026-09-26T22:21:35.497153+00:00,1f3cfd315a24d1a7dd5859a8e6b88e18,NE,JAX,recyds,Parker Washington,over,39.5,-470
2026-09-26T22:21:35.497153+00:00,1f3cfd315a24d1a7dd5859a8e6b88e18,NE,JAX,recyds,Parker Washington,over,49.5,-270
2026-09-26T22:21:35.497153+00:00,1f3cfd315a24d1a7dd5859a8e6b88e18,NE,JAX,recyds,Parker Washington,over,59.5,-166
2026-09-26T22:21:35.497153+00:00,1f3cfd315a24d1a7dd5859a8e6b88e18,NE,JAX,recyds,Parker Washington,over,69.5,-104
2026-09-26T22:21:35.497153+00:00,1f3cfd315a24d1a7dd5859a8e6b88e18,NE,JAX,recyds,Parker Washington,over,79.5,142
2026-09-26T22:21:35.497153+00:00,1f3cfd315a24d1a7dd5859a8e6b88e18,NE,JAX,recyds,Parker Washington,over,89.5,200
2026-09-26T22:21:35.497153+00:00,1f3cfd315a24d1a7dd5859a8e6b88e18,NE,JAX,recyds,Parker Washington,over,99.5,280
2026-09-26T22:21:35.497153+00:00,1f3cfd315a24d1a7dd5859a8e6b88e18,NE,JAX,recyds,Parker Washington,over,109.5,400
2026-09-26T22:21:35.497153+00:00,1f3cfd315a24d1a7dd5859a8e6b88e18,NE,JAX,recyds,Parker Washington,over,124.5,640
2026-09-26T22:21:35.497153+00:00,1f3cfd315a24d1a7dd5859a8e6b88e18,NE,JAX,recyds,Parker Washington,over,149.5,1200
2026-09-26T22:21:35.497153+00:00,1f3cfd315a24d1a7dd5859a8e6b88e18,NE,JAX,recyds,Brenton Strange,over,9.5,-850
2026-09-26T22:21:35.497153+00:00,1f3cfd315a24d1a7dd5859a8e6b88e18,NE,JAX,recyds,Brenton Strange,over,14.5,-450
2026-09-26T22:21:35.497153+00:00,1f3cfd315a24d1a7dd5859a8e6b88e18,NE,JAX,recyds,Brenton Strange,over,19.5,-270
2026-09-26T22:21:35.497153+00:00,1f3cfd315a24d1a7dd5859a8e6b88e18,NE,JAX,recyds,Brenton Strange,over,24.5,-180
2026-09-26T22:21:35.497153+00:00,1f3cfd315a24d1a7dd5859a8e6b88e18,NE,JAX,recyds,Brenton Strange,over,29.5,-125
2026-09-26T22:21:35.497153+00:00,1f3cfd315a24d1a7dd5859a8e6b88e18,NE,JAX,recyds,Brenton Strange,over,39.5,154
2026-09-26T22:21:35.497153+00:00,1f3cfd315a24d1a7dd5859a8e6b88e18,NE,JAX,recyds,Brenton Strange,over,49.5,270
2026-09-26T22:21:35.497153+00:00,1f3cfd315a24d1a7dd5859a8e6b88e18,NE,JAX,recyds,Brenton Strange,over,59.5,430
2026-09-26T22:21:35.497153+00:00,1f3cfd315a24d1a7dd5859a8e6b88e18,NE,JAX,recyds,Brenton Strange,over,69.5,680
2026-09-26T22:21:35.497153+00:00,1f3cfd315a24d1a7dd5859a8e6b88e18,NE,JAX,recyds,Brenton Strange,over,79.5,1000
2026-09-26T22:21:35.497153+00:00,1f3cfd315a24d1a7dd5859a8e6b88e18,NE,JAX,recyds,Brenton Strange,over,89.5,1400
2026-09-26T22:21:35.497153+00:00,1f3cfd315a24d1a7dd5859a8e6b88e18,NE,JAX,recyds,TreVeyon Henderson,over,4.5,-250
2026-09-26T22:21:35.497153+00:00,1f3cfd315a24d1a7dd5859a8e6b88e18,NE,JAX,recyds,TreVeyon Henderson,over,9.5,-114
2026-09-26T22:21:35.497153+00:00,1f3cfd315a24d1a7dd5859a8e6b88e18,NE,JAX,recyds,TreVeyon Henderson,over,14.5,152
2026-09-26T22:21:35.497153+00:00,1f3cfd315a24d1a7dd5859a8e6b88e18,NE,JAX,recyds,TreVeyon Henderson,over,19.5,230
2026-09-26T22:21:35.497153+00:00,1f3cfd315a24d1a7dd5859a8e6b88e18,NE,JAX,recyds,TreVeyon Henderson,over,24.5,350
2026-09-26T22:21:35.497153+00:00,1f3cfd315a24d1a7dd5859a8e6b88e18,NE,JAX,recyds,TreVeyon Henderson,over,29.5,490
2026-09-26T22:21:35.497153+00:00,1f3cfd315a24d1a7dd5859a8e6b88e18,NE,JAX,recyds,TreVeyon Henderson,over,39.5,880
2026-09-26T22:21:35.497153+00:00,1f3cfd315a24d1a7dd5859a8e6b88e18,NE,JAX,recyds,Romeo Doubs,over,9.5,-1450
2026-09-26T22:21:35.497153+00:00,1f3cfd315a24d1a7dd5859a8e6b88e18,NE,JAX,recyds,Romeo Doubs,over,14.5,-750
2026-09-26T22:21:35.497153+00:00,1f3cfd315a24d1a7dd5859a8e6b88e18,NE,JAX,recyds,Romeo Doubs,over,19.5,-470
2026-09-26T22:21:35.497153+00:00,1f3cfd315a24d1a7dd5859a8e6b88e18,NE,JAX,recyds,Romeo Doubs,over,24.5,-330
2026-09-26T22:21:35.497153+00:00,1f3cfd315a24d1a7dd5859a8e6b88e18,NE,JAX,recyds,Romeo Doubs,over,29.5,-245
2026-09-26T22:21:35.497153+00:00,1f3cfd315a24d1a7dd5859a8e6b88e18,NE,JAX,recyds,Romeo Doubs,over,39.5,-136
2026-09-26T22:21:35.497153+00:00,1f3cfd315a24d1a7dd5859a8e6b88e18,NE,JAX,recyds,Romeo Doubs,over,49.5,120
2026-09-26T22:21:35.497153+00:00,1f3cfd315a24d1a7dd5859a8e6b88e18,NE,JAX,recyds,Romeo Doubs,over,59.5,182
2026-09-26T22:21:35.497153+00:00,1f3cfd315a24d1a7dd5859a8e6b88e18,NE,JAX,recyds,Romeo Doubs,over,69.5,270
2026-09-26T22:21:35.497153+00:00,1f3cfd315a24d1a7dd5859a8e6b88e18,NE,JAX,recyds,Romeo Doubs,over,79.5,400
2026-09-26T22:21:35.497153+00:00,1f3cfd315a24d1a7dd5859a8e6b88e18,NE,JAX,recyds,Romeo Doubs,over,89.5,580
2026-09-26T22:21:35.497153+00:00,1f3cfd315a24d1a7dd5859a8e6b88e18,NE,JAX,recyds,Romeo Doubs,over,99.5,750
2026-09-26T22:21:35.497153+00:00,1f3cfd315a24d1a7dd5859a8e6b88e18,NE,JAX,recyds,Romeo Doubs,over,109.5,1000
2026-09-26T22:21:35.497153+00:00,1f3cfd315a24d1a7dd5859a8e6b88e18,NE,JAX,recyds,Romeo Doubs,over,124.5,1500
2026-09-26T22:21:35.497153+00:00,1f3cfd315a24d1a7dd5859a8e6b88e18,NE,JAX,recyds,Hunter Henry,over,14.5,-1000
2026-09-26T22:21:35.497153+00:00,1f3cfd315a24d1a7dd5859a8e6b88e18,NE,JAX,recyds,Hunter Henry,over,19.5,-550
2026-09-26T22:21:35.497153+00:00,1f3cfd315a24d1a7dd5859a8e6b88e18,NE,JAX,recyds,Hunter Henry,over,24.5,-350
2026-09-26T22:21:35.497153+00:00,1f3cfd315a24d1a7dd5859a8e6b88e18,NE,JAX,recyds,Hunter Henry,over,29.5,-245
2026-09-26T22:21:35.497153+00:00,1f3cfd315a24d1a7dd5859a8e6b88e18,NE,JAX,recyds,Hunter Henry,over,39.5,-130
2026-09-26T22:21:35.497153+00:00,1f3cfd315a24d1a7dd5859a8e6b88e18,NE,JAX,recyds,Hunter Henry,over,49.5,136
2026-09-26T22:21:35.497153+00:00,1f3cfd315a24d1a7dd5859a8e6b88e18,NE,JAX,recyds,Hunter Henry,over,59.5,220
2026-09-26T22:21:35.497153+00:00,1f3cfd315a24d1a7dd5859a8e6b88e18,NE,JAX,recyds,Hunter Henry,over,69.5,320
2026-09-26T22:21:35.497153+00:00,1f3cfd315a24d1a7dd5859a8e6b88e18,NE,JAX,recyds,Hunter Henry,over,79.5,490
2026-09-26T22:21:35.497153+00:00,1f3cfd315a24d1a7dd5859a8e6b88e18,NE,JAX,recyds,Hunter Henry,over,89.5,700
2026-09-26T22:21:35.497153+00:00,1f3cfd315a24d1a7dd5859a8e6b88e18,NE,JAX,recyds,Hunter Henry,over,99.5,1000
2026-09-26T22:21:35.497153+00:00,1f3cfd315a24d1a7dd5859a8e6b88e18,NE,JAX,recyds,Hunter Henry,over,109.5,1400
2026-09-26T22:21:35.497153+00:00,1f3cfd315a24d1a7dd5859a8e6b88e18,NE,JAX,recyds,Mack Hollins,over,9.5,-900
2026-09-26T22:21:35.497153+00:00,1f3cfd315a24d1a7dd5859a8e6b88e18,NE,JAX,recyds,Mack Hollins,over,14.5,-470
2026-09-26T22:21:35.497153+00:00,1f3cfd315a24d1a7dd5859a8e6b88e18,NE,JAX,recyds,Mack Hollins,over,19.5,-310
2026-09-26T22:21:35.497153+00:00,1f3cfd315a24d1a7dd5859a8e6b88e18,NE,JAX,recyds,Mack Hollins,over,24.5,-210
2026-09-26T22:21:35.497153+00:00,1f3cfd315a24d1a7dd5859a8e6b88e18,NE,JAX,recyds,Mack Hollins,over,29.5,-148
2026-09-26T22:21:35.497153+00:00,1f3cfd315a24d1a7dd5859a8e6b88e18,NE,JAX,recyds,Mack Hollins,over,39.5,124
2026-09-26T22:21:35.497153+00:00,1f3cfd315a24d1a7dd5859a8e6b88e18,NE,JAX,recyds,Mack Hollins,over,49.5,200
2026-09-26T22:21:35.497153+00:00,1f3cfd315a24d1a7dd5859a8e6b88e18,NE,JAX,recyds,Mack Hollins,over,59.5,320
2026-09-26T22:21:35.497153+00:00,1f3cfd315a24d1a7dd5859a8e6b88e18,NE,JAX,recyds,Mack Hollins,over,69.5,490
2026-09-26T22:21:35.497153+00:00,1f3cfd315a24d1a7dd5859a8e6b88e18,NE,JAX,recyds,Mack Hollins,over,79.5,700
2026-09-26T22:21:35.497153+00:00,1f3cfd315a24d1a7dd5859a8e6b88e18,NE,JAX,recyds,Mack Hollins,over,89.5,1000
2026-09-26T22:21:35.497153+00:00,1f3cfd315a24d1a7dd5859a8e6b88e18,NE,JAX,recyds,Mack Hollins,over,99.5,1280
2026-09-26T22:21:35.497153+00:00,1f3cfd315a24d1a7dd5859a8e6b88e18,NE,JAX,recyds,Jakobi Meyers,over,9.5,-1200
2026-09-26T22:21:35.497153+00:00,1f3cfd315a24d1a7dd5859a8e6b88e18,NE,JAX,recyds,Jakobi Meyers,over,14.5,-580
2026-09-26T22:21:35.497153+00:00,1f3cfd315a24d1a7dd5859a8e6b88e18,NE,JAX,recyds,Jakobi Meyers,over,19.5,-340
2026-09-26T22:21:35.497153+00:00,1f3cfd315a24d1a7dd5859a8e6b88e18,NE,JAX,recyds,Jakobi Meyers,over,24.5,-235
2026-09-26T22:21:35.497153+00:00,1f3cfd315a24d1a7dd5859a8e6b88e18,NE,JAX,recyds,Jakobi Meyers,over,29.5,-160
2026-09-26T22:21:35.497153+00:00,1f3cfd315a24d1a7dd5859a8e6b88e18,NE,JAX,recyds,Jakobi Meyers,over,39.5,116
2026-09-26T22:21:35.497153+00:00,1f3cfd315a24d1a7dd5859a8e6b88e18,NE,JAX,recyds,Jakobi Meyers,over,49.5,194
2026-09-26T22:21:35.497153+00:00,1f3cfd315a24d1a7dd5859a8e6b88e18,NE,JAX,recyds,Jakobi Meyers,over,59.5,310
2026-09-26T22:21:35.497153+00:00,1f3cfd315a24d1a7dd5859a8e6b88e18,NE,JAX,recyds,Jakobi Meyers,over,69.5,490
2026-09-26T22:21:35.497153+00:00,1f3cfd315a24d1a7dd5859a8e6b88e18,NE,JAX,recyds,Jakobi Meyers,over,79.5,750
2026-09-26T22:21:35.497153+00:00,1f3cfd315a24d1a7dd5859a8e6b88e18,NE,JAX,recyds,Jakobi Meyers,over,89.5,1000
2026-09-26T22:21:35.497153+00:00,1f3cfd315a24d1a7dd5859a8e6b88e18,NE,JAX,recyds,Jakobi Meyers,over,99.5,1400
2026-09-26T22:21:35.497153+00:00,1f3cfd315a24d1a7dd5859a8e6b88e18,NE,JAX,recyds,Rhamondre Stevenson,over,4.5,-470
2026-09-26T22:21:35.497153+00:00,1f3cfd315a24d1a7dd5859a8e6b88e18,NE,JAX,recyds,Rhamondre Stevenson,over,9.5,-215
2026-09-26T22:21:35.497153+00:00,1f3cfd315a24d1a7dd5859a8e6b88e18,NE,JAX,recyds,Rhamondre Stevenson,over,14.5,-114
2026-09-26T22:21:35.497153+00:00,1f3cfd315a24d1a7dd5859a8e6b88e18,NE,JAX,recyds,Rhamondre Stevenson,over,19.5,140
2026-09-26T22:21:35.497153+00:00,1f3cfd315a24d1a7dd5859a8e6b88e18,NE,JAX,recyds,Rhamondre Stevenson,over,24.5,205
2026-09-26T22:21:35.497153+00:00,1f3cfd315a24d1a7dd5859a8e6b88e18,NE,JAX,recyds,Rhamondre Stevenson,over,29.5,300
2026-09-26T22:21:35.497153+00:00,1f3cfd315a24d1a7dd5859a8e6b88e18,NE,JAX,recyds,Rhamondre Stevenson,over,39.5,550
2026-09-26T22:21:35.497153+00:00,1f3cfd315a24d1a7dd5859a8e6b88e18,NE,JAX,recyds,Rhamondre Stevenson,over,49.5,880
2026-09-26T22:21:35.497153+00:00,1f3cfd315a24d1a7dd5859a8e6b88e18,NE,JAX,recyds,Bhayshul Tuten,over,4.5,-250
2026-09-26T22:21:35.497153+00:00,1f3cfd315a24d1a7dd5859a8e6b88e18,NE,JAX,recyds,Bhayshul Tuten,over,9.5,-114
2026-09-26T22:21:35.497153+00:00,1f3cfd315a24d1a7dd5859a8e6b88e18,NE,JAX,recyds,Bhayshul Tuten,over,14.5,154
2026-09-26T22:21:35.497153+00:00,1f3cfd315a24d1a7dd5859a8e6b88e18,NE,JAX,recyds,Bhayshul Tuten,over,19.5,240
2026-09-26T22:21:35.497153+00:00,1f3cfd315a24d1a7dd5859a8e6b88e18,NE,JAX,recyds,Bhayshul Tuten,over,24.5,370
2026-09-26T22:21:35.497153+00:00,1f3cfd315a24d1a7dd5859a8e6b88e18,NE,JAX,recyds,Bhayshul Tuten,over,29.5,550
2026-09-26T22:21:35.497153+00:00,1f3cfd315a24d1a7dd5859a8e6b88e18,NE,JAX,recyds,Bhayshul Tuten,over,39.5,920
2026-09-26T22:21:35.497153+00:00,1f3cfd315a24d1a7dd5859a8e6b88e18,NE,JAX,recyds,Brian Thomas Jr,over,9.5,-1100
2026-09-26T22:21:35.497153+00:00,1f3cfd315a24d1a7dd5859a8e6b88e18,NE,JAX,recyds,Brian Thomas Jr,over,14.5,-580
2026-09-26T22:21:35.497153+00:00,1f3cfd315a24d1a7dd5859a8e6b88e18,NE,JAX,recyds,Brian Thomas Jr,over,19.5,-350
2026-09-26T22:21:35.497153+00:00,1f3cfd315a24d1a7dd5859a8e6b88e18,NE,JAX,recyds,Brian Thomas Jr,over,24.5,-245
2026-09-26T22:21:35.497153+00:00,1f3cfd315a24d1a7dd5859a8e6b88e18,NE,JAX,recyds,Brian Thomas Jr,over,29.5,-174
2026-09-26T22:21:35.497153+00:00,1f3cfd315a24d1a7dd5859a8e6b88e18,NE,JAX,recyds,Brian Thomas Jr,over,39.5,102
2026-09-26T22:21:35.497153+00:00,1f3cfd315a24d1a7dd5859a8e6b88e18,NE,JAX,recyds,Brian Thomas Jr,over,49.5,168
2026-09-26T22:21:35.497153+00:00,1f3cfd315a24d1a7dd5859a8e6b88e18,NE,JAX,recyds,Brian Thomas Jr,over,59.5,260
2026-09-26T22:21:35.497153+00:00,1f3cfd315a24d1a7dd5859a8e6b88e18,NE,JAX,recyds,Brian Thomas Jr,over,69.5,390
2026-09-26T22:21:35.497153+00:00,1f3cfd315a24d1a7dd5859a8e6b88e18,NE,JAX,recyds,Brian Thomas Jr,over,79.5,580
2026-09-26T22:21:35.497153+00:00,1f3cfd315a24d1a7dd5859a8e6b88e18,NE,JAX,recyds,Brian Thomas Jr,over,89.5,800
2026-09-26T22:21:35.497153+00:00,1f3cfd315a24d1a7dd5859a8e6b88e18,NE,JAX,recyds,Brian Thomas Jr,over,99.5,1100
2026-09-26T22:21:35.497153+00:00,1f3cfd315a24d1a7dd5859a8e6b88e18,NE,JAX,recyds,Brian Thomas Jr,over,109.5,1400
2026-09-26T22:21:35.497153+00:00,1f3cfd315a24d1a7dd5859a8e6b88e18,NE,JAX,recyds,DeMario Douglas,over,9.5,-670
2026-09-26T22:21:35.497153+00:00,1f3cfd315a24d1a7dd5859a8e6b88e18,NE,JAX,recyds,DeMario Douglas,over,14.5,-380
2026-09-26T22:21:35.497153+00:00,1f3cfd315a24d1a7dd5859a8e6b88e18,NE,JAX,recyds,DeMario Douglas,over,19.5,-235
2026-09-26T22:21:35.497153+00:00,1f3cfd315a24d1a7dd5859a8e6b88e18,NE,JAX,recyds,DeMario Douglas,over,24.5,-154
2026-09-26T22:21:35.497153+00:00,1f3cfd315a24d1a7dd5859a8e6b88e18,NE,JAX,recyds,DeMario Douglas,over,29.5,-108
2026-09-26T22:21:35.497153+00:00,1f3cfd315a24d1a7dd5859a8e6b88e18,NE,JAX,recyds,DeMario Douglas,over,39.5,174
2026-09-26T22:21:35.497153+00:00,1f3cfd315a24d1a7dd5859a8e6b88e18,NE,JAX,recyds,DeMario Douglas,over,49.5,290
2026-09-26T22:21:35.497153+00:00,1f3cfd315a24d1a7dd5859a8e6b88e18,NE,JAX,recyds,DeMario Douglas,over,59.5,470
2026-09-26T22:21:35.497153+00:00,1f3cfd315a24d1a7dd5859a8e6b88e18,NE,JAX,recyds,DeMario Douglas,over,69.5,700
2026-09-26T22:21:35.497153+00:00,1f3cfd315a24d1a7dd5859a8e6b88e18,NE,JAX,recyds,DeMario Douglas,over,79.5,1000
2026-09-26T22:21:35.497153+00:00,1f3cfd315a24d1a7dd5859a8e6b88e18,NE,JAX,recyds,DeMario Douglas,over,89.5,1400
2026-09-26T22:21:35.497153+00:00,1f3cfd315a24d1a7dd5859a8e6b88e18,NE,JAX,recs,Rhamondre Stevenson,over,0.5,-1800
2026-09-26T22:21:35.497153+00:00,1f3cfd315a24d1a7dd5859a8e6b88e18,NE,JAX,recs,Rhamondre Stevenson,over,1.5,-290
2026-09-26T22:21:35.497153+00:00,1f3cfd315a24d1a7dd5859a8e6b88e18,NE,JAX,recs,Rhamondre Stevenson,over,2.5,100
2026-09-26T22:21:35.497153+00:00,1f3cfd315a24d1a7dd5859a8e6b88e18,NE,JAX,recs,Rhamondre Stevenson,over,3.5,225
2026-09-26T22:21:35.497153+00:00,1f3cfd315a24d1a7dd5859a8e6b88e18,NE,JAX,recs,Rhamondre Stevenson,over,4.5,450
2026-09-26T22:21:35.497153+00:00,1f3cfd315a24d1a7dd5859a8e6b88e18,NE,JAX,recs,Rhamondre Stevenson,over,5.5,850
2026-09-26T22:21:35.497153+00:00,1f3cfd315a24d1a7dd5859a8e6b88e18,NE,JAX,recs,Mack Hollins,over,1.5,-550
2026-09-26T22:21:35.497153+00:00,1f3cfd315a24d1a7dd5859a8e6b88e18,NE,JAX,recs,Mack Hollins,over,2.5,-172
2026-09-26T22:21:35.497153+00:00,1f3cfd315a24d1a7dd5859a8e6b88e18,NE,JAX,recs,Mack Hollins,over,3.5,148
2026-09-26T22:21:35.497153+00:00,1f3cfd315a24d1a7dd5859a8e6b88e18,NE,JAX,recs,Mack Hollins,over,4.5,320
2026-09-26T22:21:35.497153+00:00,1f3cfd315a24d1a7dd5859a8e6b88e18,NE,JAX,recs,Mack Hollins,over,5.5,640
2026-09-26T22:21:35.497153+00:00,1f3cfd315a24d1a7dd5859a8e6b88e18,NE,JAX,recs,Mack Hollins,over,6.5,1200
2026-09-26T22:21:35.497153+00:00,1f3cfd315a24d1a7dd5859a8e6b88e18,NE,JAX,recs,Brenton Strange,over,1.5,-600
2026-09-26T22:21:35.497153+00:00,1f3cfd315a24d1a7dd5859a8e6b88e18,NE,JAX,recs,Brenton Strange,over,2.5,-192
2026-09-26T22:21:35.497153+00:00,1f3cfd315a24d1a7dd5859a8e6b88e18,NE,JAX,recs,Brenton Strange,over,3.5,130
2026-09-26T22:21:35.497153+00:00,1f3cfd315a24d1a7dd5859a8e6b88e18,NE,JAX,recs,Brenton Strange,over,4.5,280
2026-09-26T22:21:35.497153+00:00,1f3cfd315a24d1a7dd5859a8e6b88e18,NE,JAX,recs,Brenton Strange,over,5.5,550
2026-09-26T22:21:35.497153+00:00,1f3cfd315a24d1a7dd5859a8e6b88e18,NE,JAX,recs,Brenton Strange,over,6.5,920
2026-09-26T22:21:35.497153+00:00,1f3cfd315a24d1a7dd5859a8e6b88e18,NE,JAX,recs,Brenton Strange,over,7.5,1700
2026-09-26T22:21:35.497153+00:00,1f3cfd315a24d1a7dd5859a8e6b88e18,NE,JAX,recs,Parker Washington,over,2.5,-1400
2026-09-26T22:21:35.497153+00:00,1f3cfd315a24d1a7dd5859a8e6b88e18,NE,JAX,recs,Parker Washington,over,3.5,-420
2026-09-26T22:21:35.497153+00:00,1f3cfd315a24d1a7dd5859a8e6b88e18,NE,JAX,recs,Parker Washington,over,4.5,-182
2026-09-26T22:21:35.497153+00:00,1f3cfd315a24d1a7dd5859a8e6b88e18,NE,JAX,recs,Parker Washington,over,5.5,116
2026-09-26T22:21:35.497153+00:00,1f3cfd315a24d1a7dd5859a8e6b88e18,NE,JAX,recs,Parker Washington,over,6.5,210
2026-09-26T22:21:35.497153+00:00,1f3cfd315a24d1a7dd5859a8e6b88e18,NE,JAX,recs,Parker Washington,over,7.5,370
2026-09-26T22:21:35.497153+00:00,1f3cfd315a24d1a7dd5859a8e6b88e18,NE,JAX,recs,Parker Washington,over,8.5,640
2026-09-26T22:21:35.497153+00:00,1f3cfd315a24d1a7dd5859a8e6b88e18,NE,JAX,recs,Parker Washington,over,9.5,1000
2026-09-26T22:21:35.497153+00:00,1f3cfd315a24d1a7dd5859a8e6b88e18,NE,JAX,recs,Parker Washington,over,10.5,1500
2026-09-26T22:21:35.497153+00:00,1f3cfd315a24d1a7dd5859a8e6b88e18,NE,JAX,recs,DeMario Douglas,over,1.5,-550
2026-09-26T22:21:35.497153+00:00,1f3cfd315a24d1a7dd5859a8e6b88e18,NE,JAX,recs,DeMario Douglas,over,2.5,-174
2026-09-26T22:21:35.497153+00:00,1f3cfd315a24d1a7dd5859a8e6b88e18,NE,JAX,recs,DeMario Douglas,over,3.5,146
2026-09-26T22:21:35.497153+00:00,1f3cfd315a24d1a7dd5859a8e6b88e18,NE,JAX,recs,DeMario Douglas,over,4.5,310
2026-09-26T22:21:35.497153+00:00,1f3cfd315a24d1a7dd5859a8e6b88e18,NE,JAX,recs,DeMario Douglas,over,5.5,630
2026-09-26T22:21:35.497153+00:00,1f3cfd315a24d1a7dd5859a8e6b88e18,NE,JAX,recs,DeMario Douglas,over,6.5,1100
2026-09-26T22:21:35.497153+00:00,1f3cfd315a24d1a7dd5859a8e6b88e18,NE,JAX,recs,Bhayshul Tuten,over,0.5,-580
2026-09-26T22:21:35.497153+00:00,1f3cfd315a24d1a7dd5859a8e6b88e18,NE,JAX,recs,Bhayshul Tuten,over,1.5,-122
2026-09-26T22:21:35.497153+00:00,1f3cfd315a24d1a7dd5859a8e6b88e18,NE,JAX,recs,Bhayshul Tuten,over,2.5,230
2026-09-26T22:21:35.497153+00:00,1f3cfd315a24d1a7dd5859a8e6b88e18,NE,JAX,recs,Bhayshul Tuten,over,3.5,580
2026-09-26T22:21:35.497153+00:00,1f3cfd315a24d1a7dd5859a8e6b88e18,NE,JAX,recs,Brian Thomas Jr,over,1.5,-580
2026-09-26T22:21:35.497153+00:00,1f3cfd315a24d1a7dd5859a8e6b88e18,NE,JAX,recs,Brian Thomas Jr,over,2.5,-182
2026-09-26T22:21:35.497153+00:00,1f3cfd315a24d1a7dd5859a8e6b88e18,NE,JAX,recs,Brian Thomas Jr,over,3.5,140
2026-09-26T22:21:35.497153+00:00,1f3cfd315a24d1a7dd5859a8e6b88e18,NE,JAX,recs,Brian Thomas Jr,over,4.5,300
2026-09-26T22:21:35.497153+00:00,1f3cfd315a24d1a7dd5859a8e6b88e18,NE,JAX,recs,Brian Thomas Jr,over,5.5,630
2026-09-26T22:21:35.497153+00:00,1f3cfd315a24d1a7dd5859a8e6b88e18,NE,JAX,recs,Brian Thomas Jr,over,6.5,1100
2026-09-26T22:21:35.497153+00:00,1f3cfd315a24d1a7dd5859a8e6b88e18,NE,JAX,recs,Hunter Henry,over,1.5,-1400
2026-09-26T22:21:35.497153+00:00,1f3cfd315a24d1a7dd5859a8e6b88e18,NE,JAX,recs,Hunter Henry,over,2.5,-360
2026-09-26T22:21:35.497153+00:00,1f3cfd315a24d1a7dd5859a8e6b88e18,NE,JAX,recs,Hunter Henry,over,3.5,-144
2026-09-26T22:21:35.497153+00:00,1f3cfd315a24d1a7dd5859a8e6b88e18,NE,JAX,recs,Hunter Henry,over,4.5,154
2026-09-26T22:21:35.497153+00:00,1f3cfd315a24d1a7dd5859a8e6b88e18,NE,JAX,recs,Hunter Henry,over,5.5,300
2026-09-26T22:21:35.497153+00:00,1f3cfd315a24d1a7dd5859a8e6b88e18,NE,JAX,recs,Hunter Henry,over,6.5,550
2026-09-26T22:21:35.497153+00:00,1f3cfd315a24d1a7dd5859a8e6b88e18,NE,JAX,recs,Hunter Henry,over,7.5,920
2026-09-26T22:21:35.497153+00:00,1f3cfd315a24d1a7dd5859a8e6b88e18,NE,JAX,recs,Hunter Henry,over,8.5,1500
2026-09-26T22:21:35.497153+00:00,1f3cfd315a24d1a7dd5859a8e6b88e18,NE,JAX,recs,TreVeyon Henderson,over,0.5,-500
2026-09-26T22:21:35.497153+00:00,1f3cfd315a24d1a7dd5859a8e6b88e18,NE,JAX,recs,TreVeyon Henderson,over,1.5,-114
2026-09-26T22:21:35.497153+00:00,1f3cfd315a24d1a7dd5859a8e6b88e18,NE,JAX,recs,TreVeyon Henderson,over,2.5,235
2026-09-26T22:21:35.497153+00:00,1f3cfd315a24d1a7dd5859a8e6b88e18,NE,JAX,recs,TreVeyon Henderson,over,3.5,550
2026-09-26T22:21:35.497153+00:00,1f3cfd315a24d1a7dd5859a8e6b88e18,NE,JAX,recs,Jakobi Meyers,over,1.5,-900
2026-09-26T22:21:35.497153+00:00,1f3cfd315a24d1a7dd5859a8e6b88e18,NE,JAX,recs,Jakobi Meyers,over,2.5,-260
2026-09-26T22:21:35.497153+00:00,1f3cfd315a24d1a7dd5859a8e6b88e18,NE,JAX,recs,Jakobi Meyers,over,3.5,-102
2026-09-26T22:21:35.497153+00:00,1f3cfd315a24d1a7dd5859a8e6b88e18,NE,JAX,recs,Jakobi Meyers,over,4.5,205
2026-09-26T22:21:35.497153+00:00,1f3cfd315a24d1a7dd5859a8e6b88e18,NE,JAX,recs,Jakobi Meyers,over,5.5,400
2026-09-26T22:21:35.497153+00:00,1f3cfd315a24d1a7dd5859a8e6b88e18,NE,JAX,recs,Jakobi Meyers,over,6.5,750
2026-09-26T22:21:35.497153+00:00,1f3cfd315a24d1a7dd5859a8e6b88e18,NE,JAX,recs,Jakobi Meyers,over,7.5,1280
2026-09-26T22:21:35.497153+00:00,1f3cfd315a24d1a7dd5859a8e6b88e18,NE,JAX,recs,Romeo Doubs,over,1.5,-670
2026-09-26T22:21:35.497153+00:00,1f3cfd315a24d1a7dd5859a8e6b88e18,NE,JAX,recs,Romeo Doubs,over,2.5,-210
2026-09-26T22:21:35.497153+00:00,1f3cfd315a24d1a7dd5859a8e6b88e18,NE,JAX,recs,Romeo Doubs,over,3.5,118
2026-09-26T22:21:35.497153+00:00,1f3cfd315a24d1a7dd5859a8e6b88e18,NE,JAX,recs,Romeo Doubs,over,4.5,265
2026-09-26T22:21:35.497153+00:00,1f3cfd315a24d1a7dd5859a8e6b88e18,NE,JAX,recs,Romeo Doubs,over,5.5,550
2026-09-26T22:21:35.497153+00:00,1f3cfd315a24d1a7dd5859a8e6b88e18,NE,JAX,recs,Romeo Doubs,over,6.5,920
2026-09-26T22:21:35.497153+00:00,1f3cfd315a24d1a7dd5859a8e6b88e18,NE,JAX,recs,Romeo Doubs,over,7.5,1700
2026-09-26T22:21:35.497153+00:00,0339a0e41bcee12820eb3e64bb5fadb4,KC,MIA,passyds,Malik Willis,over,99.5,-1400
2026-09-26T22:21:35.497153+00:00,0339a0e41bcee12820eb3e64bb5fadb4,KC,MIA,passyds,Malik Willis,over,124.5,-470
2026-09-26T22:21:35.497153+00:00,0339a0e41bcee12820eb3e64bb5fadb4,KC,MIA,passyds,Malik Willis,over,149.5,-230
2026-09-26T22:21:35.497153+00:00,0339a0e41bcee12820eb3e64bb5fadb4,KC,MIA,passyds,Malik Willis,over,174.5,-112
2026-09-26T22:21:35.497153+00:00,0339a0e41bcee12820eb3e64bb5fadb4,KC,MIA,passyds,Malik Willis,over,199.5,174
2026-09-26T22:21:35.497153+00:00,0339a0e41bcee12820eb3e64bb5fadb4,KC,MIA,passyds,Malik Willis,over,224.5,310
2026-09-26T22:21:35.497153+00:00,0339a0e41bcee12820eb3e64bb5fadb4,KC,MIA,passyds,Malik Willis,over,249.5,580
2026-09-26T22:21:35.497153+00:00,0339a0e41bcee12820eb3e64bb5fadb4,KC,MIA,passyds,Malik Willis,over,274.5,920
2026-09-26T22:21:35.497153+00:00,0339a0e41bcee12820eb3e64bb5fadb4,KC,MIA,passyds,Malik Willis,over,299.5,1500
2026-09-26T22:21:35.497153+00:00,0339a0e41bcee12820eb3e64bb5fadb4,KC,MIA,passyds,Patrick Mahomes,over,149.5,-1200
2026-09-26T22:21:35.497153+00:00,0339a0e41bcee12820eb3e64bb5fadb4,KC,MIA,passyds,Patrick Mahomes,over,174.5,-580
2026-09-26T22:21:35.497153+00:00,0339a0e41bcee12820eb3e64bb5fadb4,KC,MIA,passyds,Patrick Mahomes,over,199.5,-280
2026-09-26T22:21:35.497153+00:00,0339a0e41bcee12820eb3e64bb5fadb4,KC,MIA,passyds,Patrick Mahomes,over,224.5,-152
2026-09-26T22:21:35.497153+00:00,0339a0e41bcee12820eb3e64bb5fadb4,KC,MIA,passyds,Patrick Mahomes,over,249.5,122
2026-09-26T22:21:35.497153+00:00,0339a0e41bcee12820eb3e64bb5fadb4,KC,MIA,passyds,Patrick Mahomes,over,274.5,225
2026-09-26T22:21:35.497153+00:00,0339a0e41bcee12820eb3e64bb5fadb4,KC,MIA,passyds,Patrick Mahomes,over,299.5,390
2026-09-26T22:21:35.497153+00:00,0339a0e41bcee12820eb3e64bb5fadb4,KC,MIA,passyds,Patrick Mahomes,over,324.5,640
2026-09-26T22:21:35.497153+00:00,0339a0e41bcee12820eb3e64bb5fadb4,KC,MIA,passyds,Patrick Mahomes,over,349.5,1100
2026-09-26T22:21:35.497153+00:00,0339a0e41bcee12820eb3e64bb5fadb4,KC,MIA,passyds,Patrick Mahomes,over,374.5,1700
2026-09-26T22:21:35.497153+00:00,0339a0e41bcee12820eb3e64bb5fadb4,KC,MIA,rushyds,Emmett Johnson,over,9.5,-1000
2026-09-26T22:21:35.497153+00:00,0339a0e41bcee12820eb3e64bb5fadb4,KC,MIA,rushyds,Emmett Johnson,over,14.5,-440
2026-09-26T22:21:35.497153+00:00,0339a0e41bcee12820eb3e64bb5fadb4,KC,MIA,rushyds,Emmett Johnson,over,19.5,-250
2026-09-26T22:21:35.497153+00:00,0339a0e41bcee12820eb3e64bb5fadb4,KC,MIA,rushyds,Emmett Johnson,over,24.5,-158
2026-09-26T22:21:35.497153+00:00,0339a0e41bcee12820eb3e64bb5fadb4,KC,MIA,rushyds,Emmett Johnson,over,29.5,-106
2026-09-26T22:21:35.497153+00:00,0339a0e41bcee12820eb3e64bb5fadb4,KC,MIA,rushyds,Emmett Johnson,over,39.5,182
2026-09-26T22:21:35.497153+00:00,0339a0e41bcee12820eb3e64bb5fadb4,KC,MIA,rushyds,Emmett Johnson,over,49.5,320
2026-09-26T22:21:35.497153+00:00,0339a0e41bcee12820eb3e64bb5fadb4,KC,MIA,rushyds,Emmett Johnson,over,59.5,520
2026-09-26T22:21:35.497153+00:00,0339a0e41bcee12820eb3e64bb5fadb4,KC,MIA,rushyds,Emmett Johnson,over,69.5,750
2026-09-26T22:21:35.497153+00:00,0339a0e41bcee12820eb3e64bb5fadb4,KC,MIA,rushyds,De'Von Achane,over,29.5,-1100
2026-09-26T22:21:35.497153+00:00,0339a0e41bcee12820eb3e64bb5fadb4,KC,MIA,rushyds,De'Von Achane,over,39.5,-400
2026-09-26T22:21:35.497153+00:00,0339a0e41bcee12820eb3e64bb5fadb4,KC,MIA,rushyds,De'Von Achane,over,49.5,-210
2026-09-26T22:21:35.497153+00:00,0339a0e41bcee12820eb3e64bb5fadb4,KC,MIA,rushyds,De'Von Achane,over,59.5,-114
2026-09-26T22:21:35.497153+00:00,0339a0e41bcee12820eb3e64bb5fadb4,KC,MIA,rushyds,De'Von Achane,over,69.5,146
2026-09-26T22:21:35.497153+00:00,0339a0e41bcee12820eb3e64bb5fadb4,KC,MIA,rushyds,De'Von Achane,over,79.5,225
2026-09-26T22:21:35.497153+00:00,0339a0e41bcee12820eb3e64bb5fadb4,KC,MIA,rushyds,De'Von Achane,over,89.5,320
2026-09-26T22:21:35.497153+00:00,0339a0e41bcee12820eb3e64bb5fadb4,KC,MIA,rushyds,De'Von Achane,over,99.5,490
2026-09-26T22:21:35.497153+00:00,0339a0e41bcee12820eb3e64bb5fadb4,KC,MIA,rushyds,De'Von Achane,over,109.5,680
2026-09-26T22:21:35.497153+00:00,0339a0e41bcee12820eb3e64bb5fadb4,KC,MIA,rushyds,De'Von Achane,over,124.5,1100
2026-09-26T22:21:35.497153+00:00,0339a0e41bcee12820eb3e64bb5fadb4,KC,MIA,rushyds,Patrick Mahomes,over,4.5,-600
2026-09-26T22:21:35.497153+00:00,0339a0e41bcee12820eb3e64bb5fadb4,KC,MIA,rushyds,Patrick Mahomes,over,9.5,-250
2026-09-26T22:21:35.497153+00:00,0339a0e41bcee12820eb3e64bb5fadb4,KC,MIA,rushyds,Patrick Mahomes,over,14.5,-130
2026-09-26T22:21:35.497153+00:00,0339a0e41bcee12820eb3e64bb5fadb4,KC,MIA,rushyds,Patrick Mahomes,over,19.5,136
2026-09-26T22:21:35.497153+00:00,0339a0e41bcee12820eb3e64bb5fadb4,KC,MIA,rushyds,Patrick Mahomes,over,24.5,220
2026-09-26T22:21:35.497153+00:00,0339a0e41bcee12820eb3e64bb5fadb4,KC,MIA,rushyds,Patrick Mahomes,over,29.5,320
2026-09-26T22:21:35.497153+00:00,0339a0e41bcee12820eb3e64bb5fadb4,KC,MIA,rushyds,Patrick Mahomes,over,39.5,700
2026-09-26T22:21:35.497153+00:00,0339a0e41bcee12820eb3e64bb5fadb4,KC,MIA,rushyds,Patrick Mahomes,over,49.5,1260
2026-09-26T22:21:35.497153+00:00,0339a0e41bcee12820eb3e64bb5fadb4,KC,MIA,rushyds,Kenneth Walker III,over,49.5,-700
2026-09-26T22:21:35.497153+00:00,0339a0e41bcee12820eb3e64bb5fadb4,KC,MIA,rushyds,Kenneth Walker III,over,59.5,-360
2026-09-26T22:21:35.497153+00:00,0339a0e41bcee12820eb3e64bb5fadb4,KC,MIA,rushyds,Kenneth Walker III,over,69.5,-220
2026-09-26T22:21:35.497153+00:00,0339a0e41bcee12820eb3e64bb5fadb4,KC,MIA,rushyds,Kenneth Walker III,over,79.5,-132
2026-09-26T22:21:35.497153+00:00,0339a0e41bcee12820eb3e64bb5fadb4,KC,MIA,rushyds,Kenneth Walker III,over,89.5,118
2026-09-26T22:21:35.497153+00:00,0339a0e41bcee12820eb3e64bb5fadb4,KC,MIA,rushyds,Kenneth Walker III,over,99.5,178
2026-09-26T22:21:35.497153+00:00,0339a0e41bcee12820eb3e64bb5fadb4,KC,MIA,rushyds,Kenneth Walker III,over,109.5,250
2026-09-26T22:21:35.497153+00:00,0339a0e41bcee12820eb3e64bb5fadb4,KC,MIA,rushyds,Kenneth Walker III,over,124.5,430
2026-09-26T22:21:35.497153+00:00,0339a0e41bcee12820eb3e64bb5fadb4,KC,MIA,rushyds,Kenneth Walker III,over,149.5,920
2026-09-26T22:21:35.497153+00:00,0339a0e41bcee12820eb3e64bb5fadb4,KC,MIA,rushyds,Malik Willis,over,14.5,-800
2026-09-26T22:21:35.497153+00:00,0339a0e41bcee12820eb3e64bb5fadb4,KC,MIA,rushyds,Malik Willis,over,19.5,-420
2026-09-26T22:21:35.497153+00:00,0339a0e41bcee12820eb3e64bb5fadb4,KC,MIA,rushyds,Malik Willis,over,24.5,-250
2026-09-26T22:21:35.497153+00:00,0339a0e41bcee12820eb3e64bb5fadb4,KC,MIA,rushyds,Malik Willis,over,29.5,-158
2026-09-26T22:21:35.497153+00:00,0339a0e41bcee12820eb3e64bb5fadb4,KC,MIA,rushyds,Malik Willis,over,39.5,136
2026-09-26T22:21:35.497153+00:00,0339a0e41bcee12820eb3e64bb5fadb4,KC,MIA,rushyds,Malik Willis,over,49.5,250
2026-09-26T22:21:35.497153+00:00,0339a0e41bcee12820eb3e64bb5fadb4,KC,MIA,rushyds,Malik Willis,over,59.5,430
2026-09-26T22:21:35.497153+00:00,0339a0e41bcee12820eb3e64bb5fadb4,KC,MIA,rushyds,Malik Willis,over,69.5,700
2026-09-26T22:21:35.497153+00:00,0339a0e41bcee12820eb3e64bb5fadb4,KC,MIA,rushyds,Malik Willis,over,79.5,1100
2026-09-26T22:21:35.497153+00:00,0339a0e41bcee12820eb3e64bb5fadb4,KC,MIA,rushyds,Malik Willis,over,89.5,1500
2026-09-26T22:21:35.497153+00:00,0339a0e41bcee12820eb3e64bb5fadb4,KC,MIA,recyds,Tyquan Thornton,over,4.5,-340
2026-09-26T22:21:35.497153+00:00,0339a0e41bcee12820eb3e64bb5fadb4,KC,MIA,recyds,Tyquan Thornton,over,9.5,-230
2026-09-26T22:21:35.497153+00:00,0339a0e41bcee12820eb3e64bb5fadb4,KC,MIA,recyds,Tyquan Thornton,over,14.5,-154
2026-09-26T22:21:35.497153+00:00,0339a0e41bcee12820eb3e64bb5fadb4,KC,MIA,recyds,Tyquan Thornton,over,19.5,-106
2026-09-26T22:21:35.497153+00:00,0339a0e41bcee12820eb3e64bb5fadb4,KC,MIA,recyds,Tyquan Thornton,over,24.5,124
2026-09-26T22:21:35.497153+00:00,0339a0e41bcee12820eb3e64bb5fadb4,KC,MIA,recyds,Tyquan Thornton,over,29.5,164
2026-09-26T22:21:35.497153+00:00,0339a0e41bcee12820eb3e64bb5fadb4,KC,MIA,recyds,Tyquan Thornton,over,39.5,260
2026-09-26T22:21:35.497153+00:00,0339a0e41bcee12820eb3e64bb5fadb4,KC,MIA,recyds,Tyquan Thornton,over,49.5,390
2026-09-26T22:21:35.497153+00:00,0339a0e41bcee12820eb3e64bb5fadb4,KC,MIA,recyds,Tyquan Thornton,over,59.5,580
2026-09-26T22:21:35.497153+00:00,0339a0e41bcee12820eb3e64bb5fadb4,KC,MIA,recyds,Tyquan Thornton,over,69.5,800
2026-09-26T22:21:35.497153+00:00,0339a0e41bcee12820eb3e64bb5fadb4,KC,MIA,recyds,Chris Bell,over,4.5,-440
2026-09-26T22:21:35.497153+00:00,0339a0e41bcee12820eb3e64bb5fadb4,KC,MIA,recyds,Chris Bell,over,9.5,-260
2026-09-26T22:21:35.497153+00:00,0339a0e41bcee12820eb3e64bb5fadb4,KC,MIA,recyds,Chris Bell,over,14.5,-168
2026-09-26T22:21:35.497153+00:00,0339a0e41bcee12820eb3e64bb5fadb4,KC,MIA,recyds,Chris Bell,over,19.5,-114
2026-09-26T22:21:35.497153+00:00,0339a0e41bcee12820eb3e64bb5fadb4,KC,MIA,recyds,Chris Bell,over,24.5,122
2026-09-26T22:21:35.497153+00:00,0339a0e41bcee12820eb3e64bb5fadb4,KC,MIA,recyds,Chris Bell,over,29.5,162
2026-09-26T22:21:35.497153+00:00,0339a0e41bcee12820eb3e64bb5fadb4,KC,MIA,recyds,Chris Bell,over,39.5,265
2026-09-26T22:21:35.497153+00:00,0339a0e41bcee12820eb3e64bb5fadb4,KC,MIA,recyds,Chris Bell,over,49.5,400
2026-09-26T22:21:35.497153+00:00,0339a0e41bcee12820eb3e64bb5fadb4,KC,MIA,recyds,Chris Bell,over,59.5,580
2026-09-26T22:21:35.497153+00:00,0339a0e41bcee12820eb3e64bb5fadb4,KC,MIA,recyds,Chris Bell,over,69.5,850
2026-09-26T22:21:35.497153+00:00,0339a0e41bcee12820eb3e64bb5fadb4,KC,MIA,recyds,Xavier Worthy,over,9.5,-1450
2026-09-26T22:21:35.497153+00:00,0339a0e41bcee12820eb3e64bb5fadb4,KC,MIA,recyds,Xavier Worthy,over,14.5,-700
2026-09-26T22:21:35.497153+00:00,0339a0e41bcee12820eb3e64bb5fadb4,KC,MIA,recyds,Xavier Worthy,over,19.5,-440
2026-09-26T22:21:35.497153+00:00,0339a0e41bcee12820eb3e64bb5fadb4,KC,MIA,recyds,Xavier Worthy,over,24.5,-280
2026-09-26T22:21:35.497153+00:00,0339a0e41bcee12820eb3e64bb5fadb4,KC,MIA,recyds,Xavier Worthy,over,29.5,-205
2026-09-26T22:21:35.497153+00:00,0339a0e41bcee12820eb3e64bb5fadb4,KC,MIA,recyds,Xavier Worthy,over,39.5,-108
2026-09-26T22:21:35.497153+00:00,0339a0e41bcee12820eb3e64bb5fadb4,KC,MIA,recyds,Xavier Worthy,over,49.5,154
2026-09-26T22:21:35.497153+00:00,0339a0e41bcee12820eb3e64bb5fadb4,KC,MIA,recyds,Xavier Worthy,over,59.5,240
2026-09-26T22:21:35.497153+00:00,0339a0e41bcee12820eb3e64bb5fadb4,KC,MIA,recyds,Xavier Worthy,over,69.5,370
2026-09-26T22:21:35.497153+00:00,0339a0e41bcee12820eb3e64bb5fadb4,KC,MIA,recyds,Xavier Worthy,over,79.5,550
2026-09-26T22:21:35.497153+00:00,0339a0e41bcee12820eb3e64bb5fadb4,KC,MIA,recyds,Xavier Worthy,over,89.5,800
2026-09-26T22:21:35.497153+00:00,0339a0e41bcee12820eb3e64bb5fadb4,KC,MIA,recyds,Xavier Worthy,over,99.5,1100
2026-09-26T22:21:35.497153+00:00,0339a0e41bcee12820eb3e64bb5fadb4,KC,MIA,recyds,Xavier Worthy,over,109.5,1400
2026-09-26T22:21:35.497153+00:00,0339a0e41bcee12820eb3e64bb5fadb4,KC,MIA,recyds,Kenneth Walker III,over,4.5,-1200
2026-09-26T22:21:35.497153+00:00,0339a0e41bcee12820eb3e64bb5fadb4,KC,MIA,recyds,Kenneth Walker III,over,9.5,-440
2026-09-26T22:21:35.497153+00:00,0339a0e41bcee12820eb3e64bb5fadb4,KC,MIA,recyds,Kenneth Walker III,over,14.5,-245
2026-09-26T22:21:35.497153+00:00,0339a0e41bcee12820eb3e64bb5fadb4,KC,MIA,recyds,Kenneth Walker III,over,19.5,-152
2026-09-26T22:21:35.497153+00:00,0339a0e41bcee12820eb3e64bb5fadb4,KC,MIA,recyds,Kenneth Walker III,over,24.5,104
2026-09-26T22:21:35.497153+00:00,0339a0e41bcee12820eb3e64bb5fadb4,KC,MIA,recyds,Kenneth Walker III,over,29.5,154
2026-09-26T22:21:35.497153+00:00,0339a0e41bcee12820eb3e64bb5fadb4,KC,MIA,recyds,Kenneth Walker III,over,39.5,280
2026-09-26T22:21:35.497153+00:00,0339a0e41bcee12820eb3e64bb5fadb4,KC,MIA,recyds,Kenneth Walker III,over,49.5,490
2026-09-26T22:21:35.497153+00:00,0339a0e41bcee12820eb3e64bb5fadb4,KC,MIA,recyds,Kenneth Walker III,over,59.5,750
2026-09-26T22:21:35.497153+00:00,0339a0e41bcee12820eb3e64bb5fadb4,KC,MIA,recyds,Kenneth Walker III,over,69.5,1200
2026-09-26T22:21:35.497153+00:00,0339a0e41bcee12820eb3e64bb5fadb4,KC,MIA,recyds,Kenneth Walker III,over,79.5,1700
2026-09-26T22:21:35.497153+00:00,0339a0e41bcee12820eb3e64bb5fadb4,KC,MIA,recyds,Emmett Johnson,over,4.5,-270
2026-09-26T22:21:35.497153+00:00,0339a0e41bcee12820eb3e64bb5fadb4,KC,MIA,recyds,Emmett Johnson,over,9.5,-130
2026-09-26T22:21:35.497153+00:00,0339a0e41bcee12820eb3e64bb5fadb4,KC,MIA,recyds,Emmett Johnson,over,14.5,134
2026-09-26T22:21:35.497153+00:00,0339a0e41bcee12820eb3e64bb5fadb4,KC,MIA,recyds,Emmett Johnson,over,19.5,200
2026-09-26T22:21:35.497153+00:00,0339a0e41bcee12820eb3e64bb5fadb4,KC,MIA,recyds,Emmett Johnson,over,24.5,290
2026-09-26T22:21:35.497153+00:00,0339a0e41bcee12820eb3e64bb5fadb4,KC,MIA,recyds,Emmett Johnson,over,29.5,400
2026-09-26T22:21:35.497153+00:00,0339a0e41bcee12820eb3e64bb5fadb4,KC,MIA,recyds,Emmett Johnson,over,39.5,750
2026-09-26T22:21:35.497153+00:00,0339a0e41bcee12820eb3e64bb5fadb4,KC,MIA,recyds,Travis Kelce,over,19.5,-1200
2026-09-26T22:21:35.497153+00:00,0339a0e41bcee12820eb3e64bb5fadb4,KC,MIA,recyds,Travis Kelce,over,24.5,-700
2026-09-26T22:21:35.497153+00:00,0339a0e41bcee12820eb3e64bb5fadb4,KC,MIA,recyds,Travis Kelce,over,29.5,-470
2026-09-26T22:21:35.497153+00:00,0339a0e41bcee12820eb3e64bb5fadb4,KC,MIA,recyds,Travis Kelce,over,39.5,-240
2026-09-26T22:21:35.497153+00:00,0339a0e41bcee12820eb3e64bb5fadb4,KC,MIA,recyds,Travis Kelce,over,49.5,-136
2026-09-26T22:21:35.497153+00:00,0339a0e41bcee12820eb3e64bb5fadb4,KC,MIA,recyds,Travis Kelce,over,59.5,124
2026-09-26T22:21:35.497153+00:00,0339a0e41bcee12820eb3e64bb5fadb4,KC,MIA,recyds,Travis Kelce,over,69.5,194
2026-09-26T22:21:35.497153+00:00,0339a0e41bcee12820eb3e64bb5fadb4,KC,MIA,recyds,Travis Kelce,over,79.5,300
2026-09-26T22:21:35.497153+00:00,0339a0e41bcee12820eb3e64bb5fadb4,KC,MIA,recyds,Travis Kelce,over,89.5,430
2026-09-26T22:21:35.497153+00:00,0339a0e41bcee12820eb3e64bb5fadb4,KC,MIA,recyds,Travis Kelce,over,99.5,640
2026-09-26T22:21:35.497153+00:00,0339a0e41bcee12820eb3e64bb5fadb4,KC,MIA,recyds,Travis Kelce,over,109.5,880
2026-09-26T22:21:35.497153+00:00,0339a0e41bcee12820eb3e64bb5fadb4,KC,MIA,recyds,Travis Kelce,over,124.5,1400
2026-09-26T22:21:35.497153+00:00,0339a0e41bcee12820eb3e64bb5fadb4,KC,MIA,recyds,Greg Dulcich,over,4.5,-800
2026-09-26T22:21:35.497153+00:00,0339a0e41bcee12820eb3e64bb5fadb4,KC,MIA,recyds,Greg Dulcich,over,9.5,-400
2026-09-26T22:21:35.497153+00:00,0339a0e41bcee12820eb3e64bb5fadb4,KC,MIA,recyds,Greg Dulcich,over,14.5,-230
2026-09-26T22:21:35.497153+00:00,0339a0e41bcee12820eb3e64bb5fadb4,KC,MIA,recyds,Greg Dulcich,over,19.5,-148
2026-09-26T22:21:35.497153+00:00,0339a0e41bcee12820eb3e64bb5fadb4,KC,MIA,recyds,Greg Dulcich,over,24.5,100
2026-09-26T22:21:35.497153+00:00,0339a0e41bcee12820eb3e64bb5fadb4,KC,MIA,recyds,Greg Dulcich,over,29.5,142
2026-09-26T22:21:35.497153+00:00,0339a0e41bcee12820eb3e64bb5fadb4,KC,MIA,recyds,Greg Dulcich,over,39.5,250
2026-09-26T22:21:35.497153+00:00,0339a0e41bcee12820eb3e64bb5fadb4,KC,MIA,recyds,Greg Dulcich,over,49.5,410
2026-09-26T22:21:35.497153+00:00,0339a0e41bcee12820eb3e64bb5fadb4,KC,MIA,recyds,Greg Dulcich,over,59.5,640
2026-09-26T22:21:35.497153+00:00,0339a0e41bcee12820eb3e64bb5fadb4,KC,MIA,recyds,Greg Dulcich,over,69.5,920
2026-09-26T22:21:35.497153+00:00,0339a0e41bcee12820eb3e64bb5fadb4,KC,MIA,recyds,Kevin Coleman Jr.,over,4.5,-280
2026-09-26T22:21:35.497153+00:00,0339a0e41bcee12820eb3e64bb5fadb4,KC,MIA,recyds,Kevin Coleman Jr.,over,9.5,-174
2026-09-26T22:21:35.497153+00:00,0339a0e41bcee12820eb3e64bb5fadb4,KC,MIA,recyds,Kevin Coleman Jr.,over,14.5,-114
2026-09-26T22:21:35.497153+00:00,0339a0e41bcee12820eb3e64bb5fadb4,KC,MIA,recyds,Kevin Coleman Jr.,over,19.5,124
2026-09-26T22:21:35.497153+00:00,0339a0e41bcee12820eb3e64bb5fadb4,KC,MIA,recyds,Kevin Coleman Jr.,over,24.5,172
2026-09-26T22:21:35.497153+00:00,0339a0e41bcee12820eb3e64bb5fadb4,KC,MIA,recyds,Kevin Coleman Jr.,over,29.5,220
2026-09-26T22:21:35.497153+00:00,0339a0e41bcee12820eb3e64bb5fadb4,KC,MIA,recyds,Kevin Coleman Jr.,over,39.5,350
2026-09-26T22:21:35.497153+00:00,0339a0e41bcee12820eb3e64bb5fadb4,KC,MIA,recyds,Kevin Coleman Jr.,over,49.5,520
2026-09-26T22:21:35.497153+00:00,0339a0e41bcee12820eb3e64bb5fadb4,KC,MIA,recyds,Kevin Coleman Jr.,over,59.5,750
2026-09-26T22:21:35.497153+00:00,0339a0e41bcee12820eb3e64bb5fadb4,KC,MIA,recyds,De'Von Achane,over,9.5,-670
2026-09-26T22:21:35.497153+00:00,0339a0e41bcee12820eb3e64bb5fadb4,KC,MIA,recyds,De'Von Achane,over,14.5,-350
2026-09-26T22:21:35.497153+00:00,0339a0e41bcee12820eb3e64bb5fadb4,KC,MIA,recyds,De'Von Achane,over,19.5,-210
2026-09-26T22:21:35.497153+00:00,0339a0e41bcee12820eb3e64bb5fadb4,KC,MIA,recyds,De'Von Achane,over,24.5,-136
2026-09-26T22:21:35.497153+00:00,0339a0e41bcee12820eb3e64bb5fadb4,KC,MIA,recyds,De'Von Achane,over,29.5,108
2026-09-26T22:21:35.497153+00:00,0339a0e41bcee12820eb3e64bb5fadb4,KC,MIA,recyds,De'Von Achane,over,39.5,205
2026-09-26T22:21:35.497153+00:00,0339a0e41bcee12820eb3e64bb5fadb4,KC,MIA,recyds,De'Von Achane,over,49.5,360
2026-09-26T22:21:35.497153+00:00,0339a0e41bcee12820eb3e64bb5fadb4,KC,MIA,recyds,De'Von Achane,over,59.5,630
2026-09-26T22:21:35.497153+00:00,0339a0e41bcee12820eb3e64bb5fadb4,KC,MIA,recyds,De'Von Achane,over,69.5,920
2026-09-26T22:21:35.497153+00:00,0339a0e41bcee12820eb3e64bb5fadb4,KC,MIA,recyds,De'Von Achane,over,79.5,1400
2026-09-26T22:21:35.497153+00:00,0339a0e41bcee12820eb3e64bb5fadb4,KC,MIA,recyds,Malik Washington,over,9.5,-1450
2026-09-26T22:21:35.497153+00:00,0339a0e41bcee12820eb3e64bb5fadb4,KC,MIA,recyds,Malik Washington,over,14.5,-670
2026-09-26T22:21:35.497153+00:00,0339a0e41bcee12820eb3e64bb5fadb4,KC,MIA,recyds,Malik Washington,over,19.5,-400
2026-09-26T22:21:35.497153+00:00,0339a0e41bcee12820eb3e64bb5fadb4,KC,MIA,recyds,Malik Washington,over,24.5,-260
2026-09-26T22:21:35.497153+00:00,0339a0e41bcee12820eb3e64bb5fadb4,KC,MIA,recyds,Malik Washington,over,29.5,-182
2026-09-26T22:21:35.497153+00:00,0339a0e41bcee12820eb3e64bb5fadb4,KC,MIA,recyds,Malik Washington,over,39.5,104
2026-09-26T22:21:35.497153+00:00,0339a0e41bcee12820eb3e64bb5fadb4,KC,MIA,recyds,Malik Washington,over,49.5,178
2026-09-26T22:21:35.497153+00:00,0339a0e41bcee12820eb3e64bb5fadb4,KC,MIA,recyds,Malik Washington,over,59.5,280
2026-09-26T22:21:35.497153+00:00,0339a0e41bcee12820eb3e64bb5fadb4,KC,MIA,recyds,Malik Washington,over,69.5,430
2026-09-26T22:21:35.497153+00:00,0339a0e41bcee12820eb3e64bb5fadb4,KC,MIA,recyds,Malik Washington,over,79.5,640
2026-09-26T22:21:35.497153+00:00,0339a0e41bcee12820eb3e64bb5fadb4,KC,MIA,recyds,Malik Washington,over,89.5,880
2026-09-26T22:21:35.497153+00:00,0339a0e41bcee12820eb3e64bb5fadb4,KC,MIA,recyds,Malik Washington,over,99.5,1260
2026-09-26T22:21:35.497153+00:00,0339a0e41bcee12820eb3e64bb5fadb4,KC,MIA,recyds,Malik Washington,over,109.5,1700
2026-09-26T22:21:35.497153+00:00,0339a0e41bcee12820eb3e64bb5fadb4,KC,MIA,recyds,Rashee Rice,over,14.5,-1450
2026-09-26T22:21:35.497153+00:00,0339a0e41bcee12820eb3e64bb5fadb4,KC,MIA,recyds,Rashee Rice,over,19.5,-750
2026-09-26T22:21:35.497153+00:00,0339a0e41bcee12820eb3e64bb5fadb4,KC,MIA,recyds,Rashee Rice,over,24.5,-470
2026-09-26T22:21:35.497153+00:00,0339a0e41bcee12820eb3e64bb5fadb4,KC,MIA,recyds,Rashee Rice,over,29.5,-320
2026-09-26T22:21:35.497153+00:00,0339a0e41bcee12820eb3e64bb5fadb4,KC,MIA,recyds,Rashee Rice,over,39.5,-172
2026-09-26T22:21:35.497153+00:00,0339a0e41bcee12820eb3e64bb5fadb4,KC,MIA,recyds,Rashee Rice,over,49.5,102
2026-09-26T22:21:35.497153+00:00,0339a0e41bcee12820eb3e64bb5fadb4,KC,MIA,recyds,Rashee Rice,over,59.5,164
2026-09-26T22:21:35.497153+00:00,0339a0e41bcee12820eb3e64bb5fadb4,KC,MIA,recyds,Rashee Rice,over,69.5,250
2026-09-26T22:21:35.497153+00:00,0339a0e41bcee12820eb3e64bb5fadb4,KC,MIA,recyds,Rashee Rice,over,79.5,370
2026-09-26T22:21:35.497153+00:00,0339a0e41bcee12820eb3e64bb5fadb4,KC,MIA,recyds,Rashee Rice,over,89.5,550
2026-09-26T22:21:35.497153+00:00,0339a0e41bcee12820eb3e64bb5fadb4,KC,MIA,recyds,Rashee Rice,over,99.5,750
2026-09-26T22:21:35.497153+00:00,0339a0e41bcee12820eb3e64bb5fadb4,KC,MIA,recyds,Rashee Rice,over,109.5,1000
2026-09-26T22:21:35.497153+00:00,0339a0e41bcee12820eb3e64bb5fadb4,KC,MIA,recyds,Rashee Rice,over,124.5,1700
2026-09-26T22:21:35.497153+00:00,0339a0e41bcee12820eb3e64bb5fadb4,KC,MIA,recs,Malik Washington,over,1.5,-1400
2026-09-26T22:21:35.497153+00:00,0339a0e41bcee12820eb3e64bb5fadb4,KC,MIA,recs,Malik Washington,over,2.5,-340
2026-09-26T22:21:35.497153+00:00,0339a0e41bcee12820eb3e64bb5fadb4,KC,MIA,recs,Malik Washington,over,3.5,-138
2026-09-26T22:21:35.497153+00:00,0339a0e41bcee12820eb3e64bb5fadb4,KC,MIA,recs,Malik Washington,over,4.5,158
2026-09-26T22:21:35.497153+00:00,0339a0e41bcee12820eb3e64bb5fadb4,KC,MIA,recs,Malik Washington,over,5.5,310
2026-09-26T22:21:35.497153+00:00,0339a0e41bcee12820eb3e64bb5fadb4,KC,MIA,recs,Malik Washington,over,6.5,580
2026-09-26T22:21:35.497153+00:00,0339a0e41bcee12820eb3e64bb5fadb4,KC,MIA,recs,Malik Washington,over,7.5,920
2026-09-26T22:21:35.497153+00:00,0339a0e41bcee12820eb3e64bb5fadb4,KC,MIA,recs,Malik Washington,over,8.5,1500
2026-09-26T22:21:35.497153+00:00,0339a0e41bcee12820eb3e64bb5fadb4,KC,MIA,recs,Xavier Worthy,over,1.5,-900
2026-09-26T22:21:35.497153+00:00,0339a0e41bcee12820eb3e64bb5fadb4,KC,MIA,recs,Xavier Worthy,over,2.5,-270
2026-09-26T22:21:35.497153+00:00,0339a0e41bcee12820eb3e64bb5fadb4,KC,MIA,recs,Xavier Worthy,over,3.5,-106
2026-09-26T22:21:35.497153+00:00,0339a0e41bcee12820eb3e64bb5fadb4,KC,MIA,recs,Xavier Worthy,over,4.5,205
2026-09-26T22:21:35.497153+00:00,0339a0e41bcee12820eb3e64bb5fadb4,KC,MIA,recs,Xavier Worthy,over,5.5,400
2026-09-26T22:21:35.497153+00:00,0339a0e41bcee12820eb3e64bb5fadb4,KC,MIA,recs,Xavier Worthy,over,6.5,750
2026-09-26T22:21:35.497153+00:00,0339a0e41bcee12820eb3e64bb5fadb4,KC,MIA,recs,Xavier Worthy,over,7.5,1280
2026-09-26T22:21:35.497153+00:00,0339a0e41bcee12820eb3e64bb5fadb4,KC,MIA,recs,Greg Dulcich,over,0.5,-1450
2026-09-26T22:21:35.497153+00:00,0339a0e41bcee12820eb3e64bb5fadb4,KC,MIA,recs,Greg Dulcich,over,1.5,-260
2026-09-26T22:21:35.497153+00:00,0339a0e41bcee12820eb3e64bb5fadb4,KC,MIA,recs,Greg Dulcich,over,2.5,118
2026-09-26T22:21:35.497153+00:00,0339a0e41bcee12820eb3e64bb5fadb4,KC,MIA,recs,Greg Dulcich,over,3.5,280
2026-09-26T22:21:35.497153+00:00,0339a0e41bcee12820eb3e64bb5fadb4,KC,MIA,recs,Greg Dulcich,over,4.5,630
2026-09-26T22:21:35.497153+00:00,0339a0e41bcee12820eb3e64bb5fadb4,KC,MIA,recs,Chris Bell,over,0.5,-580
2026-09-26T22:21:35.497153+00:00,0339a0e41bcee12820eb3e64bb5fadb4,KC,MIA,recs,Chris Bell,over,1.5,-114
2026-09-26T22:21:35.497153+00:00,0339a0e41bcee12820eb3e64bb5fadb4,KC,MIA,recs,Chris Bell,over,2.5,265
2026-09-26T22:21:35.497153+00:00,0339a0e41bcee12820eb3e64bb5fadb4,KC,MIA,recs,Chris Bell,over,3.5,640
2026-09-26T22:21:35.497153+00:00,0339a0e41bcee12820eb3e64bb5fadb4,KC,MIA,recs,Travis Kelce,over,2.5,-700
2026-09-26T22:21:35.497153+00:00,0339a0e41bcee12820eb3e64bb5fadb4,KC,MIA,recs,Travis Kelce,over,3.5,-250
2026-09-26T22:21:35.497153+00:00,0339a0e41bcee12820eb3e64bb5fadb4,KC,MIA,recs,Travis Kelce,over,4.5,-114
2026-09-26T22:21:35.497153+00:00,0339a0e41bcee12820eb3e64bb5fadb4,KC,MIA,recs,Travis Kelce,over,5.5,174
2026-09-26T22:21:35.497153+00:00,0339a0e41bcee12820eb3e64bb5fadb4,KC,MIA,recs,Travis Kelce,over,6.5,320
2026-09-26T22:21:35.497153+00:00,0339a0e41bcee12820eb3e64bb5fadb4,KC,MIA,recs,Travis Kelce,over,7.5,580
2026-09-26T22:21:35.497153+00:00,0339a0e41bcee12820eb3e64bb5fadb4,KC,MIA,recs,Travis Kelce,over,8.5,880
2026-09-26T22:21:35.497153+00:00,0339a0e41bcee12820eb3e64bb5fadb4,KC,MIA,recs,Travis Kelce,over,9.5,1500
2026-09-26T22:21:35.497153+00:00,0339a0e41bcee12820eb3e64bb5fadb4,KC,MIA,recs,Emmett Johnson,over,0.5,-490
2026-09-26T22:21:35.497153+00:00,0339a0e41bcee12820eb3e64bb5fadb4,KC,MIA,recs,Emmett Johnson,over,1.5,-104
2026-09-26T22:21:35.497153+00:00,0339a0e41bcee12820eb3e64bb5fadb4,KC,MIA,recs,Emmett Johnson,over,2.5,280
2026-09-26T22:21:35.497153+00:00,0339a0e41bcee12820eb3e64bb5fadb4,KC,MIA,recs,Emmett Johnson,over,3.5,640
2026-09-26T22:21:35.497153+00:00,0339a0e41bcee12820eb3e64bb5fadb4,KC,MIA,recs,De'Von Achane,over,1.5,-1000
2026-09-26T22:21:35.497153+00:00,0339a0e41bcee12820eb3e64bb5fadb4,KC,MIA,recs,De'Von Achane,over,2.5,-300
2026-09-26T22:21:35.497153+00:00,0339a0e41bcee12820eb3e64bb5fadb4,KC,MIA,recs,De'Von Achane,over,3.5,-128
2026-09-26T22:21:35.497153+00:00,0339a0e41bcee12820eb3e64bb5fadb4,KC,MIA,recs,De'Von Achane,over,4.5,164
2026-09-26T22:21:35.497153+00:00,0339a0e41bcee12820eb3e64bb5fadb4,KC,MIA,recs,De'Von Achane,over,5.5,310
2026-09-26T22:21:35.497153+00:00,0339a0e41bcee12820eb3e64bb5fadb4,KC,MIA,recs,De'Von Achane,over,6.5,580
2026-09-26T22:21:35.497153+00:00,0339a0e41bcee12820eb3e64bb5fadb4,KC,MIA,recs,De'Von Achane,over,7.5,920
2026-09-26T22:21:35.497153+00:00,0339a0e41bcee12820eb3e64bb5fadb4,KC,MIA,recs,De'Von Achane,over,8.5,1500
2026-09-26T22:21:35.497153+00:00,0339a0e41bcee12820eb3e64bb5fadb4,KC,MIA,recs,Kevin Coleman Jr.,over,0.5,-360
2026-09-26T22:21:35.497153+00:00,0339a0e41bcee12820eb3e64bb5fadb4,KC,MIA,recs,Kevin Coleman Jr.,over,1.5,116
2026-09-26T22:21:35.497153+00:00,0339a0e41bcee12820eb3e64bb5fadb4,KC,MIA,recs,Kevin Coleman Jr.,over,2.5,310
2026-09-26T22:21:35.497153+00:00,0339a0e41bcee12820eb3e64bb5fadb4,KC,MIA,recs,Kevin Coleman Jr.,over,3.5,640
2026-09-26T22:21:35.497153+00:00,0339a0e41bcee12820eb3e64bb5fadb4,KC,MIA,recs,Kenneth Walker III,over,1.5,-600
2026-09-26T22:21:35.497153+00:00,0339a0e41bcee12820eb3e64bb5fadb4,KC,MIA,recs,Kenneth Walker III,over,2.5,-205
2026-09-26T22:21:35.497153+00:00,0339a0e41bcee12820eb3e64bb5fadb4,KC,MIA,recs,Kenneth Walker III,over,3.5,118
2026-09-26T22:21:35.497153+00:00,0339a0e41bcee12820eb3e64bb5fadb4,KC,MIA,recs,Kenneth Walker III,over,4.5,240
2026-09-26T22:21:35.497153+00:00,0339a0e41bcee12820eb3e64bb5fadb4,KC,MIA,recs,Kenneth Walker III,over,5.5,470
2026-09-26T22:21:35.497153+00:00,0339a0e41bcee12820eb3e64bb5fadb4,KC,MIA,recs,Kenneth Walker III,over,6.5,850
2026-09-26T22:21:35.497153+00:00,0339a0e41bcee12820eb3e64bb5fadb4,KC,MIA,recs,Kenneth Walker III,over,7.5,1280
2026-09-26T22:21:35.497153+00:00,0339a0e41bcee12820eb3e64bb5fadb4,KC,MIA,recs,Rashee Rice,over,2.5,-550
2026-09-26T22:21:35.497153+00:00,0339a0e41bcee12820eb3e64bb5fadb4,KC,MIA,recs,Rashee Rice,over,3.5,-210
2026-09-26T22:21:35.497153+00:00,0339a0e41bcee12820eb3e64bb5fadb4,KC,MIA,recs,Rashee Rice,over,4.5,108
2026-09-26T22:21:35.497153+00:00,0339a0e41bcee12820eb3e64bb5fadb4,KC,MIA,recs,Rashee Rice,over,5.5,220
2026-09-26T22:21:35.497153+00:00,0339a0e41bcee12820eb3e64bb5fadb4,KC,MIA,recs,Rashee Rice,over,6.5,400
2026-09-26T22:21:35.497153+00:00,0339a0e41bcee12820eb3e64bb5fadb4,KC,MIA,recs,Rashee Rice,over,7.5,700
2026-09-26T22:21:35.497153+00:00,0339a0e41bcee12820eb3e64bb5fadb4,KC,MIA,recs,Rashee Rice,over,8.5,1100
2026-09-26T22:21:35.497153+00:00,0339a0e41bcee12820eb3e64bb5fadb4,KC,MIA,recs,Tyquan Thornton,over,0.5,-400
2026-09-26T22:21:35.497153+00:00,0339a0e41bcee12820eb3e64bb5fadb4,KC,MIA,recs,Tyquan Thornton,over,1.5,116
2026-09-26T22:21:35.497153+00:00,0339a0e41bcee12820eb3e64bb5fadb4,KC,MIA,recs,Tyquan Thornton,over,2.5,350
2026-09-26T22:21:35.497153+00:00,0339a0e41bcee12820eb3e64bb5fadb4,KC,MIA,recs,Tyquan Thornton,over,3.5,880
2026-09-26T22:21:35.497153+00:00,555afd4a27aaa392662881cffa8f2eef,TEN,NYG,passyds,Jameis Winston,over,124.5,-900
2026-09-26T22:21:35.497153+00:00,555afd4a27aaa392662881cffa8f2eef,TEN,NYG,passyds,Jameis Winston,over,149.5,-420
2026-09-26T22:21:35.497153+00:00,555afd4a27aaa392662881cffa8f2eef,TEN,NYG,passyds,Jameis Winston,over,174.5,-225
2026-09-26T22:21:35.497153+00:00,555afd4a27aaa392662881cffa8f2eef,TEN,NYG,passyds,Jameis Winston,over,199.5,-122
2026-09-26T22:21:35.497153+00:00,555afd4a27aaa392662881cffa8f2eef,TEN,NYG,passyds,Jameis Winston,over,224.5,144
2026-09-26T22:21:35.497153+00:00,555afd4a27aaa392662881cffa8f2eef,TEN,NYG,passyds,Jameis Winston,over,249.5,235
2026-09-26T22:21:35.497153+00:00,555afd4a27aaa392662881cffa8f2eef,TEN,NYG,passyds,Jameis Winston,over,274.5,390
2026-09-26T22:21:35.497153+00:00,555afd4a27aaa392662881cffa8f2eef,TEN,NYG,passyds,Jameis Winston,over,299.5,640
2026-09-26T22:21:35.497153+00:00,555afd4a27aaa392662881cffa8f2eef,TEN,NYG,passyds,Jameis Winston,over,324.5,1000
2026-09-26T22:21:35.497153+00:00,555afd4a27aaa392662881cffa8f2eef,TEN,NYG,passyds,Jameis Winston,over,349.5,1500
2026-09-26T22:21:35.497153+00:00,555afd4a27aaa392662881cffa8f2eef,TEN,NYG,passyds,Cam Ward,over,99.5,-1450
2026-09-26T22:21:35.497153+00:00,555afd4a27aaa392662881cffa8f2eef,TEN,NYG,passyds,Cam Ward,over,124.5,-550
2026-09-26T22:21:35.497153+00:00,555afd4a27aaa392662881cffa8f2eef,TEN,NYG,passyds,Cam Ward,over,149.5,-260
2026-09-26T22:21:35.497153+00:00,555afd4a27aaa392662881cffa8f2eef,TEN,NYG,passyds,Cam Ward,over,174.5,-130
2026-09-26T22:21:35.497153+00:00,555afd4a27aaa392662881cffa8f2eef,TEN,NYG,passyds,Cam Ward,over,199.5,152
2026-09-26T22:21:35.497153+00:00,555afd4a27aaa392662881cffa8f2eef,TEN,NYG,passyds,Cam Ward,over,224.5,270
2026-09-26T22:21:35.497153+00:00,555afd4a27aaa392662881cffa8f2eef,TEN,NYG,passyds,Cam Ward,over,249.5,450
2026-09-26T22:21:35.497153+00:00,555afd4a27aaa392662881cffa8f2eef,TEN,NYG,passyds,Cam Ward,over,274.5,800
2026-09-26T22:21:35.497153+00:00,555afd4a27aaa392662881cffa8f2eef,TEN,NYG,passyds,Cam Ward,over,299.5,1260
2026-09-26T22:21:35.497153+00:00,555afd4a27aaa392662881cffa8f2eef,TEN,NYG,rushyds,Najee Harris,over,4.5,-750
2026-09-26T22:21:35.497153+00:00,555afd4a27aaa392662881cffa8f2eef,TEN,NYG,rushyds,Najee Harris,over,9.5,-310
2026-09-26T22:21:35.497153+00:00,555afd4a27aaa392662881cffa8f2eef,TEN,NYG,rushyds,Najee Harris,over,14.5,-172
2026-09-26T22:21:35.497153+00:00,555afd4a27aaa392662881cffa8f2eef,TEN,NYG,rushyds,Najee Harris,over,19.5,-104
2026-09-26T22:21:35.497153+00:00,555afd4a27aaa392662881cffa8f2eef,TEN,NYG,rushyds,Najee Harris,over,24.5,146
2026-09-26T22:21:35.497153+00:00,555afd4a27aaa392662881cffa8f2eef,TEN,NYG,rushyds,Najee Harris,over,29.5,205
2026-09-26T22:21:35.497153+00:00,555afd4a27aaa392662881cffa8f2eef,TEN,NYG,rushyds,Najee Harris,over,39.5,390
2026-09-26T22:21:35.497153+00:00,555afd4a27aaa392662881cffa8f2eef,TEN,NYG,rushyds,Najee Harris,over,49.5,640
2026-09-26T22:21:35.497153+00:00,555afd4a27aaa392662881cffa8f2eef,TEN,NYG,rushyds,Najee Harris,over,59.5,920
2026-09-26T22:21:35.497153+00:00,555afd4a27aaa392662881cffa8f2eef,TEN,NYG,rushyds,Devin Singletary,over,4.5,-420
2026-09-26T22:21:35.497153+00:00,555afd4a27aaa392662881cffa8f2eef,TEN,NYG,rushyds,Devin Singletary,over,9.5,-174
2026-09-26T22:21:35.497153+00:00,555afd4a27aaa392662881cffa8f2eef,TEN,NYG,rushyds,Devin Singletary,over,14.5,112
2026-09-26T22:21:35.497153+00:00,555afd4a27aaa392662881cffa8f2eef,TEN,NYG,rushyds,Devin Singletary,over,19.5,188
2026-09-26T22:21:35.497153+00:00,555afd4a27aaa392662881cffa8f2eef,TEN,NYG,rushyds,Devin Singletary,over,24.5,290
2026-09-26T22:21:35.497153+00:00,555afd4a27aaa392662881cffa8f2eef,TEN,NYG,rushyds,Devin Singletary,over,29.5,410
2026-09-26T22:21:35.497153+00:00,555afd4a27aaa392662881cffa8f2eef,TEN,NYG,rushyds,Devin Singletary,over,39.5,750
2026-09-26T22:21:35.497153+00:00,555afd4a27aaa392662881cffa8f2eef,TEN,NYG,rushyds,Tony Pollard,over,29.5,-1000
2026-09-26T22:21:35.497153+00:00,555afd4a27aaa392662881cffa8f2eef,TEN,NYG,rushyds,Tony Pollard,over,39.5,-420
2026-09-26T22:21:35.497153+00:00,555afd4a27aaa392662881cffa8f2eef,TEN,NYG,rushyds,Tony Pollard,over,49.5,-215
2026-09-26T22:21:35.497153+00:00,555afd4a27aaa392662881cffa8f2eef,TEN,NYG,rushyds,Tony Pollard,over,59.5,-120
2026-09-26T22:21:35.497153+00:00,555afd4a27aaa392662881cffa8f2eef,TEN,NYG,rushyds,Tony Pollard,over,69.5,134
2026-09-26T22:21:35.497153+00:00,555afd4a27aaa392662881cffa8f2eef,TEN,NYG,rushyds,Tony Pollard,over,79.5,205
2026-09-26T22:21:35.497153+00:00,555afd4a27aaa392662881cffa8f2eef,TEN,NYG,rushyds,Tony Pollard,over,89.5,310
2026-09-26T22:21:35.497153+00:00,555afd4a27aaa392662881cffa8f2eef,TEN,NYG,rushyds,Tony Pollard,over,99.5,430
2026-09-26T22:21:35.497153+00:00,555afd4a27aaa392662881cffa8f2eef,TEN,NYG,rushyds,Tony Pollard,over,109.5,640
2026-09-26T22:21:35.497153+00:00,555afd4a27aaa392662881cffa8f2eef,TEN,NYG,rushyds,Tony Pollard,over,124.5,920
2026-09-26T22:21:35.497153+00:00,555afd4a27aaa392662881cffa8f2eef,TEN,NYG,rushyds,Jameis Winston,over,4.5,-138
2026-09-26T22:21:35.497153+00:00,555afd4a27aaa392662881cffa8f2eef,TEN,NYG,rushyds,Jameis Winston,over,9.5,164
2026-09-26T22:21:35.497153+00:00,555afd4a27aaa392662881cffa8f2eef,TEN,NYG,rushyds,Jameis Winston,over,14.5,300
2026-09-26T22:21:35.497153+00:00,555afd4a27aaa392662881cffa8f2eef,TEN,NYG,rushyds,Jameis Winston,over,19.5,520
2026-09-26T22:21:35.497153+00:00,555afd4a27aaa392662881cffa8f2eef,TEN,NYG,rushyds,Jameis Winston,over,24.5,800
2026-09-26T22:21:35.497153+00:00,555afd4a27aaa392662881cffa8f2eef,TEN,NYG,rushyds,Cam Skattebo,over,24.5,-1000
2026-09-26T22:21:35.497153+00:00,555afd4a27aaa392662881cffa8f2eef,TEN,NYG,rushyds,Cam Skattebo,over,29.5,-600
2026-09-26T22:21:35.497153+00:00,555afd4a27aaa392662881cffa8f2eef,TEN,NYG,rushyds,Cam Skattebo,over,39.5,-300
2026-09-26T22:21:35.497153+00:00,555afd4a27aaa392662881cffa8f2eef,TEN,NYG,rushyds,Cam Skattebo,over,49.5,-172
2026-09-26T22:21:35.497153+00:00,555afd4a27aaa392662881cffa8f2eef,TEN,NYG,rushyds,Cam Skattebo,over,59.5,-104
2026-09-26T22:21:35.497153+00:00,555afd4a27aaa392662881cffa8f2eef,TEN,NYG,rushyds,Cam Skattebo,over,69.5,152
2026-09-26T22:21:35.497153+00:00,555afd4a27aaa392662881cffa8f2eef,TEN,NYG,rushyds,Cam Skattebo,over,79.5,225
2026-09-26T22:21:35.497153+00:00,555afd4a27aaa392662881cffa8f2eef,TEN,NYG,rushyds,Cam Skattebo,over,89.5,320
2026-09-26T22:21:35.497153+00:00,555afd4a27aaa392662881cffa8f2eef,TEN,NYG,rushyds,Cam Skattebo,over,99.5,430
2026-09-26T22:21:35.497153+00:00,555afd4a27aaa392662881cffa8f2eef,TEN,NYG,rushyds,Cam Skattebo,over,109.5,630
2026-09-26T22:21:35.497153+00:00,555afd4a27aaa392662881cffa8f2eef,TEN,NYG,rushyds,Cam Skattebo,over,124.5,920
2026-09-26T22:21:35.497153+00:00,555afd4a27aaa392662881cffa8f2eef,TEN,NYG,rushyds,Cam Ward,over,4.5,-360
2026-09-26T22:21:35.497153+00:00,555afd4a27aaa392662881cffa8f2eef,TEN,NYG,rushyds,Cam Ward,over,9.5,-154
2026-09-26T22:21:35.497153+00:00,555afd4a27aaa392662881cffa8f2eef,TEN,NYG,rushyds,Cam Ward,over,14.5,130
2026-09-26T22:21:35.497153+00:00,555afd4a27aaa392662881cffa8f2eef,TEN,NYG,rushyds,Cam Ward,over,19.5,225
2026-09-26T22:21:35.497153+00:00,555afd4a27aaa392662881cffa8f2eef,TEN,NYG,rushyds,Cam Ward,over,24.5,360
2026-09-26T22:21:35.497153+00:00,555afd4a27aaa392662881cffa8f2eef,TEN,NYG,rushyds,Cam Ward,over,29.5,550
2026-09-26T22:21:35.497153+00:00,555afd4a27aaa392662881cffa8f2eef,TEN,NYG,recyds,Gunnar Helm,over,4.5,-1000
2026-09-26T22:21:35.497153+00:00,555afd4a27aaa392662881cffa8f2eef,TEN,NYG,recyds,Gunnar Helm,over,9.5,-400
2026-09-26T22:21:35.497153+00:00,555afd4a27aaa392662881cffa8f2eef,TEN,NYG,recyds,Gunnar Helm,over,14.5,-225
2026-09-26T22:21:35.497153+00:00,555afd4a27aaa392662881cffa8f2eef,TEN,NYG,recyds,Gunnar Helm,over,19.5,-138
2026-09-26T22:21:35.497153+00:00,555afd4a27aaa392662881cffa8f2eef,TEN,NYG,recyds,Gunnar Helm,over,24.5,112
2026-09-26T22:21:35.497153+00:00,555afd4a27aaa392662881cffa8f2eef,TEN,NYG,recyds,Gunnar Helm,over,29.5,164
2026-09-26T22:21:35.497153+00:00,555afd4a27aaa392662881cffa8f2eef,TEN,NYG,recyds,Gunnar Helm,over,39.5,310
2026-09-26T22:21:35.497153+00:00,555afd4a27aaa392662881cffa8f2eef,TEN,NYG,recyds,Gunnar Helm,over,49.5,580
2026-09-26T22:21:35.497153+00:00,555afd4a27aaa392662881cffa8f2eef,TEN,NYG,recyds,Gunnar Helm,over,59.5,880
2026-09-26T22:21:35.497153+00:00,555afd4a27aaa392662881cffa8f2eef,TEN,NYG,recyds,Gunnar Helm,over,69.5,1280
2026-09-26T22:21:35.497153+00:00,555afd4a27aaa392662881cffa8f2eef,TEN,NYG,recyds,Elic Ayomanor,over,4.5,-290
2026-09-26T22:21:35.497153+00:00,555afd4a27aaa392662881cffa8f2eef,TEN,NYG,recyds,Elic Ayomanor,over,9.5,-166
2026-09-26T22:21:35.497153+00:00,555afd4a27aaa392662881cffa8f2eef,TEN,NYG,recyds,Elic Ayomanor,over,14.5,-104
2026-09-26T22:21:35.497153+00:00,555afd4a27aaa392662881cffa8f2eef,TEN,NYG,recyds,Elic Ayomanor,over,19.5,144
2026-09-26T22:21:35.497153+00:00,555afd4a27aaa392662881cffa8f2eef,TEN,NYG,recyds,Elic Ayomanor,over,24.5,198
2026-09-26T22:21:35.497153+00:00,555afd4a27aaa392662881cffa8f2eef,TEN,NYG,recyds,Elic Ayomanor,over,29.5,265
2026-09-26T22:21:35.497153+00:00,555afd4a27aaa392662881cffa8f2eef,TEN,NYG,recyds,Elic Ayomanor,over,39.5,430
2026-09-26T22:21:35.497153+00:00,555afd4a27aaa392662881cffa8f2eef,TEN,NYG,recyds,Elic Ayomanor,over,49.5,680
2026-09-26T22:21:35.497153+00:00,555afd4a27aaa392662881cffa8f2eef,TEN,NYG,recyds,Elic Ayomanor,over,59.5,920
2026-09-26T22:21:35.497153+00:00,555afd4a27aaa392662881cffa8f2eef,TEN,NYG,recyds,Malik Nabers,over,19.5,-1000
2026-09-26T22:21:35.497153+00:00,555afd4a27aaa392662881cffa8f2eef,TEN,NYG,recyds,Malik Nabers,over,24.5,-600
2026-09-26T22:21:35.497153+00:00,555afd4a27aaa392662881cffa8f2eef,TEN,NYG,recyds,Malik Nabers,over,29.5,-420
2026-09-26T22:21:35.497153+00:00,555afd4a27aaa392662881cffa8f2eef,TEN,NYG,recyds,Malik Nabers,over,39.5,-230
2026-09-26T22:21:35.497153+00:00,555afd4a27aaa392662881cffa8f2eef,TEN,NYG,recyds,Malik Nabers,over,49.5,-136
2026-09-26T22:21:35.497153+00:00,555afd4a27aaa392662881cffa8f2eef,TEN,NYG,recyds,Malik Nabers,over,59.5,118
2026-09-26T22:21:35.497153+00:00,555afd4a27aaa392662881cffa8f2eef,TEN,NYG,recyds,Malik Nabers,over,69.5,178
2026-09-26T22:21:35.497153+00:00,555afd4a27aaa392662881cffa8f2eef,TEN,NYG,recyds,Malik Nabers,over,79.5,260
2026-09-26T22:21:35.497153+00:00,555afd4a27aaa392662881cffa8f2eef,TEN,NYG,recyds,Malik Nabers,over,89.5,360
2026-09-26T22:21:35.497153+00:00,555afd4a27aaa392662881cffa8f2eef,TEN,NYG,recyds,Malik Nabers,over,99.5,520
2026-09-26T22:21:35.497153+00:00,555afd4a27aaa392662881cffa8f2eef,TEN,NYG,recyds,Malik Nabers,over,109.5,680
2026-09-26T22:21:35.497153+00:00,555afd4a27aaa392662881cffa8f2eef,TEN,NYG,recyds,Malik Nabers,over,124.5,1000
2026-09-26T22:21:35.497153+00:00,555afd4a27aaa392662881cffa8f2eef,TEN,NYG,recyds,Tony Pollard,over,4.5,-162
2026-09-26T22:21:35.497153+00:00,555afd4a27aaa392662881cffa8f2eef,TEN,NYG,recyds,Tony Pollard,over,9.5,140
2026-09-26T22:21:35.497153+00:00,555afd4a27aaa392662881cffa8f2eef,TEN,NYG,recyds,Tony Pollard,over,14.5,230
2026-09-26T22:21:35.497153+00:00,555afd4a27aaa392662881cffa8f2eef,TEN,NYG,recyds,Tony Pollard,over,19.5,370
2026-09-26T22:21:35.497153+00:00,555afd4a27aaa392662881cffa8f2eef,TEN,NYG,recyds,Tony Pollard,over,24.5,580
2026-09-26T22:21:35.497153+00:00,555afd4a27aaa392662881cffa8f2eef,TEN,NYG,recyds,Tony Pollard,over,29.5,750
2026-09-26T22:21:35.497153+00:00,555afd4a27aaa392662881cffa8f2eef,TEN,NYG,recyds,Wan'Dale Robinson,over,9.5,-800
2026-09-26T22:21:35.497153+00:00,555afd4a27aaa392662881cffa8f2eef,TEN,NYG,recyds,Wan'Dale Robinson,over,14.5,-440
2026-09-26T22:21:35.497153+00:00,555afd4a27aaa392662881cffa8f2eef,TEN,NYG,recyds,Wan'Dale Robinson,over,19.5,-270
2026-09-26T22:21:35.497153+00:00,555afd4a27aaa392662881cffa8f2eef,TEN,NYG,recyds,Wan'Dale Robinson,over,24.5,-180
2026-09-26T22:21:35.497153+00:00,555afd4a27aaa392662881cffa8f2eef,TEN,NYG,recyds,Wan'Dale Robinson,over,29.5,-122
2026-09-26T22:21:35.497153+00:00,555afd4a27aaa392662881cffa8f2eef,TEN,NYG,recyds,Wan'Dale Robinson,over,39.5,154
2026-09-26T22:21:35.497153+00:00,555afd4a27aaa392662881cffa8f2eef,TEN,NYG,recyds,Wan'Dale Robinson,over,49.5,265
2026-09-26T22:21:35.497153+00:00,555afd4a27aaa392662881cffa8f2eef,TEN,NYG,recyds,Wan'Dale Robinson,over,59.5,410
2026-09-26T22:21:35.497153+00:00,555afd4a27aaa392662881cffa8f2eef,TEN,NYG,recyds,Wan'Dale Robinson,over,69.5,640
2026-09-26T22:21:35.497153+00:00,555afd4a27aaa392662881cffa8f2eef,TEN,NYG,recyds,Wan'Dale Robinson,over,79.5,920
2026-09-26T22:21:35.497153+00:00,555afd4a27aaa392662881cffa8f2eef,TEN,NYG,recyds,Wan'Dale Robinson,over,89.5,1280
2026-09-26T22:21:35.497153+00:00,555afd4a27aaa392662881cffa8f2eef,TEN,NYG,recyds,Isaiah Likely,over,14.5,-850
2026-09-26T22:21:35.497153+00:00,555afd4a27aaa392662881cffa8f2eef,TEN,NYG,recyds,Isaiah Likely,over,19.5,-490
2026-09-26T22:21:35.497153+00:00,555afd4a27aaa392662881cffa8f2eef,TEN,NYG,recyds,Isaiah Likely,over,24.5,-320
2026-09-26T22:21:35.497153+00:00,555afd4a27aaa392662881cffa8f2eef,TEN,NYG,recyds,Isaiah Likely,over,29.5,-230
2026-09-26T22:21:35.497153+00:00,555afd4a27aaa392662881cffa8f2eef,TEN,NYG,recyds,Isaiah Likely,over,39.5,-122
2026-09-26T22:21:35.497153+00:00,555afd4a27aaa392662881cffa8f2eef,TEN,NYG,recyds,Isaiah Likely,over,49.5,142
2026-09-26T22:21:35.497153+00:00,555afd4a27aaa392662881cffa8f2eef,TEN,NYG,recyds,Isaiah Likely,over,59.5,225
2026-09-26T22:21:35.497153+00:00,555afd4a27aaa392662881cffa8f2eef,TEN,NYG,recyds,Isaiah Likely,over,69.5,360
2026-09-26T22:21:35.497153+00:00,555afd4a27aaa392662881cffa8f2eef,TEN,NYG,recyds,Isaiah Likely,over,79.5,550
2026-09-26T22:21:35.497153+00:00,555afd4a27aaa392662881cffa8f2eef,TEN,NYG,recyds,Isaiah Likely,over,89.5,750
2026-09-26T22:21:35.497153+00:00,555afd4a27aaa392662881cffa8f2eef,TEN,NYG,recyds,Isaiah Likely,over,99.5,1100
2026-09-26T22:21:35.497153+00:00,555afd4a27aaa392662881cffa8f2eef,TEN,NYG,recyds,Isaiah Likely,over,109.5,1500
2026-09-26T22:21:35.497153+00:00,555afd4a27aaa392662881cffa8f2eef,TEN,NYG,recyds,Malachi Fields,over,4.5,-650
2026-09-26T22:21:35.497153+00:00,555afd4a27aaa392662881cffa8f2eef,TEN,NYG,recyds,Malachi Fields,over,9.5,-310
2026-09-26T22:21:35.497153+00:00,555afd4a27aaa392662881cffa8f2eef,TEN,NYG,recyds,Malachi Fields,over,14.5,-188
2026-09-26T22:21:35.497153+00:00,555afd4a27aaa392662881cffa8f2eef,TEN,NYG,recyds,Malachi Fields,over,19.5,-125
2026-09-26T22:21:35.497153+00:00,555afd4a27aaa392662881cffa8f2eef,TEN,NYG,recyds,Malachi Fields,over,24.5,118
2026-09-26T22:21:35.497153+00:00,555afd4a27aaa392662881cffa8f2eef,TEN,NYG,recyds,Malachi Fields,over,29.5,162
2026-09-26T22:21:35.497153+00:00,555afd4a27aaa392662881cffa8f2eef,TEN,NYG,recyds,Malachi Fields,over,39.5,280
2026-09-26T22:21:35.497153+00:00,555afd4a27aaa392662881cffa8f2eef,TEN,NYG,recyds,Malachi Fields,over,49.5,450
2026-09-26T22:21:35.497153+00:00,555afd4a27aaa392662881cffa8f2eef,TEN,NYG,recyds,Malachi Fields,over,59.5,680
2026-09-26T22:21:35.497153+00:00,555afd4a27aaa392662881cffa8f2eef,TEN,NYG,recyds,Malachi Fields,over,69.5,920
2026-09-26T22:21:35.497153+00:00,555afd4a27aaa392662881cffa8f2eef,TEN,NYG,recyds,Malachi Fields,over,79.5,1400
2026-09-26T22:21:35.497153+00:00,555afd4a27aaa392662881cffa8f2eef,TEN,NYG,recyds,Darnell Mooney,over,4.5,-330
2026-09-26T22:21:35.497153+00:00,555afd4a27aaa392662881cffa8f2eef,TEN,NYG,recyds,Darnell Mooney,over,9.5,-198
2026-09-26T22:21:35.497153+00:00,555afd4a27aaa392662881cffa8f2eef,TEN,NYG,recyds,Darnell Mooney,over,14.5,-125
2026-09-26T22:21:35.497153+00:00,555afd4a27aaa392662881cffa8f2eef,TEN,NYG,recyds,Darnell Mooney,over,19.5,118
2026-09-26T22:21:35.497153+00:00,555afd4a27aaa392662881cffa8f2eef,TEN,NYG,recyds,Darnell Mooney,over,24.5,164
2026-09-26T22:21:35.497153+00:00,555afd4a27aaa392662881cffa8f2eef,TEN,NYG,recyds,Darnell Mooney,over,29.5,220
2026-09-26T22:21:35.497153+00:00,555afd4a27aaa392662881cffa8f2eef,TEN,NYG,recyds,Darnell Mooney,over,39.5,360
2026-09-26T22:21:35.497153+00:00,555afd4a27aaa392662881cffa8f2eef,TEN,NYG,recyds,Darnell Mooney,over,49.5,550
2026-09-26T22:21:35.497153+00:00,555afd4a27aaa392662881cffa8f2eef,TEN,NYG,recyds,Darnell Mooney,over,59.5,800
2026-09-26T22:21:35.497153+00:00,555afd4a27aaa392662881cffa8f2eef,TEN,NYG,recyds,Darnell Mooney,over,69.5,1100
2026-09-26T22:21:35.497153+00:00,555afd4a27aaa392662881cffa8f2eef,TEN,NYG,recyds,Darnell Mooney,over,79.5,1500
2026-09-26T22:21:35.497153+00:00,555afd4a27aaa392662881cffa8f2eef,TEN,NYG,recyds,Devin Singletary,over,4.5,-162
2026-09-26T22:21:35.497153+00:00,555afd4a27aaa392662881cffa8f2eef,TEN,NYG,recyds,Devin Singletary,over,9.5,136
2026-09-26T22:21:35.497153+00:00,555afd4a27aaa392662881cffa8f2eef,TEN,NYG,recyds,Devin Singletary,over,14.5,230
2026-09-26T22:21:35.497153+00:00,555afd4a27aaa392662881cffa8f2eef,TEN,NYG,recyds,Devin Singletary,over,19.5,370
2026-09-26T22:21:35.497153+00:00,555afd4a27aaa392662881cffa8f2eef,TEN,NYG,recyds,Devin Singletary,over,24.5,550
2026-09-26T22:21:35.497153+00:00,555afd4a27aaa392662881cffa8f2eef,TEN,NYG,recyds,Devin Singletary,over,29.5,750
2026-09-26T22:21:35.497153+00:00,555afd4a27aaa392662881cffa8f2eef,TEN,NYG,recyds,Cam Skattebo,over,4.5,-320
2026-09-26T22:21:35.497153+00:00,555afd4a27aaa392662881cffa8f2eef,TEN,NYG,recyds,Cam Skattebo,over,9.5,-148
2026-09-26T22:21:35.497153+00:00,555afd4a27aaa392662881cffa8f2eef,TEN,NYG,recyds,Cam Skattebo,over,14.5,122
2026-09-26T22:21:35.497153+00:00,555afd4a27aaa392662881cffa8f2eef,TEN,NYG,recyds,Cam Skattebo,over,19.5,194
2026-09-26T22:21:35.497153+00:00,555afd4a27aaa392662881cffa8f2eef,TEN,NYG,recyds,Cam Skattebo,over,24.5,290
2026-09-26T22:21:35.497153+00:00,555afd4a27aaa392662881cffa8f2eef,TEN,NYG,recyds,Cam Skattebo,over,29.5,410
2026-09-26T22:21:35.497153+00:00,555afd4a27aaa392662881cffa8f2eef,TEN,NYG,recyds,Cam Skattebo,over,39.5,750
2026-09-26T22:21:35.497153+00:00,555afd4a27aaa392662881cffa8f2eef,TEN,NYG,recyds,Carnell Tate,over,9.5,-1200
2026-09-26T22:21:35.497153+00:00,555afd4a27aaa392662881cffa8f2eef,TEN,NYG,recyds,Carnell Tate,over,14.5,-650
2026-09-26T22:21:35.497153+00:00,555afd4a27aaa392662881cffa8f2eef,TEN,NYG,recyds,Carnell Tate,over,19.5,-400
2026-09-26T22:21:35.497153+00:00,555afd4a27aaa392662881cffa8f2eef,TEN,NYG,recyds,Carnell Tate,over,24.5,-275
2026-09-26T22:21:35.497153+00:00,555afd4a27aaa392662881cffa8f2eef,TEN,NYG,recyds,Carnell Tate,over,29.5,-198
2026-09-26T22:21:35.497153+00:00,555afd4a27aaa392662881cffa8f2eef,TEN,NYG,recyds,Carnell Tate,over,39.5,-108
2026-09-26T22:21:35.497153+00:00,555afd4a27aaa392662881cffa8f2eef,TEN,NYG,recyds,Carnell Tate,over,49.5,152
2026-09-26T22:21:35.497153+00:00,555afd4a27aaa392662881cffa8f2eef,TEN,NYG,recyds,Carnell Tate,over,59.5,225
2026-09-26T22:21:35.497153+00:00,555afd4a27aaa392662881cffa8f2eef,TEN,NYG,recyds,Carnell Tate,over,69.5,350
2026-09-26T22:21:35.497153+00:00,555afd4a27aaa392662881cffa8f2eef,TEN,NYG,recyds,Carnell Tate,over,79.5,490
2026-09-26T22:21:35.497153+00:00,555afd4a27aaa392662881cffa8f2eef,TEN,NYG,recyds,Carnell Tate,over,89.5,700
2026-09-26T22:21:35.497153+00:00,555afd4a27aaa392662881cffa8f2eef,TEN,NYG,recyds,Carnell Tate,over,99.5,920
2026-09-26T22:21:35.497153+00:00,555afd4a27aaa392662881cffa8f2eef,TEN,NYG,recyds,Carnell Tate,over,109.5,1280
2026-09-26T22:21:35.497153+00:00,555afd4a27aaa392662881cffa8f2eef,TEN,NYG,recyds,Calvin Ridley,over,4.5,-290
2026-09-26T22:21:35.497153+00:00,555afd4a27aaa392662881cffa8f2eef,TEN,NYG,recyds,Calvin Ridley,over,9.5,-168
2026-09-26T22:21:35.497153+00:00,555afd4a27aaa392662881cffa8f2eef,TEN,NYG,recyds,Calvin Ridley,over,14.5,-106
2026-09-26T22:21:35.497153+00:00,555afd4a27aaa392662881cffa8f2eef,TEN,NYG,recyds,Calvin Ridley,over,19.5,140
2026-09-26T22:21:35.497153+00:00,555afd4a27aaa392662881cffa8f2eef,TEN,NYG,recyds,Calvin Ridley,over,24.5,194
2026-09-26T22:21:35.497153+00:00,555afd4a27aaa392662881cffa8f2eef,TEN,NYG,recyds,Calvin Ridley,over,29.5,255
2026-09-26T22:21:35.497153+00:00,555afd4a27aaa392662881cffa8f2eef,TEN,NYG,recyds,Calvin Ridley,over,39.5,410
2026-09-26T22:21:35.497153+00:00,555afd4a27aaa392662881cffa8f2eef,TEN,NYG,recyds,Calvin Ridley,over,49.5,640
2026-09-26T22:21:35.497153+00:00,555afd4a27aaa392662881cffa8f2eef,TEN,NYG,recyds,Calvin Ridley,over,59.5,920
2026-09-26T22:21:35.497153+00:00,555afd4a27aaa392662881cffa8f2eef,TEN,NYG,recs,Gunnar Helm,over,1.5,-390
2026-09-26T22:21:35.497153+00:00,555afd4a27aaa392662881cffa8f2eef,TEN,NYG,recs,Gunnar Helm,over,2.5,-132
2026-09-26T22:21:35.497153+00:00,555afd4a27aaa392662881cffa8f2eef,TEN,NYG,recs,Gunnar Helm,over,3.5,188
2026-09-26T22:21:35.497153+00:00,555afd4a27aaa392662881cffa8f2eef,TEN,NYG,recs,Gunnar Helm,over,4.5,400
2026-09-26T22:21:35.497153+00:00,555afd4a27aaa392662881cffa8f2eef,TEN,NYG,recs,Gunnar Helm,over,5.5,800
2026-09-26T22:21:35.497153+00:00,555afd4a27aaa392662881cffa8f2eef,TEN,NYG,recs,Gunnar Helm,over,6.5,1400
2026-09-26T22:21:35.497153+00:00,555afd4a27aaa392662881cffa8f2eef,TEN,NYG,recs,Tony Pollard,over,0.5,-320
2026-09-26T22:21:35.497153+00:00,555afd4a27aaa392662881cffa8f2eef,TEN,NYG,recs,Tony Pollard,over,1.5,140
2026-09-26T22:21:35.497153+00:00,555afd4a27aaa392662881cffa8f2eef,TEN,NYG,recs,Tony Pollard,over,2.5,400
2026-09-26T22:21:35.497153+00:00,555afd4a27aaa392662881cffa8f2eef,TEN,NYG,recs,Tony Pollard,over,3.5,920
2026-09-26T22:21:35.497153+00:00,555afd4a27aaa392662881cffa8f2eef,TEN,NYG,recs,Malachi Fields,over,0.5,-1100
2026-09-26T22:21:35.497153+00:00,555afd4a27aaa392662881cffa8f2eef,TEN,NYG,recs,Malachi Fields,over,1.5,-205
2026-09-26T22:21:35.497153+00:00,555afd4a27aaa392662881cffa8f2eef,TEN,NYG,recs,Malachi Fields,over,2.5,148
2026-09-26T22:21:35.497153+00:00,555afd4a27aaa392662881cffa8f2eef,TEN,NYG,recs,Malachi Fields,over,3.5,350
2026-09-26T22:21:35.497153+00:00,555afd4a27aaa392662881cffa8f2eef,TEN,NYG,recs,Malachi Fields,over,4.5,750
2026-09-26T22:21:35.497153+00:00,555afd4a27aaa392662881cffa8f2eef,TEN,NYG,recs,Malachi Fields,over,5.5,1280
2026-09-26T22:21:35.497153+00:00,555afd4a27aaa392662881cffa8f2eef,TEN,NYG,recs,Devin Singletary,over,0.5,-440
2026-09-26T22:21:35.497153+00:00,555afd4a27aaa392662881cffa8f2eef,TEN,NYG,recs,Devin Singletary,over,1.5,102
2026-09-26T22:21:35.497153+00:00,555afd4a27aaa392662881cffa8f2eef,TEN,NYG,recs,Devin Singletary,over,2.5,280
2026-09-26T22:21:35.497153+00:00,555afd4a27aaa392662881cffa8f2eef,TEN,NYG,recs,Devin Singletary,over,3.5,630
2026-09-26T22:21:35.497153+00:00,555afd4a27aaa392662881cffa8f2eef,TEN,NYG,recs,Malik Nabers,over,2.5,-580
2026-09-26T22:21:35.497153+00:00,555afd4a27aaa392662881cffa8f2eef,TEN,NYG,recs,Malik Nabers,over,3.5,-230
2026-09-26T22:21:35.497153+00:00,555afd4a27aaa392662881cffa8f2eef,TEN,NYG,recs,Malik Nabers,over,4.5,-102
2026-09-26T22:21:35.497153+00:00,555afd4a27aaa392662881cffa8f2eef,TEN,NYG,recs,Malik Nabers,over,5.5,182
2026-09-26T22:21:35.497153+00:00,555afd4a27aaa392662881cffa8f2eef,TEN,NYG,recs,Malik Nabers,over,6.5,320
2026-09-26T22:21:35.497153+00:00,555afd4a27aaa392662881cffa8f2eef,TEN,NYG,recs,Malik Nabers,over,7.5,580
2026-09-26T22:21:35.497153+00:00,555afd4a27aaa392662881cffa8f2eef,TEN,NYG,recs,Malik Nabers,over,8.5,920
2026-09-26T22:21:35.497153+00:00,555afd4a27aaa392662881cffa8f2eef,TEN,NYG,recs,Malik Nabers,over,9.5,1400
2026-09-26T22:21:35.497153+00:00,555afd4a27aaa392662881cffa8f2eef,TEN,NYG,recs,Carnell Tate,over,1.5,-750
2026-09-26T22:21:35.497153+00:00,555afd4a27aaa392662881cffa8f2eef,TEN,NYG,recs,Carnell Tate,over,2.5,-230
2026-09-26T22:21:35.497153+00:00,555afd4a27aaa392662881cffa8f2eef,TEN,NYG,recs,Carnell Tate,over,3.5,106
2026-09-26T22:21:35.497153+00:00,555afd4a27aaa392662881cffa8f2eef,TEN,NYG,recs,Carnell Tate,over,4.5,225
2026-09-26T22:21:35.497153+00:00,555afd4a27aaa392662881cffa8f2eef,TEN,NYG,recs,Carnell Tate,over,5.5,430
2026-09-26T22:21:35.497153+00:00,555afd4a27aaa392662881cffa8f2eef,TEN,NYG,recs,Carnell Tate,over,6.5,850
2026-09-26T22:21:35.497153+00:00,555afd4a27aaa392662881cffa8f2eef,TEN,NYG,recs,Carnell Tate,over,7.5,1400
2026-09-26T22:21:35.497153+00:00,555afd4a27aaa392662881cffa8f2eef,TEN,NYG,recs,Darnell Mooney,over,0.5,-440
2026-09-26T22:21:35.497153+00:00,555afd4a27aaa392662881cffa8f2eef,TEN,NYG,recs,Darnell Mooney,over,1.5,108
2026-09-26T22:21:35.497153+00:00,555afd4a27aaa392662881cffa8f2eef,TEN,NYG,recs,Darnell Mooney,over,2.5,320
2026-09-26T22:21:35.497153+00:00,555afd4a27aaa392662881cffa8f2eef,TEN,NYG,recs,Darnell Mooney,over,3.5,800
2026-09-26T22:21:35.497153+00:00,555afd4a27aaa392662881cffa8f2eef,TEN,NYG,recs,Darnell Mooney,over,4.5,1700
2026-09-26T22:21:35.497153+00:00,555afd4a27aaa392662881cffa8f2eef,TEN,NYG,recs,Calvin Ridley,over,0.5,-400
2026-09-26T22:21:35.497153+00:00,555afd4a27aaa392662881cffa8f2eef,TEN,NYG,recs,Calvin Ridley,over,1.5,118
2026-09-26T22:21:35.497153+00:00,555afd4a27aaa392662881cffa8f2eef,TEN,NYG,recs,Calvin Ridley,over,2.5,360
2026-09-26T22:21:35.497153+00:00,555afd4a27aaa392662881cffa8f2eef,TEN,NYG,recs,Calvin Ridley,over,3.5,880
2026-09-26T22:21:35.497153+00:00,555afd4a27aaa392662881cffa8f2eef,TEN,NYG,recs,Elic Ayomanor,over,0.5,-400
2026-09-26T22:21:35.497153+00:00,555afd4a27aaa392662881cffa8f2eef,TEN,NYG,recs,Elic Ayomanor,over,1.5,118
2026-09-26T22:21:35.497153+00:00,555afd4a27aaa392662881cffa8f2eef,TEN,NYG,recs,Elic Ayomanor,over,2.5,370
2026-09-26T22:21:35.497153+00:00,555afd4a27aaa392662881cffa8f2eef,TEN,NYG,recs,Elic Ayomanor,over,3.5,880
2026-09-26T22:21:35.497153+00:00,555afd4a27aaa392662881cffa8f2eef,TEN,NYG,recs,Cam Skattebo,over,0.5,-900
2026-09-26T22:21:35.497153+00:00,555afd4a27aaa392662881cffa8f2eef,TEN,NYG,recs,Cam Skattebo,over,1.5,-188
2026-09-26T22:21:35.497153+00:00,555afd4a27aaa392662881cffa8f2eef,TEN,NYG,recs,Cam Skattebo,over,2.5,154
2026-09-26T22:21:35.497153+00:00,555afd4a27aaa392662881cffa8f2eef,TEN,NYG,recs,Cam Skattebo,over,3.5,350
2026-09-26T22:21:35.497153+00:00,555afd4a27aaa392662881cffa8f2eef,TEN,NYG,recs,Cam Skattebo,over,4.5,680
2026-09-26T22:21:35.497153+00:00,555afd4a27aaa392662881cffa8f2eef,TEN,NYG,recs,Isaiah Likely,over,1.5,-1400
2026-09-26T22:21:35.497153+00:00,555afd4a27aaa392662881cffa8f2eef,TEN,NYG,recs,Isaiah Likely,over,2.5,-360
2026-09-26T22:21:35.497153+00:00,555afd4a27aaa392662881cffa8f2eef,TEN,NYG,recs,Isaiah Likely,over,3.5,-154
2026-09-26T22:21:35.497153+00:00,555afd4a27aaa392662881cffa8f2eef,TEN,NYG,recs,Isaiah Likely,over,4.5,136
2026-09-26T22:21:35.497153+00:00,555afd4a27aaa392662881cffa8f2eef,TEN,NYG,recs,Isaiah Likely,over,5.5,250
2026-09-26T22:21:35.497153+00:00,555afd4a27aaa392662881cffa8f2eef,TEN,NYG,recs,Isaiah Likely,over,6.5,430
2026-09-26T22:21:35.497153+00:00,555afd4a27aaa392662881cffa8f2eef,TEN,NYG,recs,Isaiah Likely,over,7.5,800
2026-09-26T22:21:35.497153+00:00,555afd4a27aaa392662881cffa8f2eef,TEN,NYG,recs,Isaiah Likely,over,8.5,1260
2026-09-26T22:21:35.497153+00:00,555afd4a27aaa392662881cffa8f2eef,TEN,NYG,recs,Wan'Dale Robinson,over,1.5,-900
2026-09-26T22:21:35.497153+00:00,555afd4a27aaa392662881cffa8f2eef,TEN,NYG,recs,Wan'Dale Robinson,over,2.5,-270
2026-09-26T22:21:35.497153+00:00,555afd4a27aaa392662881cffa8f2eef,TEN,NYG,recs,Wan'Dale Robinson,over,3.5,-106
2026-09-26T22:21:35.497153+00:00,555afd4a27aaa392662881cffa8f2eef,TEN,NYG,recs,Wan'Dale Robinson,over,4.5,194
2026-09-26T22:21:35.497153+00:00,555afd4a27aaa392662881cffa8f2eef,TEN,NYG,recs,Wan'Dale Robinson,over,5.5,390
2026-09-26T22:21:35.497153+00:00,555afd4a27aaa392662881cffa8f2eef,TEN,NYG,recs,Wan'Dale Robinson,over,6.5,700
2026-09-26T22:21:35.497153+00:00,555afd4a27aaa392662881cffa8f2eef,TEN,NYG,recs,Wan'Dale Robinson,over,7.5,1200
2026-09-26T22:21:35.497153+00:00,2a529c108305ffa049d8b6cfdbaa4d36,SEA,WAS,passyds,Sam Darnold,over,149.5,-800
2026-09-26T22:21:35.497153+00:00,2a529c108305ffa049d8b6cfdbaa4d36,SEA,WAS,passyds,Sam Darnold,over,174.5,-400
2026-09-26T22:21:35.497153+00:00,2a529c108305ffa049d8b6cfdbaa4d36,SEA,WAS,passyds,Sam Darnold,over,199.5,-210
2026-09-26T22:21:35.497153+00:00,2a529c108305ffa049d8b6cfdbaa4d36,SEA,WAS,passyds,Sam Darnold,over,224.5,-106
2026-09-26T22:21:35.497153+00:00,2a529c108305ffa049d8b6cfdbaa4d36,SEA,WAS,passyds,Sam Darnold,over,249.5,172
2026-09-26T22:21:35.497153+00:00,2a529c108305ffa049d8b6cfdbaa4d36,SEA,WAS,passyds,Sam Darnold,over,274.5,290
2026-09-26T22:21:35.497153+00:00,2a529c108305ffa049d8b6cfdbaa4d36,SEA,WAS,passyds,Sam Darnold,over,299.5,520
2026-09-26T22:21:35.497153+00:00,2a529c108305ffa049d8b6cfdbaa4d36,SEA,WAS,passyds,Sam Darnold,over,324.5,880
2026-09-26T22:21:35.497153+00:00,2a529c108305ffa049d8b6cfdbaa4d36,SEA,WAS,passyds,Sam Darnold,over,349.5,1400
2026-09-26T22:21:35.497153+00:00,2a529c108305ffa049d8b6cfdbaa4d36,SEA,WAS,passyds,Marcus Mariota,over,99.5,-1000
2026-09-26T22:21:35.497153+00:00,2a529c108305ffa049d8b6cfdbaa4d36,SEA,WAS,passyds,Marcus Mariota,over,124.5,-420
2026-09-26T22:21:35.497153+00:00,2a529c108305ffa049d8b6cfdbaa4d36,SEA,WAS,passyds,Marcus Mariota,over,149.5,-205
2026-09-26T22:21:35.497153+00:00,2a529c108305ffa049d8b6cfdbaa4d36,SEA,WAS,passyds,Marcus Mariota,over,174.5,-102
2026-09-26T22:21:35.497153+00:00,2a529c108305ffa049d8b6cfdbaa4d36,SEA,WAS,passyds,Marcus Mariota,over,199.5,178
2026-09-26T22:21:35.497153+00:00,2a529c108305ffa049d8b6cfdbaa4d36,SEA,WAS,passyds,Marcus Mariota,over,224.5,310
2026-09-26T22:21:35.497153+00:00,2a529c108305ffa049d8b6cfdbaa4d36,SEA,WAS,passyds,Marcus Mariota,over,249.5,550
2026-09-26T22:21:35.497153+00:00,2a529c108305ffa049d8b6cfdbaa4d36,SEA,WAS,passyds,Marcus Mariota,over,274.5,880
2026-09-26T22:21:35.497153+00:00,2a529c108305ffa049d8b6cfdbaa4d36,SEA,WAS,passyds,Marcus Mariota,over,299.5,1400
2026-09-26T22:21:35.497153+00:00,2a529c108305ffa049d8b6cfdbaa4d36,SEA,WAS,rushyds,Jadarian Price,over,19.5,-1000
2026-09-26T22:21:35.497153+00:00,2a529c108305ffa049d8b6cfdbaa4d36,SEA,WAS,rushyds,Jadarian Price,over,24.5,-580
2026-09-26T22:21:35.497153+00:00,2a529c108305ffa049d8b6cfdbaa4d36,SEA,WAS,rushyds,Jadarian Price,over,29.5,-400
2026-09-26T22:21:35.497153+00:00,2a529c108305ffa049d8b6cfdbaa4d36,SEA,WAS,rushyds,Jadarian Price,over,39.5,-215
2026-09-26T22:21:35.497153+00:00,2a529c108305ffa049d8b6cfdbaa4d36,SEA,WAS,rushyds,Jadarian Price,over,49.5,-128
2026-09-26T22:21:35.497153+00:00,2a529c108305ffa049d8b6cfdbaa4d36,SEA,WAS,rushyds,Jadarian Price,over,59.5,124
2026-09-26T22:21:35.497153+00:00,2a529c108305ffa049d8b6cfdbaa4d36,SEA,WAS,rushyds,Jadarian Price,over,69.5,182
2026-09-26T22:21:35.497153+00:00,2a529c108305ffa049d8b6cfdbaa4d36,SEA,WAS,rushyds,Jadarian Price,over,79.5,250
2026-09-26T22:21:35.497153+00:00,2a529c108305ffa049d8b6cfdbaa4d36,SEA,WAS,rushyds,Jadarian Price,over,89.5,360
2026-09-26T22:21:35.497153+00:00,2a529c108305ffa049d8b6cfdbaa4d36,SEA,WAS,rushyds,Jadarian Price,over,99.5,490
2026-09-26T22:21:35.497153+00:00,2a529c108305ffa049d8b6cfdbaa4d36,SEA,WAS,rushyds,Jadarian Price,over,109.5,640
2026-09-26T22:21:35.497153+00:00,2a529c108305ffa049d8b6cfdbaa4d36,SEA,WAS,rushyds,Jadarian Price,over,124.5,920
2026-09-26T22:21:35.497153+00:00,2a529c108305ffa049d8b6cfdbaa4d36,SEA,WAS,rushyds,Emanuel Wilson,over,9.5,-750
2026-09-26T22:21:35.497153+00:00,2a529c108305ffa049d8b6cfdbaa4d36,SEA,WAS,rushyds,Emanuel Wilson,over,14.5,-400
2026-09-26T22:21:35.497153+00:00,2a529c108305ffa049d8b6cfdbaa4d36,SEA,WAS,rushyds,Emanuel Wilson,over,19.5,-250
2026-09-26T22:21:35.497153+00:00,2a529c108305ffa049d8b6cfdbaa4d36,SEA,WAS,rushyds,Emanuel Wilson,over,24.5,-172
2026-09-26T22:21:35.497153+00:00,2a529c108305ffa049d8b6cfdbaa4d36,SEA,WAS,rushyds,Emanuel Wilson,over,29.5,-122
2026-09-26T22:21:35.497153+00:00,2a529c108305ffa049d8b6cfdbaa4d36,SEA,WAS,rushyds,Emanuel Wilson,over,39.5,142
2026-09-26T22:21:35.497153+00:00,2a529c108305ffa049d8b6cfdbaa4d36,SEA,WAS,rushyds,Emanuel Wilson,over,49.5,225
2026-09-26T22:21:35.497153+00:00,2a529c108305ffa049d8b6cfdbaa4d36,SEA,WAS,rushyds,Emanuel Wilson,over,59.5,320
2026-09-26T22:21:35.497153+00:00,2a529c108305ffa049d8b6cfdbaa4d36,SEA,WAS,rushyds,Emanuel Wilson,over,69.5,470
2026-09-26T22:21:35.497153+00:00,2a529c108305ffa049d8b6cfdbaa4d36,SEA,WAS,rushyds,Emanuel Wilson,over,79.5,640
2026-09-26T22:21:35.497153+00:00,2a529c108305ffa049d8b6cfdbaa4d36,SEA,WAS,rushyds,Emanuel Wilson,over,89.5,880
2026-09-26T22:21:35.497153+00:00,2a529c108305ffa049d8b6cfdbaa4d36,SEA,WAS,rushyds,Emanuel Wilson,over,99.5,1100
2026-09-26T22:21:35.497153+00:00,2a529c108305ffa049d8b6cfdbaa4d36,SEA,WAS,rushyds,Emanuel Wilson,over,109.5,1280
2026-09-26T22:21:35.497153+00:00,2a529c108305ffa049d8b6cfdbaa4d36,SEA,WAS,rushyds,Jacory Croskey-Merritt,over,14.5,-1400
2026-09-26T22:21:35.497153+00:00,2a529c108305ffa049d8b6cfdbaa4d36,SEA,WAS,rushyds,Jacory Croskey-Merritt,over,19.5,-650
2026-09-26T22:21:35.497153+00:00,2a529c108305ffa049d8b6cfdbaa4d36,SEA,WAS,rushyds,Jacory Croskey-Merritt,over,24.5,-360
2026-09-26T22:21:35.497153+00:00,2a529c108305ffa049d8b6cfdbaa4d36,SEA,WAS,rushyds,Jacory Croskey-Merritt,over,29.5,-245
2026-09-26T22:21:35.497153+00:00,2a529c108305ffa049d8b6cfdbaa4d36,SEA,WAS,rushyds,Jacory Croskey-Merritt,over,39.5,-114
2026-09-26T22:21:35.497153+00:00,2a529c108305ffa049d8b6cfdbaa4d36,SEA,WAS,rushyds,Jacory Croskey-Merritt,over,49.5,162
2026-09-26T22:21:35.497153+00:00,2a529c108305ffa049d8b6cfdbaa4d36,SEA,WAS,rushyds,Jacory Croskey-Merritt,over,59.5,265
2026-09-26T22:21:35.497153+00:00,2a529c108305ffa049d8b6cfdbaa4d36,SEA,WAS,rushyds,Jacory Croskey-Merritt,over,69.5,400
2026-09-26T22:21:35.497153+00:00,2a529c108305ffa049d8b6cfdbaa4d36,SEA,WAS,rushyds,Jacory Croskey-Merritt,over,79.5,630
2026-09-26T22:21:35.497153+00:00,2a529c108305ffa049d8b6cfdbaa4d36,SEA,WAS,rushyds,Jacory Croskey-Merritt,over,89.5,880
2026-09-26T22:21:35.497153+00:00,2a529c108305ffa049d8b6cfdbaa4d36,SEA,WAS,rushyds,Jacory Croskey-Merritt,over,99.5,1200
2026-09-26T22:21:35.497153+00:00,2a529c108305ffa049d8b6cfdbaa4d36,SEA,WAS,rushyds,Jacory Croskey-Merritt,over,109.5,1700
2026-09-26T22:21:35.497153+00:00,2a529c108305ffa049d8b6cfdbaa4d36,SEA,WAS,rushyds,Marcus Mariota,over,9.5,-700
2026-09-26T22:21:35.497153+00:00,2a529c108305ffa049d8b6cfdbaa4d36,SEA,WAS,rushyds,Marcus Mariota,over,14.5,-310
2026-09-26T22:21:35.497153+00:00,2a529c108305ffa049d8b6cfdbaa4d36,SEA,WAS,rushyds,Marcus Mariota,over,19.5,-174
2026-09-26T22:21:35.497153+00:00,2a529c108305ffa049d8b6cfdbaa4d36,SEA,WAS,rushyds,Marcus Mariota,over,24.5,-102
2026-09-26T22:21:35.497153+00:00,2a529c108305ffa049d8b6cfdbaa4d36,SEA,WAS,rushyds,Marcus Mariota,over,29.5,152
2026-09-26T22:21:35.497153+00:00,2a529c108305ffa049d8b6cfdbaa4d36,SEA,WAS,rushyds,Marcus Mariota,over,39.5,320
2026-09-26T22:21:35.497153+00:00,2a529c108305ffa049d8b6cfdbaa4d36,SEA,WAS,rushyds,Marcus Mariota,over,49.5,630
2026-09-26T22:21:35.497153+00:00,2a529c108305ffa049d8b6cfdbaa4d36,SEA,WAS,rushyds,Rachaad White,over,4.5,-1200
2026-09-26T22:21:35.497153+00:00,2a529c108305ffa049d8b6cfdbaa4d36,SEA,WAS,rushyds,Rachaad White,over,9.5,-360
2026-09-26T22:21:35.497153+00:00,2a529c108305ffa049d8b6cfdbaa4d36,SEA,WAS,rushyds,Rachaad White,over,14.5,-186
2026-09-26T22:21:35.497153+00:00,2a529c108305ffa049d8b6cfdbaa4d36,SEA,WAS,rushyds,Rachaad White,over,19.5,-102
2026-09-26T22:21:35.497153+00:00,2a529c108305ffa049d8b6cfdbaa4d36,SEA,WAS,rushyds,Rachaad White,over,24.5,162
2026-09-26T22:21:35.497153+00:00,2a529c108305ffa049d8b6cfdbaa4d36,SEA,WAS,rushyds,Rachaad White,over,29.5,230
2026-09-26T22:21:35.497153+00:00,2a529c108305ffa049d8b6cfdbaa4d36,SEA,WAS,rushyds,Rachaad White,over,39.5,470
2026-09-26T22:21:35.497153+00:00,2a529c108305ffa049d8b6cfdbaa4d36,SEA,WAS,rushyds,Rachaad White,over,49.5,800
2026-09-26T22:21:35.497153+00:00,2a529c108305ffa049d8b6cfdbaa4d36,SEA,WAS,recyds,Stefon Diggs,over,9.5,-1200
2026-09-26T22:21:35.497153+00:00,2a529c108305ffa049d8b6cfdbaa4d36,SEA,WAS,recyds,Stefon Diggs,over,14.5,-550
2026-09-26T22:21:35.497153+00:00,2a529c108305ffa049d8b6cfdbaa4d36,SEA,WAS,recyds,Stefon Diggs,over,19.5,-320
2026-09-26T22:21:35.497153+00:00,2a529c108305ffa049d8b6cfdbaa4d36,SEA,WAS,recyds,Stefon Diggs,over,24.5,-215
2026-09-26T22:21:35.497153+00:00,2a529c108305ffa049d8b6cfdbaa4d36,SEA,WAS,recyds,Stefon Diggs,over,29.5,-152
2026-09-26T22:21:35.497153+00:00,2a529c108305ffa049d8b6cfdbaa4d36,SEA,WAS,recyds,Stefon Diggs,over,39.5,130
2026-09-26T22:21:35.497153+00:00,2a529c108305ffa049d8b6cfdbaa4d36,SEA,WAS,recyds,Stefon Diggs,over,49.5,220
2026-09-26T22:21:35.497153+00:00,2a529c108305ffa049d8b6cfdbaa4d36,SEA,WAS,recyds,Stefon Diggs,over,59.5,360
2026-09-26T22:21:35.497153+00:00,2a529c108305ffa049d8b6cfdbaa4d36,SEA,WAS,recyds,Stefon Diggs,over,69.5,550
2026-09-26T22:21:35.497153+00:00,2a529c108305ffa049d8b6cfdbaa4d36,SEA,WAS,recyds,Stefon Diggs,over,79.5,850
2026-09-26T22:21:35.497153+00:00,2a529c108305ffa049d8b6cfdbaa4d36,SEA,WAS,recyds,Stefon Diggs,over,89.5,1200
2026-09-26T22:21:35.497153+00:00,2a529c108305ffa049d8b6cfdbaa4d36,SEA,WAS,recyds,Stefon Diggs,over,99.5,1500
2026-09-26T22:21:35.497153+00:00,2a529c108305ffa049d8b6cfdbaa4d36,SEA,WAS,recyds,Terry McLaurin,over,9.5,-1600
2026-09-26T22:21:35.497153+00:00,2a529c108305ffa049d8b6cfdbaa4d36,SEA,WAS,recyds,Terry McLaurin,over,14.5,-850
2026-09-26T22:21:35.497153+00:00,2a529c108305ffa049d8b6cfdbaa4d36,SEA,WAS,recyds,Terry McLaurin,over,19.5,-490
2026-09-26T22:21:35.497153+00:00,2a529c108305ffa049d8b6cfdbaa4d36,SEA,WAS,recyds,Terry McLaurin,over,24.5,-330
2026-09-26T22:21:35.497153+00:00,2a529c108305ffa049d8b6cfdbaa4d36,SEA,WAS,recyds,Terry McLaurin,over,29.5,-245
2026-09-26T22:21:35.497153+00:00,2a529c108305ffa049d8b6cfdbaa4d36,SEA,WAS,recyds,Terry McLaurin,over,39.5,-136
2026-09-26T22:21:35.497153+00:00,2a529c108305ffa049d8b6cfdbaa4d36,SEA,WAS,recyds,Terry McLaurin,over,49.5,122
2026-09-26T22:21:35.497153+00:00,2a529c108305ffa049d8b6cfdbaa4d36,SEA,WAS,recyds,Terry McLaurin,over,59.5,188
2026-09-26T22:21:35.497153+00:00,2a529c108305ffa049d8b6cfdbaa4d36,SEA,WAS,recyds,Terry McLaurin,over,69.5,270
2026-09-26T22:21:35.497153+00:00,2a529c108305ffa049d8b6cfdbaa4d36,SEA,WAS,recyds,Terry McLaurin,over,79.5,390
2026-09-26T22:21:35.497153+00:00,2a529c108305ffa049d8b6cfdbaa4d36,SEA,WAS,recyds,Terry McLaurin,over,89.5,550
2026-09-26T22:21:35.497153+00:00,2a529c108305ffa049d8b6cfdbaa4d36,SEA,WAS,recyds,Terry McLaurin,over,99.5,750
2026-09-26T22:21:35.497153+00:00,2a529c108305ffa049d8b6cfdbaa4d36,SEA,WAS,recyds,Terry McLaurin,over,109.5,920
2026-09-26T22:21:35.497153+00:00,2a529c108305ffa049d8b6cfdbaa4d36,SEA,WAS,recyds,Terry McLaurin,over,124.5,1400
2026-09-26T22:21:35.497153+00:00,2a529c108305ffa049d8b6cfdbaa4d36,SEA,WAS,recyds,Jaxon Smith-Njigba,over,39.5,-1450
2026-09-26T22:21:35.497153+00:00,2a529c108305ffa049d8b6cfdbaa4d36,SEA,WAS,recyds,Jaxon Smith-Njigba,over,49.5,-700
2026-09-26T22:21:35.497153+00:00,2a529c108305ffa049d8b6cfdbaa4d36,SEA,WAS,recyds,Jaxon Smith-Njigba,over,59.5,-420
2026-09-26T22:21:35.497153+00:00,2a529c108305ffa049d8b6cfdbaa4d36,SEA,WAS,recyds,Jaxon Smith-Njigba,over,69.5,-270
2026-09-26T22:21:35.497153+00:00,2a529c108305ffa049d8b6cfdbaa4d36,SEA,WAS,recyds,Jaxon Smith-Njigba,over,79.5,-180
2026-09-26T22:21:35.497153+00:00,2a529c108305ffa049d8b6cfdbaa4d36,SEA,WAS,recyds,Jaxon Smith-Njigba,over,89.5,-120
2026-09-26T22:21:35.497153+00:00,2a529c108305ffa049d8b6cfdbaa4d36,SEA,WAS,recyds,Jaxon Smith-Njigba,over,99.5,120
2026-09-26T22:21:35.497153+00:00,2a529c108305ffa049d8b6cfdbaa4d36,SEA,WAS,recyds,Jaxon Smith-Njigba,over,109.5,172
2026-09-26T22:21:35.497153+00:00,2a529c108305ffa049d8b6cfdbaa4d36,SEA,WAS,recyds,Jaxon Smith-Njigba,over,124.5,270
2026-09-26T22:21:35.497153+00:00,2a529c108305ffa049d8b6cfdbaa4d36,SEA,WAS,recyds,Jaxon Smith-Njigba,over,149.5,550
2026-09-26T22:21:35.497153+00:00,2a529c108305ffa049d8b6cfdbaa4d36,SEA,WAS,recyds,Jaxon Smith-Njigba,over,174.5,1000
2026-09-26T22:21:35.497153+00:00,2a529c108305ffa049d8b6cfdbaa4d36,SEA,WAS,recyds,Rashid Shaheed,over,4.5,-1200
2026-09-26T22:21:35.497153+00:00,2a529c108305ffa049d8b6cfdbaa4d36,SEA,WAS,recyds,Rashid Shaheed,over,9.5,-550
2026-09-26T22:21:35.497153+00:00,2a529c108305ffa049d8b6cfdbaa4d36,SEA,WAS,recyds,Rashid Shaheed,over,14.5,-320
2026-09-26T22:21:35.497153+00:00,2a529c108305ffa049d8b6cfdbaa4d36,SEA,WAS,recyds,Rashid Shaheed,over,19.5,-215
2026-09-26T22:21:35.497153+00:00,2a529c108305ffa049d8b6cfdbaa4d36,SEA,WAS,recyds,Rashid Shaheed,over,24.5,-152
2026-09-26T22:21:35.497153+00:00,2a529c108305ffa049d8b6cfdbaa4d36,SEA,WAS,recyds,Rashid Shaheed,over,29.5,-108
2026-09-26T22:21:35.497153+00:00,2a529c108305ffa049d8b6cfdbaa4d36,SEA,WAS,recyds,Rashid Shaheed,over,39.5,162
2026-09-26T22:21:35.497153+00:00,2a529c108305ffa049d8b6cfdbaa4d36,SEA,WAS,recyds,Rashid Shaheed,over,49.5,260
2026-09-26T22:21:35.497153+00:00,2a529c108305ffa049d8b6cfdbaa4d36,SEA,WAS,recyds,Rashid Shaheed,over,59.5,400
2026-09-26T22:21:35.497153+00:00,2a529c108305ffa049d8b6cfdbaa4d36,SEA,WAS,recyds,Rashid Shaheed,over,69.5,630
2026-09-26T22:21:35.497153+00:00,2a529c108305ffa049d8b6cfdbaa4d36,SEA,WAS,recyds,Rashid Shaheed,over,79.5,880
2026-09-26T22:21:35.497153+00:00,2a529c108305ffa049d8b6cfdbaa4d36,SEA,WAS,recyds,Rashid Shaheed,over,89.5,1200
2026-09-26T22:21:35.497153+00:00,2a529c108305ffa049d8b6cfdbaa4d36,SEA,WAS,recyds,Rashid Shaheed,over,99.5,1500
2026-09-26T22:21:35.497153+00:00,2a529c108305ffa049d8b6cfdbaa4d36,SEA,WAS,recyds,AJ Barner,over,4.5,-850
2026-09-26T22:21:35.497153+00:00,2a529c108305ffa049d8b6cfdbaa4d36,SEA,WAS,recyds,AJ Barner,over,9.5,-380
2026-09-26T22:21:35.497153+00:00,2a529c108305ffa049d8b6cfdbaa4d36,SEA,WAS,recyds,AJ Barner,over,14.5,-210
2026-09-26T22:21:35.497153+00:00,2a529c108305ffa049d8b6cfdbaa4d36,SEA,WAS,recyds,AJ Barner,over,19.5,-130
2026-09-26T22:21:35.497153+00:00,2a529c108305ffa049d8b6cfdbaa4d36,SEA,WAS,recyds,AJ Barner,over,24.5,122
2026-09-26T22:21:35.497153+00:00,2a529c108305ffa049d8b6cfdbaa4d36,SEA,WAS,recyds,AJ Barner,over,29.5,182
2026-09-26T22:21:35.497153+00:00,2a529c108305ffa049d8b6cfdbaa4d36,SEA,WAS,recyds,AJ Barner,over,39.5,350
2026-09-26T22:21:35.497153+00:00,2a529c108305ffa049d8b6cfdbaa4d36,SEA,WAS,recyds,AJ Barner,over,49.5,630
2026-09-26T22:21:35.497153+00:00,2a529c108305ffa049d8b6cfdbaa4d36,SEA,WAS,recyds,AJ Barner,over,59.5,1000
2026-09-26T22:21:35.497153+00:00,2a529c108305ffa049d8b6cfdbaa4d36,SEA,WAS,recyds,AJ Barner,over,69.5,1500
2026-09-26T22:21:35.497153+00:00,2a529c108305ffa049d8b6cfdbaa4d36,SEA,WAS,recyds,Antonio Williams,over,4.5,-400
2026-09-26T22:21:35.497153+00:00,2a529c108305ffa049d8b6cfdbaa4d36,SEA,WAS,recyds,Antonio Williams,over,9.5,-200
2026-09-26T22:21:35.497153+00:00,2a529c108305ffa049d8b6cfdbaa4d36,SEA,WAS,recyds,Antonio Williams,over,14.5,-114
2026-09-26T22:21:35.497153+00:00,2a529c108305ffa049d8b6cfdbaa4d36,SEA,WAS,recyds,Antonio Williams,over,19.5,136
2026-09-26T22:21:35.497153+00:00,2a529c108305ffa049d8b6cfdbaa4d36,SEA,WAS,recyds,Antonio Williams,over,24.5,198
2026-09-26T22:21:35.497153+00:00,2a529c108305ffa049d8b6cfdbaa4d36,SEA,WAS,recyds,Antonio Williams,over,29.5,280
2026-09-26T22:21:35.497153+00:00,2a529c108305ffa049d8b6cfdbaa4d36,SEA,WAS,recyds,Antonio Williams,over,39.5,490
2026-09-26T22:21:35.497153+00:00,2a529c108305ffa049d8b6cfdbaa4d36,SEA,WAS,recyds,Antonio Williams,over,49.5,850
2026-09-26T22:21:35.497153+00:00,2a529c108305ffa049d8b6cfdbaa4d36,SEA,WAS,recyds,Cooper Kupp,over,4.5,-750
2026-09-26T22:21:35.497153+00:00,2a529c108305ffa049d8b6cfdbaa4d36,SEA,WAS,recyds,Cooper Kupp,over,9.5,-340
2026-09-26T22:21:35.497153+00:00,2a529c108305ffa049d8b6cfdbaa4d36,SEA,WAS,recyds,Cooper Kupp,over,14.5,-215
2026-09-26T22:21:35.497153+00:00,2a529c108305ffa049d8b6cfdbaa4d36,SEA,WAS,recyds,Cooper Kupp,over,19.5,-136
2026-09-26T22:21:35.497153+00:00,2a529c108305ffa049d8b6cfdbaa4d36,SEA,WAS,recyds,Cooper Kupp,over,24.5,108
2026-09-26T22:21:35.497153+00:00,2a529c108305ffa049d8b6cfdbaa4d36,SEA,WAS,recyds,Cooper Kupp,over,29.5,154
2026-09-26T22:21:35.497153+00:00,2a529c108305ffa049d8b6cfdbaa4d36,SEA,WAS,recyds,Cooper Kupp,over,39.5,270
2026-09-26T22:21:35.497153+00:00,2a529c108305ffa049d8b6cfdbaa4d36,SEA,WAS,recyds,Cooper Kupp,over,49.5,450
2026-09-26T22:21:35.497153+00:00,2a529c108305ffa049d8b6cfdbaa4d36,SEA,WAS,recyds,Cooper Kupp,over,59.5,700
2026-09-26T22:21:35.497153+00:00,2a529c108305ffa049d8b6cfdbaa4d36,SEA,WAS,recyds,Cooper Kupp,over,69.5,1000
2026-09-26T22:21:35.497153+00:00,2a529c108305ffa049d8b6cfdbaa4d36,SEA,WAS,recyds,Cooper Kupp,over,79.5,1400
2026-09-26T22:21:35.497153+00:00,2a529c108305ffa049d8b6cfdbaa4d36,SEA,WAS,recyds,Rachaad White,over,4.5,-580
2026-09-26T22:21:35.497153+00:00,2a529c108305ffa049d8b6cfdbaa4d36,SEA,WAS,recyds,Rachaad White,over,9.5,-250
2026-09-26T22:21:35.497153+00:00,2a529c108305ffa049d8b6cfdbaa4d36,SEA,WAS,recyds,Rachaad White,over,14.5,-140
2026-09-26T22:21:35.497153+00:00,2a529c108305ffa049d8b6cfdbaa4d36,SEA,WAS,recyds,Rachaad White,over,19.5,116
2026-09-26T22:21:35.497153+00:00,2a529c108305ffa049d8b6cfdbaa4d36,SEA,WAS,recyds,Rachaad White,over,24.5,178
2026-09-26T22:21:35.497153+00:00,2a529c108305ffa049d8b6cfdbaa4d36,SEA,WAS,recyds,Rachaad White,over,29.5,240
2026-09-26T22:21:35.497153+00:00,2a529c108305ffa049d8b6cfdbaa4d36,SEA,WAS,recyds,Rachaad White,over,39.5,450
2026-09-26T22:21:35.497153+00:00,2a529c108305ffa049d8b6cfdbaa4d36,SEA,WAS,recyds,Rachaad White,over,49.5,750
2026-09-26T22:21:35.497153+00:00,2a529c108305ffa049d8b6cfdbaa4d36,SEA,WAS,recs,Terry McLaurin,over,1.5,-850
2026-09-26T22:21:35.497153+00:00,2a529c108305ffa049d8b6cfdbaa4d36,SEA,WAS,recs,Terry McLaurin,over,2.5,-250
2026-09-26T22:21:35.497153+00:00,2a529c108305ffa049d8b6cfdbaa4d36,SEA,WAS,recs,Terry McLaurin,over,3.5,100
2026-09-26T22:21:35.497153+00:00,2a529c108305ffa049d8b6cfdbaa4d36,SEA,WAS,recs,Terry McLaurin,over,4.5,220
2026-09-26T22:21:35.497153+00:00,2a529c108305ffa049d8b6cfdbaa4d36,SEA,WAS,recs,Terry McLaurin,over,5.5,410
2026-09-26T22:21:35.497153+00:00,2a529c108305ffa049d8b6cfdbaa4d36,SEA,WAS,recs,Terry McLaurin,over,6.5,850
2026-09-26T22:21:35.497153+00:00,2a529c108305ffa049d8b6cfdbaa4d36,SEA,WAS,recs,Terry McLaurin,over,7.5,1280
2026-09-26T22:21:35.497153+00:00,2a529c108305ffa049d8b6cfdbaa4d36,SEA,WAS,recs,Rashid Shaheed,over,1.5,-320
2026-09-26T22:21:35.497153+00:00,2a529c108305ffa049d8b6cfdbaa4d36,SEA,WAS,recs,Rashid Shaheed,over,2.5,-108
2026-09-26T22:21:35.497153+00:00,2a529c108305ffa049d8b6cfdbaa4d36,SEA,WAS,recs,Rashid Shaheed,over,3.5,220
2026-09-26T22:21:35.497153+00:00,2a529c108305ffa049d8b6cfdbaa4d36,SEA,WAS,recs,Rashid Shaheed,over,4.5,450
2026-09-26T22:21:35.497153+00:00,2a529c108305ffa049d8b6cfdbaa4d36,SEA,WAS,recs,Rashid Shaheed,over,5.5,880
2026-09-26T22:21:35.497153+00:00,2a529c108305ffa049d8b6cfdbaa4d36,SEA,WAS,recs,Rashid Shaheed,over,6.5,1500
2026-09-26T22:21:35.497153+00:00,2a529c108305ffa049d8b6cfdbaa4d36,SEA,WAS,recs,AJ Barner,over,1.5,-350
2026-09-26T22:21:35.497153+00:00,2a529c108305ffa049d8b6cfdbaa4d36,SEA,WAS,recs,AJ Barner,over,2.5,-114
2026-09-26T22:21:35.497153+00:00,2a529c108305ffa049d8b6cfdbaa4d36,SEA,WAS,recs,AJ Barner,over,3.5,205
2026-09-26T22:21:35.497153+00:00,2a529c108305ffa049d8b6cfdbaa4d36,SEA,WAS,recs,AJ Barner,over,4.5,430
2026-09-26T22:21:35.497153+00:00,2a529c108305ffa049d8b6cfdbaa4d36,SEA,WAS,recs,AJ Barner,over,5.5,880
2026-09-26T22:21:35.497153+00:00,2a529c108305ffa049d8b6cfdbaa4d36,SEA,WAS,recs,AJ Barner,over,6.5,1500
2026-09-26T22:21:35.497153+00:00,2a529c108305ffa049d8b6cfdbaa4d36,SEA,WAS,recs,Antonio Williams,over,0.5,-800
2026-09-26T22:21:35.497153+00:00,2a529c108305ffa049d8b6cfdbaa4d36,SEA,WAS,recs,Antonio Williams,over,1.5,-166
2026-09-26T22:21:35.497153+00:00,2a529c108305ffa049d8b6cfdbaa4d36,SEA,WAS,recs,Antonio Williams,over,2.5,182
2026-09-26T22:21:35.497153+00:00,2a529c108305ffa049d8b6cfdbaa4d36,SEA,WAS,recs,Antonio Williams,over,3.5,430
2026-09-26T22:21:35.497153+00:00,2a529c108305ffa049d8b6cfdbaa4d36,SEA,WAS,recs,Antonio Williams,over,4.5,920
2026-09-26T22:21:35.497153+00:00,2a529c108305ffa049d8b6cfdbaa4d36,SEA,WAS,recs,Cooper Kupp,over,0.5,-1450
2026-09-26T22:21:35.497153+00:00,2a529c108305ffa049d8b6cfdbaa4d36,SEA,WAS,recs,Cooper Kupp,over,1.5,-245
2026-09-26T22:21:35.497153+00:00,2a529c108305ffa049d8b6cfdbaa4d36,SEA,WAS,recs,Cooper Kupp,over,2.5,124
2026-09-26T22:21:35.497153+00:00,2a529c108305ffa049d8b6cfdbaa4d36,SEA,WAS,recs,Cooper Kupp,over,3.5,300
2026-09-26T22:21:35.497153+00:00,2a529c108305ffa049d8b6cfdbaa4d36,SEA,WAS,recs,Cooper Kupp,over,4.5,640
2026-09-26T22:21:35.497153+00:00,2a529c108305ffa049d8b6cfdbaa4d36,SEA,WAS,recs,Cooper Kupp,over,5.5,1200
2026-09-26T22:21:35.497153+00:00,2a529c108305ffa049d8b6cfdbaa4d36,SEA,WAS,recs,Stefon Diggs,over,1.5,-1400
2026-09-26T22:21:35.497153+00:00,2a529c108305ffa049d8b6cfdbaa4d36,SEA,WAS,recs,Stefon Diggs,over,2.5,-360
2026-09-26T22:21:35.497153+00:00,2a529c108305ffa049d8b6cfdbaa4d36,SEA,WAS,recs,Stefon Diggs,over,3.5,-152
2026-09-26T22:21:35.497153+00:00,2a529c108305ffa049d8b6cfdbaa4d36,SEA,WAS,recs,Stefon Diggs,over,4.5,142
2026-09-26T22:21:35.497153+00:00,2a529c108305ffa049d8b6cfdbaa4d36,SEA,WAS,recs,Stefon Diggs,over,5.5,280
2026-09-26T22:21:35.497153+00:00,2a529c108305ffa049d8b6cfdbaa4d36,SEA,WAS,recs,Stefon Diggs,over,6.5,520
2026-09-26T22:21:35.497153+00:00,2a529c108305ffa049d8b6cfdbaa4d36,SEA,WAS,recs,Stefon Diggs,over,7.5,880
2026-09-26T22:21:35.497153+00:00,2a529c108305ffa049d8b6cfdbaa4d36,SEA,WAS,recs,Stefon Diggs,over,8.5,1400
2026-09-26T22:21:35.497153+00:00,2a529c108305ffa049d8b6cfdbaa4d36,SEA,WAS,recs,Jaxon Smith-Njigba,over,3.5,-1400
2026-09-26T22:21:35.497153+00:00,2a529c108305ffa049d8b6cfdbaa4d36,SEA,WAS,recs,Jaxon Smith-Njigba,over,4.5,-470
2026-09-26T22:21:35.497153+00:00,2a529c108305ffa049d8b6cfdbaa4d36,SEA,WAS,recs,Jaxon Smith-Njigba,over,5.5,-220
2026-09-26T22:21:35.497153+00:00,2a529c108305ffa049d8b6cfdbaa4d36,SEA,WAS,recs,Jaxon Smith-Njigba,over,6.5,-112
2026-09-26T22:21:35.497153+00:00,2a529c108305ffa049d8b6cfdbaa4d36,SEA,WAS,recs,Jaxon Smith-Njigba,over,7.5,162
2026-09-26T22:21:35.497153+00:00,2a529c108305ffa049d8b6cfdbaa4d36,SEA,WAS,recs,Jaxon Smith-Njigba,over,8.5,280
2026-09-26T22:21:35.497153+00:00,2a529c108305ffa049d8b6cfdbaa4d36,SEA,WAS,recs,Jaxon Smith-Njigba,over,9.5,490
2026-09-26T22:21:35.497153+00:00,2a529c108305ffa049d8b6cfdbaa4d36,SEA,WAS,recs,Jaxon Smith-Njigba,over,10.5,750
2026-09-26T22:21:35.497153+00:00,2a529c108305ffa049d8b6cfdbaa4d36,SEA,WAS,recs,Jaxon Smith-Njigba,over,11.5,1200
2026-09-26T22:21:35.497153+00:00,9d2b09e0f9b6dd5ce0d985894f4f98fa,ARI,SF,passyds,Brock Purdy,over,149.5,-1400
2026-09-26T22:21:35.497153+00:00,9d2b09e0f9b6dd5ce0d985894f4f98fa,ARI,SF,passyds,Brock Purdy,over,174.5,-580
2026-09-26T22:21:35.497153+00:00,9d2b09e0f9b6dd5ce0d985894f4f98fa,ARI,SF,passyds,Brock Purdy,over,199.5,-280
2026-09-26T22:21:35.497153+00:00,9d2b09e0f9b6dd5ce0d985894f4f98fa,ARI,SF,passyds,Brock Purdy,over,224.5,-154
2026-09-26T22:21:35.497153+00:00,9d2b09e0f9b6dd5ce0d985894f4f98fa,ARI,SF,passyds,Brock Purdy,over,249.5,120
2026-09-26T22:21:35.497153+00:00,9d2b09e0f9b6dd5ce0d985894f4f98fa,ARI,SF,passyds,Brock Purdy,over,274.5,210
2026-09-26T22:21:35.497153+00:00,9d2b09e0f9b6dd5ce0d985894f4f98fa,ARI,SF,passyds,Brock Purdy,over,299.5,360
2026-09-26T22:21:35.497153+00:00,9d2b09e0f9b6dd5ce0d985894f4f98fa,ARI,SF,passyds,Brock Purdy,over,324.5,630
2026-09-26T22:21:35.497153+00:00,9d2b09e0f9b6dd5ce0d985894f4f98fa,ARI,SF,passyds,Brock Purdy,over,349.5,920
2026-09-26T22:21:35.497153+00:00,9d2b09e0f9b6dd5ce0d985894f4f98fa,ARI,SF,passyds,Brock Purdy,over,374.5,1500
2026-09-26T22:21:35.497153+00:00,9d2b09e0f9b6dd5ce0d985894f4f98fa,ARI,SF,passyds,Jacoby Brissett,over,149.5,-1100
2026-09-26T22:21:35.497153+00:00,9d2b09e0f9b6dd5ce0d985894f4f98fa,ARI,SF,passyds,Jacoby Brissett,over,174.5,-450
2026-09-26T22:21:35.497153+00:00,9d2b09e0f9b6dd5ce0d985894f4f98fa,ARI,SF,passyds,Jacoby Brissett,over,199.5,-230
2026-09-26T22:21:35.497153+00:00,9d2b09e0f9b6dd5ce0d985894f4f98fa,ARI,SF,passyds,Jacoby Brissett,over,224.5,-118
2026-09-26T22:21:35.497153+00:00,9d2b09e0f9b6dd5ce0d985894f4f98fa,ARI,SF,passyds,Jacoby Brissett,over,249.5,158
2026-09-26T22:21:35.497153+00:00,9d2b09e0f9b6dd5ce0d985894f4f98fa,ARI,SF,passyds,Jacoby Brissett,over,274.5,270
2026-09-26T22:21:35.497153+00:00,9d2b09e0f9b6dd5ce0d985894f4f98fa,ARI,SF,passyds,Jacoby Brissett,over,299.5,470
2026-09-26T22:21:35.497153+00:00,9d2b09e0f9b6dd5ce0d985894f4f98fa,ARI,SF,passyds,Jacoby Brissett,over,324.5,800
2026-09-26T22:21:35.497153+00:00,9d2b09e0f9b6dd5ce0d985894f4f98fa,ARI,SF,passyds,Jacoby Brissett,over,349.5,1200
2026-09-26T22:21:35.497153+00:00,9d2b09e0f9b6dd5ce0d985894f4f98fa,ARI,SF,rushyds,Tyler Allgeier,over,14.5,-700
2026-09-26T22:21:35.497153+00:00,9d2b09e0f9b6dd5ce0d985894f4f98fa,ARI,SF,rushyds,Tyler Allgeier,over,19.5,-390
2026-09-26T22:21:35.497153+00:00,9d2b09e0f9b6dd5ce0d985894f4f98fa,ARI,SF,rushyds,Tyler Allgeier,over,24.5,-240
2026-09-26T22:21:35.497153+00:00,9d2b09e0f9b6dd5ce0d985894f4f98fa,ARI,SF,rushyds,Tyler Allgeier,over,29.5,-158
2026-09-26T22:21:35.497153+00:00,9d2b09e0f9b6dd5ce0d985894f4f98fa,ARI,SF,rushyds,Tyler Allgeier,over,39.5,132
2026-09-26T22:21:35.497153+00:00,9d2b09e0f9b6dd5ce0d985894f4f98fa,ARI,SF,rushyds,Tyler Allgeier,over,49.5,225
2026-09-26T22:21:35.497153+00:00,9d2b09e0f9b6dd5ce0d985894f4f98fa,ARI,SF,rushyds,Tyler Allgeier,over,59.5,360
2026-09-26T22:21:35.497153+00:00,9d2b09e0f9b6dd5ce0d985894f4f98fa,ARI,SF,rushyds,Tyler Allgeier,over,69.5,550
2026-09-26T22:21:35.497153+00:00,9d2b09e0f9b6dd5ce0d985894f4f98fa,ARI,SF,rushyds,Tyler Allgeier,over,79.5,800
2026-09-26T22:21:35.497153+00:00,9d2b09e0f9b6dd5ce0d985894f4f98fa,ARI,SF,rushyds,Tyler Allgeier,over,89.5,1100
2026-09-26T22:21:35.497153+00:00,9d2b09e0f9b6dd5ce0d985894f4f98fa,ARI,SF,rushyds,Tyler Allgeier,over,99.5,1400
2026-09-26T22:21:35.497153+00:00,9d2b09e0f9b6dd5ce0d985894f4f98fa,ARI,SF,rushyds,Jacoby Brissett,over,4.5,-200
2026-09-26T22:21:35.497153+00:00,9d2b09e0f9b6dd5ce0d985894f4f98fa,ARI,SF,rushyds,Jacoby Brissett,over,9.5,122
2026-09-26T22:21:35.497153+00:00,9d2b09e0f9b6dd5ce0d985894f4f98fa,ARI,SF,rushyds,Jacoby Brissett,over,14.5,225
2026-09-26T22:21:35.497153+00:00,9d2b09e0f9b6dd5ce0d985894f4f98fa,ARI,SF,rushyds,Jacoby Brissett,over,19.5,400
2026-09-26T22:21:35.497153+00:00,9d2b09e0f9b6dd5ce0d985894f4f98fa,ARI,SF,rushyds,Jacoby Brissett,over,24.5,640
2026-09-26T22:21:35.497153+00:00,9d2b09e0f9b6dd5ce0d985894f4f98fa,ARI,SF,rushyds,Jacoby Brissett,over,29.5,920
2026-09-26T22:21:35.497153+00:00,9d2b09e0f9b6dd5ce0d985894f4f98fa,ARI,SF,rushyds,Jeremiyah Love,over,14.5,-1100
2026-09-26T22:21:35.497153+00:00,9d2b09e0f9b6dd5ce0d985894f4f98fa,ARI,SF,rushyds,Jeremiyah Love,over,19.5,-500
2026-09-26T22:21:35.497153+00:00,9d2b09e0f9b6dd5ce0d985894f4f98fa,ARI,SF,rushyds,Jeremiyah Love,over,24.5,-310
2026-09-26T22:21:35.497153+00:00,9d2b09e0f9b6dd5ce0d985894f4f98fa,ARI,SF,rushyds,Jeremiyah Love,over,29.5,-205
2026-09-26T22:21:35.497153+00:00,9d2b09e0f9b6dd5ce0d985894f4f98fa,ARI,SF,rushyds,Jeremiyah Love,over,39.5,-102
2026-09-26T22:21:35.497153+00:00,9d2b09e0f9b6dd5ce0d985894f4f98fa,ARI,SF,rushyds,Jeremiyah Love,over,49.5,182
2026-09-26T22:21:35.497153+00:00,9d2b09e0f9b6dd5ce0d985894f4f98fa,ARI,SF,rushyds,Jeremiyah Love,over,59.5,300
2026-09-26T22:21:35.497153+00:00,9d2b09e0f9b6dd5ce0d985894f4f98fa,ARI,SF,rushyds,Jeremiyah Love,over,69.5,470
2026-09-26T22:21:35.497153+00:00,9d2b09e0f9b6dd5ce0d985894f4f98fa,ARI,SF,rushyds,Jeremiyah Love,over,79.5,700
2026-09-26T22:21:35.497153+00:00,9d2b09e0f9b6dd5ce0d985894f4f98fa,ARI,SF,rushyds,Jeremiyah Love,over,89.5,920
2026-09-26T22:21:35.497153+00:00,9d2b09e0f9b6dd5ce0d985894f4f98fa,ARI,SF,rushyds,Jeremiyah Love,over,99.5,1280
2026-09-26T22:21:35.497153+00:00,9d2b09e0f9b6dd5ce0d985894f4f98fa,ARI,SF,rushyds,Christian McCaffrey,over,24.5,-1450
2026-09-26T22:21:35.497153+00:00,9d2b09e0f9b6dd5ce0d985894f4f98fa,ARI,SF,rushyds,Christian McCaffrey,over,29.5,-750
2026-09-26T22:21:35.497153+00:00,9d2b09e0f9b6dd5ce0d985894f4f98fa,ARI,SF,rushyds,Christian McCaffrey,over,39.5,-320
2026-09-26T22:21:35.497153+00:00,9d2b09e0f9b6dd5ce0d985894f4f98fa,ARI,SF,rushyds,Christian McCaffrey,over,49.5,-162
2026-09-26T22:21:35.497153+00:00,9d2b09e0f9b6dd5ce0d985894f4f98fa,ARI,SF,rushyds,Christian McCaffrey,over,59.5,110
2026-09-26T22:21:35.497153+00:00,9d2b09e0f9b6dd5ce0d985894f4f98fa,ARI,SF,rushyds,Christian McCaffrey,over,69.5,178
2026-09-26T22:21:35.497153+00:00,9d2b09e0f9b6dd5ce0d985894f4f98fa,ARI,SF,rushyds,Christian McCaffrey,over,79.5,270
2026-09-26T22:21:35.497153+00:00,9d2b09e0f9b6dd5ce0d985894f4f98fa,ARI,SF,rushyds,Christian McCaffrey,over,89.5,400
2026-09-26T22:21:35.497153+00:00,9d2b09e0f9b6dd5ce0d985894f4f98fa,ARI,SF,rushyds,Christian McCaffrey,over,99.5,580
2026-09-26T22:21:35.497153+00:00,9d2b09e0f9b6dd5ce0d985894f4f98fa,ARI,SF,rushyds,Christian McCaffrey,over,109.5,850
2026-09-26T22:21:35.497153+00:00,9d2b09e0f9b6dd5ce0d985894f4f98fa,ARI,SF,rushyds,Christian McCaffrey,over,124.5,1280
2026-09-26T22:21:35.497153+00:00,9d2b09e0f9b6dd5ce0d985894f4f98fa,ARI,SF,rushyds,Brock Purdy,over,4.5,-700
2026-09-26T22:21:35.497153+00:00,9d2b09e0f9b6dd5ce0d985894f4f98fa,ARI,SF,rushyds,Brock Purdy,over,9.5,-280
2026-09-26T22:21:35.497153+00:00,9d2b09e0f9b6dd5ce0d985894f4f98fa,ARI,SF,rushyds,Brock Purdy,over,14.5,-146
2026-09-26T22:21:35.497153+00:00,9d2b09e0f9b6dd5ce0d985894f4f98fa,ARI,SF,rushyds,Brock Purdy,over,19.5,120
2026-09-26T22:21:35.497153+00:00,9d2b09e0f9b6dd5ce0d985894f4f98fa,ARI,SF,rushyds,Brock Purdy,over,24.5,194
2026-09-26T22:21:35.497153+00:00,9d2b09e0f9b6dd5ce0d985894f4f98fa,ARI,SF,rushyds,Brock Purdy,over,29.5,290
2026-09-26T22:21:35.497153+00:00,9d2b09e0f9b6dd5ce0d985894f4f98fa,ARI,SF,rushyds,Brock Purdy,over,39.5,630
2026-09-26T22:21:35.497153+00:00,9d2b09e0f9b6dd5ce0d985894f4f98fa,ARI,SF,rushyds,Brock Purdy,over,49.5,1100
2026-09-26T22:21:35.497153+00:00,9d2b09e0f9b6dd5ce0d985894f4f98fa,ARI,SF,rushyds,Kaelon Black,over,9.5,-1600
2026-09-26T22:21:35.497153+00:00,9d2b09e0f9b6dd5ce0d985894f4f98fa,ARI,SF,rushyds,Kaelon Black,over,14.5,-650
2026-09-26T22:21:35.497153+00:00,9d2b09e0f9b6dd5ce0d985894f4f98fa,ARI,SF,rushyds,Kaelon Black,over,19.5,-350
2026-09-26T22:21:35.497153+00:00,9d2b09e0f9b6dd5ce0d985894f4f98fa,ARI,SF,rushyds,Kaelon Black,over,24.5,-220
2026-09-26T22:21:35.497153+00:00,9d2b09e0f9b6dd5ce0d985894f4f98fa,ARI,SF,rushyds,Kaelon Black,over,29.5,-144
2026-09-26T22:21:35.497153+00:00,9d2b09e0f9b6dd5ce0d985894f4f98fa,ARI,SF,rushyds,Kaelon Black,over,39.5,142
2026-09-26T22:21:35.497153+00:00,9d2b09e0f9b6dd5ce0d985894f4f98fa,ARI,SF,rushyds,Kaelon Black,over,49.5,250
2026-09-26T22:21:35.497153+00:00,9d2b09e0f9b6dd5ce0d985894f4f98fa,ARI,SF,rushyds,Kaelon Black,over,59.5,410
2026-09-26T22:21:35.497153+00:00,9d2b09e0f9b6dd5ce0d985894f4f98fa,ARI,SF,rushyds,Kaelon Black,over,69.5,640
2026-09-26T22:21:35.497153+00:00,9d2b09e0f9b6dd5ce0d985894f4f98fa,ARI,SF,rushyds,Kaelon Black,over,79.5,920
2026-09-26T22:21:35.497153+00:00,9d2b09e0f9b6dd5ce0d985894f4f98fa,ARI,SF,rushyds,Kaelon Black,over,89.5,1280
2026-09-26T22:21:35.497153+00:00,9d2b09e0f9b6dd5ce0d985894f4f98fa,ARI,SF,recyds,Kendrick Bourne,over,4.5,-1100
2026-09-26T22:21:35.497153+00:00,9d2b09e0f9b6dd5ce0d985894f4f98fa,ARI,SF,recyds,Kendrick Bourne,over,9.5,-420
2026-09-26T22:21:35.497153+00:00,9d2b09e0f9b6dd5ce0d985894f4f98fa,ARI,SF,recyds,Kendrick Bourne,over,14.5,-250
2026-09-26T22:21:35.497153+00:00,9d2b09e0f9b6dd5ce0d985894f4f98fa,ARI,SF,recyds,Kendrick Bourne,over,19.5,-158
2026-09-26T22:21:35.497153+00:00,9d2b09e0f9b6dd5ce0d985894f4f98fa,ARI,SF,recyds,Kendrick Bourne,over,24.5,-106
2026-09-26T22:21:35.497153+00:00,9d2b09e0f9b6dd5ce0d985894f4f98fa,ARI,SF,recyds,Kendrick Bourne,over,29.5,134
2026-09-26T22:21:35.497153+00:00,9d2b09e0f9b6dd5ce0d985894f4f98fa,ARI,SF,recyds,Kendrick Bourne,over,39.5,235
2026-09-26T22:21:35.497153+00:00,9d2b09e0f9b6dd5ce0d985894f4f98fa,ARI,SF,recyds,Kendrick Bourne,over,49.5,400
2026-09-26T22:21:35.497153+00:00,9d2b09e0f9b6dd5ce0d985894f4f98fa,ARI,SF,recyds,Kendrick Bourne,over,59.5,640
2026-09-26T22:21:35.497153+00:00,9d2b09e0f9b6dd5ce0d985894f4f98fa,ARI,SF,recyds,Kendrick Bourne,over,69.5,920
2026-09-26T22:21:35.497153+00:00,9d2b09e0f9b6dd5ce0d985894f4f98fa,ARI,SF,recyds,Marvin Harrison Jr.,over,4.5,-1400
2026-09-26T22:21:35.497153+00:00,9d2b09e0f9b6dd5ce0d985894f4f98fa,ARI,SF,recyds,Marvin Harrison Jr.,over,9.5,-650
2026-09-26T22:21:35.497153+00:00,9d2b09e0f9b6dd5ce0d985894f4f98fa,ARI,SF,recyds,Marvin Harrison Jr.,over,14.5,-400
2026-09-26T22:21:35.497153+00:00,9d2b09e0f9b6dd5ce0d985894f4f98fa,ARI,SF,recyds,Marvin Harrison Jr.,over,19.5,-270
2026-09-26T22:21:35.497153+00:00,9d2b09e0f9b6dd5ce0d985894f4f98fa,ARI,SF,recyds,Marvin Harrison Jr.,over,24.5,-192
2026-09-26T22:21:35.497153+00:00,9d2b09e0f9b6dd5ce0d985894f4f98fa,ARI,SF,recyds,Marvin Harrison Jr.,over,29.5,-144
2026-09-26T22:21:35.497153+00:00,9d2b09e0f9b6dd5ce0d985894f4f98fa,ARI,SF,recyds,Marvin Harrison Jr.,over,39.5,118
2026-09-26T22:21:35.497153+00:00,9d2b09e0f9b6dd5ce0d985894f4f98fa,ARI,SF,recyds,Marvin Harrison Jr.,over,49.5,188
2026-09-26T22:21:35.497153+00:00,9d2b09e0f9b6dd5ce0d985894f4f98fa,ARI,SF,recyds,Marvin Harrison Jr.,over,59.5,280
2026-09-26T22:21:35.497153+00:00,9d2b09e0f9b6dd5ce0d985894f4f98fa,ARI,SF,recyds,Marvin Harrison Jr.,over,69.5,400
2026-09-26T22:21:35.497153+00:00,9d2b09e0f9b6dd5ce0d985894f4f98fa,ARI,SF,recyds,Marvin Harrison Jr.,over,79.5,580
2026-09-26T22:21:35.497153+00:00,9d2b09e0f9b6dd5ce0d985894f4f98fa,ARI,SF,recyds,Marvin Harrison Jr.,over,89.5,800
2026-09-26T22:21:35.497153+00:00,9d2b09e0f9b6dd5ce0d985894f4f98fa,ARI,SF,recyds,Marvin Harrison Jr.,over,99.5,1000
2026-09-26T22:21:35.497153+00:00,9d2b09e0f9b6dd5ce0d985894f4f98fa,ARI,SF,recyds,Marvin Harrison Jr.,over,109.5,1280
2026-09-26T22:21:35.497153+00:00,9d2b09e0f9b6dd5ce0d985894f4f98fa,ARI,SF,recyds,Deebo Samuel,over,9.5,-1800
2026-09-26T22:21:35.497153+00:00,9d2b09e0f9b6dd5ce0d985894f4f98fa,ARI,SF,recyds,Deebo Samuel,over,14.5,-850
2026-09-26T22:21:35.497153+00:00,9d2b09e0f9b6dd5ce0d985894f4f98fa,ARI,SF,recyds,Deebo Samuel,over,19.5,-470
2026-09-26T22:21:35.497153+00:00,9d2b09e0f9b6dd5ce0d985894f4f98fa,ARI,SF,recyds,Deebo Samuel,over,24.5,-320
2026-09-26T22:21:35.497153+00:00,9d2b09e0f9b6dd5ce0d985894f4f98fa,ARI,SF,recyds,Deebo Samuel,over,29.5,-230
2026-09-26T22:21:35.497153+00:00,9d2b09e0f9b6dd5ce0d985894f4f98fa,ARI,SF,recyds,Deebo Samuel,over,39.5,-122
2026-09-26T22:21:35.497153+00:00,9d2b09e0f9b6dd5ce0d985894f4f98fa,ARI,SF,recyds,Deebo Samuel,over,49.5,140
2026-09-26T22:21:35.497153+00:00,9d2b09e0f9b6dd5ce0d985894f4f98fa,ARI,SF,recyds,Deebo Samuel,over,59.5,220
2026-09-26T22:21:35.497153+00:00,9d2b09e0f9b6dd5ce0d985894f4f98fa,ARI,SF,recyds,Deebo Samuel,over,69.5,320
2026-09-26T22:21:35.497153+00:00,9d2b09e0f9b6dd5ce0d985894f4f98fa,ARI,SF,recyds,Deebo Samuel,over,79.5,490
2026-09-26T22:21:35.497153+00:00,9d2b09e0f9b6dd5ce0d985894f4f98fa,ARI,SF,recyds,Deebo Samuel,over,89.5,700
2026-09-26T22:21:35.497153+00:00,9d2b09e0f9b6dd5ce0d985894f4f98fa,ARI,SF,recyds,Deebo Samuel,over,99.5,920
2026-09-26T22:21:35.497153+00:00,9d2b09e0f9b6dd5ce0d985894f4f98fa,ARI,SF,recyds,Deebo Samuel,over,109.5,1280
2026-09-26T22:21:35.497153+00:00,9d2b09e0f9b6dd5ce0d985894f4f98fa,ARI,SF,recyds,Christian McCaffrey,over,14.5,-900
2026-09-26T22:21:35.497153+00:00,9d2b09e0f9b6dd5ce0d985894f4f98fa,ARI,SF,recyds,Christian McCaffrey,over,19.5,-490
2026-09-26T22:21:35.497153+00:00,9d2b09e0f9b6dd5ce0d985894f4f98fa,ARI,SF,recyds,Christian McCaffrey,over,24.5,-310
2026-09-26T22:21:35.497153+00:00,9d2b09e0f9b6dd5ce0d985894f4f98fa,ARI,SF,recyds,Christian McCaffrey,over,29.5,-215
2026-09-26T22:21:35.497153+00:00,9d2b09e0f9b6dd5ce0d985894f4f98fa,ARI,SF,recyds,Christian McCaffrey,over,39.5,-108
2026-09-26T22:21:35.497153+00:00,9d2b09e0f9b6dd5ce0d985894f4f98fa,ARI,SF,recyds,Christian McCaffrey,over,49.5,164
2026-09-26T22:21:35.497153+00:00,9d2b09e0f9b6dd5ce0d985894f4f98fa,ARI,SF,recyds,Christian McCaffrey,over,59.5,270
2026-09-26T22:21:35.497153+00:00,9d2b09e0f9b6dd5ce0d985894f4f98fa,ARI,SF,recyds,Christian McCaffrey,over,69.5,410
2026-09-26T22:21:35.497153+00:00,9d2b09e0f9b6dd5ce0d985894f4f98fa,ARI,SF,recyds,Christian McCaffrey,over,79.5,630
2026-09-26T22:21:35.497153+00:00,9d2b09e0f9b6dd5ce0d985894f4f98fa,ARI,SF,recyds,Christian McCaffrey,over,89.5,880
2026-09-26T22:21:35.497153+00:00,9d2b09e0f9b6dd5ce0d985894f4f98fa,ARI,SF,recyds,Christian McCaffrey,over,99.5,1200
2026-09-26T22:21:35.497153+00:00,9d2b09e0f9b6dd5ce0d985894f4f98fa,ARI,SF,recyds,Christian McCaffrey,over,109.5,1700
2026-09-26T22:21:35.497153+00:00,9d2b09e0f9b6dd5ce0d985894f4f98fa,ARI,SF,recyds,Michael Wilson,over,14.5,-1100
2026-09-26T22:21:35.497153+00:00,9d2b09e0f9b6dd5ce0d985894f4f98fa,ARI,SF,recyds,Michael Wilson,over,19.5,-600
2026-09-26T22:21:35.497153+00:00,9d2b09e0f9b6dd5ce0d985894f4f98fa,ARI,SF,recyds,Michael Wilson,over,24.5,-400
2026-09-26T22:21:35.497153+00:00,9d2b09e0f9b6dd5ce0d985894f4f98fa,ARI,SF,recyds,Michael Wilson,over,29.5,-275
2026-09-26T22:21:35.497153+00:00,9d2b09e0f9b6dd5ce0d985894f4f98fa,ARI,SF,recyds,Michael Wilson,over,39.5,-154
2026-09-26T22:21:35.497153+00:00,9d2b09e0f9b6dd5ce0d985894f4f98fa,ARI,SF,recyds,Michael Wilson,over,49.5,114
2026-09-26T22:21:35.497153+00:00,9d2b09e0f9b6dd5ce0d985894f4f98fa,ARI,SF,recyds,Michael Wilson,over,59.5,182
2026-09-26T22:21:35.497153+00:00,9d2b09e0f9b6dd5ce0d985894f4f98fa,ARI,SF,recyds,Michael Wilson,over,69.5,270
2026-09-26T22:21:35.497153+00:00,9d2b09e0f9b6dd5ce0d985894f4f98fa,ARI,SF,recyds,Michael Wilson,over,79.5,400
2026-09-26T22:21:35.497153+00:00,9d2b09e0f9b6dd5ce0d985894f4f98fa,ARI,SF,recyds,Michael Wilson,over,89.5,580
2026-09-26T22:21:35.497153+00:00,9d2b09e0f9b6dd5ce0d985894f4f98fa,ARI,SF,recyds,Michael Wilson,over,99.5,800
2026-09-26T22:21:35.497153+00:00,9d2b09e0f9b6dd5ce0d985894f4f98fa,ARI,SF,recyds,Michael Wilson,over,109.5,1100
2026-09-26T22:21:35.497153+00:00,9d2b09e0f9b6dd5ce0d985894f4f98fa,ARI,SF,recyds,Michael Wilson,over,124.5,1500
2026-09-26T22:21:35.497153+00:00,9d2b09e0f9b6dd5ce0d985894f4f98fa,ARI,SF,recyds,Mike Evans,over,19.5,-1200
2026-09-26T22:21:35.497153+00:00,9d2b09e0f9b6dd5ce0d985894f4f98fa,ARI,SF,recyds,Mike Evans,over,24.5,-700
2026-09-26T22:21:35.497153+00:00,9d2b09e0f9b6dd5ce0d985894f4f98fa,ARI,SF,recyds,Mike Evans,over,29.5,-470
2026-09-26T22:21:35.497153+00:00,9d2b09e0f9b6dd5ce0d985894f4f98fa,ARI,SF,recyds,Mike Evans,over,39.5,-260
2026-09-26T22:21:35.497153+00:00,9d2b09e0f9b6dd5ce0d985894f4f98fa,ARI,SF,recyds,Mike Evans,over,49.5,-154
2026-09-26T22:21:35.497153+00:00,9d2b09e0f9b6dd5ce0d985894f4f98fa,ARI,SF,recyds,Mike Evans,over,59.5,104
2026-09-26T22:21:35.497153+00:00,9d2b09e0f9b6dd5ce0d985894f4f98fa,ARI,SF,recyds,Mike Evans,over,69.5,158
2026-09-26T22:21:35.497153+00:00,9d2b09e0f9b6dd5ce0d985894f4f98fa,ARI,SF,recyds,Mike Evans,over,79.5,225
2026-09-26T22:21:35.497153+00:00,9d2b09e0f9b6dd5ce0d985894f4f98fa,ARI,SF,recyds,Mike Evans,over,89.5,320
2026-09-26T22:21:35.497153+00:00,9d2b09e0f9b6dd5ce0d985894f4f98fa,ARI,SF,recyds,Mike Evans,over,99.5,430
2026-09-26T22:21:35.497153+00:00,9d2b09e0f9b6dd5ce0d985894f4f98fa,ARI,SF,recyds,Mike Evans,over,109.5,630
2026-09-26T22:21:35.497153+00:00,9d2b09e0f9b6dd5ce0d985894f4f98fa,ARI,SF,recyds,Mike Evans,over,124.5,880
2026-09-26T22:21:35.497153+00:00,9d2b09e0f9b6dd5ce0d985894f4f98fa,ARI,SF,recyds,Mike Evans,over,149.5,1700
2026-09-26T22:21:35.497153+00:00,9d2b09e0f9b6dd5ce0d985894f4f98fa,ARI,SF,recyds,Tyler Allgeier,over,4.5,-194
2026-09-26T22:21:35.497153+00:00,9d2b09e0f9b6dd5ce0d985894f4f98fa,ARI,SF,recyds,Tyler Allgeier,over,9.5,116
2026-09-26T22:21:35.497153+00:00,9d2b09e0f9b6dd5ce0d985894f4f98fa,ARI,SF,recyds,Tyler Allgeier,over,14.5,200
2026-09-26T22:21:35.497153+00:00,9d2b09e0f9b6dd5ce0d985894f4f98fa,ARI,SF,recyds,Tyler Allgeier,over,19.5,320
2026-09-26T22:21:35.497153+00:00,9d2b09e0f9b6dd5ce0d985894f4f98fa,ARI,SF,recyds,Tyler Allgeier,over,24.5,490
2026-09-26T22:21:35.497153+00:00,9d2b09e0f9b6dd5ce0d985894f4f98fa,ARI,SF,recyds,Tyler Allgeier,over,29.5,700
2026-09-26T22:21:35.497153+00:00,9d2b09e0f9b6dd5ce0d985894f4f98fa,ARI,SF,recyds,George Kittle,over,14.5,-1400
2026-09-26T22:21:35.497153+00:00,9d2b09e0f9b6dd5ce0d985894f4f98fa,ARI,SF,recyds,George Kittle,over,19.5,-670
2026-09-26T22:21:35.497153+00:00,9d2b09e0f9b6dd5ce0d985894f4f98fa,ARI,SF,recyds,George Kittle,over,24.5,-440
2026-09-26T22:21:35.497153+00:00,9d2b09e0f9b6dd5ce0d985894f4f98fa,ARI,SF,recyds,George Kittle,over,29.5,-300
2026-09-26T22:21:35.497153+00:00,9d2b09e0f9b6dd5ce0d985894f4f98fa,ARI,SF,recyds,George Kittle,over,39.5,-158
2026-09-26T22:21:35.497153+00:00,9d2b09e0f9b6dd5ce0d985894f4f98fa,ARI,SF,recyds,George Kittle,over,49.5,114
2026-09-26T22:21:35.497153+00:00,9d2b09e0f9b6dd5ce0d985894f4f98fa,ARI,SF,recyds,George Kittle,over,59.5,188
2026-09-26T22:21:35.497153+00:00,9d2b09e0f9b6dd5ce0d985894f4f98fa,ARI,SF,recyds,George Kittle,over,69.5,290
2026-09-26T22:21:35.497153+00:00,9d2b09e0f9b6dd5ce0d985894f4f98fa,ARI,SF,recyds,George Kittle,over,79.5,430
2026-09-26T22:21:35.497153+00:00,9d2b09e0f9b6dd5ce0d985894f4f98fa,ARI,SF,recyds,George Kittle,over,89.5,640
2026-09-26T22:21:35.497153+00:00,9d2b09e0f9b6dd5ce0d985894f4f98fa,ARI,SF,recyds,George Kittle,over,99.5,880
2026-09-26T22:21:35.497153+00:00,9d2b09e0f9b6dd5ce0d985894f4f98fa,ARI,SF,recyds,George Kittle,over,109.5,1200
2026-09-26T22:21:35.497153+00:00,9d2b09e0f9b6dd5ce0d985894f4f98fa,ARI,SF,recyds,Jeremiyah Love,over,4.5,-500
2026-09-26T22:21:35.497153+00:00,9d2b09e0f9b6dd5ce0d985894f4f98fa,ARI,SF,recyds,Jeremiyah Love,over,9.5,-220
2026-09-26T22:21:35.497153+00:00,9d2b09e0f9b6dd5ce0d985894f4f98fa,ARI,SF,recyds,Jeremiyah Love,over,14.5,-114
2026-09-26T22:21:35.497153+00:00,9d2b09e0f9b6dd5ce0d985894f4f98fa,ARI,SF,recyds,Jeremiyah Love,over,19.5,148
2026-09-26T22:21:35.497153+00:00,9d2b09e0f9b6dd5ce0d985894f4f98fa,ARI,SF,recyds,Jeremiyah Love,over,24.5,225
2026-09-26T22:21:35.497153+00:00,9d2b09e0f9b6dd5ce0d985894f4f98fa,ARI,SF,recyds,Jeremiyah Love,over,29.5,320
2026-09-26T22:21:35.497153+00:00,9d2b09e0f9b6dd5ce0d985894f4f98fa,ARI,SF,recyds,Jeremiyah Love,over,39.5,640
2026-09-26T22:21:35.497153+00:00,9d2b09e0f9b6dd5ce0d985894f4f98fa,ARI,SF,recyds,Trey McBride,over,29.5,-1450
2026-09-26T22:21:35.497153+00:00,9d2b09e0f9b6dd5ce0d985894f4f98fa,ARI,SF,recyds,Trey McBride,over,39.5,-580
2026-09-26T22:21:35.497153+00:00,9d2b09e0f9b6dd5ce0d985894f4f98fa,ARI,SF,recyds,Trey McBride,over,49.5,-300
2026-09-26T22:21:35.497153+00:00,9d2b09e0f9b6dd5ce0d985894f4f98fa,ARI,SF,recyds,Trey McBride,over,59.5,-174
2026-09-26T22:21:35.497153+00:00,9d2b09e0f9b6dd5ce0d985894f4f98fa,ARI,SF,recyds,Trey McBride,over,69.5,-104
2026-09-26T22:21:35.497153+00:00,9d2b09e0f9b6dd5ce0d985894f4f98fa,ARI,SF,recyds,Trey McBride,over,79.5,154
2026-09-26T22:21:35.497153+00:00,9d2b09e0f9b6dd5ce0d985894f4f98fa,ARI,SF,recyds,Trey McBride,over,89.5,225
2026-09-26T22:21:35.497153+00:00,9d2b09e0f9b6dd5ce0d985894f4f98fa,ARI,SF,recyds,Trey McBride,over,99.5,320
2026-09-26T22:21:35.497153+00:00,9d2b09e0f9b6dd5ce0d985894f4f98fa,ARI,SF,recyds,Trey McBride,over,109.5,490
2026-09-26T22:21:35.497153+00:00,9d2b09e0f9b6dd5ce0d985894f4f98fa,ARI,SF,recyds,Trey McBride,over,124.5,800
2026-09-26T22:21:35.497153+00:00,9d2b09e0f9b6dd5ce0d985894f4f98fa,ARI,SF,recyds,Trey McBride,over,149.5,1500
2026-09-26T22:21:35.497153+00:00,9d2b09e0f9b6dd5ce0d985894f4f98fa,ARI,SF,recs,Marvin Harrison Jr.,over,1.5,-280
2026-09-26T22:21:35.497153+00:00,9d2b09e0f9b6dd5ce0d985894f4f98fa,ARI,SF,recs,Marvin Harrison Jr.,over,2.5,116
2026-09-26T22:21:35.497153+00:00,9d2b09e0f9b6dd5ce0d985894f4f98fa,ARI,SF,recs,Marvin Harrison Jr.,over,3.5,280
2026-09-26T22:21:35.497153+00:00,9d2b09e0f9b6dd5ce0d985894f4f98fa,ARI,SF,recs,Marvin Harrison Jr.,over,4.5,640
2026-09-26T22:21:35.497153+00:00,9d2b09e0f9b6dd5ce0d985894f4f98fa,ARI,SF,recs,Marvin Harrison Jr.,over,5.5,1200
2026-09-26T22:21:35.497153+00:00,9d2b09e0f9b6dd5ce0d985894f4f98fa,ARI,SF,recs,Deebo Samuel,over,1.5,-1450
2026-09-26T22:21:35.497153+00:00,9d2b09e0f9b6dd5ce0d985894f4f98fa,ARI,SF,recs,Deebo Samuel,over,2.5,-400
2026-09-26T22:21:35.497153+00:00,9d2b09e0f9b6dd5ce0d985894f4f98fa,ARI,SF,recs,Deebo Samuel,over,3.5,-166
2026-09-26T22:21:35.497153+00:00,9d2b09e0f9b6dd5ce0d985894f4f98fa,ARI,SF,recs,Deebo Samuel,over,4.5,128
2026-09-26T22:21:35.497153+00:00,9d2b09e0f9b6dd5ce0d985894f4f98fa,ARI,SF,recs,Deebo Samuel,over,5.5,230
2026-09-26T22:21:35.497153+00:00,9d2b09e0f9b6dd5ce0d985894f4f98fa,ARI,SF,recs,Deebo Samuel,over,6.5,410
2026-09-26T22:21:35.497153+00:00,9d2b09e0f9b6dd5ce0d985894f4f98fa,ARI,SF,recs,Deebo Samuel,over,7.5,700
2026-09-26T22:21:35.497153+00:00,9d2b09e0f9b6dd5ce0d985894f4f98fa,ARI,SF,recs,Deebo Samuel,over,8.5,1100
2026-09-26T22:21:35.497153+00:00,9d2b09e0f9b6dd5ce0d985894f4f98fa,ARI,SF,recs,Deebo Samuel,over,9.5,1700
2026-09-26T22:21:35.497153+00:00,9d2b09e0f9b6dd5ce0d985894f4f98fa,ARI,SF,recs,Jeremiyah Love,over,1.5,-340
2026-09-26T22:21:35.497153+00:00,9d2b09e0f9b6dd5ce0d985894f4f98fa,ARI,SF,recs,Jeremiyah Love,over,2.5,-114
2026-09-26T22:21:35.497153+00:00,9d2b09e0f9b6dd5ce0d985894f4f98fa,ARI,SF,recs,Jeremiyah Love,over,3.5,200
2026-09-26T22:21:35.497153+00:00,9d2b09e0f9b6dd5ce0d985894f4f98fa,ARI,SF,recs,Jeremiyah Love,over,4.5,410
2026-09-26T22:21:35.497153+00:00,9d2b09e0f9b6dd5ce0d985894f4f98fa,ARI,SF,recs,Jeremiyah Love,over,5.5,850
2026-09-26T22:21:35.497153+00:00,9d2b09e0f9b6dd5ce0d985894f4f98fa,ARI,SF,recs,Michael Wilson,over,1.5,-1450
2026-09-26T22:21:35.497153+00:00,9d2b09e0f9b6dd5ce0d985894f4f98fa,ARI,SF,recs,Michael Wilson,over,2.5,-380
2026-09-26T22:21:35.497153+00:00,9d2b09e0f9b6dd5ce0d985894f4f98fa,ARI,SF,recs,Michael Wilson,over,3.5,-152
2026-09-26T22:21:35.497153+00:00,9d2b09e0f9b6dd5ce0d985894f4f98fa,ARI,SF,recs,Michael Wilson,over,4.5,152
2026-09-26T22:21:35.497153+00:00,9d2b09e0f9b6dd5ce0d985894f4f98fa,ARI,SF,recs,Michael Wilson,over,5.5,300
2026-09-26T22:21:35.497153+00:00,9d2b09e0f9b6dd5ce0d985894f4f98fa,ARI,SF,recs,Michael Wilson,over,6.5,580
2026-09-26T22:21:35.497153+00:00,9d2b09e0f9b6dd5ce0d985894f4f98fa,ARI,SF,recs,Michael Wilson,over,7.5,920
2026-09-26T22:21:35.497153+00:00,9d2b09e0f9b6dd5ce0d985894f4f98fa,ARI,SF,recs,Michael Wilson,over,8.5,1500
2026-09-26T22:21:35.497153+00:00,9d2b09e0f9b6dd5ce0d985894f4f98fa,ARI,SF,recs,Mike Evans,over,2.5,-490
2026-09-26T22:21:35.497153+00:00,9d2b09e0f9b6dd5ce0d985894f4f98fa,ARI,SF,recs,Mike Evans,over,3.5,-188
2026-09-26T22:21:35.497153+00:00,9d2b09e0f9b6dd5ce0d985894f4f98fa,ARI,SF,recs,Mike Evans,over,4.5,120
2026-09-26T22:21:35.497153+00:00,9d2b09e0f9b6dd5ce0d985894f4f98fa,ARI,SF,recs,Mike Evans,over,5.5,235
2026-09-26T22:21:35.497153+00:00,9d2b09e0f9b6dd5ce0d985894f4f98fa,ARI,SF,recs,Mike Evans,over,6.5,430
2026-09-26T22:21:35.497153+00:00,9d2b09e0f9b6dd5ce0d985894f4f98fa,ARI,SF,recs,Mike Evans,over,7.5,800
2026-09-26T22:21:35.497153+00:00,9d2b09e0f9b6dd5ce0d985894f4f98fa,ARI,SF,recs,Mike Evans,over,8.5,1280
2026-09-26T22:21:35.497153+00:00,9d2b09e0f9b6dd5ce0d985894f4f98fa,ARI,SF,recs,Christian McCaffrey,over,2.5,-700
2026-09-26T22:21:35.497153+00:00,9d2b09e0f9b6dd5ce0d985894f4f98fa,ARI,SF,recs,Christian McCaffrey,over,3.5,-275
2026-09-26T22:21:35.497153+00:00,9d2b09e0f9b6dd5ce0d985894f4f98fa,ARI,SF,recs,Christian McCaffrey,over,4.5,-132
2026-09-26T22:21:35.497153+00:00,9d2b09e0f9b6dd5ce0d985894f4f98fa,ARI,SF,recs,Christian McCaffrey,over,5.5,144
2026-09-26T22:21:35.497153+00:00,9d2b09e0f9b6dd5ce0d985894f4f98fa,ARI,SF,recs,Christian McCaffrey,over,6.5,260
2026-09-26T22:21:35.497153+00:00,9d2b09e0f9b6dd5ce0d985894f4f98fa,ARI,SF,recs,Christian McCaffrey,over,7.5,410
2026-09-26T22:21:35.497153+00:00,9d2b09e0f9b6dd5ce0d985894f4f98fa,ARI,SF,recs,Christian McCaffrey,over,8.5,700
2026-09-26T22:21:35.497153+00:00,9d2b09e0f9b6dd5ce0d985894f4f98fa,ARI,SF,recs,Christian McCaffrey,over,9.5,1000
2026-09-26T22:21:35.497153+00:00,9d2b09e0f9b6dd5ce0d985894f4f98fa,ARI,SF,recs,Christian McCaffrey,over,10.5,1500
2026-09-26T22:21:35.497153+00:00,9d2b09e0f9b6dd5ce0d985894f4f98fa,ARI,SF,recs,Trey McBride,over,4.5,-650
2026-09-26T22:21:35.497153+00:00,9d2b09e0f9b6dd5ce0d985894f4f98fa,ARI,SF,recs,Trey McBride,over,5.5,-310
2026-09-26T22:21:35.497153+00:00,9d2b09e0f9b6dd5ce0d985894f4f98fa,ARI,SF,recs,Trey McBride,over,6.5,-166
2026-09-26T22:21:35.497153+00:00,9d2b09e0f9b6dd5ce0d985894f4f98fa,ARI,SF,recs,Trey McBride,over,7.5,108
2026-09-26T22:21:35.497153+00:00,9d2b09e0f9b6dd5ce0d985894f4f98fa,ARI,SF,recs,Trey McBride,over,8.5,182
2026-09-26T22:21:35.497153+00:00,9d2b09e0f9b6dd5ce0d985894f4f98fa,ARI,SF,recs,Trey McBride,over,9.5,290
2026-09-26T22:21:35.497153+00:00,9d2b09e0f9b6dd5ce0d985894f4f98fa,ARI,SF,recs,Trey McBride,over,10.5,470
2026-09-26T22:21:35.497153+00:00,9d2b09e0f9b6dd5ce0d985894f4f98fa,ARI,SF,recs,Trey McBride,over,11.5,750
2026-09-26T22:21:35.497153+00:00,9d2b09e0f9b6dd5ce0d985894f4f98fa,ARI,SF,recs,Trey McBride,over,12.5,1100
2026-09-26T22:21:35.497153+00:00,9d2b09e0f9b6dd5ce0d985894f4f98fa,ARI,SF,recs,Trey McBride,over,13.5,1500
2026-09-26T22:21:35.497153+00:00,9d2b09e0f9b6dd5ce0d985894f4f98fa,ARI,SF,recs,Kendrick Bourne,over,1.5,-330
2026-09-26T22:21:35.497153+00:00,9d2b09e0f9b6dd5ce0d985894f4f98fa,ARI,SF,recs,Kendrick Bourne,over,2.5,-114
2026-09-26T22:21:35.497153+00:00,9d2b09e0f9b6dd5ce0d985894f4f98fa,ARI,SF,recs,Kendrick Bourne,over,3.5,210
2026-09-26T22:21:35.497153+00:00,9d2b09e0f9b6dd5ce0d985894f4f98fa,ARI,SF,recs,Kendrick Bourne,over,4.5,430
2026-09-26T22:21:35.497153+00:00,9d2b09e0f9b6dd5ce0d985894f4f98fa,ARI,SF,recs,Kendrick Bourne,over,5.5,880
2026-09-26T22:21:35.497153+00:00,9d2b09e0f9b6dd5ce0d985894f4f98fa,ARI,SF,recs,George Kittle,over,2.5,-470
2026-09-26T22:21:35.497153+00:00,9d2b09e0f9b6dd5ce0d985894f4f98fa,ARI,SF,recs,George Kittle,over,3.5,-188
2026-09-26T22:21:35.497153+00:00,9d2b09e0f9b6dd5ce0d985894f4f98fa,ARI,SF,recs,George Kittle,over,4.5,116
2026-09-26T22:21:35.497153+00:00,9d2b09e0f9b6dd5ce0d985894f4f98fa,ARI,SF,recs,George Kittle,over,5.5,225
2026-09-26T22:21:35.497153+00:00,9d2b09e0f9b6dd5ce0d985894f4f98fa,ARI,SF,recs,George Kittle,over,6.5,400
2026-09-26T22:21:35.497153+00:00,9d2b09e0f9b6dd5ce0d985894f4f98fa,ARI,SF,recs,George Kittle,over,7.5,700
2026-09-26T22:21:35.497153+00:00,9d2b09e0f9b6dd5ce0d985894f4f98fa,ARI,SF,recs,George Kittle,over,8.5,1200
2026-09-26T22:21:35.497153+00:00,f1724dead3eab61546033032fc782375,MIN,TB,passyds,Kyler Murray,over,124.5,-1450
2026-09-26T22:21:35.497153+00:00,f1724dead3eab61546033032fc782375,MIN,TB,passyds,Kyler Murray,over,149.5,-600
2026-09-26T22:21:35.497153+00:00,f1724dead3eab61546033032fc782375,MIN,TB,passyds,Kyler Murray,over,174.5,-290
2026-09-26T22:21:35.497153+00:00,f1724dead3eab61546033032fc782375,MIN,TB,passyds,Kyler Murray,over,199.5,-152
2026-09-26T22:21:35.497153+00:00,f1724dead3eab61546033032fc782375,MIN,TB,passyds,Kyler Murray,over,224.5,126
2026-09-26T22:21:35.497153+00:00,f1724dead3eab61546033032fc782375,MIN,TB,passyds,Kyler Murray,over,249.5,225
2026-09-26T22:21:35.497153+00:00,f1724dead3eab61546033032fc782375,MIN,TB,passyds,Kyler Murray,over,274.5,400
2026-09-26T22:21:35.497153+00:00,f1724dead3eab61546033032fc782375,MIN,TB,passyds,Kyler Murray,over,299.5,680
2026-09-26T22:21:35.497153+00:00,f1724dead3eab61546033032fc782375,MIN,TB,passyds,Kyler Murray,over,324.5,1100
2026-09-26T22:21:35.497153+00:00,f1724dead3eab61546033032fc782375,MIN,TB,passyds,Kyler Murray,over,349.5,1700
2026-09-26T22:21:35.497153+00:00,f1724dead3eab61546033032fc782375,MIN,TB,passyds,Baker Mayfield,over,149.5,-750
2026-09-26T22:21:35.497153+00:00,f1724dead3eab61546033032fc782375,MIN,TB,passyds,Baker Mayfield,over,174.5,-350
2026-09-26T22:21:35.497153+00:00,f1724dead3eab61546033032fc782375,MIN,TB,passyds,Baker Mayfield,over,199.5,-180
2026-09-26T22:21:35.497153+00:00,f1724dead3eab61546033032fc782375,MIN,TB,passyds,Baker Mayfield,over,224.5,106
2026-09-26T22:21:35.497153+00:00,f1724dead3eab61546033032fc782375,MIN,TB,passyds,Baker Mayfield,over,249.5,194
2026-09-26T22:21:35.497153+00:00,f1724dead3eab61546033032fc782375,MIN,TB,passyds,Baker Mayfield,over,274.5,320
2026-09-26T22:21:35.497153+00:00,f1724dead3eab61546033032fc782375,MIN,TB,passyds,Baker Mayfield,over,299.5,580
2026-09-26T22:21:35.497153+00:00,f1724dead3eab61546033032fc782375,MIN,TB,passyds,Baker Mayfield,over,324.5,920
2026-09-26T22:21:35.497153+00:00,f1724dead3eab61546033032fc782375,MIN,TB,passyds,Baker Mayfield,over,349.5,1500
2026-09-26T22:21:35.497153+00:00,f1724dead3eab61546033032fc782375,MIN,TB,rushyds,Aaron Jones,over,19.5,-1800
2026-09-26T22:21:35.497153+00:00,f1724dead3eab61546033032fc782375,MIN,TB,rushyds,Aaron Jones,over,24.5,-850
2026-09-26T22:21:35.497153+00:00,f1724dead3eab61546033032fc782375,MIN,TB,rushyds,Aaron Jones,over,29.5,-490
2026-09-26T22:21:35.497153+00:00,f1724dead3eab61546033032fc782375,MIN,TB,rushyds,Aaron Jones,over,39.5,-230
2026-09-26T22:21:35.497153+00:00,f1724dead3eab61546033032fc782375,MIN,TB,rushyds,Aaron Jones,over,49.5,-122
2026-09-26T22:21:35.497153+00:00,f1724dead3eab61546033032fc782375,MIN,TB,rushyds,Aaron Jones,over,59.5,144
2026-09-26T22:21:35.497153+00:00,f1724dead3eab61546033032fc782375,MIN,TB,rushyds,Aaron Jones,over,69.5,225
2026-09-26T22:21:35.497153+00:00,f1724dead3eab61546033032fc782375,MIN,TB,rushyds,Aaron Jones,over,79.5,320
2026-09-26T22:21:35.497153+00:00,f1724dead3eab61546033032fc782375,MIN,TB,rushyds,Aaron Jones,over,89.5,490
2026-09-26T22:21:35.497153+00:00,f1724dead3eab61546033032fc782375,MIN,TB,rushyds,Aaron Jones,over,99.5,680
2026-09-26T22:21:35.497153+00:00,f1724dead3eab61546033032fc782375,MIN,TB,rushyds,Aaron Jones,over,109.5,920
2026-09-26T22:21:35.497153+00:00,f1724dead3eab61546033032fc782375,MIN,TB,rushyds,Aaron Jones,over,124.5,1400
2026-09-26T22:21:35.497153+00:00,f1724dead3eab61546033032fc782375,MIN,TB,rushyds,Kyler Murray,over,4.5,-1450
2026-09-26T22:21:35.497153+00:00,f1724dead3eab61546033032fc782375,MIN,TB,rushyds,Kyler Murray,over,9.5,-470
2026-09-26T22:21:35.497153+00:00,f1724dead3eab61546033032fc782375,MIN,TB,rushyds,Kyler Murray,over,14.5,-230
2026-09-26T22:21:35.497153+00:00,f1724dead3eab61546033032fc782375,MIN,TB,rushyds,Kyler Murray,over,19.5,-130
2026-09-26T22:21:35.497153+00:00,f1724dead3eab61546033032fc782375,MIN,TB,rushyds,Kyler Murray,over,24.5,130
2026-09-26T22:21:35.497153+00:00,f1724dead3eab61546033032fc782375,MIN,TB,rushyds,Kyler Murray,over,29.5,198
2026-09-26T22:21:35.497153+00:00,f1724dead3eab61546033032fc782375,MIN,TB,rushyds,Kyler Murray,over,39.5,410
2026-09-26T22:21:35.497153+00:00,f1724dead3eab61546033032fc782375,MIN,TB,rushyds,Kyler Murray,over,49.5,800
2026-09-26T22:21:35.497153+00:00,f1724dead3eab61546033032fc782375,MIN,TB,rushyds,Kyler Murray,over,59.5,1280
2026-09-26T22:21:35.497153+00:00,f1724dead3eab61546033032fc782375,MIN,TB,rushyds,Baker Mayfield,over,4.5,-850
2026-09-26T22:21:35.497153+00:00,f1724dead3eab61546033032fc782375,MIN,TB,rushyds,Baker Mayfield,over,9.5,-300
2026-09-26T22:21:35.497153+00:00,f1724dead3eab61546033032fc782375,MIN,TB,rushyds,Baker Mayfield,over,14.5,-146
2026-09-26T22:21:35.497153+00:00,f1724dead3eab61546033032fc782375,MIN,TB,rushyds,Baker Mayfield,over,19.5,122
2026-09-26T22:21:35.497153+00:00,f1724dead3eab61546033032fc782375,MIN,TB,rushyds,Baker Mayfield,over,24.5,198
2026-09-26T22:21:35.497153+00:00,f1724dead3eab61546033032fc782375,MIN,TB,rushyds,Baker Mayfield,over,29.5,300
2026-09-26T22:21:35.497153+00:00,f1724dead3eab61546033032fc782375,MIN,TB,rushyds,Baker Mayfield,over,39.5,640
2026-09-26T22:21:35.497153+00:00,f1724dead3eab61546033032fc782375,MIN,TB,rushyds,Bucky Irving,over,24.5,-1450
2026-09-26T22:21:35.497153+00:00,f1724dead3eab61546033032fc782375,MIN,TB,rushyds,Bucky Irving,over,29.5,-800
2026-09-26T22:21:35.497153+00:00,f1724dead3eab61546033032fc782375,MIN,TB,rushyds,Bucky Irving,over,39.5,-330
2026-09-26T22:21:35.497153+00:00,f1724dead3eab61546033032fc782375,MIN,TB,rushyds,Bucky Irving,over,49.5,-180
2026-09-26T22:21:35.497153+00:00,f1724dead3eab61546033032fc782375,MIN,TB,rushyds,Bucky Irving,over,59.5,-102
2026-09-26T22:21:35.497153+00:00,f1724dead3eab61546033032fc782375,MIN,TB,rushyds,Bucky Irving,over,69.5,158
2026-09-26T22:21:35.497153+00:00,f1724dead3eab61546033032fc782375,MIN,TB,rushyds,Bucky Irving,over,79.5,235
2026-09-26T22:21:35.497153+00:00,f1724dead3eab61546033032fc782375,MIN,TB,rushyds,Bucky Irving,over,89.5,360
2026-09-26T22:21:35.497153+00:00,f1724dead3eab61546033032fc782375,MIN,TB,rushyds,Bucky Irving,over,99.5,520
2026-09-26T22:21:35.497153+00:00,f1724dead3eab61546033032fc782375,MIN,TB,rushyds,Bucky Irving,over,109.5,750
2026-09-26T22:21:35.497153+00:00,f1724dead3eab61546033032fc782375,MIN,TB,rushyds,Bucky Irving,over,124.5,1200
2026-09-26T22:21:35.497153+00:00,f1724dead3eab61546033032fc782375,MIN,TB,rushyds,Kenny Gainwell,over,4.5,-1000
2026-09-26T22:21:35.497153+00:00,f1724dead3eab61546033032fc782375,MIN,TB,rushyds,Kenny Gainwell,over,9.5,-340
2026-09-26T22:21:35.497153+00:00,f1724dead3eab61546033032fc782375,MIN,TB,rushyds,Kenny Gainwell,over,14.5,-180
2026-09-26T22:21:35.497153+00:00,f1724dead3eab61546033032fc782375,MIN,TB,rushyds,Kenny Gainwell,over,19.5,-102
2026-09-26T22:21:35.497153+00:00,f1724dead3eab61546033032fc782375,MIN,TB,rushyds,Kenny Gainwell,over,24.5,152
2026-09-26T22:21:35.497153+00:00,f1724dead3eab61546033032fc782375,MIN,TB,rushyds,Kenny Gainwell,over,29.5,225
2026-09-26T22:21:35.497153+00:00,f1724dead3eab61546033032fc782375,MIN,TB,rushyds,Kenny Gainwell,over,39.5,430
2026-09-26T22:21:35.497153+00:00,f1724dead3eab61546033032fc782375,MIN,TB,rushyds,Kenny Gainwell,over,49.5,750
2026-09-26T22:21:35.497153+00:00,f1724dead3eab61546033032fc782375,MIN,TB,recyds,T.J. Hockenson,over,9.5,-1000
2026-09-26T22:21:35.497153+00:00,f1724dead3eab61546033032fc782375,MIN,TB,recyds,T.J. Hockenson,over,14.5,-470
2026-09-26T22:21:35.497153+00:00,f1724dead3eab61546033032fc782375,MIN,TB,recyds,T.J. Hockenson,over,19.5,-280
2026-09-26T22:21:35.497153+00:00,f1724dead3eab61546033032fc782375,MIN,TB,recyds,T.J. Hockenson,over,24.5,-182
2026-09-26T22:21:35.497153+00:00,f1724dead3eab61546033032fc782375,MIN,TB,recyds,T.J. Hockenson,over,29.5,-125
2026-09-26T22:21:35.497153+00:00,f1724dead3eab61546033032fc782375,MIN,TB,recyds,T.J. Hockenson,over,39.5,162
2026-09-26T22:21:35.497153+00:00,f1724dead3eab61546033032fc782375,MIN,TB,recyds,T.J. Hockenson,over,49.5,280
2026-09-26T22:21:35.497153+00:00,f1724dead3eab61546033032fc782375,MIN,TB,recyds,T.J. Hockenson,over,59.5,490
2026-09-26T22:21:35.497153+00:00,f1724dead3eab61546033032fc782375,MIN,TB,recyds,T.J. Hockenson,over,69.5,750
2026-09-26T22:21:35.497153+00:00,f1724dead3eab61546033032fc782375,MIN,TB,recyds,T.J. Hockenson,over,79.5,1200
2026-09-26T22:21:35.497153+00:00,f1724dead3eab61546033032fc782375,MIN,TB,recyds,T.J. Hockenson,over,89.5,1700
2026-09-26T22:21:35.497153+00:00,f1724dead3eab61546033032fc782375,MIN,TB,recyds,Cade Otton,over,9.5,-700
2026-09-26T22:21:35.497153+00:00,f1724dead3eab61546033032fc782375,MIN,TB,recyds,Cade Otton,over,14.5,-360
2026-09-26T22:21:35.497153+00:00,f1724dead3eab61546033032fc782375,MIN,TB,recyds,Cade Otton,over,19.5,-230
2026-09-26T22:21:35.497153+00:00,f1724dead3eab61546033032fc782375,MIN,TB,recyds,Cade Otton,over,24.5,-144
2026-09-26T22:21:35.497153+00:00,f1724dead3eab61546033032fc782375,MIN,TB,recyds,Cade Otton,over,29.5,100
2026-09-26T22:21:35.497153+00:00,f1724dead3eab61546033032fc782375,MIN,TB,recyds,Cade Otton,over,39.5,194
2026-09-26T22:21:35.497153+00:00,f1724dead3eab61546033032fc782375,MIN,TB,recyds,Cade Otton,over,49.5,320
2026-09-26T22:21:35.497153+00:00,f1724dead3eab61546033032fc782375,MIN,TB,recyds,Cade Otton,over,59.5,580
2026-09-26T22:21:35.497153+00:00,f1724dead3eab61546033032fc782375,MIN,TB,recyds,Cade Otton,over,69.5,880
2026-09-26T22:21:35.497153+00:00,f1724dead3eab61546033032fc782375,MIN,TB,recyds,Cade Otton,over,79.5,1280
2026-09-26T22:21:35.497153+00:00,f1724dead3eab61546033032fc782375,MIN,TB,recyds,Chris Godwin,over,9.5,-1100
2026-09-26T22:21:35.497153+00:00,f1724dead3eab61546033032fc782375,MIN,TB,recyds,Chris Godwin,over,14.5,-580
2026-09-26T22:21:35.497153+00:00,f1724dead3eab61546033032fc782375,MIN,TB,recyds,Chris Godwin,over,19.5,-350
2026-09-26T22:21:35.497153+00:00,f1724dead3eab61546033032fc782375,MIN,TB,recyds,Chris Godwin,over,24.5,-240
2026-09-26T22:21:35.497153+00:00,f1724dead3eab61546033032fc782375,MIN,TB,recyds,Chris Godwin,over,29.5,-166
2026-09-26T22:21:35.497153+00:00,f1724dead3eab61546033032fc782375,MIN,TB,recyds,Chris Godwin,over,39.5,112
2026-09-26T22:21:35.497153+00:00,f1724dead3eab61546033032fc782375,MIN,TB,recyds,Chris Godwin,over,49.5,188
2026-09-26T22:21:35.497153+00:00,f1724dead3eab61546033032fc782375,MIN,TB,recyds,Chris Godwin,over,59.5,290
2026-09-26T22:21:35.497153+00:00,f1724dead3eab61546033032fc782375,MIN,TB,recyds,Chris Godwin,over,69.5,430
2026-09-26T22:21:35.497153+00:00,f1724dead3eab61546033032fc782375,MIN,TB,recyds,Chris Godwin,over,79.5,640
2026-09-26T22:21:35.497153+00:00,f1724dead3eab61546033032fc782375,MIN,TB,recyds,Chris Godwin,over,89.5,880
2026-09-26T22:21:35.497153+00:00,f1724dead3eab61546033032fc782375,MIN,TB,recyds,Chris Godwin,over,99.5,1200
2026-09-26T22:21:35.497153+00:00,f1724dead3eab61546033032fc782375,MIN,TB,recyds,Chris Godwin,over,109.5,1500
2026-09-26T22:21:35.497153+00:00,f1724dead3eab61546033032fc782375,MIN,TB,recyds,Kenny Gainwell,over,4.5,-260
2026-09-26T22:21:35.497153+00:00,f1724dead3eab61546033032fc782375,MIN,TB,recyds,Kenny Gainwell,over,9.5,-114
2026-09-26T22:21:35.497153+00:00,f1724dead3eab61546033032fc782375,MIN,TB,recyds,Kenny Gainwell,over,14.5,164
2026-09-26T22:21:35.497153+00:00,f1724dead3eab61546033032fc782375,MIN,TB,recyds,Kenny Gainwell,over,19.5,265
2026-09-26T22:21:35.497153+00:00,f1724dead3eab61546033032fc782375,MIN,TB,recyds,Kenny Gainwell,over,24.5,390
2026-09-26T22:21:35.497153+00:00,f1724dead3eab61546033032fc782375,MIN,TB,recyds,Kenny Gainwell,over,29.5,580
2026-09-26T22:21:35.497153+00:00,f1724dead3eab61546033032fc782375,MIN,TB,recyds,Kenny Gainwell,over,39.5,920
2026-09-26T22:21:35.497153+00:00,f1724dead3eab61546033032fc782375,MIN,TB,recyds,Jalen McMillan,over,4.5,-280
2026-09-26T22:21:35.497153+00:00,f1724dead3eab61546033032fc782375,MIN,TB,recyds,Jalen McMillan,over,9.5,-178
2026-09-26T22:21:35.497153+00:00,f1724dead3eab61546033032fc782375,MIN,TB,recyds,Jalen McMillan,over,14.5,-114
2026-09-26T22:21:35.497153+00:00,f1724dead3eab61546033032fc782375,MIN,TB,recyds,Jalen McMillan,over,19.5,124
2026-09-26T22:21:35.497153+00:00,f1724dead3eab61546033032fc782375,MIN,TB,recyds,Jalen McMillan,over,24.5,168
2026-09-26T22:21:35.497153+00:00,f1724dead3eab61546033032fc782375,MIN,TB,recyds,Jalen McMillan,over,29.5,220
2026-09-26T22:21:35.497153+00:00,f1724dead3eab61546033032fc782375,MIN,TB,recyds,Jalen McMillan,over,39.5,350
2026-09-26T22:21:35.497153+00:00,f1724dead3eab61546033032fc782375,MIN,TB,recyds,Jalen McMillan,over,49.5,520
2026-09-26T22:21:35.497153+00:00,f1724dead3eab61546033032fc782375,MIN,TB,recyds,Jalen McMillan,over,59.5,750
2026-09-26T22:21:35.497153+00:00,f1724dead3eab61546033032fc782375,MIN,TB,recyds,Jalen McMillan,over,69.5,920
2026-09-26T22:21:35.497153+00:00,f1724dead3eab61546033032fc782375,MIN,TB,recyds,Jauan Jennings,over,4.5,-340
2026-09-26T22:21:35.497153+00:00,f1724dead3eab61546033032fc782375,MIN,TB,recyds,Jauan Jennings,over,9.5,-188
2026-09-26T22:21:35.497153+00:00,f1724dead3eab61546033032fc782375,MIN,TB,recyds,Jauan Jennings,over,14.5,-114
2026-09-26T22:21:35.497153+00:00,f1724dead3eab61546033032fc782375,MIN,TB,recyds,Jauan Jennings,over,19.5,132
2026-09-26T22:21:35.497153+00:00,f1724dead3eab61546033032fc782375,MIN,TB,recyds,Jauan Jennings,over,24.5,182
2026-09-26T22:21:35.497153+00:00,f1724dead3eab61546033032fc782375,MIN,TB,recyds,Jauan Jennings,over,29.5,250
2026-09-26T22:21:35.497153+00:00,f1724dead3eab61546033032fc782375,MIN,TB,recyds,Jauan Jennings,over,39.5,410
2026-09-26T22:21:35.497153+00:00,f1724dead3eab61546033032fc782375,MIN,TB,recyds,Jauan Jennings,over,49.5,680
2026-09-26T22:21:35.497153+00:00,f1724dead3eab61546033032fc782375,MIN,TB,recyds,Jauan Jennings,over,59.5,920
2026-09-26T22:21:35.497153+00:00,f1724dead3eab61546033032fc782375,MIN,TB,recyds,Aaron Jones,over,4.5,-330
2026-09-26T22:21:35.497153+00:00,f1724dead3eab61546033032fc782375,MIN,TB,recyds,Aaron Jones,over,9.5,-160
2026-09-26T22:21:35.497153+00:00,f1724dead3eab61546033032fc782375,MIN,TB,recyds,Aaron Jones,over,14.5,106
2026-09-26T22:21:35.497153+00:00,f1724dead3eab61546033032fc782375,MIN,TB,recyds,Aaron Jones,over,19.5,168
2026-09-26T22:21:35.497153+00:00,f1724dead3eab61546033032fc782375,MIN,TB,recyds,Aaron Jones,over,24.5,235
2026-09-26T22:21:35.497153+00:00,f1724dead3eab61546033032fc782375,MIN,TB,recyds,Aaron Jones,over,29.5,320
2026-09-26T22:21:35.497153+00:00,f1724dead3eab61546033032fc782375,MIN,TB,recyds,Aaron Jones,over,39.5,630
2026-09-26T22:21:35.497153+00:00,f1724dead3eab61546033032fc782375,MIN,TB,recyds,Aaron Jones,over,49.5,920
2026-09-26T22:21:35.497153+00:00,f1724dead3eab61546033032fc782375,MIN,TB,recyds,Jordan Addison,over,9.5,-1200
2026-09-26T22:21:35.497153+00:00,f1724dead3eab61546033032fc782375,MIN,TB,recyds,Jordan Addison,over,14.5,-600
2026-09-26T22:21:35.497153+00:00,f1724dead3eab61546033032fc782375,MIN,TB,recyds,Jordan Addison,over,19.5,-380
2026-09-26T22:21:35.497153+00:00,f1724dead3eab61546033032fc782375,MIN,TB,recyds,Jordan Addison,over,24.5,-250
2026-09-26T22:21:35.497153+00:00,f1724dead3eab61546033032fc782375,MIN,TB,recyds,Jordan Addison,over,29.5,-174
2026-09-26T22:21:35.497153+00:00,f1724dead3eab61546033032fc782375,MIN,TB,recyds,Jordan Addison,over,39.5,102
2026-09-26T22:21:35.497153+00:00,f1724dead3eab61546033032fc782375,MIN,TB,recyds,Jordan Addison,over,49.5,172
2026-09-26T22:21:35.497153+00:00,f1724dead3eab61546033032fc782375,MIN,TB,recyds,Jordan Addison,over,59.5,265
2026-09-26T22:21:35.497153+00:00,f1724dead3eab61546033032fc782375,MIN,TB,recyds,Jordan Addison,over,69.5,390
2026-09-26T22:21:35.497153+00:00,f1724dead3eab61546033032fc782375,MIN,TB,recyds,Jordan Addison,over,79.5,580
2026-09-26T22:21:35.497153+00:00,f1724dead3eab61546033032fc782375,MIN,TB,recyds,Jordan Addison,over,89.5,800
2026-09-26T22:21:35.497153+00:00,f1724dead3eab61546033032fc782375,MIN,TB,recyds,Jordan Addison,over,99.5,1100
2026-09-26T22:21:35.497153+00:00,f1724dead3eab61546033032fc782375,MIN,TB,recyds,Jordan Addison,over,109.5,1400
2026-09-26T22:21:35.497153+00:00,f1724dead3eab61546033032fc782375,MIN,TB,recyds,Justin Jefferson,over,29.5,-1400
2026-09-26T22:21:35.497153+00:00,f1724dead3eab61546033032fc782375,MIN,TB,recyds,Justin Jefferson,over,39.5,-580
2026-09-26T22:21:35.497153+00:00,f1724dead3eab61546033032fc782375,MIN,TB,recyds,Justin Jefferson,over,49.5,-310
2026-09-26T22:21:35.497153+00:00,f1724dead3eab61546033032fc782375,MIN,TB,recyds,Justin Jefferson,over,59.5,-198
2026-09-26T22:21:35.497153+00:00,f1724dead3eab61546033032fc782375,MIN,TB,recyds,Justin Jefferson,over,69.5,-125
2026-09-26T22:21:35.497153+00:00,f1724dead3eab61546033032fc782375,MIN,TB,recyds,Justin Jefferson,over,79.5,120
2026-09-26T22:21:35.497153+00:00,f1724dead3eab61546033032fc782375,MIN,TB,recyds,Justin Jefferson,over,89.5,178
2026-09-26T22:21:35.497153+00:00,f1724dead3eab61546033032fc782375,MIN,TB,recyds,Justin Jefferson,over,99.5,240
2026-09-26T22:21:35.497153+00:00,f1724dead3eab61546033032fc782375,MIN,TB,recyds,Justin Jefferson,over,109.5,350
2026-09-26T22:21:35.497153+00:00,f1724dead3eab61546033032fc782375,MIN,TB,recyds,Justin Jefferson,over,124.5,550
2026-09-26T22:21:35.497153+00:00,f1724dead3eab61546033032fc782375,MIN,TB,recyds,Justin Jefferson,over,149.5,1100
2026-09-26T22:21:35.497153+00:00,f1724dead3eab61546033032fc782375,MIN,TB,recyds,Ted Hurst III,over,4.5,-800
2026-09-26T22:21:35.497153+00:00,f1724dead3eab61546033032fc782375,MIN,TB,recyds,Ted Hurst III,over,9.5,-420
2026-09-26T22:21:35.497153+00:00,f1724dead3eab61546033032fc782375,MIN,TB,recyds,Ted Hurst III,over,14.5,-250
2026-09-26T22:21:35.497153+00:00,f1724dead3eab61546033032fc782375,MIN,TB,recyds,Ted Hurst III,over,19.5,-162
2026-09-26T22:21:35.497153+00:00,f1724dead3eab61546033032fc782375,MIN,TB,recyds,Ted Hurst III,over,24.5,-114
2026-09-26T22:21:35.497153+00:00,f1724dead3eab61546033032fc782375,MIN,TB,recyds,Ted Hurst III,over,29.5,120
2026-09-26T22:21:35.497153+00:00,f1724dead3eab61546033032fc782375,MIN,TB,recyds,Ted Hurst III,over,39.5,210
2026-09-26T22:21:35.497153+00:00,f1724dead3eab61546033032fc782375,MIN,TB,recyds,Ted Hurst III,over,49.5,320
2026-09-26T22:21:35.497153+00:00,f1724dead3eab61546033032fc782375,MIN,TB,recyds,Ted Hurst III,over,59.5,520
2026-09-26T22:21:35.497153+00:00,f1724dead3eab61546033032fc782375,MIN,TB,recyds,Ted Hurst III,over,69.5,750
2026-09-26T22:21:35.497153+00:00,f1724dead3eab61546033032fc782375,MIN,TB,recyds,Ted Hurst III,over,79.5,1000
2026-09-26T22:21:35.497153+00:00,f1724dead3eab61546033032fc782375,MIN,TB,recyds,Ted Hurst III,over,89.5,1400
2026-09-26T22:21:35.497153+00:00,f1724dead3eab61546033032fc782375,MIN,TB,recyds,Josh Oliver,over,4.5,-280
2026-09-26T22:21:35.497153+00:00,f1724dead3eab61546033032fc782375,MIN,TB,recyds,Josh Oliver,over,9.5,-144
2026-09-26T22:21:35.497153+00:00,f1724dead3eab61546033032fc782375,MIN,TB,recyds,Josh Oliver,over,14.5,118
2026-09-26T22:21:35.497153+00:00,f1724dead3eab61546033032fc782375,MIN,TB,recyds,Josh Oliver,over,19.5,182
2026-09-26T22:21:35.497153+00:00,f1724dead3eab61546033032fc782375,MIN,TB,recyds,Josh Oliver,over,24.5,270
2026-09-26T22:21:35.497153+00:00,f1724dead3eab61546033032fc782375,MIN,TB,recyds,Josh Oliver,over,29.5,390
2026-09-26T22:21:35.497153+00:00,f1724dead3eab61546033032fc782375,MIN,TB,recyds,Josh Oliver,over,39.5,750
2026-09-26T22:21:35.497153+00:00,f1724dead3eab61546033032fc782375,MIN,TB,recyds,Emeka Egbuka,over,14.5,-1450
2026-09-26T22:21:35.497153+00:00,f1724dead3eab61546033032fc782375,MIN,TB,recyds,Emeka Egbuka,over,19.5,-800
2026-09-26T22:21:35.497153+00:00,f1724dead3eab61546033032fc782375,MIN,TB,recyds,Emeka Egbuka,over,24.5,-500
2026-09-26T22:21:35.497153+00:00,f1724dead3eab61546033032fc782375,MIN,TB,recyds,Emeka Egbuka,over,29.5,-350
2026-09-26T22:21:35.497153+00:00,f1724dead3eab61546033032fc782375,MIN,TB,recyds,Emeka Egbuka,over,39.5,-188
2026-09-26T22:21:35.497153+00:00,f1724dead3eab61546033032fc782375,MIN,TB,recyds,Emeka Egbuka,over,49.5,-108
2026-09-26T22:21:35.497153+00:00,f1724dead3eab61546033032fc782375,MIN,TB,recyds,Emeka Egbuka,over,59.5,148
2026-09-26T22:21:35.497153+00:00,f1724dead3eab61546033032fc782375,MIN,TB,recyds,Emeka Egbuka,over,69.5,225
2026-09-26T22:21:35.497153+00:00,f1724dead3eab61546033032fc782375,MIN,TB,recyds,Emeka Egbuka,over,79.5,320
2026-09-26T22:21:35.497153+00:00,f1724dead3eab61546033032fc782375,MIN,TB,recyds,Emeka Egbuka,over,89.5,470
2026-09-26T22:21:35.497153+00:00,f1724dead3eab61546033032fc782375,MIN,TB,recyds,Emeka Egbuka,over,99.5,640
2026-09-26T22:21:35.497153+00:00,f1724dead3eab61546033032fc782375,MIN,TB,recyds,Emeka Egbuka,over,109.5,880
2026-09-26T22:21:35.497153+00:00,f1724dead3eab61546033032fc782375,MIN,TB,recyds,Emeka Egbuka,over,124.5,1280
2026-09-26T22:21:35.497153+00:00,f1724dead3eab61546033032fc782375,MIN,TB,recyds,Bucky Irving,over,4.5,-550
2026-09-26T22:21:35.497153+00:00,f1724dead3eab61546033032fc782375,MIN,TB,recyds,Bucky Irving,over,9.5,-240
2026-09-26T22:21:35.497153+00:00,f1724dead3eab61546033032fc782375,MIN,TB,recyds,Bucky Irving,over,14.5,-130
2026-09-26T22:21:35.497153+00:00,f1724dead3eab61546033032fc782375,MIN,TB,recyds,Bucky Irving,over,19.5,130
2026-09-26T22:21:35.497153+00:00,f1724dead3eab61546033032fc782375,MIN,TB,recyds,Bucky Irving,over,24.5,194
2026-09-26T22:21:35.497153+00:00,f1724dead3eab61546033032fc782375,MIN,TB,recyds,Bucky Irving,over,29.5,280
2026-09-26T22:21:35.497153+00:00,f1724dead3eab61546033032fc782375,MIN,TB,recyds,Bucky Irving,over,39.5,550
2026-09-26T22:21:35.497153+00:00,f1724dead3eab61546033032fc782375,MIN,TB,recyds,Bucky Irving,over,49.5,880
2026-09-26T22:21:35.497153+00:00,f1724dead3eab61546033032fc782375,MIN,TB,recs,Bucky Irving,over,1.5,-400
2026-09-26T22:21:35.497153+00:00,f1724dead3eab61546033032fc782375,MIN,TB,recs,Bucky Irving,over,2.5,-130
2026-09-26T22:21:35.497153+00:00,f1724dead3eab61546033032fc782375,MIN,TB,recs,Bucky Irving,over,3.5,182
2026-09-26T22:21:35.497153+00:00,f1724dead3eab61546033032fc782375,MIN,TB,recs,Bucky Irving,over,4.5,370
2026-09-26T22:21:35.497153+00:00,f1724dead3eab61546033032fc782375,MIN,TB,recs,Bucky Irving,over,5.5,700
2026-09-26T22:21:35.497153+00:00,f1724dead3eab61546033032fc782375,MIN,TB,recs,Jauan Jennings,over,0.5,-490
2026-09-26T22:21:35.497153+00:00,f1724dead3eab61546033032fc782375,MIN,TB,recs,Jauan Jennings,over,1.5,-102
2026-09-26T22:21:35.497153+00:00,f1724dead3eab61546033032fc782375,MIN,TB,recs,Jauan Jennings,over,2.5,290
2026-09-26T22:21:35.497153+00:00,f1724dead3eab61546033032fc782375,MIN,TB,recs,Jauan Jennings,over,3.5,680
2026-09-26T22:21:35.497153+00:00,f1724dead3eab61546033032fc782375,MIN,TB,recs,Kenny Gainwell,over,0.5,-800
2026-09-26T22:21:35.497153+00:00,f1724dead3eab61546033032fc782375,MIN,TB,recs,Kenny Gainwell,over,1.5,-162
2026-09-26T22:21:35.497153+00:00,f1724dead3eab61546033032fc782375,MIN,TB,recs,Kenny Gainwell,over,2.5,182
2026-09-26T22:21:35.497153+00:00,f1724dead3eab61546033032fc782375,MIN,TB,recs,Kenny Gainwell,over,3.5,410
2026-09-26T22:21:35.497153+00:00,f1724dead3eab61546033032fc782375,MIN,TB,recs,Kenny Gainwell,over,4.5,880
2026-09-26T22:21:35.497153+00:00,f1724dead3eab61546033032fc782375,MIN,TB,recs,Josh Oliver,over,0.5,-450
2026-09-26T22:21:35.497153+00:00,f1724dead3eab61546033032fc782375,MIN,TB,recs,Josh Oliver,over,1.5,108
2026-09-26T22:21:35.497153+00:00,f1724dead3eab61546033032fc782375,MIN,TB,recs,Josh Oliver,over,2.5,320
2026-09-26T22:21:35.497153+00:00,f1724dead3eab61546033032fc782375,MIN,TB,recs,Josh Oliver,over,3.5,850
2026-09-26T22:21:35.497153+00:00,f1724dead3eab61546033032fc782375,MIN,TB,recs,Cade Otton,over,1.5,-600
2026-09-26T22:21:35.497153+00:00,f1724dead3eab61546033032fc782375,MIN,TB,recs,Cade Otton,over,2.5,-192
2026-09-26T22:21:35.497153+00:00,f1724dead3eab61546033032fc782375,MIN,TB,recs,Cade Otton,over,3.5,130
2026-09-26T22:21:35.497153+00:00,f1724dead3eab61546033032fc782375,MIN,TB,recs,Cade Otton,over,4.5,270
2026-09-26T22:21:35.497153+00:00,f1724dead3eab61546033032fc782375,MIN,TB,recs,Cade Otton,over,5.5,550
2026-09-26T22:21:35.497153+00:00,f1724dead3eab61546033032fc782375,MIN,TB,recs,Cade Otton,over,6.5,920
2026-09-26T22:21:35.497153+00:00,f1724dead3eab61546033032fc782375,MIN,TB,recs,Cade Otton,over,7.5,1500
2026-09-26T22:21:35.497153+00:00,f1724dead3eab61546033032fc782375,MIN,TB,recs,Jalen McMillan,over,0.5,-350
2026-09-26T22:21:35.497153+00:00,f1724dead3eab61546033032fc782375,MIN,TB,recs,Jalen McMillan,over,1.5,118
2026-09-26T22:21:35.497153+00:00,f1724dead3eab61546033032fc782375,MIN,TB,recs,Jalen McMillan,over,2.5,310
2026-09-26T22:21:35.497153+00:00,f1724dead3eab61546033032fc782375,MIN,TB,recs,Jalen McMillan,over,3.5,640
2026-09-26T22:21:35.497153+00:00,f1724dead3eab61546033032fc782375,MIN,TB,recs,Justin Jefferson,over,3.5,-700
2026-09-26T22:21:35.497153+00:00,f1724dead3eab61546033032fc782375,MIN,TB,recs,Justin Jefferson,over,4.5,-280
2026-09-26T22:21:35.497153+00:00,f1724dead3eab61546033032fc782375,MIN,TB,recs,Justin Jefferson,over,5.5,-140
2026-09-26T22:21:35.497153+00:00,f1724dead3eab61546033032fc782375,MIN,TB,recs,Justin Jefferson,over,6.5,138
2026-09-26T22:21:35.497153+00:00,f1724dead3eab61546033032fc782375,MIN,TB,recs,Justin Jefferson,over,7.5,235
2026-09-26T22:21:35.497153+00:00,f1724dead3eab61546033032fc782375,MIN,TB,recs,Justin Jefferson,over,8.5,410
2026-09-26T22:21:35.497153+00:00,f1724dead3eab61546033032fc782375,MIN,TB,recs,Justin Jefferson,over,9.5,640
2026-09-26T22:21:35.497153+00:00,f1724dead3eab61546033032fc782375,MIN,TB,recs,Justin Jefferson,over,10.5,1000
2026-09-26T22:21:35.497153+00:00,f1724dead3eab61546033032fc782375,MIN,TB,recs,Justin Jefferson,over,11.5,1500
2026-09-26T22:21:35.497153+00:00,f1724dead3eab61546033032fc782375,MIN,TB,recs,Aaron Jones,over,0.5,-700
2026-09-26T22:21:35.497153+00:00,f1724dead3eab61546033032fc782375,MIN,TB,recs,Aaron Jones,over,1.5,-166
2026-09-26T22:21:35.497153+00:00,f1724dead3eab61546033032fc782375,MIN,TB,recs,Aaron Jones,over,2.5,162
2026-09-26T22:21:35.497153+00:00,f1724dead3eab61546033032fc782375,MIN,TB,recs,Aaron Jones,over,3.5,320
2026-09-26T22:21:35.497153+00:00,f1724dead3eab61546033032fc782375,MIN,TB,recs,Aaron Jones,over,4.5,640
2026-09-26T22:21:35.497153+00:00,f1724dead3eab61546033032fc782375,MIN,TB,recs,Jordan Addison,over,1.5,-670
2026-09-26T22:21:35.497153+00:00,f1724dead3eab61546033032fc782375,MIN,TB,recs,Jordan Addison,over,2.5,-215
2026-09-26T22:21:35.497153+00:00,f1724dead3eab61546033032fc782375,MIN,TB,recs,Jordan Addison,over,3.5,120
2026-09-26T22:21:35.497153+00:00,f1724dead3eab61546033032fc782375,MIN,TB,recs,Jordan Addison,over,4.5,260
2026-09-26T22:21:35.497153+00:00,f1724dead3eab61546033032fc782375,MIN,TB,recs,Jordan Addison,over,5.5,520
2026-09-26T22:21:35.497153+00:00,f1724dead3eab61546033032fc782375,MIN,TB,recs,Jordan Addison,over,6.5,920
2026-09-26T22:21:35.497153+00:00,f1724dead3eab61546033032fc782375,MIN,TB,recs,Jordan Addison,over,7.5,1500
2026-09-26T22:21:35.497153+00:00,f1724dead3eab61546033032fc782375,MIN,TB,recs,Ted Hurst III,over,0.5,-1400
2026-09-26T22:21:35.497153+00:00,f1724dead3eab61546033032fc782375,MIN,TB,recs,Ted Hurst III,over,1.5,-250
2026-09-26T22:21:35.497153+00:00,f1724dead3eab61546033032fc782375,MIN,TB,recs,Ted Hurst III,over,2.5,120
2026-09-26T22:21:35.497153+00:00,f1724dead3eab61546033032fc782375,MIN,TB,recs,Ted Hurst III,over,3.5,280
2026-09-26T22:21:35.497153+00:00,f1724dead3eab61546033032fc782375,MIN,TB,recs,Ted Hurst III,over,4.5,630
2026-09-26T22:21:35.497153+00:00,f1724dead3eab61546033032fc782375,MIN,TB,recs,Ted Hurst III,over,5.5,1100
2026-09-26T22:21:35.497153+00:00,f1724dead3eab61546033032fc782375,MIN,TB,recs,T.J. Hockenson,over,1.5,-1000
2026-09-26T22:21:35.497153+00:00,f1724dead3eab61546033032fc782375,MIN,TB,recs,T.J. Hockenson,over,2.5,-275
2026-09-26T22:21:35.497153+00:00,f1724dead3eab61546033032fc782375,MIN,TB,recs,T.J. Hockenson,over,3.5,-114
2026-09-26T22:21:35.497153+00:00,f1724dead3eab61546033032fc782375,MIN,TB,recs,T.J. Hockenson,over,4.5,188
2026-09-26T22:21:35.497153+00:00,f1724dead3eab61546033032fc782375,MIN,TB,recs,T.J. Hockenson,over,5.5,370
2026-09-26T22:21:35.497153+00:00,f1724dead3eab61546033032fc782375,MIN,TB,recs,T.J. Hockenson,over,6.5,680
2026-09-26T22:21:35.497153+00:00,f1724dead3eab61546033032fc782375,MIN,TB,recs,T.J. Hockenson,over,7.5,1100
2026-09-26T22:21:35.497153+00:00,f1724dead3eab61546033032fc782375,MIN,TB,recs,Chris Godwin,over,1.5,-700
2026-09-26T22:21:35.497153+00:00,f1724dead3eab61546033032fc782375,MIN,TB,recs,Chris Godwin,over,2.5,-220
2026-09-26T22:21:35.497153+00:00,f1724dead3eab61546033032fc782375,MIN,TB,recs,Chris Godwin,over,3.5,118
2026-09-26T22:21:35.497153+00:00,f1724dead3eab61546033032fc782375,MIN,TB,recs,Chris Godwin,over,4.5,250
2026-09-26T22:21:35.497153+00:00,f1724dead3eab61546033032fc782375,MIN,TB,recs,Chris Godwin,over,5.5,490
2026-09-26T22:21:35.497153+00:00,f1724dead3eab61546033032fc782375,MIN,TB,recs,Chris Godwin,over,6.5,880
2026-09-26T22:21:35.497153+00:00,f1724dead3eab61546033032fc782375,MIN,TB,recs,Chris Godwin,over,7.5,1500
2026-09-26T22:21:35.497153+00:00,f1724dead3eab61546033032fc782375,MIN,TB,recs,Emeka Egbuka,over,2.5,-470
2026-09-26T22:21:35.497153+00:00,f1724dead3eab61546033032fc782375,MIN,TB,recs,Emeka Egbuka,over,3.5,-192
2026-09-26T22:21:35.497153+00:00,f1724dead3eab61546033032fc782375,MIN,TB,recs,Emeka Egbuka,over,4.5,118
2026-09-26T22:21:35.497153+00:00,f1724dead3eab61546033032fc782375,MIN,TB,recs,Emeka Egbuka,over,5.5,230
2026-09-26T22:21:35.497153+00:00,f1724dead3eab61546033032fc782375,MIN,TB,recs,Emeka Egbuka,over,6.5,430
2026-09-26T22:21:35.497153+00:00,f1724dead3eab61546033032fc782375,MIN,TB,recs,Emeka Egbuka,over,7.5,750
2026-09-26T22:21:35.497153+00:00,f1724dead3eab61546033032fc782375,MIN,TB,recs,Emeka Egbuka,over,8.5,1260
2026-09-26T22:21:35.497153+00:00,84cfca14efc21363fd605508404cf1ff,BAL,DAL,passyds,Dak Prescott,over,174.5,-1450
2026-09-26T22:21:35.497153+00:00,84cfca14efc21363fd605508404cf1ff,BAL,DAL,passyds,Dak Prescott,over,199.5,-580
2026-09-26T22:21:35.497153+00:00,84cfca14efc21363fd605508404cf1ff,BAL,DAL,passyds,Dak Prescott,over,224.5,-290
2026-09-26T22:21:35.497153+00:00,84cfca14efc21363fd605508404cf1ff,BAL,DAL,passyds,Dak Prescott,over,249.5,-154
2026-09-26T22:21:35.497153+00:00,84cfca14efc21363fd605508404cf1ff,BAL,DAL,passyds,Dak Prescott,over,274.5,118
2026-09-26T22:21:35.497153+00:00,84cfca14efc21363fd605508404cf1ff,BAL,DAL,passyds,Dak Prescott,over,299.5,205
2026-09-26T22:21:35.497153+00:00,84cfca14efc21363fd605508404cf1ff,BAL,DAL,passyds,Dak Prescott,over,324.5,350
2026-09-26T22:21:35.497153+00:00,84cfca14efc21363fd605508404cf1ff,BAL,DAL,passyds,Dak Prescott,over,349.5,630
2026-09-26T22:21:35.497153+00:00,84cfca14efc21363fd605508404cf1ff,BAL,DAL,passyds,Dak Prescott,over,374.5,920
2026-09-26T22:21:35.497153+00:00,84cfca14efc21363fd605508404cf1ff,BAL,DAL,passyds,Dak Prescott,over,399.5,1500
2026-09-26T22:21:35.497153+00:00,84cfca14efc21363fd605508404cf1ff,BAL,DAL,passyds,Lamar Jackson,over,149.5,-1400
2026-09-26T22:21:35.497153+00:00,84cfca14efc21363fd605508404cf1ff,BAL,DAL,passyds,Lamar Jackson,over,174.5,-600
2026-09-26T22:21:35.497153+00:00,84cfca14efc21363fd605508404cf1ff,BAL,DAL,passyds,Lamar Jackson,over,199.5,-310
2026-09-26T22:21:35.497153+00:00,84cfca14efc21363fd605508404cf1ff,BAL,DAL,passyds,Lamar Jackson,over,224.5,-168
2026-09-26T22:21:35.497153+00:00,84cfca14efc21363fd605508404cf1ff,BAL,DAL,passyds,Lamar Jackson,over,249.5,112
2026-09-26T22:21:35.497153+00:00,84cfca14efc21363fd605508404cf1ff,BAL,DAL,passyds,Lamar Jackson,over,274.5,194
2026-09-26T22:21:35.497153+00:00,84cfca14efc21363fd605508404cf1ff,BAL,DAL,passyds,Lamar Jackson,over,299.5,320
2026-09-26T22:21:35.497153+00:00,84cfca14efc21363fd605508404cf1ff,BAL,DAL,passyds,Lamar Jackson,over,324.5,550
2026-09-26T22:21:35.497153+00:00,84cfca14efc21363fd605508404cf1ff,BAL,DAL,passyds,Lamar Jackson,over,349.5,880
2026-09-26T22:21:35.497153+00:00,84cfca14efc21363fd605508404cf1ff,BAL,DAL,passyds,Lamar Jackson,over,374.5,1400
2026-09-26T22:21:35.497153+00:00,84cfca14efc21363fd605508404cf1ff,BAL,DAL,rushyds,Derrick Henry,over,49.5,-1000
2026-09-26T22:21:35.497153+00:00,84cfca14efc21363fd605508404cf1ff,BAL,DAL,rushyds,Derrick Henry,over,59.5,-470
2026-09-26T22:21:35.497153+00:00,84cfca14efc21363fd605508404cf1ff,BAL,DAL,rushyds,Derrick Henry,over,69.5,-280
2026-09-26T22:21:35.497153+00:00,84cfca14efc21363fd605508404cf1ff,BAL,DAL,rushyds,Derrick Henry,over,79.5,-180
2026-09-26T22:21:35.497153+00:00,84cfca14efc21363fd605508404cf1ff,BAL,DAL,rushyds,Derrick Henry,over,89.5,-114
2026-09-26T22:21:35.497153+00:00,84cfca14efc21363fd605508404cf1ff,BAL,DAL,rushyds,Derrick Henry,over,99.5,130
2026-09-26T22:21:35.497153+00:00,84cfca14efc21363fd605508404cf1ff,BAL,DAL,rushyds,Derrick Henry,over,109.5,182
2026-09-26T22:21:35.497153+00:00,84cfca14efc21363fd605508404cf1ff,BAL,DAL,rushyds,Derrick Henry,over,124.5,310
2026-09-26T22:21:35.497153+00:00,84cfca14efc21363fd605508404cf1ff,BAL,DAL,rushyds,Derrick Henry,over,149.5,640
2026-09-26T22:21:35.497153+00:00,84cfca14efc21363fd605508404cf1ff,BAL,DAL,rushyds,Derrick Henry,over,174.5,1260
2026-09-26T22:21:35.497153+00:00,84cfca14efc21363fd605508404cf1ff,BAL,DAL,rushyds,Emari Demercado,over,4.5,-188
2026-09-26T22:21:35.497153+00:00,84cfca14efc21363fd605508404cf1ff,BAL,DAL,rushyds,Emari Demercado,over,9.5,134
2026-09-26T22:21:35.497153+00:00,84cfca14efc21363fd605508404cf1ff,BAL,DAL,rushyds,Emari Demercado,over,14.5,240
2026-09-26T22:21:35.497153+00:00,84cfca14efc21363fd605508404cf1ff,BAL,DAL,rushyds,Emari Demercado,over,19.5,400
2026-09-26T22:21:35.497153+00:00,84cfca14efc21363fd605508404cf1ff,BAL,DAL,rushyds,Emari Demercado,over,24.5,630
2026-09-26T22:21:35.497153+00:00,84cfca14efc21363fd605508404cf1ff,BAL,DAL,rushyds,Emari Demercado,over,29.5,880
2026-09-26T22:21:35.497153+00:00,84cfca14efc21363fd605508404cf1ff,BAL,DAL,rushyds,Lamar Jackson,over,14.5,-1450
2026-09-26T22:21:35.497153+00:00,84cfca14efc21363fd605508404cf1ff,BAL,DAL,rushyds,Lamar Jackson,over,19.5,-650
2026-09-26T22:21:35.497153+00:00,84cfca14efc21363fd605508404cf1ff,BAL,DAL,rushyds,Lamar Jackson,over,24.5,-360
2026-09-26T22:21:35.497153+00:00,84cfca14efc21363fd605508404cf1ff,BAL,DAL,rushyds,Lamar Jackson,over,29.5,-235
2026-09-26T22:21:35.497153+00:00,84cfca14efc21363fd605508404cf1ff,BAL,DAL,rushyds,Lamar Jackson,over,39.5,-106
2026-09-26T22:21:35.497153+00:00,84cfca14efc21363fd605508404cf1ff,BAL,DAL,rushyds,Lamar Jackson,over,49.5,182
2026-09-26T22:21:35.497153+00:00,84cfca14efc21363fd605508404cf1ff,BAL,DAL,rushyds,Lamar Jackson,over,59.5,310
2026-09-26T22:21:35.497153+00:00,84cfca14efc21363fd605508404cf1ff,BAL,DAL,rushyds,Lamar Jackson,over,69.5,520
2026-09-26T22:21:35.497153+00:00,84cfca14efc21363fd605508404cf1ff,BAL,DAL,rushyds,Lamar Jackson,over,79.5,800
2026-09-26T22:21:35.497153+00:00,84cfca14efc21363fd605508404cf1ff,BAL,DAL,rushyds,Lamar Jackson,over,89.5,1200
2026-09-26T22:21:35.497153+00:00,84cfca14efc21363fd605508404cf1ff,BAL,DAL,rushyds,Lamar Jackson,over,99.5,1500
2026-09-26T22:21:35.497153+00:00,84cfca14efc21363fd605508404cf1ff,BAL,DAL,rushyds,Javonte Williams,over,24.5,-1450
2026-09-26T22:21:35.497153+00:00,84cfca14efc21363fd605508404cf1ff,BAL,DAL,rushyds,Javonte Williams,over,29.5,-750
2026-09-26T22:21:35.497153+00:00,84cfca14efc21363fd605508404cf1ff,BAL,DAL,rushyds,Javonte Williams,over,39.5,-340
2026-09-26T22:21:35.497153+00:00,84cfca14efc21363fd605508404cf1ff,BAL,DAL,rushyds,Javonte Williams,over,49.5,-188
2026-09-26T22:21:35.497153+00:00,84cfca14efc21363fd605508404cf1ff,BAL,DAL,rushyds,Javonte Williams,over,59.5,-108
2026-09-26T22:21:35.497153+00:00,84cfca14efc21363fd605508404cf1ff,BAL,DAL,rushyds,Javonte Williams,over,69.5,146
2026-09-26T22:21:35.497153+00:00,84cfca14efc21363fd605508404cf1ff,BAL,DAL,rushyds,Javonte Williams,over,79.5,225
2026-09-26T22:21:35.497153+00:00,84cfca14efc21363fd605508404cf1ff,BAL,DAL,rushyds,Javonte Williams,over,89.5,320
2026-09-26T22:21:35.497153+00:00,84cfca14efc21363fd605508404cf1ff,BAL,DAL,rushyds,Javonte Williams,over,99.5,470
2026-09-26T22:21:35.497153+00:00,84cfca14efc21363fd605508404cf1ff,BAL,DAL,rushyds,Javonte Williams,over,109.5,640
2026-09-26T22:21:35.497153+00:00,84cfca14efc21363fd605508404cf1ff,BAL,DAL,rushyds,Javonte Williams,over,124.5,920
2026-09-26T22:21:35.497153+00:00,84cfca14efc21363fd605508404cf1ff,BAL,DAL,rushyds,Dak Prescott,over,4.5,-380
2026-09-26T22:21:35.497153+00:00,84cfca14efc21363fd605508404cf1ff,BAL,DAL,rushyds,Dak Prescott,over,9.5,-154
2026-09-26T22:21:35.497153+00:00,84cfca14efc21363fd605508404cf1ff,BAL,DAL,rushyds,Dak Prescott,over,14.5,130
2026-09-26T22:21:35.497153+00:00,84cfca14efc21363fd605508404cf1ff,BAL,DAL,rushyds,Dak Prescott,over,19.5,220
2026-09-26T22:21:35.497153+00:00,84cfca14efc21363fd605508404cf1ff,BAL,DAL,rushyds,Dak Prescott,over,24.5,360
2026-09-26T22:21:35.497153+00:00,84cfca14efc21363fd605508404cf1ff,BAL,DAL,rushyds,Dak Prescott,over,29.5,550
2026-09-26T22:21:35.497153+00:00,84cfca14efc21363fd605508404cf1ff,BAL,DAL,rushyds,Dak Prescott,over,39.5,1100
2026-09-26T22:21:35.497153+00:00,84cfca14efc21363fd605508404cf1ff,BAL,DAL,rushyds,Justice Hill,over,4.5,-600
2026-09-26T22:21:35.497153+00:00,84cfca14efc21363fd605508404cf1ff,BAL,DAL,rushyds,Justice Hill,over,9.5,-230
2026-09-26T22:21:35.497153+00:00,84cfca14efc21363fd605508404cf1ff,BAL,DAL,rushyds,Justice Hill,over,14.5,-114
2026-09-26T22:21:35.497153+00:00,84cfca14efc21363fd605508404cf1ff,BAL,DAL,rushyds,Justice Hill,over,19.5,152
2026-09-26T22:21:35.497153+00:00,84cfca14efc21363fd605508404cf1ff,BAL,DAL,rushyds,Justice Hill,over,24.5,230
2026-09-26T22:21:35.497153+00:00,84cfca14efc21363fd605508404cf1ff,BAL,DAL,rushyds,Justice Hill,over,29.5,350
2026-09-26T22:21:35.497153+00:00,84cfca14efc21363fd605508404cf1ff,BAL,DAL,rushyds,Justice Hill,over,39.5,700
2026-09-26T22:21:35.497153+00:00,84cfca14efc21363fd605508404cf1ff,BAL,DAL,recyds,Justice Hill,over,4.5,-400
2026-09-26T22:21:35.497153+00:00,84cfca14efc21363fd605508404cf1ff,BAL,DAL,recyds,Justice Hill,over,9.5,-186
2026-09-26T22:21:35.497153+00:00,84cfca14efc21363fd605508404cf1ff,BAL,DAL,recyds,Justice Hill,over,14.5,-102
2026-09-26T22:21:35.497153+00:00,84cfca14efc21363fd605508404cf1ff,BAL,DAL,recyds,Justice Hill,over,19.5,158
2026-09-26T22:21:35.497153+00:00,84cfca14efc21363fd605508404cf1ff,BAL,DAL,recyds,Justice Hill,over,24.5,230
2026-09-26T22:21:35.497153+00:00,84cfca14efc21363fd605508404cf1ff,BAL,DAL,recyds,Justice Hill,over,29.5,320
2026-09-26T22:21:35.497153+00:00,84cfca14efc21363fd605508404cf1ff,BAL,DAL,recyds,Justice Hill,over,39.5,630
2026-09-26T22:21:35.497153+00:00,84cfca14efc21363fd605508404cf1ff,BAL,DAL,recyds,Justice Hill,over,49.5,920
2026-09-26T22:21:35.497153+00:00,84cfca14efc21363fd605508404cf1ff,BAL,DAL,recyds,George Pickens,over,24.5,-1450
2026-09-26T22:21:35.497153+00:00,84cfca14efc21363fd605508404cf1ff,BAL,DAL,recyds,George Pickens,over,29.5,-900
2026-09-26T22:21:35.497153+00:00,84cfca14efc21363fd605508404cf1ff,BAL,DAL,recyds,George Pickens,over,39.5,-420
2026-09-26T22:21:35.497153+00:00,84cfca14efc21363fd605508404cf1ff,BAL,DAL,recyds,George Pickens,over,49.5,-245
2026-09-26T22:21:35.497153+00:00,84cfca14efc21363fd605508404cf1ff,BAL,DAL,recyds,George Pickens,over,59.5,-146
2026-09-26T22:21:35.497153+00:00,84cfca14efc21363fd605508404cf1ff,BAL,DAL,recyds,George Pickens,over,69.5,106
2026-09-26T22:21:35.497153+00:00,84cfca14efc21363fd605508404cf1ff,BAL,DAL,recyds,George Pickens,over,79.5,162
2026-09-26T22:21:35.497153+00:00,84cfca14efc21363fd605508404cf1ff,BAL,DAL,recyds,George Pickens,over,89.5,225
2026-09-26T22:21:35.497153+00:00,84cfca14efc21363fd605508404cf1ff,BAL,DAL,recyds,George Pickens,over,99.5,320
2026-09-26T22:21:35.497153+00:00,84cfca14efc21363fd605508404cf1ff,BAL,DAL,recyds,George Pickens,over,109.5,430
2026-09-26T22:21:35.497153+00:00,84cfca14efc21363fd605508404cf1ff,BAL,DAL,recyds,George Pickens,over,124.5,700
2026-09-26T22:21:35.497153+00:00,84cfca14efc21363fd605508404cf1ff,BAL,DAL,recyds,George Pickens,over,149.5,1280
2026-09-26T22:21:35.497153+00:00,84cfca14efc21363fd605508404cf1ff,BAL,DAL,recyds,Ryan Flournoy,over,9.5,-670
2026-09-26T22:21:35.497153+00:00,84cfca14efc21363fd605508404cf1ff,BAL,DAL,recyds,Ryan Flournoy,over,14.5,-360
2026-09-26T22:21:35.497153+00:00,84cfca14efc21363fd605508404cf1ff,BAL,DAL,recyds,Ryan Flournoy,over,19.5,-225
2026-09-26T22:21:35.497153+00:00,84cfca14efc21363fd605508404cf1ff,BAL,DAL,recyds,Ryan Flournoy,over,24.5,-148
2026-09-26T22:21:35.497153+00:00,84cfca14efc21363fd605508404cf1ff,BAL,DAL,recyds,Ryan Flournoy,over,29.5,100
2026-09-26T22:21:35.497153+00:00,84cfca14efc21363fd605508404cf1ff,BAL,DAL,recyds,Ryan Flournoy,over,39.5,194
2026-09-26T22:21:35.497153+00:00,84cfca14efc21363fd605508404cf1ff,BAL,DAL,recyds,Ryan Flournoy,over,49.5,350
2026-09-26T22:21:35.497153+00:00,84cfca14efc21363fd605508404cf1ff,BAL,DAL,recyds,Ryan Flournoy,over,59.5,580
2026-09-26T22:21:35.497153+00:00,84cfca14efc21363fd605508404cf1ff,BAL,DAL,recyds,Ryan Flournoy,over,69.5,880
2026-09-26T22:21:35.497153+00:00,84cfca14efc21363fd605508404cf1ff,BAL,DAL,recyds,Ryan Flournoy,over,79.5,1260
2026-09-26T22:21:35.497153+00:00,84cfca14efc21363fd605508404cf1ff,BAL,DAL,recyds,Derrick Henry,over,4.5,-260
2026-09-26T22:21:35.497153+00:00,84cfca14efc21363fd605508404cf1ff,BAL,DAL,recyds,Derrick Henry,over,9.5,-128
2026-09-26T22:21:35.497153+00:00,84cfca14efc21363fd605508404cf1ff,BAL,DAL,recyds,Derrick Henry,over,14.5,132
2026-09-26T22:21:35.497153+00:00,84cfca14efc21363fd605508404cf1ff,BAL,DAL,recyds,Derrick Henry,over,19.5,194
2026-09-26T22:21:35.497153+00:00,84cfca14efc21363fd605508404cf1ff,BAL,DAL,recyds,Derrick Henry,over,24.5,280
2026-09-26T22:21:35.497153+00:00,84cfca14efc21363fd605508404cf1ff,BAL,DAL,recyds,Derrick Henry,over,29.5,370
2026-09-26T22:21:35.497153+00:00,84cfca14efc21363fd605508404cf1ff,BAL,DAL,recyds,Derrick Henry,over,39.5,680
2026-09-26T22:21:35.497153+00:00,84cfca14efc21363fd605508404cf1ff,BAL,DAL,recyds,Jake Ferguson,over,9.5,-750
2026-09-26T22:21:35.497153+00:00,84cfca14efc21363fd605508404cf1ff,BAL,DAL,recyds,Jake Ferguson,over,14.5,-360
2026-09-26T22:21:35.497153+00:00,84cfca14efc21363fd605508404cf1ff,BAL,DAL,recyds,Jake Ferguson,over,19.5,-220
2026-09-26T22:21:35.497153+00:00,84cfca14efc21363fd605508404cf1ff,BAL,DAL,recyds,Jake Ferguson,over,24.5,-138
2026-09-26T22:21:35.497153+00:00,84cfca14efc21363fd605508404cf1ff,BAL,DAL,recyds,Jake Ferguson,over,29.5,112
2026-09-26T22:21:35.497153+00:00,84cfca14efc21363fd605508404cf1ff,BAL,DAL,recyds,Jake Ferguson,over,39.5,225
2026-09-26T22:21:35.497153+00:00,84cfca14efc21363fd605508404cf1ff,BAL,DAL,recyds,Jake Ferguson,over,49.5,430
2026-09-26T22:21:35.497153+00:00,84cfca14efc21363fd605508404cf1ff,BAL,DAL,recyds,Jake Ferguson,over,59.5,750
2026-09-26T22:21:35.497153+00:00,84cfca14efc21363fd605508404cf1ff,BAL,DAL,recyds,Jake Ferguson,over,69.5,1200
2026-09-26T22:21:35.497153+00:00,84cfca14efc21363fd605508404cf1ff,BAL,DAL,recyds,Mark Andrews,over,14.5,-900
2026-09-26T22:21:35.497153+00:00,84cfca14efc21363fd605508404cf1ff,BAL,DAL,recyds,Mark Andrews,over,19.5,-490
2026-09-26T22:21:35.497153+00:00,84cfca14efc21363fd605508404cf1ff,BAL,DAL,recyds,Mark Andrews,over,24.5,-320
2026-09-26T22:21:35.497153+00:00,84cfca14efc21363fd605508404cf1ff,BAL,DAL,recyds,Mark Andrews,over,29.5,-215
2026-09-26T22:21:35.497153+00:00,84cfca14efc21363fd605508404cf1ff,BAL,DAL,recyds,Mark Andrews,over,39.5,-108
2026-09-26T22:21:35.497153+00:00,84cfca14efc21363fd605508404cf1ff,BAL,DAL,recyds,Mark Andrews,over,49.5,162
2026-09-26T22:21:35.497153+00:00,84cfca14efc21363fd605508404cf1ff,BAL,DAL,recyds,Mark Andrews,over,59.5,270
2026-09-26T22:21:35.497153+00:00,84cfca14efc21363fd605508404cf1ff,BAL,DAL,recyds,Mark Andrews,over,69.5,410
2026-09-26T22:21:35.497153+00:00,84cfca14efc21363fd605508404cf1ff,BAL,DAL,recyds,Mark Andrews,over,79.5,640
2026-09-26T22:21:35.497153+00:00,84cfca14efc21363fd605508404cf1ff,BAL,DAL,recyds,Mark Andrews,over,89.5,920
2026-09-26T22:21:35.497153+00:00,84cfca14efc21363fd605508404cf1ff,BAL,DAL,recyds,Mark Andrews,over,99.5,1280
2026-09-26T22:21:35.497153+00:00,84cfca14efc21363fd605508404cf1ff,BAL,DAL,recyds,Javonte Williams,over,4.5,-580
2026-09-26T22:21:35.497153+00:00,84cfca14efc21363fd605508404cf1ff,BAL,DAL,recyds,Javonte Williams,over,9.5,-245
2026-09-26T22:21:35.497153+00:00,84cfca14efc21363fd605508404cf1ff,BAL,DAL,recyds,Javonte Williams,over,14.5,-130
2026-09-26T22:21:35.497153+00:00,84cfca14efc21363fd605508404cf1ff,BAL,DAL,recyds,Javonte Williams,over,19.5,130
2026-09-26T22:21:35.497153+00:00,84cfca14efc21363fd605508404cf1ff,BAL,DAL,recyds,Javonte Williams,over,24.5,198
2026-09-26T22:21:35.497153+00:00,84cfca14efc21363fd605508404cf1ff,BAL,DAL,recyds,Javonte Williams,over,29.5,290
2026-09-26T22:21:35.497153+00:00,84cfca14efc21363fd605508404cf1ff,BAL,DAL,recyds,Javonte Williams,over,39.5,550
2026-09-26T22:21:35.497153+00:00,84cfca14efc21363fd605508404cf1ff,BAL,DAL,recyds,Javonte Williams,over,49.5,880
2026-09-26T22:21:35.497153+00:00,84cfca14efc21363fd605508404cf1ff,BAL,DAL,recyds,CeeDee Lamb,over,39.5,-1100
2026-09-26T22:21:35.497153+00:00,84cfca14efc21363fd605508404cf1ff,BAL,DAL,recyds,CeeDee Lamb,over,49.5,-550
2026-09-26T22:21:35.497153+00:00,84cfca14efc21363fd605508404cf1ff,BAL,DAL,recyds,CeeDee Lamb,over,59.5,-310
2026-09-26T22:21:35.497153+00:00,84cfca14efc21363fd605508404cf1ff,BAL,DAL,recyds,CeeDee Lamb,over,69.5,-198
2026-09-26T22:21:35.497153+00:00,84cfca14efc21363fd605508404cf1ff,BAL,DAL,recyds,CeeDee Lamb,over,79.5,-130
2026-09-26T22:21:35.497153+00:00,84cfca14efc21363fd605508404cf1ff,BAL,DAL,recyds,CeeDee Lamb,over,89.5,114
2026-09-26T22:21:35.497153+00:00,84cfca14efc21363fd605508404cf1ff,BAL,DAL,recyds,CeeDee Lamb,over,99.5,164
2026-09-26T22:21:35.497153+00:00,84cfca14efc21363fd605508404cf1ff,BAL,DAL,recyds,CeeDee Lamb,over,109.5,225
2026-09-26T22:21:35.497153+00:00,84cfca14efc21363fd605508404cf1ff,BAL,DAL,recyds,CeeDee Lamb,over,124.5,360
2026-09-26T22:21:35.497153+00:00,84cfca14efc21363fd605508404cf1ff,BAL,DAL,recyds,CeeDee Lamb,over,149.5,750
2026-09-26T22:21:35.497153+00:00,84cfca14efc21363fd605508404cf1ff,BAL,DAL,recyds,CeeDee Lamb,over,174.5,1280
2026-09-26T22:21:35.497153+00:00,84cfca14efc21363fd605508404cf1ff,BAL,DAL,recs,Jake Ferguson,over,1.5,-1000
2026-09-26T22:21:35.497153+00:00,84cfca14efc21363fd605508404cf1ff,BAL,DAL,recs,Jake Ferguson,over,2.5,-290
2026-09-26T22:21:35.497153+00:00,84cfca14efc21363fd605508404cf1ff,BAL,DAL,recs,Jake Ferguson,over,3.5,-114
2026-09-26T22:21:35.497153+00:00,84cfca14efc21363fd605508404cf1ff,BAL,DAL,recs,Jake Ferguson,over,4.5,182
2026-09-26T22:21:35.497153+00:00,84cfca14efc21363fd605508404cf1ff,BAL,DAL,recs,Jake Ferguson,over,5.5,360
2026-09-26T22:21:35.497153+00:00,84cfca14efc21363fd605508404cf1ff,BAL,DAL,recs,Jake Ferguson,over,6.5,640
2026-09-26T22:21:35.497153+00:00,84cfca14efc21363fd605508404cf1ff,BAL,DAL,recs,Jake Ferguson,over,7.5,1100
2026-09-26T22:21:35.497153+00:00,84cfca14efc21363fd605508404cf1ff,BAL,DAL,recs,George Pickens,over,2.5,-1400
2026-09-26T22:21:35.497153+00:00,84cfca14efc21363fd605508404cf1ff,BAL,DAL,recs,George Pickens,over,3.5,-440
2026-09-26T22:21:35.497153+00:00,84cfca14efc21363fd605508404cf1ff,BAL,DAL,recs,George Pickens,over,4.5,-192
2026-09-26T22:21:35.497153+00:00,84cfca14efc21363fd605508404cf1ff,BAL,DAL,recs,George Pickens,over,5.5,108
2026-09-26T22:21:35.497153+00:00,84cfca14efc21363fd605508404cf1ff,BAL,DAL,recs,George Pickens,over,6.5,200
2026-09-26T22:21:35.497153+00:00,84cfca14efc21363fd605508404cf1ff,BAL,DAL,recs,George Pickens,over,7.5,360
2026-09-26T22:21:35.497153+00:00,84cfca14efc21363fd605508404cf1ff,BAL,DAL,recs,George Pickens,over,8.5,630
2026-09-26T22:21:35.497153+00:00,84cfca14efc21363fd605508404cf1ff,BAL,DAL,recs,George Pickens,over,9.5,1000
2026-09-26T22:21:35.497153+00:00,84cfca14efc21363fd605508404cf1ff,BAL,DAL,recs,George Pickens,over,10.5,1500
2026-09-26T22:21:35.497153+00:00,84cfca14efc21363fd605508404cf1ff,BAL,DAL,recs,Ryan Flournoy,over,1.5,-670
2026-09-26T22:21:35.497153+00:00,84cfca14efc21363fd605508404cf1ff,BAL,DAL,recs,Ryan Flournoy,over,2.5,-210
2026-09-26T22:21:35.497153+00:00,84cfca14efc21363fd605508404cf1ff,BAL,DAL,recs,Ryan Flournoy,over,3.5,118
2026-09-26T22:21:35.497153+00:00,84cfca14efc21363fd605508404cf1ff,BAL,DAL,recs,Ryan Flournoy,over,4.5,250
2026-09-26T22:21:35.497153+00:00,84cfca14efc21363fd605508404cf1ff,BAL,DAL,recs,Ryan Flournoy,over,5.5,520
2026-09-26T22:21:35.497153+00:00,84cfca14efc21363fd605508404cf1ff,BAL,DAL,recs,Ryan Flournoy,over,6.5,920
2026-09-26T22:21:35.497153+00:00,84cfca14efc21363fd605508404cf1ff,BAL,DAL,recs,Ryan Flournoy,over,7.5,1500
2026-09-26T22:21:35.497153+00:00,84cfca14efc21363fd605508404cf1ff,BAL,DAL,recs,Derrick Henry,over,0.5,-420
2026-09-26T22:21:35.497153+00:00,84cfca14efc21363fd605508404cf1ff,BAL,DAL,recs,Derrick Henry,over,1.5,114
2026-09-26T22:21:35.497153+00:00,84cfca14efc21363fd605508404cf1ff,BAL,DAL,recs,Derrick Henry,over,2.5,320
2026-09-26T22:21:35.497153+00:00,84cfca14efc21363fd605508404cf1ff,BAL,DAL,recs,Derrick Henry,over,3.5,800
2026-09-26T22:21:35.497153+00:00,84cfca14efc21363fd605508404cf1ff,BAL,DAL,recs,Javonte Williams,over,1.5,-440
2026-09-26T22:21:35.497153+00:00,84cfca14efc21363fd605508404cf1ff,BAL,DAL,recs,Javonte Williams,over,2.5,-152
2026-09-26T22:21:35.497153+00:00,84cfca14efc21363fd605508404cf1ff,BAL,DAL,recs,Javonte Williams,over,3.5,158
2026-09-26T22:21:35.497153+00:00,84cfca14efc21363fd605508404cf1ff,BAL,DAL,recs,Javonte Williams,over,4.5,320
2026-09-26T22:21:35.497153+00:00,84cfca14efc21363fd605508404cf1ff,BAL,DAL,recs,Javonte Williams,over,5.5,640
2026-09-26T22:21:35.497153+00:00,84cfca14efc21363fd605508404cf1ff,BAL,DAL,recs,Mark Andrews,over,1.5,-1450
2026-09-26T22:21:35.497153+00:00,84cfca14efc21363fd605508404cf1ff,BAL,DAL,recs,Mark Andrews,over,2.5,-400
2026-09-26T22:21:35.497153+00:00,84cfca14efc21363fd605508404cf1ff,BAL,DAL,recs,Mark Andrews,over,3.5,-166
2026-09-26T22:21:35.497153+00:00,84cfca14efc21363fd605508404cf1ff,BAL,DAL,recs,Mark Andrews,over,4.5,132
2026-09-26T22:21:35.497153+00:00,84cfca14efc21363fd605508404cf1ff,BAL,DAL,recs,Mark Andrews,over,5.5,265
2026-09-26T22:21:35.497153+00:00,84cfca14efc21363fd605508404cf1ff,BAL,DAL,recs,Mark Andrews,over,6.5,490
2026-09-26T22:21:35.497153+00:00,84cfca14efc21363fd605508404cf1ff,BAL,DAL,recs,Mark Andrews,over,7.5,850
2026-09-26T22:21:35.497153+00:00,84cfca14efc21363fd605508404cf1ff,BAL,DAL,recs,Mark Andrews,over,8.5,1280
2026-09-26T22:21:35.497153+00:00,84cfca14efc21363fd605508404cf1ff,BAL,DAL,recs,CeeDee Lamb,over,3.5,-1400
2026-09-26T22:21:35.497153+00:00,84cfca14efc21363fd605508404cf1ff,BAL,DAL,recs,CeeDee Lamb,over,4.5,-470
2026-09-26T22:21:35.497153+00:00,84cfca14efc21363fd605508404cf1ff,BAL,DAL,recs,CeeDee Lamb,over,5.5,-225
2026-09-26T22:21:35.497153+00:00,84cfca14efc21363fd605508404cf1ff,BAL,DAL,recs,CeeDee Lamb,over,6.5,-114
2026-09-26T22:21:35.497153+00:00,84cfca14efc21363fd605508404cf1ff,BAL,DAL,recs,CeeDee Lamb,over,7.5,154
2026-09-26T22:21:35.497153+00:00,84cfca14efc21363fd605508404cf1ff,BAL,DAL,recs,CeeDee Lamb,over,8.5,270
2026-09-26T22:21:35.497153+00:00,84cfca14efc21363fd605508404cf1ff,BAL,DAL,recs,CeeDee Lamb,over,9.5,430
2026-09-26T22:21:35.497153+00:00,84cfca14efc21363fd605508404cf1ff,BAL,DAL,recs,CeeDee Lamb,over,10.5,700
2026-09-26T22:21:35.497153+00:00,84cfca14efc21363fd605508404cf1ff,BAL,DAL,recs,CeeDee Lamb,over,11.5,1100
2026-09-26T22:21:35.497153+00:00,84cfca14efc21363fd605508404cf1ff,BAL,DAL,recs,CeeDee Lamb,over,12.5,1500
2026-09-26T22:21:35.497153+00:00,2e523fcb0497aa689473e290eb2b97de,LV,NO,passyds,Tyler Shough,over,174.5,-1100
2026-09-26T22:21:35.497153+00:00,2e523fcb0497aa689473e290eb2b97de,LV,NO,passyds,Tyler Shough,over,199.5,-470
2026-09-26T22:21:35.497153+00:00,2e523fcb0497aa689473e290eb2b97de,LV,NO,passyds,Tyler Shough,over,224.5,-240
2026-09-26T22:21:35.497153+00:00,2e523fcb0497aa689473e290eb2b97de,LV,NO,passyds,Tyler Shough,over,249.5,-125
2026-09-26T22:21:35.497153+00:00,2e523fcb0497aa689473e290eb2b97de,LV,NO,passyds,Tyler Shough,over,274.5,152
2026-09-26T22:21:35.497153+00:00,2e523fcb0497aa689473e290eb2b97de,LV,NO,passyds,Tyler Shough,over,299.5,260
2026-09-26T22:21:35.497153+00:00,2e523fcb0497aa689473e290eb2b97de,LV,NO,passyds,Tyler Shough,over,324.5,450
2026-09-26T22:21:35.497153+00:00,2e523fcb0497aa689473e290eb2b97de,LV,NO,passyds,Tyler Shough,over,349.5,750
2026-09-26T22:21:35.497153+00:00,2e523fcb0497aa689473e290eb2b97de,LV,NO,passyds,Tyler Shough,over,374.5,1200
2026-09-26T22:21:35.497153+00:00,2e523fcb0497aa689473e290eb2b97de,LV,NO,passyds,Kirk Cousins,over,124.5,-1450
2026-09-26T22:21:35.497153+00:00,2e523fcb0497aa689473e290eb2b97de,LV,NO,passyds,Kirk Cousins,over,149.5,-650
2026-09-26T22:21:35.497153+00:00,2e523fcb0497aa689473e290eb2b97de,LV,NO,passyds,Kirk Cousins,over,174.5,-300
2026-09-26T22:21:35.497153+00:00,2e523fcb0497aa689473e290eb2b97de,LV,NO,passyds,Kirk Cousins,over,199.5,-158
2026-09-26T22:21:35.497153+00:00,2e523fcb0497aa689473e290eb2b97de,LV,NO,passyds,Kirk Cousins,over,224.5,118
2026-09-26T22:21:35.497153+00:00,2e523fcb0497aa689473e290eb2b97de,LV,NO,passyds,Kirk Cousins,over,249.5,205
2026-09-26T22:21:35.497153+00:00,2e523fcb0497aa689473e290eb2b97de,LV,NO,passyds,Kirk Cousins,over,274.5,370
2026-09-26T22:21:35.497153+00:00,2e523fcb0497aa689473e290eb2b97de,LV,NO,passyds,Kirk Cousins,over,299.5,630
2026-09-26T22:21:35.497153+00:00,2e523fcb0497aa689473e290eb2b97de,LV,NO,passyds,Kirk Cousins,over,324.5,1000
2026-09-26T22:21:35.497153+00:00,2e523fcb0497aa689473e290eb2b97de,LV,NO,passyds,Kirk Cousins,over,349.5,1500
2026-09-26T22:21:35.497153+00:00,2e523fcb0497aa689473e290eb2b97de,LV,NO,rushyds,Tyler Shough,over,4.5,-580
2026-09-26T22:21:35.497153+00:00,2e523fcb0497aa689473e290eb2b97de,LV,NO,rushyds,Tyler Shough,over,9.5,-235
2026-09-26T22:21:35.497153+00:00,2e523fcb0497aa689473e290eb2b97de,LV,NO,rushyds,Tyler Shough,over,14.5,-114
2026-09-26T22:21:35.497153+00:00,2e523fcb0497aa689473e290eb2b97de,LV,NO,rushyds,Tyler Shough,over,19.5,154
2026-09-26T22:21:35.497153+00:00,2e523fcb0497aa689473e290eb2b97de,LV,NO,rushyds,Tyler Shough,over,24.5,240
2026-09-26T22:21:35.497153+00:00,2e523fcb0497aa689473e290eb2b97de,LV,NO,rushyds,Tyler Shough,over,29.5,370
2026-09-26T22:21:35.497153+00:00,2e523fcb0497aa689473e290eb2b97de,LV,NO,rushyds,Tyler Shough,over,39.5,800
2026-09-26T22:21:35.497153+00:00,2e523fcb0497aa689473e290eb2b97de,LV,NO,rushyds,Travis Etienne Jr.,over,14.5,-1200
2026-09-26T22:21:35.497153+00:00,2e523fcb0497aa689473e290eb2b97de,LV,NO,rushyds,Travis Etienne Jr.,over,19.5,-580
2026-09-26T22:21:35.497153+00:00,2e523fcb0497aa689473e290eb2b97de,LV,NO,rushyds,Travis Etienne Jr.,over,24.5,-330
2026-09-26T22:21:35.497153+00:00,2e523fcb0497aa689473e290eb2b97de,LV,NO,rushyds,Travis Etienne Jr.,over,29.5,-225
2026-09-26T22:21:35.497153+00:00,2e523fcb0497aa689473e290eb2b97de,LV,NO,rushyds,Travis Etienne Jr.,over,39.5,-106
2026-09-26T22:21:35.497153+00:00,2e523fcb0497aa689473e290eb2b97de,LV,NO,rushyds,Travis Etienne Jr.,over,49.5,174
2026-09-26T22:21:35.497153+00:00,2e523fcb0497aa689473e290eb2b97de,LV,NO,rushyds,Travis Etienne Jr.,over,59.5,280
2026-09-26T22:21:35.497153+00:00,2e523fcb0497aa689473e290eb2b97de,LV,NO,rushyds,Travis Etienne Jr.,over,69.5,430
2026-09-26T22:21:35.497153+00:00,2e523fcb0497aa689473e290eb2b97de,LV,NO,rushyds,Travis Etienne Jr.,over,79.5,680
2026-09-26T22:21:35.497153+00:00,2e523fcb0497aa689473e290eb2b97de,LV,NO,rushyds,Travis Etienne Jr.,over,89.5,920
2026-09-26T22:21:35.497153+00:00,2e523fcb0497aa689473e290eb2b97de,LV,NO,rushyds,Travis Etienne Jr.,over,99.5,1280
2026-09-26T22:21:35.497153+00:00,2e523fcb0497aa689473e290eb2b97de,LV,NO,rushyds,Alvin Kamara,over,9.5,-1100
2026-09-26T22:21:35.497153+00:00,2e523fcb0497aa689473e290eb2b97de,LV,NO,rushyds,Alvin Kamara,over,14.5,-440
2026-09-26T22:21:35.497153+00:00,2e523fcb0497aa689473e290eb2b97de,LV,NO,rushyds,Alvin Kamara,over,19.5,-245
2026-09-26T22:21:35.497153+00:00,2e523fcb0497aa689473e290eb2b97de,LV,NO,rushyds,Alvin Kamara,over,24.5,-152
2026-09-26T22:21:35.497153+00:00,2e523fcb0497aa689473e290eb2b97de,LV,NO,rushyds,Alvin Kamara,over,29.5,102
2026-09-26T22:21:35.497153+00:00,2e523fcb0497aa689473e290eb2b97de,LV,NO,rushyds,Alvin Kamara,over,39.5,200
2026-09-26T22:21:35.497153+00:00,2e523fcb0497aa689473e290eb2b97de,LV,NO,rushyds,Alvin Kamara,over,49.5,360
2026-09-26T22:21:35.497153+00:00,2e523fcb0497aa689473e290eb2b97de,LV,NO,rushyds,Alvin Kamara,over,59.5,630
2026-09-26T22:21:35.497153+00:00,2e523fcb0497aa689473e290eb2b97de,LV,NO,rushyds,Alvin Kamara,over,69.5,880
2026-09-26T22:21:35.497153+00:00,2e523fcb0497aa689473e290eb2b97de,LV,NO,rushyds,Alvin Kamara,over,79.5,1260
2026-09-26T22:21:35.497153+00:00,2e523fcb0497aa689473e290eb2b97de,LV,NO,rushyds,Ashton Jeanty,over,39.5,-700
2026-09-26T22:21:35.497153+00:00,2e523fcb0497aa689473e290eb2b97de,LV,NO,rushyds,Ashton Jeanty,over,49.5,-330
2026-09-26T22:21:35.497153+00:00,2e523fcb0497aa689473e290eb2b97de,LV,NO,rushyds,Ashton Jeanty,over,59.5,-188
2026-09-26T22:21:35.497153+00:00,2e523fcb0497aa689473e290eb2b97de,LV,NO,rushyds,Ashton Jeanty,over,69.5,-108
2026-09-26T22:21:35.497153+00:00,2e523fcb0497aa689473e290eb2b97de,LV,NO,rushyds,Ashton Jeanty,over,79.5,144
2026-09-26T22:21:35.497153+00:00,2e523fcb0497aa689473e290eb2b97de,LV,NO,rushyds,Ashton Jeanty,over,89.5,220
2026-09-26T22:21:35.497153+00:00,2e523fcb0497aa689473e290eb2b97de,LV,NO,rushyds,Ashton Jeanty,over,99.5,310
2026-09-26T22:21:35.497153+00:00,2e523fcb0497aa689473e290eb2b97de,LV,NO,rushyds,Ashton Jeanty,over,109.5,430
2026-09-26T22:21:35.497153+00:00,2e523fcb0497aa689473e290eb2b97de,LV,NO,rushyds,Ashton Jeanty,over,124.5,750
2026-09-26T22:21:35.497153+00:00,2e523fcb0497aa689473e290eb2b97de,LV,NO,rushyds,Ashton Jeanty,over,149.5,1400
2026-09-26T22:21:35.497153+00:00,2e523fcb0497aa689473e290eb2b97de,LV,NO,recyds,Devaughn Vele,over,14.5,-1450
2026-09-26T22:21:35.497153+00:00,2e523fcb0497aa689473e290eb2b97de,LV,NO,recyds,Devaughn Vele,over,19.5,-750
2026-09-26T22:21:35.497153+00:00,2e523fcb0497aa689473e290eb2b97de,LV,NO,recyds,Devaughn Vele,over,24.5,-490
2026-09-26T22:21:35.497153+00:00,2e523fcb0497aa689473e290eb2b97de,LV,NO,recyds,Devaughn Vele,over,29.5,-350
2026-09-26T22:21:35.497153+00:00,2e523fcb0497aa689473e290eb2b97de,LV,NO,recyds,Devaughn Vele,over,39.5,-188
2026-09-26T22:21:35.497153+00:00,2e523fcb0497aa689473e290eb2b97de,LV,NO,recyds,Devaughn Vele,over,49.5,-108
2026-09-26T22:21:35.497153+00:00,2e523fcb0497aa689473e290eb2b97de,LV,NO,recyds,Devaughn Vele,over,59.5,148
2026-09-26T22:21:35.497153+00:00,2e523fcb0497aa689473e290eb2b97de,LV,NO,recyds,Devaughn Vele,over,69.5,225
2026-09-26T22:21:35.497153+00:00,2e523fcb0497aa689473e290eb2b97de,LV,NO,recyds,Devaughn Vele,over,79.5,320
2026-09-26T22:21:35.497153+00:00,2e523fcb0497aa689473e290eb2b97de,LV,NO,recyds,Devaughn Vele,over,89.5,490
2026-09-26T22:21:35.497153+00:00,2e523fcb0497aa689473e290eb2b97de,LV,NO,recyds,Devaughn Vele,over,99.5,680
2026-09-26T22:21:35.497153+00:00,2e523fcb0497aa689473e290eb2b97de,LV,NO,recyds,Devaughn Vele,over,109.5,920
2026-09-26T22:21:35.497153+00:00,2e523fcb0497aa689473e290eb2b97de,LV,NO,recyds,Devaughn Vele,over,124.5,1400
2026-09-26T22:21:35.497153+00:00,2e523fcb0497aa689473e290eb2b97de,LV,NO,recyds,Alvin Kamara,over,4.5,-500
2026-09-26T22:21:35.497153+00:00,2e523fcb0497aa689473e290eb2b97de,LV,NO,recyds,Alvin Kamara,over,9.5,-220
2026-09-26T22:21:35.497153+00:00,2e523fcb0497aa689473e290eb2b97de,LV,NO,recyds,Alvin Kamara,over,14.5,-114
2026-09-26T22:21:35.497153+00:00,2e523fcb0497aa689473e290eb2b97de,LV,NO,recyds,Alvin Kamara,over,19.5,146
2026-09-26T22:21:35.497153+00:00,2e523fcb0497aa689473e290eb2b97de,LV,NO,recyds,Alvin Kamara,over,24.5,225
2026-09-26T22:21:35.497153+00:00,2e523fcb0497aa689473e290eb2b97de,LV,NO,recyds,Alvin Kamara,over,29.5,320
2026-09-26T22:21:35.497153+00:00,2e523fcb0497aa689473e290eb2b97de,LV,NO,recyds,Alvin Kamara,over,39.5,630
2026-09-26T22:21:35.497153+00:00,2e523fcb0497aa689473e290eb2b97de,LV,NO,recyds,Alvin Kamara,over,49.5,920
2026-09-26T22:21:35.497153+00:00,2e523fcb0497aa689473e290eb2b97de,LV,NO,recyds,Juwan Johnson,over,9.5,-1400
2026-09-26T22:21:35.497153+00:00,2e523fcb0497aa689473e290eb2b97de,LV,NO,recyds,Juwan Johnson,over,14.5,-650
2026-09-26T22:21:35.497153+00:00,2e523fcb0497aa689473e290eb2b97de,LV,NO,recyds,Juwan Johnson,over,19.5,-390
2026-09-26T22:21:35.497153+00:00,2e523fcb0497aa689473e290eb2b97de,LV,NO,recyds,Juwan Johnson,over,24.5,-250
2026-09-26T22:21:35.497153+00:00,2e523fcb0497aa689473e290eb2b97de,LV,NO,recyds,Juwan Johnson,over,29.5,-178
2026-09-26T22:21:35.497153+00:00,2e523fcb0497aa689473e290eb2b97de,LV,NO,recyds,Juwan Johnson,over,39.5,110
2026-09-26T22:21:35.497153+00:00,2e523fcb0497aa689473e290eb2b97de,LV,NO,recyds,Juwan Johnson,over,49.5,194
2026-09-26T22:21:35.497153+00:00,2e523fcb0497aa689473e290eb2b97de,LV,NO,recyds,Juwan Johnson,over,59.5,310
2026-09-26T22:21:35.497153+00:00,2e523fcb0497aa689473e290eb2b97de,LV,NO,recyds,Juwan Johnson,over,69.5,490
2026-09-26T22:21:35.497153+00:00,2e523fcb0497aa689473e290eb2b97de,LV,NO,recyds,Juwan Johnson,over,79.5,700
2026-09-26T22:21:35.497153+00:00,2e523fcb0497aa689473e290eb2b97de,LV,NO,recyds,Juwan Johnson,over,89.5,1000
2026-09-26T22:21:35.497153+00:00,2e523fcb0497aa689473e290eb2b97de,LV,NO,recyds,Juwan Johnson,over,99.5,1400
2026-09-26T22:21:35.497153+00:00,2e523fcb0497aa689473e290eb2b97de,LV,NO,recyds,Travis Etienne Jr.,over,4.5,-230
2026-09-26T22:21:35.497153+00:00,2e523fcb0497aa689473e290eb2b97de,LV,NO,recyds,Travis Etienne Jr.,over,9.5,102
2026-09-26T22:21:35.497153+00:00,2e523fcb0497aa689473e290eb2b97de,LV,NO,recyds,Travis Etienne Jr.,over,14.5,182
2026-09-26T22:21:35.497153+00:00,2e523fcb0497aa689473e290eb2b97de,LV,NO,recyds,Travis Etienne Jr.,over,19.5,290
2026-09-26T22:21:35.497153+00:00,2e523fcb0497aa689473e290eb2b97de,LV,NO,recyds,Travis Etienne Jr.,over,24.5,430
2026-09-26T22:21:35.497153+00:00,2e523fcb0497aa689473e290eb2b97de,LV,NO,recyds,Travis Etienne Jr.,over,29.5,640
2026-09-26T22:21:35.497153+00:00,2e523fcb0497aa689473e290eb2b97de,LV,NO,recyds,Tre Tucker,over,14.5,-1000
2026-09-26T22:21:35.497153+00:00,2e523fcb0497aa689473e290eb2b97de,LV,NO,recyds,Tre Tucker,over,19.5,-550
2026-09-26T22:21:35.497153+00:00,2e523fcb0497aa689473e290eb2b97de,LV,NO,recyds,Tre Tucker,over,24.5,-360
2026-09-26T22:21:35.497153+00:00,2e523fcb0497aa689473e290eb2b97de,LV,NO,recyds,Tre Tucker,over,29.5,-260
2026-09-26T22:21:35.497153+00:00,2e523fcb0497aa689473e290eb2b97de,LV,NO,recyds,Tre Tucker,over,39.5,-144
2026-09-26T22:21:35.497153+00:00,2e523fcb0497aa689473e290eb2b97de,LV,NO,recyds,Tre Tucker,over,49.5,118
2026-09-26T22:21:35.497153+00:00,2e523fcb0497aa689473e290eb2b97de,LV,NO,recyds,Tre Tucker,over,59.5,182
2026-09-26T22:21:35.497153+00:00,2e523fcb0497aa689473e290eb2b97de,LV,NO,recyds,Tre Tucker,over,69.5,270
2026-09-26T22:21:35.497153+00:00,2e523fcb0497aa689473e290eb2b97de,LV,NO,recyds,Tre Tucker,over,79.5,400
2026-09-26T22:21:35.497153+00:00,2e523fcb0497aa689473e290eb2b97de,LV,NO,recyds,Tre Tucker,over,89.5,580
2026-09-26T22:21:35.497153+00:00,2e523fcb0497aa689473e290eb2b97de,LV,NO,recyds,Tre Tucker,over,99.5,800
2026-09-26T22:21:35.497153+00:00,2e523fcb0497aa689473e290eb2b97de,LV,NO,recyds,Tre Tucker,over,109.5,1000
2026-09-26T22:21:35.497153+00:00,2e523fcb0497aa689473e290eb2b97de,LV,NO,recyds,Tre Tucker,over,124.5,1500
2026-09-26T22:21:35.497153+00:00,2e523fcb0497aa689473e290eb2b97de,LV,NO,recyds,Jalen Nailor,over,4.5,-1000
2026-09-26T22:21:35.497153+00:00,2e523fcb0497aa689473e290eb2b97de,LV,NO,recyds,Jalen Nailor,over,9.5,-440
2026-09-26T22:21:35.497153+00:00,2e523fcb0497aa689473e290eb2b97de,LV,NO,recyds,Jalen Nailor,over,14.5,-260
2026-09-26T22:21:35.497153+00:00,2e523fcb0497aa689473e290eb2b97de,LV,NO,recyds,Jalen Nailor,over,19.5,-166
2026-09-26T22:21:35.497153+00:00,2e523fcb0497aa689473e290eb2b97de,LV,NO,recyds,Jalen Nailor,over,24.5,-114
2026-09-26T22:21:35.497153+00:00,2e523fcb0497aa689473e290eb2b97de,LV,NO,recyds,Jalen Nailor,over,29.5,120
2026-09-26T22:21:35.497153+00:00,2e523fcb0497aa689473e290eb2b97de,LV,NO,recyds,Jalen Nailor,over,39.5,210
2026-09-26T22:21:35.497153+00:00,2e523fcb0497aa689473e290eb2b97de,LV,NO,recyds,Jalen Nailor,over,49.5,350
2026-09-26T22:21:35.497153+00:00,2e523fcb0497aa689473e290eb2b97de,LV,NO,recyds,Jalen Nailor,over,59.5,550
2026-09-26T22:21:35.497153+00:00,2e523fcb0497aa689473e290eb2b97de,LV,NO,recyds,Jalen Nailor,over,69.5,800
2026-09-26T22:21:35.497153+00:00,2e523fcb0497aa689473e290eb2b97de,LV,NO,recyds,Chris Olave,over,39.5,-750
2026-09-26T22:21:35.497153+00:00,2e523fcb0497aa689473e290eb2b97de,LV,NO,recyds,Chris Olave,over,49.5,-400
2026-09-26T22:21:35.497153+00:00,2e523fcb0497aa689473e290eb2b97de,LV,NO,recyds,Chris Olave,over,59.5,-245
2026-09-26T22:21:35.497153+00:00,2e523fcb0497aa689473e290eb2b97de,LV,NO,recyds,Chris Olave,over,69.5,-154
2026-09-26T22:21:35.497153+00:00,2e523fcb0497aa689473e290eb2b97de,LV,NO,recyds,Chris Olave,over,79.5,100
2026-09-26T22:21:35.497153+00:00,2e523fcb0497aa689473e290eb2b97de,LV,NO,recyds,Chris Olave,over,89.5,148
2026-09-26T22:21:35.497153+00:00,2e523fcb0497aa689473e290eb2b97de,LV,NO,recyds,Chris Olave,over,99.5,210
2026-09-26T22:21:35.497153+00:00,2e523fcb0497aa689473e290eb2b97de,LV,NO,recyds,Chris Olave,over,109.5,290
2026-09-26T22:21:35.497153+00:00,2e523fcb0497aa689473e290eb2b97de,LV,NO,recyds,Chris Olave,over,124.5,450
2026-09-26T22:21:35.497153+00:00,2e523fcb0497aa689473e290eb2b97de,LV,NO,recyds,Chris Olave,over,149.5,880
2026-09-26T22:21:35.497153+00:00,2e523fcb0497aa689473e290eb2b97de,LV,NO,recyds,Chris Olave,over,174.5,1700
2026-09-26T22:21:35.497153+00:00,2e523fcb0497aa689473e290eb2b97de,LV,NO,recyds,Ashton Jeanty,over,4.5,-1400
2026-09-26T22:21:35.497153+00:00,2e523fcb0497aa689473e290eb2b97de,LV,NO,recyds,Ashton Jeanty,over,9.5,-470
2026-09-26T22:21:35.497153+00:00,2e523fcb0497aa689473e290eb2b97de,LV,NO,recyds,Ashton Jeanty,over,14.5,-260
2026-09-26T22:21:35.497153+00:00,2e523fcb0497aa689473e290eb2b97de,LV,NO,recyds,Ashton Jeanty,over,19.5,-154
2026-09-26T22:21:35.497153+00:00,2e523fcb0497aa689473e290eb2b97de,LV,NO,recyds,Ashton Jeanty,over,24.5,104
2026-09-26T22:21:35.497153+00:00,2e523fcb0497aa689473e290eb2b97de,LV,NO,recyds,Ashton Jeanty,over,29.5,152
2026-09-26T22:21:35.497153+00:00,2e523fcb0497aa689473e290eb2b97de,LV,NO,recyds,Ashton Jeanty,over,39.5,280
2026-09-26T22:21:35.497153+00:00,2e523fcb0497aa689473e290eb2b97de,LV,NO,recyds,Ashton Jeanty,over,49.5,490
2026-09-26T22:21:35.497153+00:00,2e523fcb0497aa689473e290eb2b97de,LV,NO,recyds,Ashton Jeanty,over,59.5,850
2026-09-26T22:21:35.497153+00:00,2e523fcb0497aa689473e290eb2b97de,LV,NO,recyds,Ashton Jeanty,over,69.5,1200
2026-09-26T22:21:35.497153+00:00,2e523fcb0497aa689473e290eb2b97de,LV,NO,recyds,Ashton Jeanty,over,79.5,1700
2026-09-26T22:21:35.497153+00:00,2e523fcb0497aa689473e290eb2b97de,LV,NO,recyds,Brock Bowers,over,14.5,-1200
2026-09-26T22:21:35.497153+00:00,2e523fcb0497aa689473e290eb2b97de,LV,NO,recyds,Brock Bowers,over,19.5,-650
2026-09-26T22:21:35.497153+00:00,2e523fcb0497aa689473e290eb2b97de,LV,NO,recyds,Brock Bowers,over,24.5,-440
2026-09-26T22:21:35.497153+00:00,2e523fcb0497aa689473e290eb2b97de,LV,NO,recyds,Brock Bowers,over,29.5,-310
2026-09-26T22:21:35.497153+00:00,2e523fcb0497aa689473e290eb2b97de,LV,NO,recyds,Brock Bowers,over,39.5,-166
2026-09-26T22:21:35.497153+00:00,2e523fcb0497aa689473e290eb2b97de,LV,NO,recyds,Brock Bowers,over,49.5,102
2026-09-26T22:21:35.497153+00:00,2e523fcb0497aa689473e290eb2b97de,LV,NO,recyds,Brock Bowers,over,59.5,162
2026-09-26T22:21:35.497153+00:00,2e523fcb0497aa689473e290eb2b97de,LV,NO,recyds,Brock Bowers,over,69.5,235
2026-09-26T22:21:35.497153+00:00,2e523fcb0497aa689473e290eb2b97de,LV,NO,recyds,Brock Bowers,over,79.5,350
2026-09-26T22:21:35.497153+00:00,2e523fcb0497aa689473e290eb2b97de,LV,NO,recyds,Brock Bowers,over,89.5,490
2026-09-26T22:21:35.497153+00:00,2e523fcb0497aa689473e290eb2b97de,LV,NO,recyds,Brock Bowers,over,99.5,680
2026-09-26T22:21:35.497153+00:00,2e523fcb0497aa689473e290eb2b97de,LV,NO,recyds,Brock Bowers,over,109.5,880
2026-09-26T22:21:35.497153+00:00,2e523fcb0497aa689473e290eb2b97de,LV,NO,recyds,Brock Bowers,over,124.5,1280
2026-09-26T22:21:35.497153+00:00,2e523fcb0497aa689473e290eb2b97de,LV,NO,recs,Devaughn Vele,over,2.5,-450
2026-09-26T22:21:35.497153+00:00,2e523fcb0497aa689473e290eb2b97de,LV,NO,recs,Devaughn Vele,over,3.5,-182
2026-09-26T22:21:35.497153+00:00,2e523fcb0497aa689473e290eb2b97de,LV,NO,recs,Devaughn Vele,over,4.5,122
2026-09-26T22:21:35.497153+00:00,2e523fcb0497aa689473e290eb2b97de,LV,NO,recs,Devaughn Vele,over,5.5,235
2026-09-26T22:21:35.497153+00:00,2e523fcb0497aa689473e290eb2b97de,LV,NO,recs,Devaughn Vele,over,6.5,450
2026-09-26T22:21:35.497153+00:00,2e523fcb0497aa689473e290eb2b97de,LV,NO,recs,Devaughn Vele,over,7.5,850
2026-09-26T22:21:35.497153+00:00,2e523fcb0497aa689473e290eb2b97de,LV,NO,recs,Devaughn Vele,over,8.5,1280
2026-09-26T22:21:35.497153+00:00,2e523fcb0497aa689473e290eb2b97de,LV,NO,recs,Alvin Kamara,over,1.5,-500
2026-09-26T22:21:35.497153+00:00,2e523fcb0497aa689473e290eb2b97de,LV,NO,recs,Alvin Kamara,over,2.5,-166
2026-09-26T22:21:35.497153+00:00,2e523fcb0497aa689473e290eb2b97de,LV,NO,recs,Alvin Kamara,over,3.5,144
2026-09-26T22:21:35.497153+00:00,2e523fcb0497aa689473e290eb2b97de,LV,NO,recs,Alvin Kamara,over,4.5,290
2026-09-26T22:21:35.497153+00:00,2e523fcb0497aa689473e290eb2b97de,LV,NO,recs,Alvin Kamara,over,5.5,580
2026-09-26T22:21:35.497153+00:00,2e523fcb0497aa689473e290eb2b97de,LV,NO,recs,Alvin Kamara,over,6.5,920
2026-09-26T22:21:35.497153+00:00,2e523fcb0497aa689473e290eb2b97de,LV,NO,recs,Brock Bowers,over,2.5,-500
2026-09-26T22:21:35.497153+00:00,2e523fcb0497aa689473e290eb2b97de,LV,NO,recs,Brock Bowers,over,3.5,-225
2026-09-26T22:21:35.497153+00:00,2e523fcb0497aa689473e290eb2b97de,LV,NO,recs,Brock Bowers,over,4.5,-110
2026-09-26T22:21:35.497153+00:00,2e523fcb0497aa689473e290eb2b97de,LV,NO,recs,Brock Bowers,over,5.5,168
2026-09-26T22:21:35.497153+00:00,2e523fcb0497aa689473e290eb2b97de,LV,NO,recs,Brock Bowers,over,6.5,280
2026-09-26T22:21:35.497153+00:00,2e523fcb0497aa689473e290eb2b97de,LV,NO,recs,Brock Bowers,over,7.5,430
2026-09-26T22:21:35.497153+00:00,2e523fcb0497aa689473e290eb2b97de,LV,NO,recs,Brock Bowers,over,8.5,680
2026-09-26T22:21:35.497153+00:00,2e523fcb0497aa689473e290eb2b97de,LV,NO,recs,Brock Bowers,over,9.5,920
2026-09-26T22:21:35.497153+00:00,2e523fcb0497aa689473e290eb2b97de,LV,NO,recs,Brock Bowers,over,10.5,1280
2026-09-26T22:21:35.497153+00:00,2e523fcb0497aa689473e290eb2b97de,LV,NO,recs,Brock Bowers,over,11.5,1700
2026-09-26T22:21:35.497153+00:00,2e523fcb0497aa689473e290eb2b97de,LV,NO,recs,Travis Etienne Jr.,over,0.5,-650
2026-09-26T22:21:35.497153+00:00,2e523fcb0497aa689473e290eb2b97de,LV,NO,recs,Travis Etienne Jr.,over,1.5,-136
2026-09-26T22:21:35.497153+00:00,2e523fcb0497aa689473e290eb2b97de,LV,NO,recs,Travis Etienne Jr.,over,2.5,220
2026-09-26T22:21:35.497153+00:00,2e523fcb0497aa689473e290eb2b97de,LV,NO,recs,Travis Etienne Jr.,over,3.5,520
2026-09-26T22:21:35.497153+00:00,2e523fcb0497aa689473e290eb2b97de,LV,NO,recs,Juwan Johnson,over,1.5,-900
2026-09-26T22:21:35.497153+00:00,2e523fcb0497aa689473e290eb2b97de,LV,NO,recs,Juwan Johnson,over,2.5,-260
2026-09-26T22:21:35.497153+00:00,2e523fcb0497aa689473e290eb2b97de,LV,NO,recs,Juwan Johnson,over,3.5,-102
2026-09-26T22:21:35.497153+00:00,2e523fcb0497aa689473e290eb2b97de,LV,NO,recs,Juwan Johnson,over,4.5,205
2026-09-26T22:21:35.497153+00:00,2e523fcb0497aa689473e290eb2b97de,LV,NO,recs,Juwan Johnson,over,5.5,400
2026-09-26T22:21:35.497153+00:00,2e523fcb0497aa689473e290eb2b97de,LV,NO,recs,Juwan Johnson,over,6.5,750
2026-09-26T22:21:35.497153+00:00,2e523fcb0497aa689473e290eb2b97de,LV,NO,recs,Juwan Johnson,over,7.5,1260
2026-09-26T22:21:35.497153+00:00,2e523fcb0497aa689473e290eb2b97de,LV,NO,recs,Tre Tucker,over,1.5,-1200
2026-09-26T22:21:35.497153+00:00,2e523fcb0497aa689473e290eb2b97de,LV,NO,recs,Tre Tucker,over,2.5,-320
2026-09-26T22:21:35.497153+00:00,2e523fcb0497aa689473e290eb2b97de,LV,NO,recs,Tre Tucker,over,3.5,-130
2026-09-26T22:21:35.497153+00:00,2e523fcb0497aa689473e290eb2b97de,LV,NO,recs,Tre Tucker,over,4.5,178
2026-09-26T22:21:35.497153+00:00,2e523fcb0497aa689473e290eb2b97de,LV,NO,recs,Tre Tucker,over,5.5,350
2026-09-26T22:21:35.497153+00:00,2e523fcb0497aa689473e290eb2b97de,LV,NO,recs,Tre Tucker,over,6.5,640
2026-09-26T22:21:35.497153+00:00,2e523fcb0497aa689473e290eb2b97de,LV,NO,recs,Tre Tucker,over,7.5,1100
2026-09-26T22:21:35.497153+00:00,2e523fcb0497aa689473e290eb2b97de,LV,NO,recs,Chris Olave,over,3.5,-900
2026-09-26T22:21:35.497153+00:00,2e523fcb0497aa689473e290eb2b97de,LV,NO,recs,Chris Olave,over,4.5,-350
2026-09-26T22:21:35.497153+00:00,2e523fcb0497aa689473e290eb2b97de,LV,NO,recs,Chris Olave,over,5.5,-172
2026-09-26T22:21:35.497153+00:00,2e523fcb0497aa689473e290eb2b97de,LV,NO,recs,Chris Olave,over,6.5,116
2026-09-26T22:21:35.497153+00:00,2e523fcb0497aa689473e290eb2b97de,LV,NO,recs,Chris Olave,over,7.5,200
2026-09-26T22:21:35.497153+00:00,2e523fcb0497aa689473e290eb2b97de,LV,NO,recs,Chris Olave,over,8.5,350
2026-09-26T22:21:35.497153+00:00,2e523fcb0497aa689473e290eb2b97de,LV,NO,recs,Chris Olave,over,9.5,580
2026-09-26T22:21:35.497153+00:00,2e523fcb0497aa689473e290eb2b97de,LV,NO,recs,Chris Olave,over,10.5,920
2026-09-26T22:21:35.497153+00:00,2e523fcb0497aa689473e290eb2b97de,LV,NO,recs,Chris Olave,over,11.5,1400
2026-09-26T22:21:35.497153+00:00,2e523fcb0497aa689473e290eb2b97de,LV,NO,recs,Jalen Nailor,over,0.5,-1800
2026-09-26T22:21:35.497153+00:00,2e523fcb0497aa689473e290eb2b97de,LV,NO,recs,Jalen Nailor,over,1.5,-270
2026-09-26T22:21:35.497153+00:00,2e523fcb0497aa689473e290eb2b97de,LV,NO,recs,Jalen Nailor,over,2.5,114
2026-09-26T22:21:35.497153+00:00,2e523fcb0497aa689473e290eb2b97de,LV,NO,recs,Jalen Nailor,over,3.5,280
2026-09-26T22:21:35.497153+00:00,2e523fcb0497aa689473e290eb2b97de,LV,NO,recs,Jalen Nailor,over,4.5,640
2026-09-26T22:21:35.497153+00:00,2e523fcb0497aa689473e290eb2b97de,LV,NO,recs,Ashton Jeanty,over,1.5,-1200
2026-09-26T22:21:35.497153+00:00,2e523fcb0497aa689473e290eb2b97de,LV,NO,recs,Ashton Jeanty,over,2.5,-340
2026-09-26T22:21:35.497153+00:00,2e523fcb0497aa689473e290eb2b97de,LV,NO,recs,Ashton Jeanty,over,3.5,-144
2026-09-26T22:21:35.497153+00:00,2e523fcb0497aa689473e290eb2b97de,LV,NO,recs,Ashton Jeanty,over,4.5,146
2026-09-26T22:21:35.497153+00:00,2e523fcb0497aa689473e290eb2b97de,LV,NO,recs,Ashton Jeanty,over,5.5,270
2026-09-26T22:21:35.497153+00:00,2e523fcb0497aa689473e290eb2b97de,LV,NO,recs,Ashton Jeanty,over,6.5,470
2026-09-26T22:21:35.497153+00:00,2e523fcb0497aa689473e290eb2b97de,LV,NO,recs,Ashton Jeanty,over,7.5,800
2026-09-26T22:21:35.497153+00:00,2e523fcb0497aa689473e290eb2b97de,LV,NO,recs,Ashton Jeanty,over,8.5,1260
2026-09-26T22:21:35.497153+00:00,3bfd8bfb4b8e9a365a0877879b73b16b,LA,DEN,passyds,Bo Nix,over,124.5,-1200
2026-09-26T22:21:35.497153+00:00,3bfd8bfb4b8e9a365a0877879b73b16b,LA,DEN,passyds,Bo Nix,over,149.5,-580
2026-09-26T22:21:35.497153+00:00,3bfd8bfb4b8e9a365a0877879b73b16b,LA,DEN,passyds,Bo Nix,over,174.5,-300
2026-09-26T22:21:35.497153+00:00,3bfd8bfb4b8e9a365a0877879b73b16b,LA,DEN,passyds,Bo Nix,over,199.5,-158
2026-09-26T22:21:35.497153+00:00,3bfd8bfb4b8e9a365a0877879b73b16b,LA,DEN,passyds,Bo Nix,over,224.5,120
2026-09-26T22:21:35.497153+00:00,3bfd8bfb4b8e9a365a0877879b73b16b,LA,DEN,passyds,Bo Nix,over,249.5,210
2026-09-26T22:21:35.497153+00:00,3bfd8bfb4b8e9a365a0877879b73b16b,LA,DEN,passyds,Bo Nix,over,274.5,370
2026-09-26T22:21:35.497153+00:00,3bfd8bfb4b8e9a365a0877879b73b16b,LA,DEN,passyds,Bo Nix,over,299.5,640
2026-09-26T22:21:35.497153+00:00,3bfd8bfb4b8e9a365a0877879b73b16b,LA,DEN,passyds,Bo Nix,over,324.5,1000
2026-09-26T22:21:35.497153+00:00,3bfd8bfb4b8e9a365a0877879b73b16b,LA,DEN,passyds,Bo Nix,over,349.5,1500
2026-09-26T22:21:35.497153+00:00,3bfd8bfb4b8e9a365a0877879b73b16b,LA,DEN,passyds,Matthew Stafford,over,149.5,-1450
2026-09-26T22:21:35.497153+00:00,3bfd8bfb4b8e9a365a0877879b73b16b,LA,DEN,passyds,Matthew Stafford,over,174.5,-670
2026-09-26T22:21:35.497153+00:00,3bfd8bfb4b8e9a365a0877879b73b16b,LA,DEN,passyds,Matthew Stafford,over,199.5,-340
2026-09-26T22:21:35.497153+00:00,3bfd8bfb4b8e9a365a0877879b73b16b,LA,DEN,passyds,Matthew Stafford,over,224.5,-182
2026-09-26T22:21:35.497153+00:00,3bfd8bfb4b8e9a365a0877879b73b16b,LA,DEN,passyds,Matthew Stafford,over,249.5,102
2026-09-26T22:21:35.497153+00:00,3bfd8bfb4b8e9a365a0877879b73b16b,LA,DEN,passyds,Matthew Stafford,over,274.5,182
2026-09-26T22:21:35.497153+00:00,3bfd8bfb4b8e9a365a0877879b73b16b,LA,DEN,passyds,Matthew Stafford,over,299.5,320
2026-09-26T22:21:35.497153+00:00,3bfd8bfb4b8e9a365a0877879b73b16b,LA,DEN,passyds,Matthew Stafford,over,324.5,550
2026-09-26T22:21:35.497153+00:00,3bfd8bfb4b8e9a365a0877879b73b16b,LA,DEN,passyds,Matthew Stafford,over,349.5,880
2026-09-26T22:21:35.497153+00:00,3bfd8bfb4b8e9a365a0877879b73b16b,LA,DEN,passyds,Matthew Stafford,over,374.5,1400
2026-09-26T22:21:35.497153+00:00,3bfd8bfb4b8e9a365a0877879b73b16b,LA,DEN,rushyds,Kyren Williams,over,24.5,-1200
2026-09-26T22:21:35.497153+00:00,3bfd8bfb4b8e9a365a0877879b73b16b,LA,DEN,rushyds,Kyren Williams,over,29.5,-670
2026-09-26T22:21:35.497153+00:00,3bfd8bfb4b8e9a365a0877879b73b16b,LA,DEN,rushyds,Kyren Williams,over,39.5,-300
2026-09-26T22:21:35.497153+00:00,3bfd8bfb4b8e9a365a0877879b73b16b,LA,DEN,rushyds,Kyren Williams,over,49.5,-158
2026-09-26T22:21:35.497153+00:00,3bfd8bfb4b8e9a365a0877879b73b16b,LA,DEN,rushyds,Kyren Williams,over,59.5,116
2026-09-26T22:21:35.497153+00:00,3bfd8bfb4b8e9a365a0877879b73b16b,LA,DEN,rushyds,Kyren Williams,over,69.5,194
2026-09-26T22:21:35.497153+00:00,3bfd8bfb4b8e9a365a0877879b73b16b,LA,DEN,rushyds,Kyren Williams,over,79.5,290
2026-09-26T22:21:35.497153+00:00,3bfd8bfb4b8e9a365a0877879b73b16b,LA,DEN,rushyds,Kyren Williams,over,89.5,430
2026-09-26T22:21:35.497153+00:00,3bfd8bfb4b8e9a365a0877879b73b16b,LA,DEN,rushyds,Kyren Williams,over,99.5,640
2026-09-26T22:21:35.497153+00:00,3bfd8bfb4b8e9a365a0877879b73b16b,LA,DEN,rushyds,Kyren Williams,over,109.5,880
2026-09-26T22:21:35.497153+00:00,3bfd8bfb4b8e9a365a0877879b73b16b,LA,DEN,rushyds,Kyren Williams,over,124.5,1280
2026-09-26T22:21:35.497153+00:00,3bfd8bfb4b8e9a365a0877879b73b16b,LA,DEN,rushyds,J.K. Dobbins,over,19.5,-1600
2026-09-26T22:21:35.497153+00:00,3bfd8bfb4b8e9a365a0877879b73b16b,LA,DEN,rushyds,J.K. Dobbins,over,24.5,-750
2026-09-26T22:21:35.497153+00:00,3bfd8bfb4b8e9a365a0877879b73b16b,LA,DEN,rushyds,J.K. Dobbins,over,29.5,-470
2026-09-26T22:21:35.497153+00:00,3bfd8bfb4b8e9a365a0877879b73b16b,LA,DEN,rushyds,J.K. Dobbins,over,39.5,-225
2026-09-26T22:21:35.497153+00:00,3bfd8bfb4b8e9a365a0877879b73b16b,LA,DEN,rushyds,J.K. Dobbins,over,49.5,-122
2026-09-26T22:21:35.497153+00:00,3bfd8bfb4b8e9a365a0877879b73b16b,LA,DEN,rushyds,J.K. Dobbins,over,59.5,142
2026-09-26T22:21:35.497153+00:00,3bfd8bfb4b8e9a365a0877879b73b16b,LA,DEN,rushyds,J.K. Dobbins,over,69.5,225
2026-09-26T22:21:35.497153+00:00,3bfd8bfb4b8e9a365a0877879b73b16b,LA,DEN,rushyds,J.K. Dobbins,over,79.5,350
2026-09-26T22:21:35.497153+00:00,3bfd8bfb4b8e9a365a0877879b73b16b,LA,DEN,rushyds,J.K. Dobbins,over,89.5,490
2026-09-26T22:21:35.497153+00:00,3bfd8bfb4b8e9a365a0877879b73b16b,LA,DEN,rushyds,J.K. Dobbins,over,99.5,750
2026-09-26T22:21:35.497153+00:00,3bfd8bfb4b8e9a365a0877879b73b16b,LA,DEN,rushyds,J.K. Dobbins,over,109.5,920
2026-09-26T22:21:35.497153+00:00,3bfd8bfb4b8e9a365a0877879b73b16b,LA,DEN,rushyds,J.K. Dobbins,over,124.5,1400
2026-09-26T22:21:35.497153+00:00,3bfd8bfb4b8e9a365a0877879b73b16b,LA,DEN,rushyds,Matthew Stafford,over,4.5,210
2026-09-26T22:21:35.497153+00:00,3bfd8bfb4b8e9a365a0877879b73b16b,LA,DEN,rushyds,Matthew Stafford,over,9.5,430
2026-09-26T22:21:35.497153+00:00,3bfd8bfb4b8e9a365a0877879b73b16b,LA,DEN,rushyds,Matthew Stafford,over,14.5,800
2026-09-26T22:21:35.497153+00:00,3bfd8bfb4b8e9a365a0877879b73b16b,LA,DEN,rushyds,RJ Harvey,over,4.5,-1450
2026-09-26T22:21:35.497153+00:00,3bfd8bfb4b8e9a365a0877879b73b16b,LA,DEN,rushyds,RJ Harvey,over,9.5,-420
2026-09-26T22:21:35.497153+00:00,3bfd8bfb4b8e9a365a0877879b73b16b,LA,DEN,rushyds,RJ Harvey,over,14.5,-210
2026-09-26T22:21:35.497153+00:00,3bfd8bfb4b8e9a365a0877879b73b16b,LA,DEN,rushyds,RJ Harvey,over,19.5,-114
2026-09-26T22:21:35.497153+00:00,3bfd8bfb4b8e9a365a0877879b73b16b,LA,DEN,rushyds,RJ Harvey,over,24.5,140
2026-09-26T22:21:35.497153+00:00,3bfd8bfb4b8e9a365a0877879b73b16b,LA,DEN,rushyds,RJ Harvey,over,29.5,198
2026-09-26T22:21:35.497153+00:00,3bfd8bfb4b8e9a365a0877879b73b16b,LA,DEN,rushyds,RJ Harvey,over,39.5,390
2026-09-26T22:21:35.497153+00:00,3bfd8bfb4b8e9a365a0877879b73b16b,LA,DEN,rushyds,RJ Harvey,over,49.5,680
2026-09-26T22:21:35.497153+00:00,3bfd8bfb4b8e9a365a0877879b73b16b,LA,DEN,rushyds,Blake Corum,over,19.5,-1200
2026-09-26T22:21:35.497153+00:00,3bfd8bfb4b8e9a365a0877879b73b16b,LA,DEN,rushyds,Blake Corum,over,24.5,-600
2026-09-26T22:21:35.497153+00:00,3bfd8bfb4b8e9a365a0877879b73b16b,LA,DEN,rushyds,Blake Corum,over,29.5,-390
2026-09-26T22:21:35.497153+00:00,3bfd8bfb4b8e9a365a0877879b73b16b,LA,DEN,rushyds,Blake Corum,over,39.5,-182
2026-09-26T22:21:35.497153+00:00,3bfd8bfb4b8e9a365a0877879b73b16b,LA,DEN,rushyds,Blake Corum,over,49.5,104
2026-09-26T22:21:35.497153+00:00,3bfd8bfb4b8e9a365a0877879b73b16b,LA,DEN,rushyds,Blake Corum,over,59.5,182
2026-09-26T22:21:35.497153+00:00,3bfd8bfb4b8e9a365a0877879b73b16b,LA,DEN,rushyds,Blake Corum,over,69.5,280
2026-09-26T22:21:35.497153+00:00,3bfd8bfb4b8e9a365a0877879b73b16b,LA,DEN,rushyds,Blake Corum,over,79.5,430
2026-09-26T22:21:35.497153+00:00,3bfd8bfb4b8e9a365a0877879b73b16b,LA,DEN,rushyds,Blake Corum,over,89.5,640
2026-09-26T22:21:35.497153+00:00,3bfd8bfb4b8e9a365a0877879b73b16b,LA,DEN,rushyds,Blake Corum,over,99.5,920
2026-09-26T22:21:35.497153+00:00,3bfd8bfb4b8e9a365a0877879b73b16b,LA,DEN,rushyds,Blake Corum,over,109.5,1280
2026-09-26T22:21:35.497153+00:00,3bfd8bfb4b8e9a365a0877879b73b16b,LA,DEN,rushyds,Bo Nix,over,4.5,-800
2026-09-26T22:21:35.497153+00:00,3bfd8bfb4b8e9a365a0877879b73b16b,LA,DEN,rushyds,Bo Nix,over,9.5,-300
2026-09-26T22:21:35.497153+00:00,3bfd8bfb4b8e9a365a0877879b73b16b,LA,DEN,rushyds,Bo Nix,over,14.5,-146
2026-09-26T22:21:35.497153+00:00,3bfd8bfb4b8e9a365a0877879b73b16b,LA,DEN,rushyds,Bo Nix,over,19.5,122
2026-09-26T22:21:35.497153+00:00,3bfd8bfb4b8e9a365a0877879b73b16b,LA,DEN,rushyds,Bo Nix,over,24.5,194
2026-09-26T22:21:35.497153+00:00,3bfd8bfb4b8e9a365a0877879b73b16b,LA,DEN,rushyds,Bo Nix,over,29.5,300
2026-09-26T22:21:35.497153+00:00,3bfd8bfb4b8e9a365a0877879b73b16b,LA,DEN,rushyds,Bo Nix,over,39.5,640
2026-09-26T22:21:35.497153+00:00,3bfd8bfb4b8e9a365a0877879b73b16b,LA,DEN,rushyds,Bo Nix,over,49.5,1200
2026-09-26T22:21:35.497153+00:00,3bfd8bfb4b8e9a365a0877879b73b16b,LA,DEN,recyds,Davante Adams,over,29.5,-1400
2026-09-26T22:21:35.497153+00:00,3bfd8bfb4b8e9a365a0877879b73b16b,LA,DEN,recyds,Davante Adams,over,39.5,-580
2026-09-26T22:21:35.497153+00:00,3bfd8bfb4b8e9a365a0877879b73b16b,LA,DEN,recyds,Davante Adams,over,49.5,-320
2026-09-26T22:21:35.497153+00:00,3bfd8bfb4b8e9a365a0877879b73b16b,LA,DEN,recyds,Davante Adams,over,59.5,-194
2026-09-26T22:21:35.497153+00:00,3bfd8bfb4b8e9a365a0877879b73b16b,LA,DEN,recyds,Davante Adams,over,69.5,-125
2026-09-26T22:21:35.497153+00:00,3bfd8bfb4b8e9a365a0877879b73b16b,LA,DEN,recyds,Davante Adams,over,79.5,120
2026-09-26T22:21:35.497153+00:00,3bfd8bfb4b8e9a365a0877879b73b16b,LA,DEN,recyds,Davante Adams,over,89.5,174
2026-09-26T22:21:35.497153+00:00,3bfd8bfb4b8e9a365a0877879b73b16b,LA,DEN,recyds,Davante Adams,over,99.5,240
2026-09-26T22:21:35.497153+00:00,3bfd8bfb4b8e9a365a0877879b73b16b,LA,DEN,recyds,Davante Adams,over,109.5,320
2026-09-26T22:21:35.497153+00:00,3bfd8bfb4b8e9a365a0877879b73b16b,LA,DEN,recyds,Davante Adams,over,124.5,550
2026-09-26T22:21:35.497153+00:00,3bfd8bfb4b8e9a365a0877879b73b16b,LA,DEN,recyds,Davante Adams,over,149.5,1000
2026-09-26T22:21:35.497153+00:00,3bfd8bfb4b8e9a365a0877879b73b16b,LA,DEN,recyds,RJ Harvey,over,4.5,-670
2026-09-26T22:21:35.497153+00:00,3bfd8bfb4b8e9a365a0877879b73b16b,LA,DEN,recyds,RJ Harvey,over,9.5,-280
2026-09-26T22:21:35.497153+00:00,3bfd8bfb4b8e9a365a0877879b73b16b,LA,DEN,recyds,RJ Harvey,over,14.5,-158
2026-09-26T22:21:35.497153+00:00,3bfd8bfb4b8e9a365a0877879b73b16b,LA,DEN,recyds,RJ Harvey,over,19.5,104
2026-09-26T22:21:35.497153+00:00,3bfd8bfb4b8e9a365a0877879b73b16b,LA,DEN,recyds,RJ Harvey,over,24.5,158
2026-09-26T22:21:35.497153+00:00,3bfd8bfb4b8e9a365a0877879b73b16b,LA,DEN,recyds,RJ Harvey,over,29.5,225
2026-09-26T22:21:35.497153+00:00,3bfd8bfb4b8e9a365a0877879b73b16b,LA,DEN,recyds,RJ Harvey,over,39.5,430
2026-09-26T22:21:35.497153+00:00,3bfd8bfb4b8e9a365a0877879b73b16b,LA,DEN,recyds,RJ Harvey,over,49.5,750
2026-09-26T22:21:35.497153+00:00,3bfd8bfb4b8e9a365a0877879b73b16b,LA,DEN,recyds,Evan Engram,over,4.5,-1000
2026-09-26T22:21:35.497153+00:00,3bfd8bfb4b8e9a365a0877879b73b16b,LA,DEN,recyds,Evan Engram,over,9.5,-420
2026-09-26T22:21:35.497153+00:00,3bfd8bfb4b8e9a365a0877879b73b16b,LA,DEN,recyds,Evan Engram,over,14.5,-225
2026-09-26T22:21:35.497153+00:00,3bfd8bfb4b8e9a365a0877879b73b16b,LA,DEN,recyds,Evan Engram,over,19.5,-138
2026-09-26T22:21:35.497153+00:00,3bfd8bfb4b8e9a365a0877879b73b16b,LA,DEN,recyds,Evan Engram,over,24.5,114
2026-09-26T22:21:35.497153+00:00,3bfd8bfb4b8e9a365a0877879b73b16b,LA,DEN,recyds,Evan Engram,over,29.5,168
2026-09-26T22:21:35.497153+00:00,3bfd8bfb4b8e9a365a0877879b73b16b,LA,DEN,recyds,Evan Engram,over,39.5,310
2026-09-26T22:21:35.497153+00:00,3bfd8bfb4b8e9a365a0877879b73b16b,LA,DEN,recyds,Evan Engram,over,49.5,580
2026-09-26T22:21:35.497153+00:00,3bfd8bfb4b8e9a365a0877879b73b16b,LA,DEN,recyds,Evan Engram,over,59.5,920
2026-09-26T22:21:35.497153+00:00,3bfd8bfb4b8e9a365a0877879b73b16b,LA,DEN,recyds,Evan Engram,over,69.5,1280
2026-09-26T22:21:35.497153+00:00,3bfd8bfb4b8e9a365a0877879b73b16b,LA,DEN,recyds,Pat Bryant,over,4.5,-1200
2026-09-26T22:21:35.497153+00:00,3bfd8bfb4b8e9a365a0877879b73b16b,LA,DEN,recyds,Pat Bryant,over,9.5,-470
2026-09-26T22:21:35.497153+00:00,3bfd8bfb4b8e9a365a0877879b73b16b,LA,DEN,recyds,Pat Bryant,over,14.5,-275
2026-09-26T22:21:35.497153+00:00,3bfd8bfb4b8e9a365a0877879b73b16b,LA,DEN,recyds,Pat Bryant,over,19.5,-174
2026-09-26T22:21:35.497153+00:00,3bfd8bfb4b8e9a365a0877879b73b16b,LA,DEN,recyds,Pat Bryant,over,24.5,-114
2026-09-26T22:21:35.497153+00:00,3bfd8bfb4b8e9a365a0877879b73b16b,LA,DEN,recyds,Pat Bryant,over,29.5,126
2026-09-26T22:21:35.497153+00:00,3bfd8bfb4b8e9a365a0877879b73b16b,LA,DEN,recyds,Pat Bryant,over,39.5,235
2026-09-26T22:21:35.497153+00:00,3bfd8bfb4b8e9a365a0877879b73b16b,LA,DEN,recyds,Pat Bryant,over,49.5,390
2026-09-26T22:21:35.497153+00:00,3bfd8bfb4b8e9a365a0877879b73b16b,LA,DEN,recyds,Pat Bryant,over,59.5,630
2026-09-26T22:21:35.497153+00:00,3bfd8bfb4b8e9a365a0877879b73b16b,LA,DEN,recyds,Pat Bryant,over,69.5,920
2026-09-26T22:21:35.497153+00:00,3bfd8bfb4b8e9a365a0877879b73b16b,LA,DEN,recyds,Pat Bryant,over,79.5,1280
2026-09-26T22:21:35.497153+00:00,3bfd8bfb4b8e9a365a0877879b73b16b,LA,DEN,recyds,Courtland Sutton,over,9.5,-1200
2026-09-26T22:21:35.497153+00:00,3bfd8bfb4b8e9a365a0877879b73b16b,LA,DEN,recyds,Courtland Sutton,over,14.5,-600
2026-09-26T22:21:35.497153+00:00,3bfd8bfb4b8e9a365a0877879b73b16b,LA,DEN,recyds,Courtland Sutton,over,19.5,-360
2026-09-26T22:21:35.497153+00:00,3bfd8bfb4b8e9a365a0877879b73b16b,LA,DEN,recyds,Courtland Sutton,over,24.5,-245
2026-09-26T22:21:35.497153+00:00,3bfd8bfb4b8e9a365a0877879b73b16b,LA,DEN,recyds,Courtland Sutton,over,29.5,-178
2026-09-26T22:21:35.497153+00:00,3bfd8bfb4b8e9a365a0877879b73b16b,LA,DEN,recyds,Courtland Sutton,over,39.5,104
2026-09-26T22:21:35.497153+00:00,3bfd8bfb4b8e9a365a0877879b73b16b,LA,DEN,recyds,Courtland Sutton,over,49.5,178
2026-09-26T22:21:35.497153+00:00,3bfd8bfb4b8e9a365a0877879b73b16b,LA,DEN,recyds,Courtland Sutton,over,59.5,270
2026-09-26T22:21:35.497153+00:00,3bfd8bfb4b8e9a365a0877879b73b16b,LA,DEN,recyds,Courtland Sutton,over,69.5,410
2026-09-26T22:21:35.497153+00:00,3bfd8bfb4b8e9a365a0877879b73b16b,LA,DEN,recyds,Courtland Sutton,over,79.5,630
2026-09-26T22:21:35.497153+00:00,3bfd8bfb4b8e9a365a0877879b73b16b,LA,DEN,recyds,Courtland Sutton,over,89.5,880
2026-09-26T22:21:35.497153+00:00,3bfd8bfb4b8e9a365a0877879b73b16b,LA,DEN,recyds,Courtland Sutton,over,99.5,1200
2026-09-26T22:21:35.497153+00:00,3bfd8bfb4b8e9a365a0877879b73b16b,LA,DEN,recyds,Courtland Sutton,over,109.5,1500
2026-09-26T22:21:35.497153+00:00,3bfd8bfb4b8e9a365a0877879b73b16b,LA,DEN,recyds,Jaylen Waddle,over,19.5,-1800
2026-09-26T22:21:35.497153+00:00,3bfd8bfb4b8e9a365a0877879b73b16b,LA,DEN,recyds,Jaylen Waddle,over,24.5,-1000
2026-09-26T22:21:35.497153+00:00,3bfd8bfb4b8e9a365a0877879b73b16b,LA,DEN,recyds,Jaylen Waddle,over,29.5,-650
2026-09-26T22:21:35.497153+00:00,3bfd8bfb4b8e9a365a0877879b73b16b,LA,DEN,recyds,Jaylen Waddle,over,39.5,-320
2026-09-26T22:21:35.497153+00:00,3bfd8bfb4b8e9a365a0877879b73b16b,LA,DEN,recyds,Jaylen Waddle,over,49.5,-188
2026-09-26T22:21:35.497153+00:00,3bfd8bfb4b8e9a365a0877879b73b16b,LA,DEN,recyds,Jaylen Waddle,over,59.5,-114
2026-09-26T22:21:35.497153+00:00,3bfd8bfb4b8e9a365a0877879b73b16b,LA,DEN,recyds,Jaylen Waddle,over,69.5,138
2026-09-26T22:21:35.497153+00:00,3bfd8bfb4b8e9a365a0877879b73b16b,LA,DEN,recyds,Jaylen Waddle,over,79.5,198
2026-09-26T22:21:35.497153+00:00,3bfd8bfb4b8e9a365a0877879b73b16b,LA,DEN,recyds,Jaylen Waddle,over,89.5,280
2026-09-26T22:21:35.497153+00:00,3bfd8bfb4b8e9a365a0877879b73b16b,LA,DEN,recyds,Jaylen Waddle,over,99.5,390
2026-09-26T22:21:35.497153+00:00,3bfd8bfb4b8e9a365a0877879b73b16b,LA,DEN,recyds,Jaylen Waddle,over,109.5,550
2026-09-26T22:21:35.497153+00:00,3bfd8bfb4b8e9a365a0877879b73b16b,LA,DEN,recyds,Jaylen Waddle,over,124.5,880
2026-09-26T22:21:35.497153+00:00,3bfd8bfb4b8e9a365a0877879b73b16b,LA,DEN,recyds,Jaylen Waddle,over,149.5,1500
2026-09-26T22:21:35.497153+00:00,3bfd8bfb4b8e9a365a0877879b73b16b,LA,DEN,recyds,Terrance Ferguson,over,14.5,-1450
2026-09-26T22:21:35.497153+00:00,3bfd8bfb4b8e9a365a0877879b73b16b,LA,DEN,recyds,Terrance Ferguson,over,19.5,-850
2026-09-26T22:21:35.497153+00:00,3bfd8bfb4b8e9a365a0877879b73b16b,LA,DEN,recyds,Terrance Ferguson,over,24.5,-550
2026-09-26T22:21:35.497153+00:00,3bfd8bfb4b8e9a365a0877879b73b16b,LA,DEN,recyds,Terrance Ferguson,over,29.5,-380
2026-09-26T22:21:35.497153+00:00,3bfd8bfb4b8e9a365a0877879b73b16b,LA,DEN,recyds,Terrance Ferguson,over,39.5,-205
2026-09-26T22:21:35.497153+00:00,3bfd8bfb4b8e9a365a0877879b73b16b,LA,DEN,recyds,Terrance Ferguson,over,49.5,-120
2026-09-26T22:21:35.497153+00:00,3bfd8bfb4b8e9a365a0877879b73b16b,LA,DEN,recyds,Terrance Ferguson,over,59.5,134
2026-09-26T22:21:35.497153+00:00,3bfd8bfb4b8e9a365a0877879b73b16b,LA,DEN,recyds,Terrance Ferguson,over,69.5,200
2026-09-26T22:21:35.497153+00:00,3bfd8bfb4b8e9a365a0877879b73b16b,LA,DEN,recyds,Terrance Ferguson,over,79.5,290
2026-09-26T22:21:35.497153+00:00,3bfd8bfb4b8e9a365a0877879b73b16b,LA,DEN,recyds,Terrance Ferguson,over,89.5,410
2026-09-26T22:21:35.497153+00:00,3bfd8bfb4b8e9a365a0877879b73b16b,LA,DEN,recyds,Terrance Ferguson,over,99.5,580
2026-09-26T22:21:35.497153+00:00,3bfd8bfb4b8e9a365a0877879b73b16b,LA,DEN,recyds,Terrance Ferguson,over,109.5,800
2026-09-26T22:21:35.497153+00:00,3bfd8bfb4b8e9a365a0877879b73b16b,LA,DEN,recyds,Terrance Ferguson,over,124.5,1200
2026-09-26T22:21:35.497153+00:00,3bfd8bfb4b8e9a365a0877879b73b16b,LA,DEN,recyds,Kyren Williams,over,4.5,-390
2026-09-26T22:21:35.497153+00:00,3bfd8bfb4b8e9a365a0877879b73b16b,LA,DEN,recyds,Kyren Williams,over,9.5,-168
2026-09-26T22:21:35.497153+00:00,3bfd8bfb4b8e9a365a0877879b73b16b,LA,DEN,recyds,Kyren Williams,over,14.5,108
2026-09-26T22:21:35.497153+00:00,3bfd8bfb4b8e9a365a0877879b73b16b,LA,DEN,recyds,Kyren Williams,over,19.5,178
2026-09-26T22:21:35.497153+00:00,3bfd8bfb4b8e9a365a0877879b73b16b,LA,DEN,recyds,Kyren Williams,over,24.5,270
2026-09-26T22:21:35.497153+00:00,3bfd8bfb4b8e9a365a0877879b73b16b,LA,DEN,recyds,Kyren Williams,over,29.5,370
2026-09-26T22:21:35.497153+00:00,3bfd8bfb4b8e9a365a0877879b73b16b,LA,DEN,recyds,Kyren Williams,over,39.5,700
2026-09-26T22:21:35.497153+00:00,3bfd8bfb4b8e9a365a0877879b73b16b,LA,DEN,recyds,Kyren Williams,over,49.5,1100
2026-09-26T22:21:35.497153+00:00,3bfd8bfb4b8e9a365a0877879b73b16b,LA,DEN,recs,RJ Harvey,over,1.5,-420
2026-09-26T22:21:35.497153+00:00,3bfd8bfb4b8e9a365a0877879b73b16b,LA,DEN,recs,RJ Harvey,over,2.5,-140
2026-09-26T22:21:35.497153+00:00,3bfd8bfb4b8e9a365a0877879b73b16b,LA,DEN,recs,RJ Harvey,over,3.5,164
2026-09-26T22:21:35.497153+00:00,3bfd8bfb4b8e9a365a0877879b73b16b,LA,DEN,recs,RJ Harvey,over,4.5,320
2026-09-26T22:21:35.497153+00:00,3bfd8bfb4b8e9a365a0877879b73b16b,LA,DEN,recs,RJ Harvey,over,5.5,640
2026-09-26T22:21:35.497153+00:00,3bfd8bfb4b8e9a365a0877879b73b16b,LA,DEN,recs,Courtland Sutton,over,1.5,-800
2026-09-26T22:21:35.497153+00:00,3bfd8bfb4b8e9a365a0877879b73b16b,LA,DEN,recs,Courtland Sutton,over,2.5,-245
2026-09-26T22:21:35.497153+00:00,3bfd8bfb4b8e9a365a0877879b73b16b,LA,DEN,recs,Courtland Sutton,over,3.5,102
2026-09-26T22:21:35.497153+00:00,3bfd8bfb4b8e9a365a0877879b73b16b,LA,DEN,recs,Courtland Sutton,over,4.5,220
2026-09-26T22:21:35.497153+00:00,3bfd8bfb4b8e9a365a0877879b73b16b,LA,DEN,recs,Courtland Sutton,over,5.5,430
2026-09-26T22:21:35.497153+00:00,3bfd8bfb4b8e9a365a0877879b73b16b,LA,DEN,recs,Courtland Sutton,over,6.5,800
2026-09-26T22:21:35.497153+00:00,3bfd8bfb4b8e9a365a0877879b73b16b,LA,DEN,recs,Courtland Sutton,over,7.5,1280
2026-09-26T22:21:35.497153+00:00,3bfd8bfb4b8e9a365a0877879b73b16b,LA,DEN,recs,Pat Bryant,over,1.5,-420
2026-09-26T22:21:35.497153+00:00,3bfd8bfb4b8e9a365a0877879b73b16b,LA,DEN,recs,Pat Bryant,over,2.5,-136
2026-09-26T22:21:35.497153+00:00,3bfd8bfb4b8e9a365a0877879b73b16b,LA,DEN,recs,Pat Bryant,over,3.5,182
2026-09-26T22:21:35.497153+00:00,3bfd8bfb4b8e9a365a0877879b73b16b,LA,DEN,recs,Pat Bryant,over,4.5,390
2026-09-26T22:21:35.497153+00:00,3bfd8bfb4b8e9a365a0877879b73b16b,LA,DEN,recs,Pat Bryant,over,5.5,800
2026-09-26T22:21:35.497153+00:00,3bfd8bfb4b8e9a365a0877879b73b16b,LA,DEN,recs,Pat Bryant,over,6.5,1400
2026-09-26T22:21:35.497153+00:00,3bfd8bfb4b8e9a365a0877879b73b16b,LA,DEN,recs,Davante Adams,over,3.5,-650
2026-09-26T22:21:35.497153+00:00,3bfd8bfb4b8e9a365a0877879b73b16b,LA,DEN,recs,Davante Adams,over,4.5,-260
2026-09-26T22:21:35.497153+00:00,3bfd8bfb4b8e9a365a0877879b73b16b,LA,DEN,recs,Davante Adams,over,5.5,-130
2026-09-26T22:21:35.497153+00:00,3bfd8bfb4b8e9a365a0877879b73b16b,LA,DEN,recs,Davante Adams,over,6.5,152
2026-09-26T22:21:35.497153+00:00,3bfd8bfb4b8e9a365a0877879b73b16b,LA,DEN,recs,Davante Adams,over,7.5,270
2026-09-26T22:21:35.497153+00:00,3bfd8bfb4b8e9a365a0877879b73b16b,LA,DEN,recs,Davante Adams,over,8.5,450
2026-09-26T22:21:35.497153+00:00,3bfd8bfb4b8e9a365a0877879b73b16b,LA,DEN,recs,Davante Adams,over,9.5,750
2026-09-26T22:21:35.497153+00:00,3bfd8bfb4b8e9a365a0877879b73b16b,LA,DEN,recs,Davante Adams,over,10.5,1200
2026-09-26T22:21:35.497153+00:00,3bfd8bfb4b8e9a365a0877879b73b16b,LA,DEN,recs,Evan Engram,over,1.5,-380
2026-09-26T22:21:35.497153+00:00,3bfd8bfb4b8e9a365a0877879b73b16b,LA,DEN,recs,Evan Engram,over,2.5,-130
2026-09-26T22:21:35.497153+00:00,3bfd8bfb4b8e9a365a0877879b73b16b,LA,DEN,recs,Evan Engram,over,3.5,188
2026-09-26T22:21:35.497153+00:00,3bfd8bfb4b8e9a365a0877879b73b16b,LA,DEN,recs,Evan Engram,over,4.5,400
2026-09-26T22:21:35.497153+00:00,3bfd8bfb4b8e9a365a0877879b73b16b,LA,DEN,recs,Evan Engram,over,5.5,800
2026-09-26T22:21:35.497153+00:00,3bfd8bfb4b8e9a365a0877879b73b16b,LA,DEN,recs,Evan Engram,over,6.5,1400
2026-09-26T22:21:35.497153+00:00,3bfd8bfb4b8e9a365a0877879b73b16b,LA,DEN,recs,Terrance Ferguson,over,1.5,-1800
2026-09-26T22:21:35.497153+00:00,3bfd8bfb4b8e9a365a0877879b73b16b,LA,DEN,recs,Terrance Ferguson,over,2.5,-420
2026-09-26T22:21:35.497153+00:00,3bfd8bfb4b8e9a365a0877879b73b16b,LA,DEN,recs,Terrance Ferguson,over,3.5,-172
2026-09-26T22:21:35.497153+00:00,3bfd8bfb4b8e9a365a0877879b73b16b,LA,DEN,recs,Terrance Ferguson,over,4.5,126
2026-09-26T22:21:35.497153+00:00,3bfd8bfb4b8e9a365a0877879b73b16b,LA,DEN,recs,Terrance Ferguson,over,5.5,240
2026-09-26T22:21:35.497153+00:00,3bfd8bfb4b8e9a365a0877879b73b16b,LA,DEN,recs,Terrance Ferguson,over,6.5,430
2026-09-26T22:21:35.497153+00:00,3bfd8bfb4b8e9a365a0877879b73b16b,LA,DEN,recs,Terrance Ferguson,over,7.5,750
2026-09-26T22:21:35.497153+00:00,3bfd8bfb4b8e9a365a0877879b73b16b,LA,DEN,recs,Terrance Ferguson,over,8.5,1200
2026-09-26T22:21:35.497153+00:00,3bfd8bfb4b8e9a365a0877879b73b16b,LA,DEN,recs,Kyren Williams,over,0.5,-1400
2026-09-26T22:21:35.497153+00:00,3bfd8bfb4b8e9a365a0877879b73b16b,LA,DEN,recs,Kyren Williams,over,1.5,-240
2026-09-26T22:21:35.497153+00:00,3bfd8bfb4b8e9a365a0877879b73b16b,LA,DEN,recs,Kyren Williams,over,2.5,124
2026-09-26T22:21:35.497153+00:00,3bfd8bfb4b8e9a365a0877879b73b16b,LA,DEN,recs,Kyren Williams,over,3.5,290
2026-09-26T22:21:35.497153+00:00,3bfd8bfb4b8e9a365a0877879b73b16b,LA,DEN,recs,Kyren Williams,over,4.5,630
2026-09-26T22:21:35.497153+00:00,3bfd8bfb4b8e9a365a0877879b73b16b,LA,DEN,recs,Kyren Williams,over,5.5,1100
2026-09-26T22:21:35.497153+00:00,3bfd8bfb4b8e9a365a0877879b73b16b,LA,DEN,recs,Jaylen Waddle,over,2.5,-1000
2026-09-26T22:21:35.497153+00:00,3bfd8bfb4b8e9a365a0877879b73b16b,LA,DEN,recs,Jaylen Waddle,over,3.5,-330
2026-09-26T22:21:35.497153+00:00,3bfd8bfb4b8e9a365a0877879b73b16b,LA,DEN,recs,Jaylen Waddle,over,4.5,-154
2026-09-26T22:21:35.497153+00:00,3bfd8bfb4b8e9a365a0877879b73b16b,LA,DEN,recs,Jaylen Waddle,over,5.5,136
2026-09-26T22:21:35.497153+00:00,3bfd8bfb4b8e9a365a0877879b73b16b,LA,DEN,recs,Jaylen Waddle,over,6.5,250
2026-09-26T22:21:35.497153+00:00,3bfd8bfb4b8e9a365a0877879b73b16b,LA,DEN,recs,Jaylen Waddle,over,7.5,450
2026-09-26T22:21:35.497153+00:00,3bfd8bfb4b8e9a365a0877879b73b16b,LA,DEN,recs,Jaylen Waddle,over,8.5,750
2026-09-26T22:21:35.497153+00:00,3bfd8bfb4b8e9a365a0877879b73b16b,LA,DEN,recs,Jaylen Waddle,over,9.5,1200
2026-09-26T22:21:35.497153+00:00,47dc7baa254659f3beb2ed2b38c207b6,PHI,CHI,passyds,Tyson Bagent,over,99.5,-800
2026-09-26T22:21:35.497153+00:00,47dc7baa254659f3beb2ed2b38c207b6,PHI,CHI,passyds,Tyson Bagent,over,124.5,-400
2026-09-26T22:21:35.497153+00:00,47dc7baa254659f3beb2ed2b38c207b6,PHI,CHI,passyds,Tyson Bagent,over,149.5,-215
2026-09-26T22:21:35.497153+00:00,47dc7baa254659f3beb2ed2b38c207b6,PHI,CHI,passyds,Tyson Bagent,over,174.5,-118
2026-09-26T22:21:35.497153+00:00,47dc7baa254659f3beb2ed2b38c207b6,PHI,CHI,passyds,Tyson Bagent,over,199.5,152
2026-09-26T22:21:35.497153+00:00,47dc7baa254659f3beb2ed2b38c207b6,PHI,CHI,passyds,Tyson Bagent,over,224.5,240
2026-09-26T22:21:35.497153+00:00,47dc7baa254659f3beb2ed2b38c207b6,PHI,CHI,passyds,Tyson Bagent,over,249.5,390
2026-09-26T22:21:35.497153+00:00,47dc7baa254659f3beb2ed2b38c207b6,PHI,CHI,passyds,Tyson Bagent,over,274.5,630
2026-09-26T22:21:35.497153+00:00,47dc7baa254659f3beb2ed2b38c207b6,PHI,CHI,passyds,Tyson Bagent,over,299.5,920
2026-09-26T22:21:35.497153+00:00,47dc7baa254659f3beb2ed2b38c207b6,PHI,CHI,passyds,Tyson Bagent,over,324.5,1400
2026-09-26T22:21:35.497153+00:00,47dc7baa254659f3beb2ed2b38c207b6,PHI,CHI,passyds,Jalen Hurts,over,124.5,-1800
2026-09-26T22:21:35.497153+00:00,47dc7baa254659f3beb2ed2b38c207b6,PHI,CHI,passyds,Jalen Hurts,over,149.5,-700
2026-09-26T22:21:35.497153+00:00,47dc7baa254659f3beb2ed2b38c207b6,PHI,CHI,passyds,Jalen Hurts,over,174.5,-340
2026-09-26T22:21:35.497153+00:00,47dc7baa254659f3beb2ed2b38c207b6,PHI,CHI,passyds,Jalen Hurts,over,199.5,-182
2026-09-26T22:21:35.497153+00:00,47dc7baa254659f3beb2ed2b38c207b6,PHI,CHI,passyds,Jalen Hurts,over,224.5,102
2026-09-26T22:21:35.497153+00:00,47dc7baa254659f3beb2ed2b38c207b6,PHI,CHI,passyds,Jalen Hurts,over,249.5,182
2026-09-26T22:21:35.497153+00:00,47dc7baa254659f3beb2ed2b38c207b6,PHI,CHI,passyds,Jalen Hurts,over,274.5,310
2026-09-26T22:21:35.497153+00:00,47dc7baa254659f3beb2ed2b38c207b6,PHI,CHI,passyds,Jalen Hurts,over,299.5,550
2026-09-26T22:21:35.497153+00:00,47dc7baa254659f3beb2ed2b38c207b6,PHI,CHI,passyds,Jalen Hurts,over,324.5,880
2026-09-26T22:21:35.497153+00:00,47dc7baa254659f3beb2ed2b38c207b6,PHI,CHI,passyds,Jalen Hurts,over,349.5,1280
2026-09-26T22:21:35.497153+00:00,47dc7baa254659f3beb2ed2b38c207b6,PHI,CHI,rushyds,Saquon Barkley,over,39.5,-800
2026-09-26T22:21:35.497153+00:00,47dc7baa254659f3beb2ed2b38c207b6,PHI,CHI,rushyds,Saquon Barkley,over,49.5,-390
2026-09-26T22:21:35.497153+00:00,47dc7baa254659f3beb2ed2b38c207b6,PHI,CHI,rushyds,Saquon Barkley,over,59.5,-215
2026-09-26T22:21:35.497153+00:00,47dc7baa254659f3beb2ed2b38c207b6,PHI,CHI,rushyds,Saquon Barkley,over,69.5,-130
2026-09-26T22:21:35.497153+00:00,47dc7baa254659f3beb2ed2b38c207b6,PHI,CHI,rushyds,Saquon Barkley,over,79.5,124
2026-09-26T22:21:35.497153+00:00,47dc7baa254659f3beb2ed2b38c207b6,PHI,CHI,rushyds,Saquon Barkley,over,89.5,188
2026-09-26T22:21:35.497153+00:00,47dc7baa254659f3beb2ed2b38c207b6,PHI,CHI,rushyds,Saquon Barkley,over,99.5,280
2026-09-26T22:21:35.497153+00:00,47dc7baa254659f3beb2ed2b38c207b6,PHI,CHI,rushyds,Saquon Barkley,over,109.5,400
2026-09-26T22:21:35.497153+00:00,47dc7baa254659f3beb2ed2b38c207b6,PHI,CHI,rushyds,Saquon Barkley,over,124.5,680
2026-09-26T22:21:35.497153+00:00,47dc7baa254659f3beb2ed2b38c207b6,PHI,CHI,rushyds,Saquon Barkley,over,149.5,1400
2026-09-26T22:21:35.497153+00:00,47dc7baa254659f3beb2ed2b38c207b6,PHI,CHI,rushyds,Jalen Hurts,over,9.5,-750
2026-09-26T22:21:35.497153+00:00,47dc7baa254659f3beb2ed2b38c207b6,PHI,CHI,rushyds,Jalen Hurts,over,14.5,-350
2026-09-26T22:21:35.497153+00:00,47dc7baa254659f3beb2ed2b38c207b6,PHI,CHI,rushyds,Jalen Hurts,over,19.5,-192
2026-09-26T22:21:35.497153+00:00,47dc7baa254659f3beb2ed2b38c207b6,PHI,CHI,rushyds,Jalen Hurts,over,24.5,-114
2026-09-26T22:21:35.497153+00:00,47dc7baa254659f3beb2ed2b38c207b6,PHI,CHI,rushyds,Jalen Hurts,over,29.5,136
2026-09-26T22:21:35.497153+00:00,47dc7baa254659f3beb2ed2b38c207b6,PHI,CHI,rushyds,Jalen Hurts,over,39.5,280
2026-09-26T22:21:35.497153+00:00,47dc7baa254659f3beb2ed2b38c207b6,PHI,CHI,rushyds,Jalen Hurts,over,49.5,520
2026-09-26T22:21:35.497153+00:00,47dc7baa254659f3beb2ed2b38c207b6,PHI,CHI,rushyds,Jalen Hurts,over,59.5,850
2026-09-26T22:21:35.497153+00:00,47dc7baa254659f3beb2ed2b38c207b6,PHI,CHI,rushyds,Jalen Hurts,over,69.5,1260
2026-09-26T22:21:35.497153+00:00,47dc7baa254659f3beb2ed2b38c207b6,PHI,CHI,rushyds,Kyle Monangai,over,14.5,-1000
2026-09-26T22:21:35.497153+00:00,47dc7baa254659f3beb2ed2b38c207b6,PHI,CHI,rushyds,Kyle Monangai,over,19.5,-500
2026-09-26T22:21:35.497153+00:00,47dc7baa254659f3beb2ed2b38c207b6,PHI,CHI,rushyds,Kyle Monangai,over,24.5,-310
2026-09-26T22:21:35.497153+00:00,47dc7baa254659f3beb2ed2b38c207b6,PHI,CHI,rushyds,Kyle Monangai,over,29.5,-205
2026-09-26T22:21:35.497153+00:00,47dc7baa254659f3beb2ed2b38c207b6,PHI,CHI,rushyds,Kyle Monangai,over,39.5,100
2026-09-26T22:21:35.497153+00:00,47dc7baa254659f3beb2ed2b38c207b6,PHI,CHI,rushyds,Kyle Monangai,over,49.5,178
2026-09-26T22:21:35.497153+00:00,47dc7baa254659f3beb2ed2b38c207b6,PHI,CHI,rushyds,Kyle Monangai,over,59.5,280
2026-09-26T22:21:35.497153+00:00,47dc7baa254659f3beb2ed2b38c207b6,PHI,CHI,rushyds,Kyle Monangai,over,69.5,450
2026-09-26T22:21:35.497153+00:00,47dc7baa254659f3beb2ed2b38c207b6,PHI,CHI,rushyds,Kyle Monangai,over,79.5,680
2026-09-26T22:21:35.497153+00:00,47dc7baa254659f3beb2ed2b38c207b6,PHI,CHI,rushyds,Kyle Monangai,over,89.5,920
2026-09-26T22:21:35.497153+00:00,47dc7baa254659f3beb2ed2b38c207b6,PHI,CHI,rushyds,Kyle Monangai,over,99.5,1280
2026-09-26T22:21:35.497153+00:00,47dc7baa254659f3beb2ed2b38c207b6,PHI,CHI,rushyds,D'Andre Swift,over,24.5,-1200
2026-09-26T22:21:35.497153+00:00,47dc7baa254659f3beb2ed2b38c207b6,PHI,CHI,rushyds,D'Andre Swift,over,29.5,-700
2026-09-26T22:21:35.497153+00:00,47dc7baa254659f3beb2ed2b38c207b6,PHI,CHI,rushyds,D'Andre Swift,over,39.5,-330
2026-09-26T22:21:35.497153+00:00,47dc7baa254659f3beb2ed2b38c207b6,PHI,CHI,rushyds,D'Andre Swift,over,49.5,-192
2026-09-26T22:21:35.497153+00:00,47dc7baa254659f3beb2ed2b38c207b6,PHI,CHI,rushyds,D'Andre Swift,over,59.5,-114
2026-09-26T22:21:35.497153+00:00,47dc7baa254659f3beb2ed2b38c207b6,PHI,CHI,rushyds,D'Andre Swift,over,69.5,136
2026-09-26T22:21:35.497153+00:00,47dc7baa254659f3beb2ed2b38c207b6,PHI,CHI,rushyds,D'Andre Swift,over,79.5,198
2026-09-26T22:21:35.497153+00:00,47dc7baa254659f3beb2ed2b38c207b6,PHI,CHI,rushyds,D'Andre Swift,over,89.5,280
2026-09-26T22:21:35.497153+00:00,47dc7baa254659f3beb2ed2b38c207b6,PHI,CHI,rushyds,D'Andre Swift,over,99.5,400
2026-09-26T22:21:35.497153+00:00,47dc7baa254659f3beb2ed2b38c207b6,PHI,CHI,rushyds,D'Andre Swift,over,109.5,580
2026-09-26T22:21:35.497153+00:00,47dc7baa254659f3beb2ed2b38c207b6,PHI,CHI,rushyds,D'Andre Swift,over,124.5,880
2026-09-26T22:21:35.497153+00:00,47dc7baa254659f3beb2ed2b38c207b6,PHI,CHI,rushyds,D'Andre Swift,over,149.5,1700
2026-09-26T22:21:35.497153+00:00,47dc7baa254659f3beb2ed2b38c207b6,PHI,CHI,recyds,Luther Burden III,over,9.5,-1100
2026-09-26T22:21:35.497153+00:00,47dc7baa254659f3beb2ed2b38c207b6,PHI,CHI,recyds,Luther Burden III,over,14.5,-550
2026-09-26T22:21:35.497153+00:00,47dc7baa254659f3beb2ed2b38c207b6,PHI,CHI,recyds,Luther Burden III,over,19.5,-340
2026-09-26T22:21:35.497153+00:00,47dc7baa254659f3beb2ed2b38c207b6,PHI,CHI,recyds,Luther Burden III,over,24.5,-240
2026-09-26T22:21:35.497153+00:00,47dc7baa254659f3beb2ed2b38c207b6,PHI,CHI,recyds,Luther Burden III,over,29.5,-168
2026-09-26T22:21:35.497153+00:00,47dc7baa254659f3beb2ed2b38c207b6,PHI,CHI,recyds,Luther Burden III,over,39.5,108
2026-09-26T22:21:35.497153+00:00,47dc7baa254659f3beb2ed2b38c207b6,PHI,CHI,recyds,Luther Burden III,over,49.5,182
2026-09-26T22:21:35.497153+00:00,47dc7baa254659f3beb2ed2b38c207b6,PHI,CHI,recyds,Luther Burden III,over,59.5,280
2026-09-26T22:21:35.497153+00:00,47dc7baa254659f3beb2ed2b38c207b6,PHI,CHI,recyds,Luther Burden III,over,69.5,410
2026-09-26T22:21:35.497153+00:00,47dc7baa254659f3beb2ed2b38c207b6,PHI,CHI,recyds,Luther Burden III,over,79.5,640
2026-09-26T22:21:35.497153+00:00,47dc7baa254659f3beb2ed2b38c207b6,PHI,CHI,recyds,Luther Burden III,over,89.5,880
2026-09-26T22:21:35.497153+00:00,47dc7baa254659f3beb2ed2b38c207b6,PHI,CHI,recyds,Luther Burden III,over,99.5,1200
2026-09-26T22:21:35.497153+00:00,47dc7baa254659f3beb2ed2b38c207b6,PHI,CHI,recyds,Luther Burden III,over,109.5,1500
2026-09-26T22:21:35.497153+00:00,47dc7baa254659f3beb2ed2b38c207b6,PHI,CHI,recyds,Dontayvion Wicks,over,9.5,-1200
2026-09-26T22:21:35.497153+00:00,47dc7baa254659f3beb2ed2b38c207b6,PHI,CHI,recyds,Dontayvion Wicks,over,14.5,-700
2026-09-26T22:21:35.497153+00:00,47dc7baa254659f3beb2ed2b38c207b6,PHI,CHI,recyds,Dontayvion Wicks,over,19.5,-440
2026-09-26T22:21:35.497153+00:00,47dc7baa254659f3beb2ed2b38c207b6,PHI,CHI,recyds,Dontayvion Wicks,over,24.5,-310
2026-09-26T22:21:35.497153+00:00,47dc7baa254659f3beb2ed2b38c207b6,PHI,CHI,recyds,Dontayvion Wicks,over,29.5,-230
2026-09-26T22:21:35.497153+00:00,47dc7baa254659f3beb2ed2b38c207b6,PHI,CHI,recyds,Dontayvion Wicks,over,39.5,-136
2026-09-26T22:21:35.497153+00:00,47dc7baa254659f3beb2ed2b38c207b6,PHI,CHI,recyds,Dontayvion Wicks,over,49.5,122
2026-09-26T22:21:35.497153+00:00,47dc7baa254659f3beb2ed2b38c207b6,PHI,CHI,recyds,Dontayvion Wicks,over,59.5,182
2026-09-26T22:21:35.497153+00:00,47dc7baa254659f3beb2ed2b38c207b6,PHI,CHI,recyds,Dontayvion Wicks,over,69.5,270
2026-09-26T22:21:35.497153+00:00,47dc7baa254659f3beb2ed2b38c207b6,PHI,CHI,recyds,Dontayvion Wicks,over,79.5,370
2026-09-26T22:21:35.497153+00:00,47dc7baa254659f3beb2ed2b38c207b6,PHI,CHI,recyds,Dontayvion Wicks,over,89.5,550
2026-09-26T22:21:35.497153+00:00,47dc7baa254659f3beb2ed2b38c207b6,PHI,CHI,recyds,Dontayvion Wicks,over,99.5,750
2026-09-26T22:21:35.497153+00:00,47dc7baa254659f3beb2ed2b38c207b6,PHI,CHI,recyds,Dontayvion Wicks,over,109.5,920
2026-09-26T22:21:35.497153+00:00,47dc7baa254659f3beb2ed2b38c207b6,PHI,CHI,recyds,Dontayvion Wicks,over,124.5,1280
2026-09-26T22:21:35.497153+00:00,47dc7baa254659f3beb2ed2b38c207b6,PHI,CHI,recyds,Saquon Barkley,over,4.5,-420
2026-09-26T22:21:35.497153+00:00,47dc7baa254659f3beb2ed2b38c207b6,PHI,CHI,recyds,Saquon Barkley,over,9.5,-188
2026-09-26T22:21:35.497153+00:00,47dc7baa254659f3beb2ed2b38c207b6,PHI,CHI,recyds,Saquon Barkley,over,14.5,-102
2026-09-26T22:21:35.497153+00:00,47dc7baa254659f3beb2ed2b38c207b6,PHI,CHI,recyds,Saquon Barkley,over,19.5,162
2026-09-26T22:21:35.497153+00:00,47dc7baa254659f3beb2ed2b38c207b6,PHI,CHI,recyds,Saquon Barkley,over,24.5,240
2026-09-26T22:21:35.497153+00:00,47dc7baa254659f3beb2ed2b38c207b6,PHI,CHI,recyds,Saquon Barkley,over,29.5,350
2026-09-26T22:21:35.497153+00:00,47dc7baa254659f3beb2ed2b38c207b6,PHI,CHI,recyds,Saquon Barkley,over,39.5,640
2026-09-26T22:21:35.497153+00:00,47dc7baa254659f3beb2ed2b38c207b6,PHI,CHI,recyds,Saquon Barkley,over,49.5,1100
2026-09-26T22:21:35.497153+00:00,47dc7baa254659f3beb2ed2b38c207b6,PHI,CHI,recyds,Saquon Barkley,over,59.5,1500
2026-09-26T22:21:35.497153+00:00,47dc7baa254659f3beb2ed2b38c207b6,PHI,CHI,recyds,DeVonta Smith,over,29.5,-1400
2026-09-26T22:21:35.497153+00:00,47dc7baa254659f3beb2ed2b38c207b6,PHI,CHI,recyds,DeVonta Smith,over,39.5,-600
2026-09-26T22:21:35.497153+00:00,47dc7baa254659f3beb2ed2b38c207b6,PHI,CHI,recyds,DeVonta Smith,over,49.5,-330
2026-09-26T22:21:35.497153+00:00,47dc7baa254659f3beb2ed2b38c207b6,PHI,CHI,recyds,DeVonta Smith,over,59.5,-205
2026-09-26T22:21:35.497153+00:00,47dc7baa254659f3beb2ed2b38c207b6,PHI,CHI,recyds,DeVonta Smith,over,69.5,-132
2026-09-26T22:21:35.497153+00:00,47dc7baa254659f3beb2ed2b38c207b6,PHI,CHI,recyds,DeVonta Smith,over,79.5,118
2026-09-26T22:21:35.497153+00:00,47dc7baa254659f3beb2ed2b38c207b6,PHI,CHI,recyds,DeVonta Smith,over,89.5,174
2026-09-26T22:21:35.497153+00:00,47dc7baa254659f3beb2ed2b38c207b6,PHI,CHI,recyds,DeVonta Smith,over,99.5,235
2026-09-26T22:21:35.497153+00:00,47dc7baa254659f3beb2ed2b38c207b6,PHI,CHI,recyds,DeVonta Smith,over,109.5,320
2026-09-26T22:21:35.497153+00:00,47dc7baa254659f3beb2ed2b38c207b6,PHI,CHI,recyds,DeVonta Smith,over,124.5,520
2026-09-26T22:21:35.497153+00:00,47dc7baa254659f3beb2ed2b38c207b6,PHI,CHI,recyds,DeVonta Smith,over,149.5,920
2026-09-26T22:21:35.497153+00:00,47dc7baa254659f3beb2ed2b38c207b6,PHI,CHI,recyds,D'Andre Swift,over,4.5,-275
2026-09-26T22:21:35.497153+00:00,47dc7baa254659f3beb2ed2b38c207b6,PHI,CHI,recyds,D'Andre Swift,over,9.5,-130
2026-09-26T22:21:35.497153+00:00,47dc7baa254659f3beb2ed2b38c207b6,PHI,CHI,recyds,D'Andre Swift,over,14.5,136
2026-09-26T22:21:35.497153+00:00,47dc7baa254659f3beb2ed2b38c207b6,PHI,CHI,recyds,D'Andre Swift,over,19.5,210
2026-09-26T22:21:35.497153+00:00,47dc7baa254659f3beb2ed2b38c207b6,PHI,CHI,recyds,D'Andre Swift,over,24.5,310
2026-09-26T22:21:35.497153+00:00,47dc7baa254659f3beb2ed2b38c207b6,PHI,CHI,recyds,D'Andre Swift,over,29.5,430
2026-09-26T22:21:35.497153+00:00,47dc7baa254659f3beb2ed2b38c207b6,PHI,CHI,recyds,D'Andre Swift,over,39.5,750
2026-09-26T22:21:35.497153+00:00,47dc7baa254659f3beb2ed2b38c207b6,PHI,CHI,recyds,Rome Odunze,over,4.5,-900
2026-09-26T22:21:35.497153+00:00,47dc7baa254659f3beb2ed2b38c207b6,PHI,CHI,recyds,Rome Odunze,over,9.5,-440
2026-09-26T22:21:35.497153+00:00,47dc7baa254659f3beb2ed2b38c207b6,PHI,CHI,recyds,Rome Odunze,over,14.5,-270
2026-09-26T22:21:35.497153+00:00,47dc7baa254659f3beb2ed2b38c207b6,PHI,CHI,recyds,Rome Odunze,over,19.5,-178
2026-09-26T22:21:35.497153+00:00,47dc7baa254659f3beb2ed2b38c207b6,PHI,CHI,recyds,Rome Odunze,over,24.5,-125
2026-09-26T22:21:35.497153+00:00,47dc7baa254659f3beb2ed2b38c207b6,PHI,CHI,recyds,Rome Odunze,over,29.5,114
2026-09-26T22:21:35.497153+00:00,47dc7baa254659f3beb2ed2b38c207b6,PHI,CHI,recyds,Rome Odunze,over,39.5,198
2026-09-26T22:21:35.497153+00:00,47dc7baa254659f3beb2ed2b38c207b6,PHI,CHI,recyds,Rome Odunze,over,49.5,320
2026-09-26T22:21:35.497153+00:00,47dc7baa254659f3beb2ed2b38c207b6,PHI,CHI,recyds,Rome Odunze,over,59.5,490
2026-09-26T22:21:35.497153+00:00,47dc7baa254659f3beb2ed2b38c207b6,PHI,CHI,recyds,Rome Odunze,over,69.5,700
2026-09-26T22:21:35.497153+00:00,47dc7baa254659f3beb2ed2b38c207b6,PHI,CHI,recyds,Rome Odunze,over,79.5,920
2026-09-26T22:21:35.497153+00:00,47dc7baa254659f3beb2ed2b38c207b6,PHI,CHI,recyds,Rome Odunze,over,89.5,1280
2026-09-26T22:21:35.497153+00:00,47dc7baa254659f3beb2ed2b38c207b6,PHI,CHI,recyds,Colston Loveland,over,9.5,-1000
2026-09-26T22:21:35.497153+00:00,47dc7baa254659f3beb2ed2b38c207b6,PHI,CHI,recyds,Colston Loveland,over,14.5,-550
2026-09-26T22:21:35.497153+00:00,47dc7baa254659f3beb2ed2b38c207b6,PHI,CHI,recyds,Colston Loveland,over,19.5,-340
2026-09-26T22:21:35.497153+00:00,47dc7baa254659f3beb2ed2b38c207b6,PHI,CHI,recyds,Colston Loveland,over,24.5,-235
2026-09-26T22:21:35.497153+00:00,47dc7baa254659f3beb2ed2b38c207b6,PHI,CHI,recyds,Colston Loveland,over,29.5,-166
2026-09-26T22:21:35.497153+00:00,47dc7baa254659f3beb2ed2b38c207b6,PHI,CHI,recyds,Colston Loveland,over,39.5,108
2026-09-26T22:21:35.497153+00:00,47dc7baa254659f3beb2ed2b38c207b6,PHI,CHI,recyds,Colston Loveland,over,49.5,178
2026-09-26T22:21:35.497153+00:00,47dc7baa254659f3beb2ed2b38c207b6,PHI,CHI,recyds,Colston Loveland,over,59.5,270
2026-09-26T22:21:35.497153+00:00,47dc7baa254659f3beb2ed2b38c207b6,PHI,CHI,recyds,Colston Loveland,over,69.5,400
2026-09-26T22:21:35.497153+00:00,47dc7baa254659f3beb2ed2b38c207b6,PHI,CHI,recyds,Colston Loveland,over,79.5,630
2026-09-26T22:21:35.497153+00:00,47dc7baa254659f3beb2ed2b38c207b6,PHI,CHI,recyds,Colston Loveland,over,89.5,850
2026-09-26T22:21:35.497153+00:00,47dc7baa254659f3beb2ed2b38c207b6,PHI,CHI,recyds,Colston Loveland,over,99.5,1200
2026-09-26T22:21:35.497153+00:00,47dc7baa254659f3beb2ed2b38c207b6,PHI,CHI,recyds,Colston Loveland,over,109.5,1500
2026-09-26T22:21:35.497153+00:00,47dc7baa254659f3beb2ed2b38c207b6,PHI,CHI,recyds,Makai Lemon,over,4.5,-900
2026-09-26T22:21:35.497153+00:00,47dc7baa254659f3beb2ed2b38c207b6,PHI,CHI,recyds,Makai Lemon,over,9.5,-440
2026-09-26T22:21:35.497153+00:00,47dc7baa254659f3beb2ed2b38c207b6,PHI,CHI,recyds,Makai Lemon,over,14.5,-270
2026-09-26T22:21:35.497153+00:00,47dc7baa254659f3beb2ed2b38c207b6,PHI,CHI,recyds,Makai Lemon,over,19.5,-188
2026-09-26T22:21:35.497153+00:00,47dc7baa254659f3beb2ed2b38c207b6,PHI,CHI,recyds,Makai Lemon,over,24.5,-132
2026-09-26T22:21:35.497153+00:00,47dc7baa254659f3beb2ed2b38c207b6,PHI,CHI,recyds,Makai Lemon,over,29.5,104
2026-09-26T22:21:35.497153+00:00,47dc7baa254659f3beb2ed2b38c207b6,PHI,CHI,recyds,Makai Lemon,over,39.5,182
2026-09-26T22:21:35.497153+00:00,47dc7baa254659f3beb2ed2b38c207b6,PHI,CHI,recyds,Makai Lemon,over,49.5,280
2026-09-26T22:21:35.497153+00:00,47dc7baa254659f3beb2ed2b38c207b6,PHI,CHI,recyds,Makai Lemon,over,59.5,410
2026-09-26T22:21:35.497153+00:00,47dc7baa254659f3beb2ed2b38c207b6,PHI,CHI,recyds,Makai Lemon,over,69.5,640
2026-09-26T22:21:35.497153+00:00,47dc7baa254659f3beb2ed2b38c207b6,PHI,CHI,recyds,Makai Lemon,over,79.5,880
2026-09-26T22:21:35.497153+00:00,47dc7baa254659f3beb2ed2b38c207b6,PHI,CHI,recyds,Makai Lemon,over,89.5,1200
2026-09-26T22:21:35.497153+00:00,47dc7baa254659f3beb2ed2b38c207b6,PHI,CHI,recyds,Makai Lemon,over,99.5,1500
2026-09-26T22:21:35.497153+00:00,47dc7baa254659f3beb2ed2b38c207b6,PHI,CHI,recyds,Kalif Raymond,over,4.5,-1100
2026-09-26T22:21:35.497153+00:00,47dc7baa254659f3beb2ed2b38c207b6,PHI,CHI,recyds,Kalif Raymond,over,9.5,-450
2026-09-26T22:21:35.497153+00:00,47dc7baa254659f3beb2ed2b38c207b6,PHI,CHI,recyds,Kalif Raymond,over,14.5,-270
2026-09-26T22:21:35.497153+00:00,47dc7baa254659f3beb2ed2b38c207b6,PHI,CHI,recyds,Kalif Raymond,over,19.5,-172
2026-09-26T22:21:35.497153+00:00,47dc7baa254659f3beb2ed2b38c207b6,PHI,CHI,recyds,Kalif Raymond,over,24.5,-114
2026-09-26T22:21:35.497153+00:00,47dc7baa254659f3beb2ed2b38c207b6,PHI,CHI,recyds,Kalif Raymond,over,29.5,122
2026-09-26T22:21:35.497153+00:00,47dc7baa254659f3beb2ed2b38c207b6,PHI,CHI,recyds,Kalif Raymond,over,39.5,220
2026-09-26T22:21:35.497153+00:00,47dc7baa254659f3beb2ed2b38c207b6,PHI,CHI,recyds,Kalif Raymond,over,49.5,360
2026-09-26T22:21:35.497153+00:00,47dc7baa254659f3beb2ed2b38c207b6,PHI,CHI,recyds,Kalif Raymond,over,59.5,550
2026-09-26T22:21:35.497153+00:00,47dc7baa254659f3beb2ed2b38c207b6,PHI,CHI,recyds,Kalif Raymond,over,69.5,880
2026-09-26T22:21:35.497153+00:00,47dc7baa254659f3beb2ed2b38c207b6,PHI,CHI,recyds,Kalif Raymond,over,79.5,1200
2026-09-26T22:21:35.497153+00:00,47dc7baa254659f3beb2ed2b38c207b6,PHI,CHI,recyds,Kalif Raymond,over,89.5,1700
2026-09-26T22:21:35.497153+00:00,47dc7baa254659f3beb2ed2b38c207b6,PHI,CHI,recyds,Cole Kmet,over,4.5,-245
2026-09-26T22:21:35.497153+00:00,47dc7baa254659f3beb2ed2b38c207b6,PHI,CHI,recyds,Cole Kmet,over,9.5,-114
2026-09-26T22:21:35.497153+00:00,47dc7baa254659f3beb2ed2b38c207b6,PHI,CHI,recyds,Cole Kmet,over,14.5,154
2026-09-26T22:21:35.497153+00:00,47dc7baa254659f3beb2ed2b38c207b6,PHI,CHI,recyds,Cole Kmet,over,19.5,240
2026-09-26T22:21:35.497153+00:00,47dc7baa254659f3beb2ed2b38c207b6,PHI,CHI,recyds,Cole Kmet,over,24.5,390
2026-09-26T22:21:35.497153+00:00,47dc7baa254659f3beb2ed2b38c207b6,PHI,CHI,recyds,Cole Kmet,over,29.5,550
2026-09-26T22:21:35.497153+00:00,47dc7baa254659f3beb2ed2b38c207b6,PHI,CHI,recs,Dontayvion Wicks,over,1.5,-580
2026-09-26T22:21:35.497153+00:00,47dc7baa254659f3beb2ed2b38c207b6,PHI,CHI,recs,Dontayvion Wicks,over,2.5,-192
2026-09-26T22:21:35.497153+00:00,47dc7baa254659f3beb2ed2b38c207b6,PHI,CHI,recs,Dontayvion Wicks,over,3.5,128
2026-09-26T22:21:35.497153+00:00,47dc7baa254659f3beb2ed2b38c207b6,PHI,CHI,recs,Dontayvion Wicks,over,4.5,260
2026-09-26T22:21:35.497153+00:00,47dc7baa254659f3beb2ed2b38c207b6,PHI,CHI,recs,Dontayvion Wicks,over,5.5,490
2026-09-26T22:21:35.497153+00:00,47dc7baa254659f3beb2ed2b38c207b6,PHI,CHI,recs,Dontayvion Wicks,over,6.5,880
2026-09-26T22:21:35.497153+00:00,47dc7baa254659f3beb2ed2b38c207b6,PHI,CHI,recs,Dontayvion Wicks,over,7.5,1280
2026-09-26T22:21:35.497153+00:00,47dc7baa254659f3beb2ed2b38c207b6,PHI,CHI,recs,Cole Kmet,over,0.5,-490
2026-09-26T22:21:35.497153+00:00,47dc7baa254659f3beb2ed2b38c207b6,PHI,CHI,recs,Cole Kmet,over,1.5,-108
2026-09-26T22:21:35.497153+00:00,47dc7baa254659f3beb2ed2b38c207b6,PHI,CHI,recs,Cole Kmet,over,2.5,265
2026-09-26T22:21:35.497153+00:00,47dc7baa254659f3beb2ed2b38c207b6,PHI,CHI,recs,Cole Kmet,over,3.5,630
2026-09-26T22:21:35.497153+00:00,47dc7baa254659f3beb2ed2b38c207b6,PHI,CHI,recs,Kalif Raymond,over,1.5,-420
2026-09-26T22:21:35.497153+00:00,47dc7baa254659f3beb2ed2b38c207b6,PHI,CHI,recs,Kalif Raymond,over,2.5,-152
2026-09-26T22:21:35.497153+00:00,47dc7baa254659f3beb2ed2b38c207b6,PHI,CHI,recs,Kalif Raymond,over,3.5,154
2026-09-26T22:21:35.497153+00:00,47dc7baa254659f3beb2ed2b38c207b6,PHI,CHI,recs,Kalif Raymond,over,4.5,300
2026-09-26T22:21:35.497153+00:00,47dc7baa254659f3beb2ed2b38c207b6,PHI,CHI,recs,Kalif Raymond,over,5.5,580
2026-09-26T22:21:35.497153+00:00,47dc7baa254659f3beb2ed2b38c207b6,PHI,CHI,recs,Kalif Raymond,over,6.5,920
2026-09-26T22:21:35.497153+00:00,47dc7baa254659f3beb2ed2b38c207b6,PHI,CHI,recs,Kalif Raymond,over,7.5,1500
2026-09-26T22:21:35.497153+00:00,47dc7baa254659f3beb2ed2b38c207b6,PHI,CHI,recs,Luther Burden III,over,1.5,-1100
2026-09-26T22:21:35.497153+00:00,47dc7baa254659f3beb2ed2b38c207b6,PHI,CHI,recs,Luther Burden III,over,2.5,-330
2026-09-26T22:21:35.497153+00:00,47dc7baa254659f3beb2ed2b38c207b6,PHI,CHI,recs,Luther Burden III,over,3.5,-152
2026-09-26T22:21:35.497153+00:00,47dc7baa254659f3beb2ed2b38c207b6,PHI,CHI,recs,Luther Burden III,over,4.5,134
2026-09-26T22:21:35.497153+00:00,47dc7baa254659f3beb2ed2b38c207b6,PHI,CHI,recs,Luther Burden III,over,5.5,235
2026-09-26T22:21:35.497153+00:00,47dc7baa254659f3beb2ed2b38c207b6,PHI,CHI,recs,Luther Burden III,over,6.5,400
2026-09-26T22:21:35.497153+00:00,47dc7baa254659f3beb2ed2b38c207b6,PHI,CHI,recs,Luther Burden III,over,7.5,640
2026-09-26T22:21:35.497153+00:00,47dc7baa254659f3beb2ed2b38c207b6,PHI,CHI,recs,Luther Burden III,over,8.5,920
2026-09-26T22:21:35.497153+00:00,47dc7baa254659f3beb2ed2b38c207b6,PHI,CHI,recs,Luther Burden III,over,9.5,1400
2026-09-26T22:21:35.497153+00:00,47dc7baa254659f3beb2ed2b38c207b6,PHI,CHI,recs,D'Andre Swift,over,0.5,-580
2026-09-26T22:21:35.497153+00:00,47dc7baa254659f3beb2ed2b38c207b6,PHI,CHI,recs,D'Andre Swift,over,1.5,-132
2026-09-26T22:21:35.497153+00:00,47dc7baa254659f3beb2ed2b38c207b6,PHI,CHI,recs,D'Andre Swift,over,2.5,210
2026-09-26T22:21:35.497153+00:00,47dc7baa254659f3beb2ed2b38c207b6,PHI,CHI,recs,D'Andre Swift,over,3.5,490
2026-09-26T22:21:35.497153+00:00,47dc7baa254659f3beb2ed2b38c207b6,PHI,CHI,recs,D'Andre Swift,over,4.5,920
2026-09-26T22:21:35.497153+00:00,47dc7baa254659f3beb2ed2b38c207b6,PHI,CHI,recs,DeVonta Smith,over,3.5,-600
2026-09-26T22:21:35.497153+00:00,47dc7baa254659f3beb2ed2b38c207b6,PHI,CHI,recs,DeVonta Smith,over,4.5,-250
2026-09-26T22:21:35.497153+00:00,47dc7baa254659f3beb2ed2b38c207b6,PHI,CHI,recs,DeVonta Smith,over,5.5,-122
2026-09-26T22:21:35.497153+00:00,47dc7baa254659f3beb2ed2b38c207b6,PHI,CHI,recs,DeVonta Smith,over,6.5,154
2026-09-26T22:21:35.497153+00:00,47dc7baa254659f3beb2ed2b38c207b6,PHI,CHI,recs,DeVonta Smith,over,7.5,270
2026-09-26T22:21:35.497153+00:00,47dc7baa254659f3beb2ed2b38c207b6,PHI,CHI,recs,DeVonta Smith,over,8.5,450
2026-09-26T22:21:35.497153+00:00,47dc7baa254659f3beb2ed2b38c207b6,PHI,CHI,recs,DeVonta Smith,over,9.5,750
2026-09-26T22:21:35.497153+00:00,47dc7baa254659f3beb2ed2b38c207b6,PHI,CHI,recs,DeVonta Smith,over,10.5,1200
2026-09-26T22:21:35.497153+00:00,47dc7baa254659f3beb2ed2b38c207b6,PHI,CHI,recs,DeVonta Smith,over,11.5,1700
2026-09-26T22:21:35.497153+00:00,47dc7baa254659f3beb2ed2b38c207b6,PHI,CHI,recs,Rome Odunze,over,0.5,-1600
2026-09-26T22:21:35.497153+00:00,47dc7baa254659f3beb2ed2b38c207b6,PHI,CHI,recs,Rome Odunze,over,1.5,-275
2026-09-26T22:21:35.497153+00:00,47dc7baa254659f3beb2ed2b38c207b6,PHI,CHI,recs,Rome Odunze,over,2.5,106
2026-09-26T22:21:35.497153+00:00,47dc7baa254659f3beb2ed2b38c207b6,PHI,CHI,recs,Rome Odunze,over,3.5,240
2026-09-26T22:21:35.497153+00:00,47dc7baa254659f3beb2ed2b38c207b6,PHI,CHI,recs,Rome Odunze,over,4.5,520
2026-09-26T22:21:35.497153+00:00,47dc7baa254659f3beb2ed2b38c207b6,PHI,CHI,recs,Rome Odunze,over,5.5,920
2026-09-26T22:21:35.497153+00:00,47dc7baa254659f3beb2ed2b38c207b6,PHI,CHI,recs,Rome Odunze,over,6.5,1500
2026-09-26T22:21:35.497153+00:00,47dc7baa254659f3beb2ed2b38c207b6,PHI,CHI,recs,Makai Lemon,over,0.5,-1600
2026-09-26T22:21:35.497153+00:00,47dc7baa254659f3beb2ed2b38c207b6,PHI,CHI,recs,Makai Lemon,over,1.5,-310
2026-09-26T22:21:35.497153+00:00,47dc7baa254659f3beb2ed2b38c207b6,PHI,CHI,recs,Makai Lemon,over,2.5,-114
2026-09-26T22:21:35.497153+00:00,47dc7baa254659f3beb2ed2b38c207b6,PHI,CHI,recs,Makai Lemon,over,3.5,188
2026-09-26T22:21:35.497153+00:00,47dc7baa254659f3beb2ed2b38c207b6,PHI,CHI,recs,Makai Lemon,over,4.5,360
2026-09-26T22:21:35.497153+00:00,47dc7baa254659f3beb2ed2b38c207b6,PHI,CHI,recs,Makai Lemon,over,5.5,640
2026-09-26T22:21:35.497153+00:00,47dc7baa254659f3beb2ed2b38c207b6,PHI,CHI,recs,Makai Lemon,over,6.5,1000
2026-09-26T22:21:35.497153+00:00,47dc7baa254659f3beb2ed2b38c207b6,PHI,CHI,recs,Makai Lemon,over,7.5,1400
2026-09-26T22:21:35.497153+00:00,47dc7baa254659f3beb2ed2b38c207b6,PHI,CHI,recs,Colston Loveland,over,1.5,-670
2026-09-26T22:21:35.497153+00:00,47dc7baa254659f3beb2ed2b38c207b6,PHI,CHI,recs,Colston Loveland,over,2.5,-235
2026-09-26T22:21:35.497153+00:00,47dc7baa254659f3beb2ed2b38c207b6,PHI,CHI,recs,Colston Loveland,over,3.5,-106
2026-09-26T22:21:35.497153+00:00,47dc7baa254659f3beb2ed2b38c207b6,PHI,CHI,recs,Colston Loveland,over,4.5,188
2026-09-26T22:21:35.497153+00:00,47dc7baa254659f3beb2ed2b38c207b6,PHI,CHI,recs,Colston Loveland,over,5.5,320
2026-09-26T22:21:35.497153+00:00,47dc7baa254659f3beb2ed2b38c207b6,PHI,CHI,recs,Colston Loveland,over,6.5,580
2026-09-26T22:21:35.497153+00:00,47dc7baa254659f3beb2ed2b38c207b6,PHI,CHI,recs,Colston Loveland,over,7.5,880
2026-09-26T22:21:35.497153+00:00,47dc7baa254659f3beb2ed2b38c207b6,PHI,CHI,recs,Colston Loveland,over,8.5,1280
2026-09-26T22:21:35.497153+00:00,47dc7baa254659f3beb2ed2b38c207b6,PHI,CHI,recs,Saquon Barkley,over,0.5,-1450
2026-09-26T22:21:35.497153+00:00,47dc7baa254659f3beb2ed2b38c207b6,PHI,CHI,recs,Saquon Barkley,over,1.5,-250
2026-09-26T22:21:35.497153+00:00,47dc7baa254659f3beb2ed2b38c207b6,PHI,CHI,recs,Saquon Barkley,over,2.5,116
2026-09-26T22:21:35.497153+00:00,47dc7baa254659f3beb2ed2b38c207b6,PHI,CHI,recs,Saquon Barkley,over,3.5,270
2026-09-26T22:21:35.497153+00:00,47dc7baa254659f3beb2ed2b38c207b6,PHI,CHI,recs,Saquon Barkley,over,4.5,550
2026-09-26T22:21:35.497153+00:00,47dc7baa254659f3beb2ed2b38c207b6,PHI,CHI,recs,Saquon Barkley,over,5.5,920
2026-09-26T22:21:35.497153+00:00,47dc7baa254659f3beb2ed2b38c207b6,PHI,CHI,recs,Saquon Barkley,over,6.5,1700
