season,team,player_id,player_name,opportunity_type,field_side,depth_or_gap,opportunities,opportunities_stress,yards,tds
2026,ARI,00-0037744,T.McBride,target,right,deep_21_plus,1,0,27,0
2026,ARI,00-0033307,K.Bourne,target,left,short_0_5,5,2,36,0
2026,LAC,00-0039915,L.McConkey,target,middle,intermediate_11_20,3,0,60,0
2026,ARI,00-0033307,K.Bourne,target,right,short_0_5,1,0,10,0
2026,ARI,00-0037744,T.McBride,target,right,short_6_10,3,1,16,0
2026,ARI,00-0038559,Mi.Wilson,target,left,deep_21_plus,2,2,0,0
2026,ARI,00-0041027,J.Love,target,right,short_0_5,3,0,20,0
2026,LAC,00-0039915,L.McConkey,target,right,intermediate_11_20,2,1,14,0
2026,LAC,00-0033885,D.Njoku,target,middle,behind_los,1,1,6,0
2026,ARI,00-0037744,T.McBride,target,left,short_6_10,1,1,0,0
2026,LAC,00-0038544,Q.Johnston,target,left,short_0_5,2,0,8,0
2026,LAC,00-0040727,T.Harris,target,middle,intermediate_11_20,2,2,11,0
2026,ARI,00-0041027,J.Love,target,right,behind_los,1,1,0,0
2026,LAC,00-0039915,L.McConkey,target,right,short_6_10,1,1,8,1
2026,ARI,00-0038559,Mi.Wilson,target,right,short_0_5,2,0,6,0
2026,LAC,00-0040727,T.Harris,target,right,short_0_5,1,0,6,0
2026,LAC,00-0040727,T.Harris,target,left,behind_los,1,0,3,0
2026,LAC,00-0038544,Q.Johnston,target,right,intermediate_11_20,1,1,0,0
2026,LAC,00-0033885,D.Njoku,target,middle,short_0_5,1,0,13,0
2026,LAC,00-0038573,D.Davis,target,right,deep_21_plus,1,0,0,0
2026,LAC,00-0033885,D.Njoku,target,right,intermediate_11_20,2,2,27,0
2026,LAC,00-0038544,Q.Johnston,target,right,short_6_10,1,0,0,0
2026,PIT,00-0036894,P.Freiermuth,target,left,behind_los,2,1,11,0
2026,PIT,00-0035640,D.Metcalf,target,left,short_0_5,2,1,6,0
2026,PIT,00-0036252,M.Pittman,target,left,short_6_10,2,1,30,0
2026,PIT,00-0036139,R.Dowdle,target,left,short_6_10,1,0,0,0
2026,ATL,00-0038542,Bi.Robinson,target,right,behind_los,6,1,40,1
2026,ATL,00-0036970,K.Pitts,target,right,deep_21_plus,1,0,0,0
2026,ATL,00-0037741,J.Dotson,target,right,intermediate_11_20,1,1,0,0
2026,PIT,00-0035640,D.Metcalf,target,right,short_6_10,4,0,20,0
2026,PIT,00-0037228,J.Warren,target,right,behind_los,5,2,13,0
2026,ATL,00-0037741,J.Dotson,target,middle,intermediate_11_20,1,0,0,0
2026,PIT,00-0037228,J.Warren,target,right,short_0_5,1,0,18,0
2026,PIT,00-0037228,J.Warren,target,left,short_0_5,2,1,0,0
2026,PIT,00-0036894,P.Freiermuth,target,middle,short_6_10,1,1,6,1
2026,PIT,00-0036139,R.Dowdle,target,middle,short_0_5,2,0,13,0
2026,ATL,00-0037238,D.London,target,right,short_0_5,3,1,22,0
2026,PIT,00-0039739,R.Wilson,target,right,short_0_5,3,0,18,0
2026,PIT,00-0039739,R.Wilson,target,middle,intermediate_11_20,1,1,20,0
2026,ATL,00-0035208,O.Zaccheaus,target,middle,short_0_5,2,1,5,0
2026,PIT,00-0036894,P.Freiermuth,target,right,intermediate_11_20,1,0,19,0
2026,ATL,00-0037238,D.London,target,right,behind_los,1,1,0,0
2026,ATL,00-0037238,D.London,target,left,intermediate_11_20,1,0,21,0
2026,PIT,00-0036252,M.Pittman,target,left,intermediate_11_20,1,0,28,0
2026,PIT,00-0035640,D.Metcalf,target,right,deep_21_plus,2,1,0,0
2026,ATL,00-0037741,J.Dotson,target,left,intermediate_11_20,1,0,19,0
2026,PIT,00-0037228,J.Warren,target,left,behind_los,1,0,4,0
2026,PIT,00-0039739,R.Wilson,target,right,behind_los,1,0,1,0
2026,PIT,00-0035640,D.Metcalf,target,right,intermediate_11_20,1,1,14,0
2026,IND,00-0030279,K.Allen,target,left,short_6_10,2,1,7,0
2026,IND,00-0038997,J.Downs,target,middle,short_0_5,3,2,17,0
2026,IND,00-0032951,L.Treadwell,target,middle,short_0_5,1,0,0,0
2026,BAL,00-0039064,Z.Flowers,target,right,intermediate_11_20,1,1,18,0
2026,BAL,00-0040870,J.Lane,target,right,short_0_5,1,1,0,0
2026,IND,00-0040128,T.Warren,target,left,short_0_5,1,0,2,0
2026,BAL,00-0034753,M.Andrews,target,middle,intermediate_11_20,2,0,27,0
2026,IND,00-0035021,A.Dulin,target,right,short_0_5,1,0,0,0
2026,IND,00-0030279,K.Allen,target,right,short_6_10,1,0,9,0
2026,IND,00-0040128,T.Warren,target,right,intermediate_11_20,1,1,0,0
2026,BAL,00-0040075,L.Wester,target,middle,short_6_10,1,0,6,0
2026,BAL,00-0040075,L.Wester,target,right,short_0_5,1,0,9,0
2026,BAL,00-0034753,M.Andrews,target,middle,short_6_10,5,4,37,0
2026,BAL,00-0032398,C.Moore,target,left,deep_21_plus,3,3,53,0
2026,BAL,00-0034753,M.Andrews,target,right,short_6_10,1,0,13,0
2026,IND,00-0038997,J.Downs,target,right,intermediate_11_20,2,0,14,0
2026,HOU,00-0036554,N.Collins,target,right,short_0_5,1,0,9,0
2026,HOU,00-0038608,K.Boutte,target,right,intermediate_11_20,2,1,0,0
2026,BUF,00-0037261,K.Shakir,target,right,intermediate_11_20,2,1,16,0
2026,HOU,00-0038618,X.Hutchinson,target,right,behind_los,1,0,3,0
2026,BUF,00-0034827,D.Moore,target,right,deep_21_plus,1,0,43,1
2026,HOU,00-0040138,J.Noel,target,middle,intermediate_11_20,1,1,35,0
2026,HOU,00-0036554,N.Collins,target,middle,intermediate_11_20,2,2,24,1
2026,HOU,00-0034383,D.Schultz,target,left,short_0_5,2,1,9,0
2026,BUF,00-0034827,D.Moore,target,right,intermediate_11_20,1,1,17,0
2026,HOU,00-0034383,D.Schultz,target,middle,short_6_10,2,0,11,0
2026,HOU,00-0034981,F.Moreau,target,right,short_6_10,1,0,9,0
2026,HOU,00-0036554,N.Collins,target,middle,short_6_10,2,0,15,0
2026,BUF,00-0038933,D.Kincaid,target,middle,short_0_5,2,0,12,0
2026,HOU,00-0034383,D.Schultz,target,left,behind_los,1,1,0,0
2026,BUF,00-0036988,J.Palmer,target,left,deep_21_plus,1,1,0,0
2026,BUF,00-0036988,J.Palmer,target,middle,deep_21_plus,2,2,77,2
2026,HOU,00-0040138,J.Noel,target,right,intermediate_11_20,1,1,18,0
2026,CAR,00-0036555,C.Hubbard,target,right,short_0_5,1,1,4,1
2026,CAR,00-0037005,T.Tremble,target,right,short_0_5,1,0,3,0
2026,CHI,00-0032464,K.Raymond,target,right,intermediate_11_20,1,0,12,0
2026,CAR,00-0036555,C.Hubbard,target,left,behind_los,1,1,5,0
2026,CAR,00-0040124,T.McMillan,target,right,short_0_5,2,1,14,0
2026,CAR,00-0039491,J.Coker,target,middle,behind_los,1,0,3,0
2026,CAR,00-0037005,T.Tremble,target,right,behind_los,1,0,0,0
2026,CAR,00-0040124,T.McMillan,target,middle,short_6_10,1,0,0,0
2026,CHI,00-0039919,R.Odunze,target,middle,short_0_5,2,0,12,0
2026,CAR,00-0031610,D.Waller,target,middle,short_0_5,1,0,11,0
2026,CAR,00-0031610,D.Waller,target,left,short_0_5,1,0,17,0
2026,CAR,00-0037005,T.Tremble,target,middle,intermediate_11_20,1,1,11,0
2026,CHI,00-0032464,K.Raymond,target,right,short_6_10,3,3,28,0
2026,CHI,00-0040735,L.Burden,target,middle,short_0_5,1,0,5,0
2026,CHI,00-0032464,K.Raymond,target,left,behind_los,2,1,11,0
2026,CAR,00-0040124,T.McMillan,target,left,deep_21_plus,4,1,55,0
2026,CAR,00-0040124,T.McMillan,target,middle,intermediate_11_20,1,0,21,0
2026,CHI,00-0040735,L.Burden,target,left,short_0_5,3,2,18,0
2026,CHI,00-0036290,C.Kmet,target,left,short_0_5,1,1,13,0
2026,CHI,00-0040277,J.Walker,target,right,short_0_5,1,1,1,1
2026,CAR,00-0039342,X.Legette,target,right,intermediate_11_20,1,0,0,0
2026,CAR,00-0039491,J.Coker,target,left,short_0_5,4,3,24,1
2026,CAR,00-0036555,C.Hubbard,target,middle,short_0_5,1,1,29,0
2026,CAR,00-0040124,T.McMillan,target,left,intermediate_11_20,1,1,18,0
2026,CLE,00-0038710,B.Whiteheart,target,middle,short_6_10,1,0,14,0
2026,CLE,00-0041547,K.Concepcion,target,middle,short_0_5,1,0,9,0
2026,JAX,00-0038606,P.Washington,target,middle,intermediate_11_20,2,0,29,0
2026,JAX,00-0038606,P.Washington,target,right,deep_21_plus,2,2,30,1
2026,JAX,00-0039893,Bri.Thomas,target,right,short_6_10,3,0,28,0
2026,JAX,00-0038606,P.Washington,target,left,short_6_10,2,0,6,0
2026,JAX,00-0039893,Bri.Thomas,target,right,intermediate_11_20,3,1,30,0
2026,JAX,00-0038606,P.Washington,target,left,intermediate_11_20,5,2,65,0
2026,JAX,00-0041100,J.Cameron,target,middle,short_0_5,1,1,4,1
2026,CLE,00-0040784,Q.Judkins,target,middle,short_0_5,1,0,1,0
2026,JAX,00-0041503,N.Boerkircher,target,right,short_0_5,1,0,9,0
2026,CLE,00-0041547,K.Concepcion,target,left,behind_los,3,1,12,0
2026,JAX,00-0038935,B.Strange,target,middle,intermediate_11_20,2,1,14,1
2026,CLE,00-0036407,J.Jeudy,target,right,intermediate_11_20,1,0,0,0
2026,CLE,00-0040466,R.Sanders,target,right,behind_los,2,1,18,0
2026,CLE,00-0036407,J.Jeudy,target,left,short_0_5,1,0,6,0
2026,CLE,00-0040466,R.Sanders,target,left,behind_los,1,0,9,0
2026,JAX,00-0040719,B.Tuten,target,left,behind_los,2,0,19,0
2026,JAX,00-0034960,J.Meyers,target,left,deep_21_plus,2,1,60,1
2026,CLE,00-0041547,K.Concepcion,target,right,short_0_5,1,0,4,0
2026,CLE,00-0041037,D.Boston,target,left,short_0_5,2,1,8,0
2026,JAX,00-0041100,J.Cameron,target,right,intermediate_11_20,1,1,16,0
2026,CLE,00-0040663,H.Fannin,target,left,short_0_5,3,1,26,0
2026,CLE,00-0040466,R.Sanders,target,left,short_0_5,1,0,5,0
2026,CLE,00-0040784,Q.Judkins,target,right,short_0_5,1,0,16,0
2026,DAL,00-0037247,G.Pickens,target,right,short_6_10,3,3,26,0
2026,NYG,00-0033376,P.Ricard,target,middle,behind_los,1,0,0,0
2026,NYG,00-0037838,I.Likely,target,middle,short_6_10,2,1,20,0
2026,DAL,00-0037247,G.Pickens,target,right,intermediate_11_20,2,2,0,0
2026,DAL,00-0036358,C.Lamb,target,left,short_0_5,2,1,6,1
2026,NYG,00-0041042,M.Fields,target,left,short_0_5,1,0,19,0
2026,DAL,00-0037247,G.Pickens,target,right,deep_21_plus,2,0,0,0
2026,DAL,00-0036358,C.Lamb,target,left,behind_los,1,1,9,0
2026,DAL,00-0039410,R.Flournoy,target,left,short_0_5,4,1,12,0
2026,NYG,00-0037838,I.Likely,target,right,intermediate_11_20,1,1,15,1
2026,DAL,00-0038041,J.Ferguson,target,right,short_6_10,2,1,20,0
2026,NYG,00-0039847,T.Johnson,target,left,short_0_5,1,0,9,0
2026,NYG,00-0036309,D.Mooney,target,middle,short_6_10,1,0,9,0
2026,DAL,00-0039410,R.Flournoy,target,left,behind_los,2,0,0,0
2026,DAL,00-0037247,G.Pickens,target,left,short_6_10,2,0,23,0
2026,DAL,00-0036997,J.Williams,target,right,behind_los,5,1,24,0
2026,DAL,00-0036358,C.Lamb,target,right,short_0_5,1,1,6,0
2026,DAL,00-0036997,J.Williams,target,middle,short_0_5,1,0,4,0
2026,DAL,00-0039062,J.Mingo,target,right,intermediate_11_20,1,0,10,0
2026,DAL,00-0037247,G.Pickens,target,left,deep_21_plus,1,0,0,0
2026,DEN,00-0033881,E.Engram,target,left,short_0_5,3,0,24,0
2026,KC,00-0038104,T.Thornton,target,left,deep_21_plus,1,1,0,0
2026,KC,00-0038134,K.Walker,target,right,behind_los,4,0,6,0
2026,DEN,00-0036422,A.Trautman,target,middle,short_0_5,1,0,6,0
2026,DEN,00-0040134,P.Bryant,target,right,behind_los,1,0,0,0
2026,KC,00-0039894,X.Worthy,target,right,short_0_5,2,2,1,1
2026,DEN,00-0036613,J.Waddle,target,right,short_6_10,1,1,0,0
2026,KC,00-0036637,N.Gray,target,middle,short_0_5,1,0,5,0
2026,KC,00-0040081,J.Briningstool,target,right,short_0_5,1,0,9,0
2026,KC,00-0039067,R.Rice,target,right,short_0_5,1,1,13,1
2026,KC,00-0030506,T.Kelce,target,right,short_0_5,2,0,6,0
2026,DEN,00-0036613,J.Waddle,target,left,short_0_5,3,3,24,0
2026,KC,00-0039894,X.Worthy,target,middle,deep_21_plus,1,0,0,0
2026,DEN,00-0034348,C.Sutton,target,right,short_0_5,2,1,11,0
2026,KC,00-0030506,T.Kelce,target,left,short_0_5,1,1,59,0
2026,KC,00-0030506,T.Kelce,target,middle,intermediate_11_20,1,0,0,0
2026,KC,00-0039894,X.Worthy,target,right,behind_los,3,2,7,0
2026,KC,00-0041013,E.Johnson,target,left,behind_los,2,1,33,0
2026,DEN,00-0033881,E.Engram,target,middle,behind_los,1,0,0,0
2026,DEN,00-0039868,T.Franklin,target,left,deep_21_plus,2,1,27,0
2026,GB,00-0040667,M.Golden,target,right,deep_21_plus,2,2,0,0
2026,MIN,00-0036322,J.Jefferson,target,right,short_6_10,2,2,18,0
2026,GB,00-0033858,J.Smith,target,right,short_0_5,1,0,0,0
2026,MIN,00-0036322,J.Jefferson,target,right,intermediate_11_20,1,0,0,0
2026,GB,00-0038124,C.Watson,target,left,short_0_5,3,2,10,0
2026,GB,00-0040667,M.Golden,target,right,short_6_10,2,1,8,0
2026,MIN,00-0033293,A.Jones,target,middle,short_0_5,1,0,0,0
2026,MIN,00-0036425,D.Dallas,target,right,short_0_5,1,1,1,0
2026,GB,00-0038996,T.Kraft,target,left,intermediate_11_20,3,0,65,0
2026,GB,00-0039146,J.Reed,target,left,short_0_5,1,1,0,0
2026,MIN,00-0035249,J.Oliver,target,right,behind_los,1,0,0,0
2026,MIN,00-0035229,T.Hockenson,target,middle,short_6_10,1,1,8,0
2026,MIN,00-0036322,J.Jefferson,target,left,deep_21_plus,3,1,69,1
2026,GB,00-0037091,B.Melton,target,left,short_6_10,2,1,10,0
2026,GB,00-0038124,C.Watson,target,right,short_0_5,3,3,7,1
2026,MIN,00-0035249,J.Oliver,target,right,short_0_5,2,0,24,0
2026,GB,00-0040667,M.Golden,target,right,intermediate_11_20,2,0,33,0
2026,GB,00-0040667,M.Golden,target,left,short_6_10,2,2,18,0
2026,MIN,00-0035229,T.Hockenson,target,middle,intermediate_11_20,1,1,16,1
2026,GB,00-0038996,T.Kraft,target,right,short_0_5,1,0,0,0
2026,MIN,00-0035249,J.Oliver,target,left,intermediate_11_20,1,0,13,0
2026,MIN,00-0036322,J.Jefferson,target,unknown,unknown,1,1,2,0
2026,GB,00-0040667,M.Golden,target,left,intermediate_11_20,1,0,0,0
2026,GB,00-0039146,J.Reed,target,right,short_6_10,1,0,0,0
2026,GB,00-0039146,J.Reed,target,middle,short_6_10,1,0,7,0
2026,GB,00-0038090,S.Moore,target,middle,intermediate_11_20,1,1,0,0
2026,MIA,00-0039040,D.Achane,target,left,intermediate_11_20,1,1,14,0
2026,LV,00-0037291,J.Nailor,target,left,short_6_10,2,1,8,0
2026,LV,00-0039066,M.Mayer,target,right,short_6_10,1,0,7,0
2026,LV,00-0039066,M.Mayer,target,middle,short_0_5,2,0,24,0
2026,LV,00-0040729,J.Bech,target,middle,short_0_5,1,1,3,0
2026,MIA,00-0041523,C.Douglas,target,middle,short_6_10,1,1,12,0
2026,LV,00-0038563,T.Tucker,target,left,intermediate_11_20,3,1,21,0
2026,MIA,00-0037252,G.Dulcich,target,right,short_0_5,2,0,17,0
2026,MIA,00-0037252,G.Dulcich,target,left,behind_los,2,0,18,0
2026,MIA,00-0039880,M.Washington,target,right,behind_los,2,1,2,0
2026,LV,00-0040122,A.Jeanty,target,left,behind_los,3,1,8,0
2026,LV,00-0040122,A.Jeanty,target,middle,short_6_10,1,1,13,1
2026,MIA,00-0041523,C.Douglas,target,middle,intermediate_11_20,1,0,30,0
2026,LV,00-0040729,J.Bech,target,left,intermediate_11_20,2,0,20,0
2026,MIA,00-0041525,C.Bell,target,right,deep_21_plus,1,0,25,0
2026,LV,00-0040122,A.Jeanty,target,left,short_0_5,3,2,24,1
2026,MIA,00-0041523,C.Douglas,target,middle,deep_21_plus,1,0,0,0
2026,LV,00-0038563,T.Tucker,target,middle,short_0_5,1,1,0,0
2026,LV,00-0040894,M.Benson,target,left,deep_21_plus,1,0,0,0
2026,LV,00-0037291,J.Nailor,target,right,deep_21_plus,1,0,0,0
2026,MIA,00-0039040,D.Achane,target,right,behind_los,1,0,4,0
2026,LV,00-0037291,J.Nailor,target,middle,intermediate_11_20,1,0,0,0
2026,MIA,00-0039880,M.Washington,target,middle,intermediate_11_20,2,1,54,0
2026,SEA,00-0038543,J.Smith-Njigba,target,right,short_0_5,2,1,8,0
2026,NE,00-0033555,M.Hollins,target,right,short_6_10,3,2,32,0
2026,NE,00-0035676,A.Brown,target,left,short_0_5,1,0,7,0
2026,SEA,00-0033908,C.Kupp,target,left,intermediate_11_20,1,1,0,0
2026,NE,00-0038621,D.Douglas,target,left,short_0_5,2,2,6,0
2026,NE,00-0035676,A.Brown,target,right,short_0_5,1,1,5,0
2026,NE,00-0038621,D.Douglas,target,left,behind_los,1,0,5,0
2026,SEA,00-0038543,J.Smith-Njigba,target,right,behind_los,2,1,9,0
2026,SEA,00-0039793,A.Barner,target,left,behind_los,1,0,4,0
2026,NE,00-0033090,H.Henry,target,right,intermediate_11_20,1,0,13,0
2026,NE,00-0036875,R.Stevenson,target,right,behind_los,1,1,5,0
2026,SEA,00-0037545,R.Shaheed,target,middle,short_0_5,1,1,4,0
2026,NE,00-0038621,D.Douglas,target,right,short_0_5,1,0,1,0
2026,NE,00-0036875,R.Stevenson,target,middle,short_0_5,1,1,6,0
2026,SEA,00-0041512,J.Price,target,left,behind_los,1,0,2,0
2026,SEA,00-0033908,C.Kupp,target,right,deep_21_plus,1,1,24,0
2026,SEA,00-0038543,J.Smith-Njigba,target,left,intermediate_11_20,2,1,15,0
2026,NE,00-0038621,D.Douglas,target,right,behind_los,1,1,8,0
2026,SEA,00-0033908,C.Kupp,target,right,short_6_10,1,0,11,0
2026,NE,00-0033555,M.Hollins,target,middle,intermediate_11_20,1,1,19,0
2026,NE,00-0040568,L.Larison,target,right,behind_los,1,1,-2,0
2026,NE,00-0033090,H.Henry,target,left,short_0_5,1,1,10,0
2026,NE,00-0033555,M.Hollins,target,right,intermediate_11_20,1,1,0,0
2026,DET,00-0036963,A.St. Brown,target,left,short_0_5,5,3,19,2
2026,NO,00-0039424,D.Vele,target,right,short_0_5,3,1,20,0
2026,NO,00-0035644,N.Fant,target,right,short_0_5,3,1,25,0
2026,DET,00-0039065,S.LaPorta,target,left,short_0_5,5,3,33,1
2026,DET,00-0039139,J.Gibbs,target,middle,short_0_5,2,0,20,0
2026,DET,00-0040669,I.TeSlaa,target,left,short_0_5,1,0,0,0
2026,DET,00-0039065,S.LaPorta,target,middle,intermediate_11_20,1,0,19,0
2026,DET,00-0037240,J.Williams,target,middle,short_6_10,1,1,10,0
2026,NO,00-0039424,D.Vele,target,left,short_6_10,4,3,17,0
2026,NO,00-0036040,J.Johnson,target,left,short_0_5,3,3,6,0
2026,DET,00-0037240,J.Williams,target,left,deep_21_plus,2,0,22,0
2026,DET,00-0036963,A.St. Brown,target,right,short_0_5,5,4,19,0
2026,NO,00-0037239,C.Olave,target,middle,intermediate_11_20,2,1,33,0
2026,NO,00-0037239,C.Olave,target,right,short_6_10,1,0,0,0
2026,NO,00-0037239,C.Olave,target,middle,deep_21_plus,3,2,63,1
2026,DET,00-0037240,J.Williams,target,left,short_6_10,2,0,13,0
2026,DET,00-0036963,A.St. Brown,target,left,behind_los,2,1,4,0
2026,NO,00-0041326,C.Donaldson,target,right,intermediate_11_20,1,0,0,0
2026,NO,00-0037239,C.Olave,target,left,deep_21_plus,2,1,0,0
2026,NO,00-0035644,N.Fant,target,left,short_0_5,1,0,0,0
2026,NO,00-0036973,T.Etienne,target,right,behind_los,4,1,8,0
2026,NO,00-0037239,C.Olave,target,left,short_6_10,3,2,26,0
2026,NO,00-0036973,T.Etienne,target,right,short_0_5,3,1,22,0
2026,NO,00-0041067,B.Lance,target,right,intermediate_11_20,2,1,34,0
2026,NO,00-0035644,N.Fant,target,middle,short_0_5,1,0,0,0
2026,DET,00-0039364,S.Vaki,target,left,short_0_5,2,0,24,0
2026,DET,00-0039065,S.LaPorta,target,left,behind_los,2,0,2,0
2026,NO,00-0037239,C.Olave,target,right,deep_21_plus,1,0,47,0
2026,DET,00-0036754,B.Wright,target,right,short_0_5,1,0,5,0
2026,NO,00-0041067,B.Lance,target,left,short_0_5,2,1,8,0
2026,NO,00-0036973,T.Etienne,target,middle,short_0_5,1,0,2,0
2026,DET,00-0037240,J.Williams,target,right,short_0_5,2,1,0,0
2026,NO,00-0036040,J.Johnson,target,middle,intermediate_11_20,1,1,18,0
2026,DET,00-0037240,J.Williams,target,left,intermediate_11_20,3,0,17,0
2026,NO,00-0037239,C.Olave,target,right,intermediate_11_20,2,1,35,0
2026,NYJ,00-0041032,K.Sadiq,target,left,behind_los,1,0,7,0
2026,NYJ,00-0037740,G.Wilson,target,left,intermediate_11_20,2,1,0,0
2026,TEN,00-0035261,T.Pollard,target,left,deep_21_plus,1,0,0,0
2026,NYJ,00-0040736,M.Taylor,target,middle,short_0_5,2,0,6,0
2026,TEN,00-0040584,G.Helm,target,left,short_0_5,2,1,11,0
2026,NYJ,00-0037740,G.Wilson,target,middle,short_0_5,1,1,7,0
2026,TEN,00-0041438,C.Tate,target,middle,deep_21_plus,1,1,0,0
2026,NYJ,00-0039451,I.Williams,target,left,short_6_10,1,0,7,0
2026,TEN,00-0038117,W.Robinson,target,middle,short_6_10,1,0,9,0
2026,TEN,00-0035261,T.Pollard,target,right,behind_los,1,0,-1,0
2026,NYJ,00-0037740,G.Wilson,target,right,intermediate_11_20,3,2,59,0
2026,TEN,00-0039032,T.Spears,target,right,short_0_5,2,1,2,0
2026,NYJ,00-0037740,G.Wilson,target,left,deep_21_plus,1,0,22,0
2026,NYJ,00-0041032,K.Sadiq,target,right,short_0_5,1,0,8,0
2026,NYJ,00-0037740,G.Wilson,target,left,short_6_10,1,1,6,0
2026,TEN,00-0038117,W.Robinson,target,left,short_6_10,1,1,10,0
2026,NYJ,00-0041032,K.Sadiq,target,left,short_0_5,2,2,18,0
2026,TEN,00-0039032,T.Spears,target,right,behind_los,3,0,39,0
2026,TEN,00-0040170,E.Ayomanor,target,left,short_6_10,1,1,0,0
2026,TEN,00-0040584,G.Helm,target,middle,intermediate_11_20,1,1,0,0
2026,SF,00-0031408,M.Evans,target,left,short_6_10,3,3,25,0
2026,SF,00-0033288,G.Kittle,target,right,deep_21_plus,1,0,0,0
2026,LA,00-0039075,P.Nacua,target,left,deep_21_plus,1,0,0,0
2026,LA,00-0031381,D.Adams,target,right,intermediate_11_20,2,1,0,0
2026,SF,00-0036887,L.Farrell,target,left,short_0_5,2,0,19,0
2026,SF,00-0033280,C.McCaffrey,target,left,short_0_5,4,3,8,0
2026,SF,00-0035719,D.Samuel,target,left,behind_los,2,1,3,0
2026,SF,00-0033288,G.Kittle,target,right,intermediate_11_20,1,0,0,0
2026,SF,00-0031408,M.Evans,target,left,intermediate_11_20,3,2,40,0
2026,LA,00-0031381,D.Adams,target,left,intermediate_11_20,4,2,46,1
2026,LA,00-0036244,C.Parkinson,target,left,short_0_5,1,1,6,0
2026,SF,00-0035719,D.Samuel,target,left,short_0_5,2,1,13,0
2026,SF,00-0035719,D.Samuel,target,right,intermediate_11_20,1,1,15,1
2026,LA,00-0033110,T.Higbee,target,right,short_6_10,1,0,8,0
2026,LA,00-0033110,T.Higbee,target,middle,short_0_5,1,1,4,0
2026,LA,00-0037840,K.Williams,target,right,short_0_5,1,0,4,0
2026,LA,00-0031381,D.Adams,target,left,short_6_10,1,0,10,0
2026,LA,00-0039075,P.Nacua,target,right,behind_los,1,1,5,0
2026,LA,00-0039751,J.Whittington,target,middle,short_6_10,1,0,8,0
2026,TB,00-0040129,E.Egbuka,target,left,short_0_5,2,2,22,1
2026,CIN,00-0038597,C.Brown,target,right,short_0_5,1,0,1,0
2026,TB,00-0038129,C.Otton,target,middle,intermediate_11_20,1,0,0,0
2026,CIN,00-0036410,T.Higgins,target,middle,deep_21_plus,1,0,0,0
2026,CIN,00-0033526,S.Perine,target,right,short_0_5,2,2,23,0
2026,CIN,00-0038597,C.Brown,target,right,behind_los,2,1,15,0
2026,CIN,00-0033526,S.Perine,target,middle,short_0_5,1,0,7,0
2026,CIN,00-0035631,D.Sample,target,right,short_0_5,2,1,17,0
2026,TB,00-0033921,C.Godwin,target,middle,intermediate_11_20,2,1,44,0
2026,CIN,00-0038597,C.Brown,target,left,behind_los,6,1,1,0
2026,CIN,00-0036900,J.Chase,target,left,behind_los,2,0,-2,0
2026,CIN,00-0036410,T.Higgins,target,middle,intermediate_11_20,4,3,86,0
2026,CIN,00-0034613,T.Hudson,target,right,short_0_5,1,0,4,0
2026,TB,00-0039361,B.Irving,target,left,behind_los,6,2,30,0
2026,CIN,00-0038619,A.Iosivas,target,right,short_0_5,1,1,0,0
2026,CIN,00-0036410,T.Higgins,target,left,short_6_10,1,0,0,0
2026,CIN,00-0034829,M.Gesicki,target,left,deep_21_plus,1,1,24,0
2026,CIN,00-0038597,C.Brown,target,left,short_0_5,1,0,8,0
2026,TB,00-0039361,B.Irving,target,left,short_0_5,1,1,11,0
2026,TB,00-0041048,T.Hurst,target,left,intermediate_11_20,4,2,49,0
2026,TB,00-0041048,T.Hurst,target,left,short_6_10,1,0,8,0
2026,TB,00-0038129,C.Otton,target,left,short_0_5,1,1,3,0
2026,CIN,00-0040785,D.Meyers,target,right,short_0_5,1,1,18,0
2026,WAS,00-0035659,T.McLaurin,target,left,short_0_5,1,0,0,0
2026,WAS,00-0031588,S.Diggs,target,right,intermediate_11_20,2,2,33,1
2026,PHI,00-0034844,S.Barkley,target,right,short_0_5,2,1,11,0
2026,PHI,00-0040867,M.Lemon,target,left,short_0_5,1,0,3,0
2026,PHI,00-0038393,D.Wicks,target,left,short_0_5,3,3,12,0
2026,WAS,00-0031588,S.Diggs,target,middle,short_0_5,3,1,10,1
2026,WAS,00-0036626,D.Brown,target,right,deep_21_plus,1,1,0,0
2026,WAS,00-0036628,J.Bates,target,left,behind_los,1,0,5,0
2026,WAS,00-0031588,S.Diggs,target,right,deep_21_plus,2,2,0,0
2026,WAS,00-0040242,J.Croskey-Merritt,target,left,behind_los,1,0,-7,0
2026,WAS,00-0037809,C.Okonkwo,target,right,deep_21_plus,1,0,0,0
2026,PHI,00-0034351,D.Goedert,target,right,short_0_5,1,0,5,0
2026,PHI,00-0039746,W.Shipley,target,right,short_6_10,1,0,8,0
2026,PHI,00-0036912,D.Smith,target,middle,behind_los,1,1,0,0
2026,PHI,00-0040867,M.Lemon,target,left,behind_los,1,0,-3,0
2026,WAS,00-0031588,S.Diggs,target,left,short_6_10,1,0,0,0
2026,WAS,00-0037809,C.Okonkwo,target,middle,intermediate_11_20,1,0,15,0
2026,WAS,00-0031588,S.Diggs,target,right,short_6_10,2,1,8,0
2026,WAS,00-0036626,D.Brown,target,right,intermediate_11_20,1,1,0,0
2026,PHI,00-0036912,D.Smith,target,right,deep_21_plus,3,1,53,1
2026,WAS,00-0036628,J.Bates,target,right,short_0_5,1,0,8,0
2026,WAS,00-0041040,A.Williams,target,left,deep_21_plus,1,1,33,0
2026,PHI,00-0034844,S.Barkley,target,right,behind_los,1,0,-3,0
2026,WAS,00-0041040,A.Williams,target,right,intermediate_11_20,1,0,14,0
2026,WAS,00-0031588,S.Diggs,target,left,intermediate_11_20,1,1,17,0
2026,WAS,00-0035659,T.McLaurin,target,right,behind_los,1,1,8,0
2026,WAS,00-0035659,T.McLaurin,target,right,short_0_5,2,1,6,0
2026,CAR,00-0036555,C.Hubbard,target,right,behind_los,1,0,8,0
2026,CAR,00-0039491,J.Coker,target,right,short_0_5,2,1,11,0
2026,CAR,00-0036555,C.Hubbard,target,left,short_0_5,1,1,3,1
2026,ATL,00-0038542,Bi.Robinson,target,middle,intermediate_11_20,1,1,0,0
2026,CAR,00-0039342,X.Legette,target,left,short_6_10,1,0,9,0
2026,CAR,00-0039342,X.Legette,target,left,intermediate_11_20,1,1,0,0
2026,ATL,00-0037238,D.London,target,middle,short_6_10,1,0,14,0
2026,ATL,00-0041044,Z.Branch,target,right,behind_los,2,0,14,0
2026,ATL,00-0037741,J.Dotson,target,right,short_6_10,2,1,8,0
2026,CAR,00-0037005,T.Tremble,target,left,intermediate_11_20,1,0,0,0
2026,CAR,00-0040124,T.McMillan,target,left,short_6_10,1,1,0,0
2026,ATL,00-0036970,K.Pitts,target,right,intermediate_11_20,2,0,15,0
2026,CAR,00-0039342,X.Legette,target,middle,deep_21_plus,1,0,55,0
2026,CAR,00-0031610,D.Waller,target,right,short_6_10,1,1,7,1
2026,ATL,00-0037741,J.Dotson,target,right,deep_21_plus,1,0,0,0
2026,CAR,00-0039491,J.Coker,target,left,behind_los,2,0,10,0
2026,CAR,00-0031610,D.Waller,target,right,intermediate_11_20,1,1,12,1
2026,ATL,00-0037238,D.London,target,left,short_6_10,1,0,6,0
2026,CAR,00-0039491,J.Coker,target,middle,short_0_5,1,1,5,0
2026,ATL,00-0037746,Br.Robinson,target,right,behind_los,1,1,12,0
2026,ATL,00-0036463,C.Blair,target,middle,short_0_5,1,1,6,0
2026,ATL,00-0032392,A.Hooper,target,right,short_0_5,2,1,0,0
2026,ATL,00-0037746,Br.Robinson,target,middle,short_0_5,1,1,4,0
2026,ATL,00-0032392,A.Hooper,target,left,short_6_10,1,1,7,0
2026,HOU,00-0038618,X.Hutchinson,target,left,short_6_10,1,1,0,0
2026,CIN,00-0041069,C.Young,target,middle,short_6_10,1,0,7,0
2026,HOU,00-0038618,X.Hutchinson,target,middle,short_0_5,1,0,0,0
2026,HOU,00-0040583,W.Marks,target,right,short_0_5,2,2,16,0
2026,CIN,00-0038597,C.Brown,target,middle,behind_los,1,1,-1,0
2026,HOU,00-0038618,X.Hutchinson,target,right,short_0_5,1,0,6,0
2026,HOU,00-0038728,J.Wayne,target,right,deep_21_plus,2,0,0,0
2026,HOU,00-0040138,J.Noel,target,right,short_6_10,1,0,0,0
2026,CIN,00-0039814,E.All,target,middle,short_0_5,1,0,5,0
2026,HOU,00-0040583,W.Marks,target,middle,short_0_5,2,1,9,0
2026,CIN,00-0036900,J.Chase,target,right,short_0_5,1,0,4,0
2026,HOU,00-0038608,K.Boutte,target,left,intermediate_11_20,2,1,21,0
2026,HOU,00-0034383,D.Schultz,target,right,deep_21_plus,1,1,0,0
2026,HOU,00-0040138,J.Noel,target,left,deep_21_plus,1,0,31,0
2026,CIN,00-0036900,J.Chase,target,middle,behind_los,1,0,5,0
2026,CIN,00-0040785,D.Meyers,target,middle,behind_los,1,0,0,0
2026,CIN,00-0036410,T.Higgins,target,right,short_0_5,1,1,0,0
2026,CIN,00-0039814,E.All,target,right,short_0_5,1,0,0,0
2026,HOU,00-0034383,D.Schultz,target,right,short_6_10,1,0,0,0
2026,HOU,00-0034383,D.Schultz,target,middle,deep_21_plus,1,1,25,0
2026,HOU,00-0038728,J.Wayne,target,left,short_0_5,1,1,15,0
2026,TB,00-0041048,T.Hurst,target,middle,deep_21_plus,1,0,0,0
2026,CLE,00-0041547,K.Concepcion,target,right,behind_los,1,0,0,0
2026,TB,00-0036919,K.Gainwell,target,middle,short_0_5,1,1,0,0
2026,CLE,00-0040663,H.Fannin,target,middle,short_0_5,2,2,6,0
2026,TB,00-0038129,C.Otton,target,right,deep_21_plus,1,0,0,0
2026,CLE,00-0040784,Q.Judkins,target,left,behind_los,2,0,9,0
2026,CLE,00-0041547,K.Concepcion,target,left,short_0_5,1,1,6,0
2026,TB,00-0040129,E.Egbuka,target,right,short_6_10,1,0,7,0
2026,TB,00-0033921,C.Godwin,target,right,intermediate_11_20,1,0,24,0
2026,CLE,00-0041037,D.Boston,target,right,intermediate_11_20,1,0,15,0
2026,TB,00-0038129,C.Otton,target,right,intermediate_11_20,1,0,13,0
2026,CLE,00-0040663,H.Fannin,target,left,behind_los,1,0,13,0
2026,TB,00-0041048,T.Hurst,target,right,deep_21_plus,1,1,0,0
2026,CLE,00-0040784,Q.Judkins,target,left,short_0_5,2,0,15,0
2026,TB,00-0040237,T.Johnson,target,middle,deep_21_plus,1,0,49,0
2026,TB,00-0041048,T.Hurst,target,right,intermediate_11_20,1,1,0,0
2026,CLE,00-0040784,Q.Judkins,target,middle,behind_los,1,0,3,0
2026,CLE,00-0041037,D.Boston,target,right,short_6_10,1,1,9,0
2026,TB,00-0041048,T.Hurst,target,left,deep_21_plus,1,1,0,0
2026,BUF,00-0039901,K.Coleman,target,left,short_6_10,2,2,16,0
2026,BUF,00-0038933,D.Kincaid,target,right,short_0_5,1,0,12,0
2026,BUF,00-0039901,K.Coleman,target,right,intermediate_11_20,1,0,22,0
2026,DET,00-0039139,J.Gibbs,target,right,intermediate_11_20,1,1,11,1
2026,BUF,00-0036988,J.Palmer,target,right,short_6_10,1,0,0,0
2026,BUF,00-0037261,K.Shakir,target,middle,short_0_5,1,1,0,0
2026,DET,00-0040669,I.TeSlaa,target,right,deep_21_plus,1,0,0,0
2026,DET,00-0039065,S.LaPorta,target,middle,short_6_10,1,1,18,0
2026,BUF,00-0039901,K.Coleman,target,right,short_6_10,1,0,9,0
2026,BUF,00-0038933,D.Kincaid,target,left,intermediate_11_20,1,0,23,0
2026,DET,00-0036963,A.St. Brown,target,middle,intermediate_11_20,2,1,0,0
2026,BUF,00-0037261,K.Shakir,target,right,short_6_10,2,1,16,0
2026,DET,00-0039139,J.Gibbs,target,middle,behind_los,1,0,0,0
2026,BUF,00-0039901,K.Coleman,target,middle,short_6_10,1,0,12,0
2026,DET,00-0036963,A.St. Brown,target,middle,deep_21_plus,1,0,27,1
2026,GB,00-0039146,J.Reed,target,left,behind_los,1,0,4,0
2026,NYJ,00-0041032,K.Sadiq,target,right,behind_los,1,0,5,0
2026,NYJ,00-0039890,A.Mitchell,target,left,short_0_5,2,0,7,0
2026,GB,00-0039811,M.Lloyd,target,left,short_0_5,1,0,0,0
2026,GB,00-0038090,S.Moore,target,right,behind_los,1,0,-1,0
2026,NYJ,00-0039890,A.Mitchell,target,right,short_0_5,2,1,8,0
2026,NYJ,00-0037805,J.Ruckert,target,left,behind_los,1,1,0,0
2026,GB,00-0038996,T.Kraft,target,right,behind_los,1,0,5,0
2026,NYJ,00-0039451,I.Williams,target,right,short_0_5,2,0,12,0
2026,NYJ,00-0039890,A.Mitchell,target,left,behind_los,1,1,8,0
2026,NYJ,00-0039451,I.Williams,target,right,behind_los,2,2,9,0
2026,GB,00-0038124,C.Watson,target,right,behind_los,1,1,0,0
2026,GB,00-0038090,S.Moore,target,left,short_0_5,1,0,7,0
2026,GB,00-0038124,C.Watson,target,middle,short_0_5,1,1,3,1
2026,NYJ,00-0037740,G.Wilson,target,right,short_6_10,1,1,8,0
2026,KC,00-0039894,X.Worthy,target,middle,intermediate_11_20,1,0,16,0
2026,KC,00-0039894,X.Worthy,target,middle,short_6_10,1,0,0,0
2026,IND,00-0040128,T.Warren,target,left,behind_los,3,1,14,0
2026,IND,00-0037292,A.Ogletree,target,right,short_0_5,1,0,0,0
2026,IND,00-0038997,J.Downs,target,left,short_0_5,2,0,9,0
2026,KC,00-0039067,R.Rice,target,middle,intermediate_11_20,1,0,16,0
2026,KC,00-0038104,T.Thornton,target,right,short_6_10,1,0,6,0
2026,KC,00-0030506,T.Kelce,target,left,behind_los,1,0,5,0
2026,KC,00-0040646,J.Royals,target,left,short_0_5,1,0,5,0
2026,KC,00-0039067,R.Rice,target,left,short_0_5,1,1,0,0
2026,KC,00-0038104,T.Thornton,target,middle,short_0_5,1,1,5,0
2026,KC,00-0030506,T.Kelce,target,right,behind_los,2,0,17,0
2026,KC,00-0038104,T.Thornton,target,right,deep_21_plus,2,2,75,0
2026,KC,00-0040646,J.Royals,target,right,short_0_5,1,1,1,1
2026,IND,00-0032951,L.Treadwell,target,left,short_0_5,1,0,3,0
2026,IND,00-0030279,K.Allen,target,right,intermediate_11_20,1,1,0,0
2026,KC,00-0036637,N.Gray,target,left,intermediate_11_20,1,0,0,0
2026,KC,00-0038134,K.Walker,target,left,short_6_10,1,0,10,0
2026,KC,00-0039067,R.Rice,target,right,behind_los,1,1,6,0
2026,KC,00-0039067,R.Rice,target,middle,short_6_10,1,1,31,0
2026,DEN,00-0040134,P.Bryant,target,right,short_0_5,1,1,0,0
2026,JAX,00-0038606,P.Washington,target,left,deep_21_plus,2,1,0,0
2026,DEN,00-0036613,J.Waddle,target,left,behind_los,2,0,2,0
2026,JAX,00-0038606,P.Washington,target,right,short_6_10,2,1,9,0
2026,DEN,00-0036613,J.Waddle,target,right,intermediate_11_20,2,0,20,0
2026,DEN,00-0036613,J.Waddle,target,right,deep_21_plus,2,2,29,0
2026,JAX,00-0039893,Bri.Thomas,target,left,intermediate_11_20,2,0,22,0
2026,JAX,00-0038606,P.Washington,target,middle,deep_21_plus,1,0,32,0
2026,DEN,00-0037085,T.Badie,target,right,behind_los,1,1,0,0
2026,JAX,00-0038935,B.Strange,target,right,short_0_5,1,1,3,0
2026,JAX,00-0040719,B.Tuten,target,right,behind_los,1,1,0,0
2026,JAX,00-0032104,A.Abdullah,target,left,behind_los,1,0,2,0
2026,DEN,00-0039868,T.Franklin,target,left,short_6_10,1,1,0,0
2026,DEN,00-0035406,L.Humphrey,target,left,intermediate_11_20,1,0,0,0
2026,JAX,00-0039893,Bri.Thomas,target,left,deep_21_plus,1,1,0,0
2026,LAC,00-0038544,Q.Johnston,target,middle,behind_los,1,0,7,0
2026,LAC,00-0038544,Q.Johnston,target,middle,short_0_5,1,1,0,0
2026,LV,00-0038563,T.Tucker,target,left,deep_21_plus,2,0,82,1
2026,LAC,00-0040666,O.Hampton,target,left,behind_los,2,0,21,0
2026,LAC,00-0038046,C.Kolar,target,right,short_6_10,1,0,8,0
2026,LAC,00-0038544,Q.Johnston,target,right,deep_21_plus,1,1,0,0
2026,LV,00-0039066,M.Mayer,target,left,intermediate_11_20,1,0,0,0
2026,LV,00-0038563,T.Tucker,target,left,short_6_10,1,1,9,0
2026,LV,00-0037291,J.Nailor,target,right,intermediate_11_20,1,1,0,0
2026,LV,00-0035891,C.White,target,right,intermediate_11_20,1,1,13,1
2026,LV,00-0037291,J.Nailor,target,middle,short_6_10,1,1,9,0
2026,LV,00-0040878,M.Washington,target,left,short_6_10,1,0,0,0
2026,LV,00-0040894,M.Benson,target,right,deep_21_plus,1,1,0,0
2026,LV,00-0035891,C.White,target,left,intermediate_11_20,1,1,11,1
2026,LAC,00-0038573,D.Davis,target,left,intermediate_11_20,1,1,0,0
2026,MIA,00-0039880,M.Washington,target,left,short_0_5,1,0,0,0
2026,MIA,00-0039040,D.Achane,target,middle,short_0_5,1,1,6,0
2026,SF,00-0035719,D.Samuel,target,middle,short_0_5,1,0,2,0
2026,SF,00-0032775,D.Robinson,target,right,short_6_10,1,0,9,0
2026,SF,00-0033280,C.McCaffrey,target,left,behind_los,1,0,11,0
2026,SF,00-0033280,C.McCaffrey,target,middle,short_6_10,1,1,16,0
2026,MIA,00-0039880,M.Washington,target,left,behind_los,1,0,12,0
2026,MIA,00-0039880,M.Washington,target,right,short_0_5,1,0,5,0
2026,SF,00-0032775,D.Robinson,target,left,intermediate_11_20,1,0,19,0
2026,MIA,00-0039040,D.Achane,target,right,short_0_5,2,0,6,0
2026,MIA,00-0041523,C.Douglas,target,left,short_6_10,1,1,8,0
2026,SF,00-0033288,G.Kittle,target,left,intermediate_11_20,1,1,12,1
2026,SF,00-0033288,G.Kittle,target,middle,short_0_5,1,1,2,0
2026,SF,00-0029892,K.Juszczyk,target,right,short_0_5,1,1,6,1
2026,MIA,00-0041523,C.Douglas,target,right,short_0_5,2,2,11,0
2026,MIA,00-0041436,D.Herman,target,right,deep_21_plus,1,0,0,0
2026,MIA,00-0041524,W.Kacmarek,target,right,short_0_5,1,1,4,0
2026,MIA,00-0041525,C.Bell,target,right,intermediate_11_20,1,0,0,0
2026,MIA,00-0038824,R.Miller,target,right,deep_21_plus,1,1,77,1
2026,MIN,00-0038994,J.Addison,target,left,short_0_5,1,0,6,0
2026,CHI,00-0039919,R.Odunze,target,left,short_6_10,1,1,0,0
2026,MIN,00-0035229,T.Hockenson,target,left,intermediate_11_20,1,0,0,0
2026,CHI,00-0036275,D.Swift,target,left,behind_los,2,1,43,0
2026,MIN,00-0036322,J.Jefferson,target,middle,short_0_5,1,1,9,0
2026,CHI,00-0041558,S.Roush,target,middle,short_6_10,1,0,0,0
2026,CHI,00-0040126,C.Loveland,target,left,behind_los,1,0,0,0
2026,CHI,00-0041558,S.Roush,target,right,behind_los,1,0,9,0
2026,CHI,00-0040735,L.Burden,target,right,intermediate_11_20,1,0,0,0
2026,CHI,00-0039919,R.Odunze,target,left,intermediate_11_20,1,0,15,0
2026,CHI,00-0041558,S.Roush,target,middle,intermediate_11_20,1,1,0,0
2026,MIN,00-0038994,J.Addison,target,middle,short_6_10,1,1,15,0
2026,MIN,00-0035229,T.Hockenson,target,right,intermediate_11_20,1,1,19,0
2026,BAL,00-0036550,R.Bateman,target,right,intermediate_11_20,1,0,19,0
2026,BAL,00-0032764,D.Henry,target,middle,behind_los,2,0,-1,0
2026,NO,00-0037239,C.Olave,target,left,intermediate_11_20,2,0,20,0
2026,NO,00-0033906,A.Kamara,target,right,behind_los,2,1,-3,0
2026,NO,00-0036040,J.Johnson,target,middle,short_6_10,1,1,10,0
2026,BAL,00-0040075,L.Wester,target,right,behind_los,1,0,14,0
2026,NO,00-0033906,A.Kamara,target,right,short_0_5,1,0,2,0
2026,BAL,00-0036550,R.Bateman,target,right,short_6_10,3,1,16,0
2026,BAL,00-0034753,M.Andrews,target,left,short_0_5,1,0,5,0
2026,NO,00-0039424,D.Vele,target,left,intermediate_11_20,1,0,13,0
2026,NO,00-0036040,J.Johnson,target,right,behind_los,1,1,25,0
2026,BAL,00-0036550,R.Bateman,target,middle,short_0_5,1,0,6,0
2026,NO,00-0039424,D.Vele,target,middle,short_0_5,1,1,5,0
2026,NO,00-0037231,K.Austin,target,right,short_6_10,1,1,7,0
2026,NO,00-0036040,J.Johnson,target,right,short_0_5,1,1,25,0
2026,NYG,00-0039337,M.Nabers,target,left,behind_los,1,0,1,0
2026,LA,00-0040737,T.Ferguson,target,right,short_0_5,2,0,14,0
2026,LA,00-0036244,C.Parkinson,target,left,behind_los,1,0,7,0
2026,LA,00-0040737,T.Ferguson,target,left,short_0_5,2,0,6,0
2026,NYG,00-0041042,M.Fields,target,middle,deep_21_plus,2,2,0,0
2026,LA,00-0031381,D.Adams,target,right,deep_21_plus,2,1,91,0
2026,LA,00-0037840,K.Williams,target,left,short_6_10,1,1,10,1
2026,NYG,00-0036309,D.Mooney,target,left,intermediate_11_20,1,0,33,0
2026,LA,00-0031381,D.Adams,target,left,deep_21_plus,2,0,23,0
2026,LA,00-0040590,K.Mumpfield,target,right,intermediate_11_20,1,1,0,0
2026,NYG,00-0036309,D.Mooney,target,middle,intermediate_11_20,1,1,15,0
2026,LA,00-0040590,K.Mumpfield,target,left,short_0_5,1,0,12,0
2026,LA,00-0036244,C.Parkinson,target,right,short_0_5,1,1,8,0
2026,LA,00-0039738,B.Corum,target,left,behind_los,1,0,13,0
2026,LA,00-0040737,T.Ferguson,target,middle,short_0_5,1,1,5,1
2026,TEN,00-0041438,C.Tate,target,middle,short_6_10,1,1,0,0
2026,PHI,00-0038555,T.Bigsby,target,right,behind_los,1,0,-2,0
2026,PHI,00-0034351,D.Goedert,target,middle,short_0_5,1,0,0,0
2026,PHI,00-0034351,D.Goedert,target,left,short_0_5,1,0,4,0
2026,PHI,00-0036912,D.Smith,target,left,short_0_5,1,1,8,0
2026,PHI,00-0036912,D.Smith,target,right,short_6_10,4,3,23,0
2026,TEN,00-0040170,E.Ayomanor,target,middle,short_0_5,1,1,0,0
2026,PHI,00-0038555,T.Bigsby,target,right,short_0_5,1,0,7,0
2026,PHI,00-0036912,D.Smith,target,right,intermediate_11_20,2,2,31,0
2026,TEN,00-0040170,E.Ayomanor,target,left,intermediate_11_20,1,1,28,0
2026,PHI,00-0034844,S.Barkley,target,left,short_0_5,1,0,0,0
2026,TEN,00-0038117,W.Robinson,target,right,short_6_10,1,1,9,0
2026,TEN,00-0034837,C.Ridley,target,right,intermediate_11_20,1,0,25,0
2026,TEN,00-0040584,G.Helm,target,left,behind_los,1,1,8,0
2026,PHI,00-0040024,D.Cooper,target,middle,short_0_5,2,1,26,1
2026,PHI,00-0038393,D.Wicks,target,middle,short_0_5,1,1,0,0
2026,TEN,00-0041438,C.Tate,target,right,intermediate_11_20,1,1,15,0
2026,NE,00-0038621,D.Douglas,target,middle,short_0_5,1,0,9,0
2026,NE,00-0036187,R.Gilliam,target,left,behind_los,1,0,0,0
2026,PIT,00-0036894,P.Freiermuth,target,right,short_6_10,1,0,9,0
2026,NE,00-0037816,R.Doubs,target,left,behind_los,1,0,4,0
2026,NE,00-0041395,E.Raridon,target,left,deep_21_plus,1,0,30,0
2026,PIT,00-0041489,G.Bernard,target,left,behind_los,1,0,3,0
2026,PIT,00-0041489,G.Bernard,target,middle,intermediate_11_20,2,2,19,0
2026,PIT,00-0035640,D.Metcalf,target,left,behind_los,2,0,2,0
2026,NE,00-0038621,D.Douglas,target,middle,behind_los,1,1,0,0
2026,PIT,00-0036894,P.Freiermuth,target,left,short_0_5,2,1,14,0
2026,PIT,00-0039739,R.Wilson,target,left,behind_los,2,2,10,0
2026,NE,00-0033555,M.Hollins,target,left,short_6_10,1,0,8,0
2026,PIT,00-0036862,B.Skowronek,target,middle,short_0_5,1,0,2,0
2026,PIT,00-0039739,R.Wilson,target,left,short_0_5,1,0,5,0
2026,PIT,00-0037228,J.Warren,target,middle,behind_los,1,0,26,0
2026,PIT,00-0041489,G.Bernard,target,right,behind_los,1,1,0,0
2026,ARI,00-0037744,T.McBride,target,middle,short_0_5,1,0,9,0
2026,ARI,00-0038559,Mi.Wilson,target,right,behind_los,1,1,0,0
2026,SEA,00-0039793,A.Barner,target,right,short_6_10,1,0,8,0
2026,SEA,00-0038543,J.Smith-Njigba,target,left,short_6_10,3,3,25,0
2026,ARI,00-0039849,M.Harrison,target,right,short_0_5,1,0,0,0
2026,ARI,00-0038559,Mi.Wilson,target,left,short_6_10,1,1,9,0
2026,SEA,00-0033908,C.Kupp,target,right,intermediate_11_20,1,0,16,0
2026,SEA,00-0040739,E.Arroyo,target,middle,intermediate_11_20,1,0,17,0
2026,SEA,00-0041512,J.Price,target,right,deep_21_plus,1,0,0,0
2026,SEA,00-0039299,G.Holani,target,left,behind_los,1,1,2,0
2026,SEA,00-0033576,E.Saubert,target,middle,behind_los,1,1,-10,0
2026,ARI,00-0038559,Mi.Wilson,target,middle,intermediate_11_20,1,1,0,0
2026,SEA,00-0038797,E.Wilson,target,right,short_0_5,1,1,0,0
2026,DAL,00-0036358,C.Lamb,target,middle,deep_21_plus,1,0,23,0
2026,DAL,00-0036358,C.Lamb,target,middle,short_6_10,1,1,10,0
2026,WAS,00-0040242,J.Croskey-Merritt,target,right,behind_los,1,0,5,0
2026,DAL,00-0038041,J.Ferguson,target,middle,short_6_10,1,1,10,1
2026,WAS,00-0037256,R.White,target,left,short_0_5,1,0,9,0
2026,WAS,00-0035659,T.McLaurin,target,middle,short_0_5,1,1,0,0
2026,WAS,00-0036626,D.Brown,target,middle,short_0_5,1,1,0,0
2026,WAS,00-0036626,D.Brown,target,left,deep_21_plus,1,0,0,0
2026,DAL,00-0038041,J.Ferguson,target,middle,intermediate_11_20,1,1,12,1
2026,WAS,00-0036626,D.Brown,target,left,intermediate_11_20,1,0,18,0
2026,WAS,00-0037256,R.White,target,left,behind_los,1,1,0,0
2026,WAS,00-0041040,A.Williams,target,right,short_6_10,1,0,9,0
2026,WAS,00-0037256,R.White,target,middle,short_6_10,1,0,6,0
2026,WAS,00-0036626,D.Brown,target,left,short_6_10,1,0,8,0
2026,ARI,00-0037263,T.Allgeier,rush,right,guard,3,0,11,0
2026,ARI,00-0033119,J.Brissett,rush,left,end,2,2,18,0
2026,ARI,00-0037263,T.Allgeier,rush,left,end,3,0,15,0
2026,ARI,00-0033119,J.Brissett,rush,middle,no_gap_recorded,1,1,2,0
2026,ARI,00-0041027,J.Love,rush,middle,no_gap_recorded,10,4,16,0
2026,ARI,00-0041027,J.Love,rush,left,tackle,1,0,1,0
2026,ARI,00-0041027,J.Love,rush,right,tackle,3,1,16,0
2026,ARI,00-0037263,T.Allgeier,rush,right,tackle,1,0,1,0
2026,LAC,00-0038454,K.Mitchell,rush,left,tackle,2,1,3,0
2026,LAC,00-0036355,J.Herbert,rush,right,end,3,2,11,0
2026,LAC,00-0040666,O.Hampton,rush,right,guard,5,2,12,0
2026,LAC,00-0036355,J.Herbert,rush,left,end,1,0,11,0
2026,ARI,00-0033119,J.Brissett,rush,unknown,no_gap_recorded,3,1,-3,0
2026,PIT,00-0037228,J.Warren,rush,left,tackle,5,0,8,0
2026,PIT,00-0036139,R.Dowdle,rush,middle,no_gap_recorded,5,1,18,0
2026,PIT,00-0036139,R.Dowdle,rush,left,tackle,1,0,1,0
2026,ATL,00-0037746,Br.Robinson,rush,left,tackle,2,0,12,0
2026,ATL,00-0037746,Br.Robinson,rush,middle,no_gap_recorded,4,1,10,0
2026,PIT,00-0037228,J.Warren,rush,middle,no_gap_recorded,4,1,21,0
2026,PIT,00-0037228,J.Warren,rush,left,guard,2,0,6,0
2026,ATL,00-0037746,Br.Robinson,rush,left,guard,6,1,30,0
2026,PIT,00-0036139,R.Dowdle,rush,left,guard,2,1,5,0
2026,ATL,00-0038542,Bi.Robinson,rush,right,end,4,1,39,0
2026,ATL,00-0038542,Bi.Robinson,rush,left,end,2,1,0,0
2026,ATL,00-0037746,Br.Robinson,rush,right,guard,5,0,12,0
2026,PIT,00-0036139,R.Dowdle,rush,right,tackle,1,1,0,0
2026,PIT,00-0036139,R.Dowdle,rush,right,guard,2,1,0,0
2026,IND,00-0036223,J.Taylor,rush,right,end,12,4,58,2
2026,BAL,00-0032764,D.Henry,rush,middle,no_gap_recorded,3,1,12,0
2026,BAL,00-0032764,D.Henry,rush,right,tackle,6,3,24,1
2026,BAL,00-0032764,D.Henry,rush,left,tackle,10,2,83,1
2026,BAL,00-0034975,J.Hill,rush,left,tackle,1,0,5,0
2026,BAL,00-0034975,J.Hill,rush,middle,no_gap_recorded,1,1,3,0
2026,BAL,00-0032764,D.Henry,rush,right,guard,4,1,19,0
2026,BAL,00-0032764,D.Henry,rush,left,guard,5,1,19,0
2026,BAL,00-0034975,J.Hill,rush,right,end,2,1,7,0
2026,BUF,00-0037248,J.Cook,rush,left,guard,10,3,73,0
2026,BUF,00-0037248,J.Cook,rush,middle,no_gap_recorded,6,3,50,0
2026,HOU,00-0035685,D.Montgomery,rush,right,guard,5,3,8,1
2026,HOU,00-0036554,N.Collins,rush,right,end,1,0,7,0
2026,HOU,00-0035685,D.Montgomery,rush,left,end,1,0,2,0
2026,HOU,00-0035685,D.Montgomery,rush,right,tackle,5,4,3,0
2026,BUF,00-0037248,J.Cook,rush,right,end,3,1,18,0
2026,BUF,00-0034857,J.Allen,rush,right,end,4,1,44,2
2026,HOU,00-0040583,W.Marks,rush,middle,no_gap_recorded,5,3,22,0
2026,HOU,00-0040583,W.Marks,rush,right,guard,5,3,7,0
2026,HOU,00-0039163,C.Stroud,rush,left,guard,1,1,0,0
2026,BUF,00-0034857,J.Allen,rush,unknown,no_gap_recorded,5,3,-4,0
2026,CHI,00-0036275,D.Swift,rush,right,end,3,2,10,0
2026,CAR,00-0036555,C.Hubbard,rush,left,end,4,2,25,0
2026,CHI,00-0036275,D.Swift,rush,left,end,1,0,5,0
2026,CHI,00-0040735,L.Burden,rush,right,end,1,0,2,0
2026,CAR,00-0039344,J.Brooks,rush,right,tackle,1,0,1,0
2026,CAR,00-0039344,J.Brooks,rush,left,guard,2,1,8,0
2026,CHI,00-0039918,C.Williams,rush,middle,no_gap_recorded,3,3,2,0
2026,CHI,00-0040236,K.Monangai,rush,middle,no_gap_recorded,2,0,68,1
2026,CHI,00-0040236,K.Monangai,rush,right,tackle,6,1,13,0
2026,CAR,00-0036555,C.Hubbard,rush,middle,no_gap_recorded,10,4,36,0
2026,CAR,00-0039344,J.Brooks,rush,right,guard,1,0,6,0
2026,CHI,00-0040236,K.Monangai,rush,left,guard,2,1,17,0
2026,CHI,00-0040236,K.Monangai,rush,left,tackle,3,0,11,0
2026,CAR,00-0039150,B.Young,rush,middle,no_gap_recorded,2,2,9,0
2026,CHI,00-0040236,K.Monangai,rush,right,guard,5,2,24,0
2026,CAR,00-0036265,A.Dillon,rush,middle,no_gap_recorded,3,0,11,0
2026,CAR,00-0036265,A.Dillon,rush,left,end,1,0,6,0
2026,CAR,00-0038102,K.Pickett,rush,right,end,1,1,24,0
2026,CLE,00-0040784,Q.Judkins,rush,left,end,5,0,6,0
2026,JAX,00-0034960,J.Meyers,rush,left,end,1,1,2,0
2026,JAX,00-0038611,C.Rodriguez,rush,left,tackle,2,0,7,0
2026,JAX,00-0038611,C.Rodriguez,rush,middle,no_gap_recorded,5,4,18,0
2026,JAX,00-0040718,T.Hunter,rush,right,end,1,0,3,0
2026,JAX,00-0040719,B.Tuten,rush,left,end,7,0,49,0
2026,CLE,00-0041547,K.Concepcion,rush,left,end,3,1,-1,0
2026,CLE,00-0033537,D.Watson,rush,left,end,2,2,10,0
2026,JAX,00-0032104,A.Abdullah,rush,right,guard,1,0,11,0
2026,JAX,00-0036971,T.Lawrence,rush,middle,no_gap_recorded,1,1,1,0
2026,JAX,00-0032104,A.Abdullah,rush,middle,no_gap_recorded,1,1,12,0
2026,CLE,00-0040784,Q.Judkins,rush,right,guard,4,2,11,0
2026,DAL,00-0036997,J.Williams,rush,left,guard,4,0,18,0
2026,NYG,00-0040691,J.Dart,rush,left,end,2,0,38,0
2026,DAL,00-0036997,J.Williams,rush,right,tackle,4,2,8,1
2026,DAL,00-0036997,J.Williams,rush,middle,no_gap_recorded,9,5,24,0
2026,NYG,00-0040715,C.Skattebo,rush,middle,no_gap_recorded,7,2,20,0
2026,NYG,00-0039384,T.Tracy,rush,left,tackle,1,0,6,0
2026,DAL,00-0036997,J.Williams,rush,left,tackle,1,0,5,0
2026,DAL,00-0033077,D.Prescott,rush,right,tackle,1,0,4,0
2026,DAL,00-0038705,E.Demercado,rush,left,guard,1,0,4,0
2026,DAL,00-0036997,J.Williams,rush,right,guard,4,2,14,0
2026,NYG,00-0040715,C.Skattebo,rush,left,tackle,5,3,15,0
2026,NYG,00-0040715,C.Skattebo,rush,left,guard,4,3,30,0
2026,NYG,00-0035250,D.Singletary,rush,middle,no_gap_recorded,4,0,11,0
2026,DAL,00-0038705,E.Demercado,rush,middle,no_gap_recorded,2,1,10,0
2026,NYG,00-0040691,J.Dart,rush,right,end,3,1,10,0
2026,NYG,00-0035250,D.Singletary,rush,left,end,1,1,3,0
2026,NYG,00-0040715,C.Skattebo,rush,right,end,1,1,-1,0
2026,KC,00-0038134,K.Walker,rush,left,tackle,5,0,34,0
2026,KC,00-0033873,P.Mahomes,rush,middle,no_gap_recorded,3,2,26,1
2026,DEN,00-0040730,R.Harvey,rush,right,tackle,1,0,7,0
2026,KC,00-0041013,E.Johnson,rush,right,tackle,1,0,3,0
2026,KC,00-0038134,K.Walker,rush,left,guard,7,2,42,0
2026,DEN,00-0039868,T.Franklin,rush,left,end,1,0,5,0
2026,DEN,00-0036158,J.Dobbins,rush,left,guard,2,0,10,0
2026,DEN,00-0039732,B.Nix,rush,right,end,1,1,3,0
2026,KC,00-0033873,P.Mahomes,rush,left,end,2,1,14,0
2026,DEN,00-0036158,J.Dobbins,rush,left,tackle,2,0,6,0
2026,DEN,00-0039732,B.Nix,rush,unknown,no_gap_recorded,5,3,-4,0
2026,KC,00-0041013,E.Johnson,rush,left,guard,2,1,4,0
2026,MIN,00-0033293,A.Jones,rush,middle,no_gap_recorded,5,1,19,0
2026,GB,00-0038685,C.Brooks,rush,left,tackle,1,0,14,0
2026,GB,00-0038685,C.Brooks,rush,left,guard,4,2,8,0
2026,MIN,00-0037525,J.Mason,rush,left,end,4,1,31,0
2026,MIN,00-0037525,J.Mason,rush,right,end,1,0,1,0
2026,MIN,00-0033293,A.Jones,rush,left,guard,2,2,5,0
2026,MIN,00-0032950,C.Wentz,rush,middle,no_gap_recorded,2,1,2,0
2026,GB,00-0039811,M.Lloyd,rush,left,tackle,6,1,13,0
2026,MIN,00-0037525,J.Mason,rush,middle,no_gap_recorded,3,2,6,0
2026,GB,00-0039811,M.Lloyd,rush,right,tackle,3,1,8,0
2026,GB,00-0038685,C.Brooks,rush,right,guard,2,1,9,0
2026,MIN,00-0032950,C.Wentz,rush,unknown,no_gap_recorded,4,2,-3,0
2026,GB,00-0039811,M.Lloyd,rush,right,guard,2,0,7,0
2026,GB,00-0036264,J.Love,rush,right,guard,1,1,0,0
2026,MIN,00-0033293,A.Jones,rush,left,tackle,5,0,24,0
2026,MIA,00-0039040,D.Achane,rush,middle,no_gap_recorded,15,5,64,0
2026,MIA,00-0038128,M.Willis,rush,left,end,3,0,16,0
2026,LV,00-0037304,C.Heyward,rush,middle,no_gap_recorded,2,2,2,0
2026,LV,00-0029604,K.Cousins,rush,right,end,1,0,3,0
2026,LV,00-0040878,M.Washington,rush,left,tackle,3,0,10,0
2026,MIA,00-0039040,D.Achane,rush,right,guard,6,3,15,0
2026,LV,00-0040878,M.Washington,rush,middle,no_gap_recorded,1,0,8,0
2026,LV,00-0040878,M.Washington,rush,left,guard,3,3,20,0
2026,LV,00-0040122,A.Jeanty,rush,left,tackle,4,1,5,0
2026,LV,00-0040122,A.Jeanty,rush,right,end,3,0,8,0
2026,LV,00-0040122,A.Jeanty,rush,left,guard,3,2,18,0
2026,MIA,00-0039040,D.Achane,rush,left,end,4,1,13,0
2026,LV,00-0029604,K.Cousins,rush,middle,no_gap_recorded,1,1,-3,0
2026,MIA,00-0038128,M.Willis,rush,middle,no_gap_recorded,2,1,5,0
2026,NE,00-0036875,R.Stevenson,rush,middle,no_gap_recorded,10,2,52,0
2026,NE,00-0036875,R.Stevenson,rush,left,guard,3,1,0,0
2026,SEA,00-0039299,G.Holani,rush,left,guard,2,1,8,0
2026,SEA,00-0041512,J.Price,rush,left,tackle,3,0,10,0
2026,SEA,00-0041512,J.Price,rush,right,end,8,2,56,0
2026,NE,00-0040556,C.Kiner,rush,middle,no_gap_recorded,1,0,0,0
2026,NE,00-0036875,R.Stevenson,rush,left,tackle,4,1,20,0
2026,NE,00-0040556,C.Kiner,rush,left,tackle,2,1,3,0
2026,NE,00-0039851,D.Maye,rush,left,tackle,1,0,16,0
2026,SEA,00-0039299,G.Holani,rush,right,end,2,1,5,0
2026,NE,00-0040556,C.Kiner,rush,right,end,1,0,1,0
2026,SEA,00-0038797,E.Wilson,rush,right,guard,3,3,10,0
2026,SEA,00-0035704,D.Lock,rush,unknown,no_gap_recorded,1,1,-1,0
2026,DET,00-0039139,J.Gibbs,rush,left,tackle,5,2,23,0
2026,NO,00-0036973,T.Etienne,rush,left,tackle,3,1,6,0
2026,NO,00-0041326,C.Donaldson,rush,middle,no_gap_recorded,3,3,6,0
2026,DET,00-0039139,J.Gibbs,rush,right,end,4,0,26,0
2026,DET,00-0033106,J.Goff,rush,unknown,no_gap_recorded,2,1,0,0
2026,NO,00-0036973,T.Etienne,rush,right,guard,2,0,4,0
2026,NO,00-0038551,K.Miller,rush,middle,no_gap_recorded,5,3,14,1
2026,NO,00-0038551,K.Miller,rush,left,end,1,1,8,0
2026,NO,00-0040743,T.Shough,rush,left,end,2,0,5,0
2026,DET,00-0039139,J.Gibbs,rush,left,guard,7,1,32,1
2026,NO,00-0036973,T.Etienne,rush,right,tackle,4,2,3,0
2026,DET,00-0039364,S.Vaki,rush,right,tackle,1,1,4,0
2026,NYJ,00-0038120,B.Hall,rush,right,tackle,3,1,11,0
2026,NYJ,00-0038120,B.Hall,rush,right,guard,7,1,22,0
2026,NYJ,00-0038120,B.Hall,rush,middle,no_gap_recorded,11,4,37,0
2026,NYJ,00-0041032,K.Sadiq,rush,left,end,1,1,3,1
2026,TEN,00-0035261,T.Pollard,rush,middle,no_gap_recorded,3,1,8,0
2026,TEN,00-0040676,C.Ward,rush,right,end,3,2,13,0
2026,NYJ,00-0030565,G.Smith,rush,unknown,no_gap_recorded,5,2,-3,0
2026,TEN,00-0039032,T.Spears,rush,right,end,1,0,1,0
2026,NYJ,00-0038120,B.Hall,rush,left,tackle,5,1,8,0
2026,NYJ,00-0039794,B.Allen,rush,right,tackle,2,0,11,0
2026,NYJ,00-0039794,B.Allen,rush,right,guard,5,2,20,0
2026,NYJ,00-0038120,B.Hall,rush,left,guard,4,2,10,0
2026,NYJ,00-0030565,G.Smith,rush,left,end,2,2,4,0
2026,NYJ,00-0039794,B.Allen,rush,left,guard,4,2,10,0
2026,TEN,00-0035261,T.Pollard,rush,left,end,2,1,26,0
2026,SF,00-0033280,C.McCaffrey,rush,middle,no_gap_recorded,5,2,14,1
2026,LA,00-0039738,B.Corum,rush,middle,no_gap_recorded,6,3,35,0
2026,LA,00-0037840,K.Williams,rush,middle,no_gap_recorded,16,6,78,1
2026,SF,00-0033280,C.McCaffrey,rush,right,end,3,0,14,0
2026,LA,00-0039738,B.Corum,rush,right,guard,2,0,10,0
2026,SF,00-0041052,K.Black,rush,left,end,3,0,18,0
2026,SF,00-0035719,D.Samuel,rush,right,guard,1,0,12,0
2026,SF,00-0033280,C.McCaffrey,rush,left,guard,3,0,24,0
2026,LA,00-0039738,B.Corum,rush,right,tackle,4,0,4,0
2026,LA,00-0039738,B.Corum,rush,left,end,2,0,21,0
2026,LA,00-0037840,K.Williams,rush,right,guard,2,1,14,0
2026,SF,00-0041052,K.Black,rush,right,end,1,0,14,0
2026,SF,00-0037834,B.Purdy,rush,left,end,4,1,46,1
2026,TB,00-0040237,T.Johnson,rush,right,end,1,0,-4,0
2026,TB,00-0036919,K.Gainwell,rush,right,guard,1,0,2,0
2026,TB,00-0036919,K.Gainwell,rush,right,tackle,3,1,15,0
2026,TB,00-0033921,C.Godwin,rush,left,end,1,0,3,0
2026,CIN,00-0036442,J.Burrow,rush,middle,no_gap_recorded,2,2,14,0
2026,TB,00-0039361,B.Irving,rush,left,end,5,1,62,1
2026,CIN,00-0038597,C.Brown,rush,right,end,4,2,22,0
2026,TB,00-0034855,B.Mayfield,rush,right,end,3,2,23,0
2026,TB,00-0036919,K.Gainwell,rush,left,guard,1,0,2,0
2026,TB,00-0036919,K.Gainwell,rush,left,tackle,1,1,0,0
2026,CIN,00-0038597,C.Brown,rush,left,end,2,1,-2,0
2026,TB,00-0034855,B.Mayfield,rush,left,end,1,1,8,0
2026,CIN,00-0036442,J.Burrow,rush,left,guard,1,1,1,0
2026,WAS,00-0037256,R.White,rush,left,tackle,2,0,4,0
2026,WAS,00-0040242,J.Croskey-Merritt,rush,right,guard,5,1,11,0
2026,PHI,00-0034844,S.Barkley,rush,left,end,3,0,8,0
2026,PHI,00-0034844,S.Barkley,rush,right,end,1,0,6,0
2026,PHI,00-0034844,S.Barkley,rush,middle,no_gap_recorded,3,1,4,0
2026,WAS,00-0039910,J.Daniels,rush,right,end,6,2,51,0
2026,WAS,00-0040242,J.Croskey-Merritt,rush,right,tackle,4,0,29,0
2026,WAS,00-0039910,J.Daniels,rush,left,tackle,1,1,14,0
2026,WAS,00-0040242,J.Croskey-Merritt,rush,middle,no_gap_recorded,6,3,16,0
2026,PHI,00-0036389,J.Hurts,rush,right,tackle,1,0,14,0
2026,PHI,00-0036389,J.Hurts,rush,middle,no_gap_recorded,4,4,35,0
2026,PHI,00-0039746,W.Shipley,rush,right,tackle,2,1,3,0
2026,PHI,00-0039746,W.Shipley,rush,left,guard,1,0,2,0
2026,WAS,00-0041096,K.Allen,rush,left,guard,1,1,4,0
2026,PHI,00-0036389,J.Hurts,rush,unknown,no_gap_recorded,2,2,-2,0
2026,ATL,00-0033662,C.Rush,rush,right,end,2,1,20,0
2026,CAR,00-0039344,J.Brooks,rush,middle,no_gap_recorded,1,1,3,0
2026,CAR,00-0036555,C.Hubbard,rush,right,end,1,1,0,0
2026,CAR,00-0039344,J.Brooks,rush,left,tackle,1,0,-1,0
2026,ATL,00-0041194,J.Strand,rush,right,end,2,0,16,0
2026,HOU,00-0040583,W.Marks,rush,right,tackle,2,0,2,0
2026,HOU,00-0039163,C.Stroud,rush,right,end,1,0,11,0
2026,TB,00-0033921,C.Godwin,rush,right,end,1,0,12,0
2026,TB,00-0040129,E.Egbuka,rush,left,end,1,0,-3,0
2026,CLE,00-0040784,Q.Judkins,rush,right,tackle,1,1,6,0
2026,CLE,00-0040466,R.Sanders,rush,right,guard,1,1,3,0
2026,TB,00-0039361,B.Irving,rush,right,end,1,1,4,0
2026,CLE,00-0038794,J.McLaughlin,rush,right,tackle,1,0,3,0
2026,BUF,00-0034857,J.Allen,rush,left,tackle,2,2,20,0
2026,BUF,00-0034857,J.Allen,rush,left,guard,2,1,10,1
2026,BUF,00-0037248,J.Cook,rush,left,tackle,4,2,8,0
2026,DET,00-0033106,J.Goff,rush,left,tackle,1,1,4,0
2026,GB,00-0040142,K.Johnson,rush,left,tackle,2,0,7,0
2026,GB,00-0040142,K.Johnson,rush,left,guard,2,0,19,0
2026,GB,00-0040142,K.Johnson,rush,middle,no_gap_recorded,3,0,-5,0
2026,GB,00-0039811,M.Lloyd,rush,left,guard,1,0,3,0
2026,NYJ,00-0030565,G.Smith,rush,right,tackle,1,1,6,0
2026,NYJ,00-0039451,I.Williams,rush,right,end,1,0,14,0
2026,IND,00-0041132,D.Burks,rush,left,end,1,0,10,0
2026,IND,00-0036223,J.Taylor,rush,left,end,4,3,10,1
2026,KC,00-0038134,K.Walker,rush,right,guard,3,1,9,0
2026,IND,00-0041125,S.McGowan,rush,left,tackle,1,0,1,0
2026,IND,00-0041125,S.McGowan,rush,right,end,1,0,-1,0
2026,KC,00-0036909,K.Tonga,rush,middle,no_gap_recorded,1,1,3,0
2026,IND,00-0035710,D.Jones,rush,middle,no_gap_recorded,1,1,3,0
2026,IND,00-0041132,D.Burks,rush,right,end,1,0,4,0
2026,KC,00-0038134,K.Walker,rush,right,tackle,1,1,1,0
2026,KC,00-0033873,P.Mahomes,rush,right,end,1,1,4,0
2026,JAX,00-0038611,C.Rodriguez,rush,left,guard,1,1,7,0
2026,JAX,00-0038611,C.Rodriguez,rush,right,guard,2,0,3,0
2026,DEN,00-0036158,J.Dobbins,rush,right,guard,2,1,15,0
2026,JAX,00-0036971,T.Lawrence,rush,right,end,2,1,6,0
2026,JAX,00-0040719,B.Tuten,rush,right,end,5,2,31,1
2026,DEN,00-0041496,J.Coleman,rush,right,tackle,2,1,3,1
2026,JAX,00-0038611,C.Rodriguez,rush,right,tackle,1,1,-2,0
2026,DEN,00-0040134,P.Bryant,rush,right,end,1,0,16,0
2026,DEN,00-0041496,J.Coleman,rush,right,guard,1,1,3,0
2026,DEN,00-0041496,J.Coleman,rush,left,end,1,1,12,0
2026,LAC,00-0040666,O.Hampton,rush,left,tackle,4,0,12,0
2026,LAC,00-0038454,K.Mitchell,rush,right,tackle,1,0,5,0
2026,LAC,00-0040666,O.Hampton,rush,left,guard,1,1,1,1
2026,LAC,00-0038544,Q.Johnston,rush,left,end,1,0,7,0
2026,MIA,00-0039874,J.Wright,rush,right,guard,1,1,8,0
2026,MIA,00-0040198,O.Gordon,rush,middle,no_gap_recorded,1,1,1,0
2026,SF,00-0033280,C.McCaffrey,rush,left,tackle,1,0,3,0
2026,MIA,00-0032065,B.Pinion,rush,unknown,no_gap_recorded,1,1,0,0
2026,MIA,00-0039040,D.Achane,rush,right,tackle,1,0,-3,0
2026,SF,00-0040177,J.James,rush,right,guard,1,0,2,0
2026,MIA,00-0040198,O.Gordon,rush,right,tackle,1,0,1,0
2026,MIA,00-0040198,O.Gordon,rush,left,guard,1,0,5,0
2026,SF,00-0040177,J.James,rush,middle,no_gap_recorded,2,1,11,0
2026,SF,00-0036972,M.Jones,rush,unknown,no_gap_recorded,2,0,-2,0
2026,MIN,00-0032950,C.Wentz,rush,right,end,1,0,4,0
2026,CHI,00-0039918,C.Williams,rush,unknown,no_gap_recorded,1,0,17,0
2026,MIN,00-0033293,A.Jones,rush,right,end,1,0,3,0
2026,CHI,00-0039918,C.Williams,rush,right,tackle,1,0,11,0
2026,NO,00-0036973,T.Etienne,rush,left,guard,2,0,12,0
2026,NO,00-0033906,A.Kamara,rush,middle,no_gap_recorded,2,0,4,0
2026,NO,00-0033906,A.Kamara,rush,right,tackle,3,2,-1,0
2026,NO,00-0040743,T.Shough,rush,right,guard,1,1,8,0
2026,BAL,00-0034796,L.Jackson,rush,left,guard,1,1,13,0
2026,NYG,00-0036893,N.Harris,rush,right,tackle,1,0,4,0
2026,NYG,00-0031503,J.Winston,rush,middle,no_gap_recorded,1,1,0,0
2026,LA,00-0026498,M.Stafford,rush,right,end,1,0,2,0
2026,LA,00-0037840,K.Williams,rush,right,tackle,1,0,6,0
2026,PHI,00-0038555,T.Bigsby,rush,left,tackle,3,0,13,0
2026,PHI,00-0039746,W.Shipley,rush,left,tackle,1,1,5,0
2026,PHI,00-0039746,W.Shipley,rush,right,guard,1,1,1,0
2026,PHI,00-0036389,J.Hurts,rush,left,end,1,1,-1,0
2026,PHI,00-0035662,M.Brown,rush,left,end,2,0,12,0
2026,TEN,00-0040676,C.Ward,rush,left,end,1,1,1,1
2026,PHI,00-0040867,M.Lemon,rush,left,end,1,0,-5,0
2026,TEN,00-0039032,T.Spears,rush,left,end,1,1,27,0
2026,NE,00-0040734,T.Henderson,rush,left,guard,2,0,45,1
2026,PIT,00-0037228,J.Warren,rush,right,end,2,1,13,0
2026,PIT,00-0036894,P.Freiermuth,rush,middle,no_gap_recorded,1,1,2,0
2026,PIT,00-0023459,A.Rodgers,rush,left,guard,1,0,5,0
2026,NE,00-0040734,T.Henderson,rush,left,tackle,1,0,-2,0
2026,NE,00-0040734,T.Henderson,rush,right,end,1,0,1,0
2026,SEA,00-0041512,J.Price,rush,middle,no_gap_recorded,6,0,8,0
2026,SEA,00-0038797,E.Wilson,rush,right,tackle,4,1,32,0
2026,SEA,00-0038797,E.Wilson,rush,middle,no_gap_recorded,10,5,31,0
2026,SEA,00-0038797,E.Wilson,rush,left,end,1,0,5,0
2026,SEA,00-0039299,G.Holani,rush,left,tackle,1,1,6,0
2026,SEA,00-0039793,A.Barner,rush,middle,no_gap_recorded,1,1,1,1
2026,ARI,00-0037157,Z.Knight,rush,left,tackle,1,0,6,0
2026,WAS,00-0037256,R.White,rush,right,end,1,1,2,0
2026,WAS,00-0040242,J.Croskey-Merritt,rush,left,end,1,0,1,0
2026,WAS,00-0041096,K.Allen,rush,left,tackle,4,1,17,0
2026,ARI,00-0039849,M.Harrison,target,middle,intermediate_11_20,1,0,0,0
2026,ARI,00-0037263,T.Allgeier,target,right,short_0_5,1,0,5,0
2026,ARI,00-0037744,T.McBride,target,middle,short_6_10,5,4,39,0
2026,ARI,00-0041027,J.Love,target,middle,short_0_5,2,0,5,0
2026,LAC,00-0033885,D.Njoku,target,right,short_0_5,2,0,21,0
2026,LAC,00-0038544,Q.Johnston,target,right,short_0_5,1,0,0,0
2026,ARI,00-0037744,T.McBride,target,left,short_0_5,6,3,27,2
2026,ARI,00-0033307,K.Bourne,target,left,short_6_10,2,1,23,0
2026,ARI,00-0037263,T.Allgeier,target,right,behind_los,2,1,8,0
2026,ARI,00-0037744,T.McBride,target,right,short_0_5,4,3,10,0
2026,LAC,00-0040189,O.Gadsden,target,left,short_0_5,2,1,32,0
2026,LAC,00-0039915,L.McConkey,target,left,short_6_10,1,1,0,0
2026,ARI,00-0038559,Mi.Wilson,target,right,short_6_10,2,0,19,0
2026,ARI,00-0039849,M.Harrison,target,left,deep_21_plus,2,0,33,0
2026,ARI,00-0038559,Mi.Wilson,target,right,intermediate_11_20,3,1,31,0
2026,ARI,00-0037744,T.McBride,target,right,behind_los,2,0,8,0
2026,LAC,00-0040727,T.Harris,target,right,short_6_10,1,0,0,0
2026,ARI,00-0033307,K.Bourne,target,middle,short_0_5,2,1,9,0
2026,LAC,00-0038544,Q.Johnston,target,left,short_6_10,1,0,9,0
2026,LAC,00-0040727,T.Harris,target,right,intermediate_11_20,1,0,0,0
2026,PIT,00-0035640,D.Metcalf,target,left,deep_21_plus,4,3,0,0
2026,ATL,00-0038542,Bi.Robinson,target,left,behind_los,4,1,37,0
2026,PIT,00-0036139,R.Dowdle,target,right,behind_los,1,1,0,0
2026,ATL,00-0038542,Bi.Robinson,target,left,short_0_5,3,1,22,0
2026,PIT,00-0039739,R.Wilson,target,left,deep_21_plus,1,1,0,0
2026,PIT,00-0039739,R.Wilson,target,right,intermediate_11_20,1,0,0,0
2026,PIT,00-0036894,P.Freiermuth,target,right,short_0_5,1,0,10,0
2026,PIT,00-0036139,R.Dowdle,target,right,short_0_5,2,0,11,0
2026,PIT,00-0039739,R.Wilson,target,right,deep_21_plus,1,1,0,0
2026,PIT,00-0038558,D.Washington,target,right,short_0_5,2,0,10,0
2026,PIT,00-0036139,R.Dowdle,target,left,behind_los,1,0,4,0
2026,PIT,00-0035640,D.Metcalf,target,middle,deep_21_plus,1,1,0,0
2026,PIT,00-0038558,D.Washington,target,left,short_0_5,2,1,15,0
2026,IND,00-0037292,A.Ogletree,target,middle,short_0_5,1,0,0,0
2026,IND,00-0038997,J.Downs,target,middle,short_6_10,2,2,37,0
2026,IND,00-0036223,J.Taylor,target,right,behind_los,2,1,6,0
2026,IND,00-0037664,A.Pierce,target,left,intermediate_11_20,2,1,27,0
2026,BAL,00-0039064,Z.Flowers,target,left,deep_21_plus,1,0,49,0
2026,BAL,00-0040879,M.Hibner,target,left,short_0_5,1,0,13,0
2026,BAL,00-0034798,D.Smythe,target,right,short_0_5,1,1,4,0
2026,IND,00-0040128,T.Warren,target,right,short_0_5,2,1,2,0
2026,BAL,00-0039064,Z.Flowers,target,middle,intermediate_11_20,1,0,17,0
2026,BAL,00-0039064,Z.Flowers,target,middle,deep_21_plus,1,0,0,0
2026,BAL,00-0032764,D.Henry,target,left,behind_los,1,0,19,0
2026,BAL,00-0034753,M.Andrews,target,right,short_0_5,1,1,0,0
2026,BAL,00-0040870,J.Lane,target,middle,short_6_10,1,1,11,0
2026,BAL,00-0039064,Z.Flowers,target,middle,short_6_10,1,0,54,1
2026,IND,00-0036223,J.Taylor,target,left,behind_los,1,0,13,0
2026,BAL,00-0039064,Z.Flowers,target,left,intermediate_11_20,1,0,12,0
2026,IND,00-0036223,J.Taylor,target,left,short_0_5,3,1,29,0
2026,IND,00-0037664,A.Pierce,target,middle,deep_21_plus,1,1,0,0
2026,IND,00-0030279,K.Allen,target,right,behind_los,1,1,3,0
2026,BAL,00-0034753,M.Andrews,target,left,short_6_10,3,1,16,0
2026,BAL,00-0040870,J.Lane,target,middle,intermediate_11_20,1,1,0,0
2026,BAL,00-0036550,R.Bateman,target,left,deep_21_plus,2,1,0,0
2026,IND,00-0037664,A.Pierce,target,middle,intermediate_11_20,3,1,34,0
2026,IND,00-0040128,T.Warren,target,middle,short_0_5,3,2,10,2
2026,IND,00-0041125,S.McGowan,target,right,behind_los,1,1,0,0
2026,IND,00-0036223,J.Taylor,target,right,short_0_5,2,0,15,0
2026,IND,00-0030279,K.Allen,target,middle,short_0_5,1,1,3,0
2026,IND,00-0030279,K.Allen,target,left,short_0_5,3,1,11,0
2026,BAL,00-0034975,J.Hill,target,right,behind_los,2,1,18,0
2026,IND,00-0030279,K.Allen,target,right,short_0_5,2,0,4,0
2026,BUF,00-0037248,J.Cook,target,right,short_0_5,3,2,13,0
2026,BUF,00-0039901,K.Coleman,target,left,short_0_5,1,1,11,0
2026,HOU,00-0041472,M.Klein,target,left,intermediate_11_20,1,0,16,0
2026,HOU,00-0036554,N.Collins,target,right,deep_21_plus,1,1,25,0
2026,BUF,00-0037261,K.Shakir,target,middle,intermediate_11_20,2,0,32,0
2026,BUF,00-0038933,D.Kincaid,target,right,short_6_10,1,0,0,0
2026,HOU,00-0034981,F.Moreau,target,right,short_0_5,2,0,15,0
2026,HOU,00-0034383,D.Schultz,target,middle,behind_los,1,0,0,0
2026,HOU,00-0040583,W.Marks,target,left,behind_los,2,1,-8,0
2026,HOU,00-0034383,D.Schultz,target,left,intermediate_11_20,1,0,0,0
2026,HOU,00-0039359,C.Stover,target,left,behind_los,1,0,-2,0
2026,BUF,00-0034827,D.Moore,target,left,intermediate_11_20,1,0,18,0
2026,BUF,00-0037261,K.Shakir,target,right,short_0_5,1,1,0,0
2026,HOU,00-0035685,D.Montgomery,target,middle,short_0_5,1,0,3,0
2026,HOU,00-0038618,X.Hutchinson,target,left,short_0_5,3,1,9,0
2026,BUF,00-0038933,D.Kincaid,target,right,deep_21_plus,3,2,78,0
2026,BUF,00-0034827,D.Moore,target,middle,intermediate_11_20,1,0,15,0
2026,HOU,00-0034383,D.Schultz,target,left,short_6_10,2,0,24,0
2026,BUF,00-0034827,D.Moore,target,middle,deep_21_plus,1,0,0,0
2026,BUF,00-0037261,K.Shakir,target,right,behind_los,2,1,5,0
2026,BUF,00-0034827,D.Moore,target,right,short_0_5,2,2,7,0
2026,BUF,00-0038933,D.Kincaid,target,middle,intermediate_11_20,3,1,52,1
2026,HOU,00-0035685,D.Montgomery,target,middle,behind_los,1,0,9,0
2026,HOU,00-0038608,K.Boutte,target,middle,intermediate_11_20,2,1,36,0
2026,HOU,00-0036554,N.Collins,target,left,intermediate_11_20,2,0,0,0
2026,HOU,00-0038728,J.Wayne,target,middle,intermediate_11_20,2,2,12,0
2026,HOU,00-0035685,D.Montgomery,target,right,short_0_5,2,1,13,1
2026,BUF,00-0037248,J.Cook,target,right,behind_los,1,0,0,0
2026,BUF,00-0037248,J.Cook,target,left,behind_los,2,1,3,0
2026,HOU,00-0038618,X.Hutchinson,target,middle,short_6_10,2,1,33,0
2026,HOU,00-0036554,N.Collins,target,middle,short_0_5,1,1,2,0
2026,BUF,00-0034827,D.Moore,target,left,deep_21_plus,1,0,0,0
2026,BUF,00-0035689,D.Knox,target,left,short_0_5,1,1,7,0
2026,BUF,00-0038933,D.Kincaid,target,right,intermediate_11_20,1,1,35,0
2026,BUF,00-0039901,K.Coleman,target,unknown,unknown,1,1,0,0
2026,HOU,00-0034383,D.Schultz,target,right,short_0_5,10,5,106,0
2026,HOU,00-0038618,X.Hutchinson,target,right,intermediate_11_20,3,2,18,0
2026,HOU,00-0038618,X.Hutchinson,target,middle,deep_21_plus,1,1,0,0
2026,HOU,00-0036554,N.Collins,target,right,intermediate_11_20,1,1,0,0
2026,CHI,00-0040735,L.Burden,target,right,behind_los,1,0,7,0
2026,CAR,00-0037005,T.Tremble,target,middle,short_0_5,1,0,11,0
2026,CAR,00-0039491,J.Coker,target,right,deep_21_plus,2,0,51,0
2026,CAR,00-0040187,M.Evans,target,left,short_0_5,2,2,9,0
2026,CHI,00-0040735,L.Burden,target,middle,intermediate_11_20,2,2,33,0
2026,CHI,00-0032464,K.Raymond,target,middle,short_0_5,3,2,28,0
2026,CAR,00-0039342,X.Legette,target,left,short_0_5,1,0,0,0
2026,CHI,00-0039919,R.Odunze,target,right,deep_21_plus,3,1,68,0
2026,CHI,00-0040236,K.Monangai,target,middle,short_0_5,2,0,24,0
2026,CHI,00-0036290,C.Kmet,target,left,deep_21_plus,1,0,22,1
2026,CAR,00-0039491,J.Coker,target,left,short_6_10,1,0,17,0
2026,CAR,00-0039491,J.Coker,target,left,deep_21_plus,2,0,51,1
2026,CHI,00-0032464,K.Raymond,target,right,short_0_5,1,0,0,0
2026,CAR,00-0039344,J.Brooks,target,right,deep_21_plus,1,0,48,0
2026,CHI,00-0032464,K.Raymond,target,left,deep_21_plus,1,1,28,0
2026,CHI,00-0040735,L.Burden,target,left,intermediate_11_20,2,1,24,0
2026,CHI,00-0036290,C.Kmet,target,left,intermediate_11_20,1,0,0,0
2026,CAR,00-0037005,T.Tremble,target,right,short_6_10,1,1,0,0
2026,CHI,00-0040126,C.Loveland,target,middle,intermediate_11_20,3,2,0,0
2026,CHI,00-0036275,D.Swift,target,middle,short_0_5,1,0,10,0
2026,CAR,00-0039491,J.Coker,target,middle,intermediate_11_20,1,0,14,0
2026,CAR,00-0039491,J.Coker,target,right,short_6_10,1,0,6,0
2026,CAR,00-0039344,J.Brooks,target,right,short_6_10,1,1,0,0
2026,CAR,00-0040124,T.McMillan,target,left,short_0_5,2,0,15,0
2026,CAR,00-0040124,T.McMillan,target,right,intermediate_11_20,2,1,27,0
2026,CAR,00-0040218,Ji.Horn,target,left,short_0_5,1,0,0,0
2026,CLE,00-0036407,J.Jeudy,target,left,short_6_10,2,0,0,0
2026,CLE,00-0040663,H.Fannin,target,right,short_0_5,2,1,9,0
2026,JAX,00-0034960,J.Meyers,target,left,behind_los,1,0,8,0
2026,JAX,00-0036590,Q.Morris,target,right,short_0_5,2,0,7,0
2026,JAX,00-0040718,T.Hunter,target,left,behind_los,1,0,8,0
2026,CLE,00-0041547,K.Concepcion,target,middle,deep_21_plus,1,0,0,0
2026,CLE,00-0036407,J.Jeudy,target,left,intermediate_11_20,1,0,20,0
2026,CLE,00-0041037,D.Boston,target,left,deep_21_plus,1,1,0,0
2026,JAX,00-0038935,B.Strange,target,left,short_6_10,1,0,9,0
2026,JAX,00-0032104,A.Abdullah,target,right,behind_los,1,0,0,0
2026,CLE,00-0041547,K.Concepcion,target,right,deep_21_plus,1,0,25,0
2026,CLE,00-0041037,D.Boston,target,left,intermediate_11_20,2,1,13,0
2026,CLE,00-0041037,D.Boston,target,middle,deep_21_plus,1,0,46,1
2026,DAL,00-0036358,C.Lamb,target,left,intermediate_11_20,3,1,30,0
2026,NYG,00-0039337,M.Nabers,target,left,short_6_10,3,0,17,0
2026,DAL,00-0039530,B.Spann-Ford,target,right,short_0_5,2,0,14,0
2026,NYG,00-0039337,M.Nabers,target,right,intermediate_11_20,1,0,0,0
2026,NYG,00-0039337,M.Nabers,target,right,short_6_10,1,0,7,0
2026,DAL,00-0037801,K.Turpin,target,left,short_0_5,1,0,8,0
2026,DAL,00-0038547,L.Schoonmaker,target,left,intermediate_11_20,1,0,12,0
2026,NYG,00-0041042,M.Fields,target,left,deep_21_plus,1,0,0,0
2026,NYG,00-0037838,I.Likely,target,left,intermediate_11_20,4,2,44,0
2026,NYG,00-0039337,M.Nabers,target,left,intermediate_11_20,3,2,16,0
2026,NYG,00-0041042,M.Fields,target,left,short_6_10,2,0,22,0
2026,NYG,00-0036309,D.Mooney,target,right,intermediate_11_20,1,0,18,0
2026,NYG,00-0037838,I.Likely,target,right,short_0_5,4,1,10,0
2026,DAL,00-0039410,R.Flournoy,target,left,intermediate_11_20,1,0,0,0
2026,NYG,00-0039337,M.Nabers,target,middle,intermediate_11_20,2,1,16,0
2026,NYG,00-0039337,M.Nabers,target,middle,short_6_10,1,1,13,0
2026,NYG,00-0037838,I.Likely,target,right,behind_los,1,1,2,1
2026,DAL,00-0036358,C.Lamb,target,right,short_6_10,1,0,13,0
2026,DAL,00-0038041,J.Ferguson,target,right,short_0_5,1,1,0,0
2026,NYG,00-0041042,M.Fields,target,right,deep_21_plus,2,1,0,0
2026,NYG,00-0035250,D.Singletary,target,left,behind_los,5,4,22,1
2026,DAL,00-0036358,C.Lamb,target,left,short_6_10,1,0,0,0
2026,DAL,00-0036358,C.Lamb,target,right,deep_21_plus,3,0,59,1
2026,DAL,00-0039410,R.Flournoy,target,left,short_6_10,1,1,17,0
2026,DAL,00-0036997,J.Williams,target,left,short_0_5,2,1,23,1
2026,NYG,00-0037838,I.Likely,target,middle,short_0_5,5,3,20,0
2026,DEN,00-0034348,C.Sutton,target,middle,intermediate_11_20,1,1,0,0
2026,KC,00-0030506,T.Kelce,target,left,short_6_10,2,0,11,0
2026,KC,00-0039894,X.Worthy,target,right,short_6_10,2,1,9,0
2026,DEN,00-0040134,P.Bryant,target,right,intermediate_11_20,1,0,13,0
2026,DEN,00-0036422,A.Trautman,target,right,short_0_5,1,0,4,0
2026,DEN,00-0040134,P.Bryant,target,left,short_0_5,2,1,8,0
2026,DEN,00-0040134,P.Bryant,target,left,behind_los,1,0,11,0
2026,DEN,00-0033881,E.Engram,target,left,intermediate_11_20,2,1,36,1
2026,DEN,00-0036422,A.Trautman,target,right,behind_los,1,0,0,0
2026,DEN,00-0040730,R.Harvey,target,left,behind_los,2,1,12,0
2026,KC,00-0038134,K.Walker,target,left,short_0_5,5,3,58,0
2026,KC,00-0040890,C.Allen,target,right,short_0_5,1,1,0,0
2026,DEN,00-0036613,J.Waddle,target,right,short_0_5,1,1,2,0
2026,DEN,00-0040730,R.Harvey,target,right,behind_los,2,1,11,0
2026,KC,00-0038134,K.Walker,target,middle,short_0_5,3,1,3,0
2026,KC,00-0039894,X.Worthy,target,left,behind_los,2,1,10,0
2026,DEN,00-0040134,P.Bryant,target,middle,short_6_10,1,0,10,0
2026,DEN,00-0034348,C.Sutton,target,left,short_6_10,4,2,17,0
2026,KC,00-0039067,R.Rice,target,right,short_6_10,1,1,6,0
2026,KC,00-0038134,K.Walker,target,middle,behind_los,1,1,2,1
2026,DEN,00-0034348,C.Sutton,target,right,short_6_10,2,0,8,0
2026,KC,00-0030506,T.Kelce,target,middle,short_0_5,2,2,22,0
2026,KC,00-0041013,E.Johnson,target,middle,behind_los,1,0,19,0
2026,MIN,00-0036259,J.Jennings,target,right,deep_21_plus,1,0,0,0
2026,GB,00-0038996,T.Kraft,target,middle,intermediate_11_20,1,0,0,0
2026,GB,00-0038996,T.Kraft,target,middle,deep_21_plus,1,0,0,0
2026,MIN,00-0035229,T.Hockenson,target,right,behind_los,1,1,7,0
2026,GB,00-0038124,C.Watson,target,middle,intermediate_11_20,3,0,117,1
2026,MIN,00-0036322,J.Jefferson,target,left,behind_los,1,0,2,0
2026,MIN,00-0038994,J.Addison,target,left,intermediate_11_20,2,2,0,0
2026,GB,00-0038124,C.Watson,target,right,short_6_10,1,1,6,0
2026,GB,00-0039146,J.Reed,target,left,intermediate_11_20,1,0,0,0
2026,GB,00-0040667,M.Golden,target,left,short_0_5,3,1,27,0
2026,GB,00-0038685,C.Brooks,target,left,behind_los,1,0,0,0
2026,MIN,00-0035229,T.Hockenson,target,middle,short_0_5,2,1,12,0
2026,MIN,00-0036322,J.Jefferson,target,middle,intermediate_11_20,2,2,17,0
2026,GB,00-0038124,C.Watson,target,right,deep_21_plus,1,0,0,0
2026,GB,00-0038124,C.Watson,target,left,deep_21_plus,1,0,32,0
2026,MIN,00-0038994,J.Addison,target,right,intermediate_11_20,1,1,0,0
2026,GB,00-0039146,J.Reed,target,left,short_6_10,1,1,6,0
2026,GB,00-0033858,J.Smith,target,right,intermediate_11_20,1,0,43,0
2026,GB,00-0039146,J.Reed,target,right,short_0_5,1,1,0,0
2026,MIN,00-0035249,J.Oliver,target,middle,short_0_5,1,0,9,0
2026,MIN,00-0035229,T.Hockenson,target,left,behind_los,1,1,0,0
2026,GB,00-0040667,M.Golden,target,right,short_0_5,1,0,7,0
2026,GB,00-0040667,M.Golden,target,middle,intermediate_11_20,3,1,60,0
2026,GB,00-0040667,M.Golden,target,middle,short_6_10,2,2,0,0
2026,MIN,00-0036322,J.Jefferson,target,right,behind_los,3,2,16,1
2026,GB,00-0039146,J.Reed,target,middle,short_0_5,1,0,7,0
2026,GB,00-0038124,C.Watson,target,middle,short_6_10,2,1,0,0
2026,GB,00-0033858,J.Smith,target,middle,short_0_5,1,1,7,0
2026,GB,00-0039811,M.Lloyd,target,left,intermediate_11_20,1,1,0,0
2026,MIA,00-0039040,D.Achane,target,left,behind_los,3,1,14,0
2026,MIA,00-0039880,M.Washington,target,left,intermediate_11_20,1,0,0,0
2026,LV,00-0040894,M.Benson,target,right,behind_los,1,0,6,0
2026,LV,00-0039066,M.Mayer,target,right,behind_los,2,0,8,0
2026,LV,00-0038563,T.Tucker,target,right,short_6_10,2,1,6,0
2026,LV,00-0040122,A.Jeanty,target,right,behind_los,1,0,5,0
2026,LV,00-0040729,J.Bech,target,middle,short_6_10,1,1,15,1
2026,LV,00-0040729,J.Bech,target,left,short_0_5,2,0,10,0
2026,LV,00-0035891,C.White,target,middle,short_0_5,1,0,0,0
2026,LV,00-0039066,M.Mayer,target,right,short_0_5,2,1,10,0
2026,MIA,00-0039880,M.Washington,target,right,deep_21_plus,2,0,0,0
2026,MIA,00-0041523,C.Douglas,target,right,intermediate_11_20,2,0,38,0
2026,LV,00-0037291,J.Nailor,target,right,short_0_5,2,0,19,0
2026,LV,00-0039066,M.Mayer,target,middle,intermediate_11_20,1,1,0,0
2026,MIA,00-0041525,C.Bell,target,middle,intermediate_11_20,1,0,0,0
2026,MIA,00-0041523,C.Douglas,target,right,short_6_10,1,1,14,0
2026,MIA,00-0039880,M.Washington,target,right,intermediate_11_20,1,0,0,0
2026,MIA,00-0041524,W.Kacmarek,target,left,short_6_10,1,0,0,0
2026,LV,00-0040122,A.Jeanty,target,left,short_6_10,2,1,8,0
2026,MIA,00-0039880,M.Washington,target,left,short_6_10,1,0,0,0
2026,LV,00-0039066,M.Mayer,target,left,short_0_5,1,1,8,0
2026,LV,00-0039066,M.Mayer,target,left,behind_los,1,0,-2,0
2026,MIA,00-0041529,K.Coleman,target,left,intermediate_11_20,1,0,0,0
2026,MIA,00-0041523,C.Douglas,target,middle,behind_los,1,1,0,0
2026,MIA,00-0041529,K.Coleman,target,right,short_6_10,1,1,0,0
2026,MIA,00-0039040,D.Achane,target,left,short_0_5,2,0,5,0
2026,SEA,00-0038543,J.Smith-Njigba,target,middle,intermediate_11_20,3,1,25,1
2026,SEA,00-0037545,R.Shaheed,target,right,short_0_5,1,0,0,0
2026,NE,00-0040568,L.Larison,target,left,short_0_5,1,0,11,0
2026,NE,00-0041395,E.Raridon,target,left,short_0_5,1,1,2,1
2026,SEA,00-0038488,B.Russell,target,left,short_0_5,1,0,7,0
2026,SEA,00-0038543,J.Smith-Njigba,target,middle,deep_21_plus,1,1,21,0
2026,NE,00-0033090,H.Henry,target,middle,behind_los,1,0,3,0
2026,NE,00-0035676,A.Brown,target,left,short_6_10,2,2,14,0
2026,NE,00-0038621,D.Douglas,target,right,intermediate_11_20,1,0,0,0
2026,NE,00-0036875,R.Stevenson,target,left,behind_los,4,0,25,0
2026,SEA,00-0038543,J.Smith-Njigba,target,right,short_6_10,2,1,6,0
2026,SEA,00-0039299,G.Holani,target,right,short_6_10,1,0,0,0
2026,SEA,00-0038488,B.Russell,target,middle,short_6_10,1,0,13,0
2026,SEA,00-0037545,R.Shaheed,target,middle,intermediate_11_20,2,0,23,0
2026,SEA,00-0041512,J.Price,target,right,short_0_5,1,0,4,0
2026,NE,00-0036875,R.Stevenson,target,left,short_0_5,2,0,11,0
2026,NE,00-0037816,R.Doubs,target,left,deep_21_plus,1,0,0,0
2026,SEA,00-0038543,J.Smith-Njigba,target,right,intermediate_11_20,2,0,23,0
2026,SEA,00-0038543,J.Smith-Njigba,target,left,short_0_5,3,2,56,1
2026,NE,00-0037816,R.Doubs,target,right,deep_21_plus,3,1,92,0
2026,NE,00-0038621,D.Douglas,target,middle,deep_21_plus,1,1,0,0
2026,SEA,00-0039793,A.Barner,target,right,short_0_5,1,0,9,0
2026,NE,00-0037816,R.Doubs,target,left,intermediate_11_20,1,1,0,0
2026,NO,00-0035644,N.Fant,target,right,short_6_10,2,2,8,1
2026,DET,00-0036963,A.St. Brown,target,left,short_6_10,2,1,6,0
2026,DET,00-0037240,J.Williams,target,right,intermediate_11_20,2,0,16,0
2026,DET,00-0036963,A.St. Brown,target,right,intermediate_11_20,4,3,51,1
2026,NO,00-0036973,T.Etienne,target,left,short_0_5,1,0,0,0
2026,DET,00-0039065,S.LaPorta,target,right,behind_los,1,1,0,0
2026,NO,00-0037239,C.Olave,target,right,short_0_5,4,2,28,0
2026,DET,00-0039139,J.Gibbs,target,right,short_0_5,3,1,13,0
2026,DET,00-0036963,A.St. Brown,target,right,short_6_10,2,1,31,0
2026,NO,00-0039424,D.Vele,target,left,short_0_5,4,1,18,1
2026,NO,00-0041326,C.Donaldson,target,left,behind_los,1,0,-2,0
2026,DET,00-0039139,J.Gibbs,target,right,behind_los,2,0,8,0
2026,DET,00-0039065,S.LaPorta,target,right,short_0_5,3,2,16,0
2026,NO,00-0036040,J.Johnson,target,left,intermediate_11_20,1,1,0,0
2026,DET,00-0037240,J.Williams,target,right,short_6_10,1,1,0,0
2026,NO,00-0036973,T.Etienne,target,left,behind_los,2,0,6,0
2026,NO,00-0035644,N.Fant,target,left,intermediate_11_20,1,0,0,0
2026,NO,00-0039424,D.Vele,target,right,deep_21_plus,1,1,31,0
2026,NO,00-0036040,J.Johnson,target,right,short_6_10,2,2,9,1
2026,DET,00-0036963,A.St. Brown,target,middle,short_0_5,1,1,7,0
2026,DET,00-0039139,J.Gibbs,target,left,short_0_5,3,1,27,0
2026,NO,00-0036040,J.Johnson,target,right,deep_21_plus,1,1,27,0
2026,NO,00-0041067,B.Lance,target,unknown,unknown,1,1,0,0
2026,NYJ,00-0041511,O.Cooper,target,left,short_0_5,1,1,30,0
2026,TEN,00-0040705,C.Dike,target,left,short_0_5,1,0,7,0
2026,TEN,00-0038117,W.Robinson,target,right,behind_los,1,0,0,0
2026,TEN,00-0041438,C.Tate,target,left,intermediate_11_20,3,1,12,0
2026,TEN,00-0038115,D.Bellinger,target,right,short_0_5,2,1,7,0
2026,NYJ,00-0037740,G.Wilson,target,right,short_0_5,2,1,9,1
2026,NYJ,00-0037740,G.Wilson,target,middle,short_6_10,1,1,9,0
2026,NYJ,00-0038120,B.Hall,target,left,short_0_5,2,0,20,0
2026,NYJ,00-0039794,B.Allen,target,left,short_0_5,1,1,0,0
2026,NYJ,00-0040736,M.Taylor,target,right,behind_los,1,0,-8,0
2026,TEN,00-0038117,W.Robinson,target,right,short_0_5,2,0,11,0
2026,NYJ,00-0039890,A.Mitchell,target,right,intermediate_11_20,2,1,33,0
2026,NYJ,00-0039890,A.Mitchell,target,middle,short_0_5,1,0,2,0
2026,TEN,00-0041438,C.Tate,target,right,short_0_5,2,0,12,0
2026,TEN,00-0040170,E.Ayomanor,target,right,intermediate_11_20,3,3,52,1
2026,NYJ,00-0038120,B.Hall,target,right,short_0_5,2,0,12,0
2026,NYJ,00-0039890,A.Mitchell,target,right,deep_21_plus,2,1,40,0
2026,NYJ,00-0040582,A.Smith,target,middle,short_0_5,1,0,0,0
2026,TEN,00-0039032,T.Spears,target,left,behind_los,1,0,0,0
2026,NYJ,00-0037805,J.Ruckert,target,right,short_0_5,1,0,4,0
2026,TEN,00-0040584,G.Helm,target,right,short_0_5,2,1,17,0
2026,TEN,00-0040584,G.Helm,target,middle,short_0_5,1,0,5,0
2026,TEN,00-0038117,W.Robinson,target,left,short_0_5,1,0,8,0
2026,TEN,00-0041438,C.Tate,target,left,short_6_10,2,2,20,0
2026,LA,00-0039075,P.Nacua,target,left,short_0_5,3,2,5,0
2026,SF,00-0033288,G.Kittle,target,left,short_0_5,1,0,0,0
2026,SF,00-0033288,G.Kittle,target,left,behind_los,1,0,6,0
2026,SF,00-0035719,D.Samuel,target,right,short_0_5,1,0,9,0
2026,SF,00-0041052,K.Black,target,left,behind_los,1,0,5,0
2026,SF,00-0031408,M.Evans,target,right,short_6_10,1,1,7,0
2026,SF,00-0033280,C.McCaffrey,target,right,behind_los,3,1,7,0
2026,SF,00-0035719,D.Samuel,target,right,behind_los,3,1,16,0
2026,SF,00-0033288,G.Kittle,target,right,behind_los,1,1,6,0
2026,SF,00-0032775,D.Robinson,target,right,short_0_5,2,2,11,0
2026,LA,00-0037840,K.Williams,target,left,short_0_5,2,0,20,0
2026,LA,00-0039075,P.Nacua,target,right,intermediate_11_20,1,1,41,0
2026,SF,00-0031408,M.Evans,target,middle,short_6_10,1,0,12,0
2026,SF,00-0033280,C.McCaffrey,target,middle,behind_los,1,0,5,0
2026,LA,00-0039075,P.Nacua,target,right,deep_21_plus,1,1,0,0
2026,SF,00-0032701,J.Brendel,target,middle,behind_los,1,0,2,0
2026,SF,00-0032775,D.Robinson,target,middle,deep_21_plus,1,0,39,1
2026,LA,00-0036244,C.Parkinson,target,right,short_6_10,1,0,0,0
2026,SF,00-0033280,C.McCaffrey,target,right,short_0_5,2,1,16,0
2026,SF,00-0031408,M.Evans,target,left,short_0_5,1,1,2,1
2026,LA,00-0039074,D.Allen,target,right,behind_los,1,1,13,0
2026,LA,00-0039075,P.Nacua,target,middle,intermediate_11_20,2,0,23,0
2026,LA,00-0031381,D.Adams,target,left,short_0_5,2,0,16,0
2026,LA,00-0040737,T.Ferguson,target,right,deep_21_plus,1,1,0,0
2026,LA,00-0040590,K.Mumpfield,target,middle,intermediate_11_20,1,0,0,0
2026,LA,00-0037557,R.Rivers,target,middle,short_0_5,1,1,5,0
2026,TB,00-0040129,E.Egbuka,target,left,deep_21_plus,2,1,0,0
2026,TB,00-0040129,E.Egbuka,target,left,short_6_10,1,0,10,0
2026,TB,00-0033921,C.Godwin,target,right,behind_los,2,1,6,0
2026,CIN,00-0036900,J.Chase,target,right,short_6_10,2,1,0,0
2026,TB,00-0039361,B.Irving,target,right,behind_los,3,1,4,0
2026,CIN,00-0038619,A.Iosivas,target,right,intermediate_11_20,1,0,12,0
2026,CIN,00-0036900,J.Chase,target,left,intermediate_11_20,2,1,16,0
2026,CIN,00-0034829,M.Gesicki,target,left,short_0_5,3,2,2,1
2026,TB,00-0033921,C.Godwin,target,left,behind_los,1,0,4,0
2026,TB,00-0038129,C.Otton,target,right,behind_los,2,1,17,0
2026,TB,00-0036919,K.Gainwell,target,right,behind_los,1,0,3,0
2026,TB,00-0040129,E.Egbuka,target,right,short_0_5,2,0,16,0
2026,CIN,00-0035631,D.Sample,target,left,behind_los,1,0,2,0
2026,CIN,00-0036410,T.Higgins,target,left,short_0_5,2,1,12,0
2026,TB,00-0040129,E.Egbuka,target,middle,intermediate_11_20,3,1,24,0
2026,TB,00-0038129,C.Otton,target,right,short_0_5,3,2,22,0
2026,CIN,00-0034829,M.Gesicki,target,right,short_6_10,2,0,27,0
2026,CIN,00-0034829,M.Gesicki,target,right,intermediate_11_20,1,0,25,0
2026,CIN,00-0038619,A.Iosivas,target,left,short_0_5,1,1,0,0
2026,TB,00-0038129,C.Otton,target,left,intermediate_11_20,1,0,0,0
2026,CIN,00-0036410,T.Higgins,target,right,deep_21_plus,2,1,23,0
2026,TB,00-0040237,T.Johnson,target,left,short_6_10,1,1,0,0
2026,PHI,00-0040867,M.Lemon,target,right,behind_los,1,0,-5,0
2026,PHI,00-0036912,D.Smith,target,middle,intermediate_11_20,1,0,12,0
2026,PHI,00-0038393,D.Wicks,target,right,deep_21_plus,2,1,64,0
2026,PHI,00-0034351,D.Goedert,target,right,intermediate_11_20,1,1,17,1
2026,WAS,00-0037809,C.Okonkwo,target,left,short_0_5,1,0,1,0
2026,WAS,00-0035659,T.McLaurin,target,middle,intermediate_11_20,1,0,0,0
2026,PHI,00-0040867,M.Lemon,target,left,short_6_10,1,0,0,0
2026,PHI,00-0038393,D.Wicks,target,left,short_6_10,1,1,9,1
2026,WAS,00-0031588,S.Diggs,target,middle,intermediate_11_20,1,0,15,0
2026,WAS,00-0041040,A.Williams,target,middle,intermediate_11_20,1,1,16,0
2026,PHI,00-0036912,D.Smith,target,left,intermediate_11_20,3,3,19,0
2026,PHI,00-0034351,D.Goedert,target,left,short_6_10,2,2,12,0
2026,WAS,00-0037256,R.White,target,right,behind_los,3,3,7,0
2026,PHI,00-0036912,D.Smith,target,left,short_6_10,2,0,20,0
2026,WAS,00-0040164,J.Lane,target,right,short_0_5,1,1,4,0
2026,PHI,00-0034351,D.Goedert,target,middle,intermediate_11_20,1,1,43,1
2026,WAS,00-0036628,J.Bates,target,middle,short_6_10,1,1,0,0
2026,WAS,00-0041040,A.Williams,target,right,short_0_5,1,1,1,1
2026,WAS,00-0036628,J.Bates,target,unknown,unknown,1,1,0,0
2026,CAR,00-0040124,T.McMillan,target,right,deep_21_plus,2,0,26,0
2026,CAR,00-0040124,T.McMillan,target,right,short_6_10,1,0,0,0
2026,CAR,00-0039342,X.Legette,target,right,short_0_5,1,1,0,0
2026,ATL,00-0036970,K.Pitts,target,right,short_0_5,1,1,0,0
2026,CAR,00-0039344,J.Brooks,target,left,behind_los,1,1,-5,0
2026,CAR,00-0037005,T.Tremble,target,left,short_0_5,1,1,4,0
2026,ATL,00-0035208,O.Zaccheaus,target,left,short_0_5,2,0,3,0
2026,ATL,00-0037238,D.London,target,left,short_0_5,1,1,0,0
2026,ATL,00-0037238,D.London,target,middle,short_0_5,1,1,17,0
2026,CAR,00-0031610,D.Waller,target,middle,short_6_10,1,0,14,0
2026,CAR,00-0039491,J.Coker,target,right,intermediate_11_20,1,1,12,0
2026,CAR,00-0040124,T.McMillan,target,left,behind_los,1,1,0,0
2026,ATL,00-0036429,C.Woerner,target,right,short_0_5,1,0,0,0
2026,CAR,00-0040187,M.Evans,target,middle,behind_los,1,1,13,0
2026,ATL,00-0032392,A.Hooper,target,left,behind_los,1,0,13,0
2026,ATL,00-0036463,C.Blair,target,middle,intermediate_11_20,1,0,0,0
2026,ATL,00-0037741,J.Dotson,target,left,behind_los,1,0,3,0
2026,ATL,00-0036463,C.Blair,target,right,short_6_10,1,0,0,0
2026,CIN,00-0036900,J.Chase,target,left,short_6_10,1,0,6,0
2026,CIN,00-0036900,J.Chase,target,middle,intermediate_11_20,1,1,0,0
2026,HOU,00-0038728,J.Wayne,target,middle,short_6_10,2,2,0,0
2026,CIN,00-0036900,J.Chase,target,middle,short_6_10,1,0,8,0
2026,HOU,00-0040138,J.Noel,target,left,short_0_5,1,0,0,0
2026,CIN,00-0036410,T.Higgins,target,right,short_6_10,4,0,10,0
2026,HOU,00-0034981,F.Moreau,target,middle,intermediate_11_20,1,0,25,0
2026,HOU,00-0038608,K.Boutte,target,right,short_0_5,1,0,1,0
2026,HOU,00-0035685,D.Montgomery,target,left,short_0_5,1,1,8,0
2026,CIN,00-0036410,T.Higgins,target,middle,short_0_5,1,1,23,0
2026,CIN,00-0036900,J.Chase,target,right,deep_21_plus,1,0,32,1
2026,HOU,00-0038728,J.Wayne,target,left,intermediate_11_20,1,0,18,0
2026,HOU,00-0040138,J.Noel,target,left,behind_los,1,0,0,0
2026,HOU,00-0038618,X.Hutchinson,target,middle,intermediate_11_20,1,0,0,0
2026,CIN,00-0038619,A.Iosivas,target,middle,short_6_10,1,1,7,0
2026,CIN,00-0033526,S.Perine,target,left,short_6_10,1,1,16,0
2026,CIN,00-0039814,E.All,target,left,behind_los,1,0,0,0
2026,CIN,00-0036900,J.Chase,target,right,intermediate_11_20,1,1,18,1
2026,HOU,00-0040138,J.Noel,target,middle,short_0_5,1,0,0,0
2026,HOU,00-0040583,W.Marks,target,middle,short_6_10,1,1,8,0
2026,HOU,00-0038618,X.Hutchinson,target,right,deep_21_plus,1,0,0,0
2026,CLE,00-0041547,K.Concepcion,target,right,short_6_10,1,0,9,0
2026,CLE,00-0040663,H.Fannin,target,left,intermediate_11_20,1,0,21,0
2026,CLE,00-0041037,D.Boston,target,right,behind_los,1,0,0,0
2026,TB,00-0036919,K.Gainwell,target,left,behind_los,3,1,5,0
2026,TB,00-0040237,T.Johnson,target,left,intermediate_11_20,1,1,0,0
2026,TB,00-0038129,C.Otton,target,middle,short_0_5,1,0,9,0
2026,CLE,00-0040782,I.Bond,target,left,short_6_10,1,0,10,0
2026,CLE,00-0041547,K.Concepcion,target,middle,short_6_10,1,1,6,0
2026,TB,00-0040237,T.Johnson,target,right,deep_21_plus,2,1,0,0
2026,CLE,00-0038710,B.Whiteheart,target,right,short_0_5,1,0,0,0
2026,CLE,00-0041037,D.Boston,target,middle,intermediate_11_20,1,0,55,1
2026,TB,00-0039361,B.Irving,target,right,short_0_5,1,1,4,0
2026,CLE,00-0038794,J.McLaughlin,target,middle,short_0_5,1,1,0,0
2026,CLE,00-0041037,D.Boston,target,left,short_6_10,1,1,8,0
2026,CLE,00-0038710,B.Whiteheart,target,left,short_0_5,1,1,17,1
2026,TB,00-0033921,C.Godwin,target,left,short_0_5,1,1,8,0
2026,TB,00-0041048,T.Hurst,target,left,short_0_5,1,1,6,0
2026,BUF,00-0037261,K.Shakir,target,left,behind_los,1,0,9,0
2026,BUF,00-0037261,K.Shakir,target,middle,deep_21_plus,1,0,0,0
2026,BUF,00-0039901,K.Coleman,target,right,short_0_5,1,1,4,0
2026,BUF,00-0037248,J.Cook,target,left,short_0_5,1,1,0,0
2026,BUF,00-0035689,D.Knox,target,right,short_0_5,2,2,5,1
2026,DET,00-0039065,S.LaPorta,target,left,short_6_10,2,0,12,0
2026,BUF,00-0038933,D.Kincaid,target,left,short_0_5,2,0,13,0
2026,BUF,00-0036988,J.Palmer,target,right,short_0_5,1,0,0,0
2026,DET,00-0040669,I.TeSlaa,target,middle,intermediate_11_20,1,0,0,0
2026,DET,00-0040669,I.TeSlaa,target,right,short_0_5,1,0,6,0
2026,DET,00-0036963,A.St. Brown,target,left,intermediate_11_20,3,1,45,0
2026,DET,00-0040669,I.TeSlaa,target,left,intermediate_11_20,2,2,20,0
2026,DET,00-0039139,J.Gibbs,target,middle,short_6_10,1,0,12,0
2026,NYJ,00-0039890,A.Mitchell,target,left,deep_21_plus,2,1,0,0
2026,GB,00-0038090,S.Moore,target,right,deep_21_plus,1,1,0,0
2026,NYJ,00-0038120,B.Hall,target,middle,short_0_5,1,0,7,0
2026,NYJ,00-0039890,A.Mitchell,target,left,intermediate_11_20,2,1,14,0
2026,NYJ,00-0037740,G.Wilson,target,left,short_0_5,1,0,0,0
2026,GB,00-0038124,C.Watson,target,right,intermediate_11_20,1,1,0,0
2026,GB,00-0038124,C.Watson,target,left,short_6_10,1,0,13,0
2026,GB,00-0039811,M.Lloyd,target,right,behind_los,1,1,6,1
2026,NYJ,00-0037740,G.Wilson,target,middle,intermediate_11_20,1,1,16,0
2026,NYJ,00-0037805,J.Ruckert,target,right,behind_los,1,0,5,0
2026,NYJ,00-0038120,B.Hall,target,left,behind_los,1,0,-3,0
2026,GB,00-0038124,C.Watson,target,left,intermediate_11_20,1,0,0,0
2026,NYJ,00-0041032,K.Sadiq,target,right,short_6_10,1,0,0,0
2026,NYJ,00-0039451,I.Williams,target,right,short_6_10,1,0,9,0
2026,NYJ,00-0039794,B.Allen,target,right,short_0_5,1,1,8,0
2026,GB,00-0038996,T.Kraft,target,middle,short_6_10,2,0,10,0
2026,NYJ,00-0038120,B.Hall,target,right,behind_los,1,1,43,0
2026,GB,00-0038685,C.Brooks,target,right,short_0_5,1,0,0,0
2026,NYJ,00-0039890,A.Mitchell,target,left,short_6_10,1,0,11,0
2026,NYJ,00-0039451,I.Williams,target,left,short_0_5,1,1,4,0
2026,GB,00-0038685,C.Brooks,target,right,behind_los,1,0,15,0
2026,IND,00-0037664,A.Pierce,target,right,short_6_10,1,0,11,0
2026,IND,00-0032951,L.Treadwell,target,right,short_6_10,1,0,10,0
2026,KC,00-0038134,K.Walker,target,left,behind_los,1,1,0,0
2026,KC,00-0030506,T.Kelce,target,right,short_6_10,3,1,35,1
2026,KC,00-0039067,R.Rice,target,right,intermediate_11_20,1,0,30,0
2026,KC,00-0030506,T.Kelce,target,right,deep_21_plus,1,1,0,0
2026,IND,00-0040128,T.Warren,target,right,behind_los,2,0,6,0
2026,IND,00-0038997,J.Downs,target,left,deep_21_plus,1,0,0,0
2026,IND,00-0038997,J.Downs,target,right,short_0_5,2,2,12,0
2026,KC,00-0041013,E.Johnson,target,right,behind_los,1,0,12,0
2026,KC,00-0039894,X.Worthy,target,right,deep_21_plus,1,0,0,0
2026,IND,00-0038997,J.Downs,target,left,intermediate_11_20,1,0,20,0
2026,KC,00-0039067,R.Rice,target,left,short_6_10,1,1,0,0
2026,KC,00-0030506,T.Kelce,target,right,intermediate_11_20,1,1,17,0
2026,KC,00-0038134,K.Walker,target,right,intermediate_11_20,1,1,0,0
2026,IND,00-0032951,L.Treadwell,target,middle,deep_21_plus,1,0,48,0
2026,JAX,00-0038606,P.Washington,target,left,short_0_5,2,0,10,0
2026,DEN,00-0041496,J.Coleman,target,left,short_0_5,1,0,7,0
2026,DEN,00-0037085,T.Badie,target,left,behind_los,1,1,1,0
2026,JAX,00-0039893,Bri.Thomas,target,right,short_0_5,1,0,0,0
2026,JAX,00-0039893,Bri.Thomas,target,middle,behind_los,1,1,0,0
2026,DEN,00-0038783,N.Adkins,target,right,short_0_5,2,1,14,1
2026,DEN,00-0041496,J.Coleman,target,left,behind_los,1,0,8,0
2026,JAX,00-0038935,B.Strange,target,left,intermediate_11_20,1,0,14,0
2026,DEN,00-0036613,J.Waddle,target,middle,deep_21_plus,1,0,49,0
2026,DEN,00-0037085,T.Badie,target,left,short_0_5,1,0,27,0
2026,JAX,00-0040238,L.Allen,target,middle,short_0_5,1,1,0,0
2026,DEN,00-0038783,N.Adkins,target,left,intermediate_11_20,1,0,18,0
2026,DEN,00-0036727,A.Prentice,target,left,short_0_5,1,0,2,0
2026,DEN,00-0036613,J.Waddle,target,middle,intermediate_11_20,1,1,14,0
2026,DEN,00-0041496,J.Coleman,target,right,short_0_5,1,0,4,0
2026,LAC,00-0041550,B.Thompson,target,left,intermediate_11_20,2,1,13,0
2026,LAC,00-0041550,B.Thompson,target,right,intermediate_11_20,1,1,0,0
2026,LV,00-0038563,T.Tucker,target,right,intermediate_11_20,1,1,15,0
2026,LV,00-0040122,A.Jeanty,target,middle,short_0_5,2,2,0,0
2026,LAC,00-0033885,D.Njoku,target,right,behind_los,1,0,0,0
2026,LAC,00-0033885,D.Njoku,target,left,deep_21_plus,1,1,0,0
2026,LV,00-0038563,T.Tucker,target,middle,intermediate_11_20,1,0,13,0
2026,LAC,00-0039915,L.McConkey,target,left,intermediate_11_20,2,2,31,0
2026,LAC,00-0038544,Q.Johnston,target,left,intermediate_11_20,1,1,0,0
2026,LAC,00-0038046,C.Kolar,target,right,short_0_5,2,1,13,0
2026,LAC,00-0040727,T.Harris,target,right,deep_21_plus,1,1,0,0
2026,LAC,00-0040727,T.Harris,target,left,intermediate_11_20,2,1,53,0
2026,LAC,00-0040189,O.Gadsden,target,right,short_6_10,2,1,18,1
2026,LV,00-0040122,A.Jeanty,target,middle,behind_los,1,0,2,0
2026,LV,00-0034365,I.Thomas,target,left,short_0_5,1,0,11,0
2026,LV,00-0037093,D.Young,target,left,intermediate_11_20,1,0,27,0
2026,LAC,00-0038454,K.Mitchell,target,left,short_0_5,1,0,15,0
2026,LAC,00-0039915,L.McConkey,target,middle,short_0_5,1,0,4,0
2026,LAC,00-0038544,Q.Johnston,target,left,deep_21_plus,1,0,0,0
2026,MIA,00-0039040,D.Achane,target,middle,intermediate_11_20,1,0,0,0
2026,MIA,00-0041436,D.Herman,target,left,short_6_10,1,0,18,0
2026,MIA,00-0041436,D.Herman,target,right,short_0_5,1,0,0,0
2026,MIA,00-0037252,G.Dulcich,target,right,short_6_10,1,1,0,0
2026,SF,00-0032775,D.Robinson,target,left,short_0_5,1,0,6,0
2026,MIA,00-0039880,M.Washington,target,left,deep_21_plus,1,1,23,0
2026,SF,00-0033288,G.Kittle,target,middle,intermediate_11_20,2,0,66,0
2026,SF,00-0035719,D.Samuel,target,middle,intermediate_11_20,1,1,21,0
2026,SF,00-0031408,M.Evans,target,middle,intermediate_11_20,1,0,17,0
2026,SF,00-0029892,K.Juszczyk,target,right,intermediate_11_20,1,0,21,0
2026,SF,00-0034854,K.Hodge,target,left,intermediate_11_20,1,0,18,0
2026,MIN,00-0038994,J.Addison,target,right,short_6_10,1,0,0,0
2026,CHI,00-0036275,D.Swift,target,right,behind_los,2,1,8,0
2026,CHI,00-0040236,K.Monangai,target,left,short_0_5,1,0,4,0
2026,CHI,00-0040126,C.Loveland,target,right,short_0_5,1,0,3,0
2026,CHI,00-0040735,L.Burden,target,middle,deep_21_plus,1,1,0,0
2026,MIN,00-0036322,J.Jefferson,target,middle,short_6_10,1,1,16,0
2026,MIN,00-0036322,J.Jefferson,target,left,short_0_5,1,0,0,0
2026,MIN,00-0041104,D.Claiborne,target,right,behind_los,1,1,2,0
2026,CHI,00-0032464,K.Raymond,target,right,behind_los,2,0,9,0
2026,CHI,00-0036275,D.Swift,target,right,short_0_5,1,1,3,0
2026,CHI,00-0036290,C.Kmet,target,left,short_6_10,1,1,0,0
2026,MIN,00-0040506,M.Price,target,left,short_0_5,1,0,0,0
2026,CHI,00-0032464,K.Raymond,target,left,short_6_10,1,1,8,0
2026,MIN,00-0038994,J.Addison,target,middle,short_0_5,1,0,0,0
2026,MIN,00-0036425,D.Dallas,target,left,behind_los,1,1,12,0
2026,CHI,00-0040236,K.Monangai,target,right,behind_los,1,1,7,0
2026,MIN,00-0035229,T.Hockenson,target,right,short_0_5,1,1,3,0
2026,CHI,00-0040735,L.Burden,target,right,short_0_5,1,1,8,0
2026,NO,00-0033906,A.Kamara,target,left,behind_los,1,0,6,0
2026,BAL,00-0040075,L.Wester,target,right,intermediate_11_20,1,0,0,0
2026,BAL,00-0032764,D.Henry,target,right,behind_los,1,0,20,0
2026,NO,00-0033906,A.Kamara,target,left,short_0_5,2,0,2,0
2026,NO,00-0037239,C.Olave,target,left,behind_los,1,0,1,0
2026,BAL,00-0039792,D.Walker,target,left,deep_21_plus,1,0,47,0
2026,NO,00-0039424,D.Vele,target,middle,intermediate_11_20,1,1,29,0
2026,BAL,00-0032398,C.Moore,target,middle,short_6_10,1,0,6,0
2026,BAL,00-0034975,J.Hill,target,left,behind_los,1,0,4,0
2026,BAL,00-0036550,R.Bateman,target,middle,deep_21_plus,1,0,22,1
2026,BAL,00-0034798,D.Smythe,target,right,behind_los,1,0,0,0
2026,BAL,00-0036550,R.Bateman,target,left,intermediate_11_20,1,0,18,0
2026,NO,00-0041067,B.Lance,target,left,short_6_10,1,0,8,0
2026,NO,00-0041041,O.Delp,target,middle,short_6_10,1,0,8,0
2026,NO,00-0037239,C.Olave,target,left,short_0_5,2,2,15,0
2026,BAL,00-0032398,C.Moore,target,middle,deep_21_plus,1,1,0,0
2026,NO,00-0039424,D.Vele,target,right,intermediate_11_20,1,0,0,0
2026,BAL,00-0039792,D.Walker,target,right,intermediate_11_20,1,1,0,0
2026,BAL,00-0036550,R.Bateman,target,left,short_6_10,1,1,7,0
2026,NYG,00-0041042,M.Fields,target,left,intermediate_11_20,1,0,14,0
2026,NYG,00-0039847,T.Johnson,target,right,short_0_5,1,0,0,0
2026,NYG,00-0040715,C.Skattebo,target,left,short_0_5,1,0,2,0
2026,NYG,00-0039847,T.Johnson,target,left,deep_21_plus,1,1,0,0
2026,LA,00-0037840,K.Williams,target,left,behind_los,1,0,2,0
2026,LA,00-0031381,D.Adams,target,right,short_0_5,2,1,4,0
2026,NYG,00-0039847,T.Johnson,target,left,short_6_10,1,0,0,0
2026,LA,00-0031381,D.Adams,target,middle,intermediate_11_20,1,0,31,1
2026,LA,00-0038359,X.Smith,target,right,short_0_5,1,1,0,0
2026,NYG,00-0039847,T.Johnson,target,left,intermediate_11_20,1,0,0,0
2026,NYG,00-0040715,C.Skattebo,target,right,behind_los,2,0,19,0
2026,NYG,00-0036309,D.Mooney,target,left,short_0_5,1,1,0,0
2026,LA,00-0036849,T.Atwell,target,left,intermediate_11_20,1,0,19,0
2026,LA,00-0036849,T.Atwell,target,left,deep_21_plus,1,0,0,0
2026,NYG,00-0040715,C.Skattebo,target,left,behind_los,1,0,-2,0
2026,NYG,00-0039337,M.Nabers,target,right,deep_21_plus,1,1,0,0
2026,LA,00-0040737,T.Ferguson,target,middle,short_6_10,2,0,20,0
2026,LA,00-0040737,T.Ferguson,target,left,intermediate_11_20,1,1,0,0
2026,NYG,00-0037838,I.Likely,target,middle,behind_los,1,0,0,0
2026,LA,00-0040737,T.Ferguson,target,right,intermediate_11_20,1,0,9,0
2026,NYG,00-0041042,M.Fields,target,middle,short_0_5,1,1,0,0
2026,LA,00-0039074,D.Allen,target,left,short_0_5,1,1,7,0
2026,TEN,00-0035261,T.Pollard,target,left,behind_los,1,0,1,0
2026,PHI,00-0038393,D.Wicks,target,middle,deep_21_plus,1,1,27,0
2026,PHI,00-0040867,M.Lemon,target,middle,intermediate_11_20,1,1,14,0
2026,PHI,00-0039746,W.Shipley,target,right,behind_los,1,0,-2,0
2026,PHI,00-0038393,D.Wicks,target,right,intermediate_11_20,2,2,35,0
2026,PHI,00-0033246,J.Mundt,target,right,short_0_5,3,1,8,0
2026,PHI,00-0039746,W.Shipley,target,left,short_0_5,1,0,7,0
2026,TEN,00-0041438,C.Tate,target,middle,short_0_5,1,1,6,0
2026,TEN,00-0034837,C.Ridley,target,left,short_6_10,1,0,10,0
2026,PHI,00-0040024,D.Cooper,target,right,intermediate_11_20,1,0,0,0
2026,PHI,00-0036912,D.Smith,target,left,deep_21_plus,1,1,0,0
2026,PHI,00-0036912,D.Smith,target,right,short_0_5,1,1,4,0
2026,PIT,00-0035640,D.Metcalf,target,left,short_6_10,1,1,0,0
2026,NE,00-0033090,H.Henry,target,left,intermediate_11_20,2,0,29,0
2026,PIT,00-0036894,P.Freiermuth,target,left,deep_21_plus,1,1,0,0
2026,NE,00-0033090,H.Henry,target,right,behind_los,1,1,4,0
2026,PIT,00-0041489,G.Bernard,target,middle,short_0_5,1,0,3,0
2026,PIT,00-0041489,G.Bernard,target,right,short_6_10,1,0,10,0
2026,NE,00-0033555,M.Hollins,target,left,short_0_5,1,0,10,0
2026,PIT,00-0039739,R.Wilson,target,left,intermediate_11_20,1,1,0,0
2026,PIT,00-0041489,G.Bernard,target,left,deep_21_plus,1,0,0,0
2026,PIT,00-0036894,P.Freiermuth,target,middle,short_0_5,1,0,9,0
2026,NE,00-0033090,H.Henry,target,left,short_6_10,1,0,7,0
2026,NE,00-0033090,H.Henry,target,left,deep_21_plus,1,0,0,0
2026,NE,00-0036187,R.Gilliam,target,right,short_0_5,1,0,4,0
2026,NE,00-0040131,K.Williams,target,middle,short_6_10,1,1,10,0
2026,NE,00-0040563,E.Chism,target,left,behind_los,1,1,-2,0
2026,NE,00-0040131,K.Williams,target,left,intermediate_11_20,1,0,0,0
2026,NE,00-0037816,R.Doubs,target,right,short_6_10,1,1,0,0
2026,PIT,00-0035640,D.Metcalf,target,right,short_0_5,1,0,9,0
2026,PIT,00-0041489,G.Bernard,target,left,intermediate_11_20,1,0,0,0
2026,PIT,00-0035640,D.Metcalf,target,middle,intermediate_11_20,1,0,16,0
2026,SEA,00-0038543,J.Smith-Njigba,target,right,deep_21_plus,1,0,82,1
2026,SEA,00-0037545,R.Shaheed,target,left,short_6_10,1,1,0,0
2026,ARI,00-0038559,Mi.Wilson,target,left,behind_los,1,0,9,0
2026,SEA,00-0037545,R.Shaheed,target,right,behind_los,2,1,12,0
2026,SEA,00-0033908,C.Kupp,target,middle,short_0_5,1,0,4,0
2026,SEA,00-0037545,R.Shaheed,target,left,intermediate_11_20,1,1,0,0
2026,ARI,00-0037263,T.Allgeier,target,left,short_0_5,1,0,5,0
2026,SEA,00-0037545,R.Shaheed,target,middle,deep_21_plus,1,0,0,0
2026,SEA,00-0038543,J.Smith-Njigba,target,middle,short_6_10,1,1,7,1
2026,ARI,00-0041027,J.Love,target,left,behind_los,1,0,0,0
2026,SEA,00-0041512,J.Price,target,right,behind_los,1,0,8,0
2026,ARI,00-0033307,K.Bourne,target,right,short_6_10,1,0,8,0
2026,ARI,00-0038559,Mi.Wilson,target,middle,behind_los,1,1,0,0
2026,DAL,00-0037247,G.Pickens,target,right,short_0_5,2,2,4,0
2026,DAL,00-0036358,C.Lamb,target,middle,short_0_5,1,1,3,1
2026,WAS,00-0039912,B.Sinnott,target,right,short_0_5,1,0,6,0
2026,DAL,00-0036358,C.Lamb,target,right,intermediate_11_20,2,1,38,0
2026,DAL,00-0036997,J.Williams,target,left,behind_los,1,1,0,0
2026,WAS,00-0036626,D.Brown,target,right,short_0_5,1,0,1,0
2026,WAS,00-0035659,T.McLaurin,target,right,intermediate_11_20,2,1,24,0
2026,WAS,00-0039686,C.Yankoff,target,right,short_0_5,1,0,14,0
2026,WAS,00-0037256,R.White,target,left,short_6_10,1,1,13,0
2026,DAL,00-0037247,G.Pickens,target,middle,intermediate_11_20,1,0,12,0
2026,DAL,00-0039410,R.Flournoy,target,middle,behind_los,1,0,6,0
2026,DAL,00-0039410,R.Flournoy,target,right,short_6_10,1,0,10,0
2026,WAS,00-0035659,T.McLaurin,target,right,deep_21_plus,2,1,0,0
2026,WAS,00-0031588,S.Diggs,target,left,short_0_5,2,2,9,1
2026,WAS,00-0037742,T.Burks,target,right,deep_21_plus,1,1,0,0
2026,WAS,00-0035659,T.McLaurin,target,left,intermediate_11_20,1,0,0,0
2026,WAS,00-0031588,S.Diggs,target,middle,short_6_10,1,1,10,0
2026,WAS,00-0035659,T.McLaurin,target,right,short_6_10,1,0,26,0
2026,DAL,00-0037247,G.Pickens,target,left,short_0_5,1,0,3,0
2026,WAS,00-0036626,D.Brown,target,left,behind_los,1,0,-6,0
2026,WAS,00-0041040,A.Williams,target,left,short_0_5,2,0,15,0
2026,WAS,00-0035659,T.McLaurin,target,left,deep_21_plus,1,0,0,0
2026,WAS,00-0037256,R.White,target,right,short_0_5,1,1,10,0
2026,DAL,00-0038041,J.Ferguson,target,right,behind_los,1,0,7,0
2026,ARI,00-0041027,J.Love,rush,left,end,2,1,8,1
2026,LAC,00-0040666,O.Hampton,rush,left,end,4,1,13,0
2026,LAC,00-0040666,O.Hampton,rush,right,end,5,1,19,0
2026,LAC,00-0038454,K.Mitchell,rush,right,end,2,2,-1,0
2026,LAC,00-0036355,J.Herbert,rush,middle,no_gap_recorded,2,1,9,0
2026,LAC,00-0040666,O.Hampton,rush,middle,no_gap_recorded,16,5,80,1
2026,ARI,00-0037263,T.Allgeier,rush,left,tackle,4,1,4,0
2026,ARI,00-0041027,J.Love,rush,right,end,4,0,29,0
2026,ARI,00-0033119,J.Brissett,rush,left,guard,1,1,4,0
2026,ARI,00-0037263,T.Allgeier,rush,middle,no_gap_recorded,10,5,29,0
2026,LAC,00-0038454,K.Mitchell,rush,left,end,4,0,26,0
2026,ARI,00-0037263,T.Allgeier,rush,right,end,1,0,11,0
2026,ATL,00-0038542,Bi.Robinson,rush,left,tackle,9,1,45,0
2026,ATL,00-0037746,Br.Robinson,rush,left,end,2,0,13,0
2026,PIT,00-0036139,R.Dowdle,rush,left,end,2,0,4,0
2026,ATL,00-0038542,Bi.Robinson,rush,left,guard,4,0,18,0
2026,ATL,00-0038542,Bi.Robinson,rush,middle,no_gap_recorded,11,1,31,0
2026,PIT,00-0037228,J.Warren,rush,right,tackle,2,1,14,0
2026,ATL,00-0038542,Bi.Robinson,rush,right,guard,4,1,14,0
2026,ATL,00-0038542,Bi.Robinson,rush,right,tackle,3,1,8,0
2026,ATL,00-0037746,Br.Robinson,rush,right,end,1,0,5,0
2026,PIT,00-0037228,J.Warren,rush,left,end,5,2,26,0
2026,ATL,00-0037238,D.London,rush,left,end,2,1,4,0
2026,PIT,00-0036139,R.Dowdle,rush,right,end,2,1,9,0
2026,PIT,00-0023459,A.Rodgers,rush,unknown,no_gap_recorded,3,3,-3,0
2026,IND,00-0036223,J.Taylor,rush,right,tackle,8,5,32,1
2026,BAL,00-0034796,L.Jackson,rush,left,end,3,2,35,1
2026,IND,00-0036223,J.Taylor,rush,middle,no_gap_recorded,7,2,31,0
2026,BAL,00-0032764,D.Henry,rush,right,end,10,3,44,1
2026,BAL,00-0034796,L.Jackson,rush,right,end,2,1,20,0
2026,IND,00-0036223,J.Taylor,rush,right,guard,5,0,15,0
2026,BAL,00-0034975,J.Hill,rush,left,end,2,0,1,0
2026,IND,00-0036223,J.Taylor,rush,left,guard,3,3,11,0
2026,IND,00-0036223,J.Taylor,rush,left,tackle,4,0,33,0
2026,IND,00-0035710,D.Jones,rush,right,end,2,1,6,0
2026,BAL,00-0034796,L.Jackson,rush,middle,no_gap_recorded,2,0,9,0
2026,BAL,00-0032764,D.Henry,rush,left,end,2,2,11,1
2026,BAL,00-0034975,J.Hill,rush,right,guard,2,1,8,0
2026,BAL,00-0034796,L.Jackson,rush,unknown,no_gap_recorded,3,1,-3,0
2026,BUF,00-0039875,R.Davis,rush,right,guard,1,0,3,0
2026,BUF,00-0034857,J.Allen,rush,middle,no_gap_recorded,5,4,12,1
2026,BUF,00-0034857,J.Allen,rush,left,end,1,1,-2,0
2026,HOU,00-0035685,D.Montgomery,rush,left,tackle,3,0,10,0
2026,HOU,00-0040583,W.Marks,rush,left,guard,3,0,12,0
2026,HOU,00-0040583,W.Marks,rush,left,tackle,2,0,7,0
2026,HOU,00-0039163,C.Stroud,rush,middle,no_gap_recorded,2,1,29,0
2026,HOU,00-0035685,D.Montgomery,rush,left,guard,7,1,22,0
2026,HOU,00-0035685,D.Montgomery,rush,right,end,2,1,1,0
2026,HOU,00-0035685,D.Montgomery,rush,middle,no_gap_recorded,3,1,24,1
2026,BUF,00-0039471,F.Gore,rush,middle,no_gap_recorded,1,0,3,0
2026,BUF,00-0037248,J.Cook,rush,right,tackle,5,1,23,1
2026,BUF,00-0037248,J.Cook,rush,right,guard,6,2,20,0
2026,CHI,00-0036275,D.Swift,rush,right,tackle,10,5,59,0
2026,CAR,00-0036555,C.Hubbard,rush,right,tackle,1,0,3,0
2026,CHI,00-0036275,D.Swift,rush,left,tackle,5,0,34,0
2026,CHI,00-0039918,C.Williams,rush,right,end,5,3,22,0
2026,CHI,00-0040236,K.Monangai,rush,right,end,2,1,14,0
2026,CHI,00-0039918,C.Williams,rush,left,end,5,3,55,2
2026,CHI,00-0036275,D.Swift,rush,middle,no_gap_recorded,3,2,11,2
2026,CAR,00-0039150,B.Young,rush,right,tackle,1,1,7,1
2026,CHI,00-0036275,D.Swift,rush,right,guard,7,2,41,1
2026,CAR,00-0039344,J.Brooks,rush,left,end,3,2,13,0
2026,CAR,00-0036555,C.Hubbard,rush,left,tackle,2,0,20,0
2026,CAR,00-0036555,C.Hubbard,rush,left,guard,3,2,14,1
2026,CHI,00-0036275,D.Swift,rush,left,guard,5,1,9,0
2026,CAR,00-0036555,C.Hubbard,rush,right,guard,1,0,4,0
2026,CAR,00-0036265,A.Dillon,rush,left,tackle,2,1,11,0
2026,CLE,00-0040784,Q.Judkins,rush,middle,no_gap_recorded,5,1,12,0
2026,JAX,00-0040719,B.Tuten,rush,right,tackle,7,2,21,0
2026,JAX,00-0040719,B.Tuten,rush,middle,no_gap_recorded,5,0,21,0
2026,JAX,00-0038611,C.Rodriguez,rush,left,end,1,0,3,0
2026,CLE,00-0040784,Q.Judkins,rush,right,end,1,0,0,0
2026,JAX,00-0036971,T.Lawrence,rush,left,end,1,0,2,0
2026,JAX,00-0040719,B.Tuten,rush,right,guard,2,0,6,0
2026,CLE,00-0033537,D.Watson,rush,right,end,4,3,20,0
2026,JAX,00-0032104,A.Abdullah,rush,left,tackle,5,2,20,0
2026,JAX,00-0040719,B.Tuten,rush,left,guard,1,0,-4,0
2026,CLE,00-0033537,D.Watson,rush,left,tackle,1,1,9,0
2026,CLE,00-0033537,D.Watson,rush,left,guard,1,1,6,0
2026,CLE,00-0040466,R.Sanders,rush,middle,no_gap_recorded,2,2,2,0
2026,JAX,00-0040719,B.Tuten,rush,left,tackle,1,0,7,0
2026,CLE,00-0041547,K.Concepcion,rush,right,end,1,0,10,0
2026,CLE,00-0033537,D.Watson,rush,middle,no_gap_recorded,3,1,17,0
2026,CLE,00-0040784,Q.Judkins,rush,left,guard,4,2,7,0
2026,JAX,00-0033319,N.Mullens,rush,unknown,no_gap_recorded,3,1,-3,0
2026,NYG,00-0040715,C.Skattebo,rush,right,tackle,3,1,6,0
2026,NYG,00-0035250,D.Singletary,rush,left,tackle,2,0,7,0
2026,NYG,00-0040691,J.Dart,rush,middle,no_gap_recorded,2,1,9,0
2026,NYG,00-0035250,D.Singletary,rush,right,tackle,1,0,3,0
2026,NYG,00-0040715,C.Skattebo,rush,right,guard,4,1,16,0
2026,NYG,00-0040715,C.Skattebo,rush,left,end,6,2,31,1
2026,DAL,00-0036358,C.Lamb,rush,left,end,1,0,0,0
2026,DAL,00-0033077,D.Prescott,rush,middle,no_gap_recorded,3,1,19,0
2026,NYG,00-0039384,T.Tracy,rush,left,end,1,0,8,0
2026,DAL,00-0038738,H.Luepke,rush,middle,no_gap_recorded,2,2,8,0
2026,NYG,00-0035250,D.Singletary,rush,left,guard,1,0,1,0
2026,NYG,00-0040691,J.Dart,rush,left,guard,1,1,2,0
2026,NYG,00-0040691,J.Dart,rush,unknown,no_gap_recorded,3,3,-5,0
2026,DEN,00-0036158,J.Dobbins,rush,left,end,4,2,18,0
2026,KC,00-0038134,K.Walker,rush,middle,no_gap_recorded,20,12,65,0
2026,KC,00-0038134,K.Walker,rush,right,end,3,2,18,0
2026,DEN,00-0036158,J.Dobbins,rush,right,end,2,0,5,0
2026,DEN,00-0040730,R.Harvey,rush,right,end,1,1,6,0
2026,DEN,00-0036158,J.Dobbins,rush,middle,no_gap_recorded,6,0,18,0
2026,KC,00-0038134,K.Walker,rush,left,end,8,3,121,1
2026,KC,00-0041013,E.Johnson,rush,right,end,2,0,5,0
2026,KC,00-0041013,E.Johnson,rush,middle,no_gap_recorded,5,2,27,0
2026,DEN,00-0040730,R.Harvey,rush,middle,no_gap_recorded,1,0,5,0
2026,KC,00-0033873,P.Mahomes,rush,unknown,no_gap_recorded,3,3,-4,0
2026,MIN,00-0033293,A.Jones,rush,left,end,5,2,22,1
2026,MIN,00-0035228,K.Murray,rush,left,end,1,0,7,0
2026,MIN,00-0035228,K.Murray,rush,right,end,1,1,2,0
2026,MIN,00-0037525,J.Mason,rush,right,tackle,2,0,7,0
2026,GB,00-0039811,M.Lloyd,rush,left,end,4,0,17,0
2026,MIN,00-0037525,J.Mason,rush,right,guard,5,2,14,1
2026,GB,00-0038685,C.Brooks,rush,middle,no_gap_recorded,2,1,3,0
2026,GB,00-0038685,C.Brooks,rush,left,end,2,1,6,0
2026,MIN,00-0033293,A.Jones,rush,right,guard,13,6,43,0
2026,GB,00-0039811,M.Lloyd,rush,middle,no_gap_recorded,3,1,9,0
2026,MIA,00-0038128,M.Willis,rush,right,end,3,2,24,1
2026,LV,00-0040122,A.Jeanty,rush,middle,no_gap_recorded,19,6,78,0
2026,LV,00-0040122,A.Jeanty,rush,left,end,3,1,6,0
2026,MIA,00-0039040,D.Achane,rush,left,guard,2,1,5,0
2026,LV,00-0040894,M.Benson,rush,left,end,1,0,-8,0
2026,MIA,00-0039040,D.Achane,rush,left,tackle,3,0,16,0
2026,LV,00-0040878,M.Washington,rush,left,end,1,0,6,0
2026,LV,00-0040122,A.Jeanty,rush,right,guard,9,3,16,0
2026,LV,00-0040122,A.Jeanty,rush,right,tackle,3,1,19,0
2026,MIA,00-0039874,J.Wright,rush,middle,no_gap_recorded,2,1,2,0
2026,LV,00-0029604,K.Cousins,rush,unknown,no_gap_recorded,6,2,-9,0
2026,SEA,00-0041512,J.Price,rush,right,tackle,1,0,13,0
2026,SEA,00-0039299,G.Holani,rush,middle,no_gap_recorded,5,3,18,0
2026,NE,00-0039851,D.Maye,rush,middle,no_gap_recorded,3,1,26,0
2026,NE,00-0036875,R.Stevenson,rush,left,end,3,0,8,0
2026,NE,00-0039851,D.Maye,rush,right,end,4,2,19,0
2026,SEA,00-0039299,G.Holani,rush,right,guard,1,1,1,0
2026,NE,00-0036875,R.Stevenson,rush,right,tackle,1,0,2,0
2026,NE,00-0036875,R.Stevenson,rush,right,guard,3,2,12,0
2026,SEA,00-0038797,E.Wilson,rush,left,guard,4,1,13,0
2026,NE,00-0040556,C.Kiner,rush,right,guard,3,0,4,0
2026,NE,00-0040556,C.Kiner,rush,right,tackle,1,0,3,0
2026,SEA,00-0039299,G.Holani,rush,right,tackle,1,0,4,0
2026,SEA,00-0041512,J.Price,rush,left,end,4,1,11,0
2026,SEA,00-0035704,D.Lock,rush,left,tackle,1,1,14,0
2026,NE,00-0039851,D.Maye,rush,left,end,1,1,6,0
2026,DET,00-0039139,J.Gibbs,rush,middle,no_gap_recorded,14,6,54,1
2026,NO,00-0038551,K.Miller,rush,right,tackle,1,0,2,0
2026,DET,00-0039139,J.Gibbs,rush,right,guard,6,2,21,0
2026,DET,00-0039139,J.Gibbs,rush,right,tackle,7,3,42,0
2026,NO,00-0036973,T.Etienne,rush,middle,no_gap_recorded,5,2,50,0
2026,DET,00-0039364,S.Vaki,rush,middle,no_gap_recorded,2,0,10,0
2026,NO,00-0041099,B.Brown,rush,left,end,1,0,3,0
2026,NO,00-0038551,K.Miller,rush,left,tackle,1,0,4,0
2026,NO,00-0038551,K.Miller,rush,left,guard,1,0,2,0
2026,NO,00-0040743,T.Shough,rush,right,end,3,3,15,0
2026,DET,00-0033106,J.Goff,rush,left,end,1,1,2,0
2026,DET,00-0039139,J.Gibbs,rush,left,end,2,0,10,0
2026,NO,00-0040743,T.Shough,rush,unknown,no_gap_recorded,3,2,-1,0
2026,TEN,00-0035261,T.Pollard,rush,right,guard,5,2,27,0
2026,TEN,00-0040676,C.Ward,rush,left,tackle,1,1,5,0
2026,TEN,00-0035261,T.Pollard,rush,right,tackle,3,0,5,0
2026,NYJ,00-0039794,B.Allen,rush,right,end,2,2,5,1
2026,NYJ,00-0030565,G.Smith,rush,right,end,1,1,7,0
2026,NYJ,00-0038120,B.Hall,rush,left,end,4,1,32,1
2026,TEN,00-0040676,C.Ward,rush,right,tackle,1,0,7,0
2026,TEN,00-0035261,T.Pollard,rush,left,guard,2,1,10,0
2026,TEN,00-0039032,T.Spears,rush,middle,no_gap_recorded,4,1,22,0
2026,NYJ,00-0038120,B.Hall,rush,right,end,4,0,11,0
2026,LA,00-0037840,K.Williams,rush,left,guard,2,0,5,0
2026,SF,00-0041052,K.Black,rush,left,guard,3,0,8,0
2026,SF,00-0037834,B.Purdy,rush,middle,no_gap_recorded,4,2,13,0
2026,LA,00-0039738,B.Corum,rush,left,guard,3,0,17,0
2026,LA,00-0039738,B.Corum,rush,left,tackle,4,1,28,0
2026,SF,00-0041052,K.Black,rush,right,tackle,1,0,5,0
2026,SF,00-0041052,K.Black,rush,middle,no_gap_recorded,6,2,27,0
2026,SF,00-0033280,C.McCaffrey,rush,right,guard,6,3,30,1
2026,LA,00-0026498,M.Stafford,rush,unknown,no_gap_recorded,4,2,-4,0
2026,SF,00-0033280,C.McCaffrey,rush,right,tackle,2,1,6,0
2026,LA,00-0026498,M.Stafford,rush,right,guard,1,1,0,0
2026,SF,00-0041052,K.Black,rush,left,tackle,3,1,9,0
2026,SF,00-0041052,K.Black,rush,right,guard,4,1,9,0
2026,LA,00-0039107,S.Bennett,rush,middle,no_gap_recorded,1,0,9,0
2026,LA,00-0037557,R.Rivers,rush,right,guard,3,2,12,0
2026,LA,00-0037557,R.Rivers,rush,right,tackle,1,1,5,0
2026,LA,00-0037557,R.Rivers,rush,left,end,1,1,2,0
2026,TB,00-0039361,B.Irving,rush,right,tackle,1,0,9,0
2026,TB,00-0039361,B.Irving,rush,left,guard,7,0,35,0
2026,TB,00-0039361,B.Irving,rush,right,guard,4,2,9,0
2026,CIN,00-0038597,C.Brown,rush,right,guard,6,2,27,0
2026,TB,00-0039361,B.Irving,rush,left,tackle,3,1,7,0
2026,CIN,00-0038597,C.Brown,rush,middle,no_gap_recorded,13,6,53,1
2026,CIN,00-0036442,J.Burrow,rush,left,end,1,1,6,0
2026,CIN,00-0038597,C.Brown,rush,left,guard,6,2,27,0
2026,TB,00-0034855,B.Mayfield,rush,middle,no_gap_recorded,4,4,29,1
2026,CIN,00-0033526,S.Perine,rush,middle,no_gap_recorded,4,1,17,0
2026,TB,00-0034855,B.Mayfield,rush,unknown,no_gap_recorded,1,0,-1,0
2026,CIN,00-0040785,D.Meyers,rush,left,end,1,0,10,0
2026,CIN,00-0033526,S.Perine,rush,left,guard,1,0,2,0
2026,CIN,00-0033526,S.Perine,rush,right,guard,2,1,7,0
2026,CIN,00-0038597,C.Brown,rush,left,tackle,3,1,7,0
2026,CIN,00-0036442,J.Burrow,rush,unknown,no_gap_recorded,2,1,-2,0
2026,WAS,00-0040242,J.Croskey-Merritt,rush,left,tackle,4,0,20,0
2026,WAS,00-0037256,R.White,rush,middle,no_gap_recorded,7,5,41,0
2026,PHI,00-0034844,S.Barkley,rush,right,guard,5,1,50,0
2026,PHI,00-0036389,J.Hurts,rush,left,tackle,1,1,6,0
2026,WAS,00-0040242,J.Croskey-Merritt,rush,left,guard,8,1,29,1
2026,PHI,00-0034844,S.Barkley,rush,right,tackle,5,1,20,0
2026,PHI,00-0034844,S.Barkley,rush,left,tackle,1,0,4,0
2026,PHI,00-0038555,T.Bigsby,rush,middle,no_gap_recorded,4,3,15,1
2026,WAS,00-0039910,J.Daniels,rush,right,tackle,2,1,13,0
2026,WAS,00-0037256,R.White,rush,right,guard,3,2,14,0
2026,PHI,00-0036389,J.Hurts,rush,right,end,3,1,10,0
2026,WAS,00-0041096,K.Allen,rush,middle,no_gap_recorded,3,2,12,0
2026,WAS,00-0039910,J.Daniels,rush,left,end,1,1,2,0
2026,CAR,00-0036265,A.Dillon,rush,left,guard,1,0,1,0
2026,CAR,00-0036265,A.Dillon,rush,right,end,1,0,-4,0
2026,CAR,00-0038102,K.Pickett,rush,unknown,no_gap_recorded,1,0,-4,0
2026,HOU,00-0040138,J.Noel,rush,right,end,1,0,13,0
2026,HOU,00-0039163,C.Stroud,rush,left,end,1,0,4,0
2026,CIN,00-0038597,C.Brown,rush,right,tackle,2,0,2,0
2026,CLE,00-0040784,Q.Judkins,rush,left,tackle,4,1,12,0
2026,TB,00-0039361,B.Irving,rush,middle,no_gap_recorded,4,2,8,0
2026,TB,00-0036919,K.Gainwell,rush,left,end,1,1,6,0
2026,CLE,00-0033537,D.Watson,rush,unknown,no_gap_recorded,2,1,-2,0
2026,BUF,00-0034857,J.Allen,rush,right,tackle,1,0,12,0
2026,BUF,00-0034827,D.Moore,rush,left,end,1,0,-1,0
2026,DET,00-0033106,J.Goff,rush,middle,no_gap_recorded,1,0,3,0
2026,NYJ,00-0039794,B.Allen,rush,left,end,1,0,-1,0
2026,NYJ,00-0030565,G.Smith,rush,middle,no_gap_recorded,1,0,3,0
2026,NYJ,00-0039794,B.Allen,rush,middle,no_gap_recorded,1,1,2,0
2026,NYJ,00-0030565,G.Smith,rush,left,guard,1,0,7,0
2026,GB,00-0040142,K.Johnson,rush,left,end,1,0,11,0
2026,IND,00-0040128,T.Warren,rush,middle,no_gap_recorded,1,1,3,0
2026,IND,00-0035710,D.Jones,rush,left,end,1,1,5,0
2026,DEN,00-0039732,B.Nix,rush,left,end,2,1,9,0
2026,DEN,00-0041496,J.Coleman,rush,right,end,1,1,1,0
2026,DEN,00-0038783,N.Adkins,rush,left,end,1,0,6,0
2026,DEN,00-0037085,T.Badie,rush,right,guard,1,0,1,0
2026,DEN,00-0041496,J.Coleman,rush,middle,no_gap_recorded,2,2,1,0
2026,DEN,00-0041496,J.Coleman,rush,left,guard,1,1,6,0
2026,DEN,00-0041496,J.Coleman,rush,left,tackle,2,2,13,0
2026,LAC,00-0036355,J.Herbert,rush,unknown,no_gap_recorded,2,2,0,0
2026,LV,00-0040878,M.Washington,rush,right,tackle,2,1,4,0
2026,LV,00-0029604,K.Cousins,rush,left,end,1,0,4,0
2026,SF,00-0035719,D.Samuel,rush,middle,no_gap_recorded,1,0,4,0
2026,MIA,00-0039880,M.Washington,rush,left,guard,1,1,4,0
2026,SF,00-0040177,J.James,rush,left,tackle,1,0,2,0
2026,MIN,00-0033293,A.Jones,rush,right,tackle,4,1,29,0
2026,MIN,00-0032950,C.Wentz,rush,right,guard,1,1,2,0
2026,MIN,00-0036425,D.Dallas,rush,middle,no_gap_recorded,1,0,4,0
2026,MIN,00-0036425,D.Dallas,rush,left,guard,1,0,4,0
2026,NO,00-0033906,A.Kamara,rush,right,end,1,0,4,0
2026,NO,00-0033906,A.Kamara,rush,left,tackle,2,1,2,0
2026,NO,00-0040743,T.Shough,rush,middle,no_gap_recorded,4,3,4,1
2026,NO,00-0036973,T.Etienne,rush,right,end,1,0,-4,0
2026,NO,00-0033906,A.Kamara,rush,left,guard,1,1,6,0
2026,NO,00-0036973,T.Etienne,rush,unknown,no_gap_recorded,1,1,2,0
2026,NYG,00-0036893,N.Harris,rush,left,guard,1,0,2,0
2026,NYG,00-0031503,J.Winston,rush,right,guard,1,1,1,0
2026,NYG,00-0036893,N.Harris,rush,left,tackle,1,1,3,0
2026,NYG,00-0036893,N.Harris,rush,middle,no_gap_recorded,1,1,-3,0
2026,LA,00-0037840,K.Williams,rush,right,end,2,1,23,0
2026,LA,00-0039738,B.Corum,rush,right,end,1,0,18,0
2026,TEN,00-0035261,T.Pollard,rush,left,tackle,6,3,23,0
2026,PHI,00-0034844,S.Barkley,rush,left,guard,1,0,0,0
2026,PHI,00-0039746,W.Shipley,rush,middle,no_gap_recorded,2,2,10,0
2026,TEN,00-0040676,C.Ward,rush,middle,no_gap_recorded,2,2,2,1
2026,PHI,00-0038555,T.Bigsby,rush,right,tackle,4,0,5,0
2026,PHI,00-0038555,T.Bigsby,rush,right,guard,3,0,3,0
2026,TEN,00-0039032,T.Spears,rush,left,tackle,4,2,3,0
2026,PHI,00-0039746,W.Shipley,rush,left,end,1,0,7,0
2026,PHI,00-0039746,W.Shipley,rush,right,end,1,0,0,0
2026,TEN,00-0040886,N.Singleton,rush,middle,no_gap_recorded,3,1,4,0
2026,TEN,00-0040886,N.Singleton,rush,left,end,1,0,6,0
2026,NE,00-0040734,T.Henderson,rush,middle,no_gap_recorded,6,2,7,0
2026,PIT,00-0037228,J.Warren,rush,right,guard,1,0,1,0
2026,NE,00-0040734,T.Henderson,rush,right,guard,3,1,3,0
2026,PIT,00-0035594,T.Homer,rush,right,tackle,1,0,14,0
2026,PIT,00-0035594,T.Homer,rush,middle,no_gap_recorded,1,0,2,0
2026,NE,00-0040734,T.Henderson,rush,right,tackle,3,2,22,0
2026,PIT,00-0034771,M.Rudolph,rush,right,tackle,1,1,3,0
2026,NE,00-0039851,D.Maye,rush,unknown,no_gap_recorded,2,0,-3,0
2026,SEA,00-0038797,E.Wilson,rush,right,end,1,1,4,0
2026,SEA,00-0041512,J.Price,rush,right,guard,1,1,6,0
2026,SEA,00-0037545,R.Shaheed,rush,left,end,1,1,4,0
2026,ARI,00-0037157,Z.Knight,rush,middle,no_gap_recorded,1,0,18,0
2026,DAL,00-0033077,D.Prescott,rush,right,end,1,1,11,0
2026,DAL,00-0036997,J.Williams,rush,left,end,1,1,0,0
2026,WAS,00-0039910,J.Daniels,rush,unknown,no_gap_recorded,1,1,0,0
2026,WAS,00-0039910,J.Daniels,rush,middle,no_gap_recorded,1,0,20,0
2026,DAL,00-0038705,E.Demercado,rush,right,tackle,1,0,1,0
2026,DAL,00-0037801,K.Turpin,rush,left,end,1,1,1,0
2026,WAS,00-0032268,M.Mariota,rush,left,end,1,1,3,0
2026,WAS,00-0037256,R.White,rush,left,end,1,0,4,0
2026,DAL,00-0038705,E.Demercado,rush,right,guard,1,0,0,0
2026,DAL,00-0036997,J.Williams,rush,right,end,1,0,2,0
2026,DAL,00-0033077,D.Prescott,rush,left,end,1,0,6,0
2026,WAS,00-0041096,K.Allen,rush,left,end,1,0,7,0
