season,week,game_type,game_id,pfr_game_id,pfr_player_id,pfr_player_name,team,opponent,def_ints,def_targets,def_completions_allowed,def_completion_pct,def_yards_allowed,def_yards_allowed_per_cmp,def_yards_allowed_per_tgt,def_receiving_td_allowed,def_passer_rating_allowed,def_adot,def_air_yards_completed,def_yards_after_catch,def_times_blitzed,def_times_hurried,def_times_hitqb,def_sacks,def_pressures,def_tackles_combined,def_missed_tackles,def_missed_tackle_pct,ingest_run_id
2026,1,REG,2026_01_NE_SEA,202609090sea,JobeJo00,Josh Jobe,SEA,NE,1,6,5,0.833,31,6.2,5.2,0,48.6,4.3,7,24.0,0,0,0,0.0,0,6,0,0.0,20260925T013701Z
2026,1,REG,2026_01_NE_SEA,202609090sea,PritNe00,Nehemiah Pritchett,SEA,NE,1,8,4,0.5,37,9.3,4.6,0,23.4,8.6,9,28.0,0,0,0,0.0,0,6,1,0.143,20260925T013701Z
2026,1,REG,2026_01_NE_SEA,202609090sea,ThomRo07,Rodney Thomas II,SEA,NE,0,5,3,0.6,28,9.3,5.6,0,75.4,16.0,16,12.0,0,1,0,0.0,1,4,0,0.0,20260925T013701Z
2026,1,REG,2026_01_NE_SEA,202609090sea,LoveJu00,Julian Love,SEA,NE,1,3,2,0.667,18,9.0,6.0,0,43.1,11.0,8,10.0,2,0,0,0.0,0,6,0,0.0,20260925T013701Z
2026,1,REG,2026_01_NE_SEA,202609090sea,OConPa01,Patrick O'Connell,SEA,NE,0,1,1,1.0,2,2.0,2.0,1,118.7,2.0,2,0.0,0,0,0,0.0,0,1,0,0.0,20260925T013701Z
2026,1,REG,2026_01_NE_SEA,202609090sea,LawrDe00,DeMarcus Lawrence,SEA,NE,0,0,0,,,,,,,,,,0,0,1,0.0,1,3,0,0.0,20260925T013701Z
2026,1,REG,2026_01_NE_SEA,202609090sea,WillLe02,Leonard Williams,SEA,NE,0,0,0,,,,,,,,,,0,0,0,1.0,1,4,1,0.2,20260925T013701Z
2026,1,REG,2026_01_NE_SEA,202609090sea,HallDe04,Derick Hall,SEA,NE,0,0,0,,,,,,,,,,2,0,0,1.0,1,2,0,0.0,20260925T013701Z
2026,1,REG,2026_01_NE_SEA,202609090sea,SpilRo00,Robert Spillane,NE,SEA,0,6,4,0.667,61,15.3,10.2,0,100.0,6.5,39,22.0,4,0,0,0.0,0,8,1,0.111,20260925T013701Z
2026,1,REG,2026_01_NE_SEA,202609090sea,WoodCr00,Craig Woodson,NE,SEA,0,3,2,0.667,66,33.0,22.0,1,149.3,8.7,25,41.0,1,0,0,0.0,0,5,1,0.167,20260925T013701Z
2026,1,REG,2026_01_NE_SEA,202609090sea,JoneMa06,Marcus Jones,NE,SEA,0,2,2,1.0,29,14.5,14.5,0,118.7,9.5,19,10.0,1,0,0,0.0,0,4,0,0.0,20260925T013701Z
2026,1,REG,2026_01_NE_SEA,202609090sea,ByarKe01,Kevin Byard,NE,SEA,0,1,1,1.0,13,13.0,13.0,0,118.7,13.0,13,0.0,0,0,0,0.0,0,5,0,0.0,20260925T013701Z
2026,1,REG,2026_01_NE_SEA,202609090sea,GonzCh00,Christian Gonzalez,NE,SEA,0,4,1,0.25,4,4.0,1.0,0,39.6,7.5,-3,7.0,0,0,0,0.0,0,2,0,0.0,20260925T013701Z
2026,1,REG,2026_01_NE_SEA,202609090sea,JacaGa00,Gabe Jacas,NE,SEA,0,0,0,,,,,,,,,,0,0,0,1.0,1,3,0,0.0,20260925T013701Z
2026,1,REG,2026_01_SF_LA,202609100ram,StewJo03,Josaiah Stewart,LA,SF,0,1,1,1.0,6,6.0,6.0,0,91.7,-2.0,-2,8.0,0,0,1,0.0,1,6,0,0.0,20260925T013701Z
2026,1,REG,2026_01_SF_LA,202609100ram,McCoJa02,Jaylen McCollough,LA,SF,0,1,1,1.0,7,7.0,7.0,0,95.8,7.0,7,0.0,0,0,0,0.0,0,6,0,0.0,20260925T013701Z
2026,1,REG,2026_01_SF_LA,202609100ram,KincKa00,Kamren Kinchens,LA,SF,0,1,1,1.0,15,15.0,15.0,1,158.3,15.0,15,0.0,0,0,0,0.0,0,9,0,0.0,20260925T013701Z
2026,1,REG,2026_01_SF_LA,202609100ram,SpeiOm00,Omar Speights,LA,SF,0,2,1,0.5,6,6.0,3.0,0,56.2,0.5,-3,9.0,1,0,0,0.0,0,2,0,0.0,20260925T013701Z
2026,1,REG,2026_01_SF_LA,202609100ram,DaviTy05,Tyler Davis,LA,SF,0,1,1,1.0,6,6.0,6.0,0,91.7,-2.0,-2,8.0,0,0,0,0.0,0,7,1,0.125,20260925T013701Z
2026,1,REG,2026_01_SF_LA,202609100ram,DolaSh00,Shaun Dolac,LA,SF,0,0,0,,,,,,,,,,0,0,0,0.0,0,6,1,0.143,20260925T013701Z
2026,1,REG,2026_01_SF_LA,202609100ram,LenoDe00,Deommodore Lenoir,SF,LA,0,9,6,0.667,43,7.2,4.8,0,77.5,11.2,24,19.0,0,0,0,0.0,0,6,0,0.0,20260925T013701Z
2026,1,REG,2026_01_SF_LA,202609100ram,BrowJi01,Ji'Ayir Brown,SF,LA,0,2,2,1.0,54,27.0,27.0,0,118.7,8.0,16,38.0,0,0,0,0.0,0,4,1,0.2,20260925T013701Z
2026,1,REG,2026_01_SF_LA,202609100ram,WarnFr00,Fred Warner,SF,LA,0,3,2,0.667,24,12.0,8.0,0,91.0,3.7,8,16.0,1,0,0,0.0,0,11,0,0.0,20260925T013701Z
2026,1,REG,2026_01_SF_LA,202609100ram,MustMa00,Malik Mustapha,SF,LA,0,1,1,1.0,8,8.0,8.0,0,100.0,8.0,8,0.0,0,0,0,0.0,0,3,0,0.0,20260925T013701Z
2026,1,REG,2026_01_SF_LA,202609100ram,BosaNi00,Nick Bosa,SF,LA,0,0,0,,,,,,,,,,0,0,1,0.0,1,4,0,0.0,20260925T013701Z
2026,1,REG,2026_01_SF_LA,202609100ram,OkorOg00,Ogbonnia Okoronkwo,SF,LA,0,0,0,,,,,,,,,,0,0,1,0.0,1,0,0,,20260925T013701Z
2026,1,REG,2026_01_SF_LA,202609100ram,SiglMa00,Marques Sigle,SF,LA,0,1,0,0.0,,,0.0,,39.6,19.0,,,0,0,0,0.0,0,9,0,0.0,20260925T013701Z
2026,1,REG,2026_01_CHI_CAR,202609130car,LloyDe00,Devin Lloyd,CAR,CHI,0,7,6,0.857,58,9.7,8.3,1,140.8,7.9,55,3.0,4,3,0,0.0,3,13,1,0.071,20260925T013701Z
2026,1,REG,2026_01_CHI_CAR,202609130car,LeexWi00,Will Lee,CAR,CHI,0,7,5,0.714,97,19.4,13.9,0,113.7,16.0,69,28.0,0,0,0,0.0,0,5,0,0.0,20260925T013701Z
2026,1,REG,2026_01_CHI_CAR,202609130car,GipsTr00,Trevis Gipson,CAR,CHI,0,1,1,1.0,12,12.0,12.0,0,116.7,10.0,10,2.0,0,2,0,0.0,2,2,0,0.0,20260925T013701Z
2026,1,REG,2026_01_CHI_CAR,202609130car,MoehTr00,Tre'von Moehrig,CAR,CHI,0,1,1,1.0,7,7.0,7.0,0,95.8,-3.0,-3,10.0,1,0,0,0.0,0,3,0,0.0,20260925T013701Z
2026,1,REG,2026_01_CHI_CAR,202609130car,JackMi01,Michael Jackson,CAR,CHI,0,2,1,0.5,19,19.0,9.5,0,83.3,7.5,4,15.0,0,0,0,0.0,0,2,1,0.333,20260925T013701Z
2026,1,REG,2026_01_CHI_CAR,202609130car,PhilJa02,Jaelan Phillips,CAR,CHI,0,0,0,,,,,,,,,,0,2,0,1.0,3,3,0,0.0,20260925T013701Z
2026,1,REG,2026_01_CHI_CAR,202609130car,BrowDe05,Derrick Brown,CAR,CHI,0,0,0,,,,,,,,,,0,1,1,0.0,2,3,0,0.0,20260925T013701Z
2026,1,REG,2026_01_CHI_CAR,202609130car,HallAa00,Aaron Hall,CAR,CHI,0,0,0,,,,,,,,,,0,1,0,0.0,1,1,0,0.0,20260925T013701Z
2026,1,REG,2026_01_CHI_CAR,202609130car,RansLa00,Lathan Ransom,CAR,CHI,0,1,0,0.0,7,,7.0,0,56.2,5.0,5,2.0,0,0,0,0.0,0,3,0,0.0,20260925T013701Z
2026,1,REG,2026_01_CHI_CAR,202609130car,JohnJa13,Jaylon Johnson,CHI,CAR,0,7,5,0.714,127,25.4,18.1,0,113.7,15.4,88,39.0,1,1,0,0.0,1,3,2,0.4,20260925T013701Z
2026,1,REG,2026_01_CHI_CAR,202609130car,MuhaMa00,Malik Muhammad,CHI,CAR,1,9,4,0.444,67,16.8,7.4,0,30.6,8.3,18,49.0,0,0,0,0.0,0,3,1,0.25,20260925T013701Z
2026,1,REG,2026_01_CHI_CAR,202609130car,LewiCa00,Cameron Lewis,CHI,CAR,0,3,3,1.0,24,8.0,8.0,1,139.6,7.0,21,3.0,4,0,0,0.0,0,6,0,0.0,20260925T013701Z
2026,1,REG,2026_01_CHI_CAR,202609130car,ThieDi00,Dillon Thieneman,CHI,CAR,0,5,2,0.4,22,11.0,4.4,0,53.7,5.2,15,7.0,2,0,1,0.0,1,10,0,0.0,20260925T013701Z
2026,1,REG,2026_01_CHI_CAR,202609130car,OdeyDa00,Dayo Odeyingbo,CHI,CAR,0,0,0,,,,,,,,,,0,3,0,0.0,3,1,0,0.0,20260925T013701Z
2026,1,REG,2026_01_CHI_CAR,202609130car,GallNe00,Neville Gallimore,CHI,CAR,0,0,0,,,,,,,,,,0,1,0,0.0,1,1,0,0.0,20260925T013701Z
2026,1,REG,2026_01_CHI_CAR,202609130car,vandJo00,Jordan van den Berg,CHI,CAR,0,0,0,,,,,,,,,,0,0,0,0.0,0,0,1,1.0,20260925T013701Z
2026,1,REG,2026_01_TB_CIN,202609130cin,BattJo00,Jordan Battle,CIN,TB,0,5,4,0.8,65,16.3,13.0,0,118.7,6.8,34,31.0,0,0,0,0.0,0,9,1,0.1,20260925T013701Z
2026,1,REG,2026_01_TB_CIN,202609130cin,DaviJa06,Jalen Davis,CIN,TB,0,6,4,0.667,32,8.0,5.3,0,79.9,8.2,8,24.0,0,0,0,0.0,0,5,0,0.0,20260925T013701Z
2026,1,REG,2026_01_TB_CIN,202609130cin,HillDa04,Daxton Hill,CIN,TB,0,3,2,0.667,24,12.0,8.0,0,91.0,10.3,22,2.0,0,0,0,0.0,0,7,0,0.0,20260925T013701Z
2026,1,REG,2026_01_TB_CIN,202609130cin,AlleJo01,Jonathan Allen,CIN,TB,0,0,0,,,,,,,,,,0,2,0,1.0,3,3,1,0.25,20260925T013701Z
2026,1,REG,2026_01_TB_CIN,202609130cin,MurpMy00,Myles Murphy,CIN,TB,0,0,0,,,,,,,,,,0,0,1,0.5,2,2,0,0.0,20260925T013701Z
2026,1,REG,2026_01_TB_CIN,202609130cin,LawrDe03,Dexter Lawrence,CIN,TB,0,0,0,,,,,,,,,,0,1,1,0.0,2,0,0,,20260925T013701Z
2026,1,REG,2026_01_TB_CIN,202609130cin,McCoZy02,Zyon McCollum,TB,CIN,0,8,5,0.625,46,9.2,5.8,0,78.1,15.0,36,10.0,0,0,0,0.0,0,9,0,0.0,20260925T013701Z
2026,1,REG,2026_01_TB_CIN,202609130cin,ScotKe01,Keionte Scott,TB,CIN,0,3,3,1.0,37,12.3,12.3,0,118.1,5.0,15,22.0,2,0,0,0.0,0,4,2,0.333,20260925T013701Z
2026,1,REG,2026_01_TB_CIN,202609130cin,WinfAn00,Antoine Winfield Jr.,TB,CIN,0,2,2,1.0,31,15.5,15.5,0,118.7,12.5,25,6.0,3,0,0,0.0,0,9,0,0.0,20260925T013701Z
2026,1,REG,2026_01_TB_CIN,202609130cin,ParrJa01,Jacob Parrish,TB,CIN,0,3,1,0.333,12,12.0,4.0,0,46.5,20.7,3,9.0,0,0,0,0.0,0,2,0,0.0,20260925T013701Z
2026,1,REG,2026_01_TB_CIN,202609130cin,KancCa00,Calijah Kancey,TB,CIN,0,0,0,,,,,,,,,,0,1,1,0.0,2,0,1,1.0,20260925T013701Z
2026,1,REG,2026_01_TB_CIN,202609130cin,RobeEl01,Elijah Roberts,TB,CIN,0,0,0,,,,,,,,,,0,1,0,0.0,1,0,0,,20260925T013701Z
2026,1,REG,2026_01_NO_DET,202609130det,CampJa04,Jack Campbell,DET,NO,0,10,7,0.7,53,7.6,5.3,1,115.8,2.5,24,29.0,10,0,0,0.0,0,7,0,0.0,20260925T013701Z
2026,1,REG,2026_01_NO_DET,202609130det,HutcAi00,Aidan Hutchinson,DET,NO,0,1,1,1.0,6,6.0,6.0,0,91.7,5.0,5,1.0,0,0,2,2.0,4,5,0,0.0,20260925T013701Z
2026,1,REG,2026_01_NO_DET,202609130det,AbneKe00,Keith Abney,DET,NO,0,1,1,1.0,-2,-2.0,-2.0,0,79.2,-6.0,-6,4.0,3,0,0,0.0,0,2,0,0.0,20260925T013701Z
2026,1,REG,2026_01_NO_DET,202609130det,McNeAl00,Alim McNeill,DET,NO,0,0,0,,,,,,,,,,0,1,0,1.0,2,1,0,0.0,20260925T013701Z
2026,1,REG,2026_01_NO_DET,202609130det,GillSk00,Skyler Gill-Howard,DET,NO,0,0,0,,,,,,,,,,0,2,0,0.0,2,3,0,0.0,20260925T013701Z
2026,1,REG,2026_01_NO_DET,202609130det,WonnDJ00,D.J. Wonnum,DET,NO,0,0,0,,,,,,,,,,0,1,0,0.0,1,3,0,0.0,20260925T013701Z
2026,1,REG,2026_01_NO_DET,202609130det,NowaTr00,Trevor Nowaske,DET,NO,0,0,0,,,,,,,,,,1,0,0,0.0,0,1,0,0.0,20260925T013701Z
2026,1,REG,2026_01_NO_DET,202609130det,McKiKo00,Kool-Aid McKinstry,NO,DET,0,7,4,0.571,42,10.5,6.0,0,74.7,7.6,27,15.0,0,0,0,0.0,0,7,0,0.0,20260925T013701Z
2026,1,REG,2026_01_NO_DET,202609130det,RileQu00,Quincy Riley,NO,DET,0,8,3,0.375,51,17.0,6.4,2,99.5,9.6,45,6.0,0,0,0,0.0,0,3,1,0.25,20260925T013701Z
2026,1,REG,2026_01_NO_DET,202609130det,EmerMa00,Martin Emerson,NO,DET,0,2,2,1.0,13,6.5,6.5,0,93.7,6.0,12,1.0,0,0,0,0.0,0,2,0,0.0,20260925T013701Z
2026,1,REG,2026_01_NO_DET,202609130det,BlacJu01,Julian Blackmon,NO,DET,0,2,1,0.5,19,19.0,9.5,1,122.9,28.0,16,3.0,0,0,0,0.0,0,6,0,0.0,20260925T013701Z
2026,1,REG,2026_01_NO_DET,202609130det,GranCa01,Carl Granderson,NO,DET,0,0,0,,,,,,,,,,0,0,0,1.0,1,2,0,0.0,20260925T013701Z
2026,1,REG,2026_01_NO_DET,202609130det,JennAn00,Anfernee Jennings,NO,DET,0,0,0,,,,,,,,,,0,1,0,0.0,1,1,0,0.0,20260925T013701Z
2026,1,REG,2026_01_NO_DET,202609130det,ShepNa00,Nathan Shepherd,NO,DET,0,0,0,,,,,,,,,,0,0,1,0.0,1,3,1,0.25,20260925T013701Z
2026,1,REG,2026_01_NO_DET,202609130det,YounCh04,Chase Young,NO,DET,0,0,0,,,,,,,,,,0,0,1,0.0,1,0,0,,20260925T013701Z
2026,1,REG,2026_01_NO_DET,202609130det,WilsTy01,Tyree Wilson,NO,DET,0,0,0,,,,,,,,,,0,0,0,0.0,0,2,1,0.333,20260925T013701Z
2026,1,REG,2026_01_BUF_HOU,202609130htx,BullCa00,Calen Bullock,HOU,BUF,0,5,2,0.4,30,15.0,6.0,0,60.4,19.8,27,3.0,0,0,0,0.0,0,6,1,0.143,20260925T013701Z
2026,1,REG,2026_01_BUF_HOU,202609130htx,PitrJa00,Jalen Pitre,HOU,BUF,0,2,2,1.0,19,9.5,9.5,0,106.2,6.0,12,7.0,1,0,0,0.0,0,6,0,0.0,20260925T013701Z
2026,1,REG,2026_01_BUF_HOU,202609130htx,ClowJa00,Jadeveon Clowney,HOU,BUF,0,0,0,,,,,,,,,,0,0,1,1.0,2,1,1,0.5,20260925T013701Z
2026,1,REG,2026_01_BUF_HOU,202609130htx,EdwaMa01,Mario Edwards,HOU,BUF,0,0,0,,,,,,,,,,0,0,0,0.5,1,1,0,0.0,20260925T013701Z
2026,1,REG,2026_01_BUF_HOU,202609130htx,BenfCh00,Christian Benford,BUF,HOU,0,11,7,0.636,75,10.7,6.8,1,113.8,12.2,63,12.0,0,0,0,0.0,0,5,1,0.167,20260925T013701Z
2026,1,REG,2026_01_BUF_HOU,202609130htx,BishCo00,Cole Bishop,BUF,HOU,0,4,4,1.0,33,8.3,8.3,0,101.0,1.8,7,26.0,0,0,0,0.0,0,7,1,0.125,20260925T013701Z
2026,1,REG,2026_01_BUF_HOU,202609130htx,WillDo04,Dorian Williams,BUF,HOU,0,2,2,1.0,10,5.0,5.0,1,127.1,3.0,6,4.0,0,0,0,0.0,0,9,1,0.1,20260925T013701Z
2026,1,REG,2026_01_BUF_HOU,202609130htx,HairMa00,Maxwell Hairston,BUF,HOU,0,3,2,0.667,34,17.0,11.3,0,104.9,11.0,28,6.0,0,0,0,0.0,0,3,0,0.0,20260925T013701Z
2026,1,REG,2026_01_BUF_HOU,202609130htx,AlfoDe00,DeAundre Alford,BUF,HOU,0,5,2,0.4,23,11.5,4.6,0,54.6,8.2,6,17.0,0,0,0,0.0,0,2,0,0.0,20260925T013701Z
2026,1,REG,2026_01_BUF_HOU,202609130htx,WalkDe04,Deone Walker,BUF,HOU,0,1,1,1.0,-2,-2.0,-2.0,0,79.2,-2.0,-2,0.0,0,0,0,1.0,1,6,0,0.0,20260925T013701Z
2026,1,REG,2026_01_BUF_HOU,202609130htx,GardCh00,C.J. Gardner-Johnson,BUF,HOU,0,2,1,0.5,37,37.0,18.5,0,95.8,18.0,36,1.0,0,0,0,0.0,0,8,2,0.2,20260925T013701Z
2026,1,REG,2026_01_BUF_HOU,202609130htx,ElarKa00,Kaleb Elarms-Orr,BUF,HOU,0,1,1,1.0,9,9.0,9.0,0,104.2,6.0,6,3.0,1,0,0,0.0,0,2,0,0.0,20260925T013701Z
2026,1,REG,2026_01_BUF_HOU,202609130htx,RousGr00,Gregory Rousseau,BUF,HOU,0,1,0,0.0,,,0.0,,39.6,6.0,,,0,0,3,2.0,5,4,0,0.0,20260925T013701Z
2026,1,REG,2026_01_BUF_HOU,202609130htx,ChubBr00,Bradley Chubb,BUF,HOU,0,0,0,,,,,,,,,,1,1,1,0.0,2,4,0,0.0,20260925T013701Z
2026,1,REG,2026_01_BUF_HOU,202609130htx,DortGr01,Greg Dortch,BUF,HOU,0,0,0,,,,,,,,,,0,0,0,0.0,0,0,1,1.0,20260925T013701Z
2026,1,REG,2026_01_BUF_HOU,202609130htx,GainGr00,Greg Gaines,BUF,HOU,0,0,0,,,,,,,,,,0,0,0,0.0,0,2,1,0.333,20260925T013701Z
2026,1,REG,2026_01_BUF_HOU,202609130htx,CartDe03,DeWayne Carter,BUF,HOU,0,0,0,,,,,,,,,,0,0,0,0.0,0,2,1,0.333,20260925T013701Z
2026,1,REG,2026_01_BAL_IND,202609130clt,BynuCa00,Camryn Bynum,IND,BAL,0,5,3,0.6,88,29.3,17.6,0,104.2,9.8,46,42.0,2,0,0,0.0,0,7,0,0.0,20260925T013701Z
2026,1,REG,2026_01_BAL_IND,202609130clt,DaviAk01,Akeem Davis-Gaither,IND,BAL,0,2,2,1.0,30,15.0,15.0,0,118.7,3.0,6,24.0,1,0,0,0.0,0,8,1,0.111,20260925T013701Z
2026,1,REG,2026_01_BAL_IND,202609130clt,BoetBr00,Bryce Boettcher,IND,BAL,0,2,2,1.0,27,13.5,13.5,0,118.7,5.5,11,16.0,0,0,0,0.0,0,7,1,0.125,20260925T013701Z
2026,1,REG,2026_01_BAL_IND,202609130clt,LatuLa00,Laiatu Latu,IND,BAL,0,0,0,,,,,,,,,,0,0,0,0.5,1,6,0,0.0,20260925T013701Z
2026,1,REG,2026_01_BAL_IND,202609130clt,KeyxAr00,Arden Key,IND,BAL,0,0,0,,,,,,,,,,0,0,0,0.5,1,5,1,0.167,20260925T013701Z
2026,1,REG,2026_01_BAL_IND,202609130clt,BuckDe00,DeForest Buckner,IND,BAL,0,0,0,,,,,,,,,,0,0,0,0.5,1,2,0,0.0,20260925T013701Z
2026,1,REG,2026_01_BAL_IND,202609130clt,MartKe03,Keyon Martin,BAL,IND,0,3,3,1.0,23,7.7,7.7,1,138.2,3.7,11,12.0,0,0,0,0.0,0,2,0,0.0,20260925T013701Z
2026,1,REG,2026_01_BAL_IND,202609130clt,StarMa00,Malaki Starks,BAL,IND,0,3,2,0.667,61,30.5,20.3,0,109.7,6.3,19,42.0,2,0,1,1.0,2,7,1,0.125,20260925T013701Z
2026,1,REG,2026_01_BAL_IND,202609130clt,WiggNa00,Nate Wiggins,BAL,IND,0,3,1,0.333,9,9.0,3.0,0,42.4,14.0,6,3.0,0,0,0,0.0,0,4,0,0.0,20260925T013701Z
2026,1,REG,2026_01_BAL_IND,202609130clt,SimpTr00,Trenton Simpson,BAL,IND,0,2,1,0.5,3,3.0,1.5,0,56.2,1.0,-1,4.0,0,0,0,0.0,0,4,1,0.2,20260925T013701Z
2026,1,REG,2026_01_CLE_JAX,202609130jax,OluoFo00,Foyesade Oluokun,JAX,CLE,1,7,5,0.714,48,9.6,6.9,0,50.6,4.1,17,31.0,2,0,0,0.0,0,4,0,0.0,20260925T013701Z
2026,1,REG,2026_01_CLE_JAX,202609130jax,MillVe00,Ventrell Miller,JAX,CLE,0,2,2,1.0,19,9.5,9.5,0,106.2,3.0,6,13.0,3,0,0,1.0,1,10,1,0.091,20260925T013701Z
2026,1,REG,2026_01_CLE_JAX,202609130jax,JohnAn07,Antonio Johnson,JAX,CLE,0,3,2,0.667,20,10.0,6.7,0,85.4,2.0,3,17.0,2,1,0,0.0,1,4,0,0.0,20260925T013701Z
2026,1,REG,2026_01_CLE_JAX,202609130jax,BrowMo00,Montaric Brown,JAX,CLE,0,4,2,0.5,59,29.5,14.8,1,135.4,17.5,57,2.0,0,0,0,0.0,0,5,0,0.0,20260925T013701Z
2026,1,REG,2026_01_CLE_JAX,202609130jax,AlleJo03,Josh Hines-Allen,JAX,CLE,0,1,1,1.0,5,5.0,5.0,0,87.5,-2.0,-2,7.0,0,2,0,1.5,4,5,2,0.286,20260925T013701Z
2026,1,REG,2026_01_CLE_JAX,202609130jax,LewiJo01,Jourdan Lewis,JAX,CLE,0,2,1,0.5,30,30.0,15.0,0,95.8,11.0,22,8.0,2,0,0,0.0,0,3,0,0.0,20260925T013701Z
2026,1,REG,2026_01_CLE_JAX,202609130jax,HuntTr00,Travis Hunter,JAX,CLE,0,1,1,1.0,4,4.0,4.0,0,83.3,4.0,4,0.0,0,0,0,0.0,0,1,0,0.0,20260925T013701Z
2026,1,REG,2026_01_CLE_JAX,202609130jax,WalkTr03,Travon Walker,JAX,CLE,0,0,0,,,,,,,,,,0,0,1,1.5,3,2,0,0.0,20260925T013701Z
2026,1,REG,2026_01_CLE_JAX,202609130jax,HamiDa02,DaVon Hamilton,JAX,CLE,0,0,0,,,,,,,,,,0,0,1,0.0,1,2,1,0.333,20260925T013701Z
2026,1,REG,2026_01_CLE_JAX,202609130jax,GardDe01,Dennis Gardeck,JAX,CLE,0,2,0,0.0,30,,15.0,0,79.2,3.5,7,23.0,1,0,1,0.0,1,2,1,0.333,20260925T013701Z
2026,1,REG,2026_01_CLE_JAX,202609130jax,JoneJa14,Jarrian Jones,JAX,CLE,0,3,0,0.0,,,0.0,,39.6,34.0,,,0,0,0,0.0,0,0,1,1.0,20260925T013701Z
2026,1,REG,2026_01_CLE_JAX,202609130jax,HardMy00,Myles Harden,CLE,JAX,0,5,5,1.0,62,12.4,12.4,1,157.9,7.8,39,23.0,0,0,0,0.0,0,2,1,0.333,20260925T013701Z
2026,1,REG,2026_01_CLE_JAX,202609130jax,SchwCa00,Carson Schwesinger,CLE,JAX,0,2,2,1.0,36,18.0,18.0,1,158.3,4.5,9,27.0,2,0,1,0.0,1,10,2,0.167,20260925T013701Z
2026,1,REG,2026_01_CLE_JAX,202609130jax,DelpGr00,Grant Delpit,CLE,JAX,0,3,1,0.333,12,12.0,4.0,0,46.5,16.7,16,-4.0,0,0,0,0.0,0,3,1,0.25,20260925T013701Z
2026,1,REG,2026_01_CLE_JAX,202609130jax,CollMa00,Maliek Collins,CLE,JAX,0,0,0,,,,,,,,,,0,0,1,0.0,1,0,2,1.0,20260925T013701Z
2026,1,REG,2026_01_CLE_JAX,202609130jax,WillSa00,Sam Williams,CLE,JAX,0,0,0,,,,,,,,,,0,0,0,0.0,0,4,1,0.2,20260925T013701Z
2026,1,REG,2026_01_CLE_JAX,202609130jax,MascEa00,Easton Mascarenas-Arnold,CLE,JAX,0,0,0,,,,,,,,,,1,0,0,0.0,0,3,0,0.0,20260925T013701Z
2026,1,REG,2026_01_ATL_PIT,202609130pit,WilsPa00,Payton Wilson,PIT,ATL,0,8,6,0.75,66,11.0,8.3,0,99.0,0.3,3,63.0,0,0,0,0.0,0,13,2,0.133,20260925T013701Z
2026,1,REG,2026_01_ATL_PIT,202609130pit,RamsJa00,Jalen Ramsey,PIT,ATL,0,4,2,0.5,30,15.0,7.5,1,114.6,6.3,-9,39.0,1,0,0,0.0,0,4,1,0.2,20260925T013701Z
2026,1,REG,2026_01_ATL_PIT,202609130pit,SamuAs00,Asante Samuel Jr.,PIT,ATL,0,3,1,0.333,21,21.0,7.0,0,59.0,17.3,18,3.0,0,0,0,0.0,0,1,2,0.667,20260925T013701Z
2026,1,REG,2026_01_ATL_PIT,202609130pit,DeabDi00,Divine Deablo,ATL,PIT,0,6,5,0.833,78,15.6,13.0,0,118.7,8.5,46,32.0,1,0,0,0.0,0,7,1,0.125,20260925T013701Z
2026,1,REG,2026_01_ATL_PIT,202609130pit,HughMi00,Mike Hughes,ATL,PIT,0,8,4,0.5,50,12.5,6.3,1,109.4,15.6,34,16.0,0,0,0,0.0,0,3,3,0.5,20260925T013701Z
2026,1,REG,2026_01_ATL_PIT,202609130pit,BateJe00,Jessie Bates III,ATL,PIT,0,4,2,0.5,7,3.5,1.8,1,95.8,12.8,2,5.0,1,0,0,0.0,0,6,0,0.0,20260925T013701Z
2026,1,REG,2026_01_ATL_PIT,202609130pit,DaniKe00,Kendal Daniels,ATL,PIT,0,2,2,1.0,11,5.5,5.5,0,89.6,-4.5,-9,20.0,0,0,0,0.0,0,4,2,0.333,20260925T013701Z
2026,1,REG,2026_01_ATL_PIT,202609130pit,WattXa00,Xavier Watts,ATL,PIT,0,4,1,0.25,21,21.0,5.3,0,49.0,12.0,8,13.0,0,0,0,0.0,0,4,1,0.2,20260925T013701Z
2026,1,REG,2026_01_ATL_PIT,202609130pit,TricBr00,Bralen Trice,ATL,PIT,0,1,1,1.0,10,10.0,10.0,0,108.3,5.0,5,5.0,0,0,0,0.0,0,1,1,0.5,20260925T013701Z
2026,1,REG,2026_01_ATL_PIT,202609130pit,EbukSa00,Samson Ebukam,ATL,PIT,0,1,0,0.0,9,,9.0,0,64.6,8.0,8,1.0,0,1,2,0.0,3,1,0,0.0,20260925T013701Z
2026,1,REG,2026_01_ATL_PIT,202609130pit,SmitMa07,Maason Smith,ATL,PIT,0,0,0,,,,,,,,,,0,1,0,0.0,1,0,0,,20260925T013701Z
2026,1,REG,2026_01_ATL_PIT,202609130pit,LondLa00,LaCale London,ATL,PIT,0,0,0,,,,,,,,,,0,1,0,0.0,1,3,0,0.0,20260925T013701Z
2026,1,REG,2026_01_ATL_PIT,202609130pit,FordMi01,Mike Ford,ATL,PIT,0,0,0,,,,,,,,,,0,0,1,0.0,1,2,0,0.0,20260925T013701Z
2026,1,REG,2026_01_ATL_PIT,202609130pit,DorlBr00,Brandon Dorlus,ATL,PIT,0,0,0,,,,,,,,,,0,1,0,0.0,1,3,0,0.0,20260925T013701Z
2026,1,REG,2026_01_ATL_PIT,202609130pit,DextGe00,Gervon Dexter,ATL,PIT,0,0,0,,,,,,,,,,0,1,0,0.0,1,3,0,0.0,20260925T013701Z
2026,1,REG,2026_01_ATL_PIT,202609130pit,HendCJ00,C.J. Henderson,ATL,PIT,0,2,0,0.0,,,0.0,,39.6,30.0,,,0,0,0,0.0,0,1,0,0.0,20260925T013701Z
2026,1,REG,2026_01_NYJ_TEN,202609130oti,HarrMa10,Marcus Harris,TEN,NYJ,0,5,4,0.8,47,11.8,9.4,0,105.8,5.2,22,25.0,1,0,0,0.0,0,7,2,0.222,20260925T013701Z
2026,1,REG,2026_01_NYJ_TEN,202609130oti,HillAn01,Anthony Hill,TEN,NYJ,0,4,2,0.5,16,8.0,4.0,0,60.4,1.5,3,13.0,1,0,0,0.0,0,16,1,0.059,20260925T013701Z
2026,1,REG,2026_01_NYJ_TEN,202609130oti,FlotCo00,Cordale Flott,TEN,NYJ,0,2,2,1.0,40,20.0,20.0,0,118.7,20.0,40,0.0,0,0,0,0.0,0,3,0,0.0,20260925T013701Z
2026,1,REG,2026_01_NYJ_TEN,202609130oti,TaylAl01,Alontae Taylor,TEN,NYJ,0,2,1,0.5,9,9.0,4.5,0,62.5,11.0,6,3.0,1,0,0,0.0,0,6,1,0.143,20260925T013701Z
2026,1,REG,2026_01_NYJ_TEN,202609130oti,WinsKe02,Kevin Winston,TEN,NYJ,0,1,1,1.0,6,6.0,6.0,0,91.7,5.0,5,1.0,2,0,0,0.0,0,10,0,0.0,20260925T013701Z
2026,1,REG,2026_01_NYJ_TEN,202609130oti,BartCo00,Cody Barton,TEN,NYJ,0,1,1,1.0,4,4.0,4.0,0,83.3,1.0,1,3.0,2,0,0,0.0,0,3,0,0.0,20260925T013701Z
2026,1,REG,2026_01_NYJ_TEN,202609130oti,MartJa02,Jacob Martin,TEN,NYJ,0,0,0,,,,,,,,,,0,0,1,0.0,1,0,1,1.0,20260925T013701Z
2026,1,REG,2026_01_NYJ_TEN,202609130oti,OladOl00,Oluwafemi Oladejo,TEN,NYJ,0,0,0,,,,,,,,,,0,0,0,0.0,0,3,1,0.25,20260925T013701Z
2026,1,REG,2026_01_NYJ_TEN,202609130oti,FranJo02,John Franklin-Myers,TEN,NYJ,0,0,0,,,,,,,,,,0,0,0,0.0,0,3,1,0.25,20260925T013701Z
2026,1,REG,2026_01_NYJ_TEN,202609130oti,ThomAz00,Azareye'h Thomas,NYJ,TEN,0,8,7,0.875,40,5.7,5.0,1,127.1,4.0,12,28.0,1,0,0,0.0,0,5,1,0.167,20260925T013701Z
2026,1,REG,2026_01_NYJ_TEN,202609130oti,CiscAn00,Andre Cisco,NYJ,TEN,0,5,4,0.8,39,9.8,7.8,0,99.2,5.8,18,21.0,1,0,0,0.0,0,6,0,0.0,20260925T013701Z
2026,1,REG,2026_01_NYJ_TEN,202609130oti,SherJa00,Jamien Sherwood,NYJ,TEN,0,2,2,1.0,12,6.0,6.0,0,91.7,2.5,5,7.0,5,2,0,0.0,2,4,1,0.2,20260925T013701Z
2026,1,REG,2026_01_NYJ_TEN,202609130oti,DaviDe00,Demario Davis,NYJ,TEN,0,5,2,0.4,20,10.0,4.0,0,52.1,5.8,4,16.0,1,0,0,0.0,0,8,0,0.0,20260925T013701Z
2026,1,REG,2026_01_NYJ_TEN,202609130oti,EnagKi00,Kingsley Enagbare,NYJ,TEN,0,1,1,1.0,9,9.0,9.0,0,104.2,8.0,8,1.0,2,1,0,1.0,2,2,1,0.333,20260925T013701Z
2026,1,REG,2026_01_NYJ_TEN,202609130oti,OnyeDa00,David Onyemata,NYJ,TEN,0,0,0,,,,,,,,,,0,2,1,0.0,3,0,0,,20260925T013701Z
2026,1,REG,2026_01_NYJ_TEN,202609130oti,McDoWi00,Will McDonald,NYJ,TEN,0,0,0,,,,,,,,,,0,2,0,1.0,3,1,0,0.0,20260925T013701Z
2026,1,REG,2026_01_ARI_LAC,202609130sdg,HartCa00,Cam Hart,LAC,ARI,0,6,5,0.833,70,14.0,11.7,0,115.3,13.5,55,15.0,0,0,0,0.0,0,6,0,0.0,20260925T013701Z
2026,1,REG,2026_01_ARI_LAC,202609130sdg,HenlDa00,Daiyan Henley,LAC,ARI,0,3,3,1.0,31,10.3,10.3,0,109.7,3.3,10,21.0,6,0,0,0.5,1,8,1,0.111,20260925T013701Z
2026,1,REG,2026_01_ARI_LAC,202609130sdg,MoldEl00,Elijah Molden,LAC,ARI,0,4,2,0.5,44,22.0,11.0,0,89.6,13.0,32,12.0,0,0,0,0.0,0,5,0,0.0,20260925T013701Z
2026,1,REG,2026_01_ARI_LAC,202609130sdg,TuipTu00,Tuli Tuipulotu,LAC,ARI,0,1,1,1.0,11,11.0,11.0,0,112.5,2.0,2,9.0,0,0,3,0.0,3,5,1,0.167,20260925T013701Z
2026,1,REG,2026_01_ARI_LAC,202609130sdg,JeffTo00,Tony Jefferson,LAC,ARI,0,2,1,0.5,4,4.0,2.0,0,56.2,-2.0,-6,10.0,0,0,0,0.0,0,3,0,0.0,20260925T013701Z
2026,1,REG,2026_01_ARI_LAC,202609130sdg,SmitGe01,Genesis Smith,LAC,ARI,0,2,1,0.5,5,5.0,2.5,0,56.2,3.0,4,1.0,0,0,0,0.0,0,5,0,0.0,20260925T013701Z
2026,1,REG,2026_01_ARI_LAC,202609130sdg,TartTe00,Teair Tart,LAC,ARI,0,1,1,1.0,4,4.0,4.0,0,83.3,0.0,0,4.0,0,0,0,0.0,0,2,0,0.0,20260925T013701Z
2026,1,REG,2026_01_ARI_LAC,202609130sdg,BurkDe01,Denzel Burke,ARI,LAC,0,5,4,0.8,41,10.3,8.2,0,100.8,9.2,36,5.0,0,0,0,0.0,0,4,0,0.0,20260925T013701Z
2026,1,REG,2026_01_ARI_LAC,202609130sdg,JohnWi02,Will Johnson,ARI,LAC,0,7,4,0.571,70,17.5,10.0,1,131.0,11.7,63,7.0,0,0,0,0.0,0,4,0,0.0,20260925T013701Z
2026,1,REG,2026_01_ARI_LAC,202609130sdg,MeltMa00,Max Melton,ARI,LAC,0,5,2,0.4,22,11.0,4.4,0,53.7,7.0,10,12.0,0,0,0,0.0,0,1,1,0.5,20260925T013701Z
2026,1,REG,2026_01_ARI_LAC,202609130sdg,BakeBu00,Budda Baker,ARI,LAC,0,1,1,1.0,11,11.0,11.0,0,112.5,11.0,11,0.0,3,0,0,0.5,1,5,1,0.167,20260925T013701Z
2026,1,REG,2026_01_ARI_LAC,202609130sdg,SweaJo00,Josh Sweat,ARI,LAC,0,0,0,,,,,,,,,,0,1,0,0.0,1,2,0,0.0,20260925T013701Z
2026,1,REG,2026_01_ARI_LAC,202609130sdg,RobiDa01,Darius Robinson,ARI,LAC,0,0,0,,,,,,,,,,0,1,0,0.0,1,1,0,0.0,20260925T013701Z
2026,1,REG,2026_01_ARI_LAC,202609130sdg,NoleWa00,Walter Nolen,ARI,LAC,0,0,0,,,,,,,,,,0,1,0,0.0,1,1,0,0.0,20260925T013701Z
2026,1,REG,2026_01_ARI_LAC,202609130sdg,LeotEk00,Eku Leota,ARI,LAC,0,0,0,,,,,,,,,,0,0,1,0.0,1,0,0,,20260925T013701Z
2026,1,REG,2026_01_ARI_LAC,202609130sdg,ClarKe02,Kei'Trel Clark,ARI,LAC,0,2,0,0.0,,,0.0,,39.6,12.5,,,0,0,0,0.0,0,0,0,,20260925T013701Z
2026,1,REG,2026_01_ARI_LAC,202609130sdg,WingAn01,Andrew Wingard,ARI,LAC,1,1,0,0.0,,,0.0,,0.0,0.0,,,0,0,0,0.0,0,4,1,0.2,20260925T013701Z
2026,1,REG,2026_01_MIA_LV,202609130rai,DeanNa00,Nakobe Dean,LV,MIA,0,2,2,1.0,29,14.5,14.5,0,118.7,5.5,11,18.0,0,0,0,1.0,1,6,1,0.143,20260925T013701Z
2026,1,REG,2026_01_MIA_LV,202609130rai,JohnTa01,Taron Johnson,LV,MIA,0,4,2,0.5,54,27.0,13.5,0,95.8,9.5,36,18.0,1,0,0,0.0,0,3,0,0.0,20260925T013701Z
2026,1,REG,2026_01_MIA_LV,202609130rai,KoonMa00,Malcolm Koonce,LV,MIA,0,1,1,1.0,12,12.0,12.0,0,116.7,-2.0,-2,14.0,0,0,0,0.0,0,1,1,0.5,20260925T013701Z
2026,1,REG,2026_01_MIA_LV,202609130rai,PortDa00,Darien Porter,LV,MIA,0,5,1,0.2,25,25.0,5.0,0,47.9,25.0,22,3.0,0,0,0,0.0,0,2,0,0.0,20260925T013701Z
2026,1,REG,2026_01_MIA_LV,202609130rai,ChinJe00,Jeremy Chinn,LV,MIA,0,1,1,1.0,12,12.0,12.0,0,116.7,7.0,7,5.0,0,0,0,0.0,0,5,1,0.167,20260925T013701Z
2026,1,REG,2026_01_MIA_LV,202609130rai,CrosMa00,Maxx Crosby,LV,MIA,0,0,0,,,,,,,,,,0,5,1,1.5,8,2,1,0.333,20260925T013701Z
2026,1,REG,2026_01_MIA_LV,202609130rai,PayeKw00,Kwity Paye,LV,MIA,0,0,0,,,,,,,,,,0,2,1,2.0,6,6,0,0.0,20260925T013701Z
2026,1,REG,2026_01_MIA_LV,202609130rai,HemiTo00,Tonka Hemingway,LV,MIA,0,0,0,,,,,,,,,,0,2,0,0.0,2,4,0,0.0,20260925T013701Z
2026,1,REG,2026_01_MIA_LV,202609130rai,MassHe00,Hezekiah Masses,LV,MIA,0,1,0,0.0,,,0.0,,39.6,14.0,,,0,0,0,0.0,0,0,0,,20260925T013701Z
2026,1,REG,2026_01_MIA_LV,202609130rai,BrooJo01,Jordyn Brooks,MIA,LV,0,5,4,0.8,32,8.0,6.4,1,132.9,4.2,21,11.0,4,0,1,0.0,1,9,0,0.0,20260925T013701Z
2026,1,REG,2026_01_MIA_LV,202609130rai,BrenJu00,Julius Brents,MIA,LV,0,2,2,1.0,11,5.5,5.5,0,89.6,4.0,8,3.0,0,0,0,0.0,0,4,0,0.0,20260925T013701Z
2026,1,REG,2026_01_MIA_LV,202609130rai,GayJWi00,Willie Gay Jr.,MIA,LV,0,2,2,1.0,14,7.0,7.0,0,95.8,0.5,1,13.0,1,0,0,0.0,0,1,0,0.0,20260925T013701Z
2026,1,REG,2026_01_MIA_LV,202609130rai,MarsJa00,Jason Marshall,MIA,LV,0,2,2,1.0,11,5.5,5.5,0,89.6,5.5,11,0.0,0,0,0,0.0,0,4,0,0.0,20260925T013701Z
2026,1,REG,2026_01_MIA_LV,202609130rai,RobiCh00,Chop Robinson,MIA,LV,0,0,0,,,,,,,,,,0,1,0,0.0,1,1,0,0.0,20260925T013701Z
2026,1,REG,2026_01_MIA_LV,202609130rai,TradDa00,Dante Trader,MIA,LV,1,0,0,,,,,,,,,,0,0,0,0.0,0,3,1,0.25,20260925T013701Z
2026,1,REG,2026_01_MIA_LV,202609130rai,SielZa00,Zach Sieler,MIA,LV,0,1,0,0.0,5,,5.0,0,47.9,-3.0,-3,8.0,0,0,0,0.0,0,3,0,0.0,20260925T013701Z
2026,1,REG,2026_01_GB_MIN,202609130min,MurpBy00,Byron Murphy,MIN,GB,0,11,7,0.636,100,14.3,9.1,0,93.0,12.2,83,17.0,1,0,0,0.0,0,8,1,0.111,20260925T013701Z
2026,1,REG,2026_01_GB_MIN,202609130min,MeteJo00,Josh Metellus,MIN,GB,0,7,4,0.571,96,24.0,13.7,0,101.8,13.4,61,35.0,6,0,0,0.0,0,4,0,0.0,20260925T013701Z
2026,1,REG,2026_01_GB_MIN,202609130min,JackTh00,Theo Jackson,MIN,GB,0,2,2,1.0,83,41.5,41.5,2,158.3,9.0,18,65.0,0,0,0,0.0,0,2,0,0.0,20260925T013701Z
2026,1,REG,2026_01_GB_MIN,202609130min,VanGAn00,Andrew Van Ginkel,MIN,GB,0,3,1,0.333,13,13.0,4.3,0,47.9,6.0,13,0.0,18,0,0,1.5,2,3,0,0.0,20260925T013701Z
2026,1,REG,2026_01_GB_MIN,202609130min,TurnDa01,Dallas Turner,MIN,GB,0,0,0,,,,,,,,,,25,1,6,1.0,8,2,0,0.0,20260925T013701Z
2026,1,REG,2026_01_GB_MIN,202609130min,RedmJa01,Jalen Redmond,MIN,GB,0,0,0,,,,,,,,,,0,2,0,0.0,2,4,0,0.0,20260925T013701Z
2026,1,REG,2026_01_GB_MIN,202609130min,RodrLe00,Levi Drake Rodriguez,MIN,GB,0,0,0,,,,,,,,,,0,0,1,1.0,2,3,0,0.0,20260925T013701Z
2026,1,REG,2026_01_GB_MIN,202609130min,IngrTy00,Tyrion Ingram-Dawkins,MIN,GB,0,0,0,,,,,,,,,,0,2,0,0.0,2,2,0,0.0,20260925T013701Z
2026,1,REG,2026_01_GB_MIN,202609130min,VanNKy00,Kyle Van Noy,MIN,GB,0,0,0,,,,,,,,,,15,0,0,0.0,0,1,0,0.0,20260925T013701Z
2026,1,REG,2026_01_GB_MIN,202609130min,FranZa00,Zaire Franklin,GB,MIN,0,3,2,0.667,13,6.5,4.3,0,75.7,2.7,12,1.0,4,0,1,0.0,1,4,1,0.2,20260925T013701Z
2026,1,REG,2026_01_GB_MIN,202609130min,McKiXa00,Xavier McKinney,GB,MIN,0,2,2,1.0,29,14.5,14.5,1,158.3,14.5,29,0.0,0,0,0,0.0,0,3,0,0.0,20260925T013701Z
2026,1,REG,2026_01_GB_MIN,202609130min,ValeCa00,Carrington Valentine,GB,MIN,0,1,1,1.0,9,9.0,9.0,1,143.7,-2.0,-2,11.0,0,0,0,0.0,0,0,1,1.0,20260925T013701Z
2026,1,REG,2026_01_GB_MIN,202609130min,FordJo00,Jonathan Ford,GB,MIN,0,0,0,,,,,,,,,,0,0,0,0.5,1,4,0,0.0,20260925T013701Z
2026,1,REG,2026_01_GB_MIN,202609130min,SorrBa00,Barryn Sorrell,GB,MIN,0,0,0,,,,,,,,,,0,1,0,0.0,1,3,0,0.0,20260925T013701Z
2026,1,REG,2026_01_GB_MIN,202609130min,WyatDe00,Devonte Wyatt,GB,MIN,0,1,0,0.0,,,0.0,,39.6,0.0,,,0,0,0,0.0,0,3,0,0.0,20260925T013701Z
2026,1,REG,2026_01_WAS_PHI,202609130phi,BaunZa00,Zack Baun,PHI,WAS,0,7,3,0.429,-2,-0.7,-0.3,0,50.3,3.3,-17,15.0,4,1,0,0.0,1,12,2,0.143,20260925T013701Z
2026,1,REG,2026_01_WAS_PHI,202609130phi,EppsMa00,Marcus Epps,PHI,WAS,0,3,3,1.0,27,9.0,9.0,0,104.2,5.7,17,10.0,0,0,0,0.0,0,7,0,0.0,20260925T013701Z
2026,1,REG,2026_01_WAS_PHI,202609130phi,CampJi00,Jihaad Campbell,PHI,WAS,0,2,1,0.5,33,33.0,16.5,0,95.8,15.5,28,5.0,4,1,0,1.0,2,9,1,0.1,20260925T013701Z
2026,1,REG,2026_01_WAS_PHI,202609130phi,MukuAn00,Andrew Mukuba,PHI,WAS,0,1,1,1.0,15,15.0,15.0,0,118.7,13.0,13,2.0,0,0,0,0.0,0,1,0,0.0,20260925T013701Z
2026,1,REG,2026_01_WAS_PHI,202609130phi,DaviJo03,Jordan Davis,PHI,WAS,0,1,1,1.0,5,5.0,5.0,0,87.5,-4.0,-4,9.0,0,0,0,0.0,0,8,0,0.0,20260925T013701Z
2026,1,REG,2026_01_WAS_PHI,202609130phi,CartJa05,Jalen Carter,PHI,WAS,0,0,0,,,,,,,,,,0,1,0,0.0,1,3,1,0.25,20260925T013701Z
2026,1,REG,2026_01_WAS_PHI,202609130phi,McWiMa01,Mac McWilliams,PHI,WAS,0,0,0,,,,,,,,,,0,0,0,0.0,0,0,1,1.0,20260925T013701Z
2026,1,REG,2026_01_WAS_PHI,202609130phi,HuntJa02,Jalyx Hunt,PHI,WAS,0,0,0,,,,,,,,,,6,0,0,0.0,0,3,2,0.4,20260925T013701Z
2026,1,REG,2026_01_WAS_PHI,202609130phi,ChaiKL00,K'Lavon Chaisson,WAS,PHI,0,3,2,0.667,7,3.5,2.3,0,70.1,2.0,1,6.0,8,1,2,0.0,3,0,2,1.0,20260925T013701Z
2026,1,REG,2026_01_WAS_PHI,202609130phi,ReavJe00,Jeremy Reaves,WAS,PHI,0,3,2,0.667,81,40.5,27.0,1,149.3,18.7,60,21.0,0,0,0,0.0,0,5,0,0.0,20260925T013701Z
2026,1,REG,2026_01_WAS_PHI,202609130phi,LuvuFr00,Frankie Luvu,WAS,PHI,0,1,1,1.0,8,8.0,8.0,0,100.0,6.0,6,2.0,2,0,0,1.0,1,4,0,0.0,20260925T013701Z
2026,1,REG,2026_01_WAS_PHI,202609130phi,MartJa04,Quan Martin,WAS,PHI,0,1,1,1.0,12,12.0,12.0,0,116.7,11.0,11,1.0,0,0,0,0.0,0,3,0,0.0,20260925T013701Z
2026,1,REG,2026_01_WAS_PHI,202609130phi,SainMi00,Mike Sainristil,WAS,PHI,0,2,1,0.5,9,9.0,4.5,1,102.1,14.5,9,0.0,1,0,0,0.0,0,5,0,0.0,20260925T013701Z
2026,1,REG,2026_01_WAS_PHI,202609130phi,KinlJa00,Javon Kinlaw,WAS,PHI,0,0,0,,,,,,,,,,0,1,0,0.0,1,2,0,0.0,20260925T013701Z
2026,1,REG,2026_01_WAS_PHI,202609130phi,OwehJa00,Odafe Oweh,WAS,PHI,0,0,0,,,,,,,,,,9,0,0,1.0,1,3,0,0.0,20260925T013701Z
2026,1,REG,2026_01_WAS_PHI,202609130phi,JeanJa00,Javontae Jean-Baptiste,WAS,PHI,0,0,0,,,,,,,,,,1,0,0,0.0,0,1,0,0.0,20260925T013701Z
2026,1,REG,2026_01_WAS_PHI,202609130phi,JoseJo00,Joshua Josephs,WAS,PHI,0,0,0,,,,,,,,,,3,0,0,0.0,0,0,0,,20260925T013701Z
2026,1,REG,2026_01_DAL_NYG,202609130nyg,BankDe00,Deonte Banks,NYG,DAL,0,7,4,0.571,23,5.8,3.3,1,103.0,7.7,15,8.0,0,0,0,0.0,0,4,1,0.2,20260925T013701Z
2026,1,REG,2026_01_DAL_NYG,202609130nyg,ReesAr00,Arvell Reese,NYG,DAL,0,3,3,1.0,20,6.7,6.7,1,134.0,-0.7,-2,22.0,0,0,1,0.0,1,5,0,0.0,20260925T013701Z
2026,1,REG,2026_01_DAL_NYG,202609130nyg,PhilAn02,Andru Phillips,NYG,DAL,0,4,3,0.75,22,7.3,5.5,0,87.5,0.5,5,17.0,0,0,0,0.0,0,2,1,0.333,20260925T013701Z
2026,1,REG,2026_01_DAL_NYG,202609130nyg,AdebPa00,Paulson Adebo,NYG,DAL,0,3,2,0.667,25,12.5,8.3,0,92.4,22.3,26,-1.0,0,0,0,0.0,0,3,0,0.0,20260925T013701Z
2026,1,REG,2026_01_DAL_NYG,202609130nyg,NubiTy00,Tyler Nubin,NYG,DAL,0,3,1,0.333,12,12.0,4.0,0,46.5,12.3,12,0.0,0,0,0,0.0,0,3,0,0.0,20260925T013701Z
2026,1,REG,2026_01_DAL_NYG,202609130nyg,ThibKa00,Kayvon Thibodeaux,NYG,DAL,0,0,0,,,,,,,,,,0,1,1,0.0,2,2,1,0.333,20260925T013701Z
2026,1,REG,2026_01_DAL_NYG,202609130nyg,CartAb00,Abdul Carter,NYG,DAL,0,0,0,,,,,,,,,,3,0,1,0.0,1,3,0,0.0,20260925T013701Z
2026,1,REG,2026_01_DAL_NYG,202609130nyg,WintDe00,Dee Winters,DAL,NYG,0,3,3,1.0,33,11.0,11.0,0,112.5,5.0,15,18.0,0,0,0,0.0,0,4,0,0.0,20260925T013701Z
2026,1,REG,2026_01_DAL_NYG,202609130nyg,BarhJa01,Jaishawn Barham,DAL,NYG,0,2,2,1.0,2,1.0,1.0,1,118.7,-4.5,-9,11.0,0,0,0,0.0,0,6,1,0.143,20260925T013701Z
2026,1,REG,2026_01_DAL_NYG,202609130nyg,ThomJa04,Jalen Thompson,DAL,NYG,0,3,2,0.667,22,11.0,7.3,0,88.2,4.7,-2,24.0,0,0,0,0.0,0,9,1,0.1,20260925T013701Z
2026,1,REG,2026_01_DAL_NYG,202609130nyg,LockPJ00,P.J. Locke,DAL,NYG,0,2,2,1.0,27,13.5,13.5,1,158.3,13.0,26,1.0,0,0,0,0.0,0,2,0,0.0,20260925T013701Z
2026,1,REG,2026_01_DAL_NYG,202609130nyg,DownCa00,Caleb Downs,DAL,NYG,0,1,1,1.0,5,5.0,5.0,0,87.5,5.0,5,0.0,2,0,0,1.0,1,8,1,0.111,20260925T013701Z
2026,1,REG,2026_01_DAL_NYG,202609130nyg,HookMa00,Malik Hooker,DAL,NYG,0,1,1,1.0,13,13.0,13.0,0,118.7,10.0,10,3.0,0,0,0,0.0,0,1,0,0.0,20260925T013701Z
2026,1,REG,2026_01_DAL_NYG,202609130nyg,WillQu00,Quinnen Williams,DAL,NYG,0,0,0,,,,,,,,,,0,0,1,0.0,1,2,0,0.0,20260925T013701Z
2026,1,REG,2026_01_DAL_NYG,202609130nyg,BullJo00,Jonathan Bullard,DAL,NYG,0,0,0,,,,,,,,,,0,0,0,0.5,1,2,0,0.0,20260925T013701Z
2026,1,REG,2026_01_DEN_KC,202609140kan,SneeLJ00,L'Jarius Sneed,KC,DEN,0,8,7,0.875,38,5.4,4.8,0,86.5,-1.0,2,36.0,2,0,0,0.0,0,8,1,0.111,20260925T013701Z
2026,1,REG,2026_01_DEN_KC,202609140kan,KarlGe00,George Karlaftis III,KC,DEN,0,3,3,1.0,26,8.7,8.7,0,102.8,-2.0,-6,32.0,0,0,3,0.0,3,3,1,0.25,20260925T013701Z
2026,1,REG,2026_01_DEN_KC,202609140kan,HarrMa08,Marcus Harris,KC,DEN,0,1,1,1.0,6,6.0,6.0,0,91.7,2.0,2,4.0,0,0,0,0.0,0,1,0,0.0,20260925T013701Z
2026,1,REG,2026_01_DEN_KC,202609140kan,FultKr00,Kristian Fulton,KC,DEN,0,3,1,0.333,5,5.0,1.7,0,42.4,2.3,2,3.0,1,0,0,0.0,0,1,0,0.0,20260925T013701Z
2026,1,REG,2026_01_DEN_KC,202609140kan,BoltNi00,Nick Bolton,KC,DEN,0,0,0,,,,,,,,,,8,1,0,0.0,1,4,1,0.2,20260925T013701Z
2026,1,REG,2026_01_DEN_KC,202609140kan,AnudFe00,Felix Anudike-Uzomah,KC,DEN,0,1,0,0.0,,,0.0,,39.6,4.0,,,0,0,0,1.0,1,1,0,0.0,20260925T013701Z
2026,1,REG,2026_01_DEN_KC,202609140kan,DelaMa00,Mansoor Delane,KC,DEN,1,1,0,0.0,,,0.0,,0.0,17.0,,,1,0,0,0.0,0,0,0,,20260925T013701Z
2026,1,REG,2026_01_DEN_KC,202609140kan,CochJa00,Jack Cochrane,KC,DEN,0,1,0,0.0,,,0.0,,39.6,7.0,,,0,0,0,0.0,0,1,0,0.0,20260925T013701Z
2026,1,REG,2026_01_DEN_KC,202609140kan,TranDr00,Drue Tranquill,KC,DEN,0,1,0,0.0,,,0.0,,39.6,-3.0,,,5,0,0,0.0,0,7,0,0.0,20260925T013701Z
2026,1,REG,2026_01_DEN_KC,202609140kan,SingAl00,Alex Singleton,DEN,KC,0,7,3,0.429,40,13.3,5.7,0,61.6,2.4,4,36.0,1,0,0,0.0,0,16,4,0.2,20260925T013701Z
2026,1,REG,2026_01_DEN_KC,202609140kan,McMiJa00,Ja'Quan McMillian,DEN,KC,0,4,2,0.5,64,32.0,16.0,0,95.8,4.8,4,60.0,0,0,0,0.0,0,1,3,0.75,20260925T013701Z
2026,1,REG,2026_01_DEN_KC,202609140kan,TillDo00,Dondrea Tillman,DEN,KC,0,3,2,0.667,7,3.5,2.3,1,109.7,1.7,-3,10.0,6,0,0,0.0,0,6,0,0.0,20260925T013701Z
2026,1,REG,2026_01_DEN_KC,202609140kan,SurtPa01,Patrick Surtain II,DEN,KC,0,1,1,1.0,6,6.0,6.0,0,91.7,0.0,0,6.0,0,0,0,0.0,0,3,0,0.0,20260925T013701Z
2026,1,REG,2026_01_DEN_KC,202609140kan,BoniNi00,Nik Bonitto,DEN,KC,0,0,0,,,,,,,,,,5,0,0,0.0,0,2,0,0.0,20260925T013701Z
2026,1,REG,2026_01_DEN_KC,202609140kan,StrnJu00,Justin Strnad,DEN,KC,0,0,0,,,,,,,,,,2,0,0,0.0,0,3,2,0.4,20260925T013701Z
2026,1,REG,2026_01_DEN_KC,202609140kan,JoneBr06,Brandon Jones,DEN,KC,1,0,0,,,,,,,,,,1,0,0,0.0,0,5,3,0.375,20260925T013701Z
2026,1,REG,2026_01_DEN_KC,202609140kan,JoneD.01,D.J. Jones,DEN,KC,0,0,0,,,,,,,,,,0,0,0,0.0,0,1,4,0.8,20260925T013701Z
2026,2,REG,2026_02_DET_BUF,202609170buf,BernTe00,Terrel Bernard,BUF,DET,0,7,6,0.857,59,9.8,8.4,0,101.8,4.6,14,45.0,3,0,0,0.0,0,5,3,0.375,20260925T013701Z
2026,2,REG,2026_02_DET_BUF,202609170buf,HancJo00,Jordan Hancock,BUF,DET,0,4,4,1.0,51,12.8,12.8,0,118.7,6.5,26,25.0,0,0,0,0.0,0,5,0,0.0,20260925T013701Z
2026,2,REG,2026_02_DET_BUF,202609170buf,BishCo00,Cole Bishop,BUF,DET,0,5,3,0.6,26,8.7,5.2,1,113.3,8.0,18,8.0,1,0,0,0.0,0,6,0,0.0,20260925T013701Z
2026,2,REG,2026_02_DET_BUF,202609170buf,RousGr00,Gregory Rousseau,BUF,DET,0,0,0,,,,,,,,,,0,2,0,2.0,4,3,1,0.25,20260925T013701Z
2026,2,REG,2026_02_DET_BUF,202609170buf,WalkDe04,Deone Walker,BUF,DET,0,0,0,,,,,,,,,,0,0,3,0.0,3,1,0,0.0,20260925T013701Z
2026,2,REG,2026_02_DET_BUF,202609170buf,ChubBr00,Bradley Chubb,BUF,DET,0,0,0,,,,,,,,,,0,0,0,1.5,2,4,1,0.2,20260925T013701Z
2026,2,REG,2026_02_DET_BUF,202609170buf,HoecMi00,Michael Hoecht,BUF,DET,0,0,0,,,,,,,,,,2,0,0,0.5,1,1,0,0.0,20260925T013701Z
2026,2,REG,2026_02_DET_BUF,202609170buf,ParkTJ00,T.J. Parker,BUF,DET,0,0,0,,,,,,,,,,1,0,0,0.0,0,1,0,0.0,20260925T013701Z
2026,2,REG,2026_02_DET_BUF,202609170buf,Ya-SRo00,Rock Ya-Sin,DET,BUF,0,6,4,0.667,29,7.3,4.8,0,77.8,16.0,27,2.0,2,0,0,0.0,0,6,0,0.0,20260925T013701Z
2026,2,REG,2026_02_DET_BUF,202609170buf,WhitDe02,Devin White,DET,BUF,0,4,4,1.0,42,10.5,10.5,0,110.4,4.3,17,25.0,1,0,0,0.0,0,6,0,0.0,20260925T013701Z
2026,2,REG,2026_02_DET_BUF,202609170buf,MaddAv00,Avonte Maddox,DET,BUF,0,2,2,1.0,65,32.5,32.5,1,158.3,22.0,44,21.0,2,1,0,0.0,1,3,0,0.0,20260925T013701Z
2026,2,REG,2026_02_DET_BUF,202609170buf,HutcAi00,Aidan Hutchinson,DET,BUF,0,0,0,,,,,,,,,,6,0,1,1.0,2,3,0,0.0,20260925T013701Z
2026,2,REG,2026_02_DET_BUF,202609170buf,NowaTr00,Trevor Nowaske,DET,BUF,0,0,0,,,,,,,,,,0,0,1,0.0,1,2,0,0.0,20260925T013701Z
2026,2,REG,2026_02_DET_BUF,202609170buf,GillSk00,Skyler Gill-Howard,DET,BUF,0,0,0,,,,,,,,,,0,0,1,0.0,1,1,0,0.0,20260925T013701Z
2026,2,REG,2026_02_DET_BUF,202609170buf,McCrRo01,Roger McCreary,DET,BUF,0,2,0,0.0,,,0.0,,39.6,3.5,,,1,0,0,0.0,0,0,0,,20260925T013701Z
2026,2,REG,2026_02_DET_BUF,202609170buf,MoorDe03,Derrick Moore,DET,BUF,0,0,0,,,,,,,,,,1,0,0,0.0,0,0,0,,20260925T013701Z
2026,2,REG,2026_02_CAR_ATL,202609200atl,HughMi00,Mike Hughes,ATL,CAR,0,4,3,0.75,74,24.7,18.5,0,116.7,13.0,54,20.0,0,0,0,0.0,0,5,0,0.0,20260925T013701Z
2026,2,REG,2026_02_CAR_ATL,202609200atl,DeabDi00,Divine Deablo,ATL,CAR,0,2,2,1.0,11,5.5,5.5,0,89.6,4.0,8,3.0,1,0,1,0.0,1,2,0,0.0,20260925T013701Z
2026,2,REG,2026_02_CAR_ATL,202609200atl,BateJe00,Jessie Bates III,ATL,CAR,0,3,2,0.667,38,19.0,12.7,1,149.3,17.3,33,5.0,1,0,0,0.0,0,6,0,0.0,20260925T013701Z
2026,2,REG,2026_02_CAR_ATL,202609200atl,ThomCa03,Cameron Thomas,ATL,CAR,0,1,1,1.0,14,14.0,14.0,0,118.7,7.0,7,7.0,0,1,1,0.5,3,4,0,0.0,20260925T013701Z
2026,2,REG,2026_02_CAR_ATL,202609200atl,SmitZa00,Za'Darius Smith,ATL,CAR,0,0,0,,,,,,,,,,0,3,0,0.5,4,2,0,0.0,20260925T013701Z
2026,2,REG,2026_02_CAR_ATL,202609200atl,DextGe00,Gervon Dexter,ATL,CAR,0,0,0,,,,,,,,,,0,0,0,0.5,1,2,0,0.0,20260925T013701Z
2026,2,REG,2026_02_CAR_ATL,202609200atl,TerrAJ00,AJ Terrell,ATL,CAR,0,2,0,0.0,26,,13.0,0,79.2,11.5,21,5.0,0,0,0,0.0,0,1,0,0.0,20260925T013701Z
2026,2,REG,2026_02_CAR_ATL,202609200atl,LloyDe00,Devin Lloyd,CAR,ATL,2,6,3,0.5,37,12.3,6.2,0,29.9,6.0,10,27.0,3,0,0,1.0,1,9,0,0.0,20260925T013701Z
2026,2,REG,2026_02_CAR_ATL,202609200atl,JackMi01,Michael Jackson,CAR,ATL,0,4,3,0.75,14,4.7,3.5,0,79.2,0.3,0,14.0,0,0,0,0.0,0,3,0,0.0,20260925T013701Z
2026,2,REG,2026_02_CAR_ATL,202609200atl,LeexWi00,Will Lee,CAR,ATL,0,6,2,0.333,22,11.0,3.7,0,45.1,9.0,4,18.0,1,0,0,0.0,0,2,0,0.0,20260925T013701Z
2026,2,REG,2026_02_CAR_ATL,202609200atl,PhilJa02,Jaelan Phillips,CAR,ATL,0,0,0,,,,,,,,,,0,1,1,1.0,3,2,0,0.0,20260925T013701Z
2026,2,REG,2026_02_CAR_ATL,202609200atl,IncoTh00,Thomas Incoom,CAR,ATL,0,0,0,,,,,,,,,,0,1,0,0.0,1,2,0,0.0,20260925T013701Z
2026,2,REG,2026_02_CAR_ATL,202609200atl,UmanPr00,Princely Umanmielen,CAR,ATL,0,0,0,,,,,,,,,,0,1,0,0.0,1,2,0,0.0,20260925T013701Z
2026,2,REG,2026_02_CAR_ATL,202609200atl,RansLa00,Lathan Ransom,CAR,ATL,0,2,0,0.0,,,0.0,,39.6,6.5,,,0,0,0,0.0,0,4,1,0.2,20260925T013701Z
2026,2,REG,2026_02_NO_BAL,202609200rav,WiggNa00,Nate Wiggins,BAL,NO,0,7,5,0.714,36,7.2,5.1,0,83.0,5.4,30,6.0,1,1,0,0.0,1,6,0,0.0,20260925T013701Z
2026,2,REG,2026_02_NO_BAL,202609200rav,HumpMa00,Marlon Humphrey,BAL,NO,0,8,5,0.625,71,14.2,8.9,1,130.7,11.3,68,3.0,1,0,0,0.0,0,4,0,0.0,20260925T013701Z
2026,2,REG,2026_02_NO_BAL,202609200rav,StarMa00,Malaki Starks,BAL,NO,0,4,4,1.0,47,11.8,11.8,1,155.2,8.3,33,14.0,0,0,0,0.0,0,4,1,0.2,20260925T013701Z
2026,2,REG,2026_02_NO_BAL,202609200rav,RiveCh00,Chandler Rivers,BAL,NO,0,4,3,0.75,11,3.7,2.8,0,77.1,7.0,7,4.0,1,0,0,0.0,0,2,0,0.0,20260925T013701Z
2026,2,REG,2026_02_NO_BAL,202609200rav,RobiTa00,Tavius Robinson,BAL,NO,0,1,1,1.0,25,25.0,25.0,0,118.7,3.0,3,22.0,0,0,0,1.0,1,2,1,0.333,20260925T013701Z
2026,2,REG,2026_02_NO_BAL,202609200rav,SmitRo07,Roquan Smith,BAL,NO,0,2,1,0.5,12,12.0,6.0,0,68.7,-3.5,-7,19.0,5,0,0,0.0,0,8,0,0.0,20260925T013701Z
2026,2,REG,2026_02_NO_BAL,202609200rav,HendTr00,Trey Hendrickson,BAL,NO,0,0,0,,,,,,,,,,0,0,0,1.0,1,3,1,0.25,20260925T013701Z
2026,2,REG,2026_02_NO_BAL,202609200rav,CampCa99,Calais Campbell,BAL,NO,0,0,0,,,,,,,,,,0,0,0,0.0,0,1,2,0.667,20260925T013701Z
2026,2,REG,2026_02_NO_BAL,202609200rav,JoneTr00,Travis Jones,BAL,NO,0,0,0,,,,,,,,,,0,0,0,0.0,0,1,2,0.667,20260925T013701Z
2026,2,REG,2026_02_NO_BAL,202609200rav,WernPe00,Pete Werner,NO,BAL,0,9,7,0.778,65,9.3,7.2,0,96.8,4.2,38,27.0,4,0,0,1.0,1,11,0,0.0,20260925T013701Z
2026,2,REG,2026_02_NO_BAL,202609200rav,McKiKo00,Kool-Aid McKinstry,NO,BAL,0,5,3,0.6,58,19.3,11.6,1,140.0,20.2,58,0.0,0,0,0,0.0,0,3,0,0.0,20260925T013701Z
2026,2,REG,2026_02_NO_BAL,202609200rav,ElliKa00,Kaden Elliss,NO,BAL,0,4,2,0.5,14,7.0,3.5,0,58.3,8.3,12,2.0,7,1,2,0.0,3,6,0,0.0,20260925T013701Z
2026,2,REG,2026_02_NO_BAL,202609200rav,BlacJu01,Julian Blackmon,NO,BAL,1,3,1,0.333,22,22.0,7.3,1,60.4,22.0,22,0.0,1,0,0,0.0,0,2,0,0.0,20260925T013701Z
2026,2,REG,2026_02_NO_BAL,202609200rav,SankJo00,Jonas Sanker,NO,BAL,0,3,1,0.333,15,15.0,5.0,0,50.7,15.0,0,15.0,0,0,0,0.0,0,3,0,0.0,20260925T013701Z
2026,2,REG,2026_02_NO_BAL,202609200rav,RumpCh00,Chris Rumph,NO,BAL,0,1,1,1.0,20,20.0,20.0,0,118.7,-4.0,-4,24.0,0,0,0,0.0,0,1,1,0.5,20260925T013701Z
2026,2,REG,2026_02_NO_BAL,202609200rav,YounCh04,Chase Young,NO,BAL,0,0,0,,,,,,,,,,0,1,0,1.5,3,2,0,0.0,20260925T013701Z
2026,2,REG,2026_02_NO_BAL,202609200rav,ShepNa00,Nathan Shepherd,NO,BAL,0,0,0,,,,,,,,,,0,0,0,0.5,1,4,2,0.333,20260925T013701Z
2026,2,REG,2026_02_MIN_CHI,202609200chi,EdwaTJ02,T.J. Edwards,CHI,MIN,0,4,3,0.75,17,5.7,4.3,0,82.3,-3.5,-9,26.0,0,0,0,0.0,0,4,0,0.0,20260925T013701Z
2026,2,REG,2026_02_MIN_CHI,202609200chi,BushDe01,Devin Bush Jr.,CHI,MIN,0,2,1,0.5,7,7.0,3.5,0,58.3,6.5,4,3.0,0,0,0,0.0,0,4,0,0.0,20260925T013701Z
2026,2,REG,2026_02_MIN_CHI,202609200chi,StevTy01,Tyrique Stevenson,CHI,MIN,0,4,1,0.25,30,30.0,7.5,0,58.3,15.8,30,0.0,0,0,0,0.0,0,5,0,0.0,20260925T013701Z
2026,2,REG,2026_02_MIN_CHI,202609200chi,ThieDi00,Dillon Thieneman,CHI,MIN,0,3,1,0.333,24,24.0,8.0,0,63.2,11.0,5,19.0,0,0,0,0.0,0,7,0,0.0,20260925T013701Z
2026,2,REG,2026_02_MIN_CHI,202609200chi,OdeyDa00,Dayo Odeyingbo,CHI,MIN,0,0,0,,,,,,,,,,0,0,1,1.0,2,1,0,0.0,20260925T013701Z
2026,2,REG,2026_02_MIN_CHI,202609200chi,BookAu00,Austin Booker,CHI,MIN,0,0,0,,,,,,,,,,0,0,0,1.0,1,1,0,0.0,20260925T013701Z
2026,2,REG,2026_02_MIN_CHI,202609200chi,SmitHa00,Harrison Smith,MIN,CHI,0,2,2,1.0,10,5.0,5.0,0,87.5,3.0,6,4.0,0,1,0,0.0,1,3,0,0.0,20260925T013701Z
2026,2,REG,2026_02_MIN_CHI,202609200chi,RodgIs00,Isaiah Rodgers,MIN,CHI,0,4,2,0.5,53,26.5,13.3,0,95.8,8.0,16,37.0,0,0,0,0.0,0,4,1,0.2,20260925T013701Z
2026,2,REG,2026_02_MIN_CHI,202609200chi,PierJa01,James Pierre,MIN,CHI,0,4,2,0.5,14,7.0,3.5,0,58.3,5.3,10,4.0,0,0,0,0.0,0,2,0,0.0,20260925T013701Z
2026,2,REG,2026_02_MIN_CHI,202609200chi,CashBl00,Blake Cashman,MIN,CHI,0,2,1,0.5,7,7.0,3.5,0,58.3,2.5,-2,9.0,0,0,0,1.0,1,10,0,0.0,20260925T013701Z
2026,2,REG,2026_02_MIN_CHI,202609200chi,JackTh00,Theo Jackson,MIN,CHI,0,1,1,1.0,15,15.0,15.0,0,118.7,15.0,15,0.0,0,0,0,0.0,0,3,0,0.0,20260925T013701Z
2026,2,REG,2026_02_MIN_CHI,202609200chi,ThomJa08,Jacob Thomas,MIN,CHI,0,1,0,0.0,,,0.0,,39.6,24.0,,,0,0,0,0.0,0,1,0,0.0,20260925T013701Z
2026,2,REG,2026_02_CIN_HOU,202609200htx,PitrJa00,Jalen Pitre,HOU,CIN,0,5,2,0.4,38,19.0,7.6,0,67.1,5.2,16,22.0,3,1,0,0.0,1,4,1,0.2,20260925T013701Z
2026,2,REG,2026_02_CIN_HOU,202609200htx,AndeWi01,Will Anderson,HOU,CIN,0,2,1,0.5,4,4.0,2.0,0,56.2,1.0,2,2.0,0,0,1,1.0,2,8,0,0.0,20260925T013701Z
2026,2,REG,2026_02_CIN_HOU,202609200htx,SmitJa11,Jaylin Smith,HOU,CIN,0,1,1,1.0,16,16.0,16.0,0,118.7,7.0,7,9.0,0,0,0,0.0,0,1,0,0.0,20260925T013701Z
2026,2,REG,2026_02_CIN_HOU,202609200htx,HallLo00,Logan Hall,HOU,CIN,0,0,0,,,,,,,,,,0,1,1,1.0,3,3,1,0.25,20260925T013701Z
2026,2,REG,2026_02_CIN_HOU,202609200htx,HuntDa01,Danielle Hunter,HOU,CIN,0,0,0,,,,,,,,,,0,0,0,1.0,1,1,1,0.5,20260925T013701Z
2026,2,REG,2026_02_CIN_HOU,202609200htx,HarsSa00,Sabastian Harsh,HOU,CIN,0,0,0,,,,,,,,,,0,0,0,0.5,1,2,0,0.0,20260925T013701Z
2026,2,REG,2026_02_CIN_HOU,202609200htx,EdwaMa01,Mario Edwards,HOU,CIN,0,0,0,,,,,,,,,,0,0,0,0.5,1,4,1,0.2,20260925T013701Z
2026,2,REG,2026_02_CIN_HOU,202609200htx,HansJa01,Jake Hansen,HOU,CIN,0,2,0,0.0,,,0.0,,39.6,-1.0,,,1,0,0,0.0,0,5,0,0.0,20260925T013701Z
2026,2,REG,2026_02_CIN_HOU,202609200htx,KnigDe00,Demetrius Knight,CIN,HOU,0,12,8,0.667,102,12.8,8.5,0,93.1,7.1,75,27.0,3,1,1,0.0,2,12,1,0.077,20260925T013701Z
2026,2,REG,2026_02_CIN_HOU,202609200htx,HillDa04,Daxton Hill,CIN,HOU,0,15,6,0.4,93,15.5,6.2,0,61.2,11.1,45,48.0,0,0,0,0.0,0,10,1,0.091,20260925T013701Z
2026,2,REG,2026_02_CIN_HOU,202609200htx,TurnDJ01,DJ Turner,CIN,HOU,0,8,4,0.5,40,10.0,5.0,0,64.6,9.4,39,1.0,0,0,0,0.0,0,5,0,0.0,20260925T013701Z
2026,2,REG,2026_02_CIN_HOU,202609200htx,CartBa00,Barrett Carter,CIN,HOU,0,8,4,0.5,63,15.8,7.9,0,76.6,5.5,20,43.0,1,0,0,0.0,0,5,1,0.167,20260925T013701Z
2026,2,REG,2026_02_CIN_HOU,202609200htx,MurpMy00,Myles Murphy,CIN,HOU,0,1,1,1.0,9,9.0,9.0,0,104.2,3.0,3,6.0,0,2,0,0.0,2,1,0,0.0,20260925T013701Z
2026,2,REG,2026_02_CIN_HOU,202609200htx,BattJo00,Jordan Battle,CIN,HOU,0,6,1,0.167,39,39.0,6.5,0,54.2,10.2,35,4.0,1,0,0,0.0,0,8,1,0.111,20260925T013701Z
2026,2,REG,2026_02_CIN_HOU,202609200htx,MafeBo00,Boye Mafe,CIN,HOU,0,1,0,0.0,,,0.0,,39.6,1.0,,,0,1,0,0.0,1,2,0,0.0,20260925T013701Z
2026,2,REG,2026_02_CIN_HOU,202609200htx,GileJo01,Joe Giles-Harris,CIN,HOU,0,0,0,,,,,,,,,,1,0,0,0.0,0,1,0,0.0,20260925T013701Z
2026,2,REG,2026_02_PIT_NE,202609200nwe,ElliCh00,Christian Elliss,NE,PIT,0,8,5,0.625,83,16.6,10.4,0,97.4,1.8,19,64.0,11,1,0,1.0,2,12,0,0.0,20260925T013701Z
2026,2,REG,2026_02_PIT_NE,202609200nwe,GonzCh00,Christian Gonzalez,NE,PIT,0,10,5,0.5,23,4.6,2.3,0,56.2,6.2,12,11.0,0,0,0,0.0,0,4,1,0.2,20260925T013701Z
2026,2,REG,2026_02_PIT_NE,202609200nwe,JoneMa06,Marcus Jones,NE,PIT,0,4,2,0.5,32,16.0,8.0,0,77.1,13.0,14,18.0,2,0,0,0.0,0,2,1,0.333,20260925T013701Z
2026,2,REG,2026_02_PIT_NE,202609200nwe,ByarKe01,Kevin Byard,NE,PIT,0,2,2,1.0,19,9.5,9.5,0,106.2,4.0,8,11.0,2,0,0,0.0,0,4,0,0.0,20260925T013701Z
2026,2,REG,2026_02_PIT_NE,202609200nwe,PondEl02,Elijah Ponder,NE,PIT,0,1,1,1.0,9,9.0,9.0,0,104.2,0.0,0,9.0,0,0,1,1.0,2,5,0,0.0,20260925T013701Z
2026,2,REG,2026_02_PIT_NE,202609200nwe,WoodCr00,Craig Woodson,NE,PIT,0,2,1,0.5,9,9.0,4.5,0,62.5,2.5,1,8.0,3,1,0,0.0,1,7,0,0.0,20260925T013701Z
2026,2,REG,2026_02_PIT_NE,202609200nwe,ReedJa04,Jaylen Reed,NE,PIT,0,1,1,1.0,2,2.0,2.0,0,79.2,1.0,1,1.0,1,0,0,0.0,0,2,0,0.0,20260925T013701Z
2026,2,REG,2026_02_PIT_NE,202609200nwe,FarmJo00,Joshua Farmer,NE,PIT,0,0,0,,,,,,,,,,0,1,0,1.0,2,2,1,0.333,20260925T013701Z
2026,2,REG,2026_02_PIT_NE,202609200nwe,JacaGa00,Gabe Jacas,NE,PIT,1,0,0,,,,,,,,,,0,0,1,0.0,1,3,2,0.4,20260925T013701Z
2026,2,REG,2026_02_PIT_NE,202609200nwe,HutcQu00,Quintayvious Hutchins,NE,PIT,0,0,0,,,,,,,,,,0,1,0,0.0,1,3,0,0.0,20260925T013701Z
2026,2,REG,2026_02_PIT_NE,202609200nwe,JoneDr00,Dre'Mont Jones,NE,PIT,0,1,0,0.0,,,0.0,,39.6,-1.0,,,0,0,0,0.0,0,1,0,0.0,20260925T013701Z
2026,2,REG,2026_02_PIT_NE,202609200nwe,SamuAs00,Asante Samuel Jr.,PIT,NE,0,7,3,0.429,115,38.3,16.4,0,89.9,13.0,82,33.0,0,0,0,0.0,0,5,1,0.167,20260925T013701Z
2026,2,REG,2026_02_PIT_NE,202609200nwe,BrisJa01,Jaquan Brisker,PIT,NE,0,3,2,0.667,39,19.5,13.0,0,109.7,7.0,21,18.0,3,0,0,0.0,0,6,1,0.143,20260925T013701Z
2026,2,REG,2026_02_PIT_NE,202609200nwe,RamsJa00,Jalen Ramsey,PIT,NE,0,1,1,1.0,3,3.0,3.0,0,79.2,-2.0,-2,5.0,5,1,0,0.0,1,5,1,0.167,20260925T013701Z
2026,2,REG,2026_02_PIT_NE,202609200nwe,JenkRa00,Rayshawn Jenkins,PIT,NE,0,4,1,0.25,73,73.0,18.3,0,79.2,22.8,56,17.0,0,0,0,0.0,0,5,0,0.0,20260925T013701Z
2026,2,REG,2026_02_PIT_NE,202609200nwe,HerbNi00,Nick Herbig,PIT,NE,0,1,1,1.0,-2,-2.0,-2.0,0,79.2,-2.0,-2,0.0,0,0,0,0.0,0,7,0,0.0,20260925T013701Z
2026,2,REG,2026_02_PIT_NE,202609200nwe,WattT.00,T.J. Watt,PIT,NE,0,0,0,,,,,,,,,,0,1,0,1.5,3,4,0,0.0,20260925T013701Z
2026,2,REG,2026_02_GB_NYJ,202609200nyj,StepBr01,Brandon Stephens,NYJ,GB,0,7,5,0.714,52,10.4,7.4,0,92.6,6.9,21,31.0,1,0,0,0.0,0,4,0,0.0,20260925T013701Z
2026,2,REG,2026_02_GB_NYJ,202609200nyj,SherJa00,Jamien Sherwood,NYJ,GB,0,4,2,0.5,11,5.5,2.8,1,95.8,0.8,-7,18.0,3,0,0,0.0,0,6,0,0.0,20260925T013701Z
2026,2,REG,2026_02_GB_NYJ,202609200nyj,BrigJo00,Jowon Briggs,NYJ,GB,0,0,0,,,,,,,,,,0,0,0,1.0,1,4,1,0.2,20260925T013701Z
2026,2,REG,2026_02_GB_NYJ,202609200nyj,NixoKe00,Keisean Nixon,GB,NYJ,0,12,8,0.667,85,10.6,7.1,0,87.2,10.0,52,33.0,1,0,0,0.0,0,7,0,0.0,20260925T013701Z
2026,2,REG,2026_02_GB_NYJ,202609200nyj,BullJa00,Javon Bullard,GB,NYJ,0,7,3,0.429,23,7.7,3.3,0,51.5,15.3,15,8.0,4,1,0,0.0,1,7,0,0.0,20260925T013701Z
2026,2,REG,2026_02_GB_NYJ,202609200nyj,CissBr00,Brandon Cisse,GB,NYJ,0,4,3,0.75,23,7.7,5.8,1,128.1,8.5,16,7.0,1,0,0,0.5,1,5,0,0.0,20260925T013701Z
2026,2,REG,2026_02_GB_NYJ,202609200nyj,McKiXa00,Xavier McKinney,GB,NYJ,0,3,2,0.667,20,10.0,6.7,0,85.4,0.7,2,18.0,0,0,0,0.0,0,4,2,0.333,20260925T013701Z
2026,2,REG,2026_02_GB_NYJ,202609200nyj,SorrBa00,Barryn Sorrell,GB,NYJ,0,0,0,,,,,,,,,,0,2,0,0.5,3,5,0,0.0,20260925T013701Z
2026,2,REG,2026_02_CLE_TB,202609200tam,MorrBe00,Benjamin Morrison,TB,CLE,0,10,6,0.6,54,9.0,5.4,0,74.6,5.0,25,29.0,0,0,0,0.0,0,7,1,0.125,20260925T013701Z
2026,2,REG,2026_02_CLE_TB,202609200tam,ScotKe01,Keionte Scott,TB,CLE,0,2,2,1.0,8,4.0,4.0,0,83.3,-1.5,-3,11.0,2,0,0,0.0,0,5,1,0.167,20260925T013701Z
2026,2,REG,2026_02_CLE_TB,202609200tam,SmitTy05,Tykee Smith,TB,CLE,0,3,1,0.333,55,55.0,18.3,1,121.5,4.0,12,43.0,0,0,0,0.0,0,5,1,0.167,20260925T013701Z
2026,2,REG,2026_02_CLE_TB,202609200tam,WalkDa03,David Walker,TB,CLE,0,0,0,,,,,,,,,,0,0,0,1.0,1,1,0,0.0,20260925T013701Z
2026,2,REG,2026_02_CLE_TB,202609200tam,BainRu00,Rueben Bain,TB,CLE,0,0,0,,,,,,,,,,2,0,0,0.0,0,0,0,,20260925T013701Z
2026,2,REG,2026_02_CLE_TB,202609200tam,WardDe02,Denzel Ward,CLE,TB,0,5,3,0.6,21,7.0,4.2,1,109.2,14.4,17,4.0,0,0,0,0.0,0,5,0,0.0,20260925T013701Z
2026,2,REG,2026_02_CLE_TB,202609200tam,DelpGr00,Grant Delpit,CLE,TB,0,4,2,0.5,17,8.5,4.3,0,61.5,10.3,8,9.0,2,0,0,1.0,1,5,0,0.0,20260925T013701Z
2026,2,REG,2026_02_CLE_TB,202609200tam,CampTy01,Tyson Campbell,CLE,TB,0,4,2,0.5,70,35.0,17.5,0,95.8,31.3,63,7.0,0,0,0,0.0,0,5,1,0.167,20260925T013701Z
2026,2,REG,2026_02_CLE_TB,202609200tam,IgbiNo00,Noah Igbinoghene,CLE,TB,0,2,2,1.0,37,18.5,18.5,0,118.7,15.0,30,7.0,0,0,0,0.0,0,2,0,0.0,20260925T013701Z
2026,2,REG,2026_02_CLE_TB,202609200tam,HickRo00,Ronnie Hickman,CLE,TB,0,1,0,0.0,,,0.0,,39.6,22.0,,,1,0,0,1.0,1,3,2,0.4,20260925T013701Z
2026,2,REG,2026_02_CLE_TB,202609200tam,McNeEm00,Emmanuel McNeil-Warren,CLE,TB,0,2,0,0.0,,,0.0,,39.6,32.5,,,0,0,0,0.0,0,3,0,0.0,20260925T013701Z
2026,2,REG,2026_02_PHI_TEN,202609200oti,RobiMi01,Micah Robinson,TEN,PHI,0,5,5,1.0,72,14.4,14.4,1,158.3,13.0,65,7.0,0,0,0,0.0,0,8,0,0.0,20260925T013701Z
2026,2,REG,2026_02_PHI_TEN,202609200oti,HillAn01,Anthony Hill,TEN,PHI,0,7,4,0.571,43,10.8,6.1,0,75.3,3.0,15,28.0,1,0,0,0.0,0,10,0,0.0,20260925T013701Z
2026,2,REG,2026_02_PHI_TEN,202609200oti,BartCo00,Cody Barton,TEN,PHI,0,3,3,1.0,10,3.3,3.3,0,80.6,2.7,8,2.0,2,1,0,0.0,1,4,0,0.0,20260925T013701Z
2026,2,REG,2026_02_PHI_TEN,202609200oti,MartJa02,Jacob Martin,TEN,PHI,0,0,0,,,,,,,,,,0,1,1,1.0,3,1,0,0.0,20260925T013701Z
2026,2,REG,2026_02_PHI_TEN,202609200oti,FranJo02,John Franklin-Myers,TEN,PHI,0,0,0,,,,,,,,,,0,1,1,1.0,3,2,0,0.0,20260925T013701Z
2026,2,REG,2026_02_PHI_TEN,202609200oti,WoolTa00,Riq Woolen,PHI,TEN,0,5,3,0.6,46,15.3,9.2,0,90.4,11.0,36,10.0,0,0,0,0.0,0,3,0,0.0,20260925T013701Z
2026,2,REG,2026_02_PHI_TEN,202609200oti,MitcQu00,Quinyon Mitchell,PHI,TEN,0,5,2,0.4,44,22.0,8.8,0,72.1,8.6,28,16.0,0,0,0,0.0,0,6,0,0.0,20260925T013701Z
2026,2,REG,2026_02_PHI_TEN,202609200oti,BaunZa00,Zack Baun,PHI,TEN,0,1,1,1.0,27,27.0,27.0,0,118.7,-1.0,-1,28.0,2,0,0,0.0,0,4,2,0.333,20260925T013701Z
2026,2,REG,2026_02_PHI_TEN,202609200oti,HuntJa02,Jalyx Hunt,PHI,TEN,0,0,0,,,,,,,,,,0,3,1,0.0,4,5,0,0.0,20260925T013701Z
2026,2,REG,2026_02_PHI_TEN,202609200oti,JoneJo03,Jonathan Jones,PHI,TEN,0,0,0,,,,,,,,,,1,0,0,0.0,0,0,0,,20260925T013701Z
2026,2,REG,2026_02_JAX_DEN,202609200den,McMiJa00,Ja'Quan McMillian,DEN,JAX,0,7,4,0.571,60,15.0,8.6,0,85.4,13.6,53,7.0,0,0,0,0.0,0,4,1,0.2,20260925T013701Z
2026,2,REG,2026_02_JAX_DEN,202609200den,JoneBr06,Brandon Jones,DEN,JAX,0,2,2,1.0,32,16.0,16.0,0,118.7,11.5,23,9.0,0,0,0,0.0,0,5,1,0.167,20260925T013701Z
2026,2,REG,2026_02_JAX_DEN,202609200den,BoniNi00,Nik Bonitto,DEN,JAX,0,0,0,,,,,,,,,,1,0,3,0.0,3,0,0,,20260925T013701Z
2026,2,REG,2026_02_JAX_DEN,202609200den,RoacMa01,Malcolm Roach,DEN,JAX,0,0,0,,,,,,,,,,0,0,1,1.0,2,4,0,0.0,20260925T013701Z
2026,2,REG,2026_02_JAX_DEN,202609200den,TillDo00,Dondrea Tillman,DEN,JAX,0,0,0,,,,,,,,,,2,0,0,0.0,0,2,0,0.0,20260925T013701Z
2026,2,REG,2026_02_JAX_DEN,202609200den,BrowMo00,Montaric Brown,JAX,DEN,0,5,4,0.8,80,20.0,16.0,0,118.7,12.6,56,24.0,0,0,0,0.0,0,4,1,0.2,20260925T013701Z
2026,2,REG,2026_02_JAX_DEN,202609200den,OluoFo00,Foyesade Oluokun,JAX,DEN,0,3,3,1.0,29,9.7,9.7,0,106.9,-2.3,-7,36.0,2,0,0,0.0,0,7,1,0.125,20260925T013701Z
2026,2,REG,2026_02_JAX_DEN,202609200den,HuntTr00,Travis Hunter,JAX,DEN,0,4,3,0.75,32,10.7,8.0,0,97.9,6.3,20,12.0,0,0,0,0.0,0,4,0,0.0,20260925T013701Z
2026,2,REG,2026_02_JAX_DEN,202609200den,JoneJa14,Jarrian Jones,JAX,DEN,0,5,3,0.6,65,21.7,13.0,0,104.2,16.8,58,7.0,0,0,0,0.0,0,2,0,0.0,20260925T013701Z
2026,2,REG,2026_02_JAX_DEN,202609200den,MillVe00,Ventrell Miller,JAX,DEN,0,1,1,1.0,7,7.0,7.0,0,95.8,4.0,4,3.0,2,1,0,0.0,1,7,0,0.0,20260925T013701Z
2026,2,REG,2026_02_JAX_DEN,202609200den,CombBr00,Branson Combs,JAX,DEN,0,2,1,0.5,14,14.0,7.0,0,72.9,7.0,14,0.0,1,0,0,0.0,0,2,0,0.0,20260925T013701Z
2026,2,REG,2026_02_JAX_DEN,202609200den,MurrEr00,Eric Murray,JAX,DEN,0,0,0,,,,,,,,,,1,0,0,0.0,0,2,1,0.333,20260925T013701Z
2026,2,REG,2026_02_JAX_DEN,202609200den,RansCa00,Caleb Ransaw,JAX,DEN,0,1,0,0.0,,,0.0,,39.6,-3.0,,,1,0,0,0.0,0,0,0,,20260925T013701Z
2026,2,REG,2026_02_LV_LAC,202609200sdg,PhilDe00,Del'Shawn Phillips,LAC,LV,0,4,4,1.0,21,5.3,5.3,0,88.5,-2.3,-9,30.0,1,0,0,0.0,0,7,0,0.0,20260925T013701Z
2026,2,REG,2026_02_LV_LAC,202609200sdg,JackDo02,Donte Jackson,LAC,LV,0,2,2,1.0,29,14.5,14.5,0,118.7,11.0,22,7.0,0,0,1,0.0,1,5,0,0.0,20260925T013701Z
2026,2,REG,2026_02_LV_LAC,202609200sdg,MickRJ00,R.J. Mickens,LAC,LV,0,2,2,1.0,16,8.0,8.0,0,100.0,-1.5,-3,19.0,0,0,0,0.0,0,3,1,0.25,20260925T013701Z
2026,2,REG,2026_02_LV_LAC,202609200sdg,ShelRo00,Rodney Shelley,LAC,LV,0,1,1,1.0,13,13.0,13.0,1,158.3,13.0,13,0.0,0,0,0,0.0,0,2,0,0.0,20260925T013701Z
2026,2,REG,2026_02_LV_LAC,202609200sdg,TomlDa00,Dalvin Tomlinson,LAC,LV,0,0,0,,,,,,,,,,0,0,0,0.5,1,4,0,0.0,20260925T013701Z
2026,2,REG,2026_02_LV_LAC,202609200sdg,BarrNi00,Nick Barrett,LAC,LV,0,0,0,,,,,,,,,,0,0,1,0.0,1,1,0,0.0,20260925T013701Z
2026,2,REG,2026_02_LV_LAC,202609200sdg,MesiAk01,Akheem Mesidor,LAC,LV,0,1,0,0.0,,,0.0,,39.6,13.0,,,0,0,0,0.5,1,3,0,0.0,20260925T013701Z
2026,2,REG,2026_02_LV_LAC,202609200sdg,CaldJa00,Jamaree Caldwell,LAC,LV,0,0,0,,,,,,,,,,0,0,0,0.0,0,2,1,0.333,20260925T013701Z
2026,2,REG,2026_02_LV_LAC,202609200sdg,JameDe00,Derwin James,LAC,LV,0,0,0,,,,,,,,,,2,0,0,0.0,0,7,0,0.0,20260925T013701Z
2026,2,REG,2026_02_LV_LAC,202609200sdg,EboiJu00,Justin Eboigbe,LAC,LV,0,0,0,,,,,,,,,,0,0,0,0.0,0,4,1,0.2,20260925T013701Z
2026,2,REG,2026_02_LV_LAC,202609200sdg,PolaIs00,Isaiah Pola-Mao,LV,LAC,0,3,2,0.667,61,30.5,20.3,0,109.7,13.7,20,41.0,0,0,0,0.0,0,4,0,0.0,20260925T013701Z
2026,2,REG,2026_02_LV_LAC,202609200sdg,ChinJe00,Jeremy Chinn,LV,LAC,0,2,2,1.0,29,14.5,14.5,1,158.3,14.0,28,1.0,1,0,0,0.0,0,4,0,0.0,20260925T013701Z
2026,2,REG,2026_02_LV_LAC,202609200sdg,MassHe00,Hezekiah Masses,LV,LAC,2,5,2,0.4,16,8.0,3.2,0,9.2,12.8,8,8.0,0,0,0,0.0,0,5,0,0.0,20260925T013701Z
2026,2,REG,2026_02_LV_LAC,202609200sdg,CrosMa00,Maxx Crosby,LV,LAC,0,0,0,,,,,,,,,,0,1,1,0.0,2,1,0,0.0,20260925T013701Z
2026,2,REG,2026_02_LV_LAC,202609200sdg,HemiTo00,Tonka Hemingway,LV,LAC,0,0,0,,,,,,,,,,0,0,1,0.0,1,3,0,0.0,20260925T013701Z
2026,2,REG,2026_02_LV_LAC,202609200sdg,LaulJo00,Jonah Laulu,LV,LAC,0,0,0,,,,,,,,,,0,0,1,0.0,1,1,0,0.0,20260925T013701Z
2026,2,REG,2026_02_LV_LAC,202609200sdg,EichTo00,Tommy Eichenberg,LV,LAC,0,0,0,,,,,,,,,,0,0,0,0.0,0,3,1,0.25,20260925T013701Z
2026,2,REG,2026_02_LV_LAC,202609200sdg,ButlAd00,Adam Butler,LV,LAC,0,0,0,,,,,,,,,,0,0,0,0.0,0,1,1,0.5,20260925T013701Z
2026,2,REG,2026_02_SEA_ARI,202609200crd,BurkDe01,Denzel Burke,ARI,SEA,0,2,2,1.0,16,8.0,8.0,0,100.0,-5.5,-11,27.0,0,0,0,0.0,0,1,0,0.0,20260925T013701Z
2026,2,REG,2026_02_SEA_ARI,202609200crd,StilDa01,Dante Stills,ARI,SEA,0,1,1,1.0,4,4.0,4.0,0,83.3,1.0,1,3.0,0,0,0,0.0,0,7,0,0.0,20260925T013701Z
2026,2,REG,2026_02_SEA_ARI,202609200crd,ClarKe02,Kei'Trel Clark,ARI,SEA,0,1,1,1.0,9,9.0,9.0,0,104.2,9.0,9,0.0,0,0,0,0.0,0,2,0,0.0,20260925T013701Z
2026,2,REG,2026_02_SEA_ARI,202609200crd,NoleWa00,Walter Nolen,ARI,SEA,0,0,0,,,,,,,,,,0,0,1,0.0,1,2,0,0.0,20260925T013701Z
2026,2,REG,2026_02_SEA_ARI,202609200crd,BurcJo00,Jordan Burch,ARI,SEA,0,0,0,,,,,,,,,,0,1,0,0.0,1,4,0,0.0,20260925T013701Z
2026,2,REG,2026_02_SEA_ARI,202609200crd,ConnHa00,Hayden Conner,ARI,SEA,0,0,0,,,,,,,,,,0,0,0,0.0,0,0,1,1.0,20260925T013701Z
2026,2,REG,2026_02_SEA_ARI,202609200crd,WithDe00,Devon Witherspoon,SEA,ARI,0,6,4,0.667,20,5.0,3.3,0,71.5,1.7,4,16.0,1,0,0,0.0,0,8,0,0.0,20260925T013701Z
2026,2,REG,2026_02_SEA_ARI,202609200crd,ThomDr00,Drake Thomas,SEA,ARI,0,4,4,1.0,23,5.8,5.8,0,90.6,0.8,3,20.0,3,0,0,0.0,0,7,1,0.125,20260925T013701Z
2026,2,REG,2026_02_SEA_ARI,202609200crd,JobeJo00,Josh Jobe,SEA,ARI,0,3,2,0.667,11,5.5,3.7,1,112.5,10.3,10,1.0,2,0,0,0.0,0,1,0,0.0,20260925T013701Z
2026,2,REG,2026_02_SEA_ARI,202609200crd,ThomRo07,Rodney Thomas II,SEA,ARI,0,4,2,0.5,9,4.5,2.3,0,56.2,6.0,0,9.0,0,0,0,0.0,0,0,1,1.0,20260925T013701Z
2026,2,REG,2026_02_SEA_ARI,202609200crd,LawrDe00,DeMarcus Lawrence,SEA,ARI,0,0,0,,,,,,,,,,0,0,1,0.0,1,0,0,,20260925T013701Z
2026,2,REG,2026_02_SEA_ARI,202609200crd,NwosUc00,Uchenna Nwosu,SEA,ARI,0,0,0,,,,,,,,,,0,1,0,0.0,1,1,0,0.0,20260925T013701Z
2026,2,REG,2026_02_SEA_ARI,202609200crd,EmmaNi00,Nick Emmanwori,SEA,ARI,0,1,0,0.0,5,,5.0,0,47.9,3.0,3,2.0,0,0,0,0.0,0,1,0,0.0,20260925T013701Z
2026,2,REG,2026_02_SEA_ARI,202609200crd,PritNe00,Nehemiah Pritchett,SEA,ARI,0,0,0,,,,,,,,,,2,0,0,0.0,0,1,0,0.0,20260925T013701Z
2026,2,REG,2026_02_WAS_DAL,202609200dal,DownCa00,Caleb Downs,DAL,WAS,0,5,4,0.8,36,9.0,7.2,1,136.2,11.0,26,10.0,1,0,0,0.0,0,9,0,0.0,20260925T013701Z
2026,2,REG,2026_02_WAS_DAL,202609200dal,BellMa01,Markquese Bell,DAL,WAS,0,2,2,1.0,44,22.0,22.0,1,158.3,20.0,40,4.0,0,0,0,0.0,0,6,0,0.0,20260925T013701Z
2026,2,REG,2026_02_WAS_DAL,202609200dal,GaryRa00,Rashan Gary,DAL,WAS,0,1,1,1.0,5,5.0,5.0,0,87.5,-1.0,-1,6.0,0,1,0,0.0,1,3,0,0.0,20260925T013701Z
2026,2,REG,2026_02_WAS_DAL,202609200dal,OgboOt00,Otito Ogbonnia,DAL,WAS,0,0,0,,,,,,,,,,0,0,1,0.0,1,0,0,,20260925T013701Z
2026,2,REG,2026_02_WAS_DAL,202609200dal,RobeAm00,Amik Robertson,WAS,DAL,0,8,5,0.625,49,9.8,6.1,0,79.7,5.8,38,11.0,0,0,0,0.0,0,5,2,0.286,20260925T013701Z
2026,2,REG,2026_02_WAS_DAL,202609200dal,DougRa00,Rasul Douglas,WAS,DAL,0,5,4,0.8,52,13.0,10.4,0,110.0,8.0,26,26.0,1,0,0,0.0,0,3,0,0.0,20260925T013701Z
2026,2,REG,2026_02_WAS_DAL,202609200dal,ChenLe00,Leo Chenal,WAS,DAL,0,4,4,1.0,16,4.0,4.0,0,83.3,-1.8,-7,23.0,2,0,0,0.0,0,12,0,0.0,20260925T013701Z
2026,2,REG,2026_02_WAS_DAL,202609200dal,ReavJe00,Jeremy Reaves,WAS,DAL,0,3,3,1.0,24,8.0,8.0,2,139.6,8.0,24,0.0,0,0,0,0.0,0,7,0,0.0,20260925T013701Z
2026,2,REG,2026_02_WAS_DAL,202609200dal,StylSo01,Sonny Styles,WAS,DAL,0,2,2,1.0,12,6.0,6.0,0,91.7,-0.5,-1,13.0,4,1,0,0.0,1,3,0,0.0,20260925T013701Z
2026,2,REG,2026_02_WAS_DAL,202609200dal,CrosNi00,Nick Cross,WAS,DAL,0,1,1,1.0,10,10.0,10.0,1,147.9,10.0,10,0.0,3,1,0,0.0,1,3,0,0.0,20260925T013701Z
2026,2,REG,2026_02_WAS_DAL,202609200dal,ChaiKL00,K'Lavon Chaisson,WAS,DAL,0,0,0,,,,,,,,,,2,1,0,1.0,2,3,1,0.25,20260925T013701Z
2026,2,REG,2026_02_WAS_DAL,202609200dal,PaynDa00,Daron Payne,WAS,DAL,0,0,0,,,,,,,,,,0,1,1,0.0,2,2,0,0.0,20260925T013701Z
2026,2,REG,2026_02_WAS_DAL,202609200dal,OmenCh00,Charles Omenihu,WAS,DAL,0,0,0,,,,,,,,,,0,1,1,0.0,2,0,0,,20260925T013701Z
2026,2,REG,2026_02_WAS_DAL,202609200dal,ButlPe00,Percy Butler,WAS,DAL,0,0,0,,,,,,,,,,1,0,0,0.0,0,0,0,,20260925T013701Z
2026,2,REG,2026_02_MIA_SF,202609200sfo,GreeDr00,Dre Greenlaw,SF,MIA,0,5,5,1.0,40,8.0,8.0,0,100.0,3.2,16,24.0,1,0,0,0.0,0,8,1,0.111,20260925T013701Z
2026,2,REG,2026_02_MIA_SF,202609200sfo,StouUp00,Upton Stout,SF,MIA,0,6,4,0.667,109,27.3,18.2,1,149.3,11.7,58,51.0,1,0,0,0.5,1,5,0,0.0,20260925T013701Z
2026,2,REG,2026_02_MIA_SF,202609200sfo,WarnFr00,Fred Warner,SF,MIA,0,3,2,0.667,25,12.5,8.3,0,92.4,6.7,3,22.0,3,0,0,0.5,1,5,0,0.0,20260925T013701Z
2026,2,REG,2026_02_MIA_SF,202609200sfo,HaltGr00,Gracen Halton,SF,MIA,0,1,0,0.0,,,0.0,,39.6,0.0,,,0,2,0,0.0,2,5,0,0.0,20260925T013701Z
2026,2,REG,2026_02_MIA_SF,202609200sfo,HeigRo00,Romello Height,SF,MIA,0,0,0,,,,,,,,,,0,0,0,1.0,1,1,0,0.0,20260925T013701Z
2026,2,REG,2026_02_MIA_SF,202609200sfo,SiglMa00,Marques Sigle,SF,MIA,0,1,0,0.0,,,0.0,,39.6,4.0,,,1,0,0,1.0,1,7,0,0.0,20260925T013701Z
2026,2,REG,2026_02_MIA_SF,202609200sfo,MustMa00,Malik Mustapha,SF,MIA,0,1,0,0.0,,,0.0,,39.6,24.0,,,0,0,0,0.0,0,1,0,0.0,20260925T013701Z
2026,2,REG,2026_02_MIA_SF,202609200sfo,WallGa00,Garret Wallow,SF,MIA,0,0,0,,,,,,,,,,1,0,0,0.0,0,1,1,0.5,20260925T013701Z
2026,2,REG,2026_02_MIA_SF,202609200sfo,WestCJ00,CJ West,SF,MIA,0,0,0,,,,,,,,,,0,0,0,0.0,0,3,2,0.4,20260925T013701Z
2026,2,REG,2026_02_MIA_SF,202609200sfo,JohnCh09,Chris Johnson,MIA,SF,0,5,5,1.0,60,12.0,12.0,0,116.7,4.8,24,36.0,0,0,0,0.0,0,1,2,0.667,20260925T013701Z
2026,2,REG,2026_02_MIA_SF,202609200sfo,TaafMi00,Michael Taaffe,MIA,SF,0,4,3,0.75,63,21.0,15.8,0,116.7,10.0,36,27.0,2,1,0,0.0,1,9,1,0.1,20260925T013701Z
2026,2,REG,2026_02_MIA_SF,202609200sfo,RodrJa00,Jacob Rodriguez,MIA,SF,0,2,1,0.5,8,8.0,4.0,0,60.4,2.5,5,3.0,4,0,1,0.0,1,8,0,0.0,20260925T013701Z
2026,2,REG,2026_02_MIA_SF,202609200sfo,AndeZa02,Zayne Anderson,MIA,SF,0,2,1,0.5,23,23.0,11.5,1,131.2,6.0,12,11.0,0,0,0,0.0,0,2,0,0.0,20260925T013701Z
2026,2,REG,2026_02_MIA_SF,202609200sfo,BiggZe01,Zeek Biggers,MIA,SF,0,0,0,,,,,,,,,,0,1,0,0.0,1,4,0,0.0,20260925T013701Z
2026,2,REG,2026_02_MIA_SF,202609200sfo,WoodJa02,Jackson Woodard,MIA,SF,0,0,0,,,,,,,,,,0,0,0,0.0,0,3,1,0.25,20260925T013701Z
2026,2,REG,2026_02_IND_KC,202609200kan,HickJa01,Jaden Hicks,KC,IND,0,3,2,0.667,5,2.5,1.7,0,70.1,-1.3,-5,10.0,1,1,0,0.0,1,10,1,0.091,20260925T013701Z
2026,2,REG,2026_02_IND_KC,202609200kan,KarlGe00,George Karlaftis III,KC,IND,0,2,2,1.0,8,4.0,4.0,0,83.3,-4.5,-9,17.0,0,0,0,0.0,0,5,1,0.167,20260925T013701Z
2026,2,REG,2026_02_IND_KC,202609200kan,WillNo01,Nohl Williams,KC,IND,0,3,2,0.667,15,7.5,5.0,0,78.5,4.3,12,3.0,1,0,0,0.0,0,5,0,0.0,20260925T013701Z
2026,2,REG,2026_02_IND_KC,202609200kan,FultKr00,Kristian Fulton,KC,IND,1,3,2,0.667,8,4.0,2.7,0,30.6,3.3,8,0.0,2,0,0,0.0,0,2,0,0.0,20260925T013701Z
2026,2,REG,2026_02_IND_KC,202609200kan,TranDr00,Drue Tranquill,KC,IND,0,3,2,0.667,29,14.5,9.7,0,97.9,2.3,4,25.0,9,0,0,0.0,0,8,1,0.111,20260925T013701Z
2026,2,REG,2026_02_IND_KC,202609200kan,CochJa00,Jack Cochrane,KC,IND,0,1,1,1.0,8,8.0,8.0,0,100.0,-2.0,-2,10.0,2,0,0,0.0,0,2,0,0.0,20260925T013701Z
2026,2,REG,2026_02_IND_KC,202609200kan,MasoR01,R Mason Thomas,KC,IND,0,0,0,,,,,,,,,,0,0,1,0.0,1,0,0,,20260925T013701Z
2026,2,REG,2026_02_IND_KC,202609200kan,JoneCh09,Chris Jones,KC,IND,0,0,0,,,,,,,,,,0,0,1,0.0,1,6,0,0.0,20260925T013701Z
2026,2,REG,2026_02_IND_KC,202609200kan,CarlJa01,Jaylon Carlies,IND,KC,0,5,4,0.8,80,20.0,16.0,0,118.7,12.8,51,29.0,3,0,0,0.0,0,6,2,0.25,20260925T013701Z
2026,2,REG,2026_02_IND_KC,202609200kan,BynuCa00,Camryn Bynum,IND,KC,0,4,3,0.75,29,9.7,7.3,1,134.4,9.3,16,13.0,1,0,0,0.0,0,9,0,0.0,20260925T013701Z
2026,2,REG,2026_02_IND_KC,202609200kan,BoetBr00,Bryce Boettcher,IND,KC,0,3,2,0.667,22,11.0,7.3,0,88.2,5.3,14,8.0,0,0,0,0.0,0,5,1,0.167,20260925T013701Z
2026,2,REG,2026_02_IND_KC,202609200kan,AlleCJ00,CJ Allen,IND,KC,0,1,1,1.0,5,5.0,5.0,0,87.5,-1.0,-1,6.0,0,0,0,0.0,0,1,0,0.0,20260925T013701Z
2026,2,REG,2026_02_IND_KC,202609200kan,KeyxAr00,Arden Key,IND,KC,0,0,0,,,,,,,,,,0,1,1,0.0,2,1,1,0.5,20260925T013701Z
2026,2,REG,2026_02_IND_KC,202609200kan,TuimJT00,JT Tuimoloau,IND,KC,0,1,0,0.0,,,0.0,,39.6,0.0,,,0,0,0,0.0,0,3,1,0.25,20260925T013701Z
2026,2,REG,2026_02_NYG_LA,202609210ram,WatsJa02,Jaylen Watson,LA,NYG,0,5,4,0.8,68,17.0,13.6,0,118.7,18.0,47,21.0,2,0,0,0.0,0,4,0,0.0,20260925T013701Z
2026,2,REG,2026_02_NYG_LA,202609210ram,LakeQu00,Quentin Lake,LA,NYG,0,7,3,0.429,10,3.3,1.4,0,50.3,3.1,7,3.0,1,0,0,0.0,0,7,0,0.0,20260925T013701Z
2026,2,REG,2026_02_NYG_LA,202609210ram,McDuTr00,Trent McDuffie,LA,NYG,1,6,1,0.167,5,5.0,0.8,0,0.0,15.0,3,2.0,1,0,0,0.0,0,2,0,0.0,20260925T013701Z
2026,2,REG,2026_02_NYG_LA,202609210ram,StewJo03,Josaiah Stewart,LA,NYG,0,0,0,,,,,,,,,,10,1,0,0.0,1,1,0,0.0,20260925T013701Z
2026,2,REG,2026_02_NYG_LA,202609210ram,BailWe00,Wesley Bailey,LA,NYG,0,1,0,0.0,,,0.0,,39.6,7.0,,,0,0,0,1.0,1,1,0,0.0,20260925T013701Z
2026,2,REG,2026_02_NYG_LA,202609210ram,NubiTy00,Tyler Nubin,NYG,LA,0,8,5,0.625,108,21.6,13.5,0,106.2,12.8,78,30.0,1,0,0,0.0,0,8,2,0.2,20260925T013701Z
2026,2,REG,2026_02_NYG_LA,202609210ram,NewsGr00,Greg Newsome II,NYG,LA,0,5,3,0.6,51,17.0,10.2,0,94.6,13.0,42,9.0,0,0,0,0.0,0,5,1,0.167,20260925T013701Z
2026,2,REG,2026_02_NYG_LA,202609210ram,WashAr00,Ar'Darius Washington,NYG,LA,0,1,1,1.0,19,19.0,19.0,0,118.7,19.0,19,0.0,0,0,0,0.0,0,1,0,0.0,20260925T013701Z
2026,2,REG,2026_02_NYG_LA,202609210ram,HollJe02,Jevon Holland,NYG,LA,1,3,1,0.333,50,50.0,16.7,1,81.9,26.0,33,17.0,0,0,0,0.0,0,8,0,0.0,20260925T013701Z
2026,2,REG,2026_02_NYG_LA,202609210ram,JoneNi00,Nic Jones,NYG,LA,0,1,1,1.0,7,7.0,7.0,0,95.8,2.0,2,5.0,0,0,0,0.0,0,2,0,0.0,20260925T013701Z
2026,2,REG,2026_02_NYG_LA,202609210ram,BurnBr00,Brian Burns,NYG,LA,0,0,0,,,,,,,,,,5,1,1,0.0,2,2,0,0.0,20260925T013701Z
2026,2,REG,2026_02_NYG_LA,202609210ram,ReadD.00,D.J. Reader,NYG,LA,0,0,0,,,,,,,,,,0,0,0,0.0,0,3,1,0.25,20260925T013701Z
2026,1,REG,2026_01_NE_SEA,202609090sea,JoneEr01,Ernest Jones,SEA,NE,0,7,6,0.857,69,11.5,9.9,0,107.7,3.9,27,42.0,2,0,0,0.0,0,13,0,0.0,20260925T013701Z
2026,1,REG,2026_01_NE_SEA,202609090sea,WithDe00,Devon Witherspoon,SEA,NE,0,3,1,0.333,10,10.0,3.3,0,43.7,6.7,0,10.0,7,0,1,0.0,1,5,0,0.0,20260925T013701Z
2026,1,REG,2026_01_NE_SEA,202609090sea,NwosUc00,Uchenna Nwosu,SEA,NE,0,2,1,0.5,3,3.0,1.5,0,56.2,-5.5,-6,9.0,0,0,0,0.0,0,5,0,0.0,20260925T013701Z
2026,1,REG,2026_01_NE_SEA,202609090sea,ThomDr00,Drake Thomas,SEA,NE,0,1,0,0.0,11,,11.0,0,72.9,5.0,5,6.0,2,1,1,1.0,3,9,1,0.1,20260925T013701Z
2026,1,REG,2026_01_NE_SEA,202609090sea,ElliCh00,Christian Elliss,NE,SEA,0,4,3,0.75,19,6.3,4.8,0,84.4,4.5,12,7.0,1,0,0,0.0,0,4,0,0.0,20260925T013701Z
2026,1,REG,2026_01_NE_SEA,202609090sea,PettDe00,Dell Pettus,NE,SEA,0,3,3,1.0,26,8.7,8.7,0,102.8,2.7,8,18.0,0,0,0,0.0,0,2,1,0.333,20260925T013701Z
2026,1,REG,2026_01_NE_SEA,202609090sea,DaviCa02,Carlton Davis,NE,SEA,0,3,1,0.333,11,11.0,3.7,0,45.1,8.3,8,3.0,1,0,0,0.0,0,3,0,0.0,20260925T013701Z
2026,1,REG,2026_01_NE_SEA,202609090sea,JoneDr00,Dre'Mont Jones,NE,SEA,0,0,0,,,,,,,,,,5,0,3,1.0,4,2,0,0.0,20260925T013701Z
2026,1,REG,2026_01_NE_SEA,202609090sea,BarmCh00,Christian Barmore,NE,SEA,0,0,0,,,,,,,,,,0,0,1,0.0,1,1,0,0.0,20260925T013701Z
2026,1,REG,2026_01_SF_LA,202609100ram,LakeQu00,Quentin Lake,LA,SF,1,9,6,0.667,52,8.7,5.8,0,42.1,5.4,30,22.0,1,0,0,0.0,0,10,1,0.091,20260925T013701Z
2026,1,REG,2026_01_SF_LA,202609100ram,LandNa01,Nathan Landman,LA,SF,0,6,5,0.833,24,4.8,4.0,0,83.3,-1.0,-8,32.0,1,0,1,0.0,1,8,0,0.0,20260925T013701Z
2026,1,REG,2026_01_SF_LA,202609100ram,McDuTr00,Trent McDuffie,LA,SF,0,6,4,0.667,23,5.8,3.8,0,73.6,6.8,14,9.0,0,0,0,0.0,0,4,0,0.0,20260925T013701Z
2026,1,REG,2026_01_SF_LA,202609100ram,WatsJa02,Jaylen Watson,LA,SF,0,5,3,0.6,53,17.7,10.6,2,135.8,11.2,47,6.0,1,0,0,0.0,0,4,0,0.0,20260925T013701Z
2026,1,REG,2026_01_SF_LA,202609100ram,CurlKa00,Kamren Curl,LA,SF,0,2,2,1.0,13,6.5,6.5,0,93.7,-5.0,-10,23.0,0,0,0,0.0,0,3,0,0.0,20260925T013701Z
2026,1,REG,2026_01_SF_LA,202609100ram,GarrMy00,Myles Garrett,LA,SF,0,0,0,,,,,,,,,,0,1,0,0.0,1,0,0,,20260925T013701Z
2026,1,REG,2026_01_SF_LA,202609100ram,GreeRe00,Renardo Green,SF,LA,1,3,2,0.667,23,11.5,7.7,0,50.0,11.7,14,9.0,0,0,0,0.0,0,3,0,0.0,20260925T013701Z
2026,1,REG,2026_01_SF_LA,202609100ram,GreeDr00,Dre Greenlaw,SF,LA,0,2,2,1.0,8,4.0,4.0,0,83.3,2.5,5,3.0,0,0,0,0.0,0,6,1,0.143,20260925T013701Z
2026,1,REG,2026_01_SF_LA,202609100ram,StouUp00,Upton Stout,SF,LA,0,3,1,0.333,3,3.0,1.0,0,42.4,10.0,3,0.0,1,0,1,0.0,1,2,0,0.0,20260925T013701Z
2026,1,REG,2026_01_SF_LA,202609100ram,WallGa00,Garret Wallow,SF,LA,0,1,1,1.0,5,5.0,5.0,0,87.5,2.0,2,3.0,0,0,0,0.0,0,2,1,0.333,20260925T013701Z
2026,1,REG,2026_01_SF_LA,202609100ram,OdigOs00,Osa Odighizuwa,SF,LA,0,0,0,,,,,,,,,,0,0,4,0.0,4,2,0,0.0,20260925T013701Z
2026,1,REG,2026_01_SF_LA,202609100ram,WestCJ00,CJ West,SF,LA,0,0,0,,,,,,,,,,0,0,1,0.0,1,2,0,0.0,20260925T013701Z
2026,1,REG,2026_01_SF_LA,202609100ram,JoneJa10,Jack Jones,SF,LA,0,2,0,0.0,,,0.0,,39.6,16.0,,,0,0,0,0.0,0,0,0,,20260925T013701Z
2026,1,REG,2026_01_SF_LA,202609100ram,DuggJa00,Jaden Dugger,SF,LA,0,0,0,,,,,,,,,,1,0,0,0.0,0,5,0,0.0,20260925T013701Z
2026,1,REG,2026_01_CHI_CAR,202609130car,HornJa00,Jaycee Horn,CAR,CHI,0,5,3,0.6,84,28.0,16.8,1,143.7,13.4,67,17.0,0,0,0,0.0,0,3,0,0.0,20260925T013701Z
2026,1,REG,2026_01_CHI_CAR,202609130car,OkerBo00,Bobby Okereke,CAR,CHI,0,3,2,0.667,11,5.5,3.7,1,112.5,8.3,5,6.0,1,2,0,0.0,2,6,0,0.0,20260925T013701Z
2026,1,REG,2026_01_CHI_CAR,202609130car,ScotNi01,Nick Scott,CAR,CHI,0,4,2,0.5,45,22.5,11.3,0,90.6,16.0,45,0.0,1,0,0,0.0,0,7,0,0.0,20260925T013701Z
2026,1,REG,2026_01_CHI_CAR,202609130car,UmanPr00,Princely Umanmielen,CAR,CHI,0,0,0,,,,,,,,,,0,3,0,1.0,4,3,0,0.0,20260925T013701Z
2026,1,REG,2026_01_CHI_CAR,202609130car,HuntLe00,Lee Hunter,CAR,CHI,0,0,0,,,,,,,,,,0,1,0,0.0,1,6,0,0.0,20260925T013701Z
2026,1,REG,2026_01_CHI_CAR,202609130car,SmitCh05,Chau Smith-Wade,CAR,CHI,0,0,0,,,,,,,,,,0,0,0,0.0,0,1,2,0.667,20260925T013701Z
2026,1,REG,2026_01_CHI_CAR,202609130car,EdwaTJ02,T.J. Edwards,CHI,CAR,0,4,4,1.0,55,13.8,13.8,0,118.7,2.5,10,45.0,7,0,0,0.0,0,1,3,0.75,20260925T013701Z
2026,1,REG,2026_01_CHI_CAR,202609130car,StevTy01,Tyrique Stevenson,CHI,CAR,0,5,4,0.8,77,19.3,15.4,2,158.3,18.6,58,19.0,1,0,0,0.0,0,9,1,0.1,20260925T013701Z
2026,1,REG,2026_01_CHI_CAR,202609130car,BushDe01,Devin Bush Jr.,CHI,CAR,0,4,1,0.25,21,21.0,5.3,0,49.0,4.3,9,12.0,6,1,1,0.0,2,6,0,0.0,20260925T013701Z
2026,1,REG,2026_01_CHI_CAR,202609130car,SweaMo00,Montez Sweat,CHI,CAR,0,0,0,,,,,,,,,,0,4,0,1.0,5,2,0,0.0,20260925T013701Z
2026,1,REG,2026_01_CHI_CAR,202609130car,JarrGr00,Grady Jarrett,CHI,CAR,0,0,0,,,,,,,,,,0,2,1,0.0,3,3,0,0.0,20260925T013701Z
2026,1,REG,2026_01_CHI_CAR,202609130car,LyncJa00,James Lynch,CHI,CAR,0,0,0,,,,,,,,,,0,2,0,0.0,2,3,0,0.0,20260925T013701Z
2026,1,REG,2026_01_CHI_CAR,202609130car,BookAu00,Austin Booker,CHI,CAR,0,0,0,,,,,,,,,,0,2,0,0.0,2,2,0,0.0,20260925T013701Z
2026,1,REG,2026_01_CHI_CAR,202609130car,StreKe00,Kentavius Street,CHI,CAR,0,0,0,,,,,,,,,,0,0,0,1.0,1,2,0,0.0,20260925T013701Z
2026,1,REG,2026_01_CHI_CAR,202609130car,JackDM00,D'Marco Jackson,CHI,CAR,0,0,0,,,,,,,,,,2,0,0,0.0,0,2,1,0.333,20260925T013701Z
2026,1,REG,2026_01_TB_CIN,202609130cin,KnigDe00,Demetrius Knight,CIN,TB,0,5,5,1.0,38,7.6,7.6,0,98.3,-0.4,-2,40.0,1,0,0,0.0,0,7,2,0.222,20260925T013701Z
2026,1,REG,2026_01_TB_CIN,202609130cin,CartBa00,Barrett Carter,CIN,TB,0,5,4,0.8,26,6.5,5.2,0,88.3,-1.6,-22,48.0,2,0,0,0.5,1,8,3,0.273,20260925T013701Z
2026,1,REG,2026_01_TB_CIN,202609130cin,TurnDJ01,DJ Turner,CIN,TB,0,5,3,0.6,44,14.7,8.8,0,88.7,7.4,18,26.0,0,0,0,0.0,0,4,1,0.2,20260925T013701Z
2026,1,REG,2026_01_TB_CIN,202609130cin,CookBr02,Bryan Cook,CIN,TB,0,3,1,0.333,23,23.0,7.7,0,61.8,17.7,12,11.0,0,0,0,0.0,0,6,1,0.143,20260925T013701Z
2026,1,REG,2026_01_TB_CIN,202609130cin,MafeBo00,Boye Mafe,CIN,TB,0,0,0,,,,,,,,,,0,3,0,1.0,4,1,1,0.5,20260925T013701Z
2026,1,REG,2026_01_TB_CIN,202609130cin,JenkKr01,Kris Jenkins,CIN,TB,0,0,0,,,,,,,,,,0,0,0,1.0,1,1,0,0.0,20260925T013701Z
2026,1,REG,2026_01_TB_CIN,202609130cin,HoweCa00,Cashius Howell,CIN,TB,0,0,0,,,,,,,,,,0,1,0,0.0,1,0,0,,20260925T013701Z
2026,1,REG,2026_01_TB_CIN,202609130cin,AnzaAl00,Alex Anzalone,TB,CIN,0,8,6,0.75,75,12.5,9.4,1,143.2,3.3,26,49.0,4,0,0,0.0,0,7,4,0.364,20260925T013701Z
2026,1,REG,2026_01_TB_CIN,202609130cin,MorrBe00,Benjamin Morrison,TB,CIN,0,7,5,0.714,34,6.8,4.9,0,81.8,2.6,4,30.0,0,0,0,0.0,0,4,1,0.2,20260925T013701Z
2026,1,REG,2026_01_TB_CIN,202609130cin,SmitTy05,Tykee Smith,TB,CIN,0,5,2,0.4,42,21.0,8.4,1,110.0,3.0,11,31.0,1,0,0,0.0,0,4,0,0.0,20260925T013701Z
2026,1,REG,2026_01_TB_CIN,202609130cin,TrotJo00,Josiah Trotter,TB,CIN,1,4,1,0.25,18,18.0,4.5,0,6.2,2.5,8,10.0,6,1,0,1.0,2,11,1,0.083,20260925T013701Z
2026,1,REG,2026_01_TB_CIN,202609130cin,MuhaAl00,Al-Quadin Muhammad,TB,CIN,0,0,0,,,,,,,,,,0,0,2,0.0,2,1,0,0.0,20260925T013701Z
2026,1,REG,2026_01_TB_CIN,202609130cin,VeaxVi00,Vita Vea,TB,CIN,0,0,0,,,,,,,,,,0,0,1,0.0,1,0,0,,20260925T013701Z
2026,1,REG,2026_01_TB_CIN,202609130cin,RobiAS00,A'Shawn Robinson,TB,CIN,0,0,0,,,,,,,,,,0,0,1,0.0,1,5,1,0.167,20260925T013701Z
2026,1,REG,2026_01_NO_DET,202609130det,Ya-SRo00,Rock Ya-Sin,DET,NO,0,10,7,0.7,52,7.4,5.2,1,115.4,6.0,32,20.0,2,1,0,0.0,1,7,0,0.0,20260925T013701Z
2026,1,REG,2026_01_NO_DET,202609130det,ReedD.00,D.J. Reed,DET,NO,0,10,6,0.6,141,23.5,14.1,0,104.2,19.0,129,12.0,0,0,0,0.0,0,10,0,0.0,20260925T013701Z
2026,1,REG,2026_01_NO_DET,202609130det,MaddAv00,Avonte Maddox,DET,NO,0,9,4,0.444,93,23.3,10.3,1,119.2,14.2,82,11.0,1,0,0,0.0,0,7,0,0.0,20260925T013701Z
2026,1,REG,2026_01_NO_DET,202609130det,BarnDe02,Derrick Barnes,DET,NO,1,8,3,0.375,35,11.7,4.4,0,12.0,5.4,28,7.0,10,0,0,1.0,1,6,0,0.0,20260925T013701Z
2026,1,REG,2026_01_NO_DET,202609130det,McCrRo01,Roger McCreary,DET,NO,0,2,2,1.0,13,6.5,6.5,0,93.7,0.0,0,13.0,7,0,0,1.0,1,4,0,0.0,20260925T013701Z
2026,1,REG,2026_01_NO_DET,202609130det,HarpTh00,Thomas Harper,DET,NO,0,4,2,0.5,80,40.0,20.0,0,95.8,17.0,64,16.0,4,1,0,0.0,1,3,0,0.0,20260925T013701Z
2026,1,REG,2026_01_NO_DET,202609130det,ClarCh00,Chuck Clark,DET,NO,1,4,2,0.5,40,20.0,10.0,0,45.8,8.0,27,13.0,1,0,1,0.0,1,3,0,0.0,20260925T013701Z
2026,1,REG,2026_01_NO_DET,202609130det,RodrMa00,Malcolm Rodriguez,DET,NO,0,0,0,,,,,,,,,,1,0,1,0.0,1,4,0,0.0,20260925T013701Z
2026,1,REG,2026_01_NO_DET,202609130det,WhitDe02,Devin White,DET,NO,0,2,0,0.0,11,,5.5,0,50.0,7.5,4,7.0,3,0,0,0.0,0,3,0,0.0,20260925T013701Z
2026,1,REG,2026_01_NO_DET,202609130det,SankJo00,Jonas Sanker,NO,DET,0,8,6,0.75,31,5.2,3.9,0,80.7,0.3,-1,32.0,1,0,0,0.0,0,10,0,0.0,20260925T013701Z
2026,1,REG,2026_01_NO_DET,202609130det,ReidJu00,Justin Reid,NO,DET,0,6,4,0.667,27,6.8,4.5,0,76.4,8.7,11,16.0,0,0,0,0.0,0,8,2,0.2,20260925T013701Z
2026,1,REG,2026_01_NO_DET,202609130det,ElliKa00,Kaden Elliss,NO,DET,0,4,2,0.5,27,13.5,6.8,0,71.9,3.0,12,15.0,3,0,3,0.0,3,9,0,0.0,20260925T013701Z
2026,1,REG,2026_01_NO_DET,202609130det,WernPe00,Pete Werner,NO,DET,0,5,2,0.4,23,11.5,4.6,0,54.6,5.2,10,13.0,0,0,0,0.0,0,7,0,0.0,20260925T013701Z
2026,1,REG,2026_01_NO_DET,202609130det,StutDa00,Danny Stutsman,NO,DET,0,4,2,0.5,19,9.5,4.8,0,63.5,1.5,3,16.0,0,0,0,0.0,0,6,1,0.143,20260925T013701Z
2026,1,REG,2026_01_NO_DET,202609130det,BrouVe00,Vernon Broughton,NO,DET,0,0,0,,,,,,,,,,0,1,2,0.0,3,3,0,0.0,20260925T013701Z
2026,1,REG,2026_01_NO_DET,202609130det,WoodCo01,Colby Wooden,NO,DET,0,1,0,0.0,,,0.0,,39.6,-7.0,,,0,0,0,0.0,0,2,0,0.0,20260925T013701Z
2026,1,REG,2026_01_BUF_HOU,202609130htx,BlanRe00,Reed Blankenship,HOU,BUF,0,6,6,1.0,110,18.3,18.3,1,158.3,10.7,64,46.0,0,0,0,0.0,0,7,0,0.0,20260925T013701Z
2026,1,REG,2026_01_BUF_HOU,202609130htx,LassKa00,Kamari Lassiter,HOU,BUF,0,7,5,0.714,95,19.0,13.6,1,153.3,17.7,66,29.0,0,0,0,0.0,0,3,1,0.25,20260925T013701Z
2026,1,REG,2026_01_BUF_HOU,202609130htx,StinDe00,Derek Stingley Jr.,HOU,BUF,0,7,4,0.571,68,17.0,9.7,0,90.2,16.9,61,7.0,0,0,0,0.0,0,4,0,0.0,20260925T013701Z
2026,1,REG,2026_01_BUF_HOU,202609130htx,HuntDa01,Danielle Hunter,HOU,BUF,0,0,0,,,,,,,,,,0,1,0,0.0,1,0,0,,20260925T013701Z
2026,1,REG,2026_01_BUF_HOU,202609130htx,TogiTo00,Tommy Togiai,HOU,BUF,0,0,0,,,,,,,,,,0,1,0,0.0,1,2,0,0.0,20260925T013701Z
2026,1,REG,2026_01_BUF_HOU,202609130htx,AndeWi01,Will Anderson,HOU,BUF,0,0,0,,,,,,,,,,0,0,0,0.5,1,3,0,0.0,20260925T013701Z
2026,1,REG,2026_01_BUF_HOU,202609130htx,AlShAz00,Azeez Al-Shaair,HOU,BUF,0,1,0,0.0,,,0.0,,39.6,-2.0,,,0,0,0,0.0,0,8,1,0.111,20260925T013701Z
2026,1,REG,2026_01_BUF_HOU,202609130htx,BernTe00,Terrel Bernard,BUF,HOU,0,3,2,0.667,7,3.5,2.3,0,70.1,4.0,-3,10.0,4,0,1,0.0,1,12,0,0.0,20260925T013701Z
2026,1,REG,2026_01_BUF_HOU,202609130htx,IgbiDa01,Davison Igbinosun,BUF,HOU,0,3,2,0.667,30,15.0,10.0,0,99.3,7.7,20,10.0,0,0,0,0.0,0,2,0,0.0,20260925T013701Z
2026,1,REG,2026_01_BUF_HOU,202609130htx,HamlDa00,Damar Hamlin,BUF,HOU,0,2,2,1.0,43,21.5,21.5,0,118.7,8.5,17,26.0,0,0,0,0.0,0,2,0,0.0,20260925T013701Z
2026,1,REG,2026_01_BUF_HOU,202609130htx,OlivEd00,Ed Oliver,BUF,HOU,0,0,0,,,,,,,,,,0,1,1,0.0,2,5,0,0.0,20260925T013701Z
2026,1,REG,2026_01_BUF_HOU,202609130htx,HoecMi00,Michael Hoecht,BUF,HOU,0,0,0,,,,,,,,,,1,0,0,0.0,0,5,0,0.0,20260925T013701Z
2026,1,REG,2026_01_BAL_IND,202609130clt,WallJu00,Justin Walley,IND,BAL,0,7,6,0.857,109,18.2,15.6,0,118.7,10.0,70,39.0,0,0,0,0.0,0,6,0,0.0,20260925T013701Z
2026,1,REG,2026_01_BAL_IND,202609130clt,WardCh01,Charvarius Ward,IND,BAL,0,5,2,0.4,57,28.5,11.4,0,82.9,15.2,34,23.0,0,0,0,0.0,0,2,0,0.0,20260925T013701Z
2026,1,REG,2026_01_BAL_IND,202609130clt,HaulAJ00,A.J. Haulcy,IND,BAL,0,3,1,0.333,71,71.0,23.7,1,121.5,7.0,21,50.0,1,0,0,0.0,0,7,0,0.0,20260925T013701Z
2026,1,REG,2026_01_BAL_IND,202609130clt,GardSa00,Sauce Gardner,IND,BAL,0,2,1,0.5,12,12.0,6.0,0,68.7,24.5,11,1.0,0,0,0,0.0,0,1,1,0.5,20260925T013701Z
2026,1,REG,2026_01_BAL_IND,202609130clt,CarlJa01,Jaylon Carlies,IND,BAL,0,0,0,,,,,,,,,,3,2,0,0.0,2,0,0,,20260925T013701Z
2026,1,REG,2026_01_BAL_IND,202609130clt,TuimJT00,JT Tuimoloau,IND,BAL,0,0,0,,,,,,,,,,0,0,1,0.0,1,1,1,0.5,20260925T013701Z
2026,1,REG,2026_01_BAL_IND,202609130clt,StewGr00,Grover Stewart,IND,BAL,0,0,0,,,,,,,,,,0,0,0,0.5,1,1,0,0.0,20260925T013701Z
2026,1,REG,2026_01_BAL_IND,202609130clt,CurrCa00,Caden Curry,IND,BAL,0,0,0,,,,,,,,,,1,0,0,0.0,0,1,0,0.0,20260925T013701Z
2026,1,REG,2026_01_BAL_IND,202609130clt,SmitRo07,Roquan Smith,BAL,IND,1,9,5,0.556,49,9.8,5.4,0,31.5,4.7,31,18.0,4,0,1,0.0,1,11,0,0.0,20260925T013701Z
2026,1,REG,2026_01_BAL_IND,202609130clt,HamiKy00,Kyle Hamilton,BAL,IND,0,6,3,0.5,48,16.0,8.0,0,77.1,3.3,20,28.0,3,0,1,0.0,1,5,1,0.167,20260925T013701Z
2026,1,REG,2026_01_BAL_IND,202609130clt,HumpMa00,Marlon Humphrey,BAL,IND,0,4,3,0.75,29,9.7,7.3,0,94.8,15.3,28,1.0,0,0,0,0.0,0,4,0,0.0,20260925T013701Z
2026,1,REG,2026_01_BAL_IND,202609130clt,HawkJa00,Jaylinn Hawkins,BAL,IND,0,3,1,0.333,2,2.0,0.7,0,42.4,1.0,2,0.0,1,0,0,0.0,0,2,0,0.0,20260925T013701Z
2026,1,REG,2026_01_BAL_IND,202609130clt,RobiTa00,Tavius Robinson,BAL,IND,0,0,0,,,,,,,,,,0,0,3,1.0,4,3,0,0.0,20260925T013701Z
2026,1,REG,2026_01_BAL_IND,202609130clt,PeebAe00,Aeneas Peebles,BAL,IND,0,0,0,,,,,,,,,,0,0,1,0.0,1,0,0,,20260925T013701Z
2026,1,REG,2026_01_CLE_JAX,202609130jax,StriDa01,Danny Striggow,JAX,CLE,0,1,1,1.0,9,9.0,9.0,0,104.2,2.0,2,7.0,0,0,0,0.0,0,2,1,0.333,20260925T013701Z
2026,1,REG,2026_01_CLE_JAX,202609130jax,TavaJa00,Jahlani Tavai,JAX,CLE,0,1,1,1.0,16,16.0,16.0,0,118.7,1.0,1,15.0,0,0,0,0.0,0,3,1,0.25,20260925T013701Z
2026,1,REG,2026_01_CLE_JAX,202609130jax,OrhoRu00,Ruke Orhorhoro,JAX,CLE,0,0,0,,,,,,,,,,0,1,0,0.0,1,1,0,0.0,20260925T013701Z
2026,1,REG,2026_01_CLE_JAX,202609130jax,DickMa00,Matt Dickerson,JAX,CLE,0,0,0,,,,,,,,,,0,0,1,0.0,1,1,0,0.0,20260925T013701Z
2026,1,REG,2026_01_CLE_JAX,202609130jax,CombBr00,Branson Combs,JAX,CLE,0,0,0,,,,,,,,,,1,0,0,1.0,1,4,0,0.0,20260925T013701Z
2026,1,REG,2026_01_CLE_JAX,202609130jax,RansCa00,Caleb Ransaw,JAX,CLE,0,0,0,,,,,,,,,,2,0,0,0.0,0,6,1,0.143,20260925T013701Z
2026,1,REG,2026_01_CLE_JAX,202609130jax,MurrEr00,Eric Murray,JAX,CLE,0,0,0,,,,,,,,,,0,0,0,0.0,0,2,2,0.5,20260925T013701Z
2026,1,REG,2026_01_CLE_JAX,202609130jax,CampTy01,Tyson Campbell,CLE,JAX,0,4,4,1.0,52,13.0,13.0,0,118.7,13.0,52,0.0,0,0,0,0.0,0,7,3,0.3,20260925T013701Z
2026,1,REG,2026_01_CLE_JAX,202609130jax,WardDe02,Denzel Ward,CLE,JAX,0,4,2,0.5,32,16.0,8.0,1,116.7,7.8,31,1.0,0,0,0,0.0,0,5,0,0.0,20260925T013701Z
2026,1,REG,2026_01_CLE_JAX,202609130jax,HickRo00,Ronnie Hickman,CLE,JAX,0,2,2,1.0,54,27.0,27.0,1,158.3,25.5,51,3.0,1,0,0,0.0,0,8,0,0.0,20260925T013701Z
2026,1,REG,2026_01_CLE_JAX,202609130jax,GrahMa00,Mason Graham,CLE,JAX,0,1,1,1.0,0,0.0,0.0,0,79.2,-3.0,-3,3.0,0,0,0,1.0,1,5,1,0.167,20260925T013701Z
2026,1,REG,2026_01_CLE_JAX,202609130jax,WillQu01,Quincy Williams,CLE,JAX,0,2,1,0.5,9,9.0,4.5,0,62.5,2.0,2,7.0,1,0,0,0.0,0,4,1,0.2,20260925T013701Z
2026,1,REG,2026_01_CLE_JAX,202609130jax,BarnDe01,Derek Barnett,CLE,JAX,0,0,0,,,,,,,,,,0,1,0,0.0,1,0,0,,20260925T013701Z
2026,1,REG,2026_01_CLE_JAX,202609130jax,McGuIs00,Isaiah McGuire,CLE,JAX,0,0,0,,,,,,,,,,0,1,0,0.0,1,2,1,0.333,20260925T013701Z
2026,1,REG,2026_01_CLE_JAX,202609130jax,VersJa00,Jared Verse,CLE,JAX,0,0,0,,,,,,,,,,0,0,0,0.0,0,4,2,0.333,20260925T013701Z
2026,1,REG,2026_01_ATL_PIT,202609130pit,DeanJa00,Jamel Dean,PIT,ATL,0,4,2,0.5,38,19.0,9.5,0,83.3,5.5,27,11.0,0,0,0,0.0,0,5,0,0.0,20260925T013701Z
2026,1,REG,2026_01_ATL_PIT,202609130pit,QueePa00,Patrick Queen,PIT,ATL,0,3,1,0.333,12,12.0,4.0,0,46.5,1.7,0,12.0,0,0,0,0.0,0,7,0,0.0,20260925T013701Z
2026,1,REG,2026_01_ATL_PIT,202609130pit,HighAl02,Alex Highsmith,PIT,ATL,0,0,0,,,,,,,,,,0,0,0,2.0,2,3,1,0.25,20260925T013701Z
2026,1,REG,2026_01_ATL_PIT,202609130pit,WattT.00,T.J. Watt,PIT,ATL,1,1,0,0.0,,,0.0,,0.0,-9.0,,,0,0,0,2.0,2,4,0,0.0,20260925T013701Z
2026,1,REG,2026_01_ATL_PIT,202609130pit,HerbNi00,Nick Herbig,PIT,ATL,0,0,0,,,,,,,,,,0,0,1,0.0,1,2,2,0.5,20260925T013701Z
2026,1,REG,2026_01_ATL_PIT,202609130pit,BrisJa01,Jaquan Brisker,PIT,ATL,1,2,0,0.0,,,0.0,,0.0,8.0,,,0,0,0,0.0,0,6,1,0.143,20260925T013701Z
2026,1,REG,2026_01_ATL_PIT,202609130pit,BrowSy00,Sydney Brown,ATL,PIT,0,4,4,1.0,19,4.8,4.8,0,86.5,1.0,4,15.0,0,0,0,0.0,0,7,0,0.0,20260925T013701Z
2026,1,REG,2026_01_ATL_PIT,202609130pit,TerrAJ00,AJ Terrell,ATL,PIT,0,6,3,0.5,31,10.3,5.2,0,65.3,20.8,26,5.0,0,0,0,0.0,0,5,0,0.0,20260925T013701Z
2026,1,REG,2026_01_ATL_PIT,202609130pit,TerrAv00,Avieon Terrell,ATL,PIT,0,3,1,0.333,23,23.0,7.7,0,61.8,9.7,10,13.0,0,0,0,0.0,0,1,0,0.0,20260925T013701Z
2026,1,REG,2026_01_ATL_PIT,202609130pit,PerkHa01,Harold Perkins,ATL,PIT,0,2,1,0.5,2,2.0,1.0,0,56.2,-1.0,0,2.0,1,0,0,0.0,0,1,0,0.0,20260925T013701Z
2026,1,REG,2026_01_ATL_PIT,202609130pit,SmitZa00,Za'Darius Smith,ATL,PIT,0,1,0,0.0,,,0.0,,39.6,9.0,,,0,0,0,2.0,2,3,0,0.0,20260925T013701Z
2026,1,REG,2026_01_ATL_PIT,202609130pit,ThomCa03,Cameron Thomas,ATL,PIT,0,0,0,,,,,,,,,,0,0,1,0.0,1,1,0,0.0,20260925T013701Z
2026,1,REG,2026_01_NYJ_TEN,202609130oti,HookAm00,Amani Hooker,TEN,NYJ,0,5,5,1.0,72,14.4,14.4,0,118.7,11.2,56,16.0,1,0,0,0.0,0,10,3,0.231,20260925T013701Z
2026,1,REG,2026_01_NYJ_TEN,202609130oti,WillJa15,James Williams,TEN,NYJ,0,3,3,1.0,21,7.0,7.0,0,95.8,0.0,0,21.0,0,0,0,0.0,0,1,2,0.667,20260925T013701Z
2026,1,REG,2026_01_NYJ_TEN,202609130oti,StacNa00,Nazir Stackhouse,TEN,NYJ,0,0,0,,,,,,,,,,0,0,0,0.0,0,1,1,0.5,20260925T013701Z
2026,1,REG,2026_01_NYJ_TEN,202609130oti,SimmJe01,Jeffery Simmons,TEN,NYJ,0,0,0,,,,,,,,,,0,0,0,0.0,0,4,1,0.2,20260925T013701Z
2026,1,REG,2026_01_NYJ_TEN,202609130oti,BrowJa09,Jarvis Brownlee,NYJ,TEN,0,3,2,0.667,8,4.0,2.7,0,70.1,0.3,3,5.0,3,0,0,0.0,0,4,0,0.0,20260925T013701Z
2026,1,REG,2026_01_NYJ_TEN,202609130oti,StepBr01,Brandon Stephens,NYJ,TEN,0,4,1,0.25,12,12.0,3.0,0,39.6,15.0,12,0.0,1,0,0,0.0,0,0,0,,20260925T013701Z
2026,1,REG,2026_01_NYJ_TEN,202609130oti,BailDa02,David Bailey,NYJ,TEN,0,0,0,,,,,,,,,,2,0,1,1.0,2,4,0,0.0,20260925T013701Z
2026,1,REG,2026_01_NYJ_TEN,202609130oti,PhilHa00,Harrison Phillips,NYJ,TEN,0,0,0,,,,,,,,,,0,0,1,0.0,1,1,0,0.0,20260925T013701Z
2026,1,REG,2026_01_NYJ_TEN,202609130oti,McCrMa01,Marcelino McCrary-Ball,NYJ,TEN,0,0,0,,,,,,,,,,1,0,0,0.0,0,1,0,0.0,20260925T013701Z
2026,1,REG,2026_01_ARI_LAC,202609130sdg,JameDe00,Derwin James,LAC,ARI,0,9,6,0.667,35,5.8,3.9,1,110.9,5.8,25,10.0,4,1,0,0.0,1,10,2,0.167,20260925T013701Z
2026,1,REG,2026_01_ARI_LAC,202609130sdg,JackDo02,Donte Jackson,LAC,ARI,0,5,3,0.6,31,10.3,6.2,0,77.9,11.8,28,3.0,0,0,0,0.0,0,2,0,0.0,20260925T013701Z
2026,1,REG,2026_01_ARI_LAC,202609130sdg,StilTa00,Tarheeb Still,LAC,ARI,0,3,2,0.667,28,14.0,9.3,0,96.5,8.7,23,5.0,2,0,0,0.0,0,3,0,0.0,20260925T013701Z
2026,1,REG,2026_01_ARI_LAC,202609130sdg,PhilDe00,Del'Shawn Phillips,LAC,ARI,0,1,1,1.0,5,5.0,5.0,0,87.5,1.0,1,4.0,2,0,1,0.0,1,6,1,0.143,20260925T013701Z
2026,1,REG,2026_01_ARI_LAC,202609130sdg,DyexTr00,Troy Dye,LAC,ARI,0,1,1,1.0,9,9.0,9.0,0,104.2,5.0,5,4.0,0,0,0,0.5,1,5,0,0.0,20260925T013701Z
2026,1,REG,2026_01_ARI_LAC,202609130sdg,MackKh00,Khalil Mack,LAC,ARI,0,0,0,,,,,,,,,,0,2,0,0.0,2,2,1,0.333,20260925T013701Z
2026,1,REG,2026_01_ARI_LAC,202609130sdg,CaldJa00,Jamaree Caldwell,LAC,ARI,0,0,0,,,,,,,,,,0,0,1,0.0,1,5,0,0.0,20260925T013701Z
2026,1,REG,2026_01_ARI_LAC,202609130sdg,GibbJa00,Jack Gibbens,ARI,LAC,0,4,4,1.0,59,14.8,14.8,1,158.3,3.8,15,44.0,3,0,0,0.5,1,7,1,0.125,20260925T013701Z
2026,1,REG,2026_01_ARI_LAC,202609130sdg,WilsMa03,Mack Wilson,ARI,LAC,0,3,1,0.333,6,6.0,2.0,0,42.4,6.0,-2,8.0,0,0,0,0.0,0,6,2,0.25,20260925T013701Z
2026,1,REG,2026_01_ARI_LAC,202609130sdg,CollZa00,Zaven Collins,ARI,LAC,0,1,1,1.0,8,8.0,8.0,0,100.0,5.0,5,3.0,0,0,0,0.0,0,3,0,0.0,20260925T013701Z
2026,1,REG,2026_01_ARI_LAC,202609130sdg,BurcJo00,Jordan Burch,ARI,LAC,0,0,0,,,,,,,,,,0,0,0,1.0,1,3,0,0.0,20260925T013701Z
2026,1,REG,2026_01_ARI_LAC,202609130sdg,StilDa01,Dante Stills,ARI,LAC,0,0,0,,,,,,,,,,0,0,0,1.0,1,1,0,0.0,20260925T013701Z
2026,1,REG,2026_01_ARI_LAC,202609130sdg,LopeRo00,Roy Lopez,ARI,LAC,0,0,0,,,,,,,,,,0,1,0,0.0,1,4,0,0.0,20260925T013701Z
2026,1,REG,2026_01_MIA_LV,202609130rai,StokEr00,Eric Stokes,LV,MIA,0,6,4,0.667,58,14.5,9.7,0,97.9,13.0,39,19.0,0,0,0,0.0,0,2,0,0.0,20260925T013701Z
2026,1,REG,2026_01_MIA_LV,202609130rai,WalkQu00,Quay Walker,LV,MIA,0,5,3,0.6,16,5.3,3.2,0,65.4,-0.8,-3,19.0,4,0,0,0.0,0,6,1,0.143,20260925T013701Z
2026,1,REG,2026_01_MIA_LV,202609130rai,StukTr00,Treydan Stukes,LV,MIA,1,4,1,0.25,39,39.0,9.8,0,28.1,25.5,31,8.0,0,0,0,0.0,0,6,1,0.143,20260925T013701Z
2026,1,REG,2026_01_MIA_LV,202609130rai,FatuFo00,Folorunso Fatukasi,LV,MIA,0,0,0,,,,,,,,,,0,1,0,0.5,2,4,0,0.0,20260925T013701Z
2026,1,REG,2026_01_MIA_LV,202609130rai,LaulJo00,Jonah Laulu,LV,MIA,0,0,0,,,,,,,,,,0,0,1,0.0,1,0,0,,20260925T013701Z
2026,1,REG,2026_01_MIA_LV,202609130rai,BookTh00,Thomas Booker,LV,MIA,0,0,0,,,,,,,,,,0,0,1,0.0,1,3,0,0.0,20260925T013701Z
2026,1,REG,2026_01_MIA_LV,202609130rai,JohnCh09,Chris Johnson,MIA,LV,0,11,6,0.545,63,10.5,5.7,2,111.0,10.2,29,34.0,0,0,0,0.0,0,11,1,0.083,20260925T013701Z
2026,1,REG,2026_01_MIA_LV,202609130rai,RodrJa00,Jacob Rodriguez,MIA,LV,0,6,3,0.5,26,8.7,4.3,1,101.4,5.0,10,16.0,2,0,0,0.0,0,14,1,0.067,20260925T013701Z
2026,1,REG,2026_01_MIA_LV,202609130rai,AndeZa02,Zayne Anderson,MIA,LV,0,3,1,0.333,-2,-2.0,-0.7,0,42.4,11.7,-2,0.0,1,0,0,0.0,0,5,0,0.0,20260925T013701Z
2026,1,REG,2026_01_MIA_LV,202609130rai,TaafMi00,Michael Taaffe,MIA,LV,1,4,1,0.25,28,28.0,7.0,0,16.7,18.5,26,2.0,0,0,0,0.0,0,4,0,0.0,20260925T013701Z
2026,1,REG,2026_01_MIA_LV,202609130rai,PhilJo02,Jordan Phillips,MIA,LV,0,0,0,,,,,,,,,,0,1,1,0.0,2,4,0,0.0,20260925T013701Z
2026,1,REG,2026_01_MIA_LV,202609130rai,LouiKy00,Kyle Louis,MIA,LV,0,0,0,,,,,,,,,,1,0,0,0.0,0,0,0,,20260925T013701Z
2026,1,REG,2026_01_GB_MIN,202609130min,WilsEr00,Eric Wilson,MIN,GB,0,2,2,1.0,12,6.0,6.0,0,91.7,2.0,4,8.0,21,0,1,0.0,1,3,2,0.4,20260925T013701Z
2026,1,REG,2026_01_GB_MIN,202609130min,PierJa01,James Pierre,MIN,GB,1,4,2,0.5,27,13.5,6.8,0,32.3,12.8,22,5.0,0,0,0,0.0,0,4,0,0.0,20260925T013701Z
2026,1,REG,2026_01_GB_MIN,202609130min,RodgIs00,Isaiah Rodgers,MIN,GB,0,5,2,0.4,49,24.5,9.8,0,76.2,17.0,25,24.0,1,0,0,0.0,0,3,0,0.0,20260925T013701Z
2026,1,REG,2026_01_GB_MIN,202609130min,SmitHa00,Harrison Smith,MIN,GB,0,3,1,0.333,7,7.0,2.3,0,42.4,6.7,1,6.0,6,0,1,0.0,1,1,0,0.0,20260925T013701Z
2026,1,REG,2026_01_GB_MIN,202609130min,CashBl00,Blake Cashman,MIN,GB,0,2,0,0.0,,,0.0,,39.6,3.0,,,19,3,1,0.5,5,7,0,0.0,20260925T013701Z
2026,1,REG,2026_01_GB_MIN,202609130min,NixoKe00,Keisean Nixon,GB,MIN,1,5,3,0.6,35,11.7,7.0,0,41.7,13.0,33,2.0,2,0,1,0.5,2,5,0,0.0,20260925T013701Z
2026,1,REG,2026_01_GB_MIN,202609130min,BullJa00,Javon Bullard,GB,MIN,0,5,3,0.6,11,3.7,2.2,0,64.6,4.8,-10,21.0,1,0,0,0.0,0,1,0,0.0,20260925T013701Z
2026,1,REG,2026_01_GB_MIN,202609130min,CoopEd00,Edgerrin Cooper,GB,MIN,0,3,2,0.667,10,5.0,3.3,0,71.5,-0.3,5,5.0,4,0,0,1.0,1,7,1,0.125,20260925T013701Z
2026,1,REG,2026_01_GB_MIN,202609130min,CoxxBr02,Brenton Cox,GB,MIN,0,1,1,1.0,5,5.0,5.0,0,87.5,-1.0,-1,6.0,0,0,0,0.0,0,4,0,0.0,20260925T013701Z
2026,1,REG,2026_01_GB_MIN,202609130min,CissBr00,Brandon Cisse,GB,MIN,0,2,1,0.5,39,39.0,19.5,1,135.4,25.0,39,0.0,1,0,0,0.0,0,1,1,0.5,20260925T013701Z
2026,1,REG,2026_01_GB_MIN,202609130min,VanNLu00,Lukas Van Ness,GB,MIN,0,0,0,,,,,,,,,,2,0,0,1.0,1,4,0,0.0,20260925T013701Z
2026,1,REG,2026_01_WAS_PHI,202609130phi,DeJeCo00,Cooper DeJean,PHI,WAS,0,6,5,0.833,62,12.4,10.3,1,149.3,11.2,45,17.0,1,0,1,0.0,1,8,1,0.111,20260925T013701Z
2026,1,REG,2026_01_WAS_PHI,202609130phi,MitcQu00,Quinyon Mitchell,PHI,WAS,0,3,2,0.667,15,7.5,5.0,0,78.5,7.3,14,1.0,0,0,0,0.0,0,2,0,0.0,20260925T013701Z
2026,1,REG,2026_01_WAS_PHI,202609130phi,SmitNo02,Nolan Smith,PHI,WAS,0,1,1,1.0,8,8.0,8.0,0,100.0,-4.0,-4,12.0,6,1,0,0.0,1,2,0,0.0,20260925T013701Z
2026,1,REG,2026_01_WAS_PHI,202609130phi,WoolTa00,Riq Woolen,PHI,WAS,0,5,1,0.2,1,1.0,0.2,1,79.2,18.2,1,0.0,0,0,0,0.0,0,1,0,0.0,20260925T013701Z
2026,1,REG,2026_01_WAS_PHI,202609130phi,OjomMo00,Moro Ojomo,PHI,WAS,0,0,0,,,,,,,,,,0,2,0,0.0,2,3,0,0.0,20260925T013701Z
2026,1,REG,2026_01_WAS_PHI,202609130phi,EpenAJ00,A.J. Epenesa,PHI,WAS,0,0,0,,,,,,,,,,1,0,0,0.0,0,2,0,0.0,20260925T013701Z
2026,1,REG,2026_01_WAS_PHI,202609130phi,EbikAr00,Arnold Ebiketie,PHI,WAS,0,0,0,,,,,,,,,,1,0,0,0.0,0,1,0,0.0,20260925T013701Z
2026,1,REG,2026_01_WAS_PHI,202609130phi,CrosNi00,Nick Cross,WAS,PHI,0,5,4,0.8,47,11.8,9.4,1,145.4,5.6,13,34.0,1,0,0,0.0,0,8,1,0.111,20260925T013701Z
2026,1,REG,2026_01_WAS_PHI,202609130phi,RobeAm00,Amik Robertson,WAS,PHI,0,3,2,0.667,8,4.0,2.7,0,70.1,5.0,7,1.0,0,0,0,0.0,0,6,1,0.143,20260925T013701Z
2026,1,REG,2026_01_WAS_PHI,202609130phi,DougRa00,Rasul Douglas,WAS,PHI,0,3,1,0.333,31,31.0,10.3,0,72.9,19.3,31,0.0,0,0,0,0.0,0,1,1,0.5,20260925T013701Z
2026,1,REG,2026_01_WAS_PHI,202609130phi,PaynDa00,Daron Payne,WAS,PHI,0,0,0,,,,,,,,,,0,2,0,0.0,2,1,1,0.5,20260925T013701Z
2026,1,REG,2026_01_WAS_PHI,202609130phi,StylSo01,Sonny Styles,WAS,PHI,0,1,0,0.0,,,0.0,,39.6,4.0,,,5,0,0,1.0,1,4,1,0.2,20260925T013701Z
2026,1,REG,2026_01_WAS_PHI,202609130phi,ChenLe00,Leo Chenal,WAS,PHI,0,0,0,,,,,,,,,,1,0,0,0.0,0,3,1,0.25,20260925T013701Z
2026,1,REG,2026_01_DAL_NYG,202609130nyg,EdmuTr01,Tremaine Edmunds,NYG,DAL,0,4,4,1.0,16,4.0,4.0,0,83.3,3.5,14,2.0,1,0,0,0.0,0,8,0,0.0,20260925T013701Z
2026,1,REG,2026_01_DAL_NYG,202609130nyg,NewsGr00,Greg Newsome II,NYG,DAL,0,4,2,0.5,18,9.0,4.5,0,62.5,13.5,2,16.0,0,0,0,0.0,0,3,1,0.25,20260925T013701Z
2026,1,REG,2026_01_DAL_NYG,202609130nyg,HollJe02,Jevon Holland,NYG,DAL,1,3,1,0.333,9,9.0,3.0,0,2.8,12.7,-2,11.0,0,0,0,0.0,0,2,1,0.333,20260925T013701Z
2026,1,REG,2026_01_DAL_NYG,202609130nyg,HoodCo00,Colton Hood,NYG,DAL,0,2,1,0.5,17,17.0,8.5,0,79.2,18.5,8,9.0,0,0,0,0.0,0,0,1,1.0,20260925T013701Z
2026,1,REG,2026_01_DAL_NYG,202609130nyg,BurnBr00,Brian Burns,NYG,DAL,0,0,0,,,,,,,,,,1,0,0,0.0,0,2,1,0.333,20260925T013701Z
2026,1,REG,2026_01_DAL_NYG,202609130nyg,BlanDa00,DaRon Bland,DAL,NYG,0,5,5,1.0,46,9.2,9.2,0,105.0,7.0,35,11.0,0,0,0,0.0,0,8,0,0.0,20260925T013701Z
2026,1,REG,2026_01_DAL_NYG,202609130nyg,OverDe00,DeMarvion Overshown,DAL,NYG,0,4,4,1.0,38,9.5,9.5,1,145.8,6.5,26,12.0,2,0,0,0.0,0,7,2,0.222,20260925T013701Z
2026,1,REG,2026_01_DAL_NYG,202609130nyg,ReveSh00,Shavon Revel,DAL,NYG,0,3,1,0.333,19,19.0,6.3,0,56.2,18.0,14,5.0,0,0,0,0.0,0,1,0,0.0,20260925T013701Z
2026,1,REG,2026_01_DAL_NYG,202609130nyg,LawrMa01,Malachi Lawrence,DAL,NYG,0,1,1,1.0,7,7.0,7.0,0,95.8,6.0,6,1.0,1,0,0,0.0,0,5,2,0.286,20260925T013701Z
2026,1,REG,2026_01_DAL_NYG,202609130nyg,DuraDe01,Cobie Durant,DAL,NYG,0,3,1,0.333,18,18.0,6.0,0,54.9,22.3,18,0.0,0,0,0,0.0,0,2,0,0.0,20260925T013701Z
2026,1,REG,2026_01_DAL_NYG,202609130nyg,EzeiDo00,Donovan Ezeiruaku,DAL,NYG,0,0,0,,,,,,,,,,6,0,1,0.5,2,10,0,0.0,20260925T013701Z
2026,1,REG,2026_01_DAL_NYG,202609130nyg,GaryRa00,Rashan Gary,DAL,NYG,0,0,0,,,,,,,,,,1,0,1,0.0,1,2,0,0.0,20260925T013701Z
2026,1,REG,2026_01_DAL_NYG,202609130nyg,OverLT00,LT Overton,DAL,NYG,0,1,0,0.0,,,0.0,,39.6,-4.0,,,0,0,0,0.0,0,1,0,0.0,20260925T013701Z
2026,1,REG,2026_01_DEN_KC,202609140kan,WillNo01,Nohl Williams,KC,DEN,0,4,2,0.5,18,9.0,4.5,0,62.5,11.0,5,13.0,1,0,0,1.0,1,3,1,0.25,20260925T013701Z
2026,1,REG,2026_01_DEN_KC,202609140kan,HickJa01,Jaden Hicks,KC,DEN,0,2,2,1.0,25,12.5,12.5,1,158.3,12.0,24,1.0,2,0,0,0.0,0,4,0,0.0,20260925T013701Z
2026,1,REG,2026_01_DEN_KC,202609140kan,GilmAl00,Alohi Gilman,KC,DEN,0,2,1,0.5,13,13.0,6.5,0,70.8,8.0,12,1.0,1,0,0,0.0,0,3,0,0.0,20260925T013701Z
2026,1,REG,2026_01_DEN_KC,202609140kan,MasoR01,R Mason Thomas,KC,DEN,0,0,0,,,,,,,,,,0,1,0,1.0,2,2,0,0.0,20260925T013701Z
2026,1,REG,2026_01_DEN_KC,202609140kan,JoneCh09,Chris Jones,KC,DEN,0,0,0,,,,,,,,,,0,1,0,0.0,1,1,0,0.0,20260925T013701Z
2026,1,REG,2026_01_DEN_KC,202609140kan,RolaCh00,Christian Roland-Wallace,KC,DEN,0,0,0,,,,,,,,,,1,0,0,0.0,0,0,0,,20260925T013701Z
2026,1,REG,2026_01_DEN_KC,202609140kan,MossRi00,Riley Moss,DEN,KC,0,6,4,0.667,33,8.3,5.5,1,120.1,9.3,17,16.0,0,0,0,0.0,0,6,2,0.25,20260925T013701Z
2026,1,REG,2026_01_DEN_KC,202609140kan,HufaTa00,Talanoa Hufanga,DEN,KC,0,2,1,0.5,4,4.0,2.0,0,56.2,12.0,-2,6.0,2,0,0,0.0,0,6,1,0.143,20260925T013701Z
2026,1,REG,2026_01_DEN_KC,202609140kan,BarrJa01,Jahdae Barron,DEN,KC,0,1,1,1.0,11,11.0,11.0,0,112.5,3.0,3,8.0,0,0,0,0.0,0,4,0,0.0,20260925T013701Z
2026,1,REG,2026_01_DEN_KC,202609140kan,RoacMa01,Malcolm Roach,DEN,KC,0,1,1,1.0,19,19.0,19.0,0,118.7,-5.0,-5,24.0,0,0,0,0.0,0,2,3,0.6,20260925T013701Z
2026,1,REG,2026_01_DEN_KC,202609140kan,AlleZa01,Zach Allen,DEN,KC,0,0,0,,,,,,,,,,0,0,1,2.0,3,5,0,0.0,20260925T013701Z
2026,1,REG,2026_01_DEN_KC,202609140kan,ElliJo03,Jonah Elliss,DEN,KC,0,0,0,,,,,,,,,,3,1,1,0.0,2,1,1,0.5,20260925T013701Z
2026,1,REG,2026_01_DEN_KC,202609140kan,RobiQu00,Quandarrius Robinson,DEN,KC,0,0,0,,,,,,,,,,7,0,1,0.0,1,4,0,0.0,20260925T013701Z
2026,1,REG,2026_01_DEN_KC,202609140kan,UwazEy00,Eyioma Uwazurike,DEN,KC,0,0,0,,,,,,,,,,0,0,0,0.0,0,3,1,0.25,20260925T013701Z
2026,2,REG,2026_02_DET_BUF,202609170buf,AlfoDe00,DeAundre Alford,BUF,DET,0,6,4,0.667,85,21.3,14.2,1,149.3,11.3,51,34.0,0,0,0,0.0,0,4,3,0.429,20260925T013701Z
2026,2,REG,2026_02_DET_BUF,202609170buf,BenfCh00,Christian Benford,BUF,DET,0,6,3,0.5,43,14.3,7.2,1,113.2,15.7,40,3.0,0,0,0,0.0,0,8,0,0.0,20260925T013701Z
2026,2,REG,2026_02_DET_BUF,202609170buf,HairMa00,Maxwell Hairston,BUF,DET,0,4,2,0.5,33,16.5,8.3,0,78.1,10.5,32,1.0,0,0,0,0.0,0,1,1,0.5,20260925T013701Z
2026,2,REG,2026_02_DET_BUF,202609170buf,WillDo04,Dorian Williams,BUF,DET,0,4,2,0.5,10,5.0,2.5,1,95.8,3.0,5,5.0,1,0,0,0.0,0,6,0,0.0,20260925T013701Z
2026,2,REG,2026_02_DET_BUF,202609170buf,IgbiDa01,Davison Igbinosun,BUF,DET,0,1,1,1.0,11,11.0,11.0,0,112.5,11.0,11,0.0,0,0,0,0.0,0,5,0,0.0,20260925T013701Z
2026,2,REG,2026_02_DET_BUF,202609170buf,ElarKa00,Kaleb Elarms-Orr,BUF,DET,0,1,1,1.0,9,9.0,9.0,0,104.2,4.0,4,5.0,0,0,0,0.0,0,2,0,0.0,20260925T013701Z
2026,2,REG,2026_02_DET_BUF,202609170buf,CartDe03,DeWayne Carter,BUF,DET,0,0,0,,,,,,,,,,0,2,0,0.0,2,1,0,0.0,20260925T013701Z
2026,2,REG,2026_02_DET_BUF,202609170buf,DannMi00,Michael Danna,BUF,DET,0,0,0,,,,,,,,,,0,1,1,0.0,2,0,0,,20260925T013701Z
2026,2,REG,2026_02_DET_BUF,202609170buf,GardCh00,C.J. Gardner-Johnson,BUF,DET,0,0,0,,,,,,,,,,0,0,0,0.0,0,1,1,0.5,20260925T013701Z
2026,2,REG,2026_02_DET_BUF,202609170buf,SoloJa00,Javon Solomon,BUF,DET,0,0,0,,,,,,,,,,1,0,0,0.0,0,1,1,0.5,20260925T013701Z
2026,2,REG,2026_02_DET_BUF,202609170buf,CampJa04,Jack Campbell,DET,BUF,0,6,4,0.667,42,10.5,7.0,1,126.4,6.2,31,11.0,7,0,1,0.0,1,6,0,0.0,20260925T013701Z
2026,2,REG,2026_02_DET_BUF,202609170buf,HarpTh00,Thomas Harper,DET,BUF,0,4,3,0.75,48,16.0,12.0,1,154.2,10.8,37,11.0,0,0,0,0.0,0,2,0,0.0,20260925T013701Z
2026,2,REG,2026_02_DET_BUF,202609170buf,BarnDe02,Derrick Barnes,DET,BUF,0,2,1,0.5,12,12.0,6.0,0,68.7,-2.0,1,11.0,6,0,0,1.0,1,7,0,0.0,20260925T013701Z
2026,2,REG,2026_02_DET_BUF,202609170buf,ReedD.00,D.J. Reed,DET,BUF,0,1,1,1.0,4,4.0,4.0,0,83.3,2.0,2,2.0,2,1,0,0.0,1,6,2,0.25,20260925T013701Z
2026,2,REG,2026_02_DET_BUF,202609170buf,ClarCh00,Chuck Clark,DET,BUF,0,1,1,1.0,6,6.0,6.0,0,91.7,2.0,2,4.0,0,0,0,0.0,0,11,0,0.0,20260925T013701Z
2026,2,REG,2026_02_DET_BUF,202609170buf,WillTy02,Tyleik Williams,DET,BUF,0,0,0,,,,,,,,,,0,1,1,0.0,2,5,0,0.0,20260925T013701Z
2026,2,REG,2026_02_DET_BUF,202609170buf,McNeAl00,Alim McNeill,DET,BUF,0,0,0,,,,,,,,,,0,1,1,0.0,2,2,0,0.0,20260925T013701Z
2026,2,REG,2026_02_DET_BUF,202609170buf,WonnDJ00,D.J. Wonnum,DET,BUF,0,0,0,,,,,,,,,,1,0,0,0.0,0,2,0,0.0,20260925T013701Z
2026,2,REG,2026_02_DET_BUF,202609170buf,LacyTy00,Tyler Lacy,DET,BUF,0,0,0,,,,,,,,,,0,0,0,0.0,0,2,1,0.333,20260925T013701Z
2026,2,REG,2026_02_CAR_ATL,202609200atl,WattXa00,Xavier Watts,ATL,CAR,0,5,5,1.0,67,13.4,13.4,1,158.3,10.4,52,15.0,0,1,0,0.0,1,7,0,0.0,20260925T013701Z
2026,2,REG,2026_02_CAR_ATL,202609200atl,HendCJ00,C.J. Henderson,ATL,CAR,0,7,5,0.714,42,8.4,6.0,1,126.2,8.1,35,7.0,0,0,0,0.0,0,4,0,0.0,20260925T013701Z
2026,2,REG,2026_02_CAR_ATL,202609200atl,TerrAv00,Avieon Terrell,ATL,CAR,0,6,2,0.333,15,7.5,2.5,0,42.4,11.0,15,0.0,0,0,0,0.0,0,1,0,0.0,20260925T013701Z
2026,2,REG,2026_02_CAR_ATL,202609200atl,EbukSa00,Samson Ebukam,ATL,CAR,0,1,1,1.0,8,8.0,8.0,0,100.0,-6.0,-6,14.0,0,0,1,0.5,2,2,0,0.0,20260925T013701Z
2026,2,REG,2026_02_CAR_ATL,202609200atl,PerkHa01,Harold Perkins,ATL,CAR,0,1,1,1.0,5,5.0,5.0,0,87.5,2.0,2,3.0,2,0,0,0.0,0,1,0,0.0,20260925T013701Z
2026,2,REG,2026_02_CAR_ATL,202609200atl,DaniKe00,Kendal Daniels,ATL,CAR,0,1,1,1.0,13,13.0,13.0,0,118.7,-1.0,-1,14.0,0,0,0,0.0,0,3,0,0.0,20260925T013701Z
2026,2,REG,2026_02_CAR_ATL,202609200atl,SmitMa07,Maason Smith,ATL,CAR,0,0,0,,,,,,,,,,0,1,0,0.0,1,3,0,0.0,20260925T013701Z
2026,2,REG,2026_02_CAR_ATL,202609200atl,LondLa00,LaCale London,ATL,CAR,0,0,0,,,,,,,,,,0,1,0,0.0,1,4,0,0.0,20260925T013701Z
2026,2,REG,2026_02_CAR_ATL,202609200atl,DorlBr00,Brandon Dorlus,ATL,CAR,0,0,0,,,,,,,,,,0,0,1,0.0,1,1,1,0.5,20260925T013701Z
2026,2,REG,2026_02_CAR_ATL,202609200atl,BrowSy00,Sydney Brown,ATL,CAR,0,0,0,,,,,,,,,,1,0,0,0.0,0,3,0,0.0,20260925T013701Z
2026,2,REG,2026_02_CAR_ATL,202609200atl,OkerBo00,Bobby Okereke,CAR,ATL,1,6,4,0.667,25,6.3,4.2,0,35.4,3.2,12,13.0,1,0,1,0.0,1,9,0,0.0,20260925T013701Z
2026,2,REG,2026_02_CAR_ATL,202609200atl,MoehTr00,Tre'von Moehrig,CAR,ATL,0,2,2,1.0,15,7.5,7.5,0,97.9,-0.5,-1,16.0,1,0,0,0.0,0,5,1,0.167,20260925T013701Z
2026,2,REG,2026_02_CAR_ATL,202609200atl,WheaZa00,Zakee Wheatley,CAR,ATL,0,1,1,1.0,7,7.0,7.0,0,95.8,7.0,7,0.0,0,0,0,0.0,0,5,0,0.0,20260925T013701Z
2026,2,REG,2026_02_CAR_ATL,202609200atl,HornJa00,Jaycee Horn,CAR,ATL,0,4,1,0.25,6,6.0,1.5,0,39.6,5.3,6,0.0,0,0,0,0.0,0,1,1,0.5,20260925T013701Z
2026,2,REG,2026_02_CAR_ATL,202609200atl,GipsTr00,Trevis Gipson,CAR,ATL,0,1,1,1.0,15,15.0,15.0,0,118.7,11.0,11,4.0,0,0,0,0.0,0,1,0,0.0,20260925T013701Z
2026,2,REG,2026_02_CAR_ATL,202609200atl,EvanAk00,Akayleb Evans,CAR,ATL,0,1,1,1.0,11,11.0,11.0,0,112.5,-3.0,-3,14.0,0,0,0,0.0,0,3,0,0.0,20260925T013701Z
2026,2,REG,2026_02_CAR_ATL,202609200atl,HallAa00,Aaron Hall,CAR,ATL,0,0,0,,,,,,,,,,0,0,1,0.0,1,6,0,0.0,20260925T013701Z
2026,2,REG,2026_02_CAR_ATL,202609200atl,KuwaJa00,Jackson Kuwatch,CAR,ATL,0,0,0,,,,,,,,,,3,1,0,0.0,1,0,0,,20260925T013701Z
2026,2,REG,2026_02_NO_BAL,202609200rav,HawkJa00,Jaylinn Hawkins,BAL,NO,0,5,4,0.8,96,24.0,19.2,0,118.7,5.0,25,71.0,0,0,0,0.0,0,5,1,0.167,20260925T013701Z
2026,2,REG,2026_02_NO_BAL,202609200rav,HamiKy00,Kyle Hamilton,BAL,NO,0,4,2,0.5,9,4.5,2.3,0,56.2,0.5,2,7.0,7,0,0,0.0,0,13,0,0.0,20260925T013701Z
2026,2,REG,2026_02_NO_BAL,202609200rav,SimpTr00,Trenton Simpson,BAL,NO,0,2,2,1.0,3,1.5,1.5,0,79.2,-0.5,-1,4.0,3,0,0,0.0,0,6,0,0.0,20260925T013701Z
2026,2,REG,2026_02_NO_BAL,202609200rav,GreeMi02,Mike Green,BAL,NO,0,0,0,,,,,,,,,,0,0,1,1.0,2,2,0,0.0,20260925T013701Z
2026,2,REG,2026_02_NO_BAL,202609200rav,YounZi00,Zion Young,BAL,NO,0,0,0,,,,,,,,,,0,0,0,0.0,0,3,1,0.25,20260925T013701Z
2026,2,REG,2026_02_NO_BAL,202609200rav,EmerMa00,Martin Emerson,NO,BAL,0,2,2,1.0,61,30.5,30.5,0,118.7,20.5,41,20.0,0,0,0,0.0,0,3,0,0.0,20260925T013701Z
2026,2,REG,2026_02_NO_BAL,202609200rav,ReidJu00,Justin Reid,NO,BAL,0,2,2,1.0,9,4.5,4.5,0,85.4,1.0,2,7.0,0,0,0,0.0,0,3,1,0.25,20260925T013701Z
2026,2,REG,2026_02_NO_BAL,202609200rav,GranCa01,Carl Granderson,NO,BAL,0,2,1,0.5,-3,-3.0,-1.5,0,56.2,-5.5,-8,5.0,0,2,0,0.0,2,5,0,0.0,20260925T013701Z
2026,2,REG,2026_02_NO_BAL,202609200rav,RileQu00,Quincy Riley,NO,BAL,0,4,1,0.25,25,25.0,6.3,0,53.1,11.5,25,0.0,0,0,0,0.0,0,1,0,0.0,20260925T013701Z
2026,2,REG,2026_02_NO_BAL,202609200rav,BrouVe00,Vernon Broughton,NO,BAL,0,0,0,,,,,,,,,,0,1,0,0.0,1,1,1,0.5,20260925T013701Z
2026,2,REG,2026_02_NO_BAL,202609200rav,JordCa00,Cameron Jordan,NO,BAL,0,0,0,,,,,,,,,,0,0,0,0.0,0,2,1,0.333,20260925T013701Z
2026,2,REG,2026_02_NO_BAL,202609200rav,StutDa00,Danny Stutsman,NO,BAL,0,0,0,,,,,,,,,,0,0,0,0.0,0,4,1,0.2,20260925T013701Z
2026,2,REG,2026_02_NO_BAL,202609200rav,WoodCo01,Colby Wooden,NO,BAL,0,0,0,,,,,,,,,,0,0,0,0.0,0,1,1,0.5,20260925T013701Z
2026,2,REG,2026_02_MIN_CHI,202609200chi,JohnJa13,Jaylon Johnson,CHI,MIN,0,3,3,1.0,41,13.7,13.7,0,118.7,9.3,28,13.0,0,0,0,0.0,0,4,0,0.0,20260925T013701Z
2026,2,REG,2026_02_MIN_CHI,202609200chi,MuhaMa00,Malik Muhammad,CHI,MIN,0,3,1,0.333,9,9.0,3.0,0,42.4,8.0,5,4.0,0,0,0,1.0,1,3,0,0.0,20260925T013701Z
2026,2,REG,2026_02_MIN_CHI,202609200chi,LewiCa00,Cameron Lewis,CHI,MIN,0,1,1,1.0,15,15.0,15.0,0,118.7,10.0,10,5.0,0,0,0,0.0,0,5,0,0.0,20260925T013701Z
2026,2,REG,2026_02_MIN_CHI,202609200chi,MurpBy00,Byron Murphy,MIN,CHI,1,7,5,0.714,50,10.0,7.1,0,51.8,4.9,19,31.0,0,0,0,0.0,0,7,0,0.0,20260925T013701Z
2026,2,REG,2026_02_MIN_CHI,202609200chi,WilsEr00,Eric Wilson,MIN,CHI,0,3,3,1.0,21,7.0,7.0,0,95.8,-0.7,-2,23.0,0,0,1,0.0,1,7,0,0.0,20260925T013701Z
2026,2,REG,2026_02_MIN_CHI,202609200chi,VanGAn00,Andrew Van Ginkel,MIN,CHI,0,2,2,1.0,12,6.0,6.0,0,91.7,-5.0,-10,22.0,0,2,2,1.0,5,3,0,0.0,20260925T013701Z
2026,2,REG,2026_02_MIN_CHI,202609200chi,MeteJo00,Josh Metellus,MIN,CHI,0,4,2,0.5,7,3.5,1.8,0,56.2,9.8,6,1.0,0,0,0,0.0,0,7,0,0.0,20260925T013701Z
2026,2,REG,2026_02_MIN_CHI,202609200chi,TurnDa01,Dallas Turner,MIN,CHI,0,1,1,1.0,3,3.0,3.0,0,79.2,4.0,4,-1.0,0,5,1,2.0,8,5,0,0.0,20260925T013701Z
2026,2,REG,2026_02_CIN_HOU,202609200htx,AlShAz00,Azeez Al-Shaair,HOU,CIN,0,7,6,0.857,39,6.5,5.6,0,89.9,3.1,16,23.0,2,0,0,0.0,0,12,1,0.077,20260925T013701Z
2026,2,REG,2026_02_CIN_HOU,202609200htx,LassKa00,Kamari Lassiter,HOU,CIN,0,5,4,0.8,13,3.3,2.6,0,79.2,0.2,6,7.0,0,0,0,0.0,0,5,0,0.0,20260925T013701Z
2026,2,REG,2026_02_CIN_HOU,202609200htx,BlanRe00,Reed Blankenship,HOU,CIN,0,6,3,0.5,53,17.7,8.8,1,120.1,10.0,45,8.0,2,0,1,0.0,1,5,0,0.0,20260925T013701Z
2026,2,REG,2026_02_CIN_HOU,202609200htx,StinDe00,Derek Stingley Jr.,HOU,CIN,0,6,2,0.333,55,27.5,9.2,1,107.6,13.5,54,1.0,0,0,0,0.0,0,3,0,0.0,20260925T013701Z
2026,2,REG,2026_02_CIN_HOU,202609200htx,BullCa00,Calen Bullock,HOU,CIN,0,1,1,1.0,18,18.0,18.0,0,118.7,14.0,14,4.0,0,0,0,0.0,0,0,0,,20260925T013701Z
2026,2,REG,2026_02_CIN_HOU,202609200htx,RankSh00,Sheldon Rankins,HOU,CIN,0,1,0,0.0,-1,,-1.0,0,39.6,-3.0,-3,2.0,0,0,1,1.0,2,3,0,0.0,20260925T013701Z
2026,2,REG,2026_02_CIN_HOU,202609200htx,RobiDo00,Dominique Robinson,HOU,CIN,0,1,0,0.0,,,0.0,,39.6,-4.0,,,0,0,0,0.0,0,0,0,,20260925T013701Z
2026,2,REG,2026_02_CIN_HOU,202609200htx,CookBr02,Bryan Cook,CIN,HOU,0,3,2,0.667,43,21.5,14.3,0,109.7,9.0,27,16.0,3,0,0,0.0,0,4,0,0.0,20260925T013701Z
2026,2,REG,2026_02_CIN_HOU,202609200htx,DaviJa06,Jalen Davis,CIN,HOU,0,5,2,0.4,51,25.5,10.2,0,77.9,11.8,30,21.0,0,0,0,0.0,0,3,1,0.25,20260925T013701Z
2026,2,REG,2026_02_CIN_HOU,202609200htx,HoweCa00,Cashius Howell,CIN,HOU,0,1,1,1.0,7,7.0,7.0,0,95.8,5.0,5,2.0,0,1,1,0.0,2,1,0,0.0,20260925T013701Z
2026,2,REG,2026_02_CIN_HOU,202609200htx,DaviTa01,Tacario Davis,CIN,HOU,0,1,1,1.0,11,11.0,11.0,0,112.5,9.0,9,2.0,0,0,0,0.0,0,2,0,0.0,20260925T013701Z
2026,2,REG,2026_02_CIN_HOU,202609200htx,JohnCe01,Cedric Johnson,CIN,HOU,0,0,0,,,,,,,,,,0,0,0,2.0,2,4,0,0.0,20260925T013701Z
2026,2,REG,2026_02_CIN_HOU,202609200htx,LawrDe03,Dexter Lawrence,CIN,HOU,0,0,0,,,,,,,,,,0,1,1,0.0,2,3,0,0.0,20260925T013701Z
2026,2,REG,2026_02_CIN_HOU,202609200htx,StewSh00,Shemar Stewart,CIN,HOU,0,0,0,,,,,,,,,,0,0,0,1.0,1,2,0,0.0,20260925T013701Z
2026,2,REG,2026_02_CIN_HOU,202609200htx,AlleJo01,Jonathan Allen,CIN,HOU,0,0,0,,,,,,,,,,0,0,0,1.0,1,3,0,0.0,20260925T013701Z
2026,2,REG,2026_02_CIN_HOU,202609200htx,JenkKr01,Kris Jenkins,CIN,HOU,0,0,0,,,,,,,,,,0,1,0,0.0,1,1,0,0.0,20260925T013701Z
2026,2,REG,2026_02_CIN_HOU,202609200htx,DuggKy00,Kyle Dugger,CIN,HOU,0,1,0,0.0,,,0.0,,39.6,7.0,,,0,0,0,0.0,0,2,0,0.0,20260925T013701Z
2026,2,REG,2026_02_PIT_NE,202609200nwe,WoodCh01,Charles Woods,NE,PIT,0,8,5,0.625,33,6.6,4.1,0,71.4,4.6,13,20.0,0,0,0,0.0,0,10,0,0.0,20260925T013701Z
2026,2,REG,2026_02_PIT_NE,202609200nwe,SpilRo00,Robert Spillane,NE,PIT,0,2,1,0.5,5,5.0,2.5,0,56.2,17.0,5,0.0,9,1,1,0.0,2,6,0,0.0,20260925T013701Z
2026,2,REG,2026_02_PIT_NE,202609200nwe,BarmCh00,Christian Barmore,NE,PIT,0,0,0,,,,,,,,,,0,0,0,1.0,1,1,0,0.0,20260925T013701Z
2026,2,REG,2026_02_PIT_NE,202609200nwe,DeanJa00,Jamel Dean,PIT,NE,0,5,4,0.8,51,12.8,10.2,0,109.2,9.0,39,12.0,0,0,0,0.0,0,3,0,0.0,20260925T013701Z
2026,2,REG,2026_02_PIT_NE,202609200nwe,HighAl02,Alex Highsmith,PIT,NE,0,1,1,1.0,4,4.0,4.0,0,83.3,-1.0,-1,5.0,0,0,2,1.0,3,3,0,0.0,20260925T013701Z
2026,2,REG,2026_02_PIT_NE,202609200nwe,WilsPa00,Payton Wilson,PIT,NE,0,2,1,0.5,30,30.0,15.0,0,95.8,12.0,25,5.0,2,1,0,0.0,1,6,1,0.143,20260925T013701Z
2026,2,REG,2026_02_PIT_NE,202609200nwe,HeywCa01,Cameron Heyward,PIT,NE,0,0,0,,,,,,,,,,0,0,1,0.0,1,3,0,0.0,20260925T013701Z
2026,2,REG,2026_02_PIT_NE,202609200nwe,SawyJa00,Jack Sawyer,PIT,NE,0,0,0,,,,,,,,,,0,1,0,0.0,1,0,0,,20260925T013701Z
2026,2,REG,2026_02_PIT_NE,202609200nwe,HarmDe01,Derrick Harmon,PIT,NE,0,0,0,,,,,,,,,,0,0,0,0.5,1,8,0,0.0,20260925T013701Z
2026,2,REG,2026_02_PIT_NE,202609200nwe,QueePa00,Patrick Queen,PIT,NE,1,3,0,0.0,4,,1.3,0,0.0,9.3,0,4.0,1,0,0,0.0,0,2,1,0.333,20260925T013701Z
2026,2,REG,2026_02_GB_NYJ,202609200nyj,BeltDa00,Dane Belton,NYJ,GB,0,7,3,0.429,53,17.7,7.6,0,69.3,15.0,42,11.0,0,0,0,0.0,0,6,0,0.0,20260925T013701Z
2026,2,REG,2026_02_GB_NYJ,202609200nyj,DaviDe00,Demario Davis,NYJ,GB,0,3,2,0.667,23,11.5,7.7,0,89.6,2.7,0,23.0,5,0,0,0.0,0,4,2,0.333,20260925T013701Z
2026,2,REG,2026_02_GB_NYJ,202609200nyj,BrowJa09,Jarvis Brownlee,NYJ,GB,0,4,2,0.5,7,3.5,1.8,1,95.8,11.0,-2,9.0,2,0,0,0.0,0,2,0,0.0,20260925T013701Z
2026,2,REG,2026_02_GB_NYJ,202609200nyj,BailDa02,David Bailey,NYJ,GB,0,2,1,0.5,20,20.0,10.0,0,85.4,9.0,20,0.0,0,1,0,1.0,2,3,0,0.0,20260925T013701Z
2026,2,REG,2026_02_GB_NYJ,202609200nyj,ThomAz00,Azareye'h Thomas,NYJ,GB,0,4,1,0.25,14,14.0,3.5,0,41.7,2.5,-7,21.0,0,0,0,0.0,0,2,1,0.333,20260925T013701Z
2026,2,REG,2026_02_GB_NYJ,202609200nyj,EnagKi00,Kingsley Enagbare,NYJ,GB,0,1,0,0.0,,,0.0,,39.6,10.0,,,0,0,0,1.0,1,3,1,0.25,20260925T013701Z
2026,2,REG,2026_02_GB_NYJ,202609200nyj,CiscAn00,Andre Cisco,NYJ,GB,0,4,0,0.0,18,,4.5,0,45.8,11.3,12,6.0,1,0,1,0.0,1,5,1,0.167,20260925T013701Z
2026,2,REG,2026_02_GB_NYJ,202609200nyj,SmitAr01,Arian Smith,NYJ,GB,0,0,0,,,,,,,,,,0,0,0,0.0,0,1,1,0.5,20260925T013701Z
2026,2,REG,2026_02_GB_NYJ,202609200nyj,CoopEd00,Edgerrin Cooper,GB,NYJ,0,5,4,0.8,74,18.5,14.8,0,118.7,1.0,5,69.0,9,0,0,1.0,1,8,1,0.111,20260925T013701Z
2026,2,REG,2026_02_GB_NYJ,202609200nyj,WillEv00,Evan Williams,GB,NYJ,0,5,2,0.4,24,12.0,4.8,0,55.4,12.2,13,11.0,4,2,1,0.0,3,10,0,0.0,20260925T013701Z
2026,2,REG,2026_02_GB_NYJ,202609200nyj,VanNLu00,Lukas Van Ness,GB,NYJ,0,1,1,1.0,0,0.0,0.0,0,79.2,-4.0,-4,4.0,0,1,2,1.5,5,10,0,0.0,20260925T013701Z
2026,2,REG,2026_02_GB_NYJ,202609200nyj,DennDa01,Dani Dennis-Sutton,GB,NYJ,0,1,1,1.0,4,4.0,4.0,0,83.3,1.0,1,3.0,0,2,0,0.5,3,6,1,0.143,20260925T013701Z
2026,2,REG,2026_02_GB_NYJ,202609200nyj,CoxxBr02,Brenton Cox,GB,NYJ,0,1,1,1.0,8,8.0,8.0,0,100.0,0.0,0,8.0,0,2,0,0.0,2,2,0,0.0,20260925T013701Z
2026,2,REG,2026_02_GB_NYJ,202609200nyj,ValeCa00,Carrington Valentine,GB,NYJ,0,1,1,1.0,1,1.0,1.0,0,79.2,-5.0,-5,6.0,0,0,0,0.0,0,0,0,,20260925T013701Z
2026,2,REG,2026_02_GB_NYJ,202609200nyj,FranZa00,Zaire Franklin,GB,NYJ,0,2,1,0.5,8,8.0,4.0,0,60.4,4.5,2,6.0,6,0,0,0.0,0,7,1,0.125,20260925T013701Z
2026,2,REG,2026_02_GB_NYJ,202609200nyj,WyatDe00,Devonte Wyatt,GB,NYJ,0,0,0,,,,,,,,,,0,1,0,0.0,1,1,0,0.0,20260925T013701Z
2026,2,REG,2026_02_GB_NYJ,202609200nyj,BrooKa00,Karl Brooks,GB,NYJ,0,0,0,,,,,,,,,,0,1,0,0.0,1,2,1,0.333,20260925T013701Z
2026,2,REG,2026_02_CLE_TB,202609200tam,McCoZy02,Zyon McCollum,TB,CLE,0,6,6,1.0,56,9.3,9.3,1,145.1,4.3,26,30.0,1,0,0,0.0,0,3,0,0.0,20260925T013701Z
2026,2,REG,2026_02_CLE_TB,202609200tam,TrotJo00,Josiah Trotter,TB,CLE,0,5,4,0.8,28,7.0,5.6,0,90.0,1.8,6,22.0,2,0,0,0.0,0,13,1,0.071,20260925T013701Z
2026,2,REG,2026_02_CLE_TB,202609200tam,AnzaAl00,Alex Anzalone,TB,CLE,0,5,3,0.6,102,34.0,20.4,1,143.7,5.2,26,76.0,2,0,0,0.0,0,8,2,0.2,20260925T013701Z
2026,2,REG,2026_02_CLE_TB,202609200tam,WinfAn00,Antoine Winfield Jr.,TB,CLE,0,2,1,0.5,21,21.0,10.5,0,87.5,9.5,15,6.0,2,0,1,0.0,1,4,1,0.2,20260925T013701Z
2026,2,REG,2026_02_CLE_TB,202609200tam,DiabYa00,YaYa Diaby,TB,CLE,0,2,1,0.5,6,6.0,3.0,0,56.2,2.5,4,2.0,3,0,1,0.0,1,3,1,0.25,20260925T013701Z
2026,2,REG,2026_02_CLE_TB,202609200tam,RobiAS00,A'Shawn Robinson,TB,CLE,0,0,0,,,,,,,,,,0,0,0,1.0,1,5,0,0.0,20260925T013701Z
2026,2,REG,2026_02_CLE_TB,202609200tam,NuneRa00,Rakeem Nunez-Roches,TB,CLE,0,1,0,0.0,5,,5.0,0,47.9,-4.0,-4,9.0,0,0,0,0.0,0,1,0,0.0,20260925T013701Z
2026,2,REG,2026_02_CLE_TB,202609200tam,WillQu01,Quincy Williams,CLE,TB,0,5,4,0.8,8,2.0,1.6,0,79.2,-4.2,-26,34.0,3,0,0,0.0,0,6,1,0.143,20260925T013701Z
2026,2,REG,2026_02_CLE_TB,202609200tam,HardMy00,Myles Harden,CLE,TB,1,7,3,0.429,26,8.7,3.7,0,13.7,10.9,7,19.0,0,0,0,0.0,0,5,0,0.0,20260925T013701Z
2026,2,REG,2026_02_CLE_TB,202609200tam,SchwCa00,Carson Schwesinger,CLE,TB,0,2,2,1.0,1,0.5,0.5,0,79.2,-3.5,-7,8.0,1,0,0,0.0,0,10,0,0.0,20260925T013701Z
2026,2,REG,2026_02_CLE_TB,202609200tam,VersJa00,Jared Verse,CLE,TB,0,1,1,1.0,-2,-2.0,-2.0,0,79.2,-6.0,-6,4.0,0,0,1,0.0,1,1,0,0.0,20260925T013701Z
2026,2,REG,2026_02_CLE_TB,202609200tam,McGuIs00,Isaiah McGuire,CLE,TB,0,1,1,1.0,9,9.0,9.0,0,104.2,5.0,5,4.0,0,0,0,0.0,0,4,0,0.0,20260925T013701Z
2026,2,REG,2026_02_CLE_TB,202609200tam,BlacMe00,Mekhi Blackmon,CLE,TB,0,3,1,0.333,6,6.0,2.0,0,42.4,16.0,5,1.0,0,0,0,0.0,0,2,0,0.0,20260925T013701Z
2026,2,REG,2026_02_CLE_TB,202609200tam,GrahMa00,Mason Graham,CLE,TB,0,0,0,,,,,,,,,,0,0,1,1.0,2,3,0,0.0,20260925T013701Z
2026,2,REG,2026_02_CLE_TB,202609200tam,WillSa00,Sam Williams,CLE,TB,0,0,0,,,,,,,,,,0,0,0,0.0,0,3,2,0.4,20260925T013701Z
2026,2,REG,2026_02_PHI_TEN,202609200oti,TaylAl01,Alontae Taylor,TEN,PHI,0,6,6,1.0,44,7.3,7.3,0,97.2,6.5,39,5.0,0,0,0,0.0,0,5,0,0.0,20260925T013701Z
2026,2,REG,2026_02_PHI_TEN,202609200oti,HookAm00,Amani Hooker,TEN,PHI,1,5,3,0.6,45,15.0,9.0,1,89.6,18.6,43,2.0,0,0,0,0.0,0,6,0,0.0,20260925T013701Z
2026,2,REG,2026_02_PHI_TEN,202609200oti,GrayCe00,Cedric Gray,TEN,PHI,0,3,2,0.667,9,4.5,3.0,0,70.1,-1.3,-4,13.0,0,0,0,0.0,0,4,0,0.0,20260925T013701Z
2026,2,REG,2026_02_PHI_TEN,202609200oti,HarrMa10,Marcus Harris,TEN,PHI,1,3,2,0.667,27,13.5,9.0,0,55.6,17.7,23,4.0,4,0,0,0.0,0,6,0,0.0,20260925T013701Z
2026,2,REG,2026_02_PHI_TEN,202609200oti,WinsKe02,Kevin Winston,TEN,PHI,0,3,1,0.333,33,33.0,11.0,0,75.7,16.0,31,2.0,1,0,0,0.0,0,8,0,0.0,20260925T013701Z
2026,2,REG,2026_02_PHI_TEN,202609200oti,SimmJe01,Jeffery Simmons,TEN,PHI,0,0,0,,,,,,,,,,0,0,3,1.0,4,6,0,0.0,20260925T013701Z
2026,2,REG,2026_02_PHI_TEN,202609200oti,JohnJe07,Jermaine Johnson II,TEN,PHI,0,0,0,,,,,,,,,,1,2,0,0.0,2,2,0,0.0,20260925T013701Z
2026,2,REG,2026_02_PHI_TEN,202609200oti,CampJi00,Jihaad Campbell,PHI,TEN,0,4,4,1.0,52,13.0,13.0,0,118.7,1.5,6,46.0,1,0,0,0.0,0,10,0,0.0,20260925T013701Z
2026,2,REG,2026_02_PHI_TEN,202609200oti,MukuAn00,Andrew Mukuba,PHI,TEN,0,1,1,1.0,9,9.0,9.0,0,104.2,6.0,6,3.0,0,0,0,0.0,0,6,0,0.0,20260925T013701Z
2026,2,REG,2026_02_PHI_TEN,202609200oti,EppsMa00,Marcus Epps,PHI,TEN,0,2,1,0.5,53,53.0,26.5,0,95.8,14.5,29,24.0,0,0,0,0.0,0,2,2,0.5,20260925T013701Z
2026,2,REG,2026_02_PHI_TEN,202609200oti,DeJeCo00,Cooper DeJean,PHI,TEN,0,1,1,1.0,5,5.0,5.0,0,87.5,4.0,4,1.0,2,0,0,0.0,0,5,0,0.0,20260925T013701Z
2026,2,REG,2026_02_PHI_TEN,202609200oti,CartJa05,Jalen Carter,PHI,TEN,0,0,0,,,,,,,,,,0,0,0,1.0,1,1,0,0.0,20260925T013701Z
2026,2,REG,2026_02_PHI_TEN,202609200oti,SmitNo02,Nolan Smith,PHI,TEN,0,0,0,,,,,,,,,,0,0,0,1.0,1,3,0,0.0,20260925T013701Z
2026,2,REG,2026_02_PHI_TEN,202609200oti,EpenAJ00,A.J. Epenesa,PHI,TEN,0,0,0,,,,,,,,,,0,0,0,0.0,0,0,1,1.0,20260925T013701Z
2026,2,REG,2026_02_JAX_DEN,202609200den,SingAl00,Alex Singleton,DEN,JAX,0,4,3,0.75,39,13.0,9.8,0,105.2,9.0,32,7.0,0,0,0,0.0,0,9,0,0.0,20260925T013701Z
2026,2,REG,2026_02_JAX_DEN,202609200den,SurtPa01,Patrick Surtain II,DEN,JAX,0,4,3,0.75,21,7.0,5.3,0,86.5,11.8,16,5.0,0,0,0,0.0,0,6,0,0.0,20260925T013701Z
2026,2,REG,2026_02_JAX_DEN,202609200den,MossRi00,Riley Moss,DEN,JAX,1,8,2,0.25,27,13.5,3.4,0,1.6,13.6,27,0.0,0,0,0,0.0,0,2,1,0.333,20260925T013701Z
2026,2,REG,2026_02_JAX_DEN,202609200den,HufaTa00,Talanoa Hufanga,DEN,JAX,0,1,1,1.0,-3,-3.0,-3.0,0,79.2,-3.0,-3,0.0,1,0,0,0.0,0,6,0,0.0,20260925T013701Z
2026,2,REG,2026_02_JAX_DEN,202609200den,ElliJo03,Jonah Elliss,DEN,JAX,0,2,1,0.5,2,2.0,1.0,0,56.2,-8.0,-6,8.0,0,0,0,0.0,0,3,0,0.0,20260925T013701Z
2026,2,REG,2026_02_JAX_DEN,202609200den,StrnJu00,Justin Strnad,DEN,JAX,0,1,1,1.0,11,11.0,11.0,0,112.5,11.0,11,0.0,1,0,0,0.0,0,7,0,0.0,20260925T013701Z
2026,2,REG,2026_02_JAX_DEN,202609200den,RobiQu00,Quandarrius Robinson,DEN,JAX,0,0,0,,,,,,,,,,0,0,0,1.0,1,3,0,0.0,20260925T013701Z
2026,2,REG,2026_02_JAX_DEN,202609200den,AlleZa01,Zach Allen,DEN,JAX,0,0,0,,,,,,,,,,0,0,1,0.0,1,1,0,0.0,20260925T013701Z
2026,2,REG,2026_02_JAX_DEN,202609200den,LewiJo01,Jourdan Lewis,JAX,DEN,1,7,5,0.714,51,10.2,7.3,1,92.0,11.7,36,15.0,3,0,0,0.0,0,4,0,0.0,20260925T013701Z
2026,2,REG,2026_02_JAX_DEN,202609200den,GardDe01,Dennis Gardeck,JAX,DEN,0,1,1,1.0,2,2.0,2.0,0,79.2,2.0,2,0.0,1,0,2,0.0,2,5,0,0.0,20260925T013701Z
2026,2,REG,2026_02_JAX_DEN,202609200den,JohnAn07,Antonio Johnson,JAX,DEN,0,2,1,0.5,8,8.0,4.0,0,60.4,1.5,8,0.0,3,1,0,0.0,1,6,0,0.0,20260925T013701Z
2026,2,REG,2026_02_JAX_DEN,202609200den,WalkTr03,Travon Walker,JAX,DEN,0,0,0,,,,,,,,,,0,0,1,0.0,1,3,0,0.0,20260925T013701Z
2026,2,REG,2026_02_JAX_DEN,202609200den,StriDa01,Danny Striggow,JAX,DEN,0,0,0,,,,,,,,,,0,0,0,0.0,0,1,1,0.5,20260925T013701Z
2026,2,REG,2026_02_LV_LAC,202609200sdg,HartCa00,Cam Hart,LAC,LV,1,5,3,0.6,60,20.0,12.0,0,62.5,17.8,60,0.0,0,0,0,0.0,0,4,0,0.0,20260925T013701Z
2026,2,REG,2026_02_LV_LAC,202609200sdg,DyexTr00,Troy Dye,LAC,LV,0,3,2,0.667,12,6.0,4.0,0,74.3,6.3,9,3.0,0,0,0,0.0,0,5,0,0.0,20260925T013701Z
2026,2,REG,2026_02_LV_LAC,202609200sdg,JeffTo00,Tony Jefferson,LAC,LV,0,3,2,0.667,26,13.0,8.7,1,133.3,17.0,24,2.0,1,0,0,0.0,0,6,0,0.0,20260925T013701Z
2026,2,REG,2026_02_LV_LAC,202609200sdg,SmitGe01,Genesis Smith,LAC,LV,0,3,2,0.667,49,24.5,16.3,1,149.3,18.3,46,3.0,0,0,0,0.0,0,1,0,0.0,20260925T013701Z
2026,2,REG,2026_02_LV_LAC,202609200sdg,StilTa00,Tarheeb Still,LAC,LV,0,1,1,1.0,27,27.0,27.0,0,118.7,13.0,13,14.0,1,0,0,0.0,0,2,0,0.0,20260925T013701Z
2026,2,REG,2026_02_LV_LAC,202609200sdg,TartTe00,Teair Tart,LAC,LV,0,0,0,,,,,,,,,,0,0,2,0.0,2,2,0,0.0,20260925T013701Z
2026,2,REG,2026_02_LV_LAC,202609200sdg,MackKh00,Khalil Mack,LAC,LV,0,0,0,,,,,,,,,,1,0,1,1.0,2,3,0,0.0,20260925T013701Z
2026,2,REG,2026_02_LV_LAC,202609200sdg,TuipTu00,Tuli Tuipulotu,LAC,LV,0,1,0,0.0,,,0.0,,39.6,8.0,,,5,0,1,0.0,1,1,0,0.0,20260925T013701Z
2026,2,REG,2026_02_LV_LAC,202609200sdg,DuprAl00,Bud Dupree,LAC,LV,0,0,0,,,,,,,,,,1,0,1,0.0,1,1,0,0.0,20260925T013701Z
2026,2,REG,2026_02_LV_LAC,202609200sdg,HenlDa00,Daiyan Henley,LAC,LV,0,3,0,0.0,,,0.0,,39.6,4.0,,,2,0,0,0.0,0,3,0,0.0,20260925T013701Z
2026,2,REG,2026_02_LV_LAC,202609200sdg,DeanNa00,Nakobe Dean,LV,LAC,0,3,3,1.0,29,9.7,9.7,0,106.9,-1.0,-3,32.0,4,0,1,0.5,2,10,2,0.167,20260925T013701Z
2026,2,REG,2026_02_LV_LAC,202609200sdg,WalkQu00,Quay Walker,LV,LAC,0,2,2,1.0,17,8.5,8.5,0,102.1,3.5,7,10.0,5,1,0,0.0,1,10,0,0.0,20260925T013701Z
2026,2,REG,2026_02_LV_LAC,202609200sdg,JohnTa01,Taron Johnson,LV,LAC,0,2,1,0.5,12,12.0,6.0,0,68.7,14.0,12,0.0,2,1,1,0.0,2,3,0,0.0,20260925T013701Z
2026,2,REG,2026_02_LV_LAC,202609200sdg,StokEr00,Eric Stokes,LV,LAC,0,5,1,0.2,5,5.0,1.0,0,39.6,14.6,5,0.0,1,0,0,1.0,1,4,0,0.0,20260925T013701Z
2026,2,REG,2026_02_LV_LAC,202609200sdg,BookTh00,Thomas Booker,LV,LAC,0,1,1,1.0,8,8.0,8.0,0,100.0,8.0,8,0.0,0,0,0,0.0,0,1,0,0.0,20260925T013701Z
2026,2,REG,2026_02_LV_LAC,202609200sdg,McCoJe00,Jermod McCoy,LV,LAC,0,1,1,1.0,15,15.0,15.0,0,118.7,3.0,3,12.0,1,0,0,0.0,0,2,0,0.0,20260925T013701Z
2026,2,REG,2026_02_LV_LAC,202609200sdg,KoonMa00,Malcolm Koonce,LV,LAC,0,0,0,,,,,,,,,,0,0,0,1.5,2,3,0,0.0,20260925T013701Z
2026,2,REG,2026_02_LV_LAC,202609200sdg,PayeKw00,Kwity Paye,LV,LAC,0,1,0,0.0,,,0.0,,39.6,-6.0,,,0,0,1,0.0,1,2,0,0.0,20260925T013701Z
2026,2,REG,2026_02_LV_LAC,202609200sdg,StukTr00,Treydan Stukes,LV,LAC,0,1,0,0.0,,,0.0,,39.6,18.0,,,1,0,0,0.0,0,4,1,0.2,20260925T013701Z
2026,2,REG,2026_02_SEA_ARI,202609200crd,BakeBu00,Budda Baker,ARI,SEA,0,8,5,0.625,126,25.2,15.8,2,145.8,10.6,65,61.0,1,0,0,1.0,1,11,0,0.0,20260925T013701Z
2026,2,REG,2026_02_SEA_ARI,202609200crd,JohnWi02,Will Johnson,ARI,SEA,0,7,3,0.429,35,11.7,5.0,0,58.6,14.6,23,12.0,0,0,0,0.0,0,4,0,0.0,20260925T013701Z
2026,2,REG,2026_02_SEA_ARI,202609200crd,WilsMa03,Mack Wilson,ARI,SEA,0,3,2,0.667,35,17.5,11.7,0,106.2,7.7,23,12.0,3,0,0,0.0,0,9,0,0.0,20260925T013701Z
2026,2,REG,2026_02_SEA_ARI,202609200crd,MeltMa00,Max Melton,ARI,SEA,0,3,2,0.667,16,8.0,5.3,1,119.4,8.3,16,0.0,0,0,0,0.0,0,3,0,0.0,20260925T013701Z
2026,2,REG,2026_02_SEA_ARI,202609200crd,WingAn01,Andrew Wingard,ARI,SEA,0,2,2,1.0,25,12.5,12.5,0,118.7,13.0,26,-1.0,2,0,0,0.0,0,8,2,0.2,20260925T013701Z
2026,2,REG,2026_02_SEA_ARI,202609200crd,RobiDa01,Darius Robinson,ARI,SEA,0,1,1,1.0,-10,-10.0,-10.0,0,79.2,-10.0,-10,0.0,0,0,0,0.0,0,6,0,0.0,20260925T013701Z
2026,2,REG,2026_02_SEA_ARI,202609200crd,SweaJo00,Josh Sweat,ARI,SEA,0,0,0,,,,,,,,,,0,1,0,0.0,1,1,0,0.0,20260925T013701Z
2026,2,REG,2026_02_SEA_ARI,202609200crd,GibbJa00,Jack Gibbens,ARI,SEA,0,2,0,0.0,23,,11.5,0,75.0,7.5,14,9.0,2,0,1,0.0,1,9,1,0.1,20260925T013701Z
2026,2,REG,2026_02_SEA_ARI,202609200crd,CollZa00,Zaven Collins,ARI,SEA,0,0,0,,,,,,,,,,1,0,0,0.0,0,5,0,0.0,20260925T013701Z
2026,2,REG,2026_02_SEA_ARI,202609200crd,JoneEr01,Ernest Jones,SEA,ARI,0,8,4,0.5,38,9.5,4.8,0,63.5,5.3,22,16.0,2,0,0,0.0,0,8,0,0.0,20260925T013701Z
2026,2,REG,2026_02_SEA_ARI,202609200crd,LoveJu00,Julian Love,SEA,ARI,1,5,1,0.2,12,12.0,2.4,0,0.0,8.0,2,10.0,1,0,0,0.0,0,3,0,0.0,20260925T013701Z
2026,2,REG,2026_02_SEA_ARI,202609200crd,HallDe04,Derick Hall,SEA,ARI,0,1,0,0.0,,,0.0,,39.6,-5.0,,,0,0,3,0.0,3,1,0,0.0,20260925T013701Z
2026,2,REG,2026_02_SEA_ARI,202609200crd,ReedJa02,Jarran Reed,SEA,ARI,0,0,0,,,,,,,,,,0,1,1,1.0,3,1,0,0.0,20260925T013701Z
2026,2,REG,2026_02_SEA_ARI,202609200crd,WillLe02,Leonard Williams,SEA,ARI,0,0,0,,,,,,,,,,0,0,0,1.0,1,6,0,0.0,20260925T013701Z
2026,2,REG,2026_02_WAS_DAL,202609200dal,ReveSh00,Shavon Revel,DAL,WAS,0,10,5,0.5,53,10.6,5.3,0,65.8,7.2,19,34.0,0,0,0,0.0,0,3,2,0.4,20260925T013701Z
2026,2,REG,2026_02_WAS_DAL,202609200dal,BarhJa01,Jaishawn Barham,DAL,WAS,0,4,4,1.0,15,3.8,3.8,0,82.3,-0.5,-2,17.0,0,0,0,0.0,0,7,0,0.0,20260925T013701Z
2026,2,REG,2026_02_WAS_DAL,202609200dal,BlanDa00,DaRon Bland,DAL,WAS,0,7,3,0.429,23,7.7,3.3,0,51.5,8.1,15,8.0,0,0,0,0.0,0,5,0,0.0,20260925T013701Z
2026,2,REG,2026_02_WAS_DAL,202609200dal,WintDe00,Dee Winters,DAL,WAS,0,3,3,1.0,21,7.0,7.0,0,95.8,3.7,11,10.0,2,0,0,0.0,0,9,1,0.1,20260925T013701Z
2026,2,REG,2026_02_WAS_DAL,202609200dal,ThomJa04,Jalen Thompson,DAL,WAS,0,1,1,1.0,10,10.0,10.0,0,108.3,10.0,10,0.0,1,0,0,0.0,0,5,0,0.0,20260925T013701Z
2026,2,REG,2026_02_WAS_DAL,202609200dal,LawrMa01,Malachi Lawrence,DAL,WAS,0,0,0,,,,,,,,,,0,1,1,0.0,2,1,0,0.0,20260925T013701Z
2026,2,REG,2026_02_WAS_DAL,202609200dal,OverLT00,LT Overton,DAL,WAS,0,0,0,,,,,,,,,,0,1,0,0.0,1,1,0,0.0,20260925T013701Z
2026,2,REG,2026_02_WAS_DAL,202609200dal,EzeiDo00,Donovan Ezeiruaku,DAL,WAS,0,0,0,,,,,,,,,,0,1,0,0.0,1,3,1,0.25,20260925T013701Z
2026,2,REG,2026_02_WAS_DAL,202609200dal,ClarKe01,Kenny Clark,DAL,WAS,0,0,0,,,,,,,,,,0,0,1,0.0,1,3,0,0.0,20260925T013701Z
2026,2,REG,2026_02_WAS_DAL,202609200dal,BullJo00,Jonathan Bullard,DAL,WAS,0,0,0,,,,,,,,,,0,0,1,0.0,1,0,0,,20260925T013701Z
2026,2,REG,2026_02_WAS_DAL,202609200dal,WillQu00,Quinnen Williams,DAL,WAS,0,0,0,,,,,,,,,,0,0,1,0.0,1,4,0,0.0,20260925T013701Z
2026,2,REG,2026_02_WAS_DAL,202609200dal,DuraDe01,Cobie Durant,DAL,WAS,0,2,0,0.0,,,0.0,,39.6,28.5,,,0,0,0,0.0,0,1,1,0.5,20260925T013701Z
2026,2,REG,2026_02_WAS_DAL,202609200dal,SainMi00,Mike Sainristil,WAS,DAL,0,6,5,0.833,86,17.2,14.3,1,158.3,18.7,81,5.0,0,0,0,0.0,0,4,0,0.0,20260925T013701Z
2026,2,REG,2026_02_WAS_DAL,202609200dal,MartJa04,Quan Martin,WAS,DAL,0,1,1,1.0,23,23.0,23.0,0,118.7,21.0,21,2.0,0,0,0,0.0,0,2,0,0.0,20260925T013701Z
2026,2,REG,2026_02_WAS_DAL,202609200dal,JeanJa00,Javontae Jean-Baptiste,WAS,DAL,0,1,1,1.0,7,7.0,7.0,0,95.8,-1.0,-1,8.0,0,0,0,0.0,0,2,0,0.0,20260925T013701Z
2026,2,REG,2026_02_WAS_DAL,202609200dal,ArmsDo00,Dorance Armstrong Jr.,WAS,DAL,0,0,0,,,,,,,,,,0,1,1,0.0,2,5,0,0.0,20260925T013701Z
2026,2,REG,2026_02_WAS_DAL,202609200dal,OwehJa00,Odafe Oweh,WAS,DAL,0,0,0,,,,,,,,,,0,0,1,0.0,1,2,0,0.0,20260925T013701Z
2026,2,REG,2026_02_WAS_DAL,202609200dal,KinlJa00,Javon Kinlaw,WAS,DAL,0,0,0,,,,,,,,,,0,0,0,1.0,1,2,1,0.333,20260925T013701Z
2026,2,REG,2026_02_MIA_SF,202609200sfo,LenoDe00,Deommodore Lenoir,SF,MIA,0,2,2,1.0,12,6.0,6.0,0,91.7,5.0,10,2.0,0,0,0,0.0,0,4,0,0.0,20260925T013701Z
2026,2,REG,2026_02_MIA_SF,202609200sfo,JoneJa10,Jack Jones,SF,MIA,0,2,1,0.5,11,11.0,5.5,0,66.7,8.5,5,6.0,0,0,0,0.0,0,0,1,1.0,20260925T013701Z
2026,2,REG,2026_02_MIA_SF,202609200sfo,BosaNi00,Nick Bosa,SF,MIA,0,0,0,,,,,,,,,,0,3,0,0.0,3,3,0,0.0,20260925T013701Z
2026,2,REG,2026_02_MIA_SF,202609200sfo,OdigOs00,Osa Odighizuwa,SF,MIA,0,0,0,,,,,,,,,,0,0,1,0.0,1,2,1,0.333,20260925T013701Z
2026,2,REG,2026_02_MIA_SF,202609200sfo,WhitKe03,Keion White,SF,MIA,0,0,0,,,,,,,,,,0,0,0,1.0,1,2,0,0.0,20260925T013701Z
2026,2,REG,2026_02_MIA_SF,202609200sfo,BrowJi01,Ji'Ayir Brown,SF,MIA,0,2,0,0.0,,,0.0,,39.6,4.0,,,1,0,0,0.0,0,13,1,0.071,20260925T013701Z
2026,2,REG,2026_02_MIA_SF,202609200sfo,GayJWi00,Willie Gay Jr.,MIA,SF,0,3,3,1.0,50,16.7,16.7,1,158.3,13.7,41,9.0,0,0,0,0.0,0,3,0,0.0,20260925T013701Z
2026,2,REG,2026_02_MIA_SF,202609200sfo,MarsJa00,Jason Marshall,MIA,SF,0,3,3,1.0,47,15.7,15.7,0,118.7,14.0,42,5.0,1,0,0,0.0,0,6,1,0.143,20260925T013701Z
2026,2,REG,2026_02_MIA_SF,202609200sfo,BrooJo01,Jordyn Brooks,MIA,SF,0,2,2,1.0,24,12.0,12.0,0,116.7,4.5,9,15.0,6,0,0,0.0,0,3,0,0.0,20260925T013701Z
2026,2,REG,2026_02_MIA_SF,202609200sfo,UcheJo00,Joshua Uche,MIA,SF,0,1,1,1.0,8,8.0,8.0,0,100.0,3.0,3,5.0,0,0,0,0.0,0,6,0,0.0,20260925T013701Z
2026,2,REG,2026_02_MIA_SF,202609200sfo,TradDa00,Dante Trader,MIA,SF,0,1,1,1.0,27,27.0,27.0,0,118.7,19.0,19,8.0,0,0,0,0.0,0,2,0,0.0,20260925T013701Z
2026,2,REG,2026_02_MIA_SF,202609200sfo,PhilJo02,Jordan Phillips,MIA,SF,0,0,0,,,,,,,,,,0,0,0,0.0,0,1,1,0.5,20260925T013701Z
2026,2,REG,2026_02_IND_KC,202609200kan,SneeLJ00,L'Jarius Sneed,KC,IND,0,12,9,0.75,116,12.9,9.7,1,132.6,10.1,82,34.0,0,0,0,0.0,0,7,0,0.0,20260925T013701Z
2026,2,REG,2026_02_IND_KC,202609200kan,RolaCh00,Christian Roland-Wallace,KC,IND,0,1,1,1.0,14,14.0,14.0,0,118.7,14.0,14,0.0,0,0,0,0.0,0,1,0,0.0,20260925T013701Z
2026,2,REG,2026_02_IND_KC,202609200kan,BoltNi00,Nick Bolton,KC,IND,0,1,1,1.0,7,7.0,7.0,0,95.8,0.0,0,7.0,5,0,0,0.0,0,13,2,0.133,20260925T013701Z
2026,2,REG,2026_02_IND_KC,202609200kan,AnudFe00,Felix Anudike-Uzomah,KC,IND,0,0,0,,,,,,,,,,0,0,2,0.0,2,0,0,,20260925T013701Z
2026,2,REG,2026_02_IND_KC,202609200kan,TongKh00,Khyiris Tonga,KC,IND,0,0,0,,,,,,,,,,0,0,0,0.0,0,0,2,1.0,20260925T013701Z
2026,2,REG,2026_02_IND_KC,202609200kan,GilmAl00,Alohi Gilman,KC,IND,0,1,0,0.0,,,0.0,,39.6,7.0,,,2,0,0,0.0,0,5,0,0.0,20260925T013701Z
2026,2,REG,2026_02_IND_KC,202609200kan,DaviAk01,Akeem Davis-Gaither,IND,KC,0,6,6,1.0,63,10.5,10.5,0,110.4,3.5,21,42.0,4,0,0,0.0,0,14,1,0.067,20260925T013701Z
2026,2,REG,2026_02_IND_KC,202609200kan,WallJu00,Justin Walley,IND,KC,0,5,5,1.0,59,11.8,11.8,1,155.4,2.4,12,47.0,1,0,0,0.0,0,5,4,0.444,20260925T013701Z
2026,2,REG,2026_02_IND_KC,202609200kan,GardSa00,Sauce Gardner,IND,KC,0,6,4,0.667,50,12.5,8.3,0,92.4,5.2,20,30.0,0,0,0,0.0,0,6,2,0.25,20260925T013701Z
2026,2,REG,2026_02_IND_KC,202609200kan,WohlHu00,Hunter Wohler,IND,KC,0,2,2,1.0,31,15.5,15.5,1,158.3,15.0,30,1.0,0,0,0,0.0,0,8,0,0.0,20260925T013701Z
2026,2,REG,2026_02_IND_KC,202609200kan,LatuLa00,Laiatu Latu,IND,KC,0,1,1,1.0,11,11.0,11.0,0,112.5,6.0,6,5.0,0,1,0,0.0,1,4,0,0.0,20260925T013701Z
2026,2,REG,2026_02_IND_KC,202609200kan,TillJe00,Jerry Tillery,IND,KC,0,2,1,0.5,18,18.0,9.0,0,81.2,-3.5,-3,21.0,0,0,0,1.0,1,3,1,0.25,20260925T013701Z
2026,2,REG,2026_02_IND_KC,202609200kan,GushKa00,Kapena Gushiken,IND,KC,0,2,1,0.5,-2,-2.0,-1.0,0,56.2,2.5,-4,2.0,0,0,0,0.0,0,2,0,0.0,20260925T013701Z
2026,2,REG,2026_02_IND_KC,202609200kan,TaylCa01,Cam Taylor-Britt,IND,KC,0,2,1,0.5,10,10.0,5.0,0,64.6,8.0,8,2.0,0,0,0,0.0,0,5,0,0.0,20260925T013701Z
2026,2,REG,2026_02_IND_KC,202609200kan,ClemMi03,Micheal Clemons,IND,KC,0,1,1,1.0,6,6.0,6.0,0,91.7,-8.0,-8,14.0,0,0,0,0.0,0,0,1,1.0,20260925T013701Z
2026,2,REG,2026_02_IND_KC,202609200kan,StewGr00,Grover Stewart,IND,KC,0,0,0,,,,,,,,,,0,1,1,0.0,2,4,0,0.0,20260925T013701Z
2026,2,REG,2026_02_IND_KC,202609200kan,BuckDe00,DeForest Buckner,IND,KC,0,0,0,,,,,,,,,,0,0,0,1.0,1,5,1,0.167,20260925T013701Z
2026,2,REG,2026_02_IND_KC,202609200kan,HaulAJ00,A.J. Haulcy,IND,KC,0,2,0,0.0,,,0.0,,39.6,16.5,,,0,0,0,0.0,0,2,2,0.5,20260925T013701Z
2026,2,REG,2026_02_NYG_LA,202609210ram,WallJo00,Josh Wallace,LA,NYG,0,2,2,1.0,16,8.0,8.0,0,100.0,4.5,9,7.0,0,0,0,0.0,0,3,0,0.0,20260925T013701Z
2026,2,REG,2026_02_NYG_LA,202609210ram,CurlKa00,Kamren Curl,LA,NYG,0,4,2,0.5,15,7.5,3.8,0,59.4,12.3,13,2.0,3,0,0,0.0,0,4,1,0.2,20260925T013701Z
2026,2,REG,2026_02_NYG_LA,202609210ram,LandNa01,Nathan Landman,LA,NYG,0,2,1,0.5,-2,-2.0,-1.0,0,56.2,-1.5,-2,0.0,5,0,0,0.0,0,7,1,0.125,20260925T013701Z
2026,2,REG,2026_02_NYG_LA,202609210ram,SpeiOm00,Omar Speights,LA,NYG,0,2,1,0.5,19,19.0,9.5,0,83.3,9.0,-1,20.0,1,0,0,0.0,0,5,1,0.167,20260925T013701Z
2026,2,REG,2026_02_NYG_LA,202609210ram,YounBy01,Byron Young,LA,NYG,0,0,0,,,,,,,,,,9,1,2,1.0,4,5,0,0.0,20260925T013701Z
2026,2,REG,2026_02_NYG_LA,202609210ram,McCoJa02,Jaylen McCollough,LA,NYG,0,0,0,,,,,,,,,,2,0,1,0.0,1,1,0,0.0,20260925T013701Z
2026,2,REG,2026_02_NYG_LA,202609210ram,JohnDe08,Desjuan Johnson,LA,NYG,0,0,0,,,,,,,,,,1,0,1,0.0,1,1,0,0.0,20260925T013701Z
2026,2,REG,2026_02_NYG_LA,202609210ram,TurnKo00,Kobie Turner,LA,NYG,0,0,0,,,,,,,,,,0,0,1,0.0,1,4,0,0.0,20260925T013701Z
2026,2,REG,2026_02_NYG_LA,202609210ram,FiskBr00,Braden Fiske,LA,NYG,0,0,0,,,,,,,,,,0,0,1,0.0,1,0,0,,20260925T013701Z
2026,2,REG,2026_02_NYG_LA,202609210ram,ForbEm00,Emmanuel Forbes,LA,NYG,0,2,0,0.0,,,0.0,,39.6,31.0,,,0,0,0,0.0,0,0,0,,20260925T013701Z
2026,2,REG,2026_02_NYG_LA,202609210ram,DonaAa00,Aaron Donald,LA,NYG,0,1,0,0.0,,,0.0,,39.6,-1.0,,,0,0,0,0.0,0,3,0,0.0,20260925T013701Z
2026,2,REG,2026_02_NYG_LA,202609210ram,EdmuTr01,Tremaine Edmunds,NYG,LA,0,4,4,1.0,44,11.0,11.0,1,152.1,3.0,12,32.0,2,0,0,0.0,0,5,1,0.167,20260925T013701Z
2026,2,REG,2026_02_NYG_LA,202609210ram,HoodCo00,Colton Hood,NYG,LA,0,5,4,0.8,42,10.5,8.4,2,141.2,14.8,35,7.0,0,0,0,0.0,0,3,0,0.0,20260925T013701Z
2026,2,REG,2026_02_NYG_LA,202609210ram,ThibKa00,Kayvon Thibodeaux,NYG,LA,0,3,2,0.667,21,10.5,7.0,0,86.8,-2.0,-6,27.0,2,0,0,0.0,0,0,0,,20260925T013701Z
2026,2,REG,2026_02_NYG_LA,202609210ram,ReesAr00,Arvell Reese,NYG,LA,0,1,1,1.0,4,4.0,4.0,0,83.3,4.0,4,0.0,6,0,0,0.0,0,7,1,0.125,20260925T013701Z
2026,2,REG,2026_02_NYG_LA,202609210ram,CartAb00,Abdul Carter,NYG,LA,0,0,0,,,,,,,,,,3,0,0,1.0,1,3,1,0.25,20260925T013701Z
2026,2,REG,2026_02_NYG_LA,202609210ram,TupoJo00,Josh Tupou,NYG,LA,0,0,0,,,,,,,,,,0,0,0,0.0,0,0,1,1.0,20260925T013701Z
2026,2,REG,2026_02_NYG_LA,202609210ram,PhilAn02,Andru Phillips,NYG,LA,0,0,0,,,,,,,,,,0,0,0,0.0,0,1,1,0.5,20260925T013701Z
2026,2,REG,2026_02_NYG_LA,202609210ram,GolsCh00,Chauncey Golston,NYG,LA,0,0,0,,,,,,,,,,0,0,0,0.0,0,4,1,0.2,20260925T013701Z
