season,week,season_type,game_id,player_id,team,opponent_team,touches,scrimmage_yards,scrimmage_tds,yards_per_touch,scrimmage_first_downs,scrimmage_fumbles,carries,rushing_yards,rushing_tds,receptions,targets,receiving_yards,receiving_tds,ingest_run_id
2026,1,REG,2026_01_ATL_PIT,00-0023459,PIT,ATL,3,-3,0,-1.0,0,0,3,-3,0,0,0,0,0,20260925T013701Z
2026,1,REG,2026_01_ATL_PIT,00-0025565,ATL,PIT,0,0,0,,0,0,0,0,0,0,0,0,0,20260925T013701Z
2026,1,REG,2026_01_BAL_IND,00-0026190,BAL,IND,0,0,0,,0,0,0,0,0,0,0,0,0,20260925T013701Z
2026,1,REG,2026_01_SF_LA,00-0026498,LA,SF,2,-1,0,-0.5,0,0,2,-1,0,0,0,0,0,20260925T013701Z
2026,1,REG,2026_01_ATL_PIT,00-0027969,PIT,ATL,0,0,0,,0,0,0,0,0,0,0,0,0,20260925T013701Z
2026,1,REG,2026_01_MIA_LV,00-0029604,LV,MIA,5,-6,0,-1.2,0,0,5,-6,0,0,0,0,0,20260925T013701Z
2026,1,REG,2026_01_GB_MIN,00-0029606,MIN,GB,0,0,0,,0,0,0,0,0,0,0,0,0,20260925T013701Z
2026,1,REG,2026_01_NYJ_TEN,00-0029607,NYJ,TEN,0,0,0,,0,0,0,0,0,0,0,0,0,20260925T013701Z
2026,1,REG,2026_01_DAL_NYG,00-0029692,DAL,NYG,0,0,0,,0,0,0,0,0,0,0,0,0,20260925T013701Z
2026,1,REG,2026_01_GB_MIN,00-0029714,MIN,GB,0,0,0,,0,0,0,0,0,0,0,0,0,20260925T013701Z
2026,1,REG,2026_01_CHI_CAR,00-0030092,CAR,CHI,0,0,0,,0,0,0,0,0,0,0,0,0,20260925T013701Z
2026,1,REG,2026_01_WAS_PHI,00-0030140,WAS,PHI,0,0,0,,0,0,0,0,0,0,0,0,0,20260925T013701Z
2026,1,REG,2026_01_BAL_IND,00-0030279,IND,BAL,6,32,0,5.3333,1,0,0,0,0,6,6,32,0,20260925T013701Z
2026,1,REG,2026_01_ARI_LAC,00-0030294,LAC,ARI,0,0,0,,0,0,0,0,0,0,0,0,0,20260925T013701Z
2026,1,REG,2026_01_DEN_KC,00-0030506,KC,DEN,3,71,0,23.6667,2,0,0,0,0,3,5,71,0,20260925T013701Z
2026,1,REG,2026_01_NYJ_TEN,00-0030565,NYJ,TEN,6,7,0,1.1667,0,1,6,7,0,0,0,0,0,20260925T013701Z
2026,1,REG,2026_01_ARI_LAC,00-0031040,LAC,ARI,0,0,0,,0,0,0,0,0,0,0,0,0,20260925T013701Z
2026,1,REG,2026_01_ATL_PIT,00-0031136,PIT,ATL,0,0,0,,0,0,0,0,0,0,0,0,0,20260925T013701Z
2026,1,REG,2026_01_CHI_CAR,00-0031203,CHI,CAR,0,0,0,,0,0,0,0,0,0,0,0,0,20260925T013701Z
2026,1,REG,2026_01_ATL_PIT,00-0031279,ATL,PIT,0,0,0,,0,0,0,0,0,0,0,0,0,20260925T013701Z
2026,1,REG,2026_01_NE_SEA,00-0031330,NE,SEA,0,0,0,,0,0,0,0,0,0,0,0,0,20260925T013701Z
2026,1,REG,2026_01_GB_MIN,00-0031360,MIN,GB,0,0,0,,0,0,0,0,0,0,0,0,0,20260925T013701Z
2026,1,REG,2026_01_BUF_HOU,00-0031364,HOU,BUF,0,0,0,,0,0,0,0,0,0,0,0,0,20260925T013701Z
2026,1,REG,2026_01_SF_LA,00-0031381,LA,SF,3,26,0,8.6667,1,0,0,0,0,3,6,26,0,20260925T013701Z
2026,1,REG,2026_01_SF_LA,00-0031408,SF,LA,6,49,1,8.1667,6,0,0,0,0,6,7,49,1,20260925T013701Z
2026,1,REG,2026_01_NE_SEA,00-0031411,SEA,NE,0,0,0,,0,0,0,0,0,0,0,0,0,20260925T013701Z
2026,1,REG,2026_01_NE_SEA,00-0031492,SEA,NE,0,0,0,,0,0,0,0,0,0,0,0,0,20260925T013701Z
2026,1,REG,2026_01_BUF_HOU,00-0031565,HOU,BUF,0,0,0,,0,0,0,0,0,0,0,0,0,20260925T013701Z
2026,1,REG,2026_01_ATL_PIT,00-0031576,ATL,PIT,0,0,0,,0,0,0,0,0,0,0,0,0,20260925T013701Z
2026,1,REG,2026_01_CHI_CAR,00-0031583,CHI,CAR,0,0,0,,0,0,0,0,0,0,0,0,0,20260925T013701Z
2026,1,REG,2026_01_WAS_PHI,00-0031588,WAS,PHI,4,55,1,13.75,4,0,0,0,0,4,9,55,1,20260925T013701Z
2026,1,REG,2026_01_CHI_CAR,00-0031610,CAR,CHI,2,28,0,14.0,2,0,0,0,0,2,2,28,0,20260925T013701Z
2026,1,REG,2026_01_DEN_KC,00-0031898,DEN,KC,0,0,0,,0,0,0,0,0,0,0,0,0,20260925T013701Z
2026,1,REG,2026_01_NE_SEA,00-0031933,SEA,NE,0,0,0,,0,0,0,0,0,0,0,0,0,20260925T013701Z
2026,1,REG,2026_01_TB_CIN,00-0031957,TB,CIN,0,0,0,,0,0,0,0,0,0,0,0,0,20260925T013701Z
2026,1,REG,2026_01_MIA_LV,00-0032065,MIA,LV,0,0,0,,0,0,0,0,0,0,0,0,0,20260925T013701Z
2026,1,REG,2026_01_BUF_HOU,00-0032071,HOU,BUF,0,0,0,,0,0,0,0,0,0,0,0,0,20260925T013701Z
2026,1,REG,2026_01_CLE_JAX,00-0032104,JAX,CLE,5,32,0,6.4,1,0,4,32,0,1,1,0,0,20260925T013701Z
2026,1,REG,2026_01_ARI_LAC,00-0032146,LAC,ARI,0,0,0,,0,0,0,0,0,0,0,0,0,20260925T013701Z
2026,1,REG,2026_01_CLE_JAX,00-0032164,JAX,CLE,0,0,0,,0,0,0,0,0,0,0,0,0,20260925T013701Z
2026,1,REG,2026_01_BUF_HOU,00-0032265,HOU,BUF,0,0,0,,0,0,0,0,0,0,0,0,0,20260925T013701Z
2026,1,REG,2026_01_BAL_IND,00-0032378,IND,BAL,0,0,0,,0,0,0,0,0,0,0,0,0,20260925T013701Z
2026,1,REG,2026_01_NE_SEA,00-0032387,SEA,NE,0,0,0,,0,0,0,0,0,0,0,0,0,20260925T013701Z
2026,1,REG,2026_01_BAL_IND,00-0032398,BAL,IND,1,53,0,53.0,1,0,0,0,0,1,2,53,0,20260925T013701Z
2026,1,REG,2026_01_DAL_NYG,00-0032424,NYG,DAL,0,0,0,,0,0,0,0,0,0,0,0,0,20260925T013701Z
2026,1,REG,2026_01_CHI_CAR,00-0032464,CHI,CAR,8,84,0,10.5,5,0,0,0,0,8,9,84,0,20260925T013701Z
2026,1,REG,2026_01_DEN_KC,00-0032569,DEN,KC,0,0,0,,0,0,0,0,0,0,0,0,0,20260925T013701Z
2026,1,REG,2026_01_SF_LA,00-0032701,SF,LA,1,2,0,2.0,0,0,0,0,0,1,1,2,0,20260925T013701Z
2026,1,REG,2026_01_BUF_HOU,00-0032726,HOU,BUF,0,0,0,,0,0,0,0,0,0,0,0,0,20260925T013701Z
2026,1,REG,2026_01_BAL_IND,00-0032753,IND,BAL,0,0,0,,0,0,0,0,0,0,0,0,0,20260925T013701Z
2026,1,REG,2026_01_BUF_HOU,00-0032759,HOU,BUF,0,0,0,,0,0,0,0,0,0,0,0,0,20260925T013701Z
2026,1,REG,2026_01_DEN_KC,00-0032762,KC,DEN,0,0,0,,0,0,0,0,0,0,0,0,0,20260925T013701Z
2026,1,REG,2026_01_BAL_IND,00-0032764,BAL,IND,25,163,3,6.52,8,0,24,144,3,1,1,19,0,20260925T013701Z
2026,1,REG,2026_01_SF_LA,00-0032775,SF,LA,2,50,1,25.0,2,0,0,0,0,2,3,50,1,20260925T013701Z
2026,1,REG,2026_01_TB_CIN,00-0032889,TB,CIN,0,0,0,,0,0,0,0,0,0,0,0,0,20260925T013701Z
2026,1,REG,2026_01_GB_MIN,00-0032950,MIN,GB,5,-1,0,-0.2,1,0,5,-1,0,0,0,0,0,20260925T013701Z
2026,1,REG,2026_01_BAL_IND,00-0032951,IND,BAL,0,0,0,,0,0,0,0,0,0,1,0,0,20260925T013701Z
2026,1,REG,2026_01_BAL_IND,00-0032965,BAL,IND,0,0,0,,0,0,0,0,0,0,0,0,0,20260925T013701Z
2026,1,REG,2026_01_CLE_JAX,00-0033038,JAX,CLE,0,0,0,,0,0,0,0,0,0,0,0,0,20260925T013701Z
2026,1,REG,2026_01_NYJ_TEN,00-0033051,NYJ,TEN,0,0,0,,0,0,0,0,0,0,0,0,0,20260925T013701Z
2026,1,REG,2026_01_ATL_PIT,00-0033055,PIT,ATL,0,0,0,,0,0,0,0,0,0,0,0,0,20260925T013701Z
2026,1,REG,2026_01_DAL_NYG,00-0033077,DAL,NYG,2,14,0,7.0,1,0,2,14,0,0,0,0,0,20260925T013701Z
2026,1,REG,2026_01_NE_SEA,00-0033090,NE,SEA,3,26,0,8.6667,1,0,0,0,0,3,3,26,0,20260925T013701Z
2026,1,REG,2026_01_DAL_NYG,00-0033093,DAL,NYG,0,0,0,,0,0,0,0,0,0,0,0,0,20260925T013701Z
2026,1,REG,2026_01_NO_DET,00-0033106,DET,NO,2,2,0,1.0,0,1,2,2,0,0,0,0,0,20260925T013701Z
2026,1,REG,2026_01_GB_MIN,00-0033109,GB,MIN,0,0,0,,0,0,0,0,0,0,0,0,0,20260925T013701Z
2026,1,REG,2026_01_SF_LA,00-0033110,LA,SF,2,12,0,6.0,0,1,0,0,0,2,2,12,0,20260925T013701Z
2026,1,REG,2026_01_ARI_LAC,00-0033119,ARI,LAC,6,14,0,2.3333,3,0,6,14,0,0,0,0,0,20260925T013701Z
2026,1,REG,2026_01_DAL_NYG,00-0033120,DAL,NYG,0,0,0,,0,0,0,0,0,0,0,0,0,20260925T013701Z
2026,1,REG,2026_01_CLE_JAX,00-0033131,CLE,JAX,0,0,0,,0,0,0,0,0,0,0,0,0,20260925T013701Z
2026,1,REG,2026_01_NE_SEA,00-0033132,NE,SEA,0,0,0,,0,0,0,0,0,0,0,0,0,20260925T013701Z
2026,1,REG,2026_01_BAL_IND,00-0033269,IND,BAL,0,0,0,,0,0,0,0,0,0,0,0,0,20260925T013701Z
2026,1,REG,2026_01_SF_LA,00-0033280,SF,LA,15,88,0,5.8667,2,0,10,68,0,5,8,20,0,20260925T013701Z
2026,1,REG,2026_01_BAL_IND,00-0033281,BAL,IND,0,0,0,,0,0,0,0,0,0,0,0,0,20260925T013701Z
2026,1,REG,2026_01_SF_LA,00-0033288,SF,LA,2,12,0,6.0,0,0,0,0,0,2,5,12,0,20260925T013701Z
2026,1,REG,2026_01_DAL_NYG,00-0033290,NYG,DAL,0,0,0,,0,0,0,0,0,0,0,0,0,20260925T013701Z
2026,1,REG,2026_01_GB_MIN,00-0033293,MIN,GB,12,40,1,3.3333,3,0,12,40,1,0,1,0,0,20260925T013701Z
2026,1,REG,2026_01_NO_DET,00-0033294,DET,NO,0,0,0,,0,0,0,0,0,0,0,0,0,20260925T013701Z
2026,1,REG,2026_01_DEN_KC,00-0033297,DEN,KC,0,0,0,,0,0,0,0,0,0,0,0,0,20260925T013701Z
2026,1,REG,2026_01_DEN_KC,00-0033303,KC,DEN,0,0,0,,0,0,0,0,0,0,0,0,0,20260925T013701Z
2026,1,REG,2026_01_ARI_LAC,00-0033307,ARI,LAC,8,75,0,9.375,5,0,0,0,0,8,8,75,0,20260925T013701Z
2026,1,REG,2026_01_CLE_JAX,00-0033319,JAX,CLE,3,-3,0,-1.0,0,0,3,-3,0,0,0,0,0,20260925T013701Z
2026,1,REG,2026_01_GB_MIN,00-0033336,MIN,GB,0,0,0,,0,0,0,0,0,0,0,0,0,20260925T013701Z
2026,1,REG,2026_01_DAL_NYG,00-0033376,NYG,DAL,0,0,0,,0,0,0,0,0,0,1,0,0,20260925T013701Z
2026,1,REG,2026_01_MIA_LV,00-0033381,LV,MIA,0,0,0,,0,0,0,0,0,0,0,0,0,20260925T013701Z
2026,1,REG,2026_01_TB_CIN,00-0033523,CIN,TB,0,0,0,,0,0,0,0,0,0,0,0,0,20260925T013701Z
2026,1,REG,2026_01_TB_CIN,00-0033526,CIN,TB,8,50,0,6.25,3,0,5,20,0,3,3,30,0,20260925T013701Z
2026,1,REG,2026_01_CLE_JAX,00-0033537,CLE,JAX,6,38,0,6.3333,3,0,6,38,0,0,0,0,0,20260925T013701Z
2026,1,REG,2026_01_ARI_LAC,00-0033546,LAC,ARI,0,0,0,,0,0,0,0,0,0,0,0,0,20260925T013701Z
2026,1,REG,2026_01_WAS_PHI,00-0033551,WAS,PHI,0,0,0,,0,0,0,0,0,0,0,0,0,20260925T013701Z
2026,1,REG,2026_01_NE_SEA,00-0033555,NE,SEA,4,51,0,12.75,1,0,0,0,0,4,5,51,0,20260925T013701Z
2026,1,REG,2026_01_NE_SEA,00-0033576,SEA,NE,0,0,0,,0,0,0,0,0,0,0,0,0,20260925T013701Z
2026,1,REG,2026_01_ATL_PIT,00-0033662,ATL,PIT,0,0,0,,0,0,0,0,0,0,0,0,0,20260925T013701Z
2026,1,REG,2026_01_ARI_LAC,00-0033676,ARI,LAC,0,0,0,,0,0,0,0,0,0,0,0,0,20260925T013701Z
2026,1,REG,2026_01_ATL_PIT,00-0033729,PIT,ATL,0,0,0,,0,0,0,0,0,0,0,0,0,20260925T013701Z
2026,1,REG,2026_01_WAS_PHI,00-0033787,PHI,WAS,0,0,0,,0,0,0,0,0,0,0,0,0,20260925T013701Z
2026,1,REG,2026_01_GB_MIN,00-0033858,GB,MIN,2,50,0,25.0,2,0,0,0,0,2,3,50,0,20260925T013701Z
2026,1,REG,2026_01_NO_DET,00-0033860,NO,DET,0,0,0,,0,0,0,0,0,0,0,0,0,20260925T013701Z
2026,1,REG,2026_01_DEN_KC,00-0033873,KC,DEN,7,23,1,3.2857,2,0,7,23,1,0,0,0,0,20260925T013701Z
2026,1,REG,2026_01_DAL_NYG,00-0033877,DAL,NYG,0,0,0,,0,0,0,0,0,0,0,0,0,20260925T013701Z
2026,1,REG,2026_01_DEN_KC,00-0033881,DEN,KC,4,43,1,10.75,3,0,0,0,0,4,5,43,1,20260925T013701Z
2026,1,REG,2026_01_ARI_LAC,00-0033885,LAC,ARI,5,58,0,11.6,3,0,0,0,0,5,5,58,0,20260925T013701Z
2026,1,REG,2026_01_ATL_PIT,00-0033886,PIT,ATL,0,0,0,,0,0,0,0,0,0,0,0,0,20260925T013701Z
2026,1,REG,2026_01_ARI_LAC,00-0033890,ARI,LAC,0,0,0,,0,0,0,0,0,0,0,0,0,20260925T013701Z
2026,1,REG,2026_01_NE_SEA,00-0033908,SEA,NE,2,35,0,17.5,2,0,0,0,0,2,3,35,0,20260925T013701Z
2026,1,REG,2026_01_TB_CIN,00-0033914,TB,CIN,0,0,0,,0,0,0,0,0,0,0,0,0,20260925T013701Z
2026,1,REG,2026_01_TB_CIN,00-0033921,TB,CIN,5,43,0,8.6,2,0,1,3,0,4,4,40,0,20260925T013701Z
2026,1,REG,2026_01_CLE_JAX,00-0033928,JAX,CLE,0,0,0,,0,0,0,0,0,0,0,0,0,20260925T013701Z
2026,1,REG,2026_01_BAL_IND,00-0033935,BAL,IND,0,0,0,,0,0,0,0,0,0,0,0,0,20260925T013701Z
2026,1,REG,2026_01_ATL_PIT,00-0033941,PIT,ATL,0,0,0,,0,0,0,0,0,0,0,0,0,20260925T013701Z
2026,1,REG,2026_01_ATL_PIT,00-0033945,ATL,PIT,0,0,0,,0,0,0,0,0,0,0,0,0,20260925T013701Z
2026,1,REG,2026_01_BAL_IND,00-0033952,IND,BAL,0,0,0,,0,0,0,0,0,0,0,0,0,20260925T013701Z
2026,1,REG,2026_01_TB_CIN,00-0033964,TB,CIN,0,0,0,,0,0,0,0,0,0,0,0,0,20260925T013701Z
2026,1,REG,2026_01_BUF_HOU,00-0034091,HOU,BUF,0,0,0,,0,0,0,0,0,0,0,0,0,20260925T013701Z
2026,1,REG,2026_01_GB_MIN,00-0034158,MIN,GB,0,0,0,,0,0,0,0,0,0,0,0,0,20260925T013701Z
2026,1,REG,2026_01_NE_SEA,00-0034160,SEA,NE,0,0,0,,0,0,0,0,0,0,0,0,0,20260925T013701Z
2026,1,REG,2026_01_NO_DET,00-0034161,NO,DET,0,0,0,,0,0,0,0,0,0,0,0,0,20260925T013701Z
2026,1,REG,2026_01_ARI_LAC,00-0034162,LAC,ARI,0,0,0,,0,0,0,0,0,0,0,0,0,20260925T013701Z
2026,1,REG,2026_01_NYJ_TEN,00-0034163,TEN,NYJ,0,0,0,,0,0,0,0,0,0,0,0,0,20260925T013701Z
2026,1,REG,2026_01_SF_LA,00-0034173,SF,LA,0,0,0,,0,0,0,0,0,0,0,0,0,20260925T013701Z
2026,1,REG,2026_01_DAL_NYG,00-0034248,NYG,DAL,0,0,0,,0,0,0,0,0,0,0,0,0,20260925T013701Z
2026,1,REG,2026_01_MIA_LV,00-0034275,LV,MIA,0,0,0,,0,0,0,0,0,0,0,0,0,20260925T013701Z
2026,1,REG,2026_01_BUF_HOU,00-0034278,HOU,BUF,0,0,0,,0,0,0,0,0,0,0,0,0,20260925T013701Z
2026,1,REG,2026_01_MIA_LV,00-0034285,MIA,LV,0,0,0,,0,0,0,0,0,0,0,0,0,20260925T013701Z
2026,1,REG,2026_01_WAS_PHI,00-0034302,WAS,PHI,0,0,0,,0,0,0,0,0,0,0,0,0,20260925T013701Z
2026,1,REG,2026_01_CHI_CAR,00-0034320,CHI,CAR,0,0,0,,0,0,0,0,0,0,0,0,0,20260925T013701Z
2026,1,REG,2026_01_WAS_PHI,00-0034333,WAS,PHI,0,0,0,,0,0,0,0,0,0,0,0,0,20260925T013701Z
2026,1,REG,2026_01_DEN_KC,00-0034348,DEN,KC,2,11,0,5.5,0,0,0,0,0,2,5,11,0,20260925T013701Z
2026,1,REG,2026_01_NE_SEA,00-0034350,SEA,NE,0,0,0,,0,0,0,0,0,0,0,0,0,20260925T013701Z
2026,1,REG,2026_01_WAS_PHI,00-0034351,PHI,WAS,4,77,2,19.25,3,0,0,0,0,4,5,77,2,20260925T013701Z
2026,1,REG,2026_01_ARI_LAC,00-0034356,LAC,ARI,0,0,0,,0,0,0,0,0,0,0,0,0,20260925T013701Z
2026,1,REG,2026_01_NO_DET,00-0034361,NO,DET,0,0,0,,0,0,0,0,0,0,0,0,0,20260925T013701Z
2026,1,REG,2026_01_MIA_LV,00-0034376,LV,MIA,0,0,0,,0,0,0,0,0,0,0,0,0,20260925T013701Z
2026,1,REG,2026_01_NO_DET,00-0034377,DET,NO,0,0,0,,0,0,0,0,0,0,0,0,0,20260925T013701Z
2026,1,REG,2026_01_ARI_LAC,00-0034381,ARI,LAC,0,0,0,,0,0,0,0,0,0,0,0,0,20260925T013701Z
2026,1,REG,2026_01_BUF_HOU,00-0034383,HOU,BUF,4,35,0,8.75,1,0,0,0,0,4,8,35,0,20260925T013701Z
2026,1,REG,2026_01_NO_DET,00-0034384,DET,NO,0,0,0,,0,0,0,0,0,0,0,0,0,20260925T013701Z
2026,1,REG,2026_01_SF_LA,00-0034391,SF,LA,0,0,0,,0,0,0,0,0,0,0,0,0,20260925T013701Z
2026,1,REG,2026_01_WAS_PHI,00-0034397,WAS,PHI,0,0,0,,0,0,0,0,0,0,0,0,0,20260925T013701Z
2026,1,REG,2026_01_CLE_JAX,00-0034413,JAX,CLE,0,0,0,,0,0,0,0,0,0,0,0,0,20260925T013701Z
2026,1,REG,2026_01_DAL_NYG,00-0034419,NYG,DAL,0,0,0,,0,0,0,0,0,0,0,0,0,20260925T013701Z
2026,1,REG,2026_01_WAS_PHI,00-0034429,PHI,WAS,0,0,0,,0,0,0,0,0,0,0,0,0,20260925T013701Z
2026,1,REG,2026_01_GB_MIN,00-0034431,GB,MIN,0,0,0,,0,0,0,0,0,0,0,0,0,20260925T013701Z
2026,1,REG,2026_01_CLE_JAX,00-0034437,JAX,CLE,0,0,0,,0,0,0,0,0,0,0,0,0,20260925T013701Z
2026,1,REG,2026_01_TB_CIN,00-0034446,CIN,TB,0,0,0,,0,0,0,0,0,0,0,0,0,20260925T013701Z
2026,1,REG,2026_01_WAS_PHI,00-0034465,WAS,PHI,0,0,0,,0,0,0,0,0,0,0,0,0,20260925T013701Z
2026,1,REG,2026_01_CLE_JAX,00-0034473,JAX,CLE,0,0,0,,0,0,0,0,0,0,0,0,0,20260925T013701Z
2026,1,REG,2026_01_BAL_IND,00-0034485,IND,BAL,0,0,0,,0,0,0,0,0,0,0,0,0,20260925T013701Z
2026,1,REG,2026_01_BAL_IND,00-0034573,IND,BAL,0,0,0,,0,0,0,0,0,0,0,0,0,20260925T013701Z
2026,1,REG,2026_01_TB_CIN,00-0034613,CIN,TB,1,4,0,4.0,0,0,0,0,0,1,1,4,0,20260925T013701Z
2026,1,REG,2026_01_ATL_PIT,00-0034639,ATL,PIT,0,0,0,,0,0,0,0,0,0,0,0,0,20260925T013701Z
2026,1,REG,2026_01_CLE_JAX,00-0034657,JAX,CLE,0,0,0,,0,0,0,0,0,0,0,0,0,20260925T013701Z
2026,1,REG,2026_01_DAL_NYG,00-0034673,NYG,DAL,0,0,0,,0,0,0,0,0,0,0,0,0,20260925T013701Z
2026,1,REG,2026_01_ATL_PIT,00-0034675,ATL,PIT,0,0,0,,0,0,0,0,0,0,0,0,0,20260925T013701Z
2026,1,REG,2026_01_NE_SEA,00-0034720,NE,SEA,0,0,0,,0,0,0,0,0,0,0,0,0,20260925T013701Z
2026,1,REG,2026_01_CLE_JAX,00-0034721,CLE,JAX,0,0,0,,0,0,0,0,0,0,0,0,0,20260925T013701Z
2026,1,REG,2026_01_BAL_IND,00-0034753,BAL,IND,4,49,0,12.25,2,0,0,0,0,4,6,49,0,20260925T013701Z
2026,1,REG,2026_01_TB_CIN,00-0034754,CIN,TB,0,0,0,,0,0,0,0,0,0,0,0,0,20260925T013701Z
2026,1,REG,2026_01_NO_DET,00-0034760,NO,DET,0,0,0,,0,0,0,0,0,0,0,0,0,20260925T013701Z
2026,1,REG,2026_01_TB_CIN,00-0034773,TB,CIN,0,0,0,,0,0,0,0,0,0,0,0,0,20260925T013701Z
2026,1,REG,2026_01_NE_SEA,00-0034778,NE,SEA,0,0,0,,0,0,0,0,0,0,0,0,0,20260925T013701Z
2026,1,REG,2026_01_NYJ_TEN,00-0034782,NYJ,TEN,0,0,0,,0,0,0,0,0,0,0,0,0,20260925T013701Z
2026,1,REG,2026_01_ARI_LAC,00-0034790,LAC,ARI,0,0,0,,0,0,0,0,0,0,0,0,0,20260925T013701Z
2026,1,REG,2026_01_NYJ_TEN,00-0034794,NYJ,TEN,0,0,0,,0,0,0,0,0,0,0,0,0,20260925T013701Z
2026,1,REG,2026_01_BAL_IND,00-0034796,BAL,IND,7,40,1,5.7143,3,0,7,40,1,0,0,0,0,20260925T013701Z
2026,1,REG,2026_01_BAL_IND,00-0034798,BAL,IND,1,4,0,4.0,0,0,0,0,0,1,1,4,0,20260925T013701Z
2026,1,REG,2026_01_TB_CIN,00-0034800,CIN,TB,0,0,0,,0,0,0,0,0,0,0,0,0,20260925T013701Z
2026,1,REG,2026_01_ATL_PIT,00-0034801,ATL,PIT,0,0,0,,0,0,0,0,0,0,0,0,0,20260925T013701Z
2026,1,REG,2026_01_NYJ_TEN,00-0034805,TEN,NYJ,0,0,0,,0,0,0,0,0,0,0,0,0,20260925T013701Z
2026,1,REG,2026_01_SF_LA,00-0034807,SF,LA,0,0,0,,0,0,0,0,0,0,0,0,0,20260925T013701Z
2026,1,REG,2026_01_ATL_PIT,00-0034810,PIT,ATL,0,0,0,,0,0,0,0,0,0,0,0,0,20260925T013701Z
2026,1,REG,2026_01_SF_LA,00-0034815,SF,LA,0,0,0,,0,0,0,0,0,0,0,0,0,20260925T013701Z
2026,1,REG,2026_01_BAL_IND,00-0034825,IND,BAL,0,0,0,,0,0,0,0,0,0,0,0,0,20260925T013701Z
2026,1,REG,2026_01_BUF_HOU,00-0034827,BUF,HOU,5,100,1,20.0,4,0,0,0,0,5,8,100,1,20260925T013701Z
2026,1,REG,2026_01_TB_CIN,00-0034829,CIN,TB,5,78,1,15.6,5,0,0,0,0,5,7,78,1,20260925T013701Z
2026,1,REG,2026_01_BUF_HOU,00-0034832,BUF,HOU,0,0,0,,0,0,0,0,0,0,0,0,0,20260925T013701Z
2026,1,REG,2026_01_ATL_PIT,00-0034843,ATL,PIT,0,0,0,,0,0,0,0,0,0,0,0,0,20260925T013701Z
2026,1,REG,2026_01_WAS_PHI,00-0034844,PHI,WAS,16,80,0,5.0,2,0,15,83,0,1,2,-3,0,20260925T013701Z
2026,1,REG,2026_01_SF_LA,00-0034854,SF,LA,0,0,0,,0,0,0,0,0,0,0,0,0,20260925T013701Z
2026,1,REG,2026_01_TB_CIN,00-0034855,TB,CIN,5,30,1,6.0,1,1,5,30,1,0,0,0,0,20260925T013701Z
2026,1,REG,2026_01_CLE_JAX,00-0034856,CLE,JAX,0,0,0,,0,0,0,0,0,0,0,0,0,20260925T013701Z
2026,1,REG,2026_01_BUF_HOU,00-0034857,BUF,HOU,6,23,2,3.8333,2,1,6,23,2,0,0,0,0,20260925T013701Z
2026,1,REG,2026_01_NE_SEA,00-0034869,SEA,NE,0,0,0,,0,0,0,0,0,0,0,0,0,20260925T013701Z
2026,1,REG,2026_01_BAL_IND,00-0034874,BAL,IND,0,0,0,,0,0,0,0,0,0,0,0,0,20260925T013701Z
2026,1,REG,2026_01_NE_SEA,00-0034941,NE,SEA,0,0,0,,0,0,0,0,0,0,0,0,0,20260925T013701Z
2026,1,REG,2026_01_CLE_JAX,00-0034960,JAX,CLE,3,42,1,14.0,3,0,1,2,0,2,2,40,1,20260925T013701Z
2026,1,REG,2026_01_DAL_NYG,00-0034967,DAL,NYG,0,0,0,,0,0,0,0,0,0,0,0,0,20260925T013701Z
2026,1,REG,2026_01_MIA_LV,00-0034973,LV,MIA,0,0,0,,0,0,0,0,0,0,0,0,0,20260925T013701Z
2026,1,REG,2026_01_NE_SEA,00-0034974,SEA,NE,0,0,0,,0,0,0,0,0,0,0,0,0,20260925T013701Z
2026,1,REG,2026_01_BAL_IND,00-0034975,BAL,IND,7,28,0,4.0,3,0,6,18,0,1,1,10,0,20260925T013701Z
2026,1,REG,2026_01_BUF_HOU,00-0034981,HOU,BUF,2,15,0,7.5,0,0,0,0,0,2,2,15,0,20260925T013701Z
2026,1,REG,2026_01_SF_LA,00-0034982,SF,LA,0,0,0,,0,0,0,0,0,0,0,0,0,20260925T013701Z
2026,1,REG,2026_01_WAS_PHI,00-0034993,PHI,WAS,0,0,0,,0,0,0,0,0,0,0,0,0,20260925T013701Z
2026,1,REG,2026_01_BAL_IND,00-0035021,IND,BAL,0,0,0,,0,0,0,0,0,0,1,0,0,20260925T013701Z
2026,1,REG,2026_01_ARI_LAC,00-0035125,LAC,ARI,0,0,0,,0,0,0,0,0,0,0,0,0,20260925T013701Z
2026,1,REG,2026_01_GB_MIN,00-0035133,GB,MIN,0,0,0,,0,0,0,0,0,0,0,0,0,20260925T013701Z
2026,1,REG,2026_01_ARI_LAC,00-0035144,ARI,LAC,0,0,0,,0,0,0,0,0,0,0,0,0,20260925T013701Z
2026,1,REG,2026_01_NO_DET,00-0035156,DET,NO,0,0,0,,0,0,0,0,0,0,0,0,0,20260925T013701Z
2026,1,REG,2026_01_BUF_HOU,00-0035166,HOU,BUF,0,0,0,,0,0,0,0,0,0,0,0,0,20260925T013701Z
2026,1,REG,2026_01_MIA_LV,00-0035190,LV,MIA,0,0,0,,0,0,0,0,0,0,0,0,0,20260925T013701Z
2026,1,REG,2026_01_NYJ_TEN,00-0035192,TEN,NYJ,0,0,0,,0,0,0,0,0,0,0,0,0,20260925T013701Z
2026,1,REG,2026_01_ARI_LAC,00-0035202,LAC,ARI,0,0,0,,0,0,0,0,0,0,0,0,0,20260925T013701Z
2026,1,REG,2026_01_ATL_PIT,00-0035208,ATL,PIT,1,5,0,5.0,0,0,0,0,0,1,1,5,0,20260925T013701Z
2026,1,REG,2026_01_DAL_NYG,00-0035227,DAL,NYG,0,0,0,,0,0,0,0,0,0,0,0,0,20260925T013701Z
2026,1,REG,2026_01_GB_MIN,00-0035228,MIN,GB,2,9,0,4.5,0,0,2,9,0,0,0,0,0,20260925T013701Z
2026,1,REG,2026_01_GB_MIN,00-0035229,MIN,GB,4,36,1,9.0,2,0,0,0,0,4,5,36,1,20260925T013701Z
2026,1,REG,2026_01_BUF_HOU,00-0035230,BUF,HOU,0,0,0,,0,0,0,0,0,0,0,0,0,20260925T013701Z
2026,1,REG,2026_01_CLE_JAX,00-0035234,CLE,JAX,0,0,0,,0,0,0,0,0,0,0,0,0,20260925T013701Z
2026,1,REG,2026_01_GB_MIN,00-0035236,MIN,GB,0,0,0,,0,0,0,0,0,0,0,0,0,20260925T013701Z
2026,1,REG,2026_01_CLE_JAX,00-0035240,JAX,CLE,0,0,0,,0,0,0,0,0,0,0,0,0,20260925T013701Z
2026,1,REG,2026_01_DEN_KC,00-0035248,DEN,KC,0,0,0,,0,0,0,0,0,0,0,0,0,20260925T013701Z
2026,1,REG,2026_01_GB_MIN,00-0035249,MIN,GB,2,22,0,11.0,1,0,0,0,0,2,4,22,0,20260925T013701Z
2026,1,REG,2026_01_DAL_NYG,00-0035250,NYG,DAL,10,38,1,3.8,2,0,6,16,0,4,4,22,1,20260925T013701Z
2026,1,REG,2026_01_BUF_HOU,00-0035253,BUF,HOU,0,0,0,,0,0,0,0,0,0,0,0,0,20260925T013701Z
2026,1,REG,2026_01_TB_CIN,00-0035254,TB,CIN,0,0,0,,0,0,0,0,0,0,0,0,0,20260925T013701Z
2026,1,REG,2026_01_ARI_LAC,00-0035258,ARI,LAC,0,0,0,,0,0,0,0,0,0,0,0,0,20260925T013701Z
2026,1,REG,2026_01_NYJ_TEN,00-0035261,TEN,NYJ,8,34,0,4.25,1,0,7,35,0,1,2,-1,0,20260925T013701Z
2026,1,REG,2026_01_DEN_KC,00-0035262,KC,DEN,0,0,0,,0,0,0,0,0,0,0,0,0,20260925T013701Z
2026,1,REG,2026_01_MIA_LV,00-0035269,LV,MIA,0,0,0,,0,0,0,0,0,0,0,0,0,20260925T013701Z
2026,1,REG,2026_01_GB_MIN,00-0035272,MIN,GB,0,0,0,,0,0,0,0,0,0,0,0,0,20260925T013701Z
2026,1,REG,2026_01_GB_MIN,00-0035276,MIN,GB,0,0,0,,0,0,0,0,0,0,0,0,0,20260925T013701Z
2026,1,REG,2026_01_CHI_CAR,00-0035277,CAR,CHI,0,0,0,,0,0,0,0,0,0,0,0,0,20260925T013701Z
2026,1,REG,2026_01_WAS_PHI,00-0035279,WAS,PHI,0,0,0,,0,0,0,0,0,0,0,0,0,20260925T013701Z
2026,1,REG,2026_01_ATL_PIT,00-0035280,ATL,PIT,0,0,0,,0,0,0,0,0,0,0,0,0,20260925T013701Z
2026,1,REG,2026_01_ATL_PIT,00-0035286,PIT,ATL,0,0,0,,0,0,0,0,0,0,0,0,0,20260925T013701Z
2026,1,REG,2026_01_NO_DET,00-0035316,NO,DET,0,0,0,,0,0,0,0,0,0,0,0,0,20260925T013701Z
2026,1,REG,2026_01_CHI_CAR,00-0035357,CHI,CAR,0,0,0,,0,0,0,0,0,0,0,0,0,20260925T013701Z
2026,1,REG,2026_01_TB_CIN,00-0035358,TB,CIN,0,0,0,,0,0,0,0,0,0,0,0,0,20260925T013701Z
2026,1,REG,2026_01_TB_CIN,00-0035363,CIN,TB,0,0,0,,0,0,0,0,0,0,0,0,0,20260925T013701Z
2026,1,REG,2026_01_ARI_LAC,00-0035378,ARI,LAC,0,0,0,,0,0,0,0,0,0,0,0,0,20260925T013701Z
2026,1,REG,2026_01_CHI_CAR,00-0035386,CHI,CAR,0,0,0,,0,0,0,0,0,0,0,0,0,20260925T013701Z
2026,1,REG,2026_01_NO_DET,00-0035402,NO,DET,0,0,0,,0,0,0,0,0,0,0,0,0,20260925T013701Z
2026,1,REG,2026_01_WAS_PHI,00-0035409,WAS,PHI,0,0,0,,0,0,0,0,0,0,0,0,0,20260925T013701Z
2026,1,REG,2026_01_BUF_HOU,00-0035500,BUF,HOU,0,0,0,,0,0,0,0,0,0,0,0,0,20260925T013701Z
2026,1,REG,2026_01_CHI_CAR,00-0035525,CHI,CAR,0,0,0,,0,0,0,0,0,0,0,0,0,20260925T013701Z
2026,1,REG,2026_01_CLE_JAX,00-0035526,CLE,JAX,0,0,0,,0,0,0,0,0,0,0,0,0,20260925T013701Z
2026,1,REG,2026_01_NO_DET,00-0035544,DET,NO,0,0,0,,0,0,0,0,0,0,0,0,0,20260925T013701Z
2026,1,REG,2026_01_CHI_CAR,00-0035588,CHI,CAR,0,0,0,,0,0,0,0,0,0,0,0,0,20260925T013701Z
2026,1,REG,2026_01_ATL_PIT,00-0035630,ATL,PIT,0,0,0,,0,0,0,0,0,0,0,0,0,20260925T013701Z
2026,1,REG,2026_01_TB_CIN,00-0035631,CIN,TB,3,19,0,6.3333,1,0,0,0,0,3,3,19,0,20260925T013701Z
2026,1,REG,2026_01_NYJ_TEN,00-0035632,TEN,NYJ,0,0,0,,0,0,0,0,0,0,0,0,0,20260925T013701Z
2026,1,REG,2026_01_ARI_LAC,00-0035636,ARI,LAC,0,0,0,,0,0,0,0,0,0,0,0,0,20260925T013701Z
2026,1,REG,2026_01_NO_DET,00-0035637,DET,NO,0,0,0,,0,0,0,0,0,0,0,0,0,20260925T013701Z
2026,1,REG,2026_01_ATL_PIT,00-0035640,PIT,ATL,4,40,0,10.0,2,0,0,0,0,4,10,40,0,20260925T013701Z
2026,1,REG,2026_01_CLE_JAX,00-0035642,JAX,CLE,0,0,0,,0,0,0,0,0,0,0,0,0,20260925T013701Z
2026,1,REG,2026_01_NYJ_TEN,00-0035643,TEN,NYJ,0,0,0,,0,0,0,0,0,0,0,0,0,20260925T013701Z
2026,1,REG,2026_01_NO_DET,00-0035644,NO,DET,4,33,1,8.25,2,0,0,0,0,4,8,33,1,20260925T013701Z
2026,1,REG,2026_01_CHI_CAR,00-0035647,CHI,CAR,0,0,0,,0,0,0,0,0,0,0,0,0,20260925T013701Z
2026,1,REG,2026_01_WAS_PHI,00-0035659,WAS,PHI,2,14,0,7.0,1,0,0,0,0,2,4,14,0,20260925T013701Z
2026,1,REG,2026_01_BUF_HOU,00-0035667,BUF,HOU,0,0,0,,0,0,0,0,0,0,0,0,0,20260925T013701Z
2026,1,REG,2026_01_CHI_CAR,00-0035669,CAR,CHI,0,0,0,,0,0,0,0,0,0,0,0,0,20260925T013701Z
2026,1,REG,2026_01_NYJ_TEN,00-0035672,TEN,NYJ,0,0,0,,0,0,0,0,0,0,0,0,0,20260925T013701Z
2026,1,REG,2026_01_BAL_IND,00-0035674,IND,BAL,0,0,0,,0,0,0,0,0,0,0,0,0,20260925T013701Z
2026,1,REG,2026_01_NE_SEA,00-0035676,NE,SEA,3,26,0,8.6667,2,0,0,0,0,3,4,26,0,20260925T013701Z
2026,1,REG,2026_01_NE_SEA,00-0035678,NE,SEA,0,0,0,,0,0,0,0,0,0,0,0,0,20260925T013701Z
2026,1,REG,2026_01_CLE_JAX,00-0035680,CLE,JAX,0,0,0,,0,0,0,0,0,0,0,0,0,20260925T013701Z
2026,1,REG,2026_01_TB_CIN,00-0035683,CIN,TB,0,0,0,,0,0,0,0,0,0,0,0,0,20260925T013701Z
2026,1,REG,2026_01_BUF_HOU,00-0035685,HOU,BUF,23,79,3,3.4348,5,0,20,60,2,3,3,19,1,20260925T013701Z
2026,1,REG,2026_01_CHI_CAR,00-0035687,CAR,CHI,0,0,0,,0,0,0,0,0,0,0,0,0,20260925T013701Z
2026,1,REG,2026_01_BUF_HOU,00-0035689,BUF,HOU,1,7,0,7.0,0,0,0,0,0,1,1,7,0,20260925T013701Z
2026,1,REG,2026_01_MIA_LV,00-0035692,MIA,LV,0,0,0,,0,0,0,0,0,0,0,0,0,20260925T013701Z
2026,1,REG,2026_01_ATL_PIT,00-0035699,PIT,ATL,0,0,0,,0,0,0,0,0,0,0,0,0,20260925T013701Z
2026,1,REG,2026_01_NE_SEA,00-0035704,SEA,NE,2,13,0,6.5,0,0,2,13,0,0,0,0,0,20260925T013701Z
2026,1,REG,2026_01_DAL_NYG,00-0035705,DAL,NYG,0,0,0,,0,0,0,0,0,0,0,0,0,20260925T013701Z
2026,1,REG,2026_01_NO_DET,00-0035707,DET,NO,0,0,0,,0,0,0,0,0,0,0,0,0,20260925T013701Z
2026,1,REG,2026_01_BAL_IND,00-0035710,IND,BAL,1,4,0,4.0,1,0,1,4,0,0,0,0,0,20260925T013701Z
2026,1,REG,2026_01_DAL_NYG,00-0035713,NYG,DAL,0,0,0,,0,0,0,0,0,0,0,0,0,20260925T013701Z
2026,1,REG,2026_01_SF_LA,00-0035717,SF,LA,0,0,0,,0,0,0,0,0,0,0,0,0,20260925T013701Z
2026,1,REG,2026_01_DAL_NYG,00-0035718,DAL,NYG,0,0,0,,0,0,0,0,0,0,0,0,0,20260925T013701Z
2026,1,REG,2026_01_SF_LA,00-0035719,SF,LA,7,60,1,8.5714,4,0,1,12,0,6,7,48,1,20260925T013701Z
2026,1,REG,2026_01_DEN_KC,00-0035763,DEN,KC,0,0,0,,0,0,0,0,0,0,0,0,0,20260925T013701Z
2026,1,REG,2026_01_GB_MIN,00-0035795,MIN,GB,0,0,0,,0,0,0,0,0,0,0,0,0,20260925T013701Z
2026,1,REG,2026_01_SF_LA,00-0035821,SF,LA,0,0,0,,0,0,0,0,0,0,0,0,0,20260925T013701Z
2026,1,REG,2026_01_CLE_JAX,00-0035827,JAX,CLE,0,0,0,,0,0,0,0,0,0,0,0,0,20260925T013701Z
2026,1,REG,2026_01_ARI_LAC,00-0035859,ARI,LAC,0,0,0,,0,0,0,0,0,0,0,0,0,20260925T013701Z
2026,1,REG,2026_01_NYJ_TEN,00-0035889,TEN,NYJ,0,0,0,,0,0,0,0,0,0,0,0,0,20260925T013701Z
2026,1,REG,2026_01_MIA_LV,00-0035891,LV,MIA,0,0,0,,0,0,0,0,0,0,1,0,0,20260925T013701Z
2026,1,REG,2026_01_BUF_HOU,00-0035933,BUF,HOU,0,0,0,,0,0,0,0,0,0,0,0,0,20260925T013701Z
2026,1,REG,2026_01_DAL_NYG,00-0036036,DAL,NYG,0,0,0,,0,0,0,0,0,0,0,0,0,20260925T013701Z
2026,1,REG,2026_01_BUF_HOU,00-0036037,BUF,HOU,0,0,0,,0,0,0,0,0,0,0,0,0,20260925T013701Z
2026,1,REG,2026_01_NO_DET,00-0036040,NO,DET,3,54,1,18.0,3,0,0,0,0,3,7,54,1,20260925T013701Z
2026,1,REG,2026_01_BAL_IND,00-0036081,BAL,IND,0,0,0,,0,0,0,0,0,0,0,0,0,20260925T013701Z
2026,1,REG,2026_01_NO_DET,00-0036124,DET,NO,0,0,0,,0,0,0,0,0,0,0,0,0,20260925T013701Z
2026,1,REG,2026_01_ATL_PIT,00-0036139,PIT,ATL,10,21,0,2.1,0,0,8,15,0,2,5,6,0,20260925T013701Z
2026,1,REG,2026_01_GB_MIN,00-0036157,GB,MIN,0,0,0,,0,0,0,0,0,0,0,0,0,20260925T013701Z
2026,1,REG,2026_01_DEN_KC,00-0036158,DEN,KC,8,36,0,4.5,1,0,8,36,0,0,0,0,0,20260925T013701Z
2026,1,REG,2026_01_MIA_LV,00-0036159,MIA,LV,0,0,0,,0,0,0,0,0,0,0,0,0,20260925T013701Z
2026,1,REG,2026_01_BUF_HOU,00-0036162,BUF,HOU,0,0,0,,0,0,0,0,0,0,0,0,0,20260925T013701Z
2026,1,REG,2026_01_MIA_LV,00-0036171,MIA,LV,0,0,0,,0,0,0,0,0,0,0,0,0,20260925T013701Z
2026,1,REG,2026_01_ARI_LAC,00-0036181,LAC,ARI,0,0,0,,0,0,0,0,0,0,0,0,0,20260925T013701Z
2026,1,REG,2026_01_WAS_PHI,00-0036192,PHI,WAS,0,0,0,,0,0,0,0,0,0,0,0,0,20260925T013701Z
2026,1,REG,2026_01_NO_DET,00-0036193,NO,DET,0,0,0,,0,0,0,0,0,0,0,0,0,20260925T013701Z
2026,1,REG,2026_01_ATL_PIT,00-0036204,ATL,PIT,0,0,0,,0,0,0,0,0,0,0,0,0,20260925T013701Z
2026,1,REG,2026_01_CHI_CAR,00-0036220,CAR,CHI,0,0,0,,0,0,0,0,0,0,0,0,0,20260925T013701Z
2026,1,REG,2026_01_DEN_KC,00-0036221,DEN,KC,0,0,0,,0,0,0,0,0,0,0,0,0,20260925T013701Z
2026,1,REG,2026_01_GB_MIN,00-0036222,MIN,GB,0,0,0,,0,0,0,0,0,0,0,0,0,20260925T013701Z
2026,1,REG,2026_01_BAL_IND,00-0036223,IND,BAL,22,121,2,5.5,7,1,19,98,2,3,4,23,0,20260925T013701Z
2026,1,REG,2026_01_TB_CIN,00-0036231,CIN,TB,0,0,0,,0,0,0,0,0,0,0,0,0,20260925T013701Z
2026,1,REG,2026_01_SF_LA,00-0036244,LA,SF,1,6,0,6.0,0,0,0,0,0,1,2,6,0,20260925T013701Z
2026,1,REG,2026_01_DAL_NYG,00-0036246,NYG,DAL,0,0,0,,0,0,0,0,0,0,0,0,0,20260925T013701Z
2026,1,REG,2026_01_MIA_LV,00-0036248,MIA,LV,0,0,0,,0,0,0,0,0,0,0,0,0,20260925T013701Z
2026,1,REG,2026_01_ATL_PIT,00-0036252,PIT,ATL,3,58,0,19.3333,2,0,0,0,0,3,3,58,0,20260925T013701Z
2026,1,REG,2026_01_NO_DET,00-0036253,NO,DET,0,0,0,,0,0,0,0,0,0,0,0,0,20260925T013701Z
2026,1,REG,2026_01_GB_MIN,00-0036259,MIN,GB,0,0,0,,0,0,0,0,0,0,1,0,0,20260925T013701Z
2026,1,REG,2026_01_WAS_PHI,00-0036260,WAS,PHI,0,0,0,,0,0,0,0,0,0,0,0,0,20260925T013701Z
2026,1,REG,2026_01_CLE_JAX,00-0036262,JAX,CLE,0,0,0,,0,0,0,0,0,0,0,0,0,20260925T013701Z
2026,1,REG,2026_01_GB_MIN,00-0036264,GB,MIN,1,0,0,0.0,0,0,1,0,0,0,0,0,0,20260925T013701Z
2026,1,REG,2026_01_CHI_CAR,00-0036265,CAR,CHI,5,28,0,5.6,1,0,5,28,0,0,0,0,0,20260925T013701Z
2026,1,REG,2026_01_NYJ_TEN,00-0036266,TEN,NYJ,0,0,0,,0,0,0,0,0,0,0,0,0,20260925T013701Z
2026,1,REG,2026_01_NO_DET,00-0036272,DET,NO,0,0,0,,0,0,0,0,0,0,0,0,0,20260925T013701Z
2026,1,REG,2026_01_CHI_CAR,00-0036275,CHI,CAR,19,134,3,7.0526,6,0,18,124,3,1,1,10,0,20260925T013701Z
2026,1,REG,2026_01_DAL_NYG,00-0036280,NYG,DAL,0,0,0,,0,0,0,0,0,0,0,0,0,20260925T013701Z
2026,1,REG,2026_01_ATL_PIT,00-0036281,ATL,PIT,0,0,0,,0,0,0,0,0,0,0,0,0,20260925T013701Z
2026,1,REG,2026_01_CLE_JAX,00-0036282,CLE,JAX,0,0,0,,0,0,0,0,0,0,0,0,0,20260925T013701Z
2026,1,REG,2026_01_ATL_PIT,00-0036285,ATL,PIT,0,0,0,,0,0,0,0,0,0,0,0,0,20260925T013701Z
2026,1,REG,2026_01_WAS_PHI,00-0036286,WAS,PHI,0,0,0,,0,0,0,0,0,0,0,0,0,20260925T013701Z
2026,1,REG,2026_01_CHI_CAR,00-0036290,CHI,CAR,2,35,1,17.5,2,0,0,0,0,2,3,35,1,20260925T013701Z
2026,1,REG,2026_01_CHI_CAR,00-0036292,CHI,CAR,0,0,0,,0,0,0,0,0,0,0,0,0,20260925T013701Z
2026,1,REG,2026_01_MIA_LV,00-0036293,LV,MIA,0,0,0,,0,0,0,0,0,0,0,0,0,20260925T013701Z
2026,1,REG,2026_01_BAL_IND,00-0036298,IND,BAL,0,0,0,,0,0,0,0,0,0,0,0,0,20260925T013701Z
2026,1,REG,2026_01_BAL_IND,00-0036302,BAL,IND,0,0,0,,0,0,0,0,0,0,0,0,0,20260925T013701Z
2026,1,REG,2026_01_CHI_CAR,00-0036305,CAR,CHI,0,0,0,,0,0,0,0,0,0,0,0,0,20260925T013701Z
2026,1,REG,2026_01_DAL_NYG,00-0036309,NYG,DAL,2,27,0,13.5,2,0,0,0,0,2,2,27,0,20260925T013701Z
2026,1,REG,2026_01_WAS_PHI,00-0036313,PHI,WAS,0,0,0,,0,0,0,0,0,0,0,0,0,20260925T013701Z
2026,1,REG,2026_01_NO_DET,00-0036321,NO,DET,0,0,0,,0,0,0,0,0,0,0,0,0,20260925T013701Z
2026,1,REG,2026_01_GB_MIN,00-0036322,MIN,GB,8,92,2,11.5,5,0,0,0,0,8,9,92,2,20260925T013701Z
2026,1,REG,2026_01_ATL_PIT,00-0036323,PIT,ATL,0,0,0,,0,0,0,0,0,0,0,0,0,20260925T013701Z
2026,1,REG,2026_01_CHI_CAR,00-0036325,CAR,CHI,0,0,0,,0,0,0,0,0,0,0,0,0,20260925T013701Z
2026,1,REG,2026_01_SF_LA,00-0036329,SF,LA,0,0,0,,0,0,0,0,0,0,0,0,0,20260925T013701Z
2026,1,REG,2026_01_ARI_LAC,00-0036331,ARI,LAC,0,0,0,,0,0,0,0,0,0,0,0,0,20260925T013701Z
2026,1,REG,2026_01_ATL_PIT,00-0036333,PIT,ATL,0,0,0,,0,0,0,0,0,0,0,0,0,20260925T013701Z
2026,1,REG,2026_01_NO_DET,00-0036335,DET,NO,0,0,0,,0,0,0,0,0,0,0,0,0,20260925T013701Z
2026,1,REG,2026_01_CHI_CAR,00-0036337,CHI,CAR,0,0,0,,0,0,0,0,0,0,0,0,0,20260925T013701Z
2026,1,REG,2026_01_ARI_LAC,00-0036338,LAC,ARI,0,0,0,,0,0,0,0,0,0,0,0,0,20260925T013701Z
2026,1,REG,2026_01_SF_LA,00-0036339,LA,SF,0,0,0,,0,0,0,0,0,0,0,0,0,20260925T013701Z
2026,1,REG,2026_01_SF_LA,00-0036341,SF,LA,0,0,0,,0,0,0,0,0,0,0,0,0,20260925T013701Z
2026,1,REG,2026_01_GB_MIN,00-0036347,MIN,GB,0,0,0,,0,0,0,0,0,0,0,0,0,20260925T013701Z
2026,1,REG,2026_01_GB_MIN,00-0036348,MIN,GB,0,0,0,,0,0,0,0,0,0,0,0,0,20260925T013701Z
2026,1,REG,2026_01_SF_LA,00-0036349,LA,SF,0,0,0,,0,0,0,0,0,0,0,0,0,20260925T013701Z
2026,1,REG,2026_01_ARI_LAC,00-0036355,LAC,ARI,5,29,0,5.8,1,0,5,29,0,0,0,0,0,20260925T013701Z
2026,1,REG,2026_01_CHI_CAR,00-0036356,CAR,CHI,0,0,0,,0,0,0,0,0,0,0,0,0,20260925T013701Z
2026,1,REG,2026_01_DAL_NYG,00-0036358,DAL,NYG,6,44,1,7.3333,5,0,1,0,0,5,8,44,1,20260925T013701Z
2026,1,REG,2026_01_MIA_LV,00-0036362,MIA,LV,0,0,0,,0,0,0,0,0,0,0,0,0,20260925T013701Z
2026,1,REG,2026_01_CHI_CAR,00-0036366,CHI,CAR,0,0,0,,0,0,0,0,0,0,0,0,0,20260925T013701Z
2026,1,REG,2026_01_DEN_KC,00-0036374,KC,DEN,0,0,0,,0,0,0,0,0,0,0,0,0,20260925T013701Z
2026,1,REG,2026_01_WAS_PHI,00-0036375,WAS,PHI,0,0,0,,0,0,0,0,0,0,0,0,0,20260925T013701Z
2026,1,REG,2026_01_DEN_KC,00-0036380,KC,DEN,0,0,0,,0,0,0,0,0,0,0,0,0,20260925T013701Z
2026,1,REG,2026_01_DAL_NYG,00-0036386,NYG,DAL,0,0,0,,0,0,0,0,0,0,0,0,0,20260925T013701Z
2026,1,REG,2026_01_GB_MIN,00-0036388,GB,MIN,0,0,0,,0,0,0,0,0,0,0,0,0,20260925T013701Z
2026,1,REG,2026_01_WAS_PHI,00-0036389,PHI,WAS,7,46,0,6.5714,2,0,7,46,0,0,0,0,0,20260925T013701Z
2026,1,REG,2026_01_TB_CIN,00-0036406,TB,CIN,0,0,0,,0,0,0,0,0,0,0,0,0,20260925T013701Z
2026,1,REG,2026_01_CLE_JAX,00-0036407,CLE,JAX,2,26,0,13.0,1,0,0,0,0,2,4,26,0,20260925T013701Z
2026,1,REG,2026_01_MIA_LV,00-0036409,MIA,LV,0,0,0,,0,0,0,0,0,0,0,0,0,20260925T013701Z
2026,1,REG,2026_01_TB_CIN,00-0036410,CIN,TB,3,59,0,19.6667,3,0,0,0,0,3,6,59,0,20260925T013701Z
2026,1,REG,2026_01_TB_CIN,00-0036411,TB,CIN,0,0,0,,0,0,0,0,0,0,0,0,0,20260925T013701Z
2026,1,REG,2026_01_DEN_KC,00-0036416,KC,DEN,0,0,0,,0,0,0,0,0,0,0,0,0,20260925T013701Z
2026,1,REG,2026_01_WAS_PHI,00-0036418,PHI,WAS,0,0,0,,0,0,0,0,0,0,0,0,0,20260925T013701Z
2026,1,REG,2026_01_DEN_KC,00-0036422,DEN,KC,2,10,0,5.0,0,0,0,0,0,2,3,10,0,20260925T013701Z
2026,1,REG,2026_01_GB_MIN,00-0036425,MIN,GB,1,1,0,1.0,0,0,0,0,0,1,1,1,0,20260925T013701Z
2026,1,REG,2026_01_DEN_KC,00-0036428,DEN,KC,0,0,0,,0,0,0,0,0,0,0,0,0,20260925T013701Z
2026,1,REG,2026_01_TB_CIN,00-0036442,CIN,TB,5,20,0,4.0,4,0,5,20,0,0,0,0,0,20260925T013701Z
2026,1,REG,2026_01_CLE_JAX,00-0036443,CLE,JAX,0,0,0,,0,0,0,0,0,0,0,0,0,20260925T013701Z
2026,1,REG,2026_01_ATL_PIT,00-0036463,ATL,PIT,0,0,0,,0,0,0,0,0,0,0,0,0,20260925T013701Z
2026,1,REG,2026_01_MIA_LV,00-0036479,LV,MIA,0,0,0,,0,0,0,0,0,0,0,0,0,20260925T013701Z
2026,1,REG,2026_01_CHI_CAR,00-0036480,CHI,CAR,0,0,0,,0,0,0,0,0,0,0,0,0,20260925T013701Z
2026,1,REG,2026_01_NYJ_TEN,00-0036500,NYJ,TEN,0,0,0,,0,0,0,0,0,0,0,0,0,20260925T013701Z
2026,1,REG,2026_01_WAS_PHI,00-0036501,PHI,WAS,0,0,0,,0,0,0,0,0,0,0,0,0,20260925T013701Z
2026,1,REG,2026_01_BAL_IND,00-0036550,BAL,IND,0,0,0,,0,0,0,0,0,0,1,0,0,20260925T013701Z
2026,1,REG,2026_01_BUF_HOU,00-0036554,HOU,BUF,8,82,1,10.25,4,0,1,7,0,7,10,75,1,20260925T013701Z
2026,1,REG,2026_01_CHI_CAR,00-0036555,CAR,CHI,13,87,2,6.6923,4,0,10,49,1,3,3,38,1,20260925T013701Z
2026,1,REG,2026_01_DEN_KC,00-0036557,KC,DEN,0,0,0,,0,0,0,0,0,0,0,0,0,20260925T013701Z
2026,1,REG,2026_01_SF_LA,00-0036563,SF,LA,0,0,0,,0,0,0,0,0,0,0,0,0,20260925T013701Z
2026,1,REG,2026_01_DEN_KC,00-0036564,DEN,KC,0,0,0,,0,0,0,0,0,0,0,0,0,20260925T013701Z
2026,1,REG,2026_01_ARI_LAC,00-0036568,ARI,LAC,0,0,0,,0,0,0,0,0,0,0,0,0,20260925T013701Z
2026,1,REG,2026_01_DAL_NYG,00-0036587,NYG,DAL,0,0,0,,0,0,0,0,0,0,0,0,0,20260925T013701Z
2026,1,REG,2026_01_CLE_JAX,00-0036590,JAX,CLE,0,0,0,,0,0,0,0,0,0,1,0,0,20260925T013701Z
2026,1,REG,2026_01_SF_LA,00-0036603,LA,SF,0,0,0,,0,0,0,0,0,0,0,0,0,20260925T013701Z
2026,1,REG,2026_01_DEN_KC,00-0036613,DEN,KC,1,2,0,2.0,0,0,0,0,0,1,3,2,0,20260925T013701Z
2026,1,REG,2026_01_ATL_PIT,00-0036617,PIT,ATL,0,0,0,,0,0,0,0,0,0,0,0,0,20260925T013701Z
2026,1,REG,2026_01_DEN_KC,00-0036621,KC,DEN,0,0,0,,0,0,0,0,0,0,0,0,0,20260925T013701Z
2026,1,REG,2026_01_NYJ_TEN,00-0036622,NYJ,TEN,0,0,0,,0,0,0,0,0,0,0,0,0,20260925T013701Z
2026,1,REG,2026_01_DEN_KC,00-0036623,KC,DEN,0,0,0,,0,0,0,0,0,0,0,0,0,20260925T013701Z
2026,1,REG,2026_01_NO_DET,00-0036624,DET,NO,0,0,0,,0,0,0,0,0,0,0,0,0,20260925T013701Z
2026,1,REG,2026_01_GB_MIN,00-0036625,GB,MIN,0,0,0,,0,0,0,0,0,0,0,0,0,20260925T013701Z
2026,1,REG,2026_01_WAS_PHI,00-0036626,WAS,PHI,0,0,0,,0,0,0,0,0,0,2,0,0,20260925T013701Z
2026,1,REG,2026_01_WAS_PHI,00-0036628,WAS,PHI,2,13,0,6.5,0,0,0,0,0,2,3,13,0,20260925T013701Z
2026,1,REG,2026_01_BAL_IND,00-0036629,IND,BAL,0,0,0,,0,0,0,0,0,0,0,0,0,20260925T013701Z
2026,1,REG,2026_01_DEN_KC,00-0036637,KC,DEN,1,5,0,5.0,0,0,0,0,0,1,1,5,0,20260925T013701Z
2026,1,REG,2026_01_TB_CIN,00-0036642,CIN,TB,0,0,0,,0,0,0,0,0,0,0,0,0,20260925T013701Z
2026,1,REG,2026_01_ARI_LAC,00-0036646,ARI,LAC,0,0,0,,0,0,0,0,0,0,0,0,0,20260925T013701Z
2026,1,REG,2026_01_GB_MIN,00-0036648,GB,MIN,0,0,0,,0,0,0,0,0,0,0,0,0,20260925T013701Z
2026,1,REG,2026_01_GB_MIN,00-0036658,GB,MIN,0,0,0,,0,0,0,0,0,0,0,0,0,20260925T013701Z
2026,1,REG,2026_01_DEN_KC,00-0036660,KC,DEN,0,0,0,,0,0,0,0,0,0,0,0,0,20260925T013701Z
2026,1,REG,2026_01_MIA_LV,00-0036677,MIA,LV,0,0,0,,0,0,0,0,0,0,0,0,0,20260925T013701Z
2026,1,REG,2026_01_MIA_LV,00-0036682,MIA,LV,0,0,0,,0,0,0,0,0,0,0,0,0,20260925T013701Z
2026,1,REG,2026_01_DEN_KC,00-0036683,DEN,KC,0,0,0,,0,0,0,0,0,0,0,0,0,20260925T013701Z
2026,1,REG,2026_01_NO_DET,00-0036754,DET,NO,1,5,0,5.0,0,0,0,0,0,1,1,5,0,20260925T013701Z
2026,1,REG,2026_01_NE_SEA,00-0036813,NE,SEA,0,0,0,,0,0,0,0,0,0,0,0,0,20260925T013701Z
2026,1,REG,2026_01_MIA_LV,00-0036816,MIA,LV,0,0,0,,0,0,0,0,0,0,0,0,0,20260925T013701Z
2026,1,REG,2026_01_CHI_CAR,00-0036825,CAR,CHI,0,0,0,,0,0,0,0,0,0,0,0,0,20260925T013701Z
2026,1,REG,2026_01_SF_LA,00-0036844,SF,LA,0,0,0,,0,0,0,0,0,0,0,0,0,20260925T013701Z
2026,1,REG,2026_01_TB_CIN,00-0036854,CIN,TB,0,0,0,,0,0,0,0,0,0,0,0,0,20260925T013701Z
2026,1,REG,2026_01_NO_DET,00-0036867,NO,DET,0,0,0,,0,0,0,0,0,0,0,0,0,20260925T013701Z
2026,1,REG,2026_01_DEN_KC,00-0036874,DEN,KC,0,0,0,,0,0,0,0,0,0,0,0,0,20260925T013701Z
2026,1,REG,2026_01_NE_SEA,00-0036875,NE,SEA,23,95,0,4.1304,3,0,18,51,0,5,6,44,0,20260925T013701Z
2026,1,REG,2026_01_NO_DET,00-0036880,DET,NO,0,0,0,,0,0,0,0,0,0,0,0,0,20260925T013701Z
2026,1,REG,2026_01_BUF_HOU,00-0036883,HOU,BUF,0,0,0,,0,0,0,0,0,0,0,0,0,20260925T013701Z
2026,1,REG,2026_01_SF_LA,00-0036887,SF,LA,2,19,0,9.5,1,0,0,0,0,2,2,19,0,20260925T013701Z
2026,1,REG,2026_01_BUF_HOU,00-0036888,BUF,HOU,0,0,0,,0,0,0,0,0,0,0,0,0,20260925T013701Z
2026,1,REG,2026_01_ATL_PIT,00-0036894,PIT,ATL,5,46,1,9.2,3,0,0,0,0,5,5,46,1,20260925T013701Z
2026,1,REG,2026_01_TB_CIN,00-0036900,CIN,TB,2,12,0,6.0,1,0,0,0,0,2,4,12,0,20260925T013701Z
2026,1,REG,2026_01_MIA_LV,00-0036901,LV,MIA,0,0,0,,0,0,0,0,0,0,0,0,0,20260925T013701Z
2026,1,REG,2026_01_CHI_CAR,00-0036903,CAR,CHI,0,0,0,,0,0,0,0,0,0,0,0,0,20260925T013701Z
2026,1,REG,2026_01_DEN_KC,00-0036909,KC,DEN,0,0,0,,0,0,0,0,0,0,0,0,0,20260925T013701Z
2026,1,REG,2026_01_WAS_PHI,00-0036912,PHI,WAS,3,53,0,17.6667,1,0,0,0,0,3,6,53,0,20260925T013701Z
2026,1,REG,2026_01_BUF_HOU,00-0036914,BUF,HOU,0,0,0,,0,0,0,0,0,0,0,0,0,20260925T013701Z
2026,1,REG,2026_01_NE_SEA,00-0036916,NE,SEA,0,0,0,,0,0,0,0,0,0,0,0,0,20260925T013701Z
2026,1,REG,2026_01_TB_CIN,00-0036919,TB,CIN,6,18,0,3.0,1,0,5,15,0,1,1,3,0,20260925T013701Z
2026,1,REG,2026_01_MIA_LV,00-0036922,LV,MIA,0,0,0,,0,0,0,0,0,0,0,0,0,20260925T013701Z
2026,1,REG,2026_01_NO_DET,00-0036927,NO,DET,0,0,0,,0,0,0,0,0,0,0,0,0,20260925T013701Z
2026,1,REG,2026_01_ARI_LAC,00-0036933,ARI,LAC,0,0,0,,0,0,0,0,0,0,0,0,0,20260925T013701Z
2026,1,REG,2026_01_CHI_CAR,00-0036934,CAR,CHI,0,0,0,,0,0,0,0,0,0,0,0,0,20260925T013701Z
2026,1,REG,2026_01_DAL_NYG,00-0036937,NYG,DAL,0,0,0,,0,0,0,0,0,0,0,0,0,20260925T013701Z
2026,1,REG,2026_01_WAS_PHI,00-0036940,WAS,PHI,0,0,0,,0,0,0,0,0,0,0,0,0,20260925T013701Z
2026,1,REG,2026_01_NYJ_TEN,00-0036941,NYJ,TEN,0,0,0,,0,0,0,0,0,0,0,0,0,20260925T013701Z
2026,1,REG,2026_01_SF_LA,00-0036942,SF,LA,0,0,0,,0,0,0,0,0,0,0,0,0,20260925T013701Z
2026,1,REG,2026_01_DEN_KC,00-0036943,DEN,KC,0,0,0,,0,0,0,0,0,0,0,0,0,20260925T013701Z
2026,1,REG,2026_01_CHI_CAR,00-0036944,CAR,CHI,0,0,0,,0,0,0,0,0,0,0,0,0,20260925T013701Z
2026,1,REG,2026_01_CHI_CAR,00-0036962,CAR,CHI,0,0,0,,0,0,0,0,0,0,0,0,0,20260925T013701Z
2026,1,REG,2026_01_NO_DET,00-0036963,DET,NO,10,67,2,6.7,4,0,0,0,0,10,14,67,2,20260925T013701Z
2026,1,REG,2026_01_NO_DET,00-0036964,DET,NO,0,0,0,,0,0,0,0,0,0,0,0,0,20260925T013701Z
2026,1,REG,2026_01_ATL_PIT,00-0036970,ATL,PIT,0,0,0,,0,0,0,0,0,0,1,0,0,20260925T013701Z
2026,1,REG,2026_01_CLE_JAX,00-0036971,JAX,CLE,2,3,0,1.5,1,0,2,3,0,0,0,0,0,20260925T013701Z
2026,1,REG,2026_01_NO_DET,00-0036973,NO,DET,16,78,0,4.875,4,0,9,46,0,7,9,32,0,20260925T013701Z
2026,1,REG,2026_01_CLE_JAX,00-0036974,CLE,JAX,0,0,0,,0,0,0,0,0,0,0,0,0,20260925T013701Z
2026,1,REG,2026_01_NE_SEA,00-0036979,NE,SEA,0,0,0,,0,0,0,0,0,0,0,0,0,20260925T013701Z
2026,1,REG,2026_01_NE_SEA,00-0036981,NE,SEA,0,0,0,,0,0,0,0,0,0,0,0,0,20260925T013701Z
2026,1,REG,2026_01_DAL_NYG,00-0036982,NYG,DAL,0,0,0,,0,0,0,0,0,0,0,0,0,20260925T013701Z
2026,1,REG,2026_01_CLE_JAX,00-0036985,JAX,CLE,0,0,0,,0,0,0,0,0,0,0,0,0,20260925T013701Z
2026,1,REG,2026_01_NYJ_TEN,00-0036986,NYJ,TEN,0,0,0,,0,0,0,0,0,0,0,0,0,20260925T013701Z
2026,1,REG,2026_01_BUF_HOU,00-0036988,BUF,HOU,1,34,1,34.0,1,0,0,0,0,1,2,34,1,20260925T013701Z
2026,1,REG,2026_01_MIA_LV,00-0036989,LV,MIA,0,0,0,,0,0,0,0,0,0,0,0,0,20260925T013701Z
2026,1,REG,2026_01_ATL_PIT,00-0036990,ATL,PIT,0,0,0,,0,0,0,0,0,0,0,0,0,20260925T013701Z
2026,1,REG,2026_01_ARI_LAC,00-0036992,LAC,ARI,0,0,0,,0,0,0,0,0,0,0,0,0,20260925T013701Z
2026,1,REG,2026_01_NE_SEA,00-0036994,SEA,NE,0,0,0,,0,0,0,0,0,0,0,0,0,20260925T013701Z
2026,1,REG,2026_01_DAL_NYG,00-0036996,NYG,DAL,0,0,0,,0,0,0,0,0,0,0,0,0,20260925T013701Z
2026,1,REG,2026_01_DAL_NYG,00-0036997,DAL,NYG,17,72,2,4.2353,4,0,12,41,1,5,5,31,1,20260925T013701Z
2026,1,REG,2026_01_DAL_NYG,00-0036998,NYG,DAL,0,0,0,,0,0,0,0,0,0,0,0,0,20260925T013701Z
2026,1,REG,2026_01_WAS_PHI,00-0037002,PHI,WAS,0,0,0,,0,0,0,0,0,0,0,0,0,20260925T013701Z
2026,1,REG,2026_01_NE_SEA,00-0037003,SEA,NE,0,0,0,,0,0,0,0,0,0,0,0,0,20260925T013701Z
2026,1,REG,2026_01_ARI_LAC,00-0037004,ARI,LAC,0,0,0,,0,0,0,0,0,0,0,0,0,20260925T013701Z
2026,1,REG,2026_01_CHI_CAR,00-0037005,CAR,CHI,3,25,0,8.3333,2,0,0,0,0,3,5,25,0,20260925T013701Z
2026,1,REG,2026_01_ARI_LAC,00-0037009,LAC,ARI,0,0,0,,0,0,0,0,0,0,0,0,0,20260925T013701Z
2026,1,REG,2026_01_BUF_HOU,00-0037034,BUF,HOU,0,0,0,,0,0,0,0,0,0,0,0,0,20260925T013701Z
2026,1,REG,2026_01_WAS_PHI,00-0037073,PHI,WAS,0,0,0,,0,0,0,0,0,0,0,0,0,20260925T013701Z
2026,1,REG,2026_01_MIA_LV,00-0037074,LV,MIA,0,0,0,,0,0,0,0,0,0,0,0,0,20260925T013701Z
2026,1,REG,2026_01_GB_MIN,00-0037075,GB,MIN,0,0,0,,0,0,0,0,0,0,0,0,0,20260925T013701Z
2026,1,REG,2026_01_GB_MIN,00-0037076,GB,MIN,0,0,0,,0,0,0,0,0,0,0,0,0,20260925T013701Z
2026,1,REG,2026_01_WAS_PHI,00-0037079,PHI,WAS,0,0,0,,0,0,0,0,0,0,0,0,0,20260925T013701Z
2026,1,REG,2026_01_BUF_HOU,00-0037082,HOU,BUF,0,0,0,,0,0,0,0,0,0,0,0,0,20260925T013701Z
2026,1,REG,2026_01_NYJ_TEN,00-0037083,NYJ,TEN,0,0,0,,0,0,0,0,0,0,0,0,0,20260925T013701Z
2026,1,REG,2026_01_GB_MIN,00-0037091,GB,MIN,1,10,0,10.0,1,0,0,0,0,1,1,10,0,20260925T013701Z
2026,1,REG,2026_01_MIA_LV,00-0037093,LV,MIA,0,0,0,,0,0,0,0,0,0,0,0,0,20260925T013701Z
2026,1,REG,2026_01_GB_MIN,00-0037094,GB,MIN,0,0,0,,0,0,0,0,0,0,0,0,0,20260925T013701Z
2026,1,REG,2026_01_CHI_CAR,00-0037096,CHI,CAR,0,0,0,,0,0,0,0,0,0,0,0,0,20260925T013701Z
2026,1,REG,2026_01_CHI_CAR,00-0037129,CHI,CAR,0,0,0,,0,0,0,0,0,0,0,0,0,20260925T013701Z
2026,1,REG,2026_01_BUF_HOU,00-0037130,HOU,BUF,0,0,0,,0,0,0,0,0,0,0,0,0,20260925T013701Z
2026,1,REG,2026_01_WAS_PHI,00-0037132,PHI,WAS,0,0,0,,0,0,0,0,0,0,0,0,0,20260925T013701Z
2026,1,REG,2026_01_NE_SEA,00-0037137,SEA,NE,0,0,0,,0,0,0,0,0,0,0,0,0,20260925T013701Z
2026,1,REG,2026_01_NYJ_TEN,00-0037155,TEN,NYJ,0,0,0,,0,0,0,0,0,0,0,0,0,20260925T013701Z
2026,1,REG,2026_01_CHI_CAR,00-0037179,CAR,CHI,0,0,0,,0,0,0,0,0,0,0,0,0,20260925T013701Z
2026,1,REG,2026_01_BAL_IND,00-0037190,IND,BAL,0,0,0,,0,0,0,0,0,0,0,0,0,20260925T013701Z
2026,1,REG,2026_01_SF_LA,00-0037191,LA,SF,0,0,0,,0,0,0,0,0,0,0,0,0,20260925T013701Z
2026,1,REG,2026_01_DEN_KC,00-0037192,KC,DEN,0,0,0,,0,0,0,0,0,0,0,0,0,20260925T013701Z
2026,1,REG,2026_01_TB_CIN,00-0037193,CIN,TB,0,0,0,,0,0,0,0,0,0,0,0,0,20260925T013701Z
2026,1,REG,2026_01_SF_LA,00-0037195,LA,SF,0,0,0,,0,0,0,0,0,0,0,0,0,20260925T013701Z
2026,1,REG,2026_01_CHI_CAR,00-0037196,CAR,CHI,0,0,0,,0,0,0,0,0,0,0,0,0,20260925T013701Z
2026,1,REG,2026_01_DEN_KC,00-0037208,KC,DEN,0,0,0,,0,0,0,0,0,0,0,0,0,20260925T013701Z
2026,1,REG,2026_01_ARI_LAC,00-0037224,LAC,ARI,0,0,0,,0,0,0,0,0,0,0,0,0,20260925T013701Z
2026,1,REG,2026_01_ATL_PIT,00-0037228,PIT,ATL,15,73,0,4.8667,4,1,10,46,0,5,6,27,0,20260925T013701Z
2026,1,REG,2026_01_CLE_JAX,00-0037235,JAX,CLE,0,0,0,,0,0,0,0,0,0,0,0,0,20260925T013701Z
2026,1,REG,2026_01_NO_DET,00-0037236,DET,NO,0,0,0,,0,0,0,0,0,0,0,0,0,20260925T013701Z
2026,1,REG,2026_01_BUF_HOU,00-0037237,HOU,BUF,0,0,0,,0,0,0,0,0,0,0,0,0,20260925T013701Z
2026,1,REG,2026_01_ATL_PIT,00-0037238,ATL,PIT,3,35,0,11.6667,1,0,1,6,0,2,4,29,0,20260925T013701Z
2026,1,REG,2026_01_NO_DET,00-0037239,NO,DET,10,182,0,18.2,7,0,0,0,0,10,13,182,0,20260925T013701Z
2026,1,REG,2026_01_NO_DET,00-0037240,DET,NO,4,45,0,11.25,2,0,0,0,0,4,9,45,0,20260925T013701Z
2026,1,REG,2026_01_CHI_CAR,00-0037244,CAR,CHI,0,0,0,,0,0,0,0,0,0,0,0,0,20260925T013701Z
2026,1,REG,2026_01_BUF_HOU,00-0037246,HOU,BUF,0,0,0,,0,0,0,0,0,0,0,0,0,20260925T013701Z
2026,1,REG,2026_01_DAL_NYG,00-0037247,DAL,NYG,3,28,0,9.3333,2,0,0,0,0,3,6,28,0,20260925T013701Z
2026,1,REG,2026_01_BUF_HOU,00-0037248,BUF,HOU,16,69,0,4.3125,5,1,13,57,0,3,4,12,0,20260925T013701Z
2026,1,REG,2026_01_DEN_KC,00-0037249,DEN,KC,0,0,0,,0,0,0,0,0,0,0,0,0,20260925T013701Z
2026,1,REG,2026_01_NO_DET,00-0037250,NO,DET,0,0,0,,0,0,0,0,0,0,0,0,0,20260925T013701Z
2026,1,REG,2026_01_MIA_LV,00-0037252,MIA,LV,2,18,0,9.0,1,0,0,0,0,2,2,18,0,20260925T013701Z
2026,1,REG,2026_01_NE_SEA,00-0037253,NE,SEA,0,0,0,,0,0,0,0,0,0,0,0,0,20260925T013701Z
2026,1,REG,2026_01_BUF_HOU,00-0037254,BUF,HOU,0,0,0,,0,0,0,0,0,0,0,0,0,20260925T013701Z
2026,1,REG,2026_01_WAS_PHI,00-0037256,WAS,PHI,9,27,0,3.0,1,0,7,22,0,2,2,5,0,20260925T013701Z
2026,1,REG,2026_01_BUF_HOU,00-0037261,BUF,HOU,4,50,0,12.5,2,0,0,0,0,4,6,50,0,20260925T013701Z
2026,1,REG,2026_01_MIA_LV,00-0037262,LV,MIA,0,0,0,,0,0,0,0,0,0,0,0,0,20260925T013701Z
2026,1,REG,2026_01_ARI_LAC,00-0037263,ARI,LAC,19,70,0,3.6842,2,0,17,61,0,2,2,9,0,20260925T013701Z
2026,1,REG,2026_01_TB_CIN,00-0037268,TB,CIN,0,0,0,,0,0,0,0,0,0,0,0,0,20260925T013701Z
2026,1,REG,2026_01_DAL_NYG,00-0037270,DAL,NYG,0,0,0,,0,0,0,0,0,0,0,0,0,20260925T013701Z
2026,1,REG,2026_01_CHI_CAR,00-0037271,CHI,CAR,0,0,0,,0,0,0,0,0,0,0,0,0,20260925T013701Z
2026,1,REG,2026_01_DAL_NYG,00-0037275,DAL,NYG,0,0,0,,0,0,0,0,0,0,0,0,0,20260925T013701Z
2026,1,REG,2026_01_DEN_KC,00-0037284,KC,DEN,0,0,0,,0,0,0,0,0,0,0,0,0,20260925T013701Z
2026,1,REG,2026_01_BUF_HOU,00-0037288,BUF,HOU,0,0,0,,0,0,0,0,0,0,0,0,0,20260925T013701Z
2026,1,REG,2026_01_NO_DET,00-0037289,DET,NO,0,0,0,,0,0,0,0,0,0,0,0,0,20260925T013701Z
2026,1,REG,2026_01_MIA_LV,00-0037291,LV,MIA,3,27,0,9.0,3,0,0,0,0,3,5,27,0,20260925T013701Z
2026,1,REG,2026_01_BAL_IND,00-0037292,IND,BAL,0,0,0,,0,0,0,0,0,0,1,0,0,20260925T013701Z
2026,1,REG,2026_01_GB_MIN,00-0037301,MIN,GB,0,0,0,,0,0,0,0,0,0,0,0,0,20260925T013701Z
2026,1,REG,2026_01_MIA_LV,00-0037304,LV,MIA,1,1,0,1.0,1,0,1,1,0,0,0,0,0,20260925T013701Z
2026,1,REG,2026_01_DAL_NYG,00-0037310,DAL,NYG,0,0,0,,0,0,0,0,0,0,0,0,0,20260925T013701Z
2026,1,REG,2026_01_CLE_JAX,00-0037313,JAX,CLE,0,0,0,,0,0,0,0,0,0,0,0,0,20260925T013701Z
2026,1,REG,2026_01_ATL_PIT,00-0037317,ATL,PIT,0,0,0,,0,0,0,0,0,0,0,0,0,20260925T013701Z
2026,1,REG,2026_01_NE_SEA,00-0037323,SEA,NE,0,0,0,,0,0,0,0,0,0,0,0,0,20260925T013701Z
2026,1,REG,2026_01_CHI_CAR,00-0037380,CHI,CAR,0,0,0,,0,0,0,0,0,0,0,0,0,20260925T013701Z
2026,1,REG,2026_01_DEN_KC,00-0037384,DEN,KC,0,0,0,,0,0,0,0,0,0,0,0,0,20260925T013701Z
2026,1,REG,2026_01_BUF_HOU,00-0037428,BUF,HOU,0,0,0,,0,0,0,0,0,0,0,0,0,20260925T013701Z
2026,1,REG,2026_01_BUF_HOU,00-0037457,HOU,BUF,0,0,0,,0,0,0,0,0,0,0,0,0,20260925T013701Z
2026,1,REG,2026_01_ATL_PIT,00-0037480,PIT,ATL,0,0,0,,0,0,0,0,0,0,0,0,0,20260925T013701Z
2026,1,REG,2026_01_NO_DET,00-0037500,NO,DET,0,0,0,,0,0,0,0,0,0,0,0,0,20260925T013701Z
2026,1,REG,2026_01_MIA_LV,00-0037512,LV,MIA,0,0,0,,0,0,0,0,0,0,0,0,0,20260925T013701Z
2026,1,REG,2026_01_NO_DET,00-0037524,DET,NO,0,0,0,,0,0,0,0,0,0,0,0,0,20260925T013701Z
2026,1,REG,2026_01_GB_MIN,00-0037525,MIN,GB,15,59,1,3.9333,2,0,15,59,1,0,0,0,0,20260925T013701Z
2026,1,REG,2026_01_NYJ_TEN,00-0037526,NYJ,TEN,0,0,0,,0,0,0,0,0,0,0,0,0,20260925T013701Z
2026,1,REG,2026_01_MIA_LV,00-0037527,LV,MIA,0,0,0,,0,0,0,0,0,0,0,0,0,20260925T013701Z
2026,1,REG,2026_01_NE_SEA,00-0037545,SEA,NE,1,4,0,4.0,0,0,0,0,0,1,3,4,0,20260925T013701Z
2026,1,REG,2026_01_GB_MIN,00-0037547,GB,MIN,0,0,0,,0,0,0,0,0,0,0,0,0,20260925T013701Z
2026,1,REG,2026_01_SF_LA,00-0037557,LA,SF,6,24,0,4.0,2,0,5,19,0,1,1,5,0,20260925T013701Z
2026,1,REG,2026_01_DAL_NYG,00-0037561,DAL,NYG,0,0,0,,0,0,0,0,0,0,0,0,0,20260925T013701Z
2026,1,REG,2026_01_SF_LA,00-0037587,LA,SF,0,0,0,,0,0,0,0,0,0,0,0,0,20260925T013701Z
2026,1,REG,2026_01_ARI_LAC,00-0037596,ARI,LAC,0,0,0,,0,0,0,0,0,0,0,0,0,20260925T013701Z
2026,1,REG,2026_01_DAL_NYG,00-0037611,NYG,DAL,0,0,0,,0,0,0,0,0,0,0,0,0,20260925T013701Z
2026,1,REG,2026_01_MIA_LV,00-0037615,LV,MIA,0,0,0,,0,0,0,0,0,0,0,0,0,20260925T013701Z
2026,1,REG,2026_01_WAS_PHI,00-0037616,WAS,PHI,0,0,0,,0,0,0,0,0,0,0,0,0,20260925T013701Z
2026,1,REG,2026_01_NYJ_TEN,00-0037663,TEN,NYJ,0,0,0,,0,0,0,0,0,0,0,0,0,20260925T013701Z
2026,1,REG,2026_01_BAL_IND,00-0037664,IND,BAL,4,61,0,15.25,4,0,0,0,0,4,6,61,0,20260925T013701Z
2026,1,REG,2026_01_CLE_JAX,00-0037665,CLE,JAX,0,0,0,,0,0,0,0,0,0,0,0,0,20260925T013701Z
2026,1,REG,2026_01_MIA_LV,00-0037686,MIA,LV,0,0,0,,0,0,0,0,0,0,0,0,0,20260925T013701Z
2026,1,REG,2026_01_DAL_NYG,00-0037692,DAL,NYG,0,0,0,,0,0,0,0,0,0,0,0,0,20260925T013701Z
2026,1,REG,2026_01_NYJ_TEN,00-0037740,NYJ,TEN,6,79,0,13.1667,3,0,0,0,0,6,7,79,0,20260925T013701Z
2026,1,REG,2026_01_ATL_PIT,00-0037741,ATL,PIT,1,19,0,19.0,1,0,0,0,0,1,3,19,0,20260925T013701Z
2026,1,REG,2026_01_TB_CIN,00-0037743,CIN,TB,0,0,0,,0,0,0,0,0,0,0,0,0,20260925T013701Z
2026,1,REG,2026_01_ARI_LAC,00-0037744,ARI,LAC,9,95,1,10.5556,6,0,0,0,0,9,13,95,1,20260925T013701Z
2026,1,REG,2026_01_ATL_PIT,00-0037746,ATL,PIT,9,31,0,3.4444,2,0,9,31,0,0,0,0,0,20260925T013701Z
2026,1,REG,2026_01_DEN_KC,00-0037752,DEN,KC,0,0,0,,0,0,0,0,0,0,0,0,0,20260925T013701Z
2026,1,REG,2026_01_BAL_IND,00-0037756,BAL,IND,0,0,0,,0,0,0,0,0,0,0,0,0,20260925T013701Z
2026,1,REG,2026_01_NYJ_TEN,00-0037758,TEN,NYJ,0,0,0,,0,0,0,0,0,0,0,0,0,20260925T013701Z
2026,1,REG,2026_01_DEN_KC,00-0037799,DEN,KC,0,0,0,,0,0,0,0,0,0,0,0,0,20260925T013701Z
2026,1,REG,2026_01_DAL_NYG,00-0037801,DAL,NYG,1,8,0,8.0,1,0,0,0,0,1,1,8,0,20260925T013701Z
2026,1,REG,2026_01_NYJ_TEN,00-0037805,NYJ,TEN,1,4,0,4.0,0,0,0,0,0,1,1,4,0,20260925T013701Z
2026,1,REG,2026_01_WAS_PHI,00-0037809,WAS,PHI,2,16,0,8.0,1,0,0,0,0,2,3,16,0,20260925T013701Z
2026,1,REG,2026_01_NE_SEA,00-0037812,SEA,NE,0,0,0,,0,0,0,0,0,0,0,0,0,20260925T013701Z
2026,1,REG,2026_01_ATL_PIT,00-0037815,ATL,PIT,0,0,0,,0,0,0,0,0,0,0,0,0,20260925T013701Z
2026,1,REG,2026_01_NE_SEA,00-0037816,NE,SEA,0,0,0,,0,0,0,0,0,0,3,0,0,20260925T013701Z
2026,1,REG,2026_01_GB_MIN,00-0037817,GB,MIN,0,0,0,,0,0,0,0,0,0,0,0,0,20260925T013701Z
2026,1,REG,2026_01_CLE_JAX,00-0037818,CLE,JAX,0,0,0,,0,0,0,0,0,0,0,0,0,20260925T013701Z
2026,1,REG,2026_01_WAS_PHI,00-0037819,WAS,PHI,0,0,0,,0,0,0,0,0,0,0,0,0,20260925T013701Z
2026,1,REG,2026_01_SF_LA,00-0037834,SF,LA,5,29,0,5.8,4,0,5,29,0,0,0,0,0,20260925T013701Z
2026,1,REG,2026_01_DAL_NYG,00-0037838,NYG,DAL,8,78,2,9.75,6,1,0,0,0,8,8,78,2,20260925T013701Z
2026,1,REG,2026_01_DAL_NYG,00-0037839,DAL,NYG,0,0,0,,0,0,0,0,0,0,0,0,0,20260925T013701Z
2026,1,REG,2026_01_SF_LA,00-0037840,LA,SF,14,65,1,4.6429,4,0,11,41,1,3,3,24,0,20260925T013701Z
2026,1,REG,2026_01_SF_LA,00-0037841,LA,SF,0,0,0,,0,0,0,0,0,0,0,0,0,20260925T013701Z
2026,1,REG,2026_01_CHI_CAR,00-0037843,CHI,CAR,0,0,0,,0,0,0,0,0,0,0,0,0,20260925T013701Z
2026,1,REG,2026_01_BAL_IND,00-0038038,BAL,IND,0,0,0,,0,0,0,0,0,0,0,0,0,20260925T013701Z
2026,1,REG,2026_01_SF_LA,00-0038039,SF,LA,0,0,0,,0,0,0,0,0,0,0,0,0,20260925T013701Z
2026,1,REG,2026_01_DAL_NYG,00-0038041,DAL,NYG,2,6,0,3.0,0,0,0,0,0,2,2,6,0,20260925T013701Z
2026,1,REG,2026_01_ARI_LAC,00-0038046,LAC,ARI,0,0,0,,0,0,0,0,0,0,0,0,0,20260925T013701Z
2026,1,REG,2026_01_GB_MIN,00-0038090,GB,MIN,0,0,0,,0,0,0,0,0,0,1,0,0,20260925T013701Z
2026,1,REG,2026_01_DAL_NYG,00-0038094,NYG,DAL,0,0,0,,0,0,0,0,0,0,0,0,0,20260925T013701Z
2026,1,REG,2026_01_CHI_CAR,00-0038102,CAR,CHI,1,24,0,24.0,1,0,1,24,0,0,0,0,0,20260925T013701Z
2026,1,REG,2026_01_DEN_KC,00-0038104,KC,DEN,0,0,0,,0,0,0,0,0,0,1,0,0,20260925T013701Z
2026,1,REG,2026_01_DEN_KC,00-0038106,DEN,KC,0,0,0,,0,0,0,0,0,0,0,0,0,20260925T013701Z
2026,1,REG,2026_01_WAS_PHI,00-0038112,PHI,WAS,0,0,0,,0,0,0,0,0,0,0,0,0,20260925T013701Z
2026,1,REG,2026_01_NYJ_TEN,00-0038115,TEN,NYJ,1,7,0,7.0,0,0,0,0,0,1,1,7,0,20260925T013701Z
2026,1,REG,2026_01_WAS_PHI,00-0038116,PHI,WAS,0,0,0,,0,0,0,0,0,0,0,0,0,20260925T013701Z
2026,1,REG,2026_01_NYJ_TEN,00-0038117,TEN,NYJ,5,38,0,7.6,3,0,0,0,0,5,6,38,0,20260925T013701Z
2026,1,REG,2026_01_NYJ_TEN,00-0038120,NYJ,TEN,24,118,1,4.9167,7,0,22,102,1,2,2,16,0,20260925T013701Z
2026,1,REG,2026_01_NYJ_TEN,00-0038121,TEN,NYJ,0,0,0,,0,0,0,0,0,0,0,0,0,20260925T013701Z
2026,1,REG,2026_01_NYJ_TEN,00-0038123,NYJ,TEN,0,0,0,,0,0,0,0,0,0,0,0,0,20260925T013701Z
2026,1,REG,2026_01_GB_MIN,00-0038124,GB,MIN,6,147,2,24.5,5,0,0,0,0,6,8,147,2,20260925T013701Z
2026,1,REG,2026_01_NO_DET,00-0038125,DET,NO,0,0,0,,0,0,0,0,0,0,0,0,0,20260925T013701Z
2026,1,REG,2026_01_MIA_LV,00-0038128,MIA,LV,6,39,1,6.5,2,1,6,39,1,0,0,0,0,20260925T013701Z
2026,1,REG,2026_01_TB_CIN,00-0038129,TB,CIN,3,26,0,8.6667,3,0,0,0,0,3,5,26,0,20260925T013701Z
2026,1,REG,2026_01_TB_CIN,00-0038133,CIN,TB,0,0,0,,0,0,0,0,0,0,0,0,0,20260925T013701Z
2026,1,REG,2026_01_DEN_KC,00-0038134,KC,DEN,26,191,2,7.3462,10,0,23,173,1,3,6,18,1,20260925T013701Z
2026,1,REG,2026_01_ATL_PIT,00-0038135,PIT,ATL,0,0,0,,0,0,0,0,0,0,0,0,0,20260925T013701Z
2026,1,REG,2026_01_SF_LA,00-0038359,LA,SF,0,0,0,,0,0,0,0,0,0,0,0,0,20260925T013701Z
2026,1,REG,2026_01_MIA_LV,00-0038360,LV,MIA,0,0,0,,0,0,0,0,0,0,0,0,0,20260925T013701Z
2026,1,REG,2026_01_WAS_PHI,00-0038386,PHI,WAS,0,0,0,,0,0,0,0,0,0,0,0,0,20260925T013701Z
2026,1,REG,2026_01_NO_DET,00-0038387,NO,DET,0,0,0,,0,0,0,0,0,0,0,0,0,20260925T013701Z
2026,1,REG,2026_01_WAS_PHI,00-0038393,PHI,WAS,2,73,1,36.5,2,0,0,0,0,2,4,73,1,20260925T013701Z
2026,1,REG,2026_01_GB_MIN,00-0038398,GB,MIN,0,0,0,,0,0,0,0,0,0,0,0,0,20260925T013701Z
2026,1,REG,2026_01_DAL_NYG,00-0038399,NYG,DAL,0,0,0,,0,0,0,0,0,0,0,0,0,20260925T013701Z
2026,1,REG,2026_01_WAS_PHI,00-0038412,PHI,WAS,0,0,0,,0,0,0,0,0,0,0,0,0,20260925T013701Z
2026,1,REG,2026_01_CLE_JAX,00-0038428,CLE,JAX,0,0,0,,0,0,0,0,0,0,0,0,0,20260925T013701Z
2026,1,REG,2026_01_ARI_LAC,00-0038454,LAC,ARI,4,9,0,2.25,0,0,4,9,0,0,0,0,0,20260925T013701Z
2026,1,REG,2026_01_GB_MIN,00-0038463,GB,MIN,0,0,0,,0,0,0,0,0,0,0,0,0,20260925T013701Z
2026,1,REG,2026_01_NE_SEA,00-0038488,SEA,NE,2,20,0,10.0,1,0,0,0,0,2,2,20,0,20260925T013701Z
2026,1,REG,2026_01_DEN_KC,00-0038489,KC,DEN,0,0,0,,0,0,0,0,0,0,0,0,0,20260925T013701Z
2026,1,REG,2026_01_CHI_CAR,00-0038493,CAR,CHI,0,0,0,,0,0,0,0,0,0,0,0,0,20260925T013701Z
2026,1,REG,2026_01_BAL_IND,00-0038504,BAL,IND,0,0,0,,0,0,0,0,0,0,0,0,0,20260925T013701Z
2026,1,REG,2026_01_BAL_IND,00-0038505,BAL,IND,0,0,0,,0,0,0,0,0,0,0,0,0,20260925T013701Z
2026,1,REG,2026_01_DEN_KC,00-0038519,KC,DEN,0,0,0,,0,0,0,0,0,0,0,0,0,20260925T013701Z
2026,1,REG,2026_01_ARI_LAC,00-0038540,ARI,LAC,0,0,0,,0,0,0,0,0,0,0,0,0,20260925T013701Z
2026,1,REG,2026_01_NO_DET,00-0038541,NO,DET,0,0,0,,0,0,0,0,0,0,0,0,0,20260925T013701Z
2026,1,REG,2026_01_ATL_PIT,00-0038542,ATL,PIT,29,173,1,5.9655,9,2,21,83,0,8,10,90,1,20260925T013701Z
2026,1,REG,2026_01_NE_SEA,00-0038543,SEA,NE,8,122,1,15.25,5,0,0,0,0,8,11,122,1,20260925T013701Z
2026,1,REG,2026_01_ARI_LAC,00-0038544,LAC,ARI,2,17,0,8.5,0,0,0,0,0,2,6,17,0,20260925T013701Z
2026,1,REG,2026_01_TB_CIN,00-0038546,CIN,TB,0,0,0,,0,0,0,0,0,0,0,0,0,20260925T013701Z
2026,1,REG,2026_01_DAL_NYG,00-0038547,DAL,NYG,1,12,0,12.0,0,0,0,0,0,1,1,12,0,20260925T013701Z
2026,1,REG,2026_01_BUF_HOU,00-0038548,BUF,HOU,0,0,0,,0,0,0,0,0,0,0,0,0,20260925T013701Z
2026,1,REG,2026_01_TB_CIN,00-0038549,CIN,TB,0,0,0,,0,0,0,0,0,0,0,0,0,20260925T013701Z
2026,1,REG,2026_01_NO_DET,00-0038551,NO,DET,9,30,1,3.3333,2,0,9,30,1,0,0,0,0,20260925T013701Z
2026,1,REG,2026_01_DEN_KC,00-0038552,DEN,KC,0,0,0,,0,0,0,0,0,0,0,0,0,20260925T013701Z
2026,1,REG,2026_01_ARI_LAC,00-0038553,LAC,ARI,0,0,0,,0,0,0,0,0,0,0,0,0,20260925T013701Z
2026,1,REG,2026_01_SF_LA,00-0038554,SF,LA,0,0,0,,0,0,0,0,0,0,0,0,0,20260925T013701Z
2026,1,REG,2026_01_WAS_PHI,00-0038555,PHI,WAS,1,3,0,3.0,0,0,1,3,0,0,0,0,0,20260925T013701Z
2026,1,REG,2026_01_DAL_NYG,00-0038556,DAL,NYG,0,0,0,,0,0,0,0,0,0,0,0,0,20260925T013701Z
2026,1,REG,2026_01_BUF_HOU,00-0038557,BUF,HOU,0,0,0,,0,0,0,0,0,0,0,0,0,20260925T013701Z
2026,1,REG,2026_01_ATL_PIT,00-0038558,PIT,ATL,2,18,0,9.0,1,0,0,0,0,2,2,18,0,20260925T013701Z
2026,1,REG,2026_01_ARI_LAC,00-0038559,ARI,LAC,5,56,0,11.2,3,0,0,0,0,5,7,56,0,20260925T013701Z
2026,1,REG,2026_01_TB_CIN,00-0038560,CIN,TB,0,0,0,,0,0,0,0,0,0,0,0,0,20260925T013701Z
2026,1,REG,2026_01_MIA_LV,00-0038563,LV,MIA,2,27,0,13.5,1,0,0,0,0,2,4,27,0,20260925T013701Z
2026,1,REG,2026_01_ARI_LAC,00-0038567,ARI,LAC,0,0,0,,0,0,0,0,0,0,0,0,0,20260925T013701Z
2026,1,REG,2026_01_CLE_JAX,00-0038570,JAX,CLE,0,0,0,,0,0,0,0,0,0,0,0,0,20260925T013701Z
2026,1,REG,2026_01_ARI_LAC,00-0038573,LAC,ARI,0,0,0,,0,0,0,0,0,0,1,0,0,20260925T013701Z
2026,1,REG,2026_01_CLE_JAX,00-0038574,CLE,JAX,0,0,0,,0,0,0,0,0,0,0,0,0,20260925T013701Z
2026,1,REG,2026_01_ATL_PIT,00-0038577,PIT,ATL,0,0,0,,0,0,0,0,0,0,0,0,0,20260925T013701Z
2026,1,REG,2026_01_NO_DET,00-0038588,NO,DET,0,0,0,,0,0,0,0,0,0,0,0,0,20260925T013701Z
2026,1,REG,2026_01_CLE_JAX,00-0038596,JAX,CLE,0,0,0,,0,0,0,0,0,0,0,0,0,20260925T013701Z
2026,1,REG,2026_01_TB_CIN,00-0038597,CIN,TB,21,78,1,3.7143,4,0,16,56,1,5,6,22,0,20260925T013701Z
2026,1,REG,2026_01_BUF_HOU,00-0038599,HOU,BUF,0,0,0,,0,0,0,0,0,0,0,0,0,20260925T013701Z
2026,1,REG,2026_01_MIA_LV,00-0038603,MIA,LV,0,0,0,,0,0,0,0,0,0,0,0,0,20260925T013701Z
2026,1,REG,2026_01_DEN_KC,00-0038605,DEN,KC,0,0,0,,0,0,0,0,0,0,0,0,0,20260925T013701Z
2026,1,REG,2026_01_CLE_JAX,00-0038606,JAX,CLE,5,83,1,16.6,4,0,0,0,0,5,6,83,1,20260925T013701Z
2026,1,REG,2026_01_BUF_HOU,00-0038608,HOU,BUF,1,21,0,21.0,1,0,0,0,0,1,2,21,0,20260925T013701Z
2026,1,REG,2026_01_CLE_JAX,00-0038611,JAX,CLE,6,23,0,3.8333,1,0,6,23,0,0,0,0,0,20260925T013701Z
2026,1,REG,2026_01_BUF_HOU,00-0038618,HOU,BUF,3,32,0,10.6667,1,0,0,0,0,3,6,32,0,20260925T013701Z
2026,1,REG,2026_01_TB_CIN,00-0038619,CIN,TB,2,12,0,6.0,1,0,0,0,0,2,3,12,0,20260925T013701Z
2026,1,REG,2026_01_NE_SEA,00-0038621,NE,SEA,5,20,0,4.0,2,0,0,0,0,5,7,20,0,20260925T013701Z
2026,1,REG,2026_01_ARI_LAC,00-0038623,ARI,LAC,0,0,0,,0,0,0,0,0,0,0,0,0,20260925T013701Z
2026,1,REG,2026_01_DAL_NYG,00-0038625,DAL,NYG,0,0,0,,0,0,0,0,0,0,0,0,0,20260925T013701Z
2026,1,REG,2026_01_ATL_PIT,00-0038628,ATL,PIT,0,0,0,,0,0,0,0,0,0,0,0,0,20260925T013701Z
2026,1,REG,2026_01_BAL_IND,00-0038629,BAL,IND,0,0,0,,0,0,0,0,0,0,0,0,0,20260925T013701Z
2026,1,REG,2026_01_NE_SEA,00-0038653,NE,SEA,0,0,0,,0,0,0,0,0,0,0,0,0,20260925T013701Z
2026,1,REG,2026_01_NO_DET,00-0038660,DET,NO,0,0,0,,0,0,0,0,0,0,0,0,0,20260925T013701Z
2026,1,REG,2026_01_GB_MIN,00-0038685,GB,MIN,7,29,0,4.1429,1,0,7,29,0,0,1,0,0,20260925T013701Z
2026,1,REG,2026_01_DAL_NYG,00-0038705,DAL,NYG,2,7,0,3.5,0,0,2,7,0,0,0,0,0,20260925T013701Z
2026,1,REG,2026_01_CLE_JAX,00-0038710,CLE,JAX,1,14,0,14.0,1,0,0,0,0,1,1,14,0,20260925T013701Z
2026,1,REG,2026_01_NYJ_TEN,00-0038711,TEN,NYJ,0,0,0,,0,0,0,0,0,0,0,0,0,20260925T013701Z
2026,1,REG,2026_01_CLE_JAX,00-0038715,CLE,JAX,0,0,0,,0,0,0,0,0,0,0,0,0,20260925T013701Z
2026,1,REG,2026_01_BUF_HOU,00-0038728,HOU,BUF,1,12,0,12.0,1,0,0,0,0,1,1,12,0,20260925T013701Z
2026,1,REG,2026_01_DAL_NYG,00-0038738,DAL,NYG,1,7,0,7.0,1,0,1,7,0,0,0,0,0,20260925T013701Z
2026,1,REG,2026_01_NE_SEA,00-0038764,SEA,NE,0,0,0,,0,0,0,0,0,0,0,0,0,20260925T013701Z
2026,1,REG,2026_01_GB_MIN,00-0038778,MIN,GB,0,0,0,,0,0,0,0,0,0,0,0,0,20260925T013701Z
2026,1,REG,2026_01_ARI_LAC,00-0038782,ARI,LAC,0,0,0,,0,0,0,0,0,0,0,0,0,20260925T013701Z
2026,1,REG,2026_01_DEN_KC,00-0038783,DEN,KC,0,0,0,,0,0,0,0,0,0,0,0,0,20260925T013701Z
2026,1,REG,2026_01_CHI_CAR,00-0038791,CAR,CHI,0,0,0,,0,0,0,0,0,0,0,0,0,20260925T013701Z
2026,1,REG,2026_01_NE_SEA,00-0038797,SEA,NE,2,3,0,1.5,0,0,2,3,0,0,0,0,0,20260925T013701Z
2026,1,REG,2026_01_GB_MIN,00-0038807,MIN,GB,0,0,0,,0,0,0,0,0,0,0,0,0,20260925T013701Z
2026,1,REG,2026_01_CHI_CAR,00-0038840,CAR,CHI,0,0,0,,0,0,0,0,0,0,0,0,0,20260925T013701Z
2026,1,REG,2026_01_NO_DET,00-0038896,DET,NO,0,0,0,,0,0,0,0,0,0,0,0,0,20260925T013701Z
2026,1,REG,2026_01_NE_SEA,00-0038922,SEA,NE,0,0,0,,0,0,0,0,0,0,0,0,0,20260925T013701Z
2026,1,REG,2026_01_BUF_HOU,00-0038933,BUF,HOU,5,130,0,26.0,4,0,0,0,0,5,6,130,0,20260925T013701Z
2026,1,REG,2026_01_CLE_JAX,00-0038935,JAX,CLE,2,23,1,11.5,1,0,0,0,0,2,3,23,1,20260925T013701Z
2026,1,REG,2026_01_NO_DET,00-0038940,DET,NO,0,0,0,,0,0,0,0,0,0,0,0,0,20260925T013701Z
2026,1,REG,2026_01_DEN_KC,00-0038976,DEN,KC,0,0,0,,0,0,0,0,0,0,0,0,0,20260925T013701Z
2026,1,REG,2026_01_WAS_PHI,00-0038978,PHI,WAS,0,0,0,,0,0,0,0,0,0,0,0,0,20260925T013701Z
2026,1,REG,2026_01_ARI_LAC,00-0038984,ARI,LAC,0,0,0,,0,0,0,0,0,0,0,0,0,20260925T013701Z
2026,1,REG,2026_01_GB_MIN,00-0038994,MIN,GB,0,0,0,,0,0,0,0,0,0,2,0,0,20260925T013701Z
2026,1,REG,2026_01_GB_MIN,00-0038996,GB,MIN,3,65,0,21.6667,3,0,0,0,0,3,6,65,0,20260925T013701Z
2026,1,REG,2026_01_BAL_IND,00-0038997,IND,BAL,2,37,0,18.5,2,0,0,0,0,2,4,37,0,20260925T013701Z
2026,1,REG,2026_01_DAL_NYG,00-0039000,NYG,DAL,0,0,0,,0,0,0,0,0,0,0,0,0,20260925T013701Z
2026,1,REG,2026_01_ATL_PIT,00-0039002,ATL,PIT,0,0,0,,0,0,0,0,0,0,0,0,0,20260925T013701Z
2026,1,REG,2026_01_DEN_KC,00-0039006,KC,DEN,0,0,0,,0,0,0,0,0,0,0,0,0,20260925T013701Z
2026,1,REG,2026_01_WAS_PHI,00-0039013,PHI,WAS,0,0,0,,0,0,0,0,0,0,0,0,0,20260925T013701Z
2026,1,REG,2026_01_NO_DET,00-0039018,DET,NO,0,0,0,,0,0,0,0,0,0,0,0,0,20260925T013701Z
2026,1,REG,2026_01_NE_SEA,00-0039020,SEA,NE,0,0,0,,0,0,0,0,0,0,0,0,0,20260925T013701Z
2026,1,REG,2026_01_CHI_CAR,00-0039021,CHI,CAR,0,0,0,,0,0,0,0,0,0,0,0,0,20260925T013701Z
2026,1,REG,2026_01_BAL_IND,00-0039031,IND,BAL,0,0,0,,0,0,0,0,0,0,0,0,0,20260925T013701Z
2026,1,REG,2026_01_NYJ_TEN,00-0039032,TEN,NYJ,5,24,0,4.8,1,0,3,12,0,2,4,12,0,20260925T013701Z
2026,1,REG,2026_01_MIA_LV,00-0039040,MIA,LV,15,66,0,4.4,3,0,11,36,0,4,5,30,0,20260925T013701Z
2026,1,REG,2026_01_NE_SEA,00-0039047,SEA,NE,0,0,0,,0,0,0,0,0,0,0,0,0,20260925T013701Z
2026,1,REG,2026_01_ATL_PIT,00-0039048,ATL,PIT,0,0,0,,0,0,0,0,0,0,0,0,0,20260925T013701Z
2026,1,REG,2026_01_TB_CIN,00-0039049,TB,CIN,0,0,0,,0,0,0,0,0,0,0,0,0,20260925T013701Z
2026,1,REG,2026_01_SF_LA,00-0039059,LA,SF,0,0,0,,0,0,0,0,0,0,0,0,0,20260925T013701Z
2026,1,REG,2026_01_SF_LA,00-0039061,LA,SF,0,0,0,,0,0,0,0,0,0,0,0,0,20260925T013701Z
2026,1,REG,2026_01_DAL_NYG,00-0039062,DAL,NYG,1,10,0,10.0,1,0,0,0,0,1,1,10,0,20260925T013701Z
2026,1,REG,2026_01_TB_CIN,00-0039063,TB,CIN,0,0,0,,0,0,0,0,0,0,0,0,0,20260925T013701Z
2026,1,REG,2026_01_BAL_IND,00-0039064,BAL,IND,5,150,1,30.0,5,0,0,0,0,5,6,150,1,20260925T013701Z
2026,1,REG,2026_01_NO_DET,00-0039065,DET,NO,5,48,0,9.6,2,0,0,0,0,5,8,48,0,20260925T013701Z
2026,1,REG,2026_01_MIA_LV,00-0039066,LV,MIA,6,32,0,5.3333,3,0,0,0,0,6,7,32,0,20260925T013701Z
2026,1,REG,2026_01_DEN_KC,00-0039067,KC,DEN,2,19,1,9.5,1,0,0,0,0,2,2,19,1,20260925T013701Z
2026,1,REG,2026_01_TB_CIN,00-0039068,TB,CIN,0,0,0,,0,0,0,0,0,0,0,0,0,20260925T013701Z
2026,1,REG,2026_01_ATL_PIT,00-0039070,ATL,PIT,0,0,0,,0,0,0,0,0,0,0,0,0,20260925T013701Z
2026,1,REG,2026_01_CHI_CAR,00-0039071,CHI,CAR,0,0,0,,0,0,0,0,0,0,0,0,0,20260925T013701Z
2026,1,REG,2026_01_SF_LA,00-0039074,LA,SF,1,13,0,13.0,1,0,0,0,0,1,1,13,0,20260925T013701Z
2026,1,REG,2026_01_SF_LA,00-0039075,LA,SF,5,74,0,14.8,2,0,0,0,0,5,9,74,0,20260925T013701Z
2026,1,REG,2026_01_SF_LA,00-0039077,LA,SF,0,0,0,,0,0,0,0,0,0,0,0,0,20260925T013701Z
2026,1,REG,2026_01_SF_LA,00-0039107,LA,SF,1,9,0,9.0,1,0,1,9,0,0,0,0,0,20260925T013701Z
2026,1,REG,2026_01_BUF_HOU,00-0039108,HOU,BUF,0,0,0,,0,0,0,0,0,0,0,0,0,20260925T013701Z
2026,1,REG,2026_01_ATL_PIT,00-0039110,PIT,ATL,0,0,0,,0,0,0,0,0,0,0,0,0,20260925T013701Z
2026,1,REG,2026_01_ARI_LAC,00-0039111,LAC,ARI,0,0,0,,0,0,0,0,0,0,0,0,0,20260925T013701Z
2026,1,REG,2026_01_GB_MIN,00-0039112,GB,MIN,0,0,0,,0,0,0,0,0,0,0,0,0,20260925T013701Z
2026,1,REG,2026_01_SF_LA,00-0039137,LA,SF,0,0,0,,0,0,0,0,0,0,0,0,0,20260925T013701Z
2026,1,REG,2026_01_SF_LA,00-0039138,LA,SF,0,0,0,,0,0,0,0,0,0,0,0,0,20260925T013701Z
2026,1,REG,2026_01_NO_DET,00-0039139,DET,NO,34,186,2,5.4706,15,1,29,156,2,5,5,30,0,20260925T013701Z
2026,1,REG,2026_01_NYJ_TEN,00-0039142,NYJ,TEN,0,0,0,,0,0,0,0,0,0,0,0,0,20260925T013701Z
2026,1,REG,2026_01_GB_MIN,00-0039146,GB,MIN,3,20,0,6.6667,1,0,0,0,0,3,7,20,0,20260925T013701Z
2026,1,REG,2026_01_NE_SEA,00-0039147,NE,SEA,0,0,0,,0,0,0,0,0,0,0,0,0,20260925T013701Z
2026,1,REG,2026_01_SF_LA,00-0039148,SF,LA,0,0,0,,0,0,0,0,0,0,0,0,0,20260925T013701Z
2026,1,REG,2026_01_WAS_PHI,00-0039149,WAS,PHI,0,0,0,,0,0,0,0,0,0,0,0,0,20260925T013701Z
2026,1,REG,2026_01_CHI_CAR,00-0039150,CAR,CHI,2,10,1,5.0,1,0,2,10,1,0,0,0,0,20260925T013701Z
2026,1,REG,2026_01_MIA_LV,00-0039156,MIA,LV,0,0,0,,0,0,0,0,0,0,0,0,0,20260925T013701Z
2026,1,REG,2026_01_TB_CIN,00-0039157,TB,CIN,0,0,0,,0,0,0,0,0,0,0,0,0,20260925T013701Z
2026,1,REG,2026_01_BUF_HOU,00-0039163,HOU,BUF,2,15,0,7.5,1,0,2,15,0,0,0,0,0,20260925T013701Z
2026,1,REG,2026_01_NE_SEA,00-0039169,SEA,NE,0,0,0,,0,0,0,0,0,0,0,0,0,20260925T013701Z
2026,1,REG,2026_01_NO_DET,00-0039172,DET,NO,0,0,0,,0,0,0,0,0,0,0,0,0,20260925T013701Z
2026,1,REG,2026_01_DAL_NYG,00-0039176,NYG,DAL,0,0,0,,0,0,0,0,0,0,0,0,0,20260925T013701Z
2026,1,REG,2026_01_BAL_IND,00-0039232,BAL,IND,0,0,0,,0,0,0,0,0,0,0,0,0,20260925T013701Z
2026,1,REG,2026_01_BAL_IND,00-0039234,BAL,IND,0,0,0,,0,0,0,0,0,0,0,0,0,20260925T013701Z
2026,1,REG,2026_01_GB_MIN,00-0039272,GB,MIN,0,0,0,,0,0,0,0,0,0,0,0,0,20260925T013701Z
2026,1,REG,2026_01_NYJ_TEN,00-0039284,NYJ,TEN,0,0,0,,0,0,0,0,0,0,0,0,0,20260925T013701Z
2026,1,REG,2026_01_NE_SEA,00-0039299,SEA,NE,8,29,0,3.625,0,0,8,29,0,0,1,0,0,20260925T013701Z
2026,1,REG,2026_01_NE_SEA,00-0039309,SEA,NE,0,0,0,,0,0,0,0,0,0,0,0,0,20260925T013701Z
2026,1,REG,2026_01_TB_CIN,00-0039313,CIN,TB,0,0,0,,0,0,0,0,0,0,0,0,0,20260925T013701Z
2026,1,REG,2026_01_TB_CIN,00-0039323,CIN,TB,0,0,0,,0,0,0,0,0,0,0,0,0,20260925T013701Z
2026,1,REG,2026_01_DAL_NYG,00-0039337,NYG,DAL,6,69,0,11.5,3,0,0,0,0,6,9,69,0,20260925T013701Z
2026,1,REG,2026_01_BAL_IND,00-0039340,IND,BAL,0,0,0,,0,0,0,0,0,0,0,0,0,20260925T013701Z
2026,1,REG,2026_01_CHI_CAR,00-0039342,CAR,CHI,0,0,0,,0,0,0,0,0,0,2,0,0,20260925T013701Z
2026,1,REG,2026_01_BUF_HOU,00-0039343,HOU,BUF,0,0,0,,0,0,0,0,0,0,0,0,0,20260925T013701Z
2026,1,REG,2026_01_CHI_CAR,00-0039344,CAR,CHI,5,62,0,12.4,1,0,4,14,0,1,2,48,0,20260925T013701Z
2026,1,REG,2026_01_SF_LA,00-0039345,SF,LA,0,0,0,,0,0,0,0,0,0,0,0,0,20260925T013701Z
2026,1,REG,2026_01_NO_DET,00-0039357,NO,DET,0,0,0,,0,0,0,0,0,0,0,0,0,20260925T013701Z
2026,1,REG,2026_01_BUF_HOU,00-0039359,HOU,BUF,1,-2,0,-2.0,0,0,0,0,0,1,1,-2,0,20260925T013701Z
2026,1,REG,2026_01_SF_LA,00-0039360,SF,LA,0,0,0,,0,0,0,0,0,0,0,0,0,20260925T013701Z
2026,1,REG,2026_01_TB_CIN,00-0039361,TB,CIN,15,93,1,6.2,5,1,8,45,1,7,7,48,0,20260925T013701Z
2026,1,REG,2026_01_NO_DET,00-0039364,DET,NO,3,18,0,6.0,1,0,2,7,0,1,1,11,0,20260925T013701Z
2026,1,REG,2026_01_SF_LA,00-0039365,SF,LA,0,0,0,,0,0,0,0,0,0,0,0,0,20260925T013701Z
2026,1,REG,2026_01_ARI_LAC,00-0039366,LAC,ARI,0,0,0,,0,0,0,0,0,0,0,0,0,20260925T013701Z
2026,1,REG,2026_01_WAS_PHI,00-0039368,WAS,PHI,0,0,0,,0,0,0,0,0,0,0,0,0,20260925T013701Z
2026,1,REG,2026_01_ARI_LAC,00-0039369,LAC,ARI,0,0,0,,0,0,0,0,0,0,0,0,0,20260925T013701Z
2026,1,REG,2026_01_DEN_KC,00-0039371,DEN,KC,0,0,0,,0,0,0,0,0,0,0,0,0,20260925T013701Z
2026,1,REG,2026_01_NYJ_TEN,00-0039372,NYJ,TEN,0,0,0,,0,0,0,0,0,0,0,0,0,20260925T013701Z
2026,1,REG,2026_01_CHI_CAR,00-0039380,CAR,CHI,0,0,0,,0,0,0,0,0,0,0,0,0,20260925T013701Z
2026,1,REG,2026_01_DAL_NYG,00-0039384,NYG,DAL,2,14,0,7.0,1,1,2,14,0,0,0,0,0,20260925T013701Z
2026,1,REG,2026_01_GB_MIN,00-0039404,MIN,GB,0,0,0,,0,0,0,0,0,0,0,0,0,20260925T013701Z
2026,1,REG,2026_01_CLE_JAX,00-0039406,CLE,JAX,0,0,0,,0,0,0,0,0,0,0,0,0,20260925T013701Z
2026,1,REG,2026_01_MIA_LV,00-0039407,LV,MIA,0,0,0,,0,0,0,0,0,0,0,0,0,20260925T013701Z
2026,1,REG,2026_01_CLE_JAX,00-0039409,JAX,CLE,0,0,0,,0,0,0,0,0,0,0,0,0,20260925T013701Z
2026,1,REG,2026_01_DAL_NYG,00-0039410,DAL,NYG,2,22,0,11.0,1,0,0,0,0,2,4,22,0,20260925T013701Z
2026,1,REG,2026_01_WAS_PHI,00-0039412,WAS,PHI,0,0,0,,0,0,0,0,0,0,0,0,0,20260925T013701Z
2026,1,REG,2026_01_CLE_JAX,00-0039417,CLE,JAX,0,0,0,,0,0,0,0,0,0,0,0,0,20260925T013701Z
2026,1,REG,2026_01_GB_MIN,00-0039421,MIN,GB,0,0,0,,0,0,0,0,0,0,0,0,0,20260925T013701Z
2026,1,REG,2026_01_MIA_LV,00-0039423,LV,MIA,0,0,0,,0,0,0,0,0,0,0,0,0,20260925T013701Z
2026,1,REG,2026_01_NO_DET,00-0039424,NO,DET,7,69,1,9.8571,3,0,0,0,0,7,9,69,1,20260925T013701Z
2026,1,REG,2026_01_NYJ_TEN,00-0039430,TEN,NYJ,0,0,0,,0,0,0,0,0,0,0,0,0,20260925T013701Z
2026,1,REG,2026_01_DEN_KC,00-0039433,KC,DEN,0,0,0,,0,0,0,0,0,0,0,0,0,20260925T013701Z
2026,1,REG,2026_01_NYJ_TEN,00-0039451,NYJ,TEN,1,7,0,7.0,1,0,0,0,0,1,1,7,0,20260925T013701Z
2026,1,REG,2026_01_BAL_IND,00-0039460,BAL,IND,0,0,0,,0,0,0,0,0,0,0,0,0,20260925T013701Z
2026,1,REG,2026_01_BUF_HOU,00-0039471,BUF,HOU,1,3,0,3.0,0,0,1,3,0,0,0,0,0,20260925T013701Z
2026,1,REG,2026_01_CHI_CAR,00-0039491,CAR,CHI,8,138,2,17.25,6,0,0,0,0,8,9,138,2,20260925T013701Z
2026,1,REG,2026_01_SF_LA,00-0039498,LA,SF,0,0,0,,0,0,0,0,0,0,0,0,0,20260925T013701Z
2026,1,REG,2026_01_NO_DET,00-0039518,NO,DET,0,0,0,,0,0,0,0,0,0,0,0,0,20260925T013701Z
2026,1,REG,2026_01_DAL_NYG,00-0039530,DAL,NYG,2,14,0,7.0,0,0,0,0,0,2,2,14,0,20260925T013701Z
2026,1,REG,2026_01_BAL_IND,00-0039576,IND,BAL,0,0,0,,0,0,0,0,0,0,0,0,0,20260925T013701Z
2026,1,REG,2026_01_TB_CIN,00-0039589,TB,CIN,0,0,0,,0,0,0,0,0,0,0,0,0,20260925T013701Z
2026,1,REG,2026_01_NO_DET,00-0039622,NO,DET,0,0,0,,0,0,0,0,0,0,0,0,0,20260925T013701Z
2026,1,REG,2026_01_NYJ_TEN,00-0039634,NYJ,TEN,0,0,0,,0,0,0,0,0,0,0,0,0,20260925T013701Z
2026,1,REG,2026_01_NO_DET,00-0039660,DET,NO,0,0,0,,0,0,0,0,0,0,0,0,0,20260925T013701Z
2026,1,REG,2026_01_WAS_PHI,00-0039681,WAS,PHI,0,0,0,,0,0,0,0,0,0,0,0,0,20260925T013701Z
2026,1,REG,2026_01_WAS_PHI,00-0039686,WAS,PHI,0,0,0,,0,0,0,0,0,0,0,0,0,20260925T013701Z
2026,1,REG,2026_01_NE_SEA,00-0039692,NE,SEA,0,0,0,,0,0,0,0,0,0,0,0,0,20260925T013701Z
2026,1,REG,2026_01_NYJ_TEN,00-0039731,TEN,NYJ,0,0,0,,0,0,0,0,0,0,0,0,0,20260925T013701Z
2026,1,REG,2026_01_DEN_KC,00-0039732,DEN,KC,3,2,0,0.6667,0,1,3,2,0,0,0,0,0,20260925T013701Z
2026,1,REG,2026_01_CLE_JAX,00-0039733,JAX,CLE,0,0,0,,0,0,0,0,0,0,0,0,0,20260925T013701Z
2026,1,REG,2026_01_SF_LA,00-0039734,LA,SF,0,0,0,,0,0,0,0,0,0,0,0,0,20260925T013701Z
2026,1,REG,2026_01_MIA_LV,00-0039735,LV,MIA,0,0,0,,0,0,0,0,0,0,0,0,0,20260925T013701Z
2026,1,REG,2026_01_SF_LA,00-0039738,LA,SF,10,54,0,5.4,2,0,10,54,0,0,0,0,0,20260925T013701Z
2026,1,REG,2026_01_ATL_PIT,00-0039739,PIT,ATL,3,26,0,8.6667,1,0,0,0,0,3,6,26,0,20260925T013701Z
2026,1,REG,2026_01_WAS_PHI,00-0039740,PHI,WAS,0,0,0,,0,0,0,0,0,0,0,0,0,20260925T013701Z
2026,1,REG,2026_01_ATL_PIT,00-0039741,PIT,ATL,0,0,0,,0,0,0,0,0,0,0,0,0,20260925T013701Z
2026,1,REG,2026_01_CHI_CAR,00-0039745,CHI,CAR,0,0,0,,0,0,0,0,0,0,0,0,0,20260925T013701Z
2026,1,REG,2026_01_WAS_PHI,00-0039746,PHI,WAS,3,12,0,4.0,0,0,2,4,0,1,1,8,0,20260925T013701Z
2026,1,REG,2026_01_SF_LA,00-0039749,LA,SF,0,0,0,,0,0,0,0,0,0,0,0,0,20260925T013701Z
2026,1,REG,2026_01_SF_LA,00-0039751,LA,SF,1,8,0,8.0,0,0,0,0,0,1,1,8,0,20260925T013701Z
2026,1,REG,2026_01_TB_CIN,00-0039752,CIN,TB,0,0,0,,0,0,0,0,0,0,0,0,0,20260925T013701Z
2026,1,REG,2026_01_BUF_HOU,00-0039763,BUF,HOU,0,0,0,,0,0,0,0,0,0,0,0,0,20260925T013701Z
2026,1,REG,2026_01_NE_SEA,00-0039770,NE,SEA,0,0,0,,0,0,0,0,0,0,0,0,0,20260925T013701Z
2026,1,REG,2026_01_SF_LA,00-0039774,LA,SF,0,0,0,,0,0,0,0,0,0,0,0,0,20260925T013701Z
2026,1,REG,2026_01_SF_LA,00-0039776,LA,SF,0,0,0,,0,0,0,0,0,0,0,0,0,20260925T013701Z
2026,1,REG,2026_01_NYJ_TEN,00-0039789,NYJ,TEN,0,0,0,,0,0,0,0,0,0,0,0,0,20260925T013701Z
2026,1,REG,2026_01_NYJ_TEN,00-0039790,NYJ,TEN,0,0,0,,0,0,0,0,0,0,0,0,0,20260925T013701Z
2026,1,REG,2026_01_NE_SEA,00-0039793,SEA,NE,2,13,0,6.5,1,0,0,0,0,2,2,13,0,20260925T013701Z
2026,1,REG,2026_01_NYJ_TEN,00-0039794,NYJ,TEN,10,40,0,4.0,3,0,10,40,0,0,1,0,0,20260925T013701Z
2026,1,REG,2026_01_NE_SEA,00-0039795,SEA,NE,0,0,0,,0,0,0,0,0,0,0,0,0,20260925T013701Z
2026,1,REG,2026_01_BAL_IND,00-0039796,BAL,IND,0,0,0,,0,0,0,0,0,0,0,0,0,20260925T013701Z
2026,1,REG,2026_01_ARI_LAC,00-0039807,ARI,LAC,0,0,0,,0,0,0,0,0,0,0,0,0,20260925T013701Z
2026,1,REG,2026_01_DEN_KC,00-0039809,DEN,KC,0,0,0,,0,0,0,0,0,0,0,0,0,20260925T013701Z
2026,1,REG,2026_01_GB_MIN,00-0039811,GB,MIN,13,37,0,2.8462,2,0,13,37,0,0,1,0,0,20260925T013701Z
2026,1,REG,2026_01_GB_MIN,00-0039813,GB,MIN,0,0,0,,0,0,0,0,0,0,0,0,0,20260925T013701Z
2026,1,REG,2026_01_DAL_NYG,00-0039821,NYG,DAL,0,0,0,,0,0,0,0,0,0,0,0,0,20260925T013701Z
2026,1,REG,2026_01_DEN_KC,00-0039825,KC,DEN,0,0,0,,0,0,0,0,0,0,0,0,0,20260925T013701Z
2026,1,REG,2026_01_WAS_PHI,00-0039826,PHI,WAS,0,0,0,,0,0,0,0,0,0,0,0,0,20260925T013701Z
2026,1,REG,2026_01_GB_MIN,00-0039831,GB,MIN,0,0,0,,0,0,0,0,0,0,0,0,0,20260925T013701Z
2026,1,REG,2026_01_SF_LA,00-0039834,LA,SF,0,0,0,,0,0,0,0,0,0,0,0,0,20260925T013701Z
2026,1,REG,2026_01_ARI_LAC,00-0039835,LAC,ARI,0,0,0,,0,0,0,0,0,0,0,0,0,20260925T013701Z
2026,1,REG,2026_01_ATL_PIT,00-0039837,ATL,PIT,0,0,0,,0,0,0,0,0,0,0,0,0,20260925T013701Z
2026,1,REG,2026_01_BUF_HOU,00-0039838,HOU,BUF,0,0,0,,0,0,0,0,0,0,0,0,0,20260925T013701Z
2026,1,REG,2026_01_CHI_CAR,00-0039840,CHI,CAR,0,0,0,,0,0,0,0,0,0,0,0,0,20260925T013701Z
2026,1,REG,2026_01_WAS_PHI,00-0039841,PHI,WAS,0,0,0,,0,0,0,0,0,0,0,0,0,20260925T013701Z
2026,1,REG,2026_01_TB_CIN,00-0039846,TB,CIN,0,0,0,,0,0,0,0,0,0,0,0,0,20260925T013701Z
2026,1,REG,2026_01_DAL_NYG,00-0039847,NYG,DAL,1,9,0,9.0,0,0,0,0,0,1,1,9,0,20260925T013701Z
2026,1,REG,2026_01_ARI_LAC,00-0039849,ARI,LAC,1,33,0,33.0,1,0,0,0,0,1,3,33,0,20260925T013701Z
2026,1,REG,2026_01_GB_MIN,00-0039850,GB,MIN,0,0,0,,0,0,0,0,0,0,0,0,0,20260925T013701Z
2026,1,REG,2026_01_NE_SEA,00-0039851,NE,SEA,7,47,0,6.7143,5,0,7,47,0,0,0,0,0,20260925T013701Z
2026,1,REG,2026_01_CLE_JAX,00-0039852,CLE,JAX,0,0,0,,0,0,0,0,0,0,0,0,0,20260925T013701Z
2026,1,REG,2026_01_ARI_LAC,00-0039854,ARI,LAC,0,0,0,,0,0,0,0,0,0,0,0,0,20260925T013701Z
2026,1,REG,2026_01_ATL_PIT,00-0039859,ATL,PIT,0,0,0,,0,0,0,0,0,0,0,0,0,20260925T013701Z
2026,1,REG,2026_01_NO_DET,00-0039860,NO,DET,0,0,0,,0,0,0,0,0,0,0,0,0,20260925T013701Z
2026,1,REG,2026_01_DAL_NYG,00-0039861,NYG,DAL,0,0,0,,0,0,0,0,0,0,0,0,0,20260925T013701Z
2026,1,REG,2026_01_GB_MIN,00-0039867,GB,MIN,0,0,0,,0,0,0,0,0,0,0,0,0,20260925T013701Z
2026,1,REG,2026_01_DEN_KC,00-0039868,DEN,KC,1,5,0,5.0,0,0,1,5,0,0,1,0,0,20260925T013701Z
2026,1,REG,2026_01_BUF_HOU,00-0039872,BUF,HOU,0,0,0,,0,0,0,0,0,0,0,0,0,20260925T013701Z
2026,1,REG,2026_01_BUF_HOU,00-0039873,BUF,HOU,0,0,0,,0,0,0,0,0,0,0,0,0,20260925T013701Z
2026,1,REG,2026_01_MIA_LV,00-0039874,MIA,LV,1,-1,0,-1.0,0,0,1,-1,0,0,0,0,0,20260925T013701Z
2026,1,REG,2026_01_BUF_HOU,00-0039875,BUF,HOU,1,3,0,3.0,0,0,1,3,0,0,0,0,0,20260925T013701Z
2026,1,REG,2026_01_BUF_HOU,00-0039879,BUF,HOU,0,0,0,,0,0,0,0,0,0,0,0,0,20260925T013701Z
2026,1,REG,2026_01_MIA_LV,00-0039880,MIA,LV,3,53,0,17.6667,1,1,0,0,0,3,8,53,0,20260925T013701Z
2026,1,REG,2026_01_NYJ_TEN,00-0039886,NYJ,TEN,0,0,0,,0,0,0,0,0,0,0,0,0,20260925T013701Z
2026,1,REG,2026_01_WAS_PHI,00-0039888,PHI,WAS,0,0,0,,0,0,0,0,0,0,0,0,0,20260925T013701Z
2026,1,REG,2026_01_ATL_PIT,00-0039889,ATL,PIT,0,0,0,,0,0,0,0,0,0,0,0,0,20260925T013701Z
2026,1,REG,2026_01_NYJ_TEN,00-0039890,NYJ,TEN,3,60,0,20.0,2,0,0,0,0,3,3,60,0,20260925T013701Z
2026,1,REG,2026_01_CLE_JAX,00-0039893,JAX,CLE,3,40,0,13.3333,3,1,0,0,0,3,3,40,0,20260925T013701Z
2026,1,REG,2026_01_DEN_KC,00-0039894,KC,DEN,3,18,0,6.0,1,0,0,0,0,3,6,18,0,20260925T013701Z
2026,1,REG,2026_01_ARI_LAC,00-0039897,LAC,ARI,0,0,0,,0,0,0,0,0,0,0,0,0,20260925T013701Z
2026,1,REG,2026_01_WAS_PHI,00-0039898,WAS,PHI,0,0,0,,0,0,0,0,0,0,0,0,0,20260925T013701Z
2026,1,REG,2026_01_MIA_LV,00-0039899,MIA,LV,0,0,0,,0,0,0,0,0,0,0,0,0,20260925T013701Z
2026,1,REG,2026_01_BUF_HOU,00-0039901,BUF,HOU,1,1,0,1.0,0,0,0,0,0,1,1,1,0,20260925T013701Z
2026,1,REG,2026_01_GB_MIN,00-0039904,GB,MIN,0,0,0,,0,0,0,0,0,0,0,0,0,20260925T013701Z
2026,1,REG,2026_01_TB_CIN,00-0039908,CIN,TB,0,0,0,,0,0,0,0,0,0,0,0,0,20260925T013701Z
2026,1,REG,2026_01_WAS_PHI,00-0039910,WAS,PHI,5,31,0,6.2,1,0,5,31,0,0,0,0,0,20260925T013701Z
2026,1,REG,2026_01_MIA_LV,00-0039911,MIA,LV,0,0,0,,0,0,0,0,0,0,0,0,0,20260925T013701Z
2026,1,REG,2026_01_WAS_PHI,00-0039913,WAS,PHI,0,0,0,,0,0,0,0,0,0,0,0,0,20260925T013701Z
2026,1,REG,2026_01_ARI_LAC,00-0039915,LAC,ARI,5,82,1,16.4,5,0,0,0,0,5,7,82,1,20260925T013701Z
2026,1,REG,2026_01_CHI_CAR,00-0039918,CHI,CAR,10,65,2,6.5,4,0,10,65,2,0,0,0,0,20260925T013701Z
2026,1,REG,2026_01_CHI_CAR,00-0039919,CHI,CAR,2,52,0,26.0,1,0,0,0,0,2,3,52,0,20260925T013701Z
2026,1,REG,2026_01_CLE_JAX,00-0039920,CLE,JAX,0,0,0,,0,0,0,0,0,0,0,0,0,20260925T013701Z
2026,1,REG,2026_01_GB_MIN,00-0039924,MIN,GB,0,0,0,,0,0,0,0,0,0,0,0,0,20260925T013701Z
2026,1,REG,2026_01_DAL_NYG,00-0040008,DAL,NYG,0,0,0,,0,0,0,0,0,0,0,0,0,20260925T013701Z
2026,1,REG,2026_01_GB_MIN,00-0040010,GB,MIN,0,0,0,,0,0,0,0,0,0,0,0,0,20260925T013701Z
2026,1,REG,2026_01_WAS_PHI,00-0040013,PHI,WAS,0,0,0,,0,0,0,0,0,0,0,0,0,20260925T013701Z
2026,1,REG,2026_01_NYJ_TEN,00-0040020,TEN,NYJ,0,0,0,,0,0,0,0,0,0,0,0,0,20260925T013701Z
2026,1,REG,2026_01_WAS_PHI,00-0040024,PHI,WAS,0,0,0,,0,0,0,0,0,0,0,0,0,20260925T013701Z
2026,1,REG,2026_01_NYJ_TEN,00-0040041,TEN,NYJ,0,0,0,,0,0,0,0,0,0,0,0,0,20260925T013701Z
2026,1,REG,2026_01_DAL_NYG,00-0040045,DAL,NYG,0,0,0,,0,0,0,0,0,0,0,0,0,20260925T013701Z
2026,1,REG,2026_01_ATL_PIT,00-0040056,ATL,PIT,0,0,0,,0,0,0,0,0,0,0,0,0,20260925T013701Z
2026,1,REG,2026_01_NE_SEA,00-0040061,SEA,NE,0,0,0,,0,0,0,0,0,0,0,0,0,20260925T013701Z
2026,1,REG,2026_01_DEN_KC,00-0040072,KC,DEN,0,0,0,,0,0,0,0,0,0,0,0,0,20260925T013701Z
2026,1,REG,2026_01_BAL_IND,00-0040074,BAL,IND,0,0,0,,0,0,0,0,0,0,0,0,0,20260925T013701Z
2026,1,REG,2026_01_BAL_IND,00-0040075,BAL,IND,2,15,0,7.5,0,0,0,0,0,2,2,15,0,20260925T013701Z
2026,1,REG,2026_01_BAL_IND,00-0040076,BAL,IND,0,0,0,,0,0,0,0,0,0,0,0,0,20260925T013701Z
2026,1,REG,2026_01_DEN_KC,00-0040081,KC,DEN,1,9,0,9.0,0,0,0,0,0,1,1,9,0,20260925T013701Z
2026,1,REG,2026_01_TB_CIN,00-0040089,TB,CIN,0,0,0,,0,0,0,0,0,0,0,0,0,20260925T013701Z
2026,1,REG,2026_01_BAL_IND,00-0040100,BAL,IND,0,0,0,,0,0,0,0,0,0,0,0,0,20260925T013701Z
2026,1,REG,2026_01_DEN_KC,00-0040118,KC,DEN,0,0,0,,0,0,0,0,0,0,0,0,0,20260925T013701Z
2026,1,REG,2026_01_MIA_LV,00-0040122,LV,MIA,29,147,2,5.069,9,0,23,102,0,6,6,45,2,20260925T013701Z
2026,1,REG,2026_01_CHI_CAR,00-0040124,CAR,CHI,5,75,0,15.0,4,1,0,0,0,5,8,75,0,20260925T013701Z
2026,1,REG,2026_01_CHI_CAR,00-0040126,CHI,CAR,0,0,0,,0,0,0,0,0,0,2,0,0,20260925T013701Z
2026,1,REG,2026_01_BAL_IND,00-0040128,IND,BAL,3,13,1,4.3333,1,0,0,0,0,3,5,13,1,20260925T013701Z
2026,1,REG,2026_01_TB_CIN,00-0040129,TB,CIN,5,63,0,12.6,3,0,0,0,0,5,6,63,0,20260925T013701Z
2026,1,REG,2026_01_NE_SEA,00-0040131,NE,SEA,0,0,0,,0,0,0,0,0,0,0,0,0,20260925T013701Z
2026,1,REG,2026_01_BUF_HOU,00-0040132,BUF,HOU,0,0,0,,0,0,0,0,0,0,0,0,0,20260925T013701Z
2026,1,REG,2026_01_NYJ_TEN,00-0040133,NYJ,TEN,0,0,0,,0,0,0,0,0,0,0,0,0,20260925T013701Z
2026,1,REG,2026_01_DEN_KC,00-0040134,DEN,KC,4,42,0,10.5,3,0,0,0,0,4,6,42,0,20260925T013701Z
2026,1,REG,2026_01_CHI_CAR,00-0040136,CAR,CHI,0,0,0,,0,0,0,0,0,0,0,0,0,20260925T013701Z
2026,1,REG,2026_01_ARI_LAC,00-0040137,ARI,LAC,0,0,0,,0,0,0,0,0,0,0,0,0,20260925T013701Z
2026,1,REG,2026_01_BUF_HOU,00-0040138,HOU,BUF,2,53,0,26.5,2,0,0,0,0,2,2,53,0,20260925T013701Z
2026,1,REG,2026_01_BAL_IND,00-0040139,IND,BAL,0,0,0,,0,0,0,0,0,0,0,0,0,20260925T013701Z
2026,1,REG,2026_01_NYJ_TEN,00-0040141,TEN,NYJ,0,0,0,,0,0,0,0,0,0,0,0,0,20260925T013701Z
2026,1,REG,2026_01_GB_MIN,00-0040142,GB,MIN,0,0,0,,0,0,0,0,0,0,0,0,0,20260925T013701Z
2026,1,REG,2026_01_TB_CIN,00-0040143,TB,CIN,0,0,0,,0,0,0,0,0,0,0,0,0,20260925T013701Z
2026,1,REG,2026_01_ARI_LAC,00-0040144,LAC,ARI,0,0,0,,0,0,0,0,0,0,0,0,0,20260925T013701Z
2026,1,REG,2026_01_CLE_JAX,00-0040145,JAX,CLE,0,0,0,,0,0,0,0,0,0,0,0,0,20260925T013701Z
2026,1,REG,2026_01_NE_SEA,00-0040147,NE,SEA,0,0,0,,0,0,0,0,0,0,0,0,0,20260925T013701Z
2026,1,REG,2026_01_ATL_PIT,00-0040148,ATL,PIT,0,0,0,,0,0,0,0,0,0,0,0,0,20260925T013701Z
2026,1,REG,2026_01_BUF_HOU,00-0040149,HOU,BUF,0,0,0,,0,0,0,0,0,0,0,0,0,20260925T013701Z
2026,1,REG,2026_01_MIA_LV,00-0040150,LV,MIA,0,0,0,,0,0,0,0,0,0,0,0,0,20260925T013701Z
2026,1,REG,2026_01_SF_LA,00-0040152,SF,LA,0,0,0,,0,0,0,0,0,0,0,0,0,20260925T013701Z
2026,1,REG,2026_01_NO_DET,00-0040155,NO,DET,0,0,0,,0,0,0,0,0,0,0,0,0,20260925T013701Z
2026,1,REG,2026_01_TB_CIN,00-0040157,CIN,TB,0,0,0,,0,0,0,0,0,0,0,0,0,20260925T013701Z
2026,1,REG,2026_01_TB_CIN,00-0040158,TB,CIN,0,0,0,,0,0,0,0,0,0,0,0,0,20260925T013701Z
2026,1,REG,2026_01_CHI_CAR,00-0040159,CAR,CHI,0,0,0,,0,0,0,0,0,0,0,0,0,20260925T013701Z
2026,1,REG,2026_01_ATL_PIT,00-0040160,PIT,ATL,0,0,0,,0,0,0,0,0,0,0,0,0,20260925T013701Z
2026,1,REG,2026_01_CLE_JAX,00-0040162,CLE,JAX,0,0,0,,0,0,0,0,0,0,0,0,0,20260925T013701Z
2026,1,REG,2026_01_WAS_PHI,00-0040164,WAS,PHI,1,4,0,4.0,0,0,0,0,0,1,1,4,0,20260925T013701Z
2026,1,REG,2026_01_NYJ_TEN,00-0040165,NYJ,TEN,0,0,0,,0,0,0,0,0,0,0,0,0,20260925T013701Z
2026,1,REG,2026_01_NO_DET,00-0040166,NO,DET,0,0,0,,0,0,0,0,0,0,0,0,0,20260925T013701Z
2026,1,REG,2026_01_DEN_KC,00-0040168,DEN,KC,0,0,0,,0,0,0,0,0,0,0,0,0,20260925T013701Z
2026,1,REG,2026_01_MIA_LV,00-0040169,LV,MIA,0,0,0,,0,0,0,0,0,0,0,0,0,20260925T013701Z
2026,1,REG,2026_01_NYJ_TEN,00-0040170,TEN,NYJ,1,11,1,11.0,1,0,0,0,0,1,3,11,1,20260925T013701Z
2026,1,REG,2026_01_GB_MIN,00-0040173,MIN,GB,0,0,0,,0,0,0,0,0,0,0,0,0,20260925T013701Z
2026,1,REG,2026_01_MIA_LV,00-0040175,MIA,LV,0,0,0,,0,0,0,0,0,0,0,0,0,20260925T013701Z
2026,1,REG,2026_01_MIA_LV,00-0040178,MIA,LV,0,0,0,,0,0,0,0,0,0,0,0,0,20260925T013701Z
2026,1,REG,2026_01_MIA_LV,00-0040182,MIA,LV,0,0,0,,0,0,0,0,0,0,0,0,0,20260925T013701Z
2026,1,REG,2026_01_TB_CIN,00-0040183,TB,CIN,0,0,0,,0,0,0,0,0,0,0,0,0,20260925T013701Z
2026,1,REG,2026_01_SF_LA,00-0040185,SF,LA,0,0,0,,0,0,0,0,0,0,0,0,0,20260925T013701Z
2026,1,REG,2026_01_CHI_CAR,00-0040187,CAR,CHI,1,9,0,9.0,0,0,0,0,0,1,2,9,0,20260925T013701Z
2026,1,REG,2026_01_ATL_PIT,00-0040188,PIT,ATL,0,0,0,,0,0,0,0,0,0,0,0,0,20260925T013701Z
2026,1,REG,2026_01_ARI_LAC,00-0040189,LAC,ARI,2,32,0,16.0,1,0,0,0,0,2,2,32,0,20260925T013701Z
2026,1,REG,2026_01_BUF_HOU,00-0040192,BUF,HOU,0,0,0,,0,0,0,0,0,0,0,0,0,20260925T013701Z
2026,1,REG,2026_01_ARI_LAC,00-0040195,ARI,LAC,0,0,0,,0,0,0,0,0,0,0,0,0,20260925T013701Z
2026,1,REG,2026_01_NE_SEA,00-0040200,NE,SEA,0,0,0,,0,0,0,0,0,0,0,0,0,20260925T013701Z
2026,1,REG,2026_01_NYJ_TEN,00-0040201,TEN,NYJ,0,0,0,,0,0,0,0,0,0,0,0,0,20260925T013701Z
2026,1,REG,2026_01_BAL_IND,00-0040207,IND,BAL,0,0,0,,0,0,0,0,0,0,0,0,0,20260925T013701Z
2026,1,REG,2026_01_TB_CIN,00-0040208,CIN,TB,0,0,0,,0,0,0,0,0,0,0,0,0,20260925T013701Z
2026,1,REG,2026_01_WAS_PHI,00-0040216,WAS,PHI,0,0,0,,0,0,0,0,0,0,0,0,0,20260925T013701Z
2026,1,REG,2026_01_CHI_CAR,00-0040218,CAR,CHI,0,0,0,,0,0,0,0,0,0,1,0,0,20260925T013701Z
2026,1,REG,2026_01_DEN_KC,00-0040223,DEN,KC,0,0,0,,0,0,0,0,0,0,0,0,0,20260925T013701Z
2026,1,REG,2026_01_ARI_LAC,00-0040230,ARI,LAC,0,0,0,,0,0,0,0,0,0,0,0,0,20260925T013701Z
2026,1,REG,2026_01_ATL_PIT,00-0040231,PIT,ATL,0,0,0,,0,0,0,0,0,0,0,0,0,20260925T013701Z
2026,1,REG,2026_01_CHI_CAR,00-0040236,CHI,CAR,12,124,1,10.3333,3,0,10,100,1,2,2,24,0,20260925T013701Z
2026,1,REG,2026_01_TB_CIN,00-0040237,TB,CIN,1,-4,0,-4.0,0,0,1,-4,0,0,1,0,0,20260925T013701Z
2026,1,REG,2026_01_WAS_PHI,00-0040242,WAS,PHI,17,56,1,3.2941,7,1,16,63,1,1,1,-7,0,20260925T013701Z
2026,1,REG,2026_01_MIA_LV,00-0040248,MIA,LV,0,0,0,,0,0,0,0,0,0,0,0,0,20260925T013701Z
2026,1,REG,2026_01_CLE_JAX,00-0040255,CLE,JAX,0,0,0,,0,0,0,0,0,0,0,0,0,20260925T013701Z
2026,1,REG,2026_01_CLE_JAX,00-0040261,CLE,JAX,0,0,0,,0,0,0,0,0,0,0,0,0,20260925T013701Z
2026,1,REG,2026_01_CLE_JAX,00-0040263,CLE,JAX,0,0,0,,0,0,0,0,0,0,0,0,0,20260925T013701Z
2026,1,REG,2026_01_CHI_CAR,00-0040277,CHI,CAR,1,1,1,1.0,1,0,0,0,0,1,1,1,1,20260925T013701Z
2026,1,REG,2026_01_CHI_CAR,00-0040279,CAR,CHI,0,0,0,,0,0,0,0,0,0,0,0,0,20260925T013701Z
2026,1,REG,2026_01_CLE_JAX,00-0040326,JAX,CLE,0,0,0,,0,0,0,0,0,0,0,0,0,20260925T013701Z
2026,1,REG,2026_01_CLE_JAX,00-0040342,JAX,CLE,0,0,0,,0,0,0,0,0,0,0,0,0,20260925T013701Z
2026,1,REG,2026_01_BUF_HOU,00-0040363,BUF,HOU,0,0,0,,0,0,0,0,0,0,0,0,0,20260925T013701Z
2026,1,REG,2026_01_TB_CIN,00-0040429,TB,CIN,0,0,0,,0,0,0,0,0,0,0,0,0,20260925T013701Z
2026,1,REG,2026_01_DEN_KC,00-0040449,DEN,KC,0,0,0,,0,0,0,0,0,0,0,0,0,20260925T013701Z
2026,1,REG,2026_01_CHI_CAR,00-0040458,CAR,CHI,0,0,0,,0,0,0,0,0,0,0,0,0,20260925T013701Z
2026,1,REG,2026_01_CLE_JAX,00-0040466,CLE,JAX,4,26,0,6.5,1,0,1,1,0,3,3,25,0,20260925T013701Z
2026,1,REG,2026_01_GB_MIN,00-0040506,MIN,GB,0,0,0,,0,0,0,0,0,0,0,0,0,20260925T013701Z
2026,1,REG,2026_01_NE_SEA,00-0040556,NE,SEA,6,11,0,1.8333,0,0,6,11,0,0,0,0,0,20260925T013701Z
2026,1,REG,2026_01_NE_SEA,00-0040568,NE,SEA,2,9,0,4.5,1,0,0,0,0,2,2,9,0,20260925T013701Z
2026,1,REG,2026_01_NE_SEA,00-0040574,NE,SEA,0,0,0,,0,0,0,0,0,0,0,0,0,20260925T013701Z
2026,1,REG,2026_01_CLE_JAX,00-0040579,CLE,JAX,0,0,0,,0,0,0,0,0,0,0,0,0,20260925T013701Z
2026,1,REG,2026_01_SF_LA,00-0040580,LA,SF,0,0,0,,0,0,0,0,0,0,0,0,0,20260925T013701Z
2026,1,REG,2026_01_NYJ_TEN,00-0040582,NYJ,TEN,0,0,0,,0,0,0,0,0,0,1,0,0,20260925T013701Z
2026,1,REG,2026_01_BUF_HOU,00-0040583,HOU,BUF,10,40,0,4.0,4,0,9,42,0,1,1,-2,0,20260925T013701Z
2026,1,REG,2026_01_NYJ_TEN,00-0040584,TEN,NYJ,4,28,0,7.0,1,0,0,0,0,4,5,28,0,20260925T013701Z
2026,1,REG,2026_01_SF_LA,00-0040585,LA,SF,0,0,0,,0,0,0,0,0,0,0,0,0,20260925T013701Z
2026,1,REG,2026_01_SF_LA,00-0040590,LA,SF,0,0,0,,0,0,0,0,0,0,1,0,0,20260925T013701Z
2026,1,REG,2026_01_SF_LA,00-0040613,LA,SF,0,0,0,,0,0,0,0,0,0,0,0,0,20260925T013701Z
2026,1,REG,2026_01_NE_SEA,00-0040621,SEA,NE,0,0,0,,0,0,0,0,0,0,0,0,0,20260925T013701Z
2026,1,REG,2026_01_DEN_KC,00-0040634,DEN,KC,0,0,0,,0,0,0,0,0,0,0,0,0,20260925T013701Z
2026,1,REG,2026_01_BAL_IND,00-0040636,BAL,IND,0,0,0,,0,0,0,0,0,0,0,0,0,20260925T013701Z
2026,1,REG,2026_01_DEN_KC,00-0040640,KC,DEN,0,0,0,,0,0,0,0,0,0,0,0,0,20260925T013701Z
2026,1,REG,2026_01_MIA_LV,00-0040641,LV,MIA,0,0,0,,0,0,0,0,0,0,0,0,0,20260925T013701Z
2026,1,REG,2026_01_NO_DET,00-0040642,NO,DET,0,0,0,,0,0,0,0,0,0,0,0,0,20260925T013701Z
2026,1,REG,2026_01_NO_DET,00-0040643,NO,DET,0,0,0,,0,0,0,0,0,0,0,0,0,20260925T013701Z
2026,1,REG,2026_01_DEN_KC,00-0040646,KC,DEN,0,0,0,,0,0,0,0,0,0,0,0,0,20260925T013701Z
2026,1,REG,2026_01_NE_SEA,00-0040647,SEA,NE,0,0,0,,0,0,0,0,0,0,0,0,0,20260925T013701Z
2026,1,REG,2026_01_BUF_HOU,00-0040654,HOU,BUF,0,0,0,,0,0,0,0,0,0,0,0,0,20260925T013701Z
2026,1,REG,2026_01_CLE_JAX,00-0040663,CLE,JAX,2,21,0,10.5,1,0,0,0,0,2,3,21,0,20260925T013701Z
2026,1,REG,2026_01_ARI_LAC,00-0040666,LAC,ARI,12,43,1,3.5833,5,1,12,43,1,0,0,0,0,20260925T013701Z
2026,1,REG,2026_01_GB_MIN,00-0040667,GB,MIN,6,95,0,15.8333,4,0,0,0,0,6,12,95,0,20260925T013701Z
2026,1,REG,2026_01_NO_DET,00-0040669,DET,NO,0,0,0,,0,0,0,0,0,0,1,0,0,20260925T013701Z
2026,1,REG,2026_01_DEN_KC,00-0040670,KC,DEN,0,0,0,,0,0,0,0,0,0,0,0,0,20260925T013701Z
2026,1,REG,2026_01_NO_DET,00-0040672,DET,NO,0,0,0,,0,0,0,0,0,0,0,0,0,20260925T013701Z
2026,1,REG,2026_01_NYJ_TEN,00-0040676,TEN,NYJ,4,21,0,5.25,2,0,4,21,0,0,0,0,0,20260925T013701Z
2026,1,REG,2026_01_DAL_NYG,00-0040677,NYG,DAL,0,0,0,,0,0,0,0,0,0,0,0,0,20260925T013701Z
2026,1,REG,2026_01_ATL_PIT,00-0040678,PIT,ATL,0,0,0,,0,0,0,0,0,0,0,0,0,20260925T013701Z
2026,1,REG,2026_01_CLE_JAX,00-0040685,CLE,JAX,0,0,0,,0,0,0,0,0,0,0,0,0,20260925T013701Z
2026,1,REG,2026_01_WAS_PHI,00-0040686,WAS,PHI,0,0,0,,0,0,0,0,0,0,0,0,0,20260925T013701Z
2026,1,REG,2026_01_BAL_IND,00-0040688,BAL,IND,0,0,0,,0,0,0,0,0,0,0,0,0,20260925T013701Z
2026,1,REG,2026_01_DAL_NYG,00-0040691,NYG,DAL,11,54,0,4.9091,4,0,11,54,0,0,0,0,0,20260925T013701Z
2026,1,REG,2026_01_NE_SEA,00-0040699,NE,SEA,0,0,0,,0,0,0,0,0,0,0,0,0,20260925T013701Z
2026,1,REG,2026_01_NYJ_TEN,00-0040705,TEN,NYJ,1,7,0,7.0,0,0,0,0,0,1,1,7,0,20260925T013701Z
2026,1,REG,2026_01_ARI_LAC,00-0040706,ARI,LAC,0,0,0,,0,0,0,0,0,0,0,0,0,20260925T013701Z
2026,1,REG,2026_01_WAS_PHI,00-0040708,PHI,WAS,0,0,0,,0,0,0,0,0,0,0,0,0,20260925T013701Z
2026,1,REG,2026_01_BUF_HOU,00-0040709,BUF,HOU,0,0,0,,0,0,0,0,0,0,0,0,0,20260925T013701Z
2026,1,REG,2026_01_BUF_HOU,00-0040710,BUF,HOU,0,0,0,,0,0,0,0,0,0,0,0,0,20260925T013701Z
2026,1,REG,2026_01_SF_LA,00-0040711,SF,LA,0,0,0,,0,0,0,0,0,0,0,0,0,20260925T013701Z
2026,1,REG,2026_01_DAL_NYG,00-0040715,NYG,DAL,18,81,1,4.5,6,1,18,81,1,0,0,0,0,20260925T013701Z
2026,1,REG,2026_01_NE_SEA,00-0040716,NE,SEA,0,0,0,,0,0,0,0,0,0,0,0,0,20260925T013701Z
2026,1,REG,2026_01_CLE_JAX,00-0040718,JAX,CLE,2,11,0,5.5,0,0,1,3,0,1,1,8,0,20260925T013701Z
2026,1,REG,2026_01_CLE_JAX,00-0040719,JAX,CLE,16,88,0,5.5,5,0,15,66,0,1,1,22,0,20260925T013701Z
2026,1,REG,2026_01_DEN_KC,00-0040720,DEN,KC,0,0,0,,0,0,0,0,0,0,0,0,0,20260925T013701Z
2026,1,REG,2026_01_DAL_NYG,00-0040725,DAL,NYG,0,0,0,,0,0,0,0,0,0,0,0,0,20260925T013701Z
2026,1,REG,2026_01_ARI_LAC,00-0040727,LAC,ARI,3,20,0,6.6667,0,0,0,0,0,3,6,20,0,20260925T013701Z
2026,1,REG,2026_01_NO_DET,00-0040728,DET,NO,0,0,0,,0,0,0,0,0,0,0,0,0,20260925T013701Z
2026,1,REG,2026_01_MIA_LV,00-0040729,LV,MIA,3,23,1,7.6667,1,0,0,0,0,3,4,23,1,20260925T013701Z
2026,1,REG,2026_01_DEN_KC,00-0040730,DEN,KC,7,41,0,5.8571,1,0,3,18,0,4,4,23,0,20260925T013701Z
2026,1,REG,2026_01_CHI_CAR,00-0040735,CHI,CAR,6,65,0,10.8333,2,1,1,2,0,5,5,63,0,20260925T013701Z
2026,1,REG,2026_01_NYJ_TEN,00-0040736,NYJ,TEN,2,-2,0,-1.0,0,0,0,0,0,2,3,-2,0,20260925T013701Z
2026,1,REG,2026_01_SF_LA,00-0040737,LA,SF,0,0,0,,0,0,0,0,0,0,1,0,0,20260925T013701Z
2026,1,REG,2026_01_TB_CIN,00-0040738,CIN,TB,0,0,0,,0,0,0,0,0,0,0,0,0,20260925T013701Z
2026,1,REG,2026_01_NO_DET,00-0040743,NO,DET,4,8,0,2.0,1,1,4,8,0,0,0,0,0,20260925T013701Z
2026,1,REG,2026_01_BAL_IND,00-0040744,IND,BAL,0,0,0,,0,0,0,0,0,0,0,0,0,20260925T013701Z
2026,1,REG,2026_01_BUF_HOU,00-0040745,HOU,BUF,0,0,0,,0,0,0,0,0,0,0,0,0,20260925T013701Z
2026,1,REG,2026_01_TB_CIN,00-0040747,TB,CIN,0,0,0,,0,0,0,0,0,0,0,0,0,20260925T013701Z
2026,1,REG,2026_01_WAS_PHI,00-0040749,PHI,WAS,0,0,0,,0,0,0,0,0,0,0,0,0,20260925T013701Z
2026,1,REG,2026_01_ARI_LAC,00-0040751,ARI,LAC,0,0,0,,0,0,0,0,0,0,0,0,0,20260925T013701Z
2026,1,REG,2026_01_NYJ_TEN,00-0040752,TEN,NYJ,0,0,0,,0,0,0,0,0,0,0,0,0,20260925T013701Z
2026,1,REG,2026_01_CLE_JAX,00-0040784,CLE,JAX,14,50,0,3.5714,2,0,12,33,0,2,2,17,0,20260925T013701Z
2026,1,REG,2026_01_TB_CIN,00-0040785,CIN,TB,2,28,0,14.0,2,0,1,10,0,1,1,18,0,20260925T013701Z
2026,1,REG,2026_01_DAL_NYG,00-0040865,DAL,NYG,0,0,0,,0,0,0,0,0,0,0,0,0,20260925T013701Z
2026,1,REG,2026_01_BAL_IND,00-0040866,BAL,IND,0,0,0,,0,0,0,0,0,0,0,0,0,20260925T013701Z
2026,1,REG,2026_01_WAS_PHI,00-0040867,PHI,WAS,3,-5,0,-1.6667,0,0,0,0,0,3,4,-5,0,20260925T013701Z
2026,1,REG,2026_01_MIA_LV,00-0040868,LV,MIA,0,0,0,,0,0,0,0,0,0,0,0,0,20260925T013701Z
2026,1,REG,2026_01_GB_MIN,00-0040869,GB,MIN,0,0,0,,0,0,0,0,0,0,0,0,0,20260925T013701Z
2026,1,REG,2026_01_BAL_IND,00-0040870,BAL,IND,1,11,0,11.0,0,0,0,0,0,1,3,11,0,20260925T013701Z
2026,1,REG,2026_01_DAL_NYG,00-0040872,DAL,NYG,0,0,0,,0,0,0,0,0,0,0,0,0,20260925T013701Z
2026,1,REG,2026_01_GB_MIN,00-0040877,GB,MIN,0,0,0,,0,0,0,0,0,0,0,0,0,20260925T013701Z
2026,1,REG,2026_01_MIA_LV,00-0040878,LV,MIA,7,41,0,5.8571,1,0,7,41,0,0,0,0,0,20260925T013701Z
2026,1,REG,2026_01_BAL_IND,00-0040879,BAL,IND,1,13,0,13.0,1,0,0,0,0,1,1,13,0,20260925T013701Z
2026,1,REG,2026_01_DAL_NYG,00-0040880,DAL,NYG,0,0,0,,0,0,0,0,0,0,0,0,0,20260925T013701Z
2026,1,REG,2026_01_MIA_LV,00-0040889,LV,MIA,0,0,0,,0,0,0,0,0,0,0,0,0,20260925T013701Z
2026,1,REG,2026_01_DEN_KC,00-0040890,KC,DEN,0,0,0,,0,0,0,0,0,0,1,0,0,20260925T013701Z
2026,1,REG,2026_01_MIA_LV,00-0040894,LV,MIA,2,-2,0,-1.0,0,0,1,-8,0,1,2,6,0,20260925T013701Z
2026,1,REG,2026_01_BAL_IND,00-0040898,BAL,IND,0,0,0,,0,0,0,0,0,0,0,0,0,20260925T013701Z
2026,1,REG,2026_01_GB_MIN,00-0040899,GB,MIN,0,0,0,,0,0,0,0,0,0,0,0,0,20260925T013701Z
2026,1,REG,2026_01_DEN_KC,00-0040957,KC,DEN,0,0,0,,0,0,0,0,0,0,0,0,0,20260925T013701Z
2026,1,REG,2026_01_BAL_IND,00-0040978,BAL,IND,0,0,0,,0,0,0,0,0,0,0,0,0,20260925T013701Z
2026,1,REG,2026_01_DEN_KC,00-0041013,KC,DEN,10,68,0,6.8,2,0,8,24,0,2,2,44,0,20260925T013701Z
2026,1,REG,2026_01_DEN_KC,00-0041019,KC,DEN,0,0,0,,0,0,0,0,0,0,0,0,0,20260925T013701Z
2026,1,REG,2026_01_NYJ_TEN,00-0041026,NYJ,TEN,0,0,0,,0,0,0,0,0,0,0,0,0,20260925T013701Z
2026,1,REG,2026_01_ARI_LAC,00-0041027,ARI,LAC,13,50,1,3.8462,2,0,11,41,1,2,4,9,0,20260925T013701Z
2026,1,REG,2026_01_WAS_PHI,00-0041028,WAS,PHI,0,0,0,,0,0,0,0,0,0,0,0,0,20260925T013701Z
2026,1,REG,2026_01_TB_CIN,00-0041031,TB,CIN,0,0,0,,0,0,0,0,0,0,0,0,0,20260925T013701Z
2026,1,REG,2026_01_NYJ_TEN,00-0041032,NYJ,TEN,4,24,1,6.0,1,0,1,3,1,3,3,21,0,20260925T013701Z
2026,1,REG,2026_01_CHI_CAR,00-0041034,CAR,CHI,0,0,0,,0,0,0,0,0,0,0,0,0,20260925T013701Z
2026,1,REG,2026_01_BUF_HOU,00-0041036,BUF,HOU,0,0,0,,0,0,0,0,0,0,0,0,0,20260925T013701Z
2026,1,REG,2026_01_CLE_JAX,00-0041037,CLE,JAX,2,59,1,29.5,2,0,0,0,0,2,4,59,1,20260925T013701Z
2026,1,REG,2026_01_WAS_PHI,00-0041040,WAS,PHI,4,64,1,16.0,4,0,0,0,0,4,4,64,1,20260925T013701Z
2026,1,REG,2026_01_DAL_NYG,00-0041042,NYG,DAL,2,25,0,12.5,1,0,0,0,0,2,4,25,0,20260925T013701Z
2026,1,REG,2026_01_BAL_IND,00-0041043,IND,BAL,0,0,0,,0,0,0,0,0,0,0,0,0,20260925T013701Z
2026,1,REG,2026_01_ATL_PIT,00-0041044,ATL,PIT,0,0,0,,0,0,0,0,0,0,0,0,0,20260925T013701Z
2026,1,REG,2026_01_CLE_JAX,00-0041045,JAX,CLE,0,0,0,,0,0,0,0,0,0,0,0,0,20260925T013701Z
2026,1,REG,2026_01_GB_MIN,00-0041046,MIN,GB,0,0,0,,0,0,0,0,0,0,0,0,0,20260925T013701Z
2026,1,REG,2026_01_TB_CIN,00-0041048,TB,CIN,3,36,0,12.0,2,0,0,0,0,3,3,36,0,20260925T013701Z
2026,1,REG,2026_01_SF_LA,00-0041052,SF,LA,15,70,0,4.6667,3,0,14,65,0,1,1,5,0,20260925T013701Z
2026,1,REG,2026_01_TB_CIN,00-0041057,TB,CIN,0,0,0,,0,0,0,0,0,0,0,0,0,20260925T013701Z
2026,1,REG,2026_01_CHI_CAR,00-0041060,CHI,CAR,0,0,0,,0,0,0,0,0,0,0,0,0,20260925T013701Z
2026,1,REG,2026_01_CHI_CAR,00-0041063,CAR,CHI,0,0,0,,0,0,0,0,0,0,0,0,0,20260925T013701Z
2026,1,REG,2026_01_ARI_LAC,00-0041064,LAC,ARI,0,0,0,,0,0,0,0,0,0,0,0,0,20260925T013701Z
2026,1,REG,2026_01_ATL_PIT,00-0041066,ATL,PIT,0,0,0,,0,0,0,0,0,0,0,0,0,20260925T013701Z
2026,1,REG,2026_01_NO_DET,00-0041067,NO,DET,3,42,0,14.0,2,0,0,0,0,3,4,42,0,20260925T013701Z
2026,1,REG,2026_01_SF_LA,00-0041078,SF,LA,0,0,0,,0,0,0,0,0,0,0,0,0,20260925T013701Z
2026,1,REG,2026_01_ARI_LAC,00-0041093,ARI,LAC,0,0,0,,0,0,0,0,0,0,0,0,0,20260925T013701Z
2026,1,REG,2026_01_TB_CIN,00-0041094,TB,CIN,0,0,0,,0,0,0,0,0,0,0,0,0,20260925T013701Z
2026,1,REG,2026_01_WAS_PHI,00-0041096,WAS,PHI,4,16,0,4.0,0,0,4,16,0,0,0,0,0,20260925T013701Z
2026,1,REG,2026_01_NO_DET,00-0041099,NO,DET,1,3,0,3.0,0,0,1,3,0,0,0,0,0,20260925T013701Z
2026,1,REG,2026_01_CLE_JAX,00-0041100,JAX,CLE,2,20,1,10.0,2,0,0,0,0,2,2,20,1,20260925T013701Z
2026,1,REG,2026_01_NE_SEA,00-0041109,NE,SEA,0,0,0,,0,0,0,0,0,0,0,0,0,20260925T013701Z
2026,1,REG,2026_01_BAL_IND,00-0041111,IND,BAL,0,0,0,,0,0,0,0,0,0,0,0,0,20260925T013701Z
2026,1,REG,2026_01_ATL_PIT,00-0041112,ATL,PIT,0,0,0,,0,0,0,0,0,0,0,0,0,20260925T013701Z
2026,1,REG,2026_01_BAL_IND,00-0041125,IND,BAL,1,0,0,0.0,0,0,0,0,0,1,1,0,0,20260925T013701Z
2026,1,REG,2026_01_BUF_HOU,00-0041126,BUF,HOU,0,0,0,,0,0,0,0,0,0,0,0,0,20260925T013701Z
2026,1,REG,2026_01_CLE_JAX,00-0041131,CLE,JAX,0,0,0,,0,0,0,0,0,0,0,0,0,20260925T013701Z
2026,1,REG,2026_01_DAL_NYG,00-0041145,NYG,DAL,0,0,0,,0,0,0,0,0,0,0,0,0,20260925T013701Z
2026,1,REG,2026_01_CHI_CAR,00-0041148,CAR,CHI,0,0,0,,0,0,0,0,0,0,0,0,0,20260925T013701Z
2026,1,REG,2026_01_CHI_CAR,00-0041167,CHI,CAR,0,0,0,,0,0,0,0,0,0,0,0,0,20260925T013701Z
2026,1,REG,2026_01_CHI_CAR,00-0041175,CHI,CAR,0,0,0,,0,0,0,0,0,0,0,0,0,20260925T013701Z
2026,1,REG,2026_01_WAS_PHI,00-0041182,WAS,PHI,0,0,0,,0,0,0,0,0,0,0,0,0,20260925T013701Z
2026,1,REG,2026_01_BAL_IND,00-0041227,IND,BAL,0,0,0,,0,0,0,0,0,0,0,0,0,20260925T013701Z
2026,1,REG,2026_01_BUF_HOU,00-0041305,HOU,BUF,0,0,0,,0,0,0,0,0,0,0,0,0,20260925T013701Z
2026,1,REG,2026_01_BAL_IND,00-0041320,IND,BAL,0,0,0,,0,0,0,0,0,0,0,0,0,20260925T013701Z
2026,1,REG,2026_01_NO_DET,00-0041326,NO,DET,3,2,0,0.6667,2,0,2,4,0,1,2,-2,0,20260925T013701Z
2026,1,REG,2026_01_GB_MIN,00-0041354,MIN,GB,0,0,0,,0,0,0,0,0,0,0,0,0,20260925T013701Z
2026,1,REG,2026_01_SF_LA,00-0041363,SF,LA,0,0,0,,0,0,0,0,0,0,0,0,0,20260925T013701Z
2026,1,REG,2026_01_NO_DET,00-0041390,NO,DET,0,0,0,,0,0,0,0,0,0,0,0,0,20260925T013701Z
2026,1,REG,2026_01_BUF_HOU,00-0041391,BUF,HOU,0,0,0,,0,0,0,0,0,0,0,0,0,20260925T013701Z
2026,1,REG,2026_01_ARI_LAC,00-0041392,LAC,ARI,0,0,0,,0,0,0,0,0,0,0,0,0,20260925T013701Z
2026,1,REG,2026_01_ATL_PIT,00-0041393,PIT,ATL,0,0,0,,0,0,0,0,0,0,0,0,0,20260925T013701Z
2026,1,REG,2026_01_NE_SEA,00-0041395,NE,SEA,1,2,1,2.0,1,0,0,0,0,1,1,2,1,20260925T013701Z
2026,1,REG,2026_01_ATL_PIT,00-0041397,PIT,ATL,0,0,0,,0,0,0,0,0,0,0,0,0,20260925T013701Z
2026,1,REG,2026_01_ATL_PIT,00-0041398,PIT,ATL,0,0,0,,0,0,0,0,0,0,0,0,0,20260925T013701Z
2026,1,REG,2026_01_ATL_PIT,00-0041401,PIT,ATL,0,0,0,,0,0,0,0,0,0,0,0,0,20260925T013701Z
2026,1,REG,2026_01_NYJ_TEN,00-0041438,TEN,NYJ,4,38,0,9.5,1,0,0,0,0,4,6,38,0,20260925T013701Z
2026,1,REG,2026_01_BUF_HOU,00-0041444,BUF,HOU,0,0,0,,0,0,0,0,0,0,0,0,0,20260925T013701Z
2026,1,REG,2026_01_NO_DET,00-0041445,DET,NO,0,0,0,,0,0,0,0,0,0,0,0,0,20260925T013701Z
2026,1,REG,2026_01_NO_DET,00-0041447,DET,NO,0,0,0,,0,0,0,0,0,0,0,0,0,20260925T013701Z
2026,1,REG,2026_01_NO_DET,00-0041459,DET,NO,0,0,0,,0,0,0,0,0,0,0,0,0,20260925T013701Z
2026,1,REG,2026_01_TB_CIN,00-0041464,CIN,TB,0,0,0,,0,0,0,0,0,0,0,0,0,20260925T013701Z
2026,1,REG,2026_01_BUF_HOU,00-0041465,HOU,BUF,0,0,0,,0,0,0,0,0,0,0,0,0,20260925T013701Z
2026,1,REG,2026_01_ATL_PIT,00-0041469,ATL,PIT,0,0,0,,0,0,0,0,0,0,0,0,0,20260925T013701Z
2026,1,REG,2026_01_GB_MIN,00-0041470,GB,MIN,0,0,0,,0,0,0,0,0,0,0,0,0,20260925T013701Z
2026,1,REG,2026_01_CLE_JAX,00-0041471,CLE,JAX,0,0,0,,0,0,0,0,0,0,0,0,0,20260925T013701Z
2026,1,REG,2026_01_BUF_HOU,00-0041472,HOU,BUF,1,16,0,16.0,1,0,0,0,0,1,1,16,0,20260925T013701Z
2026,1,REG,2026_01_CHI_CAR,00-0041478,CAR,CHI,0,0,0,,0,0,0,0,0,0,0,0,0,20260925T013701Z
2026,1,REG,2026_01_NYJ_TEN,00-0041479,TEN,NYJ,0,0,0,,0,0,0,0,0,0,0,0,0,20260925T013701Z
2026,1,REG,2026_01_ATL_PIT,00-0041490,PIT,ATL,0,0,0,,0,0,0,0,0,0,0,0,0,20260925T013701Z
2026,1,REG,2026_01_GB_MIN,00-0041495,MIN,GB,0,0,0,,0,0,0,0,0,0,0,0,0,20260925T013701Z
2026,1,REG,2026_01_DEN_KC,00-0041496,DEN,KC,0,0,0,,0,0,0,0,0,0,0,0,0,20260925T013701Z
2026,1,REG,2026_01_DEN_KC,00-0041497,KC,DEN,0,0,0,,0,0,0,0,0,0,0,0,0,20260925T013701Z
2026,1,REG,2026_01_DEN_KC,00-0041501,KC,DEN,0,0,0,,0,0,0,0,0,0,0,0,0,20260925T013701Z
2026,1,REG,2026_01_TB_CIN,00-0041502,TB,CIN,0,0,0,,0,0,0,0,0,0,0,0,0,20260925T013701Z
2026,1,REG,2026_01_CLE_JAX,00-0041503,JAX,CLE,1,9,0,9.0,0,0,0,0,0,1,1,9,0,20260925T013701Z
2026,1,REG,2026_01_NYJ_TEN,00-0041508,TEN,NYJ,0,0,0,,0,0,0,0,0,0,0,0,0,20260925T013701Z
2026,1,REG,2026_01_DAL_NYG,00-0041509,NYG,DAL,0,0,0,,0,0,0,0,0,0,0,0,0,20260925T013701Z
2026,1,REG,2026_01_NYJ_TEN,00-0041511,NYJ,TEN,1,30,0,30.0,1,0,0,0,0,1,1,30,0,20260925T013701Z
2026,1,REG,2026_01_NE_SEA,00-0041512,SEA,NE,12,58,0,4.8333,4,0,10,52,0,2,2,6,0,20260925T013701Z
2026,1,REG,2026_01_BAL_IND,00-0041518,IND,BAL,0,0,0,,0,0,0,0,0,0,0,0,0,20260925T013701Z
2026,1,REG,2026_01_MIA_LV,00-0041521,MIA,LV,0,0,0,,0,0,0,0,0,0,0,0,0,20260925T013701Z
2026,1,REG,2026_01_MIA_LV,00-0041522,MIA,LV,0,0,0,,0,0,0,0,0,0,0,0,0,20260925T013701Z
2026,1,REG,2026_01_MIA_LV,00-0041523,MIA,LV,5,94,0,18.8,3,0,0,0,0,5,7,94,0,20260925T013701Z
2026,1,REG,2026_01_MIA_LV,00-0041524,MIA,LV,0,0,0,,0,0,0,0,0,0,1,0,0,20260925T013701Z
2026,1,REG,2026_01_MIA_LV,00-0041525,MIA,LV,1,25,0,25.0,1,0,0,0,0,1,2,25,0,20260925T013701Z
2026,1,REG,2026_01_MIA_LV,00-0041528,MIA,LV,0,0,0,,0,0,0,0,0,0,0,0,0,20260925T013701Z
2026,1,REG,2026_01_MIA_LV,00-0041529,MIA,LV,0,0,0,,0,0,0,0,0,0,2,0,0,20260925T013701Z
2026,1,REG,2026_01_MIA_LV,00-0041533,MIA,LV,0,0,0,,0,0,0,0,0,0,0,0,0,20260925T013701Z
2026,1,REG,2026_01_DAL_NYG,00-0041537,DAL,NYG,0,0,0,,0,0,0,0,0,0,0,0,0,20260925T013701Z
2026,1,REG,2026_01_CHI_CAR,00-0041538,CHI,CAR,0,0,0,,0,0,0,0,0,0,0,0,0,20260925T013701Z
2026,1,REG,2026_01_DEN_KC,00-0041543,KC,DEN,0,0,0,,0,0,0,0,0,0,0,0,0,20260925T013701Z
2026,1,REG,2026_01_ARI_LAC,00-0041544,LAC,ARI,0,0,0,,0,0,0,0,0,0,0,0,0,20260925T013701Z
2026,1,REG,2026_01_DEN_KC,00-0041545,KC,DEN,0,0,0,,0,0,0,0,0,0,0,0,0,20260925T013701Z
2026,1,REG,2026_01_CLE_JAX,00-0041547,CLE,JAX,7,58,0,8.2857,3,1,3,15,0,4,5,43,0,20260925T013701Z
2026,1,REG,2026_01_NYJ_TEN,00-0041549,NYJ,TEN,0,0,0,,0,0,0,0,0,0,0,0,0,20260925T013701Z
2026,1,REG,2026_01_NE_SEA,00-0041569,NE,SEA,0,0,0,,0,0,0,0,0,0,0,0,0,20260925T013701Z
2026,1,REG,2026_01_GB_MIN,00-0041581,MIN,GB,0,0,0,,0,0,0,0,0,0,0,0,0,20260925T013701Z
2026,2,REG,2026_02_PIT_NE,00-0023459,PIT,NE,1,5,0,5.0,0,0,1,5,0,0,0,0,0,20260925T013701Z
2026,2,REG,2026_02_CAR_ATL,00-0025565,ATL,CAR,0,0,0,,0,0,0,0,0,0,0,0,0,20260925T013701Z
2026,2,REG,2026_02_NO_BAL,00-0026190,BAL,NO,0,0,0,,0,0,0,0,0,0,0,0,0,20260925T013701Z
2026,2,REG,2026_02_NYG_LA,00-0026498,LA,NYG,4,-1,0,-0.25,0,0,4,-1,0,0,0,0,0,20260925T013701Z
2026,2,REG,2026_02_MIA_SF,00-0027857,SF,MIA,0,0,0,,0,0,0,0,0,0,0,0,0,20260925T013701Z
2026,2,REG,2026_02_WAS_DAL,00-0027940,DAL,WAS,0,0,0,,0,0,0,0,0,0,0,0,0,20260925T013701Z
2026,2,REG,2026_02_NO_BAL,00-0027962,NO,BAL,0,0,0,,0,0,0,0,0,0,0,0,0,20260925T013701Z
2026,2,REG,2026_02_PIT_NE,00-0027969,PIT,NE,0,0,0,,0,0,0,0,0,0,0,0,0,20260925T013701Z
2026,2,REG,2026_02_LV_LAC,00-0029604,LV,LAC,4,1,0,0.25,0,0,4,1,0,0,0,0,0,20260925T013701Z
2026,2,REG,2026_02_MIN_CHI,00-0029606,MIN,CHI,0,0,0,,0,0,0,0,0,0,0,0,0,20260925T013701Z
2026,2,REG,2026_02_GB_NYJ,00-0029607,NYJ,GB,0,0,0,,0,0,0,0,0,0,0,0,0,20260925T013701Z
2026,2,REG,2026_02_WAS_DAL,00-0029692,DAL,WAS,0,0,0,,0,0,0,0,0,0,0,0,0,20260925T013701Z
2026,2,REG,2026_02_MIN_CHI,00-0029714,MIN,CHI,0,0,0,,0,0,0,0,0,0,0,0,0,20260925T013701Z
2026,2,REG,2026_02_MIA_SF,00-0029892,SF,MIA,2,27,1,13.5,2,0,0,0,0,2,2,27,1,20260925T013701Z
2026,2,REG,2026_02_NO_BAL,00-0030070,BAL,NO,0,0,0,,0,0,0,0,0,0,0,0,0,20260925T013701Z
2026,2,REG,2026_02_CAR_ATL,00-0030092,CAR,ATL,0,0,0,,0,0,0,0,0,0,0,0,0,20260925T013701Z
2026,2,REG,2026_02_WAS_DAL,00-0030140,WAS,DAL,0,0,0,,0,0,0,0,0,0,0,0,0,20260925T013701Z
2026,2,REG,2026_02_IND_KC,00-0030279,IND,KC,1,5,0,5.0,0,0,0,0,0,1,5,5,0,20260925T013701Z
2026,2,REG,2026_02_LV_LAC,00-0030294,LAC,LV,0,0,0,,0,0,0,0,0,0,0,0,0,20260925T013701Z
2026,2,REG,2026_02_IND_KC,00-0030506,KC,IND,9,101,1,11.2222,7,0,0,0,0,9,11,101,1,20260925T013701Z
2026,2,REG,2026_02_PHI_TEN,00-0030561,PHI,TEN,0,0,0,,0,0,0,0,0,0,0,0,0,20260925T013701Z
2026,2,REG,2026_02_GB_NYJ,00-0030565,NYJ,GB,5,17,0,3.4,1,1,5,17,0,0,0,0,0,20260925T013701Z
2026,2,REG,2026_02_LV_LAC,00-0031040,LAC,LV,0,0,0,,0,0,0,0,0,0,0,0,0,20260925T013701Z
2026,2,REG,2026_02_PIT_NE,00-0031054,NE,PIT,0,0,0,,0,0,0,0,0,0,0,0,0,20260925T013701Z
2026,2,REG,2026_02_PIT_NE,00-0031136,PIT,NE,0,0,0,,0,0,0,0,0,0,0,0,0,20260925T013701Z
2026,2,REG,2026_02_MIN_CHI,00-0031203,CHI,MIN,0,0,0,,0,0,0,0,0,0,0,0,0,20260925T013701Z
2026,2,REG,2026_02_NYG_LA,00-0031270,NYG,LA,0,0,0,,0,0,0,0,0,0,0,0,0,20260925T013701Z
2026,2,REG,2026_02_CAR_ATL,00-0031279,ATL,CAR,0,0,0,,0,0,0,0,0,0,0,0,0,20260925T013701Z
2026,2,REG,2026_02_PIT_NE,00-0031330,NE,PIT,0,0,0,,0,0,0,0,0,0,0,0,0,20260925T013701Z
2026,2,REG,2026_02_MIN_CHI,00-0031360,MIN,CHI,0,0,0,,0,0,0,0,0,0,0,0,0,20260925T013701Z
2026,2,REG,2026_02_NYG_LA,00-0031381,LA,NYG,8,195,2,24.375,7,0,0,0,0,8,10,195,2,20260925T013701Z
2026,2,REG,2026_02_NYG_LA,00-0031388,LA,NYG,0,0,0,,0,0,0,0,0,0,0,0,0,20260925T013701Z
2026,2,REG,2026_02_MIA_SF,00-0031408,SF,MIA,3,54,0,18.0,3,0,0,0,0,3,3,54,0,20260925T013701Z
2026,2,REG,2026_02_SEA_ARI,00-0031411,SEA,ARI,0,0,0,,0,0,0,0,0,0,0,0,0,20260925T013701Z
2026,2,REG,2026_02_SEA_ARI,00-0031492,SEA,ARI,0,0,0,,0,0,0,0,0,0,0,0,0,20260925T013701Z
2026,2,REG,2026_02_NYG_LA,00-0031503,NYG,LA,2,1,0,0.5,1,0,2,1,0,0,0,0,0,20260925T013701Z
2026,2,REG,2026_02_CIN_HOU,00-0031565,HOU,CIN,0,0,0,,0,0,0,0,0,0,0,0,0,20260925T013701Z
2026,2,REG,2026_02_CAR_ATL,00-0031576,ATL,CAR,0,0,0,,0,0,0,0,0,0,0,0,0,20260925T013701Z
2026,2,REG,2026_02_MIN_CHI,00-0031583,CHI,MIN,0,0,0,,0,0,0,0,0,0,0,0,0,20260925T013701Z
2026,2,REG,2026_02_WAS_DAL,00-0031588,WAS,DAL,5,47,2,9.4,4,0,0,0,0,5,6,47,2,20260925T013701Z
2026,2,REG,2026_02_CAR_ATL,00-0031610,CAR,ATL,3,33,2,11.0,3,0,0,0,0,3,3,33,2,20260925T013701Z
2026,2,REG,2026_02_JAX_DEN,00-0031898,DEN,JAX,0,0,0,,0,0,0,0,0,0,0,0,0,20260925T013701Z
2026,2,REG,2026_02_SEA_ARI,00-0031933,SEA,ARI,0,0,0,,0,0,0,0,0,0,0,0,0,20260925T013701Z
2026,2,REG,2026_02_CLE_TB,00-0031957,TB,CLE,0,0,0,,0,0,0,0,0,0,0,0,0,20260925T013701Z
2026,2,REG,2026_02_MIA_SF,00-0032065,MIA,SF,1,0,0,0.0,0,1,1,0,0,0,0,0,0,20260925T013701Z
2026,2,REG,2026_02_CIN_HOU,00-0032071,HOU,CIN,0,0,0,,0,0,0,0,0,0,0,0,0,20260925T013701Z
2026,2,REG,2026_02_JAX_DEN,00-0032104,JAX,DEN,4,13,0,3.25,2,0,3,11,0,1,1,2,0,20260925T013701Z
2026,2,REG,2026_02_LV_LAC,00-0032146,LAC,LV,0,0,0,,0,0,0,0,0,0,0,0,0,20260925T013701Z
2026,2,REG,2026_02_JAX_DEN,00-0032164,JAX,DEN,0,0,0,,0,0,0,0,0,0,0,0,0,20260925T013701Z
2026,2,REG,2026_02_CIN_HOU,00-0032265,HOU,CIN,0,0,0,,0,0,0,0,0,0,0,0,0,20260925T013701Z
2026,2,REG,2026_02_WAS_DAL,00-0032268,WAS,DAL,1,3,0,3.0,1,0,1,3,0,0,0,0,0,20260925T013701Z
2026,2,REG,2026_02_IND_KC,00-0032378,IND,KC,0,0,0,,0,0,0,0,0,0,0,0,0,20260925T013701Z
2026,2,REG,2026_02_SEA_ARI,00-0032387,SEA,ARI,0,0,0,,0,0,0,0,0,0,0,0,0,20260925T013701Z
2026,2,REG,2026_02_CAR_ATL,00-0032392,ATL,CAR,2,20,0,10.0,2,0,0,0,0,2,4,20,0,20260925T013701Z
2026,2,REG,2026_02_NO_BAL,00-0032398,BAL,NO,1,6,0,6.0,1,0,0,0,0,1,3,6,0,20260925T013701Z
2026,2,REG,2026_02_NYG_LA,00-0032424,NYG,LA,0,0,0,,0,0,0,0,0,0,0,0,0,20260925T013701Z
2026,2,REG,2026_02_CIN_HOU,00-0032445,CIN,HOU,0,0,0,,0,0,0,0,0,0,0,0,0,20260925T013701Z
2026,2,REG,2026_02_MIN_CHI,00-0032464,CHI,MIN,5,40,0,8.0,2,0,0,0,0,5,5,40,0,20260925T013701Z
2026,2,REG,2026_02_JAX_DEN,00-0032569,DEN,JAX,0,0,0,,0,0,0,0,0,0,0,0,0,20260925T013701Z
2026,2,REG,2026_02_CIN_HOU,00-0032726,HOU,CIN,0,0,0,,0,0,0,0,0,0,0,0,0,20260925T013701Z
2026,2,REG,2026_02_CIN_HOU,00-0032759,HOU,CIN,0,0,0,,0,0,0,0,0,0,0,0,0,20260925T013701Z
2026,2,REG,2026_02_IND_KC,00-0032762,KC,IND,0,0,0,,0,0,0,0,0,0,0,0,0,20260925T013701Z
2026,2,REG,2026_02_NO_BAL,00-0032764,BAL,NO,19,87,1,4.5789,6,0,16,68,1,3,3,19,0,20260925T013701Z
2026,2,REG,2026_02_MIA_SF,00-0032775,SF,MIA,3,34,0,11.3333,3,0,0,0,0,3,3,34,0,20260925T013701Z
2026,2,REG,2026_02_CLE_TB,00-0032889,TB,CLE,0,0,0,,0,0,0,0,0,0,0,0,0,20260925T013701Z
2026,2,REG,2026_02_CLE_TB,00-0032943,TB,CLE,0,0,0,,0,0,0,0,0,0,0,0,0,20260925T013701Z
2026,2,REG,2026_02_MIN_CHI,00-0032950,MIN,CHI,3,6,0,2.0,1,1,3,6,0,0,0,0,0,20260925T013701Z
2026,2,REG,2026_02_IND_KC,00-0032951,IND,KC,3,61,0,20.3333,1,0,0,0,0,3,3,61,0,20260925T013701Z
2026,2,REG,2026_02_JAX_DEN,00-0033038,JAX,DEN,0,0,0,,0,0,0,0,0,0,0,0,0,20260925T013701Z
2026,2,REG,2026_02_PIT_NE,00-0033055,PIT,NE,0,0,0,,0,0,0,0,0,0,0,0,0,20260925T013701Z
2026,2,REG,2026_02_WAS_DAL,00-0033077,DAL,WAS,4,26,0,6.5,2,0,4,26,0,0,0,0,0,20260925T013701Z
2026,2,REG,2026_02_PIT_NE,00-0033090,NE,PIT,3,40,0,13.3333,1,0,0,0,0,3,5,40,0,20260925T013701Z
2026,2,REG,2026_02_WAS_DAL,00-0033093,DAL,WAS,0,0,0,,0,0,0,0,0,0,0,0,0,20260925T013701Z
2026,2,REG,2026_02_DET_BUF,00-0033106,DET,BUF,3,7,0,2.3333,0,1,3,7,0,0,0,0,0,20260925T013701Z
2026,2,REG,2026_02_SEA_ARI,00-0033119,ARI,SEA,1,7,0,7.0,0,0,1,7,0,0,0,0,0,20260925T013701Z
2026,2,REG,2026_02_WAS_DAL,00-0033120,DAL,WAS,0,0,0,,0,0,0,0,0,0,0,0,0,20260925T013701Z
2026,2,REG,2026_02_CLE_TB,00-0033131,CLE,TB,0,0,0,,0,0,0,0,0,0,0,0,0,20260925T013701Z
2026,2,REG,2026_02_PIT_NE,00-0033132,NE,PIT,0,0,0,,0,0,0,0,0,0,0,0,0,20260925T013701Z
2026,2,REG,2026_02_PHI_TEN,00-0033246,PHI,TEN,2,8,0,4.0,0,0,0,0,0,2,3,8,0,20260925T013701Z
2026,2,REG,2026_02_GB_NYJ,00-0033260,NYJ,GB,0,0,0,,0,0,0,0,0,0,0,0,0,20260925T013701Z
2026,2,REG,2026_02_IND_KC,00-0033269,IND,KC,0,0,0,,0,0,0,0,0,0,0,0,0,20260925T013701Z
2026,2,REG,2026_02_MIA_SF,00-0033280,SF,MIA,14,66,2,4.7143,6,0,10,23,2,4,4,43,0,20260925T013701Z
2026,2,REG,2026_02_NO_BAL,00-0033281,BAL,NO,0,0,0,,0,0,0,0,0,0,0,0,0,20260925T013701Z
2026,2,REG,2026_02_MIA_SF,00-0033288,SF,MIA,4,80,1,20.0,3,0,0,0,0,4,4,80,1,20260925T013701Z
2026,2,REG,2026_02_MIN_CHI,00-0033293,MIN,CHI,23,105,0,4.5652,3,0,23,105,0,0,0,0,0,20260925T013701Z
2026,2,REG,2026_02_DET_BUF,00-0033294,DET,BUF,0,0,0,,0,0,0,0,0,0,0,0,0,20260925T013701Z
2026,2,REG,2026_02_JAX_DEN,00-0033297,DEN,JAX,0,0,0,,0,0,0,0,0,0,0,0,0,20260925T013701Z
2026,2,REG,2026_02_IND_KC,00-0033303,KC,IND,0,0,0,,0,0,0,0,0,0,0,0,0,20260925T013701Z
2026,2,REG,2026_02_SEA_ARI,00-0033307,ARI,SEA,2,11,0,5.5,0,0,0,0,0,2,3,11,0,20260925T013701Z
2026,2,REG,2026_02_MIN_CHI,00-0033336,MIN,CHI,0,0,0,,0,0,0,0,0,0,0,0,0,20260925T013701Z
2026,2,REG,2026_02_LV_LAC,00-0033381,LV,LAC,0,0,0,,0,0,0,0,0,0,0,0,0,20260925T013701Z
2026,2,REG,2026_02_CIN_HOU,00-0033523,CIN,HOU,0,0,0,,0,0,0,0,0,0,0,0,0,20260925T013701Z
2026,2,REG,2026_02_CIN_HOU,00-0033526,CIN,HOU,3,22,0,7.3333,1,0,2,6,0,1,1,16,0,20260925T013701Z
2026,2,REG,2026_02_CLE_TB,00-0033537,CLE,TB,7,22,0,3.1429,2,0,7,22,0,0,0,0,0,20260925T013701Z
2026,2,REG,2026_02_LV_LAC,00-0033546,LAC,LV,0,0,0,,0,0,0,0,0,0,0,0,0,20260925T013701Z
2026,2,REG,2026_02_WAS_DAL,00-0033551,WAS,DAL,0,0,0,,0,0,0,0,0,0,0,0,0,20260925T013701Z
2026,2,REG,2026_02_PIT_NE,00-0033555,NE,PIT,2,18,0,9.0,1,0,0,0,0,2,2,18,0,20260925T013701Z
2026,2,REG,2026_02_SEA_ARI,00-0033576,SEA,ARI,1,-10,0,-10.0,0,0,0,0,0,1,1,-10,0,20260925T013701Z
2026,2,REG,2026_02_MIN_CHI,00-0033579,CHI,MIN,0,0,0,,0,0,0,0,0,0,0,0,0,20260925T013701Z
2026,2,REG,2026_02_CAR_ATL,00-0033662,ATL,CAR,2,20,0,10.0,1,1,2,20,0,0,0,0,0,20260925T013701Z
2026,2,REG,2026_02_PIT_NE,00-0033729,PIT,NE,0,0,0,,0,0,0,0,0,0,0,0,0,20260925T013701Z
2026,2,REG,2026_02_PHI_TEN,00-0033787,PHI,TEN,0,0,0,,0,0,0,0,0,0,0,0,0,20260925T013701Z
2026,2,REG,2026_02_NO_BAL,00-0033860,NO,BAL,0,0,0,,0,0,0,0,0,0,0,0,0,20260925T013701Z
2026,2,REG,2026_02_PHI_TEN,00-0033870,TEN,PHI,0,0,0,,0,0,0,0,0,0,0,0,0,20260925T013701Z
2026,2,REG,2026_02_IND_KC,00-0033873,KC,IND,2,17,0,8.5,1,0,2,17,0,0,0,0,0,20260925T013701Z
2026,2,REG,2026_02_CLE_TB,00-0033876,CLE,TB,0,0,0,,0,0,0,0,0,0,0,0,0,20260925T013701Z
2026,2,REG,2026_02_JAX_DEN,00-0033881,DEN,JAX,1,17,0,17.0,1,0,0,0,0,1,1,17,0,20260925T013701Z
2026,2,REG,2026_02_LV_LAC,00-0033885,LAC,LV,1,9,0,9.0,0,0,0,0,0,1,3,9,0,20260925T013701Z
2026,2,REG,2026_02_PIT_NE,00-0033886,PIT,NE,0,0,0,,0,0,0,0,0,0,0,0,0,20260925T013701Z
2026,2,REG,2026_02_SEA_ARI,00-0033890,ARI,SEA,0,0,0,,0,0,0,0,0,0,0,0,0,20260925T013701Z
2026,2,REG,2026_02_NO_BAL,00-0033906,NO,BAL,14,22,0,1.5714,1,0,9,15,0,5,6,7,0,20260925T013701Z
2026,2,REG,2026_02_SEA_ARI,00-0033908,SEA,ARI,2,20,0,10.0,1,0,0,0,0,2,2,20,0,20260925T013701Z
2026,2,REG,2026_02_CLE_TB,00-0033914,TB,CLE,0,0,0,,0,0,0,0,0,0,0,0,0,20260925T013701Z
2026,2,REG,2026_02_WAS_DAL,00-0033918,WAS,DAL,0,0,0,,0,0,0,0,0,0,0,0,0,20260925T013701Z
2026,2,REG,2026_02_CLE_TB,00-0033921,TB,CLE,4,58,0,14.5,4,0,1,12,0,3,3,46,0,20260925T013701Z
2026,2,REG,2026_02_JAX_DEN,00-0033928,JAX,DEN,0,0,0,,0,0,0,0,0,0,0,0,0,20260925T013701Z
2026,2,REG,2026_02_NO_BAL,00-0033935,BAL,NO,0,0,0,,0,0,0,0,0,0,0,0,0,20260925T013701Z
2026,2,REG,2026_02_PIT_NE,00-0033941,PIT,NE,0,0,0,,0,0,0,0,0,0,0,0,0,20260925T013701Z
2026,2,REG,2026_02_CAR_ATL,00-0033945,ATL,CAR,0,0,0,,0,0,0,0,0,0,0,0,0,20260925T013701Z
2026,2,REG,2026_02_IND_KC,00-0033952,IND,KC,0,0,0,,0,0,0,0,0,0,0,0,0,20260925T013701Z
2026,2,REG,2026_02_PHI_TEN,00-0034112,TEN,PHI,0,0,0,,0,0,0,0,0,0,0,0,0,20260925T013701Z
2026,2,REG,2026_02_SEA_ARI,00-0034160,SEA,ARI,0,0,0,,0,0,0,0,0,0,0,0,0,20260925T013701Z
2026,2,REG,2026_02_NO_BAL,00-0034161,NO,BAL,0,0,0,,0,0,0,0,0,0,0,0,0,20260925T013701Z
2026,2,REG,2026_02_LV_LAC,00-0034162,LAC,LV,0,0,0,,0,0,0,0,0,0,0,0,0,20260925T013701Z
2026,2,REG,2026_02_PHI_TEN,00-0034163,TEN,PHI,0,0,0,,0,0,0,0,0,0,0,0,0,20260925T013701Z
2026,2,REG,2026_02_MIA_SF,00-0034173,SF,MIA,0,0,0,,0,0,0,0,0,0,0,0,0,20260925T013701Z
2026,2,REG,2026_02_NYG_LA,00-0034234,LA,NYG,0,0,0,,0,0,0,0,0,0,0,0,0,20260925T013701Z
2026,2,REG,2026_02_NYG_LA,00-0034248,NYG,LA,0,0,0,,0,0,0,0,0,0,0,0,0,20260925T013701Z
2026,2,REG,2026_02_LV_LAC,00-0034275,LV,LAC,0,0,0,,0,0,0,0,0,0,0,0,0,20260925T013701Z
2026,2,REG,2026_02_CIN_HOU,00-0034278,HOU,CIN,0,0,0,,0,0,0,0,0,0,0,0,0,20260925T013701Z
2026,2,REG,2026_02_MIA_SF,00-0034285,MIA,SF,0,0,0,,0,0,0,0,0,0,0,0,0,20260925T013701Z
2026,2,REG,2026_02_MIN_CHI,00-0034320,CHI,MIN,0,0,0,,0,0,0,0,0,0,0,0,0,20260925T013701Z
2026,2,REG,2026_02_WAS_DAL,00-0034333,WAS,DAL,0,0,0,,0,0,0,0,0,0,0,0,0,20260925T013701Z
2026,2,REG,2026_02_JAX_DEN,00-0034348,DEN,JAX,3,25,0,8.3333,1,0,0,0,0,3,4,25,0,20260925T013701Z
2026,2,REG,2026_02_SEA_ARI,00-0034350,SEA,ARI,0,0,0,,0,0,0,0,0,0,0,0,0,20260925T013701Z
2026,2,REG,2026_02_PHI_TEN,00-0034351,PHI,TEN,1,4,0,4.0,0,0,0,0,0,1,2,4,0,20260925T013701Z
2026,2,REG,2026_02_LV_LAC,00-0034356,LAC,LV,0,0,0,,0,0,0,0,0,0,0,0,0,20260925T013701Z
2026,2,REG,2026_02_NO_BAL,00-0034361,NO,BAL,0,0,0,,0,0,0,0,0,0,0,0,0,20260925T013701Z
2026,2,REG,2026_02_LV_LAC,00-0034365,LV,LAC,1,11,0,11.0,1,0,0,0,0,1,1,11,0,20260925T013701Z
2026,2,REG,2026_02_WAS_DAL,00-0034373,WAS,DAL,0,0,0,,0,0,0,0,0,0,0,0,0,20260925T013701Z
2026,2,REG,2026_02_LV_LAC,00-0034376,LV,LAC,0,0,0,,0,0,0,0,0,0,0,0,0,20260925T013701Z
2026,2,REG,2026_02_DET_BUF,00-0034377,DET,BUF,0,0,0,,0,0,0,0,0,0,0,0,0,20260925T013701Z
2026,2,REG,2026_02_SEA_ARI,00-0034381,ARI,SEA,0,0,0,,0,0,0,0,0,0,0,0,0,20260925T013701Z
2026,2,REG,2026_02_CIN_HOU,00-0034383,HOU,CIN,12,140,0,11.6667,6,0,0,0,0,12,14,140,0,20260925T013701Z
2026,2,REG,2026_02_DET_BUF,00-0034384,DET,BUF,0,0,0,,0,0,0,0,0,0,0,0,0,20260925T013701Z
2026,2,REG,2026_02_MIA_SF,00-0034391,SF,MIA,0,0,0,,0,0,0,0,0,0,0,0,0,20260925T013701Z
2026,2,REG,2026_02_WAS_DAL,00-0034397,WAS,DAL,0,0,0,,0,0,0,0,0,0,0,0,0,20260925T013701Z
2026,2,REG,2026_02_JAX_DEN,00-0034413,JAX,DEN,0,0,0,,0,0,0,0,0,0,0,0,0,20260925T013701Z
2026,2,REG,2026_02_NYG_LA,00-0034419,NYG,LA,0,0,0,,0,0,0,0,0,0,0,0,0,20260925T013701Z
2026,2,REG,2026_02_GB_NYJ,00-0034431,GB,NYJ,0,0,0,,0,0,0,0,0,0,0,0,0,20260925T013701Z
2026,2,REG,2026_02_JAX_DEN,00-0034437,JAX,DEN,0,0,0,,0,0,0,0,0,0,0,0,0,20260925T013701Z
2026,2,REG,2026_02_CIN_HOU,00-0034446,CIN,HOU,0,0,0,,0,0,0,0,0,0,0,0,0,20260925T013701Z
2026,2,REG,2026_02_WAS_DAL,00-0034465,WAS,DAL,0,0,0,,0,0,0,0,0,0,0,0,0,20260925T013701Z
2026,2,REG,2026_02_JAX_DEN,00-0034473,JAX,DEN,0,0,0,,0,0,0,0,0,0,0,0,0,20260925T013701Z
2026,2,REG,2026_02_IND_KC,00-0034485,IND,KC,0,0,0,,0,0,0,0,0,0,0,0,0,20260925T013701Z
2026,2,REG,2026_02_IND_KC,00-0034573,IND,KC,0,0,0,,0,0,0,0,0,0,0,0,0,20260925T013701Z
2026,2,REG,2026_02_NYG_LA,00-0034673,NYG,LA,0,0,0,,0,0,0,0,0,0,0,0,0,20260925T013701Z
2026,2,REG,2026_02_CAR_ATL,00-0034675,ATL,CAR,0,0,0,,0,0,0,0,0,0,0,0,0,20260925T013701Z
2026,2,REG,2026_02_PIT_NE,00-0034720,NE,PIT,0,0,0,,0,0,0,0,0,0,0,0,0,20260925T013701Z
2026,2,REG,2026_02_CLE_TB,00-0034721,CLE,TB,0,0,0,,0,0,0,0,0,0,0,0,0,20260925T013701Z
2026,2,REG,2026_02_CIN_HOU,00-0034752,CIN,HOU,0,0,0,,0,0,0,0,0,0,0,0,0,20260925T013701Z
2026,2,REG,2026_02_NO_BAL,00-0034753,BAL,NO,6,49,0,8.1667,4,0,0,0,0,6,7,49,0,20260925T013701Z
2026,2,REG,2026_02_CIN_HOU,00-0034754,CIN,HOU,0,0,0,,0,0,0,0,0,0,0,0,0,20260925T013701Z
2026,2,REG,2026_02_NO_BAL,00-0034760,NO,BAL,0,0,0,,0,0,0,0,0,0,0,0,0,20260925T013701Z
2026,2,REG,2026_02_PIT_NE,00-0034771,PIT,NE,1,3,0,3.0,0,0,1,3,0,0,0,0,0,20260925T013701Z
2026,2,REG,2026_02_CLE_TB,00-0034773,TB,CLE,0,0,0,,0,0,0,0,0,0,0,0,0,20260925T013701Z
2026,2,REG,2026_02_GB_NYJ,00-0034782,NYJ,GB,0,0,0,,0,0,0,0,0,0,0,0,0,20260925T013701Z
2026,2,REG,2026_02_LV_LAC,00-0034790,LAC,LV,0,0,0,,0,0,0,0,0,0,0,0,0,20260925T013701Z
2026,2,REG,2026_02_GB_NYJ,00-0034794,NYJ,GB,0,0,0,,0,0,0,0,0,0,0,0,0,20260925T013701Z
2026,2,REG,2026_02_NO_BAL,00-0034796,BAL,NO,4,34,0,8.5,3,0,4,34,0,0,0,0,0,20260925T013701Z
2026,2,REG,2026_02_NO_BAL,00-0034798,BAL,NO,0,0,0,,0,0,0,0,0,0,1,0,0,20260925T013701Z
2026,2,REG,2026_02_CAR_ATL,00-0034801,ATL,CAR,0,0,0,,0,0,0,0,0,0,0,0,0,20260925T013701Z
2026,2,REG,2026_02_PHI_TEN,00-0034805,TEN,PHI,0,0,0,,0,0,0,0,0,0,0,0,0,20260925T013701Z
2026,2,REG,2026_02_PIT_NE,00-0034810,PIT,NE,0,0,0,,0,0,0,0,0,0,0,0,0,20260925T013701Z
2026,2,REG,2026_02_MIA_SF,00-0034815,SF,MIA,0,0,0,,0,0,0,0,0,0,0,0,0,20260925T013701Z
2026,2,REG,2026_02_IND_KC,00-0034825,IND,KC,0,0,0,,0,0,0,0,0,0,0,0,0,20260925T013701Z
2026,2,REG,2026_02_DET_BUF,00-0034827,BUF,DET,1,-1,0,-1.0,0,0,1,-1,0,0,0,0,0,20260925T013701Z
2026,2,REG,2026_02_DET_BUF,00-0034832,BUF,DET,0,0,0,,0,0,0,0,0,0,0,0,0,20260925T013701Z
2026,2,REG,2026_02_PHI_TEN,00-0034837,TEN,PHI,2,35,0,17.5,2,0,0,0,0,2,2,35,0,20260925T013701Z
2026,2,REG,2026_02_CAR_ATL,00-0034843,ATL,CAR,0,0,0,,0,0,0,0,0,0,0,0,0,20260925T013701Z
2026,2,REG,2026_02_PHI_TEN,00-0034844,PHI,TEN,5,20,0,4.0,1,0,4,9,0,1,2,11,0,20260925T013701Z
2026,2,REG,2026_02_JAX_DEN,00-0034847,DEN,JAX,0,0,0,,0,0,0,0,0,0,0,0,0,20260925T013701Z
2026,2,REG,2026_02_MIA_SF,00-0034854,SF,MIA,1,18,0,18.0,0,0,0,0,0,1,1,18,0,20260925T013701Z
2026,2,REG,2026_02_CLE_TB,00-0034855,TB,CLE,4,29,0,7.25,3,0,4,29,0,0,0,0,0,20260925T013701Z
2026,2,REG,2026_02_CLE_TB,00-0034856,CLE,TB,0,0,0,,0,0,0,0,0,0,0,0,0,20260925T013701Z
2026,2,REG,2026_02_DET_BUF,00-0034857,BUF,DET,14,69,2,4.9286,8,0,14,69,2,0,0,0,0,20260925T013701Z
2026,2,REG,2026_02_NO_BAL,00-0034874,BAL,NO,0,0,0,,0,0,0,0,0,0,0,0,0,20260925T013701Z
2026,2,REG,2026_02_PIT_NE,00-0034941,NE,PIT,0,0,0,,0,0,0,0,0,0,0,0,0,20260925T013701Z
2026,2,REG,2026_02_GB_NYJ,00-0034959,NYJ,GB,0,0,0,,0,0,0,0,0,0,0,0,0,20260925T013701Z
2026,2,REG,2026_02_JAX_DEN,00-0034960,JAX,DEN,1,28,0,28.0,1,0,0,0,0,1,1,28,0,20260925T013701Z
2026,2,REG,2026_02_WAS_DAL,00-0034967,DAL,WAS,0,0,0,,0,0,0,0,0,0,0,0,0,20260925T013701Z
2026,2,REG,2026_02_LV_LAC,00-0034973,LV,LAC,0,0,0,,0,0,0,0,0,0,0,0,0,20260925T013701Z
2026,2,REG,2026_02_SEA_ARI,00-0034974,SEA,ARI,0,0,0,,0,0,0,0,0,0,0,0,0,20260925T013701Z
2026,2,REG,2026_02_NO_BAL,00-0034975,BAL,NO,4,18,0,4.5,0,0,2,6,0,2,2,12,0,20260925T013701Z
2026,2,REG,2026_02_CIN_HOU,00-0034981,HOU,CIN,2,34,0,17.0,2,0,0,0,0,2,2,34,0,20260925T013701Z
2026,2,REG,2026_02_MIA_SF,00-0034982,SF,MIA,0,0,0,,0,0,0,0,0,0,0,0,0,20260925T013701Z
2026,2,REG,2026_02_PHI_TEN,00-0034993,PHI,TEN,0,0,0,,0,0,0,0,0,0,0,0,0,20260925T013701Z
2026,2,REG,2026_02_LV_LAC,00-0035125,LAC,LV,0,0,0,,0,0,0,0,0,0,0,0,0,20260925T013701Z
2026,2,REG,2026_02_GB_NYJ,00-0035133,GB,NYJ,0,0,0,,0,0,0,0,0,0,0,0,0,20260925T013701Z
2026,2,REG,2026_02_SEA_ARI,00-0035144,ARI,SEA,0,0,0,,0,0,0,0,0,0,0,0,0,20260925T013701Z
2026,2,REG,2026_02_DET_BUF,00-0035156,DET,BUF,0,0,0,,0,0,0,0,0,0,0,0,0,20260925T013701Z
2026,2,REG,2026_02_CIN_HOU,00-0035166,HOU,CIN,0,0,0,,0,0,0,0,0,0,0,0,0,20260925T013701Z
2026,2,REG,2026_02_LV_LAC,00-0035190,LV,LAC,0,0,0,,0,0,0,0,0,0,0,0,0,20260925T013701Z
2026,2,REG,2026_02_PHI_TEN,00-0035192,TEN,PHI,0,0,0,,0,0,0,0,0,0,0,0,0,20260925T013701Z
2026,2,REG,2026_02_LV_LAC,00-0035202,LAC,LV,0,0,0,,0,0,0,0,0,0,0,0,0,20260925T013701Z
2026,2,REG,2026_02_CAR_ATL,00-0035208,ATL,CAR,1,3,0,3.0,0,0,0,0,0,1,3,3,0,20260925T013701Z
2026,2,REG,2026_02_WAS_DAL,00-0035227,DAL,WAS,0,0,0,,0,0,0,0,0,0,0,0,0,20260925T013701Z
2026,2,REG,2026_02_MIN_CHI,00-0035229,MIN,CHI,3,29,0,9.6667,2,0,0,0,0,3,4,29,0,20260925T013701Z
2026,2,REG,2026_02_CLE_TB,00-0035234,CLE,TB,0,0,0,,0,0,0,0,0,0,0,0,0,20260925T013701Z
2026,2,REG,2026_02_MIN_CHI,00-0035236,MIN,CHI,0,0,0,,0,0,0,0,0,0,0,0,0,20260925T013701Z
2026,2,REG,2026_02_JAX_DEN,00-0035240,JAX,DEN,0,0,0,,0,0,0,0,0,0,0,0,0,20260925T013701Z
2026,2,REG,2026_02_JAX_DEN,00-0035248,DEN,JAX,0,0,0,,0,0,0,0,0,0,0,0,0,20260925T013701Z
2026,2,REG,2026_02_MIN_CHI,00-0035249,MIN,CHI,1,24,0,24.0,1,0,0,0,0,1,1,24,0,20260925T013701Z
2026,2,REG,2026_02_NYG_LA,00-0035250,NYG,LA,3,9,0,3.0,0,0,3,9,0,0,1,0,0,20260925T013701Z
2026,2,REG,2026_02_DET_BUF,00-0035253,BUF,DET,0,0,0,,0,0,0,0,0,0,0,0,0,20260925T013701Z
2026,2,REG,2026_02_CLE_TB,00-0035254,TB,CLE,0,0,0,,0,0,0,0,0,0,0,0,0,20260925T013701Z
2026,2,REG,2026_02_PHI_TEN,00-0035261,TEN,PHI,15,65,0,4.3333,3,0,14,64,0,1,1,1,0,20260925T013701Z
2026,2,REG,2026_02_IND_KC,00-0035262,KC,IND,0,0,0,,0,0,0,0,0,0,0,0,0,20260925T013701Z
2026,2,REG,2026_02_LV_LAC,00-0035269,LV,LAC,0,0,0,,0,0,0,0,0,0,0,0,0,20260925T013701Z
2026,2,REG,2026_02_MIN_CHI,00-0035272,MIN,CHI,0,0,0,,0,0,0,0,0,0,0,0,0,20260925T013701Z
2026,2,REG,2026_02_MIN_CHI,00-0035276,MIN,CHI,0,0,0,,0,0,0,0,0,0,0,0,0,20260925T013701Z
2026,2,REG,2026_02_CAR_ATL,00-0035277,CAR,ATL,0,0,0,,0,0,0,0,0,0,0,0,0,20260925T013701Z
2026,2,REG,2026_02_WAS_DAL,00-0035279,WAS,DAL,0,0,0,,0,0,0,0,0,0,0,0,0,20260925T013701Z
2026,2,REG,2026_02_CAR_ATL,00-0035280,ATL,CAR,0,0,0,,0,0,0,0,0,0,0,0,0,20260925T013701Z
2026,2,REG,2026_02_PIT_NE,00-0035286,PIT,NE,0,0,0,,0,0,0,0,0,0,0,0,0,20260925T013701Z
2026,2,REG,2026_02_NO_BAL,00-0035316,NO,BAL,0,0,0,,0,0,0,0,0,0,0,0,0,20260925T013701Z
2026,2,REG,2026_02_MIN_CHI,00-0035357,CHI,MIN,0,0,0,,0,0,0,0,0,0,0,0,0,20260925T013701Z
2026,2,REG,2026_02_CLE_TB,00-0035358,TB,CLE,0,0,0,,0,0,0,0,0,0,0,0,0,20260925T013701Z
2026,2,REG,2026_02_CIN_HOU,00-0035363,CIN,HOU,0,0,0,,0,0,0,0,0,0,0,0,0,20260925T013701Z
2026,2,REG,2026_02_SEA_ARI,00-0035378,ARI,SEA,0,0,0,,0,0,0,0,0,0,0,0,0,20260925T013701Z
2026,2,REG,2026_02_MIN_CHI,00-0035386,CHI,MIN,0,0,0,,0,0,0,0,0,0,0,0,0,20260925T013701Z
2026,2,REG,2026_02_NO_BAL,00-0035402,NO,BAL,0,0,0,,0,0,0,0,0,0,0,0,0,20260925T013701Z
2026,2,REG,2026_02_JAX_DEN,00-0035406,DEN,JAX,0,0,0,,0,0,0,0,0,0,1,0,0,20260925T013701Z
2026,2,REG,2026_02_MIA_SF,00-0035413,SF,MIA,0,0,0,,0,0,0,0,0,0,0,0,0,20260925T013701Z
2026,2,REG,2026_02_DET_BUF,00-0035500,BUF,DET,0,0,0,,0,0,0,0,0,0,0,0,0,20260925T013701Z
2026,2,REG,2026_02_MIN_CHI,00-0035525,CHI,MIN,0,0,0,,0,0,0,0,0,0,0,0,0,20260925T013701Z
2026,2,REG,2026_02_DET_BUF,00-0035544,DET,BUF,0,0,0,,0,0,0,0,0,0,0,0,0,20260925T013701Z
2026,2,REG,2026_02_MIN_CHI,00-0035588,CHI,MIN,0,0,0,,0,0,0,0,0,0,0,0,0,20260925T013701Z
2026,2,REG,2026_02_PIT_NE,00-0035594,PIT,NE,2,16,0,8.0,1,0,2,16,0,0,0,0,0,20260925T013701Z
2026,2,REG,2026_02_GB_NYJ,00-0035617,NYJ,GB,0,0,0,,0,0,0,0,0,0,0,0,0,20260925T013701Z
2026,2,REG,2026_02_PHI_TEN,00-0035632,TEN,PHI,0,0,0,,0,0,0,0,0,0,0,0,0,20260925T013701Z
2026,2,REG,2026_02_SEA_ARI,00-0035636,ARI,SEA,0,0,0,,0,0,0,0,0,0,0,0,0,20260925T013701Z
2026,2,REG,2026_02_DET_BUF,00-0035637,DET,BUF,0,0,0,,0,0,0,0,0,0,0,0,0,20260925T013701Z
2026,2,REG,2026_02_PIT_NE,00-0035640,PIT,NE,4,27,0,6.75,1,0,0,0,0,4,9,27,0,20260925T013701Z
2026,2,REG,2026_02_JAX_DEN,00-0035642,JAX,DEN,0,0,0,,0,0,0,0,0,0,0,0,0,20260925T013701Z
2026,2,REG,2026_02_PHI_TEN,00-0035643,TEN,PHI,0,0,0,,0,0,0,0,0,0,0,0,0,20260925T013701Z
2026,2,REG,2026_02_NO_BAL,00-0035644,NO,BAL,0,0,0,,0,0,0,0,0,0,0,0,0,20260925T013701Z
2026,2,REG,2026_02_MIN_CHI,00-0035647,CHI,MIN,0,0,0,,0,0,0,0,0,0,0,0,0,20260925T013701Z
2026,2,REG,2026_02_WAS_DAL,00-0035659,WAS,DAL,2,50,0,25.0,2,0,0,0,0,2,9,50,0,20260925T013701Z
2026,2,REG,2026_02_PHI_TEN,00-0035662,PHI,TEN,2,12,0,6.0,0,0,2,12,0,0,0,0,0,20260925T013701Z
2026,2,REG,2026_02_DET_BUF,00-0035667,BUF,DET,0,0,0,,0,0,0,0,0,0,0,0,0,20260925T013701Z
2026,2,REG,2026_02_CAR_ATL,00-0035669,CAR,ATL,0,0,0,,0,0,0,0,0,0,0,0,0,20260925T013701Z
2026,2,REG,2026_02_PHI_TEN,00-0035672,TEN,PHI,0,0,0,,0,0,0,0,0,0,0,0,0,20260925T013701Z
2026,2,REG,2026_02_IND_KC,00-0035674,IND,KC,0,0,0,,0,0,0,0,0,0,0,0,0,20260925T013701Z
2026,2,REG,2026_02_PIT_NE,00-0035678,NE,PIT,0,0,0,,0,0,0,0,0,0,0,0,0,20260925T013701Z
2026,2,REG,2026_02_CLE_TB,00-0035680,CLE,TB,0,0,0,,0,0,0,0,0,0,0,0,0,20260925T013701Z
2026,2,REG,2026_02_CIN_HOU,00-0035683,CIN,HOU,0,0,0,,0,0,0,0,0,0,0,0,0,20260925T013701Z
2026,2,REG,2026_02_CIN_HOU,00-0035685,HOU,CIN,8,24,0,3.0,0,0,6,10,0,2,2,14,0,20260925T013701Z
2026,2,REG,2026_02_CAR_ATL,00-0035687,CAR,ATL,0,0,0,,0,0,0,0,0,0,0,0,0,20260925T013701Z
2026,2,REG,2026_02_DET_BUF,00-0035689,BUF,DET,2,5,1,2.5,2,0,0,0,0,2,2,5,1,20260925T013701Z
2026,2,REG,2026_02_MIA_SF,00-0035692,MIA,SF,0,0,0,,0,0,0,0,0,0,0,0,0,20260925T013701Z
2026,2,REG,2026_02_PIT_NE,00-0035699,PIT,NE,0,0,0,,0,0,0,0,0,0,0,0,0,20260925T013701Z
2026,2,REG,2026_02_CIN_HOU,00-0035702,CIN,HOU,0,0,0,,0,0,0,0,0,0,0,0,0,20260925T013701Z
2026,2,REG,2026_02_SEA_ARI,00-0035704,SEA,ARI,0,0,0,,0,0,0,0,0,0,0,0,0,20260925T013701Z
2026,2,REG,2026_02_WAS_DAL,00-0035705,DAL,WAS,0,0,0,,0,0,0,0,0,0,0,0,0,20260925T013701Z
2026,2,REG,2026_02_DET_BUF,00-0035707,DET,BUF,0,0,0,,0,0,0,0,0,0,0,0,0,20260925T013701Z
2026,2,REG,2026_02_IND_KC,00-0035710,IND,KC,3,10,0,3.3333,1,0,3,10,0,0,0,0,0,20260925T013701Z
2026,2,REG,2026_02_NYG_LA,00-0035713,NYG,LA,0,0,0,,0,0,0,0,0,0,0,0,0,20260925T013701Z
2026,2,REG,2026_02_MIA_SF,00-0035717,SF,MIA,0,0,0,,0,0,0,0,0,0,0,0,0,20260925T013701Z
2026,2,REG,2026_02_WAS_DAL,00-0035718,DAL,WAS,0,0,0,,0,0,0,0,0,0,0,0,0,20260925T013701Z
2026,2,REG,2026_02_MIA_SF,00-0035719,SF,MIA,4,35,0,8.75,1,0,1,4,0,3,4,31,0,20260925T013701Z
2026,2,REG,2026_02_JAX_DEN,00-0035763,DEN,JAX,0,0,0,,0,0,0,0,0,0,0,0,0,20260925T013701Z
2026,2,REG,2026_02_MIN_CHI,00-0035795,MIN,CHI,0,0,0,,0,0,0,0,0,0,0,0,0,20260925T013701Z
2026,2,REG,2026_02_MIA_SF,00-0035821,SF,MIA,0,0,0,,0,0,0,0,0,0,0,0,0,20260925T013701Z
2026,2,REG,2026_02_JAX_DEN,00-0035827,JAX,DEN,0,0,0,,0,0,0,0,0,0,0,0,0,20260925T013701Z
2026,2,REG,2026_02_SEA_ARI,00-0035859,ARI,SEA,0,0,0,,0,0,0,0,0,0,0,0,0,20260925T013701Z
2026,2,REG,2026_02_PHI_TEN,00-0035889,TEN,PHI,0,0,0,,0,0,0,0,0,0,0,0,0,20260925T013701Z
2026,2,REG,2026_02_LV_LAC,00-0035891,LV,LAC,2,24,2,12.0,2,0,0,0,0,2,2,24,2,20260925T013701Z
2026,2,REG,2026_02_IND_KC,00-0035900,KC,IND,0,0,0,,0,0,0,0,0,0,0,0,0,20260925T013701Z
2026,2,REG,2026_02_DET_BUF,00-0035933,BUF,DET,0,0,0,,0,0,0,0,0,0,0,0,0,20260925T013701Z
2026,2,REG,2026_02_DET_BUF,00-0036037,BUF,DET,0,0,0,,0,0,0,0,0,0,0,0,0,20260925T013701Z
2026,2,REG,2026_02_NO_BAL,00-0036040,NO,BAL,4,66,0,16.5,2,0,0,0,0,4,4,66,0,20260925T013701Z
2026,2,REG,2026_02_NO_BAL,00-0036081,BAL,NO,0,0,0,,0,0,0,0,0,0,0,0,0,20260925T013701Z
2026,2,REG,2026_02_DET_BUF,00-0036124,DET,BUF,0,0,0,,0,0,0,0,0,0,0,0,0,20260925T013701Z
2026,2,REG,2026_02_CLE_TB,00-0036132,TB,CLE,0,0,0,,0,0,0,0,0,0,0,0,0,20260925T013701Z
2026,2,REG,2026_02_PIT_NE,00-0036139,PIT,NE,9,44,0,4.8889,3,0,7,22,0,2,2,22,0,20260925T013701Z
2026,2,REG,2026_02_JAX_DEN,00-0036158,DEN,JAX,10,36,0,3.6,1,0,10,36,0,0,0,0,0,20260925T013701Z
2026,2,REG,2026_02_MIA_SF,00-0036159,MIA,SF,0,0,0,,0,0,0,0,0,0,0,0,0,20260925T013701Z
2026,2,REG,2026_02_DET_BUF,00-0036162,BUF,DET,0,0,0,,0,0,0,0,0,0,0,0,0,20260925T013701Z
2026,2,REG,2026_02_MIA_SF,00-0036171,MIA,SF,0,0,0,,0,0,0,0,0,0,0,0,0,20260925T013701Z
2026,2,REG,2026_02_LV_LAC,00-0036181,LAC,LV,0,0,0,,0,0,0,0,0,0,0,0,0,20260925T013701Z
2026,2,REG,2026_02_PIT_NE,00-0036187,NE,PIT,1,4,0,4.0,0,0,0,0,0,1,2,4,0,20260925T013701Z
2026,2,REG,2026_02_NO_BAL,00-0036193,NO,BAL,0,0,0,,0,0,0,0,0,0,0,0,0,20260925T013701Z
2026,2,REG,2026_02_CAR_ATL,00-0036204,ATL,CAR,0,0,0,,0,0,0,0,0,0,0,0,0,20260925T013701Z
2026,2,REG,2026_02_CAR_ATL,00-0036220,CAR,ATL,0,0,0,,0,0,0,0,0,0,0,0,0,20260925T013701Z
2026,2,REG,2026_02_JAX_DEN,00-0036221,DEN,JAX,0,0,0,,0,0,0,0,0,0,0,0,0,20260925T013701Z
2026,2,REG,2026_02_MIN_CHI,00-0036222,MIN,CHI,0,0,0,,0,0,0,0,0,0,0,0,0,20260925T013701Z
2026,2,REG,2026_02_IND_KC,00-0036223,IND,KC,28,132,2,4.7143,9,0,24,92,2,4,4,40,0,20260925T013701Z
2026,2,REG,2026_02_CIN_HOU,00-0036231,CIN,HOU,0,0,0,,0,0,0,0,0,0,0,0,0,20260925T013701Z
2026,2,REG,2026_02_NYG_LA,00-0036244,LA,NYG,2,15,0,7.5,1,0,0,0,0,2,2,15,0,20260925T013701Z
2026,2,REG,2026_02_NYG_LA,00-0036246,NYG,LA,0,0,0,,0,0,0,0,0,0,0,0,0,20260925T013701Z
2026,2,REG,2026_02_MIA_SF,00-0036248,MIA,SF,0,0,0,,0,0,0,0,0,0,0,0,0,20260925T013701Z
2026,2,REG,2026_02_NO_BAL,00-0036253,NO,BAL,0,0,0,,0,0,0,0,0,0,0,0,0,20260925T013701Z
2026,2,REG,2026_02_WAS_DAL,00-0036260,WAS,DAL,0,0,0,,0,0,0,0,0,0,0,0,0,20260925T013701Z
2026,2,REG,2026_02_JAX_DEN,00-0036262,JAX,DEN,0,0,0,,0,0,0,0,0,0,0,0,0,20260925T013701Z
2026,2,REG,2026_02_GB_NYJ,00-0036264,GB,NYJ,0,0,0,,0,0,0,0,0,0,0,0,0,20260925T013701Z
2026,2,REG,2026_02_CAR_ATL,00-0036265,CAR,ATL,3,-3,0,-1.0,0,0,3,-3,0,0,0,0,0,20260925T013701Z
2026,2,REG,2026_02_PHI_TEN,00-0036266,TEN,PHI,0,0,0,,0,0,0,0,0,0,0,0,0,20260925T013701Z
2026,2,REG,2026_02_MIN_CHI,00-0036275,CHI,MIN,21,99,0,4.7143,5,1,16,45,0,5,5,54,0,20260925T013701Z
2026,2,REG,2026_02_CAR_ATL,00-0036281,ATL,CAR,0,0,0,,0,0,0,0,0,0,0,0,0,20260925T013701Z
2026,2,REG,2026_02_CLE_TB,00-0036282,CLE,TB,0,0,0,,0,0,0,0,0,0,0,0,0,20260925T013701Z
2026,2,REG,2026_02_CAR_ATL,00-0036285,ATL,CAR,0,0,0,,0,0,0,0,0,0,0,0,0,20260925T013701Z
2026,2,REG,2026_02_WAS_DAL,00-0036286,WAS,DAL,0,0,0,,0,0,0,0,0,0,0,0,0,20260925T013701Z
2026,2,REG,2026_02_CLE_TB,00-0036287,CLE,TB,0,0,0,,0,0,0,0,0,0,0,0,0,20260925T013701Z
2026,2,REG,2026_02_MIN_CHI,00-0036290,CHI,MIN,0,0,0,,0,0,0,0,0,0,1,0,0,20260925T013701Z
2026,2,REG,2026_02_MIN_CHI,00-0036292,CHI,MIN,0,0,0,,0,0,0,0,0,0,0,0,0,20260925T013701Z
2026,2,REG,2026_02_LV_LAC,00-0036293,LV,LAC,0,0,0,,0,0,0,0,0,0,0,0,0,20260925T013701Z
2026,2,REG,2026_02_IND_KC,00-0036298,IND,KC,0,0,0,,0,0,0,0,0,0,0,0,0,20260925T013701Z
2026,2,REG,2026_02_NO_BAL,00-0036302,BAL,NO,0,0,0,,0,0,0,0,0,0,0,0,0,20260925T013701Z
2026,2,REG,2026_02_CAR_ATL,00-0036305,CAR,ATL,0,0,0,,0,0,0,0,0,0,0,0,0,20260925T013701Z
2026,2,REG,2026_02_NYG_LA,00-0036309,NYG,LA,2,48,0,24.0,2,0,0,0,0,2,3,48,0,20260925T013701Z
2026,2,REG,2026_02_PHI_TEN,00-0036313,PHI,TEN,0,0,0,,0,0,0,0,0,0,0,0,0,20260925T013701Z
2026,2,REG,2026_02_NO_BAL,00-0036321,NO,BAL,0,0,0,,0,0,0,0,0,0,0,0,0,20260925T013701Z
2026,2,REG,2026_02_MIN_CHI,00-0036322,MIN,CHI,3,55,0,18.3333,2,0,0,0,0,3,6,55,0,20260925T013701Z
2026,2,REG,2026_02_PIT_NE,00-0036323,PIT,NE,0,0,0,,0,0,0,0,0,0,0,0,0,20260925T013701Z
2026,2,REG,2026_02_CAR_ATL,00-0036325,CAR,ATL,0,0,0,,0,0,0,0,0,0,0,0,0,20260925T013701Z
2026,2,REG,2026_02_MIA_SF,00-0036329,SF,MIA,0,0,0,,0,0,0,0,0,0,0,0,0,20260925T013701Z
2026,2,REG,2026_02_SEA_ARI,00-0036331,ARI,SEA,0,0,0,,0,0,0,0,0,0,0,0,0,20260925T013701Z
2026,2,REG,2026_02_PIT_NE,00-0036333,PIT,NE,0,0,0,,0,0,0,0,0,0,0,0,0,20260925T013701Z
2026,2,REG,2026_02_DET_BUF,00-0036335,DET,BUF,0,0,0,,0,0,0,0,0,0,0,0,0,20260925T013701Z
2026,2,REG,2026_02_MIN_CHI,00-0036337,CHI,MIN,0,0,0,,0,0,0,0,0,0,0,0,0,20260925T013701Z
2026,2,REG,2026_02_LV_LAC,00-0036338,LAC,LV,0,0,0,,0,0,0,0,0,0,0,0,0,20260925T013701Z
2026,2,REG,2026_02_MIA_SF,00-0036341,SF,MIA,0,0,0,,0,0,0,0,0,0,0,0,0,20260925T013701Z
2026,2,REG,2026_02_MIN_CHI,00-0036348,MIN,CHI,0,0,0,,0,0,0,0,0,0,0,0,0,20260925T013701Z
2026,2,REG,2026_02_NYG_LA,00-0036349,LA,NYG,0,0,0,,0,0,0,0,0,0,0,0,0,20260925T013701Z
2026,2,REG,2026_02_LV_LAC,00-0036355,LAC,LV,3,2,0,0.6667,0,1,3,2,0,0,0,0,0,20260925T013701Z
2026,2,REG,2026_02_WAS_DAL,00-0036358,DAL,WAS,8,153,2,19.125,7,0,0,0,0,8,9,153,2,20260925T013701Z
2026,2,REG,2026_02_MIA_SF,00-0036362,MIA,SF,0,0,0,,0,0,0,0,0,0,0,0,0,20260925T013701Z
2026,2,REG,2026_02_MIN_CHI,00-0036366,CHI,MIN,0,0,0,,0,0,0,0,0,0,0,0,0,20260925T013701Z
2026,2,REG,2026_02_IND_KC,00-0036374,KC,IND,0,0,0,,0,0,0,0,0,0,0,0,0,20260925T013701Z
2026,2,REG,2026_02_WAS_DAL,00-0036375,WAS,DAL,0,0,0,,0,0,0,0,0,0,0,0,0,20260925T013701Z
2026,2,REG,2026_02_DET_BUF,00-0036378,BUF,DET,0,0,0,,0,0,0,0,0,0,0,0,0,20260925T013701Z
2026,2,REG,2026_02_IND_KC,00-0036380,KC,IND,0,0,0,,0,0,0,0,0,0,0,0,0,20260925T013701Z
2026,2,REG,2026_02_GB_NYJ,00-0036388,GB,NYJ,0,0,0,,0,0,0,0,0,0,0,0,0,20260925T013701Z
2026,2,REG,2026_02_PHI_TEN,00-0036389,PHI,TEN,5,16,0,3.2,2,0,5,16,0,0,0,0,0,20260925T013701Z
2026,2,REG,2026_02_CLE_TB,00-0036407,CLE,TB,0,0,0,,0,0,0,0,0,0,1,0,0,20260925T013701Z
2026,2,REG,2026_02_MIA_SF,00-0036409,MIA,SF,0,0,0,,0,0,0,0,0,0,0,0,0,20260925T013701Z
2026,2,REG,2026_02_CIN_HOU,00-0036410,CIN,HOU,5,95,0,19.0,5,0,0,0,0,5,10,95,0,20260925T013701Z
2026,2,REG,2026_02_CLE_TB,00-0036411,TB,CLE,0,0,0,,0,0,0,0,0,0,0,0,0,20260925T013701Z
2026,2,REG,2026_02_IND_KC,00-0036416,KC,IND,0,0,0,,0,0,0,0,0,0,0,0,0,20260925T013701Z
2026,2,REG,2026_02_PHI_TEN,00-0036418,PHI,TEN,0,0,0,,0,0,0,0,0,0,0,0,0,20260925T013701Z
2026,2,REG,2026_02_PHI_TEN,00-0036421,TEN,PHI,0,0,0,,0,0,0,0,0,0,0,0,0,20260925T013701Z
2026,2,REG,2026_02_MIN_CHI,00-0036425,MIN,CHI,3,20,0,6.6667,0,0,2,8,0,1,1,12,0,20260925T013701Z
2026,2,REG,2026_02_JAX_DEN,00-0036428,DEN,JAX,0,0,0,,0,0,0,0,0,0,0,0,0,20260925T013701Z
2026,2,REG,2026_02_CAR_ATL,00-0036429,ATL,CAR,0,0,0,,0,0,0,0,0,0,1,0,0,20260925T013701Z
2026,2,REG,2026_02_CIN_HOU,00-0036442,CIN,HOU,1,-1,0,-1.0,0,0,1,-1,0,0,0,0,0,20260925T013701Z
2026,2,REG,2026_02_CAR_ATL,00-0036463,ATL,CAR,1,6,0,6.0,0,0,0,0,0,1,3,6,0,20260925T013701Z
2026,2,REG,2026_02_LV_LAC,00-0036479,LV,LAC,0,0,0,,0,0,0,0,0,0,0,0,0,20260925T013701Z
2026,2,REG,2026_02_MIN_CHI,00-0036480,CHI,MIN,0,0,0,,0,0,0,0,0,0,0,0,0,20260925T013701Z
2026,2,REG,2026_02_GB_NYJ,00-0036500,NYJ,GB,0,0,0,,0,0,0,0,0,0,0,0,0,20260925T013701Z
2026,2,REG,2026_02_NO_BAL,00-0036550,BAL,NO,7,88,1,12.5714,3,0,0,0,0,7,9,88,1,20260925T013701Z
2026,2,REG,2026_02_CAR_ATL,00-0036555,CAR,ATL,14,64,1,4.5714,5,0,12,53,0,2,2,11,1,20260925T013701Z
2026,2,REG,2026_02_IND_KC,00-0036557,KC,IND,0,0,0,,0,0,0,0,0,0,0,0,0,20260925T013701Z
2026,2,REG,2026_02_MIA_SF,00-0036563,SF,MIA,0,0,0,,0,0,0,0,0,0,0,0,0,20260925T013701Z
2026,2,REG,2026_02_JAX_DEN,00-0036564,DEN,JAX,0,0,0,,0,0,0,0,0,0,0,0,0,20260925T013701Z
2026,2,REG,2026_02_SEA_ARI,00-0036568,ARI,SEA,0,0,0,,0,0,0,0,0,0,0,0,0,20260925T013701Z
2026,2,REG,2026_02_NYG_LA,00-0036587,NYG,LA,0,0,0,,0,0,0,0,0,0,0,0,0,20260925T013701Z
2026,2,REG,2026_02_JAX_DEN,00-0036590,JAX,DEN,1,7,0,7.0,0,0,0,0,0,1,1,7,0,20260925T013701Z
2026,2,REG,2026_02_JAX_DEN,00-0036613,DEN,JAX,8,138,0,17.25,6,0,0,0,0,8,10,138,0,20260925T013701Z
2026,2,REG,2026_02_PIT_NE,00-0036617,PIT,NE,0,0,0,,0,0,0,0,0,0,0,0,0,20260925T013701Z
2026,2,REG,2026_02_IND_KC,00-0036621,KC,IND,0,0,0,,0,0,0,0,0,0,0,0,0,20260925T013701Z
2026,2,REG,2026_02_DET_BUF,00-0036624,DET,BUF,0,0,0,,0,0,0,0,0,0,0,0,0,20260925T013701Z
2026,2,REG,2026_02_WAS_DAL,00-0036626,WAS,DAL,4,21,0,5.25,2,1,0,0,0,4,6,21,0,20260925T013701Z
2026,2,REG,2026_02_IND_KC,00-0036629,IND,KC,0,0,0,,0,0,0,0,0,0,0,0,0,20260925T013701Z
2026,2,REG,2026_02_IND_KC,00-0036637,KC,IND,0,0,0,,0,0,0,0,0,0,1,0,0,20260925T013701Z
2026,2,REG,2026_02_CIN_HOU,00-0036642,CIN,HOU,0,0,0,,0,0,0,0,0,0,0,0,0,20260925T013701Z
2026,2,REG,2026_02_GB_NYJ,00-0036648,GB,NYJ,0,0,0,,0,0,0,0,0,0,0,0,0,20260925T013701Z
2026,2,REG,2026_02_GB_NYJ,00-0036658,GB,NYJ,0,0,0,,0,0,0,0,0,0,0,0,0,20260925T013701Z
2026,2,REG,2026_02_MIA_SF,00-0036677,MIA,SF,0,0,0,,0,0,0,0,0,0,0,0,0,20260925T013701Z
2026,2,REG,2026_02_MIA_SF,00-0036682,MIA,SF,0,0,0,,0,0,0,0,0,0,0,0,0,20260925T013701Z
2026,2,REG,2026_02_JAX_DEN,00-0036683,DEN,JAX,0,0,0,,0,0,0,0,0,0,0,0,0,20260925T013701Z
2026,2,REG,2026_02_JAX_DEN,00-0036727,DEN,JAX,1,2,0,2.0,0,0,0,0,0,1,1,2,0,20260925T013701Z
2026,2,REG,2026_02_WAS_DAL,00-0036728,DAL,WAS,0,0,0,,0,0,0,0,0,0,0,0,0,20260925T013701Z
2026,2,REG,2026_02_LV_LAC,00-0036736,LAC,LV,0,0,0,,0,0,0,0,0,0,0,0,0,20260925T013701Z
2026,2,REG,2026_02_DET_BUF,00-0036754,DET,BUF,0,0,0,,0,0,0,0,0,0,0,0,0,20260925T013701Z
2026,2,REG,2026_02_PIT_NE,00-0036813,NE,PIT,0,0,0,,0,0,0,0,0,0,0,0,0,20260925T013701Z
2026,2,REG,2026_02_MIA_SF,00-0036816,MIA,SF,0,0,0,,0,0,0,0,0,0,0,0,0,20260925T013701Z
2026,2,REG,2026_02_CAR_ATL,00-0036825,CAR,ATL,0,0,0,,0,0,0,0,0,0,0,0,0,20260925T013701Z
2026,2,REG,2026_02_MIA_SF,00-0036844,SF,MIA,0,0,0,,0,0,0,0,0,0,0,0,0,20260925T013701Z
2026,2,REG,2026_02_NYG_LA,00-0036849,LA,NYG,1,19,0,19.0,1,0,0,0,0,1,2,19,0,20260925T013701Z
2026,2,REG,2026_02_CIN_HOU,00-0036854,CIN,HOU,0,0,0,,0,0,0,0,0,0,0,0,0,20260925T013701Z
2026,2,REG,2026_02_PIT_NE,00-0036862,PIT,NE,1,2,0,2.0,0,0,0,0,0,1,1,2,0,20260925T013701Z
2026,2,REG,2026_02_NO_BAL,00-0036867,NO,BAL,0,0,0,,0,0,0,0,0,0,0,0,0,20260925T013701Z
2026,2,REG,2026_02_JAX_DEN,00-0036874,DEN,JAX,0,0,0,,0,0,0,0,0,0,0,0,0,20260925T013701Z
2026,2,REG,2026_02_PIT_NE,00-0036875,NE,PIT,7,46,0,6.5714,3,1,6,43,0,1,2,3,0,20260925T013701Z
2026,2,REG,2026_02_CIN_HOU,00-0036883,HOU,CIN,0,0,0,,0,0,0,0,0,0,0,0,0,20260925T013701Z
2026,2,REG,2026_02_MIA_SF,00-0036887,SF,MIA,0,0,0,,0,0,0,0,0,0,0,0,0,20260925T013701Z
2026,2,REG,2026_02_DET_BUF,00-0036888,BUF,DET,0,0,0,,0,0,0,0,0,0,0,0,0,20260925T013701Z
2026,2,REG,2026_02_NYG_LA,00-0036893,NYG,LA,4,6,0,1.5,0,0,4,6,0,0,0,0,0,20260925T013701Z
2026,2,REG,2026_02_PIT_NE,00-0036894,PIT,NE,5,34,0,6.8,2,0,1,2,0,4,5,32,0,20260925T013701Z
2026,2,REG,2026_02_CIN_HOU,00-0036900,CIN,HOU,7,75,2,10.7143,3,0,0,0,0,7,9,75,2,20260925T013701Z
2026,2,REG,2026_02_LV_LAC,00-0036901,LV,LAC,0,0,0,,0,0,0,0,0,0,0,0,0,20260925T013701Z
2026,2,REG,2026_02_DET_BUF,00-0036905,DET,BUF,0,0,0,,0,0,0,0,0,0,0,0,0,20260925T013701Z
2026,2,REG,2026_02_IND_KC,00-0036909,KC,IND,1,3,0,3.0,1,0,1,3,0,0,0,0,0,20260925T013701Z
2026,2,REG,2026_02_PHI_TEN,00-0036912,PHI,TEN,10,117,1,11.7,7,0,0,0,0,10,13,117,1,20260925T013701Z
2026,2,REG,2026_02_DET_BUF,00-0036914,BUF,DET,0,0,0,,0,0,0,0,0,0,0,0,0,20260925T013701Z
2026,2,REG,2026_02_PIT_NE,00-0036916,NE,PIT,0,0,0,,0,0,0,0,0,0,0,0,0,20260925T013701Z
2026,2,REG,2026_02_CLE_TB,00-0036919,TB,CLE,5,15,0,3.0,2,0,2,10,0,3,4,5,0,20260925T013701Z
2026,2,REG,2026_02_NO_BAL,00-0036927,NO,BAL,0,0,0,,0,0,0,0,0,0,0,0,0,20260925T013701Z
2026,2,REG,2026_02_SEA_ARI,00-0036933,ARI,SEA,0,0,0,,0,0,0,0,0,0,0,0,0,20260925T013701Z
2026,2,REG,2026_02_CAR_ATL,00-0036934,CAR,ATL,0,0,0,,0,0,0,0,0,0,0,0,0,20260925T013701Z
2026,2,REG,2026_02_WAS_DAL,00-0036940,WAS,DAL,0,0,0,,0,0,0,0,0,0,0,0,0,20260925T013701Z
2026,2,REG,2026_02_GB_NYJ,00-0036941,NYJ,GB,0,0,0,,0,0,0,0,0,0,0,0,0,20260925T013701Z
2026,2,REG,2026_02_MIA_SF,00-0036942,SF,MIA,0,0,0,,0,0,0,0,0,0,0,0,0,20260925T013701Z
2026,2,REG,2026_02_CAR_ATL,00-0036944,CAR,ATL,0,0,0,,0,0,0,0,0,0,0,0,0,20260925T013701Z
2026,2,REG,2026_02_CAR_ATL,00-0036962,CAR,ATL,0,0,0,,0,0,0,0,0,0,0,0,0,20260925T013701Z
2026,2,REG,2026_02_DET_BUF,00-0036963,DET,BUF,9,142,2,15.7778,7,0,0,0,0,9,13,142,2,20260925T013701Z
2026,2,REG,2026_02_DET_BUF,00-0036964,DET,BUF,0,0,0,,0,0,0,0,0,0,0,0,0,20260925T013701Z
2026,2,REG,2026_02_CAR_ATL,00-0036970,ATL,CAR,1,15,0,15.0,1,0,0,0,0,1,3,15,0,20260925T013701Z
2026,2,REG,2026_02_JAX_DEN,00-0036971,JAX,DEN,2,6,0,3.0,1,0,2,6,0,0,0,0,0,20260925T013701Z
2026,2,REG,2026_02_MIA_SF,00-0036972,SF,MIA,2,-2,0,-1.0,0,0,2,-2,0,0,0,0,0,20260925T013701Z
2026,2,REG,2026_02_NO_BAL,00-0036973,NO,BAL,10,31,0,3.1,1,0,8,25,0,2,2,6,0,20260925T013701Z
2026,2,REG,2026_02_CLE_TB,00-0036974,CLE,TB,0,0,0,,0,0,0,0,0,0,0,0,0,20260925T013701Z
2026,2,REG,2026_02_DET_BUF,00-0036976,BUF,DET,0,0,0,,0,0,0,0,0,0,0,0,0,20260925T013701Z
2026,2,REG,2026_02_PIT_NE,00-0036981,NE,PIT,0,0,0,,0,0,0,0,0,0,0,0,0,20260925T013701Z
2026,2,REG,2026_02_NYG_LA,00-0036982,NYG,LA,0,0,0,,0,0,0,0,0,0,0,0,0,20260925T013701Z
2026,2,REG,2026_02_JAX_DEN,00-0036985,JAX,DEN,0,0,0,,0,0,0,0,0,0,0,0,0,20260925T013701Z
2026,2,REG,2026_02_GB_NYJ,00-0036987,NYJ,GB,0,0,0,,0,0,0,0,0,0,0,0,0,20260925T013701Z
2026,2,REG,2026_02_DET_BUF,00-0036988,BUF,DET,1,43,1,43.0,1,0,0,0,0,1,3,43,1,20260925T013701Z
2026,2,REG,2026_02_LV_LAC,00-0036989,LV,LAC,0,0,0,,0,0,0,0,0,0,0,0,0,20260925T013701Z
2026,2,REG,2026_02_CAR_ATL,00-0036990,ATL,CAR,0,0,0,,0,0,0,0,0,0,0,0,0,20260925T013701Z
2026,2,REG,2026_02_SEA_ARI,00-0036994,SEA,ARI,0,0,0,,0,0,0,0,0,0,0,0,0,20260925T013701Z
2026,2,REG,2026_02_SEA_ARI,00-0036995,ARI,SEA,0,0,0,,0,0,0,0,0,0,0,0,0,20260925T013701Z
2026,2,REG,2026_02_NYG_LA,00-0036996,NYG,LA,0,0,0,,0,0,0,0,0,0,0,0,0,20260925T013701Z
2026,2,REG,2026_02_WAS_DAL,00-0036997,DAL,WAS,15,50,0,3.3333,0,0,12,30,0,3,4,20,0,20260925T013701Z
2026,2,REG,2026_02_NYG_LA,00-0036998,NYG,LA,0,0,0,,0,0,0,0,0,0,0,0,0,20260925T013701Z
2026,2,REG,2026_02_SEA_ARI,00-0037003,SEA,ARI,0,0,0,,0,0,0,0,0,0,0,0,0,20260925T013701Z
2026,2,REG,2026_02_SEA_ARI,00-0037004,ARI,SEA,0,0,0,,0,0,0,0,0,0,0,0,0,20260925T013701Z
2026,2,REG,2026_02_CAR_ATL,00-0037005,CAR,ATL,1,4,0,4.0,0,1,0,0,0,1,2,4,0,20260925T013701Z
2026,2,REG,2026_02_LV_LAC,00-0037009,LAC,LV,0,0,0,,0,0,0,0,0,0,0,0,0,20260925T013701Z
2026,2,REG,2026_02_DET_BUF,00-0037034,BUF,DET,0,0,0,,0,0,0,0,0,0,0,0,0,20260925T013701Z
2026,2,REG,2026_02_PHI_TEN,00-0037073,PHI,TEN,0,0,0,,0,0,0,0,0,0,0,0,0,20260925T013701Z
2026,2,REG,2026_02_LV_LAC,00-0037074,LV,LAC,0,0,0,,0,0,0,0,0,0,0,0,0,20260925T013701Z
2026,2,REG,2026_02_GB_NYJ,00-0037075,GB,NYJ,0,0,0,,0,0,0,0,0,0,0,0,0,20260925T013701Z
2026,2,REG,2026_02_PHI_TEN,00-0037079,PHI,TEN,0,0,0,,0,0,0,0,0,0,0,0,0,20260925T013701Z
2026,2,REG,2026_02_MIN_CHI,00-0037081,CHI,MIN,0,0,0,,0,0,0,0,0,0,0,0,0,20260925T013701Z
2026,2,REG,2026_02_GB_NYJ,00-0037083,NYJ,GB,0,0,0,,0,0,0,0,0,0,0,0,0,20260925T013701Z
2026,2,REG,2026_02_JAX_DEN,00-0037085,DEN,JAX,3,29,0,9.6667,1,0,1,1,0,2,3,28,0,20260925T013701Z
2026,2,REG,2026_02_GB_NYJ,00-0037091,GB,NYJ,0,0,0,,0,0,0,0,0,0,1,0,0,20260925T013701Z
2026,2,REG,2026_02_LV_LAC,00-0037093,LV,LAC,1,27,0,27.0,1,0,0,0,0,1,1,27,0,20260925T013701Z
2026,2,REG,2026_02_MIN_CHI,00-0037096,CHI,MIN,0,0,0,,0,0,0,0,0,0,0,0,0,20260925T013701Z
2026,2,REG,2026_02_MIN_CHI,00-0037109,CHI,MIN,0,0,0,,0,0,0,0,0,0,0,0,0,20260925T013701Z
2026,2,REG,2026_02_CIN_HOU,00-0037130,HOU,CIN,0,0,0,,0,0,0,0,0,0,0,0,0,20260925T013701Z
2026,2,REG,2026_02_PHI_TEN,00-0037132,PHI,TEN,0,0,0,,0,0,0,0,0,0,0,0,0,20260925T013701Z
2026,2,REG,2026_02_SEA_ARI,00-0037137,SEA,ARI,0,0,0,,0,0,0,0,0,0,0,0,0,20260925T013701Z
2026,2,REG,2026_02_SEA_ARI,00-0037157,ARI,SEA,2,24,0,12.0,1,0,2,24,0,0,0,0,0,20260925T013701Z
2026,2,REG,2026_02_CAR_ATL,00-0037179,CAR,ATL,0,0,0,,0,0,0,0,0,0,0,0,0,20260925T013701Z
2026,2,REG,2026_02_IND_KC,00-0037190,IND,KC,0,0,0,,0,0,0,0,0,0,0,0,0,20260925T013701Z
2026,2,REG,2026_02_NYG_LA,00-0037191,LA,NYG,0,0,0,,0,0,0,0,0,0,0,0,0,20260925T013701Z
2026,2,REG,2026_02_IND_KC,00-0037192,KC,IND,0,0,0,,0,0,0,0,0,0,0,0,0,20260925T013701Z
2026,2,REG,2026_02_CIN_HOU,00-0037193,CIN,HOU,0,0,0,,0,0,0,0,0,0,0,0,0,20260925T013701Z
2026,2,REG,2026_02_NYG_LA,00-0037195,LA,NYG,0,0,0,,0,0,0,0,0,0,0,0,0,20260925T013701Z
2026,2,REG,2026_02_CAR_ATL,00-0037196,CAR,ATL,0,0,0,,0,0,0,0,0,0,0,0,0,20260925T013701Z
2026,2,REG,2026_02_IND_KC,00-0037208,KC,IND,0,0,0,,0,0,0,0,0,0,0,0,0,20260925T013701Z
2026,2,REG,2026_02_LV_LAC,00-0037224,LAC,LV,0,0,0,,0,0,0,0,0,0,0,0,0,20260925T013701Z
2026,2,REG,2026_02_PIT_NE,00-0037228,PIT,NE,13,77,0,5.9231,2,0,11,43,0,2,4,34,0,20260925T013701Z
2026,2,REG,2026_02_NO_BAL,00-0037231,NO,BAL,1,7,0,7.0,0,0,0,0,0,1,1,7,0,20260925T013701Z
2026,2,REG,2026_02_JAX_DEN,00-0037235,JAX,DEN,0,0,0,,0,0,0,0,0,0,0,0,0,20260925T013701Z
2026,2,REG,2026_02_DET_BUF,00-0037236,DET,BUF,0,0,0,,0,0,0,0,0,0,0,0,0,20260925T013701Z
2026,2,REG,2026_02_CIN_HOU,00-0037237,HOU,CIN,0,0,0,,0,0,0,0,0,0,0,0,0,20260925T013701Z
2026,2,REG,2026_02_CAR_ATL,00-0037238,ATL,CAR,5,49,0,9.8,4,0,1,-2,0,4,5,51,0,20260925T013701Z
2026,2,REG,2026_02_NO_BAL,00-0037239,NO,BAL,8,86,1,10.75,6,0,0,0,0,8,10,86,1,20260925T013701Z
2026,2,REG,2026_02_DET_BUF,00-0037240,DET,BUF,2,33,0,16.5,2,0,0,0,0,2,4,33,0,20260925T013701Z
2026,2,REG,2026_02_CAR_ATL,00-0037244,CAR,ATL,0,0,0,,0,0,0,0,0,0,0,0,0,20260925T013701Z
2026,2,REG,2026_02_CIN_HOU,00-0037246,HOU,CIN,0,0,0,,0,0,0,0,0,0,0,0,0,20260925T013701Z
2026,2,REG,2026_02_WAS_DAL,00-0037247,DAL,WAS,6,40,0,6.6667,4,0,0,0,0,6,8,40,0,20260925T013701Z
2026,2,REG,2026_02_DET_BUF,00-0037248,BUF,DET,22,139,1,6.3182,7,0,21,135,1,1,3,4,0,20260925T013701Z
2026,2,REG,2026_02_JAX_DEN,00-0037249,DEN,JAX,0,0,0,,0,0,0,0,0,0,0,0,0,20260925T013701Z
2026,2,REG,2026_02_NO_BAL,00-0037250,NO,BAL,0,0,0,,0,0,0,0,0,0,0,0,0,20260925T013701Z
2026,2,REG,2026_02_MIA_SF,00-0037252,MIA,SF,2,17,0,8.5,1,0,0,0,0,2,3,17,0,20260925T013701Z
2026,2,REG,2026_02_PIT_NE,00-0037253,NE,PIT,0,0,0,,0,0,0,0,0,0,0,0,0,20260925T013701Z
2026,2,REG,2026_02_DET_BUF,00-0037254,BUF,DET,0,0,0,,0,0,0,0,0,0,0,0,0,20260925T013701Z
2026,2,REG,2026_02_WAS_DAL,00-0037256,WAS,DAL,13,83,0,6.3846,5,0,7,43,0,6,6,40,0,20260925T013701Z
2026,2,REG,2026_02_DET_BUF,00-0037261,BUF,DET,3,38,0,12.6667,2,0,0,0,0,3,6,38,0,20260925T013701Z
2026,2,REG,2026_02_LV_LAC,00-0037262,LV,LAC,0,0,0,,0,0,0,0,0,0,0,0,0,20260925T013701Z
2026,2,REG,2026_02_SEA_ARI,00-0037263,ARI,SEA,7,19,0,2.7143,2,0,5,10,0,2,2,9,0,20260925T013701Z
2026,2,REG,2026_02_CLE_TB,00-0037268,TB,CLE,0,0,0,,0,0,0,0,0,0,0,0,0,20260925T013701Z
2026,2,REG,2026_02_WAS_DAL,00-0037270,DAL,WAS,0,0,0,,0,0,0,0,0,0,0,0,0,20260925T013701Z
2026,2,REG,2026_02_MIN_CHI,00-0037271,CHI,MIN,0,0,0,,0,0,0,0,0,0,0,0,0,20260925T013701Z
2026,2,REG,2026_02_WAS_DAL,00-0037275,DAL,WAS,0,0,0,,0,0,0,0,0,0,0,0,0,20260925T013701Z
2026,2,REG,2026_02_IND_KC,00-0037284,KC,IND,0,0,0,,0,0,0,0,0,0,0,0,0,20260925T013701Z
2026,2,REG,2026_02_MIA_SF,00-0037287,SF,MIA,0,0,0,,0,0,0,0,0,0,0,0,0,20260925T013701Z
2026,2,REG,2026_02_DET_BUF,00-0037288,BUF,DET,0,0,0,,0,0,0,0,0,0,0,0,0,20260925T013701Z
2026,2,REG,2026_02_DET_BUF,00-0037289,DET,BUF,0,0,0,,0,0,0,0,0,0,0,0,0,20260925T013701Z
2026,2,REG,2026_02_LV_LAC,00-0037291,LV,LAC,1,9,0,9.0,1,0,0,0,0,1,3,9,0,20260925T013701Z
2026,2,REG,2026_02_IND_KC,00-0037292,IND,KC,0,0,0,,0,0,0,0,0,0,1,0,0,20260925T013701Z
2026,2,REG,2026_02_MIN_CHI,00-0037301,MIN,CHI,0,0,0,,0,0,0,0,0,0,0,0,0,20260925T013701Z
2026,2,REG,2026_02_LV_LAC,00-0037304,LV,LAC,1,1,0,1.0,1,0,1,1,0,0,0,0,0,20260925T013701Z
2026,2,REG,2026_02_JAX_DEN,00-0037313,JAX,DEN,0,0,0,,0,0,0,0,0,0,0,0,0,20260925T013701Z
2026,2,REG,2026_02_SEA_ARI,00-0037323,SEA,ARI,0,0,0,,0,0,0,0,0,0,0,0,0,20260925T013701Z
2026,2,REG,2026_02_JAX_DEN,00-0037384,DEN,JAX,0,0,0,,0,0,0,0,0,0,0,0,0,20260925T013701Z
2026,2,REG,2026_02_CIN_HOU,00-0037457,HOU,CIN,0,0,0,,0,0,0,0,0,0,0,0,0,20260925T013701Z
2026,2,REG,2026_02_NO_BAL,00-0037500,NO,BAL,0,0,0,,0,0,0,0,0,0,0,0,0,20260925T013701Z
2026,2,REG,2026_02_LV_LAC,00-0037512,LV,LAC,0,0,0,,0,0,0,0,0,0,0,0,0,20260925T013701Z
2026,2,REG,2026_02_DET_BUF,00-0037524,DET,BUF,0,0,0,,0,0,0,0,0,0,0,0,0,20260925T013701Z
2026,2,REG,2026_02_LV_LAC,00-0037527,LV,LAC,0,0,0,,0,0,0,0,0,0,0,0,0,20260925T013701Z
2026,2,REG,2026_02_SEA_ARI,00-0037545,SEA,ARI,4,39,0,9.75,1,0,1,4,0,3,6,35,0,20260925T013701Z
2026,2,REG,2026_02_GB_NYJ,00-0037547,GB,NYJ,0,0,0,,0,0,0,0,0,0,0,0,0,20260925T013701Z
2026,2,REG,2026_02_WAS_DAL,00-0037561,DAL,WAS,0,0,0,,0,0,0,0,0,0,0,0,0,20260925T013701Z
2026,2,REG,2026_02_NYG_LA,00-0037587,LA,NYG,0,0,0,,0,0,0,0,0,0,0,0,0,20260925T013701Z
2026,2,REG,2026_02_PHI_TEN,00-0037594,TEN,PHI,0,0,0,,0,0,0,0,0,0,0,0,0,20260925T013701Z
2026,2,REG,2026_02_SEA_ARI,00-0037596,ARI,SEA,0,0,0,,0,0,0,0,0,0,0,0,0,20260925T013701Z
2026,2,REG,2026_02_CAR_ATL,00-0037614,CAR,ATL,0,0,0,,0,0,0,0,0,0,0,0,0,20260925T013701Z
2026,2,REG,2026_02_LV_LAC,00-0037615,LV,LAC,0,0,0,,0,0,0,0,0,0,0,0,0,20260925T013701Z
2026,2,REG,2026_02_WAS_DAL,00-0037616,WAS,DAL,0,0,0,,0,0,0,0,0,0,0,0,0,20260925T013701Z
2026,2,REG,2026_02_PHI_TEN,00-0037663,TEN,PHI,0,0,0,,0,0,0,0,0,0,0,0,0,20260925T013701Z
2026,2,REG,2026_02_IND_KC,00-0037664,IND,KC,1,11,0,11.0,1,0,0,0,0,1,1,11,0,20260925T013701Z
2026,2,REG,2026_02_CLE_TB,00-0037665,CLE,TB,0,0,0,,0,0,0,0,0,0,0,0,0,20260925T013701Z
2026,2,REG,2026_02_WAS_DAL,00-0037692,DAL,WAS,0,0,0,,0,0,0,0,0,0,0,0,0,20260925T013701Z
2026,2,REG,2026_02_GB_NYJ,00-0037740,NYJ,GB,5,57,1,11.4,4,0,0,0,0,5,7,57,1,20260925T013701Z
2026,2,REG,2026_02_CAR_ATL,00-0037741,ATL,CAR,2,11,0,5.5,1,0,0,0,0,2,4,11,0,20260925T013701Z
2026,2,REG,2026_02_WAS_DAL,00-0037742,WAS,DAL,0,0,0,,0,0,0,0,0,0,1,0,0,20260925T013701Z
2026,2,REG,2026_02_CIN_HOU,00-0037743,CIN,HOU,0,0,0,,0,0,0,0,0,0,0,0,0,20260925T013701Z
2026,2,REG,2026_02_SEA_ARI,00-0037744,ARI,SEA,8,41,1,5.125,3,0,0,0,0,8,10,41,1,20260925T013701Z
2026,2,REG,2026_02_CAR_ATL,00-0037746,ATL,CAR,13,67,0,5.1538,3,0,11,51,0,2,2,16,0,20260925T013701Z
2026,2,REG,2026_02_JAX_DEN,00-0037752,DEN,JAX,0,0,0,,0,0,0,0,0,0,0,0,0,20260925T013701Z
2026,2,REG,2026_02_IND_KC,00-0037753,IND,KC,0,0,0,,0,0,0,0,0,0,0,0,0,20260925T013701Z
2026,2,REG,2026_02_NO_BAL,00-0037756,BAL,NO,0,0,0,,0,0,0,0,0,0,0,0,0,20260925T013701Z
2026,2,REG,2026_02_JAX_DEN,00-0037799,DEN,JAX,0,0,0,,0,0,0,0,0,0,0,0,0,20260925T013701Z
2026,2,REG,2026_02_WAS_DAL,00-0037801,DAL,WAS,1,1,0,1.0,0,0,1,1,0,0,0,0,0,20260925T013701Z
2026,2,REG,2026_02_GB_NYJ,00-0037805,NYJ,GB,2,5,0,2.5,0,0,0,0,0,2,2,5,0,20260925T013701Z
2026,2,REG,2026_02_SEA_ARI,00-0037812,SEA,ARI,0,0,0,,0,0,0,0,0,0,0,0,0,20260925T013701Z
2026,2,REG,2026_02_CAR_ATL,00-0037814,CAR,ATL,0,0,0,,0,0,0,0,0,0,0,0,0,20260925T013701Z
2026,2,REG,2026_02_CAR_ATL,00-0037815,ATL,CAR,0,0,0,,0,0,0,0,0,0,0,0,0,20260925T013701Z
2026,2,REG,2026_02_PIT_NE,00-0037816,NE,PIT,3,96,0,32.0,2,1,0,0,0,3,4,96,0,20260925T013701Z
2026,2,REG,2026_02_WAS_DAL,00-0037819,WAS,DAL,0,0,0,,0,0,0,0,0,0,0,0,0,20260925T013701Z
2026,2,REG,2026_02_CAR_ATL,00-0037823,ATL,CAR,0,0,0,,0,0,0,0,0,0,0,0,0,20260925T013701Z
2026,2,REG,2026_02_LV_LAC,00-0037825,LV,LAC,0,0,0,,0,0,0,0,0,0,0,0,0,20260925T013701Z
2026,2,REG,2026_02_LV_LAC,00-0037829,LV,LAC,0,0,0,,0,0,0,0,0,0,0,0,0,20260925T013701Z
2026,2,REG,2026_02_MIA_SF,00-0037834,SF,MIA,3,30,1,10.0,3,0,3,30,1,0,0,0,0,20260925T013701Z
2026,2,REG,2026_02_NYG_LA,00-0037838,NYG,LA,5,33,0,6.6,3,0,0,0,0,5,10,33,0,20260925T013701Z
2026,2,REG,2026_02_WAS_DAL,00-0037839,DAL,WAS,0,0,0,,0,0,0,0,0,0,0,0,0,20260925T013701Z
2026,2,REG,2026_02_NYG_LA,00-0037840,LA,NYG,14,97,1,6.9286,4,1,12,85,0,2,2,12,1,20260925T013701Z
2026,2,REG,2026_02_NYG_LA,00-0037841,LA,NYG,0,0,0,,0,0,0,0,0,0,0,0,0,20260925T013701Z
2026,2,REG,2026_02_NO_BAL,00-0038038,BAL,NO,0,0,0,,0,0,0,0,0,0,0,0,0,20260925T013701Z
2026,2,REG,2026_02_MIA_SF,00-0038039,SF,MIA,0,0,0,,0,0,0,0,0,0,0,0,0,20260925T013701Z
2026,2,REG,2026_02_WAS_DAL,00-0038041,DAL,WAS,4,43,2,10.75,3,0,0,0,0,4,4,43,2,20260925T013701Z
2026,2,REG,2026_02_LV_LAC,00-0038046,LAC,LV,3,21,0,7.0,1,0,0,0,0,3,3,21,0,20260925T013701Z
2026,2,REG,2026_02_GB_NYJ,00-0038090,GB,NYJ,2,6,0,3.0,0,0,0,0,0,2,3,6,0,20260925T013701Z
2026,2,REG,2026_02_NYG_LA,00-0038094,NYG,LA,0,0,0,,0,0,0,0,0,0,0,0,0,20260925T013701Z
2026,2,REG,2026_02_CAR_ATL,00-0038101,CAR,ATL,0,0,0,,0,0,0,0,0,0,0,0,0,20260925T013701Z
2026,2,REG,2026_02_CAR_ATL,00-0038102,CAR,ATL,1,-4,0,-4.0,0,0,1,-4,0,0,0,0,0,20260925T013701Z
2026,2,REG,2026_02_IND_KC,00-0038104,KC,IND,4,86,0,21.5,2,0,0,0,0,4,4,86,0,20260925T013701Z
2026,2,REG,2026_02_JAX_DEN,00-0038106,DEN,JAX,0,0,0,,0,0,0,0,0,0,0,0,0,20260925T013701Z
2026,2,REG,2026_02_PHI_TEN,00-0038112,PHI,TEN,0,0,0,,0,0,0,0,0,0,0,0,0,20260925T013701Z
2026,2,REG,2026_02_PHI_TEN,00-0038115,TEN,PHI,0,0,0,,0,0,0,0,0,0,1,0,0,20260925T013701Z
2026,2,REG,2026_02_PHI_TEN,00-0038116,PHI,TEN,0,0,0,,0,0,0,0,0,0,0,0,0,20260925T013701Z
2026,2,REG,2026_02_PHI_TEN,00-0038117,TEN,PHI,1,9,0,9.0,1,0,0,0,0,1,1,9,0,20260925T013701Z
2026,2,REG,2026_02_GB_NYJ,00-0038120,NYJ,GB,21,92,0,4.381,4,0,16,29,0,5,5,63,0,20260925T013701Z
2026,2,REG,2026_02_PHI_TEN,00-0038121,TEN,PHI,0,0,0,,0,0,0,0,0,0,0,0,0,20260925T013701Z
2026,2,REG,2026_02_GB_NYJ,00-0038123,NYJ,GB,0,0,0,,0,0,0,0,0,0,0,0,0,20260925T013701Z
2026,2,REG,2026_02_GB_NYJ,00-0038124,GB,NYJ,4,41,1,10.25,2,0,0,0,0,4,11,41,1,20260925T013701Z
2026,2,REG,2026_02_DET_BUF,00-0038125,DET,BUF,0,0,0,,0,0,0,0,0,0,0,0,0,20260925T013701Z
2026,2,REG,2026_02_CIN_HOU,00-0038127,HOU,CIN,0,0,0,,0,0,0,0,0,0,0,0,0,20260925T013701Z
2026,2,REG,2026_02_MIA_SF,00-0038128,MIA,SF,2,6,0,3.0,1,0,2,6,0,0,0,0,0,20260925T013701Z
2026,2,REG,2026_02_CLE_TB,00-0038129,TB,CLE,5,38,0,7.6,1,1,0,0,0,5,6,38,0,20260925T013701Z
2026,2,REG,2026_02_CIN_HOU,00-0038133,CIN,HOU,0,0,0,,0,0,0,0,0,0,0,0,0,20260925T013701Z
2026,2,REG,2026_02_IND_KC,00-0038134,KC,IND,30,178,0,5.9333,9,0,24,117,0,6,10,61,0,20260925T013701Z
2026,2,REG,2026_02_PIT_NE,00-0038135,PIT,NE,0,0,0,,0,0,0,0,0,0,0,0,0,20260925T013701Z
2026,2,REG,2026_02_NYG_LA,00-0038359,LA,NYG,0,0,0,,0,0,0,0,0,0,1,0,0,20260925T013701Z
2026,2,REG,2026_02_NYG_LA,00-0038366,LA,NYG,0,0,0,,0,0,0,0,0,0,0,0,0,20260925T013701Z
2026,2,REG,2026_02_PHI_TEN,00-0038386,PHI,TEN,0,0,0,,0,0,0,0,0,0,0,0,0,20260925T013701Z
2026,2,REG,2026_02_NO_BAL,00-0038387,NO,BAL,0,0,0,,0,0,0,0,0,0,0,0,0,20260925T013701Z
2026,2,REG,2026_02_PHI_TEN,00-0038393,PHI,TEN,5,74,0,14.8,5,0,0,0,0,5,6,74,0,20260925T013701Z
2026,2,REG,2026_02_GB_NYJ,00-0038398,GB,NYJ,0,0,0,,0,0,0,0,0,0,0,0,0,20260925T013701Z
2026,2,REG,2026_02_NYG_LA,00-0038399,NYG,LA,0,0,0,,0,0,0,0,0,0,0,0,0,20260925T013701Z
2026,2,REG,2026_02_PHI_TEN,00-0038412,PHI,TEN,0,0,0,,0,0,0,0,0,0,0,0,0,20260925T013701Z
2026,2,REG,2026_02_MIN_CHI,00-0038416,CHI,MIN,0,0,0,,0,0,0,0,0,0,0,0,0,20260925T013701Z
2026,2,REG,2026_02_CLE_TB,00-0038428,CLE,TB,0,0,0,,0,0,0,0,0,0,0,0,0,20260925T013701Z
2026,2,REG,2026_02_MIA_SF,00-0038429,MIA,SF,0,0,0,,0,0,0,0,0,0,0,0,0,20260925T013701Z
2026,2,REG,2026_02_LV_LAC,00-0038454,LAC,LV,6,39,0,6.5,1,0,5,24,0,1,1,15,0,20260925T013701Z
2026,2,REG,2026_02_GB_NYJ,00-0038463,GB,NYJ,0,0,0,,0,0,0,0,0,0,0,0,0,20260925T013701Z
2026,2,REG,2026_02_NO_BAL,00-0038504,BAL,NO,0,0,0,,0,0,0,0,0,0,0,0,0,20260925T013701Z
2026,2,REG,2026_02_NO_BAL,00-0038505,BAL,NO,0,0,0,,0,0,0,0,0,0,0,0,0,20260925T013701Z
2026,2,REG,2026_02_PHI_TEN,00-0038514,TEN,PHI,0,0,0,,0,0,0,0,0,0,0,0,0,20260925T013701Z
2026,2,REG,2026_02_IND_KC,00-0038519,KC,IND,0,0,0,,0,0,0,0,0,0,0,0,0,20260925T013701Z
2026,2,REG,2026_02_MIA_SF,00-0038521,MIA,SF,0,0,0,,0,0,0,0,0,0,0,0,0,20260925T013701Z
2026,2,REG,2026_02_CAR_ATL,00-0038542,ATL,CAR,19,81,0,4.2632,2,0,16,72,0,3,4,9,0,20260925T013701Z
2026,2,REG,2026_02_SEA_ARI,00-0038543,SEA,ARI,9,155,3,17.2222,8,0,0,0,0,9,11,155,3,20260925T013701Z
2026,2,REG,2026_02_LV_LAC,00-0038544,LAC,LV,2,14,0,7.0,1,0,1,7,0,1,5,7,0,20260925T013701Z
2026,2,REG,2026_02_CIN_HOU,00-0038546,CIN,HOU,0,0,0,,0,0,0,0,0,0,0,0,0,20260925T013701Z
2026,2,REG,2026_02_CIN_HOU,00-0038549,CIN,HOU,0,0,0,,0,0,0,0,0,0,0,0,0,20260925T013701Z
2026,2,REG,2026_02_JAX_DEN,00-0038552,DEN,JAX,0,0,0,,0,0,0,0,0,0,0,0,0,20260925T013701Z
2026,2,REG,2026_02_LV_LAC,00-0038553,LAC,LV,0,0,0,,0,0,0,0,0,0,0,0,0,20260925T013701Z
2026,2,REG,2026_02_MIA_SF,00-0038554,SF,MIA,0,0,0,,0,0,0,0,0,0,0,0,0,20260925T013701Z
2026,2,REG,2026_02_PHI_TEN,00-0038555,PHI,TEN,15,38,1,2.5333,2,0,13,33,1,2,2,5,0,20260925T013701Z
2026,2,REG,2026_02_DET_BUF,00-0038557,BUF,DET,0,0,0,,0,0,0,0,0,0,0,0,0,20260925T013701Z
2026,2,REG,2026_02_PIT_NE,00-0038558,PIT,NE,1,7,0,7.0,0,0,0,0,0,1,2,7,0,20260925T013701Z
2026,2,REG,2026_02_SEA_ARI,00-0038559,ARI,SEA,2,18,0,9.0,1,0,0,0,0,2,7,18,0,20260925T013701Z
2026,2,REG,2026_02_CIN_HOU,00-0038560,CIN,HOU,0,0,0,,0,0,0,0,0,0,0,0,0,20260925T013701Z
2026,2,REG,2026_02_LV_LAC,00-0038563,LV,LAC,5,119,1,23.8,4,0,0,0,0,5,7,119,1,20260925T013701Z
2026,2,REG,2026_02_PIT_NE,00-0038564,NE,PIT,0,0,0,,0,0,0,0,0,0,0,0,0,20260925T013701Z
2026,2,REG,2026_02_CLE_TB,00-0038565,CLE,TB,0,0,0,,0,0,0,0,0,0,0,0,0,20260925T013701Z
2026,2,REG,2026_02_SEA_ARI,00-0038567,ARI,SEA,0,0,0,,0,0,0,0,0,0,0,0,0,20260925T013701Z
2026,2,REG,2026_02_JAX_DEN,00-0038570,JAX,DEN,0,0,0,,0,0,0,0,0,0,0,0,0,20260925T013701Z
2026,2,REG,2026_02_LV_LAC,00-0038573,LAC,LV,0,0,0,,0,0,0,0,0,0,1,0,0,20260925T013701Z
2026,2,REG,2026_02_CLE_TB,00-0038574,CLE,TB,0,0,0,,0,0,0,0,0,0,0,0,0,20260925T013701Z
2026,2,REG,2026_02_PIT_NE,00-0038577,PIT,NE,0,0,0,,0,0,0,0,0,0,0,0,0,20260925T013701Z
2026,2,REG,2026_02_MIN_CHI,00-0038578,MIN,CHI,0,0,0,,0,0,0,0,0,0,0,0,0,20260925T013701Z
2026,2,REG,2026_02_CAR_ATL,00-0038580,ATL,CAR,0,0,0,,0,0,0,0,0,0,0,0,0,20260925T013701Z
2026,2,REG,2026_02_JAX_DEN,00-0038596,JAX,DEN,0,0,0,,0,0,0,0,0,0,0,0,0,20260925T013701Z
2026,2,REG,2026_02_CIN_HOU,00-0038597,CIN,HOU,23,82,0,3.5652,3,0,20,80,0,3,5,2,0,20260925T013701Z
2026,2,REG,2026_02_JAX_DEN,00-0038605,DEN,JAX,0,0,0,,0,0,0,0,0,0,0,0,0,20260925T013701Z
2026,2,REG,2026_02_JAX_DEN,00-0038606,JAX,DEN,7,98,0,14.0,3,0,0,0,0,7,12,98,0,20260925T013701Z
2026,2,REG,2026_02_CIN_HOU,00-0038608,HOU,CIN,3,37,0,12.3333,1,0,0,0,0,3,5,37,0,20260925T013701Z
2026,2,REG,2026_02_JAX_DEN,00-0038611,JAX,DEN,6,13,0,2.1667,2,0,6,13,0,0,0,0,0,20260925T013701Z
2026,2,REG,2026_02_CIN_HOU,00-0038618,HOU,CIN,3,37,0,12.3333,2,0,0,0,0,3,9,37,0,20260925T013701Z
2026,2,REG,2026_02_CIN_HOU,00-0038619,CIN,HOU,1,7,0,7.0,0,0,0,0,0,1,1,7,0,20260925T013701Z
2026,2,REG,2026_02_PHI_TEN,00-0038620,TEN,PHI,0,0,0,,0,0,0,0,0,0,0,0,0,20260925T013701Z
2026,2,REG,2026_02_PIT_NE,00-0038621,NE,PIT,1,9,0,9.0,0,0,0,0,0,1,2,9,0,20260925T013701Z
2026,2,REG,2026_02_SEA_ARI,00-0038623,ARI,SEA,0,0,0,,0,0,0,0,0,0,0,0,0,20260925T013701Z
2026,2,REG,2026_02_WAS_DAL,00-0038625,DAL,WAS,0,0,0,,0,0,0,0,0,0,0,0,0,20260925T013701Z
2026,2,REG,2026_02_SEA_ARI,00-0038640,ARI,SEA,0,0,0,,0,0,0,0,0,0,0,0,0,20260925T013701Z
2026,2,REG,2026_02_CIN_HOU,00-0038642,CIN,HOU,0,0,0,,0,0,0,0,0,0,0,0,0,20260925T013701Z
2026,2,REG,2026_02_MIA_SF,00-0038643,SF,MIA,0,0,0,,0,0,0,0,0,0,0,0,0,20260925T013701Z
2026,2,REG,2026_02_PIT_NE,00-0038645,PIT,NE,0,0,0,,0,0,0,0,0,0,0,0,0,20260925T013701Z
2026,2,REG,2026_02_PIT_NE,00-0038653,NE,PIT,0,0,0,,0,0,0,0,0,0,0,0,0,20260925T013701Z
2026,2,REG,2026_02_DET_BUF,00-0038660,DET,BUF,0,0,0,,0,0,0,0,0,0,0,0,0,20260925T013701Z
2026,2,REG,2026_02_GB_NYJ,00-0038685,GB,NYJ,5,26,0,5.2,1,0,4,11,0,1,2,15,0,20260925T013701Z
2026,2,REG,2026_02_WAS_DAL,00-0038705,DAL,WAS,3,8,0,2.6667,0,0,3,8,0,0,0,0,0,20260925T013701Z
2026,2,REG,2026_02_CLE_TB,00-0038710,CLE,TB,1,17,1,17.0,1,0,0,0,0,1,2,17,1,20260925T013701Z
2026,2,REG,2026_02_CLE_TB,00-0038715,CLE,TB,0,0,0,,0,0,0,0,0,0,0,0,0,20260925T013701Z
2026,2,REG,2026_02_CIN_HOU,00-0038728,HOU,CIN,2,33,0,16.5,2,0,0,0,0,2,7,33,0,20260925T013701Z
2026,2,REG,2026_02_WAS_DAL,00-0038738,DAL,WAS,1,1,0,1.0,1,0,1,1,0,0,0,0,0,20260925T013701Z
2026,2,REG,2026_02_WAS_DAL,00-0038742,DAL,WAS,0,0,0,,0,0,0,0,0,0,0,0,0,20260925T013701Z
2026,2,REG,2026_02_MIN_CHI,00-0038778,MIN,CHI,0,0,0,,0,0,0,0,0,0,0,0,0,20260925T013701Z
2026,2,REG,2026_02_JAX_DEN,00-0038783,DEN,JAX,4,38,1,9.5,3,0,1,6,0,3,3,32,1,20260925T013701Z
2026,2,REG,2026_02_CAR_ATL,00-0038791,CAR,ATL,0,0,0,,0,0,0,0,0,0,0,0,0,20260925T013701Z
2026,2,REG,2026_02_CLE_TB,00-0038794,CLE,TB,1,3,0,3.0,0,0,1,3,0,0,1,0,0,20260925T013701Z
2026,2,REG,2026_02_SEA_ARI,00-0038797,SEA,ARI,21,92,0,4.381,6,0,21,92,0,0,1,0,0,20260925T013701Z
2026,2,REG,2026_02_MIN_CHI,00-0038807,MIN,CHI,0,0,0,,0,0,0,0,0,0,0,0,0,20260925T013701Z
2026,2,REG,2026_02_DET_BUF,00-0038820,DET,BUF,0,0,0,,0,0,0,0,0,0,0,0,0,20260925T013701Z
2026,2,REG,2026_02_MIA_SF,00-0038824,MIA,SF,1,77,1,77.0,1,0,0,0,0,1,1,77,1,20260925T013701Z
2026,2,REG,2026_02_CAR_ATL,00-0038840,CAR,ATL,0,0,0,,0,0,0,0,0,0,0,0,0,20260925T013701Z
2026,2,REG,2026_02_SEA_ARI,00-0038866,SEA,ARI,0,0,0,,0,0,0,0,0,0,0,0,0,20260925T013701Z
2026,2,REG,2026_02_DET_BUF,00-0038896,DET,BUF,0,0,0,,0,0,0,0,0,0,0,0,0,20260925T013701Z
2026,2,REG,2026_02_SEA_ARI,00-0038922,SEA,ARI,0,0,0,,0,0,0,0,0,0,0,0,0,20260925T013701Z
2026,2,REG,2026_02_DET_BUF,00-0038933,BUF,DET,7,95,1,13.5714,5,0,0,0,0,7,8,95,1,20260925T013701Z
2026,2,REG,2026_02_JAX_DEN,00-0038935,JAX,DEN,2,17,0,8.5,1,0,0,0,0,2,2,17,0,20260925T013701Z
2026,2,REG,2026_02_DET_BUF,00-0038936,DET,BUF,0,0,0,,0,0,0,0,0,0,0,0,0,20260925T013701Z
2026,2,REG,2026_02_DET_BUF,00-0038940,DET,BUF,0,0,0,,0,0,0,0,0,0,0,0,0,20260925T013701Z
2026,2,REG,2026_02_CAR_ATL,00-0038980,ATL,CAR,0,0,0,,0,0,0,0,0,0,0,0,0,20260925T013701Z
2026,2,REG,2026_02_SEA_ARI,00-0038984,ARI,SEA,0,0,0,,0,0,0,0,0,0,0,0,0,20260925T013701Z
2026,2,REG,2026_02_NYG_LA,00-0038986,NYG,LA,0,0,0,,0,0,0,0,0,0,0,0,0,20260925T013701Z
2026,2,REG,2026_02_MIN_CHI,00-0038994,MIN,CHI,2,21,0,10.5,1,0,0,0,0,2,5,21,0,20260925T013701Z
2026,2,REG,2026_02_GB_NYJ,00-0038996,GB,NYJ,2,15,0,7.5,0,1,0,0,0,2,3,15,0,20260925T013701Z
2026,2,REG,2026_02_IND_KC,00-0038997,IND,KC,7,72,0,10.2857,6,0,0,0,0,7,9,72,0,20260925T013701Z
2026,2,REG,2026_02_PHI_TEN,00-0039001,PHI,TEN,0,0,0,,0,0,0,0,0,0,0,0,0,20260925T013701Z
2026,2,REG,2026_02_CAR_ATL,00-0039002,ATL,CAR,0,0,0,,0,0,0,0,0,0,0,0,0,20260925T013701Z
2026,2,REG,2026_02_IND_KC,00-0039006,KC,IND,0,0,0,,0,0,0,0,0,0,0,0,0,20260925T013701Z
2026,2,REG,2026_02_PHI_TEN,00-0039013,PHI,TEN,0,0,0,,0,0,0,0,0,0,0,0,0,20260925T013701Z
2026,2,REG,2026_02_DET_BUF,00-0039018,DET,BUF,0,0,0,,0,0,0,0,0,0,0,0,0,20260925T013701Z
2026,2,REG,2026_02_PHI_TEN,00-0039032,TEN,PHI,9,70,0,7.7778,2,1,7,41,0,2,2,29,0,20260925T013701Z
2026,2,REG,2026_02_MIA_SF,00-0039040,MIA,SF,23,93,0,4.0435,3,0,20,74,0,3,6,19,0,20260925T013701Z
2026,2,REG,2026_02_SEA_ARI,00-0039041,ARI,SEA,0,0,0,,0,0,0,0,0,0,0,0,0,20260925T013701Z
2026,2,REG,2026_02_SEA_ARI,00-0039047,SEA,ARI,0,0,0,,0,0,0,0,0,0,0,0,0,20260925T013701Z
2026,2,REG,2026_02_CLE_TB,00-0039049,TB,CLE,0,0,0,,0,0,0,0,0,0,0,0,0,20260925T013701Z
2026,2,REG,2026_02_NYG_LA,00-0039059,LA,NYG,0,0,0,,0,0,0,0,0,0,0,0,0,20260925T013701Z
2026,2,REG,2026_02_NYG_LA,00-0039061,LA,NYG,0,0,0,,0,0,0,0,0,0,0,0,0,20260925T013701Z
2026,2,REG,2026_02_CLE_TB,00-0039063,TB,CLE,0,0,0,,0,0,0,0,0,0,0,0,0,20260925T013701Z
2026,2,REG,2026_02_DET_BUF,00-0039065,DET,BUF,6,52,1,8.6667,4,0,0,0,0,6,7,52,1,20260925T013701Z
2026,2,REG,2026_02_LV_LAC,00-0039066,LV,LAC,3,23,0,7.6667,1,0,0,0,0,3,4,23,0,20260925T013701Z
2026,2,REG,2026_02_IND_KC,00-0039067,KC,IND,4,83,0,20.75,3,0,0,0,0,4,6,83,0,20260925T013701Z
2026,2,REG,2026_02_CLE_TB,00-0039068,TB,CLE,0,0,0,,0,0,0,0,0,0,0,0,0,20260925T013701Z
2026,2,REG,2026_02_CAR_ATL,00-0039070,ATL,CAR,0,0,0,,0,0,0,0,0,0,0,0,0,20260925T013701Z
2026,2,REG,2026_02_MIN_CHI,00-0039071,CHI,MIN,0,0,0,,0,0,0,0,0,0,0,0,0,20260925T013701Z
2026,2,REG,2026_02_NYG_LA,00-0039074,LA,NYG,1,7,0,7.0,1,0,0,0,0,1,1,7,0,20260925T013701Z
2026,2,REG,2026_02_CIN_HOU,00-0039108,HOU,CIN,0,0,0,,0,0,0,0,0,0,0,0,0,20260925T013701Z
2026,2,REG,2026_02_PIT_NE,00-0039110,PIT,NE,0,0,0,,0,0,0,0,0,0,0,0,0,20260925T013701Z
2026,2,REG,2026_02_LV_LAC,00-0039111,LAC,LV,0,0,0,,0,0,0,0,0,0,0,0,0,20260925T013701Z
2026,2,REG,2026_02_GB_NYJ,00-0039112,GB,NYJ,0,0,0,,0,0,0,0,0,0,0,0,0,20260925T013701Z
2026,2,REG,2026_02_NYG_LA,00-0039137,LA,NYG,0,0,0,,0,0,0,0,0,0,0,0,0,20260925T013701Z
2026,2,REG,2026_02_NYG_LA,00-0039138,LA,NYG,0,0,0,,0,0,0,0,0,0,0,0,0,20260925T013701Z
2026,2,REG,2026_02_DET_BUF,00-0039139,DET,BUF,22,113,1,5.1364,7,0,16,52,0,6,8,61,1,20260925T013701Z
2026,2,REG,2026_02_GB_NYJ,00-0039145,NYJ,GB,0,0,0,,0,0,0,0,0,0,0,0,0,20260925T013701Z
2026,2,REG,2026_02_GB_NYJ,00-0039146,GB,NYJ,1,4,0,4.0,0,0,0,0,0,1,1,4,0,20260925T013701Z
2026,2,REG,2026_02_PIT_NE,00-0039147,NE,PIT,0,0,0,,0,0,0,0,0,0,0,0,0,20260925T013701Z
2026,2,REG,2026_02_MIA_SF,00-0039148,SF,MIA,0,0,0,,0,0,0,0,0,0,0,0,0,20260925T013701Z
2026,2,REG,2026_02_WAS_DAL,00-0039149,WAS,DAL,0,0,0,,0,0,0,0,0,0,0,0,0,20260925T013701Z
2026,2,REG,2026_02_CAR_ATL,00-0039150,CAR,ATL,1,6,0,6.0,1,0,1,6,0,0,0,0,0,20260925T013701Z
2026,2,REG,2026_02_NYG_LA,00-0039151,LA,NYG,0,0,0,,0,0,0,0,0,0,0,0,0,20260925T013701Z
2026,2,REG,2026_02_MIA_SF,00-0039156,MIA,SF,0,0,0,,0,0,0,0,0,0,0,0,0,20260925T013701Z
2026,2,REG,2026_02_CIN_HOU,00-0039163,HOU,CIN,3,29,0,9.6667,1,0,3,29,0,0,0,0,0,20260925T013701Z
2026,2,REG,2026_02_SEA_ARI,00-0039169,SEA,ARI,0,0,0,,0,0,0,0,0,0,0,0,0,20260925T013701Z
2026,2,REG,2026_02_DET_BUF,00-0039172,DET,BUF,0,0,0,,0,0,0,0,0,0,0,0,0,20260925T013701Z
2026,2,REG,2026_02_NYG_LA,00-0039176,NYG,LA,0,0,0,,0,0,0,0,0,0,0,0,0,20260925T013701Z
2026,2,REG,2026_02_NO_BAL,00-0039232,BAL,NO,0,0,0,,0,0,0,0,0,0,0,0,0,20260925T013701Z
2026,2,REG,2026_02_NO_BAL,00-0039233,BAL,NO,0,0,0,,0,0,0,0,0,0,0,0,0,20260925T013701Z
2026,2,REG,2026_02_GB_NYJ,00-0039272,GB,NYJ,0,0,0,,0,0,0,0,0,0,0,0,0,20260925T013701Z
2026,2,REG,2026_02_GB_NYJ,00-0039284,NYJ,GB,0,0,0,,0,0,0,0,0,0,0,0,0,20260925T013701Z
2026,2,REG,2026_02_SEA_ARI,00-0039299,SEA,ARI,5,15,0,3.0,0,0,4,13,0,1,1,2,0,20260925T013701Z
2026,2,REG,2026_02_SEA_ARI,00-0039309,SEA,ARI,0,0,0,,0,0,0,0,0,0,0,0,0,20260925T013701Z
2026,2,REG,2026_02_CIN_HOU,00-0039323,CIN,HOU,0,0,0,,0,0,0,0,0,0,0,0,0,20260925T013701Z
2026,2,REG,2026_02_IND_KC,00-0039324,KC,IND,0,0,0,,0,0,0,0,0,0,0,0,0,20260925T013701Z
2026,2,REG,2026_02_NYG_LA,00-0039337,NYG,LA,1,1,0,1.0,0,0,0,0,0,1,4,1,0,20260925T013701Z
2026,2,REG,2026_02_IND_KC,00-0039340,IND,KC,0,0,0,,0,0,0,0,0,0,0,0,0,20260925T013701Z
2026,2,REG,2026_02_CAR_ATL,00-0039342,CAR,ATL,2,64,0,32.0,1,0,0,0,0,2,4,64,0,20260925T013701Z
2026,2,REG,2026_02_CIN_HOU,00-0039343,HOU,CIN,0,0,0,,0,0,0,0,0,0,0,0,0,20260925T013701Z
2026,2,REG,2026_02_CAR_ATL,00-0039344,CAR,ATL,6,11,0,1.8333,0,0,5,16,0,1,1,-5,0,20260925T013701Z
2026,2,REG,2026_02_MIA_SF,00-0039345,SF,MIA,0,0,0,,0,0,0,0,0,0,0,0,0,20260925T013701Z
2026,2,REG,2026_02_LV_LAC,00-0039349,LV,LAC,0,0,0,,0,0,0,0,0,0,0,0,0,20260925T013701Z
2026,2,REG,2026_02_JAX_DEN,00-0039353,JAX,DEN,0,0,0,,0,0,0,0,0,0,0,0,0,20260925T013701Z
2026,2,REG,2026_02_MIA_SF,00-0039360,SF,MIA,0,0,0,,0,0,0,0,0,0,0,0,0,20260925T013701Z
2026,2,REG,2026_02_CLE_TB,00-0039361,TB,CLE,21,90,0,4.2857,3,0,17,89,0,4,4,1,0,20260925T013701Z
2026,2,REG,2026_02_DET_BUF,00-0039364,DET,BUF,2,20,0,10.0,0,0,1,7,0,1,1,13,0,20260925T013701Z
2026,2,REG,2026_02_MIA_SF,00-0039365,SF,MIA,0,0,0,,0,0,0,0,0,0,0,0,0,20260925T013701Z
2026,2,REG,2026_02_LV_LAC,00-0039366,LAC,LV,0,0,0,,0,0,0,0,0,0,0,0,0,20260925T013701Z
2026,2,REG,2026_02_LV_LAC,00-0039369,LAC,LV,0,0,0,,0,0,0,0,0,0,0,0,0,20260925T013701Z
2026,2,REG,2026_02_JAX_DEN,00-0039371,DEN,JAX,0,0,0,,0,0,0,0,0,0,0,0,0,20260925T013701Z
2026,2,REG,2026_02_GB_NYJ,00-0039372,NYJ,GB,0,0,0,,0,0,0,0,0,0,0,0,0,20260925T013701Z
2026,2,REG,2026_02_LV_LAC,00-0039374,LV,LAC,0,0,0,,0,0,0,0,0,0,0,0,0,20260925T013701Z
2026,2,REG,2026_02_IND_KC,00-0039377,IND,KC,0,0,0,,0,0,0,0,0,0,0,0,0,20260925T013701Z
2026,2,REG,2026_02_NYG_LA,00-0039384,NYG,LA,0,0,0,,0,0,0,0,0,0,0,0,0,20260925T013701Z
2026,2,REG,2026_02_LV_LAC,00-0039391,LAC,LV,0,0,0,,0,0,0,0,0,0,0,0,0,20260925T013701Z
2026,2,REG,2026_02_CIN_HOU,00-0039395,HOU,CIN,0,0,0,,0,0,0,0,0,0,0,0,0,20260925T013701Z
2026,2,REG,2026_02_MIN_CHI,00-0039404,MIN,CHI,0,0,0,,0,0,0,0,0,0,0,0,0,20260925T013701Z
2026,2,REG,2026_02_CLE_TB,00-0039406,CLE,TB,0,0,0,,0,0,0,0,0,0,0,0,0,20260925T013701Z
2026,2,REG,2026_02_LV_LAC,00-0039407,LV,LAC,0,0,0,,0,0,0,0,0,0,0,0,0,20260925T013701Z
2026,2,REG,2026_02_JAX_DEN,00-0039409,JAX,DEN,0,0,0,,0,0,0,0,0,0,0,0,0,20260925T013701Z
2026,2,REG,2026_02_WAS_DAL,00-0039410,DAL,WAS,5,23,0,4.6,2,0,0,0,0,5,6,23,0,20260925T013701Z
2026,2,REG,2026_02_WAS_DAL,00-0039412,WAS,DAL,0,0,0,,0,0,0,0,0,0,0,0,0,20260925T013701Z
2026,2,REG,2026_02_CLE_TB,00-0039417,CLE,TB,0,0,0,,0,0,0,0,0,0,0,0,0,20260925T013701Z
2026,2,REG,2026_02_MIN_CHI,00-0039421,MIN,CHI,0,0,0,,0,0,0,0,0,0,0,0,0,20260925T013701Z
2026,2,REG,2026_02_LV_LAC,00-0039423,LV,LAC,0,0,0,,0,0,0,0,0,0,0,0,0,20260925T013701Z
2026,2,REG,2026_02_NO_BAL,00-0039424,NO,BAL,5,64,0,12.8,3,0,0,0,0,5,7,64,0,20260925T013701Z
2026,2,REG,2026_02_GB_NYJ,00-0039431,NYJ,GB,0,0,0,,0,0,0,0,0,0,0,0,0,20260925T013701Z
2026,2,REG,2026_02_GB_NYJ,00-0039451,NYJ,GB,7,48,0,6.8571,1,0,1,14,0,6,6,34,0,20260925T013701Z
2026,2,REG,2026_02_CAR_ATL,00-0039491,CAR,ATL,8,66,0,8.25,3,0,0,0,0,8,9,66,0,20260925T013701Z
2026,2,REG,2026_02_NYG_LA,00-0039498,LA,NYG,0,0,0,,0,0,0,0,0,0,0,0,0,20260925T013701Z
2026,2,REG,2026_02_CLE_TB,00-0039515,CLE,TB,0,0,0,,0,0,0,0,0,0,0,0,0,20260925T013701Z
2026,2,REG,2026_02_WAS_DAL,00-0039530,DAL,WAS,0,0,0,,0,0,0,0,0,0,0,0,0,20260925T013701Z
2026,2,REG,2026_02_MIA_SF,00-0039532,MIA,SF,0,0,0,,0,0,0,0,0,0,0,0,0,20260925T013701Z
2026,2,REG,2026_02_IND_KC,00-0039576,IND,KC,0,0,0,,0,0,0,0,0,0,0,0,0,20260925T013701Z
2026,2,REG,2026_02_CLE_TB,00-0039589,TB,CLE,0,0,0,,0,0,0,0,0,0,0,0,0,20260925T013701Z
2026,2,REG,2026_02_CIN_HOU,00-0039603,HOU,CIN,0,0,0,,0,0,0,0,0,0,0,0,0,20260925T013701Z
2026,2,REG,2026_02_CIN_HOU,00-0039632,CIN,HOU,0,0,0,,0,0,0,0,0,0,0,0,0,20260925T013701Z
2026,2,REG,2026_02_GB_NYJ,00-0039634,NYJ,GB,0,0,0,,0,0,0,0,0,0,0,0,0,20260925T013701Z
2026,2,REG,2026_02_DET_BUF,00-0039660,DET,BUF,0,0,0,,0,0,0,0,0,0,0,0,0,20260925T013701Z
2026,2,REG,2026_02_WAS_DAL,00-0039686,WAS,DAL,1,14,0,14.0,1,0,0,0,0,1,1,14,0,20260925T013701Z
2026,2,REG,2026_02_MIN_CHI,00-0039718,MIN,CHI,0,0,0,,0,0,0,0,0,0,0,0,0,20260925T013701Z
2026,2,REG,2026_02_NO_BAL,00-0039725,NO,BAL,0,0,0,,0,0,0,0,0,0,0,0,0,20260925T013701Z
2026,2,REG,2026_02_PHI_TEN,00-0039731,TEN,PHI,0,0,0,,0,0,0,0,0,0,0,0,0,20260925T013701Z
2026,2,REG,2026_02_JAX_DEN,00-0039732,DEN,JAX,5,6,0,1.2,2,0,5,6,0,0,0,0,0,20260925T013701Z
2026,2,REG,2026_02_NYG_LA,00-0039734,LA,NYG,0,0,0,,0,0,0,0,0,0,0,0,0,20260925T013701Z
2026,2,REG,2026_02_NYG_LA,00-0039738,LA,NYG,13,92,0,7.0769,6,1,12,79,0,1,1,13,0,20260925T013701Z
2026,2,REG,2026_02_PIT_NE,00-0039739,PIT,NE,5,28,0,5.6,3,0,0,0,0,5,6,28,0,20260925T013701Z
2026,2,REG,2026_02_PHI_TEN,00-0039740,PHI,TEN,0,0,0,,0,0,0,0,0,0,0,0,0,20260925T013701Z
2026,2,REG,2026_02_PIT_NE,00-0039741,PIT,NE,0,0,0,,0,0,0,0,0,0,0,0,0,20260925T013701Z
2026,2,REG,2026_02_MIN_CHI,00-0039745,CHI,MIN,0,0,0,,0,0,0,0,0,0,0,0,0,20260925T013701Z
2026,2,REG,2026_02_PHI_TEN,00-0039746,PHI,TEN,9,29,0,3.2222,1,0,7,24,0,2,2,5,0,20260925T013701Z
2026,2,REG,2026_02_CIN_HOU,00-0039752,CIN,HOU,0,0,0,,0,0,0,0,0,0,0,0,0,20260925T013701Z
2026,2,REG,2026_02_PIT_NE,00-0039770,NE,PIT,0,0,0,,0,0,0,0,0,0,0,0,0,20260925T013701Z
2026,2,REG,2026_02_NYG_LA,00-0039772,LA,NYG,0,0,0,,0,0,0,0,0,0,0,0,0,20260925T013701Z
2026,2,REG,2026_02_NYG_LA,00-0039774,LA,NYG,0,0,0,,0,0,0,0,0,0,0,0,0,20260925T013701Z
2026,2,REG,2026_02_NYG_LA,00-0039776,LA,NYG,0,0,0,,0,0,0,0,0,0,0,0,0,20260925T013701Z
2026,2,REG,2026_02_GB_NYJ,00-0039789,NYJ,GB,0,0,0,,0,0,0,0,0,0,0,0,0,20260925T013701Z
2026,2,REG,2026_02_NO_BAL,00-0039792,BAL,NO,1,47,0,47.0,1,0,0,0,0,1,2,47,0,20260925T013701Z
2026,2,REG,2026_02_SEA_ARI,00-0039793,SEA,ARI,2,9,1,4.5,1,0,1,1,1,1,1,8,0,20260925T013701Z
2026,2,REG,2026_02_GB_NYJ,00-0039794,NYJ,GB,6,15,1,2.5,2,0,5,7,1,1,1,8,0,20260925T013701Z
2026,2,REG,2026_02_SEA_ARI,00-0039795,SEA,ARI,0,0,0,,0,0,0,0,0,0,0,0,0,20260925T013701Z
2026,2,REG,2026_02_NO_BAL,00-0039796,BAL,NO,0,0,0,,0,0,0,0,0,0,0,0,0,20260925T013701Z
2026,2,REG,2026_02_GB_NYJ,00-0039798,NYJ,GB,0,0,0,,0,0,0,0,0,0,0,0,0,20260925T013701Z
2026,2,REG,2026_02_SEA_ARI,00-0039807,ARI,SEA,0,0,0,,0,0,0,0,0,0,0,0,0,20260925T013701Z
2026,2,REG,2026_02_JAX_DEN,00-0039809,DEN,JAX,0,0,0,,0,0,0,0,0,0,0,0,0,20260925T013701Z
2026,2,REG,2026_02_GB_NYJ,00-0039811,GB,NYJ,8,26,1,3.25,2,1,6,20,0,2,2,6,1,20260925T013701Z
2026,2,REG,2026_02_GB_NYJ,00-0039812,GB,NYJ,0,0,0,,0,0,0,0,0,0,0,0,0,20260925T013701Z
2026,2,REG,2026_02_GB_NYJ,00-0039813,GB,NYJ,0,0,0,,0,0,0,0,0,0,0,0,0,20260925T013701Z
2026,2,REG,2026_02_CIN_HOU,00-0039814,CIN,HOU,2,5,0,2.5,0,0,0,0,0,2,3,5,0,20260925T013701Z
2026,2,REG,2026_02_IND_KC,00-0039816,IND,KC,0,0,0,,0,0,0,0,0,0,0,0,0,20260925T013701Z
2026,2,REG,2026_02_GB_NYJ,00-0039817,GB,NYJ,0,0,0,,0,0,0,0,0,0,0,0,0,20260925T013701Z
2026,2,REG,2026_02_NYG_LA,00-0039821,NYG,LA,0,0,0,,0,0,0,0,0,0,0,0,0,20260925T013701Z
2026,2,REG,2026_02_IND_KC,00-0039825,KC,IND,0,0,0,,0,0,0,0,0,0,0,0,0,20260925T013701Z
2026,2,REG,2026_02_PHI_TEN,00-0039826,PHI,TEN,0,0,0,,0,0,0,0,0,0,0,0,0,20260925T013701Z
2026,2,REG,2026_02_PIT_NE,00-0039829,NE,PIT,0,0,0,,0,0,0,0,0,0,0,0,0,20260925T013701Z
2026,2,REG,2026_02_GB_NYJ,00-0039831,GB,NYJ,0,0,0,,0,0,0,0,0,0,0,0,0,20260925T013701Z
2026,2,REG,2026_02_LV_LAC,00-0039835,LAC,LV,0,0,0,,0,0,0,0,0,0,0,0,0,20260925T013701Z
2026,2,REG,2026_02_MIN_CHI,00-0039840,CHI,MIN,0,0,0,,0,0,0,0,0,0,0,0,0,20260925T013701Z
2026,2,REG,2026_02_PHI_TEN,00-0039841,PHI,TEN,0,0,0,,0,0,0,0,0,0,0,0,0,20260925T013701Z
2026,2,REG,2026_02_CAR_ATL,00-0039842,ATL,CAR,0,0,0,,0,0,0,0,0,0,0,0,0,20260925T013701Z
2026,2,REG,2026_02_IND_KC,00-0039844,KC,IND,0,0,0,,0,0,0,0,0,0,0,0,0,20260925T013701Z
2026,2,REG,2026_02_CLE_TB,00-0039846,TB,CLE,0,0,0,,0,0,0,0,0,0,0,0,0,20260925T013701Z
2026,2,REG,2026_02_NYG_LA,00-0039847,NYG,LA,0,0,0,,0,0,0,0,0,0,4,0,0,20260925T013701Z
2026,2,REG,2026_02_SEA_ARI,00-0039849,ARI,SEA,0,0,0,,0,0,0,0,0,0,1,0,0,20260925T013701Z
2026,2,REG,2026_02_GB_NYJ,00-0039850,GB,NYJ,0,0,0,,0,0,0,0,0,0,0,0,0,20260925T013701Z
2026,2,REG,2026_02_PIT_NE,00-0039851,NE,PIT,4,17,0,4.25,1,0,4,17,0,0,0,0,0,20260925T013701Z
2026,2,REG,2026_02_CLE_TB,00-0039852,CLE,TB,0,0,0,,0,0,0,0,0,0,0,0,0,20260925T013701Z
2026,2,REG,2026_02_SEA_ARI,00-0039854,ARI,SEA,0,0,0,,0,0,0,0,0,0,0,0,0,20260925T013701Z
2026,2,REG,2026_02_PHI_TEN,00-0039858,TEN,PHI,0,0,0,,0,0,0,0,0,0,0,0,0,20260925T013701Z
2026,2,REG,2026_02_CAR_ATL,00-0039859,ATL,CAR,0,0,0,,0,0,0,0,0,0,0,0,0,20260925T013701Z
2026,2,REG,2026_02_NO_BAL,00-0039860,NO,BAL,0,0,0,,0,0,0,0,0,0,0,0,0,20260925T013701Z
2026,2,REG,2026_02_NYG_LA,00-0039861,NYG,LA,0,0,0,,0,0,0,0,0,0,0,0,0,20260925T013701Z
2026,2,REG,2026_02_GB_NYJ,00-0039867,GB,NYJ,0,0,0,,0,0,0,0,0,0,0,0,0,20260925T013701Z
2026,2,REG,2026_02_JAX_DEN,00-0039868,DEN,JAX,1,27,0,27.0,1,0,0,0,0,1,2,27,0,20260925T013701Z
2026,2,REG,2026_02_PIT_NE,00-0039871,PIT,NE,0,0,0,,0,0,0,0,0,0,0,0,0,20260925T013701Z
2026,2,REG,2026_02_DET_BUF,00-0039872,BUF,DET,0,0,0,,0,0,0,0,0,0,0,0,0,20260925T013701Z
2026,2,REG,2026_02_DET_BUF,00-0039873,BUF,DET,0,0,0,,0,0,0,0,0,0,0,0,0,20260925T013701Z
2026,2,REG,2026_02_MIA_SF,00-0039874,MIA,SF,2,11,0,5.5,1,0,2,11,0,0,0,0,0,20260925T013701Z
2026,2,REG,2026_02_DET_BUF,00-0039875,BUF,DET,0,0,0,,0,0,0,0,0,0,0,0,0,20260925T013701Z
2026,2,REG,2026_02_DET_BUF,00-0039879,BUF,DET,0,0,0,,0,0,0,0,0,0,0,0,0,20260925T013701Z
2026,2,REG,2026_02_MIA_SF,00-0039880,MIA,SF,5,47,0,9.4,2,0,1,4,0,4,5,43,0,20260925T013701Z
2026,2,REG,2026_02_GB_NYJ,00-0039886,NYJ,GB,0,0,0,,0,0,0,0,0,0,0,0,0,20260925T013701Z
2026,2,REG,2026_02_PHI_TEN,00-0039888,PHI,TEN,0,0,0,,0,0,0,0,0,0,0,0,0,20260925T013701Z
2026,2,REG,2026_02_CAR_ATL,00-0039889,ATL,CAR,0,0,0,,0,0,0,0,0,0,0,0,0,20260925T013701Z
2026,2,REG,2026_02_GB_NYJ,00-0039890,NYJ,GB,6,63,0,10.5,5,0,0,0,0,6,12,63,0,20260925T013701Z
2026,2,REG,2026_02_JAX_DEN,00-0039893,JAX,DEN,3,40,0,13.3333,3,0,0,0,0,3,8,40,0,20260925T013701Z
2026,2,REG,2026_02_IND_KC,00-0039894,KC,IND,5,25,1,5.0,2,0,0,0,0,5,7,25,1,20260925T013701Z
2026,2,REG,2026_02_LV_LAC,00-0039897,LAC,LV,0,0,0,,0,0,0,0,0,0,0,0,0,20260925T013701Z
2026,2,REG,2026_02_WAS_DAL,00-0039898,WAS,DAL,0,0,0,,0,0,0,0,0,0,0,0,0,20260925T013701Z
2026,2,REG,2026_02_DET_BUF,00-0039901,BUF,DET,6,63,0,10.5,4,0,0,0,0,6,6,63,0,20260925T013701Z
2026,2,REG,2026_02_GB_NYJ,00-0039904,GB,NYJ,0,0,0,,0,0,0,0,0,0,0,0,0,20260925T013701Z
2026,2,REG,2026_02_CLE_TB,00-0039905,TB,CLE,0,0,0,,0,0,0,0,0,0,0,0,0,20260925T013701Z
2026,2,REG,2026_02_CIN_HOU,00-0039908,CIN,HOU,0,0,0,,0,0,0,0,0,0,0,0,0,20260925T013701Z
2026,2,REG,2026_02_WAS_DAL,00-0039910,WAS,DAL,7,69,0,9.8571,5,1,7,69,0,0,0,0,0,20260925T013701Z
2026,2,REG,2026_02_WAS_DAL,00-0039912,WAS,DAL,1,6,0,6.0,0,0,0,0,0,1,1,6,0,20260925T013701Z
2026,2,REG,2026_02_WAS_DAL,00-0039913,WAS,DAL,0,0,0,,0,0,0,0,0,0,0,0,0,20260925T013701Z
2026,2,REG,2026_02_LV_LAC,00-0039915,LAC,LV,3,35,0,11.6667,2,0,0,0,0,3,3,35,0,20260925T013701Z
2026,2,REG,2026_02_MIN_CHI,00-0039918,CHI,MIN,5,42,0,8.4,3,1,5,42,0,0,0,0,0,20260925T013701Z
2026,2,REG,2026_02_MIN_CHI,00-0039919,CHI,MIN,3,43,0,14.3333,2,0,0,0,0,3,4,43,0,20260925T013701Z
2026,2,REG,2026_02_CLE_TB,00-0039920,CLE,TB,0,0,0,,0,0,0,0,0,0,0,0,0,20260925T013701Z
2026,2,REG,2026_02_MIN_CHI,00-0039924,MIN,CHI,0,0,0,,0,0,0,0,0,0,0,0,0,20260925T013701Z
2026,2,REG,2026_02_WAS_DAL,00-0040008,DAL,WAS,0,0,0,,0,0,0,0,0,0,0,0,0,20260925T013701Z
2026,2,REG,2026_02_GB_NYJ,00-0040010,GB,NYJ,0,0,0,,0,0,0,0,0,0,0,0,0,20260925T013701Z
2026,2,REG,2026_02_WAS_DAL,00-0040011,DAL,WAS,0,0,0,,0,0,0,0,0,0,0,0,0,20260925T013701Z
2026,2,REG,2026_02_PHI_TEN,00-0040013,PHI,TEN,0,0,0,,0,0,0,0,0,0,0,0,0,20260925T013701Z
2026,2,REG,2026_02_PHI_TEN,00-0040020,TEN,PHI,0,0,0,,0,0,0,0,0,0,0,0,0,20260925T013701Z
2026,2,REG,2026_02_PHI_TEN,00-0040024,PHI,TEN,2,26,1,13.0,2,0,0,0,0,2,3,26,1,20260925T013701Z
2026,2,REG,2026_02_PHI_TEN,00-0040041,TEN,PHI,0,0,0,,0,0,0,0,0,0,0,0,0,20260925T013701Z
2026,2,REG,2026_02_WAS_DAL,00-0040045,DAL,WAS,0,0,0,,0,0,0,0,0,0,0,0,0,20260925T013701Z
2026,2,REG,2026_02_MIA_SF,00-0040066,MIA,SF,0,0,0,,0,0,0,0,0,0,0,0,0,20260925T013701Z
2026,2,REG,2026_02_IND_KC,00-0040072,KC,IND,0,0,0,,0,0,0,0,0,0,0,0,0,20260925T013701Z
2026,2,REG,2026_02_NO_BAL,00-0040074,BAL,NO,0,0,0,,0,0,0,0,0,0,0,0,0,20260925T013701Z
2026,2,REG,2026_02_NO_BAL,00-0040075,BAL,NO,1,14,0,14.0,1,0,0,0,0,1,2,14,0,20260925T013701Z
2026,2,REG,2026_02_IND_KC,00-0040078,KC,IND,0,0,0,,0,0,0,0,0,0,0,0,0,20260925T013701Z
2026,2,REG,2026_02_CLE_TB,00-0040089,TB,CLE,0,0,0,,0,0,0,0,0,0,0,0,0,20260925T013701Z
2026,2,REG,2026_02_NO_BAL,00-0040100,BAL,NO,0,0,0,,0,0,0,0,0,0,0,0,0,20260925T013701Z
2026,2,REG,2026_02_NO_BAL,00-0040104,BAL,NO,0,0,0,,0,0,0,0,0,0,0,0,0,20260925T013701Z
2026,2,REG,2026_02_LV_LAC,00-0040122,LV,LAC,25,63,0,2.52,1,0,21,48,0,4,7,15,0,20260925T013701Z
2026,2,REG,2026_02_CAR_ATL,00-0040124,CAR,ATL,5,101,0,20.2,4,0,0,0,0,5,10,101,0,20260925T013701Z
2026,2,REG,2026_02_NO_BAL,00-0040125,NO,BAL,0,0,0,,0,0,0,0,0,0,0,0,0,20260925T013701Z
2026,2,REG,2026_02_MIN_CHI,00-0040126,CHI,MIN,1,3,0,3.0,0,0,0,0,0,1,3,3,0,20260925T013701Z
2026,2,REG,2026_02_IND_KC,00-0040128,IND,KC,7,24,1,3.4286,2,0,1,3,0,6,7,21,1,20260925T013701Z
2026,2,REG,2026_02_CLE_TB,00-0040129,TB,CLE,4,13,1,3.25,1,0,1,-3,0,3,5,16,1,20260925T013701Z
2026,2,REG,2026_02_PIT_NE,00-0040131,NE,PIT,1,10,0,10.0,1,0,0,0,0,1,2,10,0,20260925T013701Z
2026,2,REG,2026_02_DET_BUF,00-0040132,BUF,DET,0,0,0,,0,0,0,0,0,0,0,0,0,20260925T013701Z
2026,2,REG,2026_02_GB_NYJ,00-0040133,NYJ,GB,0,0,0,,0,0,0,0,0,0,0,0,0,20260925T013701Z
2026,2,REG,2026_02_JAX_DEN,00-0040134,DEN,JAX,1,16,0,16.0,1,0,1,16,0,0,1,0,0,20260925T013701Z
2026,2,REG,2026_02_CAR_ATL,00-0040136,CAR,ATL,0,0,0,,0,0,0,0,0,0,0,0,0,20260925T013701Z
2026,2,REG,2026_02_SEA_ARI,00-0040137,ARI,SEA,0,0,0,,0,0,0,0,0,0,0,0,0,20260925T013701Z
2026,2,REG,2026_02_CIN_HOU,00-0040138,HOU,CIN,2,44,0,22.0,2,0,1,13,0,1,5,31,0,20260925T013701Z
2026,2,REG,2026_02_IND_KC,00-0040139,IND,KC,0,0,0,,0,0,0,0,0,0,0,0,0,20260925T013701Z
2026,2,REG,2026_02_CIN_HOU,00-0040140,CIN,HOU,0,0,0,,0,0,0,0,0,0,0,0,0,20260925T013701Z
2026,2,REG,2026_02_PHI_TEN,00-0040141,TEN,PHI,0,0,0,,0,0,0,0,0,0,0,0,0,20260925T013701Z
2026,2,REG,2026_02_GB_NYJ,00-0040142,GB,NYJ,8,32,0,4.0,3,1,8,32,0,0,0,0,0,20260925T013701Z
2026,2,REG,2026_02_LV_LAC,00-0040144,LAC,LV,0,0,0,,0,0,0,0,0,0,0,0,0,20260925T013701Z
2026,2,REG,2026_02_CAR_ATL,00-0040148,ATL,CAR,0,0,0,,0,0,0,0,0,0,0,0,0,20260925T013701Z
2026,2,REG,2026_02_CIN_HOU,00-0040149,HOU,CIN,0,0,0,,0,0,0,0,0,0,0,0,0,20260925T013701Z
2026,2,REG,2026_02_MIA_SF,00-0040152,SF,MIA,0,0,0,,0,0,0,0,0,0,0,0,0,20260925T013701Z
2026,2,REG,2026_02_NO_BAL,00-0040155,NO,BAL,0,0,0,,0,0,0,0,0,0,0,0,0,20260925T013701Z
2026,2,REG,2026_02_CIN_HOU,00-0040157,CIN,HOU,0,0,0,,0,0,0,0,0,0,0,0,0,20260925T013701Z
2026,2,REG,2026_02_CLE_TB,00-0040158,TB,CLE,0,0,0,,0,0,0,0,0,0,0,0,0,20260925T013701Z
2026,2,REG,2026_02_CAR_ATL,00-0040159,CAR,ATL,0,0,0,,0,0,0,0,0,0,0,0,0,20260925T013701Z
2026,2,REG,2026_02_WAS_DAL,00-0040164,WAS,DAL,0,0,0,,0,0,0,0,0,0,0,0,0,20260925T013701Z
2026,2,REG,2026_02_GB_NYJ,00-0040165,NYJ,GB,0,0,0,,0,0,0,0,0,0,0,0,0,20260925T013701Z
2026,2,REG,2026_02_NO_BAL,00-0040166,NO,BAL,0,0,0,,0,0,0,0,0,0,0,0,0,20260925T013701Z
2026,2,REG,2026_02_JAX_DEN,00-0040168,DEN,JAX,0,0,0,,0,0,0,0,0,0,0,0,0,20260925T013701Z
2026,2,REG,2026_02_LV_LAC,00-0040169,LV,LAC,0,0,0,,0,0,0,0,0,0,0,0,0,20260925T013701Z
2026,2,REG,2026_02_PHI_TEN,00-0040170,TEN,PHI,2,69,0,34.5,2,0,0,0,0,2,3,69,0,20260925T013701Z
2026,2,REG,2026_02_PIT_NE,00-0040171,NE,PIT,0,0,0,,0,0,0,0,0,0,0,0,0,20260925T013701Z
2026,2,REG,2026_02_MIN_CHI,00-0040173,MIN,CHI,0,0,0,,0,0,0,0,0,0,0,0,0,20260925T013701Z
2026,2,REG,2026_02_CAR_ATL,00-0040174,CAR,ATL,0,0,0,,0,0,0,0,0,0,0,0,0,20260925T013701Z
2026,2,REG,2026_02_MIA_SF,00-0040175,MIA,SF,0,0,0,,0,0,0,0,0,0,0,0,0,20260925T013701Z
2026,2,REG,2026_02_MIA_SF,00-0040177,SF,MIA,4,15,0,3.75,1,0,4,15,0,0,0,0,0,20260925T013701Z
2026,2,REG,2026_02_MIA_SF,00-0040178,MIA,SF,0,0,0,,0,0,0,0,0,0,0,0,0,20260925T013701Z
2026,2,REG,2026_02_MIA_SF,00-0040182,MIA,SF,0,0,0,,0,0,0,0,0,0,0,0,0,20260925T013701Z
2026,2,REG,2026_02_CLE_TB,00-0040183,TB,CLE,0,0,0,,0,0,0,0,0,0,0,0,0,20260925T013701Z
2026,2,REG,2026_02_MIA_SF,00-0040185,SF,MIA,0,0,0,,0,0,0,0,0,0,0,0,0,20260925T013701Z
2026,2,REG,2026_02_CAR_ATL,00-0040187,CAR,ATL,1,13,0,13.0,0,0,0,0,0,1,1,13,0,20260925T013701Z
2026,2,REG,2026_02_LV_LAC,00-0040189,LAC,LV,2,18,1,9.0,1,0,0,0,0,2,2,18,1,20260925T013701Z
2026,2,REG,2026_02_DET_BUF,00-0040192,BUF,DET,0,0,0,,0,0,0,0,0,0,0,0,0,20260925T013701Z
2026,2,REG,2026_02_SEA_ARI,00-0040195,ARI,SEA,0,0,0,,0,0,0,0,0,0,0,0,0,20260925T013701Z
2026,2,REG,2026_02_MIA_SF,00-0040198,MIA,SF,3,7,0,2.3333,0,0,3,7,0,0,0,0,0,20260925T013701Z
2026,2,REG,2026_02_PIT_NE,00-0040200,NE,PIT,0,0,0,,0,0,0,0,0,0,0,0,0,20260925T013701Z
2026,2,REG,2026_02_PHI_TEN,00-0040201,TEN,PHI,0,0,0,,0,0,0,0,0,0,0,0,0,20260925T013701Z
2026,2,REG,2026_02_PIT_NE,00-0040204,NE,PIT,0,0,0,,0,0,0,0,0,0,0,0,0,20260925T013701Z
2026,2,REG,2026_02_JAX_DEN,00-0040213,JAX,DEN,0,0,0,,0,0,0,0,0,0,0,0,0,20260925T013701Z
2026,2,REG,2026_02_LV_LAC,00-0040221,LAC,LV,0,0,0,,0,0,0,0,0,0,0,0,0,20260925T013701Z
2026,2,REG,2026_02_JAX_DEN,00-0040223,DEN,JAX,0,0,0,,0,0,0,0,0,0,0,0,0,20260925T013701Z
2026,2,REG,2026_02_IND_KC,00-0040235,IND,KC,0,0,0,,0,0,0,0,0,0,0,0,0,20260925T013701Z
2026,2,REG,2026_02_MIN_CHI,00-0040236,CHI,MIN,12,58,0,4.8333,3,0,10,47,0,2,2,11,0,20260925T013701Z
2026,2,REG,2026_02_CLE_TB,00-0040237,TB,CLE,1,49,0,49.0,1,0,0,0,0,1,4,49,0,20260925T013701Z
2026,2,REG,2026_02_JAX_DEN,00-0040238,JAX,DEN,0,0,0,,0,0,0,0,0,0,1,0,0,20260925T013701Z
2026,2,REG,2026_02_WAS_DAL,00-0040242,WAS,DAL,13,48,0,3.6923,0,0,12,43,0,1,1,5,0,20260925T013701Z
2026,2,REG,2026_02_MIA_SF,00-0040248,MIA,SF,0,0,0,,0,0,0,0,0,0,0,0,0,20260925T013701Z
2026,2,REG,2026_02_CLE_TB,00-0040255,CLE,TB,0,0,0,,0,0,0,0,0,0,0,0,0,20260925T013701Z
2026,2,REG,2026_02_CLE_TB,00-0040263,CLE,TB,0,0,0,,0,0,0,0,0,0,0,0,0,20260925T013701Z
2026,2,REG,2026_02_CAR_ATL,00-0040279,CAR,ATL,0,0,0,,0,0,0,0,0,0,0,0,0,20260925T013701Z
2026,2,REG,2026_02_WAS_DAL,00-0040318,WAS,DAL,0,0,0,,0,0,0,0,0,0,0,0,0,20260925T013701Z
2026,2,REG,2026_02_JAX_DEN,00-0040326,JAX,DEN,0,0,0,,0,0,0,0,0,0,0,0,0,20260925T013701Z
2026,2,REG,2026_02_JAX_DEN,00-0040342,JAX,DEN,0,0,0,,0,0,0,0,0,0,0,0,0,20260925T013701Z
2026,2,REG,2026_02_DET_BUF,00-0040363,BUF,DET,0,0,0,,0,0,0,0,0,0,0,0,0,20260925T013701Z
2026,2,REG,2026_02_CAR_ATL,00-0040458,CAR,ATL,0,0,0,,0,0,0,0,0,0,0,0,0,20260925T013701Z
2026,2,REG,2026_02_CLE_TB,00-0040466,CLE,TB,3,11,0,3.6667,0,0,2,4,0,1,1,7,0,20260925T013701Z
2026,2,REG,2026_02_MIN_CHI,00-0040496,MIN,CHI,0,0,0,,0,0,0,0,0,0,0,0,0,20260925T013701Z
2026,2,REG,2026_02_MIN_CHI,00-0040506,MIN,CHI,0,0,0,,0,0,0,0,0,0,1,0,0,20260925T013701Z
2026,2,REG,2026_02_PIT_NE,00-0040556,NE,PIT,2,0,0,0.0,0,0,2,0,0,0,0,0,0,20260925T013701Z
2026,2,REG,2026_02_PIT_NE,00-0040563,NE,PIT,1,-2,0,-2.0,0,0,0,0,0,1,1,-2,0,20260925T013701Z
2026,2,REG,2026_02_PIT_NE,00-0040574,NE,PIT,0,0,0,,0,0,0,0,0,0,0,0,0,20260925T013701Z
2026,2,REG,2026_02_CLE_TB,00-0040579,CLE,TB,0,0,0,,0,0,0,0,0,0,0,0,0,20260925T013701Z
2026,2,REG,2026_02_NYG_LA,00-0040580,LA,NYG,0,0,0,,0,0,0,0,0,0,0,0,0,20260925T013701Z
2026,2,REG,2026_02_GB_NYJ,00-0040582,NYJ,GB,0,0,0,,0,0,0,0,0,0,0,0,0,20260925T013701Z
2026,2,REG,2026_02_CIN_HOU,00-0040583,HOU,CIN,13,35,0,2.6923,2,0,8,8,0,5,6,27,0,20260925T013701Z
2026,2,REG,2026_02_PHI_TEN,00-0040584,TEN,PHI,2,13,0,6.5,0,0,0,0,0,2,2,13,0,20260925T013701Z
2026,2,REG,2026_02_NYG_LA,00-0040590,LA,NYG,1,12,0,12.0,1,0,0,0,0,1,2,12,0,20260925T013701Z
2026,2,REG,2026_02_JAX_DEN,00-0040634,DEN,JAX,0,0,0,,0,0,0,0,0,0,0,0,0,20260925T013701Z
2026,2,REG,2026_02_IND_KC,00-0040640,KC,IND,0,0,0,,0,0,0,0,0,0,0,0,0,20260925T013701Z
2026,2,REG,2026_02_NO_BAL,00-0040642,NO,BAL,0,0,0,,0,0,0,0,0,0,0,0,0,20260925T013701Z
2026,2,REG,2026_02_NO_BAL,00-0040643,NO,BAL,0,0,0,,0,0,0,0,0,0,0,0,0,20260925T013701Z
2026,2,REG,2026_02_SEA_ARI,00-0040645,ARI,SEA,0,0,0,,0,0,0,0,0,0,0,0,0,20260925T013701Z
2026,2,REG,2026_02_IND_KC,00-0040646,KC,IND,2,6,1,3.0,2,0,0,0,0,2,2,6,1,20260925T013701Z
2026,2,REG,2026_02_SEA_ARI,00-0040647,SEA,ARI,0,0,0,,0,0,0,0,0,0,0,0,0,20260925T013701Z
2026,2,REG,2026_02_CIN_HOU,00-0040654,HOU,CIN,0,0,0,,0,0,0,0,0,0,0,0,0,20260925T013701Z
2026,2,REG,2026_02_CLE_TB,00-0040663,CLE,TB,5,54,0,10.8,3,0,0,0,0,5,6,54,0,20260925T013701Z
2026,2,REG,2026_02_LV_LAC,00-0040666,LAC,LV,25,115,1,4.6,7,1,23,94,1,2,2,21,0,20260925T013701Z
2026,2,REG,2026_02_GB_NYJ,00-0040667,GB,NYJ,4,58,0,14.5,4,0,0,0,0,4,6,58,0,20260925T013701Z
2026,2,REG,2026_02_DET_BUF,00-0040669,DET,BUF,2,26,0,13.0,1,0,0,0,0,2,5,26,0,20260925T013701Z
2026,2,REG,2026_02_IND_KC,00-0040670,KC,IND,0,0,0,,0,0,0,0,0,0,0,0,0,20260925T013701Z
2026,2,REG,2026_02_DET_BUF,00-0040672,DET,BUF,0,0,0,,0,0,0,0,0,0,0,0,0,20260925T013701Z
2026,2,REG,2026_02_PHI_TEN,00-0040676,TEN,PHI,4,7,2,1.75,3,0,4,7,2,0,0,0,0,20260925T013701Z
2026,2,REG,2026_02_NYG_LA,00-0040677,NYG,LA,0,0,0,,0,0,0,0,0,0,0,0,0,20260925T013701Z
2026,2,REG,2026_02_PIT_NE,00-0040678,PIT,NE,0,0,0,,0,0,0,0,0,0,0,0,0,20260925T013701Z
2026,2,REG,2026_02_CLE_TB,00-0040685,CLE,TB,0,0,0,,0,0,0,0,0,0,0,0,0,20260925T013701Z
2026,2,REG,2026_02_WAS_DAL,00-0040686,WAS,DAL,0,0,0,,0,0,0,0,0,0,0,0,0,20260925T013701Z
2026,2,REG,2026_02_NO_BAL,00-0040688,BAL,NO,0,0,0,,0,0,0,0,0,0,0,0,0,20260925T013701Z
2026,2,REG,2026_02_GB_NYJ,00-0040689,GB,NYJ,0,0,0,,0,0,0,0,0,0,0,0,0,20260925T013701Z
2026,2,REG,2026_02_NYG_LA,00-0040691,NYG,LA,0,0,0,,0,0,0,0,0,0,0,0,0,20260925T013701Z
2026,2,REG,2026_02_PHI_TEN,00-0040705,TEN,PHI,0,0,0,,0,0,0,0,0,0,0,0,0,20260925T013701Z
2026,2,REG,2026_02_SEA_ARI,00-0040706,ARI,SEA,0,0,0,,0,0,0,0,0,0,0,0,0,20260925T013701Z
2026,2,REG,2026_02_PHI_TEN,00-0040708,PHI,TEN,0,0,0,,0,0,0,0,0,0,0,0,0,20260925T013701Z
2026,2,REG,2026_02_DET_BUF,00-0040709,BUF,DET,0,0,0,,0,0,0,0,0,0,0,0,0,20260925T013701Z
2026,2,REG,2026_02_DET_BUF,00-0040710,BUF,DET,0,0,0,,0,0,0,0,0,0,0,0,0,20260925T013701Z
2026,2,REG,2026_02_MIA_SF,00-0040711,SF,MIA,0,0,0,,0,0,0,0,0,0,0,0,0,20260925T013701Z
2026,2,REG,2026_02_NYG_LA,00-0040715,NYG,LA,16,55,0,3.4375,2,1,12,36,0,4,4,19,0,20260925T013701Z
2026,2,REG,2026_02_PIT_NE,00-0040716,NE,PIT,0,0,0,,0,0,0,0,0,0,0,0,0,20260925T013701Z
2026,2,REG,2026_02_JAX_DEN,00-0040718,JAX,DEN,0,0,0,,0,0,0,0,0,0,0,0,0,20260925T013701Z
2026,2,REG,2026_02_JAX_DEN,00-0040719,JAX,DEN,15,62,1,4.1333,4,0,13,65,1,2,2,-3,0,20260925T013701Z
2026,2,REG,2026_02_NO_BAL,00-0040722,BAL,NO,0,0,0,,0,0,0,0,0,0,0,0,0,20260925T013701Z
2026,2,REG,2026_02_WAS_DAL,00-0040725,DAL,WAS,0,0,0,,0,0,0,0,0,0,0,0,0,20260925T013701Z
2026,2,REG,2026_02_GB_NYJ,00-0040726,GB,NYJ,0,0,0,,0,0,0,0,0,0,0,0,0,20260925T013701Z
2026,2,REG,2026_02_LV_LAC,00-0040727,LAC,LV,1,53,0,53.0,1,0,0,0,0,1,3,53,0,20260925T013701Z
2026,2,REG,2026_02_LV_LAC,00-0040729,LV,LAC,2,25,0,12.5,1,1,0,0,0,2,2,25,0,20260925T013701Z
2026,2,REG,2026_02_SEA_ARI,00-0040733,SEA,ARI,0,0,0,,0,0,0,0,0,0,0,0,0,20260925T013701Z
2026,2,REG,2026_02_PIT_NE,00-0040734,NE,PIT,16,76,1,4.75,3,0,16,76,1,0,0,0,0,20260925T013701Z
2026,2,REG,2026_02_MIN_CHI,00-0040735,CHI,MIN,3,32,0,10.6667,1,0,0,0,0,3,7,32,0,20260925T013701Z
2026,2,REG,2026_02_NYG_LA,00-0040737,LA,NYG,6,54,1,9.0,2,0,0,0,0,6,9,54,1,20260925T013701Z
2026,2,REG,2026_02_CIN_HOU,00-0040738,CIN,HOU,0,0,0,,0,0,0,0,0,0,0,0,0,20260925T013701Z
2026,2,REG,2026_02_SEA_ARI,00-0040739,SEA,ARI,1,17,0,17.0,1,0,0,0,0,1,1,17,0,20260925T013701Z
2026,2,REG,2026_02_NO_BAL,00-0040743,NO,BAL,9,23,1,2.5556,3,1,9,23,1,0,0,0,0,20260925T013701Z
2026,2,REG,2026_02_IND_KC,00-0040744,IND,KC,0,0,0,,0,0,0,0,0,0,0,0,0,20260925T013701Z
2026,2,REG,2026_02_CLE_TB,00-0040747,TB,CLE,0,0,0,,0,0,0,0,0,0,0,0,0,20260925T013701Z
2026,2,REG,2026_02_PHI_TEN,00-0040749,PHI,TEN,0,0,0,,0,0,0,0,0,0,0,0,0,20260925T013701Z
2026,2,REG,2026_02_SEA_ARI,00-0040751,ARI,SEA,0,0,0,,0,0,0,0,0,0,0,0,0,20260925T013701Z
2026,2,REG,2026_02_PHI_TEN,00-0040752,TEN,PHI,0,0,0,,0,0,0,0,0,0,0,0,0,20260925T013701Z
2026,2,REG,2026_02_CIN_HOU,00-0040756,CIN,HOU,0,0,0,,0,0,0,0,0,0,0,0,0,20260925T013701Z
2026,2,REG,2026_02_CLE_TB,00-0040782,CLE,TB,1,10,0,10.0,1,0,0,0,0,1,1,10,0,20260925T013701Z
2026,2,REG,2026_02_CLE_TB,00-0040784,CLE,TB,17,48,0,2.8235,2,0,12,21,0,5,5,27,0,20260925T013701Z
2026,2,REG,2026_02_CIN_HOU,00-0040785,CIN,HOU,0,0,0,,0,0,0,0,0,0,1,0,0,20260925T013701Z
2026,2,REG,2026_02_WAS_DAL,00-0040865,DAL,WAS,0,0,0,,0,0,0,0,0,0,0,0,0,20260925T013701Z
2026,2,REG,2026_02_PHI_TEN,00-0040867,PHI,TEN,2,9,0,4.5,1,0,1,-5,0,1,1,14,0,20260925T013701Z
2026,2,REG,2026_02_LV_LAC,00-0040868,LV,LAC,0,0,0,,0,0,0,0,0,0,0,0,0,20260925T013701Z
2026,2,REG,2026_02_GB_NYJ,00-0040869,GB,NYJ,0,0,0,,0,0,0,0,0,0,0,0,0,20260925T013701Z
2026,2,REG,2026_02_WAS_DAL,00-0040872,DAL,WAS,0,0,0,,0,0,0,0,0,0,0,0,0,20260925T013701Z
2026,2,REG,2026_02_SEA_ARI,00-0040873,SEA,ARI,0,0,0,,0,0,0,0,0,0,0,0,0,20260925T013701Z
2026,2,REG,2026_02_GB_NYJ,00-0040877,GB,NYJ,0,0,0,,0,0,0,0,0,0,0,0,0,20260925T013701Z
2026,2,REG,2026_02_LV_LAC,00-0040878,LV,LAC,3,7,0,2.3333,0,0,3,7,0,0,1,0,0,20260925T013701Z
2026,2,REG,2026_02_WAS_DAL,00-0040880,DAL,WAS,0,0,0,,0,0,0,0,0,0,0,0,0,20260925T013701Z
2026,2,REG,2026_02_NO_BAL,00-0040885,BAL,NO,0,0,0,,0,0,0,0,0,0,0,0,0,20260925T013701Z
2026,2,REG,2026_02_PHI_TEN,00-0040886,TEN,PHI,4,10,0,2.5,0,0,4,10,0,0,0,0,0,20260925T013701Z
2026,2,REG,2026_02_LV_LAC,00-0040889,LV,LAC,0,0,0,,0,0,0,0,0,0,0,0,0,20260925T013701Z
2026,2,REG,2026_02_LV_LAC,00-0040894,LV,LAC,0,0,0,,0,0,0,0,0,0,1,0,0,20260925T013701Z
2026,2,REG,2026_02_NO_BAL,00-0040898,BAL,NO,0,0,0,,0,0,0,0,0,0,0,0,0,20260925T013701Z
2026,2,REG,2026_02_GB_NYJ,00-0040899,GB,NYJ,0,0,0,,0,0,0,0,0,0,0,0,0,20260925T013701Z
2026,2,REG,2026_02_IND_KC,00-0040928,IND,KC,0,0,0,,0,0,0,0,0,0,0,0,0,20260925T013701Z
2026,2,REG,2026_02_GB_NYJ,00-0040948,GB,NYJ,0,0,0,,0,0,0,0,0,0,0,0,0,20260925T013701Z
2026,2,REG,2026_02_NO_BAL,00-0040978,BAL,NO,0,0,0,,0,0,0,0,0,0,0,0,0,20260925T013701Z
2026,2,REG,2026_02_IND_KC,00-0041013,KC,IND,4,35,0,8.75,2,0,2,15,0,2,2,20,0,20260925T013701Z
2026,2,REG,2026_02_IND_KC,00-0041019,KC,IND,0,0,0,,0,0,0,0,0,0,0,0,0,20260925T013701Z
2026,2,REG,2026_02_GB_NYJ,00-0041026,NYJ,GB,0,0,0,,0,0,0,0,0,0,0,0,0,20260925T013701Z
2026,2,REG,2026_02_SEA_ARI,00-0041027,ARI,SEA,12,45,0,3.75,1,0,9,29,0,3,3,16,0,20260925T013701Z
2026,2,REG,2026_02_WAS_DAL,00-0041028,WAS,DAL,0,0,0,,0,0,0,0,0,0,0,0,0,20260925T013701Z
2026,2,REG,2026_02_GB_NYJ,00-0041032,NYJ,GB,2,17,0,8.5,0,0,0,0,0,2,3,17,0,20260925T013701Z
2026,2,REG,2026_02_MIN_CHI,00-0041033,MIN,CHI,0,0,0,,0,0,0,0,0,0,0,0,0,20260925T013701Z
2026,2,REG,2026_02_DET_BUF,00-0041036,BUF,DET,0,0,0,,0,0,0,0,0,0,0,0,0,20260925T013701Z
2026,2,REG,2026_02_CLE_TB,00-0041037,CLE,TB,5,95,1,19.0,3,0,0,0,0,5,7,95,1,20260925T013701Z
2026,2,REG,2026_02_IND_KC,00-0041039,IND,KC,0,0,0,,0,0,0,0,0,0,0,0,0,20260925T013701Z
2026,2,REG,2026_02_WAS_DAL,00-0041040,WAS,DAL,3,24,0,8.0,1,0,0,0,0,3,3,24,0,20260925T013701Z
2026,2,REG,2026_02_NO_BAL,00-0041041,NO,BAL,1,8,0,8.0,0,0,0,0,0,1,1,8,0,20260925T013701Z
2026,2,REG,2026_02_NYG_LA,00-0041042,NYG,LA,2,30,0,15.0,2,0,0,0,0,2,6,30,0,20260925T013701Z
2026,2,REG,2026_02_IND_KC,00-0041043,IND,KC,0,0,0,,0,0,0,0,0,0,0,0,0,20260925T013701Z
2026,2,REG,2026_02_CAR_ATL,00-0041044,ATL,CAR,2,14,0,7.0,1,0,0,0,0,2,2,14,0,20260925T013701Z
2026,2,REG,2026_02_JAX_DEN,00-0041045,JAX,DEN,0,0,0,,0,0,0,0,0,0,0,0,0,20260925T013701Z
2026,2,REG,2026_02_MIN_CHI,00-0041046,MIN,CHI,0,0,0,,0,0,0,0,0,0,0,0,0,20260925T013701Z
2026,2,REG,2026_02_CLE_TB,00-0041048,TB,CLE,2,27,0,13.5,1,0,0,0,0,2,7,27,0,20260925T013701Z
2026,2,REG,2026_02_CLE_TB,00-0041049,CLE,TB,0,0,0,,0,0,0,0,0,0,0,0,0,20260925T013701Z
2026,2,REG,2026_02_MIN_CHI,00-0041051,CHI,MIN,0,0,0,,0,0,0,0,0,0,0,0,0,20260925T013701Z
2026,2,REG,2026_02_MIA_SF,00-0041052,SF,MIA,7,25,0,3.5714,0,0,7,25,0,0,0,0,0,20260925T013701Z
2026,2,REG,2026_02_CLE_TB,00-0041057,TB,CLE,0,0,0,,0,0,0,0,0,0,0,0,0,20260925T013701Z
2026,2,REG,2026_02_MIN_CHI,00-0041060,CHI,MIN,0,0,0,,0,0,0,0,0,0,0,0,0,20260925T013701Z
2026,2,REG,2026_02_CAR_ATL,00-0041063,CAR,ATL,0,0,0,,0,0,0,0,0,0,0,0,0,20260925T013701Z
2026,2,REG,2026_02_LV_LAC,00-0041064,LAC,LV,0,0,0,,0,0,0,0,0,0,0,0,0,20260925T013701Z
2026,2,REG,2026_02_CAR_ATL,00-0041066,ATL,CAR,0,0,0,,0,0,0,0,0,0,0,0,0,20260925T013701Z
2026,2,REG,2026_02_NO_BAL,00-0041067,NO,BAL,1,8,0,8.0,0,0,0,0,0,1,1,8,0,20260925T013701Z
2026,2,REG,2026_02_CIN_HOU,00-0041069,CIN,HOU,1,7,0,7.0,0,0,0,0,0,1,1,7,0,20260925T013701Z
2026,2,REG,2026_02_LV_LAC,00-0041072,LAC,LV,0,0,0,,0,0,0,0,0,0,0,0,0,20260925T013701Z
2026,2,REG,2026_02_CAR_ATL,00-0041076,CAR,ATL,0,0,0,,0,0,0,0,0,0,0,0,0,20260925T013701Z
2026,2,REG,2026_02_MIA_SF,00-0041078,SF,MIA,0,0,0,,0,0,0,0,0,0,0,0,0,20260925T013701Z
2026,2,REG,2026_02_PIT_NE,00-0041088,NE,PIT,0,0,0,,0,0,0,0,0,0,0,0,0,20260925T013701Z
2026,2,REG,2026_02_SEA_ARI,00-0041093,ARI,SEA,0,0,0,,0,0,0,0,0,0,0,0,0,20260925T013701Z
2026,2,REG,2026_02_WAS_DAL,00-0041096,WAS,DAL,5,24,0,4.8,1,0,5,24,0,0,0,0,0,20260925T013701Z
2026,2,REG,2026_02_NO_BAL,00-0041099,NO,BAL,0,0,0,,0,0,0,0,0,0,0,0,0,20260925T013701Z
2026,2,REG,2026_02_JAX_DEN,00-0041100,JAX,DEN,0,0,0,,0,0,0,0,0,0,0,0,0,20260925T013701Z
2026,2,REG,2026_02_MIN_CHI,00-0041104,MIN,CHI,1,2,0,2.0,0,0,0,0,0,1,1,2,0,20260925T013701Z
2026,2,REG,2026_02_PIT_NE,00-0041109,NE,PIT,0,0,0,,0,0,0,0,0,0,0,0,0,20260925T013701Z
2026,2,REG,2026_02_MIN_CHI,00-0041110,CHI,MIN,0,0,0,,0,0,0,0,0,0,0,0,0,20260925T013701Z
2026,2,REG,2026_02_IND_KC,00-0041111,IND,KC,0,0,0,,0,0,0,0,0,0,0,0,0,20260925T013701Z
2026,2,REG,2026_02_CAR_ATL,00-0041112,ATL,CAR,0,0,0,,0,0,0,0,0,0,0,0,0,20260925T013701Z
2026,2,REG,2026_02_IND_KC,00-0041125,IND,KC,2,0,0,0.0,0,0,2,0,0,0,0,0,0,20260925T013701Z
2026,2,REG,2026_02_DET_BUF,00-0041126,BUF,DET,0,0,0,,0,0,0,0,0,0,0,0,0,20260925T013701Z
2026,2,REG,2026_02_IND_KC,00-0041132,IND,KC,2,14,0,7.0,1,0,2,14,0,0,0,0,0,20260925T013701Z
2026,2,REG,2026_02_NYG_LA,00-0041145,NYG,LA,0,0,0,,0,0,0,0,0,0,0,0,0,20260925T013701Z
2026,2,REG,2026_02_CAR_ATL,00-0041148,CAR,ATL,0,0,0,,0,0,0,0,0,0,0,0,0,20260925T013701Z
2026,2,REG,2026_02_MIN_CHI,00-0041175,CHI,MIN,0,0,0,,0,0,0,0,0,0,0,0,0,20260925T013701Z
2026,2,REG,2026_02_WAS_DAL,00-0041182,WAS,DAL,0,0,0,,0,0,0,0,0,0,0,0,0,20260925T013701Z
2026,2,REG,2026_02_CAR_ATL,00-0041194,ATL,CAR,2,16,0,8.0,2,0,2,16,0,0,0,0,0,20260925T013701Z
2026,2,REG,2026_02_IND_KC,00-0041227,IND,KC,0,0,0,,0,0,0,0,0,0,0,0,0,20260925T013701Z
2026,2,REG,2026_02_CIN_HOU,00-0041305,HOU,CIN,0,0,0,,0,0,0,0,0,0,0,0,0,20260925T013701Z
2026,2,REG,2026_02_NO_BAL,00-0041326,NO,BAL,1,2,0,2.0,1,0,1,2,0,0,0,0,0,20260925T013701Z
2026,2,REG,2026_02_MIN_CHI,00-0041354,MIN,CHI,0,0,0,,0,0,0,0,0,0,0,0,0,20260925T013701Z
2026,2,REG,2026_02_MIA_SF,00-0041363,SF,MIA,0,0,0,,0,0,0,0,0,0,0,0,0,20260925T013701Z
2026,2,REG,2026_02_SEA_ARI,00-0041370,ARI,SEA,0,0,0,,0,0,0,0,0,0,0,0,0,20260925T013701Z
2026,2,REG,2026_02_LV_LAC,00-0041381,LAC,LV,0,0,0,,0,0,0,0,0,0,0,0,0,20260925T013701Z
2026,2,REG,2026_02_SEA_ARI,00-0041382,SEA,ARI,0,0,0,,0,0,0,0,0,0,0,0,0,20260925T013701Z
2026,2,REG,2026_02_DET_BUF,00-0041391,BUF,DET,0,0,0,,0,0,0,0,0,0,0,0,0,20260925T013701Z
2026,2,REG,2026_02_LV_LAC,00-0041392,LAC,LV,0,0,0,,0,0,0,0,0,0,0,0,0,20260925T013701Z
2026,2,REG,2026_02_PIT_NE,00-0041395,NE,PIT,1,30,0,30.0,1,0,0,0,0,1,1,30,0,20260925T013701Z
2026,2,REG,2026_02_PIT_NE,00-0041397,PIT,NE,0,0,0,,0,0,0,0,0,0,0,0,0,20260925T013701Z
2026,2,REG,2026_02_PIT_NE,00-0041401,PIT,NE,0,0,0,,0,0,0,0,0,0,0,0,0,20260925T013701Z
2026,2,REG,2026_02_PIT_NE,00-0041402,NE,PIT,0,0,0,,0,0,0,0,0,0,0,0,0,20260925T013701Z
2026,2,REG,2026_02_NYG_LA,00-0041404,LA,NYG,0,0,0,,0,0,0,0,0,0,0,0,0,20260925T013701Z
2026,2,REG,2026_02_MIA_SF,00-0041436,MIA,SF,1,18,0,18.0,1,1,0,0,0,1,3,18,0,20260925T013701Z
2026,2,REG,2026_02_PHI_TEN,00-0041438,TEN,PHI,3,27,0,9.0,1,0,0,0,0,3,5,27,0,20260925T013701Z
2026,2,REG,2026_02_DET_BUF,00-0041444,BUF,DET,0,0,0,,0,0,0,0,0,0,0,0,0,20260925T013701Z
2026,2,REG,2026_02_DET_BUF,00-0041447,DET,BUF,0,0,0,,0,0,0,0,0,0,0,0,0,20260925T013701Z
2026,2,REG,2026_02_CIN_HOU,00-0041449,HOU,CIN,0,0,0,,0,0,0,0,0,0,0,0,0,20260925T013701Z
2026,2,REG,2026_02_PIT_NE,00-0041455,NE,PIT,0,0,0,,0,0,0,0,0,0,0,0,0,20260925T013701Z
2026,2,REG,2026_02_DET_BUF,00-0041459,DET,BUF,0,0,0,,0,0,0,0,0,0,0,0,0,20260925T013701Z
2026,2,REG,2026_02_NYG_LA,00-0041462,NYG,LA,0,0,0,,0,0,0,0,0,0,0,0,0,20260925T013701Z
2026,2,REG,2026_02_CIN_HOU,00-0041464,CIN,HOU,0,0,0,,0,0,0,0,0,0,0,0,0,20260925T013701Z
2026,2,REG,2026_02_CAR_ATL,00-0041469,ATL,CAR,0,0,0,,0,0,0,0,0,0,0,0,0,20260925T013701Z
2026,2,REG,2026_02_GB_NYJ,00-0041470,GB,NYJ,0,0,0,,0,0,0,0,0,0,0,0,0,20260925T013701Z
2026,2,REG,2026_02_CLE_TB,00-0041471,CLE,TB,0,0,0,,0,0,0,0,0,0,0,0,0,20260925T013701Z
2026,2,REG,2026_02_PHI_TEN,00-0041479,TEN,PHI,0,0,0,,0,0,0,0,0,0,0,0,0,20260925T013701Z
2026,2,REG,2026_02_PIT_NE,00-0041489,PIT,NE,4,35,0,8.75,2,0,0,0,0,4,8,35,0,20260925T013701Z
2026,2,REG,2026_02_PIT_NE,00-0041490,PIT,NE,0,0,0,,0,0,0,0,0,0,0,0,0,20260925T013701Z
2026,2,REG,2026_02_NO_BAL,00-0041494,BAL,NO,0,0,0,,0,0,0,0,0,0,0,0,0,20260925T013701Z
2026,2,REG,2026_02_MIN_CHI,00-0041495,MIN,CHI,0,0,0,,0,0,0,0,0,0,0,0,0,20260925T013701Z
2026,2,REG,2026_02_JAX_DEN,00-0041496,DEN,JAX,13,58,1,4.4615,3,0,10,39,1,3,3,19,0,20260925T013701Z
2026,2,REG,2026_02_IND_KC,00-0041497,KC,IND,0,0,0,,0,0,0,0,0,0,0,0,0,20260925T013701Z
2026,2,REG,2026_02_IND_KC,00-0041501,KC,IND,0,0,0,,0,0,0,0,0,0,0,0,0,20260925T013701Z
2026,2,REG,2026_02_CLE_TB,00-0041502,TB,CLE,0,0,0,,0,0,0,0,0,0,0,0,0,20260925T013701Z
2026,2,REG,2026_02_NYG_LA,00-0041505,NYG,LA,0,0,0,,0,0,0,0,0,0,0,0,0,20260925T013701Z
2026,2,REG,2026_02_PHI_TEN,00-0041508,TEN,PHI,0,0,0,,0,0,0,0,0,0,0,0,0,20260925T013701Z
2026,2,REG,2026_02_NYG_LA,00-0041509,NYG,LA,0,0,0,,0,0,0,0,0,0,0,0,0,20260925T013701Z
2026,2,REG,2026_02_SEA_ARI,00-0041512,SEA,ARI,14,60,0,4.2857,3,1,13,52,0,1,2,8,0,20260925T013701Z
2026,2,REG,2026_02_IND_KC,00-0041518,IND,KC,0,0,0,,0,0,0,0,0,0,0,0,0,20260925T013701Z
2026,2,REG,2026_02_MIA_SF,00-0041521,MIA,SF,0,0,0,,0,0,0,0,0,0,0,0,0,20260925T013701Z
2026,2,REG,2026_02_MIA_SF,00-0041522,MIA,SF,0,0,0,,0,0,0,0,0,0,0,0,0,20260925T013701Z
2026,2,REG,2026_02_MIA_SF,00-0041523,MIA,SF,2,19,0,9.5,2,0,0,0,0,2,3,19,0,20260925T013701Z
2026,2,REG,2026_02_MIA_SF,00-0041524,MIA,SF,1,4,0,4.0,0,0,0,0,0,1,1,4,0,20260925T013701Z
2026,2,REG,2026_02_MIA_SF,00-0041525,MIA,SF,0,0,0,,0,0,0,0,0,0,1,0,0,20260925T013701Z
2026,2,REG,2026_02_MIA_SF,00-0041528,MIA,SF,0,0,0,,0,0,0,0,0,0,0,0,0,20260925T013701Z
2026,2,REG,2026_02_CIN_HOU,00-0041532,HOU,CIN,0,0,0,,0,0,0,0,0,0,0,0,0,20260925T013701Z
2026,2,REG,2026_02_MIA_SF,00-0041533,MIA,SF,0,0,0,,0,0,0,0,0,0,0,0,0,20260925T013701Z
2026,2,REG,2026_02_WAS_DAL,00-0041537,DAL,WAS,0,0,0,,0,0,0,0,0,0,0,0,0,20260925T013701Z
2026,2,REG,2026_02_MIN_CHI,00-0041538,CHI,MIN,0,0,0,,0,0,0,0,0,0,0,0,0,20260925T013701Z
2026,2,REG,2026_02_LV_LAC,00-0041544,LAC,LV,0,0,0,,0,0,0,0,0,0,0,0,0,20260925T013701Z
2026,2,REG,2026_02_IND_KC,00-0041545,KC,IND,0,0,0,,0,0,0,0,0,0,0,0,0,20260925T013701Z
2026,2,REG,2026_02_CIN_HOU,00-0041546,CIN,HOU,0,0,0,,0,0,0,0,0,0,0,0,0,20260925T013701Z
2026,2,REG,2026_02_CLE_TB,00-0041547,CLE,TB,7,22,0,3.1429,1,0,1,-6,0,6,6,28,0,20260925T013701Z
2026,2,REG,2026_02_GB_NYJ,00-0041549,NYJ,GB,0,0,0,,0,0,0,0,0,0,0,0,0,20260925T013701Z
2026,2,REG,2026_02_LV_LAC,00-0041550,LAC,LV,1,13,0,13.0,1,1,0,0,0,1,3,13,0,20260925T013701Z
2026,2,REG,2026_02_MIA_SF,00-0041556,SF,MIA,0,0,0,,0,0,0,0,0,0,0,0,0,20260925T013701Z
2026,2,REG,2026_02_MIA_SF,00-0041557,SF,MIA,0,0,0,,0,0,0,0,0,0,0,0,0,20260925T013701Z
2026,2,REG,2026_02_MIN_CHI,00-0041558,CHI,MIN,1,9,0,9.0,0,0,0,0,0,1,3,9,0,20260925T013701Z
2026,2,REG,2026_02_LV_LAC,00-0041563,LV,LAC,0,0,0,,0,0,0,0,0,0,0,0,0,20260925T013701Z
2026,2,REG,2026_02_PIT_NE,00-0041569,NE,PIT,0,0,0,,0,0,0,0,0,0,0,0,0,20260925T013701Z
2026,2,REG,2026_02_MIN_CHI,00-0041581,MIN,CHI,0,0,0,,0,0,0,0,0,0,0,0,0,20260925T013701Z
