season,week,season_type,game_id,player_id,team,opponent_team,carries,rushing_yards,rushing_tds,rushing_fumbles,rushing_fumbles_lost,rushing_first_downs,rushing_epa,rushing_2pt_conversions,rushing_10,rushing_12,rushing_20,rushing_40,ingest_run_id
2026,1,REG,2026_01_ATL_PIT,00-0023459,PIT,ATL,3,-3,0,0,0,0,-1.43968164623948,0,0,0,0,0,20260925T013701Z
2026,1,REG,2026_01_ATL_PIT,00-0025565,ATL,PIT,0,0,0,0,0,0,,0,0,0,0,0,20260925T013701Z
2026,1,REG,2026_01_BAL_IND,00-0026190,BAL,IND,0,0,0,0,0,0,,0,0,0,0,0,20260925T013701Z
2026,1,REG,2026_01_SF_LA,00-0026498,LA,SF,2,-1,0,0,0,0,-3.81403467035852,0,0,0,0,0,20260925T013701Z
2026,1,REG,2026_01_ATL_PIT,00-0027969,PIT,ATL,0,0,0,0,0,0,,0,0,0,0,0,20260925T013701Z
2026,1,REG,2026_01_MIA_LV,00-0029604,LV,MIA,5,-6,0,0,0,0,-3.76460217684507,0,0,0,0,0,20260925T013701Z
2026,1,REG,2026_01_GB_MIN,00-0029606,MIN,GB,0,0,0,0,0,0,,0,0,0,0,0,20260925T013701Z
2026,1,REG,2026_01_NYJ_TEN,00-0029607,NYJ,TEN,0,0,0,0,0,0,,0,0,0,0,0,20260925T013701Z
2026,1,REG,2026_01_DAL_NYG,00-0029692,DAL,NYG,0,0,0,0,0,0,,0,0,0,0,0,20260925T013701Z
2026,1,REG,2026_01_GB_MIN,00-0029714,MIN,GB,0,0,0,0,0,0,,0,0,0,0,0,20260925T013701Z
2026,1,REG,2026_01_CHI_CAR,00-0030092,CAR,CHI,0,0,0,0,0,0,,0,0,0,0,0,20260925T013701Z
2026,1,REG,2026_01_WAS_PHI,00-0030140,WAS,PHI,0,0,0,0,0,0,,0,0,0,0,0,20260925T013701Z
2026,1,REG,2026_01_BAL_IND,00-0030279,IND,BAL,0,0,0,0,0,0,,0,0,0,0,0,20260925T013701Z
2026,1,REG,2026_01_ARI_LAC,00-0030294,LAC,ARI,0,0,0,0,0,0,,0,0,0,0,0,20260925T013701Z
2026,1,REG,2026_01_DEN_KC,00-0030506,KC,DEN,0,0,0,0,0,0,,0,0,0,0,0,20260925T013701Z
2026,1,REG,2026_01_NYJ_TEN,00-0030565,NYJ,TEN,6,7,0,1,0,0,-5.25670542404987,0,0,0,0,0,20260925T013701Z
2026,1,REG,2026_01_ARI_LAC,00-0031040,LAC,ARI,0,0,0,0,0,0,,0,0,0,0,0,20260925T013701Z
2026,1,REG,2026_01_ATL_PIT,00-0031136,PIT,ATL,0,0,0,0,0,0,,0,0,0,0,0,20260925T013701Z
2026,1,REG,2026_01_CHI_CAR,00-0031203,CHI,CAR,0,0,0,0,0,0,,0,0,0,0,0,20260925T013701Z
2026,1,REG,2026_01_ATL_PIT,00-0031279,ATL,PIT,0,0,0,0,0,0,,0,0,0,0,0,20260925T013701Z
2026,1,REG,2026_01_NE_SEA,00-0031330,NE,SEA,0,0,0,0,0,0,,0,0,0,0,0,20260925T013701Z
2026,1,REG,2026_01_GB_MIN,00-0031360,MIN,GB,0,0,0,0,0,0,,0,0,0,0,0,20260925T013701Z
2026,1,REG,2026_01_BUF_HOU,00-0031364,HOU,BUF,0,0,0,0,0,0,,0,0,0,0,0,20260925T013701Z
2026,1,REG,2026_01_SF_LA,00-0031381,LA,SF,0,0,0,0,0,0,,0,0,0,0,0,20260925T013701Z
2026,1,REG,2026_01_SF_LA,00-0031408,SF,LA,0,0,0,0,0,0,,0,0,0,0,0,20260925T013701Z
2026,1,REG,2026_01_NE_SEA,00-0031411,SEA,NE,0,0,0,0,0,0,,0,0,0,0,0,20260925T013701Z
2026,1,REG,2026_01_NE_SEA,00-0031492,SEA,NE,0,0,0,0,0,0,,0,0,0,0,0,20260925T013701Z
2026,1,REG,2026_01_BUF_HOU,00-0031565,HOU,BUF,0,0,0,0,0,0,,0,0,0,0,0,20260925T013701Z
2026,1,REG,2026_01_ATL_PIT,00-0031576,ATL,PIT,0,0,0,0,0,0,,0,0,0,0,0,20260925T013701Z
2026,1,REG,2026_01_CHI_CAR,00-0031583,CHI,CAR,0,0,0,0,0,0,,0,0,0,0,0,20260925T013701Z
2026,1,REG,2026_01_WAS_PHI,00-0031588,WAS,PHI,0,0,0,0,0,0,,0,0,0,0,0,20260925T013701Z
2026,1,REG,2026_01_CHI_CAR,00-0031610,CAR,CHI,0,0,0,0,0,0,,0,0,0,0,0,20260925T013701Z
2026,1,REG,2026_01_DEN_KC,00-0031898,DEN,KC,0,0,0,0,0,0,,0,0,0,0,0,20260925T013701Z
2026,1,REG,2026_01_NE_SEA,00-0031933,SEA,NE,0,0,0,0,0,0,,0,0,0,0,0,20260925T013701Z
2026,1,REG,2026_01_TB_CIN,00-0031957,TB,CIN,0,0,0,0,0,0,,0,0,0,0,0,20260925T013701Z
2026,1,REG,2026_01_MIA_LV,00-0032065,MIA,LV,0,0,0,0,0,0,,0,0,0,0,0,20260925T013701Z
2026,1,REG,2026_01_BUF_HOU,00-0032071,HOU,BUF,0,0,0,0,0,0,,0,0,0,0,0,20260925T013701Z
2026,1,REG,2026_01_CLE_JAX,00-0032104,JAX,CLE,4,32,0,0,0,1,1.0198065017674,0,2,1,0,0,20260925T013701Z
2026,1,REG,2026_01_ARI_LAC,00-0032146,LAC,ARI,0,0,0,0,0,0,,0,0,0,0,0,20260925T013701Z
2026,1,REG,2026_01_CLE_JAX,00-0032164,JAX,CLE,0,0,0,0,0,0,,0,0,0,0,0,20260925T013701Z
2026,1,REG,2026_01_BUF_HOU,00-0032265,HOU,BUF,0,0,0,0,0,0,,0,0,0,0,0,20260925T013701Z
2026,1,REG,2026_01_BAL_IND,00-0032378,IND,BAL,0,0,0,0,0,0,,0,0,0,0,0,20260925T013701Z
2026,1,REG,2026_01_NE_SEA,00-0032387,SEA,NE,0,0,0,0,0,0,,0,0,0,0,0,20260925T013701Z
2026,1,REG,2026_01_BAL_IND,00-0032398,BAL,IND,0,0,0,0,0,0,,0,0,0,0,0,20260925T013701Z
2026,1,REG,2026_01_DAL_NYG,00-0032424,NYG,DAL,0,0,0,0,0,0,,0,0,0,0,0,20260925T013701Z
2026,1,REG,2026_01_CHI_CAR,00-0032464,CHI,CAR,0,0,0,0,0,0,,0,0,0,0,0,20260925T013701Z
2026,1,REG,2026_01_DEN_KC,00-0032569,DEN,KC,0,0,0,0,0,0,,0,0,0,0,0,20260925T013701Z
2026,1,REG,2026_01_SF_LA,00-0032701,SF,LA,0,0,0,0,0,0,,0,0,0,0,0,20260925T013701Z
2026,1,REG,2026_01_BUF_HOU,00-0032726,HOU,BUF,0,0,0,0,0,0,,0,0,0,0,0,20260925T013701Z
2026,1,REG,2026_01_BAL_IND,00-0032753,IND,BAL,0,0,0,0,0,0,,0,0,0,0,0,20260925T013701Z
2026,1,REG,2026_01_BUF_HOU,00-0032759,HOU,BUF,0,0,0,0,0,0,,0,0,0,0,0,20260925T013701Z
2026,1,REG,2026_01_DEN_KC,00-0032762,KC,DEN,0,0,0,0,0,0,,0,0,0,0,0,20260925T013701Z
2026,1,REG,2026_01_BAL_IND,00-0032764,BAL,IND,24,144,3,0,0,7,6.75778948888183,0,4,3,2,0,20260925T013701Z
2026,1,REG,2026_01_SF_LA,00-0032775,SF,LA,0,0,0,0,0,0,,0,0,0,0,0,20260925T013701Z
2026,1,REG,2026_01_TB_CIN,00-0032889,TB,CIN,0,0,0,0,0,0,,0,0,0,0,0,20260925T013701Z
2026,1,REG,2026_01_GB_MIN,00-0032950,MIN,GB,5,-1,0,0,0,1,0.0453942799940705,0,0,0,0,0,20260925T013701Z
2026,1,REG,2026_01_BAL_IND,00-0032951,IND,BAL,0,0,0,0,0,0,,0,0,0,0,0,20260925T013701Z
2026,1,REG,2026_01_BAL_IND,00-0032965,BAL,IND,0,0,0,0,0,0,,0,0,0,0,0,20260925T013701Z
2026,1,REG,2026_01_CLE_JAX,00-0033038,JAX,CLE,0,0,0,0,0,0,,0,0,0,0,0,20260925T013701Z
2026,1,REG,2026_01_NYJ_TEN,00-0033051,NYJ,TEN,0,0,0,0,0,0,,0,0,0,0,0,20260925T013701Z
2026,1,REG,2026_01_ATL_PIT,00-0033055,PIT,ATL,0,0,0,0,0,0,,0,0,0,0,0,20260925T013701Z
2026,1,REG,2026_01_DAL_NYG,00-0033077,DAL,NYG,2,14,0,0,0,1,0.936536743305624,0,1,0,0,0,20260925T013701Z
2026,1,REG,2026_01_NE_SEA,00-0033090,NE,SEA,0,0,0,0,0,0,,0,0,0,0,0,20260925T013701Z
2026,1,REG,2026_01_DAL_NYG,00-0033093,DAL,NYG,0,0,0,0,0,0,,0,0,0,0,0,20260925T013701Z
2026,1,REG,2026_01_NO_DET,00-0033106,DET,NO,2,2,0,1,0,0,-1.50222795829177,0,0,0,0,0,20260925T013701Z
2026,1,REG,2026_01_GB_MIN,00-0033109,GB,MIN,0,0,0,0,0,0,,0,0,0,0,0,20260925T013701Z
2026,1,REG,2026_01_SF_LA,00-0033110,LA,SF,0,0,0,0,0,0,,0,0,0,0,0,20260925T013701Z
2026,1,REG,2026_01_ARI_LAC,00-0033119,ARI,LAC,6,14,0,0,0,3,2.06466043723049,0,1,0,0,0,20260925T013701Z
2026,1,REG,2026_01_DAL_NYG,00-0033120,DAL,NYG,0,0,0,0,0,0,,0,0,0,0,0,20260925T013701Z
2026,1,REG,2026_01_CLE_JAX,00-0033131,CLE,JAX,0,0,0,0,0,0,,0,0,0,0,0,20260925T013701Z
2026,1,REG,2026_01_NE_SEA,00-0033132,NE,SEA,0,0,0,0,0,0,,0,0,0,0,0,20260925T013701Z
2026,1,REG,2026_01_BAL_IND,00-0033269,IND,BAL,0,0,0,0,0,0,,0,0,0,0,0,20260925T013701Z
2026,1,REG,2026_01_SF_LA,00-0033280,SF,LA,10,68,0,0,0,2,2.7396103811916,0,2,2,0,0,20260925T013701Z
2026,1,REG,2026_01_BAL_IND,00-0033281,BAL,IND,0,0,0,0,0,0,,0,0,0,0,0,20260925T013701Z
2026,1,REG,2026_01_SF_LA,00-0033288,SF,LA,0,0,0,0,0,0,,0,0,0,0,0,20260925T013701Z
2026,1,REG,2026_01_DAL_NYG,00-0033290,NYG,DAL,0,0,0,0,0,0,,0,0,0,0,0,20260925T013701Z
2026,1,REG,2026_01_GB_MIN,00-0033293,MIN,GB,12,40,1,0,0,3,-1.04638333478943,0,0,0,0,0,20260925T013701Z
2026,1,REG,2026_01_NO_DET,00-0033294,DET,NO,0,0,0,0,0,0,,0,0,0,0,0,20260925T013701Z
2026,1,REG,2026_01_DEN_KC,00-0033297,DEN,KC,0,0,0,0,0,0,,0,0,0,0,0,20260925T013701Z
2026,1,REG,2026_01_DEN_KC,00-0033303,KC,DEN,0,0,0,0,0,0,,0,0,0,0,0,20260925T013701Z
2026,1,REG,2026_01_ARI_LAC,00-0033307,ARI,LAC,0,0,0,0,0,0,,0,0,0,0,0,20260925T013701Z
2026,1,REG,2026_01_CLE_JAX,00-0033319,JAX,CLE,3,-3,0,0,0,0,0.0,0,0,0,0,0,20260925T013701Z
2026,1,REG,2026_01_GB_MIN,00-0033336,MIN,GB,0,0,0,0,0,0,,0,0,0,0,0,20260925T013701Z
2026,1,REG,2026_01_DAL_NYG,00-0033376,NYG,DAL,0,0,0,0,0,0,,0,0,0,0,0,20260925T013701Z
2026,1,REG,2026_01_MIA_LV,00-0033381,LV,MIA,0,0,0,0,0,0,,0,0,0,0,0,20260925T013701Z
2026,1,REG,2026_01_TB_CIN,00-0033523,CIN,TB,0,0,0,0,0,0,,0,0,0,0,0,20260925T013701Z
2026,1,REG,2026_01_TB_CIN,00-0033526,CIN,TB,5,20,0,0,0,1,-0.560715940431692,0,0,0,0,0,20260925T013701Z
2026,1,REG,2026_01_CLE_JAX,00-0033537,CLE,JAX,6,38,0,0,0,3,4.20838451880263,0,0,0,0,0,20260925T013701Z
2026,1,REG,2026_01_ARI_LAC,00-0033546,LAC,ARI,0,0,0,0,0,0,,0,0,0,0,0,20260925T013701Z
2026,1,REG,2026_01_WAS_PHI,00-0033551,WAS,PHI,0,0,0,0,0,0,,0,0,0,0,0,20260925T013701Z
2026,1,REG,2026_01_NE_SEA,00-0033555,NE,SEA,0,0,0,0,0,0,,0,0,0,0,0,20260925T013701Z
2026,1,REG,2026_01_NE_SEA,00-0033576,SEA,NE,0,0,0,0,0,0,,0,0,0,0,0,20260925T013701Z
2026,1,REG,2026_01_ATL_PIT,00-0033662,ATL,PIT,0,0,0,0,0,0,,0,0,0,0,0,20260925T013701Z
2026,1,REG,2026_01_ARI_LAC,00-0033676,ARI,LAC,0,0,0,0,0,0,,0,0,0,0,0,20260925T013701Z
2026,1,REG,2026_01_ATL_PIT,00-0033729,PIT,ATL,0,0,0,0,0,0,,0,0,0,0,0,20260925T013701Z
2026,1,REG,2026_01_WAS_PHI,00-0033787,PHI,WAS,0,0,0,0,0,0,,0,0,0,0,0,20260925T013701Z
2026,1,REG,2026_01_GB_MIN,00-0033858,GB,MIN,0,0,0,0,0,0,,0,0,0,0,0,20260925T013701Z
2026,1,REG,2026_01_NO_DET,00-0033860,NO,DET,0,0,0,0,0,0,,0,0,0,0,0,20260925T013701Z
2026,1,REG,2026_01_DEN_KC,00-0033873,KC,DEN,7,23,1,0,0,2,-1.1145332257729,0,1,1,0,0,20260925T013701Z
2026,1,REG,2026_01_DAL_NYG,00-0033877,DAL,NYG,0,0,0,0,0,0,,0,0,0,0,0,20260925T013701Z
2026,1,REG,2026_01_DEN_KC,00-0033881,DEN,KC,0,0,0,0,0,0,,0,0,0,0,0,20260925T013701Z
2026,1,REG,2026_01_ARI_LAC,00-0033885,LAC,ARI,0,0,0,0,0,0,,0,0,0,0,0,20260925T013701Z
2026,1,REG,2026_01_ATL_PIT,00-0033886,PIT,ATL,0,0,0,0,0,0,,0,0,0,0,0,20260925T013701Z
2026,1,REG,2026_01_ARI_LAC,00-0033890,ARI,LAC,0,0,0,0,0,0,,0,0,0,0,0,20260925T013701Z
2026,1,REG,2026_01_NE_SEA,00-0033908,SEA,NE,0,0,0,0,0,0,,0,0,0,0,0,20260925T013701Z
2026,1,REG,2026_01_TB_CIN,00-0033914,TB,CIN,0,0,0,0,0,0,,0,0,0,0,0,20260925T013701Z
2026,1,REG,2026_01_TB_CIN,00-0033921,TB,CIN,1,3,0,0,0,0,-0.131124019389972,0,0,0,0,0,20260925T013701Z
2026,1,REG,2026_01_CLE_JAX,00-0033928,JAX,CLE,0,0,0,0,0,0,,0,0,0,0,0,20260925T013701Z
2026,1,REG,2026_01_BAL_IND,00-0033935,BAL,IND,0,0,0,0,0,0,,0,0,0,0,0,20260925T013701Z
2026,1,REG,2026_01_ATL_PIT,00-0033941,PIT,ATL,0,0,0,0,0,0,,0,0,0,0,0,20260925T013701Z
2026,1,REG,2026_01_ATL_PIT,00-0033945,ATL,PIT,0,0,0,0,0,0,,0,0,0,0,0,20260925T013701Z
2026,1,REG,2026_01_BAL_IND,00-0033952,IND,BAL,0,0,0,0,0,0,,0,0,0,0,0,20260925T013701Z
2026,1,REG,2026_01_TB_CIN,00-0033964,TB,CIN,0,0,0,0,0,0,,0,0,0,0,0,20260925T013701Z
2026,1,REG,2026_01_BUF_HOU,00-0034091,HOU,BUF,0,0,0,0,0,0,,0,0,0,0,0,20260925T013701Z
2026,1,REG,2026_01_GB_MIN,00-0034158,MIN,GB,0,0,0,0,0,0,,0,0,0,0,0,20260925T013701Z
2026,1,REG,2026_01_NE_SEA,00-0034160,SEA,NE,0,0,0,0,0,0,,0,0,0,0,0,20260925T013701Z
2026,1,REG,2026_01_NO_DET,00-0034161,NO,DET,0,0,0,0,0,0,,0,0,0,0,0,20260925T013701Z
2026,1,REG,2026_01_ARI_LAC,00-0034162,LAC,ARI,0,0,0,0,0,0,,0,0,0,0,0,20260925T013701Z
2026,1,REG,2026_01_NYJ_TEN,00-0034163,TEN,NYJ,0,0,0,0,0,0,,0,0,0,0,0,20260925T013701Z
2026,1,REG,2026_01_SF_LA,00-0034173,SF,LA,0,0,0,0,0,0,,0,0,0,0,0,20260925T013701Z
2026,1,REG,2026_01_DAL_NYG,00-0034248,NYG,DAL,0,0,0,0,0,0,,0,0,0,0,0,20260925T013701Z
2026,1,REG,2026_01_MIA_LV,00-0034275,LV,MIA,0,0,0,0,0,0,,0,0,0,0,0,20260925T013701Z
2026,1,REG,2026_01_BUF_HOU,00-0034278,HOU,BUF,0,0,0,0,0,0,,0,0,0,0,0,20260925T013701Z
2026,1,REG,2026_01_MIA_LV,00-0034285,MIA,LV,0,0,0,0,0,0,,0,0,0,0,0,20260925T013701Z
2026,1,REG,2026_01_WAS_PHI,00-0034302,WAS,PHI,0,0,0,0,0,0,,0,0,0,0,0,20260925T013701Z
2026,1,REG,2026_01_CHI_CAR,00-0034320,CHI,CAR,0,0,0,0,0,0,,0,0,0,0,0,20260925T013701Z
2026,1,REG,2026_01_WAS_PHI,00-0034333,WAS,PHI,0,0,0,0,0,0,,0,0,0,0,0,20260925T013701Z
2026,1,REG,2026_01_DEN_KC,00-0034348,DEN,KC,0,0,0,0,0,0,,0,0,0,0,0,20260925T013701Z
2026,1,REG,2026_01_NE_SEA,00-0034350,SEA,NE,0,0,0,0,0,0,,0,0,0,0,0,20260925T013701Z
2026,1,REG,2026_01_WAS_PHI,00-0034351,PHI,WAS,0,0,0,0,0,0,,0,0,0,0,0,20260925T013701Z
2026,1,REG,2026_01_ARI_LAC,00-0034356,LAC,ARI,0,0,0,0,0,0,,0,0,0,0,0,20260925T013701Z
2026,1,REG,2026_01_NO_DET,00-0034361,NO,DET,0,0,0,0,0,0,,0,0,0,0,0,20260925T013701Z
2026,1,REG,2026_01_MIA_LV,00-0034376,LV,MIA,0,0,0,0,0,0,,0,0,0,0,0,20260925T013701Z
2026,1,REG,2026_01_NO_DET,00-0034377,DET,NO,0,0,0,0,0,0,,0,0,0,0,0,20260925T013701Z
2026,1,REG,2026_01_ARI_LAC,00-0034381,ARI,LAC,0,0,0,0,0,0,,0,0,0,0,0,20260925T013701Z
2026,1,REG,2026_01_BUF_HOU,00-0034383,HOU,BUF,0,0,0,0,0,0,,0,0,0,0,0,20260925T013701Z
2026,1,REG,2026_01_NO_DET,00-0034384,DET,NO,0,0,0,0,0,0,,0,0,0,0,0,20260925T013701Z
2026,1,REG,2026_01_SF_LA,00-0034391,SF,LA,0,0,0,0,0,0,,0,0,0,0,0,20260925T013701Z
2026,1,REG,2026_01_WAS_PHI,00-0034397,WAS,PHI,0,0,0,0,0,0,,0,0,0,0,0,20260925T013701Z
2026,1,REG,2026_01_CLE_JAX,00-0034413,JAX,CLE,0,0,0,0,0,0,,0,0,0,0,0,20260925T013701Z
2026,1,REG,2026_01_DAL_NYG,00-0034419,NYG,DAL,0,0,0,0,0,0,,0,0,0,0,0,20260925T013701Z
2026,1,REG,2026_01_WAS_PHI,00-0034429,PHI,WAS,0,0,0,0,0,0,,0,0,0,0,0,20260925T013701Z
2026,1,REG,2026_01_GB_MIN,00-0034431,GB,MIN,0,0,0,0,0,0,,0,0,0,0,0,20260925T013701Z
2026,1,REG,2026_01_CLE_JAX,00-0034437,JAX,CLE,0,0,0,0,0,0,,0,0,0,0,0,20260925T013701Z
2026,1,REG,2026_01_TB_CIN,00-0034446,CIN,TB,0,0,0,0,0,0,,0,0,0,0,0,20260925T013701Z
2026,1,REG,2026_01_WAS_PHI,00-0034465,WAS,PHI,0,0,0,0,0,0,,0,0,0,0,0,20260925T013701Z
2026,1,REG,2026_01_CLE_JAX,00-0034473,JAX,CLE,0,0,0,0,0,0,,0,0,0,0,0,20260925T013701Z
2026,1,REG,2026_01_BAL_IND,00-0034485,IND,BAL,0,0,0,0,0,0,,0,0,0,0,0,20260925T013701Z
2026,1,REG,2026_01_BAL_IND,00-0034573,IND,BAL,0,0,0,0,0,0,,0,0,0,0,0,20260925T013701Z
2026,1,REG,2026_01_TB_CIN,00-0034613,CIN,TB,0,0,0,0,0,0,,0,0,0,0,0,20260925T013701Z
2026,1,REG,2026_01_ATL_PIT,00-0034639,ATL,PIT,0,0,0,0,0,0,,0,0,0,0,0,20260925T013701Z
2026,1,REG,2026_01_CLE_JAX,00-0034657,JAX,CLE,0,0,0,0,0,0,,0,0,0,0,0,20260925T013701Z
2026,1,REG,2026_01_DAL_NYG,00-0034673,NYG,DAL,0,0,0,0,0,0,,0,0,0,0,0,20260925T013701Z
2026,1,REG,2026_01_ATL_PIT,00-0034675,ATL,PIT,0,0,0,0,0,0,,0,0,0,0,0,20260925T013701Z
2026,1,REG,2026_01_NE_SEA,00-0034720,NE,SEA,0,0,0,0,0,0,,0,0,0,0,0,20260925T013701Z
2026,1,REG,2026_01_CLE_JAX,00-0034721,CLE,JAX,0,0,0,0,0,0,,0,0,0,0,0,20260925T013701Z
2026,1,REG,2026_01_BAL_IND,00-0034753,BAL,IND,0,0,0,0,0,0,,0,0,0,0,0,20260925T013701Z
2026,1,REG,2026_01_TB_CIN,00-0034754,CIN,TB,0,0,0,0,0,0,,0,0,0,0,0,20260925T013701Z
2026,1,REG,2026_01_NO_DET,00-0034760,NO,DET,0,0,0,0,0,0,,0,0,0,0,0,20260925T013701Z
2026,1,REG,2026_01_TB_CIN,00-0034773,TB,CIN,0,0,0,0,0,0,,0,0,0,0,0,20260925T013701Z
2026,1,REG,2026_01_NE_SEA,00-0034778,NE,SEA,0,0,0,0,0,0,,0,0,0,0,0,20260925T013701Z
2026,1,REG,2026_01_NYJ_TEN,00-0034782,NYJ,TEN,0,0,0,0,0,0,,0,0,0,0,0,20260925T013701Z
2026,1,REG,2026_01_ARI_LAC,00-0034790,LAC,ARI,0,0,0,0,0,0,,0,0,0,0,0,20260925T013701Z
2026,1,REG,2026_01_NYJ_TEN,00-0034794,NYJ,TEN,0,0,0,0,0,0,,0,0,0,0,0,20260925T013701Z
2026,1,REG,2026_01_BAL_IND,00-0034796,BAL,IND,7,40,1,0,0,3,2.25430682068691,0,2,2,0,0,20260925T013701Z
2026,1,REG,2026_01_BAL_IND,00-0034798,BAL,IND,0,0,0,0,0,0,,0,0,0,0,0,20260925T013701Z
2026,1,REG,2026_01_TB_CIN,00-0034800,CIN,TB,0,0,0,0,0,0,,0,0,0,0,0,20260925T013701Z
2026,1,REG,2026_01_ATL_PIT,00-0034801,ATL,PIT,0,0,0,0,0,0,,0,0,0,0,0,20260925T013701Z
2026,1,REG,2026_01_NYJ_TEN,00-0034805,TEN,NYJ,0,0,0,0,0,0,,0,0,0,0,0,20260925T013701Z
2026,1,REG,2026_01_SF_LA,00-0034807,SF,LA,0,0,0,0,0,0,,0,0,0,0,0,20260925T013701Z
2026,1,REG,2026_01_ATL_PIT,00-0034810,PIT,ATL,0,0,0,0,0,0,,0,0,0,0,0,20260925T013701Z
2026,1,REG,2026_01_SF_LA,00-0034815,SF,LA,0,0,0,0,0,0,,0,0,0,0,0,20260925T013701Z
2026,1,REG,2026_01_BAL_IND,00-0034825,IND,BAL,0,0,0,0,0,0,,0,0,0,0,0,20260925T013701Z
2026,1,REG,2026_01_BUF_HOU,00-0034827,BUF,HOU,0,0,0,0,0,0,,0,0,0,0,0,20260925T013701Z
2026,1,REG,2026_01_TB_CIN,00-0034829,CIN,TB,0,0,0,0,0,0,,0,0,0,0,0,20260925T013701Z
2026,1,REG,2026_01_BUF_HOU,00-0034832,BUF,HOU,0,0,0,0,0,0,,0,0,0,0,0,20260925T013701Z
2026,1,REG,2026_01_ATL_PIT,00-0034843,ATL,PIT,0,0,0,0,0,0,,0,0,0,0,0,20260925T013701Z
2026,1,REG,2026_01_WAS_PHI,00-0034844,PHI,WAS,15,83,0,0,0,2,-0.664371837454382,0,1,1,1,1,20260925T013701Z
2026,1,REG,2026_01_SF_LA,00-0034854,SF,LA,0,0,0,0,0,0,,0,0,0,0,0,20260925T013701Z
2026,1,REG,2026_01_TB_CIN,00-0034855,TB,CIN,5,30,1,1,1,1,-2.61708559188992,0,0,0,0,0,20260925T013701Z
2026,1,REG,2026_01_CLE_JAX,00-0034856,CLE,JAX,0,0,0,0,0,0,,0,0,0,0,0,20260925T013701Z
2026,1,REG,2026_01_BUF_HOU,00-0034857,BUF,HOU,6,23,2,1,0,2,-2.31320906124893,0,1,1,1,0,20260925T013701Z
2026,1,REG,2026_01_NE_SEA,00-0034869,SEA,NE,0,0,0,0,0,0,,0,0,0,0,0,20260925T013701Z
2026,1,REG,2026_01_BAL_IND,00-0034874,BAL,IND,0,0,0,0,0,0,,0,0,0,0,0,20260925T013701Z
2026,1,REG,2026_01_NE_SEA,00-0034941,NE,SEA,0,0,0,0,0,0,,0,0,0,0,0,20260925T013701Z
2026,1,REG,2026_01_CLE_JAX,00-0034960,JAX,CLE,1,2,0,0,0,1,0.404034327017143,0,0,0,0,0,20260925T013701Z
2026,1,REG,2026_01_DAL_NYG,00-0034967,DAL,NYG,0,0,0,0,0,0,,0,0,0,0,0,20260925T013701Z
2026,1,REG,2026_01_MIA_LV,00-0034973,LV,MIA,0,0,0,0,0,0,,0,0,0,0,0,20260925T013701Z
2026,1,REG,2026_01_NE_SEA,00-0034974,SEA,NE,0,0,0,0,0,0,,0,0,0,0,0,20260925T013701Z
2026,1,REG,2026_01_BAL_IND,00-0034975,BAL,IND,6,18,0,0,0,2,-2.35316453221633,0,0,0,0,0,20260925T013701Z
2026,1,REG,2026_01_BUF_HOU,00-0034981,HOU,BUF,0,0,0,0,0,0,,0,0,0,0,0,20260925T013701Z
2026,1,REG,2026_01_SF_LA,00-0034982,SF,LA,0,0,0,0,0,0,,0,0,0,0,0,20260925T013701Z
2026,1,REG,2026_01_WAS_PHI,00-0034993,PHI,WAS,0,0,0,0,0,0,,0,0,0,0,0,20260925T013701Z
2026,1,REG,2026_01_BAL_IND,00-0035021,IND,BAL,0,0,0,0,0,0,,0,0,0,0,0,20260925T013701Z
2026,1,REG,2026_01_ARI_LAC,00-0035125,LAC,ARI,0,0,0,0,0,0,,0,0,0,0,0,20260925T013701Z
2026,1,REG,2026_01_GB_MIN,00-0035133,GB,MIN,0,0,0,0,0,0,,0,0,0,0,0,20260925T013701Z
2026,1,REG,2026_01_ARI_LAC,00-0035144,ARI,LAC,0,0,0,0,0,0,,0,0,0,0,0,20260925T013701Z
2026,1,REG,2026_01_NO_DET,00-0035156,DET,NO,0,0,0,0,0,0,,0,0,0,0,0,20260925T013701Z
2026,1,REG,2026_01_BUF_HOU,00-0035166,HOU,BUF,0,0,0,0,0,0,,0,0,0,0,0,20260925T013701Z
2026,1,REG,2026_01_MIA_LV,00-0035190,LV,MIA,0,0,0,0,0,0,,0,0,0,0,0,20260925T013701Z
2026,1,REG,2026_01_NYJ_TEN,00-0035192,TEN,NYJ,0,0,0,0,0,0,,0,0,0,0,0,20260925T013701Z
2026,1,REG,2026_01_ARI_LAC,00-0035202,LAC,ARI,0,0,0,0,0,0,,0,0,0,0,0,20260925T013701Z
2026,1,REG,2026_01_ATL_PIT,00-0035208,ATL,PIT,0,0,0,0,0,0,,0,0,0,0,0,20260925T013701Z
2026,1,REG,2026_01_DAL_NYG,00-0035227,DAL,NYG,0,0,0,0,0,0,,0,0,0,0,0,20260925T013701Z
2026,1,REG,2026_01_GB_MIN,00-0035228,MIN,GB,2,9,0,0,0,0,2.29099782393314,0,0,0,0,0,20260925T013701Z
2026,1,REG,2026_01_GB_MIN,00-0035229,MIN,GB,0,0,0,0,0,0,,0,0,0,0,0,20260925T013701Z
2026,1,REG,2026_01_BUF_HOU,00-0035230,BUF,HOU,0,0,0,0,0,0,,0,0,0,0,0,20260925T013701Z
2026,1,REG,2026_01_CLE_JAX,00-0035234,CLE,JAX,0,0,0,0,0,0,,0,0,0,0,0,20260925T013701Z
2026,1,REG,2026_01_GB_MIN,00-0035236,MIN,GB,0,0,0,0,0,0,,0,0,0,0,0,20260925T013701Z
2026,1,REG,2026_01_CLE_JAX,00-0035240,JAX,CLE,0,0,0,0,0,0,,0,0,0,0,0,20260925T013701Z
2026,1,REG,2026_01_DEN_KC,00-0035248,DEN,KC,0,0,0,0,0,0,,0,0,0,0,0,20260925T013701Z
2026,1,REG,2026_01_GB_MIN,00-0035249,MIN,GB,0,0,0,0,0,0,,0,0,0,0,0,20260925T013701Z
2026,1,REG,2026_01_DAL_NYG,00-0035250,NYG,DAL,6,16,0,0,0,0,-1.03492048056796,0,0,0,0,0,20260925T013701Z
2026,1,REG,2026_01_BUF_HOU,00-0035253,BUF,HOU,0,0,0,0,0,0,,0,0,0,0,0,20260925T013701Z
2026,1,REG,2026_01_TB_CIN,00-0035254,TB,CIN,0,0,0,0,0,0,,0,0,0,0,0,20260925T013701Z
2026,1,REG,2026_01_ARI_LAC,00-0035258,ARI,LAC,0,0,0,0,0,0,,0,0,0,0,0,20260925T013701Z
2026,1,REG,2026_01_NYJ_TEN,00-0035261,TEN,NYJ,7,35,0,0,0,1,-0.487543386640027,0,1,1,0,0,20260925T013701Z
2026,1,REG,2026_01_DEN_KC,00-0035262,KC,DEN,0,0,0,0,0,0,,0,0,0,0,0,20260925T013701Z
2026,1,REG,2026_01_MIA_LV,00-0035269,LV,MIA,0,0,0,0,0,0,,0,0,0,0,0,20260925T013701Z
2026,1,REG,2026_01_GB_MIN,00-0035272,MIN,GB,0,0,0,0,0,0,,0,0,0,0,0,20260925T013701Z
2026,1,REG,2026_01_GB_MIN,00-0035276,MIN,GB,0,0,0,0,0,0,,0,0,0,0,0,20260925T013701Z
2026,1,REG,2026_01_CHI_CAR,00-0035277,CAR,CHI,0,0,0,0,0,0,,0,0,0,0,0,20260925T013701Z
2026,1,REG,2026_01_WAS_PHI,00-0035279,WAS,PHI,0,0,0,0,0,0,,0,0,0,0,0,20260925T013701Z
2026,1,REG,2026_01_ATL_PIT,00-0035280,ATL,PIT,0,0,0,0,0,0,,0,0,0,0,0,20260925T013701Z
2026,1,REG,2026_01_ATL_PIT,00-0035286,PIT,ATL,0,0,0,0,0,0,,0,0,0,0,0,20260925T013701Z
2026,1,REG,2026_01_NO_DET,00-0035316,NO,DET,0,0,0,0,0,0,,0,0,0,0,0,20260925T013701Z
2026,1,REG,2026_01_CHI_CAR,00-0035357,CHI,CAR,0,0,0,0,0,0,,0,0,0,0,0,20260925T013701Z
2026,1,REG,2026_01_TB_CIN,00-0035358,TB,CIN,0,0,0,0,0,0,,0,0,0,0,0,20260925T013701Z
2026,1,REG,2026_01_TB_CIN,00-0035363,CIN,TB,0,0,0,0,0,0,,0,0,0,0,0,20260925T013701Z
2026,1,REG,2026_01_ARI_LAC,00-0035378,ARI,LAC,0,0,0,0,0,0,,0,0,0,0,0,20260925T013701Z
2026,1,REG,2026_01_CHI_CAR,00-0035386,CHI,CAR,0,0,0,0,0,0,,0,0,0,0,0,20260925T013701Z
2026,1,REG,2026_01_NO_DET,00-0035402,NO,DET,0,0,0,0,0,0,,0,0,0,0,0,20260925T013701Z
2026,1,REG,2026_01_WAS_PHI,00-0035409,WAS,PHI,0,0,0,0,0,0,,0,0,0,0,0,20260925T013701Z
2026,1,REG,2026_01_BUF_HOU,00-0035500,BUF,HOU,0,0,0,0,0,0,,0,0,0,0,0,20260925T013701Z
2026,1,REG,2026_01_CHI_CAR,00-0035525,CHI,CAR,0,0,0,0,0,0,,0,0,0,0,0,20260925T013701Z
2026,1,REG,2026_01_CLE_JAX,00-0035526,CLE,JAX,0,0,0,0,0,0,,0,0,0,0,0,20260925T013701Z
2026,1,REG,2026_01_NO_DET,00-0035544,DET,NO,0,0,0,0,0,0,,0,0,0,0,0,20260925T013701Z
2026,1,REG,2026_01_CHI_CAR,00-0035588,CHI,CAR,0,0,0,0,0,0,,0,0,0,0,0,20260925T013701Z
2026,1,REG,2026_01_ATL_PIT,00-0035630,ATL,PIT,0,0,0,0,0,0,,0,0,0,0,0,20260925T013701Z
2026,1,REG,2026_01_TB_CIN,00-0035631,CIN,TB,0,0,0,0,0,0,,0,0,0,0,0,20260925T013701Z
2026,1,REG,2026_01_NYJ_TEN,00-0035632,TEN,NYJ,0,0,0,0,0,0,,0,0,0,0,0,20260925T013701Z
2026,1,REG,2026_01_ARI_LAC,00-0035636,ARI,LAC,0,0,0,0,0,0,,0,0,0,0,0,20260925T013701Z
2026,1,REG,2026_01_NO_DET,00-0035637,DET,NO,0,0,0,0,0,0,,0,0,0,0,0,20260925T013701Z
2026,1,REG,2026_01_ATL_PIT,00-0035640,PIT,ATL,0,0,0,0,0,0,,0,0,0,0,0,20260925T013701Z
2026,1,REG,2026_01_CLE_JAX,00-0035642,JAX,CLE,0,0,0,0,0,0,,0,0,0,0,0,20260925T013701Z
2026,1,REG,2026_01_NYJ_TEN,00-0035643,TEN,NYJ,0,0,0,0,0,0,,0,0,0,0,0,20260925T013701Z
2026,1,REG,2026_01_NO_DET,00-0035644,NO,DET,0,0,0,0,0,0,,0,0,0,0,0,20260925T013701Z
2026,1,REG,2026_01_CHI_CAR,00-0035647,CHI,CAR,0,0,0,0,0,0,,0,0,0,0,0,20260925T013701Z
2026,1,REG,2026_01_WAS_PHI,00-0035659,WAS,PHI,0,0,0,0,0,0,,0,0,0,0,0,20260925T013701Z
2026,1,REG,2026_01_BUF_HOU,00-0035667,BUF,HOU,0,0,0,0,0,0,,0,0,0,0,0,20260925T013701Z
2026,1,REG,2026_01_CHI_CAR,00-0035669,CAR,CHI,0,0,0,0,0,0,,0,0,0,0,0,20260925T013701Z
2026,1,REG,2026_01_NYJ_TEN,00-0035672,TEN,NYJ,0,0,0,0,0,0,,0,0,0,0,0,20260925T013701Z
2026,1,REG,2026_01_BAL_IND,00-0035674,IND,BAL,0,0,0,0,0,0,,0,0,0,0,0,20260925T013701Z
2026,1,REG,2026_01_NE_SEA,00-0035676,NE,SEA,0,0,0,0,0,0,,0,0,0,0,0,20260925T013701Z
2026,1,REG,2026_01_NE_SEA,00-0035678,NE,SEA,0,0,0,0,0,0,,0,0,0,0,0,20260925T013701Z
2026,1,REG,2026_01_CLE_JAX,00-0035680,CLE,JAX,0,0,0,0,0,0,,0,0,0,0,0,20260925T013701Z
2026,1,REG,2026_01_TB_CIN,00-0035683,CIN,TB,0,0,0,0,0,0,,0,0,0,0,0,20260925T013701Z
2026,1,REG,2026_01_BUF_HOU,00-0035685,HOU,BUF,20,60,2,0,0,4,-0.305665276246145,0,1,1,0,0,20260925T013701Z
2026,1,REG,2026_01_CHI_CAR,00-0035687,CAR,CHI,0,0,0,0,0,0,,0,0,0,0,0,20260925T013701Z
2026,1,REG,2026_01_BUF_HOU,00-0035689,BUF,HOU,0,0,0,0,0,0,,0,0,0,0,0,20260925T013701Z
2026,1,REG,2026_01_MIA_LV,00-0035692,MIA,LV,0,0,0,0,0,0,,0,0,0,0,0,20260925T013701Z
2026,1,REG,2026_01_ATL_PIT,00-0035699,PIT,ATL,0,0,0,0,0,0,,0,0,0,0,0,20260925T013701Z
2026,1,REG,2026_01_NE_SEA,00-0035704,SEA,NE,2,13,0,0,0,0,1.73395041114418,0,1,1,0,0,20260925T013701Z
2026,1,REG,2026_01_DAL_NYG,00-0035705,DAL,NYG,0,0,0,0,0,0,,0,0,0,0,0,20260925T013701Z
2026,1,REG,2026_01_NO_DET,00-0035707,DET,NO,0,0,0,0,0,0,,0,0,0,0,0,20260925T013701Z
2026,1,REG,2026_01_BAL_IND,00-0035710,IND,BAL,1,4,0,0,0,1,0.244398751994595,0,0,0,0,0,20260925T013701Z
2026,1,REG,2026_01_DAL_NYG,00-0035713,NYG,DAL,0,0,0,0,0,0,,0,0,0,0,0,20260925T013701Z
2026,1,REG,2026_01_SF_LA,00-0035717,SF,LA,0,0,0,0,0,0,,0,0,0,0,0,20260925T013701Z
2026,1,REG,2026_01_DAL_NYG,00-0035718,DAL,NYG,0,0,0,0,0,0,,0,0,0,0,0,20260925T013701Z
2026,1,REG,2026_01_SF_LA,00-0035719,SF,LA,1,12,0,0,0,1,0.380924516823143,0,1,1,0,0,20260925T013701Z
2026,1,REG,2026_01_DEN_KC,00-0035763,DEN,KC,0,0,0,0,0,0,,0,0,0,0,0,20260925T013701Z
2026,1,REG,2026_01_GB_MIN,00-0035795,MIN,GB,0,0,0,0,0,0,,0,0,0,0,0,20260925T013701Z
2026,1,REG,2026_01_SF_LA,00-0035821,SF,LA,0,0,0,0,0,0,,0,0,0,0,0,20260925T013701Z
2026,1,REG,2026_01_CLE_JAX,00-0035827,JAX,CLE,0,0,0,0,0,0,,0,0,0,0,0,20260925T013701Z
2026,1,REG,2026_01_ARI_LAC,00-0035859,ARI,LAC,0,0,0,0,0,0,,0,0,0,0,0,20260925T013701Z
2026,1,REG,2026_01_NYJ_TEN,00-0035889,TEN,NYJ,0,0,0,0,0,0,,0,0,0,0,0,20260925T013701Z
2026,1,REG,2026_01_MIA_LV,00-0035891,LV,MIA,0,0,0,0,0,0,,0,0,0,0,0,20260925T013701Z
2026,1,REG,2026_01_BUF_HOU,00-0035933,BUF,HOU,0,0,0,0,0,0,,0,0,0,0,0,20260925T013701Z
2026,1,REG,2026_01_DAL_NYG,00-0036036,DAL,NYG,0,0,0,0,0,0,,0,0,0,0,0,20260925T013701Z
2026,1,REG,2026_01_BUF_HOU,00-0036037,BUF,HOU,0,0,0,0,0,0,,0,0,0,0,0,20260925T013701Z
2026,1,REG,2026_01_NO_DET,00-0036040,NO,DET,0,0,0,0,0,0,,0,0,0,0,0,20260925T013701Z
2026,1,REG,2026_01_BAL_IND,00-0036081,BAL,IND,0,0,0,0,0,0,,0,0,0,0,0,20260925T013701Z
2026,1,REG,2026_01_NO_DET,00-0036124,DET,NO,0,0,0,0,0,0,,0,0,0,0,0,20260925T013701Z
2026,1,REG,2026_01_ATL_PIT,00-0036139,PIT,ATL,8,15,0,0,0,0,-3.29519674123731,0,0,0,0,0,20260925T013701Z
2026,1,REG,2026_01_GB_MIN,00-0036157,GB,MIN,0,0,0,0,0,0,,0,0,0,0,0,20260925T013701Z
2026,1,REG,2026_01_DEN_KC,00-0036158,DEN,KC,8,36,0,0,0,1,-1.12913190689869,0,1,1,0,0,20260925T013701Z
2026,1,REG,2026_01_MIA_LV,00-0036159,MIA,LV,0,0,0,0,0,0,,0,0,0,0,0,20260925T013701Z
2026,1,REG,2026_01_BUF_HOU,00-0036162,BUF,HOU,0,0,0,0,0,0,,0,0,0,0,0,20260925T013701Z
2026,1,REG,2026_01_MIA_LV,00-0036171,MIA,LV,0,0,0,0,0,0,,0,0,0,0,0,20260925T013701Z
2026,1,REG,2026_01_ARI_LAC,00-0036181,LAC,ARI,0,0,0,0,0,0,,0,0,0,0,0,20260925T013701Z
2026,1,REG,2026_01_WAS_PHI,00-0036192,PHI,WAS,0,0,0,0,0,0,,0,0,0,0,0,20260925T013701Z
2026,1,REG,2026_01_NO_DET,00-0036193,NO,DET,0,0,0,0,0,0,,0,0,0,0,0,20260925T013701Z
2026,1,REG,2026_01_ATL_PIT,00-0036204,ATL,PIT,0,0,0,0,0,0,,0,0,0,0,0,20260925T013701Z
2026,1,REG,2026_01_CHI_CAR,00-0036220,CAR,CHI,0,0,0,0,0,0,,0,0,0,0,0,20260925T013701Z
2026,1,REG,2026_01_DEN_KC,00-0036221,DEN,KC,0,0,0,0,0,0,,0,0,0,0,0,20260925T013701Z
2026,1,REG,2026_01_GB_MIN,00-0036222,MIN,GB,0,0,0,0,0,0,,0,0,0,0,0,20260925T013701Z
2026,1,REG,2026_01_BAL_IND,00-0036223,IND,BAL,19,98,2,0,0,7,2.20308467058931,0,5,3,1,0,20260925T013701Z
2026,1,REG,2026_01_TB_CIN,00-0036231,CIN,TB,0,0,0,0,0,0,,0,0,0,0,0,20260925T013701Z
2026,1,REG,2026_01_SF_LA,00-0036244,LA,SF,0,0,0,0,0,0,,0,0,0,0,0,20260925T013701Z
2026,1,REG,2026_01_DAL_NYG,00-0036246,NYG,DAL,0,0,0,0,0,0,,0,0,0,0,0,20260925T013701Z
2026,1,REG,2026_01_MIA_LV,00-0036248,MIA,LV,0,0,0,0,0,0,,0,0,0,0,0,20260925T013701Z
2026,1,REG,2026_01_ATL_PIT,00-0036252,PIT,ATL,0,0,0,0,0,0,,0,0,0,0,0,20260925T013701Z
2026,1,REG,2026_01_NO_DET,00-0036253,NO,DET,0,0,0,0,0,0,,0,0,0,0,0,20260925T013701Z
2026,1,REG,2026_01_GB_MIN,00-0036259,MIN,GB,0,0,0,0,0,0,,0,0,0,0,0,20260925T013701Z
2026,1,REG,2026_01_WAS_PHI,00-0036260,WAS,PHI,0,0,0,0,0,0,,0,0,0,0,0,20260925T013701Z
2026,1,REG,2026_01_CLE_JAX,00-0036262,JAX,CLE,0,0,0,0,0,0,,0,0,0,0,0,20260925T013701Z
2026,1,REG,2026_01_GB_MIN,00-0036264,GB,MIN,1,0,0,0,0,0,-4.35180443932768,0,0,0,0,0,20260925T013701Z
2026,1,REG,2026_01_CHI_CAR,00-0036265,CAR,CHI,5,28,0,0,0,1,-1.98432166490238,0,1,0,0,0,20260925T013701Z
2026,1,REG,2026_01_NYJ_TEN,00-0036266,TEN,NYJ,0,0,0,0,0,0,,0,0,0,0,0,20260925T013701Z
2026,1,REG,2026_01_NO_DET,00-0036272,DET,NO,0,0,0,0,0,0,,0,0,0,0,0,20260925T013701Z
2026,1,REG,2026_01_CHI_CAR,00-0036275,CHI,CAR,18,124,3,0,0,5,9.22019312880002,0,2,2,2,0,20260925T013701Z
2026,1,REG,2026_01_DAL_NYG,00-0036280,NYG,DAL,0,0,0,0,0,0,,0,0,0,0,0,20260925T013701Z
2026,1,REG,2026_01_ATL_PIT,00-0036281,ATL,PIT,0,0,0,0,0,0,,0,0,0,0,0,20260925T013701Z
2026,1,REG,2026_01_CLE_JAX,00-0036282,CLE,JAX,0,0,0,0,0,0,,0,0,0,0,0,20260925T013701Z
2026,1,REG,2026_01_ATL_PIT,00-0036285,ATL,PIT,0,0,0,0,0,0,,0,0,0,0,0,20260925T013701Z
2026,1,REG,2026_01_WAS_PHI,00-0036286,WAS,PHI,0,0,0,0,0,0,,0,0,0,0,0,20260925T013701Z
2026,1,REG,2026_01_CHI_CAR,00-0036290,CHI,CAR,0,0,0,0,0,0,,0,0,0,0,0,20260925T013701Z
2026,1,REG,2026_01_CHI_CAR,00-0036292,CHI,CAR,0,0,0,0,0,0,,0,0,0,0,0,20260925T013701Z
2026,1,REG,2026_01_MIA_LV,00-0036293,LV,MIA,0,0,0,0,0,0,,0,0,0,0,0,20260925T013701Z
2026,1,REG,2026_01_BAL_IND,00-0036298,IND,BAL,0,0,0,0,0,0,,0,0,0,0,0,20260925T013701Z
2026,1,REG,2026_01_BAL_IND,00-0036302,BAL,IND,0,0,0,0,0,0,,0,0,0,0,0,20260925T013701Z
2026,1,REG,2026_01_CHI_CAR,00-0036305,CAR,CHI,0,0,0,0,0,0,,0,0,0,0,0,20260925T013701Z
2026,1,REG,2026_01_DAL_NYG,00-0036309,NYG,DAL,0,0,0,0,0,0,,0,0,0,0,0,20260925T013701Z
2026,1,REG,2026_01_WAS_PHI,00-0036313,PHI,WAS,0,0,0,0,0,0,,0,0,0,0,0,20260925T013701Z
2026,1,REG,2026_01_NO_DET,00-0036321,NO,DET,0,0,0,0,0,0,,0,0,0,0,0,20260925T013701Z
2026,1,REG,2026_01_GB_MIN,00-0036322,MIN,GB,0,0,0,0,0,0,,0,0,0,0,0,20260925T013701Z
2026,1,REG,2026_01_ATL_PIT,00-0036323,PIT,ATL,0,0,0,0,0,0,,0,0,0,0,0,20260925T013701Z
2026,1,REG,2026_01_CHI_CAR,00-0036325,CAR,CHI,0,0,0,0,0,0,,0,0,0,0,0,20260925T013701Z
2026,1,REG,2026_01_SF_LA,00-0036329,SF,LA,0,0,0,0,0,0,,0,0,0,0,0,20260925T013701Z
2026,1,REG,2026_01_ARI_LAC,00-0036331,ARI,LAC,0,0,0,0,0,0,,0,0,0,0,0,20260925T013701Z
2026,1,REG,2026_01_ATL_PIT,00-0036333,PIT,ATL,0,0,0,0,0,0,,0,0,0,0,0,20260925T013701Z
2026,1,REG,2026_01_NO_DET,00-0036335,DET,NO,0,0,0,0,0,0,,0,0,0,0,0,20260925T013701Z
2026,1,REG,2026_01_CHI_CAR,00-0036337,CHI,CAR,0,0,0,0,0,0,,0,0,0,0,0,20260925T013701Z
2026,1,REG,2026_01_ARI_LAC,00-0036338,LAC,ARI,0,0,0,0,0,0,,0,0,0,0,0,20260925T013701Z
2026,1,REG,2026_01_SF_LA,00-0036339,LA,SF,0,0,0,0,0,0,,0,0,0,0,0,20260925T013701Z
2026,1,REG,2026_01_SF_LA,00-0036341,SF,LA,0,0,0,0,0,0,,0,0,0,0,0,20260925T013701Z
2026,1,REG,2026_01_GB_MIN,00-0036347,MIN,GB,0,0,0,0,0,0,,0,0,0,0,0,20260925T013701Z
2026,1,REG,2026_01_GB_MIN,00-0036348,MIN,GB,0,0,0,0,0,0,,0,0,0,0,0,20260925T013701Z
2026,1,REG,2026_01_SF_LA,00-0036349,LA,SF,0,0,0,0,0,0,,0,0,0,0,0,20260925T013701Z
2026,1,REG,2026_01_ARI_LAC,00-0036355,LAC,ARI,5,29,0,0,0,1,-1.06714193610242,0,1,0,0,0,20260925T013701Z
2026,1,REG,2026_01_CHI_CAR,00-0036356,CAR,CHI,0,0,0,0,0,0,,0,0,0,0,0,20260925T013701Z
2026,1,REG,2026_01_DAL_NYG,00-0036358,DAL,NYG,1,0,0,0,0,0,-0.837553194956854,0,0,0,0,0,20260925T013701Z
2026,1,REG,2026_01_MIA_LV,00-0036362,MIA,LV,0,0,0,0,0,0,,0,0,0,0,0,20260925T013701Z
2026,1,REG,2026_01_CHI_CAR,00-0036366,CHI,CAR,0,0,0,0,0,0,,0,0,0,0,0,20260925T013701Z
2026,1,REG,2026_01_DEN_KC,00-0036374,KC,DEN,0,0,0,0,0,0,,0,0,0,0,0,20260925T013701Z
2026,1,REG,2026_01_WAS_PHI,00-0036375,WAS,PHI,0,0,0,0,0,0,,0,0,0,0,0,20260925T013701Z
2026,1,REG,2026_01_DEN_KC,00-0036380,KC,DEN,0,0,0,0,0,0,,0,0,0,0,0,20260925T013701Z
2026,1,REG,2026_01_DAL_NYG,00-0036386,NYG,DAL,0,0,0,0,0,0,,0,0,0,0,0,20260925T013701Z
2026,1,REG,2026_01_GB_MIN,00-0036388,GB,MIN,0,0,0,0,0,0,,0,0,0,0,0,20260925T013701Z
2026,1,REG,2026_01_WAS_PHI,00-0036389,PHI,WAS,7,46,0,0,0,2,4.19875540526118,0,2,2,1,0,20260925T013701Z
2026,1,REG,2026_01_TB_CIN,00-0036406,TB,CIN,0,0,0,0,0,0,,0,0,0,0,0,20260925T013701Z
2026,1,REG,2026_01_CLE_JAX,00-0036407,CLE,JAX,0,0,0,0,0,0,,0,0,0,0,0,20260925T013701Z
2026,1,REG,2026_01_MIA_LV,00-0036409,MIA,LV,0,0,0,0,0,0,,0,0,0,0,0,20260925T013701Z
2026,1,REG,2026_01_TB_CIN,00-0036410,CIN,TB,0,0,0,0,0,0,,0,0,0,0,0,20260925T013701Z
2026,1,REG,2026_01_TB_CIN,00-0036411,TB,CIN,0,0,0,0,0,0,,0,0,0,0,0,20260925T013701Z
2026,1,REG,2026_01_DEN_KC,00-0036416,KC,DEN,0,0,0,0,0,0,,0,0,0,0,0,20260925T013701Z
2026,1,REG,2026_01_WAS_PHI,00-0036418,PHI,WAS,0,0,0,0,0,0,,0,0,0,0,0,20260925T013701Z
2026,1,REG,2026_01_DEN_KC,00-0036422,DEN,KC,0,0,0,0,0,0,,0,0,0,0,0,20260925T013701Z
2026,1,REG,2026_01_GB_MIN,00-0036425,MIN,GB,0,0,0,0,0,0,,0,0,0,0,0,20260925T013701Z
2026,1,REG,2026_01_DEN_KC,00-0036428,DEN,KC,0,0,0,0,0,0,,0,0,0,0,0,20260925T013701Z
2026,1,REG,2026_01_TB_CIN,00-0036442,CIN,TB,5,20,0,0,0,4,0.484639389935182,0,1,1,0,0,20260925T013701Z
2026,1,REG,2026_01_CLE_JAX,00-0036443,CLE,JAX,0,0,0,0,0,0,,0,0,0,0,0,20260925T013701Z
2026,1,REG,2026_01_ATL_PIT,00-0036463,ATL,PIT,0,0,0,0,0,0,,0,0,0,0,0,20260925T013701Z
2026,1,REG,2026_01_MIA_LV,00-0036479,LV,MIA,0,0,0,0,0,0,,0,0,0,0,0,20260925T013701Z
2026,1,REG,2026_01_CHI_CAR,00-0036480,CHI,CAR,0,0,0,0,0,0,,0,0,0,0,0,20260925T013701Z
2026,1,REG,2026_01_NYJ_TEN,00-0036500,NYJ,TEN,0,0,0,0,0,0,,0,0,0,0,0,20260925T013701Z
2026,1,REG,2026_01_WAS_PHI,00-0036501,PHI,WAS,0,0,0,0,0,0,,0,0,0,0,0,20260925T013701Z
2026,1,REG,2026_01_BAL_IND,00-0036550,BAL,IND,0,0,0,0,0,0,,0,0,0,0,0,20260925T013701Z
2026,1,REG,2026_01_BUF_HOU,00-0036554,HOU,BUF,1,7,0,0,0,1,0.906610255362466,0,0,0,0,0,20260925T013701Z
2026,1,REG,2026_01_CHI_CAR,00-0036555,CAR,CHI,10,49,1,0,0,2,1.46913529216545,0,1,0,0,0,20260925T013701Z
2026,1,REG,2026_01_DEN_KC,00-0036557,KC,DEN,0,0,0,0,0,0,,0,0,0,0,0,20260925T013701Z
2026,1,REG,2026_01_SF_LA,00-0036563,SF,LA,0,0,0,0,0,0,,0,0,0,0,0,20260925T013701Z
2026,1,REG,2026_01_DEN_KC,00-0036564,DEN,KC,0,0,0,0,0,0,,0,0,0,0,0,20260925T013701Z
2026,1,REG,2026_01_ARI_LAC,00-0036568,ARI,LAC,0,0,0,0,0,0,,0,0,0,0,0,20260925T013701Z
2026,1,REG,2026_01_DAL_NYG,00-0036587,NYG,DAL,0,0,0,0,0,0,,0,0,0,0,0,20260925T013701Z
2026,1,REG,2026_01_CLE_JAX,00-0036590,JAX,CLE,0,0,0,0,0,0,,0,0,0,0,0,20260925T013701Z
2026,1,REG,2026_01_SF_LA,00-0036603,LA,SF,0,0,0,0,0,0,,0,0,0,0,0,20260925T013701Z
2026,1,REG,2026_01_DEN_KC,00-0036613,DEN,KC,0,0,0,0,0,0,,0,0,0,0,0,20260925T013701Z
2026,1,REG,2026_01_ATL_PIT,00-0036617,PIT,ATL,0,0,0,0,0,0,,0,0,0,0,0,20260925T013701Z
2026,1,REG,2026_01_DEN_KC,00-0036621,KC,DEN,0,0,0,0,0,0,,0,0,0,0,0,20260925T013701Z
2026,1,REG,2026_01_NYJ_TEN,00-0036622,NYJ,TEN,0,0,0,0,0,0,,0,0,0,0,0,20260925T013701Z
2026,1,REG,2026_01_DEN_KC,00-0036623,KC,DEN,0,0,0,0,0,0,,0,0,0,0,0,20260925T013701Z
2026,1,REG,2026_01_NO_DET,00-0036624,DET,NO,0,0,0,0,0,0,,0,0,0,0,0,20260925T013701Z
2026,1,REG,2026_01_GB_MIN,00-0036625,GB,MIN,0,0,0,0,0,0,,0,0,0,0,0,20260925T013701Z
2026,1,REG,2026_01_WAS_PHI,00-0036626,WAS,PHI,0,0,0,0,0,0,,0,0,0,0,0,20260925T013701Z
2026,1,REG,2026_01_WAS_PHI,00-0036628,WAS,PHI,0,0,0,0,0,0,,0,0,0,0,0,20260925T013701Z
2026,1,REG,2026_01_BAL_IND,00-0036629,IND,BAL,0,0,0,0,0,0,,0,0,0,0,0,20260925T013701Z
2026,1,REG,2026_01_DEN_KC,00-0036637,KC,DEN,0,0,0,0,0,0,,0,0,0,0,0,20260925T013701Z
2026,1,REG,2026_01_TB_CIN,00-0036642,CIN,TB,0,0,0,0,0,0,,0,0,0,0,0,20260925T013701Z
2026,1,REG,2026_01_ARI_LAC,00-0036646,ARI,LAC,0,0,0,0,0,0,,0,0,0,0,0,20260925T013701Z
2026,1,REG,2026_01_GB_MIN,00-0036648,GB,MIN,0,0,0,0,0,0,,0,0,0,0,0,20260925T013701Z
2026,1,REG,2026_01_GB_MIN,00-0036658,GB,MIN,0,0,0,0,0,0,,0,0,0,0,0,20260925T013701Z
2026,1,REG,2026_01_DEN_KC,00-0036660,KC,DEN,0,0,0,0,0,0,,0,0,0,0,0,20260925T013701Z
2026,1,REG,2026_01_MIA_LV,00-0036677,MIA,LV,0,0,0,0,0,0,,0,0,0,0,0,20260925T013701Z
2026,1,REG,2026_01_MIA_LV,00-0036682,MIA,LV,0,0,0,0,0,0,,0,0,0,0,0,20260925T013701Z
2026,1,REG,2026_01_DEN_KC,00-0036683,DEN,KC,0,0,0,0,0,0,,0,0,0,0,0,20260925T013701Z
2026,1,REG,2026_01_NO_DET,00-0036754,DET,NO,0,0,0,0,0,0,,0,0,0,0,0,20260925T013701Z
2026,1,REG,2026_01_NE_SEA,00-0036813,NE,SEA,0,0,0,0,0,0,,0,0,0,0,0,20260925T013701Z
2026,1,REG,2026_01_MIA_LV,00-0036816,MIA,LV,0,0,0,0,0,0,,0,0,0,0,0,20260925T013701Z
2026,1,REG,2026_01_CHI_CAR,00-0036825,CAR,CHI,0,0,0,0,0,0,,0,0,0,0,0,20260925T013701Z
2026,1,REG,2026_01_SF_LA,00-0036844,SF,LA,0,0,0,0,0,0,,0,0,0,0,0,20260925T013701Z
2026,1,REG,2026_01_TB_CIN,00-0036854,CIN,TB,0,0,0,0,0,0,,0,0,0,0,0,20260925T013701Z
2026,1,REG,2026_01_NO_DET,00-0036867,NO,DET,0,0,0,0,0,0,,0,0,0,0,0,20260925T013701Z
2026,1,REG,2026_01_DEN_KC,00-0036874,DEN,KC,0,0,0,0,0,0,,0,0,0,0,0,20260925T013701Z
2026,1,REG,2026_01_NE_SEA,00-0036875,NE,SEA,18,51,0,0,0,2,-8.05034076428274,0,1,1,0,0,20260925T013701Z
2026,1,REG,2026_01_NO_DET,00-0036880,DET,NO,0,0,0,0,0,0,,0,0,0,0,0,20260925T013701Z
2026,1,REG,2026_01_BUF_HOU,00-0036883,HOU,BUF,0,0,0,0,0,0,,0,0,0,0,0,20260925T013701Z
2026,1,REG,2026_01_SF_LA,00-0036887,SF,LA,0,0,0,0,0,0,,0,0,0,0,0,20260925T013701Z
2026,1,REG,2026_01_BUF_HOU,00-0036888,BUF,HOU,0,0,0,0,0,0,,0,0,0,0,0,20260925T013701Z
2026,1,REG,2026_01_ATL_PIT,00-0036894,PIT,ATL,0,0,0,0,0,0,,0,0,0,0,0,20260925T013701Z
2026,1,REG,2026_01_TB_CIN,00-0036900,CIN,TB,0,0,0,0,0,0,,0,0,0,0,0,20260925T013701Z
2026,1,REG,2026_01_MIA_LV,00-0036901,LV,MIA,0,0,0,0,0,0,,0,0,0,0,0,20260925T013701Z
2026,1,REG,2026_01_CHI_CAR,00-0036903,CAR,CHI,0,0,0,0,0,0,,0,0,0,0,0,20260925T013701Z
2026,1,REG,2026_01_DEN_KC,00-0036909,KC,DEN,0,0,0,0,0,0,,0,0,0,0,0,20260925T013701Z
2026,1,REG,2026_01_WAS_PHI,00-0036912,PHI,WAS,0,0,0,0,0,0,,0,0,0,0,0,20260925T013701Z
2026,1,REG,2026_01_BUF_HOU,00-0036914,BUF,HOU,0,0,0,0,0,0,,0,0,0,0,0,20260925T013701Z
2026,1,REG,2026_01_NE_SEA,00-0036916,NE,SEA,0,0,0,0,0,0,,0,0,0,0,0,20260925T013701Z
2026,1,REG,2026_01_TB_CIN,00-0036919,TB,CIN,5,15,0,0,0,1,-1.11748554528458,0,0,0,0,0,20260925T013701Z
2026,1,REG,2026_01_MIA_LV,00-0036922,LV,MIA,0,0,0,0,0,0,,0,0,0,0,0,20260925T013701Z
2026,1,REG,2026_01_NO_DET,00-0036927,NO,DET,0,0,0,0,0,0,,0,0,0,0,0,20260925T013701Z
2026,1,REG,2026_01_ARI_LAC,00-0036933,ARI,LAC,0,0,0,0,0,0,,0,0,0,0,0,20260925T013701Z
2026,1,REG,2026_01_CHI_CAR,00-0036934,CAR,CHI,0,0,0,0,0,0,,0,0,0,0,0,20260925T013701Z
2026,1,REG,2026_01_DAL_NYG,00-0036937,NYG,DAL,0,0,0,0,0,0,,0,0,0,0,0,20260925T013701Z
2026,1,REG,2026_01_WAS_PHI,00-0036940,WAS,PHI,0,0,0,0,0,0,,0,0,0,0,0,20260925T013701Z
2026,1,REG,2026_01_NYJ_TEN,00-0036941,NYJ,TEN,0,0,0,0,0,0,,0,0,0,0,0,20260925T013701Z
2026,1,REG,2026_01_SF_LA,00-0036942,SF,LA,0,0,0,0,0,0,,0,0,0,0,0,20260925T013701Z
2026,1,REG,2026_01_DEN_KC,00-0036943,DEN,KC,0,0,0,0,0,0,,0,0,0,0,0,20260925T013701Z
2026,1,REG,2026_01_CHI_CAR,00-0036944,CAR,CHI,0,0,0,0,0,0,,0,0,0,0,0,20260925T013701Z
2026,1,REG,2026_01_CHI_CAR,00-0036962,CAR,CHI,0,0,0,0,0,0,,0,0,0,0,0,20260925T013701Z
2026,1,REG,2026_01_NO_DET,00-0036963,DET,NO,0,0,0,0,0,0,,0,0,0,0,0,20260925T013701Z
2026,1,REG,2026_01_NO_DET,00-0036964,DET,NO,0,0,0,0,0,0,,0,0,0,0,0,20260925T013701Z
2026,1,REG,2026_01_ATL_PIT,00-0036970,ATL,PIT,0,0,0,0,0,0,,0,0,0,0,0,20260925T013701Z
2026,1,REG,2026_01_CLE_JAX,00-0036971,JAX,CLE,2,3,0,0,0,1,-0.399042708100751,0,0,0,0,0,20260925T013701Z
2026,1,REG,2026_01_NO_DET,00-0036973,NO,DET,9,46,0,0,0,2,-1.83234053023625,0,2,2,0,0,20260925T013701Z
2026,1,REG,2026_01_CLE_JAX,00-0036974,CLE,JAX,0,0,0,0,0,0,,0,0,0,0,0,20260925T013701Z
2026,1,REG,2026_01_NE_SEA,00-0036979,NE,SEA,0,0,0,0,0,0,,0,0,0,0,0,20260925T013701Z
2026,1,REG,2026_01_NE_SEA,00-0036981,NE,SEA,0,0,0,0,0,0,,0,0,0,0,0,20260925T013701Z
2026,1,REG,2026_01_DAL_NYG,00-0036982,NYG,DAL,0,0,0,0,0,0,,0,0,0,0,0,20260925T013701Z
2026,1,REG,2026_01_CLE_JAX,00-0036985,JAX,CLE,0,0,0,0,0,0,,0,0,0,0,0,20260925T013701Z
2026,1,REG,2026_01_NYJ_TEN,00-0036986,NYJ,TEN,0,0,0,0,0,0,,0,0,0,0,0,20260925T013701Z
2026,1,REG,2026_01_BUF_HOU,00-0036988,BUF,HOU,0,0,0,0,0,0,,0,0,0,0,0,20260925T013701Z
2026,1,REG,2026_01_MIA_LV,00-0036989,LV,MIA,0,0,0,0,0,0,,0,0,0,0,0,20260925T013701Z
2026,1,REG,2026_01_ATL_PIT,00-0036990,ATL,PIT,0,0,0,0,0,0,,0,0,0,0,0,20260925T013701Z
2026,1,REG,2026_01_ARI_LAC,00-0036992,LAC,ARI,0,0,0,0,0,0,,0,0,0,0,0,20260925T013701Z
2026,1,REG,2026_01_NE_SEA,00-0036994,SEA,NE,0,0,0,0,0,0,,0,0,0,0,0,20260925T013701Z
2026,1,REG,2026_01_DAL_NYG,00-0036996,NYG,DAL,0,0,0,0,0,0,,0,0,0,0,0,20260925T013701Z
2026,1,REG,2026_01_DAL_NYG,00-0036997,DAL,NYG,12,41,1,0,0,2,1.38681224867469,0,0,0,0,0,20260925T013701Z
2026,1,REG,2026_01_DAL_NYG,00-0036998,NYG,DAL,0,0,0,0,0,0,,0,0,0,0,0,20260925T013701Z
2026,1,REG,2026_01_WAS_PHI,00-0037002,PHI,WAS,0,0,0,0,0,0,,0,0,0,0,0,20260925T013701Z
2026,1,REG,2026_01_NE_SEA,00-0037003,SEA,NE,0,0,0,0,0,0,,0,0,0,0,0,20260925T013701Z
2026,1,REG,2026_01_ARI_LAC,00-0037004,ARI,LAC,0,0,0,0,0,0,,0,0,0,0,0,20260925T013701Z
2026,1,REG,2026_01_CHI_CAR,00-0037005,CAR,CHI,0,0,0,0,0,0,,0,0,0,0,0,20260925T013701Z
2026,1,REG,2026_01_ARI_LAC,00-0037009,LAC,ARI,0,0,0,0,0,0,,0,0,0,0,0,20260925T013701Z
2026,1,REG,2026_01_BUF_HOU,00-0037034,BUF,HOU,0,0,0,0,0,0,,0,0,0,0,0,20260925T013701Z
2026,1,REG,2026_01_WAS_PHI,00-0037073,PHI,WAS,0,0,0,0,0,0,,0,0,0,0,0,20260925T013701Z
2026,1,REG,2026_01_MIA_LV,00-0037074,LV,MIA,0,0,0,0,0,0,,0,0,0,0,0,20260925T013701Z
2026,1,REG,2026_01_GB_MIN,00-0037075,GB,MIN,0,0,0,0,0,0,,0,0,0,0,0,20260925T013701Z
2026,1,REG,2026_01_GB_MIN,00-0037076,GB,MIN,0,0,0,0,0,0,,0,0,0,0,0,20260925T013701Z
2026,1,REG,2026_01_WAS_PHI,00-0037079,PHI,WAS,0,0,0,0,0,0,,0,0,0,0,0,20260925T013701Z
2026,1,REG,2026_01_BUF_HOU,00-0037082,HOU,BUF,0,0,0,0,0,0,,0,0,0,0,0,20260925T013701Z
2026,1,REG,2026_01_NYJ_TEN,00-0037083,NYJ,TEN,0,0,0,0,0,0,,0,0,0,0,0,20260925T013701Z
2026,1,REG,2026_01_GB_MIN,00-0037091,GB,MIN,0,0,0,0,0,0,,0,0,0,0,0,20260925T013701Z
2026,1,REG,2026_01_MIA_LV,00-0037093,LV,MIA,0,0,0,0,0,0,,0,0,0,0,0,20260925T013701Z
2026,1,REG,2026_01_GB_MIN,00-0037094,GB,MIN,0,0,0,0,0,0,,0,0,0,0,0,20260925T013701Z
2026,1,REG,2026_01_CHI_CAR,00-0037096,CHI,CAR,0,0,0,0,0,0,,0,0,0,0,0,20260925T013701Z
2026,1,REG,2026_01_CHI_CAR,00-0037129,CHI,CAR,0,0,0,0,0,0,,0,0,0,0,0,20260925T013701Z
2026,1,REG,2026_01_BUF_HOU,00-0037130,HOU,BUF,0,0,0,0,0,0,,0,0,0,0,0,20260925T013701Z
2026,1,REG,2026_01_WAS_PHI,00-0037132,PHI,WAS,0,0,0,0,0,0,,0,0,0,0,0,20260925T013701Z
2026,1,REG,2026_01_NE_SEA,00-0037137,SEA,NE,0,0,0,0,0,0,,0,0,0,0,0,20260925T013701Z
2026,1,REG,2026_01_NYJ_TEN,00-0037155,TEN,NYJ,0,0,0,0,0,0,,0,0,0,0,0,20260925T013701Z
2026,1,REG,2026_01_CHI_CAR,00-0037179,CAR,CHI,0,0,0,0,0,0,,0,0,0,0,0,20260925T013701Z
2026,1,REG,2026_01_BAL_IND,00-0037190,IND,BAL,0,0,0,0,0,0,,0,0,0,0,0,20260925T013701Z
2026,1,REG,2026_01_SF_LA,00-0037191,LA,SF,0,0,0,0,0,0,,0,0,0,0,0,20260925T013701Z
2026,1,REG,2026_01_DEN_KC,00-0037192,KC,DEN,0,0,0,0,0,0,,0,0,0,0,0,20260925T013701Z
2026,1,REG,2026_01_TB_CIN,00-0037193,CIN,TB,0,0,0,0,0,0,,0,0,0,0,0,20260925T013701Z
2026,1,REG,2026_01_SF_LA,00-0037195,LA,SF,0,0,0,0,0,0,,0,0,0,0,0,20260925T013701Z
2026,1,REG,2026_01_CHI_CAR,00-0037196,CAR,CHI,0,0,0,0,0,0,,0,0,0,0,0,20260925T013701Z
2026,1,REG,2026_01_DEN_KC,00-0037208,KC,DEN,0,0,0,0,0,0,,0,0,0,0,0,20260925T013701Z
2026,1,REG,2026_01_ARI_LAC,00-0037224,LAC,ARI,0,0,0,0,0,0,,0,0,0,0,0,20260925T013701Z
2026,1,REG,2026_01_ATL_PIT,00-0037228,PIT,ATL,10,46,0,0,0,3,-1.24450429144781,0,1,1,0,0,20260925T013701Z
2026,1,REG,2026_01_CLE_JAX,00-0037235,JAX,CLE,0,0,0,0,0,0,,0,0,0,0,0,20260925T013701Z
2026,1,REG,2026_01_NO_DET,00-0037236,DET,NO,0,0,0,0,0,0,,0,0,0,0,0,20260925T013701Z
2026,1,REG,2026_01_BUF_HOU,00-0037237,HOU,BUF,0,0,0,0,0,0,,0,0,0,0,0,20260925T013701Z
2026,1,REG,2026_01_ATL_PIT,00-0037238,ATL,PIT,1,6,0,0,0,0,0.585678446106613,0,0,0,0,0,20260925T013701Z
2026,1,REG,2026_01_NO_DET,00-0037239,NO,DET,0,0,0,0,0,0,,0,0,0,0,0,20260925T013701Z
2026,1,REG,2026_01_NO_DET,00-0037240,DET,NO,0,0,0,0,0,0,,0,0,0,0,0,20260925T013701Z
2026,1,REG,2026_01_CHI_CAR,00-0037244,CAR,CHI,0,0,0,0,0,0,,0,0,0,0,0,20260925T013701Z
2026,1,REG,2026_01_BUF_HOU,00-0037246,HOU,BUF,0,0,0,0,0,0,,0,0,0,0,0,20260925T013701Z
2026,1,REG,2026_01_DAL_NYG,00-0037247,DAL,NYG,0,0,0,0,0,0,,0,0,0,0,0,20260925T013701Z
2026,1,REG,2026_01_BUF_HOU,00-0037248,BUF,HOU,13,57,0,1,0,3,-0.0903680950286798,0,2,1,0,0,20260925T013701Z
2026,1,REG,2026_01_DEN_KC,00-0037249,DEN,KC,0,0,0,0,0,0,,0,0,0,0,0,20260925T013701Z
2026,1,REG,2026_01_NO_DET,00-0037250,NO,DET,0,0,0,0,0,0,,0,0,0,0,0,20260925T013701Z
2026,1,REG,2026_01_MIA_LV,00-0037252,MIA,LV,0,0,0,0,0,0,,0,0,0,0,0,20260925T013701Z
2026,1,REG,2026_01_NE_SEA,00-0037253,NE,SEA,0,0,0,0,0,0,,0,0,0,0,0,20260925T013701Z
2026,1,REG,2026_01_BUF_HOU,00-0037254,BUF,HOU,0,0,0,0,0,0,,0,0,0,0,0,20260925T013701Z
2026,1,REG,2026_01_WAS_PHI,00-0037256,WAS,PHI,7,22,0,0,0,1,-2.76765998384035,0,0,0,0,0,20260925T013701Z
2026,1,REG,2026_01_BUF_HOU,00-0037261,BUF,HOU,0,0,0,0,0,0,,0,0,0,0,0,20260925T013701Z
2026,1,REG,2026_01_MIA_LV,00-0037262,LV,MIA,0,0,0,0,0,0,,0,0,0,0,0,20260925T013701Z
2026,1,REG,2026_01_ARI_LAC,00-0037263,ARI,LAC,17,61,0,0,0,2,-2.96501528027531,0,1,0,0,0,20260925T013701Z
2026,1,REG,2026_01_TB_CIN,00-0037268,TB,CIN,0,0,0,0,0,0,,0,0,0,0,0,20260925T013701Z
2026,1,REG,2026_01_DAL_NYG,00-0037270,DAL,NYG,0,0,0,0,0,0,,0,0,0,0,0,20260925T013701Z
2026,1,REG,2026_01_CHI_CAR,00-0037271,CHI,CAR,0,0,0,0,0,0,,0,0,0,0,0,20260925T013701Z
2026,1,REG,2026_01_DAL_NYG,00-0037275,DAL,NYG,0,0,0,0,0,0,,0,0,0,0,0,20260925T013701Z
2026,1,REG,2026_01_DEN_KC,00-0037284,KC,DEN,0,0,0,0,0,0,,0,0,0,0,0,20260925T013701Z
2026,1,REG,2026_01_BUF_HOU,00-0037288,BUF,HOU,0,0,0,0,0,0,,0,0,0,0,0,20260925T013701Z
2026,1,REG,2026_01_NO_DET,00-0037289,DET,NO,0,0,0,0,0,0,,0,0,0,0,0,20260925T013701Z
2026,1,REG,2026_01_MIA_LV,00-0037291,LV,MIA,0,0,0,0,0,0,,0,0,0,0,0,20260925T013701Z
2026,1,REG,2026_01_BAL_IND,00-0037292,IND,BAL,0,0,0,0,0,0,,0,0,0,0,0,20260925T013701Z
2026,1,REG,2026_01_GB_MIN,00-0037301,MIN,GB,0,0,0,0,0,0,,0,0,0,0,0,20260925T013701Z
2026,1,REG,2026_01_MIA_LV,00-0037304,LV,MIA,1,1,0,0,0,1,1.84822383732535,0,0,0,0,0,20260925T013701Z
2026,1,REG,2026_01_DAL_NYG,00-0037310,DAL,NYG,0,0,0,0,0,0,,0,0,0,0,0,20260925T013701Z
2026,1,REG,2026_01_CLE_JAX,00-0037313,JAX,CLE,0,0,0,0,0,0,,0,0,0,0,0,20260925T013701Z
2026,1,REG,2026_01_ATL_PIT,00-0037317,ATL,PIT,0,0,0,0,0,0,,0,0,0,0,0,20260925T013701Z
2026,1,REG,2026_01_NE_SEA,00-0037323,SEA,NE,0,0,0,0,0,0,,0,0,0,0,0,20260925T013701Z
2026,1,REG,2026_01_CHI_CAR,00-0037380,CHI,CAR,0,0,0,0,0,0,,0,0,0,0,0,20260925T013701Z
2026,1,REG,2026_01_DEN_KC,00-0037384,DEN,KC,0,0,0,0,0,0,,0,0,0,0,0,20260925T013701Z
2026,1,REG,2026_01_BUF_HOU,00-0037428,BUF,HOU,0,0,0,0,0,0,,0,0,0,0,0,20260925T013701Z
2026,1,REG,2026_01_BUF_HOU,00-0037457,HOU,BUF,0,0,0,0,0,0,,0,0,0,0,0,20260925T013701Z
2026,1,REG,2026_01_ATL_PIT,00-0037480,PIT,ATL,0,0,0,0,0,0,,0,0,0,0,0,20260925T013701Z
2026,1,REG,2026_01_NO_DET,00-0037500,NO,DET,0,0,0,0,0,0,,0,0,0,0,0,20260925T013701Z
2026,1,REG,2026_01_MIA_LV,00-0037512,LV,MIA,0,0,0,0,0,0,,0,0,0,0,0,20260925T013701Z
2026,1,REG,2026_01_NO_DET,00-0037524,DET,NO,0,0,0,0,0,0,,0,0,0,0,0,20260925T013701Z
2026,1,REG,2026_01_GB_MIN,00-0037525,MIN,GB,15,59,1,0,0,2,-2.96508915317827,0,1,1,1,0,20260925T013701Z
2026,1,REG,2026_01_NYJ_TEN,00-0037526,NYJ,TEN,0,0,0,0,0,0,,0,0,0,0,0,20260925T013701Z
2026,1,REG,2026_01_MIA_LV,00-0037527,LV,MIA,0,0,0,0,0,0,,0,0,0,0,0,20260925T013701Z
2026,1,REG,2026_01_NE_SEA,00-0037545,SEA,NE,0,0,0,0,0,0,,0,0,0,0,0,20260925T013701Z
2026,1,REG,2026_01_GB_MIN,00-0037547,GB,MIN,0,0,0,0,0,0,,0,0,0,0,0,20260925T013701Z
2026,1,REG,2026_01_SF_LA,00-0037557,LA,SF,5,19,0,0,0,1,-2.73792025452713,0,0,0,0,0,20260925T013701Z
2026,1,REG,2026_01_DAL_NYG,00-0037561,DAL,NYG,0,0,0,0,0,0,,0,0,0,0,0,20260925T013701Z
2026,1,REG,2026_01_SF_LA,00-0037587,LA,SF,0,0,0,0,0,0,,0,0,0,0,0,20260925T013701Z
2026,1,REG,2026_01_ARI_LAC,00-0037596,ARI,LAC,0,0,0,0,0,0,,0,0,0,0,0,20260925T013701Z
2026,1,REG,2026_01_DAL_NYG,00-0037611,NYG,DAL,0,0,0,0,0,0,,0,0,0,0,0,20260925T013701Z
2026,1,REG,2026_01_MIA_LV,00-0037615,LV,MIA,0,0,0,0,0,0,,0,0,0,0,0,20260925T013701Z
2026,1,REG,2026_01_WAS_PHI,00-0037616,WAS,PHI,0,0,0,0,0,0,,0,0,0,0,0,20260925T013701Z
2026,1,REG,2026_01_NYJ_TEN,00-0037663,TEN,NYJ,0,0,0,0,0,0,,0,0,0,0,0,20260925T013701Z
2026,1,REG,2026_01_BAL_IND,00-0037664,IND,BAL,0,0,0,0,0,0,,0,0,0,0,0,20260925T013701Z
2026,1,REG,2026_01_CLE_JAX,00-0037665,CLE,JAX,0,0,0,0,0,0,,0,0,0,0,0,20260925T013701Z
2026,1,REG,2026_01_MIA_LV,00-0037686,MIA,LV,0,0,0,0,0,0,,0,0,0,0,0,20260925T013701Z
2026,1,REG,2026_01_DAL_NYG,00-0037692,DAL,NYG,0,0,0,0,0,0,,0,0,0,0,0,20260925T013701Z
2026,1,REG,2026_01_NYJ_TEN,00-0037740,NYJ,TEN,0,0,0,0,0,0,,0,0,0,0,0,20260925T013701Z
2026,1,REG,2026_01_ATL_PIT,00-0037741,ATL,PIT,0,0,0,0,0,0,,0,0,0,0,0,20260925T013701Z
2026,1,REG,2026_01_TB_CIN,00-0037743,CIN,TB,0,0,0,0,0,0,,0,0,0,0,0,20260925T013701Z
2026,1,REG,2026_01_ARI_LAC,00-0037744,ARI,LAC,0,0,0,0,0,0,,0,0,0,0,0,20260925T013701Z
2026,1,REG,2026_01_ATL_PIT,00-0037746,ATL,PIT,9,31,0,0,0,2,-1.05737868789583,0,1,1,0,0,20260925T013701Z
2026,1,REG,2026_01_DEN_KC,00-0037752,DEN,KC,0,0,0,0,0,0,,0,0,0,0,0,20260925T013701Z
2026,1,REG,2026_01_BAL_IND,00-0037756,BAL,IND,0,0,0,0,0,0,,0,0,0,0,0,20260925T013701Z
2026,1,REG,2026_01_NYJ_TEN,00-0037758,TEN,NYJ,0,0,0,0,0,0,,0,0,0,0,0,20260925T013701Z
2026,1,REG,2026_01_DEN_KC,00-0037799,DEN,KC,0,0,0,0,0,0,,0,0,0,0,0,20260925T013701Z
2026,1,REG,2026_01_DAL_NYG,00-0037801,DAL,NYG,0,0,0,0,0,0,,0,0,0,0,0,20260925T013701Z
2026,1,REG,2026_01_NYJ_TEN,00-0037805,NYJ,TEN,0,0,0,0,0,0,,0,0,0,0,0,20260925T013701Z
2026,1,REG,2026_01_WAS_PHI,00-0037809,WAS,PHI,0,0,0,0,0,0,,0,0,0,0,0,20260925T013701Z
2026,1,REG,2026_01_NE_SEA,00-0037812,SEA,NE,0,0,0,0,0,0,,0,0,0,0,0,20260925T013701Z
2026,1,REG,2026_01_ATL_PIT,00-0037815,ATL,PIT,0,0,0,0,0,0,,0,0,0,0,0,20260925T013701Z
2026,1,REG,2026_01_NE_SEA,00-0037816,NE,SEA,0,0,0,0,0,0,,0,0,0,0,0,20260925T013701Z
2026,1,REG,2026_01_GB_MIN,00-0037817,GB,MIN,0,0,0,0,0,0,,0,0,0,0,0,20260925T013701Z
2026,1,REG,2026_01_CLE_JAX,00-0037818,CLE,JAX,0,0,0,0,0,0,,0,0,0,0,0,20260925T013701Z
2026,1,REG,2026_01_WAS_PHI,00-0037819,WAS,PHI,0,0,0,0,0,0,,0,0,0,0,0,20260925T013701Z
2026,1,REG,2026_01_SF_LA,00-0037834,SF,LA,5,29,0,0,0,4,3.22245055087842,0,1,1,0,0,20260925T013701Z
2026,1,REG,2026_01_DAL_NYG,00-0037838,NYG,DAL,0,0,0,0,0,0,,0,0,0,0,0,20260925T013701Z
2026,1,REG,2026_01_DAL_NYG,00-0037839,DAL,NYG,0,0,0,0,0,0,,0,0,0,0,0,20260925T013701Z
2026,1,REG,2026_01_SF_LA,00-0037840,LA,SF,11,41,1,0,0,3,1.14232724759495,0,0,0,0,0,20260925T013701Z
2026,1,REG,2026_01_SF_LA,00-0037841,LA,SF,0,0,0,0,0,0,,0,0,0,0,0,20260925T013701Z
2026,1,REG,2026_01_CHI_CAR,00-0037843,CHI,CAR,0,0,0,0,0,0,,0,0,0,0,0,20260925T013701Z
2026,1,REG,2026_01_BAL_IND,00-0038038,BAL,IND,0,0,0,0,0,0,,0,0,0,0,0,20260925T013701Z
2026,1,REG,2026_01_SF_LA,00-0038039,SF,LA,0,0,0,0,0,0,,0,0,0,0,0,20260925T013701Z
2026,1,REG,2026_01_DAL_NYG,00-0038041,DAL,NYG,0,0,0,0,0,0,,0,0,0,0,0,20260925T013701Z
2026,1,REG,2026_01_ARI_LAC,00-0038046,LAC,ARI,0,0,0,0,0,0,,0,0,0,0,0,20260925T013701Z
2026,1,REG,2026_01_GB_MIN,00-0038090,GB,MIN,0,0,0,0,0,0,,0,0,0,0,0,20260925T013701Z
2026,1,REG,2026_01_DAL_NYG,00-0038094,NYG,DAL,0,0,0,0,0,0,,0,0,0,0,0,20260925T013701Z
2026,1,REG,2026_01_CHI_CAR,00-0038102,CAR,CHI,1,24,0,0,0,1,1.67775175964925,0,1,1,1,0,20260925T013701Z
2026,1,REG,2026_01_DEN_KC,00-0038104,KC,DEN,0,0,0,0,0,0,,0,0,0,0,0,20260925T013701Z
2026,1,REG,2026_01_DEN_KC,00-0038106,DEN,KC,0,0,0,0,0,0,,0,0,0,0,0,20260925T013701Z
2026,1,REG,2026_01_WAS_PHI,00-0038112,PHI,WAS,0,0,0,0,0,0,,0,0,0,0,0,20260925T013701Z
2026,1,REG,2026_01_NYJ_TEN,00-0038115,TEN,NYJ,0,0,0,0,0,0,,0,0,0,0,0,20260925T013701Z
2026,1,REG,2026_01_WAS_PHI,00-0038116,PHI,WAS,0,0,0,0,0,0,,0,0,0,0,0,20260925T013701Z
2026,1,REG,2026_01_NYJ_TEN,00-0038117,TEN,NYJ,0,0,0,0,0,0,,0,0,0,0,0,20260925T013701Z
2026,1,REG,2026_01_NYJ_TEN,00-0038120,NYJ,TEN,22,102,1,0,0,7,2.34956525173038,0,3,3,0,0,20260925T013701Z
2026,1,REG,2026_01_NYJ_TEN,00-0038121,TEN,NYJ,0,0,0,0,0,0,,0,0,0,0,0,20260925T013701Z
2026,1,REG,2026_01_NYJ_TEN,00-0038123,NYJ,TEN,0,0,0,0,0,0,,0,0,0,0,0,20260925T013701Z
2026,1,REG,2026_01_GB_MIN,00-0038124,GB,MIN,0,0,0,0,0,0,,0,0,0,0,0,20260925T013701Z
2026,1,REG,2026_01_NO_DET,00-0038125,DET,NO,0,0,0,0,0,0,,0,0,0,0,0,20260925T013701Z
2026,1,REG,2026_01_MIA_LV,00-0038128,MIA,LV,6,39,1,1,0,2,1.04589421552373,0,1,1,0,0,20260925T013701Z
2026,1,REG,2026_01_TB_CIN,00-0038129,TB,CIN,0,0,0,0,0,0,,0,0,0,0,0,20260925T013701Z
2026,1,REG,2026_01_TB_CIN,00-0038133,CIN,TB,0,0,0,0,0,0,,0,0,0,0,0,20260925T013701Z
2026,1,REG,2026_01_DEN_KC,00-0038134,KC,DEN,23,173,1,0,0,8,10.1025641742744,0,4,4,2,1,20260925T013701Z
2026,1,REG,2026_01_ATL_PIT,00-0038135,PIT,ATL,0,0,0,0,0,0,,0,0,0,0,0,20260925T013701Z
2026,1,REG,2026_01_SF_LA,00-0038359,LA,SF,0,0,0,0,0,0,,0,0,0,0,0,20260925T013701Z
2026,1,REG,2026_01_MIA_LV,00-0038360,LV,MIA,0,0,0,0,0,0,,0,0,0,0,0,20260925T013701Z
2026,1,REG,2026_01_WAS_PHI,00-0038386,PHI,WAS,0,0,0,0,0,0,,0,0,0,0,0,20260925T013701Z
2026,1,REG,2026_01_NO_DET,00-0038387,NO,DET,0,0,0,0,0,0,,0,0,0,0,0,20260925T013701Z
2026,1,REG,2026_01_WAS_PHI,00-0038393,PHI,WAS,0,0,0,0,0,0,,0,0,0,0,0,20260925T013701Z
2026,1,REG,2026_01_GB_MIN,00-0038398,GB,MIN,0,0,0,0,0,0,,0,0,0,0,0,20260925T013701Z
2026,1,REG,2026_01_DAL_NYG,00-0038399,NYG,DAL,0,0,0,0,0,0,,0,0,0,0,0,20260925T013701Z
2026,1,REG,2026_01_WAS_PHI,00-0038412,PHI,WAS,0,0,0,0,0,0,,0,0,0,0,0,20260925T013701Z
2026,1,REG,2026_01_CLE_JAX,00-0038428,CLE,JAX,0,0,0,0,0,0,,0,0,0,0,0,20260925T013701Z
2026,1,REG,2026_01_ARI_LAC,00-0038454,LAC,ARI,4,9,0,0,0,0,-1.147076887195,0,0,0,0,0,20260925T013701Z
2026,1,REG,2026_01_GB_MIN,00-0038463,GB,MIN,0,0,0,0,0,0,,0,0,0,0,0,20260925T013701Z
2026,1,REG,2026_01_NE_SEA,00-0038488,SEA,NE,0,0,0,0,0,0,,0,0,0,0,0,20260925T013701Z
2026,1,REG,2026_01_DEN_KC,00-0038489,KC,DEN,0,0,0,0,0,0,,0,0,0,0,0,20260925T013701Z
2026,1,REG,2026_01_CHI_CAR,00-0038493,CAR,CHI,0,0,0,0,0,0,,0,0,0,0,0,20260925T013701Z
2026,1,REG,2026_01_BAL_IND,00-0038504,BAL,IND,0,0,0,0,0,0,,0,0,0,0,0,20260925T013701Z
2026,1,REG,2026_01_BAL_IND,00-0038505,BAL,IND,0,0,0,0,0,0,,0,0,0,0,0,20260925T013701Z
2026,1,REG,2026_01_DEN_KC,00-0038519,KC,DEN,0,0,0,0,0,0,,0,0,0,0,0,20260925T013701Z
2026,1,REG,2026_01_ARI_LAC,00-0038540,ARI,LAC,0,0,0,0,0,0,,0,0,0,0,0,20260925T013701Z
2026,1,REG,2026_01_NO_DET,00-0038541,NO,DET,0,0,0,0,0,0,,0,0,0,0,0,20260925T013701Z
2026,1,REG,2026_01_ATL_PIT,00-0038542,ATL,PIT,21,83,0,1,0,7,-2.06107826887382,0,2,2,1,0,20260925T013701Z
2026,1,REG,2026_01_NE_SEA,00-0038543,SEA,NE,0,0,0,0,0,0,,0,0,0,0,0,20260925T013701Z
2026,1,REG,2026_01_ARI_LAC,00-0038544,LAC,ARI,0,0,0,0,0,0,,0,0,0,0,0,20260925T013701Z
2026,1,REG,2026_01_TB_CIN,00-0038546,CIN,TB,0,0,0,0,0,0,,0,0,0,0,0,20260925T013701Z
2026,1,REG,2026_01_DAL_NYG,00-0038547,DAL,NYG,0,0,0,0,0,0,,0,0,0,0,0,20260925T013701Z
2026,1,REG,2026_01_BUF_HOU,00-0038548,BUF,HOU,0,0,0,0,0,0,,0,0,0,0,0,20260925T013701Z
2026,1,REG,2026_01_TB_CIN,00-0038549,CIN,TB,0,0,0,0,0,0,,0,0,0,0,0,20260925T013701Z
2026,1,REG,2026_01_NO_DET,00-0038551,NO,DET,9,30,1,0,0,2,0.716897957259789,0,0,0,0,0,20260925T013701Z
2026,1,REG,2026_01_DEN_KC,00-0038552,DEN,KC,0,0,0,0,0,0,,0,0,0,0,0,20260925T013701Z
2026,1,REG,2026_01_ARI_LAC,00-0038553,LAC,ARI,0,0,0,0,0,0,,0,0,0,0,0,20260925T013701Z
2026,1,REG,2026_01_SF_LA,00-0038554,SF,LA,0,0,0,0,0,0,,0,0,0,0,0,20260925T013701Z
2026,1,REG,2026_01_WAS_PHI,00-0038555,PHI,WAS,1,3,0,0,0,0,-0.317280971154105,0,0,0,0,0,20260925T013701Z
2026,1,REG,2026_01_DAL_NYG,00-0038556,DAL,NYG,0,0,0,0,0,0,,0,0,0,0,0,20260925T013701Z
2026,1,REG,2026_01_BUF_HOU,00-0038557,BUF,HOU,0,0,0,0,0,0,,0,0,0,0,0,20260925T013701Z
2026,1,REG,2026_01_ATL_PIT,00-0038558,PIT,ATL,0,0,0,0,0,0,,0,0,0,0,0,20260925T013701Z
2026,1,REG,2026_01_ARI_LAC,00-0038559,ARI,LAC,0,0,0,0,0,0,,0,0,0,0,0,20260925T013701Z
2026,1,REG,2026_01_TB_CIN,00-0038560,CIN,TB,0,0,0,0,0,0,,0,0,0,0,0,20260925T013701Z
2026,1,REG,2026_01_MIA_LV,00-0038563,LV,MIA,0,0,0,0,0,0,,0,0,0,0,0,20260925T013701Z
2026,1,REG,2026_01_ARI_LAC,00-0038567,ARI,LAC,0,0,0,0,0,0,,0,0,0,0,0,20260925T013701Z
2026,1,REG,2026_01_CLE_JAX,00-0038570,JAX,CLE,0,0,0,0,0,0,,0,0,0,0,0,20260925T013701Z
2026,1,REG,2026_01_ARI_LAC,00-0038573,LAC,ARI,0,0,0,0,0,0,,0,0,0,0,0,20260925T013701Z
2026,1,REG,2026_01_CLE_JAX,00-0038574,CLE,JAX,0,0,0,0,0,0,,0,0,0,0,0,20260925T013701Z
2026,1,REG,2026_01_ATL_PIT,00-0038577,PIT,ATL,0,0,0,0,0,0,,0,0,0,0,0,20260925T013701Z
2026,1,REG,2026_01_NO_DET,00-0038588,NO,DET,0,0,0,0,0,0,,0,0,0,0,0,20260925T013701Z
2026,1,REG,2026_01_CLE_JAX,00-0038596,JAX,CLE,0,0,0,0,0,0,,0,0,0,0,0,20260925T013701Z
2026,1,REG,2026_01_TB_CIN,00-0038597,CIN,TB,16,56,1,0,0,4,-1.0608258471475,0,2,1,0,0,20260925T013701Z
2026,1,REG,2026_01_BUF_HOU,00-0038599,HOU,BUF,0,0,0,0,0,0,,0,0,0,0,0,20260925T013701Z
2026,1,REG,2026_01_MIA_LV,00-0038603,MIA,LV,0,0,0,0,0,0,,0,0,0,0,0,20260925T013701Z
2026,1,REG,2026_01_DEN_KC,00-0038605,DEN,KC,0,0,0,0,0,0,,0,0,0,0,0,20260925T013701Z
2026,1,REG,2026_01_CLE_JAX,00-0038606,JAX,CLE,0,0,0,0,0,0,,0,0,0,0,0,20260925T013701Z
2026,1,REG,2026_01_BUF_HOU,00-0038608,HOU,BUF,0,0,0,0,0,0,,0,0,0,0,0,20260925T013701Z
2026,1,REG,2026_01_CLE_JAX,00-0038611,JAX,CLE,6,23,0,0,0,1,-0.764428105069338,0,0,0,0,0,20260925T013701Z
2026,1,REG,2026_01_BUF_HOU,00-0038618,HOU,BUF,0,0,0,0,0,0,,0,0,0,0,0,20260925T013701Z
2026,1,REG,2026_01_TB_CIN,00-0038619,CIN,TB,0,0,0,0,0,0,,0,0,0,0,0,20260925T013701Z
2026,1,REG,2026_01_NE_SEA,00-0038621,NE,SEA,0,0,0,0,0,0,,0,0,0,0,0,20260925T013701Z
2026,1,REG,2026_01_ARI_LAC,00-0038623,ARI,LAC,0,0,0,0,0,0,,0,0,0,0,0,20260925T013701Z
2026,1,REG,2026_01_DAL_NYG,00-0038625,DAL,NYG,0,0,0,0,0,0,,0,0,0,0,0,20260925T013701Z
2026,1,REG,2026_01_ATL_PIT,00-0038628,ATL,PIT,0,0,0,0,0,0,,0,0,0,0,0,20260925T013701Z
2026,1,REG,2026_01_BAL_IND,00-0038629,BAL,IND,0,0,0,0,0,0,,0,0,0,0,0,20260925T013701Z
2026,1,REG,2026_01_NE_SEA,00-0038653,NE,SEA,0,0,0,0,0,0,,0,0,0,0,0,20260925T013701Z
2026,1,REG,2026_01_NO_DET,00-0038660,DET,NO,0,0,0,0,0,0,,0,0,0,0,0,20260925T013701Z
2026,1,REG,2026_01_GB_MIN,00-0038685,GB,MIN,7,29,0,0,0,1,-0.816976866364712,0,1,1,0,0,20260925T013701Z
2026,1,REG,2026_01_DAL_NYG,00-0038705,DAL,NYG,2,7,0,0,0,0,-0.320344359904993,0,0,0,0,0,20260925T013701Z
2026,1,REG,2026_01_CLE_JAX,00-0038710,CLE,JAX,0,0,0,0,0,0,,0,0,0,0,0,20260925T013701Z
2026,1,REG,2026_01_NYJ_TEN,00-0038711,TEN,NYJ,0,0,0,0,0,0,,0,0,0,0,0,20260925T013701Z
2026,1,REG,2026_01_CLE_JAX,00-0038715,CLE,JAX,0,0,0,0,0,0,,0,0,0,0,0,20260925T013701Z
2026,1,REG,2026_01_BUF_HOU,00-0038728,HOU,BUF,0,0,0,0,0,0,,0,0,0,0,0,20260925T013701Z
2026,1,REG,2026_01_DAL_NYG,00-0038738,DAL,NYG,1,7,0,0,0,1,-0.0715115060447715,0,0,0,0,0,20260925T013701Z
2026,1,REG,2026_01_NE_SEA,00-0038764,SEA,NE,0,0,0,0,0,0,,0,0,0,0,0,20260925T013701Z
2026,1,REG,2026_01_GB_MIN,00-0038778,MIN,GB,0,0,0,0,0,0,,0,0,0,0,0,20260925T013701Z
2026,1,REG,2026_01_ARI_LAC,00-0038782,ARI,LAC,0,0,0,0,0,0,,0,0,0,0,0,20260925T013701Z
2026,1,REG,2026_01_DEN_KC,00-0038783,DEN,KC,0,0,0,0,0,0,,0,0,0,0,0,20260925T013701Z
2026,1,REG,2026_01_CHI_CAR,00-0038791,CAR,CHI,0,0,0,0,0,0,,0,0,0,0,0,20260925T013701Z
2026,1,REG,2026_01_NE_SEA,00-0038797,SEA,NE,2,3,0,0,0,0,-1.8990639874246,0,0,0,0,0,20260925T013701Z
2026,1,REG,2026_01_GB_MIN,00-0038807,MIN,GB,0,0,0,0,0,0,,0,0,0,0,0,20260925T013701Z
2026,1,REG,2026_01_CHI_CAR,00-0038840,CAR,CHI,0,0,0,0,0,0,,0,0,0,0,0,20260925T013701Z
2026,1,REG,2026_01_NO_DET,00-0038896,DET,NO,0,0,0,0,0,0,,0,0,0,0,0,20260925T013701Z
2026,1,REG,2026_01_NE_SEA,00-0038922,SEA,NE,0,0,0,0,0,0,,0,0,0,0,0,20260925T013701Z
2026,1,REG,2026_01_BUF_HOU,00-0038933,BUF,HOU,0,0,0,0,0,0,,0,0,0,0,0,20260925T013701Z
2026,1,REG,2026_01_CLE_JAX,00-0038935,JAX,CLE,0,0,0,0,0,0,,0,0,0,0,0,20260925T013701Z
2026,1,REG,2026_01_NO_DET,00-0038940,DET,NO,0,0,0,0,0,0,,0,0,0,0,0,20260925T013701Z
2026,1,REG,2026_01_DEN_KC,00-0038976,DEN,KC,0,0,0,0,0,0,,0,0,0,0,0,20260925T013701Z
2026,1,REG,2026_01_WAS_PHI,00-0038978,PHI,WAS,0,0,0,0,0,0,,0,0,0,0,0,20260925T013701Z
2026,1,REG,2026_01_ARI_LAC,00-0038984,ARI,LAC,0,0,0,0,0,0,,0,0,0,0,0,20260925T013701Z
2026,1,REG,2026_01_GB_MIN,00-0038994,MIN,GB,0,0,0,0,0,0,,0,0,0,0,0,20260925T013701Z
2026,1,REG,2026_01_GB_MIN,00-0038996,GB,MIN,0,0,0,0,0,0,,0,0,0,0,0,20260925T013701Z
2026,1,REG,2026_01_BAL_IND,00-0038997,IND,BAL,0,0,0,0,0,0,,0,0,0,0,0,20260925T013701Z
2026,1,REG,2026_01_DAL_NYG,00-0039000,NYG,DAL,0,0,0,0,0,0,,0,0,0,0,0,20260925T013701Z
2026,1,REG,2026_01_ATL_PIT,00-0039002,ATL,PIT,0,0,0,0,0,0,,0,0,0,0,0,20260925T013701Z
2026,1,REG,2026_01_DEN_KC,00-0039006,KC,DEN,0,0,0,0,0,0,,0,0,0,0,0,20260925T013701Z
2026,1,REG,2026_01_WAS_PHI,00-0039013,PHI,WAS,0,0,0,0,0,0,,0,0,0,0,0,20260925T013701Z
2026,1,REG,2026_01_NO_DET,00-0039018,DET,NO,0,0,0,0,0,0,,0,0,0,0,0,20260925T013701Z
2026,1,REG,2026_01_NE_SEA,00-0039020,SEA,NE,0,0,0,0,0,0,,0,0,0,0,0,20260925T013701Z
2026,1,REG,2026_01_CHI_CAR,00-0039021,CHI,CAR,0,0,0,0,0,0,,0,0,0,0,0,20260925T013701Z
2026,1,REG,2026_01_BAL_IND,00-0039031,IND,BAL,0,0,0,0,0,0,,0,0,0,0,0,20260925T013701Z
2026,1,REG,2026_01_NYJ_TEN,00-0039032,TEN,NYJ,3,12,0,0,0,1,-0.472741314297309,0,1,0,0,0,20260925T013701Z
2026,1,REG,2026_01_MIA_LV,00-0039040,MIA,LV,11,36,0,0,0,2,-2.70958791230946,0,1,0,0,0,20260925T013701Z
2026,1,REG,2026_01_NE_SEA,00-0039047,SEA,NE,0,0,0,0,0,0,,0,0,0,0,0,20260925T013701Z
2026,1,REG,2026_01_ATL_PIT,00-0039048,ATL,PIT,0,0,0,0,0,0,,0,0,0,0,0,20260925T013701Z
2026,1,REG,2026_01_TB_CIN,00-0039049,TB,CIN,0,0,0,0,0,0,,0,0,0,0,0,20260925T013701Z
2026,1,REG,2026_01_SF_LA,00-0039059,LA,SF,0,0,0,0,0,0,,0,0,0,0,0,20260925T013701Z
2026,1,REG,2026_01_SF_LA,00-0039061,LA,SF,0,0,0,0,0,0,,0,0,0,0,0,20260925T013701Z
2026,1,REG,2026_01_DAL_NYG,00-0039062,DAL,NYG,0,0,0,0,0,0,,0,0,0,0,0,20260925T013701Z
2026,1,REG,2026_01_TB_CIN,00-0039063,TB,CIN,0,0,0,0,0,0,,0,0,0,0,0,20260925T013701Z
2026,1,REG,2026_01_BAL_IND,00-0039064,BAL,IND,0,0,0,0,0,0,,0,0,0,0,0,20260925T013701Z
2026,1,REG,2026_01_NO_DET,00-0039065,DET,NO,0,0,0,0,0,0,,0,0,0,0,0,20260925T013701Z
2026,1,REG,2026_01_MIA_LV,00-0039066,LV,MIA,0,0,0,0,0,0,,0,0,0,0,0,20260925T013701Z
2026,1,REG,2026_01_DEN_KC,00-0039067,KC,DEN,0,0,0,0,0,0,,0,0,0,0,0,20260925T013701Z
2026,1,REG,2026_01_TB_CIN,00-0039068,TB,CIN,0,0,0,0,0,0,,0,0,0,0,0,20260925T013701Z
2026,1,REG,2026_01_ATL_PIT,00-0039070,ATL,PIT,0,0,0,0,0,0,,0,0,0,0,0,20260925T013701Z
2026,1,REG,2026_01_CHI_CAR,00-0039071,CHI,CAR,0,0,0,0,0,0,,0,0,0,0,0,20260925T013701Z
2026,1,REG,2026_01_SF_LA,00-0039074,LA,SF,0,0,0,0,0,0,,0,0,0,0,0,20260925T013701Z
2026,1,REG,2026_01_SF_LA,00-0039075,LA,SF,0,0,0,0,0,0,,0,0,0,0,0,20260925T013701Z
2026,1,REG,2026_01_SF_LA,00-0039077,LA,SF,0,0,0,0,0,0,,0,0,0,0,0,20260925T013701Z
2026,1,REG,2026_01_SF_LA,00-0039107,LA,SF,1,9,0,0,0,1,0.831906788866036,0,0,0,0,0,20260925T013701Z
2026,1,REG,2026_01_BUF_HOU,00-0039108,HOU,BUF,0,0,0,0,0,0,,0,0,0,0,0,20260925T013701Z
2026,1,REG,2026_01_ATL_PIT,00-0039110,PIT,ATL,0,0,0,0,0,0,,0,0,0,0,0,20260925T013701Z
2026,1,REG,2026_01_ARI_LAC,00-0039111,LAC,ARI,0,0,0,0,0,0,,0,0,0,0,0,20260925T013701Z
2026,1,REG,2026_01_GB_MIN,00-0039112,GB,MIN,0,0,0,0,0,0,,0,0,0,0,0,20260925T013701Z
2026,1,REG,2026_01_SF_LA,00-0039137,LA,SF,0,0,0,0,0,0,,0,0,0,0,0,20260925T013701Z
2026,1,REG,2026_01_SF_LA,00-0039138,LA,SF,0,0,0,0,0,0,,0,0,0,0,0,20260925T013701Z
2026,1,REG,2026_01_NO_DET,00-0039139,DET,NO,29,156,2,0,0,14,1.43851342325797,0,7,3,1,0,20260925T013701Z
2026,1,REG,2026_01_NYJ_TEN,00-0039142,NYJ,TEN,0,0,0,0,0,0,,0,0,0,0,0,20260925T013701Z
2026,1,REG,2026_01_GB_MIN,00-0039146,GB,MIN,0,0,0,0,0,0,,0,0,0,0,0,20260925T013701Z
2026,1,REG,2026_01_NE_SEA,00-0039147,NE,SEA,0,0,0,0,0,0,,0,0,0,0,0,20260925T013701Z
2026,1,REG,2026_01_SF_LA,00-0039148,SF,LA,0,0,0,0,0,0,,0,0,0,0,0,20260925T013701Z
2026,1,REG,2026_01_WAS_PHI,00-0039149,WAS,PHI,0,0,0,0,0,0,,0,0,0,0,0,20260925T013701Z
2026,1,REG,2026_01_CHI_CAR,00-0039150,CAR,CHI,2,10,1,0,0,1,1.68832572567044,0,0,0,0,0,20260925T013701Z
2026,1,REG,2026_01_MIA_LV,00-0039156,MIA,LV,0,0,0,0,0,0,,0,0,0,0,0,20260925T013701Z
2026,1,REG,2026_01_TB_CIN,00-0039157,TB,CIN,0,0,0,0,0,0,,0,0,0,0,0,20260925T013701Z
2026,1,REG,2026_01_BUF_HOU,00-0039163,HOU,BUF,2,15,0,0,0,1,1.46244827727787,0,1,1,0,0,20260925T013701Z
2026,1,REG,2026_01_NE_SEA,00-0039169,SEA,NE,0,0,0,0,0,0,,0,0,0,0,0,20260925T013701Z
2026,1,REG,2026_01_NO_DET,00-0039172,DET,NO,0,0,0,0,0,0,,0,0,0,0,0,20260925T013701Z
2026,1,REG,2026_01_DAL_NYG,00-0039176,NYG,DAL,0,0,0,0,0,0,,0,0,0,0,0,20260925T013701Z
2026,1,REG,2026_01_BAL_IND,00-0039232,BAL,IND,0,0,0,0,0,0,,0,0,0,0,0,20260925T013701Z
2026,1,REG,2026_01_BAL_IND,00-0039234,BAL,IND,0,0,0,0,0,0,,0,0,0,0,0,20260925T013701Z
2026,1,REG,2026_01_GB_MIN,00-0039272,GB,MIN,0,0,0,0,0,0,,0,0,0,0,0,20260925T013701Z
2026,1,REG,2026_01_NYJ_TEN,00-0039284,NYJ,TEN,0,0,0,0,0,0,,0,0,0,0,0,20260925T013701Z
2026,1,REG,2026_01_NE_SEA,00-0039299,SEA,NE,8,29,0,0,0,0,-2.1458699531504,0,0,0,0,0,20260925T013701Z
2026,1,REG,2026_01_NE_SEA,00-0039309,SEA,NE,0,0,0,0,0,0,,0,0,0,0,0,20260925T013701Z
2026,1,REG,2026_01_TB_CIN,00-0039313,CIN,TB,0,0,0,0,0,0,,0,0,0,0,0,20260925T013701Z
2026,1,REG,2026_01_TB_CIN,00-0039323,CIN,TB,0,0,0,0,0,0,,0,0,0,0,0,20260925T013701Z
2026,1,REG,2026_01_DAL_NYG,00-0039337,NYG,DAL,0,0,0,0,0,0,,0,0,0,0,0,20260925T013701Z
2026,1,REG,2026_01_BAL_IND,00-0039340,IND,BAL,0,0,0,0,0,0,,0,0,0,0,0,20260925T013701Z
2026,1,REG,2026_01_CHI_CAR,00-0039342,CAR,CHI,0,0,0,0,0,0,,0,0,0,0,0,20260925T013701Z
2026,1,REG,2026_01_BUF_HOU,00-0039343,HOU,BUF,0,0,0,0,0,0,,0,0,0,0,0,20260925T013701Z
2026,1,REG,2026_01_CHI_CAR,00-0039344,CAR,CHI,4,14,0,0,0,0,-1.63801142212469,0,0,0,0,0,20260925T013701Z
2026,1,REG,2026_01_SF_LA,00-0039345,SF,LA,0,0,0,0,0,0,,0,0,0,0,0,20260925T013701Z
2026,1,REG,2026_01_NO_DET,00-0039357,NO,DET,0,0,0,0,0,0,,0,0,0,0,0,20260925T013701Z
2026,1,REG,2026_01_BUF_HOU,00-0039359,HOU,BUF,0,0,0,0,0,0,,0,0,0,0,0,20260925T013701Z
2026,1,REG,2026_01_SF_LA,00-0039360,SF,LA,0,0,0,0,0,0,,0,0,0,0,0,20260925T013701Z
2026,1,REG,2026_01_TB_CIN,00-0039361,TB,CIN,8,45,1,0,0,3,3.55561617191415,0,1,0,0,0,20260925T013701Z
2026,1,REG,2026_01_NO_DET,00-0039364,DET,NO,2,7,0,0,0,0,-0.643492672941648,0,0,0,0,0,20260925T013701Z
2026,1,REG,2026_01_SF_LA,00-0039365,SF,LA,0,0,0,0,0,0,,0,0,0,0,0,20260925T013701Z
2026,1,REG,2026_01_ARI_LAC,00-0039366,LAC,ARI,0,0,0,0,0,0,,0,0,0,0,0,20260925T013701Z
2026,1,REG,2026_01_WAS_PHI,00-0039368,WAS,PHI,0,0,0,0,0,0,,0,0,0,0,0,20260925T013701Z
2026,1,REG,2026_01_ARI_LAC,00-0039369,LAC,ARI,0,0,0,0,0,0,,0,0,0,0,0,20260925T013701Z
2026,1,REG,2026_01_DEN_KC,00-0039371,DEN,KC,0,0,0,0,0,0,,0,0,0,0,0,20260925T013701Z
2026,1,REG,2026_01_NYJ_TEN,00-0039372,NYJ,TEN,0,0,0,0,0,0,,0,0,0,0,0,20260925T013701Z
2026,1,REG,2026_01_CHI_CAR,00-0039380,CAR,CHI,0,0,0,0,0,0,,0,0,0,0,0,20260925T013701Z
2026,1,REG,2026_01_DAL_NYG,00-0039384,NYG,DAL,2,14,0,1,1,1,-2.68944802333135,0,0,0,0,0,20260925T013701Z
2026,1,REG,2026_01_GB_MIN,00-0039404,MIN,GB,0,0,0,0,0,0,,0,0,0,0,0,20260925T013701Z
2026,1,REG,2026_01_CLE_JAX,00-0039406,CLE,JAX,0,0,0,0,0,0,,0,0,0,0,0,20260925T013701Z
2026,1,REG,2026_01_MIA_LV,00-0039407,LV,MIA,0,0,0,0,0,0,,0,0,0,0,0,20260925T013701Z
2026,1,REG,2026_01_CLE_JAX,00-0039409,JAX,CLE,0,0,0,0,0,0,,0,0,0,0,0,20260925T013701Z
2026,1,REG,2026_01_DAL_NYG,00-0039410,DAL,NYG,0,0,0,0,0,0,,0,0,0,0,0,20260925T013701Z
2026,1,REG,2026_01_WAS_PHI,00-0039412,WAS,PHI,0,0,0,0,0,0,,0,0,0,0,0,20260925T013701Z
2026,1,REG,2026_01_CLE_JAX,00-0039417,CLE,JAX,0,0,0,0,0,0,,0,0,0,0,0,20260925T013701Z
2026,1,REG,2026_01_GB_MIN,00-0039421,MIN,GB,0,0,0,0,0,0,,0,0,0,0,0,20260925T013701Z
2026,1,REG,2026_01_MIA_LV,00-0039423,LV,MIA,0,0,0,0,0,0,,0,0,0,0,0,20260925T013701Z
2026,1,REG,2026_01_NO_DET,00-0039424,NO,DET,0,0,0,0,0,0,,0,0,0,0,0,20260925T013701Z
2026,1,REG,2026_01_NYJ_TEN,00-0039430,TEN,NYJ,0,0,0,0,0,0,,0,0,0,0,0,20260925T013701Z
2026,1,REG,2026_01_DEN_KC,00-0039433,KC,DEN,0,0,0,0,0,0,,0,0,0,0,0,20260925T013701Z
2026,1,REG,2026_01_NYJ_TEN,00-0039451,NYJ,TEN,0,0,0,0,0,0,,0,0,0,0,0,20260925T013701Z
2026,1,REG,2026_01_BAL_IND,00-0039460,BAL,IND,0,0,0,0,0,0,,0,0,0,0,0,20260925T013701Z
2026,1,REG,2026_01_BUF_HOU,00-0039471,BUF,HOU,1,3,0,0,0,0,-0.0592273413785733,0,0,0,0,0,20260925T013701Z
2026,1,REG,2026_01_CHI_CAR,00-0039491,CAR,CHI,0,0,0,0,0,0,,0,0,0,0,0,20260925T013701Z
2026,1,REG,2026_01_SF_LA,00-0039498,LA,SF,0,0,0,0,0,0,,0,0,0,0,0,20260925T013701Z
2026,1,REG,2026_01_NO_DET,00-0039518,NO,DET,0,0,0,0,0,0,,0,0,0,0,0,20260925T013701Z
2026,1,REG,2026_01_DAL_NYG,00-0039530,DAL,NYG,0,0,0,0,0,0,,0,0,0,0,0,20260925T013701Z
2026,1,REG,2026_01_BAL_IND,00-0039576,IND,BAL,0,0,0,0,0,0,,0,0,0,0,0,20260925T013701Z
2026,1,REG,2026_01_TB_CIN,00-0039589,TB,CIN,0,0,0,0,0,0,,0,0,0,0,0,20260925T013701Z
2026,1,REG,2026_01_NO_DET,00-0039622,NO,DET,0,0,0,0,0,0,,0,0,0,0,0,20260925T013701Z
2026,1,REG,2026_01_NYJ_TEN,00-0039634,NYJ,TEN,0,0,0,0,0,0,,0,0,0,0,0,20260925T013701Z
2026,1,REG,2026_01_NO_DET,00-0039660,DET,NO,0,0,0,0,0,0,,0,0,0,0,0,20260925T013701Z
2026,1,REG,2026_01_WAS_PHI,00-0039681,WAS,PHI,0,0,0,0,0,0,,0,0,0,0,0,20260925T013701Z
2026,1,REG,2026_01_WAS_PHI,00-0039686,WAS,PHI,0,0,0,0,0,0,,0,0,0,0,0,20260925T013701Z
2026,1,REG,2026_01_NE_SEA,00-0039692,NE,SEA,0,0,0,0,0,0,,0,0,0,0,0,20260925T013701Z
2026,1,REG,2026_01_NYJ_TEN,00-0039731,TEN,NYJ,0,0,0,0,0,0,,0,0,0,0,0,20260925T013701Z
2026,1,REG,2026_01_DEN_KC,00-0039732,DEN,KC,3,2,0,1,0,0,-1.30865032331103,0,0,0,0,0,20260925T013701Z
2026,1,REG,2026_01_CLE_JAX,00-0039733,JAX,CLE,0,0,0,0,0,0,,0,0,0,0,0,20260925T013701Z
2026,1,REG,2026_01_SF_LA,00-0039734,LA,SF,0,0,0,0,0,0,,0,0,0,0,0,20260925T013701Z
2026,1,REG,2026_01_MIA_LV,00-0039735,LV,MIA,0,0,0,0,0,0,,0,0,0,0,0,20260925T013701Z
2026,1,REG,2026_01_SF_LA,00-0039738,LA,SF,10,54,0,0,0,2,0.78580237692222,0,2,1,0,0,20260925T013701Z
2026,1,REG,2026_01_ATL_PIT,00-0039739,PIT,ATL,0,0,0,0,0,0,,0,0,0,0,0,20260925T013701Z
2026,1,REG,2026_01_WAS_PHI,00-0039740,PHI,WAS,0,0,0,0,0,0,,0,0,0,0,0,20260925T013701Z
2026,1,REG,2026_01_ATL_PIT,00-0039741,PIT,ATL,0,0,0,0,0,0,,0,0,0,0,0,20260925T013701Z
2026,1,REG,2026_01_CHI_CAR,00-0039745,CHI,CAR,0,0,0,0,0,0,,0,0,0,0,0,20260925T013701Z
2026,1,REG,2026_01_WAS_PHI,00-0039746,PHI,WAS,2,4,0,0,0,0,-0.868644726928324,0,0,0,0,0,20260925T013701Z
2026,1,REG,2026_01_SF_LA,00-0039749,LA,SF,0,0,0,0,0,0,,0,0,0,0,0,20260925T013701Z
2026,1,REG,2026_01_SF_LA,00-0039751,LA,SF,0,0,0,0,0,0,,0,0,0,0,0,20260925T013701Z
2026,1,REG,2026_01_TB_CIN,00-0039752,CIN,TB,0,0,0,0,0,0,,0,0,0,0,0,20260925T013701Z
2026,1,REG,2026_01_BUF_HOU,00-0039763,BUF,HOU,0,0,0,0,0,0,,0,0,0,0,0,20260925T013701Z
2026,1,REG,2026_01_NE_SEA,00-0039770,NE,SEA,0,0,0,0,0,0,,0,0,0,0,0,20260925T013701Z
2026,1,REG,2026_01_SF_LA,00-0039774,LA,SF,0,0,0,0,0,0,,0,0,0,0,0,20260925T013701Z
2026,1,REG,2026_01_SF_LA,00-0039776,LA,SF,0,0,0,0,0,0,,0,0,0,0,0,20260925T013701Z
2026,1,REG,2026_01_NYJ_TEN,00-0039789,NYJ,TEN,0,0,0,0,0,0,,0,0,0,0,0,20260925T013701Z
2026,1,REG,2026_01_NYJ_TEN,00-0039790,NYJ,TEN,0,0,0,0,0,0,,0,0,0,0,0,20260925T013701Z
2026,1,REG,2026_01_NE_SEA,00-0039793,SEA,NE,0,0,0,0,0,0,,0,0,0,0,0,20260925T013701Z
2026,1,REG,2026_01_NYJ_TEN,00-0039794,NYJ,TEN,10,40,0,0,0,3,-0.566861051753554,0,0,0,0,0,20260925T013701Z
2026,1,REG,2026_01_NE_SEA,00-0039795,SEA,NE,0,0,0,0,0,0,,0,0,0,0,0,20260925T013701Z
2026,1,REG,2026_01_BAL_IND,00-0039796,BAL,IND,0,0,0,0,0,0,,0,0,0,0,0,20260925T013701Z
2026,1,REG,2026_01_ARI_LAC,00-0039807,ARI,LAC,0,0,0,0,0,0,,0,0,0,0,0,20260925T013701Z
2026,1,REG,2026_01_DEN_KC,00-0039809,DEN,KC,0,0,0,0,0,0,,0,0,0,0,0,20260925T013701Z
2026,1,REG,2026_01_GB_MIN,00-0039811,GB,MIN,13,37,0,0,0,2,-3.84089302585926,0,1,1,0,0,20260925T013701Z
2026,1,REG,2026_01_GB_MIN,00-0039813,GB,MIN,0,0,0,0,0,0,,0,0,0,0,0,20260925T013701Z
2026,1,REG,2026_01_DAL_NYG,00-0039821,NYG,DAL,0,0,0,0,0,0,,0,0,0,0,0,20260925T013701Z
2026,1,REG,2026_01_DEN_KC,00-0039825,KC,DEN,0,0,0,0,0,0,,0,0,0,0,0,20260925T013701Z
2026,1,REG,2026_01_WAS_PHI,00-0039826,PHI,WAS,0,0,0,0,0,0,,0,0,0,0,0,20260925T013701Z
2026,1,REG,2026_01_GB_MIN,00-0039831,GB,MIN,0,0,0,0,0,0,,0,0,0,0,0,20260925T013701Z
2026,1,REG,2026_01_SF_LA,00-0039834,LA,SF,0,0,0,0,0,0,,0,0,0,0,0,20260925T013701Z
2026,1,REG,2026_01_ARI_LAC,00-0039835,LAC,ARI,0,0,0,0,0,0,,0,0,0,0,0,20260925T013701Z
2026,1,REG,2026_01_ATL_PIT,00-0039837,ATL,PIT,0,0,0,0,0,0,,0,0,0,0,0,20260925T013701Z
2026,1,REG,2026_01_BUF_HOU,00-0039838,HOU,BUF,0,0,0,0,0,0,,0,0,0,0,0,20260925T013701Z
2026,1,REG,2026_01_CHI_CAR,00-0039840,CHI,CAR,0,0,0,0,0,0,,0,0,0,0,0,20260925T013701Z
2026,1,REG,2026_01_WAS_PHI,00-0039841,PHI,WAS,0,0,0,0,0,0,,0,0,0,0,0,20260925T013701Z
2026,1,REG,2026_01_TB_CIN,00-0039846,TB,CIN,0,0,0,0,0,0,,0,0,0,0,0,20260925T013701Z
2026,1,REG,2026_01_DAL_NYG,00-0039847,NYG,DAL,0,0,0,0,0,0,,0,0,0,0,0,20260925T013701Z
2026,1,REG,2026_01_ARI_LAC,00-0039849,ARI,LAC,0,0,0,0,0,0,,0,0,0,0,0,20260925T013701Z
2026,1,REG,2026_01_GB_MIN,00-0039850,GB,MIN,0,0,0,0,0,0,,0,0,0,0,0,20260925T013701Z
2026,1,REG,2026_01_NE_SEA,00-0039851,NE,SEA,7,47,0,0,0,5,7.31189035309944,0,2,1,0,0,20260925T013701Z
2026,1,REG,2026_01_CLE_JAX,00-0039852,CLE,JAX,0,0,0,0,0,0,,0,0,0,0,0,20260925T013701Z
2026,1,REG,2026_01_ARI_LAC,00-0039854,ARI,LAC,0,0,0,0,0,0,,0,0,0,0,0,20260925T013701Z
2026,1,REG,2026_01_ATL_PIT,00-0039859,ATL,PIT,0,0,0,0,0,0,,0,0,0,0,0,20260925T013701Z
2026,1,REG,2026_01_NO_DET,00-0039860,NO,DET,0,0,0,0,0,0,,0,0,0,0,0,20260925T013701Z
2026,1,REG,2026_01_DAL_NYG,00-0039861,NYG,DAL,0,0,0,0,0,0,,0,0,0,0,0,20260925T013701Z
2026,1,REG,2026_01_GB_MIN,00-0039867,GB,MIN,0,0,0,0,0,0,,0,0,0,0,0,20260925T013701Z
2026,1,REG,2026_01_DEN_KC,00-0039868,DEN,KC,1,5,0,0,0,0,-0.158298062626272,0,0,0,0,0,20260925T013701Z
2026,1,REG,2026_01_BUF_HOU,00-0039872,BUF,HOU,0,0,0,0,0,0,,0,0,0,0,0,20260925T013701Z
2026,1,REG,2026_01_BUF_HOU,00-0039873,BUF,HOU,0,0,0,0,0,0,,0,0,0,0,0,20260925T013701Z
2026,1,REG,2026_01_MIA_LV,00-0039874,MIA,LV,1,-1,0,0,0,0,-0.900913973804563,0,0,0,0,0,20260925T013701Z
2026,1,REG,2026_01_BUF_HOU,00-0039875,BUF,HOU,1,3,0,0,0,0,-0.150790573563427,0,0,0,0,0,20260925T013701Z
2026,1,REG,2026_01_BUF_HOU,00-0039879,BUF,HOU,0,0,0,0,0,0,,0,0,0,0,0,20260925T013701Z
2026,1,REG,2026_01_MIA_LV,00-0039880,MIA,LV,0,0,0,0,0,0,,0,0,0,0,0,20260925T013701Z
2026,1,REG,2026_01_NYJ_TEN,00-0039886,NYJ,TEN,0,0,0,0,0,0,,0,0,0,0,0,20260925T013701Z
2026,1,REG,2026_01_WAS_PHI,00-0039888,PHI,WAS,0,0,0,0,0,0,,0,0,0,0,0,20260925T013701Z
2026,1,REG,2026_01_ATL_PIT,00-0039889,ATL,PIT,0,0,0,0,0,0,,0,0,0,0,0,20260925T013701Z
2026,1,REG,2026_01_NYJ_TEN,00-0039890,NYJ,TEN,0,0,0,0,0,0,,0,0,0,0,0,20260925T013701Z
2026,1,REG,2026_01_CLE_JAX,00-0039893,JAX,CLE,0,0,0,0,0,0,,0,0,0,0,0,20260925T013701Z
2026,1,REG,2026_01_DEN_KC,00-0039894,KC,DEN,0,0,0,0,0,0,,0,0,0,0,0,20260925T013701Z
2026,1,REG,2026_01_ARI_LAC,00-0039897,LAC,ARI,0,0,0,0,0,0,,0,0,0,0,0,20260925T013701Z
2026,1,REG,2026_01_WAS_PHI,00-0039898,WAS,PHI,0,0,0,0,0,0,,0,0,0,0,0,20260925T013701Z
2026,1,REG,2026_01_MIA_LV,00-0039899,MIA,LV,0,0,0,0,0,0,,0,0,0,0,0,20260925T013701Z
2026,1,REG,2026_01_BUF_HOU,00-0039901,BUF,HOU,0,0,0,0,0,0,,0,0,0,0,0,20260925T013701Z
2026,1,REG,2026_01_GB_MIN,00-0039904,GB,MIN,0,0,0,0,0,0,,0,0,0,0,0,20260925T013701Z
2026,1,REG,2026_01_TB_CIN,00-0039908,CIN,TB,0,0,0,0,0,0,,0,0,0,0,0,20260925T013701Z
2026,1,REG,2026_01_WAS_PHI,00-0039910,WAS,PHI,5,31,0,0,0,1,0.501124679401983,0,2,2,0,0,20260925T013701Z
2026,1,REG,2026_01_MIA_LV,00-0039911,MIA,LV,0,0,0,0,0,0,,0,0,0,0,0,20260925T013701Z
2026,1,REG,2026_01_WAS_PHI,00-0039913,WAS,PHI,0,0,0,0,0,0,,0,0,0,0,0,20260925T013701Z
2026,1,REG,2026_01_ARI_LAC,00-0039915,LAC,ARI,0,0,0,0,0,0,,0,0,0,0,0,20260925T013701Z
2026,1,REG,2026_01_CHI_CAR,00-0039918,CHI,CAR,10,65,2,0,0,4,3.40844644146273,0,1,1,1,0,20260925T013701Z
2026,1,REG,2026_01_CHI_CAR,00-0039919,CHI,CAR,0,0,0,0,0,0,,0,0,0,0,0,20260925T013701Z
2026,1,REG,2026_01_CLE_JAX,00-0039920,CLE,JAX,0,0,0,0,0,0,,0,0,0,0,0,20260925T013701Z
2026,1,REG,2026_01_GB_MIN,00-0039924,MIN,GB,0,0,0,0,0,0,,0,0,0,0,0,20260925T013701Z
2026,1,REG,2026_01_DAL_NYG,00-0040008,DAL,NYG,0,0,0,0,0,0,,0,0,0,0,0,20260925T013701Z
2026,1,REG,2026_01_GB_MIN,00-0040010,GB,MIN,0,0,0,0,0,0,,0,0,0,0,0,20260925T013701Z
2026,1,REG,2026_01_WAS_PHI,00-0040013,PHI,WAS,0,0,0,0,0,0,,0,0,0,0,0,20260925T013701Z
2026,1,REG,2026_01_NYJ_TEN,00-0040020,TEN,NYJ,0,0,0,0,0,0,,0,0,0,0,0,20260925T013701Z
2026,1,REG,2026_01_WAS_PHI,00-0040024,PHI,WAS,0,0,0,0,0,0,,0,0,0,0,0,20260925T013701Z
2026,1,REG,2026_01_NYJ_TEN,00-0040041,TEN,NYJ,0,0,0,0,0,0,,0,0,0,0,0,20260925T013701Z
2026,1,REG,2026_01_DAL_NYG,00-0040045,DAL,NYG,0,0,0,0,0,0,,0,0,0,0,0,20260925T013701Z
2026,1,REG,2026_01_ATL_PIT,00-0040056,ATL,PIT,0,0,0,0,0,0,,0,0,0,0,0,20260925T013701Z
2026,1,REG,2026_01_NE_SEA,00-0040061,SEA,NE,0,0,0,0,0,0,,0,0,0,0,0,20260925T013701Z
2026,1,REG,2026_01_DEN_KC,00-0040072,KC,DEN,0,0,0,0,0,0,,0,0,0,0,0,20260925T013701Z
2026,1,REG,2026_01_BAL_IND,00-0040074,BAL,IND,0,0,0,0,0,0,,0,0,0,0,0,20260925T013701Z
2026,1,REG,2026_01_BAL_IND,00-0040075,BAL,IND,0,0,0,0,0,0,,0,0,0,0,0,20260925T013701Z
2026,1,REG,2026_01_BAL_IND,00-0040076,BAL,IND,0,0,0,0,0,0,,0,0,0,0,0,20260925T013701Z
2026,1,REG,2026_01_DEN_KC,00-0040081,KC,DEN,0,0,0,0,0,0,,0,0,0,0,0,20260925T013701Z
2026,1,REG,2026_01_TB_CIN,00-0040089,TB,CIN,0,0,0,0,0,0,,0,0,0,0,0,20260925T013701Z
2026,1,REG,2026_01_BAL_IND,00-0040100,BAL,IND,0,0,0,0,0,0,,0,0,0,0,0,20260925T013701Z
2026,1,REG,2026_01_DEN_KC,00-0040118,KC,DEN,0,0,0,0,0,0,,0,0,0,0,0,20260925T013701Z
2026,1,REG,2026_01_MIA_LV,00-0040122,LV,MIA,23,102,0,0,0,7,-0.725173453218304,0,3,1,0,0,20260925T013701Z
2026,1,REG,2026_01_CHI_CAR,00-0040124,CAR,CHI,0,0,0,0,0,0,,0,0,0,0,0,20260925T013701Z
2026,1,REG,2026_01_CHI_CAR,00-0040126,CHI,CAR,0,0,0,0,0,0,,0,0,0,0,0,20260925T013701Z
2026,1,REG,2026_01_BAL_IND,00-0040128,IND,BAL,0,0,0,0,0,0,,0,0,0,0,0,20260925T013701Z
2026,1,REG,2026_01_TB_CIN,00-0040129,TB,CIN,0,0,0,0,0,0,,0,0,0,0,0,20260925T013701Z
2026,1,REG,2026_01_NE_SEA,00-0040131,NE,SEA,0,0,0,0,0,0,,0,0,0,0,0,20260925T013701Z
2026,1,REG,2026_01_BUF_HOU,00-0040132,BUF,HOU,0,0,0,0,0,0,,0,0,0,0,0,20260925T013701Z
2026,1,REG,2026_01_NYJ_TEN,00-0040133,NYJ,TEN,0,0,0,0,0,0,,0,0,0,0,0,20260925T013701Z
2026,1,REG,2026_01_DEN_KC,00-0040134,DEN,KC,0,0,0,0,0,0,,0,0,0,0,0,20260925T013701Z
2026,1,REG,2026_01_CHI_CAR,00-0040136,CAR,CHI,0,0,0,0,0,0,,0,0,0,0,0,20260925T013701Z
2026,1,REG,2026_01_ARI_LAC,00-0040137,ARI,LAC,0,0,0,0,0,0,,0,0,0,0,0,20260925T013701Z
2026,1,REG,2026_01_BUF_HOU,00-0040138,HOU,BUF,0,0,0,0,0,0,,0,0,0,0,0,20260925T013701Z
2026,1,REG,2026_01_BAL_IND,00-0040139,IND,BAL,0,0,0,0,0,0,,0,0,0,0,0,20260925T013701Z
2026,1,REG,2026_01_NYJ_TEN,00-0040141,TEN,NYJ,0,0,0,0,0,0,,0,0,0,0,0,20260925T013701Z
2026,1,REG,2026_01_GB_MIN,00-0040142,GB,MIN,0,0,0,0,0,0,,0,0,0,0,0,20260925T013701Z
2026,1,REG,2026_01_TB_CIN,00-0040143,TB,CIN,0,0,0,0,0,0,,0,0,0,0,0,20260925T013701Z
2026,1,REG,2026_01_ARI_LAC,00-0040144,LAC,ARI,0,0,0,0,0,0,,0,0,0,0,0,20260925T013701Z
2026,1,REG,2026_01_CLE_JAX,00-0040145,JAX,CLE,0,0,0,0,0,0,,0,0,0,0,0,20260925T013701Z
2026,1,REG,2026_01_NE_SEA,00-0040147,NE,SEA,0,0,0,0,0,0,,0,0,0,0,0,20260925T013701Z
2026,1,REG,2026_01_ATL_PIT,00-0040148,ATL,PIT,0,0,0,0,0,0,,0,0,0,0,0,20260925T013701Z
2026,1,REG,2026_01_BUF_HOU,00-0040149,HOU,BUF,0,0,0,0,0,0,,0,0,0,0,0,20260925T013701Z
2026,1,REG,2026_01_MIA_LV,00-0040150,LV,MIA,0,0,0,0,0,0,,0,0,0,0,0,20260925T013701Z
2026,1,REG,2026_01_SF_LA,00-0040152,SF,LA,0,0,0,0,0,0,,0,0,0,0,0,20260925T013701Z
2026,1,REG,2026_01_NO_DET,00-0040155,NO,DET,0,0,0,0,0,0,,0,0,0,0,0,20260925T013701Z
2026,1,REG,2026_01_TB_CIN,00-0040157,CIN,TB,0,0,0,0,0,0,,0,0,0,0,0,20260925T013701Z
2026,1,REG,2026_01_TB_CIN,00-0040158,TB,CIN,0,0,0,0,0,0,,0,0,0,0,0,20260925T013701Z
2026,1,REG,2026_01_CHI_CAR,00-0040159,CAR,CHI,0,0,0,0,0,0,,0,0,0,0,0,20260925T013701Z
2026,1,REG,2026_01_ATL_PIT,00-0040160,PIT,ATL,0,0,0,0,0,0,,0,0,0,0,0,20260925T013701Z
2026,1,REG,2026_01_CLE_JAX,00-0040162,CLE,JAX,0,0,0,0,0,0,,0,0,0,0,0,20260925T013701Z
2026,1,REG,2026_01_WAS_PHI,00-0040164,WAS,PHI,0,0,0,0,0,0,,0,0,0,0,0,20260925T013701Z
2026,1,REG,2026_01_NYJ_TEN,00-0040165,NYJ,TEN,0,0,0,0,0,0,,0,0,0,0,0,20260925T013701Z
2026,1,REG,2026_01_NO_DET,00-0040166,NO,DET,0,0,0,0,0,0,,0,0,0,0,0,20260925T013701Z
2026,1,REG,2026_01_DEN_KC,00-0040168,DEN,KC,0,0,0,0,0,0,,0,0,0,0,0,20260925T013701Z
2026,1,REG,2026_01_MIA_LV,00-0040169,LV,MIA,0,0,0,0,0,0,,0,0,0,0,0,20260925T013701Z
2026,1,REG,2026_01_NYJ_TEN,00-0040170,TEN,NYJ,0,0,0,0,0,0,,0,0,0,0,0,20260925T013701Z
2026,1,REG,2026_01_GB_MIN,00-0040173,MIN,GB,0,0,0,0,0,0,,0,0,0,0,0,20260925T013701Z
2026,1,REG,2026_01_MIA_LV,00-0040175,MIA,LV,0,0,0,0,0,0,,0,0,0,0,0,20260925T013701Z
2026,1,REG,2026_01_MIA_LV,00-0040178,MIA,LV,0,0,0,0,0,0,,0,0,0,0,0,20260925T013701Z
2026,1,REG,2026_01_MIA_LV,00-0040182,MIA,LV,0,0,0,0,0,0,,0,0,0,0,0,20260925T013701Z
2026,1,REG,2026_01_TB_CIN,00-0040183,TB,CIN,0,0,0,0,0,0,,0,0,0,0,0,20260925T013701Z
2026,1,REG,2026_01_SF_LA,00-0040185,SF,LA,0,0,0,0,0,0,,0,0,0,0,0,20260925T013701Z
2026,1,REG,2026_01_CHI_CAR,00-0040187,CAR,CHI,0,0,0,0,0,0,,0,0,0,0,0,20260925T013701Z
2026,1,REG,2026_01_ATL_PIT,00-0040188,PIT,ATL,0,0,0,0,0,0,,0,0,0,0,0,20260925T013701Z
2026,1,REG,2026_01_ARI_LAC,00-0040189,LAC,ARI,0,0,0,0,0,0,,0,0,0,0,0,20260925T013701Z
2026,1,REG,2026_01_BUF_HOU,00-0040192,BUF,HOU,0,0,0,0,0,0,,0,0,0,0,0,20260925T013701Z
2026,1,REG,2026_01_ARI_LAC,00-0040195,ARI,LAC,0,0,0,0,0,0,,0,0,0,0,0,20260925T013701Z
2026,1,REG,2026_01_NE_SEA,00-0040200,NE,SEA,0,0,0,0,0,0,,0,0,0,0,0,20260925T013701Z
2026,1,REG,2026_01_NYJ_TEN,00-0040201,TEN,NYJ,0,0,0,0,0,0,,0,0,0,0,0,20260925T013701Z
2026,1,REG,2026_01_BAL_IND,00-0040207,IND,BAL,0,0,0,0,0,0,,0,0,0,0,0,20260925T013701Z
2026,1,REG,2026_01_TB_CIN,00-0040208,CIN,TB,0,0,0,0,0,0,,0,0,0,0,0,20260925T013701Z
2026,1,REG,2026_01_WAS_PHI,00-0040216,WAS,PHI,0,0,0,0,0,0,,0,0,0,0,0,20260925T013701Z
2026,1,REG,2026_01_CHI_CAR,00-0040218,CAR,CHI,0,0,0,0,0,0,,0,0,0,0,0,20260925T013701Z
2026,1,REG,2026_01_DEN_KC,00-0040223,DEN,KC,0,0,0,0,0,0,,0,0,0,0,0,20260925T013701Z
2026,1,REG,2026_01_ARI_LAC,00-0040230,ARI,LAC,0,0,0,0,0,0,,0,0,0,0,0,20260925T013701Z
2026,1,REG,2026_01_ATL_PIT,00-0040231,PIT,ATL,0,0,0,0,0,0,,0,0,0,0,0,20260925T013701Z
2026,1,REG,2026_01_CHI_CAR,00-0040236,CHI,CAR,10,100,1,0,0,2,2.45976466534194,0,2,2,1,1,20260925T013701Z
2026,1,REG,2026_01_TB_CIN,00-0040237,TB,CIN,1,-4,0,0,0,0,-1.22356549976394,0,0,0,0,0,20260925T013701Z
2026,1,REG,2026_01_WAS_PHI,00-0040242,WAS,PHI,16,63,1,1,0,7,2.26378970494261,0,2,0,0,0,20260925T013701Z
2026,1,REG,2026_01_MIA_LV,00-0040248,MIA,LV,0,0,0,0,0,0,,0,0,0,0,0,20260925T013701Z
2026,1,REG,2026_01_CLE_JAX,00-0040255,CLE,JAX,0,0,0,0,0,0,,0,0,0,0,0,20260925T013701Z
2026,1,REG,2026_01_CLE_JAX,00-0040261,CLE,JAX,0,0,0,0,0,0,,0,0,0,0,0,20260925T013701Z
2026,1,REG,2026_01_CLE_JAX,00-0040263,CLE,JAX,0,0,0,0,0,0,,0,0,0,0,0,20260925T013701Z
2026,1,REG,2026_01_CHI_CAR,00-0040277,CHI,CAR,0,0,0,0,0,0,,0,0,0,0,0,20260925T013701Z
2026,1,REG,2026_01_CHI_CAR,00-0040279,CAR,CHI,0,0,0,0,0,0,,0,0,0,0,0,20260925T013701Z
2026,1,REG,2026_01_CLE_JAX,00-0040326,JAX,CLE,0,0,0,0,0,0,,0,0,0,0,0,20260925T013701Z
2026,1,REG,2026_01_CLE_JAX,00-0040342,JAX,CLE,0,0,0,0,0,0,,0,0,0,0,0,20260925T013701Z
2026,1,REG,2026_01_BUF_HOU,00-0040363,BUF,HOU,0,0,0,0,0,0,,0,0,0,0,0,20260925T013701Z
2026,1,REG,2026_01_TB_CIN,00-0040429,TB,CIN,0,0,0,0,0,0,,0,0,0,0,0,20260925T013701Z
2026,1,REG,2026_01_DEN_KC,00-0040449,DEN,KC,0,0,0,0,0,0,,0,0,0,0,0,20260925T013701Z
2026,1,REG,2026_01_CHI_CAR,00-0040458,CAR,CHI,0,0,0,0,0,0,,0,0,0,0,0,20260925T013701Z
2026,1,REG,2026_01_CLE_JAX,00-0040466,CLE,JAX,1,1,0,0,0,0,-0.754164027050138,0,0,0,0,0,20260925T013701Z
2026,1,REG,2026_01_GB_MIN,00-0040506,MIN,GB,0,0,0,0,0,0,,0,0,0,0,0,20260925T013701Z
2026,1,REG,2026_01_NE_SEA,00-0040556,NE,SEA,6,11,0,0,0,0,-1.98528956004884,0,0,0,0,0,20260925T013701Z
2026,1,REG,2026_01_NE_SEA,00-0040568,NE,SEA,0,0,0,0,0,0,,0,0,0,0,0,20260925T013701Z
2026,1,REG,2026_01_NE_SEA,00-0040574,NE,SEA,0,0,0,0,0,0,,0,0,0,0,0,20260925T013701Z
2026,1,REG,2026_01_CLE_JAX,00-0040579,CLE,JAX,0,0,0,0,0,0,,0,0,0,0,0,20260925T013701Z
2026,1,REG,2026_01_SF_LA,00-0040580,LA,SF,0,0,0,0,0,0,,0,0,0,0,0,20260925T013701Z
2026,1,REG,2026_01_NYJ_TEN,00-0040582,NYJ,TEN,0,0,0,0,0,0,,0,0,0,0,0,20260925T013701Z
2026,1,REG,2026_01_BUF_HOU,00-0040583,HOU,BUF,9,42,0,0,0,4,1.47042560909176,0,2,1,0,0,20260925T013701Z
2026,1,REG,2026_01_NYJ_TEN,00-0040584,TEN,NYJ,0,0,0,0,0,0,,0,0,0,0,0,20260925T013701Z
2026,1,REG,2026_01_SF_LA,00-0040585,LA,SF,0,0,0,0,0,0,,0,0,0,0,0,20260925T013701Z
2026,1,REG,2026_01_SF_LA,00-0040590,LA,SF,0,0,0,0,0,0,,0,0,0,0,0,20260925T013701Z
2026,1,REG,2026_01_SF_LA,00-0040613,LA,SF,0,0,0,0,0,0,,0,0,0,0,0,20260925T013701Z
2026,1,REG,2026_01_NE_SEA,00-0040621,SEA,NE,0,0,0,0,0,0,,0,0,0,0,0,20260925T013701Z
2026,1,REG,2026_01_DEN_KC,00-0040634,DEN,KC,0,0,0,0,0,0,,0,0,0,0,0,20260925T013701Z
2026,1,REG,2026_01_BAL_IND,00-0040636,BAL,IND,0,0,0,0,0,0,,0,0,0,0,0,20260925T013701Z
2026,1,REG,2026_01_DEN_KC,00-0040640,KC,DEN,0,0,0,0,0,0,,0,0,0,0,0,20260925T013701Z
2026,1,REG,2026_01_MIA_LV,00-0040641,LV,MIA,0,0,0,0,0,0,,0,0,0,0,0,20260925T013701Z
2026,1,REG,2026_01_NO_DET,00-0040642,NO,DET,0,0,0,0,0,0,,0,0,0,0,0,20260925T013701Z
2026,1,REG,2026_01_NO_DET,00-0040643,NO,DET,0,0,0,0,0,0,,0,0,0,0,0,20260925T013701Z
2026,1,REG,2026_01_DEN_KC,00-0040646,KC,DEN,0,0,0,0,0,0,,0,0,0,0,0,20260925T013701Z
2026,1,REG,2026_01_NE_SEA,00-0040647,SEA,NE,0,0,0,0,0,0,,0,0,0,0,0,20260925T013701Z
2026,1,REG,2026_01_BUF_HOU,00-0040654,HOU,BUF,0,0,0,0,0,0,,0,0,0,0,0,20260925T013701Z
2026,1,REG,2026_01_CLE_JAX,00-0040663,CLE,JAX,0,0,0,0,0,0,,0,0,0,0,0,20260925T013701Z
2026,1,REG,2026_01_ARI_LAC,00-0040666,LAC,ARI,12,43,1,1,1,5,-4.62002403568476,0,1,1,0,0,20260925T013701Z
2026,1,REG,2026_01_GB_MIN,00-0040667,GB,MIN,0,0,0,0,0,0,,0,0,0,0,0,20260925T013701Z
2026,1,REG,2026_01_NO_DET,00-0040669,DET,NO,0,0,0,0,0,0,,0,0,0,0,0,20260925T013701Z
2026,1,REG,2026_01_DEN_KC,00-0040670,KC,DEN,0,0,0,0,0,0,,0,0,0,0,0,20260925T013701Z
2026,1,REG,2026_01_NO_DET,00-0040672,DET,NO,0,0,0,0,0,0,,0,0,0,0,0,20260925T013701Z
2026,1,REG,2026_01_NYJ_TEN,00-0040676,TEN,NYJ,4,21,0,0,0,2,2.49897350056563,0,0,0,0,0,20260925T013701Z
2026,1,REG,2026_01_DAL_NYG,00-0040677,NYG,DAL,0,0,0,0,0,0,,0,0,0,0,0,20260925T013701Z
2026,1,REG,2026_01_ATL_PIT,00-0040678,PIT,ATL,0,0,0,0,0,0,,0,0,0,0,0,20260925T013701Z
2026,1,REG,2026_01_CLE_JAX,00-0040685,CLE,JAX,0,0,0,0,0,0,,0,0,0,0,0,20260925T013701Z
2026,1,REG,2026_01_WAS_PHI,00-0040686,WAS,PHI,0,0,0,0,0,0,,0,0,0,0,0,20260925T013701Z
2026,1,REG,2026_01_BAL_IND,00-0040688,BAL,IND,0,0,0,0,0,0,,0,0,0,0,0,20260925T013701Z
2026,1,REG,2026_01_DAL_NYG,00-0040691,NYG,DAL,11,54,0,0,0,4,3.68802256340859,0,2,2,1,0,20260925T013701Z
2026,1,REG,2026_01_NE_SEA,00-0040699,NE,SEA,0,0,0,0,0,0,,0,0,0,0,0,20260925T013701Z
2026,1,REG,2026_01_NYJ_TEN,00-0040705,TEN,NYJ,0,0,0,0,0,0,,0,0,0,0,0,20260925T013701Z
2026,1,REG,2026_01_ARI_LAC,00-0040706,ARI,LAC,0,0,0,0,0,0,,0,0,0,0,0,20260925T013701Z
2026,1,REG,2026_01_WAS_PHI,00-0040708,PHI,WAS,0,0,0,0,0,0,,0,0,0,0,0,20260925T013701Z
2026,1,REG,2026_01_BUF_HOU,00-0040709,BUF,HOU,0,0,0,0,0,0,,0,0,0,0,0,20260925T013701Z
2026,1,REG,2026_01_BUF_HOU,00-0040710,BUF,HOU,0,0,0,0,0,0,,0,0,0,0,0,20260925T013701Z
2026,1,REG,2026_01_SF_LA,00-0040711,SF,LA,0,0,0,0,0,0,,0,0,0,0,0,20260925T013701Z
2026,1,REG,2026_01_DAL_NYG,00-0040715,NYG,DAL,18,81,1,1,0,6,-0.645109943492571,0,2,1,0,0,20260925T013701Z
2026,1,REG,2026_01_NE_SEA,00-0040716,NE,SEA,0,0,0,0,0,0,,0,0,0,0,0,20260925T013701Z
2026,1,REG,2026_01_CLE_JAX,00-0040718,JAX,CLE,1,3,0,0,0,0,-0.270126612391323,0,0,0,0,0,20260925T013701Z
2026,1,REG,2026_01_CLE_JAX,00-0040719,JAX,CLE,15,66,0,0,0,4,-1.08882716146763,0,3,2,0,0,20260925T013701Z
2026,1,REG,2026_01_DEN_KC,00-0040720,DEN,KC,0,0,0,0,0,0,,0,0,0,0,0,20260925T013701Z
2026,1,REG,2026_01_DAL_NYG,00-0040725,DAL,NYG,0,0,0,0,0,0,,0,0,0,0,0,20260925T013701Z
2026,1,REG,2026_01_ARI_LAC,00-0040727,LAC,ARI,0,0,0,0,0,0,,0,0,0,0,0,20260925T013701Z
2026,1,REG,2026_01_NO_DET,00-0040728,DET,NO,0,0,0,0,0,0,,0,0,0,0,0,20260925T013701Z
2026,1,REG,2026_01_MIA_LV,00-0040729,LV,MIA,0,0,0,0,0,0,,0,0,0,0,0,20260925T013701Z
2026,1,REG,2026_01_DEN_KC,00-0040730,DEN,KC,3,18,0,0,0,1,1.16021342179738,0,0,0,0,0,20260925T013701Z
2026,1,REG,2026_01_CHI_CAR,00-0040735,CHI,CAR,1,2,0,0,0,0,-0.356950203422457,0,0,0,0,0,20260925T013701Z
2026,1,REG,2026_01_NYJ_TEN,00-0040736,NYJ,TEN,0,0,0,0,0,0,,0,0,0,0,0,20260925T013701Z
2026,1,REG,2026_01_SF_LA,00-0040737,LA,SF,0,0,0,0,0,0,,0,0,0,0,0,20260925T013701Z
2026,1,REG,2026_01_TB_CIN,00-0040738,CIN,TB,0,0,0,0,0,0,,0,0,0,0,0,20260925T013701Z
2026,1,REG,2026_01_NO_DET,00-0040743,NO,DET,4,8,0,1,0,1,-1.1607644535834,0,0,0,0,0,20260925T013701Z
2026,1,REG,2026_01_BAL_IND,00-0040744,IND,BAL,0,0,0,0,0,0,,0,0,0,0,0,20260925T013701Z
2026,1,REG,2026_01_BUF_HOU,00-0040745,HOU,BUF,0,0,0,0,0,0,,0,0,0,0,0,20260925T013701Z
2026,1,REG,2026_01_TB_CIN,00-0040747,TB,CIN,0,0,0,0,0,0,,0,0,0,0,0,20260925T013701Z
2026,1,REG,2026_01_WAS_PHI,00-0040749,PHI,WAS,0,0,0,0,0,0,,0,0,0,0,0,20260925T013701Z
2026,1,REG,2026_01_ARI_LAC,00-0040751,ARI,LAC,0,0,0,0,0,0,,0,0,0,0,0,20260925T013701Z
2026,1,REG,2026_01_NYJ_TEN,00-0040752,TEN,NYJ,0,0,0,0,0,0,,0,0,0,0,0,20260925T013701Z
2026,1,REG,2026_01_CLE_JAX,00-0040784,CLE,JAX,12,33,0,0,0,1,-2.72711864858866,0,0,0,0,0,20260925T013701Z
2026,1,REG,2026_01_TB_CIN,00-0040785,CIN,TB,1,10,0,0,0,1,0.480721483821981,0,1,0,0,0,20260925T013701Z
2026,1,REG,2026_01_DAL_NYG,00-0040865,DAL,NYG,0,0,0,0,0,0,,0,0,0,0,0,20260925T013701Z
2026,1,REG,2026_01_BAL_IND,00-0040866,BAL,IND,0,0,0,0,0,0,,0,0,0,0,0,20260925T013701Z
2026,1,REG,2026_01_WAS_PHI,00-0040867,PHI,WAS,0,0,0,0,0,0,,0,0,0,0,0,20260925T013701Z
2026,1,REG,2026_01_MIA_LV,00-0040868,LV,MIA,0,0,0,0,0,0,,0,0,0,0,0,20260925T013701Z
2026,1,REG,2026_01_GB_MIN,00-0040869,GB,MIN,0,0,0,0,0,0,,0,0,0,0,0,20260925T013701Z
2026,1,REG,2026_01_BAL_IND,00-0040870,BAL,IND,0,0,0,0,0,0,,0,0,0,0,0,20260925T013701Z
2026,1,REG,2026_01_DAL_NYG,00-0040872,DAL,NYG,0,0,0,0,0,0,,0,0,0,0,0,20260925T013701Z
2026,1,REG,2026_01_GB_MIN,00-0040877,GB,MIN,0,0,0,0,0,0,,0,0,0,0,0,20260925T013701Z
2026,1,REG,2026_01_MIA_LV,00-0040878,LV,MIA,7,41,0,0,0,1,-0.930282209941652,0,1,1,0,0,20260925T013701Z
2026,1,REG,2026_01_BAL_IND,00-0040879,BAL,IND,0,0,0,0,0,0,,0,0,0,0,0,20260925T013701Z
2026,1,REG,2026_01_DAL_NYG,00-0040880,DAL,NYG,0,0,0,0,0,0,,0,0,0,0,0,20260925T013701Z
2026,1,REG,2026_01_MIA_LV,00-0040889,LV,MIA,0,0,0,0,0,0,,0,0,0,0,0,20260925T013701Z
2026,1,REG,2026_01_DEN_KC,00-0040890,KC,DEN,0,0,0,0,0,0,,0,0,0,0,0,20260925T013701Z
2026,1,REG,2026_01_MIA_LV,00-0040894,LV,MIA,1,-8,0,0,0,0,-1.40319908829406,0,0,0,0,0,20260925T013701Z
2026,1,REG,2026_01_BAL_IND,00-0040898,BAL,IND,0,0,0,0,0,0,,0,0,0,0,0,20260925T013701Z
2026,1,REG,2026_01_GB_MIN,00-0040899,GB,MIN,0,0,0,0,0,0,,0,0,0,0,0,20260925T013701Z
2026,1,REG,2026_01_DEN_KC,00-0040957,KC,DEN,0,0,0,0,0,0,,0,0,0,0,0,20260925T013701Z
2026,1,REG,2026_01_BAL_IND,00-0040978,BAL,IND,0,0,0,0,0,0,,0,0,0,0,0,20260925T013701Z
2026,1,REG,2026_01_DEN_KC,00-0041013,KC,DEN,8,24,0,0,0,1,-0.448486649431288,0,0,0,0,0,20260925T013701Z
2026,1,REG,2026_01_DEN_KC,00-0041019,KC,DEN,0,0,0,0,0,0,,0,0,0,0,0,20260925T013701Z
2026,1,REG,2026_01_NYJ_TEN,00-0041026,NYJ,TEN,0,0,0,0,0,0,,0,0,0,0,0,20260925T013701Z
2026,1,REG,2026_01_ARI_LAC,00-0041027,ARI,LAC,11,41,1,0,0,2,0.304496043827385,0,1,1,0,0,20260925T013701Z
2026,1,REG,2026_01_WAS_PHI,00-0041028,WAS,PHI,0,0,0,0,0,0,,0,0,0,0,0,20260925T013701Z
2026,1,REG,2026_01_TB_CIN,00-0041031,TB,CIN,0,0,0,0,0,0,,0,0,0,0,0,20260925T013701Z
2026,1,REG,2026_01_NYJ_TEN,00-0041032,NYJ,TEN,1,3,1,0,0,1,1.23996148013975,0,0,0,0,0,20260925T013701Z
2026,1,REG,2026_01_CHI_CAR,00-0041034,CAR,CHI,0,0,0,0,0,0,,0,0,0,0,0,20260925T013701Z
2026,1,REG,2026_01_BUF_HOU,00-0041036,BUF,HOU,0,0,0,0,0,0,,0,0,0,0,0,20260925T013701Z
2026,1,REG,2026_01_CLE_JAX,00-0041037,CLE,JAX,0,0,0,0,0,0,,0,0,0,0,0,20260925T013701Z
2026,1,REG,2026_01_WAS_PHI,00-0041040,WAS,PHI,0,0,0,0,0,0,,0,0,0,0,0,20260925T013701Z
2026,1,REG,2026_01_DAL_NYG,00-0041042,NYG,DAL,0,0,0,0,0,0,,0,0,0,0,0,20260925T013701Z
2026,1,REG,2026_01_BAL_IND,00-0041043,IND,BAL,0,0,0,0,0,0,,0,0,0,0,0,20260925T013701Z
2026,1,REG,2026_01_ATL_PIT,00-0041044,ATL,PIT,0,0,0,0,0,0,,0,0,0,0,0,20260925T013701Z
2026,1,REG,2026_01_CLE_JAX,00-0041045,JAX,CLE,0,0,0,0,0,0,,0,0,0,0,0,20260925T013701Z
2026,1,REG,2026_01_GB_MIN,00-0041046,MIN,GB,0,0,0,0,0,0,,0,0,0,0,0,20260925T013701Z
2026,1,REG,2026_01_TB_CIN,00-0041048,TB,CIN,0,0,0,0,0,0,,0,0,0,0,0,20260925T013701Z
2026,1,REG,2026_01_SF_LA,00-0041052,SF,LA,14,65,0,0,0,3,0.272510947077535,0,1,1,0,0,20260925T013701Z
2026,1,REG,2026_01_TB_CIN,00-0041057,TB,CIN,0,0,0,0,0,0,,0,0,0,0,0,20260925T013701Z
2026,1,REG,2026_01_CHI_CAR,00-0041060,CHI,CAR,0,0,0,0,0,0,,0,0,0,0,0,20260925T013701Z
2026,1,REG,2026_01_CHI_CAR,00-0041063,CAR,CHI,0,0,0,0,0,0,,0,0,0,0,0,20260925T013701Z
2026,1,REG,2026_01_ARI_LAC,00-0041064,LAC,ARI,0,0,0,0,0,0,,0,0,0,0,0,20260925T013701Z
2026,1,REG,2026_01_ATL_PIT,00-0041066,ATL,PIT,0,0,0,0,0,0,,0,0,0,0,0,20260925T013701Z
2026,1,REG,2026_01_NO_DET,00-0041067,NO,DET,0,0,0,0,0,0,,0,0,0,0,0,20260925T013701Z
2026,1,REG,2026_01_SF_LA,00-0041078,SF,LA,0,0,0,0,0,0,,0,0,0,0,0,20260925T013701Z
2026,1,REG,2026_01_ARI_LAC,00-0041093,ARI,LAC,0,0,0,0,0,0,,0,0,0,0,0,20260925T013701Z
2026,1,REG,2026_01_TB_CIN,00-0041094,TB,CIN,0,0,0,0,0,0,,0,0,0,0,0,20260925T013701Z
2026,1,REG,2026_01_WAS_PHI,00-0041096,WAS,PHI,4,16,0,0,0,0,0.169891955447383,0,0,0,0,0,20260925T013701Z
2026,1,REG,2026_01_NO_DET,00-0041099,NO,DET,1,3,0,0,0,0,-0.296891707926989,0,0,0,0,0,20260925T013701Z
2026,1,REG,2026_01_CLE_JAX,00-0041100,JAX,CLE,0,0,0,0,0,0,,0,0,0,0,0,20260925T013701Z
2026,1,REG,2026_01_NE_SEA,00-0041109,NE,SEA,0,0,0,0,0,0,,0,0,0,0,0,20260925T013701Z
2026,1,REG,2026_01_BAL_IND,00-0041111,IND,BAL,0,0,0,0,0,0,,0,0,0,0,0,20260925T013701Z
2026,1,REG,2026_01_ATL_PIT,00-0041112,ATL,PIT,0,0,0,0,0,0,,0,0,0,0,0,20260925T013701Z
2026,1,REG,2026_01_BAL_IND,00-0041125,IND,BAL,0,0,0,0,0,0,,0,0,0,0,0,20260925T013701Z
2026,1,REG,2026_01_BUF_HOU,00-0041126,BUF,HOU,0,0,0,0,0,0,,0,0,0,0,0,20260925T013701Z
2026,1,REG,2026_01_CLE_JAX,00-0041131,CLE,JAX,0,0,0,0,0,0,,0,0,0,0,0,20260925T013701Z
2026,1,REG,2026_01_DAL_NYG,00-0041145,NYG,DAL,0,0,0,0,0,0,,0,0,0,0,0,20260925T013701Z
2026,1,REG,2026_01_CHI_CAR,00-0041148,CAR,CHI,0,0,0,0,0,0,,0,0,0,0,0,20260925T013701Z
2026,1,REG,2026_01_CHI_CAR,00-0041167,CHI,CAR,0,0,0,0,0,0,,0,0,0,0,0,20260925T013701Z
2026,1,REG,2026_01_CHI_CAR,00-0041175,CHI,CAR,0,0,0,0,0,0,,0,0,0,0,0,20260925T013701Z
2026,1,REG,2026_01_WAS_PHI,00-0041182,WAS,PHI,0,0,0,0,0,0,,0,0,0,0,0,20260925T013701Z
2026,1,REG,2026_01_BAL_IND,00-0041227,IND,BAL,0,0,0,0,0,0,,0,0,0,0,0,20260925T013701Z
2026,1,REG,2026_01_BUF_HOU,00-0041305,HOU,BUF,0,0,0,0,0,0,,0,0,0,0,0,20260925T013701Z
2026,1,REG,2026_01_BAL_IND,00-0041320,IND,BAL,0,0,0,0,0,0,,0,0,0,0,0,20260925T013701Z
2026,1,REG,2026_01_NO_DET,00-0041326,NO,DET,2,4,0,0,0,2,0.91686132340692,0,0,0,0,0,20260925T013701Z
2026,1,REG,2026_01_GB_MIN,00-0041354,MIN,GB,0,0,0,0,0,0,,0,0,0,0,0,20260925T013701Z
2026,1,REG,2026_01_SF_LA,00-0041363,SF,LA,0,0,0,0,0,0,,0,0,0,0,0,20260925T013701Z
2026,1,REG,2026_01_NO_DET,00-0041390,NO,DET,0,0,0,0,0,0,,0,0,0,0,0,20260925T013701Z
2026,1,REG,2026_01_BUF_HOU,00-0041391,BUF,HOU,0,0,0,0,0,0,,0,0,0,0,0,20260925T013701Z
2026,1,REG,2026_01_ARI_LAC,00-0041392,LAC,ARI,0,0,0,0,0,0,,0,0,0,0,0,20260925T013701Z
2026,1,REG,2026_01_ATL_PIT,00-0041393,PIT,ATL,0,0,0,0,0,0,,0,0,0,0,0,20260925T013701Z
2026,1,REG,2026_01_NE_SEA,00-0041395,NE,SEA,0,0,0,0,0,0,,0,0,0,0,0,20260925T013701Z
2026,1,REG,2026_01_ATL_PIT,00-0041397,PIT,ATL,0,0,0,0,0,0,,0,0,0,0,0,20260925T013701Z
2026,1,REG,2026_01_ATL_PIT,00-0041398,PIT,ATL,0,0,0,0,0,0,,0,0,0,0,0,20260925T013701Z
2026,1,REG,2026_01_ATL_PIT,00-0041401,PIT,ATL,0,0,0,0,0,0,,0,0,0,0,0,20260925T013701Z
2026,1,REG,2026_01_NYJ_TEN,00-0041438,TEN,NYJ,0,0,0,0,0,0,,0,0,0,0,0,20260925T013701Z
2026,1,REG,2026_01_BUF_HOU,00-0041444,BUF,HOU,0,0,0,0,0,0,,0,0,0,0,0,20260925T013701Z
2026,1,REG,2026_01_NO_DET,00-0041445,DET,NO,0,0,0,0,0,0,,0,0,0,0,0,20260925T013701Z
2026,1,REG,2026_01_NO_DET,00-0041447,DET,NO,0,0,0,0,0,0,,0,0,0,0,0,20260925T013701Z
2026,1,REG,2026_01_NO_DET,00-0041459,DET,NO,0,0,0,0,0,0,,0,0,0,0,0,20260925T013701Z
2026,1,REG,2026_01_TB_CIN,00-0041464,CIN,TB,0,0,0,0,0,0,,0,0,0,0,0,20260925T013701Z
2026,1,REG,2026_01_BUF_HOU,00-0041465,HOU,BUF,0,0,0,0,0,0,,0,0,0,0,0,20260925T013701Z
2026,1,REG,2026_01_ATL_PIT,00-0041469,ATL,PIT,0,0,0,0,0,0,,0,0,0,0,0,20260925T013701Z
2026,1,REG,2026_01_GB_MIN,00-0041470,GB,MIN,0,0,0,0,0,0,,0,0,0,0,0,20260925T013701Z
2026,1,REG,2026_01_CLE_JAX,00-0041471,CLE,JAX,0,0,0,0,0,0,,0,0,0,0,0,20260925T013701Z
2026,1,REG,2026_01_BUF_HOU,00-0041472,HOU,BUF,0,0,0,0,0,0,,0,0,0,0,0,20260925T013701Z
2026,1,REG,2026_01_CHI_CAR,00-0041478,CAR,CHI,0,0,0,0,0,0,,0,0,0,0,0,20260925T013701Z
2026,1,REG,2026_01_NYJ_TEN,00-0041479,TEN,NYJ,0,0,0,0,0,0,,0,0,0,0,0,20260925T013701Z
2026,1,REG,2026_01_ATL_PIT,00-0041490,PIT,ATL,0,0,0,0,0,0,,0,0,0,0,0,20260925T013701Z
2026,1,REG,2026_01_GB_MIN,00-0041495,MIN,GB,0,0,0,0,0,0,,0,0,0,0,0,20260925T013701Z
2026,1,REG,2026_01_DEN_KC,00-0041496,DEN,KC,0,0,0,0,0,0,,0,0,0,0,0,20260925T013701Z
2026,1,REG,2026_01_DEN_KC,00-0041497,KC,DEN,0,0,0,0,0,0,,0,0,0,0,0,20260925T013701Z
2026,1,REG,2026_01_DEN_KC,00-0041501,KC,DEN,0,0,0,0,0,0,,0,0,0,0,0,20260925T013701Z
2026,1,REG,2026_01_TB_CIN,00-0041502,TB,CIN,0,0,0,0,0,0,,0,0,0,0,0,20260925T013701Z
2026,1,REG,2026_01_CLE_JAX,00-0041503,JAX,CLE,0,0,0,0,0,0,,0,0,0,0,0,20260925T013701Z
2026,1,REG,2026_01_NYJ_TEN,00-0041508,TEN,NYJ,0,0,0,0,0,0,,0,0,0,0,0,20260925T013701Z
2026,1,REG,2026_01_DAL_NYG,00-0041509,NYG,DAL,0,0,0,0,0,0,,0,0,0,0,0,20260925T013701Z
2026,1,REG,2026_01_NYJ_TEN,00-0041511,NYJ,TEN,0,0,0,0,0,0,,0,0,0,0,0,20260925T013701Z
2026,1,REG,2026_01_NE_SEA,00-0041512,SEA,NE,10,52,0,0,0,4,1.02588471770287,0,2,2,0,0,20260925T013701Z
2026,1,REG,2026_01_BAL_IND,00-0041518,IND,BAL,0,0,0,0,0,0,,0,0,0,0,0,20260925T013701Z
2026,1,REG,2026_01_MIA_LV,00-0041521,MIA,LV,0,0,0,0,0,0,,0,0,0,0,0,20260925T013701Z
2026,1,REG,2026_01_MIA_LV,00-0041522,MIA,LV,0,0,0,0,0,0,,0,0,0,0,0,20260925T013701Z
2026,1,REG,2026_01_MIA_LV,00-0041523,MIA,LV,0,0,0,0,0,0,,0,0,0,0,0,20260925T013701Z
2026,1,REG,2026_01_MIA_LV,00-0041524,MIA,LV,0,0,0,0,0,0,,0,0,0,0,0,20260925T013701Z
2026,1,REG,2026_01_MIA_LV,00-0041525,MIA,LV,0,0,0,0,0,0,,0,0,0,0,0,20260925T013701Z
2026,1,REG,2026_01_MIA_LV,00-0041528,MIA,LV,0,0,0,0,0,0,,0,0,0,0,0,20260925T013701Z
2026,1,REG,2026_01_MIA_LV,00-0041529,MIA,LV,0,0,0,0,0,0,,0,0,0,0,0,20260925T013701Z
2026,1,REG,2026_01_MIA_LV,00-0041533,MIA,LV,0,0,0,0,0,0,,0,0,0,0,0,20260925T013701Z
2026,1,REG,2026_01_DAL_NYG,00-0041537,DAL,NYG,0,0,0,0,0,0,,0,0,0,0,0,20260925T013701Z
2026,1,REG,2026_01_CHI_CAR,00-0041538,CHI,CAR,0,0,0,0,0,0,,0,0,0,0,0,20260925T013701Z
2026,1,REG,2026_01_DEN_KC,00-0041543,KC,DEN,0,0,0,0,0,0,,0,0,0,0,0,20260925T013701Z
2026,1,REG,2026_01_ARI_LAC,00-0041544,LAC,ARI,0,0,0,0,0,0,,0,0,0,0,0,20260925T013701Z
2026,1,REG,2026_01_DEN_KC,00-0041545,KC,DEN,0,0,0,0,0,0,,0,0,0,0,0,20260925T013701Z
2026,1,REG,2026_01_CLE_JAX,00-0041547,CLE,JAX,3,15,0,0,0,1,0.0786754116415978,0,1,0,0,0,20260925T013701Z
2026,1,REG,2026_01_NYJ_TEN,00-0041549,NYJ,TEN,0,0,0,0,0,0,,0,0,0,0,0,20260925T013701Z
2026,1,REG,2026_01_NE_SEA,00-0041569,NE,SEA,0,0,0,0,0,0,,0,0,0,0,0,20260925T013701Z
2026,1,REG,2026_01_GB_MIN,00-0041581,MIN,GB,0,0,0,0,0,0,,0,0,0,0,0,20260925T013701Z
2026,2,REG,2026_02_PIT_NE,00-0023459,PIT,NE,1,5,0,0,0,0,0.23470135719981,0,0,0,0,0,20260925T013701Z
2026,2,REG,2026_02_CAR_ATL,00-0025565,ATL,CAR,0,0,0,0,0,0,,0,0,0,0,0,20260925T013701Z
2026,2,REG,2026_02_NO_BAL,00-0026190,BAL,NO,0,0,0,0,0,0,,0,0,0,0,0,20260925T013701Z
2026,2,REG,2026_02_NYG_LA,00-0026498,LA,NYG,4,-1,0,0,0,0,-5.06525587034412,0,0,0,0,0,20260925T013701Z
2026,2,REG,2026_02_MIA_SF,00-0027857,SF,MIA,0,0,0,0,0,0,,0,0,0,0,0,20260925T013701Z
2026,2,REG,2026_02_WAS_DAL,00-0027940,DAL,WAS,0,0,0,0,0,0,,0,0,0,0,0,20260925T013701Z
2026,2,REG,2026_02_NO_BAL,00-0027962,NO,BAL,0,0,0,0,0,0,,0,0,0,0,0,20260925T013701Z
2026,2,REG,2026_02_PIT_NE,00-0027969,PIT,NE,0,0,0,0,0,0,,0,0,0,0,0,20260925T013701Z
2026,2,REG,2026_02_LV_LAC,00-0029604,LV,LAC,4,1,0,0,0,0,-2.05798425327521,0,0,0,0,0,20260925T013701Z
2026,2,REG,2026_02_MIN_CHI,00-0029606,MIN,CHI,0,0,0,0,0,0,,0,0,0,0,0,20260925T013701Z
2026,2,REG,2026_02_GB_NYJ,00-0029607,NYJ,GB,0,0,0,0,0,0,,0,0,0,0,0,20260925T013701Z
2026,2,REG,2026_02_WAS_DAL,00-0029692,DAL,WAS,0,0,0,0,0,0,,0,0,0,0,0,20260925T013701Z
2026,2,REG,2026_02_MIN_CHI,00-0029714,MIN,CHI,0,0,0,0,0,0,,0,0,0,0,0,20260925T013701Z
2026,2,REG,2026_02_MIA_SF,00-0029892,SF,MIA,0,0,0,0,0,0,,0,0,0,0,0,20260925T013701Z
2026,2,REG,2026_02_NO_BAL,00-0030070,BAL,NO,0,0,0,0,0,0,,0,0,0,0,0,20260925T013701Z
2026,2,REG,2026_02_CAR_ATL,00-0030092,CAR,ATL,0,0,0,0,0,0,,0,0,0,0,0,20260925T013701Z
2026,2,REG,2026_02_WAS_DAL,00-0030140,WAS,DAL,0,0,0,0,0,0,,0,0,0,0,0,20260925T013701Z
2026,2,REG,2026_02_IND_KC,00-0030279,IND,KC,0,0,0,0,0,0,,0,0,0,0,0,20260925T013701Z
2026,2,REG,2026_02_LV_LAC,00-0030294,LAC,LV,0,0,0,0,0,0,,0,0,0,0,0,20260925T013701Z
2026,2,REG,2026_02_IND_KC,00-0030506,KC,IND,0,0,0,0,0,0,,0,0,0,0,0,20260925T013701Z
2026,2,REG,2026_02_PHI_TEN,00-0030561,PHI,TEN,0,0,0,0,0,0,,0,0,0,0,0,20260925T013701Z
2026,2,REG,2026_02_GB_NYJ,00-0030565,NYJ,GB,5,17,0,1,0,1,-2.93676051928196,0,0,0,0,0,20260925T013701Z
2026,2,REG,2026_02_LV_LAC,00-0031040,LAC,LV,0,0,0,0,0,0,,0,0,0,0,0,20260925T013701Z
2026,2,REG,2026_02_PIT_NE,00-0031054,NE,PIT,0,0,0,0,0,0,,0,0,0,0,0,20260925T013701Z
2026,2,REG,2026_02_PIT_NE,00-0031136,PIT,NE,0,0,0,0,0,0,,0,0,0,0,0,20260925T013701Z
2026,2,REG,2026_02_MIN_CHI,00-0031203,CHI,MIN,0,0,0,0,0,0,,0,0,0,0,0,20260925T013701Z
2026,2,REG,2026_02_NYG_LA,00-0031270,NYG,LA,0,0,0,0,0,0,,0,0,0,0,0,20260925T013701Z
2026,2,REG,2026_02_CAR_ATL,00-0031279,ATL,CAR,0,0,0,0,0,0,,0,0,0,0,0,20260925T013701Z
2026,2,REG,2026_02_PIT_NE,00-0031330,NE,PIT,0,0,0,0,0,0,,0,0,0,0,0,20260925T013701Z
2026,2,REG,2026_02_MIN_CHI,00-0031360,MIN,CHI,0,0,0,0,0,0,,0,0,0,0,0,20260925T013701Z
2026,2,REG,2026_02_NYG_LA,00-0031381,LA,NYG,0,0,0,0,0,0,,0,0,0,0,0,20260925T013701Z
2026,2,REG,2026_02_NYG_LA,00-0031388,LA,NYG,0,0,0,0,0,0,,0,0,0,0,0,20260925T013701Z
2026,2,REG,2026_02_MIA_SF,00-0031408,SF,MIA,0,0,0,0,0,0,,0,0,0,0,0,20260925T013701Z
2026,2,REG,2026_02_SEA_ARI,00-0031411,SEA,ARI,0,0,0,0,0,0,,0,0,0,0,0,20260925T013701Z
2026,2,REG,2026_02_SEA_ARI,00-0031492,SEA,ARI,0,0,0,0,0,0,,0,0,0,0,0,20260925T013701Z
2026,2,REG,2026_02_NYG_LA,00-0031503,NYG,LA,2,1,0,0,0,1,0.328010444180109,0,0,0,0,0,20260925T013701Z
2026,2,REG,2026_02_CIN_HOU,00-0031565,HOU,CIN,0,0,0,0,0,0,,0,0,0,0,0,20260925T013701Z
2026,2,REG,2026_02_CAR_ATL,00-0031576,ATL,CAR,0,0,0,0,0,0,,0,0,0,0,0,20260925T013701Z
2026,2,REG,2026_02_MIN_CHI,00-0031583,CHI,MIN,0,0,0,0,0,0,,0,0,0,0,0,20260925T013701Z
2026,2,REG,2026_02_WAS_DAL,00-0031588,WAS,DAL,0,0,0,0,0,0,,0,0,0,0,0,20260925T013701Z
2026,2,REG,2026_02_CAR_ATL,00-0031610,CAR,ATL,0,0,0,0,0,0,,0,0,0,0,0,20260925T013701Z
2026,2,REG,2026_02_JAX_DEN,00-0031898,DEN,JAX,0,0,0,0,0,0,,0,0,0,0,0,20260925T013701Z
2026,2,REG,2026_02_SEA_ARI,00-0031933,SEA,ARI,0,0,0,0,0,0,,0,0,0,0,0,20260925T013701Z
2026,2,REG,2026_02_CLE_TB,00-0031957,TB,CLE,0,0,0,0,0,0,,0,0,0,0,0,20260925T013701Z
2026,2,REG,2026_02_MIA_SF,00-0032065,MIA,SF,1,0,0,1,0,0,-3.22026351245586,0,0,0,0,0,20260925T013701Z
2026,2,REG,2026_02_CIN_HOU,00-0032071,HOU,CIN,0,0,0,0,0,0,,0,0,0,0,0,20260925T013701Z
2026,2,REG,2026_02_JAX_DEN,00-0032104,JAX,DEN,3,11,0,0,0,2,0.560814540600404,0,0,0,0,0,20260925T013701Z
2026,2,REG,2026_02_LV_LAC,00-0032146,LAC,LV,0,0,0,0,0,0,,0,0,0,0,0,20260925T013701Z
2026,2,REG,2026_02_JAX_DEN,00-0032164,JAX,DEN,0,0,0,0,0,0,,0,0,0,0,0,20260925T013701Z
2026,2,REG,2026_02_CIN_HOU,00-0032265,HOU,CIN,0,0,0,0,0,0,,0,0,0,0,0,20260925T013701Z
2026,2,REG,2026_02_WAS_DAL,00-0032268,WAS,DAL,1,3,0,0,0,1,-0.0667867003940046,0,0,0,0,0,20260925T013701Z
2026,2,REG,2026_02_IND_KC,00-0032378,IND,KC,0,0,0,0,0,0,,0,0,0,0,0,20260925T013701Z
2026,2,REG,2026_02_SEA_ARI,00-0032387,SEA,ARI,0,0,0,0,0,0,,0,0,0,0,0,20260925T013701Z
2026,2,REG,2026_02_CAR_ATL,00-0032392,ATL,CAR,0,0,0,0,0,0,,0,0,0,0,0,20260925T013701Z
2026,2,REG,2026_02_NO_BAL,00-0032398,BAL,NO,0,0,0,0,0,0,,0,0,0,0,0,20260925T013701Z
2026,2,REG,2026_02_NYG_LA,00-0032424,NYG,LA,0,0,0,0,0,0,,0,0,0,0,0,20260925T013701Z
2026,2,REG,2026_02_CIN_HOU,00-0032445,CIN,HOU,0,0,0,0,0,0,,0,0,0,0,0,20260925T013701Z
2026,2,REG,2026_02_MIN_CHI,00-0032464,CHI,MIN,0,0,0,0,0,0,,0,0,0,0,0,20260925T013701Z
2026,2,REG,2026_02_JAX_DEN,00-0032569,DEN,JAX,0,0,0,0,0,0,,0,0,0,0,0,20260925T013701Z
2026,2,REG,2026_02_CIN_HOU,00-0032726,HOU,CIN,0,0,0,0,0,0,,0,0,0,0,0,20260925T013701Z
2026,2,REG,2026_02_CIN_HOU,00-0032759,HOU,CIN,0,0,0,0,0,0,,0,0,0,0,0,20260925T013701Z
2026,2,REG,2026_02_IND_KC,00-0032762,KC,IND,0,0,0,0,0,0,,0,0,0,0,0,20260925T013701Z
2026,2,REG,2026_02_NO_BAL,00-0032764,BAL,NO,16,68,1,0,0,5,2.90964314161101,0,0,0,0,0,20260925T013701Z
2026,2,REG,2026_02_MIA_SF,00-0032775,SF,MIA,0,0,0,0,0,0,,0,0,0,0,0,20260925T013701Z
2026,2,REG,2026_02_CLE_TB,00-0032889,TB,CLE,0,0,0,0,0,0,,0,0,0,0,0,20260925T013701Z
2026,2,REG,2026_02_CLE_TB,00-0032943,TB,CLE,0,0,0,0,0,0,,0,0,0,0,0,20260925T013701Z
2026,2,REG,2026_02_MIN_CHI,00-0032950,MIN,CHI,3,6,0,1,0,1,-2.15216757089365,0,0,0,0,0,20260925T013701Z
2026,2,REG,2026_02_IND_KC,00-0032951,IND,KC,0,0,0,0,0,0,,0,0,0,0,0,20260925T013701Z
2026,2,REG,2026_02_JAX_DEN,00-0033038,JAX,DEN,0,0,0,0,0,0,,0,0,0,0,0,20260925T013701Z
2026,2,REG,2026_02_PIT_NE,00-0033055,PIT,NE,0,0,0,0,0,0,,0,0,0,0,0,20260925T013701Z
2026,2,REG,2026_02_WAS_DAL,00-0033077,DAL,WAS,4,26,0,0,0,2,1.89160879759584,0,1,0,0,0,20260925T013701Z
2026,2,REG,2026_02_PIT_NE,00-0033090,NE,PIT,0,0,0,0,0,0,,0,0,0,0,0,20260925T013701Z
2026,2,REG,2026_02_WAS_DAL,00-0033093,DAL,WAS,0,0,0,0,0,0,,0,0,0,0,0,20260925T013701Z
2026,2,REG,2026_02_DET_BUF,00-0033106,DET,BUF,3,7,0,1,0,0,-2.15346481953748,0,0,0,0,0,20260925T013701Z
2026,2,REG,2026_02_SEA_ARI,00-0033119,ARI,SEA,1,7,0,0,0,0,-0.772654672968201,0,0,0,0,0,20260925T013701Z
2026,2,REG,2026_02_WAS_DAL,00-0033120,DAL,WAS,0,0,0,0,0,0,,0,0,0,0,0,20260925T013701Z
2026,2,REG,2026_02_CLE_TB,00-0033131,CLE,TB,0,0,0,0,0,0,,0,0,0,0,0,20260925T013701Z
2026,2,REG,2026_02_PIT_NE,00-0033132,NE,PIT,0,0,0,0,0,0,,0,0,0,0,0,20260925T013701Z
2026,2,REG,2026_02_PHI_TEN,00-0033246,PHI,TEN,0,0,0,0,0,0,,0,0,0,0,0,20260925T013701Z
2026,2,REG,2026_02_GB_NYJ,00-0033260,NYJ,GB,0,0,0,0,0,0,,0,0,0,0,0,20260925T013701Z
2026,2,REG,2026_02_IND_KC,00-0033269,IND,KC,0,0,0,0,0,0,,0,0,0,0,0,20260925T013701Z
2026,2,REG,2026_02_MIA_SF,00-0033280,SF,MIA,10,23,2,0,0,2,-0.563817018235568,0,0,0,0,0,20260925T013701Z
2026,2,REG,2026_02_NO_BAL,00-0033281,BAL,NO,0,0,0,0,0,0,,0,0,0,0,0,20260925T013701Z
2026,2,REG,2026_02_MIA_SF,00-0033288,SF,MIA,0,0,0,0,0,0,,0,0,0,0,0,20260925T013701Z
2026,2,REG,2026_02_MIN_CHI,00-0033293,MIN,CHI,23,105,0,0,0,3,-2.35539375984808,0,2,2,1,0,20260925T013701Z
2026,2,REG,2026_02_DET_BUF,00-0033294,DET,BUF,0,0,0,0,0,0,,0,0,0,0,0,20260925T013701Z
2026,2,REG,2026_02_JAX_DEN,00-0033297,DEN,JAX,0,0,0,0,0,0,,0,0,0,0,0,20260925T013701Z
2026,2,REG,2026_02_IND_KC,00-0033303,KC,IND,0,0,0,0,0,0,,0,0,0,0,0,20260925T013701Z
2026,2,REG,2026_02_SEA_ARI,00-0033307,ARI,SEA,0,0,0,0,0,0,,0,0,0,0,0,20260925T013701Z
2026,2,REG,2026_02_MIN_CHI,00-0033336,MIN,CHI,0,0,0,0,0,0,,0,0,0,0,0,20260925T013701Z
2026,2,REG,2026_02_LV_LAC,00-0033381,LV,LAC,0,0,0,0,0,0,,0,0,0,0,0,20260925T013701Z
2026,2,REG,2026_02_CIN_HOU,00-0033523,CIN,HOU,0,0,0,0,0,0,,0,0,0,0,0,20260925T013701Z
2026,2,REG,2026_02_CIN_HOU,00-0033526,CIN,HOU,2,6,0,0,0,0,-0.914070595288649,0,0,0,0,0,20260925T013701Z
2026,2,REG,2026_02_CLE_TB,00-0033537,CLE,TB,7,22,0,0,0,2,1.4642875273712,0,0,0,0,0,20260925T013701Z
2026,2,REG,2026_02_LV_LAC,00-0033546,LAC,LV,0,0,0,0,0,0,,0,0,0,0,0,20260925T013701Z
2026,2,REG,2026_02_WAS_DAL,00-0033551,WAS,DAL,0,0,0,0,0,0,,0,0,0,0,0,20260925T013701Z
2026,2,REG,2026_02_PIT_NE,00-0033555,NE,PIT,0,0,0,0,0,0,,0,0,0,0,0,20260925T013701Z
2026,2,REG,2026_02_SEA_ARI,00-0033576,SEA,ARI,0,0,0,0,0,0,,0,0,0,0,0,20260925T013701Z
2026,2,REG,2026_02_MIN_CHI,00-0033579,CHI,MIN,0,0,0,0,0,0,,0,0,0,0,0,20260925T013701Z
2026,2,REG,2026_02_CAR_ATL,00-0033662,ATL,CAR,2,20,0,1,1,1,-2.98615755001083,0,1,0,0,0,20260925T013701Z
2026,2,REG,2026_02_PIT_NE,00-0033729,PIT,NE,0,0,0,0,0,0,,0,0,0,0,0,20260925T013701Z
2026,2,REG,2026_02_PHI_TEN,00-0033787,PHI,TEN,0,0,0,0,0,0,,0,0,0,0,0,20260925T013701Z
2026,2,REG,2026_02_NO_BAL,00-0033860,NO,BAL,0,0,0,0,0,0,,0,0,0,0,0,20260925T013701Z
2026,2,REG,2026_02_PHI_TEN,00-0033870,TEN,PHI,0,0,0,0,0,0,,0,0,0,0,0,20260925T013701Z
2026,2,REG,2026_02_IND_KC,00-0033873,KC,IND,2,17,0,0,0,1,0.492859988065902,0,1,1,0,0,20260925T013701Z
2026,2,REG,2026_02_CLE_TB,00-0033876,CLE,TB,0,0,0,0,0,0,,0,0,0,0,0,20260925T013701Z
2026,2,REG,2026_02_JAX_DEN,00-0033881,DEN,JAX,0,0,0,0,0,0,,0,0,0,0,0,20260925T013701Z
2026,2,REG,2026_02_LV_LAC,00-0033885,LAC,LV,0,0,0,0,0,0,,0,0,0,0,0,20260925T013701Z
2026,2,REG,2026_02_PIT_NE,00-0033886,PIT,NE,0,0,0,0,0,0,,0,0,0,0,0,20260925T013701Z
2026,2,REG,2026_02_SEA_ARI,00-0033890,ARI,SEA,0,0,0,0,0,0,,0,0,0,0,0,20260925T013701Z
2026,2,REG,2026_02_NO_BAL,00-0033906,NO,BAL,9,15,0,0,0,1,-3.78834946046118,0,0,0,0,0,20260925T013701Z
2026,2,REG,2026_02_SEA_ARI,00-0033908,SEA,ARI,0,0,0,0,0,0,,0,0,0,0,0,20260925T013701Z
2026,2,REG,2026_02_CLE_TB,00-0033914,TB,CLE,0,0,0,0,0,0,,0,0,0,0,0,20260925T013701Z
2026,2,REG,2026_02_WAS_DAL,00-0033918,WAS,DAL,0,0,0,0,0,0,,0,0,0,0,0,20260925T013701Z
2026,2,REG,2026_02_CLE_TB,00-0033921,TB,CLE,1,12,0,0,0,1,0.47688365355134,0,1,1,0,0,20260925T013701Z
2026,2,REG,2026_02_JAX_DEN,00-0033928,JAX,DEN,0,0,0,0,0,0,,0,0,0,0,0,20260925T013701Z
2026,2,REG,2026_02_NO_BAL,00-0033935,BAL,NO,0,0,0,0,0,0,,0,0,0,0,0,20260925T013701Z
2026,2,REG,2026_02_PIT_NE,00-0033941,PIT,NE,0,0,0,0,0,0,,0,0,0,0,0,20260925T013701Z
2026,2,REG,2026_02_CAR_ATL,00-0033945,ATL,CAR,0,0,0,0,0,0,,0,0,0,0,0,20260925T013701Z
2026,2,REG,2026_02_IND_KC,00-0033952,IND,KC,0,0,0,0,0,0,,0,0,0,0,0,20260925T013701Z
2026,2,REG,2026_02_PHI_TEN,00-0034112,TEN,PHI,0,0,0,0,0,0,,0,0,0,0,0,20260925T013701Z
2026,2,REG,2026_02_SEA_ARI,00-0034160,SEA,ARI,0,0,0,0,0,0,,0,0,0,0,0,20260925T013701Z
2026,2,REG,2026_02_NO_BAL,00-0034161,NO,BAL,0,0,0,0,0,0,,0,0,0,0,0,20260925T013701Z
2026,2,REG,2026_02_LV_LAC,00-0034162,LAC,LV,0,0,0,0,0,0,,0,0,0,0,0,20260925T013701Z
2026,2,REG,2026_02_PHI_TEN,00-0034163,TEN,PHI,0,0,0,0,0,0,,0,0,0,0,0,20260925T013701Z
2026,2,REG,2026_02_MIA_SF,00-0034173,SF,MIA,0,0,0,0,0,0,,0,0,0,0,0,20260925T013701Z
2026,2,REG,2026_02_NYG_LA,00-0034234,LA,NYG,0,0,0,0,0,0,,0,0,0,0,0,20260925T013701Z
2026,2,REG,2026_02_NYG_LA,00-0034248,NYG,LA,0,0,0,0,0,0,,0,0,0,0,0,20260925T013701Z
2026,2,REG,2026_02_LV_LAC,00-0034275,LV,LAC,0,0,0,0,0,0,,0,0,0,0,0,20260925T013701Z
2026,2,REG,2026_02_CIN_HOU,00-0034278,HOU,CIN,0,0,0,0,0,0,,0,0,0,0,0,20260925T013701Z
2026,2,REG,2026_02_MIA_SF,00-0034285,MIA,SF,0,0,0,0,0,0,,0,0,0,0,0,20260925T013701Z
2026,2,REG,2026_02_MIN_CHI,00-0034320,CHI,MIN,0,0,0,0,0,0,,0,0,0,0,0,20260925T013701Z
2026,2,REG,2026_02_WAS_DAL,00-0034333,WAS,DAL,0,0,0,0,0,0,,0,0,0,0,0,20260925T013701Z
2026,2,REG,2026_02_JAX_DEN,00-0034348,DEN,JAX,0,0,0,0,0,0,,0,0,0,0,0,20260925T013701Z
2026,2,REG,2026_02_SEA_ARI,00-0034350,SEA,ARI,0,0,0,0,0,0,,0,0,0,0,0,20260925T013701Z
2026,2,REG,2026_02_PHI_TEN,00-0034351,PHI,TEN,0,0,0,0,0,0,,0,0,0,0,0,20260925T013701Z
2026,2,REG,2026_02_LV_LAC,00-0034356,LAC,LV,0,0,0,0,0,0,,0,0,0,0,0,20260925T013701Z
2026,2,REG,2026_02_NO_BAL,00-0034361,NO,BAL,0,0,0,0,0,0,,0,0,0,0,0,20260925T013701Z
2026,2,REG,2026_02_LV_LAC,00-0034365,LV,LAC,0,0,0,0,0,0,,0,0,0,0,0,20260925T013701Z
2026,2,REG,2026_02_WAS_DAL,00-0034373,WAS,DAL,0,0,0,0,0,0,,0,0,0,0,0,20260925T013701Z
2026,2,REG,2026_02_LV_LAC,00-0034376,LV,LAC,0,0,0,0,0,0,,0,0,0,0,0,20260925T013701Z
2026,2,REG,2026_02_DET_BUF,00-0034377,DET,BUF,0,0,0,0,0,0,,0,0,0,0,0,20260925T013701Z
2026,2,REG,2026_02_SEA_ARI,00-0034381,ARI,SEA,0,0,0,0,0,0,,0,0,0,0,0,20260925T013701Z
2026,2,REG,2026_02_CIN_HOU,00-0034383,HOU,CIN,0,0,0,0,0,0,,0,0,0,0,0,20260925T013701Z
2026,2,REG,2026_02_DET_BUF,00-0034384,DET,BUF,0,0,0,0,0,0,,0,0,0,0,0,20260925T013701Z
2026,2,REG,2026_02_MIA_SF,00-0034391,SF,MIA,0,0,0,0,0,0,,0,0,0,0,0,20260925T013701Z
2026,2,REG,2026_02_WAS_DAL,00-0034397,WAS,DAL,0,0,0,0,0,0,,0,0,0,0,0,20260925T013701Z
2026,2,REG,2026_02_JAX_DEN,00-0034413,JAX,DEN,0,0,0,0,0,0,,0,0,0,0,0,20260925T013701Z
2026,2,REG,2026_02_NYG_LA,00-0034419,NYG,LA,0,0,0,0,0,0,,0,0,0,0,0,20260925T013701Z
2026,2,REG,2026_02_GB_NYJ,00-0034431,GB,NYJ,0,0,0,0,0,0,,0,0,0,0,0,20260925T013701Z
2026,2,REG,2026_02_JAX_DEN,00-0034437,JAX,DEN,0,0,0,0,0,0,,0,0,0,0,0,20260925T013701Z
2026,2,REG,2026_02_CIN_HOU,00-0034446,CIN,HOU,0,0,0,0,0,0,,0,0,0,0,0,20260925T013701Z
2026,2,REG,2026_02_WAS_DAL,00-0034465,WAS,DAL,0,0,0,0,0,0,,0,0,0,0,0,20260925T013701Z
2026,2,REG,2026_02_JAX_DEN,00-0034473,JAX,DEN,0,0,0,0,0,0,,0,0,0,0,0,20260925T013701Z
2026,2,REG,2026_02_IND_KC,00-0034485,IND,KC,0,0,0,0,0,0,,0,0,0,0,0,20260925T013701Z
2026,2,REG,2026_02_IND_KC,00-0034573,IND,KC,0,0,0,0,0,0,,0,0,0,0,0,20260925T013701Z
2026,2,REG,2026_02_NYG_LA,00-0034673,NYG,LA,0,0,0,0,0,0,,0,0,0,0,0,20260925T013701Z
2026,2,REG,2026_02_CAR_ATL,00-0034675,ATL,CAR,0,0,0,0,0,0,,0,0,0,0,0,20260925T013701Z
2026,2,REG,2026_02_PIT_NE,00-0034720,NE,PIT,0,0,0,0,0,0,,0,0,0,0,0,20260925T013701Z
2026,2,REG,2026_02_CLE_TB,00-0034721,CLE,TB,0,0,0,0,0,0,,0,0,0,0,0,20260925T013701Z
2026,2,REG,2026_02_CIN_HOU,00-0034752,CIN,HOU,0,0,0,0,0,0,,0,0,0,0,0,20260925T013701Z
2026,2,REG,2026_02_NO_BAL,00-0034753,BAL,NO,0,0,0,0,0,0,,0,0,0,0,0,20260925T013701Z
2026,2,REG,2026_02_CIN_HOU,00-0034754,CIN,HOU,0,0,0,0,0,0,,0,0,0,0,0,20260925T013701Z
2026,2,REG,2026_02_NO_BAL,00-0034760,NO,BAL,0,0,0,0,0,0,,0,0,0,0,0,20260925T013701Z
2026,2,REG,2026_02_PIT_NE,00-0034771,PIT,NE,1,3,0,0,0,0,-0.696471540722996,0,0,0,0,0,20260925T013701Z
2026,2,REG,2026_02_CLE_TB,00-0034773,TB,CLE,0,0,0,0,0,0,,0,0,0,0,0,20260925T013701Z
2026,2,REG,2026_02_GB_NYJ,00-0034782,NYJ,GB,0,0,0,0,0,0,,0,0,0,0,0,20260925T013701Z
2026,2,REG,2026_02_LV_LAC,00-0034790,LAC,LV,0,0,0,0,0,0,,0,0,0,0,0,20260925T013701Z
2026,2,REG,2026_02_GB_NYJ,00-0034794,NYJ,GB,0,0,0,0,0,0,,0,0,0,0,0,20260925T013701Z
2026,2,REG,2026_02_NO_BAL,00-0034796,BAL,NO,4,34,0,0,0,3,0.312908550084103,0,2,1,0,0,20260925T013701Z
2026,2,REG,2026_02_NO_BAL,00-0034798,BAL,NO,0,0,0,0,0,0,,0,0,0,0,0,20260925T013701Z
2026,2,REG,2026_02_CAR_ATL,00-0034801,ATL,CAR,0,0,0,0,0,0,,0,0,0,0,0,20260925T013701Z
2026,2,REG,2026_02_PHI_TEN,00-0034805,TEN,PHI,0,0,0,0,0,0,,0,0,0,0,0,20260925T013701Z
2026,2,REG,2026_02_PIT_NE,00-0034810,PIT,NE,0,0,0,0,0,0,,0,0,0,0,0,20260925T013701Z
2026,2,REG,2026_02_MIA_SF,00-0034815,SF,MIA,0,0,0,0,0,0,,0,0,0,0,0,20260925T013701Z
2026,2,REG,2026_02_IND_KC,00-0034825,IND,KC,0,0,0,0,0,0,,0,0,0,0,0,20260925T013701Z
2026,2,REG,2026_02_DET_BUF,00-0034827,BUF,DET,1,-1,0,0,0,0,-0.935742837842554,0,0,0,0,0,20260925T013701Z
2026,2,REG,2026_02_DET_BUF,00-0034832,BUF,DET,0,0,0,0,0,0,,0,0,0,0,0,20260925T013701Z
2026,2,REG,2026_02_PHI_TEN,00-0034837,TEN,PHI,0,0,0,0,0,0,,0,0,0,0,0,20260925T013701Z
2026,2,REG,2026_02_CAR_ATL,00-0034843,ATL,CAR,0,0,0,0,0,0,,0,0,0,0,0,20260925T013701Z
2026,2,REG,2026_02_PHI_TEN,00-0034844,PHI,TEN,4,9,0,0,0,0,-1.4125095338095,0,0,0,0,0,20260925T013701Z
2026,2,REG,2026_02_JAX_DEN,00-0034847,DEN,JAX,0,0,0,0,0,0,,0,0,0,0,0,20260925T013701Z
2026,2,REG,2026_02_MIA_SF,00-0034854,SF,MIA,0,0,0,0,0,0,,0,0,0,0,0,20260925T013701Z
2026,2,REG,2026_02_CLE_TB,00-0034855,TB,CLE,4,29,0,0,0,3,4.64024902199162,0,1,1,0,0,20260925T013701Z
2026,2,REG,2026_02_CLE_TB,00-0034856,CLE,TB,0,0,0,0,0,0,,0,0,0,0,0,20260925T013701Z
2026,2,REG,2026_02_DET_BUF,00-0034857,BUF,DET,14,69,2,0,0,8,5.70216229438665,0,3,3,0,0,20260925T013701Z
2026,2,REG,2026_02_NO_BAL,00-0034874,BAL,NO,0,0,0,0,0,0,,0,0,0,0,0,20260925T013701Z
2026,2,REG,2026_02_PIT_NE,00-0034941,NE,PIT,0,0,0,0,0,0,,0,0,0,0,0,20260925T013701Z
2026,2,REG,2026_02_GB_NYJ,00-0034959,NYJ,GB,0,0,0,0,0,0,,0,0,0,0,0,20260925T013701Z
2026,2,REG,2026_02_JAX_DEN,00-0034960,JAX,DEN,0,0,0,0,0,0,,0,0,0,0,0,20260925T013701Z
2026,2,REG,2026_02_WAS_DAL,00-0034967,DAL,WAS,0,0,0,0,0,0,,0,0,0,0,0,20260925T013701Z
2026,2,REG,2026_02_LV_LAC,00-0034973,LV,LAC,0,0,0,0,0,0,,0,0,0,0,0,20260925T013701Z
2026,2,REG,2026_02_SEA_ARI,00-0034974,SEA,ARI,0,0,0,0,0,0,,0,0,0,0,0,20260925T013701Z
2026,2,REG,2026_02_NO_BAL,00-0034975,BAL,NO,2,6,0,0,0,0,-0.227979526505806,0,0,0,0,0,20260925T013701Z
2026,2,REG,2026_02_CIN_HOU,00-0034981,HOU,CIN,0,0,0,0,0,0,,0,0,0,0,0,20260925T013701Z
2026,2,REG,2026_02_MIA_SF,00-0034982,SF,MIA,0,0,0,0,0,0,,0,0,0,0,0,20260925T013701Z
2026,2,REG,2026_02_PHI_TEN,00-0034993,PHI,TEN,0,0,0,0,0,0,,0,0,0,0,0,20260925T013701Z
2026,2,REG,2026_02_LV_LAC,00-0035125,LAC,LV,0,0,0,0,0,0,,0,0,0,0,0,20260925T013701Z
2026,2,REG,2026_02_GB_NYJ,00-0035133,GB,NYJ,0,0,0,0,0,0,,0,0,0,0,0,20260925T013701Z
2026,2,REG,2026_02_SEA_ARI,00-0035144,ARI,SEA,0,0,0,0,0,0,,0,0,0,0,0,20260925T013701Z
2026,2,REG,2026_02_DET_BUF,00-0035156,DET,BUF,0,0,0,0,0,0,,0,0,0,0,0,20260925T013701Z
2026,2,REG,2026_02_CIN_HOU,00-0035166,HOU,CIN,0,0,0,0,0,0,,0,0,0,0,0,20260925T013701Z
2026,2,REG,2026_02_LV_LAC,00-0035190,LV,LAC,0,0,0,0,0,0,,0,0,0,0,0,20260925T013701Z
2026,2,REG,2026_02_PHI_TEN,00-0035192,TEN,PHI,0,0,0,0,0,0,,0,0,0,0,0,20260925T013701Z
2026,2,REG,2026_02_LV_LAC,00-0035202,LAC,LV,0,0,0,0,0,0,,0,0,0,0,0,20260925T013701Z
2026,2,REG,2026_02_CAR_ATL,00-0035208,ATL,CAR,0,0,0,0,0,0,,0,0,0,0,0,20260925T013701Z
2026,2,REG,2026_02_WAS_DAL,00-0035227,DAL,WAS,0,0,0,0,0,0,,0,0,0,0,0,20260925T013701Z
2026,2,REG,2026_02_MIN_CHI,00-0035229,MIN,CHI,0,0,0,0,0,0,,0,0,0,0,0,20260925T013701Z
2026,2,REG,2026_02_CLE_TB,00-0035234,CLE,TB,0,0,0,0,0,0,,0,0,0,0,0,20260925T013701Z
2026,2,REG,2026_02_MIN_CHI,00-0035236,MIN,CHI,0,0,0,0,0,0,,0,0,0,0,0,20260925T013701Z
2026,2,REG,2026_02_JAX_DEN,00-0035240,JAX,DEN,0,0,0,0,0,0,,0,0,0,0,0,20260925T013701Z
2026,2,REG,2026_02_JAX_DEN,00-0035248,DEN,JAX,0,0,0,0,0,0,,0,0,0,0,0,20260925T013701Z
2026,2,REG,2026_02_MIN_CHI,00-0035249,MIN,CHI,0,0,0,0,0,0,,0,0,0,0,0,20260925T013701Z
2026,2,REG,2026_02_NYG_LA,00-0035250,NYG,LA,3,9,0,0,0,0,-1.39255813683849,0,0,0,0,0,20260925T013701Z
2026,2,REG,2026_02_DET_BUF,00-0035253,BUF,DET,0,0,0,0,0,0,,0,0,0,0,0,20260925T013701Z
2026,2,REG,2026_02_CLE_TB,00-0035254,TB,CLE,0,0,0,0,0,0,,0,0,0,0,0,20260925T013701Z
2026,2,REG,2026_02_PHI_TEN,00-0035261,TEN,PHI,14,64,0,0,0,3,-0.170748664642074,0,2,2,0,0,20260925T013701Z
2026,2,REG,2026_02_IND_KC,00-0035262,KC,IND,0,0,0,0,0,0,,0,0,0,0,0,20260925T013701Z
2026,2,REG,2026_02_LV_LAC,00-0035269,LV,LAC,0,0,0,0,0,0,,0,0,0,0,0,20260925T013701Z
2026,2,REG,2026_02_MIN_CHI,00-0035272,MIN,CHI,0,0,0,0,0,0,,0,0,0,0,0,20260925T013701Z
2026,2,REG,2026_02_MIN_CHI,00-0035276,MIN,CHI,0,0,0,0,0,0,,0,0,0,0,0,20260925T013701Z
2026,2,REG,2026_02_CAR_ATL,00-0035277,CAR,ATL,0,0,0,0,0,0,,0,0,0,0,0,20260925T013701Z
2026,2,REG,2026_02_WAS_DAL,00-0035279,WAS,DAL,0,0,0,0,0,0,,0,0,0,0,0,20260925T013701Z
2026,2,REG,2026_02_CAR_ATL,00-0035280,ATL,CAR,0,0,0,0,0,0,,0,0,0,0,0,20260925T013701Z
2026,2,REG,2026_02_PIT_NE,00-0035286,PIT,NE,0,0,0,0,0,0,,0,0,0,0,0,20260925T013701Z
2026,2,REG,2026_02_NO_BAL,00-0035316,NO,BAL,0,0,0,0,0,0,,0,0,0,0,0,20260925T013701Z
2026,2,REG,2026_02_MIN_CHI,00-0035357,CHI,MIN,0,0,0,0,0,0,,0,0,0,0,0,20260925T013701Z
2026,2,REG,2026_02_CLE_TB,00-0035358,TB,CLE,0,0,0,0,0,0,,0,0,0,0,0,20260925T013701Z
2026,2,REG,2026_02_CIN_HOU,00-0035363,CIN,HOU,0,0,0,0,0,0,,0,0,0,0,0,20260925T013701Z
2026,2,REG,2026_02_SEA_ARI,00-0035378,ARI,SEA,0,0,0,0,0,0,,0,0,0,0,0,20260925T013701Z
2026,2,REG,2026_02_MIN_CHI,00-0035386,CHI,MIN,0,0,0,0,0,0,,0,0,0,0,0,20260925T013701Z
2026,2,REG,2026_02_NO_BAL,00-0035402,NO,BAL,0,0,0,0,0,0,,0,0,0,0,0,20260925T013701Z
2026,2,REG,2026_02_JAX_DEN,00-0035406,DEN,JAX,0,0,0,0,0,0,,0,0,0,0,0,20260925T013701Z
2026,2,REG,2026_02_MIA_SF,00-0035413,SF,MIA,0,0,0,0,0,0,,0,0,0,0,0,20260925T013701Z
2026,2,REG,2026_02_DET_BUF,00-0035500,BUF,DET,0,0,0,0,0,0,,0,0,0,0,0,20260925T013701Z
2026,2,REG,2026_02_MIN_CHI,00-0035525,CHI,MIN,0,0,0,0,0,0,,0,0,0,0,0,20260925T013701Z
2026,2,REG,2026_02_DET_BUF,00-0035544,DET,BUF,0,0,0,0,0,0,,0,0,0,0,0,20260925T013701Z
2026,2,REG,2026_02_MIN_CHI,00-0035588,CHI,MIN,0,0,0,0,0,0,,0,0,0,0,0,20260925T013701Z
2026,2,REG,2026_02_PIT_NE,00-0035594,PIT,NE,2,16,0,0,0,1,0.923946629860438,0,1,1,0,0,20260925T013701Z
2026,2,REG,2026_02_GB_NYJ,00-0035617,NYJ,GB,0,0,0,0,0,0,,0,0,0,0,0,20260925T013701Z
2026,2,REG,2026_02_PHI_TEN,00-0035632,TEN,PHI,0,0,0,0,0,0,,0,0,0,0,0,20260925T013701Z
2026,2,REG,2026_02_SEA_ARI,00-0035636,ARI,SEA,0,0,0,0,0,0,,0,0,0,0,0,20260925T013701Z
2026,2,REG,2026_02_DET_BUF,00-0035637,DET,BUF,0,0,0,0,0,0,,0,0,0,0,0,20260925T013701Z
2026,2,REG,2026_02_PIT_NE,00-0035640,PIT,NE,0,0,0,0,0,0,,0,0,0,0,0,20260925T013701Z
2026,2,REG,2026_02_JAX_DEN,00-0035642,JAX,DEN,0,0,0,0,0,0,,0,0,0,0,0,20260925T013701Z
2026,2,REG,2026_02_PHI_TEN,00-0035643,TEN,PHI,0,0,0,0,0,0,,0,0,0,0,0,20260925T013701Z
2026,2,REG,2026_02_NO_BAL,00-0035644,NO,BAL,0,0,0,0,0,0,,0,0,0,0,0,20260925T013701Z
2026,2,REG,2026_02_MIN_CHI,00-0035647,CHI,MIN,0,0,0,0,0,0,,0,0,0,0,0,20260925T013701Z
2026,2,REG,2026_02_WAS_DAL,00-0035659,WAS,DAL,0,0,0,0,0,0,,0,0,0,0,0,20260925T013701Z
2026,2,REG,2026_02_PHI_TEN,00-0035662,PHI,TEN,2,12,0,0,0,0,0.100091207074001,0,0,0,0,0,20260925T013701Z
2026,2,REG,2026_02_DET_BUF,00-0035667,BUF,DET,0,0,0,0,0,0,,0,0,0,0,0,20260925T013701Z
2026,2,REG,2026_02_CAR_ATL,00-0035669,CAR,ATL,0,0,0,0,0,0,,0,0,0,0,0,20260925T013701Z
2026,2,REG,2026_02_PHI_TEN,00-0035672,TEN,PHI,0,0,0,0,0,0,,0,0,0,0,0,20260925T013701Z
2026,2,REG,2026_02_IND_KC,00-0035674,IND,KC,0,0,0,0,0,0,,0,0,0,0,0,20260925T013701Z
2026,2,REG,2026_02_PIT_NE,00-0035678,NE,PIT,0,0,0,0,0,0,,0,0,0,0,0,20260925T013701Z
2026,2,REG,2026_02_CLE_TB,00-0035680,CLE,TB,0,0,0,0,0,0,,0,0,0,0,0,20260925T013701Z
2026,2,REG,2026_02_CIN_HOU,00-0035683,CIN,HOU,0,0,0,0,0,0,,0,0,0,0,0,20260925T013701Z
2026,2,REG,2026_02_CIN_HOU,00-0035685,HOU,CIN,6,10,0,0,0,0,-6.39366524945945,0,0,0,0,0,20260925T013701Z
2026,2,REG,2026_02_CAR_ATL,00-0035687,CAR,ATL,0,0,0,0,0,0,,0,0,0,0,0,20260925T013701Z
2026,2,REG,2026_02_DET_BUF,00-0035689,BUF,DET,0,0,0,0,0,0,,0,0,0,0,0,20260925T013701Z
2026,2,REG,2026_02_MIA_SF,00-0035692,MIA,SF,0,0,0,0,0,0,,0,0,0,0,0,20260925T013701Z
2026,2,REG,2026_02_PIT_NE,00-0035699,PIT,NE,0,0,0,0,0,0,,0,0,0,0,0,20260925T013701Z
2026,2,REG,2026_02_CIN_HOU,00-0035702,CIN,HOU,0,0,0,0,0,0,,0,0,0,0,0,20260925T013701Z
2026,2,REG,2026_02_SEA_ARI,00-0035704,SEA,ARI,0,0,0,0,0,0,,0,0,0,0,0,20260925T013701Z
2026,2,REG,2026_02_WAS_DAL,00-0035705,DAL,WAS,0,0,0,0,0,0,,0,0,0,0,0,20260925T013701Z
2026,2,REG,2026_02_DET_BUF,00-0035707,DET,BUF,0,0,0,0,0,0,,0,0,0,0,0,20260925T013701Z
2026,2,REG,2026_02_IND_KC,00-0035710,IND,KC,3,10,0,0,0,1,0.052381890185643,0,0,0,0,0,20260925T013701Z
2026,2,REG,2026_02_NYG_LA,00-0035713,NYG,LA,0,0,0,0,0,0,,0,0,0,0,0,20260925T013701Z
2026,2,REG,2026_02_MIA_SF,00-0035717,SF,MIA,0,0,0,0,0,0,,0,0,0,0,0,20260925T013701Z
2026,2,REG,2026_02_WAS_DAL,00-0035718,DAL,WAS,0,0,0,0,0,0,,0,0,0,0,0,20260925T013701Z
2026,2,REG,2026_02_MIA_SF,00-0035719,SF,MIA,1,4,0,0,0,0,-0.120405136607587,0,0,0,0,0,20260925T013701Z
2026,2,REG,2026_02_JAX_DEN,00-0035763,DEN,JAX,0,0,0,0,0,0,,0,0,0,0,0,20260925T013701Z
2026,2,REG,2026_02_MIN_CHI,00-0035795,MIN,CHI,0,0,0,0,0,0,,0,0,0,0,0,20260925T013701Z
2026,2,REG,2026_02_MIA_SF,00-0035821,SF,MIA,0,0,0,0,0,0,,0,0,0,0,0,20260925T013701Z
2026,2,REG,2026_02_JAX_DEN,00-0035827,JAX,DEN,0,0,0,0,0,0,,0,0,0,0,0,20260925T013701Z
2026,2,REG,2026_02_SEA_ARI,00-0035859,ARI,SEA,0,0,0,0,0,0,,0,0,0,0,0,20260925T013701Z
2026,2,REG,2026_02_PHI_TEN,00-0035889,TEN,PHI,0,0,0,0,0,0,,0,0,0,0,0,20260925T013701Z
2026,2,REG,2026_02_LV_LAC,00-0035891,LV,LAC,0,0,0,0,0,0,,0,0,0,0,0,20260925T013701Z
2026,2,REG,2026_02_IND_KC,00-0035900,KC,IND,0,0,0,0,0,0,,0,0,0,0,0,20260925T013701Z
2026,2,REG,2026_02_DET_BUF,00-0035933,BUF,DET,0,0,0,0,0,0,,0,0,0,0,0,20260925T013701Z
2026,2,REG,2026_02_DET_BUF,00-0036037,BUF,DET,0,0,0,0,0,0,,0,0,0,0,0,20260925T013701Z
2026,2,REG,2026_02_NO_BAL,00-0036040,NO,BAL,0,0,0,0,0,0,,0,0,0,0,0,20260925T013701Z
2026,2,REG,2026_02_NO_BAL,00-0036081,BAL,NO,0,0,0,0,0,0,,0,0,0,0,0,20260925T013701Z
2026,2,REG,2026_02_DET_BUF,00-0036124,DET,BUF,0,0,0,0,0,0,,0,0,0,0,0,20260925T013701Z
2026,2,REG,2026_02_CLE_TB,00-0036132,TB,CLE,0,0,0,0,0,0,,0,0,0,0,0,20260925T013701Z
2026,2,REG,2026_02_PIT_NE,00-0036139,PIT,NE,7,22,0,0,0,1,-2.36328254942782,0,0,0,0,0,20260925T013701Z
2026,2,REG,2026_02_JAX_DEN,00-0036158,DEN,JAX,10,36,0,0,0,1,-3.24188372376834,0,1,1,0,0,20260925T013701Z
2026,2,REG,2026_02_MIA_SF,00-0036159,MIA,SF,0,0,0,0,0,0,,0,0,0,0,0,20260925T013701Z
2026,2,REG,2026_02_DET_BUF,00-0036162,BUF,DET,0,0,0,0,0,0,,0,0,0,0,0,20260925T013701Z
2026,2,REG,2026_02_MIA_SF,00-0036171,MIA,SF,0,0,0,0,0,0,,0,0,0,0,0,20260925T013701Z
2026,2,REG,2026_02_LV_LAC,00-0036181,LAC,LV,0,0,0,0,0,0,,0,0,0,0,0,20260925T013701Z
2026,2,REG,2026_02_PIT_NE,00-0036187,NE,PIT,0,0,0,0,0,0,,0,0,0,0,0,20260925T013701Z
2026,2,REG,2026_02_NO_BAL,00-0036193,NO,BAL,0,0,0,0,0,0,,0,0,0,0,0,20260925T013701Z
2026,2,REG,2026_02_CAR_ATL,00-0036204,ATL,CAR,0,0,0,0,0,0,,0,0,0,0,0,20260925T013701Z
2026,2,REG,2026_02_CAR_ATL,00-0036220,CAR,ATL,0,0,0,0,0,0,,0,0,0,0,0,20260925T013701Z
2026,2,REG,2026_02_JAX_DEN,00-0036221,DEN,JAX,0,0,0,0,0,0,,0,0,0,0,0,20260925T013701Z
2026,2,REG,2026_02_MIN_CHI,00-0036222,MIN,CHI,0,0,0,0,0,0,,0,0,0,0,0,20260925T013701Z
2026,2,REG,2026_02_IND_KC,00-0036223,IND,KC,24,92,2,0,0,6,3.82668391929474,0,3,2,1,0,20260925T013701Z
2026,2,REG,2026_02_CIN_HOU,00-0036231,CIN,HOU,0,0,0,0,0,0,,0,0,0,0,0,20260925T013701Z
2026,2,REG,2026_02_NYG_LA,00-0036244,LA,NYG,0,0,0,0,0,0,,0,0,0,0,0,20260925T013701Z
2026,2,REG,2026_02_NYG_LA,00-0036246,NYG,LA,0,0,0,0,0,0,,0,0,0,0,0,20260925T013701Z
2026,2,REG,2026_02_MIA_SF,00-0036248,MIA,SF,0,0,0,0,0,0,,0,0,0,0,0,20260925T013701Z
2026,2,REG,2026_02_NO_BAL,00-0036253,NO,BAL,0,0,0,0,0,0,,0,0,0,0,0,20260925T013701Z
2026,2,REG,2026_02_WAS_DAL,00-0036260,WAS,DAL,0,0,0,0,0,0,,0,0,0,0,0,20260925T013701Z
2026,2,REG,2026_02_JAX_DEN,00-0036262,JAX,DEN,0,0,0,0,0,0,,0,0,0,0,0,20260925T013701Z
2026,2,REG,2026_02_GB_NYJ,00-0036264,GB,NYJ,0,0,0,0,0,0,,0,0,0,0,0,20260925T013701Z
2026,2,REG,2026_02_CAR_ATL,00-0036265,CAR,ATL,3,-3,0,0,0,0,-3.10489704762585,0,0,0,0,0,20260925T013701Z
2026,2,REG,2026_02_PHI_TEN,00-0036266,TEN,PHI,0,0,0,0,0,0,,0,0,0,0,0,20260925T013701Z
2026,2,REG,2026_02_MIN_CHI,00-0036275,CHI,MIN,16,45,0,1,1,3,-8.87366569109145,0,1,1,0,0,20260925T013701Z
2026,2,REG,2026_02_CAR_ATL,00-0036281,ATL,CAR,0,0,0,0,0,0,,0,0,0,0,0,20260925T013701Z
2026,2,REG,2026_02_CLE_TB,00-0036282,CLE,TB,0,0,0,0,0,0,,0,0,0,0,0,20260925T013701Z
2026,2,REG,2026_02_CAR_ATL,00-0036285,ATL,CAR,0,0,0,0,0,0,,0,0,0,0,0,20260925T013701Z
2026,2,REG,2026_02_WAS_DAL,00-0036286,WAS,DAL,0,0,0,0,0,0,,0,0,0,0,0,20260925T013701Z
2026,2,REG,2026_02_CLE_TB,00-0036287,CLE,TB,0,0,0,0,0,0,,0,0,0,0,0,20260925T013701Z
2026,2,REG,2026_02_MIN_CHI,00-0036290,CHI,MIN,0,0,0,0,0,0,,0,0,0,0,0,20260925T013701Z
2026,2,REG,2026_02_MIN_CHI,00-0036292,CHI,MIN,0,0,0,0,0,0,,0,0,0,0,0,20260925T013701Z
2026,2,REG,2026_02_LV_LAC,00-0036293,LV,LAC,0,0,0,0,0,0,,0,0,0,0,0,20260925T013701Z
2026,2,REG,2026_02_IND_KC,00-0036298,IND,KC,0,0,0,0,0,0,,0,0,0,0,0,20260925T013701Z
2026,2,REG,2026_02_NO_BAL,00-0036302,BAL,NO,0,0,0,0,0,0,,0,0,0,0,0,20260925T013701Z
2026,2,REG,2026_02_CAR_ATL,00-0036305,CAR,ATL,0,0,0,0,0,0,,0,0,0,0,0,20260925T013701Z
2026,2,REG,2026_02_NYG_LA,00-0036309,NYG,LA,0,0,0,0,0,0,,0,0,0,0,0,20260925T013701Z
2026,2,REG,2026_02_PHI_TEN,00-0036313,PHI,TEN,0,0,0,0,0,0,,0,0,0,0,0,20260925T013701Z
2026,2,REG,2026_02_NO_BAL,00-0036321,NO,BAL,0,0,0,0,0,0,,0,0,0,0,0,20260925T013701Z
2026,2,REG,2026_02_MIN_CHI,00-0036322,MIN,CHI,0,0,0,0,0,0,,0,0,0,0,0,20260925T013701Z
2026,2,REG,2026_02_PIT_NE,00-0036323,PIT,NE,0,0,0,0,0,0,,0,0,0,0,0,20260925T013701Z
2026,2,REG,2026_02_CAR_ATL,00-0036325,CAR,ATL,0,0,0,0,0,0,,0,0,0,0,0,20260925T013701Z
2026,2,REG,2026_02_MIA_SF,00-0036329,SF,MIA,0,0,0,0,0,0,,0,0,0,0,0,20260925T013701Z
2026,2,REG,2026_02_SEA_ARI,00-0036331,ARI,SEA,0,0,0,0,0,0,,0,0,0,0,0,20260925T013701Z
2026,2,REG,2026_02_PIT_NE,00-0036333,PIT,NE,0,0,0,0,0,0,,0,0,0,0,0,20260925T013701Z
2026,2,REG,2026_02_DET_BUF,00-0036335,DET,BUF,0,0,0,0,0,0,,0,0,0,0,0,20260925T013701Z
2026,2,REG,2026_02_MIN_CHI,00-0036337,CHI,MIN,0,0,0,0,0,0,,0,0,0,0,0,20260925T013701Z
2026,2,REG,2026_02_LV_LAC,00-0036338,LAC,LV,0,0,0,0,0,0,,0,0,0,0,0,20260925T013701Z
2026,2,REG,2026_02_MIA_SF,00-0036341,SF,MIA,0,0,0,0,0,0,,0,0,0,0,0,20260925T013701Z
2026,2,REG,2026_02_MIN_CHI,00-0036348,MIN,CHI,0,0,0,0,0,0,,0,0,0,0,0,20260925T013701Z
2026,2,REG,2026_02_NYG_LA,00-0036349,LA,NYG,0,0,0,0,0,0,,0,0,0,0,0,20260925T013701Z
2026,2,REG,2026_02_LV_LAC,00-0036355,LAC,LV,3,2,0,1,0,0,-4.11116544494871,0,0,0,0,0,20260925T013701Z
2026,2,REG,2026_02_WAS_DAL,00-0036358,DAL,WAS,0,0,0,0,0,0,,0,0,0,0,0,20260925T013701Z
2026,2,REG,2026_02_MIA_SF,00-0036362,MIA,SF,0,0,0,0,0,0,,0,0,0,0,0,20260925T013701Z
2026,2,REG,2026_02_MIN_CHI,00-0036366,CHI,MIN,0,0,0,0,0,0,,0,0,0,0,0,20260925T013701Z
2026,2,REG,2026_02_IND_KC,00-0036374,KC,IND,0,0,0,0,0,0,,0,0,0,0,0,20260925T013701Z
2026,2,REG,2026_02_WAS_DAL,00-0036375,WAS,DAL,0,0,0,0,0,0,,0,0,0,0,0,20260925T013701Z
2026,2,REG,2026_02_DET_BUF,00-0036378,BUF,DET,0,0,0,0,0,0,,0,0,0,0,0,20260925T013701Z
2026,2,REG,2026_02_IND_KC,00-0036380,KC,IND,0,0,0,0,0,0,,0,0,0,0,0,20260925T013701Z
2026,2,REG,2026_02_GB_NYJ,00-0036388,GB,NYJ,0,0,0,0,0,0,,0,0,0,0,0,20260925T013701Z
2026,2,REG,2026_02_PHI_TEN,00-0036389,PHI,TEN,5,16,0,0,0,2,-0.0865605510189198,0,0,0,0,0,20260925T013701Z
2026,2,REG,2026_02_CLE_TB,00-0036407,CLE,TB,0,0,0,0,0,0,,0,0,0,0,0,20260925T013701Z
2026,2,REG,2026_02_MIA_SF,00-0036409,MIA,SF,0,0,0,0,0,0,,0,0,0,0,0,20260925T013701Z
2026,2,REG,2026_02_CIN_HOU,00-0036410,CIN,HOU,0,0,0,0,0,0,,0,0,0,0,0,20260925T013701Z
2026,2,REG,2026_02_CLE_TB,00-0036411,TB,CLE,0,0,0,0,0,0,,0,0,0,0,0,20260925T013701Z
2026,2,REG,2026_02_IND_KC,00-0036416,KC,IND,0,0,0,0,0,0,,0,0,0,0,0,20260925T013701Z
2026,2,REG,2026_02_PHI_TEN,00-0036418,PHI,TEN,0,0,0,0,0,0,,0,0,0,0,0,20260925T013701Z
2026,2,REG,2026_02_PHI_TEN,00-0036421,TEN,PHI,0,0,0,0,0,0,,0,0,0,0,0,20260925T013701Z
2026,2,REG,2026_02_MIN_CHI,00-0036425,MIN,CHI,2,8,0,0,0,0,0.0219555054791272,0,0,0,0,0,20260925T013701Z
2026,2,REG,2026_02_JAX_DEN,00-0036428,DEN,JAX,0,0,0,0,0,0,,0,0,0,0,0,20260925T013701Z
2026,2,REG,2026_02_CAR_ATL,00-0036429,ATL,CAR,0,0,0,0,0,0,,0,0,0,0,0,20260925T013701Z
2026,2,REG,2026_02_CIN_HOU,00-0036442,CIN,HOU,1,-1,0,0,0,0,0.0,0,0,0,0,0,20260925T013701Z
2026,2,REG,2026_02_CAR_ATL,00-0036463,ATL,CAR,0,0,0,0,0,0,,0,0,0,0,0,20260925T013701Z
2026,2,REG,2026_02_LV_LAC,00-0036479,LV,LAC,0,0,0,0,0,0,,0,0,0,0,0,20260925T013701Z
2026,2,REG,2026_02_MIN_CHI,00-0036480,CHI,MIN,0,0,0,0,0,0,,0,0,0,0,0,20260925T013701Z
2026,2,REG,2026_02_GB_NYJ,00-0036500,NYJ,GB,0,0,0,0,0,0,,0,0,0,0,0,20260925T013701Z
2026,2,REG,2026_02_NO_BAL,00-0036550,BAL,NO,0,0,0,0,0,0,,0,0,0,0,0,20260925T013701Z
2026,2,REG,2026_02_CAR_ATL,00-0036555,CAR,ATL,12,53,0,0,0,4,0.169136296957731,0,1,1,0,0,20260925T013701Z
2026,2,REG,2026_02_IND_KC,00-0036557,KC,IND,0,0,0,0,0,0,,0,0,0,0,0,20260925T013701Z
2026,2,REG,2026_02_MIA_SF,00-0036563,SF,MIA,0,0,0,0,0,0,,0,0,0,0,0,20260925T013701Z
2026,2,REG,2026_02_JAX_DEN,00-0036564,DEN,JAX,0,0,0,0,0,0,,0,0,0,0,0,20260925T013701Z
2026,2,REG,2026_02_SEA_ARI,00-0036568,ARI,SEA,0,0,0,0,0,0,,0,0,0,0,0,20260925T013701Z
2026,2,REG,2026_02_NYG_LA,00-0036587,NYG,LA,0,0,0,0,0,0,,0,0,0,0,0,20260925T013701Z
2026,2,REG,2026_02_JAX_DEN,00-0036590,JAX,DEN,0,0,0,0,0,0,,0,0,0,0,0,20260925T013701Z
2026,2,REG,2026_02_JAX_DEN,00-0036613,DEN,JAX,0,0,0,0,0,0,,0,0,0,0,0,20260925T013701Z
2026,2,REG,2026_02_PIT_NE,00-0036617,PIT,NE,0,0,0,0,0,0,,0,0,0,0,0,20260925T013701Z
2026,2,REG,2026_02_IND_KC,00-0036621,KC,IND,0,0,0,0,0,0,,0,0,0,0,0,20260925T013701Z
2026,2,REG,2026_02_DET_BUF,00-0036624,DET,BUF,0,0,0,0,0,0,,0,0,0,0,0,20260925T013701Z
2026,2,REG,2026_02_WAS_DAL,00-0036626,WAS,DAL,0,0,0,0,0,0,,0,0,0,0,0,20260925T013701Z
2026,2,REG,2026_02_IND_KC,00-0036629,IND,KC,0,0,0,0,0,0,,0,0,0,0,0,20260925T013701Z
2026,2,REG,2026_02_IND_KC,00-0036637,KC,IND,0,0,0,0,0,0,,0,0,0,0,0,20260925T013701Z
2026,2,REG,2026_02_CIN_HOU,00-0036642,CIN,HOU,0,0,0,0,0,0,,0,0,0,0,0,20260925T013701Z
2026,2,REG,2026_02_GB_NYJ,00-0036648,GB,NYJ,0,0,0,0,0,0,,0,0,0,0,0,20260925T013701Z
2026,2,REG,2026_02_GB_NYJ,00-0036658,GB,NYJ,0,0,0,0,0,0,,0,0,0,0,0,20260925T013701Z
2026,2,REG,2026_02_MIA_SF,00-0036677,MIA,SF,0,0,0,0,0,0,,0,0,0,0,0,20260925T013701Z
2026,2,REG,2026_02_MIA_SF,00-0036682,MIA,SF,0,0,0,0,0,0,,0,0,0,0,0,20260925T013701Z
2026,2,REG,2026_02_JAX_DEN,00-0036683,DEN,JAX,0,0,0,0,0,0,,0,0,0,0,0,20260925T013701Z
2026,2,REG,2026_02_JAX_DEN,00-0036727,DEN,JAX,0,0,0,0,0,0,,0,0,0,0,0,20260925T013701Z
2026,2,REG,2026_02_WAS_DAL,00-0036728,DAL,WAS,0,0,0,0,0,0,,0,0,0,0,0,20260925T013701Z
2026,2,REG,2026_02_LV_LAC,00-0036736,LAC,LV,0,0,0,0,0,0,,0,0,0,0,0,20260925T013701Z
2026,2,REG,2026_02_DET_BUF,00-0036754,DET,BUF,0,0,0,0,0,0,,0,0,0,0,0,20260925T013701Z
2026,2,REG,2026_02_PIT_NE,00-0036813,NE,PIT,0,0,0,0,0,0,,0,0,0,0,0,20260925T013701Z
2026,2,REG,2026_02_MIA_SF,00-0036816,MIA,SF,0,0,0,0,0,0,,0,0,0,0,0,20260925T013701Z
2026,2,REG,2026_02_CAR_ATL,00-0036825,CAR,ATL,0,0,0,0,0,0,,0,0,0,0,0,20260925T013701Z
2026,2,REG,2026_02_MIA_SF,00-0036844,SF,MIA,0,0,0,0,0,0,,0,0,0,0,0,20260925T013701Z
2026,2,REG,2026_02_NYG_LA,00-0036849,LA,NYG,0,0,0,0,0,0,,0,0,0,0,0,20260925T013701Z
2026,2,REG,2026_02_CIN_HOU,00-0036854,CIN,HOU,0,0,0,0,0,0,,0,0,0,0,0,20260925T013701Z
2026,2,REG,2026_02_PIT_NE,00-0036862,PIT,NE,0,0,0,0,0,0,,0,0,0,0,0,20260925T013701Z
2026,2,REG,2026_02_NO_BAL,00-0036867,NO,BAL,0,0,0,0,0,0,,0,0,0,0,0,20260925T013701Z
2026,2,REG,2026_02_JAX_DEN,00-0036874,DEN,JAX,0,0,0,0,0,0,,0,0,0,0,0,20260925T013701Z
2026,2,REG,2026_02_PIT_NE,00-0036875,NE,PIT,6,43,0,0,0,3,1.8175322865136,0,1,1,1,0,20260925T013701Z
2026,2,REG,2026_02_CIN_HOU,00-0036883,HOU,CIN,0,0,0,0,0,0,,0,0,0,0,0,20260925T013701Z
2026,2,REG,2026_02_MIA_SF,00-0036887,SF,MIA,0,0,0,0,0,0,,0,0,0,0,0,20260925T013701Z
2026,2,REG,2026_02_DET_BUF,00-0036888,BUF,DET,0,0,0,0,0,0,,0,0,0,0,0,20260925T013701Z
2026,2,REG,2026_02_NYG_LA,00-0036893,NYG,LA,4,6,0,0,0,0,-2.74711455798499,0,0,0,0,0,20260925T013701Z
2026,2,REG,2026_02_PIT_NE,00-0036894,PIT,NE,1,2,0,0,0,1,2.12668753904291,0,0,0,0,0,20260925T013701Z
2026,2,REG,2026_02_CIN_HOU,00-0036900,CIN,HOU,0,0,0,0,0,0,,0,0,0,0,0,20260925T013701Z
2026,2,REG,2026_02_LV_LAC,00-0036901,LV,LAC,0,0,0,0,0,0,,0,0,0,0,0,20260925T013701Z
2026,2,REG,2026_02_DET_BUF,00-0036905,DET,BUF,0,0,0,0,0,0,,0,0,0,0,0,20260925T013701Z
2026,2,REG,2026_02_IND_KC,00-0036909,KC,IND,1,3,0,0,0,1,2.23905110405758,0,0,0,0,0,20260925T013701Z
2026,2,REG,2026_02_PHI_TEN,00-0036912,PHI,TEN,0,0,0,0,0,0,,0,0,0,0,0,20260925T013701Z
2026,2,REG,2026_02_DET_BUF,00-0036914,BUF,DET,0,0,0,0,0,0,,0,0,0,0,0,20260925T013701Z
2026,2,REG,2026_02_PIT_NE,00-0036916,NE,PIT,0,0,0,0,0,0,,0,0,0,0,0,20260925T013701Z
2026,2,REG,2026_02_CLE_TB,00-0036919,TB,CLE,2,10,0,0,0,2,1.15030691787251,0,0,0,0,0,20260925T013701Z
2026,2,REG,2026_02_NO_BAL,00-0036927,NO,BAL,0,0,0,0,0,0,,0,0,0,0,0,20260925T013701Z
2026,2,REG,2026_02_SEA_ARI,00-0036933,ARI,SEA,0,0,0,0,0,0,,0,0,0,0,0,20260925T013701Z
2026,2,REG,2026_02_CAR_ATL,00-0036934,CAR,ATL,0,0,0,0,0,0,,0,0,0,0,0,20260925T013701Z
2026,2,REG,2026_02_WAS_DAL,00-0036940,WAS,DAL,0,0,0,0,0,0,,0,0,0,0,0,20260925T013701Z
2026,2,REG,2026_02_GB_NYJ,00-0036941,NYJ,GB,0,0,0,0,0,0,,0,0,0,0,0,20260925T013701Z
2026,2,REG,2026_02_MIA_SF,00-0036942,SF,MIA,0,0,0,0,0,0,,0,0,0,0,0,20260925T013701Z
2026,2,REG,2026_02_CAR_ATL,00-0036944,CAR,ATL,0,0,0,0,0,0,,0,0,0,0,0,20260925T013701Z
2026,2,REG,2026_02_CAR_ATL,00-0036962,CAR,ATL,0,0,0,0,0,0,,0,0,0,0,0,20260925T013701Z
2026,2,REG,2026_02_DET_BUF,00-0036963,DET,BUF,0,0,0,0,0,0,,0,0,0,0,0,20260925T013701Z
2026,2,REG,2026_02_DET_BUF,00-0036964,DET,BUF,0,0,0,0,0,0,,0,0,0,0,0,20260925T013701Z
2026,2,REG,2026_02_CAR_ATL,00-0036970,ATL,CAR,0,0,0,0,0,0,,0,0,0,0,0,20260925T013701Z
2026,2,REG,2026_02_JAX_DEN,00-0036971,JAX,DEN,2,6,0,0,0,1,0.387543015007395,0,0,0,0,0,20260925T013701Z
2026,2,REG,2026_02_MIA_SF,00-0036972,SF,MIA,2,-2,0,0,0,0,0.0,0,0,0,0,0,20260925T013701Z
2026,2,REG,2026_02_NO_BAL,00-0036973,NO,BAL,8,25,0,0,0,1,0.380867370797321,1,0,0,0,0,20260925T013701Z
2026,2,REG,2026_02_CLE_TB,00-0036974,CLE,TB,0,0,0,0,0,0,,0,0,0,0,0,20260925T013701Z
2026,2,REG,2026_02_DET_BUF,00-0036976,BUF,DET,0,0,0,0,0,0,,0,0,0,0,0,20260925T013701Z
2026,2,REG,2026_02_PIT_NE,00-0036981,NE,PIT,0,0,0,0,0,0,,0,0,0,0,0,20260925T013701Z
2026,2,REG,2026_02_NYG_LA,00-0036982,NYG,LA,0,0,0,0,0,0,,0,0,0,0,0,20260925T013701Z
2026,2,REG,2026_02_JAX_DEN,00-0036985,JAX,DEN,0,0,0,0,0,0,,0,0,0,0,0,20260925T013701Z
2026,2,REG,2026_02_GB_NYJ,00-0036987,NYJ,GB,0,0,0,0,0,0,,0,0,0,0,0,20260925T013701Z
2026,2,REG,2026_02_DET_BUF,00-0036988,BUF,DET,0,0,0,0,0,0,,0,0,0,0,0,20260925T013701Z
2026,2,REG,2026_02_LV_LAC,00-0036989,LV,LAC,0,0,0,0,0,0,,0,0,0,0,0,20260925T013701Z
2026,2,REG,2026_02_CAR_ATL,00-0036990,ATL,CAR,0,0,0,0,0,0,,0,0,0,0,0,20260925T013701Z
2026,2,REG,2026_02_SEA_ARI,00-0036994,SEA,ARI,0,0,0,0,0,0,,0,0,0,0,0,20260925T013701Z
2026,2,REG,2026_02_SEA_ARI,00-0036995,ARI,SEA,0,0,0,0,0,0,,0,0,0,0,0,20260925T013701Z
2026,2,REG,2026_02_NYG_LA,00-0036996,NYG,LA,0,0,0,0,0,0,,0,0,0,0,0,20260925T013701Z
2026,2,REG,2026_02_WAS_DAL,00-0036997,DAL,WAS,12,30,0,0,0,0,-3.74253865104402,0,0,0,0,0,20260925T013701Z
2026,2,REG,2026_02_NYG_LA,00-0036998,NYG,LA,0,0,0,0,0,0,,0,0,0,0,0,20260925T013701Z
2026,2,REG,2026_02_SEA_ARI,00-0037003,SEA,ARI,0,0,0,0,0,0,,0,0,0,0,0,20260925T013701Z
2026,2,REG,2026_02_SEA_ARI,00-0037004,ARI,SEA,0,0,0,0,0,0,,0,0,0,0,0,20260925T013701Z
2026,2,REG,2026_02_CAR_ATL,00-0037005,CAR,ATL,0,0,0,0,0,0,,0,0,0,0,0,20260925T013701Z
2026,2,REG,2026_02_LV_LAC,00-0037009,LAC,LV,0,0,0,0,0,0,,0,0,0,0,0,20260925T013701Z
2026,2,REG,2026_02_DET_BUF,00-0037034,BUF,DET,0,0,0,0,0,0,,0,0,0,0,0,20260925T013701Z
2026,2,REG,2026_02_PHI_TEN,00-0037073,PHI,TEN,0,0,0,0,0,0,,0,0,0,0,0,20260925T013701Z
2026,2,REG,2026_02_LV_LAC,00-0037074,LV,LAC,0,0,0,0,0,0,,0,0,0,0,0,20260925T013701Z
2026,2,REG,2026_02_GB_NYJ,00-0037075,GB,NYJ,0,0,0,0,0,0,,0,0,0,0,0,20260925T013701Z
2026,2,REG,2026_02_PHI_TEN,00-0037079,PHI,TEN,0,0,0,0,0,0,,0,0,0,0,0,20260925T013701Z
2026,2,REG,2026_02_MIN_CHI,00-0037081,CHI,MIN,0,0,0,0,0,0,,0,0,0,0,0,20260925T013701Z
2026,2,REG,2026_02_GB_NYJ,00-0037083,NYJ,GB,0,0,0,0,0,0,,0,0,0,0,0,20260925T013701Z
2026,2,REG,2026_02_JAX_DEN,00-0037085,DEN,JAX,1,1,0,0,0,0,-0.56060580292251,0,0,0,0,0,20260925T013701Z
2026,2,REG,2026_02_GB_NYJ,00-0037091,GB,NYJ,0,0,0,0,0,0,,0,0,0,0,0,20260925T013701Z
2026,2,REG,2026_02_LV_LAC,00-0037093,LV,LAC,0,0,0,0,0,0,,0,0,0,0,0,20260925T013701Z
2026,2,REG,2026_02_MIN_CHI,00-0037096,CHI,MIN,0,0,0,0,0,0,,0,0,0,0,0,20260925T013701Z
2026,2,REG,2026_02_MIN_CHI,00-0037109,CHI,MIN,0,0,0,0,0,0,,0,0,0,0,0,20260925T013701Z
2026,2,REG,2026_02_CIN_HOU,00-0037130,HOU,CIN,0,0,0,0,0,0,,0,0,0,0,0,20260925T013701Z
2026,2,REG,2026_02_PHI_TEN,00-0037132,PHI,TEN,0,0,0,0,0,0,,0,0,0,0,0,20260925T013701Z
2026,2,REG,2026_02_SEA_ARI,00-0037137,SEA,ARI,0,0,0,0,0,0,,0,0,0,0,0,20260925T013701Z
2026,2,REG,2026_02_SEA_ARI,00-0037157,ARI,SEA,2,24,0,0,0,1,-1.12571102147922,0,1,1,0,0,20260925T013701Z
2026,2,REG,2026_02_CAR_ATL,00-0037179,CAR,ATL,0,0,0,0,0,0,,0,0,0,0,0,20260925T013701Z
2026,2,REG,2026_02_IND_KC,00-0037190,IND,KC,0,0,0,0,0,0,,0,0,0,0,0,20260925T013701Z
2026,2,REG,2026_02_NYG_LA,00-0037191,LA,NYG,0,0,0,0,0,0,,0,0,0,0,0,20260925T013701Z
2026,2,REG,2026_02_IND_KC,00-0037192,KC,IND,0,0,0,0,0,0,,0,0,0,0,0,20260925T013701Z
2026,2,REG,2026_02_CIN_HOU,00-0037193,CIN,HOU,0,0,0,0,0,0,,0,0,0,0,0,20260925T013701Z
2026,2,REG,2026_02_NYG_LA,00-0037195,LA,NYG,0,0,0,0,0,0,,0,0,0,0,0,20260925T013701Z
2026,2,REG,2026_02_CAR_ATL,00-0037196,CAR,ATL,0,0,0,0,0,0,,0,0,0,0,0,20260925T013701Z
2026,2,REG,2026_02_IND_KC,00-0037208,KC,IND,0,0,0,0,0,0,,0,0,0,0,0,20260925T013701Z
2026,2,REG,2026_02_LV_LAC,00-0037224,LAC,LV,0,0,0,0,0,0,,0,0,0,0,0,20260925T013701Z
2026,2,REG,2026_02_PIT_NE,00-0037228,PIT,NE,11,43,0,0,0,1,-2.23265914415242,0,1,0,0,0,20260925T013701Z
2026,2,REG,2026_02_NO_BAL,00-0037231,NO,BAL,0,0,0,0,0,0,,0,0,0,0,0,20260925T013701Z
2026,2,REG,2026_02_JAX_DEN,00-0037235,JAX,DEN,0,0,0,0,0,0,,0,0,0,0,0,20260925T013701Z
2026,2,REG,2026_02_DET_BUF,00-0037236,DET,BUF,0,0,0,0,0,0,,0,0,0,0,0,20260925T013701Z
2026,2,REG,2026_02_CIN_HOU,00-0037237,HOU,CIN,0,0,0,0,0,0,,0,0,0,0,0,20260925T013701Z
2026,2,REG,2026_02_CAR_ATL,00-0037238,ATL,CAR,1,-2,0,0,0,0,-4.0876256324118,0,0,0,0,0,20260925T013701Z
2026,2,REG,2026_02_NO_BAL,00-0037239,NO,BAL,0,0,0,0,0,0,,0,0,0,0,0,20260925T013701Z
2026,2,REG,2026_02_DET_BUF,00-0037240,DET,BUF,0,0,0,0,0,0,,0,0,0,0,0,20260925T013701Z
2026,2,REG,2026_02_CAR_ATL,00-0037244,CAR,ATL,0,0,0,0,0,0,,0,0,0,0,0,20260925T013701Z
2026,2,REG,2026_02_CIN_HOU,00-0037246,HOU,CIN,0,0,0,0,0,0,,0,0,0,0,0,20260925T013701Z
2026,2,REG,2026_02_WAS_DAL,00-0037247,DAL,WAS,0,0,0,0,0,0,,0,0,0,0,0,20260925T013701Z
2026,2,REG,2026_02_DET_BUF,00-0037248,BUF,DET,21,135,1,0,0,7,5.04298063798342,0,5,4,3,0,20260925T013701Z
2026,2,REG,2026_02_JAX_DEN,00-0037249,DEN,JAX,0,0,0,0,0,0,,0,0,0,0,0,20260925T013701Z
2026,2,REG,2026_02_NO_BAL,00-0037250,NO,BAL,0,0,0,0,0,0,,0,0,0,0,0,20260925T013701Z
2026,2,REG,2026_02_MIA_SF,00-0037252,MIA,SF,0,0,0,0,0,0,,0,0,0,0,0,20260925T013701Z
2026,2,REG,2026_02_PIT_NE,00-0037253,NE,PIT,0,0,0,0,0,0,,0,0,0,0,0,20260925T013701Z
2026,2,REG,2026_02_DET_BUF,00-0037254,BUF,DET,0,0,0,0,0,0,,0,0,0,0,0,20260925T013701Z
2026,2,REG,2026_02_WAS_DAL,00-0037256,WAS,DAL,7,43,0,0,0,4,3.56587216540356,0,1,1,0,0,20260925T013701Z
2026,2,REG,2026_02_DET_BUF,00-0037261,BUF,DET,0,0,0,0,0,0,,0,0,0,0,0,20260925T013701Z
2026,2,REG,2026_02_LV_LAC,00-0037262,LV,LAC,0,0,0,0,0,0,,0,0,0,0,0,20260925T013701Z
2026,2,REG,2026_02_SEA_ARI,00-0037263,ARI,SEA,5,10,0,0,0,2,-2.78317370824516,0,0,0,0,0,20260925T013701Z
2026,2,REG,2026_02_CLE_TB,00-0037268,TB,CLE,0,0,0,0,0,0,,0,0,0,0,0,20260925T013701Z
2026,2,REG,2026_02_WAS_DAL,00-0037270,DAL,WAS,0,0,0,0,0,0,,0,0,0,0,0,20260925T013701Z
2026,2,REG,2026_02_MIN_CHI,00-0037271,CHI,MIN,0,0,0,0,0,0,,0,0,0,0,0,20260925T013701Z
2026,2,REG,2026_02_WAS_DAL,00-0037275,DAL,WAS,0,0,0,0,0,0,,0,0,0,0,0,20260925T013701Z
2026,2,REG,2026_02_IND_KC,00-0037284,KC,IND,0,0,0,0,0,0,,0,0,0,0,0,20260925T013701Z
2026,2,REG,2026_02_MIA_SF,00-0037287,SF,MIA,0,0,0,0,0,0,,0,0,0,0,0,20260925T013701Z
2026,2,REG,2026_02_DET_BUF,00-0037288,BUF,DET,0,0,0,0,0,0,,0,0,0,0,0,20260925T013701Z
2026,2,REG,2026_02_DET_BUF,00-0037289,DET,BUF,0,0,0,0,0,0,,0,0,0,0,0,20260925T013701Z
2026,2,REG,2026_02_LV_LAC,00-0037291,LV,LAC,0,0,0,0,0,0,,0,0,0,0,0,20260925T013701Z
2026,2,REG,2026_02_IND_KC,00-0037292,IND,KC,0,0,0,0,0,0,,0,0,0,0,0,20260925T013701Z
2026,2,REG,2026_02_MIN_CHI,00-0037301,MIN,CHI,0,0,0,0,0,0,,0,0,0,0,0,20260925T013701Z
2026,2,REG,2026_02_LV_LAC,00-0037304,LV,LAC,1,1,0,0,0,1,2.22324372036383,0,0,0,0,0,20260925T013701Z
2026,2,REG,2026_02_JAX_DEN,00-0037313,JAX,DEN,0,0,0,0,0,0,,0,0,0,0,0,20260925T013701Z
2026,2,REG,2026_02_SEA_ARI,00-0037323,SEA,ARI,0,0,0,0,0,0,,0,0,0,0,0,20260925T013701Z
2026,2,REG,2026_02_JAX_DEN,00-0037384,DEN,JAX,0,0,0,0,0,0,,0,0,0,0,0,20260925T013701Z
2026,2,REG,2026_02_CIN_HOU,00-0037457,HOU,CIN,0,0,0,0,0,0,,0,0,0,0,0,20260925T013701Z
2026,2,REG,2026_02_NO_BAL,00-0037500,NO,BAL,0,0,0,0,0,0,,0,0,0,0,0,20260925T013701Z
2026,2,REG,2026_02_LV_LAC,00-0037512,LV,LAC,0,0,0,0,0,0,,0,0,0,0,0,20260925T013701Z
2026,2,REG,2026_02_DET_BUF,00-0037524,DET,BUF,0,0,0,0,0,0,,0,0,0,0,0,20260925T013701Z
2026,2,REG,2026_02_LV_LAC,00-0037527,LV,LAC,0,0,0,0,0,0,,0,0,0,0,0,20260925T013701Z
2026,2,REG,2026_02_SEA_ARI,00-0037545,SEA,ARI,1,4,0,0,0,0,-0.402099287020974,0,0,0,0,0,20260925T013701Z
2026,2,REG,2026_02_GB_NYJ,00-0037547,GB,NYJ,0,0,0,0,0,0,,0,0,0,0,0,20260925T013701Z
2026,2,REG,2026_02_WAS_DAL,00-0037561,DAL,WAS,0,0,0,0,0,0,,0,0,0,0,0,20260925T013701Z
2026,2,REG,2026_02_NYG_LA,00-0037587,LA,NYG,0,0,0,0,0,0,,0,0,0,0,0,20260925T013701Z
2026,2,REG,2026_02_PHI_TEN,00-0037594,TEN,PHI,0,0,0,0,0,0,,0,0,0,0,0,20260925T013701Z
2026,2,REG,2026_02_SEA_ARI,00-0037596,ARI,SEA,0,0,0,0,0,0,,0,0,0,0,0,20260925T013701Z
2026,2,REG,2026_02_CAR_ATL,00-0037614,CAR,ATL,0,0,0,0,0,0,,0,0,0,0,0,20260925T013701Z
2026,2,REG,2026_02_LV_LAC,00-0037615,LV,LAC,0,0,0,0,0,0,,0,0,0,0,0,20260925T013701Z
2026,2,REG,2026_02_WAS_DAL,00-0037616,WAS,DAL,0,0,0,0,0,0,,0,0,0,0,0,20260925T013701Z
2026,2,REG,2026_02_PHI_TEN,00-0037663,TEN,PHI,0,0,0,0,0,0,,0,0,0,0,0,20260925T013701Z
2026,2,REG,2026_02_IND_KC,00-0037664,IND,KC,0,0,0,0,0,0,,0,0,0,0,0,20260925T013701Z
2026,2,REG,2026_02_CLE_TB,00-0037665,CLE,TB,0,0,0,0,0,0,,0,0,0,0,0,20260925T013701Z
2026,2,REG,2026_02_WAS_DAL,00-0037692,DAL,WAS,0,0,0,0,0,0,,0,0,0,0,0,20260925T013701Z
2026,2,REG,2026_02_GB_NYJ,00-0037740,NYJ,GB,0,0,0,0,0,0,,0,0,0,0,0,20260925T013701Z
2026,2,REG,2026_02_CAR_ATL,00-0037741,ATL,CAR,0,0,0,0,0,0,,0,0,0,0,0,20260925T013701Z
2026,2,REG,2026_02_WAS_DAL,00-0037742,WAS,DAL,0,0,0,0,0,0,,0,0,0,0,0,20260925T013701Z
2026,2,REG,2026_02_CIN_HOU,00-0037743,CIN,HOU,0,0,0,0,0,0,,0,0,0,0,0,20260925T013701Z
2026,2,REG,2026_02_SEA_ARI,00-0037744,ARI,SEA,0,0,0,0,0,0,,0,0,0,0,0,20260925T013701Z
2026,2,REG,2026_02_CAR_ATL,00-0037746,ATL,CAR,11,51,0,0,0,2,0.810908317565918,0,0,0,0,0,20260925T013701Z
2026,2,REG,2026_02_JAX_DEN,00-0037752,DEN,JAX,0,0,0,0,0,0,,0,0,0,0,0,20260925T013701Z
2026,2,REG,2026_02_IND_KC,00-0037753,IND,KC,0,0,0,0,0,0,,0,0,0,0,0,20260925T013701Z
2026,2,REG,2026_02_NO_BAL,00-0037756,BAL,NO,0,0,0,0,0,0,,0,0,0,0,0,20260925T013701Z
2026,2,REG,2026_02_JAX_DEN,00-0037799,DEN,JAX,0,0,0,0,0,0,,0,0,0,0,0,20260925T013701Z
2026,2,REG,2026_02_WAS_DAL,00-0037801,DAL,WAS,1,1,0,0,0,0,-0.480386554030702,0,0,0,0,0,20260925T013701Z
2026,2,REG,2026_02_GB_NYJ,00-0037805,NYJ,GB,0,0,0,0,0,0,,0,0,0,0,0,20260925T013701Z
2026,2,REG,2026_02_SEA_ARI,00-0037812,SEA,ARI,0,0,0,0,0,0,,0,0,0,0,0,20260925T013701Z
2026,2,REG,2026_02_CAR_ATL,00-0037814,CAR,ATL,0,0,0,0,0,0,,0,0,0,0,0,20260925T013701Z
2026,2,REG,2026_02_CAR_ATL,00-0037815,ATL,CAR,0,0,0,0,0,0,,0,0,0,0,0,20260925T013701Z
2026,2,REG,2026_02_PIT_NE,00-0037816,NE,PIT,0,0,0,0,0,0,,0,0,0,0,0,20260925T013701Z
2026,2,REG,2026_02_WAS_DAL,00-0037819,WAS,DAL,0,0,0,0,0,0,,0,0,0,0,0,20260925T013701Z
2026,2,REG,2026_02_CAR_ATL,00-0037823,ATL,CAR,0,0,0,0,0,0,,0,0,0,0,0,20260925T013701Z
2026,2,REG,2026_02_LV_LAC,00-0037825,LV,LAC,0,0,0,0,0,0,,0,0,0,0,0,20260925T013701Z
2026,2,REG,2026_02_LV_LAC,00-0037829,LV,LAC,0,0,0,0,0,0,,0,0,0,0,0,20260925T013701Z
2026,2,REG,2026_02_MIA_SF,00-0037834,SF,MIA,3,30,1,0,0,3,3.11681103758747,0,2,1,0,0,20260925T013701Z
2026,2,REG,2026_02_NYG_LA,00-0037838,NYG,LA,0,0,0,0,0,0,,0,0,0,0,0,20260925T013701Z
2026,2,REG,2026_02_WAS_DAL,00-0037839,DAL,WAS,0,0,0,0,0,0,,0,0,0,0,0,20260925T013701Z
2026,2,REG,2026_02_NYG_LA,00-0037840,LA,NYG,12,85,0,1,1,3,-3.91388814948732,0,3,3,1,0,20260925T013701Z
2026,2,REG,2026_02_NYG_LA,00-0037841,LA,NYG,0,0,0,0,0,0,,0,0,0,0,0,20260925T013701Z
2026,2,REG,2026_02_NO_BAL,00-0038038,BAL,NO,0,0,0,0,0,0,,0,0,0,0,0,20260925T013701Z
2026,2,REG,2026_02_MIA_SF,00-0038039,SF,MIA,0,0,0,0,0,0,,0,0,0,0,0,20260925T013701Z
2026,2,REG,2026_02_WAS_DAL,00-0038041,DAL,WAS,0,0,0,0,0,0,,0,0,0,0,0,20260925T013701Z
2026,2,REG,2026_02_LV_LAC,00-0038046,LAC,LV,0,0,0,0,0,0,,0,0,0,0,0,20260925T013701Z
2026,2,REG,2026_02_GB_NYJ,00-0038090,GB,NYJ,0,0,0,0,0,0,,0,0,0,0,0,20260925T013701Z
2026,2,REG,2026_02_NYG_LA,00-0038094,NYG,LA,0,0,0,0,0,0,,0,0,0,0,0,20260925T013701Z
2026,2,REG,2026_02_CAR_ATL,00-0038101,CAR,ATL,0,0,0,0,0,0,,0,0,0,0,0,20260925T013701Z
2026,2,REG,2026_02_CAR_ATL,00-0038102,CAR,ATL,1,-4,0,0,0,0,-2.38200149277691,0,0,0,0,0,20260925T013701Z
2026,2,REG,2026_02_IND_KC,00-0038104,KC,IND,0,0,0,0,0,0,,0,0,0,0,0,20260925T013701Z
2026,2,REG,2026_02_JAX_DEN,00-0038106,DEN,JAX,0,0,0,0,0,0,,0,0,0,0,0,20260925T013701Z
2026,2,REG,2026_02_PHI_TEN,00-0038112,PHI,TEN,0,0,0,0,0,0,,0,0,0,0,0,20260925T013701Z
2026,2,REG,2026_02_PHI_TEN,00-0038115,TEN,PHI,0,0,0,0,0,0,,0,0,0,0,0,20260925T013701Z
2026,2,REG,2026_02_PHI_TEN,00-0038116,PHI,TEN,0,0,0,0,0,0,,0,0,0,0,0,20260925T013701Z
2026,2,REG,2026_02_PHI_TEN,00-0038117,TEN,PHI,0,0,0,0,0,0,,0,0,0,0,0,20260925T013701Z
2026,2,REG,2026_02_GB_NYJ,00-0038120,NYJ,GB,16,29,0,0,0,2,-7.02309399802471,0,1,1,0,0,20260925T013701Z
2026,2,REG,2026_02_PHI_TEN,00-0038121,TEN,PHI,0,0,0,0,0,0,,0,0,0,0,0,20260925T013701Z
2026,2,REG,2026_02_GB_NYJ,00-0038123,NYJ,GB,0,0,0,0,0,0,,0,0,0,0,0,20260925T013701Z
2026,2,REG,2026_02_GB_NYJ,00-0038124,GB,NYJ,0,0,0,0,0,0,,0,0,0,0,0,20260925T013701Z
2026,2,REG,2026_02_DET_BUF,00-0038125,DET,BUF,0,0,0,0,0,0,,0,0,0,0,0,20260925T013701Z
2026,2,REG,2026_02_CIN_HOU,00-0038127,HOU,CIN,0,0,0,0,0,0,,0,0,0,0,0,20260925T013701Z
2026,2,REG,2026_02_MIA_SF,00-0038128,MIA,SF,2,6,0,0,0,1,1.82602884806693,0,0,0,0,0,20260925T013701Z
2026,2,REG,2026_02_CLE_TB,00-0038129,TB,CLE,0,0,0,0,0,0,,0,0,0,0,0,20260925T013701Z
2026,2,REG,2026_02_CIN_HOU,00-0038133,CIN,HOU,0,0,0,0,0,0,,0,0,0,0,0,20260925T013701Z
2026,2,REG,2026_02_IND_KC,00-0038134,KC,IND,24,117,0,0,0,7,0.82592641666814,0,3,2,0,0,20260925T013701Z
2026,2,REG,2026_02_PIT_NE,00-0038135,PIT,NE,0,0,0,0,0,0,,0,0,0,0,0,20260925T013701Z
2026,2,REG,2026_02_NYG_LA,00-0038359,LA,NYG,0,0,0,0,0,0,,0,0,0,0,0,20260925T013701Z
2026,2,REG,2026_02_NYG_LA,00-0038366,LA,NYG,0,0,0,0,0,0,,0,0,0,0,0,20260925T013701Z
2026,2,REG,2026_02_PHI_TEN,00-0038386,PHI,TEN,0,0,0,0,0,0,,0,0,0,0,0,20260925T013701Z
2026,2,REG,2026_02_NO_BAL,00-0038387,NO,BAL,0,0,0,0,0,0,,0,0,0,0,0,20260925T013701Z
2026,2,REG,2026_02_PHI_TEN,00-0038393,PHI,TEN,0,0,0,0,0,0,,0,0,0,0,0,20260925T013701Z
2026,2,REG,2026_02_GB_NYJ,00-0038398,GB,NYJ,0,0,0,0,0,0,,0,0,0,0,0,20260925T013701Z
2026,2,REG,2026_02_NYG_LA,00-0038399,NYG,LA,0,0,0,0,0,0,,0,0,0,0,0,20260925T013701Z
2026,2,REG,2026_02_PHI_TEN,00-0038412,PHI,TEN,0,0,0,0,0,0,,0,0,0,0,0,20260925T013701Z
2026,2,REG,2026_02_MIN_CHI,00-0038416,CHI,MIN,0,0,0,0,0,0,,0,0,0,0,0,20260925T013701Z
2026,2,REG,2026_02_CLE_TB,00-0038428,CLE,TB,0,0,0,0,0,0,,0,0,0,0,0,20260925T013701Z
2026,2,REG,2026_02_MIA_SF,00-0038429,MIA,SF,0,0,0,0,0,0,,0,0,0,0,0,20260925T013701Z
2026,2,REG,2026_02_LV_LAC,00-0038454,LAC,LV,5,24,0,0,0,1,-0.822222036018502,0,1,0,0,0,20260925T013701Z
2026,2,REG,2026_02_GB_NYJ,00-0038463,GB,NYJ,0,0,0,0,0,0,,0,0,0,0,0,20260925T013701Z
2026,2,REG,2026_02_NO_BAL,00-0038504,BAL,NO,0,0,0,0,0,0,,0,0,0,0,0,20260925T013701Z
2026,2,REG,2026_02_NO_BAL,00-0038505,BAL,NO,0,0,0,0,0,0,,0,0,0,0,0,20260925T013701Z
2026,2,REG,2026_02_PHI_TEN,00-0038514,TEN,PHI,0,0,0,0,0,0,,0,0,0,0,0,20260925T013701Z
2026,2,REG,2026_02_IND_KC,00-0038519,KC,IND,0,0,0,0,0,0,,0,0,0,0,0,20260925T013701Z
2026,2,REG,2026_02_MIA_SF,00-0038521,MIA,SF,0,0,0,0,0,0,,0,0,0,0,0,20260925T013701Z
2026,2,REG,2026_02_CAR_ATL,00-0038542,ATL,CAR,16,72,0,0,0,2,-1.88170575961703,0,2,0,0,0,20260925T013701Z
2026,2,REG,2026_02_SEA_ARI,00-0038543,SEA,ARI,0,0,0,0,0,0,,0,0,0,0,0,20260925T013701Z
2026,2,REG,2026_02_LV_LAC,00-0038544,LAC,LV,1,7,0,0,0,0,0.318128297105432,0,0,0,0,0,20260925T013701Z
2026,2,REG,2026_02_CIN_HOU,00-0038546,CIN,HOU,0,0,0,0,0,0,,0,0,0,0,0,20260925T013701Z
2026,2,REG,2026_02_CIN_HOU,00-0038549,CIN,HOU,0,0,0,0,0,0,,0,0,0,0,0,20260925T013701Z
2026,2,REG,2026_02_JAX_DEN,00-0038552,DEN,JAX,0,0,0,0,0,0,,0,0,0,0,0,20260925T013701Z
2026,2,REG,2026_02_LV_LAC,00-0038553,LAC,LV,0,0,0,0,0,0,,0,0,0,0,0,20260925T013701Z
2026,2,REG,2026_02_MIA_SF,00-0038554,SF,MIA,0,0,0,0,0,0,,0,0,0,0,0,20260925T013701Z
2026,2,REG,2026_02_PHI_TEN,00-0038555,PHI,TEN,13,33,1,0,0,2,-1.73392797156703,0,0,0,0,0,20260925T013701Z
2026,2,REG,2026_02_DET_BUF,00-0038557,BUF,DET,0,0,0,0,0,0,,0,0,0,0,0,20260925T013701Z
2026,2,REG,2026_02_PIT_NE,00-0038558,PIT,NE,0,0,0,0,0,0,,0,0,0,0,0,20260925T013701Z
2026,2,REG,2026_02_SEA_ARI,00-0038559,ARI,SEA,0,0,0,0,0,0,,0,0,0,0,0,20260925T013701Z
2026,2,REG,2026_02_CIN_HOU,00-0038560,CIN,HOU,0,0,0,0,0,0,,0,0,0,0,0,20260925T013701Z
2026,2,REG,2026_02_LV_LAC,00-0038563,LV,LAC,0,0,0,0,0,0,,0,0,0,0,0,20260925T013701Z
2026,2,REG,2026_02_PIT_NE,00-0038564,NE,PIT,0,0,0,0,0,0,,0,0,0,0,0,20260925T013701Z
2026,2,REG,2026_02_CLE_TB,00-0038565,CLE,TB,0,0,0,0,0,0,,0,0,0,0,0,20260925T013701Z
2026,2,REG,2026_02_SEA_ARI,00-0038567,ARI,SEA,0,0,0,0,0,0,,0,0,0,0,0,20260925T013701Z
2026,2,REG,2026_02_JAX_DEN,00-0038570,JAX,DEN,0,0,0,0,0,0,,0,0,0,0,0,20260925T013701Z
2026,2,REG,2026_02_LV_LAC,00-0038573,LAC,LV,0,0,0,0,0,0,,0,0,0,0,0,20260925T013701Z
2026,2,REG,2026_02_CLE_TB,00-0038574,CLE,TB,0,0,0,0,0,0,,0,0,0,0,0,20260925T013701Z
2026,2,REG,2026_02_PIT_NE,00-0038577,PIT,NE,0,0,0,0,0,0,,0,0,0,0,0,20260925T013701Z
2026,2,REG,2026_02_MIN_CHI,00-0038578,MIN,CHI,0,0,0,0,0,0,,0,0,0,0,0,20260925T013701Z
2026,2,REG,2026_02_CAR_ATL,00-0038580,ATL,CAR,0,0,0,0,0,0,,0,0,0,0,0,20260925T013701Z
2026,2,REG,2026_02_JAX_DEN,00-0038596,JAX,DEN,0,0,0,0,0,0,,0,0,0,0,0,20260925T013701Z
2026,2,REG,2026_02_CIN_HOU,00-0038597,CIN,HOU,20,80,0,0,0,3,-3.86972758889897,0,2,0,0,0,20260925T013701Z
2026,2,REG,2026_02_JAX_DEN,00-0038605,DEN,JAX,0,0,0,0,0,0,,0,0,0,0,0,20260925T013701Z
2026,2,REG,2026_02_JAX_DEN,00-0038606,JAX,DEN,0,0,0,0,0,0,,0,0,0,0,0,20260925T013701Z
2026,2,REG,2026_02_CIN_HOU,00-0038608,HOU,CIN,0,0,0,0,0,0,,0,0,0,0,0,20260925T013701Z
2026,2,REG,2026_02_JAX_DEN,00-0038611,JAX,DEN,6,13,0,0,0,2,-0.649777775222901,0,0,0,0,0,20260925T013701Z
2026,2,REG,2026_02_CIN_HOU,00-0038618,HOU,CIN,0,0,0,0,0,0,,0,0,0,0,0,20260925T013701Z
2026,2,REG,2026_02_CIN_HOU,00-0038619,CIN,HOU,0,0,0,0,0,0,,0,0,0,0,0,20260925T013701Z
2026,2,REG,2026_02_PHI_TEN,00-0038620,TEN,PHI,0,0,0,0,0,0,,0,0,0,0,0,20260925T013701Z
2026,2,REG,2026_02_PIT_NE,00-0038621,NE,PIT,0,0,0,0,0,0,,0,0,0,0,0,20260925T013701Z
2026,2,REG,2026_02_SEA_ARI,00-0038623,ARI,SEA,0,0,0,0,0,0,,0,0,0,0,0,20260925T013701Z
2026,2,REG,2026_02_WAS_DAL,00-0038625,DAL,WAS,0,0,0,0,0,0,,0,0,0,0,0,20260925T013701Z
2026,2,REG,2026_02_SEA_ARI,00-0038640,ARI,SEA,0,0,0,0,0,0,,0,0,0,0,0,20260925T013701Z
2026,2,REG,2026_02_CIN_HOU,00-0038642,CIN,HOU,0,0,0,0,0,0,,0,0,0,0,0,20260925T013701Z
2026,2,REG,2026_02_MIA_SF,00-0038643,SF,MIA,0,0,0,0,0,0,,0,0,0,0,0,20260925T013701Z
2026,2,REG,2026_02_PIT_NE,00-0038645,PIT,NE,0,0,0,0,0,0,,0,0,0,0,0,20260925T013701Z
2026,2,REG,2026_02_PIT_NE,00-0038653,NE,PIT,0,0,0,0,0,0,,0,0,0,0,0,20260925T013701Z
2026,2,REG,2026_02_DET_BUF,00-0038660,DET,BUF,0,0,0,0,0,0,,0,0,0,0,0,20260925T013701Z
2026,2,REG,2026_02_GB_NYJ,00-0038685,GB,NYJ,4,11,0,0,0,0,-1.03291736432584,0,0,0,0,0,20260925T013701Z
2026,2,REG,2026_02_WAS_DAL,00-0038705,DAL,WAS,3,8,0,0,0,0,-0.826654769887682,0,0,0,0,0,20260925T013701Z
2026,2,REG,2026_02_CLE_TB,00-0038710,CLE,TB,0,0,0,0,0,0,,0,0,0,0,0,20260925T013701Z
2026,2,REG,2026_02_CLE_TB,00-0038715,CLE,TB,0,0,0,0,0,0,,0,0,0,0,0,20260925T013701Z
2026,2,REG,2026_02_CIN_HOU,00-0038728,HOU,CIN,0,0,0,0,0,0,,0,0,0,0,0,20260925T013701Z
2026,2,REG,2026_02_WAS_DAL,00-0038738,DAL,WAS,1,1,0,0,0,1,0.293010244495235,0,0,0,0,0,20260925T013701Z
2026,2,REG,2026_02_WAS_DAL,00-0038742,DAL,WAS,0,0,0,0,0,0,,0,0,0,0,0,20260925T013701Z
2026,2,REG,2026_02_MIN_CHI,00-0038778,MIN,CHI,0,0,0,0,0,0,,0,0,0,0,0,20260925T013701Z
2026,2,REG,2026_02_JAX_DEN,00-0038783,DEN,JAX,1,6,0,0,0,0,0.32031120127067,0,0,0,0,0,20260925T013701Z
2026,2,REG,2026_02_CAR_ATL,00-0038791,CAR,ATL,0,0,0,0,0,0,,0,0,0,0,0,20260925T013701Z
2026,2,REG,2026_02_CLE_TB,00-0038794,CLE,TB,1,3,0,0,0,0,-0.121203893329948,0,0,0,0,0,20260925T013701Z
2026,2,REG,2026_02_SEA_ARI,00-0038797,SEA,ARI,21,92,0,0,0,6,-3.89694649027661,0,2,1,0,0,20260925T013701Z
2026,2,REG,2026_02_MIN_CHI,00-0038807,MIN,CHI,0,0,0,0,0,0,,0,0,0,0,0,20260925T013701Z
2026,2,REG,2026_02_DET_BUF,00-0038820,DET,BUF,0,0,0,0,0,0,,0,0,0,0,0,20260925T013701Z
2026,2,REG,2026_02_MIA_SF,00-0038824,MIA,SF,0,0,0,0,0,0,,0,0,0,0,0,20260925T013701Z
2026,2,REG,2026_02_CAR_ATL,00-0038840,CAR,ATL,0,0,0,0,0,0,,0,0,0,0,0,20260925T013701Z
2026,2,REG,2026_02_SEA_ARI,00-0038866,SEA,ARI,0,0,0,0,0,0,,0,0,0,0,0,20260925T013701Z
2026,2,REG,2026_02_DET_BUF,00-0038896,DET,BUF,0,0,0,0,0,0,,0,0,0,0,0,20260925T013701Z
2026,2,REG,2026_02_SEA_ARI,00-0038922,SEA,ARI,0,0,0,0,0,0,,0,0,0,0,0,20260925T013701Z
2026,2,REG,2026_02_DET_BUF,00-0038933,BUF,DET,0,0,0,0,0,0,,0,0,0,0,0,20260925T013701Z
2026,2,REG,2026_02_JAX_DEN,00-0038935,JAX,DEN,0,0,0,0,0,0,,0,0,0,0,0,20260925T013701Z
2026,2,REG,2026_02_DET_BUF,00-0038936,DET,BUF,0,0,0,0,0,0,,0,0,0,0,0,20260925T013701Z
2026,2,REG,2026_02_DET_BUF,00-0038940,DET,BUF,0,0,0,0,0,0,,0,0,0,0,0,20260925T013701Z
2026,2,REG,2026_02_CAR_ATL,00-0038980,ATL,CAR,0,0,0,0,0,0,,0,0,0,0,0,20260925T013701Z
2026,2,REG,2026_02_SEA_ARI,00-0038984,ARI,SEA,0,0,0,0,0,0,,0,0,0,0,0,20260925T013701Z
2026,2,REG,2026_02_NYG_LA,00-0038986,NYG,LA,0,0,0,0,0,0,,0,0,0,0,0,20260925T013701Z
2026,2,REG,2026_02_MIN_CHI,00-0038994,MIN,CHI,0,0,0,0,0,0,,0,0,0,0,0,20260925T013701Z
2026,2,REG,2026_02_GB_NYJ,00-0038996,GB,NYJ,0,0,0,0,0,0,,0,0,0,0,0,20260925T013701Z
2026,2,REG,2026_02_IND_KC,00-0038997,IND,KC,0,0,0,0,0,0,,0,0,0,0,0,20260925T013701Z
2026,2,REG,2026_02_PHI_TEN,00-0039001,PHI,TEN,0,0,0,0,0,0,,0,0,0,0,0,20260925T013701Z
2026,2,REG,2026_02_CAR_ATL,00-0039002,ATL,CAR,0,0,0,0,0,0,,0,0,0,0,0,20260925T013701Z
2026,2,REG,2026_02_IND_KC,00-0039006,KC,IND,0,0,0,0,0,0,,0,0,0,0,0,20260925T013701Z
2026,2,REG,2026_02_PHI_TEN,00-0039013,PHI,TEN,0,0,0,0,0,0,,0,0,0,0,0,20260925T013701Z
2026,2,REG,2026_02_DET_BUF,00-0039018,DET,BUF,0,0,0,0,0,0,,0,0,0,0,0,20260925T013701Z
2026,2,REG,2026_02_PHI_TEN,00-0039032,TEN,PHI,7,41,0,0,0,1,1.22764707834882,0,1,1,1,0,20260925T013701Z
2026,2,REG,2026_02_MIA_SF,00-0039040,MIA,SF,20,74,0,0,0,2,-3.88305821351392,0,1,1,0,0,20260925T013701Z
2026,2,REG,2026_02_SEA_ARI,00-0039041,ARI,SEA,0,0,0,0,0,0,,0,0,0,0,0,20260925T013701Z
2026,2,REG,2026_02_SEA_ARI,00-0039047,SEA,ARI,0,0,0,0,0,0,,0,0,0,0,0,20260925T013701Z
2026,2,REG,2026_02_CLE_TB,00-0039049,TB,CLE,0,0,0,0,0,0,,0,0,0,0,0,20260925T013701Z
2026,2,REG,2026_02_NYG_LA,00-0039059,LA,NYG,0,0,0,0,0,0,,0,0,0,0,0,20260925T013701Z
2026,2,REG,2026_02_NYG_LA,00-0039061,LA,NYG,0,0,0,0,0,0,,0,0,0,0,0,20260925T013701Z
2026,2,REG,2026_02_CLE_TB,00-0039063,TB,CLE,0,0,0,0,0,0,,0,0,0,0,0,20260925T013701Z
2026,2,REG,2026_02_DET_BUF,00-0039065,DET,BUF,0,0,0,0,0,0,,0,0,0,0,0,20260925T013701Z
2026,2,REG,2026_02_LV_LAC,00-0039066,LV,LAC,0,0,0,0,0,0,,0,0,0,0,0,20260925T013701Z
2026,2,REG,2026_02_IND_KC,00-0039067,KC,IND,0,0,0,0,0,0,,0,0,0,0,0,20260925T013701Z
2026,2,REG,2026_02_CLE_TB,00-0039068,TB,CLE,0,0,0,0,0,0,,0,0,0,0,0,20260925T013701Z
2026,2,REG,2026_02_CAR_ATL,00-0039070,ATL,CAR,0,0,0,0,0,0,,0,0,0,0,0,20260925T013701Z
2026,2,REG,2026_02_MIN_CHI,00-0039071,CHI,MIN,0,0,0,0,0,0,,0,0,0,0,0,20260925T013701Z
2026,2,REG,2026_02_NYG_LA,00-0039074,LA,NYG,0,0,0,0,0,0,,0,0,0,0,0,20260925T013701Z
2026,2,REG,2026_02_CIN_HOU,00-0039108,HOU,CIN,0,0,0,0,0,0,,0,0,0,0,0,20260925T013701Z
2026,2,REG,2026_02_PIT_NE,00-0039110,PIT,NE,0,0,0,0,0,0,,0,0,0,0,0,20260925T013701Z
2026,2,REG,2026_02_LV_LAC,00-0039111,LAC,LV,0,0,0,0,0,0,,0,0,0,0,0,20260925T013701Z
2026,2,REG,2026_02_GB_NYJ,00-0039112,GB,NYJ,0,0,0,0,0,0,,0,0,0,0,0,20260925T013701Z
2026,2,REG,2026_02_NYG_LA,00-0039137,LA,NYG,0,0,0,0,0,0,,0,0,0,0,0,20260925T013701Z
2026,2,REG,2026_02_NYG_LA,00-0039138,LA,NYG,0,0,0,0,0,0,,0,0,0,0,0,20260925T013701Z
2026,2,REG,2026_02_DET_BUF,00-0039139,DET,BUF,16,52,0,0,0,2,-2.52241259950717,0,2,1,0,0,20260925T013701Z
2026,2,REG,2026_02_GB_NYJ,00-0039145,NYJ,GB,0,0,0,0,0,0,,0,0,0,0,0,20260925T013701Z
2026,2,REG,2026_02_GB_NYJ,00-0039146,GB,NYJ,0,0,0,0,0,0,,0,0,0,0,0,20260925T013701Z
2026,2,REG,2026_02_PIT_NE,00-0039147,NE,PIT,0,0,0,0,0,0,,0,0,0,0,0,20260925T013701Z
2026,2,REG,2026_02_MIA_SF,00-0039148,SF,MIA,0,0,0,0,0,0,,0,0,0,0,0,20260925T013701Z
2026,2,REG,2026_02_WAS_DAL,00-0039149,WAS,DAL,0,0,0,0,0,0,,0,0,0,0,0,20260925T013701Z
2026,2,REG,2026_02_CAR_ATL,00-0039150,CAR,ATL,1,6,0,0,0,1,1.07953948574141,0,0,0,0,0,20260925T013701Z
2026,2,REG,2026_02_NYG_LA,00-0039151,LA,NYG,0,0,0,0,0,0,,0,0,0,0,0,20260925T013701Z
2026,2,REG,2026_02_MIA_SF,00-0039156,MIA,SF,0,0,0,0,0,0,,0,0,0,0,0,20260925T013701Z
2026,2,REG,2026_02_CIN_HOU,00-0039163,HOU,CIN,3,29,0,0,0,1,2.23739480413497,0,2,1,0,0,20260925T013701Z
2026,2,REG,2026_02_SEA_ARI,00-0039169,SEA,ARI,0,0,0,0,0,0,,0,0,0,0,0,20260925T013701Z
2026,2,REG,2026_02_DET_BUF,00-0039172,DET,BUF,0,0,0,0,0,0,,0,0,0,0,0,20260925T013701Z
2026,2,REG,2026_02_NYG_LA,00-0039176,NYG,LA,0,0,0,0,0,0,,0,0,0,0,0,20260925T013701Z
2026,2,REG,2026_02_NO_BAL,00-0039232,BAL,NO,0,0,0,0,0,0,,0,0,0,0,0,20260925T013701Z
2026,2,REG,2026_02_NO_BAL,00-0039233,BAL,NO,0,0,0,0,0,0,,0,0,0,0,0,20260925T013701Z
2026,2,REG,2026_02_GB_NYJ,00-0039272,GB,NYJ,0,0,0,0,0,0,,0,0,0,0,0,20260925T013701Z
2026,2,REG,2026_02_GB_NYJ,00-0039284,NYJ,GB,0,0,0,0,0,0,,0,0,0,0,0,20260925T013701Z
2026,2,REG,2026_02_SEA_ARI,00-0039299,SEA,ARI,4,13,0,0,0,0,2.174646490952,0,0,0,0,0,20260925T013701Z
2026,2,REG,2026_02_SEA_ARI,00-0039309,SEA,ARI,0,0,0,0,0,0,,0,0,0,0,0,20260925T013701Z
2026,2,REG,2026_02_CIN_HOU,00-0039323,CIN,HOU,0,0,0,0,0,0,,0,0,0,0,0,20260925T013701Z
2026,2,REG,2026_02_IND_KC,00-0039324,KC,IND,0,0,0,0,0,0,,0,0,0,0,0,20260925T013701Z
2026,2,REG,2026_02_NYG_LA,00-0039337,NYG,LA,0,0,0,0,0,0,,0,0,0,0,0,20260925T013701Z
2026,2,REG,2026_02_IND_KC,00-0039340,IND,KC,0,0,0,0,0,0,,0,0,0,0,0,20260925T013701Z
2026,2,REG,2026_02_CAR_ATL,00-0039342,CAR,ATL,0,0,0,0,0,0,,0,0,0,0,0,20260925T013701Z
2026,2,REG,2026_02_CIN_HOU,00-0039343,HOU,CIN,0,0,0,0,0,0,,0,0,0,0,0,20260925T013701Z
2026,2,REG,2026_02_CAR_ATL,00-0039344,CAR,ATL,5,16,0,0,0,0,-0.829961235518567,0,0,0,0,0,20260925T013701Z
2026,2,REG,2026_02_MIA_SF,00-0039345,SF,MIA,0,0,0,0,0,0,,0,0,0,0,0,20260925T013701Z
2026,2,REG,2026_02_LV_LAC,00-0039349,LV,LAC,0,0,0,0,0,0,,0,0,0,0,0,20260925T013701Z
2026,2,REG,2026_02_JAX_DEN,00-0039353,JAX,DEN,0,0,0,0,0,0,,0,0,0,0,0,20260925T013701Z
2026,2,REG,2026_02_MIA_SF,00-0039360,SF,MIA,0,0,0,0,0,0,,0,0,0,0,0,20260925T013701Z
2026,2,REG,2026_02_CLE_TB,00-0039361,TB,CLE,17,89,0,0,0,3,-0.138937112234999,0,2,2,1,0,20260925T013701Z
2026,2,REG,2026_02_DET_BUF,00-0039364,DET,BUF,1,7,0,0,0,0,0.509084439836443,0,0,0,0,0,20260925T013701Z
2026,2,REG,2026_02_MIA_SF,00-0039365,SF,MIA,0,0,0,0,0,0,,0,0,0,0,0,20260925T013701Z
2026,2,REG,2026_02_LV_LAC,00-0039366,LAC,LV,0,0,0,0,0,0,,0,0,0,0,0,20260925T013701Z
2026,2,REG,2026_02_LV_LAC,00-0039369,LAC,LV,0,0,0,0,0,0,,0,0,0,0,0,20260925T013701Z
2026,2,REG,2026_02_JAX_DEN,00-0039371,DEN,JAX,0,0,0,0,0,0,,0,0,0,0,0,20260925T013701Z
2026,2,REG,2026_02_GB_NYJ,00-0039372,NYJ,GB,0,0,0,0,0,0,,0,0,0,0,0,20260925T013701Z
2026,2,REG,2026_02_LV_LAC,00-0039374,LV,LAC,0,0,0,0,0,0,,0,0,0,0,0,20260925T013701Z
2026,2,REG,2026_02_IND_KC,00-0039377,IND,KC,0,0,0,0,0,0,,0,0,0,0,0,20260925T013701Z
2026,2,REG,2026_02_NYG_LA,00-0039384,NYG,LA,0,0,0,0,0,0,,0,0,0,0,0,20260925T013701Z
2026,2,REG,2026_02_LV_LAC,00-0039391,LAC,LV,0,0,0,0,0,0,,0,0,0,0,0,20260925T013701Z
2026,2,REG,2026_02_CIN_HOU,00-0039395,HOU,CIN,0,0,0,0,0,0,,0,0,0,0,0,20260925T013701Z
2026,2,REG,2026_02_MIN_CHI,00-0039404,MIN,CHI,0,0,0,0,0,0,,0,0,0,0,0,20260925T013701Z
2026,2,REG,2026_02_CLE_TB,00-0039406,CLE,TB,0,0,0,0,0,0,,0,0,0,0,0,20260925T013701Z
2026,2,REG,2026_02_LV_LAC,00-0039407,LV,LAC,0,0,0,0,0,0,,0,0,0,0,0,20260925T013701Z
2026,2,REG,2026_02_JAX_DEN,00-0039409,JAX,DEN,0,0,0,0,0,0,,0,0,0,0,0,20260925T013701Z
2026,2,REG,2026_02_WAS_DAL,00-0039410,DAL,WAS,0,0,0,0,0,0,,0,0,0,0,0,20260925T013701Z
2026,2,REG,2026_02_WAS_DAL,00-0039412,WAS,DAL,0,0,0,0,0,0,,0,0,0,0,0,20260925T013701Z
2026,2,REG,2026_02_CLE_TB,00-0039417,CLE,TB,0,0,0,0,0,0,,0,0,0,0,0,20260925T013701Z
2026,2,REG,2026_02_MIN_CHI,00-0039421,MIN,CHI,0,0,0,0,0,0,,0,0,0,0,0,20260925T013701Z
2026,2,REG,2026_02_LV_LAC,00-0039423,LV,LAC,0,0,0,0,0,0,,0,0,0,0,0,20260925T013701Z
2026,2,REG,2026_02_NO_BAL,00-0039424,NO,BAL,0,0,0,0,0,0,,0,0,0,0,0,20260925T013701Z
2026,2,REG,2026_02_GB_NYJ,00-0039431,NYJ,GB,0,0,0,0,0,0,,0,0,0,0,0,20260925T013701Z
2026,2,REG,2026_02_GB_NYJ,00-0039451,NYJ,GB,1,14,0,0,0,1,0.842949120677076,0,1,1,0,0,20260925T013701Z
2026,2,REG,2026_02_CAR_ATL,00-0039491,CAR,ATL,0,0,0,0,0,0,,0,0,0,0,0,20260925T013701Z
2026,2,REG,2026_02_NYG_LA,00-0039498,LA,NYG,0,0,0,0,0,0,,0,0,0,0,0,20260925T013701Z
2026,2,REG,2026_02_CLE_TB,00-0039515,CLE,TB,0,0,0,0,0,0,,0,0,0,0,0,20260925T013701Z
2026,2,REG,2026_02_WAS_DAL,00-0039530,DAL,WAS,0,0,0,0,0,0,,0,0,0,0,0,20260925T013701Z
2026,2,REG,2026_02_MIA_SF,00-0039532,MIA,SF,0,0,0,0,0,0,,0,0,0,0,0,20260925T013701Z
2026,2,REG,2026_02_IND_KC,00-0039576,IND,KC,0,0,0,0,0,0,,0,0,0,0,0,20260925T013701Z
2026,2,REG,2026_02_CLE_TB,00-0039589,TB,CLE,0,0,0,0,0,0,,0,0,0,0,0,20260925T013701Z
2026,2,REG,2026_02_CIN_HOU,00-0039603,HOU,CIN,0,0,0,0,0,0,,0,0,0,0,0,20260925T013701Z
2026,2,REG,2026_02_CIN_HOU,00-0039632,CIN,HOU,0,0,0,0,0,0,,0,0,0,0,0,20260925T013701Z
2026,2,REG,2026_02_GB_NYJ,00-0039634,NYJ,GB,0,0,0,0,0,0,,0,0,0,0,0,20260925T013701Z
2026,2,REG,2026_02_DET_BUF,00-0039660,DET,BUF,0,0,0,0,0,0,,0,0,0,0,0,20260925T013701Z
2026,2,REG,2026_02_WAS_DAL,00-0039686,WAS,DAL,0,0,0,0,0,0,,0,0,0,0,0,20260925T013701Z
2026,2,REG,2026_02_MIN_CHI,00-0039718,MIN,CHI,0,0,0,0,0,0,,0,0,0,0,0,20260925T013701Z
2026,2,REG,2026_02_NO_BAL,00-0039725,NO,BAL,0,0,0,0,0,0,,0,0,0,0,0,20260925T013701Z
2026,2,REG,2026_02_PHI_TEN,00-0039731,TEN,PHI,0,0,0,0,0,0,,0,0,0,0,0,20260925T013701Z
2026,2,REG,2026_02_JAX_DEN,00-0039732,DEN,JAX,5,6,0,0,0,2,-2.09934482583776,0,0,0,0,0,20260925T013701Z
2026,2,REG,2026_02_NYG_LA,00-0039734,LA,NYG,0,0,0,0,0,0,,0,0,0,0,0,20260925T013701Z
2026,2,REG,2026_02_NYG_LA,00-0039738,LA,NYG,12,79,0,1,0,5,2.30068487708923,0,3,3,0,0,20260925T013701Z
2026,2,REG,2026_02_PIT_NE,00-0039739,PIT,NE,0,0,0,0,0,0,,0,0,0,0,0,20260925T013701Z
2026,2,REG,2026_02_PHI_TEN,00-0039740,PHI,TEN,0,0,0,0,0,0,,0,0,0,0,0,20260925T013701Z
2026,2,REG,2026_02_PIT_NE,00-0039741,PIT,NE,0,0,0,0,0,0,,0,0,0,0,0,20260925T013701Z
2026,2,REG,2026_02_MIN_CHI,00-0039745,CHI,MIN,0,0,0,0,0,0,,0,0,0,0,0,20260925T013701Z
2026,2,REG,2026_02_PHI_TEN,00-0039746,PHI,TEN,7,24,0,0,0,1,-1.49889478209661,0,0,0,0,0,20260925T013701Z
2026,2,REG,2026_02_CIN_HOU,00-0039752,CIN,HOU,0,0,0,0,0,0,,0,0,0,0,0,20260925T013701Z
2026,2,REG,2026_02_PIT_NE,00-0039770,NE,PIT,0,0,0,0,0,0,,0,0,0,0,0,20260925T013701Z
2026,2,REG,2026_02_NYG_LA,00-0039772,LA,NYG,0,0,0,0,0,0,,0,0,0,0,0,20260925T013701Z
2026,2,REG,2026_02_NYG_LA,00-0039774,LA,NYG,0,0,0,0,0,0,,0,0,0,0,0,20260925T013701Z
2026,2,REG,2026_02_NYG_LA,00-0039776,LA,NYG,0,0,0,0,0,0,,0,0,0,0,0,20260925T013701Z
2026,2,REG,2026_02_GB_NYJ,00-0039789,NYJ,GB,0,0,0,0,0,0,,0,0,0,0,0,20260925T013701Z
2026,2,REG,2026_02_NO_BAL,00-0039792,BAL,NO,0,0,0,0,0,0,,0,0,0,0,0,20260925T013701Z
2026,2,REG,2026_02_SEA_ARI,00-0039793,SEA,ARI,1,1,1,0,0,1,2.46090677328175,0,0,0,0,0,20260925T013701Z
2026,2,REG,2026_02_GB_NYJ,00-0039794,NYJ,GB,5,7,1,0,0,2,-2.72481765545672,0,0,0,0,0,20260925T013701Z
2026,2,REG,2026_02_SEA_ARI,00-0039795,SEA,ARI,0,0,0,0,0,0,,0,0,0,0,0,20260925T013701Z
2026,2,REG,2026_02_NO_BAL,00-0039796,BAL,NO,0,0,0,0,0,0,,0,0,0,0,0,20260925T013701Z
2026,2,REG,2026_02_GB_NYJ,00-0039798,NYJ,GB,0,0,0,0,0,0,,0,0,0,0,0,20260925T013701Z
2026,2,REG,2026_02_SEA_ARI,00-0039807,ARI,SEA,0,0,0,0,0,0,,0,0,0,0,0,20260925T013701Z
2026,2,REG,2026_02_JAX_DEN,00-0039809,DEN,JAX,0,0,0,0,0,0,,0,0,0,0,0,20260925T013701Z
2026,2,REG,2026_02_GB_NYJ,00-0039811,GB,NYJ,6,20,0,1,1,1,-5.2697881279164,0,0,0,0,0,20260925T013701Z
2026,2,REG,2026_02_GB_NYJ,00-0039812,GB,NYJ,0,0,0,0,0,0,,0,0,0,0,0,20260925T013701Z
2026,2,REG,2026_02_GB_NYJ,00-0039813,GB,NYJ,0,0,0,0,0,0,,0,0,0,0,0,20260925T013701Z
2026,2,REG,2026_02_CIN_HOU,00-0039814,CIN,HOU,0,0,0,0,0,0,,0,0,0,0,0,20260925T013701Z
2026,2,REG,2026_02_IND_KC,00-0039816,IND,KC,0,0,0,0,0,0,,0,0,0,0,0,20260925T013701Z
2026,2,REG,2026_02_GB_NYJ,00-0039817,GB,NYJ,0,0,0,0,0,0,,0,0,0,0,0,20260925T013701Z
2026,2,REG,2026_02_NYG_LA,00-0039821,NYG,LA,0,0,0,0,0,0,,0,0,0,0,0,20260925T013701Z
2026,2,REG,2026_02_IND_KC,00-0039825,KC,IND,0,0,0,0,0,0,,0,0,0,0,0,20260925T013701Z
2026,2,REG,2026_02_PHI_TEN,00-0039826,PHI,TEN,0,0,0,0,0,0,,0,0,0,0,0,20260925T013701Z
2026,2,REG,2026_02_PIT_NE,00-0039829,NE,PIT,0,0,0,0,0,0,,0,0,0,0,0,20260925T013701Z
2026,2,REG,2026_02_GB_NYJ,00-0039831,GB,NYJ,0,0,0,0,0,0,,0,0,0,0,0,20260925T013701Z
2026,2,REG,2026_02_LV_LAC,00-0039835,LAC,LV,0,0,0,0,0,0,,0,0,0,0,0,20260925T013701Z
2026,2,REG,2026_02_MIN_CHI,00-0039840,CHI,MIN,0,0,0,0,0,0,,0,0,0,0,0,20260925T013701Z
2026,2,REG,2026_02_PHI_TEN,00-0039841,PHI,TEN,0,0,0,0,0,0,,0,0,0,0,0,20260925T013701Z
2026,2,REG,2026_02_CAR_ATL,00-0039842,ATL,CAR,0,0,0,0,0,0,,0,0,0,0,0,20260925T013701Z
2026,2,REG,2026_02_IND_KC,00-0039844,KC,IND,0,0,0,0,0,0,,0,0,0,0,0,20260925T013701Z
2026,2,REG,2026_02_CLE_TB,00-0039846,TB,CLE,0,0,0,0,0,0,,0,0,0,0,0,20260925T013701Z
2026,2,REG,2026_02_NYG_LA,00-0039847,NYG,LA,0,0,0,0,0,0,,0,0,0,0,0,20260925T013701Z
2026,2,REG,2026_02_SEA_ARI,00-0039849,ARI,SEA,0,0,0,0,0,0,,0,0,0,0,0,20260925T013701Z
2026,2,REG,2026_02_GB_NYJ,00-0039850,GB,NYJ,0,0,0,0,0,0,,0,0,0,0,0,20260925T013701Z
2026,2,REG,2026_02_PIT_NE,00-0039851,NE,PIT,4,17,0,0,0,1,1.77928946260363,0,1,1,0,0,20260925T013701Z
2026,2,REG,2026_02_CLE_TB,00-0039852,CLE,TB,0,0,0,0,0,0,,0,0,0,0,0,20260925T013701Z
2026,2,REG,2026_02_SEA_ARI,00-0039854,ARI,SEA,0,0,0,0,0,0,,0,0,0,0,0,20260925T013701Z
2026,2,REG,2026_02_PHI_TEN,00-0039858,TEN,PHI,0,0,0,0,0,0,,0,0,0,0,0,20260925T013701Z
2026,2,REG,2026_02_CAR_ATL,00-0039859,ATL,CAR,0,0,0,0,0,0,,0,0,0,0,0,20260925T013701Z
2026,2,REG,2026_02_NO_BAL,00-0039860,NO,BAL,0,0,0,0,0,0,,0,0,0,0,0,20260925T013701Z
2026,2,REG,2026_02_NYG_LA,00-0039861,NYG,LA,0,0,0,0,0,0,,0,0,0,0,0,20260925T013701Z
2026,2,REG,2026_02_GB_NYJ,00-0039867,GB,NYJ,0,0,0,0,0,0,,0,0,0,0,0,20260925T013701Z
2026,2,REG,2026_02_JAX_DEN,00-0039868,DEN,JAX,0,0,0,0,0,0,,0,0,0,0,0,20260925T013701Z
2026,2,REG,2026_02_PIT_NE,00-0039871,PIT,NE,0,0,0,0,0,0,,0,0,0,0,0,20260925T013701Z
2026,2,REG,2026_02_DET_BUF,00-0039872,BUF,DET,0,0,0,0,0,0,,0,0,0,0,0,20260925T013701Z
2026,2,REG,2026_02_DET_BUF,00-0039873,BUF,DET,0,0,0,0,0,0,,0,0,0,0,0,20260925T013701Z
2026,2,REG,2026_02_MIA_SF,00-0039874,MIA,SF,2,11,0,0,0,1,1.25694812345319,0,0,0,0,0,20260925T013701Z
2026,2,REG,2026_02_DET_BUF,00-0039875,BUF,DET,0,0,0,0,0,0,,0,0,0,0,0,20260925T013701Z
2026,2,REG,2026_02_DET_BUF,00-0039879,BUF,DET,0,0,0,0,0,0,,0,0,0,0,0,20260925T013701Z
2026,2,REG,2026_02_MIA_SF,00-0039880,MIA,SF,1,4,0,0,0,0,0.0214466813486069,0,0,0,0,0,20260925T013701Z
2026,2,REG,2026_02_GB_NYJ,00-0039886,NYJ,GB,0,0,0,0,0,0,,0,0,0,0,0,20260925T013701Z
2026,2,REG,2026_02_PHI_TEN,00-0039888,PHI,TEN,0,0,0,0,0,0,,0,0,0,0,0,20260925T013701Z
2026,2,REG,2026_02_CAR_ATL,00-0039889,ATL,CAR,0,0,0,0,0,0,,0,0,0,0,0,20260925T013701Z
2026,2,REG,2026_02_GB_NYJ,00-0039890,NYJ,GB,0,0,0,0,0,0,,0,0,0,0,0,20260925T013701Z
2026,2,REG,2026_02_JAX_DEN,00-0039893,JAX,DEN,0,0,0,0,0,0,,0,0,0,0,0,20260925T013701Z
2026,2,REG,2026_02_IND_KC,00-0039894,KC,IND,0,0,0,0,0,0,,0,0,0,0,0,20260925T013701Z
2026,2,REG,2026_02_LV_LAC,00-0039897,LAC,LV,0,0,0,0,0,0,,0,0,0,0,0,20260925T013701Z
2026,2,REG,2026_02_WAS_DAL,00-0039898,WAS,DAL,0,0,0,0,0,0,,0,0,0,0,0,20260925T013701Z
2026,2,REG,2026_02_DET_BUF,00-0039901,BUF,DET,0,0,0,0,0,0,,0,0,0,0,0,20260925T013701Z
2026,2,REG,2026_02_GB_NYJ,00-0039904,GB,NYJ,0,0,0,0,0,0,,0,0,0,0,0,20260925T013701Z
2026,2,REG,2026_02_CLE_TB,00-0039905,TB,CLE,0,0,0,0,0,0,,0,0,0,0,0,20260925T013701Z
2026,2,REG,2026_02_CIN_HOU,00-0039908,CIN,HOU,0,0,0,0,0,0,,0,0,0,0,0,20260925T013701Z
2026,2,REG,2026_02_WAS_DAL,00-0039910,WAS,DAL,7,69,0,1,0,5,3.37357030587737,0,3,3,1,0,20260925T013701Z
2026,2,REG,2026_02_WAS_DAL,00-0039912,WAS,DAL,0,0,0,0,0,0,,0,0,0,0,0,20260925T013701Z
2026,2,REG,2026_02_WAS_DAL,00-0039913,WAS,DAL,0,0,0,0,0,0,,0,0,0,0,0,20260925T013701Z
2026,2,REG,2026_02_LV_LAC,00-0039915,LAC,LV,0,0,0,0,0,0,,0,0,0,0,0,20260925T013701Z
2026,2,REG,2026_02_MIN_CHI,00-0039918,CHI,MIN,5,42,0,1,0,3,2.9637913201285,0,3,1,0,0,20260925T013701Z
2026,2,REG,2026_02_MIN_CHI,00-0039919,CHI,MIN,0,0,0,0,0,0,,0,0,0,0,0,20260925T013701Z
2026,2,REG,2026_02_CLE_TB,00-0039920,CLE,TB,0,0,0,0,0,0,,0,0,0,0,0,20260925T013701Z
2026,2,REG,2026_02_MIN_CHI,00-0039924,MIN,CHI,0,0,0,0,0,0,,0,0,0,0,0,20260925T013701Z
2026,2,REG,2026_02_WAS_DAL,00-0040008,DAL,WAS,0,0,0,0,0,0,,0,0,0,0,0,20260925T013701Z
2026,2,REG,2026_02_GB_NYJ,00-0040010,GB,NYJ,0,0,0,0,0,0,,0,0,0,0,0,20260925T013701Z
2026,2,REG,2026_02_WAS_DAL,00-0040011,DAL,WAS,0,0,0,0,0,0,,0,0,0,0,0,20260925T013701Z
2026,2,REG,2026_02_PHI_TEN,00-0040013,PHI,TEN,0,0,0,0,0,0,,0,0,0,0,0,20260925T013701Z
2026,2,REG,2026_02_PHI_TEN,00-0040020,TEN,PHI,0,0,0,0,0,0,,0,0,0,0,0,20260925T013701Z
2026,2,REG,2026_02_PHI_TEN,00-0040024,PHI,TEN,0,0,0,0,0,0,,0,0,0,0,0,20260925T013701Z
2026,2,REG,2026_02_PHI_TEN,00-0040041,TEN,PHI,0,0,0,0,0,0,,0,0,0,0,0,20260925T013701Z
2026,2,REG,2026_02_WAS_DAL,00-0040045,DAL,WAS,0,0,0,0,0,0,,0,0,0,0,0,20260925T013701Z
2026,2,REG,2026_02_MIA_SF,00-0040066,MIA,SF,0,0,0,0,0,0,,0,0,0,0,0,20260925T013701Z
2026,2,REG,2026_02_IND_KC,00-0040072,KC,IND,0,0,0,0,0,0,,0,0,0,0,0,20260925T013701Z
2026,2,REG,2026_02_NO_BAL,00-0040074,BAL,NO,0,0,0,0,0,0,,0,0,0,0,0,20260925T013701Z
2026,2,REG,2026_02_NO_BAL,00-0040075,BAL,NO,0,0,0,0,0,0,,0,0,0,0,0,20260925T013701Z
2026,2,REG,2026_02_IND_KC,00-0040078,KC,IND,0,0,0,0,0,0,,0,0,0,0,0,20260925T013701Z
2026,2,REG,2026_02_CLE_TB,00-0040089,TB,CLE,0,0,0,0,0,0,,0,0,0,0,0,20260925T013701Z
2026,2,REG,2026_02_NO_BAL,00-0040100,BAL,NO,0,0,0,0,0,0,,0,0,0,0,0,20260925T013701Z
2026,2,REG,2026_02_NO_BAL,00-0040104,BAL,NO,0,0,0,0,0,0,,0,0,0,0,0,20260925T013701Z
2026,2,REG,2026_02_LV_LAC,00-0040122,LV,LAC,21,48,0,0,0,1,-12.2465548617662,0,0,0,0,0,20260925T013701Z
2026,2,REG,2026_02_CAR_ATL,00-0040124,CAR,ATL,0,0,0,0,0,0,,0,0,0,0,0,20260925T013701Z
2026,2,REG,2026_02_NO_BAL,00-0040125,NO,BAL,0,0,0,0,0,0,,0,0,0,0,0,20260925T013701Z
2026,2,REG,2026_02_MIN_CHI,00-0040126,CHI,MIN,0,0,0,0,0,0,,0,0,0,0,0,20260925T013701Z
2026,2,REG,2026_02_IND_KC,00-0040128,IND,KC,1,3,0,0,0,1,0.67952828318812,0,0,0,0,0,20260925T013701Z
2026,2,REG,2026_02_CLE_TB,00-0040129,TB,CLE,1,-3,0,0,0,0,-1.62271137186326,0,0,0,0,0,20260925T013701Z
2026,2,REG,2026_02_PIT_NE,00-0040131,NE,PIT,0,0,0,0,0,0,,0,0,0,0,0,20260925T013701Z
2026,2,REG,2026_02_DET_BUF,00-0040132,BUF,DET,0,0,0,0,0,0,,0,0,0,0,0,20260925T013701Z
2026,2,REG,2026_02_GB_NYJ,00-0040133,NYJ,GB,0,0,0,0,0,0,,0,0,0,0,0,20260925T013701Z
2026,2,REG,2026_02_JAX_DEN,00-0040134,DEN,JAX,1,16,0,0,0,1,0.991467546555214,0,1,1,0,0,20260925T013701Z
2026,2,REG,2026_02_CAR_ATL,00-0040136,CAR,ATL,0,0,0,0,0,0,,0,0,0,0,0,20260925T013701Z
2026,2,REG,2026_02_SEA_ARI,00-0040137,ARI,SEA,0,0,0,0,0,0,,0,0,0,0,0,20260925T013701Z
2026,2,REG,2026_02_CIN_HOU,00-0040138,HOU,CIN,1,13,0,0,0,1,1.12176272831857,0,1,1,0,0,20260925T013701Z
2026,2,REG,2026_02_IND_KC,00-0040139,IND,KC,0,0,0,0,0,0,,0,0,0,0,0,20260925T013701Z
2026,2,REG,2026_02_CIN_HOU,00-0040140,CIN,HOU,0,0,0,0,0,0,,0,0,0,0,0,20260925T013701Z
2026,2,REG,2026_02_PHI_TEN,00-0040141,TEN,PHI,0,0,0,0,0,0,,0,0,0,0,0,20260925T013701Z
2026,2,REG,2026_02_GB_NYJ,00-0040142,GB,NYJ,8,32,0,1,0,3,-1.63785884046229,0,2,1,0,0,20260925T013701Z
2026,2,REG,2026_02_LV_LAC,00-0040144,LAC,LV,0,0,0,0,0,0,,0,0,0,0,0,20260925T013701Z
2026,2,REG,2026_02_CAR_ATL,00-0040148,ATL,CAR,0,0,0,0,0,0,,0,0,0,0,0,20260925T013701Z
2026,2,REG,2026_02_CIN_HOU,00-0040149,HOU,CIN,0,0,0,0,0,0,,0,0,0,0,0,20260925T013701Z
2026,2,REG,2026_02_MIA_SF,00-0040152,SF,MIA,0,0,0,0,0,0,,0,0,0,0,0,20260925T013701Z
2026,2,REG,2026_02_NO_BAL,00-0040155,NO,BAL,0,0,0,0,0,0,,0,0,0,0,0,20260925T013701Z
2026,2,REG,2026_02_CIN_HOU,00-0040157,CIN,HOU,0,0,0,0,0,0,,0,0,0,0,0,20260925T013701Z
2026,2,REG,2026_02_CLE_TB,00-0040158,TB,CLE,0,0,0,0,0,0,,0,0,0,0,0,20260925T013701Z
2026,2,REG,2026_02_CAR_ATL,00-0040159,CAR,ATL,0,0,0,0,0,0,,0,0,0,0,0,20260925T013701Z
2026,2,REG,2026_02_WAS_DAL,00-0040164,WAS,DAL,0,0,0,0,0,0,,0,0,0,0,0,20260925T013701Z
2026,2,REG,2026_02_GB_NYJ,00-0040165,NYJ,GB,0,0,0,0,0,0,,0,0,0,0,0,20260925T013701Z
2026,2,REG,2026_02_NO_BAL,00-0040166,NO,BAL,0,0,0,0,0,0,,0,0,0,0,0,20260925T013701Z
2026,2,REG,2026_02_JAX_DEN,00-0040168,DEN,JAX,0,0,0,0,0,0,,0,0,0,0,0,20260925T013701Z
2026,2,REG,2026_02_LV_LAC,00-0040169,LV,LAC,0,0,0,0,0,0,,0,0,0,0,0,20260925T013701Z
2026,2,REG,2026_02_PHI_TEN,00-0040170,TEN,PHI,0,0,0,0,0,0,,0,0,0,0,0,20260925T013701Z
2026,2,REG,2026_02_PIT_NE,00-0040171,NE,PIT,0,0,0,0,0,0,,0,0,0,0,0,20260925T013701Z
2026,2,REG,2026_02_MIN_CHI,00-0040173,MIN,CHI,0,0,0,0,0,0,,0,0,0,0,0,20260925T013701Z
2026,2,REG,2026_02_CAR_ATL,00-0040174,CAR,ATL,0,0,0,0,0,0,,0,0,0,0,0,20260925T013701Z
2026,2,REG,2026_02_MIA_SF,00-0040175,MIA,SF,0,0,0,0,0,0,,0,0,0,0,0,20260925T013701Z
2026,2,REG,2026_02_MIA_SF,00-0040177,SF,MIA,4,15,0,0,0,1,-2.14314701629337,0,0,0,0,0,20260925T013701Z
2026,2,REG,2026_02_MIA_SF,00-0040178,MIA,SF,0,0,0,0,0,0,,0,0,0,0,0,20260925T013701Z
2026,2,REG,2026_02_MIA_SF,00-0040182,MIA,SF,0,0,0,0,0,0,,0,0,0,0,0,20260925T013701Z
2026,2,REG,2026_02_CLE_TB,00-0040183,TB,CLE,0,0,0,0,0,0,,0,0,0,0,0,20260925T013701Z
2026,2,REG,2026_02_MIA_SF,00-0040185,SF,MIA,0,0,0,0,0,0,,0,0,0,0,0,20260925T013701Z
2026,2,REG,2026_02_CAR_ATL,00-0040187,CAR,ATL,0,0,0,0,0,0,,0,0,0,0,0,20260925T013701Z
2026,2,REG,2026_02_LV_LAC,00-0040189,LAC,LV,0,0,0,0,0,0,,0,0,0,0,0,20260925T013701Z
2026,2,REG,2026_02_DET_BUF,00-0040192,BUF,DET,0,0,0,0,0,0,,0,0,0,0,0,20260925T013701Z
2026,2,REG,2026_02_SEA_ARI,00-0040195,ARI,SEA,0,0,0,0,0,0,,0,0,0,0,0,20260925T013701Z
2026,2,REG,2026_02_MIA_SF,00-0040198,MIA,SF,3,7,0,0,0,0,-0.511095525347628,0,0,0,0,0,20260925T013701Z
2026,2,REG,2026_02_PIT_NE,00-0040200,NE,PIT,0,0,0,0,0,0,,0,0,0,0,0,20260925T013701Z
2026,2,REG,2026_02_PHI_TEN,00-0040201,TEN,PHI,0,0,0,0,0,0,,0,0,0,0,0,20260925T013701Z
2026,2,REG,2026_02_PIT_NE,00-0040204,NE,PIT,0,0,0,0,0,0,,0,0,0,0,0,20260925T013701Z
2026,2,REG,2026_02_JAX_DEN,00-0040213,JAX,DEN,0,0,0,0,0,0,,0,0,0,0,0,20260925T013701Z
2026,2,REG,2026_02_LV_LAC,00-0040221,LAC,LV,0,0,0,0,0,0,,0,0,0,0,0,20260925T013701Z
2026,2,REG,2026_02_JAX_DEN,00-0040223,DEN,JAX,0,0,0,0,0,0,,0,0,0,0,0,20260925T013701Z
2026,2,REG,2026_02_IND_KC,00-0040235,IND,KC,0,0,0,0,0,0,,0,0,0,0,0,20260925T013701Z
2026,2,REG,2026_02_MIN_CHI,00-0040236,CHI,MIN,10,47,0,0,0,3,0.950942615862004,0,2,2,0,0,20260925T013701Z
2026,2,REG,2026_02_CLE_TB,00-0040237,TB,CLE,0,0,0,0,0,0,,0,0,0,0,0,20260925T013701Z
2026,2,REG,2026_02_JAX_DEN,00-0040238,JAX,DEN,0,0,0,0,0,0,,0,0,0,0,0,20260925T013701Z
2026,2,REG,2026_02_WAS_DAL,00-0040242,WAS,DAL,12,43,0,0,0,0,-1.38672599726124,0,0,0,0,0,20260925T013701Z
2026,2,REG,2026_02_MIA_SF,00-0040248,MIA,SF,0,0,0,0,0,0,,0,0,0,0,0,20260925T013701Z
2026,2,REG,2026_02_CLE_TB,00-0040255,CLE,TB,0,0,0,0,0,0,,0,0,0,0,0,20260925T013701Z
2026,2,REG,2026_02_CLE_TB,00-0040263,CLE,TB,0,0,0,0,0,0,,0,0,0,0,0,20260925T013701Z
2026,2,REG,2026_02_CAR_ATL,00-0040279,CAR,ATL,0,0,0,0,0,0,,0,0,0,0,0,20260925T013701Z
2026,2,REG,2026_02_WAS_DAL,00-0040318,WAS,DAL,0,0,0,0,0,0,,0,0,0,0,0,20260925T013701Z
2026,2,REG,2026_02_JAX_DEN,00-0040326,JAX,DEN,0,0,0,0,0,0,,0,0,0,0,0,20260925T013701Z
2026,2,REG,2026_02_JAX_DEN,00-0040342,JAX,DEN,0,0,0,0,0,0,,0,0,0,0,0,20260925T013701Z
2026,2,REG,2026_02_DET_BUF,00-0040363,BUF,DET,0,0,0,0,0,0,,0,0,0,0,0,20260925T013701Z
2026,2,REG,2026_02_CAR_ATL,00-0040458,CAR,ATL,0,0,0,0,0,0,,0,0,0,0,0,20260925T013701Z
2026,2,REG,2026_02_CLE_TB,00-0040466,CLE,TB,2,4,0,0,0,0,-0.979457563720644,0,0,0,0,0,20260925T013701Z
2026,2,REG,2026_02_MIN_CHI,00-0040496,MIN,CHI,0,0,0,0,0,0,,0,0,0,0,0,20260925T013701Z
2026,2,REG,2026_02_MIN_CHI,00-0040506,MIN,CHI,0,0,0,0,0,0,,0,0,0,0,0,20260925T013701Z
2026,2,REG,2026_02_PIT_NE,00-0040556,NE,PIT,2,0,0,0,0,0,-0.271798979025334,0,0,0,0,0,20260925T013701Z
2026,2,REG,2026_02_PIT_NE,00-0040563,NE,PIT,0,0,0,0,0,0,,0,0,0,0,0,20260925T013701Z
2026,2,REG,2026_02_PIT_NE,00-0040574,NE,PIT,0,0,0,0,0,0,,0,0,0,0,0,20260925T013701Z
2026,2,REG,2026_02_CLE_TB,00-0040579,CLE,TB,0,0,0,0,0,0,,0,0,0,0,0,20260925T013701Z
2026,2,REG,2026_02_NYG_LA,00-0040580,LA,NYG,0,0,0,0,0,0,,0,0,0,0,0,20260925T013701Z
2026,2,REG,2026_02_GB_NYJ,00-0040582,NYJ,GB,0,0,0,0,0,0,,0,0,0,0,0,20260925T013701Z
2026,2,REG,2026_02_CIN_HOU,00-0040583,HOU,CIN,8,8,0,0,0,1,-6.65472908533315,0,0,0,0,0,20260925T013701Z
2026,2,REG,2026_02_PHI_TEN,00-0040584,TEN,PHI,0,0,0,0,0,0,,0,0,0,0,0,20260925T013701Z
2026,2,REG,2026_02_NYG_LA,00-0040590,LA,NYG,0,0,0,0,0,0,,0,0,0,0,0,20260925T013701Z
2026,2,REG,2026_02_JAX_DEN,00-0040634,DEN,JAX,0,0,0,0,0,0,,0,0,0,0,0,20260925T013701Z
2026,2,REG,2026_02_IND_KC,00-0040640,KC,IND,0,0,0,0,0,0,,0,0,0,0,0,20260925T013701Z
2026,2,REG,2026_02_NO_BAL,00-0040642,NO,BAL,0,0,0,0,0,0,,0,0,0,0,0,20260925T013701Z
2026,2,REG,2026_02_NO_BAL,00-0040643,NO,BAL,0,0,0,0,0,0,,0,0,0,0,0,20260925T013701Z
2026,2,REG,2026_02_SEA_ARI,00-0040645,ARI,SEA,0,0,0,0,0,0,,0,0,0,0,0,20260925T013701Z
2026,2,REG,2026_02_IND_KC,00-0040646,KC,IND,0,0,0,0,0,0,,0,0,0,0,0,20260925T013701Z
2026,2,REG,2026_02_SEA_ARI,00-0040647,SEA,ARI,0,0,0,0,0,0,,0,0,0,0,0,20260925T013701Z
2026,2,REG,2026_02_CIN_HOU,00-0040654,HOU,CIN,0,0,0,0,0,0,,0,0,0,0,0,20260925T013701Z
2026,2,REG,2026_02_CLE_TB,00-0040663,CLE,TB,0,0,0,0,0,0,,0,0,0,0,0,20260925T013701Z
2026,2,REG,2026_02_LV_LAC,00-0040666,LAC,LV,23,94,1,1,1,6,-11.0084445039392,0,2,1,0,0,20260925T013701Z
2026,2,REG,2026_02_GB_NYJ,00-0040667,GB,NYJ,0,0,0,0,0,0,,0,0,0,0,0,20260925T013701Z
2026,2,REG,2026_02_DET_BUF,00-0040669,DET,BUF,0,0,0,0,0,0,,0,0,0,0,0,20260925T013701Z
2026,2,REG,2026_02_IND_KC,00-0040670,KC,IND,0,0,0,0,0,0,,0,0,0,0,0,20260925T013701Z
2026,2,REG,2026_02_DET_BUF,00-0040672,DET,BUF,0,0,0,0,0,0,,0,0,0,0,0,20260925T013701Z
2026,2,REG,2026_02_PHI_TEN,00-0040676,TEN,PHI,4,7,2,0,0,3,4.09406330721686,0,0,0,0,0,20260925T013701Z
2026,2,REG,2026_02_NYG_LA,00-0040677,NYG,LA,0,0,0,0,0,0,,0,0,0,0,0,20260925T013701Z
2026,2,REG,2026_02_PIT_NE,00-0040678,PIT,NE,0,0,0,0,0,0,,0,0,0,0,0,20260925T013701Z
2026,2,REG,2026_02_CLE_TB,00-0040685,CLE,TB,0,0,0,0,0,0,,0,0,0,0,0,20260925T013701Z
2026,2,REG,2026_02_WAS_DAL,00-0040686,WAS,DAL,0,0,0,0,0,0,,0,0,0,0,0,20260925T013701Z
2026,2,REG,2026_02_NO_BAL,00-0040688,BAL,NO,0,0,0,0,0,0,,0,0,0,0,0,20260925T013701Z
2026,2,REG,2026_02_GB_NYJ,00-0040689,GB,NYJ,0,0,0,0,0,0,,0,0,0,0,0,20260925T013701Z
2026,2,REG,2026_02_NYG_LA,00-0040691,NYG,LA,0,0,0,0,0,0,,0,0,0,0,0,20260925T013701Z
2026,2,REG,2026_02_PHI_TEN,00-0040705,TEN,PHI,0,0,0,0,0,0,,0,0,0,0,0,20260925T013701Z
2026,2,REG,2026_02_SEA_ARI,00-0040706,ARI,SEA,0,0,0,0,0,0,,0,0,0,0,0,20260925T013701Z
2026,2,REG,2026_02_PHI_TEN,00-0040708,PHI,TEN,0,0,0,0,0,0,,0,0,0,0,0,20260925T013701Z
2026,2,REG,2026_02_DET_BUF,00-0040709,BUF,DET,0,0,0,0,0,0,,0,0,0,0,0,20260925T013701Z
2026,2,REG,2026_02_DET_BUF,00-0040710,BUF,DET,0,0,0,0,0,0,,0,0,0,0,0,20260925T013701Z
2026,2,REG,2026_02_MIA_SF,00-0040711,SF,MIA,0,0,0,0,0,0,,0,0,0,0,0,20260925T013701Z
2026,2,REG,2026_02_NYG_LA,00-0040715,NYG,LA,12,36,0,0,0,1,-2.18799493851839,0,0,0,0,0,20260925T013701Z
2026,2,REG,2026_02_PIT_NE,00-0040716,NE,PIT,0,0,0,0,0,0,,0,0,0,0,0,20260925T013701Z
2026,2,REG,2026_02_JAX_DEN,00-0040718,JAX,DEN,0,0,0,0,0,0,,0,0,0,0,0,20260925T013701Z
2026,2,REG,2026_02_JAX_DEN,00-0040719,JAX,DEN,13,65,1,0,0,4,1.20036442976561,0,2,1,0,0,20260925T013701Z
2026,2,REG,2026_02_NO_BAL,00-0040722,BAL,NO,0,0,0,0,0,0,,0,0,0,0,0,20260925T013701Z
2026,2,REG,2026_02_WAS_DAL,00-0040725,DAL,WAS,0,0,0,0,0,0,,0,0,0,0,0,20260925T013701Z
2026,2,REG,2026_02_GB_NYJ,00-0040726,GB,NYJ,0,0,0,0,0,0,,0,0,0,0,0,20260925T013701Z
2026,2,REG,2026_02_LV_LAC,00-0040727,LAC,LV,0,0,0,0,0,0,,0,0,0,0,0,20260925T013701Z
2026,2,REG,2026_02_LV_LAC,00-0040729,LV,LAC,0,0,0,0,0,0,,0,0,0,0,0,20260925T013701Z
2026,2,REG,2026_02_SEA_ARI,00-0040733,SEA,ARI,0,0,0,0,0,0,,0,0,0,0,0,20260925T013701Z
2026,2,REG,2026_02_PIT_NE,00-0040734,NE,PIT,16,76,1,0,0,3,-1.59804351010825,0,2,1,1,0,20260925T013701Z
2026,2,REG,2026_02_MIN_CHI,00-0040735,CHI,MIN,0,0,0,0,0,0,,0,0,0,0,0,20260925T013701Z
2026,2,REG,2026_02_NYG_LA,00-0040737,LA,NYG,0,0,0,0,0,0,,0,0,0,0,0,20260925T013701Z
2026,2,REG,2026_02_CIN_HOU,00-0040738,CIN,HOU,0,0,0,0,0,0,,0,0,0,0,0,20260925T013701Z
2026,2,REG,2026_02_SEA_ARI,00-0040739,SEA,ARI,0,0,0,0,0,0,,0,0,0,0,0,20260925T013701Z
2026,2,REG,2026_02_NO_BAL,00-0040743,NO,BAL,9,23,1,1,0,3,1.65955904062112,0,1,0,0,0,20260925T013701Z
2026,2,REG,2026_02_IND_KC,00-0040744,IND,KC,0,0,0,0,0,0,,0,0,0,0,0,20260925T013701Z
2026,2,REG,2026_02_CLE_TB,00-0040747,TB,CLE,0,0,0,0,0,0,,0,0,0,0,0,20260925T013701Z
2026,2,REG,2026_02_PHI_TEN,00-0040749,PHI,TEN,0,0,0,0,0,0,,0,0,0,0,0,20260925T013701Z
2026,2,REG,2026_02_SEA_ARI,00-0040751,ARI,SEA,0,0,0,0,0,0,,0,0,0,0,0,20260925T013701Z
2026,2,REG,2026_02_PHI_TEN,00-0040752,TEN,PHI,0,0,0,0,0,0,,0,0,0,0,0,20260925T013701Z
2026,2,REG,2026_02_CIN_HOU,00-0040756,CIN,HOU,0,0,0,0,0,0,,0,0,0,0,0,20260925T013701Z
2026,2,REG,2026_02_CLE_TB,00-0040782,CLE,TB,0,0,0,0,0,0,,0,0,0,0,0,20260925T013701Z
2026,2,REG,2026_02_CLE_TB,00-0040784,CLE,TB,12,21,0,0,0,1,-8.32149213051889,0,0,0,0,0,20260925T013701Z
2026,2,REG,2026_02_CIN_HOU,00-0040785,CIN,HOU,0,0,0,0,0,0,,0,0,0,0,0,20260925T013701Z
2026,2,REG,2026_02_WAS_DAL,00-0040865,DAL,WAS,0,0,0,0,0,0,,0,0,0,0,0,20260925T013701Z
2026,2,REG,2026_02_PHI_TEN,00-0040867,PHI,TEN,1,-5,0,0,0,0,-1.32893741689622,0,0,0,0,0,20260925T013701Z
2026,2,REG,2026_02_LV_LAC,00-0040868,LV,LAC,0,0,0,0,0,0,,0,0,0,0,0,20260925T013701Z
2026,2,REG,2026_02_GB_NYJ,00-0040869,GB,NYJ,0,0,0,0,0,0,,0,0,0,0,0,20260925T013701Z
2026,2,REG,2026_02_WAS_DAL,00-0040872,DAL,WAS,0,0,0,0,0,0,,0,0,0,0,0,20260925T013701Z
2026,2,REG,2026_02_SEA_ARI,00-0040873,SEA,ARI,0,0,0,0,0,0,,0,0,0,0,0,20260925T013701Z
2026,2,REG,2026_02_GB_NYJ,00-0040877,GB,NYJ,0,0,0,0,0,0,,0,0,0,0,0,20260925T013701Z
2026,2,REG,2026_02_LV_LAC,00-0040878,LV,LAC,3,7,0,0,0,0,-1.43887083855225,0,0,0,0,0,20260925T013701Z
2026,2,REG,2026_02_WAS_DAL,00-0040880,DAL,WAS,0,0,0,0,0,0,,0,0,0,0,0,20260925T013701Z
2026,2,REG,2026_02_NO_BAL,00-0040885,BAL,NO,0,0,0,0,0,0,,0,0,0,0,0,20260925T013701Z
2026,2,REG,2026_02_PHI_TEN,00-0040886,TEN,PHI,4,10,0,0,0,0,-1.22702336043585,0,0,0,0,0,20260925T013701Z
2026,2,REG,2026_02_LV_LAC,00-0040889,LV,LAC,0,0,0,0,0,0,,0,0,0,0,0,20260925T013701Z
2026,2,REG,2026_02_LV_LAC,00-0040894,LV,LAC,0,0,0,0,0,0,,0,0,0,0,0,20260925T013701Z
2026,2,REG,2026_02_NO_BAL,00-0040898,BAL,NO,0,0,0,0,0,0,,0,0,0,0,0,20260925T013701Z
2026,2,REG,2026_02_GB_NYJ,00-0040899,GB,NYJ,0,0,0,0,0,0,,0,0,0,0,0,20260925T013701Z
2026,2,REG,2026_02_IND_KC,00-0040928,IND,KC,0,0,0,0,0,0,,0,0,0,0,0,20260925T013701Z
2026,2,REG,2026_02_GB_NYJ,00-0040948,GB,NYJ,0,0,0,0,0,0,,0,0,0,0,0,20260925T013701Z
2026,2,REG,2026_02_NO_BAL,00-0040978,BAL,NO,0,0,0,0,0,0,,0,0,0,0,0,20260925T013701Z
2026,2,REG,2026_02_IND_KC,00-0041013,KC,IND,2,15,0,0,0,1,0.875801516696811,0,0,0,0,0,20260925T013701Z
2026,2,REG,2026_02_IND_KC,00-0041019,KC,IND,0,0,0,0,0,0,,0,0,0,0,0,20260925T013701Z
2026,2,REG,2026_02_GB_NYJ,00-0041026,NYJ,GB,0,0,0,0,0,0,,0,0,0,0,0,20260925T013701Z
2026,2,REG,2026_02_SEA_ARI,00-0041027,ARI,SEA,9,29,0,0,0,1,-2.52027224213816,0,0,0,0,0,20260925T013701Z
2026,2,REG,2026_02_WAS_DAL,00-0041028,WAS,DAL,0,0,0,0,0,0,,0,0,0,0,0,20260925T013701Z
2026,2,REG,2026_02_GB_NYJ,00-0041032,NYJ,GB,0,0,0,0,0,0,,0,0,0,0,0,20260925T013701Z
2026,2,REG,2026_02_MIN_CHI,00-0041033,MIN,CHI,0,0,0,0,0,0,,0,0,0,0,0,20260925T013701Z
2026,2,REG,2026_02_DET_BUF,00-0041036,BUF,DET,0,0,0,0,0,0,,0,0,0,0,0,20260925T013701Z
2026,2,REG,2026_02_CLE_TB,00-0041037,CLE,TB,0,0,0,0,0,0,,0,0,0,0,0,20260925T013701Z
2026,2,REG,2026_02_IND_KC,00-0041039,IND,KC,0,0,0,0,0,0,,0,0,0,0,0,20260925T013701Z
2026,2,REG,2026_02_WAS_DAL,00-0041040,WAS,DAL,0,0,0,0,0,0,,0,0,0,0,0,20260925T013701Z
2026,2,REG,2026_02_NO_BAL,00-0041041,NO,BAL,0,0,0,0,0,0,,0,0,0,0,0,20260925T013701Z
2026,2,REG,2026_02_NYG_LA,00-0041042,NYG,LA,0,0,0,0,0,0,,0,0,0,0,0,20260925T013701Z
2026,2,REG,2026_02_IND_KC,00-0041043,IND,KC,0,0,0,0,0,0,,0,0,0,0,0,20260925T013701Z
2026,2,REG,2026_02_CAR_ATL,00-0041044,ATL,CAR,0,0,0,0,0,0,,0,0,0,0,0,20260925T013701Z
2026,2,REG,2026_02_JAX_DEN,00-0041045,JAX,DEN,0,0,0,0,0,0,,0,0,0,0,0,20260925T013701Z
2026,2,REG,2026_02_MIN_CHI,00-0041046,MIN,CHI,0,0,0,0,0,0,,0,0,0,0,0,20260925T013701Z
2026,2,REG,2026_02_CLE_TB,00-0041048,TB,CLE,0,0,0,0,0,0,,0,0,0,0,0,20260925T013701Z
2026,2,REG,2026_02_CLE_TB,00-0041049,CLE,TB,0,0,0,0,0,0,,0,0,0,0,0,20260925T013701Z
2026,2,REG,2026_02_MIN_CHI,00-0041051,CHI,MIN,0,0,0,0,0,0,,0,0,0,0,0,20260925T013701Z
2026,2,REG,2026_02_MIA_SF,00-0041052,SF,MIA,7,25,0,0,0,0,-1.97878664691234,0,0,0,0,0,20260925T013701Z
2026,2,REG,2026_02_CLE_TB,00-0041057,TB,CLE,0,0,0,0,0,0,,0,0,0,0,0,20260925T013701Z
2026,2,REG,2026_02_MIN_CHI,00-0041060,CHI,MIN,0,0,0,0,0,0,,0,0,0,0,0,20260925T013701Z
2026,2,REG,2026_02_CAR_ATL,00-0041063,CAR,ATL,0,0,0,0,0,0,,0,0,0,0,0,20260925T013701Z
2026,2,REG,2026_02_LV_LAC,00-0041064,LAC,LV,0,0,0,0,0,0,,0,0,0,0,0,20260925T013701Z
2026,2,REG,2026_02_CAR_ATL,00-0041066,ATL,CAR,0,0,0,0,0,0,,0,0,0,0,0,20260925T013701Z
2026,2,REG,2026_02_NO_BAL,00-0041067,NO,BAL,0,0,0,0,0,0,,0,0,0,0,0,20260925T013701Z
2026,2,REG,2026_02_CIN_HOU,00-0041069,CIN,HOU,0,0,0,0,0,0,,0,0,0,0,0,20260925T013701Z
2026,2,REG,2026_02_LV_LAC,00-0041072,LAC,LV,0,0,0,0,0,0,,0,0,0,0,0,20260925T013701Z
2026,2,REG,2026_02_CAR_ATL,00-0041076,CAR,ATL,0,0,0,0,0,0,,0,0,0,0,0,20260925T013701Z
2026,2,REG,2026_02_MIA_SF,00-0041078,SF,MIA,0,0,0,0,0,0,,0,0,0,0,0,20260925T013701Z
2026,2,REG,2026_02_PIT_NE,00-0041088,NE,PIT,0,0,0,0,0,0,,0,0,0,0,0,20260925T013701Z
2026,2,REG,2026_02_SEA_ARI,00-0041093,ARI,SEA,0,0,0,0,0,0,,0,0,0,0,0,20260925T013701Z
2026,2,REG,2026_02_WAS_DAL,00-0041096,WAS,DAL,5,24,0,0,0,1,-2.09201254358049,0,0,0,0,0,20260925T013701Z
2026,2,REG,2026_02_NO_BAL,00-0041099,NO,BAL,0,0,0,0,0,0,,0,0,0,0,0,20260925T013701Z
2026,2,REG,2026_02_JAX_DEN,00-0041100,JAX,DEN,0,0,0,0,0,0,,0,0,0,0,0,20260925T013701Z
2026,2,REG,2026_02_MIN_CHI,00-0041104,MIN,CHI,0,0,0,0,0,0,,0,0,0,0,0,20260925T013701Z
2026,2,REG,2026_02_PIT_NE,00-0041109,NE,PIT,0,0,0,0,0,0,,0,0,0,0,0,20260925T013701Z
2026,2,REG,2026_02_MIN_CHI,00-0041110,CHI,MIN,0,0,0,0,0,0,,0,0,0,0,0,20260925T013701Z
2026,2,REG,2026_02_IND_KC,00-0041111,IND,KC,0,0,0,0,0,0,,0,0,0,0,0,20260925T013701Z
2026,2,REG,2026_02_CAR_ATL,00-0041112,ATL,CAR,0,0,0,0,0,0,,0,0,0,0,0,20260925T013701Z
2026,2,REG,2026_02_IND_KC,00-0041125,IND,KC,2,0,0,0,0,0,-1.22791252261959,0,0,0,0,0,20260925T013701Z
2026,2,REG,2026_02_DET_BUF,00-0041126,BUF,DET,0,0,0,0,0,0,,0,0,0,0,0,20260925T013701Z
2026,2,REG,2026_02_IND_KC,00-0041132,IND,KC,2,14,0,0,0,1,0.5151224557776,0,1,0,0,0,20260925T013701Z
2026,2,REG,2026_02_NYG_LA,00-0041145,NYG,LA,0,0,0,0,0,0,,0,0,0,0,0,20260925T013701Z
2026,2,REG,2026_02_CAR_ATL,00-0041148,CAR,ATL,0,0,0,0,0,0,,0,0,0,0,0,20260925T013701Z
2026,2,REG,2026_02_MIN_CHI,00-0041175,CHI,MIN,0,0,0,0,0,0,,0,0,0,0,0,20260925T013701Z
2026,2,REG,2026_02_WAS_DAL,00-0041182,WAS,DAL,0,0,0,0,0,0,,0,0,0,0,0,20260925T013701Z
2026,2,REG,2026_02_CAR_ATL,00-0041194,ATL,CAR,2,16,0,0,0,2,1.47944146418013,0,0,0,0,0,20260925T013701Z
2026,2,REG,2026_02_IND_KC,00-0041227,IND,KC,0,0,0,0,0,0,,0,0,0,0,0,20260925T013701Z
2026,2,REG,2026_02_CIN_HOU,00-0041305,HOU,CIN,0,0,0,0,0,0,,0,0,0,0,0,20260925T013701Z
2026,2,REG,2026_02_NO_BAL,00-0041326,NO,BAL,1,2,0,0,0,1,0.358617695514113,0,0,0,0,0,20260925T013701Z
2026,2,REG,2026_02_MIN_CHI,00-0041354,MIN,CHI,0,0,0,0,0,0,,0,0,0,0,0,20260925T013701Z
2026,2,REG,2026_02_MIA_SF,00-0041363,SF,MIA,0,0,0,0,0,0,,0,0,0,0,0,20260925T013701Z
2026,2,REG,2026_02_SEA_ARI,00-0041370,ARI,SEA,0,0,0,0,0,0,,0,0,0,0,0,20260925T013701Z
2026,2,REG,2026_02_LV_LAC,00-0041381,LAC,LV,0,0,0,0,0,0,,0,0,0,0,0,20260925T013701Z
2026,2,REG,2026_02_SEA_ARI,00-0041382,SEA,ARI,0,0,0,0,0,0,,0,0,0,0,0,20260925T013701Z
2026,2,REG,2026_02_DET_BUF,00-0041391,BUF,DET,0,0,0,0,0,0,,0,0,0,0,0,20260925T013701Z
2026,2,REG,2026_02_LV_LAC,00-0041392,LAC,LV,0,0,0,0,0,0,,0,0,0,0,0,20260925T013701Z
2026,2,REG,2026_02_PIT_NE,00-0041395,NE,PIT,0,0,0,0,0,0,,0,0,0,0,0,20260925T013701Z
2026,2,REG,2026_02_PIT_NE,00-0041397,PIT,NE,0,0,0,0,0,0,,0,0,0,0,0,20260925T013701Z
2026,2,REG,2026_02_PIT_NE,00-0041401,PIT,NE,0,0,0,0,0,0,,0,0,0,0,0,20260925T013701Z
2026,2,REG,2026_02_PIT_NE,00-0041402,NE,PIT,0,0,0,0,0,0,,0,0,0,0,0,20260925T013701Z
2026,2,REG,2026_02_NYG_LA,00-0041404,LA,NYG,0,0,0,0,0,0,,0,0,0,0,0,20260925T013701Z
2026,2,REG,2026_02_MIA_SF,00-0041436,MIA,SF,0,0,0,0,0,0,,0,0,0,0,0,20260925T013701Z
2026,2,REG,2026_02_PHI_TEN,00-0041438,TEN,PHI,0,0,0,0,0,0,,0,0,0,0,0,20260925T013701Z
2026,2,REG,2026_02_DET_BUF,00-0041444,BUF,DET,0,0,0,0,0,0,,0,0,0,0,0,20260925T013701Z
2026,2,REG,2026_02_DET_BUF,00-0041447,DET,BUF,0,0,0,0,0,0,,0,0,0,0,0,20260925T013701Z
2026,2,REG,2026_02_CIN_HOU,00-0041449,HOU,CIN,0,0,0,0,0,0,,0,0,0,0,0,20260925T013701Z
2026,2,REG,2026_02_PIT_NE,00-0041455,NE,PIT,0,0,0,0,0,0,,0,0,0,0,0,20260925T013701Z
2026,2,REG,2026_02_DET_BUF,00-0041459,DET,BUF,0,0,0,0,0,0,,0,0,0,0,0,20260925T013701Z
2026,2,REG,2026_02_NYG_LA,00-0041462,NYG,LA,0,0,0,0,0,0,,0,0,0,0,0,20260925T013701Z
2026,2,REG,2026_02_CIN_HOU,00-0041464,CIN,HOU,0,0,0,0,0,0,,0,0,0,0,0,20260925T013701Z
2026,2,REG,2026_02_CAR_ATL,00-0041469,ATL,CAR,0,0,0,0,0,0,,0,0,0,0,0,20260925T013701Z
2026,2,REG,2026_02_GB_NYJ,00-0041470,GB,NYJ,0,0,0,0,0,0,,0,0,0,0,0,20260925T013701Z
2026,2,REG,2026_02_CLE_TB,00-0041471,CLE,TB,0,0,0,0,0,0,,0,0,0,0,0,20260925T013701Z
2026,2,REG,2026_02_PHI_TEN,00-0041479,TEN,PHI,0,0,0,0,0,0,,0,0,0,0,0,20260925T013701Z
2026,2,REG,2026_02_PIT_NE,00-0041489,PIT,NE,0,0,0,0,0,0,,0,0,0,0,0,20260925T013701Z
2026,2,REG,2026_02_PIT_NE,00-0041490,PIT,NE,0,0,0,0,0,0,,0,0,0,0,0,20260925T013701Z
2026,2,REG,2026_02_NO_BAL,00-0041494,BAL,NO,0,0,0,0,0,0,,0,0,0,0,0,20260925T013701Z
2026,2,REG,2026_02_MIN_CHI,00-0041495,MIN,CHI,0,0,0,0,0,0,,0,0,0,0,0,20260925T013701Z
2026,2,REG,2026_02_JAX_DEN,00-0041496,DEN,JAX,10,39,1,0,0,3,-0.207429695816245,0,2,2,0,0,20260925T013701Z
2026,2,REG,2026_02_IND_KC,00-0041497,KC,IND,0,0,0,0,0,0,,0,0,0,0,0,20260925T013701Z
2026,2,REG,2026_02_IND_KC,00-0041501,KC,IND,0,0,0,0,0,0,,0,0,0,0,0,20260925T013701Z
2026,2,REG,2026_02_CLE_TB,00-0041502,TB,CLE,0,0,0,0,0,0,,0,0,0,0,0,20260925T013701Z
2026,2,REG,2026_02_NYG_LA,00-0041505,NYG,LA,0,0,0,0,0,0,,0,0,0,0,0,20260925T013701Z
2026,2,REG,2026_02_PHI_TEN,00-0041508,TEN,PHI,0,0,0,0,0,0,,0,0,0,0,0,20260925T013701Z
2026,2,REG,2026_02_NYG_LA,00-0041509,NYG,LA,0,0,0,0,0,0,,0,0,0,0,0,20260925T013701Z
2026,2,REG,2026_02_SEA_ARI,00-0041512,SEA,ARI,13,52,0,1,1,2,-7.47152426201501,0,2,1,1,0,20260925T013701Z
2026,2,REG,2026_02_IND_KC,00-0041518,IND,KC,0,0,0,0,0,0,,0,0,0,0,0,20260925T013701Z
2026,2,REG,2026_02_MIA_SF,00-0041521,MIA,SF,0,0,0,0,0,0,,0,0,0,0,0,20260925T013701Z
2026,2,REG,2026_02_MIA_SF,00-0041522,MIA,SF,0,0,0,0,0,0,,0,0,0,0,0,20260925T013701Z
2026,2,REG,2026_02_MIA_SF,00-0041523,MIA,SF,0,0,0,0,0,0,,0,0,0,0,0,20260925T013701Z
2026,2,REG,2026_02_MIA_SF,00-0041524,MIA,SF,0,0,0,0,0,0,,0,0,0,0,0,20260925T013701Z
2026,2,REG,2026_02_MIA_SF,00-0041525,MIA,SF,0,0,0,0,0,0,,0,0,0,0,0,20260925T013701Z
2026,2,REG,2026_02_MIA_SF,00-0041528,MIA,SF,0,0,0,0,0,0,,0,0,0,0,0,20260925T013701Z
2026,2,REG,2026_02_CIN_HOU,00-0041532,HOU,CIN,0,0,0,0,0,0,,0,0,0,0,0,20260925T013701Z
2026,2,REG,2026_02_MIA_SF,00-0041533,MIA,SF,0,0,0,0,0,0,,0,0,0,0,0,20260925T013701Z
2026,2,REG,2026_02_WAS_DAL,00-0041537,DAL,WAS,0,0,0,0,0,0,,0,0,0,0,0,20260925T013701Z
2026,2,REG,2026_02_MIN_CHI,00-0041538,CHI,MIN,0,0,0,0,0,0,,0,0,0,0,0,20260925T013701Z
2026,2,REG,2026_02_LV_LAC,00-0041544,LAC,LV,0,0,0,0,0,0,,0,0,0,0,0,20260925T013701Z
2026,2,REG,2026_02_IND_KC,00-0041545,KC,IND,0,0,0,0,0,0,,0,0,0,0,0,20260925T013701Z
2026,2,REG,2026_02_CIN_HOU,00-0041546,CIN,HOU,0,0,0,0,0,0,,0,0,0,0,0,20260925T013701Z
2026,2,REG,2026_02_CLE_TB,00-0041547,CLE,TB,1,-6,0,0,0,0,-1.91949546919204,0,0,0,0,0,20260925T013701Z
2026,2,REG,2026_02_GB_NYJ,00-0041549,NYJ,GB,0,0,0,0,0,0,,0,0,0,0,0,20260925T013701Z
2026,2,REG,2026_02_LV_LAC,00-0041550,LAC,LV,0,0,0,0,0,0,,0,0,0,0,0,20260925T013701Z
2026,2,REG,2026_02_MIA_SF,00-0041556,SF,MIA,0,0,0,0,0,0,,0,0,0,0,0,20260925T013701Z
2026,2,REG,2026_02_MIA_SF,00-0041557,SF,MIA,0,0,0,0,0,0,,0,0,0,0,0,20260925T013701Z
2026,2,REG,2026_02_MIN_CHI,00-0041558,CHI,MIN,0,0,0,0,0,0,,0,0,0,0,0,20260925T013701Z
2026,2,REG,2026_02_LV_LAC,00-0041563,LV,LAC,0,0,0,0,0,0,,0,0,0,0,0,20260925T013701Z
2026,2,REG,2026_02_PIT_NE,00-0041569,NE,PIT,0,0,0,0,0,0,,0,0,0,0,0,20260925T013701Z
2026,2,REG,2026_02_MIN_CHI,00-0041581,MIN,CHI,0,0,0,0,0,0,,0,0,0,0,0,20260925T013701Z
2026,3,REG,2026_03_ATL_GB,00-0036264,GB,ATL,1,0,0,1,0,0,-0.352745797485113,0,0,0,0,0,nflverse_w3_2026-09-26
2026,3,REG,2026_03_ATL_GB,00-0037746,ATL,GB,10,50,1,0,0,4,3.34871428151382,0,1,1,0,0,nflverse_w3_2026-09-26
2026,3,REG,2026_03_ATL_GB,00-0038542,ATL,GB,29,194,2,0,0,11,8.70096714532701,0,4,2,2,1,nflverse_w3_2026-09-26
2026,3,REG,2026_03_ATL_GB,00-0039811,GB,ATL,4,11,0,0,0,1,-0.602733107109089,0,0,0,0,0,nflverse_w3_2026-09-26
2026,3,REG,2026_03_ATL_GB,00-0039917,ATL,GB,2,-2,0,0,0,0,0,0,0,0,0,0,nflverse_w3_2026-09-26
2026,3,REG,2026_03_ATL_GB,00-0040142,GB,ATL,4,6,0,0,0,0,-1.75649052404333,0,0,0,0,0,nflverse_w3_2026-09-26
