player_id,headshot_url
00-0022531,"https://static.www.nfl.com/image/upload/f_auto,q_auto/league/xcsyqvrlrpe6s3d0rodq"
00-0022942,"https://static.www.nfl.com/image/private/f_auto,q_auto/league/voakyrtj34sghkwxaxxf"
00-0023459,"https://static.www.nfl.com/image/upload/f_auto,q_auto/league/dypvakakxhccxs67tb0y"
00-0023853,"https://static.www.nfl.com/image/upload/f_auto,q_auto/league/pj981bi535y4jwy6skr1"
00-0024243,"https://static.www.nfl.com/image/private/f_auto,q_auto/league/ppq07tipygpftz5csipx"
00-0025565,"https://static.www.nfl.com/image/upload/f_auto,q_auto/league/qf6vaghxuoxqw0pyrvg3"
00-0026027,"https://static.www.nfl.com/image/upload/f_auto,q_auto/league/vmbidsuvur7zfmpt9xak"
00-0026158,"https://static.www.nfl.com/image/upload/f_auto,q_auto/league/dre1d2f2d6dxqohzn5l2"
00-0026190,"https://static.www.nfl.com/image/upload/f_auto,q_auto/league/ekkaync0yveo2cwxlljr"
00-0026300,"https://static.www.nfl.com/image/upload/f_auto,q_auto/league/sijqkai2yy1cbw3rwndh"
00-0026498,"https://static.www.nfl.com/image/upload/f_auto,q_auto/league/jwpkjfrkzufdyh8u1mg7"
00-0026858,"https://static.www.nfl.com/image/upload/f_auto,q_auto/league/wp5wochy7uuqcgyjcrrd"
00-0027114,"https://static.www.nfl.com/image/upload/f_auto,q_auto/league/uicxa9bwvrenvcwnoklm"
00-0027187,"https://static.www.nfl.com/image/private/f_auto,q_auto/league/yeulo5dieb6um5zajehr"
00-0027224,"https://static.www.nfl.com/image/upload/f_auto,q_auto/league/vfrborns4bhlqzcmvwip"
00-0027557,"https://static.www.nfl.com/image/upload/f_auto,q_auto/league/iqsbwgh7v6yyabnz8m2a"
00-0027857,"https://static.www.nfl.com/image/upload/f_auto,q_auto/league/esqu9k1my3po3yxxkcjs"
00-0027865,"https://static.www.nfl.com/image/upload/f_auto,q_auto/league/e6iqegrredwqev7qx81m"
00-0027867,"https://static.www.nfl.com/image/private/f_auto,q_auto/league/pwl0fkpfwut1rizcarub"
00-0027872,"https://static.www.nfl.com/image/upload/f_auto,q_auto/league/vzmcqsvgotnfsmmzgtwa"
00-0027881,"https://static.www.nfl.com/image/upload/f_auto,q_auto/league/holacsltnj1mvxkeqgp0"
00-0027885,"https://static.www.nfl.com/image/upload/f_auto,q_auto/league/xm9kvvx4uujqqjkqxngq"
00-0027940,"https://static.www.nfl.com/image/upload/f_auto,q_auto/league/cqkgo6uw5ha7bjajkewf"
00-0027947,"https://static.www.nfl.com/image/upload/f_auto,q_auto/league/w7doljwg9c9jqwejqf8b"
00-0027962,"https://static.www.nfl.com/image/upload/f_auto,q_auto/league/eauqz3xbdtl0wfoy71da"
00-0027969,"https://static.www.nfl.com/image/upload/f_auto,q_auto/league/vfql05jp29d2pltrlwqz"
00-0027973,"https://static.www.nfl.com/image/upload/f_auto,q_auto/league/sfsneh0bn46e2kwve7sr"
00-0028118,"https://static.www.nfl.com/image/upload/f_auto,q_auto/league/whpztm9akd7yefplp37r"
00-0028171,"https://static.www.nfl.com/image/private/f_auto,q_auto/league/jyc3hf6lyt5js3b7oon8"
00-0028284,"https://static.www.nfl.com/image/upload/f_auto,q_auto/league/mfsxgtajieazrwinnlvh"
00-0028292,"https://static.www.nfl.com/image/upload/f_auto,q_auto/league/wlj7zdf6h9p9dnhdtmih"
00-0028394,"https://static.www.nfl.com/image/upload/f_auto,q_auto/league/gjtq2nbl0i8ejcx4dx9u"
00-0028845,"https://static.www.nfl.com/image/upload/f_auto,q_auto/league/zt5sauoxsfljsqyyc9u2"
00-0028872,"https://static.www.nfl.com/image/upload/f_auto,q_auto/league/ujimjaanshkfyszjp3vl"
00-0028899,"https://static.www.nfl.com/image/upload/f_auto,q_auto/league/ettne7rdpnkozuyhx8be"
00-0028924,"https://static.www.nfl.com/image/private/f_auto,q_auto/league/mbniabicepxxcetygjhk"
00-0028946,"https://static.www.nfl.com/image/upload/f_auto,q_auto/league/mnaix4zmrmwryj55usgx"
00-0028986,"https://static.www.nfl.com/image/upload/f_auto,q_auto/league/weixhyzal4ntsyszyepu"
00-0029008,"https://static.www.nfl.com/image/upload/f_auto,q_auto/league/cowm2qllr7vpyktisnln"
00-0029255,"https://static.www.nfl.com/image/upload/f_auto,q_auto/league/msulezmb9dk3klpgymoj"
00-0029263,"https://static.www.nfl.com/image/upload/f_auto,q_auto/league/vkstxj0evgkjiycu4glc"
00-0029316,"https://static.www.nfl.com/image/upload/f_auto,q_auto/league/dgul4jljoasida1h8tag"
00-0029542,"https://static.www.nfl.com/image/upload/f_auto,q_auto/league/rzqv9harev8c0excxzfz"
00-0029562,"https://static.www.nfl.com/image/upload/f_auto,q_auto/league/gicyoxodiwdzvybrzddk"
00-0029592,"https://static.www.nfl.com/image/upload/f_auto,q_auto/league/nfb14plexvixmjo0p5ye"
00-0029597,"https://static.www.nfl.com/image/upload/f_auto,q_auto/league/thawkkxcbyuddwuidgb0"
00-0029604,"https://static.www.nfl.com/image/upload/f_auto,q_auto/league/za7cynvpwlsro1tsaijk"
00-0029606,"https://static.www.nfl.com/image/upload/f_auto,q_auto/league/kadw1bk0cxsarjrwbdrq"
00-0029607,"https://static.www.nfl.com/image/upload/f_auto,q_auto/league/xfig8nml2gmofychoe3z"
00-0029621,"https://static.www.nfl.com/image/private/f_auto,q_auto/league/gzuks9rryzy90fecvi9l"
00-0029685,"https://static.www.nfl.com/image/upload/f_auto,q_auto/league/iey1sirxc8ggdt5yeunm"
00-0029692,"https://static.www.nfl.com/image/upload/f_auto,q_auto/league/e1fozrp2fhprrkheqt0x"
00-0029709,"https://static.www.nfl.com/image/upload/f_auto,q_auto/league/n2fv9z9aobdi4rfqqmrz"
00-0029714,"https://static.www.nfl.com/image/upload/f_auto,q_auto/league/zvvseyjneba7ehms6pd9"
00-0029822,"https://static.www.nfl.com/image/upload/f_auto,q_auto/league/qvwi9b1vfkn0wlmdl7ej"
00-0029892,"https://static.www.nfl.com/image/upload/f_auto,q_auto/league/tsejiiddtouukwyyqr9q"
00-0029963,"https://static.www.nfl.com/image/upload/f_auto,q_auto/league/tsgs1iyyfjxlfsletyss"
00-0030035,"https://static.www.nfl.com/image/upload/f_auto,q_auto/league/pv6gajxtt6zhum2unnsl"
00-0030061,"https://static.www.nfl.com/image/upload/f_auto,q_auto/league/xktmmeumuoglbuam75iz"
00-0030062,"https://static.www.nfl.com/image/upload/f_auto,q_auto/league/r7dwifb7wrqvqj714dgh"
00-0030063,"https://static.www.nfl.com/image/upload/f_auto,q_auto/league/iqrq5urtdwurus6hievb"
00-0030067,"https://static.www.nfl.com/image/private/f_auto,q_auto/league/zjqocz6fl2qrhxqkgdbp"
00-0030070,"https://static.www.nfl.com/image/upload/f_auto,q_auto/league/l2na4hvtcq7nfp7svxar"
00-0030090,"https://static.www.nfl.com/image/private/f_auto,q_auto/league/xxdwo2ndjc4qm9q5lpgx"
00-0030092,"https://static.www.nfl.com/image/upload/f_auto,q_auto/league/edhegnq9rbphynrogxzh"
00-0030097,"https://static.www.nfl.com/image/upload/f_auto,q_auto/league/c8kmny1s0pl307ivrngh"
00-0030098,"https://static.www.nfl.com/image/upload/f_auto,q_auto/league/b8xhu9uud3finj0x9hpf"
00-0030114,"https://static.www.nfl.com/image/upload/f_auto,q_auto/league/jv5ibhkljw1u9knlwqzy"
00-0030140,"https://static.www.nfl.com/image/upload/f_auto,q_auto/league/u61eijcazx9o4lb0lwp3"
00-0030279,"https://static.www.nfl.com/image/upload/f_auto,q_auto/league/ri267r6lzfwarh89hsn6"
00-0030294,"https://static.www.nfl.com/image/upload/f_auto,q_auto/league/frazimtiuk4fsvlghusz"
00-0030386,"https://static.www.nfl.com/image/upload/f_auto,q_auto/league/yn9hugzuf7g8ve2xjtwi"
00-0030431,"https://static.www.nfl.com/image/upload/f_auto,q_auto/league/ydjg5fylwkf5aaxiul6v"
00-0030459,"https://static.www.nfl.com/image/upload/f_auto,q_auto/league/k3fywj4kodnfuyscnujy"
00-0030506,"https://static.www.nfl.com/image/upload/f_auto,q_auto/league/dpxovcfku6ud2aohgf6a"
00-0030561,"https://static.www.nfl.com/image/upload/f_auto,q_auto/league/xanvacjbb9x1hcslyvsl"
00-0030564,"https://static.www.nfl.com/image/upload/f_auto,q_auto/league/snvo6holyfdjmrlqxqxu"
00-0030565,"https://static.www.nfl.com/image/upload/f_auto,q_auto/league/zppfqqcyjfma14jjif3a"
00-0030578,"https://static.www.nfl.com/image/upload/f_auto,q_auto/league/jktdrwmujfuqp94csnav"
00-0030615,"https://static.www.nfl.com/image/upload/f_auto,q_auto/league/kfojelzxr0gwaj9aaybm"
00-0030725,"https://static.www.nfl.com/image/upload/f_auto,q_auto/league/ii9b9lb3szz5vehvqh5a"
00-0030757,"https://static.www.nfl.com/image/upload/f_auto,q_auto/league/ezpbko1gvvdrrtqhkhnu"
00-0030827,"https://static.www.nfl.com/image/private/f_auto,q_auto/league/qsy9wwamkc9cotbj8ihk"
00-0030957,"https://static.www.nfl.com/image/upload/f_auto,q_auto/league/z4slqb9le4p5tjmwtvps"
00-0031040,"https://static.www.nfl.com/image/upload/f_auto,q_auto/league/t9j95jylmjpevgbkvmqn"
00-0031054,"https://static.www.nfl.com/image/upload/f_auto,q_auto/league/w7qkicdj6v0figbmfp0u"
00-0031067,"https://static.www.nfl.com/image/private/f_auto,q_auto/league/kgcna4dcqcklfl0wra3k"
00-0031079,"https://static.www.nfl.com/image/upload/f_auto,q_auto/league/kputu02pppmvb69bkdfg"
00-0031101,"https://static.www.nfl.com/image/private/f_auto,q_auto/league/eiilfj6qiri4n9xrclwe"
00-0031136,"https://static.www.nfl.com/image/upload/f_auto,q_auto/league/rxbnhvnfjmheuryvdmuf"
00-0031156,"https://static.www.nfl.com/image/upload/f_auto,q_auto/league/qlrzepni32ykh7rjkdcy"
00-0031177,"https://static.www.nfl.com/image/upload/f_auto,q_auto/league/acp4qzscazxskq9efwnf"
00-0031203,"https://static.www.nfl.com/image/upload/f_auto,q_auto/league/tz5ecjri52gwpoo9s7be"
00-0031235,"https://static.www.nfl.com/image/upload/f_auto,q_auto/league/ffmalg3wr7lwnsz59i7v"
00-0031236,"https://static.www.nfl.com/image/upload/f_auto,q_auto/league/krz3gv9jjs92arlctvqf"
00-0031237,"https://static.www.nfl.com/image/upload/f_auto,q_auto/league/wggyfg1dgyiwcgxafoen"
00-0031254,"https://static.www.nfl.com/image/upload/f_auto,q_auto/league/avrrswmjrzes0ggi3bsg"
00-0031270,"https://static.www.nfl.com/image/upload/f_auto,q_auto/league/r1lxhltzhpkmfdocupum"
00-0031279,"https://static.www.nfl.com/image/upload/f_auto,q_auto/league/hoifz7uqrpjm5g2mlyaa"
00-0031280,"https://static.www.nfl.com/image/upload/f_auto,q_auto/league/qsz1pyrlu6bmvby6maaf"
00-0031296,"https://static.www.nfl.com/image/private/f_auto,q_auto/league/cjje7blxkubjmrbtbp27"
00-0031298,"https://static.www.nfl.com/image/upload/f_auto,q_auto/league/xfnd7v3pfwo0vtrb9e8w"
00-0031299,"https://static.www.nfl.com/image/upload/f_auto,q_auto/league/b9rddikwsnwmfh9girgn"
00-0031330,"https://static.www.nfl.com/image/upload/f_auto,q_auto/league/xuuf1lrkv3altipbgfjk"
00-0031345,"https://static.www.nfl.com/image/upload/f_auto,q_auto/league/ivz3zwvjxvgcu4dzabur"
00-0031357,"https://static.www.nfl.com/image/upload/f_auto,q_auto/league/txvnf4ecxcgg5heclsit"
00-0031360,"https://static.www.nfl.com/image/upload/f_auto,q_auto/league/kxj2hipcguahh4l60vaa"
00-0031363,"https://static.www.nfl.com/image/private/f_auto,q_auto/league/hoxfeahxcb9sbz83nose"
00-0031364,"https://static.www.nfl.com/image/upload/f_auto,q_auto/league/iururnv6x8iuzepggwvt"
00-0031381,"https://static.www.nfl.com/image/upload/f_auto,q_auto/league/tdzluk4xau3arxqk9zsl"
00-0031388,"https://static.www.nfl.com/image/private/f_auto,q_auto/league/gou42dathlyc1rfn4pga"
00-0031402,"https://static.www.nfl.com/image/upload/f_auto,q_auto/league/c9giqcqfhdypuhzgdzv4"
00-0031408,"https://static.www.nfl.com/image/upload/f_auto,q_auto/league/zc4ujpmndyxrbiyyjomz"
00-0031411,"https://static.www.nfl.com/image/upload/f_auto,q_auto/league/yo0w88bzr0s9qrnmadeq"
00-0031426,"https://static.www.nfl.com/image/upload/f_auto,q_auto/league/il9yy0bjrowrwhxk9ard"
00-0031428,"https://static.www.nfl.com/image/upload/f_auto,q_auto/league/fyukft9lraurbsq0laom"
00-0031484,"https://static.www.nfl.com/image/upload/f_auto,q_auto/league/bw0kytk1nwrdln9t3wzg"
00-0031492,"https://static.www.nfl.com/image/upload/f_auto,q_auto/league/zcd7q9loflr0t5bsvzig"
00-0031500,"https://static.www.nfl.com/image/upload/f_auto,q_auto/league/i5zeos5e8jhwupjnlsri"
00-0031503,"https://static.www.nfl.com/image/upload/f_auto,q_auto/league/e5qyxnibbyawi0pvfpjl"
00-0031544,"https://static.www.nfl.com/image/upload/f_auto,q_auto/league/zmtzqznqui37unmo5xv9"
00-0031549,"https://static.www.nfl.com/image/upload/f_auto,q_auto/league/wyxfkarcjgqdz3pl8nnr"
00-0031550,"https://static.www.nfl.com/image/upload/f_auto,q_auto/league/rk9qairtsyrzdoznvmen"
00-0031551,"https://static.www.nfl.com/image/upload/f_auto,q_auto/league/o0kwpqywuicbketxfbck"
00-0031554,"https://static.www.nfl.com/image/upload/f_auto,q_auto/league/adc49lyuljufsfseggdc"
00-0031555,"https://static.www.nfl.com/image/upload/f_auto,q_auto/league/ygvjgvkure8eesiiz0hw"
00-0031557,"https://static.www.nfl.com/image/upload/f_auto,q_auto/league/hn887nvbphkycvlkvlms"
00-0031565,"https://static.www.nfl.com/image/upload/f_auto,q_auto/league/l4qdgo10becu0f3zgmyj"
00-0031576,"https://static.www.nfl.com/image/upload/f_auto,q_auto/league/l5t51lcflhhfvxhr1sx3"
00-0031580,"https://static.www.nfl.com/image/upload/f_auto,q_auto/league/h2j9pcx5k3kfbxgq1bb7"
00-0031581,"https://static.www.nfl.com/image/private/f_auto,q_auto/league/ldqr5jlk57a6nrha4u8w"
00-0031583,"https://static.www.nfl.com/image/upload/f_auto,q_auto/league/cchbtgvedcufwteb6dip"
00-0031584,"https://static.www.nfl.com/image/private/f_auto,q_auto/league/igawxadxnpihzzpzw9oe"
00-0031585,"https://static.www.nfl.com/image/upload/f_auto,q_auto/league/jazo8egu5luwyxxcpjh8"
00-0031587,"https://static.www.nfl.com/image/upload/f_auto,q_auto/league/qngkoi5ocjuet0kmni6a"
00-0031588,"https://static.www.nfl.com/image/upload/f_auto,q_auto/league/cemcexmscsarpvwhafln"
00-0031595,"https://static.www.nfl.com/image/upload/f_auto,q_auto/league/ibyeabk3yu68mgipxklr"
00-0031608,"https://static.www.nfl.com/image/upload/f_auto,q_auto/league/kqasx5pfmin4wrk503uf"
00-0031610,"https://static.www.nfl.com/image/upload/f_auto,q_auto/league/loyehiyzcu2lexjk7plq"
00-0031622,"https://static.www.nfl.com/image/upload/f_auto,q_auto/league/uqobnujagdsizf4lngbp"
00-0031687,"https://static.www.nfl.com/image/upload/f_auto,q_auto/league/fas5rkweusx2hl7abtzh"
00-0031690,"https://static.www.nfl.com/image/upload/f_auto,q_auto/league/i2n4shhc4sprxbsbhfcy"
00-0031734,"https://static.www.nfl.com/image/upload/f_auto,q_auto/league/jq9alxtgwza6ik4fl1ek"
00-0031740,"https://static.www.nfl.com/image/upload/f_auto,q_auto/league/lw2m7oyputkdykbaz0cu"
00-0031763,"https://static.www.nfl.com/image/upload/f_auto,q_auto/league/jx4io3owliw3l5xve6ta"
00-0031785,"https://static.www.nfl.com/image/upload/f_auto,q_auto/league/fa4ba7c9ku1narcpyh10"
00-0031795,"https://static.www.nfl.com/image/upload/f_auto,q_auto/league/oomwiwcodj3uwrbd4bug"
00-0031800,"https://static.www.nfl.com/image/upload/f_auto,q_auto/league/fz9e0aufjyyo5raclwji"
00-0031852,"https://static.www.nfl.com/image/private/f_auto,q_auto/league/wgk8dyj0opob0dgutfz6"
00-0031898,"https://static.www.nfl.com/image/upload/f_auto,q_auto/league/majblawsimvtv3k2xd6j"
00-0031911,"https://static.www.nfl.com/image/upload/f_auto,q_auto/league/xbx0sf2o3zhorv6mbhl2"
00-0031921,"https://static.www.nfl.com/image/upload/f_auto,q_auto/league/ppp9mcm3mqiymtwtmhmx"
00-0031933,"https://static.www.nfl.com/image/upload/f_auto,q_auto/league/jhaogtinjeyrwbjsvbl4"
00-0031935,"https://static.www.nfl.com/image/upload/f_auto,q_auto/league/etcwpdjr7xtc4gubw8gf"
00-0031936,"https://static.www.nfl.com/image/upload/f_auto,q_auto/league/rlmszp2z31nrt5zoew30"
00-0031938,"https://static.www.nfl.com/image/upload/f_auto,q_auto/league/ozc21yaswwzhzdbcz0fm"
00-0031941,"https://static.www.nfl.com/image/upload/f_auto,q_auto/league/rfysbrjrvfdr72cx8who"
00-0031957,"https://static.www.nfl.com/image/upload/f_auto,q_auto/league/udm7hafj1u08xj2blkta"
00-0032052,"https://static.www.nfl.com/image/upload/f_auto,q_auto/league/cp6ao2rf9siswpzctpt9"
00-0032053,"https://static.www.nfl.com/image/private/f_auto,q_auto/league/anatrup32nwke2whu7vo"
00-0032065,"https://static.www.nfl.com/image/upload/f_auto,q_auto/league/xx5dvt7efcoyiwbhrjrq"
00-0032071,"https://static.www.nfl.com/image/upload/f_auto,q_auto/league/cszhfhjysj4e5hm4vbwk"
00-0032103,"https://static.www.nfl.com/image/upload/f_auto,q_auto/league/n3oqbsrycbe0nwdwblez"
00-0032104,"https://static.www.nfl.com/image/upload/f_auto,q_auto/league/k8teyeiqchljlm0h5te4"
00-0032107,"https://static.www.nfl.com/image/upload/f_auto,q_auto/league/fqkyimdahqjlnqu60zqf"
00-0032109,"https://static.www.nfl.com/image/upload/f_auto,q_auto/league/rccrvhqts2qk8ycjqfmz"
00-0032128,"https://static.www.nfl.com/image/upload/f_auto,q_auto/league/mr4h7vx02uwpr7xlfk6y"
00-0032129,"https://static.www.nfl.com/image/upload/f_auto,q_auto/league/nupnkxjio2iuqppmog1a"
00-0032134,"https://static.www.nfl.com/image/private/f_auto,q_auto/league/hnkflpl5pzbfbdvtcv1c"
00-0032141,"https://static.www.nfl.com/image/upload/f_auto,q_auto/league/kecuhwgbqvlqt6gb0dz6"
00-0032145,"https://static.www.nfl.com/image/upload/f_auto,q_auto/league/am4j5uzyvy1eow4ptemd"
00-0032146,"https://static.www.nfl.com/image/upload/f_auto,q_auto/league/cooz0t9nynyj7cfe1gac"
00-0032150,"https://static.www.nfl.com/image/private/f_auto,q_auto/league/qaocvlmmgdkkubtkxqrt"
00-0032151,"https://static.www.nfl.com/image/upload/f_auto,q_auto/league/mfsf1zkh4exfukfvuwuh"
00-0032156,"https://static.www.nfl.com/image/private/f_auto,q_auto/league/vmksfbms9zefxezf39sb"
00-0032162,"https://static.www.nfl.com/image/upload/f_auto,q_auto/league/v1rav6esnezg5ggbkwoz"
00-0032164,"https://static.www.nfl.com/image/upload/f_auto,q_auto/league/z6e5xcslnlyaz2egeke3"
00-0032195,"https://static.www.nfl.com/image/upload/f_auto,q_auto/league/dn0kn2aw6crrzvsjiuvl"
00-0032203,"https://static.www.nfl.com/image/upload/f_auto,q_auto/league/wlkqieesn85nhevcqcqe"
00-0032208,"https://static.www.nfl.com/image/upload/f_auto,q_auto/league/zkmdppfkcxqn5iwlcsyy"
00-0032211,"https://static.www.nfl.com/image/upload/f_auto,q_auto/league/gyhvviyep9iigeaobxmi"
00-0032222,"https://static.www.nfl.com/image/upload/f_auto,q_auto/league/ruiab6fqdaerscb2qnkz"
00-0032228,"https://static.www.nfl.com/image/upload/f_auto,q_auto/league/csekknezcx6bozjlcfc2"
00-0032234,"https://static.www.nfl.com/image/upload/f_auto,q_auto/league/thhrfc9q38r0m1qvfctv"
00-0032242,"https://static.www.nfl.com/image/upload/f_auto,q_auto/league/cqsicmerjhzvzpnz77fz"
00-0032265,"https://static.www.nfl.com/image/upload/f_auto,q_auto/league/cia50revbealvw5biusr"
00-0032268,"https://static.www.nfl.com/image/upload/f_auto,q_auto/league/grx6m1fmu1odltjo3y31"
00-0032366,"https://static.www.nfl.com/image/upload/f_auto,q_auto/league/ug86kkpgmc0c9ntyp5qb"
00-0032378,"https://static.www.nfl.com/image/upload/f_auto,q_auto/league/kww3dh6mlqepwp26wxeo"
00-0032379,"https://static.www.nfl.com/image/upload/f_auto,q_auto/league/szrv0msliekcbdfulpzb"
00-0032380,"https://static.www.nfl.com/image/upload/f_auto,q_auto/league/gxoga8rszlaaewu5hh0x"
00-0032381,"https://static.www.nfl.com/image/upload/f_auto,q_auto/league/j0gbwayifwek9ggoraqm"
00-0032383,"https://static.www.nfl.com/image/upload/f_auto,q_auto/league/owzvmhrfz5lfh2rcalxd"
00-0032384,"https://static.www.nfl.com/image/upload/f_auto,q_auto/league/qqjiis2ybfqh1gkc5jgm"
00-0032385,"https://static.www.nfl.com/image/upload/f_auto,q_auto/league/l47czwi8aaznnit0se5h"
00-0032387,"https://static.www.nfl.com/image/upload/f_auto,q_auto/league/td7umxhgwkswls8rutk0"
00-0032388,"https://static.www.nfl.com/image/upload/f_auto,q_auto/league/fpmevebnsvfm07e7xhcu"
00-0032391,"https://static.www.nfl.com/image/upload/f_auto,q_auto/league/fstgjypwv8bcpfaae5mi"
00-0032392,"https://static.www.nfl.com/image/upload/f_auto,q_auto/league/dd0j9ccd8fxokl48alzg"
00-0032394,"https://static.www.nfl.com/image/upload/f_auto,q_auto/league/srrlkx2mydsb8gfco6fp"
00-0032395,"https://static.www.nfl.com/image/upload/f_auto,q_auto/league/mgmeks8iieefdbtk2zob"
00-0032398,"https://static.www.nfl.com/image/upload/f_auto,q_auto/league/o0s29hnpztyxqotqdx8h"
00-0032399,"https://static.www.nfl.com/image/upload/f_auto,q_auto/league/mhgwr5y6ibs53msnm2gt"
00-0032401,"https://static.www.nfl.com/image/upload/f_auto,q_auto/league/wctve53etxcg6hx9o9cr"
00-0032412,"https://static.www.nfl.com/image/upload/f_auto,q_auto/league/lwrt3rztaeonuykkrfh1"
00-0032415,"https://static.www.nfl.com/image/upload/f_auto,q_auto/league/xio1oo9c8qwfrouppuvk"
00-0032416,"https://static.www.nfl.com/image/upload/f_auto,q_auto/league/ntbok1dm3de173gjcozk"
00-0032424,"https://static.www.nfl.com/image/upload/f_auto,q_auto/league/k3fzivhgxscqaprr71by"
00-0032432,"https://static.www.nfl.com/image/private/f_auto,q_auto/league/yx1jsxusuk83sjwlwrie"
00-0032434,"https://static.www.nfl.com/image/upload/f_auto,q_auto/league/cz7oluypd7ahkdrr8net"
00-0032436,"https://static.www.nfl.com/image/upload/f_auto,q_auto/league/qvyjv4da7ya6erhqx67m"
00-0032437,"https://static.www.nfl.com/image/upload/f_auto,q_auto/league/sxfai8ftbojvsdl3wvem"
00-0032442,"https://static.www.nfl.com/image/upload/f_auto,q_auto/league/niydmsknfdiu1zyivwso"
00-0032445,"https://static.www.nfl.com/image/upload/f_auto,q_auto/league/jhxynr5fgpdtmkygyp4z"
00-0032463,"https://static.www.nfl.com/image/upload/f_auto,q_auto/league/fjkxpymzwv4qn2qui5me"
00-0032464,"https://static.www.nfl.com/image/upload/f_auto,q_auto/league/dpdv6dm0almcbjdppizx"
00-0032466,"https://static.www.nfl.com/image/upload/f_auto,q_auto/league/weyqunb0xlroc0uuydjg"
00-0032497,"https://static.www.nfl.com/image/upload/f_auto,q_auto/league/oxhx0mgsaax31qsyjwiv"
00-0032521,"https://static.www.nfl.com/image/upload/f_auto,q_auto/league/uippdcskzxubvfqoqxlo"
00-0032543,"https://static.www.nfl.com/image/private/f_auto,q_auto/league/tnd77vbkyo8srrrkaisu"
00-0032569,"https://static.www.nfl.com/image/upload/f_auto,q_auto/league/vcglg5vsgbiyggwibgy0"
00-0032574,"https://static.www.nfl.com/image/upload/f_auto,q_auto/league/k9oastt4cbi9gpksewri"
00-0032580,"https://static.www.nfl.com/image/upload/f_auto,q_auto/league/dtvgbbw3jqdekkq155hl"
00-0032667,"https://static.www.nfl.com/image/upload/f_auto,q_auto/league/gpsdbmoistqbc4dfdsak"
00-0032671,"https://static.www.nfl.com/image/upload/f_auto,q_auto/league/xq3ab5fr6dyyqc5ncjhq"
00-0032688,"https://static.www.nfl.com/image/upload/f_auto,q_auto/league/kz2hbymqgrobo1uynciv"
00-0032701,"https://static.www.nfl.com/image/upload/f_auto,q_auto/league/kmzgxqcnngnaoichwdm7"
00-0032726,"https://static.www.nfl.com/image/upload/f_auto,q_auto/league/nbrs7doetqydf2rzhjjl"
00-0032753,"https://static.www.nfl.com/image/upload/f_auto,q_auto/league/pvnnjrqgkwh2bq2pqvsj"
00-0032759,"https://static.www.nfl.com/image/upload/f_auto,q_auto/league/fql7vunf3y9uladcpt4r"
00-0032762,"https://static.www.nfl.com/image/upload/f_auto,q_auto/league/oxaqzhq5bvdoqfcvgy3g"
00-0032763,"https://static.www.nfl.com/image/upload/f_auto,q_auto/league/wmwnpt1s8wxxztkkqd0z"
00-0032764,"https://static.www.nfl.com/image/upload/f_auto,q_auto/league/tm79x0iknqg6hms3ypyt"
00-0032768,"https://static.www.nfl.com/image/upload/f_auto,q_auto/league/rp4zb2zxkhjosnuo6zer"
00-0032774,"https://static.www.nfl.com/image/upload/f_auto,q_auto/league/v0inth9nfhbpq1ufqpmv"
00-0032775,"https://static.www.nfl.com/image/upload/f_auto,q_auto/league/cokassoz2z7hb4wk2krh"
00-0032803,"https://static.www.nfl.com/image/upload/f_auto,q_auto/league/yc4745ngoppgf1syjghl"
00-0032889,"https://static.www.nfl.com/image/upload/f_auto,q_auto/league/xmh5jhuoelkynsubtjrz"
00-0032890,"https://static.www.nfl.com/image/private/f_auto,q_auto/league/aicnvekzwdh4mw66wh8g"
00-0032891,"https://static.www.nfl.com/image/private/f_auto,q_auto/league/rxotapqf0dvdbnhkk5fl"
00-0032892,"https://static.www.nfl.com/image/upload/f_auto,q_auto/league/wa0mujrluz8esidfvi8v"
00-0032918,"https://static.www.nfl.com/image/upload/f_auto,q_auto/league/evssvutwjy6szq7dpelm"
00-0032933,"https://static.www.nfl.com/image/upload/f_auto,q_auto/league/ezqh9yn3k2gnriphk8q8"
00-0032939,"https://static.www.nfl.com/image/upload/f_auto,q_auto/league/sgfnqlbea65ktiiem6kp"
00-0032942,"https://static.www.nfl.com/image/upload/f_auto,q_auto/league/krkiyzpkfb69x6dtt2bv"
00-0032943,"https://static.www.nfl.com/image/upload/f_auto,q_auto/league/wcwfdojcfj0i6y1rb5jn"
00-0032950,"https://static.www.nfl.com/image/upload/f_auto,q_auto/league/vuolixdvigc8axelug66"
00-0032951,"https://static.www.nfl.com/image/upload/f_auto,q_auto/league/xspi3oy2wlnszorzn6vk"
00-0032954,"https://static.www.nfl.com/image/upload/f_auto,q_auto/league/ezvqcoqxojheotcoyinv"
00-0032965,"https://static.www.nfl.com/image/upload/f_auto,q_auto/league/j91t0jvkrdhfmeoeeryr"
00-0032971,"https://static.www.nfl.com/image/upload/f_auto,q_auto/league/hepfele9gi8zbjin8kbf"
00-0033009,"https://static.www.nfl.com/image/upload/f_auto,q_auto/league/ttifog0hjxprlhkagugu"
00-0033010,"https://static.www.nfl.com/image/upload/f_auto,q_auto/league/cxw7fnka7letqbn7e1h3"
00-0033011,"https://static.www.nfl.com/image/upload/f_auto,q_auto/league/ldgfrqc1yt4lkktp1iky"
00-0033038,"https://static.www.nfl.com/image/upload/f_auto,q_auto/league/azsral4artrpwkjhh7cy"
00-0033040,"https://static.www.nfl.com/image/upload/f_auto,q_auto/league/gg73gnfivrn80oyqwazl"
00-0033045,"https://static.www.nfl.com/image/upload/f_auto,q_auto/league/d4yr6htg4dbs0bgcfqnd"
00-0033046,"https://static.www.nfl.com/image/upload/f_auto,q_auto/league/btmkbywpoicg8fcgvfhc"
00-0033047,"https://static.www.nfl.com/image/upload/f_auto,q_auto/league/b0di12hyti7dtrbs9stm"
00-0033050,"https://static.www.nfl.com/image/upload/f_auto,q_auto/league/jbebiqcxa5rrf9ihaxkp"
00-0033051,"https://static.www.nfl.com/image/upload/f_auto,q_auto/league/tl0jr4mxarpbmvu3tho9"
00-0033055,"https://static.www.nfl.com/image/upload/f_auto,q_auto/league/pjozgun3xstol72jfoow"
00-0033057,"https://static.www.nfl.com/image/upload/f_auto,q_auto/league/n8bh3p91qk6myrjqmast"
00-0033063,"https://static.www.nfl.com/image/upload/f_auto,q_auto/league/vldx7g9vu0boohxmhs48"
00-0033064,"https://static.www.nfl.com/image/upload/f_auto,q_auto/league/vos0byevm4wxvjrb6pd7"
00-0033065,"https://static.www.nfl.com/image/private/f_auto,q_auto/league/lotwkrfevdanwpj6bfff"
00-0033066,"https://static.www.nfl.com/image/upload/f_auto,q_auto/league/fh7q0h96fesyveoomjps"
00-0033072,"https://static.www.nfl.com/image/upload/f_auto,q_auto/league/hmojdd6skft3sfhs59ma"
00-0033073,"https://static.www.nfl.com/image/upload/f_auto,q_auto/league/uaj08gf9lrokgxgrbgcn"
00-0033077,"https://static.www.nfl.com/image/upload/f_auto,q_auto/league/yvscmqq1qki8zfsemmcd"
00-0033082,"https://static.www.nfl.com/image/upload/f_auto,q_auto/league/mq2p8pmy1hyciogyzcs9"
00-0033084,"https://static.www.nfl.com/image/upload/f_auto,q_auto/league/pdznqfqyrrwcjdrjb3s5"
00-0033090,"https://static.www.nfl.com/image/upload/f_auto,q_auto/league/cvlunbqgztudbhjrug7l"
00-0033093,"https://static.www.nfl.com/image/upload/f_auto,q_auto/league/xbebftotzf6hrqfrfnah"
00-0033096,"https://static.www.nfl.com/image/private/f_auto,q_auto/league/p2vm0nb8vtpc9urat9zo"
00-0033103,"https://static.www.nfl.com/image/upload/f_auto,q_auto/league/jxdtjdgthvex3gzb4mdd"
00-0033106,"https://static.www.nfl.com/image/upload/f_auto,q_auto/league/kaicbot8qhzrvddilbtp"
00-0033109,"https://static.www.nfl.com/image/upload/f_auto,q_auto/league/lfk4hghl74egnyztqxbn"
00-0033110,"https://static.www.nfl.com/image/upload/f_auto,q_auto/league/x1d4osiefibd04df6gow"
00-0033119,"https://static.www.nfl.com/image/upload/f_auto,q_auto/league/qjswiunczrn5xmdiqhlz"
00-0033120,"https://static.www.nfl.com/image/upload/f_auto,q_auto/league/nigxygewltiq49894pkt"
00-0033123,"https://static.www.nfl.com/image/upload/f_auto,q_auto/league/ivskxqgndid0umkimrdw"
00-0033131,"https://static.www.nfl.com/image/upload/f_auto,q_auto/league/tjyv74ytq62fprrfnjrv"
00-0033132,"https://static.www.nfl.com/image/upload/f_auto,q_auto/league/b11d1p9hvxgvobcqaiud"
00-0033156,"https://static.www.nfl.com/image/upload/f_auto,q_auto/league/soo7a4n5mxia4iky4so8"
00-0033196,"https://static.www.nfl.com/image/upload/f_auto,q_auto/league/trv1mvslxupeqavhldgc"
00-0033199,"https://static.www.nfl.com/image/upload/f_auto,q_auto/league/hibug1cxdoyzx5h25tng"
00-0033217,"https://static.www.nfl.com/image/upload/f_auto,q_auto/league/ivdxijcqlhfwsydxh6ox"
00-0033221,"https://static.www.nfl.com/image/upload/f_auto,q_auto/league/lrak5cbjwhudqx5wiigo"
00-0033246,"https://static.www.nfl.com/image/upload/f_auto,q_auto/league/gbsnomwbzavt5124vvaz"
00-0033251,"https://static.www.nfl.com/image/upload/f_auto,q_auto/league/pfhgz8ofqgoubhnuqtme"
00-0033260,"https://static.www.nfl.com/image/upload/f_auto,q_auto/league/dzwef96yf2ovfdcppbmo"
00-0033269,"https://static.www.nfl.com/image/upload/f_auto,q_auto/league/i3hjsasd97k3y3z0inc6"
00-0033280,"https://static.www.nfl.com/image/upload/f_auto,q_auto/league/st82s2ytyzanatcmkqck"
00-0033281,"https://static.www.nfl.com/image/upload/f_auto,q_auto/league/zru6ellib9fzob6zq5c3"
00-0033282,"https://static.www.nfl.com/image/upload/f_auto,q_auto/league/vyibrxegz375ntjby5zs"
00-0033283,"https://static.www.nfl.com/image/upload/f_auto,q_auto/league/ya9ueczkdruaxw1vnijr"
00-0033284,"https://static.www.nfl.com/image/upload/f_auto,q_auto/league/cstvf3qy5mqwd9nxa1sz"
00-0033288,"https://static.www.nfl.com/image/upload/f_auto,q_auto/league/vkicdglglkyukgyxtmpx"
00-0033290,"https://static.www.nfl.com/image/upload/f_auto,q_auto/league/xqlquhcisz9ykfedvele"
00-0033292,"https://static.www.nfl.com/image/upload/f_auto,q_auto/league/ei3usgh5l8gikdvksulr"
00-0033293,"https://static.www.nfl.com/image/upload/f_auto,q_auto/league/bktkfvgfwujkdbzkcfim"
00-0033294,"https://static.www.nfl.com/image/upload/f_auto,q_auto/league/zysqspeckaavbcyduzmz"
00-0033297,"https://static.www.nfl.com/image/upload/f_auto,q_auto/league/ft4g8bxpn85mshqvp4lj"
00-0033300,"https://static.www.nfl.com/image/upload/f_auto,q_auto/league/v0n8mrrqv0a03zok2kvg"
00-0033302,"https://static.www.nfl.com/image/upload/f_auto,q_auto/league/f96eyatbjt9mayqg7znh"
00-0033303,"https://static.www.nfl.com/image/upload/f_auto,q_auto/league/yphf8avl8ji0ncdohabz"
00-0033307,"https://static.www.nfl.com/image/upload/f_auto,q_auto/league/yzfa94cmhpcqamrwzdzk"
00-0033319,"https://static.www.nfl.com/image/upload/f_auto,q_auto/league/haxwyajgngz6quuyqg19"
00-0033336,"https://static.www.nfl.com/image/upload/f_auto,q_auto/league/xp5tifhe6rxrdz4rsm2f"
00-0033347,"https://static.www.nfl.com/image/upload/f_auto,q_auto/league/dlnemwulvmozmdwp0prp"
00-0033357,"https://static.www.nfl.com/image/upload/f_auto,q_auto/league/q8itjlocg5do60qat4l3"
00-0033375,"https://static.www.nfl.com/image/upload/f_auto,q_auto/league/hw06t7n00cfpt7euljza"
00-0033376,"https://static.www.nfl.com/image/upload/f_auto,q_auto/league/nm7ezh46zd5bdxaxz6a9"
00-0033381,"https://static.www.nfl.com/image/upload/f_auto,q_auto/league/lhf00svlch3ueul8msuq"
00-0033393,"https://static.www.nfl.com/image/private/f_auto,q_auto/league/ji3hdoi86xonnhxlr6gl"
00-0033400,"https://static.www.nfl.com/image/upload/f_auto,q_auto/league/q0pk8i0ehgn4bccwbmme"
00-0033439,"https://static.www.nfl.com/image/upload/f_auto,q_auto/league/hfgg6gr7aiyzmdzh4iww"
00-0033445,"https://static.www.nfl.com/image/upload/f_auto,q_auto/league/cqugkutgtlbtxjiadzzq"
00-0033455,"https://static.www.nfl.com/image/upload/f_auto,q_auto/league/rpbs9wsnuhu9tgipzwuv"
00-0033460,"https://static.www.nfl.com/image/upload/f_auto,q_auto/league/olf4tixsulbplr0hkas5"
00-0033461,"https://static.www.nfl.com/image/private/f_auto,q_auto/league/pbp2nyjgepdk6neak71i"
00-0033463,"https://static.www.nfl.com/image/upload/f_auto,q_auto/league/fv6hftu35bcjuenhupde"
00-0033466,"https://static.www.nfl.com/image/upload/f_auto,q_auto/league/gy6grhpxsegfgklfadte"
00-0033503,"https://static.www.nfl.com/image/upload/f_auto,q_auto/league/aubd7y8fpt8tdx3tci9t"
00-0033505,"https://static.www.nfl.com/image/private/f_auto,q_auto/league/oehjwk1flspsg7rw8ncd"
00-0033512,"https://static.www.nfl.com/image/upload/f_auto,q_auto/league/cz9f72l19xvvmplddbxd"
00-0033523,"https://static.www.nfl.com/image/upload/f_auto,q_auto/league/pkrndcps9i443i4wyshq"
00-0033524,"https://static.www.nfl.com/image/upload/f_auto,q_auto/league/gtqricr7gub4urjpyadn"
00-0033526,"https://static.www.nfl.com/image/upload/f_auto,q_auto/league/fllwhcdovol5i7xxahf6"
00-0033536,"https://static.www.nfl.com/image/upload/f_auto,q_auto/league/atprqcuqsl4spdak76fy"
00-0033537,"https://static.www.nfl.com/image/private/f_auto,q_auto/league/otfs2docj6eahaebo5xn"
00-0033538,"https://static.www.nfl.com/image/upload/f_auto,q_auto/league/xhxwjnd0emn65lfom6z7"
00-0033540,"https://static.www.nfl.com/image/upload/f_auto,q_auto/league/bkkszbovn5ncxprku7rh"
00-0033546,"https://static.www.nfl.com/image/upload/f_auto,q_auto/league/r3vkktytoghvtrua64hg"
00-0033547,"https://static.www.nfl.com/image/upload/f_auto,q_auto/league/gxugy1m0xlxbyk8dv5rr"
00-0033548,"https://static.www.nfl.com/image/upload/f_auto,q_auto/league/o7hb0bwvyuymmsknlubx"
00-0033549,"https://static.www.nfl.com/image/upload/f_auto,q_auto/league/qupmregt7cnl5jgzvuug"
00-0033551,"https://static.www.nfl.com/image/upload/f_auto,q_auto/league/f2ac9dmdbhc6rvgllcbt"
00-0033553,"https://static.www.nfl.com/image/upload/f_auto,q_auto/league/ka8wlhtteg8hsowsdofk"
00-0033555,"https://static.www.nfl.com/image/upload/f_auto,q_auto/league/qbz7whjzsittudcecezw"
00-0033557,"https://static.www.nfl.com/image/upload/f_auto,q_auto/league/oczccxuvy4ltvjy4fhmu"
00-0033563,"https://static.www.nfl.com/image/upload/f_auto,q_auto/league/ehyurz829tzomfafkjxb"
00-0033566,"https://static.www.nfl.com/image/upload/f_auto,q_auto/league/bqwzwewlpjcgm8zgvcs9"
00-0033570,"https://static.www.nfl.com/image/upload/f_auto,q_auto/league/kschvtoxhs5s7ulew3oe"
00-0033571,"https://static.www.nfl.com/image/upload/f_auto,q_auto/league/ikmvrrbegypwn8wejcge"
00-0033572,"https://static.www.nfl.com/image/upload/f_auto,q_auto/league/buapoaxrvjzwsr4l34mq"
00-0033576,"https://static.www.nfl.com/image/upload/f_auto,q_auto/league/czzieyox5rht6ae3g5tx"
00-0033579,"https://static.www.nfl.com/image/upload/f_auto,q_auto/league/of7kdkfale5fnuz6u8gr"
00-0033582,"https://static.www.nfl.com/image/upload/f_auto,q_auto/league/tmrdn5vftop0py2dwzn2"
00-0033589,"https://static.www.nfl.com/image/upload/f_auto,q_auto/league/iyawzolvibsds35fwapv"
00-0033591,"https://static.www.nfl.com/image/upload/f_auto,q_auto/league/nv6ix0p8965yiugsuhwh"
00-0033595,"https://static.www.nfl.com/image/upload/f_auto,q_auto/league/hlyhbl1hpgksy8swksa8"
00-0033598,"https://static.www.nfl.com/image/upload/f_auto,q_auto/league/vo3rcoaq6owinjqnlzis"
00-0033662,"https://static.www.nfl.com/image/upload/f_auto,q_auto/league/mwrtykpswz7nbfisqlmj"
00-0033676,"https://static.www.nfl.com/image/upload/f_auto,q_auto/league/q24grx1dxcv83l2nmayx"
00-0033697,"https://static.www.nfl.com/image/upload/f_auto,q_auto/league/bh8fcv8fcihcx1munujm"
00-0033699,"https://static.www.nfl.com/image/upload/f_auto,q_auto/league/sldndpn2zwt4uhkj2zks"
00-0033702,"https://static.www.nfl.com/image/upload/f_auto,q_auto/league/d6k1yzhzj3mikcheisnm"
00-0033716,"https://static.www.nfl.com/image/private/f_auto,q_auto/league/gsavlqgk7u4z9pobxxwo"
00-0033729,"https://static.www.nfl.com/image/upload/f_auto,q_auto/league/ppcxjnntytozgd78mhzz"
00-0033746,"https://static.www.nfl.com/image/upload/f_auto,q_auto/league/ckui91mrqawzzbz9jjxa"
00-0033752,"https://static.www.nfl.com/image/upload/f_auto,q_auto/league/l7ndyhi69vax0acgs1kw"
00-0033757,"https://static.www.nfl.com/image/upload/f_auto,q_auto/league/m8h8rzmxq4sjywitqnyb"
00-0033770,"https://static.www.nfl.com/image/upload/f_auto,q_auto/league/mcsbislogexqzusejqkn"
00-0033782,"https://static.www.nfl.com/image/upload/f_auto,q_auto/league/srytj7u2ver5a0lnanpg"
00-0033783,"https://static.www.nfl.com/image/upload/f_auto,q_auto/league/ub7code8rbhomboifmob"
00-0033784,"https://static.www.nfl.com/image/upload/f_auto,q_auto/league/ixwxc8m6qpilrwnuxfff"
00-0033787,"https://static.www.nfl.com/image/upload/f_auto,q_auto/league/gxy1mhbnz1p2nufkg8qz"
00-0033793,"https://static.www.nfl.com/image/upload/f_auto,q_auto/league/z21jvdkpqlhge0e2lbqs"
00-0033831,"https://static.www.nfl.com/image/upload/f_auto,q_auto/league/nt0zor6okfjksel1jim2"
00-0033854,"https://static.www.nfl.com/image/upload/f_auto,q_auto/league/bsm0k0jkytuiej2riudv"
00-0033857,"https://static.www.nfl.com/image/upload/f_auto,q_auto/league/fmjrhk2zt9z22uifctv0"
00-0033858,"https://static.www.nfl.com/image/upload/f_auto,q_auto/league/egd6llghj3n5wfdrqacw"
00-0033860,"https://static.www.nfl.com/image/upload/f_auto,q_auto/league/mldp5xpbggcf9iacij1s"
00-0033862,"https://static.www.nfl.com/image/upload/f_auto,q_auto/league/tytaxive5qhdumjqy2o2"
00-0033863,"https://static.www.nfl.com/image/upload/f_auto,q_auto/league/umcplds2xhmcs6wijlpw"
00-0033868,"https://static.www.nfl.com/image/upload/f_auto,q_auto/league/y2d1lvpgfarfv76hjcqm"
00-0033869,"https://static.www.nfl.com/image/upload/f_auto,q_auto/league/yxs7ix2pmcfv5k1qn1sk"
00-0033870,"https://static.www.nfl.com/image/upload/f_auto,q_auto/league/zgn4b0p7ezoqdqpto9lb"
00-0033872,"https://static.www.nfl.com/image/upload/f_auto,q_auto/league/plodzh6kwjvhpo2mf3ie"
00-0033873,"https://static.www.nfl.com/image/upload/f_auto,q_auto/league/wdckwtob1lybvkmxnf7p"
00-0033874,"https://static.www.nfl.com/image/upload/f_auto,q_auto/league/z4npwlwl5teozc1lp8ky"
00-0033875,"https://static.www.nfl.com/image/upload/f_auto,q_auto/league/to1hxe921e7wc8rarebt"
00-0033876,"https://static.www.nfl.com/image/upload/f_auto,q_auto/league/eh9ienpeakbbr9mw4vlm"
00-0033877,"https://static.www.nfl.com/image/upload/f_auto,q_auto/league/qxcbwkhiboobkz1xj68c"
00-0033878,"https://static.www.nfl.com/image/upload/f_auto,q_auto/league/jtskiyzkosuajjatls72"
00-0033880,"https://static.www.nfl.com/image/upload/f_auto,q_auto/league/xssxsqkbd4osqsrbtxr5"
00-0033881,"https://static.www.nfl.com/image/upload/f_auto,q_auto/league/nucl2dxmpvhlywhyro8o"
00-0033883,"https://static.www.nfl.com/image/upload/f_auto,q_auto/league/ibsp6bicwpzoghc9mofe"
00-0033884,"https://static.www.nfl.com/image/upload/f_auto,q_auto/league/uxwbh1qimnyieywlu6ic"
00-0033885,"https://static.www.nfl.com/image/upload/f_auto,q_auto/league/y4g1iayqrbrhdvkqywpx"
00-0033886,"https://static.www.nfl.com/image/upload/f_auto,q_auto/league/aywegy4gpj1d32vrl67u"
00-0033888,"https://static.www.nfl.com/image/private/f_auto,q_auto/league/oauaar0dbefdcwjksxde"
00-0033889,"https://static.www.nfl.com/image/upload/f_auto,q_auto/league/lqgjpx9ttpdhpbvswdly"
00-0033890,"https://static.www.nfl.com/image/upload/f_auto,q_auto/league/tpr5aphfvgckzecyr5rd"
00-0033891,"https://static.www.nfl.com/image/upload/f_auto,q_auto/league/qihjjzfk0vwzoyrzztkq"
00-0033892,"https://static.www.nfl.com/image/upload/f_auto,q_auto/league/jkqmwuujqfh8kir8wzdq"
00-0033893,"https://static.www.nfl.com/image/upload/f_auto,q_auto/league/uurolop9ktcloxqh4fid"
00-0033894,"https://static.www.nfl.com/image/upload/f_auto,q_auto/league/niqp2dje7qvlegxtsttn"
00-0033895,"https://static.www.nfl.com/image/upload/f_auto,q_auto/league/aayw74rhaupmfnnikzak"
00-0033897,"https://static.www.nfl.com/image/upload/f_auto,q_auto/league/gwyhozfhjgedwdmmjjcf"
00-0033901,"https://static.www.nfl.com/image/upload/f_auto,q_auto/league/yl6ylttfhl37pjf4iqxi"
00-0033902,"https://static.www.nfl.com/image/private/f_auto,q_auto/league/ilr1bs7qesfq7fryeetc"
00-0033904,"https://static.www.nfl.com/image/upload/f_auto,q_auto/league/je2zvakc2v5jrahxtq05"
00-0033905,"https://static.www.nfl.com/image/upload/f_auto,q_auto/league/gt0gj15hsswookg40d39"
00-0033906,"https://static.www.nfl.com/image/upload/f_auto,q_auto/league/yxebpuskandivlh2iil4"
00-0033907,"https://static.www.nfl.com/image/upload/f_auto,q_auto/league/gmwsx9fddqfaqsm6dx0a"
00-0033908,"https://static.www.nfl.com/image/upload/f_auto,q_auto/league/kjixprihktsfog6wx9sq"
00-0033910,"https://static.www.nfl.com/image/upload/f_auto,q_auto/league/f1hepbs2wd5rmak9sox0"
00-0033913,"https://static.www.nfl.com/image/upload/f_auto,q_auto/league/qqmbvbpitcgchhjcptve"
00-0033914,"https://static.www.nfl.com/image/upload/f_auto,q_auto/league/ltqvhzvqdxxtl1phtrgi"
00-0033918,"https://static.www.nfl.com/image/upload/f_auto,q_auto/league/osj1pbe8mj5f7h47l2op"
00-0033920,"https://static.www.nfl.com/image/upload/f_auto,q_auto/league/svxqdherouidw9mcieu9"
00-0033921,"https://static.www.nfl.com/image/upload/f_auto,q_auto/league/ilkheljdx4hbjpisulke"
00-0033923,"https://static.www.nfl.com/image/upload/f_auto,q_auto/league/hktvzf8hiupoycyg1kmc"
00-0033925,"https://static.www.nfl.com/image/upload/f_auto,q_auto/league/shlxaet74pmn8arznphw"
00-0033926,"https://static.www.nfl.com/image/upload/f_auto,q_auto/league/jybewrw2vsf17rxds4tv"
00-0033927,"https://static.www.nfl.com/image/private/f_auto,q_auto/league/herqvjadd4i3jbhwszqt"
00-0033928,"https://static.www.nfl.com/image/upload/f_auto,q_auto/league/pfd9esqxpi8xgedprdls"
00-0033929,"https://static.www.nfl.com/image/upload/f_auto,q_auto/league/weqjlnkvdzbk0usa3v7i"
00-0033930,"https://static.www.nfl.com/image/upload/f_auto,q_auto/league/rykly25j9mir0ygcnrs6"
00-0033935,"https://static.www.nfl.com/image/upload/f_auto,q_auto/league/ck1pofe4hwbbowzhb8uh"
00-0033936,"https://static.www.nfl.com/image/private/f_auto,q_auto/league/yw8euaevcvwswbx5w27w"
00-0033941,"https://static.www.nfl.com/image/upload/f_auto,q_auto/league/e3tppqrhd6bpipfn2k4z"
00-0033943,"https://static.www.nfl.com/image/upload/f_auto,q_auto/league/lf1fjsagcsvxmktl0bbn"
00-0033945,"https://static.www.nfl.com/image/upload/f_auto,q_auto/league/cmoytuhhkqslhcpulq5e"
00-0033946,"https://static.www.nfl.com/image/upload/f_auto,q_auto/league/rrtxmvm0q570crizokhq"
00-0033947,"https://static.www.nfl.com/image/upload/f_auto,q_auto/league/kmshfa3dfehklgdh1lrk"
00-0033948,"https://static.www.nfl.com/image/upload/f_auto,q_auto/league/yxrxpgcwq5qwp88vqnp3"
00-0033949,"https://static.www.nfl.com/image/upload/f_auto,q_auto/league/twaqqjexyi0vgyfbvzis"
00-0033952,"https://static.www.nfl.com/image/upload/f_auto,q_auto/league/hevbchcmeeujuwjcyjqv"
00-0033955,"https://static.www.nfl.com/image/upload/f_auto,q_auto/league/xcrgrtlk6ukrshtlnr5e"
00-0033958,"https://static.www.nfl.com/image/private/f_auto,q_auto/league/owifll49p0mmsjgf7rhn"
00-0033964,"https://static.www.nfl.com/image/upload/f_auto,q_auto/league/wlookhzmglrxdjx43l8n"
00-0033995,"https://static.www.nfl.com/image/private/f_auto,q_auto/league/nmsgidbinhl6jroszwws"
00-0034051,"https://static.www.nfl.com/image/upload/f_auto,q_auto/league/cg9flp4dh0tjvjoh4vc5"
00-0034054,"https://static.www.nfl.com/image/upload/f_auto,q_auto/league/y8t968ntco72t8f8ryba"
00-0034067,"https://static.www.nfl.com/image/upload/f_auto,q_auto/league/icxbupl2lmn9ffjfu6xm"
00-0034073,"https://static.www.nfl.com/image/upload/f_auto,q_auto/league/wf9ynmqonmnaosslkwdl"
00-0034084,"https://static.www.nfl.com/image/upload/f_auto,q_auto/league/vws2nawkkxxb8s82ny1s"
00-0034091,"https://static.www.nfl.com/image/upload/f_auto,q_auto/league/watelqvhccitomv8ntny"
00-0034096,"https://static.www.nfl.com/image/private/f_auto,q_auto/league/a3g1pxm6o6jgfb195kwx"
00-0034112,"https://static.www.nfl.com/image/upload/f_auto,q_auto/league/afwyxpln2lcv4uhf1mvd"
00-0034114,"https://static.www.nfl.com/image/upload/f_auto,q_auto/league/aewvme2mltyuwnbdodlc"
00-0034115,"https://static.www.nfl.com/image/private/f_auto,q_auto/league/zorqrtlrizlltgd6pnob"
00-0034116,"https://static.www.nfl.com/image/private/f_auto,q_auto/league/ibo4b3ak2ufimxupcezw"
00-0034125,"https://static.www.nfl.com/image/upload/f_auto,q_auto/league/j8xpfahzfgawazl4trkn"
00-0034145,"https://static.www.nfl.com/image/upload/f_auto,q_auto/league/odsa5adl0tyjcer1hnzz"
00-0034158,"https://static.www.nfl.com/image/upload/f_auto,q_auto/league/ouq6nfernugv9rsvcvwm"
00-0034159,"https://static.www.nfl.com/image/upload/f_auto,q_auto/league/b2s1wwxsgkenwlxmncu3"
00-0034160,"https://static.www.nfl.com/image/upload/f_auto,q_auto/league/apjm64xahlm5hjmoxul7"
00-0034161,"https://static.www.nfl.com/image/upload/f_auto,q_auto/league/gsvj7rtvqwbwdeho8whf"
00-0034162,"https://static.www.nfl.com/image/upload/f_auto,q_auto/league/yayikawhfng99cqrosax"
00-0034163,"https://static.www.nfl.com/image/upload/f_auto,q_auto/league/iq7og8epwftb1wl8aghd"
00-0034173,"https://static.www.nfl.com/image/upload/f_auto,q_auto/league/v3vtl2t4dfzkueanjfwc"
00-0034177,"https://static.www.nfl.com/image/upload/f_auto,q_auto/league/zmfyonfo6ohn5bxqwaxg"
00-0034184,"https://static.www.nfl.com/image/upload/f_auto,q_auto/league/dyobqe3w5eypevsk3f2b"
00-0034198,"https://static.www.nfl.com/image/upload/f_auto,q_auto/league/ikhujd70ky9ymcrvpjm5"
00-0034203,"https://static.www.nfl.com/image/upload/f_auto,q_auto/league/nzrgn9doxy57s7si8uyf"
00-0034208,"https://static.www.nfl.com/image/upload/f_auto,q_auto/league/yeoyrlaf9hlvowj6fdio"
00-0034229,"https://static.www.nfl.com/image/upload/f_auto,q_auto/league/id5buaw7dmjferuexhqj"
00-0034234,"https://static.www.nfl.com/image/upload/f_auto,q_auto/league/emckafsx5psbs9pjhhpe"
00-0034248,"https://static.www.nfl.com/image/upload/f_auto,q_auto/league/qyz7zre7auvk1ilrfs70"
00-0034251,"https://static.www.nfl.com/image/upload/f_auto,q_auto/league/jlab8hsw5int8lkrevrg"
00-0034261,"https://static.www.nfl.com/image/upload/f_auto,q_auto/league/usrnmbnd0hqmoaw4rxki"
00-0034263,"https://static.www.nfl.com/image/upload/f_auto,q_auto/league/z5tpmj5pr5cr3gbjmxcp"
00-0034264,"https://static.www.nfl.com/image/upload/f_auto,q_auto/league/hostnk8byovbecbtdea7"
00-0034265,"https://static.www.nfl.com/image/upload/f_auto,q_auto/league/uzwmcpuqsjd0ouzimpba"
00-0034270,"https://static.www.nfl.com/image/upload/f_auto,q_auto/league/knjuzxnzsfjxwcjxp5en"
00-0034272,"https://static.www.nfl.com/image/upload/f_auto,q_auto/league/xkdli55uvkkffiq6fwnu"
00-0034274,"https://static.www.nfl.com/image/upload/f_auto,q_auto/league/w8wujvtmfphdc3wohtry"
00-0034275,"https://static.www.nfl.com/image/upload/f_auto,q_auto/league/ttcdigwndhyvmhvgof25"
00-0034277,"https://static.www.nfl.com/image/upload/f_auto,q_auto/league/hf9qrjvja3ej77feihts"
00-0034278,"https://static.www.nfl.com/image/upload/f_auto,q_auto/league/pva3iicdybaabrrws0sg"
00-0034279,"https://static.www.nfl.com/image/upload/f_auto,q_auto/league/yqojuedjvxtydgd9tgpr"
00-0034281,"https://static.www.nfl.com/image/upload/f_auto,q_auto/league/qzomwajldexxneohmb7q"
00-0034285,"https://static.www.nfl.com/image/upload/f_auto,q_auto/league/s5sel5udu4qvmi9jgryz"
00-0034296,"https://static.www.nfl.com/image/upload/f_auto,q_auto/league/hhmqn3b3prllvcuyftvj"
00-0034302,"https://static.www.nfl.com/image/upload/f_auto,q_auto/league/a42s7i0njohztuhxz13p"
00-0034317,"https://static.www.nfl.com/image/upload/f_auto,q_auto/league/syie2sezwnpvbjqq5xpn"
00-0034320,"https://static.www.nfl.com/image/upload/f_auto,q_auto/league/svrbvbjq34qrfuqohfkf"
00-0034333,"https://static.www.nfl.com/image/upload/f_auto,q_auto/league/fyaqgxzjicgbmrethav3"
00-0034337,"https://static.www.nfl.com/image/upload/f_auto,q_auto/league/h9lcuxan1kd6uqsyuulq"
00-0034342,"https://static.www.nfl.com/image/upload/f_auto,q_auto/league/wltd0vj7zlzbprlshf2d"
00-0034344,"https://static.www.nfl.com/image/upload/f_auto,q_auto/league/hauze2vwdskhaiqjifk1"
00-0034345,"https://static.www.nfl.com/image/upload/f_auto,q_auto/league/mequnmjjuonmyvhuxuu2"
00-0034346,"https://static.www.nfl.com/image/upload/f_auto,q_auto/league/ut7l385k6rcyhgsh7q40"
00-0034347,"https://static.www.nfl.com/image/upload/f_auto,q_auto/league/w6h18noq7m3jxrfjytgs"
00-0034348,"https://static.www.nfl.com/image/upload/f_auto,q_auto/league/kqwmqcrlrwmqcvfuguhs"
00-0034350,"https://static.www.nfl.com/image/upload/f_auto,q_auto/league/eovri4ccfixdbtikxbyg"
00-0034351,"https://static.www.nfl.com/image/upload/f_auto,q_auto/league/bafepstxu7vvxb9v5vua"
00-0034352,"https://static.www.nfl.com/image/upload/f_auto,q_auto/league/pmwlc2ff9pjeethlzoit"
00-0034353,"https://static.www.nfl.com/image/upload/f_auto,q_auto/league/wyblvutn6o4g6cunyhc2"
00-0034355,"https://static.www.nfl.com/image/upload/f_auto,q_auto/league/ks5w5s7jghanmslipbfs"
00-0034356,"https://static.www.nfl.com/image/upload/f_auto,q_auto/league/ptrcpfheqfuuyiqexmsq"
00-0034357,"https://static.www.nfl.com/image/upload/f_auto,q_auto/league/kkjrgyvwont6cdbhu9y2"
00-0034359,"https://static.www.nfl.com/image/upload/f_auto,q_auto/league/d47ganmptjxxpyhctc8x"
00-0034360,"https://static.www.nfl.com/image/upload/f_auto,q_auto/league/gdpt5q1cisicb1uv7xfq"
00-0034361,"https://static.www.nfl.com/image/upload/f_auto,q_auto/league/ysi7vrkwfhei6adamgb3"
00-0034364,"https://static.www.nfl.com/image/private/f_auto,q_auto/league/fgkl9zfpy2yxrkxfge84"
00-0034365,"https://static.www.nfl.com/image/upload/f_auto,q_auto/league/gvpwnq0mjefjlekgzxro"
00-0034367,"https://static.www.nfl.com/image/upload/f_auto,q_auto/league/ud1q6gh3tlkiy2w90gvm"
00-0034368,"https://static.www.nfl.com/image/upload/f_auto,q_auto/league/kzgkkm7e7uqslan5amxh"
00-0034371,"https://static.www.nfl.com/image/upload/f_auto,q_auto/league/c2synfyorkd9gnrvv43v"
00-0034373,"https://static.www.nfl.com/image/upload/f_auto,q_auto/league/iccauovlxlztcx36jitr"
00-0034374,"https://static.www.nfl.com/image/upload/f_auto,q_auto/league/ex3cknffjss7ez1fwymu"
00-0034375,"https://static.www.nfl.com/image/upload/f_auto,q_auto/league/n5sjtcxydtaszz7yeyqw"
00-0034376,"https://static.www.nfl.com/image/upload/f_auto,q_auto/league/ga88tpaiiaafgcecjboi"
00-0034377,"https://static.www.nfl.com/image/upload/f_auto,q_auto/league/j2guzeu1ggx5opajjl3h"
00-0034381,"https://static.www.nfl.com/image/upload/f_auto,q_auto/league/mfeq6gxl0uurxjsqdbos"
00-0034382,"https://static.www.nfl.com/image/private/f_auto,q_auto/league/wnbz9bjtz8wooiq2podb"
00-0034383,"https://static.www.nfl.com/image/upload/f_auto,q_auto/league/ym8sbkev8l4scnrc0vd8"
00-0034384,"https://static.www.nfl.com/image/upload/f_auto,q_auto/league/haxt1fpxhgnobin0d5sx"
00-0034385,"https://static.www.nfl.com/image/private/f_auto,q_auto/league/e8rbhbuuaspg5rg9djyp"
00-0034386,"https://static.www.nfl.com/image/upload/f_auto,q_auto/league/unqrnkfpqg7juhlbyp4v"
00-0034387,"https://static.www.nfl.com/image/upload/f_auto,q_auto/league/ukjuxv7bxvbfnciod79v"
00-0034389,"https://static.www.nfl.com/image/private/f_auto,q_auto/league/lnq0ypzkle8qqwbtbqr3"
00-0034391,"https://static.www.nfl.com/image/upload/f_auto,q_auto/league/bwesbjwrbjpycetidb2q"
00-0034392,"https://static.www.nfl.com/image/upload/f_auto,q_auto/league/zqaqqvrkslfwsd9jpe9d"
00-0034397,"https://static.www.nfl.com/image/upload/f_auto,q_auto/league/pfxye4tf9lojvyeud1d9"
00-0034399,"https://static.www.nfl.com/image/upload/f_auto,q_auto/league/g8mhl0gz8akc6k5hb06i"
00-0034401,"https://static.www.nfl.com/image/upload/f_auto,q_auto/league/ctdcazjooi8u5iyf82vr"
00-0034406,"https://static.www.nfl.com/image/upload/f_auto,q_auto/league/wltinnuei2g3smdoayn3"
00-0034407,"https://static.www.nfl.com/image/upload/f_auto,q_auto/league/nvwn3sdihyyd2itjt7vy"
00-0034411,"https://static.www.nfl.com/image/upload/f_auto,q_auto/league/oigboeq0amnbgw7lnda0"
00-0034413,"https://static.www.nfl.com/image/private/f_auto,q_auto/league/ldsewkhf1k2uxwcud0bj"
00-0034414,"https://static.www.nfl.com/image/upload/f_auto,q_auto/league/drf1wvqkjdvtu1rtxvfe"
00-0034417,"https://static.www.nfl.com/image/upload/f_auto,q_auto/league/vtt6isfbfk59jtxbma2l"
00-0034418,"https://static.www.nfl.com/image/upload/f_auto,q_auto/league/cf6fmi91zijiovftx9qk"
00-0034419,"https://static.www.nfl.com/image/upload/f_auto,q_auto/league/striwxmn9t0ixherw7l8"
00-0034424,"https://static.www.nfl.com/image/upload/f_auto,q_auto/league/czuncqaya4qcf5guud1f"
00-0034429,"https://static.www.nfl.com/image/upload/f_auto,q_auto/league/al7gzhilxxfwtflukyei"
00-0034431,"https://static.www.nfl.com/image/upload/f_auto,q_auto/league/k59qf7qnigqhlxw2652h"
00-0034435,"https://static.www.nfl.com/image/private/f_auto,q_auto/league/ocvxmo4ggct27fv9dn8x"
00-0034436,"https://static.www.nfl.com/image/upload/f_auto,q_auto/league/wgmd0gzt9anbveqaw55b"
00-0034437,"https://static.www.nfl.com/image/upload/f_auto,q_auto/league/qy2pmeevxy1jndpdq1ai"
00-0034438,"https://static.www.nfl.com/image/upload/f_auto,q_auto/league/hf5rgpjctslpwjzl0er9"
00-0034445,"https://static.www.nfl.com/image/upload/f_auto,q_auto/league/mm6y8qrgmgv0nu5jvxbo"
00-0034446,"https://static.www.nfl.com/image/upload/f_auto,q_auto/league/lspbj6tc3afry1certf6"
00-0034450,"https://static.www.nfl.com/image/upload/f_auto,q_auto/league/ginorlxfefllpy5kbhsr"
00-0034461,"https://static.www.nfl.com/image/upload/f_auto,q_auto/league/qdli9iqgoixoexclb8rz"
00-0034465,"https://static.www.nfl.com/image/upload/f_auto,q_auto/league/kwmtxcogvel516q4ws86"
00-0034473,"https://static.www.nfl.com/image/upload/f_auto,q_auto/league/wmk2eix7vcc9aglty2ga"
00-0034479,"https://static.www.nfl.com/image/private/f_auto,q_auto/league/hjhlqbsu7f8sas7ozzar"
00-0034485,"https://static.www.nfl.com/image/upload/f_auto,q_auto/league/myxiqs2nqxdlw2pi8rbd"
00-0034487,"https://static.www.nfl.com/image/upload/f_auto,q_auto/league/iiig88xbj5zeau59ifvv"
00-0034488,"https://static.www.nfl.com/image/upload/f_auto,q_auto/league/uhnxkxxitwkhjwgf2egu"
00-0034490,"https://static.www.nfl.com/image/upload/f_auto,q_auto/league/jl6qf1nrpmkezxjtc5ic"
00-0034495,"https://static.www.nfl.com/image/upload/f_auto,q_auto/league/hbte4ax1oelubjtq68np"
00-0034514,"https://static.www.nfl.com/image/upload/f_auto,q_auto/league/y7rnq70zcpcgg0ifbghe"
00-0034515,"https://static.www.nfl.com/image/upload/f_auto,q_auto/league/czg1itvjivhzn2iwwbyt"
00-0034516,"https://static.www.nfl.com/image/private/f_auto,q_auto/league/dpxfoqywx98khvtjs5m7"
00-0034521,"https://static.www.nfl.com/image/upload/f_auto,q_auto/league/b05f33npu1zjtpozfgdk"
00-0034527,"https://static.www.nfl.com/image/private/f_auto,q_auto/league/tqiae46slc2jdjvnfb5n"
00-0034540,"https://static.www.nfl.com/image/upload/f_auto,q_auto/league/awgmmiypysbptsowartb"
00-0034571,"https://static.www.nfl.com/image/upload/f_auto,q_auto/league/lezvaysssxuvaprswxyk"
00-0034573,"https://static.www.nfl.com/image/upload/f_auto,q_auto/league/x2fesww60ua3fkxk2lyc"
00-0034577,"https://static.www.nfl.com/image/upload/f_auto,q_auto/league/s3vbqdcoc6oc6yh460v9"
00-0034587,"https://static.www.nfl.com/image/upload/f_auto,q_auto/league/zoya31kfrojgtq0gg5ri"
00-0034612,"https://static.www.nfl.com/image/upload/f_auto,q_auto/league/qmtokbfamxko3jn5qpou"
00-0034613,"https://static.www.nfl.com/image/upload/f_auto,q_auto/league/pyl2bpjw0vy4idcseama"
00-0034623,"https://static.www.nfl.com/image/upload/f_auto,q_auto/league/viwncfdylftfzljv9phw"
00-0034639,"https://static.www.nfl.com/image/upload/f_auto,q_auto/league/b3k1q0kl0mc7d0t8xkka"
00-0034646,"https://static.www.nfl.com/image/upload/f_auto,q_auto/league/kpggzzkazhxoq4e77xho"
00-0034657,"https://static.www.nfl.com/image/upload/f_auto,q_auto/league/gtdzbosdflkvbsm8rwiv"
00-0034668,"https://static.www.nfl.com/image/upload/f_auto,q_auto/league/fi5wxfsa59aw80nwetoi"
00-0034673,"https://static.www.nfl.com/image/upload/f_auto,q_auto/league/oel5uugavzbyitnjlw7f"
00-0034675,"https://static.www.nfl.com/image/upload/f_auto,q_auto/league/eego6d6svadhqg1dyacg"
00-0034677,"https://static.www.nfl.com/image/upload/f_auto,q_auto/league/ocb2w64oodkdvukxcemy"
00-0034678,"https://static.www.nfl.com/image/upload/f_auto,q_auto/league/flztjm6mqgjywtmaaioy"
00-0034681,"https://static.www.nfl.com/image/upload/f_auto,q_auto/league/nbnqxhjafvg2vg6lc2ls"
00-0034682,"https://static.www.nfl.com/image/upload/f_auto,q_auto/league/auijlrvvszglu6wo7xlv"
00-0034720,"https://static.www.nfl.com/image/upload/f_auto,q_auto/league/xdchysme8chq50omxcui"
00-0034721,"https://static.www.nfl.com/image/private/f_auto,q_auto/league/eiuli9dmspe6d4cwwa00"
00-0034723,"https://static.www.nfl.com/image/upload/f_auto,q_auto/league/wvnd9kwznw8xgnir6f0v"
00-0034728,"https://static.www.nfl.com/image/upload/f_auto,q_auto/league/niwxzo2rjy1uuo3aehac"
00-0034729,"https://static.www.nfl.com/image/upload/f_auto,q_auto/league/g5ifw5tkz53gjdtnrv7n"
00-0034732,"https://static.www.nfl.com/image/private/f_auto,q_auto/league/i7h0p9xensgpcxwtyino"
00-0034743,"https://static.www.nfl.com/image/private/f_auto,q_auto/league/hou79fqcetlephuywjnp"
00-0034745,"https://static.www.nfl.com/image/upload/f_auto,q_auto/league/z2jfcvmhvnbxznv7asxs"
00-0034746,"https://static.www.nfl.com/image/upload/f_auto,q_auto/league/j4y7trnt3kiptgfklo8o"
00-0034752,"https://static.www.nfl.com/image/private/f_auto,q_auto/league/icuytojhzdm0dqxoebo4"
00-0034753,"https://static.www.nfl.com/image/upload/f_auto,q_auto/league/u4xzz7tclch0tpzm9hhz"
00-0034754,"https://static.www.nfl.com/image/upload/f_auto,q_auto/league/uicl91cysjtnfqev9mjt"
00-0034756,"https://static.www.nfl.com/image/upload/f_auto,q_auto/league/xrjyvseuhpojlh8k1tyc"
00-0034759,"https://static.www.nfl.com/image/upload/f_auto,q_auto/league/jaq8p0tiipizksjbt3aa"
00-0034760,"https://static.www.nfl.com/image/upload/f_auto,q_auto/league/sl9b2jgyvmo5yn0vglok"
00-0034763,"https://static.www.nfl.com/image/upload/f_auto,q_auto/league/s3cp5zcmlnrolrof84aq"
00-0034765,"https://static.www.nfl.com/image/upload/f_auto,q_auto/league/tlpyarxwfw6jue0m0e0o"
00-0034768,"https://static.www.nfl.com/image/upload/f_auto,q_auto/league/n3ld9u2m2kfxhcc0qeiy"
00-0034771,"https://static.www.nfl.com/image/upload/f_auto,q_auto/league/oadtxde6hxz1jgrs618o"
00-0034773,"https://static.www.nfl.com/image/upload/f_auto,q_auto/league/dbumwcqqltdqv9pxkno0"
00-0034775,"https://static.www.nfl.com/image/upload/f_auto,q_auto/league/ffp75mtwnqgrv0qz0txz"
00-0034777,"https://static.www.nfl.com/image/upload/f_auto,q_auto/league/skuieceh50r31ulwpo5s"
00-0034778,"https://static.www.nfl.com/image/upload/f_auto,q_auto/league/pzbrbbwgymysharir2ms"
00-0034779,"https://static.www.nfl.com/image/upload/f_auto,q_auto/league/uhybqeoqkzjgcogc3s9y"
00-0034780,"https://static.www.nfl.com/image/upload/f_auto,q_auto/league/yshnc3lfpcams5ropegx"
00-0034782,"https://static.www.nfl.com/image/upload/f_auto,q_auto/league/znophhdzukalwuwsx6vx"
00-0034787,"https://static.www.nfl.com/image/upload/f_auto,q_auto/league/xrhz4xljlfr6cpmfbgjw"
00-0034789,"https://static.www.nfl.com/image/upload/f_auto,q_auto/league/z733r4dwebhrqeeihy0e"
00-0034790,"https://static.www.nfl.com/image/upload/f_auto,q_auto/league/z9au0ajgcwoeozfdu0ec"
00-0034791,"https://static.www.nfl.com/image/upload/f_auto,q_auto/league/h5y74trx6l8ivpkbmrkt"
00-0034792,"https://static.www.nfl.com/image/upload/f_auto,q_auto/league/aslfjfnirvlt7u6z8hkn"
00-0034794,"https://static.www.nfl.com/image/upload/f_auto,q_auto/league/k3ldptfygihmqgl2eir6"
00-0034796,"https://static.www.nfl.com/image/upload/f_auto,q_auto/league/eno6s5qzl9grbfbfwhoa"
00-0034797,"https://static.www.nfl.com/image/upload/f_auto,q_auto/league/wdo4k5bdufnhhu8izyj4"
00-0034798,"https://static.www.nfl.com/image/upload/f_auto,q_auto/league/pwcuy1ntmris98x8xmxi"
00-0034800,"https://static.www.nfl.com/image/upload/f_auto,q_auto/league/t5d3t2wt1goqgv5njdqa"
00-0034801,"https://static.www.nfl.com/image/upload/f_auto,q_auto/league/p6wltly2bismav4hvfvb"
00-0034803,"https://static.www.nfl.com/image/upload/f_auto,q_auto/league/dn3tttcun4lwo7dbwsbq"
00-0034805,"https://static.www.nfl.com/image/upload/f_auto,q_auto/league/ixfyxejxsfgffbgd7in2"
00-0034807,"https://static.www.nfl.com/image/upload/f_auto,q_auto/league/qbhwpvb59fmyguz8ttg0"
00-0034808,"https://static.www.nfl.com/image/upload/f_auto,q_auto/league/pcjtitrxadmpg7ujoddg"
00-0034810,"https://static.www.nfl.com/image/upload/f_auto,q_auto/league/y9ic1jqwhgcy75hdnptt"
00-0034815,"https://static.www.nfl.com/image/upload/f_auto,q_auto/league/zmse3qgt0x2mqiuiuiu7"
00-0034817,"https://static.www.nfl.com/image/upload/f_auto,q_auto/league/op7pv7rqvcvolr41t285"
00-0034818,"https://static.www.nfl.com/image/upload/f_auto,q_auto/league/dbzhxihrdflpqcgcn7z4"
00-0034825,"https://static.www.nfl.com/image/upload/f_auto,q_auto/league/mcd06fmoc92zmekuyxeg"
00-0034827,"https://static.www.nfl.com/image/upload/f_auto,q_auto/league/lsavpxtqoqu25emwcnvy"
00-0034828,"https://static.www.nfl.com/image/upload/f_auto,q_auto/league/u4vo0zlxvsph3annhc4f"
00-0034829,"https://static.www.nfl.com/image/upload/f_auto,q_auto/league/dykckg6we3cnw9yhpggi"
00-0034830,"https://static.www.nfl.com/image/upload/f_auto,q_auto/league/qxvkvmi2fphxjqyb21nv"
00-0034832,"https://static.www.nfl.com/image/upload/f_auto,q_auto/league/k65yb752vk1uq7sweetl"
00-0034833,"https://static.www.nfl.com/image/upload/f_auto,q_auto/league/vtldccf1xfjt0cmblvxu"
00-0034834,"https://static.www.nfl.com/image/upload/f_auto,q_auto/league/eoodwerhenaqvcaqm29t"
00-0034836,"https://static.www.nfl.com/image/upload/f_auto,q_auto/league/nvotj0nraxfrdeklulgb"
00-0034837,"https://static.www.nfl.com/image/upload/f_auto,q_auto/league/zrv8bjm7zdtboyka2jvr"
00-0034838,"https://static.www.nfl.com/image/upload/f_auto,q_auto/league/qs4e1hiqj9xymlqk6yas"
00-0034842,"https://static.www.nfl.com/image/upload/f_auto,q_auto/league/omwj6uyx0ermi51ptvh6"
00-0034843,"https://static.www.nfl.com/image/upload/f_auto,q_auto/league/tncrybucqelrcrsgumds"
00-0034844,"https://static.www.nfl.com/image/upload/f_auto,q_auto/league/qcayrzjpura2zydszonh"
00-0034847,"https://static.www.nfl.com/image/upload/f_auto,q_auto/league/fddsmma8dpk7kqufb6f1"
00-0034854,"https://static.www.nfl.com/image/upload/f_auto,q_auto/league/mozew14dow474cun5eqp"
00-0034855,"https://static.www.nfl.com/image/upload/f_auto,q_auto/league/gjb8e69jtt1ffqf1afue"
00-0034856,"https://static.www.nfl.com/image/upload/f_auto,q_auto/league/mmp5gacrbeeolrsgg5wm"
00-0034857,"https://static.www.nfl.com/image/upload/f_auto,q_auto/league/mjwbioajzldkq1vzoz2d"
00-0034858,"https://static.www.nfl.com/image/upload/f_auto,q_auto/league/fk1i6e8ursk3awmpts1j"
00-0034860,"https://static.www.nfl.com/image/upload/f_auto,q_auto/league/xz70t2ahl2ak2q9mqtia"
00-0034867,"https://static.www.nfl.com/image/private/f_auto,q_auto/league/r7wv14bgrb5ohjmqsf9p"
00-0034869,"https://static.www.nfl.com/image/upload/f_auto,q_auto/league/fyay8vruj0cqmhopufzk"
00-0034874,"https://static.www.nfl.com/image/upload/f_auto,q_auto/league/hfsdx9xzvyknsdm7bysy"
00-0034899,"https://static.www.nfl.com/image/upload/f_auto,q_auto/league/rx1z0on3krils5gvkgj4"
00-0034902,"https://static.www.nfl.com/image/upload/f_auto,q_auto/league/qvwzilzdorawnld7aous"
00-0034928,"https://static.www.nfl.com/image/upload/f_auto,q_auto/league/j4wvyoqtwt34h8qamgun"
00-0034929,"https://static.www.nfl.com/image/upload/f_auto,q_auto/league/cjkc3gfhrz7shpncinla"
00-0034937,"https://static.www.nfl.com/image/upload/f_auto,q_auto/league/ik87fzzabfqtbxsyntxu"
00-0034941,"https://static.www.nfl.com/image/upload/f_auto,q_auto/league/kjifuyh2rm6dygczcv4f"
00-0034951,"https://static.www.nfl.com/image/private/f_auto,q_auto/league/unogqelkwjhl0qwfbyu5"
00-0034955,"https://static.www.nfl.com/image/upload/f_auto,q_auto/league/aagqym9xmd5rligbbacq"
00-0034957,"https://static.www.nfl.com/image/upload/f_auto,q_auto/league/qwkllqaajfg6itgkjvkk"
00-0034959,"https://static.www.nfl.com/image/upload/f_auto,q_auto/league/zv8xb3nfxamq7sqa1xqt"
00-0034960,"https://static.www.nfl.com/image/upload/f_auto,q_auto/league/zrs4ij8mvw7wr1uujwew"
00-0034966,"https://static.www.nfl.com/image/upload/f_auto,q_auto/league/knsvo3gypaqfo3vtnt1o"
00-0034967,"https://static.www.nfl.com/image/upload/f_auto,q_auto/league/ew8xw9vqpcmeily0m3fk"
00-0034968,"https://static.www.nfl.com/image/upload/f_auto,q_auto/league/oahujzgwcvkeyc9qpqrb"
00-0034970,"https://static.www.nfl.com/image/private/f_auto,q_auto/league/gvnnqr5kj0rtte3iw9mp"
00-0034972,"https://static.www.nfl.com/image/upload/f_auto,q_auto/league/mbcaep8diu9yuo3qrtiz"
00-0034973,"https://static.www.nfl.com/image/upload/f_auto,q_auto/league/r9gqe3lrjstj55ydljhk"
00-0034974,"https://static.www.nfl.com/image/upload/f_auto,q_auto/league/l2tncxut7ssqo0ilamxq"
00-0034975,"https://static.www.nfl.com/image/upload/f_auto,q_auto/league/fuodbrwvianete2gy5ag"
00-0034977,"https://static.www.nfl.com/image/upload/f_auto,q_auto/league/l1inyksf3ejpmdkzhzsf"
00-0034978,"https://static.www.nfl.com/image/upload/f_auto,q_auto/league/qrbgvqkrw8ztcvtgbcqa"
00-0034981,"https://static.www.nfl.com/image/upload/f_auto,q_auto/league/daymhftrwf00siu0iviy"
00-0034982,"https://static.www.nfl.com/image/upload/f_auto,q_auto/league/jtvcc2vtczop90dkl4wd"
00-0034983,"https://static.www.nfl.com/image/upload/f_auto,q_auto/league/sgrqk1a6fm34swazm2bx"
00-0034987,"https://static.www.nfl.com/image/upload/f_auto,q_auto/league/lpqe7elzi8tbt8rjzozd"
00-0034989,"https://static.www.nfl.com/image/upload/f_auto,q_auto/league/kij3ym32lb7c7utwrs4j"
00-0034990,"https://static.www.nfl.com/image/upload/f_auto,q_auto/league/x8htlyswkirpsssjovsn"
00-0034992,"https://static.www.nfl.com/image/upload/f_auto,q_auto/league/m3aiaywwfngkhwcqtcdm"
00-0034993,"https://static.www.nfl.com/image/upload/f_auto,q_auto/league/mlmepu3ng2uaqlo4sqhx"
00-0034994,"https://static.www.nfl.com/image/upload/f_auto,q_auto/league/i4odgbpj1mebaq92mpo2"
00-0034999,"https://static.www.nfl.com/image/upload/f_auto,q_auto/league/gx55memu9ifriore7bzy"
00-0035000,"https://static.www.nfl.com/image/upload/f_auto,q_auto/league/zjs3eeybw4lxtljzm8lf"
00-0035003,"https://static.www.nfl.com/image/upload/f_auto,q_auto/league/bguilryx0xvj5w8o531k"
00-0035020,"https://static.www.nfl.com/image/upload/f_auto,q_auto/league/elhj5qgby9zxlasenqjb"
00-0035021,"https://static.www.nfl.com/image/upload/f_auto,q_auto/league/ux55cx0r9iwqwmfmaip6"
00-0035026,"https://static.www.nfl.com/image/upload/f_auto,q_auto/league/dpbmpsyvi88lpb4xebly"
00-0035039,"https://static.www.nfl.com/image/upload/f_auto,q_auto/league/i54p7n9yfpyytifzv7rz"
00-0035042,"https://static.www.nfl.com/image/upload/f_auto,q_auto/league/kxwddoiqqghc1kxaajco"
00-0035045,"https://static.www.nfl.com/image/upload/f_auto,q_auto/league/tpo0g9pqvia4lh2noq33"
00-0035062,"https://static.www.nfl.com/image/upload/f_auto,q_auto/league/qk1zzlke1gkuerfe8kc4"
00-0035073,"https://static.www.nfl.com/image/upload/f_auto,q_auto/league/cp345mijudr0kvwiesbu"
00-0035076,"https://static.www.nfl.com/image/upload/f_auto,q_auto/league/agspoindqgum5jrugxgo"
00-0035084,"https://static.www.nfl.com/image/upload/f_auto,q_auto/league/zkc4avbq8cmmqo9flz4z"
00-0035098,"https://static.www.nfl.com/image/upload/f_auto,q_auto/league/vp6ezokvuuzydfr3v8ae"
00-0035099,"https://static.www.nfl.com/image/upload/f_auto,q_auto/league/beioi5h4lq0obt8yx35v"
00-0035100,"https://static.www.nfl.com/image/upload/f_auto,q_auto/league/kzyh6yum2w3c6xrkndla"
00-0035112,"https://static.www.nfl.com/image/upload/f_auto,q_auto/league/zexcgdqu1lea3ecum5vl"
00-0035117,"https://static.www.nfl.com/image/upload/f_auto,q_auto/league/jxp1alnahzsludk3rygo"
00-0035118,"https://static.www.nfl.com/image/upload/f_auto,q_auto/league/kfuljmbcfkwx1quqoklv"
00-0035125,"https://static.www.nfl.com/image/upload/f_auto,q_auto/league/saqgxmq3xrr68byket0r"
00-0035127,"https://static.www.nfl.com/image/upload/f_auto,q_auto/league/cliagitqwyz5snrphj2c"
00-0035133,"https://static.www.nfl.com/image/upload/f_auto,q_auto/league/ousxob0dqjxxmcalq8aa"
00-0035139,"https://static.www.nfl.com/image/private/f_auto,q_auto/league/pbiurl35dkc9s7jmznhd"
00-0035140,"https://static.www.nfl.com/image/upload/f_auto,q_auto/league/mswmia17pkencx01nswj"
00-0035142,"https://static.www.nfl.com/image/upload/f_auto,q_auto/league/xo6ierx4ousz4wxuye0z"
00-0035144,"https://static.www.nfl.com/image/upload/f_auto,q_auto/league/zjazfilpr7k2agiwqpxn"
00-0035145,"https://static.www.nfl.com/image/upload/f_auto,q_auto/league/ubdrkk43d3tlggqeq0en"
00-0035149,"https://static.www.nfl.com/image/upload/f_auto,q_auto/league/vblrphfqfohxa2hycuue"
00-0035150,"https://static.www.nfl.com/image/upload/f_auto,q_auto/league/m4mypipricmwh7lfemgo"
00-0035156,"https://static.www.nfl.com/image/upload/f_auto,q_auto/league/iwfepgslxhtx236z6faz"
00-0035157,"https://static.www.nfl.com/image/upload/f_auto,q_auto/league/hhjpzik4tly0h4mwsigq"
00-0035164,"https://static.www.nfl.com/image/upload/f_auto,q_auto/league/dghmeq55sg0rb1ppakkr"
00-0035166,"https://static.www.nfl.com/image/upload/f_auto,q_auto/league/s03mktbhybon2whnvytl"
00-0035179,"https://static.www.nfl.com/image/private/f_auto,q_auto/league/nejzqldwc7my7c7eryzg"
00-0035189,"https://static.www.nfl.com/image/upload/f_auto,q_auto/league/htrs1hrrfok88fllrtex"
00-0035190,"https://static.www.nfl.com/image/upload/f_auto,q_auto/league/t6ah2u0wptbb8n22tehr"
00-0035192,"https://static.www.nfl.com/image/upload/f_auto,q_auto/league/qyugyvvddildncveryob"
00-0035202,"https://static.www.nfl.com/image/upload/f_auto,q_auto/league/plnsixu8jpozw1grxuvc"
00-0035208,"https://static.www.nfl.com/image/upload/f_auto,q_auto/league/zsnzd30ysrewgufbv06y"
00-0035215,"https://static.www.nfl.com/image/upload/f_auto,q_auto/league/fh7rbtvohdkaacqaxqke"
00-0035216,"https://static.www.nfl.com/image/upload/f_auto,q_auto/league/rjtil6ilydmwoy0btlt7"
00-0035227,"https://static.www.nfl.com/image/upload/f_auto,q_auto/league/fzkqg3cd4aa4sfjy4rlx"
00-0035228,"https://static.www.nfl.com/image/upload/f_auto,q_auto/league/btfruyf33adgnjzpcuen"
00-0035229,"https://static.www.nfl.com/image/upload/f_auto,q_auto/league/rs8o65x0u0n9xzde0fd6"
00-0035230,"https://static.www.nfl.com/image/upload/f_auto,q_auto/league/wqmheiax6xnk7pvcdzav"
00-0035231,"https://static.www.nfl.com/image/upload/f_auto,q_auto/league/ogy5fqw1xsut7lcxffyw"
00-0035233,"https://static.www.nfl.com/image/upload/f_auto,q_auto/league/zjva2yhlkarduzaqqrxm"
00-0035234,"https://static.www.nfl.com/image/upload/f_auto,q_auto/league/dsxhasekno62of0prulo"
00-0035235,"https://static.www.nfl.com/image/upload/f_auto,q_auto/league/qomzib0zc5muqcj4yeuh"
00-0035236,"https://static.www.nfl.com/image/upload/f_auto,q_auto/league/secfzfwznyhcgiow4rvq"
00-0035237,"https://static.www.nfl.com/image/upload/f_auto,q_auto/league/smerpaxet2i7btib2ce1"
00-0035238,"https://static.www.nfl.com/image/private/f_auto,q_auto/league/tvlrnep8pest5wubog4f"
00-0035239,"https://static.www.nfl.com/image/upload/f_auto,q_auto/league/gzvlxusjbfstklwec0ti"
00-0035240,"https://static.www.nfl.com/image/upload/f_auto,q_auto/league/srlewkb9utcfby1x0bhh"
00-0035242,"https://static.www.nfl.com/image/upload/f_auto,q_auto/league/juyfbm43z5byljmflz6g"
00-0035243,"https://static.www.nfl.com/image/upload/f_auto,q_auto/league/niyjjkzmxjmesftgjs8y"
00-0035244,"https://static.www.nfl.com/image/upload/f_auto,q_auto/league/a25iox2kpt2faeivak0g"
00-0035245,"https://static.www.nfl.com/image/upload/f_auto,q_auto/league/jdw55yuyz1uhd5wxchvj"
00-0035247,"https://static.www.nfl.com/image/upload/f_auto,q_auto/league/k5jscadqqcnj44izwijp"
00-0035248,"https://static.www.nfl.com/image/upload/f_auto,q_auto/league/ywtnmev7mxnkh1yhbrgx"
00-0035249,"https://static.www.nfl.com/image/upload/f_auto,q_auto/league/awdb5xedlbq0ebpptgzb"
00-0035250,"https://static.www.nfl.com/image/upload/f_auto,q_auto/league/xy2r2msxjqneml2c1cdc"
00-0035251,"https://static.www.nfl.com/image/upload/f_auto,q_auto/league/c8cmoyu2wemjpl6ctk9g"
00-0035252,"https://static.www.nfl.com/image/upload/f_auto,q_auto/league/zgmoaupjic5cnbhwbtfx"
00-0035253,"https://static.www.nfl.com/image/upload/f_auto,q_auto/league/pvzkbh5j3zlna7pkywx6"
00-0035254,"https://static.www.nfl.com/image/upload/f_auto,q_auto/league/b6hjuuemwgsh8q7lmadz"
00-0035255,"https://static.www.nfl.com/image/upload/f_auto,q_auto/league/ukj6kbovqjqrinpgeysa"
00-0035258,"https://static.www.nfl.com/image/upload/f_auto,q_auto/league/ylkuycgg5mlekrd0e7uy"
00-0035259,"https://static.www.nfl.com/image/private/f_auto,q_auto/league/ptq3iidy6uyg3f31gjl5"
00-0035261,"https://static.www.nfl.com/image/upload/f_auto,q_auto/league/mb2xdrqiys6ktlcuah2n"
00-0035262,"https://static.www.nfl.com/image/upload/f_auto,q_auto/league/l8faaklzbj7o6moxy0di"
00-0035264,"https://static.www.nfl.com/image/upload/f_auto,q_auto/league/uzdn86skeienyyqxyiuw"
00-0035265,"https://static.www.nfl.com/image/upload/f_auto,q_auto/league/zmuz0sxgahnwann1ztyg"
00-0035266,"https://static.www.nfl.com/image/upload/f_auto,q_auto/league/b7mi3e3r7n1cdlymjtwl"
00-0035269,"https://static.www.nfl.com/image/upload/f_auto,q_auto/league/opglxpqmhu21eydoyvg2"
00-0035270,"https://static.www.nfl.com/image/upload/f_auto,q_auto/league/aqg1eu9fdnoqmaff8cb4"
00-0035272,"https://static.www.nfl.com/image/upload/f_auto,q_auto/league/vbpdlib647tcpzz59wyt"
00-0035276,"https://static.www.nfl.com/image/upload/f_auto,q_auto/league/mvui8tjkoewkupyncbok"
00-0035277,"https://static.www.nfl.com/image/upload/f_auto,q_auto/league/ohcl41cpchr9fjoktlj6"
00-0035278,"https://static.www.nfl.com/image/upload/f_auto,q_auto/league/ai1vyv5bf08robtaxwet"
00-0035279,"https://static.www.nfl.com/image/upload/f_auto,q_auto/league/epsvk3cdkn7m24ak0wsy"
00-0035280,"https://static.www.nfl.com/image/upload/f_auto,q_auto/league/loghcplmv69wosiqlopr"
00-0035282,"https://static.www.nfl.com/image/upload/f_auto,q_auto/league/rspxeh6kxzfr7ftkcywh"
00-0035286,"https://static.www.nfl.com/image/upload/f_auto,q_auto/league/tze6n0gu18n71jassqte"
00-0035289,"https://static.www.nfl.com/image/upload/f_auto,q_auto/league/knlacyr7rqfkcxiriudj"
00-0035291,"https://static.www.nfl.com/image/upload/f_auto,q_auto/league/zwei0idpruplnhlmpfkr"
00-0035292,"https://static.www.nfl.com/image/upload/f_auto,q_auto/league/h6g8cn2jt1rvuvkyvmkp"
00-0035295,"https://static.www.nfl.com/image/private/f_auto,q_auto/league/dp1scgce6httdu0udyng"
00-0035297,"https://static.www.nfl.com/image/upload/f_auto,q_auto/league/fface3xneon0qi0kttvd"
00-0035298,"https://static.www.nfl.com/image/upload/f_auto,q_auto/league/mlx2xhjvzt6pqwgoloqa"
00-0035300,"https://static.www.nfl.com/image/private/f_auto,q_auto/league/vmjhwdrhizhlakdxlsd1"
00-0035301,"https://static.www.nfl.com/image/upload/f_auto,q_auto/league/fl10d0bhrvfrqkjamcgp"
00-0035308,"https://static.www.nfl.com/image/upload/f_auto,q_auto/league/ixhp102leeriycsx1pkl"
00-0035311,"https://static.www.nfl.com/image/upload/f_auto,q_auto/league/dn5kacxm99pb95u8dle1"
00-0035316,"https://static.www.nfl.com/image/upload/f_auto,q_auto/league/lndj0awmhdulawkcjgua"
00-0035317,"https://static.www.nfl.com/image/upload/f_auto,q_auto/league/ykzlb5vdb8erowhjhelw"
00-0035328,"https://static.www.nfl.com/image/upload/f_auto,q_auto/league/akzyyzceelnt2nkblgb2"
00-0035329,"https://static.www.nfl.com/image/upload/f_auto,q_auto/league/v4ryz7edi35hnbogbqjt"
00-0035330,"https://static.www.nfl.com/image/upload/f_auto,q_auto/league/eitmt82nhdoeyeemklmi"
00-0035334,"https://static.www.nfl.com/image/private/f_auto,q_auto/league/ayepxrrynzz6cnxf5xco"
00-0035341,"https://static.www.nfl.com/image/upload/f_auto,q_auto/league/xqipuwaysjsl9xhtqblt"
00-0035345,"https://static.www.nfl.com/image/upload/f_auto,q_auto/league/zyedrh1lvylrutfof4ld"
00-0035346,"https://static.www.nfl.com/image/upload/f_auto,q_auto/league/ighdnxkcrnsue00m74ay"
00-0035352,"https://static.www.nfl.com/image/upload/f_auto,q_auto/league/ssfyc6yarlegh112xeoa"
00-0035355,"https://static.www.nfl.com/image/upload/f_auto,q_auto/league/hdxdmuvnrlz3tykblysu"
00-0035356,"https://static.www.nfl.com/image/upload/f_auto,q_auto/league/wqy8qk8uznsw4mn206rv"
00-0035357,"https://static.www.nfl.com/image/upload/f_auto,q_auto/league/daximpzohtbyuaxvak82"
00-0035358,"https://static.www.nfl.com/image/upload/f_auto,q_auto/league/enkzsuyzk232mbq5oe4w"
00-0035359,"https://static.www.nfl.com/image/upload/f_auto,q_auto/league/g0jd9yaq2yhw05ktamlh"
00-0035363,"https://static.www.nfl.com/image/upload/f_auto,q_auto/league/y9vh7yn88tehcffsx90f"
00-0035378,"https://static.www.nfl.com/image/upload/f_auto,q_auto/league/lueoe3vqsknnvax0gnmf"
00-0035382,"https://static.www.nfl.com/image/upload/f_auto,q_auto/league/tgbklfctfspy8vaps9he"
00-0035383,"https://static.www.nfl.com/image/upload/f_auto,q_auto/league/q8eyvt37nkna4zswusgo"
00-0035384,"https://static.www.nfl.com/image/upload/f_auto,q_auto/league/wcymlec6ziqsdudjza8k"
00-0035386,"https://static.www.nfl.com/image/upload/f_auto,q_auto/league/tqu3uz4nzkcq4crcepj3"
00-0035399,"https://static.www.nfl.com/image/upload/f_auto,q_auto/league/wxgibmduh5kodwlvbgct"
00-0035402,"https://static.www.nfl.com/image/upload/f_auto,q_auto/league/bhudfgndbvogastdhvb7"
00-0035406,"https://static.www.nfl.com/image/upload/f_auto,q_auto/league/otxrvkflhixz9akhmfqq"
00-0035408,"https://static.www.nfl.com/image/upload/f_auto,q_auto/league/jq66k7xnacmthlcx6kqx"
00-0035409,"https://static.www.nfl.com/image/upload/f_auto,q_auto/league/lcio402os2qzxmchbvvw"
00-0035413,"https://static.www.nfl.com/image/upload/f_auto,q_auto/league/w1bg0aqsnbulotbxfstd"
00-0035414,"https://static.www.nfl.com/image/upload/f_auto,q_auto/league/a6j9njysh2lwdjblxvxw"
00-0035436,"https://static.www.nfl.com/image/upload/f_auto,q_auto/league/v2zq4acigt28aips2dzl"
00-0035437,"https://static.www.nfl.com/image/private/f_auto,q_auto/league/sma7cwull7agg0gjk7dh"
00-0035444,"https://static.www.nfl.com/image/upload/f_auto,q_auto/league/czsdahph9mq2irzdrrpl"
00-0035468,"https://static.www.nfl.com/image/upload/f_auto,q_auto/league/qoqyaunikht7xwlrlbbc"
00-0035480,"https://static.www.nfl.com/image/private/f_auto,q_auto/league/aupsoxtxtpv4fmgs4ttp"
00-0035485,"https://static.www.nfl.com/image/upload/f_auto,q_auto/league/yexsagmkauh6jp9nh3hz"
00-0035500,"https://static.www.nfl.com/image/upload/f_auto,q_auto/league/pylafoddjiqh4rhjlhpf"
00-0035525,"https://static.www.nfl.com/image/upload/f_auto,q_auto/league/yn9buon12abtkbrm9cqm"
00-0035526,"https://static.www.nfl.com/image/upload/f_auto,q_auto/league/am4um8hjfero03sgxrgn"
00-0035527,"https://static.www.nfl.com/image/upload/f_auto,q_auto/league/qpqphhsofn96dvojfsx1"
00-0035535,"https://static.www.nfl.com/image/upload/f_auto,q_auto/league/otksyfjll5waf0vsczeu"
00-0035537,"https://static.www.nfl.com/image/upload/f_auto,q_auto/league/zruhihypizhtgpvsaj3c"
00-0035542,"https://static.www.nfl.com/image/upload/f_auto,q_auto/league/bttfbfwzvxgoxcnmvqsx"
00-0035544,"https://static.www.nfl.com/image/upload/f_auto,q_auto/league/cbpuzvde5zqalmkjo0dv"
00-0035547,"https://static.www.nfl.com/image/private/f_auto,q_auto/league/gxhstzqswbn4z05r9rqv"
00-0035567,"https://static.www.nfl.com/image/upload/f_auto,q_auto/league/f5zuttg3hinfqgronrsg"
00-0035572,"https://static.www.nfl.com/image/upload/f_auto,q_auto/league/roaaw3cph7q6cxdco70k"
00-0035588,"https://static.www.nfl.com/image/upload/f_auto,q_auto/league/lpe4jgum1im7luvecrc4"
00-0035589,"https://static.www.nfl.com/image/private/f_auto,q_auto/league/kfmi1ueidfxfixmaggov"
00-0035591,"https://static.www.nfl.com/image/upload/f_auto,q_auto/league/qu6phgfph0roj69tgp5o"
00-0035593,"https://static.www.nfl.com/image/upload/f_auto,q_auto/league/pawxwuphiobdd7voouwl"
00-0035594,"https://static.www.nfl.com/image/upload/f_auto,q_auto/league/dyyclvfaagspov2ydf3i"
00-0035602,"https://static.www.nfl.com/image/upload/f_auto,q_auto/league/xebxem8tzjm0yyygaklg"
00-0035617,"https://static.www.nfl.com/image/upload/f_auto,q_auto/league/laiuwnorvmneuwvav61k"
00-0035621,"https://static.www.nfl.com/image/upload/f_auto,q_auto/league/ufvxs5eu8ltqoeaogyoo"
00-0035623,"https://static.www.nfl.com/image/upload/f_auto,q_auto/league/dw98xk9hsqetb60adpf7"
00-0035624,"https://static.www.nfl.com/image/upload/f_auto,q_auto/league/yl0nlprrudo2o0awymq3"
00-0035625,"https://static.www.nfl.com/image/upload/f_auto,q_auto/league/os3bpcmalytfuwosxpzj"
00-0035628,"https://static.www.nfl.com/image/upload/f_auto,q_auto/league/gbe2eojaxid4n3pmo0rj"
00-0035629,"https://static.www.nfl.com/image/upload/f_auto,q_auto/league/ton1hb2fidrdk6zv8erf"
00-0035630,"https://static.www.nfl.com/image/upload/f_auto,q_auto/league/ej9vnjijinovikapg3nz"
00-0035631,"https://static.www.nfl.com/image/upload/f_auto,q_auto/league/mmxrr2k7gdfowqpyxtr7"
00-0035632,"https://static.www.nfl.com/image/upload/f_auto,q_auto/league/h2jriwibpvmgdc33zsjc"
00-0035633,"https://static.www.nfl.com/image/upload/f_auto,q_auto/league/p1pbz0j3iviqhqtltudy"
00-0035636,"https://static.www.nfl.com/image/private/f_auto,q_auto/league/i39nt3smr30rgznvlal3"
00-0035637,"https://static.www.nfl.com/image/upload/f_auto,q_auto/league/llibqv3euvevt5m4ftnj"
00-0035639,"https://static.www.nfl.com/image/upload/f_auto,q_auto/league/pmb3ypquiy5a2qzzmio4"
00-0035640,"https://static.www.nfl.com/image/upload/f_auto,q_auto/league/kxql4sjfelubhxawu2zh"
00-0035642,"https://static.www.nfl.com/image/upload/f_auto,q_auto/league/q8vaxyizpzrlwlhsthvl"
00-0035643,"https://static.www.nfl.com/image/upload/f_auto,q_auto/league/lt545qfibz7n9jlqyqov"
00-0035644,"https://static.www.nfl.com/image/upload/f_auto,q_auto/league/lijnonbrcmplvkcb5kqv"
00-0035645,"https://static.www.nfl.com/image/upload/f_auto,q_auto/league/q6fs5e2eotgeh47xeo74"
00-0035646,"https://static.www.nfl.com/image/upload/f_auto,q_auto/league/mx5kjkwhlgzbuhagmsb7"
00-0035647,"https://static.www.nfl.com/image/upload/f_auto,q_auto/league/lmaq9dyixaolzxleqb5e"
00-0035649,"https://static.www.nfl.com/image/upload/f_auto,q_auto/league/ofywu3qirqwt0zsf2hl1"
00-0035655,"https://static.www.nfl.com/image/upload/f_auto,q_auto/league/u5dy7qow1rg8c8768koq"
00-0035656,"https://static.www.nfl.com/image/upload/f_auto,q_auto/league/ory67tgth5h9zjiriihh"
00-0035659,"https://static.www.nfl.com/image/upload/f_auto,q_auto/league/tmfl2zruajmkrtcg4zxp"
00-0035662,"https://static.www.nfl.com/image/upload/f_auto,q_auto/league/shkjxggufymydgp6wk3p"
00-0035663,"https://static.www.nfl.com/image/upload/f_auto,q_auto/league/olasn9vezmd1uvomkpws"
00-0035665,"https://static.www.nfl.com/image/upload/f_auto,q_auto/league/rwpmkpja2y5nhokh5utb"
00-0035667,"https://static.www.nfl.com/image/upload/f_auto,q_auto/league/zo3aqstf8ng4tju17tid"
00-0035668,"https://static.www.nfl.com/image/upload/f_auto,q_auto/league/cebriv15rawbtf7iulqy"
00-0035669,"https://static.www.nfl.com/image/upload/f_auto,q_auto/league/rxmve4vvejz6looxumrw"
00-0035672,"https://static.www.nfl.com/image/upload/f_auto,q_auto/league/gdsui5swyoiuqadewwob"
00-0035674,"https://static.www.nfl.com/image/upload/f_auto,q_auto/league/cyu9a5fqoidiujclm8dy"
00-0035676,"https://static.www.nfl.com/image/upload/f_auto,q_auto/league/qfhvjyssf0lwsh0kienp"
00-0035678,"https://static.www.nfl.com/image/upload/f_auto,q_auto/league/srvoexno6ilcwzm11vgv"
00-0035679,"https://static.www.nfl.com/image/upload/f_auto,q_auto/league/xftajwhzgoys4s0lcfg3"
00-0035680,"https://static.www.nfl.com/image/upload/f_auto,q_auto/league/ukxxxlah4iappss0ro9e"
00-0035681,"https://static.www.nfl.com/image/upload/f_auto,q_auto/league/bk3iu3ki1uhkalg3dt28"
00-0035683,"https://static.www.nfl.com/image/upload/f_auto,q_auto/league/nhk41gu7prupza1wda8v"
00-0035685,"https://static.www.nfl.com/image/upload/f_auto,q_auto/league/csz0c9roa4pqsccothxg"
00-0035686,"https://static.www.nfl.com/image/upload/f_auto,q_auto/league/lzops7z8etdwzembbdws"
00-0035687,"https://static.www.nfl.com/image/upload/f_auto,q_auto/league/q5gc9nwmikqcyza7m3ku"
00-0035688,"https://static.www.nfl.com/image/upload/f_auto,q_auto/league/nhze2mywnxrcmwyck0x4"
00-0035689,"https://static.www.nfl.com/image/upload/f_auto,q_auto/league/k8bi9ppahwfmoxs8ij4w"
00-0035692,"https://static.www.nfl.com/image/upload/f_auto,q_auto/league/rit24n5qbvlrxdv6w9fq"
00-0035693,"https://static.www.nfl.com/image/upload/f_auto,q_auto/league/d2zdaol75a3i4s2sdb4r"
00-0035695,"https://static.www.nfl.com/image/upload/f_auto,q_auto/league/hceuqbr4spm1jogexiv7"
00-0035696,"https://static.www.nfl.com/image/upload/f_auto,q_auto/league/jmidsg7krhjba8rbvoha"
00-0035697,"https://static.www.nfl.com/image/upload/f_auto,q_auto/league/genaletbuldhonkf0zlc"
00-0035698,"https://static.www.nfl.com/image/upload/f_auto,q_auto/league/daovqppglueevdbutt7k"
00-0035699,"https://static.www.nfl.com/image/upload/f_auto,q_auto/league/i14xz1t5kffhey7aas39"
00-0035700,"https://static.www.nfl.com/image/upload/f_auto,q_auto/league/uceokxeo0uqrqms3e3vl"
00-0035701,"https://static.www.nfl.com/image/upload/f_auto,q_auto/league/remal7vqrpnnu0daagjd"
00-0035702,"https://static.www.nfl.com/image/upload/f_auto,q_auto/league/egrb3digghpyj13effdb"
00-0035703,"https://static.www.nfl.com/image/upload/f_auto,q_auto/league/v83sulqxwqmk6sp9qnqr"
00-0035704,"https://static.www.nfl.com/image/upload/f_auto,q_auto/league/vdixnkk1uglfpwowalf8"
00-0035705,"https://static.www.nfl.com/image/upload/f_auto,q_auto/league/dlsbnnvfzsmnqh3c05ah"
00-0035707,"https://static.www.nfl.com/image/upload/f_auto,q_auto/league/oqv87a7jn67zgnlplnbp"
00-0035708,"https://static.www.nfl.com/image/upload/f_auto,q_auto/league/lwucizbpvqrkpolyndj8"
00-0035710,"https://static.www.nfl.com/image/upload/f_auto,q_auto/league/ohvvctuykzwrpqer7xgl"
00-0035713,"https://static.www.nfl.com/image/upload/f_auto,q_auto/league/glmrmpqkmsc0jiyicmlg"
00-0035717,"https://static.www.nfl.com/image/upload/f_auto,q_auto/league/c7grjmvod7lnrfz4ordx"
00-0035718,"https://static.www.nfl.com/image/upload/f_auto,q_auto/league/lijqxjhytjakehnusgmn"
00-0035719,"https://static.www.nfl.com/image/upload/f_auto,q_auto/league/ntgyhqg6hq7fanhhsqiw"
00-0035726,"https://static.www.nfl.com/image/upload/f_auto,q_auto/league/awuzhbfuubbmxzxxdtsb"
00-0035743,"https://static.www.nfl.com/image/upload/f_auto,q_auto/league/yre7lmnvlmd2mj9sijiu"
00-0035757,"https://static.www.nfl.com/image/upload/f_auto,q_auto/league/cjpwsinxkggwwfhaahga"
00-0035763,"https://static.www.nfl.com/image/upload/f_auto,q_auto/league/oxcd8veodm7hkiualglu"
00-0035764,"https://static.www.nfl.com/image/upload/f_auto,q_auto/league/kedhkx9pv44qnun84zmg"
00-0035769,"https://static.www.nfl.com/image/upload/f_auto,q_auto/league/lc4rriknml91cx3jtdez"
00-0035771,"https://static.www.nfl.com/image/private/f_auto,q_auto/league/cxh2vsypwniukuheewu0"
00-0035783,"https://static.www.nfl.com/image/upload/f_auto,q_auto/league/meyai4iv2fxkclmmccwc"
00-0035795,"https://static.www.nfl.com/image/upload/f_auto,q_auto/league/ejlisynlop21gglz3zbh"
00-0035804,"https://static.www.nfl.com/image/upload/f_auto,q_auto/league/n1w5sqnbearvfvkx1lyv"
00-0035806,"https://static.www.nfl.com/image/upload/f_auto,q_auto/league/stvclosmy6zi864kfxw7"
00-0035816,"https://static.www.nfl.com/image/upload/f_auto,q_auto/league/zlgwimxqernx0vaej3ej"
00-0035821,"https://static.www.nfl.com/image/upload/f_auto,q_auto/league/tob4qaxxwhpmnalutnk8"
00-0035827,"https://static.www.nfl.com/image/upload/f_auto,q_auto/league/xpeopg39g2uqbfu71hai"
00-0035829,"https://static.www.nfl.com/image/upload/f_auto,q_auto/league/smhaysadli3ersrjufft"
00-0035841,"https://static.www.nfl.com/image/upload/f_auto,q_auto/league/mjruxqws2pnnpe4e0u2r"
00-0035850,"https://static.www.nfl.com/image/upload/f_auto,q_auto/league/aiekdk8bhsglx937wjbg"
00-0035853,"https://static.www.nfl.com/image/upload/f_auto,q_auto/league/qxilgn3gnfnwxfoktpkx"
00-0035857,"https://static.www.nfl.com/image/upload/f_auto,q_auto/league/vznnciqhfciaxujb2a8i"
00-0035859,"https://static.www.nfl.com/image/upload/f_auto,q_auto/league/pgasxtghfviimlj55tn0"
00-0035860,"https://static.www.nfl.com/image/private/f_auto,q_auto/league/cgvll8lokulmws98olfa"
00-0035863,"https://static.www.nfl.com/image/upload/f_auto,q_auto/league/ixfoolu4uctuyl3sueca"
00-0035876,"https://static.www.nfl.com/image/upload/f_auto,q_auto/league/uaqykjil87rj71rkyz70"
00-0035881,"https://static.www.nfl.com/image/private/f_auto,q_auto/league/rtwn4i4e7hnctktngha2"
00-0035889,"https://static.www.nfl.com/image/upload/f_auto,q_auto/league/zwolwrghzfucwck0bwld"
00-0035890,"https://static.www.nfl.com/image/upload/f_auto,q_auto/league/mj9xqaj2jvv5unjgxomd"
00-0035891,"https://static.www.nfl.com/image/upload/f_auto,q_auto/league/qaxlehtrp722qleo48sc"
00-0035895,"https://static.www.nfl.com/image/upload/f_auto,q_auto/league/xnf2vrbsglhet5fkcb9i"
00-0035900,"https://static.www.nfl.com/image/upload/f_auto,q_auto/league/x74ojmotlufzvz8jmetl"
00-0035903,"https://static.www.nfl.com/image/upload/f_auto,q_auto/league/saim6trsnqhedad4hu0r"
00-0035910,"https://static.www.nfl.com/image/upload/f_auto,q_auto/league/ew3whemn19zrgyaskr4t"
00-0035924,"https://static.www.nfl.com/image/upload/f_auto,q_auto/league/yct3a4xznwcxjvn4iosk"
00-0035927,"https://static.www.nfl.com/image/upload/f_auto,q_auto/league/tkef62tijhxd9nuuw4oc"
00-0035928,"https://static.www.nfl.com/image/upload/f_auto,q_auto/league/bh2nmfqo5vys96ni7eft"
00-0035933,"https://static.www.nfl.com/image/upload/f_auto,q_auto/league/jc7u6udenysloew1b4sx"
00-0035934,"https://static.www.nfl.com/image/upload/f_auto,q_auto/league/i0cz4kudel7ofcsgafn8"
00-0035942,"https://static.www.nfl.com/image/upload/f_auto,q_auto/league/zuetviyilmxazi5dhts2"
00-0035944,"https://static.www.nfl.com/image/upload/f_auto,q_auto/league/z91cumnpgkedyfl29jk3"
00-0035946,"https://static.www.nfl.com/image/upload/f_auto,q_auto/league/f11lhmyjrovmo0mdp5wa"
00-0035956,"https://static.www.nfl.com/image/upload/f_auto,q_auto/league/irj1ejjmt0nvi1hlscr7"
00-0035961,"https://static.www.nfl.com/image/upload/f_auto,q_auto/league/xgq5wwfuk5s2frsx0ha0"
00-0035973,"https://static.www.nfl.com/image/upload/f_auto,q_auto/league/nd1utxii5exwfoujq5a4"
00-0035976,"https://static.www.nfl.com/image/upload/f_auto,q_auto/league/ajn5xdsfu4tn4mohmlg3"
00-0035984,"https://static.www.nfl.com/image/upload/f_auto,q_auto/league/r2skp5v2pgvumlmqzhgl"
00-0035992,"https://static.www.nfl.com/image/upload/f_auto,q_auto/league/qbh3ipmfn5vfxd8a3cis"
00-0035993,"https://static.www.nfl.com/image/upload/f_auto,q_auto/league/fxyjf9d5qkwqjdd8ypvv"
00-0035997,"https://static.www.nfl.com/image/upload/f_auto,q_auto/league/cqjdjlrofv0yr0azp0to"
00-0036002,"https://static.www.nfl.com/image/upload/f_auto,q_auto/league/gqddvgy98q4lnvljvuee"
00-0036007,"https://static.www.nfl.com/image/upload/f_auto,q_auto/league/hos5p5gfiouk3lueewug"
00-0036010,"https://static.www.nfl.com/image/upload/f_auto,q_auto/league/gwcvitcgnttnroiskzen"
00-0036011,"https://static.www.nfl.com/image/upload/f_auto,q_auto/league/rlgj4rky5w5k3k53yk4q"
00-0036015,"https://static.www.nfl.com/image/private/f_auto,q_auto/league/n4hy8uzhcl5cl0ricwoa"
00-0036020,"https://static.www.nfl.com/image/upload/f_auto,q_auto/league/nbqkon8x1bkphihywnkw"
00-0036032,"https://static.www.nfl.com/image/upload/f_auto,q_auto/league/vtkdheedmwcb2sjunayt"
00-0036036,"https://static.www.nfl.com/image/upload/f_auto,q_auto/league/ezmoh6joqsserp3ogcqc"
00-0036037,"https://static.www.nfl.com/image/upload/f_auto,q_auto/league/djoisg0rjwm8t8dlskvn"
00-0036040,"https://static.www.nfl.com/image/upload/f_auto,q_auto/league/ahzqkvhjot6lygwr4ccb"
00-0036045,"https://static.www.nfl.com/image/upload/f_auto,q_auto/league/wxadtc7jcfyso4qdbeni"
00-0036059,"https://static.www.nfl.com/image/upload/f_auto,q_auto/league/gg1gcamqt7wf2dppmmcq"
00-0036080,"https://static.www.nfl.com/image/upload/f_auto,q_auto/league/qjqlxbgva6thln9lj9n5"
00-0036081,"https://static.www.nfl.com/image/upload/f_auto,q_auto/league/p5tkzkh6v2hda70lwojk"
00-0036082,"https://static.www.nfl.com/image/upload/f_auto,q_auto/league/pwnde23o1r6jmi0kvwqk"
00-0036087,"https://static.www.nfl.com/image/upload/f_auto,q_auto/league/mslszzwcbmt6hafvvu7r"
00-0036093,"https://static.www.nfl.com/image/upload/f_auto,q_auto/league/datzakc4oxdjzm07464n"
00-0036096,"https://static.www.nfl.com/image/upload/f_auto,q_auto/league/m8en6noemyviirgtxlgd"
00-0036101,"https://static.www.nfl.com/image/private/f_auto,q_auto/league/ns7gmoiyzsxlfstfd6ow"
00-0036105,"https://static.www.nfl.com/image/upload/f_auto,q_auto/league/p9zmjyfrrp61aj3i7lbj"
00-0036114,"https://static.www.nfl.com/image/upload/f_auto,q_auto/league/lacmlfcdn7rcfdxkfkfp"
00-0036120,"https://static.www.nfl.com/image/upload/f_auto,q_auto/league/tfq6x6t8is1sogxrenwu"
00-0036123,"https://static.www.nfl.com/image/upload/f_auto,q_auto/league/lc7g4r7lftzp99vwtvqv"
00-0036124,"https://static.www.nfl.com/image/upload/f_auto,q_auto/league/fuzzcdksr4hobrl1rdhv"
00-0036130,"https://static.www.nfl.com/image/upload/f_auto,q_auto/league/zvqf4b2ks5pwfkzynt5d"
00-0036132,"https://static.www.nfl.com/image/upload/f_auto,q_auto/league/nkygbtdxvxhluyjumvxu"
00-0036133,"https://static.www.nfl.com/image/upload/f_auto,q_auto/league/s1jyxzrzgn2od1sempye"
00-0036139,"https://static.www.nfl.com/image/upload/f_auto,q_auto/league/mx2bxccuzmdvzbksypws"
00-0036145,"https://static.www.nfl.com/image/upload/f_auto,q_auto/league/lis9ecqrpdhiqeh7dua5"
00-0036148,"https://static.www.nfl.com/image/upload/f_auto,q_auto/league/gayl29r5omopbfz7mzsx"
00-0036151,"https://static.www.nfl.com/image/upload/f_auto,q_auto/league/pminx3vvyt9laihkxk55"
00-0036152,"https://static.www.nfl.com/image/upload/f_auto,q_auto/league/bybv5pnixp93qbs53zu5"
00-0036157,"https://static.www.nfl.com/image/upload/f_auto,q_auto/league/iqibbhzklifflirfqvoq"
00-0036158,"https://static.www.nfl.com/image/upload/f_auto,q_auto/league/cevotvl3ho5h1mioruyg"
00-0036159,"https://static.www.nfl.com/image/upload/f_auto,q_auto/league/dtuiphmwezecyapeyefe"
00-0036162,"https://static.www.nfl.com/image/upload/f_auto,q_auto/league/rwidgp7jp8vxhssi7und"
00-0036163,"https://static.www.nfl.com/image/upload/f_auto,q_auto/league/fkcvjzqkpstczinzzbrr"
00-0036165,"https://static.www.nfl.com/image/upload/f_auto,q_auto/league/ywbemecs6xa8bsm3h7bb"
00-0036166,"https://static.www.nfl.com/image/upload/f_auto,q_auto/league/pd5hj8idoykjrnwurduz"
00-0036171,"https://static.www.nfl.com/image/upload/f_auto,q_auto/league/hg1utha1cygi0y3r45od"
00-0036176,"https://static.www.nfl.com/image/upload/f_auto,q_auto/league/hbslm9pimpxgoeti32jf"
00-0036181,"https://static.www.nfl.com/image/upload/f_auto,q_auto/league/jwqcxtrsle2q9edshwsx"
00-0036182,"https://static.www.nfl.com/image/upload/f_auto,q_auto/league/cyczwxlgfksrmurbb1ez"
00-0036183,"https://static.www.nfl.com/image/upload/f_auto,q_auto/league/kwvkhsgyvfsbzhihhh7c"
00-0036187,"https://static.www.nfl.com/image/upload/f_auto,q_auto/league/jjntivnnkczvlclkiwwm"
00-0036192,"https://static.www.nfl.com/image/upload/f_auto,q_auto/league/hprr0vl8ruh0veetztij"
00-0036193,"https://static.www.nfl.com/image/upload/f_auto,q_auto/league/zgnsugvthxpb48ulv89u"
00-0036195,"https://static.www.nfl.com/image/upload/f_auto,q_auto/league/yfjfvnswxtkpiqqv3b16"
00-0036196,"https://static.www.nfl.com/image/upload/f_auto,q_auto/league/rlmgjtfct5qjtbwcjqg6"
00-0036197,"https://static.www.nfl.com/image/upload/f_auto,q_auto/league/i1dr9fc5smv3zpvygqil"
00-0036198,"https://static.www.nfl.com/image/upload/f_auto,q_auto/league/rysmeqmb2gtomqgl8jnb"
00-0036199,"https://static.www.nfl.com/image/upload/f_auto,q_auto/league/sgf49brnj161yst22imt"
00-0036202,"https://static.www.nfl.com/image/upload/f_auto,q_auto/league/ceocoykgiyyntwvrv4sq"
00-0036204,"https://static.www.nfl.com/image/upload/f_auto,q_auto/league/lnztywmpyzddwtm0tymo"
00-0036212,"https://static.www.nfl.com/image/upload/f_auto,q_auto/league/tmm4ohds7qci0vqoobhm"
00-0036213,"https://static.www.nfl.com/image/upload/f_auto,q_auto/league/cebpdy9q3snsm1z8yx00"
00-0036214,"https://static.www.nfl.com/image/upload/f_auto,q_auto/league/hec0e1icue2tbkhvseg3"
00-0036215,"https://static.www.nfl.com/image/upload/f_auto,q_auto/league/oeo9gt4ytdtwhu5hvvu8"
00-0036217,"https://static.www.nfl.com/image/upload/f_auto,q_auto/league/koptwhwbykekb58oisw8"
00-0036219,"https://static.www.nfl.com/image/upload/f_auto,q_auto/league/zrqsn3ae99gkgpi97qzr"
00-0036220,"https://static.www.nfl.com/image/upload/f_auto,q_auto/league/xgaxvkpcxh41dyttf3sb"
00-0036221,"https://static.www.nfl.com/image/upload/f_auto,q_auto/league/vsc57i9kmaaquegceqtt"
00-0036222,"https://static.www.nfl.com/image/upload/f_auto,q_auto/league/ukadn9uyrajapqo6gxuj"
00-0036223,"https://static.www.nfl.com/image/upload/f_auto,q_auto/league/yw46ky6akdm7h7siofu8"
00-0036224,"https://static.www.nfl.com/image/upload/f_auto,q_auto/league/z49ugsnmbfkldervsiws"
00-0036225,"https://static.www.nfl.com/image/upload/f_auto,q_auto/league/n2lmavplrrwtbcjuccyk"
00-0036231,"https://static.www.nfl.com/image/upload/f_auto,q_auto/league/azhrudd22sxdaxaiwy2k"
00-0036232,"https://static.www.nfl.com/image/upload/f_auto,q_auto/league/gmguayurr96nolimwmyn"
00-0036233,"https://static.www.nfl.com/image/upload/f_auto,q_auto/league/sgfgvm2myyrntnmiqojk"
00-0036235,"https://static.www.nfl.com/image/upload/f_auto,q_auto/league/onbbvyvxbxgktkew2v1o"
00-0036236,"https://static.www.nfl.com/image/upload/f_auto,q_auto/league/fi6ivlcphteyqp30akm3"
00-0036237,"https://static.www.nfl.com/image/upload/f_auto,q_auto/league/selpjbonlchfv4krusrd"
00-0036239,"https://static.www.nfl.com/image/upload/f_auto,q_auto/league/blnbflmdlqch2rkzxfr5"
00-0036241,"https://static.www.nfl.com/image/upload/f_auto,q_auto/league/owg6wpperxys7bjablkz"
00-0036244,"https://static.www.nfl.com/image/upload/f_auto,q_auto/league/qsyrgtfjj06wryahnxc9"
00-0036246,"https://static.www.nfl.com/image/upload/f_auto,q_auto/league/kauh0olqkhebxe8gf1if"
00-0036248,"https://static.www.nfl.com/image/upload/f_auto,q_auto/league/wvam7fcwgxhanox55sbh"
00-0036249,"https://static.www.nfl.com/image/upload/f_auto,q_auto/league/bneqayiahajlquy1dxcc"
00-0036250,"https://static.www.nfl.com/image/upload/f_auto,q_auto/league/awihnovccbawpaof5pva"
00-0036251,"https://static.www.nfl.com/image/upload/f_auto,q_auto/league/oxrltdgoquiabhihhgnk"
00-0036252,"https://static.www.nfl.com/image/upload/f_auto,q_auto/league/q1ythn05kwcmdr4mwzll"
00-0036253,"https://static.www.nfl.com/image/upload/f_auto,q_auto/league/szgvamjf2lv2ggswkobd"
00-0036254,"https://static.www.nfl.com/image/upload/f_auto,q_auto/league/ijr7bal4mbsaum2lp9dq"
00-0036256,"https://static.www.nfl.com/image/upload/f_auto,q_auto/league/yjgfoh7lfrutn795jtxq"
00-0036258,"https://static.www.nfl.com/image/upload/f_auto,q_auto/league/dd2w0xyfjzbj4ooxflls"
00-0036259,"https://static.www.nfl.com/image/upload/f_auto,q_auto/league/ben8kbygzzlid6ltmdum"
00-0036260,"https://static.www.nfl.com/image/upload/f_auto,q_auto/league/jxqkukux4rgfpp5eekyo"
00-0036261,"https://static.www.nfl.com/image/upload/f_auto,q_auto/league/avzzxycxyculxxqce5k7"
00-0036262,"https://static.www.nfl.com/image/upload/f_auto,q_auto/league/td7ok6b8m35zy2bnlvta"
00-0036264,"https://static.www.nfl.com/image/upload/f_auto,q_auto/league/thz8stjkbjwddxqnozi5"
00-0036265,"https://static.www.nfl.com/image/upload/f_auto,q_auto/league/imxxt8yrbrxptoxr1hw5"
00-0036266,"https://static.www.nfl.com/image/upload/f_auto,q_auto/league/zimdvramufcajq5c3noc"
00-0036267,"https://static.www.nfl.com/image/private/f_auto,q_auto/league/yb2yk8uqsoakf8yyrlf9"
00-0036268,"https://static.www.nfl.com/image/upload/f_auto,q_auto/league/o3cfpcor86ghjwyn8icp"
00-0036269,"https://static.www.nfl.com/image/upload/f_auto,q_auto/league/fd2pagtwrgj0hopdspal"
00-0036271,"https://static.www.nfl.com/image/upload/f_auto,q_auto/league/srfbu8ebsckazo1jlzys"
00-0036272,"https://static.www.nfl.com/image/upload/f_auto,q_auto/league/mayvzeezztsx4l0gbpa5"
00-0036273,"https://static.www.nfl.com/image/upload/f_auto,q_auto/league/sxf7pg6khfwzwmjovuna"
00-0036274,"https://static.www.nfl.com/image/upload/f_auto,q_auto/league/spqqvbna344r34sgvpdk"
00-0036275,"https://static.www.nfl.com/image/upload/f_auto,q_auto/league/owpmwzoilitcodc6cmxo"
00-0036276,"https://static.www.nfl.com/image/upload/f_auto,q_auto/league/a0sjbzwrpt69hj6t5kqh"
00-0036277,"https://static.www.nfl.com/image/upload/f_auto,q_auto/league/klifw1clu1ymeoo5vqpc"
00-0036280,"https://static.www.nfl.com/image/upload/f_auto,q_auto/league/kzsfzm1m9ekyqtulq9ot"
00-0036281,"https://static.www.nfl.com/image/upload/f_auto,q_auto/league/mlbq9cpapxfoabj7fsvt"
00-0036282,"https://static.www.nfl.com/image/upload/f_auto,q_auto/league/p1pfbn04h6myuuvvgvgr"
00-0036284,"https://static.www.nfl.com/image/upload/f_auto,q_auto/league/y8g95wptr3ozqhtj6urd"
00-0036285,"https://static.www.nfl.com/image/upload/f_auto,q_auto/league/plww5syeocezywkpgpmg"
00-0036286,"https://static.www.nfl.com/image/upload/f_auto,q_auto/league/gc9qqj4piwlwse4spobk"
00-0036287,"https://static.www.nfl.com/image/upload/f_auto,q_auto/league/gnhpvwecmtmrv3clqwi1"
00-0036288,"https://static.www.nfl.com/image/upload/f_auto,q_auto/league/w1xhz0qsd0rr5hczbpb8"
00-0036289,"https://static.www.nfl.com/image/private/f_auto,q_auto/league/bhfz75verrtkscghgjjz"
00-0036290,"https://static.www.nfl.com/image/upload/f_auto,q_auto/league/ysnui8mzlu2fo70ub0yt"
00-0036291,"https://static.www.nfl.com/image/upload/f_auto,q_auto/league/zxqpom7rcenoibhktkyh"
00-0036292,"https://static.www.nfl.com/image/upload/f_auto,q_auto/league/ooazlgwwseozyduthxn6"
00-0036293,"https://static.www.nfl.com/image/upload/f_auto,q_auto/league/qdvollzto5i4xs6q9gov"
00-0036294,"https://static.www.nfl.com/image/upload/f_auto,q_auto/league/yricskcpoyoucmgfauek"
00-0036295,"https://static.www.nfl.com/image/upload/f_auto,q_auto/league/iruohug4gurmckekn4zs"
00-0036297,"https://static.www.nfl.com/image/upload/f_auto,q_auto/league/akmrd72vwsbpsnuh9775"
00-0036298,"https://static.www.nfl.com/image/upload/f_auto,q_auto/league/cxiu4fzpikl8lhpvooza"
00-0036299,"https://static.www.nfl.com/image/upload/f_auto,q_auto/league/udm9bmmx3bmhtdh59m0r"
00-0036300,"https://static.www.nfl.com/image/upload/f_auto,q_auto/league/tbysjdwb1ea5ya03wnfz"
00-0036302,"https://static.www.nfl.com/image/upload/f_auto,q_auto/league/wll7vcwwhv4izv6klkg6"
00-0036305,"https://static.www.nfl.com/image/upload/f_auto,q_auto/league/p5qxxhu4ecnzjcfva9b0"
00-0036306,"https://static.www.nfl.com/image/upload/f_auto,q_auto/league/qbw8gam5wiinqegq213p"
00-0036307,"https://static.www.nfl.com/image/upload/f_auto,q_auto/league/ep3iocz1qboqkcj16aoc"
00-0036309,"https://static.www.nfl.com/image/upload/f_auto,q_auto/league/eaejonwaflt9drrs9ika"
00-0036310,"https://static.www.nfl.com/image/upload/f_auto,q_auto/league/qcoi4yerqm7urfbnscft"
00-0036312,"https://static.www.nfl.com/image/private/f_auto,q_auto/league/krvobstakocdgp3puv0g"
00-0036313,"https://static.www.nfl.com/image/upload/f_auto,q_auto/league/eizeojehmxkvvfahj1tk"
00-0036314,"https://static.www.nfl.com/image/upload/f_auto,q_auto/league/etenzo5wtbuoiz2z5tbb"
00-0036315,"https://static.www.nfl.com/image/private/f_auto,q_auto/league/yclgagxypre3gpqh4lth"
00-0036317,"https://static.www.nfl.com/image/upload/f_auto,q_auto/league/yifchvo3ij5wbrquegqx"
00-0036321,"https://static.www.nfl.com/image/upload/f_auto,q_auto/league/ueic3ypcpfldmbymzhrc"
00-0036322,"https://static.www.nfl.com/image/upload/f_auto,q_auto/league/htjevkugzk6ietrjysny"
00-0036323,"https://static.www.nfl.com/image/upload/f_auto,q_auto/league/hvbmd1y24q3eoky2jl8i"
00-0036325,"https://static.www.nfl.com/image/upload/f_auto,q_auto/league/ra3z68izmkp21mgbr6a2"
00-0036327,"https://static.www.nfl.com/image/upload/f_auto,q_auto/league/klbtf9vddho85uv3azli"
00-0036328,"https://static.www.nfl.com/image/upload/f_auto,q_auto/league/j7ixpkm7u4tdoqwzmbt4"
00-0036329,"https://static.www.nfl.com/image/upload/f_auto,q_auto/league/e0ppdz8rxegnsmgkj31q"
00-0036331,"https://static.www.nfl.com/image/upload/f_auto,q_auto/league/tj3t166iwsxbnyzxcyyl"
00-0036332,"https://static.www.nfl.com/image/upload/f_auto,q_auto/league/wivlyvbmlm0aogcvl2yz"
00-0036333,"https://static.www.nfl.com/image/upload/f_auto,q_auto/league/vfi0umrpljsc0cn3vqle"
00-0036334,"https://static.www.nfl.com/image/upload/f_auto,q_auto/league/f3e07rywiznazr0urp4e"
00-0036335,"https://static.www.nfl.com/image/upload/f_auto,q_auto/league/ajj965d0f6fmtfprrsgo"
00-0036337,"https://static.www.nfl.com/image/upload/f_auto,q_auto/league/mmgzvvsxc3nffzkzyidq"
00-0036338,"https://static.www.nfl.com/image/upload/f_auto,q_auto/league/gfdhupqzscbwdyhvowq4"
00-0036339,"https://static.www.nfl.com/image/upload/f_auto,q_auto/league/bpsw4ieqbgop8jnqalw9"
00-0036341,"https://static.www.nfl.com/image/upload/f_auto,q_auto/league/nwpg39gki6cqnwtl2s39"
00-0036342,"https://static.www.nfl.com/image/upload/f_auto,q_auto/league/r2nyvq01hor2zkvcmgd5"
00-0036343,"https://static.www.nfl.com/image/upload/f_auto,q_auto/league/xlpsx6vmahvollkqjzcf"
00-0036344,"https://static.www.nfl.com/image/upload/f_auto,q_auto/league/s8d7x4ifytwdgwip6t5p"
00-0036345,"https://static.www.nfl.com/image/upload/f_auto,q_auto/league/ytgf9lftpnc3hqg81vhj"
00-0036347,"https://static.www.nfl.com/image/upload/f_auto,q_auto/league/pahzsehwe1mplzelu3wl"
00-0036348,"https://static.www.nfl.com/image/upload/f_auto,q_auto/league/gmb2ahv4eq0jphammw2h"
00-0036349,"https://static.www.nfl.com/image/upload/f_auto,q_auto/league/b57yoekpyop58abtiilz"
00-0036351,"https://static.www.nfl.com/image/upload/f_auto,q_auto/league/y7za6udwmac12c8hmvwh"
00-0036354,"https://static.www.nfl.com/image/upload/f_auto,q_auto/league/zlhwbmhosrjogu9uwruv"
00-0036355,"https://static.www.nfl.com/image/upload/f_auto,q_auto/league/jnkspnntgebegzp4ghve"
00-0036356,"https://static.www.nfl.com/image/upload/f_auto,q_auto/league/mf9tbatcc933o8rzfuy5"
00-0036358,"https://static.www.nfl.com/image/upload/f_auto,q_auto/league/mbblzwtynxr15ovzkevi"
00-0036359,"https://static.www.nfl.com/image/upload/f_auto,q_auto/league/fd2gstkm1skm5r3fxca5"
00-0036360,"https://static.www.nfl.com/image/upload/f_auto,q_auto/league/er6tfnyxampiwn74zrui"
00-0036361,"https://static.www.nfl.com/image/upload/f_auto,q_auto/league/ktdcor3rnkwpgehtwldn"
00-0036362,"https://static.www.nfl.com/image/upload/f_auto,q_auto/league/vf0j6vpgfr1vg5wsd7uh"
00-0036363,"https://static.www.nfl.com/image/upload/f_auto,q_auto/league/c5c4iuvcmlc7xrl8vp63"
00-0036366,"https://static.www.nfl.com/image/upload/f_auto,q_auto/league/py87zsmepp3roc7eytqf"
00-0036367,"https://static.www.nfl.com/image/upload/f_auto,q_auto/league/rsnqn3s5uuhmiutjqfsw"
00-0036368,"https://static.www.nfl.com/image/upload/f_auto,q_auto/league/j2xl7exqirdrpzslqmjn"
00-0036369,"https://static.www.nfl.com/image/upload/f_auto,q_auto/league/avxt0i2490vqynqfd2qp"
00-0036370,"https://static.www.nfl.com/image/private/f_auto,q_auto/league/fsu6gqcltgnofaakmq6u"
00-0036371,"https://static.www.nfl.com/image/upload/f_auto,q_auto/league/nvivcl9hxccojvuexvmw"
00-0036374,"https://static.www.nfl.com/image/upload/f_auto,q_auto/league/nsynaztffdtywelcfch2"
00-0036375,"https://static.www.nfl.com/image/upload/f_auto,q_auto/league/giptmuhxwq2ugaaettbg"
00-0036376,"https://static.www.nfl.com/image/upload/f_auto,q_auto/league/svoue4oh6lyx1ykgavgv"
00-0036378,"https://static.www.nfl.com/image/upload/f_auto,q_auto/league/brbpgu0xj2w0egcy5pid"
00-0036379,"https://static.www.nfl.com/image/private/f_auto,q_auto/league/t9ur7k9cqwiq3opgu3mp"
00-0036380,"https://static.www.nfl.com/image/upload/f_auto,q_auto/league/hjfezaosf4mpowfzltjt"
00-0036384,"https://static.www.nfl.com/image/private/f_auto,q_auto/league/o1gjqpevru8k8d98y2qn"
00-0036386,"https://static.www.nfl.com/image/upload/f_auto,q_auto/league/yvwuonp6lhw7ougn7q16"
00-0036387,"https://static.www.nfl.com/image/upload/f_auto,q_auto/league/r55ywr41a014zd9zmvc1"
00-0036388,"https://static.www.nfl.com/image/upload/f_auto,q_auto/league/qhxnlik9ekqnbuxqbvpz"
00-0036389,"https://static.www.nfl.com/image/upload/f_auto,q_auto/league/xow5yvxjeqa6witmofmp"
00-0036391,"https://static.www.nfl.com/image/upload/f_auto,q_auto/league/hjpczqlfnmsx0s3ii4bj"
00-0036392,"https://static.www.nfl.com/image/upload/f_auto,q_auto/league/tpnzapj9mxuegpvji22w"
00-0036394,"https://static.www.nfl.com/image/upload/f_auto,q_auto/league/b1iqudcchkj9bevv6fwo"
00-0036395,"https://static.www.nfl.com/image/upload/f_auto,q_auto/league/ytpbcdbdwwlysnjj6uwb"
00-0036396,"https://static.www.nfl.com/image/upload/f_auto,q_auto/league/dpxtqqekpghx23t7gb4j"
00-0036397,"https://static.www.nfl.com/image/upload/f_auto,q_auto/league/tib2sr0owg8wvtuvu8z7"
00-0036399,"https://static.www.nfl.com/image/upload/f_auto,q_auto/league/ux2woi7r0js5mq8x6nll"
00-0036400,"https://static.www.nfl.com/image/upload/f_auto,q_auto/league/mghokahv3kzopupvgiwa"
00-0036401,"https://static.www.nfl.com/image/private/f_auto,q_auto/league/occegf1e0klknrk466oz"
00-0036402,"https://static.www.nfl.com/image/upload/f_auto,q_auto/league/dqszbolhovpnjot6ik96"
00-0036403,"https://static.www.nfl.com/image/upload/f_auto,q_auto/league/coyl0v90radu8roiklzo"
00-0036406,"https://static.www.nfl.com/image/upload/f_auto,q_auto/league/j1gwbrodzkkdaqlpyqml"
00-0036407,"https://static.www.nfl.com/image/upload/f_auto,q_auto/league/szca1v9butuqkjs7ekpm"
00-0036408,"https://static.www.nfl.com/image/upload/f_auto,q_auto/league/upoux0ll192dnsq63my9"
00-0036409,"https://static.www.nfl.com/image/upload/f_auto,q_auto/league/mgg8dnwaoqrzpgmzyah7"
00-0036410,"https://static.www.nfl.com/image/upload/f_auto,q_auto/league/gpwtyv3viwy9q4ewderl"
00-0036411,"https://static.www.nfl.com/image/upload/f_auto,q_auto/league/wn2vlv6eyc9str0ak0fx"
00-0036412,"https://static.www.nfl.com/image/upload/f_auto,q_auto/league/tft1e8s4emxmx2697duf"
00-0036413,"https://static.www.nfl.com/image/upload/f_auto,q_auto/league/i0d3vsafckx1qzuzcrp6"
00-0036414,"https://static.www.nfl.com/image/upload/f_auto,q_auto/league/dutj0wamu7giwghnmr4m"
00-0036415,"https://static.www.nfl.com/image/upload/f_auto,q_auto/league/inwxk1xlvzculj8m3pah"
00-0036416,"https://static.www.nfl.com/image/upload/f_auto,q_auto/league/p2mzp2kljdubgj6sgzau"
00-0036417,"https://static.www.nfl.com/image/upload/f_auto,q_auto/league/gx5fgyuvhn06yvcg343w"
00-0036418,"https://static.www.nfl.com/image/upload/f_auto,q_auto/league/dhostt4bqph1utq56oxc"
00-0036420,"https://static.www.nfl.com/image/upload/f_auto,q_auto/league/rvttw0dofuy7plihfp0w"
00-0036421,"https://static.www.nfl.com/image/upload/f_auto,q_auto/league/fx86rlxeudmniz1btxrq"
00-0036422,"https://static.www.nfl.com/image/upload/f_auto,q_auto/league/bqsgkwkfolczyrxmdp1j"
00-0036423,"https://static.www.nfl.com/image/upload/f_auto,q_auto/league/gww1gus87vabpsalkrpc"
00-0036425,"https://static.www.nfl.com/image/upload/f_auto,q_auto/league/qrvemj4m3g2mqlbgy352"
00-0036427,"https://static.www.nfl.com/image/upload/f_auto,q_auto/league/wvdkhxotikdvohhaypee"
00-0036428,"https://static.www.nfl.com/image/upload/f_auto,q_auto/league/mlrmzoeod0ocotxp2nam"
00-0036429,"https://static.www.nfl.com/image/upload/f_auto,q_auto/league/tuzldnhk23mvsapfejqd"
00-0036430,"https://static.www.nfl.com/image/upload/f_auto,q_auto/league/foksxh5i35k2ugmo1cqg"
00-0036431,"https://static.www.nfl.com/image/upload/f_auto,q_auto/league/fels90wvhbe4a0vdjnnu"
00-0036437,"https://static.www.nfl.com/image/private/f_auto,q_auto/league/feseaztzo9rf9ysqzmih"
00-0036438,"https://static.www.nfl.com/image/upload/f_auto,q_auto/league/miipmedtauhxf4tmilcs"
00-0036441,"https://static.www.nfl.com/image/upload/f_auto,q_auto/league/up14o9gpznxgcvc5xtqh"
00-0036442,"https://static.www.nfl.com/image/upload/f_auto,q_auto/league/gnnvcgui1cijybukk2w7"
00-0036443,"https://static.www.nfl.com/image/upload/f_auto,q_auto/league/lf7vil8wv3cqyumtczbr"
00-0036447,"https://static.www.nfl.com/image/upload/f_auto,q_auto/league/k6u5aso9d9zm47ur0hnr"
00-0036448,"https://static.www.nfl.com/image/upload/f_auto,q_auto/league/tf80dmb1inreek7ijguw"
00-0036450,"https://static.www.nfl.com/image/private/f_auto,q_auto/league/npa1msmoqbig9cqznkti"
00-0036456,"https://static.www.nfl.com/image/private/f_auto,q_auto/league/iualxf5bff0nuttmxkut"
00-0036463,"https://static.www.nfl.com/image/upload/f_auto,q_auto/league/gfkhv6k1wr45fnhl0p1d"
00-0036474,"https://static.www.nfl.com/image/upload/f_auto,q_auto/league/uigdojlenwlxiuai9amf"
00-0036479,"https://static.www.nfl.com/image/upload/f_auto,q_auto/league/ejgftgdqggikc5u1xqme"
00-0036480,"https://static.www.nfl.com/image/upload/f_auto,q_auto/league/h0brx6vrdusdxl6fkxgv"
00-0036482,"https://static.www.nfl.com/image/private/f_auto,q_auto/league/f0eepzx0zweaaoch5xfj"
00-0036483,"https://static.www.nfl.com/image/upload/f_auto,q_auto/league/o1mom4lvhbd7yltnneyh"
00-0036491,"https://static.www.nfl.com/image/private/f_auto,q_auto/league/dqa9ppemmbv3scdrt6fa"
00-0036497,"https://static.www.nfl.com/image/upload/f_auto,q_auto/league/rgthh35tnl9dbi7jshxv"
00-0036500,"https://static.www.nfl.com/image/upload/f_auto,q_auto/league/mbax9jdlzp7cxh0hyuow"
00-0036501,"https://static.www.nfl.com/image/upload/f_auto,q_auto/league/a7yskzasxy1hjvyqql1t"
00-0036502,"https://static.www.nfl.com/image/upload/f_auto,q_auto/league/l8c9lidz6spvjrp1v831"
00-0036504,"https://static.www.nfl.com/image/upload/f_auto,q_auto/league/igkzt4tpxbb3lfcbfnzw"
00-0036507,"https://static.www.nfl.com/image/upload/f_auto,q_auto/league/wkqtw6zplyww0chin1s9"
00-0036510,"https://static.www.nfl.com/image/upload/f_auto,q_auto/league/ydf0qza9jro8obovns31"
00-0036511,"https://static.www.nfl.com/image/upload/f_auto,q_auto/league/rfmdcyim9q0prw56mzgw"
00-0036527,"https://static.www.nfl.com/image/upload/f_auto,q_auto/league/os5eurhh1y45sixa8phl"
00-0036534,"https://static.www.nfl.com/image/upload/f_auto,q_auto/league/jxq0fpgw6dzavqabgl1j"
00-0036535,"https://static.www.nfl.com/image/upload/f_auto,q_auto/league/jyrcmwhuedomgnd34qff"
00-0036537,"https://static.www.nfl.com/image/upload/f_auto,q_auto/league/c92xhixvzkoszdipbjxf"
00-0036550,"https://static.www.nfl.com/image/upload/f_auto,q_auto/league/gtktmsfcxc1eijwpwzyq"
00-0036551,"https://static.www.nfl.com/image/upload/f_auto,q_auto/league/g0vbcpdlnxiqnkj8m2wl"
00-0036552,"https://static.www.nfl.com/image/upload/f_auto,q_auto/league/sjxtproergb4cezoo1pv"
00-0036553,"https://static.www.nfl.com/image/upload/f_auto,q_auto/league/stlyey1t2lotlwldzprf"
00-0036554,"https://static.www.nfl.com/image/upload/f_auto,q_auto/league/fguybjrn1kwflxm5szwq"
00-0036555,"https://static.www.nfl.com/image/upload/f_auto,q_auto/league/rzsvnt0pxsaize2ndhxm"
00-0036556,"https://static.www.nfl.com/image/upload/f_auto,q_auto/league/rn42gehfbeflx2px8njx"
00-0036557,"https://static.www.nfl.com/image/upload/f_auto,q_auto/league/cpsudx7fxgxdjmtfvahj"
00-0036559,"https://static.www.nfl.com/image/upload/f_auto,q_auto/league/pqt6kpecarjlibgm23g6"
00-0036560,"https://static.www.nfl.com/image/private/f_auto,q_auto/league/zwk8avcsoxcutb8gwt9j"
00-0036561,"https://static.www.nfl.com/image/upload/f_auto,q_auto/league/dag6regaijwshj8f1uyn"
00-0036563,"https://static.www.nfl.com/image/upload/f_auto,q_auto/league/ozfx4033owzfliip24v2"
00-0036564,"https://static.www.nfl.com/image/upload/f_auto,q_auto/league/i1jjyltv64sihzzrr04t"
00-0036567,"https://static.www.nfl.com/image/upload/f_auto,q_auto/league/xf383ph8bz6dpp0u9lcd"
00-0036568,"https://static.www.nfl.com/image/upload/f_auto,q_auto/league/xpaoovz7dmco8nzhtxh4"
00-0036569,"https://static.www.nfl.com/image/upload/f_auto,q_auto/league/egwohqryh9q3pa7erynt"
00-0036576,"https://static.www.nfl.com/image/upload/f_auto,q_auto/league/ffwoibyhadqfki62ftyw"
00-0036577,"https://static.www.nfl.com/image/private/f_auto,q_auto/league/ywtud7jfx50ztj9u1i5p"
00-0036584,"https://static.www.nfl.com/image/upload/f_auto,q_auto/league/pspk0gr0uikkrspmdd8f"
00-0036587,"https://static.www.nfl.com/image/upload/f_auto,q_auto/league/ptjh8ufk5zfpdc0yrpeq"
00-0036589,"https://static.www.nfl.com/image/upload/f_auto,q_auto/league/tktqsmdus8y1alse43j5"
00-0036590,"https://static.www.nfl.com/image/upload/f_auto,q_auto/league/auqtvapzdtpdxg6myw6b"
00-0036596,"https://static.www.nfl.com/image/upload/f_auto,q_auto/league/ghwina6zfdtlqzs3x7pu"
00-0036603,"https://static.www.nfl.com/image/upload/f_auto,q_auto/league/p7eblgie3na4hjdl6pzb"
00-0036604,"https://static.www.nfl.com/image/upload/f_auto,q_auto/league/fqsieovgqhligt1y4o8l"
00-0036605,"https://static.www.nfl.com/image/upload/f_auto,q_auto/league/ehhmidbkeblltbw6vzhm"
00-0036611,"https://static.www.nfl.com/image/private/f_auto,q_auto/league/qcmwspi2zhcrxct1txdh"
00-0036613,"https://static.www.nfl.com/image/upload/f_auto,q_auto/league/gkh7m1jedon9mwn5jlf1"
00-0036614,"https://static.www.nfl.com/image/upload/f_auto,q_auto/league/opdsr5ttchmbpuyw4vgf"
00-0036615,"https://static.www.nfl.com/image/upload/f_auto,q_auto/league/tf3zbqnwrdquu2gnswzg"
00-0036616,"https://static.www.nfl.com/image/upload/f_auto,q_auto/league/czyibprjejmeflivtgzb"
00-0036617,"https://static.www.nfl.com/image/upload/f_auto,q_auto/league/pqualt9wauuhcaop7tqm"
00-0036618,"https://static.www.nfl.com/image/upload/f_auto,q_auto/league/hje3hb60snyi7oworbbi"
00-0036619,"https://static.www.nfl.com/image/upload/f_auto,q_auto/league/uqswdzsnotrgk4ddg9bg"
00-0036620,"https://static.www.nfl.com/image/upload/f_auto,q_auto/league/baasw8ia3qztewmawfnz"
00-0036621,"https://static.www.nfl.com/image/upload/f_auto,q_auto/league/pgkezol12laags229maz"
00-0036622,"https://static.www.nfl.com/image/upload/f_auto,q_auto/league/kx5vub7ru2srpow2dxnu"
00-0036623,"https://static.www.nfl.com/image/upload/f_auto,q_auto/league/avv8nnqnrgv3os85v9zm"
00-0036624,"https://static.www.nfl.com/image/upload/f_auto,q_auto/league/ugdqnlqg8btovqnkzqpw"
00-0036625,"https://static.www.nfl.com/image/upload/f_auto,q_auto/league/kaebn8lqtuhjgcoywxuz"
00-0036626,"https://static.www.nfl.com/image/upload/f_auto,q_auto/league/addv9eheok1jj7amfkpb"
00-0036627,"https://static.www.nfl.com/image/upload/f_auto,q_auto/league/xmxepri7gjhhu6wbvsnm"
00-0036628,"https://static.www.nfl.com/image/upload/f_auto,q_auto/league/sqaiwpind6kk4ns4acql"
00-0036629,"https://static.www.nfl.com/image/upload/f_auto,q_auto/league/rncq5z5bfhigx2atid7k"
00-0036630,"https://static.www.nfl.com/image/upload/f_auto,q_auto/league/rifnnpeub6okv41offnd"
00-0036631,"https://static.www.nfl.com/image/upload/f_auto,q_auto/league/q35tnynrruh8sagqphep"
00-0036633,"https://static.www.nfl.com/image/upload/f_auto,q_auto/league/odecof54t2dtdbtcg35w"
00-0036634,"https://static.www.nfl.com/image/upload/f_auto,q_auto/league/dwjp5xpbs6yiekcfjxkx"
00-0036635,"https://static.www.nfl.com/image/upload/f_auto,q_auto/league/mnfsun286mv5azpa8zaw"
00-0036636,"https://static.www.nfl.com/image/upload/f_auto,q_auto/league/z0ntejp0eolabsssocsn"
00-0036637,"https://static.www.nfl.com/image/upload/f_auto,q_auto/league/bpmlguml8jth2rbdfyp5"
00-0036638,"https://static.www.nfl.com/image/upload/f_auto,q_auto/league/kewtqnt8zc9xtxvlhdq9"
00-0036640,"https://static.www.nfl.com/image/upload/f_auto,q_auto/league/rvcrltwqycijarysk9dn"
00-0036642,"https://static.www.nfl.com/image/upload/f_auto,q_auto/league/oktzavt6whxgvr6ukmhl"
00-0036643,"https://static.www.nfl.com/image/upload/f_auto,q_auto/league/q3jwsdcnxx1sqbuetd26"
00-0036644,"https://static.www.nfl.com/image/upload/f_auto,q_auto/league/xfpxokkvmeaex547py28"
00-0036645,"https://static.www.nfl.com/image/upload/f_auto,q_auto/league/u7t0oehb31vg2xcz7z1q"
00-0036646,"https://static.www.nfl.com/image/upload/f_auto,q_auto/league/eep30drknwucjdj6tivh"
00-0036647,"https://static.www.nfl.com/image/private/f_auto,q_auto/league/vnpyhf8dp1opjhvyotff"
00-0036648,"https://static.www.nfl.com/image/upload/f_auto,q_auto/league/bstd7dnklbftscfbhskq"
00-0036649,"https://static.www.nfl.com/image/upload/f_auto,q_auto/league/jfyxrdrkpytiahvsoatj"
00-0036653,"https://static.www.nfl.com/image/upload/f_auto,q_auto/league/gsok8muncvvgwztjewhn"
00-0036654,"https://static.www.nfl.com/image/private/f_auto,q_auto/league/pfjsjpzj2f9cn39xqde2"
00-0036655,"https://static.www.nfl.com/image/upload/f_auto,q_auto/league/oe5pfxi1iqbeskvwciii"
00-0036657,"https://static.www.nfl.com/image/private/f_auto,q_auto/league/uych6wdpoifihjl55wkf"
00-0036658,"https://static.www.nfl.com/image/upload/f_auto,q_auto/league/fjcqgmefc4u0plwp92mq"
00-0036660,"https://static.www.nfl.com/image/upload/f_auto,q_auto/league/skoecv9k14idjai4ok42"
00-0036661,"https://static.www.nfl.com/image/upload/f_auto,q_auto/league/suoepvbxuplqnqestfsz"
00-0036664,"https://static.www.nfl.com/image/upload/f_auto,q_auto/league/twnmwxwnx4tk8bwvhmdz"
00-0036670,"https://static.www.nfl.com/image/upload/f_auto,q_auto/league/bkgrgirrdwlm05vqg74b"
00-0036671,"https://static.www.nfl.com/image/upload/f_auto,q_auto/league/is6qfhpfr82xc3udysfu"
00-0036672,"https://static.www.nfl.com/image/upload/f_auto,q_auto/league/n4pxuecujgacthcoxgql"
00-0036677,"https://static.www.nfl.com/image/upload/f_auto,q_auto/league/j8agcdgo4ezgvn4vhw7u"
00-0036678,"https://static.www.nfl.com/image/upload/f_auto,q_auto/league/px3jesc8o4lw6fy0bhc7"
00-0036679,"https://static.www.nfl.com/image/upload/f_auto,q_auto/league/kmbuzxucmmytpuoy8yfc"
00-0036682,"https://static.www.nfl.com/image/upload/f_auto,q_auto/league/dnbfwozdcnftk7agxywc"
00-0036683,"https://static.www.nfl.com/image/upload/f_auto,q_auto/league/efu0kj0lyprsgahy1met"
00-0036692,"https://static.www.nfl.com/image/upload/f_auto,q_auto/league/fewy6chb5ajeb0bgb1ou"
00-0036695,"https://static.www.nfl.com/image/upload/f_auto,q_auto/league/iavprngmsf7pftvw0bsv"
00-0036704,"https://static.www.nfl.com/image/upload/f_auto,q_auto/league/cpvxwusivovnovmryprc"
00-0036705,"https://static.www.nfl.com/image/private/f_auto,q_auto/league/aakuha494hvtrja3dwjn"
00-0036711,"https://static.www.nfl.com/image/upload/f_auto,q_auto/league/lwfjnx5rgx1hanfqfnl7"
00-0036716,"https://static.www.nfl.com/image/upload/f_auto,q_auto/league/liyabetbezsk9lvuuphd"
00-0036727,"https://static.www.nfl.com/image/upload/f_auto,q_auto/league/xuvyqidnso9ga1dfefoy"
00-0036728,"https://static.www.nfl.com/image/upload/f_auto,q_auto/league/yzam37nstuqvqm0cgzmv"
00-0036736,"https://static.www.nfl.com/image/upload/f_auto,q_auto/league/gk8c2nrg4czmvjy2by3a"
00-0036741,"https://static.www.nfl.com/image/upload/f_auto,q_auto/league/vx5eqo8t1qvj0ijwmiwm"
00-0036754,"https://static.www.nfl.com/image/upload/f_auto,q_auto/league/ghmaeofuj87fm97yhvcp"
00-0036755,"https://static.www.nfl.com/image/upload/f_auto,q_auto/league/thg0iebj03kg0nuykglu"
00-0036769,"https://static.www.nfl.com/image/upload/f_auto,q_auto/league/tygtokhlosfjia9bufxq"
00-0036775,"https://static.www.nfl.com/image/upload/f_auto,q_auto/league/h4ezdffu0biwqoxn7bql"
00-0036783,"https://static.www.nfl.com/image/upload/f_auto,q_auto/league/xcq2izkd1ulmlwgiefv3"
00-0036785,"https://static.www.nfl.com/image/private/f_auto,q_auto/league/hlkfbgquvlxs4qchahhd"
00-0036788,"https://static.www.nfl.com/image/upload/f_auto,q_auto/league/vyvratpseoqy4rqej7fm"
00-0036795,"https://static.www.nfl.com/image/upload/f_auto,q_auto/league/sfcyxgyi8qkzafuqwbnl"
00-0036802,"https://static.www.nfl.com/image/upload/f_auto,q_auto/league/im8y1u3b8ptowjxz56en"
00-0036813,"https://static.www.nfl.com/image/upload/f_auto,q_auto/league/yprcwubcfyocxn2pwpf8"
00-0036816,"https://static.www.nfl.com/image/upload/f_auto,q_auto/league/xjg7x98iyq5hlgjc62ot"
00-0036825,"https://static.www.nfl.com/image/upload/f_auto,q_auto/league/nbn1wxlh6los4y2am3ro"
00-0036833,"https://static.www.nfl.com/image/upload/f_auto,q_auto/league/xsnsake68lxw3hqilezf"
00-0036839,"https://static.www.nfl.com/image/upload/f_auto,q_auto/league/rawjlqbe9aroo9cqkpfv"
00-0036841,"https://static.www.nfl.com/image/upload/f_auto,q_auto/league/vpkcobp7jdqvk8qwhhtg"
00-0036842,"https://static.www.nfl.com/image/upload/f_auto,q_auto/league/rlnqgz517fsohrndgjrb"
00-0036843,"https://static.www.nfl.com/image/upload/f_auto,q_auto/league/hfsetloxapzfasw9d3o0"
00-0036844,"https://static.www.nfl.com/image/upload/f_auto,q_auto/league/swmlsjwctjetibjmhqxs"
00-0036849,"https://static.www.nfl.com/image/upload/f_auto,q_auto/league/tl2aa9ucbtcwhr1yk3tf"
00-0036850,"https://static.www.nfl.com/image/private/f_auto,q_auto/league/kvkvhvbvcebjkevxjdhd"
00-0036852,"https://static.www.nfl.com/image/upload/f_auto,q_auto/league/mfds3oc6zyeatjezxl7a"
00-0036854,"https://static.www.nfl.com/image/upload/f_auto,q_auto/league/t6fs7i54i4n7xjiayoz0"
00-0036855,"https://static.www.nfl.com/image/upload/f_auto,q_auto/league/nqyyjsk3zyn0t7lttprh"
00-0036856,"https://static.www.nfl.com/image/upload/f_auto,q_auto/league/ngdiunmyoawxtwz3tu7a"
00-0036857,"https://static.www.nfl.com/image/upload/f_auto,q_auto/league/r7f5vinm6aqdzxtjf4yx"
00-0036859,"https://static.www.nfl.com/image/upload/f_auto,q_auto/league/d1cei9wk9zuoz5gkvuqd"
00-0036860,"https://static.www.nfl.com/image/upload/f_auto,q_auto/league/xkegujg1754uei9oomoz"
00-0036862,"https://static.www.nfl.com/image/upload/f_auto,q_auto/league/etozk8ja4u8lpjcvvo6l"
00-0036865,"https://static.www.nfl.com/image/upload/f_auto,q_auto/league/jiqm430wyjuosgwzsoez"
00-0036866,"https://static.www.nfl.com/image/upload/f_auto,q_auto/league/eayesw9mhrbe5g1ezoht"
00-0036867,"https://static.www.nfl.com/image/upload/f_auto,q_auto/league/ayrvlbmyxlvek7afcioc"
00-0036869,"https://static.www.nfl.com/image/upload/f_auto,q_auto/league/boxltktohmx9eqfrjr9c"
00-0036870,"https://static.www.nfl.com/image/upload/f_auto,q_auto/league/aa4htfuz4uxcprkmmvii"
00-0036871,"https://static.www.nfl.com/image/upload/f_auto,q_auto/league/qewuemdrhzwzc9hluywm"
00-0036874,"https://static.www.nfl.com/image/upload/f_auto,q_auto/league/soec8zk3n5jvxvywq1gm"
00-0036875,"https://static.www.nfl.com/image/upload/f_auto,q_auto/league/zmpuirvuw4r04inxth5i"
00-0036876,"https://static.www.nfl.com/image/upload/f_auto,q_auto/league/ysbxmdw4da30q3kjb571"
00-0036877,"https://static.www.nfl.com/image/upload/f_auto,q_auto/league/po3sqw0b1qwonkg80lrf"
00-0036878,"https://static.www.nfl.com/image/upload/f_auto,q_auto/league/ph291rxrgooqvaulao4i"
00-0036879,"https://static.www.nfl.com/image/upload/f_auto,q_auto/league/imtb2ia03w2ujrl9dprs"
00-0036880,"https://static.www.nfl.com/image/upload/f_auto,q_auto/league/g1g0qefvafsm8hxjpiyy"
00-0036881,"https://static.www.nfl.com/image/upload/f_auto,q_auto/league/w0b0txntjiv6diob9u5k"
00-0036883,"https://static.www.nfl.com/image/upload/f_auto,q_auto/league/wwcsyhxr0fsthd6g7yyo"
00-0036884,"https://static.www.nfl.com/image/upload/f_auto,q_auto/league/mcmzfcisg5pkfulsp0tr"
00-0036885,"https://static.www.nfl.com/image/upload/f_auto,q_auto/league/qmxy8q4nrxr2ascsrs2m"
00-0036886,"https://static.www.nfl.com/image/upload/f_auto,q_auto/league/tqzk39zhr2zd53zjmm2q"
00-0036887,"https://static.www.nfl.com/image/upload/f_auto,q_auto/league/kdq2zratulrdsv4ykugy"
00-0036888,"https://static.www.nfl.com/image/upload/f_auto,q_auto/league/k7mdv3garedeitxksnya"
00-0036892,"https://static.www.nfl.com/image/upload/f_auto,q_auto/league/w2dbhl6mojkv5h8zb00t"
00-0036893,"https://static.www.nfl.com/image/upload/f_auto,q_auto/league/grfxgbvqnzz40r7rdtvk"
00-0036894,"https://static.www.nfl.com/image/upload/f_auto,q_auto/league/pyrdsypgggjshiaygkr7"
00-0036895,"https://static.www.nfl.com/image/upload/f_auto,q_auto/league/kgilw8ty3eiv8qknp8p3"
00-0036896,"https://static.www.nfl.com/image/upload/f_auto,q_auto/league/timanef1mpwuc1cqmptm"
00-0036898,"https://static.www.nfl.com/image/upload/f_auto,q_auto/league/jh9e97vjzmeafx8jz0sn"
00-0036900,"https://static.www.nfl.com/image/upload/f_auto,q_auto/league/qya3dtjb5kgofcuj2tuw"
00-0036901,"https://static.www.nfl.com/image/upload/f_auto,q_auto/league/q7fnhbnyadsru3swpgdf"
00-0036902,"https://static.www.nfl.com/image/upload/f_auto,q_auto/league/ornl2j2dyfvtma6eiozd"
00-0036903,"https://static.www.nfl.com/image/upload/f_auto,q_auto/league/f3fspidlfqws3asws3gw"
00-0036904,"https://static.www.nfl.com/image/upload/f_auto,q_auto/league/oqn1nnmeqppzkymivtfe"
00-0036905,"https://static.www.nfl.com/image/upload/f_auto,q_auto/league/xc2m1opfa6lte7bg0ir6"
00-0036906,"https://static.www.nfl.com/image/upload/f_auto,q_auto/league/gjwksf9ygntjmtceeerh"
00-0036908,"https://static.www.nfl.com/image/upload/f_auto,q_auto/league/cus86hixtsycdpsqrviz"
00-0036909,"https://static.www.nfl.com/image/upload/f_auto,q_auto/league/qawteneplarbtnworkic"
00-0036912,"https://static.www.nfl.com/image/upload/f_auto,q_auto/league/k724kq3hyv7jc0y9s03x"
00-0036913,"https://static.www.nfl.com/image/upload/f_auto,q_auto/league/nuwjpint0g5wejogudt4"
00-0036914,"https://static.www.nfl.com/image/upload/f_auto,q_auto/league/bezzackpgrvijtqh6hta"
00-0036915,"https://static.www.nfl.com/image/private/f_auto,q_auto/league/evmul3yfbefvmy1tc1ns"
00-0036916,"https://static.www.nfl.com/image/upload/f_auto,q_auto/league/z9vmyi95sty3i0u6uwld"
00-0036917,"https://static.www.nfl.com/image/private/f_auto,q_auto/league/ih4tfn9t1fujcyiw9a83"
00-0036918,"https://static.www.nfl.com/image/upload/f_auto,q_auto/league/hqfvp6k11llxeostdvey"
00-0036919,"https://static.www.nfl.com/image/upload/f_auto,q_auto/league/eo62l8ec8e3lzt86ihth"
00-0036920,"https://static.www.nfl.com/image/upload/f_auto,q_auto/league/ho9eokvcqvge4qdld2ie"
00-0036921,"https://static.www.nfl.com/image/upload/f_auto,q_auto/league/tfd72aqmphacayrwxsu3"
00-0036922,"https://static.www.nfl.com/image/upload/f_auto,q_auto/league/qtngv13hh6rm4kfc52jt"
00-0036924,"https://static.www.nfl.com/image/upload/f_auto,q_auto/league/cwqrxzouk4gkhfziyqre"
00-0036926,"https://static.www.nfl.com/image/upload/f_auto,q_auto/league/chmbnron2iipzbjggg7y"
00-0036927,"https://static.www.nfl.com/image/upload/f_auto,q_auto/league/uhwx126ajhgmovxxlphm"
00-0036928,"https://static.www.nfl.com/image/upload/f_auto,q_auto/league/xd0hbsqzz2xhh392woow"
00-0036929,"https://static.www.nfl.com/image/upload/f_auto,q_auto/league/gfizehze3lahkqm40vk4"
00-0036930,"https://static.www.nfl.com/image/upload/f_auto,q_auto/league/xdlyslqtyq9dgyvhj9sw"
00-0036932,"https://static.www.nfl.com/image/upload/f_auto,q_auto/league/euivq1hqslszdxjo9xyr"
00-0036933,"https://static.www.nfl.com/image/upload/f_auto,q_auto/league/jmd2hu4swlzcpuqsln69"
00-0036934,"https://static.www.nfl.com/image/upload/f_auto,q_auto/league/mgufa4byoe8onfjsuiq1"
00-0036935,"https://static.www.nfl.com/image/upload/f_auto,q_auto/league/mdrpjtcjzd8gfzuwuy8r"
00-0036936,"https://static.www.nfl.com/image/upload/f_auto,q_auto/league/v9s3rloekxbv6seesizb"
00-0036937,"https://static.www.nfl.com/image/upload/f_auto,q_auto/league/yft8adxhq7go3eqd8d9k"
00-0036938,"https://static.www.nfl.com/image/upload/f_auto,q_auto/league/vt5dzhhhkf7aus8yofpf"
00-0036940,"https://static.www.nfl.com/image/upload/f_auto,q_auto/league/lxeaoe3u7srngnwlyyon"
00-0036941,"https://static.www.nfl.com/image/upload/f_auto,q_auto/league/sdk8jvmv30mvetujj7bs"
00-0036942,"https://static.www.nfl.com/image/upload/f_auto,q_auto/league/qselmahxlopzx8spnchw"
00-0036943,"https://static.www.nfl.com/image/upload/f_auto,q_auto/league/csvbeqtitr9ixpgdt0fu"
00-0036944,"https://static.www.nfl.com/image/upload/f_auto,q_auto/league/fmqur86wgh5craixy3yd"
00-0036945,"https://static.www.nfl.com/image/upload/f_auto,q_auto/league/npjrombgxkc5vjkctcgy"
00-0036948,"https://static.www.nfl.com/image/upload/f_auto,q_auto/league/guxpxgrm0ulryqybspna"
00-0036949,"https://static.www.nfl.com/image/private/f_auto,q_auto/league/jrauxzb1zr7msoctlyfc"
00-0036950,"https://static.www.nfl.com/image/upload/f_auto,q_auto/league/udxcy5ukuuppfhemywfn"
00-0036952,"https://static.www.nfl.com/image/upload/f_auto,q_auto/league/rzjdnsaz0sfs9v4xetov"
00-0036953,"https://static.www.nfl.com/image/upload/f_auto,q_auto/league/i0oiehuaelpnrtrlfmfl"
00-0036954,"https://static.www.nfl.com/image/upload/f_auto,q_auto/league/eogdbsiu9aikjofafp7s"
00-0036955,"https://static.www.nfl.com/image/upload/f_auto,q_auto/league/a2yarai1371wellve3nq"
00-0036956,"https://static.www.nfl.com/image/upload/f_auto,q_auto/league/btpudohpy5mnzimqn2xm"
00-0036957,"https://static.www.nfl.com/image/upload/f_auto,q_auto/league/dbs2xvntmad015bo7qxe"
00-0036959,"https://static.www.nfl.com/image/upload/f_auto,q_auto/league/bcashgwve9ean9pq8egb"
00-0036961,"https://static.www.nfl.com/image/upload/f_auto,q_auto/league/hzzmvmlmkqe6sn4g1d4j"
00-0036962,"https://static.www.nfl.com/image/upload/f_auto,q_auto/league/cyprwi2vzj1a3oitgseo"
00-0036963,"https://static.www.nfl.com/image/upload/f_auto,q_auto/league/fd8nwhm6pvxfyzphzl6i"
00-0036964,"https://static.www.nfl.com/image/upload/f_auto,q_auto/league/bh66oqiavycebvryiy96"
00-0036966,"https://static.www.nfl.com/image/upload/f_auto,q_auto/league/qvien8ehdx9deeql2c1t"
00-0036967,"https://static.www.nfl.com/image/upload/f_auto,q_auto/league/it6wkxysejicc83azqkd"
00-0036968,"https://static.www.nfl.com/image/upload/f_auto,q_auto/league/pbj2pkbe5cwtomutayd1"
00-0036970,"https://static.www.nfl.com/image/upload/f_auto,q_auto/league/xczipzxvytnmvgznhhb4"
00-0036971,"https://static.www.nfl.com/image/upload/f_auto,q_auto/league/k9uzdernqkx7oquy7dkg"
00-0036972,"https://static.www.nfl.com/image/upload/f_auto,q_auto/league/mbdwfwiuhl0ib5ajtmzq"
00-0036973,"https://static.www.nfl.com/image/upload/f_auto,q_auto/league/pwko5dybmjie8qqo4qz2"
00-0036974,"https://static.www.nfl.com/image/upload/f_auto,q_auto/league/qhtmkkoqakioplm2vfrw"
00-0036975,"https://static.www.nfl.com/image/upload/f_auto,q_auto/league/qcwaedluzb9hvdtd1uxy"
00-0036976,"https://static.www.nfl.com/image/upload/f_auto,q_auto/league/q2lsfuxunzzgso9rtldu"
00-0036977,"https://static.www.nfl.com/image/upload/f_auto,q_auto/league/y36gxknbgsy3gt9wwzbl"
00-0036978,"https://static.www.nfl.com/image/upload/f_auto,q_auto/league/llkcfiijnugusu8gdgr4"
00-0036979,"https://static.www.nfl.com/image/upload/f_auto,q_auto/league/a2hlyjd2geiy1mdiugug"
00-0036980,"https://static.www.nfl.com/image/upload/f_auto,q_auto/league/wax90oyx9vs0x9j4nt5n"
00-0036981,"https://static.www.nfl.com/image/upload/f_auto,q_auto/league/r2qnczxwkpqhk8is5jkv"
00-0036982,"https://static.www.nfl.com/image/upload/f_auto,q_auto/league/zgkpz7ctgzyjxxa2zzqe"
00-0036983,"https://static.www.nfl.com/image/upload/f_auto,q_auto/league/b8rtjagcsjnnwczsin7u"
00-0036984,"https://static.www.nfl.com/image/upload/f_auto,q_auto/league/eqhl3xiczodsyqlmsxvr"
00-0036985,"https://static.www.nfl.com/image/upload/f_auto,q_auto/league/umagumf4xf5ubalpckut"
00-0036986,"https://static.www.nfl.com/image/upload/f_auto,q_auto/league/pma5y3ixotctzzyqxygd"
00-0036987,"https://static.www.nfl.com/image/upload/f_auto,q_auto/league/t0nxkzyr4wnpanuxjxhg"
00-0036988,"https://static.www.nfl.com/image/upload/f_auto,q_auto/league/woswdfrtxnsfgzsjvsxx"
00-0036989,"https://static.www.nfl.com/image/upload/f_auto,q_auto/league/cujkqhjibrywjodwgfyp"
00-0036990,"https://static.www.nfl.com/image/upload/f_auto,q_auto/league/epymgfknvbi0vbygiv4j"
00-0036992,"https://static.www.nfl.com/image/upload/f_auto,q_auto/league/hz9saur2at7u0n9nl9ly"
00-0036993,"https://static.www.nfl.com/image/upload/f_auto,q_auto/league/ftt7jc1nr0hmf1xmzyh2"
00-0036994,"https://static.www.nfl.com/image/upload/f_auto,q_auto/league/zn0pz6okty7vbj5ryryt"
00-0036995,"https://static.www.nfl.com/image/upload/f_auto,q_auto/league/wc0wkbhogzdxgaik9fh5"
00-0036996,"https://static.www.nfl.com/image/upload/f_auto,q_auto/league/zyfy3onrys9i6ounvai8"
00-0036997,"https://static.www.nfl.com/image/upload/f_auto,q_auto/league/xvwroirev2kie6oiphtz"
00-0036998,"https://static.www.nfl.com/image/upload/f_auto,q_auto/league/z5pg2azijnijyvqexm4r"
00-0036999,"https://static.www.nfl.com/image/upload/f_auto,q_auto/league/wqrxhwwlgpjkb6w8edgo"
00-0037000,"https://static.www.nfl.com/image/upload/f_auto,q_auto/league/rrcuqfoaipif1vrlobuz"
00-0037001,"https://static.www.nfl.com/image/upload/f_auto,q_auto/league/e6erzvgu9dsqzec0gfpk"
00-0037002,"https://static.www.nfl.com/image/upload/f_auto,q_auto/league/zkgccdubnxvforo1xaqt"
00-0037003,"https://static.www.nfl.com/image/upload/f_auto,q_auto/league/l01b7cc2rfwfkigdhzvg"
00-0037004,"https://static.www.nfl.com/image/upload/f_auto,q_auto/league/wlj6sdfj5qcy8bt2qyxb"
00-0037005,"https://static.www.nfl.com/image/upload/f_auto,q_auto/league/t7wjikfv09d3o1q7wjdx"
00-0037007,"https://static.www.nfl.com/image/upload/f_auto,q_auto/league/yj0r18rgx7oishozdalv"
00-0037008,"https://static.www.nfl.com/image/upload/f_auto,q_auto/league/amjpcxjbfudtvtargzfa"
00-0037009,"https://static.www.nfl.com/image/upload/f_auto,q_auto/league/tnryoyowiu6amxx3zthf"
00-0037010,"https://static.www.nfl.com/image/upload/f_auto,q_auto/league/q1witqmianbqxz4lmtur"
00-0037011,"https://static.www.nfl.com/image/upload/f_auto,q_auto/league/hcsuglnch88wtxp9emcv"
00-0037012,"https://static.www.nfl.com/image/upload/f_auto,q_auto/league/j3psmvvxo13kmbgi60ej"
00-0037013,"https://static.www.nfl.com/image/upload/f_auto,q_auto/league/i17xpbsar7evcypbhtel"
00-0037020,"https://static.www.nfl.com/image/upload/f_auto,q_auto/league/zxycrw3lu1abbqa9bkgh"
00-0037022,"https://static.www.nfl.com/image/upload/f_auto,q_auto/league/dhzdyb3tcgjcze3y8u1p"
00-0037031,"https://static.www.nfl.com/image/upload/f_auto,q_auto/league/monk9ruop1ec5bfysiwl"
00-0037034,"https://static.www.nfl.com/image/upload/f_auto,q_auto/league/mgi0d5fd1huslr3kfqg1"
00-0037040,"https://static.www.nfl.com/image/upload/f_auto,q_auto/league/kfh7fdl1vthjzntlwfyf"
00-0037041,"https://static.www.nfl.com/image/upload/f_auto,q_auto/league/jalumajq4tyslz16v8j0"
00-0037043,"https://static.www.nfl.com/image/upload/f_auto,q_auto/league/nsjj3aui2wuogyxgtvlm"
00-0037051,"https://static.www.nfl.com/image/upload/f_auto,q_auto/league/mdhtfrrfmfeop2secu2c"
00-0037055,"https://static.www.nfl.com/image/upload/f_auto,q_auto/league/zy0zbm17y7btaqiquhjz"
00-0037057,"https://static.www.nfl.com/image/upload/f_auto,q_auto/league/wtzpz7bs64wypd4sgrya"
00-0037061,"https://static.www.nfl.com/image/private/f_auto,q_auto/league/ynwxctfkmaia3ckr3rwu"
00-0037073,"https://static.www.nfl.com/image/upload/f_auto,q_auto/league/zkvksjepfrmpdwdph1ps"
00-0037074,"https://static.www.nfl.com/image/upload/f_auto,q_auto/league/bqhumgranhitojob30mp"
00-0037075,"https://static.www.nfl.com/image/upload/f_auto,q_auto/league/q9pxapmh1kbfsrymwbvs"
00-0037076,"https://static.www.nfl.com/image/upload/f_auto,q_auto/league/mvgxrodidjbgfh5reaig"
00-0037077,"https://static.www.nfl.com/image/upload/f_auto,q_auto/league/sx77bippywnl0dx6m8q9"
00-0037078,"https://static.www.nfl.com/image/upload/f_auto,q_auto/league/tuoxojttzngaook6qbde"
00-0037079,"https://static.www.nfl.com/image/upload/f_auto,q_auto/league/aodr0vp93fzhdsff9fzj"
00-0037080,"https://static.www.nfl.com/image/upload/f_auto,q_auto/league/ty7bslavrkn5iqziogvf"
00-0037081,"https://static.www.nfl.com/image/upload/f_auto,q_auto/league/stxk7iiyyth2cs4hzm8r"
00-0037082,"https://static.www.nfl.com/image/upload/f_auto,q_auto/league/nalbxnwyiyh32j3g6fml"
00-0037083,"https://static.www.nfl.com/image/upload/f_auto,q_auto/league/rvftdj3wurrbmoaikpxd"
00-0037084,"https://static.www.nfl.com/image/upload/f_auto,q_auto/league/jabk5pu7svhkmpvccsds"
00-0037085,"https://static.www.nfl.com/image/upload/f_auto,q_auto/league/ghhul5piv9vzeih6atsj"
00-0037086,"https://static.www.nfl.com/image/upload/f_auto,q_auto/league/inpyxw55sxo96shrt4si"
00-0037088,"https://static.www.nfl.com/image/upload/f_auto,q_auto/league/s91vne9lppfnjbv9jfnp"
00-0037089,"https://static.www.nfl.com/image/upload/f_auto,q_auto/league/cxsihmay85rgzyckkfxw"
00-0037091,"https://static.www.nfl.com/image/upload/f_auto,q_auto/league/d7hxvsyeufobjykcxhls"
00-0037092,"https://static.www.nfl.com/image/upload/f_auto,q_auto/league/s0zj4njn5ydrgk8z7mbw"
00-0037093,"https://static.www.nfl.com/image/upload/f_auto,q_auto/league/xd0585sr1fy1wpry0ued"
00-0037094,"https://static.www.nfl.com/image/upload/f_auto,q_auto/league/xvjepsl8u5unzc5qc8fu"
00-0037096,"https://static.www.nfl.com/image/upload/f_auto,q_auto/league/derzi6ubb6maw5nokejr"
00-0037097,"https://static.www.nfl.com/image/upload/f_auto,q_auto/league/qtiapxqfyetzyf3ndpts"
00-0037098,"https://static.www.nfl.com/image/upload/f_auto,q_auto/league/k6s7xiugz2wgqjc7zsny"
00-0037106,"https://static.www.nfl.com/image/upload/f_auto,q_auto/league/xzmtw9ip1b8psz4u9nd0"
00-0037109,"https://static.www.nfl.com/image/upload/f_auto,q_auto/league/uo386zqnsqbvqzqbm7t2"
00-0037112,"https://static.www.nfl.com/image/upload/f_auto,q_auto/league/z6goxhdhfc2m0rmwvtbl"
00-0037120,"https://static.www.nfl.com/image/upload/f_auto,q_auto/league/zqmesi6fwv82lhfzlht6"
00-0037122,"https://static.www.nfl.com/image/upload/f_auto,q_auto/league/cc9yq8ormbbzxox8zppi"
00-0037129,"https://static.www.nfl.com/image/upload/f_auto,q_auto/league/w95cwi511mgmeimkgzyg"
00-0037130,"https://static.www.nfl.com/image/upload/f_auto,q_auto/league/qbrxcx1jmwabwtdwco3o"
00-0037132,"https://static.www.nfl.com/image/upload/f_auto,q_auto/league/jgvgr3prtme8ua28bfxi"
00-0037137,"https://static.www.nfl.com/image/upload/f_auto,q_auto/league/df0ybhz5czunkbhgdefc"
00-0037138,"https://static.www.nfl.com/image/upload/f_auto,q_auto/league/mkkdzgfaz9a7gsdc8fip"
00-0037141,"https://static.www.nfl.com/image/upload/f_auto,q_auto/league/uxh3ge9oyjyl6qjwzx5g"
00-0037149,"https://static.www.nfl.com/image/upload/f_auto,q_auto/league/ocp3aofvwtxlmokh0n4l"
00-0037152,"https://static.www.nfl.com/image/upload/f_auto,q_auto/league/t0umbufp7pcqzdect5mz"
00-0037153,"https://static.www.nfl.com/image/upload/f_auto,q_auto/league/wjf6ebr851i5xge1vte3"
00-0037155,"https://static.www.nfl.com/image/upload/f_auto,q_auto/league/bhgovss7uhkszgbrfxd6"
00-0037156,"https://static.www.nfl.com/image/upload/f_auto,q_auto/league/heeyyjyf5prqas5tmwvk"
00-0037157,"https://static.www.nfl.com/image/upload/f_auto,q_auto/league/mjxnlzlnnwlfqayeybut"
00-0037167,"https://static.www.nfl.com/image/upload/f_auto,q_auto/league/pz3fkf8gn1dlxuztt9t4"
00-0037168,"https://static.www.nfl.com/image/upload/f_auto,q_auto/league/g6lmbmhaju4jkhkcbk8u"
00-0037175,"https://static.www.nfl.com/image/private/f_auto,q_auto/league/wsbie1tqhz6uwtf49tmj"
00-0037179,"https://static.www.nfl.com/image/upload/f_auto,q_auto/league/x2he3hockgnqfmxlxctw"
00-0037184,"https://static.www.nfl.com/image/upload/f_auto,q_auto/league/sdqheoyuxkcsxnptfyu6"
00-0037190,"https://static.www.nfl.com/image/upload/f_auto,q_auto/league/h89jaonhmvvdoitmldkq"
00-0037191,"https://static.www.nfl.com/image/upload/f_auto,q_auto/league/xaq30zfwnliekwqzoank"
00-0037192,"https://static.www.nfl.com/image/upload/f_auto,q_auto/league/deudgtxl8ofjcz8zpzzi"
00-0037193,"https://static.www.nfl.com/image/upload/f_auto,q_auto/league/xxpisha7qj3jkovuprcs"
00-0037194,"https://static.www.nfl.com/image/upload/f_auto,q_auto/league/e6f2xsct8yrz0nc5ou8w"
00-0037195,"https://static.www.nfl.com/image/upload/f_auto,q_auto/league/k3ayxrquehkikudpu0e4"
00-0037196,"https://static.www.nfl.com/image/upload/f_auto,q_auto/league/w2jnttphyffiuxov70o3"
00-0037197,"https://static.www.nfl.com/image/upload/f_auto,q_auto/league/hkqb4imkum3vxxkwuetl"
00-0037198,"https://static.www.nfl.com/image/upload/f_auto,q_auto/league/illwkijgasazqecvkgd0"
00-0037203,"https://static.www.nfl.com/image/upload/f_auto,q_auto/league/sa3cqqnsfpbh8hbn6ga3"
00-0037205,"https://static.www.nfl.com/image/upload/f_auto,q_auto/league/ntothfpaj3iifvsqelzg"
00-0037207,"https://static.www.nfl.com/image/upload/f_auto,q_auto/league/ayqrrcjh4woocxmc7lgs"
00-0037208,"https://static.www.nfl.com/image/upload/f_auto,q_auto/league/oayygmhoisjcedhuqm23"
00-0037213,"https://static.www.nfl.com/image/upload/f_auto,q_auto/league/lql6bfbmb43izb4prine"
00-0037216,"https://static.www.nfl.com/image/private/f_auto,q_auto/league/sdhlpsccscg6u97qy3ef"
00-0037222,"https://static.www.nfl.com/image/upload/f_auto,q_auto/league/zcxsx9jb1um8y7h9jy48"
00-0037224,"https://static.www.nfl.com/image/upload/f_auto,q_auto/league/fvkop13kntnwv3amucpf"
00-0037225,"https://static.www.nfl.com/image/upload/f_auto,q_auto/league/nbj7uqxggjsqlu6adnil"
00-0037228,"https://static.www.nfl.com/image/upload/f_auto,q_auto/league/dkiteytgnxar1mpaxcxv"
00-0037229,"https://static.www.nfl.com/image/upload/f_auto,q_auto/league/mpfy7ivhwvry6pjezemw"
00-0037231,"https://static.www.nfl.com/image/upload/f_auto,q_auto/league/fh2yaqaxkornxeb7d9ie"
00-0037235,"https://static.www.nfl.com/image/upload/f_auto,q_auto/league/hqxxsws12bmy1jyw6ocj"
00-0037236,"https://static.www.nfl.com/image/upload/f_auto,q_auto/league/gmeczjok2lmjftb6mfof"
00-0037237,"https://static.www.nfl.com/image/upload/f_auto,q_auto/league/wkzinciyrrmsqdlda8lj"
00-0037238,"https://static.www.nfl.com/image/upload/f_auto,q_auto/league/mcllowcfrmmdeo4zy3g1"
00-0037239,"https://static.www.nfl.com/image/upload/f_auto,q_auto/league/onmxufsprtvglhejg94o"
00-0037240,"https://static.www.nfl.com/image/upload/f_auto,q_auto/league/byiptqggtglvy5qrw5wp"
00-0037241,"https://static.www.nfl.com/image/upload/f_auto,q_auto/league/tr9e0yl1esqawnieqogh"
00-0037242,"https://static.www.nfl.com/image/upload/f_auto,q_auto/league/ye7stldje2waxyyjukvw"
00-0037243,"https://static.www.nfl.com/image/upload/f_auto,q_auto/league/gdosyozck6qewvzmpag2"
00-0037244,"https://static.www.nfl.com/image/upload/f_auto,q_auto/league/hbva85h6axjaiiiiwjfv"
00-0037245,"https://static.www.nfl.com/image/upload/f_auto,q_auto/league/fexshg85k40kqtwvmuou"
00-0037246,"https://static.www.nfl.com/image/upload/f_auto,q_auto/league/brjf4opiqlbzp5q0wjcj"
00-0037247,"https://static.www.nfl.com/image/upload/f_auto,q_auto/league/cbpyykoguf7rsxezqzvk"
00-0037248,"https://static.www.nfl.com/image/upload/f_auto,q_auto/league/anjbznqb9i21wzcgrtbs"
00-0037249,"https://static.www.nfl.com/image/upload/f_auto,q_auto/league/azxinmsmz9kacbwfdfex"
00-0037250,"https://static.www.nfl.com/image/upload/f_auto,q_auto/league/va7yfx0xoniri3fuxr0u"
00-0037251,"https://static.www.nfl.com/image/upload/f_auto,q_auto/league/rwvd1sputd9x1dziyznz"
00-0037252,"https://static.www.nfl.com/image/upload/f_auto,q_auto/league/kw4cwgjl4kywh6le4sfh"
00-0037253,"https://static.www.nfl.com/image/upload/f_auto,q_auto/league/eteesniqc4caawrpbfuh"
00-0037254,"https://static.www.nfl.com/image/upload/f_auto,q_auto/league/rhs6gmpfig52ziimyzls"
00-0037255,"https://static.www.nfl.com/image/upload/f_auto,q_auto/league/nlsqokqb2jhy4fzf4e8x"
00-0037256,"https://static.www.nfl.com/image/upload/f_auto,q_auto/league/wtdhs50gcl2p6vngsnre"
00-0037257,"https://static.www.nfl.com/image/private/f_auto,q_auto/league/otv2kkn3lxonp9z43bdj"
00-0037258,"https://static.www.nfl.com/image/upload/f_auto,q_auto/league/oai3defivyfyofxxh4ux"
00-0037259,"https://static.www.nfl.com/image/upload/f_auto,q_auto/league/nxlztsejsflkplpgq0jn"
00-0037260,"https://static.www.nfl.com/image/upload/f_auto,q_auto/league/qnrdocqxvfswgpfdskkp"
00-0037261,"https://static.www.nfl.com/image/upload/f_auto,q_auto/league/syvp3hficobwcsim3i9v"
00-0037262,"https://static.www.nfl.com/image/upload/f_auto,q_auto/league/awrlnfwnvv3ehlnbe4cp"
00-0037263,"https://static.www.nfl.com/image/upload/f_auto,q_auto/league/sp9lhhmpv4qy3xy2msxd"
00-0037264,"https://static.www.nfl.com/image/upload/f_auto,q_auto/league/p3ngd3m6wcijmxglj06j"
00-0037266,"https://static.www.nfl.com/image/upload/f_auto,q_auto/league/asqlemwjq8njytpjgnnr"
00-0037267,"https://static.www.nfl.com/image/upload/f_auto,q_auto/league/rntmoum7ncnyo5j2bdei"
00-0037268,"https://static.www.nfl.com/image/upload/f_auto,q_auto/league/tx9thnuxhb2uqzbl0dgb"
00-0037269,"https://static.www.nfl.com/image/upload/f_auto,q_auto/league/uujdxrmmf5poiu5twqob"
00-0037270,"https://static.www.nfl.com/image/upload/f_auto,q_auto/league/oyayc8mxpu7grfwqgzrz"
00-0037271,"https://static.www.nfl.com/image/upload/f_auto,q_auto/league/bwbialh78nao9svr8jqn"
00-0037272,"https://static.www.nfl.com/image/upload/f_auto,q_auto/league/tmuoypdqpak2ork1rfg0"
00-0037273,"https://static.www.nfl.com/image/upload/f_auto,q_auto/league/zktgqqc4vywgapt85rmx"
00-0037274,"https://static.www.nfl.com/image/upload/f_auto,q_auto/league/kebjbuk4q1algng5hf3b"
00-0037275,"https://static.www.nfl.com/image/upload/f_auto,q_auto/league/z07adznf3gtvfusy8azb"
00-0037276,"https://static.www.nfl.com/image/upload/f_auto,q_auto/league/dmprsfd75phecgmbkf4l"
00-0037277,"https://static.www.nfl.com/image/upload/f_auto,q_auto/league/adwepaexueevxdcqjhyf"
00-0037278,"https://static.www.nfl.com/image/upload/f_auto,q_auto/league/auqegcdovmpcz6pw5arq"
00-0037280,"https://static.www.nfl.com/image/upload/f_auto,q_auto/league/nsv9pnp9s8oaxaepftzk"
00-0037281,"https://static.www.nfl.com/image/upload/f_auto,q_auto/league/ffk6kh200c0f38zgzmuo"
00-0037282,"https://static.www.nfl.com/image/upload/f_auto,q_auto/league/q8b9goebgmuwusl6vqdc"
00-0037283,"https://static.www.nfl.com/image/upload/f_auto,q_auto/league/irpvoorgwwezk7qxrp0m"
00-0037284,"https://static.www.nfl.com/image/upload/f_auto,q_auto/league/tmtvevrgg8lziqewdhtv"
00-0037286,"https://static.www.nfl.com/image/private/f_auto,q_auto/league/jlqnwxuwbkoscvv9kz5h"
00-0037287,"https://static.www.nfl.com/image/upload/f_auto,q_auto/league/ihqeka8g0xhjacqhkj0i"
00-0037288,"https://static.www.nfl.com/image/upload/f_auto,q_auto/league/kxucquiz77lhp8rn1nni"
00-0037289,"https://static.www.nfl.com/image/upload/f_auto,q_auto/league/sovw0sc0bm1xltqv2zmb"
00-0037291,"https://static.www.nfl.com/image/upload/f_auto,q_auto/league/nojopyt8hxuwycxyaokb"
00-0037292,"https://static.www.nfl.com/image/upload/f_auto,q_auto/league/wvcrk0ygv3coprxj4cnt"
00-0037293,"https://static.www.nfl.com/image/upload/f_auto,q_auto/league/kmxn7gzhqkoebrktadhh"
00-0037294,"https://static.www.nfl.com/image/upload/f_auto,q_auto/league/hpu3u6cvmei1bulufxbp"
00-0037295,"https://static.www.nfl.com/image/upload/f_auto,q_auto/league/u3uyixtjb60xtwwth40a"
00-0037296,"https://static.www.nfl.com/image/upload/f_auto,q_auto/league/opu4jtxbzaa9pndej4cj"
00-0037297,"https://static.www.nfl.com/image/upload/f_auto,q_auto/league/lw5vbu41hbzw9nychtb7"
00-0037298,"https://static.www.nfl.com/image/upload/f_auto,q_auto/league/lpeonw4s0htacobg1qa4"
00-0037299,"https://static.www.nfl.com/image/upload/f_auto,q_auto/league/fa4if2wnlgsmjmkcnxke"
00-0037300,"https://static.www.nfl.com/image/private/f_auto,q_auto/league/qlps63mn8jfsvqgf7cub"
00-0037301,"https://static.www.nfl.com/image/upload/f_auto,q_auto/league/bn0zvntbfmhw7yki2xr4"
00-0037302,"https://static.www.nfl.com/image/upload/f_auto,q_auto/league/mfiu08h46jezawozpma8"
00-0037303,"https://static.www.nfl.com/image/upload/f_auto,q_auto/league/nz9uyvuwvedqcru4hhqj"
00-0037304,"https://static.www.nfl.com/image/upload/f_auto,q_auto/league/nbbhxtutzvbj0ejljyyp"
00-0037305,"https://static.www.nfl.com/image/upload/f_auto,q_auto/league/kfhb0ihfu23aybocl7oh"
00-0037306,"https://static.www.nfl.com/image/upload/f_auto,q_auto/league/kopyksw2p51nivtldayc"
00-0037307,"https://static.www.nfl.com/image/upload/f_auto,q_auto/league/lzlwu2xb6ohzqddbo7mi"
00-0037308,"https://static.www.nfl.com/image/upload/f_auto,q_auto/league/rh2rw7nvm1a5iccgo571"
00-0037310,"https://static.www.nfl.com/image/upload/f_auto,q_auto/league/zmjl8vpdr8fjeefnsnec"
00-0037311,"https://static.www.nfl.com/image/upload/f_auto,q_auto/league/whd4f9mav6qqckqltqwu"
00-0037312,"https://static.www.nfl.com/image/upload/f_auto,q_auto/league/shwgveoj7jbhqenckrmh"
00-0037313,"https://static.www.nfl.com/image/upload/f_auto,q_auto/league/jslgwquwwlbotxr8f1jz"
00-0037314,"https://static.www.nfl.com/image/upload/f_auto,q_auto/league/zu7ttf5idsq71qzbhugq"
00-0037315,"https://static.www.nfl.com/image/upload/f_auto,q_auto/league/y9nbijy8p3twagggyodh"
00-0037316,"https://static.www.nfl.com/image/upload/f_auto,q_auto/league/l7u61ekvlhzwchpxcdbo"
00-0037317,"https://static.www.nfl.com/image/upload/f_auto,q_auto/league/cdidnsvt1we5d7ffnjbo"
00-0037318,"https://static.www.nfl.com/image/upload/f_auto,q_auto/league/ekmjqmhpbhtlydc3sfag"
00-0037319,"https://static.www.nfl.com/image/upload/f_auto,q_auto/league/vw79p5es078im4visydt"
00-0037320,"https://static.www.nfl.com/image/upload/f_auto,q_auto/league/iwcena0ukt705dihzict"
00-0037321,"https://static.www.nfl.com/image/upload/f_auto,q_auto/league/ftkp0eabjmqrbftyddyo"
00-0037322,"https://static.www.nfl.com/image/upload/f_auto,q_auto/league/jeao2meaxkgip4pshlww"
00-0037323,"https://static.www.nfl.com/image/upload/f_auto,q_auto/league/rmch7ilcol08gczhpwp6"
00-0037324,"https://static.www.nfl.com/image/upload/f_auto,q_auto/league/qnyw1gqkqfll2lxppzlv"
00-0037327,"https://static.www.nfl.com/image/upload/f_auto,q_auto/league/estx7utxpnqif0lto9cq"
00-0037329,"https://static.www.nfl.com/image/upload/f_auto,q_auto/league/xo28viloq6rjkgca3gpz"
00-0037330,"https://static.www.nfl.com/image/upload/f_auto,q_auto/league/ulrqjbgiw7ukufjd1yez"
00-0037332,"https://static.www.nfl.com/image/upload/f_auto,q_auto/league/ckont3gxmlaebwbbkplr"
00-0037336,"https://static.www.nfl.com/image/upload/f_auto,q_auto/league/hiicig3ulzzr8euomzvi"
00-0037337,"https://static.www.nfl.com/image/upload/f_auto,q_auto/league/g8bx3wocbhtpyuhd2biy"
00-0037340,"https://static.www.nfl.com/image/upload/f_auto,q_auto/league/kx728asxtg6ykmh1yblc"
00-0037348,"https://static.www.nfl.com/image/upload/f_auto,q_auto/league/hya7vfgtuyx5k4tnhmic"
00-0037349,"https://static.www.nfl.com/image/private/f_auto,q_auto/league/pryvpnkqsrry7mtdgbsx"
00-0037353,"https://static.www.nfl.com/image/upload/f_auto,q_auto/league/bf60hryk7uooskpxjhuz"
00-0037355,"https://static.www.nfl.com/image/upload/f_auto,q_auto/league/gmfwtnng8jnsnjrhexvx"
00-0037356,"https://static.www.nfl.com/image/upload/f_auto,q_auto/league/wyj9urijpkzuz2noqk2g"
00-0037363,"https://static.www.nfl.com/image/upload/f_auto,q_auto/league/a3v1gty0fkdh6rlypzyo"
00-0037364,"https://static.www.nfl.com/image/upload/f_auto,q_auto/league/siq8ayl7lif3uddghbum"
00-0037373,"https://static.www.nfl.com/image/upload/f_auto,q_auto/league/vcssolpyqfajzj28q2vz"
00-0037375,"https://static.www.nfl.com/image/upload/f_auto,q_auto/league/qgg47ajpbsmv9td5qlrt"
00-0037380,"https://static.www.nfl.com/image/upload/f_auto,q_auto/league/j4pxqpw02oztmctolcdr"
00-0037381,"https://static.www.nfl.com/image/upload/f_auto,q_auto/league/rvagoeee57wgqn5vabpq"
00-0037382,"https://static.www.nfl.com/image/upload/f_auto,q_auto/league/pjdx1jdr9snczoeyevli"
00-0037383,"https://static.www.nfl.com/image/upload/f_auto,q_auto/league/lh27qiuvou0wapxxg83j"
00-0037384,"https://static.www.nfl.com/image/upload/f_auto,q_auto/league/kpgabuesfqci0swbrkem"
00-0037385,"https://static.www.nfl.com/image/upload/f_auto,q_auto/league/piami1hctdga4ojgkcpq"
00-0037387,"https://static.www.nfl.com/image/upload/f_auto,q_auto/league/i9ebia0j5dp78tpgcmpx"
00-0037392,"https://static.www.nfl.com/image/upload/f_auto,q_auto/league/wrrbgysos44kvlx19rzb"
00-0037394,"https://static.www.nfl.com/image/upload/f_auto,q_auto/league/fgpvhgz3cly5ob3nf7ii"
00-0037395,"https://static.www.nfl.com/image/upload/f_auto,q_auto/league/gzmnysc6ars1fshia3kt"
00-0037396,"https://static.www.nfl.com/image/upload/f_auto,q_auto/league/jd4pp7egjcodrh7e5k1l"
00-0037404,"https://static.www.nfl.com/image/upload/f_auto,q_auto/league/gcnwaxoqw1ys3dpxs6xf"
00-0037410,"https://static.www.nfl.com/image/upload/f_auto,q_auto/league/ovzlcbe1osd6ugfxu55d"
00-0037412,"https://static.www.nfl.com/image/upload/f_auto,q_auto/league/hi1jz8g2dtq0l6efegra"
00-0037413,"https://static.www.nfl.com/image/upload/f_auto,q_auto/league/lml1v7twuud44q3pn0hm"
00-0037414,"https://static.www.nfl.com/image/upload/f_auto,q_auto/league/xbxzyjodpatlv5edyuew"
00-0037422,"https://static.www.nfl.com/image/upload/f_auto,q_auto/league/edqjtpuwrzqqbwtne9a5"
00-0037428,"https://static.www.nfl.com/image/upload/f_auto,q_auto/league/frlusanzfnfuvcgjc05a"
00-0037429,"https://static.www.nfl.com/image/upload/f_auto,q_auto/league/hzdyiuzm78dpedlcicwy"
00-0037431,"https://static.www.nfl.com/image/upload/f_auto,q_auto/league/ippwcl86bpdf0ztu1w10"
00-0037440,"https://static.www.nfl.com/image/upload/f_auto,q_auto/league/osxcesk1syo3wl63pl3u"
00-0037447,"https://static.www.nfl.com/image/upload/f_auto,q_auto/league/lccvchowchcmx5ymg67u"
00-0037450,"https://static.www.nfl.com/image/upload/f_auto,q_auto/league/tixxelivpmdjeq2wjdo6"
00-0037451,"https://static.www.nfl.com/image/upload/f_auto,q_auto/league/wdqerph3lu151tifksgo"
00-0037456,"https://static.www.nfl.com/image/upload/f_auto,q_auto/league/niy18wy5q5gpnara4xyn"
00-0037457,"https://static.www.nfl.com/image/upload/f_auto,q_auto/league/i0pe7wrwhctzokn1kurk"
00-0037459,"https://static.www.nfl.com/image/upload/f_auto,q_auto/league/gqis1rtyk7axeywb6cls"
00-0037460,"https://static.www.nfl.com/image/upload/f_auto,q_auto/league/u2syumzxevvv6bfkuttf"
00-0037461,"https://static.www.nfl.com/image/upload/f_auto,q_auto/league/lob4yulcbxvkweblc0dg"
00-0037468,"https://static.www.nfl.com/image/upload/f_auto,q_auto/league/z3fhkczvsef6tqspduap"
00-0037469,"https://static.www.nfl.com/image/upload/f_auto,q_auto/league/ykq7pksgncim43ktn8vx"
00-0037475,"https://static.www.nfl.com/image/upload/f_auto,q_auto/league/g8mtiyojkmj8vwzmg0ez"
00-0037480,"https://static.www.nfl.com/image/upload/f_auto,q_auto/league/nj4lwx2zcxnzg6kn3tu5"
00-0037487,"https://static.www.nfl.com/image/upload/f_auto,q_auto/league/hohgyaldfuylxqwnb8i2"
00-0037491,"https://static.www.nfl.com/image/upload/f_auto,q_auto/league/lq6h1zfzzkq3u2zbbosh"
00-0037493,"https://static.www.nfl.com/image/upload/f_auto,q_auto/league/vufbgfg96s4jt3tlxdiw"
00-0037499,"https://static.www.nfl.com/image/private/f_auto,q_auto/league/coe0imw4gitw3llihwz1"
00-0037500,"https://static.www.nfl.com/image/upload/f_auto,q_auto/league/g8j6r8d2ut2a2ln6i3c6"
00-0037506,"https://static.www.nfl.com/image/upload/f_auto,q_auto/league/stshlkkfc995vk5tuhtd"
00-0037509,"https://static.www.nfl.com/image/upload/f_auto,q_auto/league/t2e5ffjyc1iimyxufxjs"
00-0037512,"https://static.www.nfl.com/image/upload/f_auto,q_auto/league/iv2fsbkqbciaglpqrlbd"
00-0037515,"https://static.www.nfl.com/image/upload/f_auto,q_auto/league/yczkg02wj4bqzue9fxcw"
00-0037516,"https://static.www.nfl.com/image/upload/f_auto,q_auto/league/x0xcfspsmbddxk8autai"
00-0037517,"https://static.www.nfl.com/image/upload/f_auto,q_auto/league/fwfobtgnbj9tdku4vuwd"
00-0037524,"https://static.www.nfl.com/image/upload/f_auto,q_auto/league/ttdp5v9tl0zqmb0dmmuv"
00-0037525,"https://static.www.nfl.com/image/upload/f_auto,q_auto/league/qeeucinnxl8mpzaw23hc"
00-0037526,"https://static.www.nfl.com/image/upload/f_auto,q_auto/league/fs8k5b7zyglt1zg9q5zd"
00-0037527,"https://static.www.nfl.com/image/upload/f_auto,q_auto/league/wdbdm4wqfnxyot962sco"
00-0037539,"https://static.www.nfl.com/image/upload/f_auto,q_auto/league/eolvpkk5jjmipuqmf5v6"
00-0037542,"https://static.www.nfl.com/image/upload/f_auto,q_auto/league/pgbqca2tf4hcq4vxv13m"
00-0037544,"https://static.www.nfl.com/image/upload/f_auto,q_auto/league/whfernvrrhmopmxfucso"
00-0037545,"https://static.www.nfl.com/image/upload/f_auto,q_auto/league/ku2naisfbxmzgagxojnm"
00-0037547,"https://static.www.nfl.com/image/upload/f_auto,q_auto/league/sbt08fmtztaze2rm3cef"
00-0037549,"https://static.www.nfl.com/image/upload/f_auto,q_auto/league/qz4bicahmuowtpiesehf"
00-0037557,"https://static.www.nfl.com/image/upload/f_auto,q_auto/league/t9l7jhs1jw1joy8jpxee"
00-0037560,"https://static.www.nfl.com/image/upload/f_auto,q_auto/league/xil7lf1lnywgdsc8wclv"
00-0037561,"https://static.www.nfl.com/image/upload/f_auto,q_auto/league/wdantov1g2bbtjf4chpx"
00-0037563,"https://static.www.nfl.com/image/upload/f_auto,q_auto/league/zvranxxyt8qeihn8c2q9"
00-0037569,"https://static.www.nfl.com/image/upload/f_auto,q_auto/league/d8plvjsvwdadr1ap93ci"
00-0037570,"https://static.www.nfl.com/image/upload/f_auto,q_auto/league/nq77jbtjvci25d4uyzsn"
00-0037572,"https://static.www.nfl.com/image/private/f_auto,q_auto/league/cvtae9fiee1vgzac4b2b"
00-0037578,"https://static.www.nfl.com/image/upload/f_auto,q_auto/league/ftxdnkfoymrgcc96zlnt"
00-0037585,"https://static.www.nfl.com/image/upload/f_auto,q_auto/league/vuyddfbh4sapogzrxyqv"
00-0037587,"https://static.www.nfl.com/image/upload/f_auto,q_auto/league/w44rpubxjijvxv0pkfnh"
00-0037591,"https://static.www.nfl.com/image/upload/f_auto,q_auto/league/vgin4jmnxywlfn7hzbka"
00-0037592,"https://static.www.nfl.com/image/private/f_auto,q_auto/league/hdivpncrququjnukvyoq"
00-0037593,"https://static.www.nfl.com/image/upload/f_auto,q_auto/league/malahw9czftvuse45ebp"
00-0037594,"https://static.www.nfl.com/image/upload/f_auto,q_auto/league/bkhv6hpjogvs5b31wwrs"
00-0037596,"https://static.www.nfl.com/image/upload/f_auto,q_auto/league/cbl2jymi5wc5wxctu1es"
00-0037600,"https://static.www.nfl.com/image/upload/f_auto,q_auto/league/ez0xl3v0bqfix9002jva"
00-0037601,"https://static.www.nfl.com/image/upload/f_auto,q_auto/league/ltlojovue9gzntpaubjn"
00-0037602,"https://static.www.nfl.com/image/upload/f_auto,q_auto/league/nbng6hhjkazvx3four5d"
00-0037603,"https://static.www.nfl.com/image/upload/f_auto,q_auto/league/nukplfyqjq7f1miw7h9o"
00-0037605,"https://static.www.nfl.com/image/upload/f_auto,q_auto/league/jkbyyccmhaxdkuxsqpmn"
00-0037607,"https://static.www.nfl.com/image/upload/f_auto,q_auto/league/vlsrao7qxhrgpdsrjjar"
00-0037608,"https://static.www.nfl.com/image/upload/f_auto,q_auto/league/zx9sg0w3gtobquxrzr4t"
00-0037609,"https://static.www.nfl.com/image/upload/f_auto,q_auto/league/iujjn4h87hwnj9tswfey"
00-0037610,"https://static.www.nfl.com/image/upload/f_auto,q_auto/league/y20axxbe3ipfdmy0vjce"
00-0037611,"https://static.www.nfl.com/image/upload/f_auto,q_auto/league/zva5gqbt2nauteuxlcao"
00-0037612,"https://static.www.nfl.com/image/upload/f_auto,q_auto/league/ezmw6xnkxdapbcniknrn"
00-0037613,"https://static.www.nfl.com/image/upload/f_auto,q_auto/league/swft9hr88vgjzhta1gvu"
00-0037614,"https://static.www.nfl.com/image/upload/f_auto,q_auto/league/nsjpnskeldxzbzckpfgg"
00-0037615,"https://static.www.nfl.com/image/upload/f_auto,q_auto/league/cyowdu41yhyzblsz2aam"
00-0037616,"https://static.www.nfl.com/image/upload/f_auto,q_auto/league/kk6rwopeqnomepo0lc9f"
00-0037617,"https://static.www.nfl.com/image/upload/f_auto,q_auto/league/n9jwsfxyo1xppmhscpik"
00-0037618,"https://static.www.nfl.com/image/upload/f_auto,q_auto/league/xavwevdxxjoneavs1mxl"
00-0037619,"https://static.www.nfl.com/image/upload/f_auto,q_auto/league/u4uimqhcoylpaex8vxah"
00-0037620,"https://static.www.nfl.com/image/upload/f_auto,q_auto/league/rap8q8mkdtzgq9erggm9"
00-0037621,"https://static.www.nfl.com/image/upload/f_auto,q_auto/league/jdfbxog0kjbvrxpmekjt"
00-0037627,"https://static.www.nfl.com/image/upload/f_auto,q_auto/league/am4sroiqifiizzjfjvt3"
00-0037633,"https://static.www.nfl.com/image/upload/f_auto,q_auto/league/merkvyg5qcq6ykgsqqyb"
00-0037638,"https://static.www.nfl.com/image/upload/f_auto,q_auto/league/xuch0jszvzrrin8jjxtx"
00-0037639,"https://static.www.nfl.com/image/upload/f_auto,q_auto/league/l6keindhp1sdxar83xnl"
00-0037654,"https://static.www.nfl.com/image/upload/f_auto,q_auto/league/yqaco04wjatmxlmxpq1y"
00-0037661,"https://static.www.nfl.com/image/upload/f_auto,q_auto/league/psqzuevupspatsrfianv"
00-0037662,"https://static.www.nfl.com/image/upload/f_auto,q_auto/league/t7msnroiny0ywfscrymd"
00-0037663,"https://static.www.nfl.com/image/upload/f_auto,q_auto/league/jj3gmudznyutylbkkqbu"
00-0037664,"https://static.www.nfl.com/image/upload/f_auto,q_auto/league/qcg9t51wgp3hicavmkmy"
00-0037665,"https://static.www.nfl.com/image/upload/f_auto,q_auto/league/dffnhnfk8qloazleesuj"
00-0037666,"https://static.www.nfl.com/image/upload/f_auto,q_auto/league/dthrzudnyh1mcrh1det2"
00-0037667,"https://static.www.nfl.com/image/upload/f_auto,q_auto/league/jairg6uh8wzsvw6fmtpx"
00-0037686,"https://static.www.nfl.com/image/upload/f_auto,q_auto/league/weswfyqcc51q4zgjtgmq"
00-0037692,"https://static.www.nfl.com/image/upload/f_auto,q_auto/league/bgwg06zmyohjxvzznbf6"
00-0037708,"https://static.www.nfl.com/image/upload/f_auto,q_auto/league/pazurakagfrtauxfbi8v"
00-0037711,"https://static.www.nfl.com/image/upload/f_auto,q_auto/league/bhm6towuahy7ztd8zkna"
00-0037740,"https://static.www.nfl.com/image/upload/f_auto,q_auto/league/upxwxmhdd8xluztgqwhe"
00-0037741,"https://static.www.nfl.com/image/upload/f_auto,q_auto/league/gwuibfw7ljxudxtldcvh"
00-0037742,"https://static.www.nfl.com/image/upload/f_auto,q_auto/league/bmozbzdxgnnwdniuvgnn"
00-0037743,"https://static.www.nfl.com/image/upload/f_auto,q_auto/league/onw9ijbhtrdvjqpi0toh"
00-0037744,"https://static.www.nfl.com/image/upload/f_auto,q_auto/league/psasp10nn5pcvkli9kil"
00-0037745,"https://static.www.nfl.com/image/upload/f_auto,q_auto/league/d4y5fxivhcxk34q7stpb"
00-0037746,"https://static.www.nfl.com/image/upload/f_auto,q_auto/league/n1xhex1ytisxcbcggqu7"
00-0037747,"https://static.www.nfl.com/image/upload/f_auto,q_auto/league/rwf4fr8vbcyuefyh0gvo"
00-0037748,"https://static.www.nfl.com/image/private/f_auto,q_auto/league/yvwrtyodxsqbsduru5o6"
00-0037752,"https://static.www.nfl.com/image/upload/f_auto,q_auto/league/bcj31sdowvuw6gqh5zzj"
00-0037753,"https://static.www.nfl.com/image/upload/f_auto,q_auto/league/zco7tr0hv4kxfytolltt"
00-0037754,"https://static.www.nfl.com/image/upload/f_auto,q_auto/league/pbfr1pfxbihhuarcuqjz"
00-0037755,"https://static.www.nfl.com/image/upload/f_auto,q_auto/league/bnezem4laynlarqnpyc5"
00-0037756,"https://static.www.nfl.com/image/upload/f_auto,q_auto/league/wm1f5uddgq3xmivgmrkz"
00-0037757,"https://static.www.nfl.com/image/upload/f_auto,q_auto/league/jfvsfwx5pyuj17pmpbqf"
00-0037758,"https://static.www.nfl.com/image/upload/f_auto,q_auto/league/dk8b5dpa5fflut1j4ynl"
00-0037759,"https://static.www.nfl.com/image/upload/f_auto,q_auto/league/gqsxinwxry4uggkdd90r"
00-0037779,"https://static.www.nfl.com/image/upload/f_auto,q_auto/league/nidprqu6cjaixujilxae"
00-0037799,"https://static.www.nfl.com/image/upload/f_auto,q_auto/league/rqo88erhkag4dfighxdw"
00-0037801,"https://static.www.nfl.com/image/upload/f_auto,q_auto/league/tayjlp1hgmm6rewgl1k4"
00-0037804,"https://static.www.nfl.com/image/upload/f_auto,q_auto/league/qvq8wnz7ssbxxuxxo9mn"
00-0037805,"https://static.www.nfl.com/image/upload/f_auto,q_auto/league/bcqcta7r1uee3rqhejdh"
00-0037807,"https://static.www.nfl.com/image/upload/f_auto,q_auto/league/frliqpf1kehhiaiq8m2e"
00-0037808,"https://static.www.nfl.com/image/upload/f_auto,q_auto/league/uyjqwnbcams2hk2rmyh2"
00-0037809,"https://static.www.nfl.com/image/upload/f_auto,q_auto/league/pzcez6pi9tpdqkmjjnzk"
00-0037810,"https://static.www.nfl.com/image/upload/f_auto,q_auto/league/hazptxokp1zuwvuvdasb"
00-0037811,"https://static.www.nfl.com/image/upload/f_auto,q_auto/league/wwf5gmaohjdyvpigwu5e"
00-0037812,"https://static.www.nfl.com/image/upload/f_auto,q_auto/league/uuarey3oymnwrxezyp4d"
00-0037813,"https://static.www.nfl.com/image/upload/f_auto,q_auto/league/iop376y4dj0sxvhznh3f"
00-0037814,"https://static.www.nfl.com/image/upload/f_auto,q_auto/league/lir08woankvv1ri6vpdr"
00-0037815,"https://static.www.nfl.com/image/upload/f_auto,q_auto/league/utrucssevq1dvqtxu3eh"
00-0037816,"https://static.www.nfl.com/image/upload/f_auto,q_auto/league/yxvzijmgwyyigljxfmyb"
00-0037817,"https://static.www.nfl.com/image/upload/f_auto,q_auto/league/rciezth8ldzcpq7yqbde"
00-0037818,"https://static.www.nfl.com/image/upload/f_auto,q_auto/league/no0uoh39lwbf4kzp4zfj"
00-0037819,"https://static.www.nfl.com/image/upload/f_auto,q_auto/league/vjl1lsaotcqcxkhm2std"
00-0037821,"https://static.www.nfl.com/image/upload/f_auto,q_auto/league/bfihltadsoacis5cqin8"
00-0037822,"https://static.www.nfl.com/image/upload/f_auto,q_auto/league/xohuccngmgsc8x8t7onn"
00-0037823,"https://static.www.nfl.com/image/upload/f_auto,q_auto/league/ffkftfaaph6bcd0v1d4n"
00-0037825,"https://static.www.nfl.com/image/upload/f_auto,q_auto/league/fh4i4wf9f4nslburymqu"
00-0037826,"https://static.www.nfl.com/image/upload/f_auto,q_auto/league/x8ndvrqtk5q076kwedxg"
00-0037827,"https://static.www.nfl.com/image/upload/f_auto,q_auto/league/np2ljgazwwq6sh9015qs"
00-0037828,"https://static.www.nfl.com/image/upload/f_auto,q_auto/league/qu9ojb3kaf3rhjotlycy"
00-0037829,"https://static.www.nfl.com/image/upload/f_auto,q_auto/league/wtff3ynyk6usevyirayk"
00-0037830,"https://static.www.nfl.com/image/upload/f_auto,q_auto/league/rjvnnjizl2wtqrava83i"
00-0037831,"https://static.www.nfl.com/image/upload/f_auto,q_auto/league/cun4v40dnqifysuu9oxf"
00-0037832,"https://static.www.nfl.com/image/upload/f_auto,q_auto/league/bqad9jqdvg5tis5i3vgu"
00-0037833,"https://static.www.nfl.com/image/upload/f_auto,q_auto/league/sauvxksfrf2vm2nhsjjd"
00-0037834,"https://static.www.nfl.com/image/upload/f_auto,q_auto/league/xs2fyj1sqdgwvt9ihbri"
00-0037835,"https://static.www.nfl.com/image/upload/f_auto,q_auto/league/sqxcnkcippzfz3mx2thm"
00-0037836,"https://static.www.nfl.com/image/upload/f_auto,q_auto/league/tb8lbqdxpty20nrwwg0n"
00-0037837,"https://static.www.nfl.com/image/private/f_auto,q_auto/league/qlt6ztqcbu0uzad6aavt"
00-0037838,"https://static.www.nfl.com/image/upload/f_auto,q_auto/league/b1pahldt9ixp9lssxi2d"
00-0037839,"https://static.www.nfl.com/image/upload/f_auto,q_auto/league/oeeeljrjnb0mvvzi6csj"
00-0037840,"https://static.www.nfl.com/image/upload/f_auto,q_auto/league/xti3pek6rmojqchakxpy"
00-0037841,"https://static.www.nfl.com/image/upload/f_auto,q_auto/league/qktbfevtbxiyrw9ekk72"
00-0037842,"https://static.www.nfl.com/image/upload/f_auto,q_auto/league/rhmkstzb8ox2thtdo4k3"
00-0037843,"https://static.www.nfl.com/image/upload/f_auto,q_auto/league/z0xxyyeoreq9hcnvllfv"
00-0037844,"https://static.www.nfl.com/image/upload/f_auto,q_auto/league/zojmeuz1wcm1tlfewvxe"
00-0037845,"https://static.www.nfl.com/image/upload/f_auto,q_auto/league/gziofcy3o1epv9spjapl"
00-0037984,"https://static.www.nfl.com/image/upload/f_auto,q_auto/league/mfeu7klqfh5ximkpkf1f"
00-0038038,"https://static.www.nfl.com/image/upload/f_auto,q_auto/league/cshtattblpge9ngjve9a"
00-0038039,"https://static.www.nfl.com/image/upload/f_auto,q_auto/v1787861967/league/ah12ltwvgwl9few2ktqj"
00-0038040,"https://static.www.nfl.com/image/upload/f_auto,q_auto/league/jzthyqk2ld52f31ka1ir"
00-0038041,"https://static.www.nfl.com/image/upload/f_auto,q_auto/league/xpykb0tbosfwsn6dqstb"
00-0038042,"https://static.www.nfl.com/image/upload/f_auto,q_auto/league/hqkpgynlysrpztamxn6n"
00-0038043,"https://static.www.nfl.com/image/upload/f_auto,q_auto/league/w2nwt08uxz0owmctdyfu"
00-0038045,"https://static.www.nfl.com/image/upload/f_auto,q_auto/league/msdwytjm5qjxe336lmnv"
00-0038046,"https://static.www.nfl.com/image/upload/f_auto,q_auto/league/g75ws8vkqz9cqwifhcy7"
00-0038090,"https://static.www.nfl.com/image/upload/f_auto,q_auto/league/id9k0aylvgyq8lulabe3"
00-0038091,"https://static.www.nfl.com/image/upload/f_auto,q_auto/league/c9yj9oh5pdja14fvmoub"
00-0038092,"https://static.www.nfl.com/image/upload/f_auto,q_auto/league/z5fkw0w6ylpkumdxcpcv"
00-0038093,"https://static.www.nfl.com/image/upload/f_auto,q_auto/league/pikpateqjukuersidq1m"
00-0038094,"https://static.www.nfl.com/image/upload/f_auto,q_auto/league/eeftrwsh0aigc7r22goy"
00-0038095,"https://static.www.nfl.com/image/upload/f_auto,q_auto/league/o5wcq92vpoiqddixdbyb"
00-0038096,"https://static.www.nfl.com/image/upload/f_auto,q_auto/league/cu4msshr9uspguaggw2c"
00-0038097,"https://static.www.nfl.com/image/upload/f_auto,q_auto/league/irts9o3l9mzopvyg7c25"
00-0038098,"https://static.www.nfl.com/image/upload/f_auto,q_auto/league/aa0nufst85vutgor1fqv"
00-0038099,"https://static.www.nfl.com/image/upload/f_auto,q_auto/league/dtyx342zos6eqmy7tpfe"
00-0038100,"https://static.www.nfl.com/image/upload/f_auto,q_auto/league/uqx9zb1asrcvsenbus1p"
00-0038101,"https://static.www.nfl.com/image/upload/f_auto,q_auto/league/nhqsqcicvneknjeivzrd"
00-0038102,"https://static.www.nfl.com/image/upload/f_auto,q_auto/league/gw6lyiuevyuspfkglnmj"
00-0038103,"https://static.www.nfl.com/image/upload/f_auto,q_auto/league/ewuzloizbacphcy6yogg"
00-0038104,"https://static.www.nfl.com/image/upload/f_auto,q_auto/league/bjqzuempyiwxe0hl7e5a"
00-0038105,"https://static.www.nfl.com/image/upload/f_auto,q_auto/league/jutmtleh0mecfk0lbu7n"
00-0038106,"https://static.www.nfl.com/image/upload/f_auto,q_auto/league/xrpjuwqmhwjnovlj1kd8"
00-0038107,"https://static.www.nfl.com/image/upload/f_auto,q_auto/league/kzhxrfgymul56cld8omq"
00-0038108,"https://static.www.nfl.com/image/upload/f_auto,q_auto/league/b6ntwwdcbjnzv2gml8tk"
00-0038111,"https://static.www.nfl.com/image/upload/f_auto,q_auto/league/u5s17tjtzqebsl5yicln"
00-0038112,"https://static.www.nfl.com/image/upload/f_auto,q_auto/league/j2vljio1hfmqcwj3pd5m"
00-0038113,"https://static.www.nfl.com/image/upload/f_auto,q_auto/league/iclseim2aem6aioawabq"
00-0038114,"https://static.www.nfl.com/image/upload/f_auto,q_auto/league/v7nuncuycdg3jpjkr0hz"
00-0038115,"https://static.www.nfl.com/image/upload/f_auto,q_auto/league/nvabdu88h2cvroeygabo"
00-0038116,"https://static.www.nfl.com/image/upload/f_auto,q_auto/league/w5sjq8cj5tdar5ttlll7"
00-0038117,"https://static.www.nfl.com/image/upload/f_auto,q_auto/league/yzcvyhmilvxedfjfjglc"
00-0038118,"https://static.www.nfl.com/image/upload/f_auto,q_auto/league/kwwlwjresostl9pd7yvz"
00-0038119,"https://static.www.nfl.com/image/upload/f_auto,q_auto/league/stfweqraa3ezp6xtcqut"
00-0038120,"https://static.www.nfl.com/image/upload/f_auto,q_auto/league/i01xtqbfajfq68lb6orh"
00-0038121,"https://static.www.nfl.com/image/upload/f_auto,q_auto/league/avogci7ghtzxoxdcdtnx"
00-0038122,"https://static.www.nfl.com/image/upload/f_auto,q_auto/league/rhpusa7pfgd82d9ui6y7"
00-0038123,"https://static.www.nfl.com/image/upload/f_auto,q_auto/league/iiss6ltg2ajuabrisoqw"
00-0038124,"https://static.www.nfl.com/image/upload/f_auto,q_auto/league/tumeg4d32sirkab2xzu5"
00-0038125,"https://static.www.nfl.com/image/upload/f_auto,q_auto/league/elq9ou82mtnczfos63em"
00-0038126,"https://static.www.nfl.com/image/upload/f_auto,q_auto/league/mba0pzg4jlbxszeneexx"
00-0038127,"https://static.www.nfl.com/image/upload/f_auto,q_auto/league/k96urywunaosfsjayoyk"
00-0038128,"https://static.www.nfl.com/image/upload/f_auto,q_auto/league/txvgdbwbryzyyqq6gfet"
00-0038129,"https://static.www.nfl.com/image/upload/f_auto,q_auto/league/yanr6h9aplae3jyzimf7"
00-0038130,"https://static.www.nfl.com/image/upload/f_auto,q_auto/league/vg0kwozv8jzcn5vf4wzz"
00-0038131,"https://static.www.nfl.com/image/upload/f_auto,q_auto/league/zcqlqfil0ci0v8eftkub"
00-0038133,"https://static.www.nfl.com/image/upload/f_auto,q_auto/league/fkiu8drhb66rzmqjeg7w"
00-0038134,"https://static.www.nfl.com/image/upload/f_auto,q_auto/league/vk6nruaqdewdglofcwwg"
00-0038135,"https://static.www.nfl.com/image/upload/f_auto,q_auto/league/ng47khcomgkkfrmelstp"
00-0038136,"https://static.www.nfl.com/image/upload/f_auto,q_auto/league/kfojqisbt4anuiecraw5"
00-0038141,"https://static.www.nfl.com/image/upload/f_auto,q_auto/league/y2hk7ovhbqojnjh0iziw"
00-0038142,"https://static.www.nfl.com/image/upload/f_auto,q_auto/league/zhwq0frk3h6ni3uw4btp"
00-0038143,"https://static.www.nfl.com/image/upload/f_auto,q_auto/league/rxhdfm82rcvu907skvqy"
00-0038144,"https://static.www.nfl.com/image/upload/f_auto,q_auto/league/vll2htycvqq5vhihzyz6"
00-0038145,"https://static.www.nfl.com/image/upload/f_auto,q_auto/league/q1orevkdiqpclldhtauj"
00-0038152,"https://static.www.nfl.com/image/upload/f_auto,q_auto/league/dpkfsna78iqtafg1fpdm"
00-0038181,"https://static.www.nfl.com/image/upload/f_auto,q_auto/league/xa9o8zlctwgga8wh5apl"
00-0038194,"https://static.www.nfl.com/image/upload/f_auto,q_auto/league/f16d2isapl5nje5kli1q"
00-0038223,"https://static.www.nfl.com/image/upload/f_auto,q_auto/league/byl2u8acwyupfvutbjqq"
00-0038304,"https://static.www.nfl.com/image/upload/f_auto,q_auto/league/wicsjgiie6fenbirjb20"
00-0038348,"https://static.www.nfl.com/image/upload/f_auto,q_auto/league/lh97aijlwjieh7u2sccv"
00-0038354,"https://static.www.nfl.com/image/upload/f_auto,q_auto/league/urrsg5etku9rfbsdgmui"
00-0038358,"https://static.www.nfl.com/image/upload/f_auto,q_auto/league/w2vzuyrmy2cz60ap2qaf"
00-0038359,"https://static.www.nfl.com/image/upload/f_auto,q_auto/league/hqvwpitewijx8bjrcofe"
00-0038360,"https://static.www.nfl.com/image/upload/f_auto,q_auto/league/libjdgzvuq7q57noway9"
00-0038366,"https://static.www.nfl.com/image/upload/f_auto,q_auto/league/vzeuylllstdp5udwxgzq"
00-0038368,"https://static.www.nfl.com/image/upload/f_auto,q_auto/league/uga90lawcfxjcqna7opb"
00-0038381,"https://static.www.nfl.com/image/upload/f_auto,q_auto/league/jmwlrbcsuzckrohnwgdu"
00-0038382,"https://static.www.nfl.com/image/upload/f_auto,q_auto/league/civ7avfhqafjzhdghtae"
00-0038383,"https://static.www.nfl.com/image/upload/f_auto,q_auto/league/svbcpu80smbthhzqxvnx"
00-0038386,"https://static.www.nfl.com/image/upload/f_auto,q_auto/league/lzctlmzr184bc1mix5qs"
00-0038387,"https://static.www.nfl.com/image/upload/f_auto,q_auto/league/vexyqlme1a5f74sqktzs"
00-0038388,"https://static.www.nfl.com/image/upload/f_auto,q_auto/league/a8wtpczcqafcan19xmfm"
00-0038389,"https://static.www.nfl.com/image/upload/f_auto,q_auto/league/mt7lgg9gbjcmb2wttxeg"
00-0038390,"https://static.www.nfl.com/image/upload/f_auto,q_auto/league/sw5wea1zlc1drxoisej0"
00-0038391,"https://static.www.nfl.com/image/upload/f_auto,q_auto/league/v0tmzl4x5qf2fo2yimqf"
00-0038392,"https://static.www.nfl.com/image/upload/f_auto,q_auto/league/zhfuulvqg8vgqfx738ey"
00-0038393,"https://static.www.nfl.com/image/upload/f_auto,q_auto/league/v1lt8kpvkn0qw5elyaoz"
00-0038394,"https://static.www.nfl.com/image/upload/f_auto,q_auto/league/sl1pkiox1hucg9sxttfi"
00-0038395,"https://static.www.nfl.com/image/upload/f_auto,q_auto/league/azhrgsawgwgxed3z2dke"
00-0038396,"https://static.www.nfl.com/image/upload/f_auto,q_auto/league/ijjxwxv1ccyowzhpuw2k"
00-0038397,"https://static.www.nfl.com/image/upload/f_auto,q_auto/league/xyyujk9mvvzegaiefp51"
00-0038398,"https://static.www.nfl.com/image/upload/f_auto,q_auto/league/ymjmzn6ayhfpkdrtydyd"
00-0038399,"https://static.www.nfl.com/image/upload/f_auto,q_auto/league/jnyarp6uvues6avvg9xa"
00-0038400,"https://static.www.nfl.com/image/upload/f_auto,q_auto/league/oveivzhzv13jrfvkp8zg"
00-0038401,"https://static.www.nfl.com/image/upload/f_auto,q_auto/league/qijokuz8ptkewjqktjm4"
00-0038402,"https://static.www.nfl.com/image/upload/f_auto,q_auto/league/hier2cwevwkhkpgoxvb2"
00-0038403,"https://static.www.nfl.com/image/upload/f_auto,q_auto/league/hluwbh24y0wuxzwz99qd"
00-0038404,"https://static.www.nfl.com/image/upload/f_auto,q_auto/league/zwhsqtlohphoc8nnx4pr"
00-0038405,"https://static.www.nfl.com/image/upload/f_auto,q_auto/league/vxtxq2pl29wefdsqyvhz"
00-0038406,"https://static.www.nfl.com/image/private/f_auto,q_auto/league/ihuzkdkpbrlyv9oihmbg"
00-0038407,"https://static.www.nfl.com/image/upload/f_auto,q_auto/league/y5qayiucpnco15btyppy"
00-0038408,"https://static.www.nfl.com/image/upload/f_auto,q_auto/league/ihc2w7erwr1dddqf1i2x"
00-0038409,"https://static.www.nfl.com/image/upload/f_auto,q_auto/league/plqg1yngo8vvs8ths7aw"
00-0038411,"https://static.www.nfl.com/image/upload/f_auto,q_auto/league/refvxunbbme3kanexiyp"
00-0038412,"https://static.www.nfl.com/image/upload/f_auto,q_auto/league/pifqoqquxxvoqwah8khm"
00-0038413,"https://static.www.nfl.com/image/upload/f_auto,q_auto/league/c6ftowfm8bhcipydmtni"
00-0038414,"https://static.www.nfl.com/image/upload/f_auto,q_auto/league/p8tf7gkxcdl46exymyaj"
00-0038416,"https://static.www.nfl.com/image/upload/f_auto,q_auto/league/ymimvligfyrucu0v3p6a"
00-0038417,"https://static.www.nfl.com/image/upload/f_auto,q_auto/league/c2fwnlzchqhbflgc7agj"
00-0038419,"https://static.www.nfl.com/image/upload/f_auto,q_auto/league/eexqqznxl8cfpurzaieg"
00-0038426,"https://static.www.nfl.com/image/upload/f_auto,q_auto/league/si2p0txmdqyal15mlhki"
00-0038428,"https://static.www.nfl.com/image/upload/f_auto,q_auto/league/tkah6glpysuyq2a54gts"
00-0038429,"https://static.www.nfl.com/image/upload/f_auto,q_auto/league/qvbfvhlmnbuuyccpdwsv"
00-0038440,"https://static.www.nfl.com/image/upload/f_auto,q_auto/league/z8sqpgdoyuv5rask15vn"
00-0038448,"https://static.www.nfl.com/image/upload/f_auto,q_auto/league/iket88bhqoin5iflik8j"
00-0038452,"https://static.www.nfl.com/image/upload/f_auto,q_auto/league/cprkybzlfnsczsivahgg"
00-0038454,"https://static.www.nfl.com/image/upload/f_auto,q_auto/league/ztciwwpbyaffmckwrzdk"
00-0038456,"https://static.www.nfl.com/image/upload/f_auto,q_auto/league/mghciy5zhnaxa6v097yj"
00-0038458,"https://static.www.nfl.com/image/upload/f_auto,q_auto/league/nig1vy9k1asfhkanvlki"
00-0038462,"https://static.www.nfl.com/image/upload/f_auto,q_auto/league/edgka7bc6ko9mjuxxp5o"
00-0038463,"https://static.www.nfl.com/image/upload/f_auto,q_auto/league/gip2rjldcyryxybsioer"
00-0038465,"https://static.www.nfl.com/image/upload/f_auto,q_auto/league/gtvkkadrxfzlj1qxshhx"
00-0038470,"https://static.www.nfl.com/image/upload/f_auto,q_auto/league/nzljjxkadkyh9ijuylmp"
00-0038471,"https://static.www.nfl.com/image/upload/f_auto,q_auto/league/hj8uiv6deffbbnrpnapq"
00-0038475,"https://static.www.nfl.com/image/upload/f_auto,q_auto/league/c8bvrjjpsaccjsokwptb"
00-0038476,"https://static.www.nfl.com/image/upload/f_auto,q_auto/league/hb3m2zbfb5aprw6vdqx8"
00-0038477,"https://static.www.nfl.com/image/upload/f_auto,q_auto/league/tpgo4wfllzjx9l703nhb"
00-0038479,"https://static.www.nfl.com/image/upload/f_auto,q_auto/league/aqf9boenxakrjqggx8d6"
00-0038482,"https://static.www.nfl.com/image/upload/f_auto,q_auto/league/zil5leew1ivulrbpatz1"
00-0038484,"https://static.www.nfl.com/image/upload/f_auto,q_auto/league/gudtx0xooxkdfyprz0ma"
00-0038487,"https://static.www.nfl.com/image/upload/f_auto,q_auto/league/yelfjbtjqpgpt8ypmlal"
00-0038488,"https://static.www.nfl.com/image/upload/f_auto,q_auto/league/vfz3osmr3fgeoyu5us80"
00-0038489,"https://static.www.nfl.com/image/upload/f_auto,q_auto/league/ncnb1nwr2b1usus557xy"
00-0038490,"https://static.www.nfl.com/image/upload/f_auto,q_auto/league/rmprz572lgnxuojnxh5p"
00-0038491,"https://static.www.nfl.com/image/upload/f_auto,q_auto/league/zemmnuse9rusa4h4u5uh"
00-0038492,"https://static.www.nfl.com/image/upload/f_auto,q_auto/league/gnqpsix71nvcuclltghc"
00-0038493,"https://static.www.nfl.com/image/upload/f_auto,q_auto/league/nrqd1waoajdyblwerius"
00-0038494,"https://static.www.nfl.com/image/private/f_auto,q_auto/league/egycpb5zv75wp0ytluhl"
00-0038496,"https://static.www.nfl.com/image/upload/f_auto,q_auto/league/o81mvslx374ouca313mw"
00-0038498,"https://static.www.nfl.com/image/upload/f_auto,q_auto/league/jmhuk0gcnyotcjhdxo6v"
00-0038502,"https://static.www.nfl.com/image/upload/f_auto,q_auto/league/r5uyfquwc8omjlrjhf97"
00-0038504,"https://static.www.nfl.com/image/upload/f_auto,q_auto/league/hoi5uajg40os0xa1odi9"
00-0038505,"https://static.www.nfl.com/image/upload/f_auto,q_auto/league/mmvqyuqlg73zp0jwydxr"
00-0038506,"https://static.www.nfl.com/image/upload/f_auto,q_auto/league/tr46ilf5hznzboea38ag"
00-0038507,"https://static.www.nfl.com/image/upload/f_auto,q_auto/league/ytrkyhuvudbeuc90zuok"
00-0038509,"https://static.www.nfl.com/image/upload/f_auto,q_auto/league/e7x7wggxza9p4evirbb0"
00-0038511,"https://static.www.nfl.com/image/upload/f_auto,q_auto/league/bxyyf9gelojxtyqvzeas"
00-0038513,"https://static.www.nfl.com/image/upload/f_auto,q_auto/league/jwrgy9biwoeqssscqysr"
00-0038514,"https://static.www.nfl.com/image/upload/f_auto,q_auto/league/zhhugc4ahcrbbpbsufqr"
00-0038518,"https://static.www.nfl.com/image/upload/f_auto,q_auto/league/jww0uh6fsyumajcg2gg9"
00-0038519,"https://static.www.nfl.com/image/upload/f_auto,q_auto/league/n6b1tsy32fswbd0xgsim"
00-0038521,"https://static.www.nfl.com/image/upload/f_auto,q_auto/league/sgzl6u9ggxuea9qcbveg"
00-0038523,"https://static.www.nfl.com/image/upload/f_auto,q_auto/league/jfgdmued5u7dszjnao85"
00-0038535,"https://static.www.nfl.com/image/upload/f_auto,q_auto/league/skdbejfdghlnyipusgll"
00-0038536,"https://static.www.nfl.com/image/upload/f_auto,q_auto/league/h1jwlle0qeo7mtax2pc9"
00-0038540,"https://static.www.nfl.com/image/upload/f_auto,q_auto/league/fto9oiuqts9esmpl7dxf"
00-0038541,"https://static.www.nfl.com/image/upload/f_auto,q_auto/league/ildmh1dcqbamtixdpgse"
00-0038542,"https://static.www.nfl.com/image/upload/f_auto,q_auto/league/esii5yb8yn9edboi4mlq"
00-0038543,"https://static.www.nfl.com/image/upload/f_auto,q_auto/league/yx1xjrupbqdknnjaq4a6"
00-0038544,"https://static.www.nfl.com/image/upload/f_auto,q_auto/league/lyvsrjh4mjb4dqwp6shm"
00-0038545,"https://static.www.nfl.com/image/upload/f_auto,q_auto/league/kgoofjfxbyjfjgcr5bcz"
00-0038546,"https://static.www.nfl.com/image/upload/f_auto,q_auto/league/byrxunn2xpvxelbxlnh5"
00-0038547,"https://static.www.nfl.com/image/upload/f_auto,q_auto/league/g1slhy5joxxfeudlzrh9"
00-0038548,"https://static.www.nfl.com/image/upload/f_auto,q_auto/league/bkbuobkm9dwoyprlaasp"
00-0038549,"https://static.www.nfl.com/image/upload/f_auto,q_auto/league/nijmaqsa0uggtjzmpzgy"
00-0038550,"https://static.www.nfl.com/image/upload/f_auto,q_auto/league/jq92ol8hm5n7byqhpcps"
00-0038551,"https://static.www.nfl.com/image/upload/f_auto,q_auto/league/vclaomtslw55smksopku"
00-0038552,"https://static.www.nfl.com/image/upload/f_auto,q_auto/league/o8jxuxi7vqa9kxt0rawn"
00-0038553,"https://static.www.nfl.com/image/upload/f_auto,q_auto/league/jl1rn08ci17wub2xok8a"
00-0038554,"https://static.www.nfl.com/image/upload/f_auto,q_auto/league/gmgewszcsvxdb63dmqby"
00-0038555,"https://static.www.nfl.com/image/upload/f_auto,q_auto/league/vfkdjfpiyrcuzahrmfvn"
00-0038556,"https://static.www.nfl.com/image/upload/f_auto,q_auto/league/dxo0ebmthyvvgwfqqbbj"
00-0038557,"https://static.www.nfl.com/image/upload/f_auto,q_auto/league/fsslbcbp87yehsofpwg1"
00-0038558,"https://static.www.nfl.com/image/upload/f_auto,q_auto/league/inwx7uipfktapaump5pj"
00-0038559,"https://static.www.nfl.com/image/upload/f_auto,q_auto/league/hm2b9z4zujjmbiyldh8n"
00-0038560,"https://static.www.nfl.com/image/upload/f_auto,q_auto/league/iydwxwxig8e2godjx070"
00-0038561,"https://static.www.nfl.com/image/upload/f_auto,q_auto/league/otjbz9eqgulexs1atlsd"
00-0038562,"https://static.www.nfl.com/image/upload/f_auto,q_auto/league/apt7uakuwoxlpsjp5lp5"
00-0038563,"https://static.www.nfl.com/image/upload/f_auto,q_auto/league/hazzk3hrcequzosdgzgv"
00-0038564,"https://static.www.nfl.com/image/upload/f_auto,q_auto/league/hquihmithkmhoncvkqwt"
00-0038565,"https://static.www.nfl.com/image/upload/f_auto,q_auto/league/wrzakzdbmugca60xbidc"
00-0038566,"https://static.www.nfl.com/image/upload/f_auto,q_auto/league/m8klsckbapwh7m82tinf"
00-0038567,"https://static.www.nfl.com/image/upload/f_auto,q_auto/league/gbfzwbzdl9wj582nh5g9"
00-0038568,"https://static.www.nfl.com/image/upload/f_auto,q_auto/league/vbeop7m7ptjwtlm3cgqh"
00-0038569,"https://static.www.nfl.com/image/upload/f_auto,q_auto/league/blaqsoggckre8xjgfxgr"
00-0038570,"https://static.www.nfl.com/image/upload/f_auto,q_auto/league/gmxgq1mjnbdjjpcggamn"
00-0038571,"https://static.www.nfl.com/image/upload/f_auto,q_auto/league/fz0ka8wofw3dvqr6whnv"
00-0038572,"https://static.www.nfl.com/image/upload/f_auto,q_auto/league/bxua8lc5zasfkdmvu99e"
00-0038573,"https://static.www.nfl.com/image/upload/f_auto,q_auto/league/ykmeihbr6903smvblzgc"
00-0038574,"https://static.www.nfl.com/image/upload/f_auto,q_auto/league/bgay7c5onbqadb4qjguc"
00-0038575,"https://static.www.nfl.com/image/upload/f_auto,q_auto/league/s5ok9ad5e51tqij3vpsp"
00-0038576,"https://static.www.nfl.com/image/upload/f_auto,q_auto/league/poy4ph18jx211xbe6ajt"
00-0038577,"https://static.www.nfl.com/image/upload/f_auto,q_auto/league/ox9fpvzppbe9uyqvnp2q"
00-0038578,"https://static.www.nfl.com/image/upload/f_auto,q_auto/league/dwljd5ukdc8pzy3l5vju"
00-0038579,"https://static.www.nfl.com/image/upload/f_auto,q_auto/league/bcejxo7ofgk5pszhup12"
00-0038580,"https://static.www.nfl.com/image/upload/f_auto,q_auto/league/ok0dts6vzdwn8owisv08"
00-0038581,"https://static.www.nfl.com/image/upload/f_auto,q_auto/league/tuxlq3yp5alivdyqugdw"
00-0038582,"https://static.www.nfl.com/image/upload/f_auto,q_auto/league/qf8khbyllgjzfyqd3yuz"
00-0038583,"https://static.www.nfl.com/image/upload/f_auto,q_auto/league/ujuyt3hpswlin3aahmhu"
00-0038584,"https://static.www.nfl.com/image/upload/f_auto,q_auto/league/qnbp4fkzgxvoq9ujzsvg"
00-0038585,"https://static.www.nfl.com/image/upload/f_auto,q_auto/league/zzaqyr81r6bzhvcdss3b"
00-0038586,"https://static.www.nfl.com/image/upload/f_auto,q_auto/league/uvnz2p1foa0oivg3oq55"
00-0038587,"https://static.www.nfl.com/image/upload/f_auto,q_auto/league/zixsq934w8yeksxuznvd"
00-0038588,"https://static.www.nfl.com/image/upload/f_auto,q_auto/league/x87djeswtkpxvuvyw5xh"
00-0038589,"https://static.www.nfl.com/image/upload/f_auto,q_auto/league/an9hxzbzmg6kgkdai022"
00-0038590,"https://static.www.nfl.com/image/upload/f_auto,q_auto/league/htymyxoyw1hh52zoo3lb"
00-0038591,"https://static.www.nfl.com/image/upload/f_auto,q_auto/league/m1zqwqvge656lwucmx5h"
00-0038592,"https://static.www.nfl.com/image/upload/f_auto,q_auto/league/uewa3yfhev5xfmtxtwst"
00-0038593,"https://static.www.nfl.com/image/upload/f_auto,q_auto/league/lwz6dcsfrwdlxeprtinn"
00-0038594,"https://static.www.nfl.com/image/upload/f_auto,q_auto/league/c7i5bj3inrno1uvjxwv4"
00-0038595,"https://static.www.nfl.com/image/upload/f_auto,q_auto/league/qq6khttphfxwahgedbhu"
00-0038596,"https://static.www.nfl.com/image/upload/f_auto,q_auto/league/rrxemukb8b2to7ba2g56"
00-0038597,"https://static.www.nfl.com/image/upload/f_auto,q_auto/league/tch3y6jlj7khvyi9jg0c"
00-0038598,"https://static.www.nfl.com/image/upload/f_auto,q_auto/league/ki7jq97gzu1dv16hi4jq"
00-0038599,"https://static.www.nfl.com/image/upload/f_auto,q_auto/league/epsdr0zqlm2vrhizwama"
00-0038600,"https://static.www.nfl.com/image/upload/f_auto,q_auto/league/zv35eeyd3oxxkecrvqra"
00-0038601,"https://static.www.nfl.com/image/upload/f_auto,q_auto/league/i1lfvb8gnw3kfnz3cdyb"
00-0038602,"https://static.www.nfl.com/image/upload/f_auto,q_auto/league/vada29u8cv7aooueespg"
00-0038603,"https://static.www.nfl.com/image/upload/f_auto,q_auto/league/clzzji0rtncdzzxhtpux"
00-0038604,"https://static.www.nfl.com/image/upload/f_auto,q_auto/league/eo5ri5jizuskouhtased"
00-0038605,"https://static.www.nfl.com/image/upload/f_auto,q_auto/league/dvlcjuzhtjxgfnnbcxjv"
00-0038606,"https://static.www.nfl.com/image/upload/f_auto,q_auto/league/yn0hc5xrz5nqeccg8two"
00-0038607,"https://static.www.nfl.com/image/upload/f_auto,q_auto/league/ndqy0svsgab2tcuflu3x"
00-0038608,"https://static.www.nfl.com/image/upload/f_auto,q_auto/league/mg4icjqhwhnc5uobmau5"
00-0038609,"https://static.www.nfl.com/image/upload/f_auto,q_auto/league/alkthyatyuxkudodqhke"
00-0038610,"https://static.www.nfl.com/image/upload/f_auto,q_auto/league/iyvu3asumkgff88z5lot"
00-0038611,"https://static.www.nfl.com/image/upload/f_auto,q_auto/league/pknd5uajvpvfd8c744im"
00-0038612,"https://static.www.nfl.com/image/upload/f_auto,q_auto/league/ctnvhmwcin0vif2gunca"
00-0038613,"https://static.www.nfl.com/image/upload/f_auto,q_auto/league/jdg6nd5cot2srdfixjnv"
00-0038614,"https://static.www.nfl.com/image/upload/f_auto,q_auto/league/biif35k2hwpqmhlxn0sa"
00-0038615,"https://static.www.nfl.com/image/upload/f_auto,q_auto/league/tf57af5og2u6ybvb4vo1"
00-0038616,"https://static.www.nfl.com/image/upload/f_auto,q_auto/league/yubjkyjtl24cmt20ycbw"
00-0038617,"https://static.www.nfl.com/image/upload/f_auto,q_auto/league/ppsvzbopjgq7uc57e8hp"
00-0038618,"https://static.www.nfl.com/image/upload/f_auto,q_auto/league/n5baiu6sg9wh3xhhewkd"
00-0038619,"https://static.www.nfl.com/image/upload/f_auto,q_auto/league/xhrvbt81iohroyftuyj2"
00-0038620,"https://static.www.nfl.com/image/upload/f_auto,q_auto/league/hnpxgdu65sr9w51rkp6g"
00-0038621,"https://static.www.nfl.com/image/upload/f_auto,q_auto/league/cm9vnzqu5phlmsocjwgc"
00-0038622,"https://static.www.nfl.com/image/upload/f_auto,q_auto/league/z8lnunc6vvq9qlnidaw3"
00-0038623,"https://static.www.nfl.com/image/upload/f_auto,q_auto/league/xmtckml9zzgrv1r04anq"
00-0038624,"https://static.www.nfl.com/image/upload/f_auto,q_auto/league/o9d89l2prvb5k7uawpzi"
00-0038625,"https://static.www.nfl.com/image/upload/f_auto,q_auto/league/xlebnylgre4ogpnnl4na"
00-0038626,"https://static.www.nfl.com/image/upload/f_auto,q_auto/league/vhvczed44djnv8vrfwly"
00-0038627,"https://static.www.nfl.com/image/upload/f_auto,q_auto/league/x5jwwdjpwiwe5sdtjzsd"
00-0038628,"https://static.www.nfl.com/image/upload/f_auto,q_auto/league/qg0hfg5iv3zc6hn07dzt"
00-0038629,"https://static.www.nfl.com/image/upload/f_auto,q_auto/league/tm2hlsk9mv702qczciho"
00-0038630,"https://static.www.nfl.com/image/upload/f_auto,q_auto/league/u5uo7stg30twi38rr07y"
00-0038632,"https://static.www.nfl.com/image/upload/f_auto,q_auto/league/asnykoet55r5qhhewijc"
00-0038633,"https://static.www.nfl.com/image/upload/f_auto,q_auto/league/ho1hflkakgdwhwzj7eyu"
00-0038634,"https://static.www.nfl.com/image/upload/f_auto,q_auto/league/bkxlwccg77a4trgxflfh"
00-0038635,"https://static.www.nfl.com/image/upload/f_auto,q_auto/league/jnapl3qjyekmgvxm4bgd"
00-0038636,"https://static.www.nfl.com/image/upload/f_auto,q_auto/league/ysygpo0sm8rbptosqrrc"
00-0038639,"https://static.www.nfl.com/image/upload/f_auto,q_auto/league/iixgcsorqh6yvuem5t32"
00-0038640,"https://static.www.nfl.com/image/upload/f_auto,q_auto/league/xeg0tvg6klf0afgddkq6"
00-0038641,"https://static.www.nfl.com/image/upload/f_auto,q_auto/league/at3zmsf7seu7exc1d4od"
00-0038642,"https://static.www.nfl.com/image/upload/f_auto,q_auto/league/bgycp6whsc4bd61aumsq"
00-0038643,"https://static.www.nfl.com/image/upload/f_auto,q_auto/league/sdifjifrgrvunhiigdub"
00-0038644,"https://static.www.nfl.com/image/upload/f_auto,q_auto/league/cmhc0px1zf7xuxcqbqng"
00-0038645,"https://static.www.nfl.com/image/upload/f_auto,q_auto/league/gtpey4tnh0dkqjlux3gz"
00-0038646,"https://static.www.nfl.com/image/upload/f_auto,q_auto/league/vtgwc8celooprxtaqlb6"
00-0038647,"https://static.www.nfl.com/image/upload/f_auto,q_auto/league/oc0bqykntgi6uiczr7zc"
00-0038648,"https://static.www.nfl.com/image/upload/f_auto,q_auto/league/yx3s8vah183b6x6jt8z8"
00-0038649,"https://static.www.nfl.com/image/upload/f_auto,q_auto/league/yyvjgz6ikiyjw6au2kn1"
00-0038651,"https://static.www.nfl.com/image/upload/f_auto,q_auto/league/s8rcfnxgorzyjpct9ggg"
00-0038653,"https://static.www.nfl.com/image/upload/f_auto,q_auto/league/ov0j6k2wckanqkayqxhj"
00-0038654,"https://static.www.nfl.com/image/upload/f_auto,q_auto/league/kjoo4ytp3amale71ohvw"
00-0038657,"https://static.www.nfl.com/image/upload/f_auto,q_auto/league/patks9q9godmx2vdpt25"
00-0038658,"https://static.www.nfl.com/image/upload/f_auto,q_auto/league/uxqlgiljk3wecurnynmg"
00-0038660,"https://static.www.nfl.com/image/upload/f_auto,q_auto/league/m65qtbao0n91lg4gprrp"
00-0038661,"https://static.www.nfl.com/image/upload/f_auto,q_auto/league/yczxmt0xfnqax2ueqz3j"
00-0038663,"https://static.www.nfl.com/image/upload/f_auto,q_auto/league/wep63sxqoqc3yyyo8hds"
00-0038666,"https://static.www.nfl.com/image/upload/f_auto,q_auto/league/lj7wxp3ofnlkvnansw0s"
00-0038667,"https://static.www.nfl.com/image/upload/f_auto,q_auto/league/jdwpqogatij3pqncde1l"
00-0038669,"https://static.www.nfl.com/image/upload/f_auto,q_auto/league/g7u06mlbpsvwk4eefecq"
00-0038671,"https://static.www.nfl.com/image/upload/f_auto,q_auto/league/t19n4wsw2pmqindq91rt"
00-0038674,"https://static.www.nfl.com/image/upload/f_auto,q_auto/league/p98t3eilvrv5mgvlagcq"
00-0038676,"https://static.www.nfl.com/image/upload/f_auto,q_auto/league/uabukawpjiph3sro3qli"
00-0038678,"https://static.www.nfl.com/image/upload/f_auto,q_auto/league/nvamfcrdqvkwtnpgmzdh"
00-0038679,"https://static.www.nfl.com/image/upload/f_auto,q_auto/league/r9nabownt8mbqlj730su"
00-0038681,"https://static.www.nfl.com/image/upload/f_auto,q_auto/league/tyeurxogjwypfscbewy3"
00-0038682,"https://static.www.nfl.com/image/upload/f_auto,q_auto/league/vlkmvthlngrndan90u9f"
00-0038684,"https://static.www.nfl.com/image/upload/f_auto,q_auto/league/zfylu04usdezofligghl"
00-0038685,"https://static.www.nfl.com/image/upload/f_auto,q_auto/league/ityat7ltppdxe9t0imjd"
00-0038694,"https://static.www.nfl.com/image/upload/f_auto,q_auto/league/qf0sxvyhghxygeocgob1"
00-0038696,"https://static.www.nfl.com/image/upload/f_auto,q_auto/league/bmidsctpakth58pe4axu"
00-0038703,"https://static.www.nfl.com/image/upload/f_auto,q_auto/league/ophgu4atah9skksi1kws"
00-0038705,"https://static.www.nfl.com/image/upload/f_auto,q_auto/league/wu0sm9ttr4aiugi9fquf"
00-0038708,"https://static.www.nfl.com/image/upload/f_auto,q_auto/league/zitedxt6h3irhdvvm1dz"
00-0038710,"https://static.www.nfl.com/image/upload/f_auto,q_auto/league/senw8edxu2ovkg1dbdxs"
00-0038711,"https://static.www.nfl.com/image/upload/f_auto,q_auto/league/to8prswizs9iqvpqqbay"
00-0038714,"https://static.www.nfl.com/image/upload/f_auto,q_auto/league/wjnqcxfqnyz6swcopt02"
00-0038715,"https://static.www.nfl.com/image/upload/f_auto,q_auto/league/ds24p7j86p9mwshsjvbu"
00-0038717,"https://static.www.nfl.com/image/upload/f_auto,q_auto/league/c9jj95kbpqkultyasp1c"
00-0038720,"https://static.www.nfl.com/image/upload/f_auto,q_auto/league/idjirwpxilfybc74zhwr"
00-0038724,"https://static.www.nfl.com/image/upload/f_auto,q_auto/league/ctzqzcp9fu31oplmkvnx"
00-0038726,"https://static.www.nfl.com/image/upload/f_auto,q_auto/league/sw3wlcheuqz18zjdommj"
00-0038727,"https://static.www.nfl.com/image/upload/f_auto,q_auto/league/ug8wwxpgp9kuezft3yl2"
00-0038728,"https://static.www.nfl.com/image/upload/f_auto,q_auto/league/ykhrjnmqsqyprplhy6pl"
00-0038729,"https://static.www.nfl.com/image/upload/f_auto,q_auto/league/ihrfeerkholmjmfmje3u"
00-0038731,"https://static.www.nfl.com/image/upload/f_auto,q_auto/league/hnmg3ncfxso056ybw5zz"
00-0038732,"https://static.www.nfl.com/image/private/f_auto,q_auto/league/wlsauekr4x0jzj1juypy"
00-0038735,"https://static.www.nfl.com/image/upload/f_auto,q_auto/league/dh67wj7xhek86nhyucig"
00-0038736,"https://static.www.nfl.com/image/upload/f_auto,q_auto/league/y7nfmy569ih09vq0cntt"
00-0038737,"https://static.www.nfl.com/image/upload/f_auto,q_auto/league/iwr8ph2nr9nczlbhylbl"
00-0038738,"https://static.www.nfl.com/image/upload/f_auto,q_auto/league/m28qafff4o5vb3aaumiv"
00-0038740,"https://static.www.nfl.com/image/upload/f_auto,q_auto/league/key7qkukzlgva9oz7k2r"
00-0038741,"https://static.www.nfl.com/image/upload/f_auto,q_auto/league/qbxmcyqvoi2dq97aqavt"
00-0038742,"https://static.www.nfl.com/image/upload/f_auto,q_auto/league/krmcu6sltcvyy6ddisn7"
00-0038746,"https://static.www.nfl.com/image/upload/f_auto,q_auto/league/evwnp2xaiyxkbfcrwu13"
00-0038752,"https://static.www.nfl.com/image/upload/f_auto,q_auto/league/esyfp5hwdtepk2ypsru4"
00-0038760,"https://static.www.nfl.com/image/upload/f_auto,q_auto/league/jb3qksmse118rqles4w7"
00-0038762,"https://static.www.nfl.com/image/upload/f_auto,q_auto/league/x78vjiafgopcpfuhcnwo"
00-0038764,"https://static.www.nfl.com/image/upload/f_auto,q_auto/league/s5wok0ocqr8yc86xhucm"
00-0038765,"https://static.www.nfl.com/image/upload/f_auto,q_auto/league/dpnc6udwdhtrsq898nec"
00-0038769,"https://static.www.nfl.com/image/upload/f_auto,q_auto/league/oyqbh2n0msfbnzqvzfpu"
00-0038770,"https://static.www.nfl.com/image/upload/f_auto,q_auto/league/wjhyadgbls1sgntuodbc"
00-0038776,"https://static.www.nfl.com/image/upload/f_auto,q_auto/league/aa5jlsloev5hxl4qjhgw"
00-0038778,"https://static.www.nfl.com/image/upload/f_auto,q_auto/league/y4m9ssdlqb8i7zgmo7tl"
00-0038781,"https://static.www.nfl.com/image/upload/f_auto,q_auto/league/yrq9uabvv4pfbc0terbp"
00-0038782,"https://static.www.nfl.com/image/upload/f_auto,q_auto/league/yj4vx0pliwqrimhyeiyw"
00-0038783,"https://static.www.nfl.com/image/upload/f_auto,q_auto/league/hedaw0ksq5qdzp9uhe3w"
00-0038785,"https://static.www.nfl.com/image/upload/f_auto,q_auto/league/x6i8ymo7tl6o19o7pmry"
00-0038788,"https://static.www.nfl.com/image/upload/f_auto,q_auto/league/qzhydlbsekmp6x7gx6pn"
00-0038790,"https://static.www.nfl.com/image/upload/f_auto,q_auto/league/mq6ty5pao0f7t5eyfptb"
00-0038791,"https://static.www.nfl.com/image/upload/f_auto,q_auto/league/rcrh2zr9mxex16czv1eo"
00-0038792,"https://static.www.nfl.com/image/upload/f_auto,q_auto/league/u3aknrx8tn2qjh8o4wua"
00-0038794,"https://static.www.nfl.com/image/upload/f_auto,q_auto/league/jlzkji7mfkcmkyz2tygj"
00-0038795,"https://static.www.nfl.com/image/upload/f_auto,q_auto/league/z6ege6sbkke2esr7vx0u"
00-0038796,"https://static.www.nfl.com/image/upload/f_auto,q_auto/league/tiyl83okzrfi50hqyzid"
00-0038797,"https://static.www.nfl.com/image/upload/f_auto,q_auto/league/uorruvczsxzvffpbxu8z"
00-0038800,"https://static.www.nfl.com/image/upload/f_auto,q_auto/league/juqggt1kbndxugecfjgt"
00-0038801,"https://static.www.nfl.com/image/upload/f_auto,q_auto/league/wcegripe6c8koovd8htl"
00-0038806,"https://static.www.nfl.com/image/upload/f_auto,q_auto/league/die3cesy0wyzye0urpib"
00-0038807,"https://static.www.nfl.com/image/upload/f_auto,q_auto/league/til1eiumoueha3mnindj"
00-0038809,"https://static.www.nfl.com/image/upload/f_auto,q_auto/league/ew1gt7xokysjzgksmzfq"
00-0038810,"https://static.www.nfl.com/image/upload/f_auto,q_auto/league/wdeb9lin6ot19xb9joz7"
00-0038811,"https://static.www.nfl.com/image/private/f_auto,q_auto/league/ctes8fi6xzretoy0hjop"
00-0038812,"https://static.www.nfl.com/image/upload/f_auto,q_auto/league/mmb0tunfhcmd3wrspkvm"
00-0038815,"https://static.www.nfl.com/image/upload/f_auto,q_auto/league/usbonbspa2hytwzrotua"
00-0038817,"https://static.www.nfl.com/image/upload/f_auto,q_auto/league/ktw6cswbixds9apgamdw"
00-0038818,"https://static.www.nfl.com/image/upload/f_auto,q_auto/league/qgucw8h7i34exiqtqunr"
00-0038819,"https://static.www.nfl.com/image/upload/f_auto,q_auto/league/yz85dtbqsitciodt33jr"
00-0038820,"https://static.www.nfl.com/image/upload/f_auto,q_auto/league/mgnzlvalqatapemmfbao"
00-0038821,"https://static.www.nfl.com/image/upload/f_auto,q_auto/league/clvmliknnulpmcoofvik"
00-0038823,"https://static.www.nfl.com/image/upload/f_auto,q_auto/league/f0eu5qpulyo3hzh4524f"
00-0038824,"https://static.www.nfl.com/image/upload/f_auto,q_auto/league/g7bpkzvg0xyww8weku0r"
00-0038826,"https://static.www.nfl.com/image/upload/f_auto,q_auto/league/ar5skfvlp4hbkjmmh6zl"
00-0038828,"https://static.www.nfl.com/image/upload/f_auto,q_auto/league/u36wzsja8zfjw1szrgbx"
00-0038830,"https://static.www.nfl.com/image/upload/f_auto,q_auto/league/gv5ohv1ekenmyorwk6cq"
00-0038832,"https://static.www.nfl.com/image/upload/f_auto,q_auto/league/rvu1xk9bj31w60ytlpuz"
00-0038839,"https://static.www.nfl.com/image/upload/f_auto,q_auto/league/t4h8qtzndtvf6is6naew"
00-0038840,"https://static.www.nfl.com/image/upload/f_auto,q_auto/league/isc094ihkf69vzrlkiql"
00-0038841,"https://static.www.nfl.com/image/upload/f_auto,q_auto/league/xb8o17bhvobonozefq7n"
00-0038842,"https://static.www.nfl.com/image/upload/f_auto,q_auto/league/kh4sxzkwi4qu6sjvasf5"
00-0038845,"https://static.www.nfl.com/image/upload/f_auto,q_auto/league/lhc67rtkbayfwvvghqdz"
00-0038848,"https://static.www.nfl.com/image/upload/f_auto,q_auto/league/kgha3oguelser2rcl2lp"
00-0038850,"https://static.www.nfl.com/image/upload/f_auto,q_auto/league/cxy58xbvrbpfscpynrhc"
00-0038851,"https://static.www.nfl.com/image/upload/f_auto,q_auto/league/zc4hfyhht5w0m9kiultm"
00-0038852,"https://static.www.nfl.com/image/upload/f_auto,q_auto/league/f7wqrjpfn7lqp2tr8awp"
00-0038853,"https://static.www.nfl.com/image/upload/f_auto,q_auto/league/mif8jzstvkmzvcxnz69m"
00-0038862,"https://static.www.nfl.com/image/upload/f_auto,q_auto/league/yx9vzbdqe6khlgdanbk3"
00-0038865,"https://static.www.nfl.com/image/upload/f_auto,q_auto/league/wscfjolhvndwj8zemf81"
00-0038866,"https://static.www.nfl.com/image/upload/f_auto,q_auto/league/zqvnq3t2f3ayg5rnmzld"
00-0038875,"https://static.www.nfl.com/image/upload/f_auto,q_auto/league/szokmwhuup4i0lj93kgq"
00-0038877,"https://static.www.nfl.com/image/upload/f_auto,q_auto/league/tpz66swcddlot6x1lcfz"
00-0038890,"https://static.www.nfl.com/image/upload/f_auto,q_auto/league/ygoj2vwazi6dsg2bnwpt"
00-0038891,"https://static.www.nfl.com/image/upload/f_auto,q_auto/league/pimh65yyziduaq7vbmi5"
00-0038892,"https://static.www.nfl.com/image/upload/f_auto,q_auto/league/nocv4jzyszef7yge0hd6"
00-0038896,"https://static.www.nfl.com/image/upload/f_auto,q_auto/league/wunm6abfmikwaewmwkp7"
00-0038902,"https://static.www.nfl.com/image/upload/f_auto,q_auto/league/pqilns9cwjne3jfppf8i"
00-0038905,"https://static.www.nfl.com/image/upload/f_auto,q_auto/league/de3vz6xjjo9paba6encd"
00-0038907,"https://static.www.nfl.com/image/upload/f_auto,q_auto/league/mdbn1xi6s7eaw7wiy5oj"
00-0038908,"https://static.www.nfl.com/image/upload/f_auto,q_auto/league/lbogbl26m6kwp1ljbrog"
00-0038911,"https://static.www.nfl.com/image/upload/f_auto,q_auto/league/pspxhbxgnqanfsrcf7ux"
00-0038913,"https://static.www.nfl.com/image/upload/f_auto,q_auto/league/m2h9qng5zm5q40fr6zlw"
00-0038914,"https://static.www.nfl.com/image/upload/f_auto,q_auto/league/ea82wc630errsimt2mag"
00-0038916,"https://static.www.nfl.com/image/upload/f_auto,q_auto/league/vkmbeiy2yw3vuateypxv"
00-0038920,"https://static.www.nfl.com/image/private/f_auto,q_auto/league/gx0qdhwr7pdetd83ifcw"
00-0038922,"https://static.www.nfl.com/image/upload/f_auto,q_auto/league/rmsrwh97imnsmq3lw1xm"
00-0038923,"https://static.www.nfl.com/image/upload/f_auto,q_auto/league/po1l6ufoljeuaaodsbvz"
00-0038924,"https://static.www.nfl.com/image/upload/f_auto,q_auto/league/zkgsdu0rg3gylusqnzly"
00-0038930,"https://static.www.nfl.com/image/upload/f_auto,q_auto/league/oc9zhtjhrxq5vxr1qkak"
00-0038932,"https://static.www.nfl.com/image/upload/f_auto,q_auto/league/lyx4zcnkzewtzqxi7lvh"
00-0038933,"https://static.www.nfl.com/image/upload/f_auto,q_auto/league/z7k857flehljboaixj8m"
00-0038934,"https://static.www.nfl.com/image/upload/f_auto,q_auto/league/l90ccbzqvqoblyonrdr3"
00-0038935,"https://static.www.nfl.com/image/upload/f_auto,q_auto/league/devxzxwf1sfficgncggm"
00-0038936,"https://static.www.nfl.com/image/upload/f_auto,q_auto/league/ni0rm2lbpplykzufmm5q"
00-0038937,"https://static.www.nfl.com/image/upload/f_auto,q_auto/league/dsqdomywsgl8x4bqqcie"
00-0038938,"https://static.www.nfl.com/image/upload/f_auto,q_auto/league/fqgvjckxe03pr4eup6m7"
00-0038939,"https://static.www.nfl.com/image/upload/f_auto,q_auto/league/fxo9xafpvo3nphye3bwq"
00-0038940,"https://static.www.nfl.com/image/upload/f_auto,q_auto/league/k0vshmovqi55f4nwuiaf"
00-0038941,"https://static.www.nfl.com/image/upload/f_auto,q_auto/league/k6g5zzfxtkvu21okobss"
00-0038946,"https://static.www.nfl.com/image/upload/f_auto,q_auto/league/tvhmbs1h5chs5xpr9f5p"
00-0038951,"https://static.www.nfl.com/image/upload/f_auto,q_auto/league/wiarwjvy8p6bojlratp4"
00-0038953,"https://static.www.nfl.com/image/upload/f_auto,q_auto/league/xyexcy7ur9nscytyhinx"
00-0038956,"https://static.www.nfl.com/image/upload/f_auto,q_auto/league/jrm1husugxjadz2wassn"
00-0038958,"https://static.www.nfl.com/image/upload/f_auto,q_auto/league/hwxh3ps9lwnj0qu4mw8v"
00-0038960,"https://static.www.nfl.com/image/private/f_auto,q_auto/league/kbpsoo3ede3xhtit2ubk"
00-0038961,"https://static.www.nfl.com/image/upload/f_auto,q_auto/league/vhdzdxva7on1mvkwc0fg"
00-0038965,"https://static.www.nfl.com/image/upload/f_auto,q_auto/league/lycbteg4m7jh9qcbbzuw"
00-0038966,"https://static.www.nfl.com/image/upload/f_auto,q_auto/league/swxxv6yxfspw2vyrjxgv"
00-0038969,"https://static.www.nfl.com/image/upload/f_auto,q_auto/league/jgrj4b7pqoigggkcms80"
00-0038976,"https://static.www.nfl.com/image/upload/f_auto,q_auto/league/zbdjtph5xplbf4yocz0l"
00-0038977,"https://static.www.nfl.com/image/upload/f_auto,q_auto/league/dzjep37g7fqdweqtncso"
00-0038978,"https://static.www.nfl.com/image/upload/f_auto,q_auto/league/zkjuhizs7now7kfwp9s3"
00-0038979,"https://static.www.nfl.com/image/upload/f_auto,q_auto/league/xust9v3gob1qqwhziugh"
00-0038980,"https://static.www.nfl.com/image/upload/f_auto,q_auto/league/jph76ryj7fn3yqi5c2yg"
00-0038981,"https://static.www.nfl.com/image/upload/f_auto,q_auto/league/y2bvxkfybapdxszjuhju"
00-0038982,"https://static.www.nfl.com/image/upload/f_auto,q_auto/league/fzzbwoogfbowestdz7gz"
00-0038983,"https://static.www.nfl.com/image/private/f_auto,q_auto/league/y8ahoqoytfuw62piwnjc"
00-0038984,"https://static.www.nfl.com/image/upload/f_auto,q_auto/league/mcmz4ef4fvvoqapbf8rf"
00-0038985,"https://static.www.nfl.com/image/upload/f_auto,q_auto/league/z9daqscjnbr5kbfpayzt"
00-0038986,"https://static.www.nfl.com/image/upload/f_auto,q_auto/league/ph6swp4bcjab60k3zlmw"
00-0038994,"https://static.www.nfl.com/image/upload/f_auto,q_auto/league/mi4lzk9gvjrvo6rwdf1e"
00-0038995,"https://static.www.nfl.com/image/upload/f_auto,q_auto/league/ggluxdivvc7bhfhpfrsl"
00-0038996,"https://static.www.nfl.com/image/upload/f_auto,q_auto/league/n6vu44jbq31rydoaadaq"
00-0038997,"https://static.www.nfl.com/image/upload/f_auto,q_auto/league/z3wahaxpmc6d5lcxgh60"
00-0038998,"https://static.www.nfl.com/image/upload/f_auto,q_auto/league/jfxyp1qkekty7jwh5kcr"
00-0038999,"https://static.www.nfl.com/image/upload/f_auto,q_auto/league/zznzlwbmkwhuxo6ihz85"
00-0039000,"https://static.www.nfl.com/image/upload/f_auto,q_auto/league/pskti493swphojhbve0c"
00-0039001,"https://static.www.nfl.com/image/upload/f_auto,q_auto/league/vql0qqvuq0eqkaolcqep"
00-0039002,"https://static.www.nfl.com/image/upload/f_auto,q_auto/league/c9jtw4rbs1inmf2mwjlc"
00-0039003,"https://static.www.nfl.com/image/upload/f_auto,q_auto/league/pwssntxbrgoe7n4x9b9a"
00-0039004,"https://static.www.nfl.com/image/upload/f_auto,q_auto/league/tatbe1k9y37qwi63q3yp"
00-0039005,"https://static.www.nfl.com/image/upload/f_auto,q_auto/league/s55q6jblivqieqfgwa57"
00-0039006,"https://static.www.nfl.com/image/upload/f_auto,q_auto/league/exgukbhcnyzn7sntq0jk"
00-0039007,"https://static.www.nfl.com/image/upload/f_auto,q_auto/league/av20qv7vnk7arcnw25bd"
00-0039008,"https://static.www.nfl.com/image/upload/f_auto,q_auto/league/sna8r92teq2bv4dvxbqp"
00-0039009,"https://static.www.nfl.com/image/upload/f_auto,q_auto/league/tshgju7vbpqdj84bbkfl"
00-0039010,"https://static.www.nfl.com/image/upload/f_auto,q_auto/league/qeztiujf4s7scl6dt2lf"
00-0039013,"https://static.www.nfl.com/image/upload/f_auto,q_auto/league/mutic3dzmrlfruwqlgcb"
00-0039014,"https://static.www.nfl.com/image/upload/f_auto,q_auto/league/tm5zyhltmnhwcqkutc2u"
00-0039018,"https://static.www.nfl.com/image/upload/f_auto,q_auto/league/gxyqaufhu1wgnomrm8ic"
00-0039019,"https://static.www.nfl.com/image/private/f_auto,q_auto/league/viajsunbxleejrou46vu"
00-0039020,"https://static.www.nfl.com/image/upload/f_auto,q_auto/league/g2bf69loozhlnsfoxsjv"
00-0039021,"https://static.www.nfl.com/image/upload/f_auto,q_auto/league/xbham6uvckkshpntb8oj"
00-0039023,"https://static.www.nfl.com/image/upload/f_auto,q_auto/league/cshaunf0zeexbjo7ofiv"
00-0039028,"https://static.www.nfl.com/image/upload/f_auto,q_auto/league/jiyoivqlwjmxhksdss1l"
00-0039030,"https://static.www.nfl.com/image/upload/f_auto,q_auto/league/u4ys7gxfabvumwdj9vgg"
00-0039031,"https://static.www.nfl.com/image/upload/f_auto,q_auto/league/k4jeqt29qhkxivumi4d7"
00-0039032,"https://static.www.nfl.com/image/upload/f_auto,q_auto/league/pkly3nkohty1tuijtwty"
00-0039034,"https://static.www.nfl.com/image/upload/f_auto,q_auto/league/jprsrsbaerno6elsex52"
00-0039038,"https://static.www.nfl.com/image/upload/f_auto,q_auto/league/mjnpmkw3ar6zcj2hxxzd"
00-0039040,"https://static.www.nfl.com/image/upload/f_auto,q_auto/league/xk1xwio0bryfxo1ylweu"
00-0039041,"https://static.www.nfl.com/image/upload/f_auto,q_auto/league/qgvtaa0gekopg4ad6vqe"
00-0039042,"https://static.www.nfl.com/image/upload/f_auto,q_auto/league/sr2hlmb4brxxem6ncu0z"
00-0039047,"https://static.www.nfl.com/image/upload/f_auto,q_auto/league/pblbd65bo6myp030qbes"
00-0039048,"https://static.www.nfl.com/image/upload/f_auto,q_auto/league/hy3t6flxp3ryvd3ntoum"
00-0039049,"https://static.www.nfl.com/image/upload/f_auto,q_auto/league/jcqpqpizmzp5fotauj38"
00-0039050,"https://static.www.nfl.com/image/upload/f_auto,q_auto/league/emibbexzjbzvopbvo1at"
00-0039051,"https://static.www.nfl.com/image/upload/f_auto,q_auto/league/qytktb1ertsh8rzwq08k"
00-0039052,"https://static.www.nfl.com/image/upload/f_auto,q_auto/league/cdtzofb5u510xjh08qr4"
00-0039053,"https://static.www.nfl.com/image/upload/f_auto,q_auto/league/up8fwbhxwyg5zoqotcng"
00-0039054,"https://static.www.nfl.com/image/upload/f_auto,q_auto/league/yowcsdwn6r2bh5q2fpa0"
00-0039058,"https://static.www.nfl.com/image/upload/f_auto,q_auto/league/gftgxclwwznxdrxc15gy"
00-0039059,"https://static.www.nfl.com/image/upload/f_auto,q_auto/league/by1ttgtdiqwd3a2pdbl5"
00-0039060,"https://static.www.nfl.com/image/upload/f_auto,q_auto/league/aozchrij1ghc0d9lpk86"
00-0039061,"https://static.www.nfl.com/image/upload/f_auto,q_auto/league/qj7pup9mp0owqeocx98x"
00-0039062,"https://static.www.nfl.com/image/upload/f_auto,q_auto/league/u2b8s2s0ix5hntyg3eog"
00-0039063,"https://static.www.nfl.com/image/upload/f_auto,q_auto/league/b84aoobgsdbufhfiqgti"
00-0039064,"https://static.www.nfl.com/image/upload/f_auto,q_auto/league/xzhto2dejy2pflkfx40c"
00-0039065,"https://static.www.nfl.com/image/upload/f_auto,q_auto/league/wxlk7ysg2nfq6h6ntdcu"
00-0039066,"https://static.www.nfl.com/image/upload/f_auto,q_auto/league/twnkr9uq1phvukxb5jmh"
00-0039067,"https://static.www.nfl.com/image/upload/f_auto,q_auto/league/qhkbqrydjeur8zvrrmfl"
00-0039068,"https://static.www.nfl.com/image/upload/f_auto,q_auto/league/bwd4lm9x9djpggqdyyhr"
00-0039069,"https://static.www.nfl.com/image/upload/f_auto,q_auto/league/ekyyf7wfoelrvxnnymxv"
00-0039070,"https://static.www.nfl.com/image/private/f_auto,q_auto/league/vj6m4qixxhqmufrr5ilo"
00-0039071,"https://static.www.nfl.com/image/upload/f_auto,q_auto/league/l0xpg0hpxsepfootn0sq"
00-0039072,"https://static.www.nfl.com/image/upload/f_auto,q_auto/league/xmacplimntxaq6aohzpb"
00-0039074,"https://static.www.nfl.com/image/upload/f_auto,q_auto/league/iweydtcrfchsl3mt6jtd"
00-0039075,"https://static.www.nfl.com/image/upload/f_auto,q_auto/league/ipy6qw7hdygdfc8k86ba"
00-0039076,"https://static.www.nfl.com/image/upload/f_auto,q_auto/league/pyouk6br5ca950zlofia"
00-0039077,"https://static.www.nfl.com/image/private/f_auto,q_auto/league/v6l1ydwiawpfcldcb7if"
00-0039107,"https://static.www.nfl.com/image/upload/f_auto,q_auto/league/s0eo3fstv6rkitzbefzu"
00-0039108,"https://static.www.nfl.com/image/upload/f_auto,q_auto/league/ar9k2r2btzzb10zc0xja"
00-0039109,"https://static.www.nfl.com/image/upload/f_auto,q_auto/league/xdd3wmhluibtx15q4jhr"
00-0039110,"https://static.www.nfl.com/image/upload/f_auto,q_auto/league/gmc2bdwzpvi0bkklmpjw"
00-0039111,"https://static.www.nfl.com/image/upload/f_auto,q_auto/league/u2qqrqzzi3yawzxmbrxs"
00-0039112,"https://static.www.nfl.com/image/upload/f_auto,q_auto/league/qxrs2r7nvy9k6hlkqvyb"
00-0039133,"https://static.www.nfl.com/image/upload/f_auto,q_auto/league/wigvosz3n5ozh2uihk7o"
00-0039134,"https://static.www.nfl.com/image/upload/f_auto,q_auto/league/n5pfv126xw0psc0d1ydz"
00-0039135,"https://static.www.nfl.com/image/upload/f_auto,q_auto/league/wk5nybgfppan8k2tai2c"
00-0039136,"https://static.www.nfl.com/image/upload/f_auto,q_auto/league/i2hxbdi464do6jaxgpua"
00-0039137,"https://static.www.nfl.com/image/upload/f_auto,q_auto/league/dwybonqyn3rrvi94yw9r"
00-0039138,"https://static.www.nfl.com/image/upload/f_auto,q_auto/league/lallpvcrevuemqxzmyuu"
00-0039139,"https://static.www.nfl.com/image/upload/f_auto,q_auto/league/cursejnmmp1i9hnxihkj"
00-0039140,"https://static.www.nfl.com/image/upload/f_auto,q_auto/league/tyuosakaiefa1pruil40"
00-0039141,"https://static.www.nfl.com/image/upload/f_auto,q_auto/league/zcri8hzscyasi2nhjdlk"
00-0039142,"https://static.www.nfl.com/image/private/f_auto,q_auto/league/nw8aiicw9bjhxaqwbeo9"
00-0039143,"https://static.www.nfl.com/image/upload/f_auto,q_auto/league/etyericvmbufgeiwkcry"
00-0039144,"https://static.www.nfl.com/image/upload/f_auto,q_auto/league/jchchyfhiycpvm5zzn2y"
00-0039145,"https://static.www.nfl.com/image/upload/f_auto,q_auto/league/q8sbzzwjkyb42gn9shb3"
00-0039146,"https://static.www.nfl.com/image/upload/f_auto,q_auto/league/uhb95fij1uo92ymqxpmg"
00-0039147,"https://static.www.nfl.com/image/upload/f_auto,q_auto/league/iua1eh08ixdlgp2qisst"
00-0039148,"https://static.www.nfl.com/image/upload/f_auto,q_auto/league/wkq3kmgtrqxsndffclam"
00-0039149,"https://static.www.nfl.com/image/upload/f_auto,q_auto/league/mqvepjtbymevlwn2c7qj"
00-0039150,"https://static.www.nfl.com/image/upload/f_auto,q_auto/league/vcvhmxvxw2a3armle0af"
00-0039151,"https://static.www.nfl.com/image/upload/f_auto,q_auto/league/zuqfigu7eadzoeo0uymt"
00-0039152,"https://static.www.nfl.com/image/upload/f_auto,q_auto/league/npovrxpll0gqlkptsn6r"
00-0039155,"https://static.www.nfl.com/image/upload/f_auto,q_auto/league/hjtum8fdd1wbsqa2uufv"
00-0039156,"https://static.www.nfl.com/image/upload/f_auto,q_auto/league/chqdioyasofpjnu25iqi"
00-0039157,"https://static.www.nfl.com/image/upload/f_auto,q_auto/league/iiowsvokfyvctjsarkvl"
00-0039158,"https://static.www.nfl.com/image/upload/f_auto,q_auto/league/eeupk2qokms4vclloicz"
00-0039163,"https://static.www.nfl.com/image/upload/f_auto,q_auto/league/tt4zrtxlhifaljhj0rn7"
00-0039164,"https://static.www.nfl.com/image/upload/f_auto,q_auto/league/wrddeyklfcgk9qybgofq"
00-0039165,"https://static.www.nfl.com/image/upload/f_auto,q_auto/league/cuuyog0lpxfaj0y0huvp"
00-0039167,"https://static.www.nfl.com/image/upload/f_auto,q_auto/league/pcan3dqynqusx1ltmecf"
00-0039169,"https://static.www.nfl.com/image/upload/f_auto,q_auto/league/po6rkbe4pjei7hycg2nu"
00-0039172,"https://static.www.nfl.com/image/upload/f_auto,q_auto/league/umhfee7ax7r8gjdt8okb"
00-0039173,"https://static.www.nfl.com/image/upload/f_auto,q_auto/league/rmnj6xkldkhewrwnadxc"
00-0039174,"https://static.www.nfl.com/image/upload/f_auto,q_auto/league/smipbrnexnhyh7q302gv"
00-0039175,"https://static.www.nfl.com/image/upload/f_auto,q_auto/league/iue7rvo1keuyltqxespb"
00-0039176,"https://static.www.nfl.com/image/upload/f_auto,q_auto/league/g0bc8uf6fx9g6myyswi5"
00-0039177,"https://static.www.nfl.com/image/upload/f_auto,q_auto/league/ewp3mes0mghmhwcaow2i"
00-0039178,"https://static.www.nfl.com/image/upload/f_auto,q_auto/league/m5hvok66omx2blhddshk"
00-0039207,"https://static.www.nfl.com/image/upload/f_auto,q_auto/league/arq8u512zcrrr9nyqjln"
00-0039228,"https://static.www.nfl.com/image/upload/f_auto,q_auto/league/eerrubjxxyu5zfd0xmvj"
00-0039229,"https://static.www.nfl.com/image/upload/f_auto,q_auto/league/yv9x4ywdfecxioletyol"
00-0039230,"https://static.www.nfl.com/image/upload/f_auto,q_auto/league/cuzuhj2cpwixrscfruc0"
00-0039231,"https://static.www.nfl.com/image/upload/f_auto,q_auto/league/ivn35gb0zdsd3agfawom"
00-0039232,"https://static.www.nfl.com/image/upload/f_auto,q_auto/league/fz9g7jofrkejlgowugfk"
00-0039233,"https://static.www.nfl.com/image/upload/f_auto,q_auto/league/r8abyo2ewvwlbcvm5qry"
00-0039234,"https://static.www.nfl.com/image/upload/f_auto,q_auto/league/poanrufasprugy1q1ulq"
00-0039235,"https://static.www.nfl.com/image/upload/f_auto,q_auto/league/uj78zgtqjemh0ftylsjd"
00-0039236,"https://static.www.nfl.com/image/upload/f_auto,q_auto/league/azz7slr16byvcvbnaifa"
00-0039237,"https://static.www.nfl.com/image/upload/f_auto,q_auto/league/asndmhzpbeviehlnuxgl"
00-0039238,"https://static.www.nfl.com/image/upload/f_auto,q_auto/league/b6yukfgbqhdmfcjzewpy"
00-0039239,"https://static.www.nfl.com/image/upload/f_auto,q_auto/league/ioicfjbnscvcn1hlzvxl"
00-0039241,"https://static.www.nfl.com/image/upload/f_auto,q_auto/league/ojsyg4qghwqlpwswlhu9"
00-0039242,"https://static.www.nfl.com/image/upload/f_auto,q_auto/league/mzkd2grjzcncllrhaacw"
00-0039244,"https://static.www.nfl.com/image/upload/f_auto,q_auto/league/ljfhyvlszo4qs63fo4ow"
00-0039245,"https://static.www.nfl.com/image/upload/f_auto,q_auto/league/rbyafao1ours5citnd14"
00-0039246,"https://static.www.nfl.com/image/upload/f_auto,q_auto/league/h2ouuufkgpc3kmwle84y"
00-0039247,"https://static.www.nfl.com/image/upload/f_auto,q_auto/league/tgfeaeto9lsc5x9nqrb5"
00-0039250,"https://static.www.nfl.com/image/upload/f_auto,q_auto/league/zlvlujzma67d2oeung6i"
00-0039251,"https://static.www.nfl.com/image/upload/f_auto,q_auto/league/hn2qwpogm1sfvjqehmlo"
00-0039253,"https://static.www.nfl.com/image/upload/f_auto,q_auto/league/hyllbeqypywuyujhyvax"
00-0039259,"https://static.www.nfl.com/image/upload/f_auto,q_auto/league/jcebht4rbsgbwm5ujhxz"
00-0039262,"https://static.www.nfl.com/image/upload/f_auto,q_auto/league/djqq8oxg6w2nllo5frh3"
00-0039263,"https://static.www.nfl.com/image/upload/f_auto,q_auto/league/r3amk2t7xokcd4rsohns"
00-0039264,"https://static.www.nfl.com/image/upload/f_auto,q_auto/league/vu2tcfpyy8eqferw43hu"
00-0039265,"https://static.www.nfl.com/image/upload/f_auto,q_auto/league/ofalkqy1zcwgoggtgdlt"
00-0039266,"https://static.www.nfl.com/image/upload/f_auto,q_auto/league/zz9yrqh5ep6o5hvtwzkq"
00-0039267,"https://static.www.nfl.com/image/upload/f_auto,q_auto/league/ktamly004v1muokcnmc7"
00-0039268,"https://static.www.nfl.com/image/upload/f_auto,q_auto/league/b3iznql1penceotrgne5"
00-0039269,"https://static.www.nfl.com/image/upload/f_auto,q_auto/league/o3p9sc1zuhy0hvsj3mnl"
00-0039270,"https://static.www.nfl.com/image/upload/f_auto,q_auto/league/owcswygc6ibqvlkhpoaj"
00-0039272,"https://static.www.nfl.com/image/upload/f_auto,q_auto/league/nv3cyilbj4znjy7bayvk"
00-0039275,"https://static.www.nfl.com/image/upload/f_auto,q_auto/league/xmkhcrh5fbfetx1wxk2z"
00-0039277,"https://static.www.nfl.com/image/upload/f_auto,q_auto/league/t0hjumfjcgkggvfe2rbp"
00-0039284,"https://static.www.nfl.com/image/upload/f_auto,q_auto/league/tc4o7s8ocmov9dbmjq16"
00-0039285,"https://static.www.nfl.com/image/upload/f_auto,q_auto/league/tea6ronjzs4ulorylah1"
00-0039286,"https://static.www.nfl.com/image/upload/f_auto,q_auto/league/q3pvgmuvvpd4ihufytdn"
00-0039288,"https://static.www.nfl.com/image/upload/f_auto,q_auto/league/zyqgfn5klopemn3prpwc"
00-0039289,"https://static.www.nfl.com/image/upload/f_auto,q_auto/league/id0gc6aoq3qfokpcu9os"
00-0039291,"https://static.www.nfl.com/image/upload/f_auto,q_auto/league/ebgjkljqc8rvtev1iw3r"
00-0039292,"https://static.www.nfl.com/image/upload/f_auto,q_auto/league/oehvtzmh4uhwwsfliskq"
00-0039297,"https://static.www.nfl.com/image/upload/f_auto,q_auto/league/ob2k4rnrpse96mprc8m9"
00-0039299,"https://static.www.nfl.com/image/upload/f_auto,q_auto/league/pgwvv5qhcmnwf3tomy1a"
00-0039301,"https://static.www.nfl.com/image/upload/f_auto,q_auto/league/y0zedttvf3pliphgqgqh"
00-0039304,"https://static.www.nfl.com/image/upload/f_auto,q_auto/league/bdlndv8havicaksiechj"
00-0039305,"https://static.www.nfl.com/image/upload/f_auto,q_auto/league/zpo5vbntn8b9hih2fi66"
00-0039306,"https://static.www.nfl.com/image/upload/f_auto,q_auto/league/zkyymroi8fjhac6nfqv7"
00-0039309,"https://static.www.nfl.com/image/upload/f_auto,q_auto/league/xeq70yetr8qznbkjjiye"
00-0039310,"https://static.www.nfl.com/image/upload/f_auto,q_auto/league/op65y3hhnmtpcdumopmt"
00-0039311,"https://static.www.nfl.com/image/upload/f_auto,q_auto/league/fucbzoamgkzh1wqftppd"
00-0039312,"https://static.www.nfl.com/image/upload/f_auto,q_auto/league/fkxenwqrq9evl5r7iuch"
00-0039313,"https://static.www.nfl.com/image/upload/f_auto,q_auto/league/r2307pspo2ove0hhocvd"
00-0039316,"https://static.www.nfl.com/image/upload/f_auto,q_auto/league/pcvvfurbbzefkwnojcid"
00-0039317,"https://static.www.nfl.com/image/upload/f_auto,q_auto/league/ovnb3ifximbr58ro3mkt"
00-0039318,"https://static.www.nfl.com/image/upload/f_auto,q_auto/league/kubnwn91qwxejugppvee"
00-0039319,"https://static.www.nfl.com/image/upload/f_auto,q_auto/league/ofkfrcqwwhcfjjxdname"
00-0039321,"https://static.www.nfl.com/image/upload/f_auto,q_auto/league/d1wwx0zocltfnwslo4lw"
00-0039323,"https://static.www.nfl.com/image/upload/f_auto,q_auto/league/c0eiplwe2c9m46zhmcq8"
00-0039324,"https://static.www.nfl.com/image/upload/f_auto,q_auto/league/foy9ykwmm3vcqgfviowz"
00-0039325,"https://static.www.nfl.com/image/upload/f_auto,q_auto/league/q6dciqten6frfdm1takb"
00-0039329,"https://static.www.nfl.com/image/upload/f_auto,q_auto/league/knvt0zhyvozokeadswgf"
00-0039331,"https://static.www.nfl.com/image/upload/f_auto,q_auto/league/sylrkvmucf7jauqhpcr6"
00-0039332,"https://static.www.nfl.com/image/upload/f_auto,q_auto/league/rqjhomavdixcd1tqcge5"
00-0039333,"https://static.www.nfl.com/image/upload/f_auto,q_auto/league/icpo89rrbnus0apxhezm"
00-0039337,"https://static.www.nfl.com/image/upload/f_auto,q_auto/league/w3edoyyuomqlovvp9ixc"
00-0039338,"https://static.www.nfl.com/image/upload/f_auto,q_auto/league/waorceny0ggpaeckaol8"
00-0039339,"https://static.www.nfl.com/image/upload/f_auto,q_auto/league/syucyosjtbmjzwqjuemd"
00-0039340,"https://static.www.nfl.com/image/upload/f_auto,q_auto/league/xiuokdmqrzzfn0dseqxw"
00-0039341,"https://static.www.nfl.com/image/upload/f_auto,q_auto/league/jtc2bw2l1dzdzziigieq"
00-0039342,"https://static.www.nfl.com/image/upload/f_auto,q_auto/league/yoyxkitrdqbkhyqncy5p"
00-0039343,"https://static.www.nfl.com/image/upload/f_auto,q_auto/league/uu606e3mutdzuzclkl7w"
00-0039344,"https://static.www.nfl.com/image/upload/f_auto,q_auto/league/txl39rwjrs2fkm1shtxh"
00-0039345,"https://static.www.nfl.com/image/upload/f_auto,q_auto/league/g1au1f2gkeo8wbexmvpk"
00-0039346,"https://static.www.nfl.com/image/upload/f_auto,q_auto/league/ub3hkpifora1vkrgula4"
00-0039347,"https://static.www.nfl.com/image/upload/f_auto,q_auto/league/qzhtopwswjprt2marbaa"
00-0039348,"https://static.www.nfl.com/image/upload/f_auto,q_auto/league/yiwgl1ijhwrkaz881r9r"
00-0039349,"https://static.www.nfl.com/image/upload/f_auto,q_auto/league/ypxzwxzy64kiigpmue1y"
00-0039350,"https://static.www.nfl.com/image/upload/f_auto,q_auto/league/oazl3mefjy66qacgf5ry"
00-0039351,"https://static.www.nfl.com/image/upload/f_auto,q_auto/league/xwahfywaifoc9kaez6lk"
00-0039352,"https://static.www.nfl.com/image/upload/f_auto,q_auto/league/i81dbzylyw2mv7odmdck"
00-0039353,"https://static.www.nfl.com/image/upload/f_auto,q_auto/league/zauu0tt26tt32qevyvtm"
00-0039354,"https://static.www.nfl.com/image/upload/f_auto,q_auto/league/bxrqtpwrbcvzxcekerxf"
00-0039355,"https://static.www.nfl.com/image/upload/f_auto,q_auto/league/xtxiwlkniuldrqg65n3q"
00-0039356,"https://static.www.nfl.com/image/upload/f_auto,q_auto/league/le2akm1cbou170ioctxl"
00-0039357,"https://static.www.nfl.com/image/upload/f_auto,q_auto/league/glaqpoapm3t8ponuj55p"
00-0039358,"https://static.www.nfl.com/image/upload/f_auto,q_auto/league/n1uswojof42rbcsvdcld"
00-0039359,"https://static.www.nfl.com/image/upload/f_auto,q_auto/league/ur3ihcg0rkeqbfiksj5y"
00-0039360,"https://static.www.nfl.com/image/upload/f_auto,q_auto/league/pufbixooejmh540h5qhi"
00-0039361,"https://static.www.nfl.com/image/upload/f_auto,q_auto/league/vkc00rvnix3f2b96vkwo"
00-0039362,"https://static.www.nfl.com/image/upload/f_auto,q_auto/league/cjakbqctg8tjtt0lfgh2"
00-0039363,"https://static.www.nfl.com/image/upload/f_auto,q_auto/league/uy1bdu0dokosyzl4ohmi"
00-0039364,"https://static.www.nfl.com/image/upload/f_auto,q_auto/league/abqcluf2gbejhiyjjtoz"
00-0039365,"https://static.www.nfl.com/image/upload/f_auto,q_auto/league/uarciagmnzmyzs102dv6"
00-0039366,"https://static.www.nfl.com/image/upload/f_auto,q_auto/league/q1y35mhd4laqikbiuq5e"
00-0039367,"https://static.www.nfl.com/image/upload/f_auto,q_auto/league/s2vfncfgbd15gufixlqf"
00-0039368,"https://static.www.nfl.com/image/upload/f_auto,q_auto/league/smdokbnjckcbpc9yfxwt"
00-0039369,"https://static.www.nfl.com/image/upload/f_auto,q_auto/league/khd8lmp7idmluahgvk3u"
00-0039370,"https://static.www.nfl.com/image/upload/f_auto,q_auto/league/pem7wfoxovov0cjuopjv"
00-0039371,"https://static.www.nfl.com/image/upload/f_auto,q_auto/league/hc2oebsxs7vx7ydwiozy"
00-0039372,"https://static.www.nfl.com/image/upload/f_auto,q_auto/league/u9vm18mpoxmzhukikjy2"
00-0039373,"https://static.www.nfl.com/image/upload/f_auto,q_auto/league/lcoend1mysjfhl8f4rrt"
00-0039374,"https://static.www.nfl.com/image/upload/f_auto,q_auto/league/nzujkx5ycu6leuz2ctie"
00-0039375,"https://static.www.nfl.com/image/upload/f_auto,q_auto/league/hhgmda9fcpjbpp2bhxng"
00-0039376,"https://static.www.nfl.com/image/upload/f_auto,q_auto/league/gcgmcf4kex3jsl4rlrng"
00-0039377,"https://static.www.nfl.com/image/upload/f_auto,q_auto/league/vomau8la4suhjwkjwl7w"
00-0039378,"https://static.www.nfl.com/image/upload/f_auto,q_auto/league/dv5t8emszxwqvtgnsak3"
00-0039379,"https://static.www.nfl.com/image/upload/f_auto,q_auto/league/byihyhwwpltzyetas85a"
00-0039380,"https://static.www.nfl.com/image/upload/f_auto,q_auto/league/hkbpogql05pnyegi6itv"
00-0039381,"https://static.www.nfl.com/image/upload/f_auto,q_auto/league/tcxzdfx8ra5fdotljqtz"
00-0039382,"https://static.www.nfl.com/image/upload/f_auto,q_auto/league/locueq7oqn5qnsotygoy"
00-0039383,"https://static.www.nfl.com/image/upload/f_auto,q_auto/league/xy041ns1wwk60l85kpgh"
00-0039384,"https://static.www.nfl.com/image/upload/f_auto,q_auto/league/b9nje50lohbprf06xoom"
00-0039385,"https://static.www.nfl.com/image/upload/f_auto,q_auto/league/nwck4trpye67fej3gm6b"
00-0039386,"https://static.www.nfl.com/image/upload/f_auto,q_auto/league/nnqvulr4up0nwhmipksq"
00-0039387,"https://static.www.nfl.com/image/upload/f_auto,q_auto/league/hcwdub8jq0t7at4smblo"
00-0039388,"https://static.www.nfl.com/image/upload/f_auto,q_auto/league/yiecnvbih51buvodmmeg"
00-0039389,"https://static.www.nfl.com/image/upload/f_auto,q_auto/league/py0b0ngp7hcrt4asr9fr"
00-0039390,"https://static.www.nfl.com/image/upload/f_auto,q_auto/league/f7gahvkgajai22d7ndqh"
00-0039391,"https://static.www.nfl.com/image/upload/f_auto,q_auto/league/tqdctdun0bv60d5ziwtl"
00-0039392,"https://static.www.nfl.com/image/upload/f_auto,q_auto/league/f4oqjj2aez3lnnt2wego"
00-0039393,"https://static.www.nfl.com/image/upload/f_auto,q_auto/league/qargp7q40zcnh0tjfc1o"
00-0039394,"https://static.www.nfl.com/image/upload/f_auto,q_auto/league/wkoysykj4htld4yajljn"
00-0039395,"https://static.www.nfl.com/image/upload/f_auto,q_auto/league/wmxibtpnomcoopmuv8fi"
00-0039396,"https://static.www.nfl.com/image/upload/f_auto,q_auto/league/pcsyefxgb6i24o0dm3l0"
00-0039397,"https://static.www.nfl.com/image/upload/f_auto,q_auto/league/ngj0tmtegnrjbz5qcbql"
00-0039398,"https://static.www.nfl.com/image/upload/f_auto,q_auto/league/tsj9lobse1gxzanf39dt"
00-0039399,"https://static.www.nfl.com/image/upload/f_auto,q_auto/league/zhhaaiwvhj84sw3bacps"
00-0039400,"https://static.www.nfl.com/image/upload/f_auto,q_auto/league/yvkguckrkwcvlzmx3txz"
00-0039401,"https://static.www.nfl.com/image/upload/f_auto,q_auto/league/gfxf6dacaxsu6buessre"
00-0039402,"https://static.www.nfl.com/image/upload/f_auto,q_auto/league/xmbnm0swk4oqrrnslrn5"
00-0039403,"https://static.www.nfl.com/image/upload/f_auto,q_auto/league/s75ks5bbqajwu6vye8ps"
00-0039404,"https://static.www.nfl.com/image/upload/f_auto,q_auto/league/wv1h4umuddkfss96uutw"
00-0039405,"https://static.www.nfl.com/image/upload/f_auto,q_auto/league/mdov6nge0ui6pc3kx0l2"
00-0039406,"https://static.www.nfl.com/image/upload/f_auto,q_auto/league/imp6cipge01zacx6g4tr"
00-0039407,"https://static.www.nfl.com/image/upload/f_auto,q_auto/league/lpizdza73bgksstymv5t"
00-0039408,"https://static.www.nfl.com/image/upload/f_auto,q_auto/league/lsxh6dh5fkomkwvfjlwi"
00-0039409,"https://static.www.nfl.com/image/upload/f_auto,q_auto/league/mc9goepr7mglrx6ek1fi"
00-0039410,"https://static.www.nfl.com/image/upload/f_auto,q_auto/league/tqwq3cgpqu7j9hzoyicx"
00-0039411,"https://static.www.nfl.com/image/upload/f_auto,q_auto/league/lh6e9de7kp7jll2mgkud"
00-0039412,"https://static.www.nfl.com/image/upload/f_auto,q_auto/league/bmal2stgfn8j8hdlrhe4"
00-0039413,"https://static.www.nfl.com/image/upload/f_auto,q_auto/league/obpxbg1pgouahyo28wcf"
00-0039414,"https://static.www.nfl.com/image/upload/f_auto,q_auto/league/wjjlh3vbqicqopz3qda7"
00-0039415,"https://static.www.nfl.com/image/upload/f_auto,q_auto/league/upu2vor6vg1wma5jpfqi"
00-0039416,"https://static.www.nfl.com/image/upload/f_auto,q_auto/league/i69ylzegiwwf1qarla1d"
00-0039417,"https://static.www.nfl.com/image/upload/f_auto,q_auto/league/ycg3egdmvp3kelvkiqrl"
00-0039418,"https://static.www.nfl.com/image/upload/f_auto,q_auto/league/ntllcok2oa83j6zouypd"
00-0039419,"https://static.www.nfl.com/image/upload/f_auto,q_auto/league/mnsvfstbdld5dvpfjphk"
00-0039420,"https://static.www.nfl.com/image/upload/f_auto,q_auto/league/wm88pq0ncxo2wuktwqni"
00-0039421,"https://static.www.nfl.com/image/upload/f_auto,q_auto/league/omsedg4telmr0fvhhegj"
00-0039422,"https://static.www.nfl.com/image/upload/f_auto,q_auto/league/eqezy9smygtojjoshtgt"
00-0039423,"https://static.www.nfl.com/image/upload/f_auto,q_auto/league/kxxw0cwdafdxbsvh5un9"
00-0039424,"https://static.www.nfl.com/image/upload/f_auto,q_auto/league/fa3dwsu8nxzkbf2knczm"
00-0039425,"https://static.www.nfl.com/image/upload/f_auto,q_auto/league/o5lyqgakz6zpshdrk7wu"
00-0039426,"https://static.www.nfl.com/image/upload/f_auto,q_auto/league/l3qadvhq3btzuqaihcwn"
00-0039427,"https://static.www.nfl.com/image/upload/f_auto,q_auto/league/obotfel6wfs49qectgfh"
00-0039428,"https://static.www.nfl.com/image/upload/f_auto,q_auto/league/st79wlatmogc7yjjm9al"
00-0039429,"https://static.www.nfl.com/image/upload/f_auto,q_auto/league/sp3r7arseni8lnlepazs"
00-0039430,"https://static.www.nfl.com/image/upload/f_auto,q_auto/league/r31rpfa1ju3bqddeuhom"
00-0039431,"https://static.www.nfl.com/image/upload/f_auto,q_auto/league/wbqozrnxtjjuf3nwv760"
00-0039432,"https://static.www.nfl.com/image/upload/f_auto,q_auto/league/jpeezucxkvekupocfunw"
00-0039433,"https://static.www.nfl.com/image/upload/f_auto,q_auto/league/uekrrvgronz3fkb957hf"
00-0039434,"https://static.www.nfl.com/image/upload/f_auto,q_auto/league/flnynggorytvzstum6rz"
00-0039435,"https://static.www.nfl.com/image/upload/f_auto,q_auto/league/l2s0tyb8yoet0rohrik5"
00-0039436,"https://static.www.nfl.com/image/upload/f_auto,q_auto/league/tlijnhz6kshuwcnjha1m"
00-0039437,"https://static.www.nfl.com/image/upload/f_auto,q_auto/league/axeeamb8miomsn79q663"
00-0039438,"https://static.www.nfl.com/image/upload/f_auto,q_auto/league/al11sdwqz5mci8hhypkl"
00-0039442,"https://static.www.nfl.com/image/upload/f_auto,q_auto/league/tybhcfzdfccvnxz4labx"
00-0039444,"https://static.www.nfl.com/image/upload/f_auto,q_auto/league/sfobkuahyi8xfdfvjnvw"
00-0039445,"https://static.www.nfl.com/image/upload/f_auto,q_auto/league/yzzbpxu7nqjl3crr1srw"
00-0039446,"https://static.www.nfl.com/image/upload/f_auto,q_auto/league/na1dcb82f0pahjtyipzw"
00-0039447,"https://static.www.nfl.com/image/upload/f_auto,q_auto/league/knnvuw8oxhlads0vfpep"
00-0039448,"https://static.www.nfl.com/image/upload/f_auto,q_auto/league/mdjbxwe641g71egv02ru"
00-0039450,"https://static.www.nfl.com/image/upload/f_auto,q_auto/league/bpdgvaexohrzmeqe74ig"
00-0039451,"https://static.www.nfl.com/image/upload/f_auto,q_auto/league/rj2etltwzmlxyz1cfkeo"
00-0039453,"https://static.www.nfl.com/image/upload/f_auto,q_auto/league/thwu2vrbpn3jp5k8y64r"
00-0039454,"https://static.www.nfl.com/image/upload/f_auto,q_auto/league/pl6ci3nsbltqwk2u3sbl"
00-0039456,"https://static.www.nfl.com/image/upload/f_auto,q_auto/league/chlcqaouirz9tmdb13tu"
00-0039457,"https://static.www.nfl.com/image/upload/f_auto,q_auto/league/ejvqgmzpnbiitpype3yt"
00-0039458,"https://static.www.nfl.com/image/upload/f_auto,q_auto/league/beeomv1jxgkwgqubgef9"
00-0039459,"https://static.www.nfl.com/image/upload/f_auto,q_auto/league/jar87gerxyz6bhf3xezu"
00-0039460,"https://static.www.nfl.com/image/upload/f_auto,q_auto/league/l4vvhcbssti8qvjhxigf"
00-0039461,"https://static.www.nfl.com/image/upload/f_auto,q_auto/league/edifmo4lsx8wjr93b0i8"
00-0039464,"https://static.www.nfl.com/image/upload/f_auto,q_auto/league/as3ophwqsfgusvffepv1"
00-0039465,"https://static.www.nfl.com/image/upload/f_auto,q_auto/league/e7fvszuuhvqn17ruftl0"
00-0039466,"https://static.www.nfl.com/image/upload/f_auto,q_auto/league/urv5fid3lqvd7uj4numc"
00-0039469,"https://static.www.nfl.com/image/upload/f_auto,q_auto/league/vzh2dirtk77zm4vig1lx"
00-0039470,"https://static.www.nfl.com/image/upload/f_auto,q_auto/league/tg3wcxcmn6p5ahlwi1su"
00-0039471,"https://static.www.nfl.com/image/upload/f_auto,q_auto/league/qzf7faowlqoh5nengpq5"
00-0039472,"https://static.www.nfl.com/image/upload/f_auto,q_auto/league/ctepbz184pq3zchnxqhk"
00-0039473,"https://static.www.nfl.com/image/upload/f_auto,q_auto/league/lrbygmechihaqjdlfc9o"
00-0039475,"https://static.www.nfl.com/image/upload/f_auto,q_auto/league/nwwo7kradjt4asnrnmts"
00-0039480,"https://static.www.nfl.com/image/upload/f_auto,q_auto/league/vzwrdqknqaz09r8s2wcu"
00-0039481,"https://static.www.nfl.com/image/upload/f_auto,q_auto/league/xupbuoy2lyb6bqyjvuso"
00-0039483,"https://static.www.nfl.com/image/upload/f_auto,q_auto/league/z8wqepet6gpcqnhehgyj"
00-0039484,"https://static.www.nfl.com/image/upload/f_auto,q_auto/league/mkhkcmizxnea12gzla0i"
00-0039485,"https://static.www.nfl.com/image/upload/f_auto,q_auto/league/gfpddwgpotujkccninbs"
00-0039486,"https://static.www.nfl.com/image/upload/f_auto,q_auto/league/clzak5gh5igj8ddbawmi"
00-0039488,"https://static.www.nfl.com/image/upload/f_auto,q_auto/league/lhupbjcs8nap7oj29r5g"
00-0039489,"https://static.www.nfl.com/image/upload/f_auto,q_auto/league/vkscrzclmd0tboxpi8lk"
00-0039490,"https://static.www.nfl.com/image/upload/f_auto,q_auto/league/v2vhg3d9eyyjkbtlsbvy"
00-0039491,"https://static.www.nfl.com/image/upload/f_auto,q_auto/league/yynz8rxen6tsvhojggiv"
00-0039494,"https://static.www.nfl.com/image/upload/f_auto,q_auto/league/ikgxg2vrumhdez3bu0w9"
00-0039497,"https://static.www.nfl.com/image/upload/f_auto,q_auto/league/hljzgmhhji9ioelyz3sf"
00-0039498,"https://static.www.nfl.com/image/upload/f_auto,q_auto/league/yjmtai1e4eqbsw2yk6mh"
00-0039499,"https://static.www.nfl.com/image/upload/f_auto,q_auto/league/ciz9hgodkivihsydycke"
00-0039500,"https://static.www.nfl.com/image/upload/f_auto,q_auto/league/qzs3erbs3sclqjuojahr"
00-0039501,"https://static.www.nfl.com/image/upload/f_auto,q_auto/league/dg49og3tpz8gzkiisdt9"
00-0039502,"https://static.www.nfl.com/image/upload/f_auto,q_auto/league/drhhqmpse3kadfmy36lj"
00-0039505,"https://static.www.nfl.com/image/upload/f_auto,q_auto/league/zfjfhamtyvdini9sqail"
00-0039506,"https://static.www.nfl.com/image/upload/f_auto,q_auto/league/nzagvnoa9yroqgwpm8wq"
00-0039507,"https://static.www.nfl.com/image/upload/f_auto,q_auto/league/jylkjrizz0obuohdua0a"
00-0039508,"https://static.www.nfl.com/image/upload/f_auto,q_auto/league/vnwldohyvr6jrx5yivqe"
00-0039509,"https://static.www.nfl.com/image/upload/f_auto,q_auto/league/ovgcdlp2t0poxjysfqus"
00-0039510,"https://static.www.nfl.com/image/upload/f_auto,q_auto/league/scfacqrxshvkyavgylxh"
00-0039511,"https://static.www.nfl.com/image/upload/f_auto,q_auto/league/itae2siy4zmgxtvwjoal"
00-0039512,"https://static.www.nfl.com/image/upload/f_auto,q_auto/league/b23me8skcb0zmuhgn6yw"
00-0039513,"https://static.www.nfl.com/image/upload/f_auto,q_auto/league/fvujgol1xqagsysqgveu"
00-0039515,"https://static.www.nfl.com/image/upload/f_auto,q_auto/league/pdh6lfhfcihybfqdrodo"
00-0039516,"https://static.www.nfl.com/image/upload/f_auto,q_auto/league/s2pcpq3crt97xtfbu0ji"
00-0039517,"https://static.www.nfl.com/image/upload/f_auto,q_auto/league/zztybofdskvulfh2q4pw"
00-0039518,"https://static.www.nfl.com/image/upload/f_auto,q_auto/league/rutsetwerjfsym9ohqrs"
00-0039521,"https://static.www.nfl.com/image/upload/f_auto,q_auto/league/bevrgazhjzigxagrb0qo"
00-0039525,"https://static.www.nfl.com/image/upload/f_auto,q_auto/league/ouhws4p8rsdfafopohy7"
00-0039526,"https://static.www.nfl.com/image/upload/f_auto,q_auto/league/cuupvisgljx3695uowf9"
00-0039528,"https://static.www.nfl.com/image/upload/f_auto,q_auto/league/k0s7exb6oarznwv7xzsz"
00-0039530,"https://static.www.nfl.com/image/upload/f_auto,q_auto/league/sko2pmuqociwa92ep1ad"
00-0039532,"https://static.www.nfl.com/image/upload/f_auto,q_auto/league/e50jl0exy2q6atfsh34o"
00-0039534,"https://static.www.nfl.com/image/upload/f_auto,q_auto/league/kw2ogega4ojum3hyecya"
00-0039535,"https://static.www.nfl.com/image/upload/f_auto,q_auto/league/rktctznfvw80aflxw4xr"
00-0039536,"https://static.www.nfl.com/image/upload/f_auto,q_auto/league/ztrsgmpz7g0mifziyg63"
00-0039537,"https://static.www.nfl.com/image/upload/f_auto,q_auto/league/oyeuprlmwpmako70tvsu"
00-0039539,"https://static.www.nfl.com/image/upload/f_auto,q_auto/league/nrmc2wpx3aci3optdya2"
00-0039541,"https://static.www.nfl.com/image/upload/f_auto,q_auto/league/zix8jyjgqn57rduq4frc"
00-0039542,"https://static.www.nfl.com/image/upload/f_auto,q_auto/league/ykvlrggjgtcrm6pznozr"
00-0039543,"https://static.www.nfl.com/image/upload/f_auto,q_auto/league/cqzhnef7pkr3bkmuwo5q"
00-0039544,"https://static.www.nfl.com/image/upload/f_auto,q_auto/league/clwvsywtoyawl9dhn7gv"
00-0039545,"https://static.www.nfl.com/image/upload/f_auto,q_auto/league/yd6yemicgzrktefadltc"
00-0039550,"https://static.www.nfl.com/image/upload/f_auto,q_auto/league/fsmfihfrlibes4ihhauy"
00-0039552,"https://static.www.nfl.com/image/upload/f_auto,q_auto/league/qgtdsdlwxjm1ek8ebdcj"
00-0039554,"https://static.www.nfl.com/image/upload/f_auto,q_auto/league/dgvsv86jcc5choykdykz"
00-0039555,"https://static.www.nfl.com/image/upload/f_auto,q_auto/league/ahielgnveyyymgeql5gp"
00-0039558,"https://static.www.nfl.com/image/upload/f_auto,q_auto/league/spvdehhai8rgisvrjcyz"
00-0039562,"https://static.www.nfl.com/image/upload/f_auto,q_auto/league/ebw2syx3otzaup1pzckf"
00-0039565,"https://static.www.nfl.com/image/upload/f_auto,q_auto/league/bh2dnmiacue2xuedzqdc"
00-0039566,"https://static.www.nfl.com/image/upload/f_auto,q_auto/league/ecyj90s2ud4hgzz5khwc"
00-0039568,"https://static.www.nfl.com/image/upload/f_auto,q_auto/league/cf6v9iuovxv0tvsvcito"
00-0039570,"https://static.www.nfl.com/image/upload/f_auto,q_auto/league/e8l6rshuotsekspofejs"
00-0039573,"https://static.www.nfl.com/image/upload/f_auto,q_auto/league/fqa3khjrz3ngvq27wgzz"
00-0039575,"https://static.www.nfl.com/image/upload/f_auto,q_auto/league/zxxuqmmnjevwu2vmzwez"
00-0039576,"https://static.www.nfl.com/image/upload/f_auto,q_auto/league/upbporhm1frqfpgalfrk"
00-0039577,"https://static.www.nfl.com/image/upload/f_auto,q_auto/league/hkvrcpwl9tm41jr3b0x3"
00-0039578,"https://static.www.nfl.com/image/upload/f_auto,q_auto/league/zta0y0vjtsrdhlo2ufmq"
00-0039580,"https://static.www.nfl.com/image/upload/f_auto,q_auto/league/pluo6cdp0s4tvkpgk7hd"
00-0039581,"https://static.www.nfl.com/image/upload/f_auto,q_auto/league/lwlj4rj9k8pm7fauiznc"
00-0039582,"https://static.www.nfl.com/image/upload/f_auto,q_auto/league/ob0uq7pyr6vhjsp253l1"
00-0039585,"https://static.www.nfl.com/image/upload/f_auto,q_auto/league/h0xwkptteoujqwtp08rb"
00-0039586,"https://static.www.nfl.com/image/upload/f_auto,q_auto/league/jg5k5dmy0aexbdcadikd"
00-0039587,"https://static.www.nfl.com/image/upload/f_auto,q_auto/league/gb0t5vmnftjccrsq29gq"
00-0039588,"https://static.www.nfl.com/image/upload/f_auto,q_auto/league/szc5pbnkt9xtqlouwvic"
00-0039589,"https://static.www.nfl.com/image/upload/f_auto,q_auto/league/ms7auybbkq1nwbd2ev0d"
00-0039592,"https://static.www.nfl.com/image/upload/f_auto,q_auto/league/hrlfe7abmfw5fixpoict"
00-0039595,"https://static.www.nfl.com/image/upload/f_auto,q_auto/league/mnptqwcy8vdcsimzfnac"
00-0039596,"https://static.www.nfl.com/image/upload/f_auto,q_auto/league/b1tsjkgvh7sb3yaxpexg"
00-0039599,"https://static.www.nfl.com/image/upload/f_auto,q_auto/league/rd2qiez0tbhkk9t2j3bl"
00-0039601,"https://static.www.nfl.com/image/upload/f_auto,q_auto/league/tpjhwnupzg65sx5zyzbx"
00-0039603,"https://static.www.nfl.com/image/upload/f_auto,q_auto/league/jethzcwj6oeitvdprnk8"
00-0039606,"https://static.www.nfl.com/image/upload/f_auto,q_auto/league/ux5a22bvqcj3zimcquic"
00-0039607,"https://static.www.nfl.com/image/upload/f_auto,q_auto/league/n7jyxoiqebcywq1i2dgx"
00-0039609,"https://static.www.nfl.com/image/upload/f_auto,q_auto/league/eudnrort6lravlzivtxo"
00-0039610,"https://static.www.nfl.com/image/upload/f_auto,q_auto/league/i0a8r0iolavnco4zsa5e"
00-0039611,"https://static.www.nfl.com/image/upload/f_auto,q_auto/league/tentgyr8ofqc8cr4ejjz"
00-0039612,"https://static.www.nfl.com/image/upload/f_auto,q_auto/league/c5bnnbsaaevl2y5jhukg"
00-0039613,"https://static.www.nfl.com/image/upload/f_auto,q_auto/league/sps8av7spro1015lpwn1"
00-0039614,"https://static.www.nfl.com/image/upload/f_auto,q_auto/league/kmter0gxx2gk9d5b8wgu"
00-0039615,"https://static.www.nfl.com/image/upload/f_auto,q_auto/league/r9s8ytfgiefo4nahkr0y"
00-0039617,"https://static.www.nfl.com/image/upload/f_auto,q_auto/league/no7mr4wgu7o2exnmjre8"
00-0039620,"https://static.www.nfl.com/image/upload/f_auto,q_auto/league/fhtldemepl6yeuqvepdj"
00-0039622,"https://static.www.nfl.com/image/upload/f_auto,q_auto/league/g3vz4uuympfirjuvbr2r"
00-0039623,"https://static.www.nfl.com/image/upload/f_auto,q_auto/league/jcloxjivlxbcveled5lr"
00-0039624,"https://static.www.nfl.com/image/upload/f_auto,q_auto/league/hevy4dtaz6yzw9anebpk"
00-0039626,"https://static.www.nfl.com/image/upload/f_auto,q_auto/league/vlp9c4lmddujjj46gz6p"
00-0039630,"https://static.www.nfl.com/image/upload/f_auto,q_auto/league/kaxpzcpk5dhyhl04wqkv"
00-0039631,"https://static.www.nfl.com/image/upload/f_auto,q_auto/league/uay5dmniqx1baal3q3uu"
00-0039632,"https://static.www.nfl.com/image/upload/f_auto,q_auto/league/ypmhoannzlvxolhoalkc"
00-0039634,"https://static.www.nfl.com/image/upload/f_auto,q_auto/league/tu0cvxj9l141hhpcr5mh"
00-0039637,"https://static.www.nfl.com/image/upload/f_auto,q_auto/league/xilgtxzojnxouajl01uc"
00-0039638,"https://static.www.nfl.com/image/upload/f_auto,q_auto/league/p1hxsaq24g9qmsvmhktz"
00-0039640,"https://static.www.nfl.com/image/upload/f_auto,q_auto/league/pdop5lj5bwdimbxiyjxj"
00-0039644,"https://static.www.nfl.com/image/upload/f_auto,q_auto/league/qa0ncvwwdi7zoutxpa9a"
00-0039646,"https://static.www.nfl.com/image/upload/f_auto,q_auto/league/jlgyxy7jr8dhjccrzq1n"
00-0039647,"https://static.www.nfl.com/image/upload/f_auto,q_auto/league/u6tcbznnagvju1lycw2s"
00-0039648,"https://static.www.nfl.com/image/upload/f_auto,q_auto/league/imh2h5q6jmoqno5xlpwm"
00-0039649,"https://static.www.nfl.com/image/upload/f_auto,q_auto/league/pqzbcchxxgyks1wphxaq"
00-0039650,"https://static.www.nfl.com/image/upload/f_auto,q_auto/league/bdsenkkodb8gbdvtivvr"
00-0039652,"https://static.www.nfl.com/image/upload/f_auto,q_auto/league/jevnypgyk9xm7tcfldvi"
00-0039653,"https://static.www.nfl.com/image/upload/f_auto,q_auto/league/dbbobrjlxhizrdgorb6y"
00-0039655,"https://static.www.nfl.com/image/upload/f_auto,q_auto/league/p9tsbk3hn5hrtgyhzlyq"
00-0039656,"https://static.www.nfl.com/image/upload/f_auto,q_auto/league/v24wggwvlin4ba2zzqnp"
00-0039660,"https://static.www.nfl.com/image/upload/f_auto,q_auto/league/gndkodhyidctgvcqy1bk"
00-0039663,"https://static.www.nfl.com/image/upload/f_auto,q_auto/league/cdvl1mtwly6teupvjvt4"
00-0039664,"https://static.www.nfl.com/image/upload/f_auto,q_auto/league/uzgjtijq5nb5lgc1vp1p"
00-0039669,"https://static.www.nfl.com/image/upload/f_auto,q_auto/league/hiexlavcres1jmitt1d4"
00-0039670,"https://static.www.nfl.com/image/upload/f_auto,q_auto/league/kb3cwwfcs4hsddhlcqyr"
00-0039675,"https://static.www.nfl.com/image/upload/f_auto,q_auto/league/s955ap25n6rxvc2rb6mq"
00-0039676,"https://static.www.nfl.com/image/upload/f_auto,q_auto/league/pp6vsmzyplbm98g2srpp"
00-0039677,"https://static.www.nfl.com/image/upload/f_auto,q_auto/league/mvpbrqp3o04zla5lzf7u"
00-0039679,"https://static.www.nfl.com/image/upload/f_auto,q_auto/league/fkcepx7rxzcihpicm1ki"
00-0039681,"https://static.www.nfl.com/image/upload/f_auto,q_auto/league/rxf3jhkiysfn1vi91kvv"
00-0039682,"https://static.www.nfl.com/image/upload/f_auto,q_auto/league/uhpusfjwwvhgbnczfbuc"
00-0039683,"https://static.www.nfl.com/image/upload/f_auto,q_auto/league/f60l6jegh70tolyxlipd"
00-0039684,"https://static.www.nfl.com/image/upload/f_auto,q_auto/league/kjuriiyvmmbrfujqvjjw"
00-0039685,"https://static.www.nfl.com/image/upload/f_auto,q_auto/league/yohte1maut9dlvju1nda"
00-0039686,"https://static.www.nfl.com/image/upload/f_auto,q_auto/league/cgsxdjqy6l2zuqaftbd6"
00-0039692,"https://static.www.nfl.com/image/upload/f_auto,q_auto/league/irmi15lyy3l28z6s0wgx"
00-0039696,"https://static.www.nfl.com/image/upload/f_auto,q_auto/league/brvzpgd97dixgsux1pse"
00-0039697,"https://static.www.nfl.com/image/upload/f_auto,q_auto/league/qoppi1wky18iwlespw07"
00-0039699,"https://static.www.nfl.com/image/upload/f_auto,q_auto/league/m9perzblplnzzit1mpzb"
00-0039700,"https://static.www.nfl.com/image/upload/f_auto,q_auto/league/u99x48ow2ilnlmby8tb4"
00-0039701,"https://static.www.nfl.com/image/upload/f_auto,q_auto/league/suzkb26jhefxhqr5z08t"
00-0039702,"https://static.www.nfl.com/image/upload/f_auto,q_auto/league/wnd0lmuy6bd5kwvejkyo"
00-0039703,"https://static.www.nfl.com/image/upload/f_auto,q_auto/league/snrwsjepuvkatdjjokp8"
00-0039706,"https://static.www.nfl.com/image/upload/f_auto,q_auto/league/rbhaa0w6cf7xay0hbyrv"
00-0039707,"https://static.www.nfl.com/image/upload/f_auto,q_auto/league/vkt3hth64m1rvzohz7vi"
00-0039710,"https://static.www.nfl.com/image/upload/f_auto,q_auto/league/pwlziiyhd7ectylkejgc"
00-0039712,"https://static.www.nfl.com/image/upload/f_auto,q_auto/league/pqzjmhasoyqkhdpesd7w"
00-0039714,"https://static.www.nfl.com/image/upload/f_auto,q_auto/league/x8pdiatwc5de3xsv2sis"
00-0039715,"https://static.www.nfl.com/image/upload/f_auto,q_auto/league/ns5f5xol9gjdj22uz3dl"
00-0039716,"https://static.www.nfl.com/image/upload/f_auto,q_auto/league/jpcuavjkhh8b0oe3kor7"
00-0039718,"https://static.www.nfl.com/image/upload/f_auto,q_auto/league/kbhux5tafk9i4lqkcmtn"
00-0039719,"https://static.www.nfl.com/image/upload/f_auto,q_auto/league/fcj38k7z7wchvj86tnte"
00-0039720,"https://static.www.nfl.com/image/upload/f_auto,q_auto/league/xezoml4ot45e6lgvncal"
00-0039725,"https://static.www.nfl.com/image/upload/f_auto,q_auto/league/yfemio1ucnbfx2zmoopk"
00-0039731,"https://static.www.nfl.com/image/upload/f_auto,q_auto/league/smrxlm1rtszojndj3wvu"
00-0039732,"https://static.www.nfl.com/image/upload/f_auto,q_auto/league/zvo9xatffmqn9lnukpgk"
00-0039733,"https://static.www.nfl.com/image/upload/f_auto,q_auto/league/oeufrmiwlvyce7vggwrx"
00-0039734,"https://static.www.nfl.com/image/upload/f_auto,q_auto/league/nepcpkxlqw0mvpwrgvh8"
00-0039735,"https://static.www.nfl.com/image/upload/f_auto,q_auto/league/o2lpxcphdigzwbjr12jh"
00-0039736,"https://static.www.nfl.com/image/upload/f_auto,q_auto/league/polgp6qzghy6tzyxumof"
00-0039737,"https://static.www.nfl.com/image/upload/f_auto,q_auto/league/yfi3fqch6kzqrcvuptal"
00-0039738,"https://static.www.nfl.com/image/upload/f_auto,q_auto/league/axzqbqjkrbwfzodwwakq"
00-0039739,"https://static.www.nfl.com/image/upload/f_auto,q_auto/league/xuhjoscmhmmsutbvfmrs"
00-0039740,"https://static.www.nfl.com/image/upload/f_auto,q_auto/league/uymi2mf5vbfkxopurlby"
00-0039741,"https://static.www.nfl.com/image/upload/f_auto,q_auto/league/zgvgobg9xpibsa2sofyw"
00-0039742,"https://static.www.nfl.com/image/upload/f_auto,q_auto/league/u6kt89h2dkm1mzwqxhqj"
00-0039743,"https://static.www.nfl.com/image/upload/f_auto,q_auto/league/wt7ym1nrxza2qq9hzaux"
00-0039744,"https://static.www.nfl.com/image/upload/f_auto,q_auto/league/m2gbuydcsxpusvpfcmxk"
00-0039745,"https://static.www.nfl.com/image/upload/f_auto,q_auto/league/fvmwdsbi4nkpw9hfm4qj"
00-0039746,"https://static.www.nfl.com/image/upload/f_auto,q_auto/league/pvpaepncsdfgzdubkuhg"
00-0039747,"https://static.www.nfl.com/image/upload/f_auto,q_auto/league/iaetfkaakeblxepssyj9"
00-0039748,"https://static.www.nfl.com/image/upload/f_auto,q_auto/league/zenlwa4rbezwlxbqoygw"
00-0039749,"https://static.www.nfl.com/image/upload/f_auto,q_auto/league/ych0dv47y4jomyxybenf"
00-0039750,"https://static.www.nfl.com/image/upload/f_auto,q_auto/league/j51z79en8vs3qdgkvnn5"
00-0039751,"https://static.www.nfl.com/image/upload/f_auto,q_auto/league/enqcg1lgjkuk0hqz3qjc"
00-0039752,"https://static.www.nfl.com/image/upload/f_auto,q_auto/league/yi5naoq2xpx34pwpt25y"
00-0039753,"https://static.www.nfl.com/image/upload/f_auto,q_auto/league/rsd2gd5nz5ubdj0drxn6"
00-0039754,"https://static.www.nfl.com/image/upload/f_auto,q_auto/league/p5mk3qxwrbwdr3y3kt6u"
00-0039755,"https://static.www.nfl.com/image/upload/f_auto,q_auto/league/ocrjwcpavgunq64dlcgj"
00-0039757,"https://static.www.nfl.com/image/upload/f_auto,q_auto/league/iddgabjbju6ye5s9mmjg"
00-0039760,"https://static.www.nfl.com/image/upload/f_auto,q_auto/league/smfwhvyidtzd6jpgskjb"
00-0039761,"https://static.www.nfl.com/image/upload/f_auto,q_auto/league/iefjsbvls06s84ndkr8m"
00-0039763,"https://static.www.nfl.com/image/upload/f_auto,q_auto/league/cj03pufi2spczomlja71"
00-0039764,"https://static.www.nfl.com/image/upload/f_auto,q_auto/league/kzzty8qdv0ktwa6lmjk5"
00-0039767,"https://static.www.nfl.com/image/upload/f_auto,q_auto/league/ydfkydiuvhukziyw3yyx"
00-0039769,"https://static.www.nfl.com/image/upload/f_auto,q_auto/league/oyyqeedcl7o18uf8mecj"
00-0039770,"https://static.www.nfl.com/image/upload/f_auto,q_auto/league/wwypndzfrfidulshfdog"
00-0039771,"https://static.www.nfl.com/image/upload/f_auto,q_auto/league/gdwjkih9vmidmoyejj8i"
00-0039772,"https://static.www.nfl.com/image/upload/f_auto,q_auto/league/rl9xt27qup1xfmv1h1gc"
00-0039773,"https://static.www.nfl.com/image/upload/f_auto,q_auto/league/zt0upkhtkzkehmm2qcpl"
00-0039774,"https://static.www.nfl.com/image/upload/f_auto,q_auto/league/tbz3cgrfkc8yjsxkjhxe"
00-0039775,"https://static.www.nfl.com/image/upload/f_auto,q_auto/league/mguzhmnhv07wkw7ekaly"
00-0039776,"https://static.www.nfl.com/image/upload/f_auto,q_auto/league/g4k2pwpoyaethnwwerpy"
00-0039779,"https://static.www.nfl.com/image/upload/f_auto,q_auto/league/ob5w5xj4tihy79rfxtgy"
00-0039780,"https://static.www.nfl.com/image/upload/f_auto,q_auto/league/b9fxxgtih7cqzny6tnpq"
00-0039783,"https://static.www.nfl.com/image/upload/f_auto,q_auto/league/nyluqyk0urg2bdfsajdk"
00-0039784,"https://static.www.nfl.com/image/upload/f_auto,q_auto/league/lkjtnkp4ooxnycdusrul"
00-0039789,"https://static.www.nfl.com/image/upload/f_auto,q_auto/league/yiiqa5sbaclz4bvnpvul"
00-0039790,"https://static.www.nfl.com/image/upload/f_auto,q_auto/league/clf1wkkpzzsrnffv8wew"
00-0039791,"https://static.www.nfl.com/image/upload/f_auto,q_auto/league/kgf0y0szaf289d6ys8sy"
00-0039792,"https://static.www.nfl.com/image/upload/f_auto,q_auto/league/x3x3k5ispk44ms0f7vrv"
00-0039793,"https://static.www.nfl.com/image/upload/f_auto,q_auto/league/i0esiguve9if4ts5mm1q"
00-0039794,"https://static.www.nfl.com/image/upload/f_auto,q_auto/league/fmpzgmfjmcbrv1gmqbdn"
00-0039795,"https://static.www.nfl.com/image/upload/f_auto,q_auto/league/zxtribbeeejhqlt43dmj"
00-0039796,"https://static.www.nfl.com/image/upload/f_auto,q_auto/league/zwjrkzu3ia3cfrwgotqt"
00-0039797,"https://static.www.nfl.com/image/upload/f_auto,q_auto/league/vmx75tdqnnncihvcxksg"
00-0039798,"https://static.www.nfl.com/image/upload/f_auto,q_auto/league/x6r9a5xhtaklbvnqmtw7"
00-0039799,"https://static.www.nfl.com/image/upload/f_auto,q_auto/league/ac8yzkgq5fcgjqmzrbez"
00-0039800,"https://static.www.nfl.com/image/upload/f_auto,q_auto/league/rqkampxsl0ukgtcf0zoi"
00-0039801,"https://static.www.nfl.com/image/upload/f_auto,q_auto/league/srbaw0itijtfo40uzsdt"
00-0039802,"https://static.www.nfl.com/image/upload/f_auto,q_auto/league/bxojtti7qhdyu8osfq7p"
00-0039805,"https://static.www.nfl.com/image/upload/f_auto,q_auto/league/huvqfhoaqvoxdvdqt0vt"
00-0039806,"https://static.www.nfl.com/image/upload/f_auto,q_auto/league/iqk4bipek9eqrm1ue832"
00-0039807,"https://static.www.nfl.com/image/upload/f_auto,q_auto/league/xaapgpd73nebdqnztyp1"
00-0039808,"https://static.www.nfl.com/image/upload/f_auto,q_auto/league/ule1nyboygcfxxc0qz8l"
00-0039809,"https://static.www.nfl.com/image/upload/f_auto,q_auto/league/f3dukr2ntse8qnsyhu3b"
00-0039810,"https://static.www.nfl.com/image/upload/f_auto,q_auto/league/t8hbhbctckogm9aod0ea"
00-0039811,"https://static.www.nfl.com/image/upload/f_auto,q_auto/league/xp8sd4enimuk4zd0aqgu"
00-0039812,"https://static.www.nfl.com/image/upload/f_auto,q_auto/league/taqdlsfufqh99ucbl5zm"
00-0039813,"https://static.www.nfl.com/image/upload/f_auto,q_auto/league/g3utgsouys3kewppbnb5"
00-0039814,"https://static.www.nfl.com/image/upload/f_auto,q_auto/league/ifkhcxze7lnxkpzjvsmk"
00-0039815,"https://static.www.nfl.com/image/upload/f_auto,q_auto/league/xqi0rvphhoj5tca0wod2"
00-0039816,"https://static.www.nfl.com/image/upload/f_auto,q_auto/league/irctulz9pij3tzpokih0"
00-0039817,"https://static.www.nfl.com/image/upload/f_auto,q_auto/league/njxl8msuzdym9x8egkcl"
00-0039818,"https://static.www.nfl.com/image/upload/f_auto,q_auto/league/m3bxo3bhxk2d601bhjs0"
00-0039819,"https://static.www.nfl.com/image/upload/f_auto,q_auto/league/oe6xejpueu02brdqjke1"
00-0039821,"https://static.www.nfl.com/image/upload/f_auto,q_auto/league/kh3iigah1t49ywg0scb9"
00-0039822,"https://static.www.nfl.com/image/upload/f_auto,q_auto/league/qngoqfnhfh7zgjeqk9vw"
00-0039823,"https://static.www.nfl.com/image/upload/f_auto,q_auto/league/ncb3dyn1yc6gwjv20l1x"
00-0039824,"https://static.www.nfl.com/image/upload/f_auto,q_auto/league/qbu14rgh4wchepqsrgb0"
00-0039825,"https://static.www.nfl.com/image/upload/f_auto,q_auto/league/kg90d5bciznpqbpafke4"
00-0039826,"https://static.www.nfl.com/image/upload/f_auto,q_auto/league/fbgpf6iqljasd4h1miw2"
00-0039827,"https://static.www.nfl.com/image/upload/f_auto,q_auto/league/r81y8mo3z0v6ts0jjnwh"
00-0039828,"https://static.www.nfl.com/image/upload/f_auto,q_auto/league/r28h1pou7qbvw9hcjpgr"
00-0039829,"https://static.www.nfl.com/image/upload/f_auto,q_auto/league/howdtlbkf2poenfnyejl"
00-0039830,"https://static.www.nfl.com/image/upload/f_auto,q_auto/league/xabhymarhssiz8tpgccc"
00-0039831,"https://static.www.nfl.com/image/upload/f_auto,q_auto/league/j3ty1m9rac4bqcysjwqp"
00-0039832,"https://static.www.nfl.com/image/upload/f_auto,q_auto/league/kxvhcqmyotwpjaphrtvw"
00-0039833,"https://static.www.nfl.com/image/upload/f_auto,q_auto/league/sem0xiz0jubhx5nww1ma"
00-0039834,"https://static.www.nfl.com/image/upload/f_auto,q_auto/league/fnxdjnzzmmihkv0p2efc"
00-0039835,"https://static.www.nfl.com/image/upload/f_auto,q_auto/league/vayynevqkczp1ziitvkm"
00-0039836,"https://static.www.nfl.com/image/upload/f_auto,q_auto/league/dmdwsofgb90qn5yoohcb"
00-0039837,"https://static.www.nfl.com/image/upload/f_auto,q_auto/league/pvzpzvnhrtxxyhwhedq7"
00-0039838,"https://static.www.nfl.com/image/upload/f_auto,q_auto/league/dp7ntdi5yxyhikjjsojs"
00-0039839,"https://static.www.nfl.com/image/upload/f_auto,q_auto/league/ylzxtjxkmtlseqhaghp6"
00-0039840,"https://static.www.nfl.com/image/upload/f_auto,q_auto/league/s5th0pr4mxfyrdrnlm79"
00-0039841,"https://static.www.nfl.com/image/upload/f_auto,q_auto/league/aifrssmqxtoiydq9r1uo"
00-0039842,"https://static.www.nfl.com/image/upload/f_auto,q_auto/league/j4ccmkx7sv3yjjt8ymzy"
00-0039843,"https://static.www.nfl.com/image/upload/f_auto,q_auto/league/j8bnryrjhs5ojoxmeson"
00-0039844,"https://static.www.nfl.com/image/upload/f_auto,q_auto/league/qsrtrpvdbnrhjgoqck5x"
00-0039846,"https://static.www.nfl.com/image/upload/f_auto,q_auto/league/thib1riuixa3whhe6ohv"
00-0039847,"https://static.www.nfl.com/image/upload/f_auto,q_auto/league/fv2jbzlocr1o3ahkru43"
00-0039849,"https://static.www.nfl.com/image/upload/f_auto,q_auto/league/hwpoo1icpnh8emjvqaii"
00-0039850,"https://static.www.nfl.com/image/upload/f_auto,q_auto/league/acedii0jqmzxqm5lqtn8"
00-0039851,"https://static.www.nfl.com/image/upload/f_auto,q_auto/league/s1nmoon2xnrc3bnyulv4"
00-0039852,"https://static.www.nfl.com/image/upload/f_auto,q_auto/league/cpa5qqc59ndeg6timqmf"
00-0039853,"https://static.www.nfl.com/image/upload/f_auto,q_auto/league/wlbxcwbm2byh2lnfhlam"
00-0039854,"https://static.www.nfl.com/image/upload/f_auto,q_auto/league/hctx4lm0ru8shpgb4vkc"
00-0039855,"https://static.www.nfl.com/image/upload/f_auto,q_auto/league/s8tlj5wsi6cq8kjhp06v"
00-0039857,"https://static.www.nfl.com/image/upload/f_auto,q_auto/league/icrw8fcxsfxcrmoxlbsf"
00-0039858,"https://static.www.nfl.com/image/upload/f_auto,q_auto/league/y5zs5kaw54mz5cyajpbw"
00-0039859,"https://static.www.nfl.com/image/upload/f_auto,q_auto/league/ijybsgxpvngj5wzlcupl"
00-0039860,"https://static.www.nfl.com/image/upload/f_auto,q_auto/league/n0yip0zx9i25jbwugzmo"
00-0039861,"https://static.www.nfl.com/image/upload/f_auto,q_auto/league/wu3phjekllc6yybgarbl"
00-0039862,"https://static.www.nfl.com/image/upload/f_auto,q_auto/league/qqwcajwnacksgjhwm4jx"
00-0039863,"https://static.www.nfl.com/image/upload/f_auto,q_auto/league/pmf5pfpsa544my63y197"
00-0039864,"https://static.www.nfl.com/image/upload/f_auto,q_auto/league/w4wcod46hxptpseyi6o3"
00-0039867,"https://static.www.nfl.com/image/upload/f_auto,q_auto/league/wmpfeci7b5hm44zkjgvb"
00-0039868,"https://static.www.nfl.com/image/upload/f_auto,q_auto/league/wgfbgxjntyqzojpizgaj"
00-0039871,"https://static.www.nfl.com/image/upload/f_auto,q_auto/league/zdtvqdenhcfetm9tpmwh"
00-0039872,"https://static.www.nfl.com/image/upload/f_auto,q_auto/league/kjvkuqb6ghv0ydbsoows"
00-0039873,"https://static.www.nfl.com/image/upload/f_auto,q_auto/league/somthlvcx5v20nqmu85n"
00-0039874,"https://static.www.nfl.com/image/upload/f_auto,q_auto/league/feeuommtlmpvuxvtb1zt"
00-0039875,"https://static.www.nfl.com/image/upload/f_auto,q_auto/league/xibwzhrl6q5xkgh3utug"
00-0039876,"https://static.www.nfl.com/image/upload/f_auto,q_auto/league/o6ayso1ks19s4n2te2n9"
00-0039877,"https://static.www.nfl.com/image/upload/f_auto,q_auto/league/eejqngskhpqk7dalz9cq"
00-0039878,"https://static.www.nfl.com/image/upload/f_auto,q_auto/league/djyw96mfpsd1okocv1ck"
00-0039879,"https://static.www.nfl.com/image/upload/f_auto,q_auto/league/sjftmvhxpsr0zvtqywnt"
00-0039880,"https://static.www.nfl.com/image/upload/f_auto,q_auto/league/dmaiwnmaal9nrwfskl28"
00-0039881,"https://static.www.nfl.com/image/upload/f_auto,q_auto/league/e9mhvs0g9yq7t7ctwntp"
00-0039882,"https://static.www.nfl.com/image/upload/f_auto,q_auto/league/t5xdmbxo9c5juinczvdb"
00-0039883,"https://static.www.nfl.com/image/upload/f_auto,q_auto/league/ufab4bt7hohj24mzr91v"
00-0039884,"https://static.www.nfl.com/image/upload/f_auto,q_auto/league/homslu3sftjfqqnrcmt5"
00-0039886,"https://static.www.nfl.com/image/upload/f_auto,q_auto/league/hmlpzjhnttorvhshijgn"
00-0039887,"https://static.www.nfl.com/image/upload/f_auto,q_auto/league/tbkngviqid6uoq2pi2is"
00-0039888,"https://static.www.nfl.com/image/upload/f_auto,q_auto/league/hfhzawkrobxrfuohtp50"
00-0039889,"https://static.www.nfl.com/image/upload/f_auto,q_auto/league/eskiw0i3z6cashics66w"
00-0039890,"https://static.www.nfl.com/image/upload/f_auto,q_auto/league/hwwacoa3pqapd7pgahfx"
00-0039893,"https://static.www.nfl.com/image/upload/f_auto,q_auto/league/plnekkriys4cm11rnxwl"
00-0039894,"https://static.www.nfl.com/image/upload/f_auto,q_auto/league/u6fmnffwteccoxn3uguq"
00-0039895,"https://static.www.nfl.com/image/upload/f_auto,q_auto/league/ykpxjvmielzqpguubka1"
00-0039896,"https://static.www.nfl.com/image/upload/f_auto,q_auto/league/fsycb8xgssegoyy1rrrv"
00-0039897,"https://static.www.nfl.com/image/upload/f_auto,q_auto/league/hul7ydlbropij2fjhvvy"
00-0039898,"https://static.www.nfl.com/image/upload/f_auto,q_auto/league/eftoaweovfwayhiyjg6q"
00-0039899,"https://static.www.nfl.com/image/upload/f_auto,q_auto/league/gjp4mxqdh4gs2cyktdva"
00-0039900,"https://static.www.nfl.com/image/upload/f_auto,q_auto/league/ghcwtmz5knxwpnddbymm"
00-0039901,"https://static.www.nfl.com/image/upload/f_auto,q_auto/league/cm7g87waetksjouyjgvg"
00-0039902,"https://static.www.nfl.com/image/upload/f_auto,q_auto/league/bkta07rjtsatr1mmbvoj"
00-0039903,"https://static.www.nfl.com/image/upload/f_auto,q_auto/league/h3rbtalyoblh2szat9qc"
00-0039904,"https://static.www.nfl.com/image/upload/f_auto,q_auto/league/sdes0pavbicaj47bfjis"
00-0039905,"https://static.www.nfl.com/image/upload/f_auto,q_auto/league/jbvrm3jvgbcjjc1yd5qx"
00-0039906,"https://static.www.nfl.com/image/upload/f_auto,q_auto/league/hgrxkwfkaiozsegi9sbp"
00-0039907,"https://static.www.nfl.com/image/upload/f_auto,q_auto/league/w4hcfpfjrpt0fchb0xmm"
00-0039908,"https://static.www.nfl.com/image/upload/f_auto,q_auto/league/nuyy0laahr8mf5dojflu"
00-0039910,"https://static.www.nfl.com/image/upload/f_auto,q_auto/league/gfz8k5onuqjrche9ogqc"
00-0039911,"https://static.www.nfl.com/image/upload/f_auto,q_auto/league/qcf7mpwkznoaqj6viijj"
00-0039912,"https://static.www.nfl.com/image/upload/f_auto,q_auto/league/ilkrv6dqajndnlsbmv8f"
00-0039913,"https://static.www.nfl.com/image/upload/f_auto,q_auto/league/knxy90rm9gohdrwufodf"
00-0039915,"https://static.www.nfl.com/image/upload/f_auto,q_auto/league/q2sk7yforrkiusvruo1o"
00-0039916,"https://static.www.nfl.com/image/upload/f_auto,q_auto/league/rrv2qhkjqagb8ibzwakv"
00-0039917,"https://static.www.nfl.com/image/upload/f_auto,q_auto/league/mip4kogkqxwkkya6mvmh"
00-0039918,"https://static.www.nfl.com/image/upload/f_auto,q_auto/league/h4qs11kutwiw7whekmyt"
00-0039919,"https://static.www.nfl.com/image/upload/f_auto,q_auto/league/niewdl2p2325kpohbw9v"
00-0039920,"https://static.www.nfl.com/image/upload/f_auto,q_auto/league/lay1p8pvwrglmqorc6ev"
00-0039921,"https://static.www.nfl.com/image/upload/f_auto,q_auto/league/liruc5jotnsi4ue9p9yx"
00-0039923,"https://static.www.nfl.com/image/upload/f_auto,q_auto/league/omybnfokapjw6jwb5dd3"
00-0039924,"https://static.www.nfl.com/image/upload/f_auto,q_auto/league/k9buimhpd1q6la5pdxs3"
00-0039925,"https://static.www.nfl.com/image/upload/f_auto,q_auto/league/lsyds0sc3ak7atlopauh"
00-0039926,"https://static.www.nfl.com/image/upload/f_auto,q_auto/league/egojfsvdjkcu1tabsxbt"
00-0039930,"https://static.www.nfl.com/image/upload/f_auto,q_auto/league/kq4lpqi59mjywh5mfmwo"
00-0039931,"https://static.www.nfl.com/image/upload/f_auto,q_auto/league/lf5uheuobwt4ysekvqvk"
00-0039932,"https://static.www.nfl.com/image/upload/f_auto,q_auto/league/z1maog4gsfzgtg69tgur"
00-0039933,"https://static.www.nfl.com/image/upload/f_auto,q_auto/league/bql2gq2luop8qnulromp"
00-0039934,"https://static.www.nfl.com/image/upload/f_auto,q_auto/league/k4klhpsp9mlcrpd8kcst"
00-0039935,"https://static.www.nfl.com/image/upload/f_auto,q_auto/league/aoysgjnnwlaujhqspxds"
00-0039936,"https://static.www.nfl.com/image/upload/f_auto,q_auto/league/dojmdkrk14lr14g8wr3o"
00-0039937,"https://static.www.nfl.com/image/upload/f_auto,q_auto/league/zfqlqrgnl0dc6ifk6bpn"
00-0039938,"https://static.www.nfl.com/image/upload/f_auto,q_auto/league/zwa1ogmpfp7zvaaam4db"
00-0039944,"https://static.www.nfl.com/image/upload/f_auto,q_auto/league/f9uictgyzz37rjcnjzkd"
00-0039948,"https://static.www.nfl.com/image/upload/f_auto,q_auto/league/gjbhjucbaifjqrnrzt5d"
00-0039950,"https://static.www.nfl.com/image/upload/f_auto,q_auto/league/mxvlqqlqnkytkp0p2hrb"
00-0039956,"https://static.www.nfl.com/image/upload/f_auto,q_auto/league/hm7lcvs9qqdvccajfptv"
00-0039958,"https://static.www.nfl.com/image/upload/f_auto,q_auto/league/bhnzoc5zdv5ljmgzjp4m"
00-0040003,"https://static.www.nfl.com/image/upload/f_auto,q_auto/league/gxhpy5ntqhgmcwwzn9do"
00-0040004,"https://static.www.nfl.com/image/upload/f_auto,q_auto/league/gzwkqtfyk6wukjkpil64"
00-0040007,"https://static.www.nfl.com/image/upload/f_auto,q_auto/league/rcqpeq8ahdoqt1xejjjp"
00-0040008,"https://static.www.nfl.com/image/upload/f_auto,q_auto/league/af84hncoicg65gvvainl"
00-0040009,"https://static.www.nfl.com/image/upload/f_auto,q_auto/league/snmedlu4ra62snufe1qg"
00-0040010,"https://static.www.nfl.com/image/upload/f_auto,q_auto/league/gemsbocowxpzwb9mkv1y"
00-0040011,"https://static.www.nfl.com/image/upload/f_auto,q_auto/league/bpuq0wagps3hcsl0clff"
00-0040012,"https://static.www.nfl.com/image/upload/f_auto,q_auto/league/x4fwy10q9nxoupf37ggz"
00-0040013,"https://static.www.nfl.com/image/upload/f_auto,q_auto/league/tbyyduioarpumchzmfdj"
00-0040014,"https://static.www.nfl.com/image/upload/f_auto,q_auto/league/smdh2mmu457aammcblth"
00-0040015,"https://static.www.nfl.com/image/upload/f_auto,q_auto/league/ezvt74uuqfngggrsijvu"
00-0040016,"https://static.www.nfl.com/image/upload/f_auto,q_auto/league/lv56fxgmoabt9ecuu8eb"
00-0040017,"https://static.www.nfl.com/image/upload/f_auto,q_auto/league/jpuz6yezpw3gg6asmvgh"
00-0040018,"https://static.www.nfl.com/image/upload/f_auto,q_auto/league/nyczp3qv1kblzd5xatbu"
00-0040019,"https://static.www.nfl.com/image/upload/f_auto,q_auto/league/wxmtornm7a5tavuw4rfk"
00-0040020,"https://static.www.nfl.com/image/upload/f_auto,q_auto/league/dxjhrwbtwvdqfqc3kecf"
00-0040021,"https://static.www.nfl.com/image/upload/f_auto,q_auto/league/r91conel40ilon72blzb"
00-0040022,"https://static.www.nfl.com/image/upload/f_auto,q_auto/league/bgyqqzyyprqdpjhhufqf"
00-0040023,"https://static.www.nfl.com/image/upload/f_auto,q_auto/league/s7uyk7rapujxri5eet9e"
00-0040024,"https://static.www.nfl.com/image/upload/f_auto,q_auto/league/pe71oe4eoyyfnq80fkxc"
00-0040026,"https://static.www.nfl.com/image/upload/f_auto,q_auto/league/jsp0hmkbpzpc5emdgfgf"
00-0040033,"https://static.www.nfl.com/image/upload/f_auto,q_auto/league/us9ui2rbj5t4wr3wgyin"
00-0040034,"https://static.www.nfl.com/image/upload/f_auto,q_auto/league/fgyysqdckajohxo82d6w"
00-0040036,"https://static.www.nfl.com/image/upload/f_auto,q_auto/league/dymop4pvr1t60tfcopdk"
00-0040038,"https://static.www.nfl.com/image/upload/f_auto,q_auto/league/n24y07apkftvjzlpcqyg"
00-0040039,"https://static.www.nfl.com/image/upload/f_auto,q_auto/league/qw1s7luuaia2f08p19aq"
00-0040041,"https://static.www.nfl.com/image/upload/f_auto,q_auto/league/vokytmju8zhlte70ss9a"
00-0040043,"https://static.www.nfl.com/image/upload/f_auto,q_auto/league/lnrgjwbxfkbfgsgtsgta"
00-0040044,"https://static.www.nfl.com/image/upload/f_auto,q_auto/league/rfj8pmex9tjxqayn0maz"
00-0040045,"https://static.www.nfl.com/image/upload/f_auto,q_auto/league/sr5sjigohu5fufu4yxm7"
00-0040046,"https://static.www.nfl.com/image/upload/f_auto,q_auto/league/b7rl2yn733lmsko4fres"
00-0040048,"https://static.www.nfl.com/image/upload/f_auto,q_auto/league/my3ntas057z8u3rjjwvt"
00-0040049,"https://static.www.nfl.com/image/upload/f_auto,q_auto/league/wkhsgcxyw5v9dtaqycui"
00-0040053,"https://static.www.nfl.com/image/upload/f_auto,q_auto/league/tym9nyluqkz0yoc86oe0"
00-0040054,"https://static.www.nfl.com/image/upload/f_auto,q_auto/league/koorszafsliq9vpb7joa"
00-0040056,"https://static.www.nfl.com/image/upload/f_auto,q_auto/league/rliaugoupzvspm3vdtcp"
00-0040058,"https://static.www.nfl.com/image/upload/f_auto,q_auto/league/eetx8ba2ztsmk9wabbzp"
00-0040059,"https://static.www.nfl.com/image/upload/f_auto,q_auto/league/geobk1ufvn2wvlwmss3w"
00-0040060,"https://static.www.nfl.com/image/upload/f_auto,q_auto/league/eavb7c8qiuvtsqv3qrwe"
00-0040061,"https://static.www.nfl.com/image/upload/f_auto,q_auto/league/fvrgej9ifncdq5ywexos"
00-0040063,"https://static.www.nfl.com/image/upload/f_auto,q_auto/league/xj6kwzkuejml3io1x4qe"
00-0040064,"https://static.www.nfl.com/image/upload/f_auto,q_auto/league/oze4dwftg5cerptvolzb"
00-0040065,"https://static.www.nfl.com/image/upload/f_auto,q_auto/league/t95edoropxwx1zlmwt9m"
00-0040066,"https://static.www.nfl.com/image/upload/f_auto,q_auto/league/az85ciifheyqiga3yqot"
00-0040067,"https://static.www.nfl.com/image/upload/f_auto,q_auto/league/tp3d97gujpw7fkvn7gno"
00-0040068,"https://static.www.nfl.com/image/upload/f_auto,q_auto/league/bteu559usxxvvs2duvvv"
00-0040069,"https://static.www.nfl.com/image/upload/f_auto,q_auto/league/ktowwliocunqxlxfznev"
00-0040070,"https://static.www.nfl.com/image/upload/f_auto,q_auto/league/lycewx6oqwpazl948vn7"
00-0040071,"https://static.www.nfl.com/image/upload/f_auto,q_auto/league/jhw6ibfy1x4ahomjbg3q"
00-0040072,"https://static.www.nfl.com/image/upload/f_auto,q_auto/league/tckcuuegqdkzkglz6ywg"
00-0040073,"https://static.www.nfl.com/image/upload/f_auto,q_auto/league/jvaonihwki5f94bdzmwa"
00-0040074,"https://static.www.nfl.com/image/upload/f_auto,q_auto/league/kbwixtntqevptepedhll"
00-0040075,"https://static.www.nfl.com/image/upload/f_auto,q_auto/league/t6cyhtqoihm88xppswud"
00-0040076,"https://static.www.nfl.com/image/upload/f_auto,q_auto/league/pzcjpjjrkwtkbp60ti5k"
00-0040077,"https://static.www.nfl.com/image/upload/f_auto,q_auto/league/trntqnyxey3vjzredean"
00-0040078,"https://static.www.nfl.com/image/upload/f_auto,q_auto/league/xnf4x6b9a2yunsc0gaej"
00-0040079,"https://static.www.nfl.com/image/upload/f_auto,q_auto/league/yvxpchw3k1rzu0jq5575"
00-0040081,"https://static.www.nfl.com/image/upload/f_auto,q_auto/league/q7n84oth87v1glz5a5sz"
00-0040083,"https://static.www.nfl.com/image/upload/f_auto,q_auto/league/d0yblqhzbyrtbs2ikplp"
00-0040087,"https://static.www.nfl.com/image/upload/f_auto,q_auto/league/kxesbzvttthbd29wuu3m"
00-0040088,"https://static.www.nfl.com/image/upload/f_auto,q_auto/league/bpi5f2bncw2wnhndpamu"
00-0040089,"https://static.www.nfl.com/image/upload/f_auto,q_auto/league/xkgx12iv1iqeygpifh9l"
00-0040092,"https://static.www.nfl.com/image/upload/f_auto,q_auto/league/yn1ylypuzoeo3scc4n5o"
00-0040093,"https://static.www.nfl.com/image/upload/f_auto,q_auto/league/ks6nnexhp5jftsjlt1ah"
00-0040094,"https://static.www.nfl.com/image/upload/f_auto,q_auto/league/ugdci6mdpfinji42u1om"
00-0040098,"https://static.www.nfl.com/image/upload/f_auto,q_auto/league/xyfozfelcvupcc1uu06u"
00-0040099,"https://static.www.nfl.com/image/upload/f_auto,q_auto/league/p9cbbzkdpk6nrhamjntb"
00-0040100,"https://static.www.nfl.com/image/upload/f_auto,q_auto/league/zsbevehh3h4bsqiyga5q"
00-0040101,"https://static.www.nfl.com/image/upload/f_auto,q_auto/league/vageavd8s8byl8vzpfzx"
00-0040104,"https://static.www.nfl.com/image/upload/f_auto,q_auto/league/nseq4vwhoakwfp7ytpp0"
00-0040105,"https://static.www.nfl.com/image/upload/f_auto,q_auto/league/i5gbqapwffbs1dez8ami"
00-0040106,"https://static.www.nfl.com/image/upload/f_auto,q_auto/league/izccmtei81rlnzdahwgb"
00-0040108,"https://static.www.nfl.com/image/upload/f_auto,q_auto/league/po0lpcvyloyque4kmnjy"
00-0040110,"https://static.www.nfl.com/image/upload/f_auto,q_auto/league/h7ky4yyp0699reoncakx"
00-0040112,"https://static.www.nfl.com/image/upload/f_auto,q_auto/league/kkdudauyswxni3gex1nb"
00-0040116,"https://static.www.nfl.com/image/upload/f_auto,q_auto/league/r2dq0mc7dzhf0spg9iw6"
00-0040118,"https://static.www.nfl.com/image/upload/f_auto,q_auto/league/uuogsrg8u8cewevs0fxi"
00-0040120,"https://static.www.nfl.com/image/upload/f_auto,q_auto/league/yk1s0zu3wukxx2plsfpd"
00-0040122,"https://static.www.nfl.com/image/upload/f_auto,q_auto/league/syspis1mntov9kgspb7r"
00-0040123,"https://static.www.nfl.com/image/upload/f_auto,q_auto/league/jpsi4xluqav1acigaou5"
00-0040124,"https://static.www.nfl.com/image/upload/f_auto,q_auto/league/gilgvjemumd6kpc9eiku"
00-0040125,"https://static.www.nfl.com/image/upload/f_auto,q_auto/league/pwjfoqwm1af7cjkw7pnr"
00-0040126,"https://static.www.nfl.com/image/upload/f_auto,q_auto/league/cnxiyi76jeahgx94nh6d"
00-0040127,"https://static.www.nfl.com/image/upload/f_auto,q_auto/league/toglmqxy3ymqzkcef11y"
00-0040128,"https://static.www.nfl.com/image/upload/f_auto,q_auto/league/f1mfwwrr3qvnxuiackgq"
00-0040129,"https://static.www.nfl.com/image/upload/f_auto,q_auto/league/z224kbzs62rjuykc0vha"
00-0040130,"https://static.www.nfl.com/image/upload/f_auto,q_auto/league/s3zuo0ysm9ncxr9o4420"
00-0040131,"https://static.www.nfl.com/image/upload/f_auto,q_auto/league/xkicyhizq6sm86wr5osk"
00-0040132,"https://static.www.nfl.com/image/upload/f_auto,q_auto/league/q388glnv5me6fniielsz"
00-0040133,"https://static.www.nfl.com/image/upload/f_auto,q_auto/league/yects9qe1kkzkmiunvok"
00-0040134,"https://static.www.nfl.com/image/upload/f_auto,q_auto/league/n91hznzkfpftxhqt1qd9"
00-0040135,"https://static.www.nfl.com/image/upload/f_auto,q_auto/league/znqnmy0xdk331ma8h7xa"
00-0040136,"https://static.www.nfl.com/image/upload/f_auto,q_auto/league/rqdqyoypjti8cg2weguu"
00-0040137,"https://static.www.nfl.com/image/upload/f_auto,q_auto/league/e1l9bvbtlmy2ea7izknj"
00-0040138,"https://static.www.nfl.com/image/upload/f_auto,q_auto/league/ehlm8w4afdqoisx1e6as"
00-0040139,"https://static.www.nfl.com/image/upload/f_auto,q_auto/league/ytqmfgiex6eiihbhhh1y"
00-0040140,"https://static.www.nfl.com/image/upload/f_auto,q_auto/league/yylxaud9iqwbaxof1agr"
00-0040141,"https://static.www.nfl.com/image/upload/f_auto,q_auto/league/zeai9xuvlquhwkzztbua"
00-0040142,"https://static.www.nfl.com/image/upload/f_auto,q_auto/league/zpzc4oobxi8nr5dyonob"
00-0040143,"https://static.www.nfl.com/image/upload/f_auto,q_auto/league/xspc6ojezhpflx0jorx4"
00-0040144,"https://static.www.nfl.com/image/upload/f_auto,q_auto/league/o6zilnte5jibvs84wshv"
00-0040145,"https://static.www.nfl.com/image/upload/f_auto,q_auto/league/mbumdzljtupecctayylo"
00-0040146,"https://static.www.nfl.com/image/upload/f_auto,q_auto/league/g2oqodrisukyvsy0ktdq"
00-0040147,"https://static.www.nfl.com/image/upload/f_auto,q_auto/league/da4grsbnhp3i0pdon8ym"
00-0040148,"https://static.www.nfl.com/image/upload/f_auto,q_auto/league/kfq1ekzcnannihp8qatc"
00-0040149,"https://static.www.nfl.com/image/upload/f_auto,q_auto/league/pm4jhvtvmy4uvtcuxzpj"
00-0040150,"https://static.www.nfl.com/image/upload/f_auto,q_auto/league/ov3wd6opxyreuuofq5rk"
00-0040151,"https://static.www.nfl.com/image/upload/f_auto,q_auto/league/pffkzj4vnk6gwfutt3ck"
00-0040152,"https://static.www.nfl.com/image/upload/f_auto,q_auto/league/k5fypo0f9ctrs9dfvcyw"
00-0040153,"https://static.www.nfl.com/image/upload/f_auto,q_auto/league/jjgdpeo20czi30cxjza9"
00-0040154,"https://static.www.nfl.com/image/upload/f_auto,q_auto/league/pyritorbaz2enqayclln"
00-0040155,"https://static.www.nfl.com/image/upload/f_auto,q_auto/league/zgjiw9cotus8gjlvspx2"
00-0040156,"https://static.www.nfl.com/image/upload/f_auto,q_auto/league/mbkdinv8urtidys4hfwe"
00-0040157,"https://static.www.nfl.com/image/upload/f_auto,q_auto/league/jdzoxrmno9l5qytgz0iv"
00-0040158,"https://static.www.nfl.com/image/upload/f_auto,q_auto/league/g5t4jmcamq69jxzgywc4"
00-0040159,"https://static.www.nfl.com/image/upload/f_auto,q_auto/league/gg0ztjfsso4y7yx4fxfb"
00-0040160,"https://static.www.nfl.com/image/upload/f_auto,q_auto/league/bsfaucfu7cawckhpr73k"
00-0040161,"https://static.www.nfl.com/image/upload/f_auto,q_auto/league/beyc1p4pefkpswtczp4x"
00-0040162,"https://static.www.nfl.com/image/upload/f_auto,q_auto/league/den1hzzomdxfcsgk88o5"
00-0040163,"https://static.www.nfl.com/image/upload/f_auto,q_auto/league/lamodmrvaqz9i3kpct0b"
00-0040164,"https://static.www.nfl.com/image/upload/f_auto,q_auto/league/fa5ufxqxs3hzioih3cfb"
00-0040165,"https://static.www.nfl.com/image/upload/f_auto,q_auto/league/ftgqzch3vvsodlhud39f"
00-0040166,"https://static.www.nfl.com/image/upload/f_auto,q_auto/league/q4qlahpfgvbren4xt0pj"
00-0040167,"https://static.www.nfl.com/image/upload/f_auto,q_auto/league/vnw1vo7so5m4xfhhckc4"
00-0040168,"https://static.www.nfl.com/image/upload/f_auto,q_auto/league/quvadleyknwh31c7acza"
00-0040169,"https://static.www.nfl.com/image/upload/f_auto,q_auto/league/naoeqgrcfxdgtdrimc6v"
00-0040170,"https://static.www.nfl.com/image/upload/f_auto,q_auto/league/jjmscqt6v4ecasveugoh"
00-0040171,"https://static.www.nfl.com/image/upload/f_auto,q_auto/league/euamsvbjrgz3i0difj1b"
00-0040172,"https://static.www.nfl.com/image/upload/f_auto,q_auto/league/agcwewjrj4dfssqkzksp"
00-0040173,"https://static.www.nfl.com/image/upload/f_auto,q_auto/league/lkpgbo1ftwfrp18wrbxv"
00-0040174,"https://static.www.nfl.com/image/upload/f_auto,q_auto/league/qqviwensjskqpgt7fufm"
00-0040175,"https://static.www.nfl.com/image/upload/f_auto,q_auto/league/mhntqo1e1uxl8uhqzqrk"
00-0040176,"https://static.www.nfl.com/image/upload/f_auto,q_auto/league/p1o2oozwlyzyuaomskb9"
00-0040177,"https://static.www.nfl.com/image/upload/f_auto,q_auto/league/un9cfqnwdzugrcy8caoh"
00-0040178,"https://static.www.nfl.com/image/upload/f_auto,q_auto/league/chf1ow0awwha9hrcoqxc"
00-0040179,"https://static.www.nfl.com/image/upload/f_auto,q_auto/league/y2vrgvb9kbvfpmyb3yzu"
00-0040180,"https://static.www.nfl.com/image/upload/f_auto,q_auto/league/nzqljh0uejitqvijarfw"
00-0040181,"https://static.www.nfl.com/image/upload/f_auto,q_auto/league/tcuix9kjptef9xrgpdoz"
00-0040182,"https://static.www.nfl.com/image/upload/f_auto,q_auto/league/nffbi3a32ngmczzvxcz0"
00-0040183,"https://static.www.nfl.com/image/upload/f_auto,q_auto/league/konvzhfxyunroyoihh4m"
00-0040184,"https://static.www.nfl.com/image/upload/f_auto,q_auto/league/xhhzgylwh0ptvpaghnuu"
00-0040185,"https://static.www.nfl.com/image/upload/f_auto,q_auto/league/cr3ojzklas5uqwc2vbfh"
00-0040186,"https://static.www.nfl.com/image/upload/f_auto,q_auto/league/e9v5ipktxb3yepsq0abj"
00-0040187,"https://static.www.nfl.com/image/upload/f_auto,q_auto/league/yruhsxdnyfaa7iswn1dp"
00-0040188,"https://static.www.nfl.com/image/upload/f_auto,q_auto/league/ndy8wevnmpdrin3espb5"
00-0040189,"https://static.www.nfl.com/image/upload/f_auto,q_auto/league/r8b4oghjwhw8x9nv1wbs"
00-0040190,"https://static.www.nfl.com/image/upload/f_auto,q_auto/league/fqex24qmlgvs3yrcyzza"
00-0040191,"https://static.www.nfl.com/image/upload/f_auto,q_auto/league/fu824naxjrnfhc9jgsab"
00-0040192,"https://static.www.nfl.com/image/upload/f_auto,q_auto/league/ursfrg83sovz52fo6oeh"
00-0040193,"https://static.www.nfl.com/image/upload/f_auto,q_auto/league/picu4brr7vqypp3fdxtf"
00-0040194,"https://static.www.nfl.com/image/upload/f_auto,q_auto/league/gl3easmpg7rn6e5siya2"
00-0040195,"https://static.www.nfl.com/image/upload/f_auto,q_auto/league/ertjghbr5dldlhzml7jh"
00-0040196,"https://static.www.nfl.com/image/upload/f_auto,q_auto/league/v9mbzoaeie7jm6jt4gdx"
00-0040197,"https://static.www.nfl.com/image/upload/f_auto,q_auto/league/alxdcy6excheslkfjcfk"
00-0040198,"https://static.www.nfl.com/image/upload/f_auto,q_auto/league/bv33rgypaauv7sealwkr"
00-0040199,"https://static.www.nfl.com/image/upload/f_auto,q_auto/league/dvqvxiv0lmy8wyunoztu"
00-0040200,"https://static.www.nfl.com/image/upload/f_auto,q_auto/league/x2fxn5qf6zkgmvedjpys"
00-0040201,"https://static.www.nfl.com/image/upload/f_auto,q_auto/league/xwb7yigex1r2dne7yelm"
00-0040202,"https://static.www.nfl.com/image/upload/f_auto,q_auto/league/e0pzghslevb27ssozx4s"
00-0040203,"https://static.www.nfl.com/image/upload/f_auto,q_auto/league/wzt7xj9ownxfit5igpcd"
00-0040204,"https://static.www.nfl.com/image/upload/f_auto,q_auto/league/xmnjyui1nzlnovrx54xn"
00-0040205,"https://static.www.nfl.com/image/upload/f_auto,q_auto/league/jv2phcl7aihai00wkqgb"
00-0040206,"https://static.www.nfl.com/image/upload/f_auto,q_auto/league/okxcrf19ylc0hwfefmwl"
00-0040207,"https://static.www.nfl.com/image/upload/f_auto,q_auto/league/tx60aulznnos1t0ezghe"
00-0040208,"https://static.www.nfl.com/image/upload/f_auto,q_auto/league/s89clgkij0ytcmrkdydt"
00-0040209,"https://static.www.nfl.com/image/upload/f_auto,q_auto/league/kwm2mbjg8rmeeurzlrrr"
00-0040210,"https://static.www.nfl.com/image/upload/f_auto,q_auto/league/xlgbkr42buzxzwulzblx"
00-0040211,"https://static.www.nfl.com/image/upload/f_auto,q_auto/league/v5l7nuj0z669orqxga16"
00-0040212,"https://static.www.nfl.com/image/upload/f_auto,q_auto/league/whkbfekfv5pcrjbw2fz2"
00-0040213,"https://static.www.nfl.com/image/upload/f_auto,q_auto/league/emzamsuwuuxtpw4natjw"
00-0040214,"https://static.www.nfl.com/image/upload/f_auto,q_auto/league/sdbdytvgxowtgi92inpv"
00-0040215,"https://static.www.nfl.com/image/upload/f_auto,q_auto/league/vezjblfvo9gduiyonlum"
00-0040216,"https://static.www.nfl.com/image/upload/f_auto,q_auto/league/xdizkco6f8wg8jxsgy9j"
00-0040217,"https://static.www.nfl.com/image/upload/f_auto,q_auto/league/hqknakwjpyhsqecrcl1c"
00-0040218,"https://static.www.nfl.com/image/upload/f_auto,q_auto/league/gggcgfbghcft0xwxtrhk"
00-0040219,"https://static.www.nfl.com/image/upload/f_auto,q_auto/league/sc7uno5kkkxgosvjz18t"
00-0040220,"https://static.www.nfl.com/image/upload/f_auto,q_auto/league/bflux3gzochpkwbpitxt"
00-0040221,"https://static.www.nfl.com/image/upload/f_auto,q_auto/league/ukzfqydyiezmemut0zoe"
00-0040222,"https://static.www.nfl.com/image/upload/f_auto,q_auto/league/kzi3uhytwrzsdjgi8vel"
00-0040223,"https://static.www.nfl.com/image/upload/f_auto,q_auto/league/ybqasaukmya02ajzgoaz"
00-0040224,"https://static.www.nfl.com/image/upload/f_auto,q_auto/league/lfq3fxdznxmhx59npsyt"
00-0040225,"https://static.www.nfl.com/image/upload/f_auto,q_auto/league/vbaqpkcxcfwh9dhzescy"
00-0040226,"https://static.www.nfl.com/image/upload/f_auto,q_auto/league/xbljgrxlkw6i8xn9a7xr"
00-0040227,"https://static.www.nfl.com/image/upload/f_auto,q_auto/league/h1fegs3rrlvyrkcdx4dy"
00-0040228,"https://static.www.nfl.com/image/upload/f_auto,q_auto/league/fkyosruw3thae4zuxksu"
00-0040229,"https://static.www.nfl.com/image/upload/f_auto,q_auto/league/bzvxcide1klyhdoxh53j"
00-0040230,"https://static.www.nfl.com/image/upload/f_auto,q_auto/league/puy0uqictbwcojpkmmrr"
00-0040231,"https://static.www.nfl.com/image/upload/f_auto,q_auto/league/xtklcumklpj2uytkbd6r"
00-0040232,"https://static.www.nfl.com/image/upload/f_auto,q_auto/league/mpa9scrhykgo3snyjmjx"
00-0040233,"https://static.www.nfl.com/image/upload/f_auto,q_auto/league/asdfxl59enzyl5rviu1r"
00-0040234,"https://static.www.nfl.com/image/upload/f_auto,q_auto/league/bbcwyjuhyijtqe7jo274"
00-0040235,"https://static.www.nfl.com/image/upload/f_auto,q_auto/league/y131etrmbhponqhkoiwp"
00-0040236,"https://static.www.nfl.com/image/upload/f_auto,q_auto/league/bkkk3uuouhcobydqawro"
00-0040237,"https://static.www.nfl.com/image/upload/f_auto,q_auto/league/ajbnpagviw0glrhf5a2e"
00-0040238,"https://static.www.nfl.com/image/upload/f_auto,q_auto/league/i0utigksuuvo2njb9wtk"
00-0040240,"https://static.www.nfl.com/image/upload/f_auto,q_auto/league/larx1n07ooq73y5gy3av"
00-0040241,"https://static.www.nfl.com/image/upload/f_auto,q_auto/league/ccplcgivzomevih1erpl"
00-0040242,"https://static.www.nfl.com/image/upload/f_auto,q_auto/league/qew4qhlj4yuf50voko61"
00-0040243,"https://static.www.nfl.com/image/upload/f_auto,q_auto/league/dz0nqspvvzxslk9lxji6"
00-0040244,"https://static.www.nfl.com/image/upload/f_auto,q_auto/league/sloxqlvfyoufh2bb3zku"
00-0040245,"https://static.www.nfl.com/image/upload/f_auto,q_auto/league/dazpyka1tbihu0gobwgw"
00-0040246,"https://static.www.nfl.com/image/upload/f_auto,q_auto/league/tylvcq7xqh6xtkirqyxd"
00-0040247,"https://static.www.nfl.com/image/upload/f_auto,q_auto/league/dlii21zjxadzebyoguh5"
00-0040248,"https://static.www.nfl.com/image/upload/f_auto,q_auto/league/etcgr7pzpzk17xfjeqeb"
00-0040249,"https://static.www.nfl.com/image/upload/f_auto,q_auto/league/dx8xg4f1tlmivzy1pp64"
00-0040250,"https://static.www.nfl.com/image/upload/f_auto,q_auto/league/na10krlvarkk0insgcil"
00-0040251,"https://static.www.nfl.com/image/upload/f_auto,q_auto/league/vmjfea3sm8cg0hrlibgj"
00-0040252,"https://static.www.nfl.com/image/upload/f_auto,q_auto/league/ni03g9qaavvfbyzt7zck"
00-0040253,"https://static.www.nfl.com/image/upload/f_auto,q_auto/league/qbo9hhspikd6kgb1mwam"
00-0040255,"https://static.www.nfl.com/image/upload/f_auto,q_auto/league/zqevui8ikmsi20blzgot"
00-0040257,"https://static.www.nfl.com/image/upload/f_auto,q_auto/league/ynext8lhctgleufirrzj"
00-0040258,"https://static.www.nfl.com/image/upload/f_auto,q_auto/league/drlhingyoocycjx2j7qc"
00-0040259,"https://static.www.nfl.com/image/upload/f_auto,q_auto/league/sivfugvzbbxrgkvxr5cb"
00-0040260,"https://static.www.nfl.com/image/upload/f_auto,q_auto/league/rmzxp0obmznym5hv5ndh"
00-0040261,"https://static.www.nfl.com/image/upload/f_auto,q_auto/league/a8uufqbzvn1u8zhhujfa"
00-0040263,"https://static.www.nfl.com/image/upload/f_auto,q_auto/league/xxpttzs5lhbmc7phnxli"
00-0040264,"https://static.www.nfl.com/image/upload/f_auto,q_auto/league/rtbhvxq87mkjvhtq6f8p"
00-0040265,"https://static.www.nfl.com/image/upload/f_auto,q_auto/league/uh29rkmiggnca0qq7vil"
00-0040268,"https://static.www.nfl.com/image/upload/f_auto,q_auto/league/vhrh8vnf5uhvfwuogjgx"
00-0040269,"https://static.www.nfl.com/image/upload/f_auto,q_auto/league/qhzrfkyehpxhdvb1ubyf"
00-0040270,"https://static.www.nfl.com/image/upload/f_auto,q_auto/league/ptq9m3ohqianoex14gzx"
00-0040271,"https://static.www.nfl.com/image/upload/f_auto,q_auto/league/zvan7ciu0zf7kwlomjzs"
00-0040272,"https://static.www.nfl.com/image/upload/f_auto,q_auto/league/ys5s4azw5iamdbdhgoqa"
00-0040273,"https://static.www.nfl.com/image/upload/f_auto,q_auto/league/srmw7o53eercpt8548jh"
00-0040275,"https://static.www.nfl.com/image/upload/f_auto,q_auto/league/wsnuaqx6jbadrinmo1z2"
00-0040277,"https://static.www.nfl.com/image/upload/f_auto,q_auto/league/cr13mo2xrpdkksy8fveq"
00-0040279,"https://static.www.nfl.com/image/upload/f_auto,q_auto/league/giy8qnq6njxzwtqvqdsm"
00-0040283,"https://static.www.nfl.com/image/upload/f_auto,q_auto/league/zlu1tvw0ethftax8vcfa"
00-0040289,"https://static.www.nfl.com/image/upload/f_auto,q_auto/league/fvfw5drjy4cxaotvve69"
00-0040293,"https://static.www.nfl.com/image/upload/f_auto,q_auto/league/bz5c5movgdjx8e0ba7is"
00-0040294,"https://static.www.nfl.com/image/upload/f_auto,q_auto/league/q0v13gqs1esxnz0gow7a"
00-0040295,"https://static.www.nfl.com/image/upload/f_auto,q_auto/league/h1dafnkoaft9gldc6beo"
00-0040296,"https://static.www.nfl.com/image/upload/f_auto,q_auto/league/fqf0gc9owhcrxgua2kbr"
00-0040298,"https://static.www.nfl.com/image/upload/f_auto,q_auto/league/hkw32xqnimm6dvx2qfvl"
00-0040299,"https://static.www.nfl.com/image/upload/f_auto,q_auto/league/ktwpzrd5sqwfo0w81ez8"
00-0040301,"https://static.www.nfl.com/image/upload/f_auto,q_auto/league/zm7n2t2kghsjgkfvguq8"
00-0040302,"https://static.www.nfl.com/image/upload/f_auto,q_auto/league/ijwatff81qf3jmikcryt"
00-0040304,"https://static.www.nfl.com/image/upload/f_auto,q_auto/league/yevbcu3cnmbvefrmktok"
00-0040307,"https://static.www.nfl.com/image/upload/f_auto,q_auto/league/z8bgbhmsahpeyrozqgpi"
00-0040308,"https://static.www.nfl.com/image/upload/f_auto,q_auto/league/bgzwkstmyml3ljwxgle9"
00-0040310,"https://static.www.nfl.com/image/upload/f_auto,q_auto/league/ftf10e6sdtxy6jumhfds"
00-0040311,"https://static.www.nfl.com/image/upload/f_auto,q_auto/league/iykujtgwn2x1ymy7jdxw"
00-0040313,"https://static.www.nfl.com/image/upload/f_auto,q_auto/league/ujbak0j8tardgvzqwyii"
00-0040314,"https://static.www.nfl.com/image/upload/f_auto,q_auto/league/updqursgjxdp8zsjelp2"
00-0040315,"https://static.www.nfl.com/image/upload/f_auto,q_auto/league/lnncmzqomxihtw73wasv"
00-0040317,"https://static.www.nfl.com/image/upload/f_auto,q_auto/league/jfy4bvrbzlpyreglk79s"
00-0040318,"https://static.www.nfl.com/image/upload/f_auto,q_auto/league/xtiv998kd4048degy4xl"
00-0040319,"https://static.www.nfl.com/image/upload/f_auto,q_auto/league/wcffl9rrsuj9xvhiqr8f"
00-0040320,"https://static.www.nfl.com/image/upload/f_auto,q_auto/league/vkctfgulaeqdcs8dvkeb"
00-0040322,"https://static.www.nfl.com/image/upload/f_auto,q_auto/league/qfzzvmakz9ixkjq2mxio"
00-0040323,"https://static.www.nfl.com/image/upload/f_auto,q_auto/league/m1dlnwcwdqve38sso7al"
00-0040326,"https://static.www.nfl.com/image/upload/f_auto,q_auto/league/u60bto6dll3fjewspobu"
00-0040328,"https://static.www.nfl.com/image/upload/f_auto,q_auto/league/somszafluhppwnnplu8i"
00-0040329,"https://static.www.nfl.com/image/upload/f_auto,q_auto/league/ozs0yiy8cfhwplbjdgnd"
00-0040330,"https://static.www.nfl.com/image/upload/f_auto,q_auto/league/wiwxejmni2scokth3eto"
00-0040331,"https://static.www.nfl.com/image/upload/f_auto,q_auto/league/ozp6mlkzvpqbvuldsm32"
00-0040332,"https://static.www.nfl.com/image/upload/f_auto,q_auto/league/zuxvf9yfajqwllmu06rh"
00-0040336,"https://static.www.nfl.com/image/upload/f_auto,q_auto/league/ik6uynmak0jbmwnjztd3"
00-0040337,"https://static.www.nfl.com/image/upload/f_auto,q_auto/league/mbdztlbypqqt66igvkg8"
00-0040338,"https://static.www.nfl.com/image/upload/f_auto,q_auto/league/mr3fkysxeytclkgovaqp"
00-0040339,"https://static.www.nfl.com/image/upload/f_auto,q_auto/league/sdlpu4khplzqtchb5syg"
00-0040341,"https://static.www.nfl.com/image/upload/f_auto,q_auto/league/z2wtosdw9ioeckp4sfo4"
00-0040342,"https://static.www.nfl.com/image/upload/f_auto,q_auto/league/lcyhsnmb991cgvwthcy0"
00-0040344,"https://static.www.nfl.com/image/upload/f_auto,q_auto/league/zriqbisvvlggwehk3njb"
00-0040347,"https://static.www.nfl.com/image/upload/f_auto,q_auto/league/hvshzsyqwcqqtfdltrpu"
00-0040352,"https://static.www.nfl.com/image/upload/f_auto,q_auto/league/rvjkyuhymdjax5jk9bf6"
00-0040357,"https://static.www.nfl.com/image/upload/f_auto,q_auto/league/ace4vjl3mefeypjbb5hc"
00-0040359,"https://static.www.nfl.com/image/upload/f_auto,q_auto/league/d9wihiwdb5cskydg46dw"
00-0040361,"https://static.www.nfl.com/image/upload/f_auto,q_auto/league/csh3lsy1zg3c5z2o5evs"
00-0040362,"https://static.www.nfl.com/image/upload/f_auto,q_auto/league/ss0czp5cbgns7jmngkpf"
00-0040363,"https://static.www.nfl.com/image/upload/f_auto,q_auto/league/vebjjfyrrrbwaqjlyvun"
00-0040364,"https://static.www.nfl.com/image/upload/f_auto,q_auto/league/lwnaewgefyf9wj7cxaim"
00-0040369,"https://static.www.nfl.com/image/upload/f_auto,q_auto/league/c14y9hq7dq3e6wfuiqi7"
00-0040370,"https://static.www.nfl.com/image/upload/f_auto,q_auto/league/ndrwtf8uti3exonxfdqw"
00-0040371,"https://static.www.nfl.com/image/upload/f_auto,q_auto/league/yl1571iztzfkancofsja"
00-0040372,"https://static.www.nfl.com/image/upload/f_auto,q_auto/league/zjdsqlekl63ooll81os9"
00-0040374,"https://static.www.nfl.com/image/upload/f_auto,q_auto/league/yiahyzi741suhypixaiu"
00-0040375,"https://static.www.nfl.com/image/upload/f_auto,q_auto/league/mgod5tukhxuqm5kyy7zh"
00-0040379,"https://static.www.nfl.com/image/upload/f_auto,q_auto/league/mlpqnycrpna1gurrpzr5"
00-0040380,"https://static.www.nfl.com/image/upload/f_auto,q_auto/league/ufiqygidltaok3whfqjc"
00-0040382,"https://static.www.nfl.com/image/upload/f_auto,q_auto/league/b9mitmbbavxycpafysqu"
00-0040383,"https://static.www.nfl.com/image/upload/f_auto,q_auto/league/vziqwhb29cvo7a09935x"
00-0040384,"https://static.www.nfl.com/image/upload/f_auto,q_auto/league/dnimueujvnjhpcj7xpti"
00-0040387,"https://static.www.nfl.com/image/upload/f_auto,q_auto/league/vpb6tgpghkvdjobzovqe"
00-0040390,"https://static.www.nfl.com/image/upload/f_auto,q_auto/league/ot3dsyhfhos9epmkqdip"
00-0040391,"https://static.www.nfl.com/image/upload/f_auto,q_auto/league/uedrxx3xea6rhq5vjdic"
00-0040392,"https://static.www.nfl.com/image/upload/f_auto,q_auto/league/oajiq54ejf3zkntg427s"
00-0040393,"https://static.www.nfl.com/image/upload/f_auto,q_auto/league/oeqnigszlehzrmyxteb1"
00-0040394,"https://static.www.nfl.com/image/upload/f_auto,q_auto/league/ycph0v6jfxwkcycuztk0"
00-0040395,"https://static.www.nfl.com/image/upload/f_auto,q_auto/league/xvtfeuh8yeeunr7duz6f"
00-0040396,"https://static.www.nfl.com/image/upload/f_auto,q_auto/league/p6jf4tbfaxal0x71dqvy"
00-0040397,"https://static.www.nfl.com/image/upload/f_auto,q_auto/league/qiesv40i10bhxmfuf1md"
00-0040398,"https://static.www.nfl.com/image/upload/f_auto,q_auto/league/sk8u7zzg7e3t4vu7xesg"
00-0040400,"https://static.www.nfl.com/image/upload/f_auto,q_auto/league/f92eymxwjffhifro5ckw"
00-0040401,"https://static.www.nfl.com/image/upload/f_auto,q_auto/league/e9anjdcbjlqqxyovquif"
00-0040403,"https://static.www.nfl.com/image/upload/f_auto,q_auto/league/cdcxg1ix3fsyexhwwjdo"
00-0040404,"https://static.www.nfl.com/image/upload/f_auto,q_auto/league/lv2k8zefcvbgpgl5j6k1"
00-0040405,"https://static.www.nfl.com/image/upload/f_auto,q_auto/league/cskrvfgcpvpezccsdfky"
00-0040406,"https://static.www.nfl.com/image/upload/f_auto,q_auto/league/opemnlou4xhxf1hf1d3j"
00-0040408,"https://static.www.nfl.com/image/upload/f_auto,q_auto/league/v41az1eczskjq29u2e9n"
00-0040409,"https://static.www.nfl.com/image/upload/f_auto,q_auto/league/gfb3bzfuppjf7t7d3kis"
00-0040410,"https://static.www.nfl.com/image/upload/f_auto,q_auto/league/uhtlmj9acfquzglsfld8"
00-0040411,"https://static.www.nfl.com/image/upload/f_auto,q_auto/league/cspeq4wwmy82tmumrh6n"
00-0040413,"https://static.www.nfl.com/image/upload/f_auto,q_auto/league/wuteil048xz2di0jui4x"
00-0040414,"https://static.www.nfl.com/image/upload/f_auto,q_auto/league/ezsa7ijhjnbirieoi6ud"
00-0040415,"https://static.www.nfl.com/image/upload/f_auto,q_auto/league/bac9zwjhpy5rbcr6zrug"
00-0040416,"https://static.www.nfl.com/image/upload/f_auto,q_auto/league/myb1grpfohovodjjzdb6"
00-0040417,"https://static.www.nfl.com/image/upload/f_auto,q_auto/league/gudosqnpwknrvvpaqjzg"
00-0040419,"https://static.www.nfl.com/image/upload/f_auto,q_auto/league/ryxqb4ioarar7jduttfu"
00-0040420,"https://static.www.nfl.com/image/upload/f_auto,q_auto/league/fn8r9etxyuyto9mm81fd"
00-0040422,"https://static.www.nfl.com/image/upload/f_auto,q_auto/league/xtrvv63ccghpiwxwmsdh"
00-0040425,"https://static.www.nfl.com/image/upload/f_auto,q_auto/league/bgwp7cyxeadn8uzkyitj"
00-0040427,"https://static.www.nfl.com/image/upload/f_auto,q_auto/league/lba5w8sd97sjg6hslk5z"
00-0040428,"https://static.www.nfl.com/image/upload/f_auto,q_auto/league/k1xw7yxihhxn5tsoubmt"
00-0040429,"https://static.www.nfl.com/image/upload/f_auto,q_auto/league/c2zxbiz8153usfggosvv"
00-0040431,"https://static.www.nfl.com/image/upload/f_auto,q_auto/league/cfllxq8wvrrciu7ugnyp"
00-0040432,"https://static.www.nfl.com/image/upload/f_auto,q_auto/league/fypzpyhv2bsvlcwp2ppo"
00-0040434,"https://static.www.nfl.com/image/upload/f_auto,q_auto/league/wfwaqxn21kdhpybvhqih"
00-0040438,"https://static.www.nfl.com/image/upload/f_auto,q_auto/league/mijumyvz5ifhbq2xzlx6"
00-0040442,"https://static.www.nfl.com/image/upload/f_auto,q_auto/league/kj56dqvp8zp6tv7q8d8o"
00-0040443,"https://static.www.nfl.com/image/upload/f_auto,q_auto/league/nnyftejghqa3l6gxwuzq"
00-0040445,"https://static.www.nfl.com/image/upload/f_auto,q_auto/league/qbww2dnr9cegartl95wq"
00-0040446,"https://static.www.nfl.com/image/upload/f_auto,q_auto/league/yr70dbnp5tp5dzbdvnhz"
00-0040449,"https://static.www.nfl.com/image/upload/f_auto,q_auto/league/gx65fgbnmrzc51w1hfav"
00-0040450,"https://static.www.nfl.com/image/upload/f_auto,q_auto/league/pcbxvlolhujhr944iqxa"
00-0040451,"https://static.www.nfl.com/image/upload/f_auto,q_auto/league/fsk6ca96kv4go2hcihxi"
00-0040452,"https://static.www.nfl.com/image/upload/f_auto,q_auto/league/j561gxyuezqwljey7wpn"
00-0040453,"https://static.www.nfl.com/image/upload/f_auto,q_auto/league/nep3ac05iyzwqytblllw"
00-0040454,"https://static.www.nfl.com/image/upload/f_auto,q_auto/league/pcmupgmy22quzamlgpel"
00-0040456,"https://static.www.nfl.com/image/upload/f_auto,q_auto/league/sg0t3s0irndtl7zeodfk"
00-0040458,"https://static.www.nfl.com/image/upload/f_auto,q_auto/league/kmlrbebwbksnogrboyo0"
00-0040459,"https://static.www.nfl.com/image/upload/f_auto,q_auto/league/i50wk88giq9khayfiphx"
00-0040460,"https://static.www.nfl.com/image/upload/f_auto,q_auto/league/jolfhevlffwbwy6xbmu3"
00-0040461,"https://static.www.nfl.com/image/upload/f_auto,q_auto/league/z7gsmzrifvq0luw2576h"
00-0040462,"https://static.www.nfl.com/image/upload/f_auto,q_auto/league/ufkwzbqpjwyee7gwtgks"
00-0040464,"https://static.www.nfl.com/image/upload/f_auto,q_auto/league/uxkbvrw5eu41udzsesnu"
00-0040466,"https://static.www.nfl.com/image/upload/f_auto,q_auto/league/bopoof9uczgpvpggeahp"
00-0040467,"https://static.www.nfl.com/image/upload/f_auto,q_auto/league/yrqrzkdqrkcftqx9f581"
00-0040468,"https://static.www.nfl.com/image/upload/f_auto,q_auto/league/vp71wf1cifs858iptgj2"
00-0040470,"https://static.www.nfl.com/image/upload/f_auto,q_auto/league/iwgl3zttcxl5bk3jh2bo"
00-0040471,"https://static.www.nfl.com/image/upload/f_auto,q_auto/league/kwrqouczwfh7xtyhlzgl"
00-0040472,"https://static.www.nfl.com/image/upload/f_auto,q_auto/league/tacteeggw794fusmsq32"
00-0040473,"https://static.www.nfl.com/image/upload/f_auto,q_auto/league/avkosuxipwnq7llaj8bz"
00-0040475,"https://static.www.nfl.com/image/upload/f_auto,q_auto/league/twbjd8yyveoogsnvgi8j"
00-0040476,"https://static.www.nfl.com/image/upload/f_auto,q_auto/league/iw8g8cngrmp4ipcrdpwi"
00-0040487,"https://static.www.nfl.com/image/upload/f_auto,q_auto/league/rjorj8cbnvardimhwjcl"
00-0040488,"https://static.www.nfl.com/image/upload/f_auto,q_auto/league/q8knlo3npxhjxiyyx4h6"
00-0040489,"https://static.www.nfl.com/image/upload/f_auto,q_auto/league/mr8rshagj0vkedyjoz1t"
00-0040492,"https://static.www.nfl.com/image/upload/f_auto,q_auto/league/xur5y3juva1uila1vszk"
00-0040493,"https://static.www.nfl.com/image/upload/f_auto,q_auto/league/ftkady1aog0rxnhkrusv"
00-0040494,"https://static.www.nfl.com/image/upload/f_auto,q_auto/league/fpveluufmy7buwrhpiny"
00-0040495,"https://static.www.nfl.com/image/upload/f_auto,q_auto/league/lebjztgitjbfjryhkcu1"
00-0040496,"https://static.www.nfl.com/image/upload/f_auto,q_auto/league/wwuawbggpxurztrxyyuh"
00-0040497,"https://static.www.nfl.com/image/upload/f_auto,q_auto/league/tcq76f8tbfdygvvtwxgs"
00-0040498,"https://static.www.nfl.com/image/upload/f_auto,q_auto/league/pkgo3zyb09fkoguackwb"
00-0040499,"https://static.www.nfl.com/image/upload/f_auto,q_auto/league/auto543j7dfxhjf2us0j"
00-0040500,"https://static.www.nfl.com/image/upload/f_auto,q_auto/league/uyx7yhbqffwghbe517dy"
00-0040501,"https://static.www.nfl.com/image/upload/f_auto,q_auto/league/cs4nlk2pdnx0bbesyghu"
00-0040503,"https://static.www.nfl.com/image/upload/f_auto,q_auto/league/mf8ks1kejyk3ccakvs5f"
00-0040504,"https://static.www.nfl.com/image/upload/f_auto,q_auto/league/xv1e25hi4dhzfzni0gui"
00-0040506,"https://static.www.nfl.com/image/upload/f_auto,q_auto/league/yi2pgwujy0lv9l3m3sig"
00-0040507,"https://static.www.nfl.com/image/upload/f_auto,q_auto/league/ko8yku7d4usn5sm0nuf9"
00-0040509,"https://static.www.nfl.com/image/upload/f_auto,q_auto/league/q6ea6dqd4nn27aeihiv7"
00-0040512,"https://static.www.nfl.com/image/upload/f_auto,q_auto/league/hggljfh39iorav9j5mpw"
00-0040517,"https://static.www.nfl.com/image/upload/f_auto,q_auto/league/twzqj6uora5h2qsutdxh"
00-0040518,"https://static.www.nfl.com/image/upload/f_auto,q_auto/league/rhtr92dfgxrdxpan37ej"
00-0040519,"https://static.www.nfl.com/image/upload/f_auto,q_auto/league/rbjo2rkbzmc991d3yab3"
00-0040521,"https://static.www.nfl.com/image/upload/f_auto,q_auto/league/uy6vmgagqzaodbpymq6w"
00-0040522,"https://static.www.nfl.com/image/upload/f_auto,q_auto/league/w4onu90fxjmlkmkchcg1"
00-0040527,"https://static.www.nfl.com/image/upload/f_auto,q_auto/league/df4sh5ddoseg7d5bbl6q"
00-0040528,"https://static.www.nfl.com/image/upload/f_auto,q_auto/league/txubf9waxy8pxoown8tw"
00-0040530,"https://static.www.nfl.com/image/upload/f_auto,q_auto/league/ert4wflttmvtssck1qz4"
00-0040534,"https://static.www.nfl.com/image/upload/f_auto,q_auto/league/r7enwgccqv93feuoeurz"
00-0040535,"https://static.www.nfl.com/image/upload/f_auto,q_auto/league/jowdpzqthdrodpnaewlq"
00-0040537,"https://static.www.nfl.com/image/upload/f_auto,q_auto/league/sam2pxtmbodcfdlh2sy6"
00-0040539,"https://static.www.nfl.com/image/upload/f_auto,q_auto/league/r7eqjkhct7nyfatnnepz"
00-0040541,"https://static.www.nfl.com/image/upload/f_auto,q_auto/league/xhof0hsbncovhmhhvifd"
00-0040545,"https://static.www.nfl.com/image/upload/f_auto,q_auto/league/gi3iwescv9h9jlopmufc"
00-0040546,"https://static.www.nfl.com/image/upload/f_auto,q_auto/league/krehmn2g4cxokjpcr6iw"
00-0040547,"https://static.www.nfl.com/image/upload/f_auto,q_auto/league/c7wg2qvjvd8diaaujwpt"
00-0040548,"https://static.www.nfl.com/image/upload/f_auto,q_auto/league/omq5nqjgc20u3f6skixc"
00-0040550,"https://static.www.nfl.com/image/upload/f_auto,q_auto/league/aaw63gnkmekiumxd6cqh"
00-0040551,"https://static.www.nfl.com/image/upload/f_auto,q_auto/league/ygbtjkrm5ie8xginvuaq"
00-0040552,"https://static.www.nfl.com/image/upload/f_auto,q_auto/league/xg8dijx3kwxic6zzt9qo"
00-0040553,"https://static.www.nfl.com/image/upload/f_auto,q_auto/league/ni8qfwwvpyklvxqseorj"
00-0040554,"https://static.www.nfl.com/image/upload/f_auto,q_auto/league/axhm7ipxigj44h2p8pae"
00-0040556,"https://static.www.nfl.com/image/upload/f_auto,q_auto/league/tpnamrgzfbytwlzhhyf8"
00-0040557,"https://static.www.nfl.com/image/upload/f_auto,q_auto/league/dv8tuwzq6fptydjywws3"
00-0040558,"https://static.www.nfl.com/image/upload/f_auto,q_auto/league/kpmodyntguke9pmvxeyw"
00-0040559,"https://static.www.nfl.com/image/upload/f_auto,q_auto/league/qlefsw8fylwrmbgtmez7"
00-0040560,"https://static.www.nfl.com/image/upload/f_auto,q_auto/league/cnb82o0pkp0k2ng5mrrp"
00-0040563,"https://static.www.nfl.com/image/upload/f_auto,q_auto/league/zbnf3ujmwprzgjnwdtlo"
00-0040564,"https://static.www.nfl.com/image/upload/f_auto,q_auto/league/ufkuy8z8udyhyp6vs7ue"
00-0040565,"https://static.www.nfl.com/image/upload/f_auto,q_auto/league/bynazmw3ywfdijwhfo0t"
00-0040566,"https://static.www.nfl.com/image/upload/f_auto,q_auto/league/azvsbbacjbgiyr3hmgdi"
00-0040567,"https://static.www.nfl.com/image/upload/f_auto,q_auto/league/qjprz2xsfvwi0zqrpyh1"
00-0040568,"https://static.www.nfl.com/image/upload/f_auto,q_auto/league/dfvjypx4regh68bhrrlt"
00-0040570,"https://static.www.nfl.com/image/upload/f_auto,q_auto/league/dfay1nwxlijuhxbqcids"
00-0040571,"https://static.www.nfl.com/image/upload/f_auto,q_auto/league/dhunquwydcerskffrcmk"
00-0040572,"https://static.www.nfl.com/image/upload/f_auto,q_auto/league/wc149d02t0sbougkceuk"
00-0040573,"https://static.www.nfl.com/image/upload/f_auto,q_auto/league/qajlmqbyhiu2s0x5zzfq"
00-0040574,"https://static.www.nfl.com/image/upload/f_auto,q_auto/league/g9d7riu8zsysuaqbqpjc"
00-0040577,"https://static.www.nfl.com/image/upload/f_auto,q_auto/league/mmtinfxaeg8afpuwwudm"
00-0040578,"https://static.www.nfl.com/image/upload/f_auto,q_auto/league/iw7gq1kiprdcsomewxuh"
00-0040579,"https://static.www.nfl.com/image/upload/f_auto,q_auto/league/ga2yg6qhxs12sqo6jvfz"
00-0040580,"https://static.www.nfl.com/image/upload/f_auto,q_auto/league/epzy8ucs3mt2qgxhuolw"
00-0040581,"https://static.www.nfl.com/image/upload/f_auto,q_auto/league/hlxztd3lpjaxtzojuxwh"
00-0040582,"https://static.www.nfl.com/image/upload/f_auto,q_auto/league/asywvwrn6zhlidxothqn"
00-0040583,"https://static.www.nfl.com/image/upload/f_auto,q_auto/league/y5ntpcenhhhv98uz2fys"
00-0040584,"https://static.www.nfl.com/image/upload/f_auto,q_auto/league/hewm6ztgka7xkbl6ybvb"
00-0040585,"https://static.www.nfl.com/image/upload/f_auto,q_auto/league/gtriftz4gtmqpetxqp9o"
00-0040586,"https://static.www.nfl.com/image/upload/f_auto,q_auto/league/lscygdlqczomp0l9oykv"
00-0040587,"https://static.www.nfl.com/image/upload/f_auto,q_auto/league/l9iy9p3yufggrfo1zojz"
00-0040589,"https://static.www.nfl.com/image/upload/f_auto,q_auto/league/rq4swf5c2ar45ljuc0w2"
00-0040590,"https://static.www.nfl.com/image/upload/f_auto,q_auto/league/cehkowkvb4aujslmppbj"
00-0040593,"https://static.www.nfl.com/image/upload/f_auto,q_auto/league/urjyj3poyxigrmdelral"
00-0040594,"https://static.www.nfl.com/image/upload/f_auto,q_auto/league/wbzfffhzpxeqllass1cq"
00-0040595,"https://static.www.nfl.com/image/upload/f_auto,q_auto/league/y9juhhbkhnit1qol7piy"
00-0040597,"https://static.www.nfl.com/image/upload/f_auto,q_auto/league/v5cydesy5zo4njavqwxb"
00-0040598,"https://static.www.nfl.com/image/upload/f_auto,q_auto/league/m20wrukxvkgbvs70qpai"
00-0040600,"https://static.www.nfl.com/image/upload/f_auto,q_auto/league/thqpbpisffyuqayu4kbx"
00-0040601,"https://static.www.nfl.com/image/upload/f_auto,q_auto/league/wszz5ts7eqzjgiuwep45"
00-0040602,"https://static.www.nfl.com/image/upload/f_auto,q_auto/league/j9w4zu4vdw6jihn1fbvk"
00-0040604,"https://static.www.nfl.com/image/upload/f_auto,q_auto/league/nbkouemkxdpjax4c4lsl"
00-0040609,"https://static.www.nfl.com/image/upload/f_auto,q_auto/league/bsiofbdcxgztaednygqx"
00-0040611,"https://static.www.nfl.com/image/upload/f_auto,q_auto/league/hi0rzuafk9ptocnymn2t"
00-0040613,"https://static.www.nfl.com/image/upload/f_auto,q_auto/league/hqgtyx8usody1lywex4a"
00-0040615,"https://static.www.nfl.com/image/upload/f_auto,q_auto/league/rsgtjuwynfb4q9j37xna"
00-0040616,"https://static.www.nfl.com/image/upload/f_auto,q_auto/league/eagyx2phlssmmdczurx3"
00-0040617,"https://static.www.nfl.com/image/upload/f_auto,q_auto/league/boxgpizulptcax2vb0pw"
00-0040618,"https://static.www.nfl.com/image/upload/f_auto,q_auto/league/axybwbw7inp1vu7xxf0t"
00-0040619,"https://static.www.nfl.com/image/upload/f_auto,q_auto/league/u7bmeyqtnaacqqbzj2qe"
00-0040620,"https://static.www.nfl.com/image/upload/f_auto,q_auto/league/w4ezbdleckn9numvdmwe"
00-0040621,"https://static.www.nfl.com/image/upload/f_auto,q_auto/league/qkyl0pfhi4pmzdtodu9k"
00-0040624,"https://static.www.nfl.com/image/upload/f_auto,q_auto/league/jdad4ub2ljy6hynzxmb4"
00-0040625,"https://static.www.nfl.com/image/upload/f_auto,q_auto/league/j1tpfwt373szwooa1cdq"
00-0040628,"https://static.www.nfl.com/image/upload/f_auto,q_auto/league/olsiufbauh2x6pshrygm"
00-0040629,"https://static.www.nfl.com/image/upload/f_auto,q_auto/league/lmdwuz4anz0nhbaeewmm"
00-0040630,"https://static.www.nfl.com/image/upload/f_auto,q_auto/league/mlicadcuoerpyrmp7n82"
00-0040631,"https://static.www.nfl.com/image/upload/f_auto,q_auto/league/dvfolbczklyzblzpztct"
00-0040632,"https://static.www.nfl.com/image/upload/f_auto,q_auto/league/nkuir1kno5oyqta8ws4p"
00-0040634,"https://static.www.nfl.com/image/upload/f_auto,q_auto/league/pksjz8mnu6w6s3k3mh6c"
00-0040636,"https://static.www.nfl.com/image/upload/f_auto,q_auto/league/kuvtqhos7jfzxbvykdrh"
00-0040637,"https://static.www.nfl.com/image/upload/f_auto,q_auto/league/fczsn4gxvqg2a99hlkdy"
00-0040639,"https://static.www.nfl.com/image/upload/f_auto,q_auto/league/ttuahecuymewba9naaql"
00-0040640,"https://static.www.nfl.com/image/upload/f_auto,q_auto/league/bk23ynvyi8g8ppbwb764"
00-0040641,"https://static.www.nfl.com/image/upload/f_auto,q_auto/league/gnds1mpnqkorwzagcoau"
00-0040642,"https://static.www.nfl.com/image/upload/f_auto,q_auto/league/jij1yqsdhelakkptqz9k"
00-0040643,"https://static.www.nfl.com/image/upload/f_auto,q_auto/league/pq0uzqjisndztl1ru3oa"
00-0040644,"https://static.www.nfl.com/image/upload/f_auto,q_auto/league/pcuzq84x7ia5yvmikltb"
00-0040645,"https://static.www.nfl.com/image/upload/f_auto,q_auto/league/spyk3s7fvbcbz7vj32sg"
00-0040646,"https://static.www.nfl.com/image/upload/f_auto,q_auto/league/sqrid1hnmwqymcp2vxfx"
00-0040647,"https://static.www.nfl.com/image/upload/f_auto,q_auto/league/st6tr9jhr7kn6apkycp3"
00-0040648,"https://static.www.nfl.com/image/upload/f_auto,q_auto/league/lmsun4qzmk1rkgt4kw76"
00-0040649,"https://static.www.nfl.com/image/upload/f_auto,q_auto/league/kdykjwqk5xcnrfbtp47o"
00-0040650,"https://static.www.nfl.com/image/upload/f_auto,q_auto/league/dwruw0cuhqfqomv8cjwe"
00-0040651,"https://static.www.nfl.com/image/upload/f_auto,q_auto/league/cx7us9eu6fa8rmp6yszj"
00-0040652,"https://static.www.nfl.com/image/upload/f_auto,q_auto/league/m8ihmpvqxsn2d7nfmrkb"
00-0040653,"https://static.www.nfl.com/image/upload/f_auto,q_auto/league/sgtcxvsg5m0s6rdizjfb"
00-0040654,"https://static.www.nfl.com/image/upload/f_auto,q_auto/league/jujimmrfpazu360znwfe"
00-0040655,"https://static.www.nfl.com/image/upload/f_auto,q_auto/league/tsr4nvxl1xnbcds25pof"
00-0040656,"https://static.www.nfl.com/image/upload/f_auto,q_auto/league/fcuzrfcbmtqlxksgmg7i"
00-0040658,"https://static.www.nfl.com/image/upload/f_auto,q_auto/league/ayai0zgfxwglyzrjkmmx"
00-0040659,"https://static.www.nfl.com/image/upload/f_auto,q_auto/league/s2tikaexxnje11kof81u"
00-0040660,"https://static.www.nfl.com/image/upload/f_auto,q_auto/league/jas5em3i7xswbtoqr6qz"
00-0040661,"https://static.www.nfl.com/image/upload/f_auto,q_auto/league/xurpqjpbr0arxuxqanhb"
00-0040662,"https://static.www.nfl.com/image/upload/f_auto,q_auto/league/wzfhauuzpt28giuk4dxt"
00-0040663,"https://static.www.nfl.com/image/upload/f_auto,q_auto/league/fxublmpnxx9uggsddwik"
00-0040666,"https://static.www.nfl.com/image/upload/f_auto,q_auto/league/lf2jxvxnbexlinoydbej"
00-0040667,"https://static.www.nfl.com/image/upload/f_auto,q_auto/league/dbjki6b0swksr7mk17wk"
00-0040668,"https://static.www.nfl.com/image/upload/f_auto,q_auto/league/joe08hz6to2madpko8zl"
00-0040669,"https://static.www.nfl.com/image/upload/f_auto,q_auto/league/ducfhbiy2a8loytcjymn"
00-0040670,"https://static.www.nfl.com/image/upload/f_auto,q_auto/league/pf22yjk2vhk7gc6ogh8z"
00-0040672,"https://static.www.nfl.com/image/upload/f_auto,q_auto/league/emppyzljgfew4i1qmdhb"
00-0040673,"https://static.www.nfl.com/image/upload/f_auto,q_auto/league/hohqoqpdyquxn1sr1fm2"
00-0040676,"https://static.www.nfl.com/image/upload/f_auto,q_auto/league/l7switu6stlwd2irm8yo"
00-0040677,"https://static.www.nfl.com/image/upload/f_auto,q_auto/league/tfchuu4khsh6jarotqga"
00-0040678,"https://static.www.nfl.com/image/upload/f_auto,q_auto/league/ogsybhwk95emepsiu0my"
00-0040684,"https://static.www.nfl.com/image/upload/f_auto,q_auto/league/kcf9vitwxtf3rlujrb2q"
00-0040685,"https://static.www.nfl.com/image/upload/f_auto,q_auto/league/fizf7lkmgqhpg9o8vu92"
00-0040686,"https://static.www.nfl.com/image/upload/f_auto,q_auto/league/q9vrq43u3qh6nw3rcajo"
00-0040688,"https://static.www.nfl.com/image/upload/f_auto,q_auto/league/lqdlc7railysoycjeny9"
00-0040689,"https://static.www.nfl.com/image/upload/f_auto,q_auto/league/wyekuw2nez6ldavs3kwt"
00-0040691,"https://static.www.nfl.com/image/upload/f_auto,q_auto/league/n6uymxssgiicjmxkzxoc"
00-0040692,"https://static.www.nfl.com/image/upload/f_auto,q_auto/league/pqqxp2q7mkpnqbahu25c"
00-0040694,"https://static.www.nfl.com/image/upload/f_auto,q_auto/league/upwtqewimo1hydyqwznv"
00-0040697,"https://static.www.nfl.com/image/upload/f_auto,q_auto/league/xjwwmrgezlioppxjmkod"
00-0040699,"https://static.www.nfl.com/image/upload/f_auto,q_auto/league/mqfqwcdx3l4437twzxhm"
00-0040704,"https://static.www.nfl.com/image/upload/f_auto,q_auto/league/szpyvusef9jvoctbnkbk"
00-0040705,"https://static.www.nfl.com/image/upload/f_auto,q_auto/league/cbcpv4931dqmgsu3anvo"
00-0040706,"https://static.www.nfl.com/image/upload/f_auto,q_auto/league/jr8karjanloyyas4erxt"
00-0040708,"https://static.www.nfl.com/image/upload/f_auto,q_auto/league/njvl2eabvfekcqqa4jmq"
00-0040709,"https://static.www.nfl.com/image/upload/f_auto,q_auto/league/we3enqymnmzrfabz8srg"
00-0040710,"https://static.www.nfl.com/image/upload/f_auto,q_auto/league/cn80cdlc2ilvqpsqgx7h"
00-0040711,"https://static.www.nfl.com/image/upload/f_auto,q_auto/league/tf5wceyqvcyapj2owfcm"
00-0040712,"https://static.www.nfl.com/image/upload/f_auto,q_auto/league/yygtmj3azqkxi1est3eq"
00-0040715,"https://static.www.nfl.com/image/upload/f_auto,q_auto/league/hlggiqdfvj1f4kntkafr"
00-0040716,"https://static.www.nfl.com/image/upload/f_auto,q_auto/league/ufnmu9eujiuydbihx4gu"
00-0040718,"https://static.www.nfl.com/image/upload/f_auto,q_auto/league/absw1gfqoiztajjagmf6"
00-0040719,"https://static.www.nfl.com/image/upload/f_auto,q_auto/league/ryjnphuyjbedmgpx5qqj"
00-0040720,"https://static.www.nfl.com/image/upload/f_auto,q_auto/league/ashvve6dr35gtgdyjo10"
00-0040721,"https://static.www.nfl.com/image/upload/f_auto,q_auto/league/m3gpcjsylxoysk9m9n7w"
00-0040722,"https://static.www.nfl.com/image/upload/f_auto,q_auto/league/dh7h3ratc2xd1xed7efh"
00-0040723,"https://static.www.nfl.com/image/upload/f_auto,q_auto/league/sy2upcvt2tvupphxlasc"
00-0040724,"https://static.www.nfl.com/image/upload/f_auto,q_auto/league/wxkk01nfridtywdbl86z"
00-0040725,"https://static.www.nfl.com/image/upload/f_auto,q_auto/league/e8ajbchys6mqj7agkqxf"
00-0040726,"https://static.www.nfl.com/image/upload/f_auto,q_auto/league/pk9a1riaxi1hhtjq3ma3"
00-0040727,"https://static.www.nfl.com/image/upload/f_auto,q_auto/league/v5ofh8jggzo8rygtpwl7"
00-0040728,"https://static.www.nfl.com/image/upload/f_auto,q_auto/league/oqps48sgef7jgn67tvzf"
00-0040729,"https://static.www.nfl.com/image/upload/f_auto,q_auto/league/feplgtl0x1svqen9szwv"
00-0040730,"https://static.www.nfl.com/image/upload/f_auto,q_auto/league/szxmro5enrxlscvv67xg"
00-0040731,"https://static.www.nfl.com/image/upload/f_auto,q_auto/league/cxabcu8nz9p6k6sqsw4t"
00-0040733,"https://static.www.nfl.com/image/upload/f_auto,q_auto/league/pmy1sehsvo596a7si0i0"
00-0040734,"https://static.www.nfl.com/image/upload/f_auto,q_auto/league/ebcjvwytgu2y4kqm8ihv"
00-0040735,"https://static.www.nfl.com/image/upload/f_auto,q_auto/league/iyuwdz7pbowdkwzq2tg5"
00-0040736,"https://static.www.nfl.com/image/upload/f_auto,q_auto/league/xittx9gih104lw1atfiv"
00-0040737,"https://static.www.nfl.com/image/upload/f_auto,q_auto/league/w5o0s5yf6j5dsmiwdtfg"
00-0040738,"https://static.www.nfl.com/image/upload/f_auto,q_auto/league/j9eequyosorm1p9zc5gx"
00-0040739,"https://static.www.nfl.com/image/upload/f_auto,q_auto/league/m5rdyemjoxl4cuz9yun8"
00-0040740,"https://static.www.nfl.com/image/upload/f_auto,q_auto/league/xjnksmbwipltv0hxz4qj"
00-0040741,"https://static.www.nfl.com/image/upload/f_auto,q_auto/league/gj6rxglwrkzwgvvq0z1q"
00-0040742,"https://static.www.nfl.com/image/upload/f_auto,q_auto/league/va8dirlxszzh3ufmfiti"
00-0040743,"https://static.www.nfl.com/image/upload/f_auto,q_auto/league/toiafc7qighw86geo7jf"
00-0040744,"https://static.www.nfl.com/image/upload/f_auto,q_auto/league/cxkxb1csogr9v773tdib"
00-0040745,"https://static.www.nfl.com/image/upload/f_auto,q_auto/league/htrlsuwip43rs84xya1u"
00-0040746,"https://static.www.nfl.com/image/upload/f_auto,q_auto/league/urx4ncr2up987hovqjlr"
00-0040747,"https://static.www.nfl.com/image/upload/f_auto,q_auto/league/oshm9xdskhlubtb7keyy"
00-0040748,"https://static.www.nfl.com/image/upload/f_auto,q_auto/league/jp69jatihj5oqc37g9gv"
00-0040749,"https://static.www.nfl.com/image/upload/f_auto,q_auto/league/eurn0h9z78sclv1eq5jp"
00-0040751,"https://static.www.nfl.com/image/upload/f_auto,q_auto/league/dq3zeuqbbnztptdeas6i"
00-0040752,"https://static.www.nfl.com/image/upload/f_auto,q_auto/league/koxindt0qvandhu8otrf"
00-0040753,"https://static.www.nfl.com/image/upload/f_auto,q_auto/league/vwyhqfyyxngoljurvrjx"
00-0040756,"https://static.www.nfl.com/image/upload/f_auto,q_auto/league/cxyzfhkxg3ydlilhyunr"
00-0040761,"https://static.www.nfl.com/image/upload/f_auto,q_auto/league/ok2rok5gpyxwbk4xotyh"
00-0040762,"https://static.www.nfl.com/image/upload/f_auto,q_auto/league/pyfigo2gax99vjgmcyhs"
00-0040763,"https://static.www.nfl.com/image/upload/f_auto,q_auto/league/pygjjbgebf2mezvwopa5"
00-0040764,"https://static.www.nfl.com/image/upload/f_auto,q_auto/league/inusdinp7cv7fcdctdkb"
00-0040765,"https://static.www.nfl.com/image/upload/f_auto,q_auto/league/h95afg0gtx3x6ik2fgmp"
00-0040767,"https://static.www.nfl.com/image/upload/f_auto,q_auto/league/gabh3trvdqgrclih7cxz"
00-0040782,"https://static.www.nfl.com/image/upload/f_auto,q_auto/league/piv889pkizjvgrtpfkxm"
00-0040784,"https://static.www.nfl.com/image/upload/f_auto,q_auto/league/ojtce2im0wp2ltyel0vc"
00-0040785,"https://static.www.nfl.com/image/upload/f_auto,q_auto/league/xkxpqhtebubkbv1irlkc"
00-0040790,"https://static.www.nfl.com/image/upload/f_auto,q_auto/league/kgjxvzpxjyg3qsl1oedq"
00-0040793,"https://static.www.nfl.com/image/upload/f_auto,q_auto/league/tpq98s8c2d42cyctwnsp"
00-0040853,"https://static.www.nfl.com/image/upload/f_auto,q_auto/league/nwppu7wrirz6adoxgzij"
00-0040864,"https://static.www.nfl.com/image/upload/f_auto,q_auto/league/bgmpvzjizswc85pm5ykr"
00-0040865,"https://static.www.nfl.com/image/upload/f_auto,q_auto/league/nkj0yjytmlcbciqjus0w"
00-0040866,"https://static.www.nfl.com/image/upload/f_auto,q_auto/league/x3z8asowfyyrhgc0nujw"
00-0040867,"https://static.www.nfl.com/image/upload/f_auto,q_auto/league/ys2i2o7c0bl36xvlrojz"
00-0040868,"https://static.www.nfl.com/image/upload/f_auto,q_auto/league/uhljscop4d7yxtanrwop"
00-0040869,"https://static.www.nfl.com/image/upload/f_auto,q_auto/league/jp4ns5e4vgwf7yn5hf1h"
00-0040870,"https://static.www.nfl.com/image/upload/f_auto,q_auto/league/gjezd2a8imfrxyv16wuj"
00-0040871,"https://static.www.nfl.com/image/upload/f_auto,q_auto/league/k2qgtsvaic93xeu4jqhh"
00-0040872,"https://static.www.nfl.com/image/upload/f_auto,q_auto/league/h35ij5cb5g5a8av170ca"
00-0040873,"https://static.www.nfl.com/image/upload/f_auto,q_auto/league/izqce9eijr3fgtuhifbp"
00-0040874,"https://static.www.nfl.com/image/upload/f_auto,q_auto/league/ach6jq8xsd8xwcplylro"
00-0040875,"https://static.www.nfl.com/image/upload/f_auto,q_auto/league/uhvkhsxnd5xqgrafkzug"
00-0040876,"https://static.www.nfl.com/image/upload/f_auto,q_auto/league/rbtitvma6hjyotcajqtv"
00-0040877,"https://static.www.nfl.com/image/upload/f_auto,q_auto/league/mcasa9q73bt1zghn7olr"
00-0040878,"https://static.www.nfl.com/image/upload/f_auto,q_auto/league/ocdjq5ohmtgdghqdh5m4"
00-0040879,"https://static.www.nfl.com/image/upload/f_auto,q_auto/league/kkkia0wl2sqsjiwecde0"
00-0040880,"https://static.www.nfl.com/image/upload/f_auto,q_auto/league/f7qnzlq019tmi9o6f1ld"
00-0040881,"https://static.www.nfl.com/image/upload/f_auto,q_auto/league/oajvs6a6je65shncldtr"
00-0040882,"https://static.www.nfl.com/image/upload/f_auto,q_auto/league/zdtaxq8qwchw3dscp1z0"
00-0040883,"https://static.www.nfl.com/image/upload/f_auto,q_auto/league/xtnd8hztdo6o1q9xpuw6"
00-0040884,"https://static.www.nfl.com/image/upload/f_auto,q_auto/league/zidvccgdzgf3lwkfcg7v"
00-0040885,"https://static.www.nfl.com/image/upload/f_auto,q_auto/league/uayykenigfog0qv48yd2"
00-0040886,"https://static.www.nfl.com/image/upload/f_auto,q_auto/league/ztwqbc0s69cbz5ow0r0q"
00-0040887,"https://static.www.nfl.com/image/upload/f_auto,q_auto/league/maktufaiogxfm5ewjsi9"
00-0040888,"https://static.www.nfl.com/image/upload/f_auto,q_auto/league/cdr4vibcb4jxp8nswxl9"
00-0040889,"https://static.www.nfl.com/image/upload/f_auto,q_auto/league/ba2rfnspviherhdlsxml"
00-0040890,"https://static.www.nfl.com/image/upload/f_auto,q_auto/league/qput6hanukjbatuao8ca"
00-0040891,"https://static.www.nfl.com/image/upload/f_auto,q_auto/league/qt8hajjwkvpynr8nwepz"
00-0040892,"https://static.www.nfl.com/image/upload/f_auto,q_auto/league/ycbn8enhdwq312wu40jn"
00-0040893,"https://static.www.nfl.com/image/upload/f_auto,q_auto/league/tomgqsqha9cv0duwsrov"
00-0040894,"https://static.www.nfl.com/image/upload/f_auto,q_auto/league/tndlq4zmq6r9nsvmzih6"
00-0040895,"https://static.www.nfl.com/image/upload/f_auto,q_auto/league/eje0zmvfl2fetzvpsl6c"
00-0040896,"https://static.www.nfl.com/image/upload/f_auto,q_auto/league/xlb4gkfxenpvqhs3j4y4"
00-0040897,"https://static.www.nfl.com/image/upload/f_auto,q_auto/league/qk8qyqk1doklwy7xdgfh"
00-0040898,"https://static.www.nfl.com/image/upload/f_auto,q_auto/league/tnfndcjg7g14q1mscr5e"
00-0040899,"https://static.www.nfl.com/image/upload/f_auto,q_auto/league/zierx6p09ilfe0o0ckj7"
00-0040900,"https://static.www.nfl.com/image/upload/f_auto,q_auto/league/xawxtpjdptmacbcqtlua"
00-0040901,"https://static.www.nfl.com/image/upload/f_auto,q_auto/league/nbrbfq68ghrvt2dsieej"
00-0040902,"https://static.www.nfl.com/image/upload/f_auto,q_auto/league/fbhacwssycfl9yo2dwjc"
00-0040903,"https://static.www.nfl.com/image/upload/f_auto,q_auto/league/lprcggybtxynzqqodh2h"
00-0040904,"https://static.www.nfl.com/image/upload/f_auto,q_auto/league/smzollvmlmiaoi9mhh6v"
00-0040905,"https://static.www.nfl.com/image/upload/f_auto,q_auto/league/fsbuuec4tzp33ufdsgdi"
00-0040906,"https://static.www.nfl.com/image/upload/f_auto,q_auto/league/uyidfkzfhuqaks3pmdeo"
00-0040907,"https://static.www.nfl.com/image/upload/f_auto,q_auto/league/ewfiiqrz7qysxydw5zwn"
00-0040908,"https://static.www.nfl.com/image/upload/f_auto,q_auto/league/dhu2y8agagcv0nixplkj"
00-0040909,"https://static.www.nfl.com/image/upload/f_auto,q_auto/league/gwesa6kw92moff0mxp3i"
00-0040910,"https://static.www.nfl.com/image/upload/f_auto,q_auto/league/oxlhvcgepqjwzulh7yvz"
00-0040914,"https://static.www.nfl.com/image/upload/f_auto,q_auto/league/zwvgypmxdepwclfbylft"
00-0040917,"https://static.www.nfl.com/image/upload/f_auto,q_auto/league/zrwgaig57cdohkvwneex"
00-0040918,"https://static.www.nfl.com/image/upload/f_auto,q_auto/league/wcrnlcq6doix61fwoxgk"
00-0040919,"https://static.www.nfl.com/image/upload/f_auto,q_auto/league/f9zykws54i2prkwxw3ee"
00-0040923,"https://static.www.nfl.com/image/upload/f_auto,q_auto/league/o3d6yyimonbtgnszaq0z"
00-0040925,"https://static.www.nfl.com/image/upload/f_auto,q_auto/league/mjupt0sbxzpgr71e9oy3"
00-0040926,"https://static.www.nfl.com/image/upload/f_auto,q_auto/league/b6nisweavm9tsv8phb8q"
00-0040928,"https://static.www.nfl.com/image/upload/f_auto,q_auto/league/lckatmectwiyz6w9chhw"
00-0040929,"https://static.www.nfl.com/image/upload/f_auto,q_auto/league/dmz6ddx6fylrcum4afpp"
00-0040930,"https://static.www.nfl.com/image/upload/f_auto,q_auto/league/tvoztpalnmmattxhdaoa"
00-0040931,"https://static.www.nfl.com/image/upload/f_auto,q_auto/league/kteecx9slnkk4th3wwut"
00-0040933,"https://static.www.nfl.com/image/upload/f_auto,q_auto/league/yrwhq9jxcrlarnfzjcfm"
00-0040934,"https://static.www.nfl.com/image/upload/f_auto,q_auto/league/uwgiczb8bnnacu2g7zln"
00-0040938,"https://static.www.nfl.com/image/upload/f_auto,q_auto/league/wzblmzyldhnpb4kvraci"
00-0040939,"https://static.www.nfl.com/image/upload/f_auto,q_auto/league/raym87favdz33uhkgvv2"
00-0040943,"https://static.www.nfl.com/image/upload/f_auto,q_auto/league/z88mhbcxa468vob6dc1c"
00-0040944,"https://static.www.nfl.com/image/upload/f_auto,q_auto/league/rlgk5vtxruzwzjptpjdw"
00-0040948,"https://static.www.nfl.com/image/upload/f_auto,q_auto/league/jpcewjixipg3iuu2ucyq"
00-0040949,"https://static.www.nfl.com/image/upload/f_auto,q_auto/league/oko5pe8hch9vrmmk9gwx"
00-0040950,"https://static.www.nfl.com/image/upload/f_auto,q_auto/league/lxdpxwvakeifd0yjoqt9"
00-0040953,"https://static.www.nfl.com/image/upload/f_auto,q_auto/league/nc8rm1ko22poili6r2a8"
00-0040954,"https://static.www.nfl.com/image/upload/f_auto,q_auto/league/q5szmdmukkkusqpfj9m5"
00-0040957,"https://static.www.nfl.com/image/upload/f_auto,q_auto/league/gu44x9mtkglhai90wudx"
00-0040958,"https://static.www.nfl.com/image/upload/f_auto,q_auto/league/dj0eulexg2b8q60qqx7s"
00-0040959,"https://static.www.nfl.com/image/upload/f_auto,q_auto/league/ywfb4a8vkz1eubb43o8i"
00-0040961,"https://static.www.nfl.com/image/upload/f_auto,q_auto/league/xzgdbw3nuxkm0icnbiqj"
00-0040962,"https://static.www.nfl.com/image/upload/f_auto,q_auto/league/nntcmusvmsalcqhl63g9"
00-0040965,"https://static.www.nfl.com/image/upload/f_auto,q_auto/league/rfnfr7idjojws30ijl7e"
00-0040970,"https://static.www.nfl.com/image/upload/f_auto,q_auto/league/rrnmno7nkn0o4kilp7je"
00-0040972,"https://static.www.nfl.com/image/upload/f_auto,q_auto/league/ecvtetyglqvbszmuikfa"
00-0040973,"https://static.www.nfl.com/image/upload/f_auto,q_auto/league/mmfgizaxy53ouygcdpql"
00-0040975,"https://static.www.nfl.com/image/upload/f_auto,q_auto/league/orfcyc0to5mxcxkc86d6"
00-0040978,"https://static.www.nfl.com/image/upload/f_auto,q_auto/league/tkhzwtnvhbbqu5sc7nui"
00-0040980,"https://static.www.nfl.com/image/upload/f_auto,q_auto/league/cz6uu2gmtovnzwunsfs0"
00-0040981,"https://static.www.nfl.com/image/upload/f_auto,q_auto/league/p8uqfsnpx153mn3gjtd3"
00-0040987,"https://static.www.nfl.com/image/upload/f_auto,q_auto/league/nqdp2pjqzdswrnxabw2j"
00-0040988,"https://static.www.nfl.com/image/upload/f_auto,q_auto/league/boo9iyw6uaduxtvzwgf6"
00-0040992,"https://static.www.nfl.com/image/upload/f_auto,q_auto/league/z1jpdueha9gojh6czrzo"
00-0040993,"https://static.www.nfl.com/image/upload/f_auto,q_auto/league/txaaincujcsnquwtzeyc"
00-0040998,"https://static.www.nfl.com/image/upload/f_auto,q_auto/league/n8js64cgcfhkllrvxw5x"
00-0041003,"https://static.www.nfl.com/image/upload/f_auto,q_auto/league/m9se6qsdmcgaf9lucm2d"
00-0041005,"https://static.www.nfl.com/image/upload/f_auto,q_auto/league/nabhgywifegiuohtg6fq"
00-0041006,"https://static.www.nfl.com/image/upload/f_auto,q_auto/league/t27ear9faclf1tdibwj9"
00-0041011,"https://static.www.nfl.com/image/upload/f_auto,q_auto/league/vajaprynilirvbzf7m1o"
00-0041013,"https://static.www.nfl.com/image/upload/f_auto,q_auto/league/avdz4njz1slqn7ktqcuq"
00-0041014,"https://static.www.nfl.com/image/upload/f_auto,q_auto/league/quyamjtpggvzd3chh4tt"
00-0041016,"https://static.www.nfl.com/image/upload/f_auto,q_auto/league/agjazc5duhqepvcd82yf"
00-0041019,"https://static.www.nfl.com/image/upload/f_auto,q_auto/league/mglqsgzaszlg8qbiuagw"
00-0041026,"https://static.www.nfl.com/image/upload/f_auto,q_auto/league/r6vo0ugtnbbooogommai"
00-0041027,"https://static.www.nfl.com/image/upload/f_auto,q_auto/league/b12gtjsylmql5v7iyyla"
00-0041028,"https://static.www.nfl.com/image/upload/f_auto,q_auto/league/wxufyrsnbie0gyq9piyf"
00-0041029,"https://static.www.nfl.com/image/upload/f_auto,q_auto/league/al6fifxstyc6omsenzhd"
00-0041030,"https://static.www.nfl.com/image/upload/f_auto,q_auto/league/xbh3gk38au7vprlbh6hb"
00-0041031,"https://static.www.nfl.com/image/upload/f_auto,q_auto/league/iim0v0qnfmkeonr7qkjr"
00-0041032,"https://static.www.nfl.com/image/upload/f_auto,q_auto/league/mnswulwto4yqkgmugoiq"
00-0041033,"https://static.www.nfl.com/image/upload/f_auto,q_auto/league/kn0vbk3i04hyepp7phmb"
00-0041034,"https://static.www.nfl.com/image/upload/f_auto,q_auto/league/ljukgocjxwgzy7pdf6rv"
00-0041035,"https://static.www.nfl.com/image/upload/f_auto,q_auto/league/eu1nxtlztiwr5ko48iwz"
00-0041036,"https://static.www.nfl.com/image/upload/f_auto,q_auto/league/oayz0zuvip1soobdidga"
00-0041037,"https://static.www.nfl.com/image/upload/f_auto,q_auto/league/ybkny6eh5eegq3bqmony"
00-0041038,"https://static.www.nfl.com/image/upload/f_auto,q_auto/league/exokwoursxgcvgnnwp76"
00-0041039,"https://static.www.nfl.com/image/upload/f_auto,q_auto/league/qhwxb55xtmpp2mvej4a2"
00-0041040,"https://static.www.nfl.com/image/upload/f_auto,q_auto/league/noywrsgaqoqlv64c12yw"
00-0041041,"https://static.www.nfl.com/image/upload/f_auto,q_auto/league/a7tu8cb3rnd5ncgbtok5"
00-0041042,"https://static.www.nfl.com/image/upload/f_auto,q_auto/league/tpls1aptxx9x8xaqvjtj"
00-0041043,"https://static.www.nfl.com/image/upload/f_auto,q_auto/league/y0kpgevqxihsroz9zqrm"
00-0041044,"https://static.www.nfl.com/image/upload/f_auto,q_auto/league/qwbo8lgyd85dlwnbznsc"
00-0041045,"https://static.www.nfl.com/image/upload/f_auto,q_auto/league/qr8atadqfx7yf2kzrtd5"
00-0041046,"https://static.www.nfl.com/image/upload/f_auto,q_auto/league/o2druy2qqi3nkcbj9ns6"
00-0041047,"https://static.www.nfl.com/image/upload/f_auto,q_auto/league/jdmycletwhknhs9oth1f"
00-0041048,"https://static.www.nfl.com/image/upload/f_auto,q_auto/league/mmf6qmo6a2evw4feupcm"
00-0041049,"https://static.www.nfl.com/image/upload/f_auto,q_auto/league/kglwdpydzvvmdr1bdblg"
00-0041050,"https://static.www.nfl.com/image/upload/f_auto,q_auto/league/ujjke8d6jxr3wrwsslqh"
00-0041051,"https://static.www.nfl.com/image/upload/f_auto,q_auto/league/lhodk54zsmznu4yxjoux"
00-0041052,"https://static.www.nfl.com/image/upload/f_auto,q_auto/league/nwgkzr1ysr32jc79zfnt"
00-0041053,"https://static.www.nfl.com/image/upload/f_auto,q_auto/league/wp0lu3cuqnu47gn3gmo1"
00-0041054,"https://static.www.nfl.com/image/upload/f_auto,q_auto/league/lhdrccjr1nefeeqnuzo7"
00-0041055,"https://static.www.nfl.com/image/upload/f_auto,q_auto/league/jowxyw99dao1tfevtpxm"
00-0041056,"https://static.www.nfl.com/image/upload/f_auto,q_auto/league/sqsxavkryojbysy4kq85"
00-0041057,"https://static.www.nfl.com/image/upload/f_auto,q_auto/league/vysxl6mkg0xgfjdgscj1"
00-0041058,"https://static.www.nfl.com/image/upload/f_auto,q_auto/league/yoigcukgefvk61ojqqba"
00-0041059,"https://static.www.nfl.com/image/upload/f_auto,q_auto/league/celtgaqzzg1pgqky5yju"
00-0041060,"https://static.www.nfl.com/image/upload/f_auto,q_auto/league/rs98wyp3t1ipacwqtvbz"
00-0041061,"https://static.www.nfl.com/image/upload/f_auto,q_auto/league/xxgctbtrfu8cbihjwgii"
00-0041062,"https://static.www.nfl.com/image/upload/f_auto,q_auto/league/p0nnxqjniklz0nqdmpm2"
00-0041063,"https://static.www.nfl.com/image/upload/f_auto,q_auto/league/wurwgex2escrqdqmyaeg"
00-0041064,"https://static.www.nfl.com/image/upload/f_auto,q_auto/league/xaausvzp0c7hyqgiqdbr"
00-0041065,"https://static.www.nfl.com/image/upload/f_auto,q_auto/league/s5b3bbmyxesu4kff2mci"
00-0041066,"https://static.www.nfl.com/image/upload/f_auto,q_auto/league/y0dplhsrdng9momqwilu"
00-0041067,"https://static.www.nfl.com/image/upload/f_auto,q_auto/league/lzh0hbhllbouh97ffpp6"
00-0041068,"https://static.www.nfl.com/image/upload/f_auto,q_auto/league/ywyqg8kadbaxy6fezyvv"
00-0041069,"https://static.www.nfl.com/image/upload/f_auto,q_auto/league/n4irmipxyl87b6jmudte"
00-0041070,"https://static.www.nfl.com/image/upload/f_auto,q_auto/league/hmaylhc9nc2zmqjdw1ib"
00-0041071,"https://static.www.nfl.com/image/upload/f_auto,q_auto/league/a5xw6zbvi2yy5mh4hgcg"
00-0041072,"https://static.www.nfl.com/image/upload/f_auto,q_auto/league/q50al52f5lmwzulxqqtl"
00-0041074,"https://static.www.nfl.com/image/upload/f_auto,q_auto/league/l9c6njm2uvmgcshmfeiq"
00-0041076,"https://static.www.nfl.com/image/upload/f_auto,q_auto/league/qvujxg50a70hzrg4luzm"
00-0041077,"https://static.www.nfl.com/image/upload/f_auto,q_auto/league/vglffv5obtvktndulobu"
00-0041078,"https://static.www.nfl.com/image/upload/f_auto,q_auto/league/qgqcvgbjx1yflrlwfltq"
00-0041079,"https://static.www.nfl.com/image/upload/f_auto,q_auto/league/vkgp4mn510m1dgx34zfx"
00-0041080,"https://static.www.nfl.com/image/upload/f_auto,q_auto/league/rdqs2cz8p8tdcnrkuxkt"
00-0041081,"https://static.www.nfl.com/image/upload/f_auto,q_auto/league/fl3inwpzgb7fgzpaezw1"
00-0041082,"https://static.www.nfl.com/image/upload/f_auto,q_auto/league/ngrfyxypmz5p2ta1r3js"
00-0041083,"https://static.www.nfl.com/image/upload/f_auto,q_auto/league/xqpfpwzaotawvch1v4ok"
00-0041084,"https://static.www.nfl.com/image/upload/f_auto,q_auto/league/yx0na9fufgv3snuyecbd"
00-0041085,"https://static.www.nfl.com/image/upload/f_auto,q_auto/league/szvuxrjdio44gh3y6h5q"
00-0041086,"https://static.www.nfl.com/image/upload/f_auto,q_auto/league/viakfc7gsrfvu7mxhox6"
00-0041088,"https://static.www.nfl.com/image/upload/f_auto,q_auto/league/ys7zvtbqlaobsxgtigxu"
00-0041089,"https://static.www.nfl.com/image/upload/f_auto,q_auto/league/zlsfss0kuhsnrzxlbmpw"
00-0041090,"https://static.www.nfl.com/image/upload/f_auto,q_auto/league/ti1hdlmlireeudbqmhaq"
00-0041091,"https://static.www.nfl.com/image/upload/f_auto,q_auto/league/nsnvwr7nu8pvfgneooy6"
00-0041092,"https://static.www.nfl.com/image/upload/f_auto,q_auto/league/ybylky9uitivzresfzt3"
00-0041093,"https://static.www.nfl.com/image/upload/f_auto,q_auto/league/pn4rwj6bnv1z3xykee5f"
00-0041094,"https://static.www.nfl.com/image/upload/f_auto,q_auto/league/xqj8rk6okp7eobbv5hps"
00-0041095,"https://static.www.nfl.com/image/upload/f_auto,q_auto/league/cscc37cjkwit6pkivj0r"
00-0041096,"https://static.www.nfl.com/image/upload/f_auto,q_auto/league/vbhwkqty94alwjyz8cin"
00-0041097,"https://static.www.nfl.com/image/upload/f_auto,q_auto/league/ncjopahmd0bod5hqbt7k"
00-0041098,"https://static.www.nfl.com/image/upload/f_auto,q_auto/league/ps2vih23mba17gjublbo"
00-0041099,"https://static.www.nfl.com/image/upload/f_auto,q_auto/league/zakfmezzed4qotdrmbpc"
00-0041100,"https://static.www.nfl.com/image/upload/f_auto,q_auto/league/jwb3wyhoqqq52mfiyxxc"
00-0041101,"https://static.www.nfl.com/image/upload/f_auto,q_auto/league/t69il88b4wzuu69bxr2t"
00-0041102,"https://static.www.nfl.com/image/upload/f_auto,q_auto/league/mi3bzmy1yrml24fmqfbx"
00-0041103,"https://static.www.nfl.com/image/upload/f_auto,q_auto/league/zkfttf9fzpkybtm6ozk3"
00-0041104,"https://static.www.nfl.com/image/upload/f_auto,q_auto/league/vmozbbdzgcaqq1yrixeb"
00-0041105,"https://static.www.nfl.com/image/upload/f_auto,q_auto/league/qn3dbs3bez8c60bgsamt"
00-0041106,"https://static.www.nfl.com/image/upload/f_auto,q_auto/league/svmb2citno2f6zqc9qbm"
00-0041107,"https://static.www.nfl.com/image/upload/f_auto,q_auto/league/ficvjzrrdu13rfzrteyt"
00-0041108,"https://static.www.nfl.com/image/upload/f_auto,q_auto/league/g7geoaea7asrtvfvni9r"
00-0041109,"https://static.www.nfl.com/image/upload/f_auto,q_auto/league/mjc4ip1xcg0rse1lrn1n"
00-0041110,"https://static.www.nfl.com/image/upload/f_auto,q_auto/league/q74hrt6lpzvxpuqrvzov"
00-0041111,"https://static.www.nfl.com/image/upload/f_auto,q_auto/league/fccbavqtdowwm9ixvg1w"
00-0041112,"https://static.www.nfl.com/image/upload/f_auto,q_auto/league/sdvimzmhvfuaj6m4wpsu"
00-0041113,"https://static.www.nfl.com/image/upload/f_auto,q_auto/league/y6ju7uixfyiuetnzraux"
00-0041114,"https://static.www.nfl.com/image/upload/f_auto,q_auto/league/u02f7hqvc5rubwbl9itk"
00-0041115,"https://static.www.nfl.com/image/upload/f_auto,q_auto/league/a8l2hp04k2ek5hx3j50b"
00-0041116,"https://static.www.nfl.com/image/upload/f_auto,q_auto/league/wxtev9zj048yzxk8ebfu"
00-0041117,"https://static.www.nfl.com/image/upload/f_auto,q_auto/league/ahtbv63jyg8ampmyrxn9"
00-0041118,"https://static.www.nfl.com/image/upload/f_auto,q_auto/league/zhqov0z3vzufg9rkcaxd"
00-0041119,"https://static.www.nfl.com/image/upload/f_auto,q_auto/league/ssizhdf9pbw2zxp3egcj"
00-0041120,"https://static.www.nfl.com/image/upload/f_auto,q_auto/league/mr1fz0yd8pvfjzis5ell"
00-0041121,"https://static.www.nfl.com/image/upload/f_auto,q_auto/league/spvsdjmjvcvuerqw3y5d"
00-0041122,"https://static.www.nfl.com/image/upload/f_auto,q_auto/league/gcjqllkpo5cx41ocdvbt"
00-0041123,"https://static.www.nfl.com/image/upload/f_auto,q_auto/league/st5s1urflg14hwvx8uzl"
00-0041124,"https://static.www.nfl.com/image/upload/f_auto,q_auto/league/racsjeolwog7ueun0pab"
00-0041125,"https://static.www.nfl.com/image/upload/f_auto,q_auto/league/qkwvvygwu9pan88sivzb"
00-0041126,"https://static.www.nfl.com/image/upload/f_auto,q_auto/league/kqtedpbw8nmmvnp5vomj"
00-0041127,"https://static.www.nfl.com/image/upload/f_auto,q_auto/league/sgynne35cxl9y5fyzurs"
00-0041128,"https://static.www.nfl.com/image/upload/f_auto,q_auto/league/s2uqywfqwqqe9ubdml5w"
00-0041130,"https://static.www.nfl.com/image/upload/f_auto,q_auto/league/pncxuddkqd2csgmxzkfm"
00-0041131,"https://static.www.nfl.com/image/upload/f_auto,q_auto/league/qiqiqjw4vyhv2xpxt2np"
00-0041132,"https://static.www.nfl.com/image/upload/f_auto,q_auto/league/mbejyq733jilg3bkpzur"
00-0041133,"https://static.www.nfl.com/image/upload/f_auto,q_auto/league/vaiszquqlgric9cfbwjf"
00-0041134,"https://static.www.nfl.com/image/upload/f_auto,q_auto/league/nmlusx7gpecv6trobnjh"
00-0041136,"https://static.www.nfl.com/image/upload/f_auto,q_auto/league/qn7lj4k9kkklluhifocz"
00-0041138,"https://static.www.nfl.com/image/upload/f_auto,q_auto/league/zb27al135smoctturd2b"
00-0041139,"https://static.www.nfl.com/image/upload/f_auto,q_auto/league/pfbet5qlrhpv0qaxqbax"
00-0041143,"https://static.www.nfl.com/image/upload/f_auto,q_auto/league/vdnd7w2xp70dionjqi3l"
00-0041144,"https://static.www.nfl.com/image/upload/f_auto,q_auto/league/kwyianyrtbidf3yjwbup"
00-0041145,"https://static.www.nfl.com/image/upload/f_auto,q_auto/league/rej45oauer8jysbtwbxm"
00-0041148,"https://static.www.nfl.com/image/upload/f_auto,q_auto/league/bq76gtte5drlejyfnjnn"
00-0041149,"https://static.www.nfl.com/image/upload/f_auto,q_auto/league/qcloyq4ahyh0hfzo6i0i"
00-0041151,"https://static.www.nfl.com/image/upload/f_auto,q_auto/league/cwfe0yumsk0ydn3b6bq8"
00-0041153,"https://static.www.nfl.com/image/upload/f_auto,q_auto/league/rmc5wkyad0gu4gxtvzzy"
00-0041156,"https://static.www.nfl.com/image/upload/f_auto,q_auto/league/yqbrulccgmwxaboyy3dx"
00-0041159,"https://static.www.nfl.com/image/upload/f_auto,q_auto/league/rzwunvxmj9ztdfe1xi2l"
00-0041162,"https://static.www.nfl.com/image/upload/f_auto,q_auto/league/l0onarptlshevpa3bba1"
00-0041170,"https://static.www.nfl.com/image/upload/f_auto,q_auto/league/gbhffvvzh3nnzpno5hhw"
00-0041171,"https://static.www.nfl.com/image/upload/f_auto,q_auto/league/cocsd3g9llyyzbt1qznb"
00-0041172,"https://static.www.nfl.com/image/upload/f_auto,q_auto/league/p86kdskm2q45zetkrx03"
00-0041173,"https://static.www.nfl.com/image/upload/f_auto,q_auto/league/kqptv02lvnfxzk6iy7y7"
00-0041175,"https://static.www.nfl.com/image/upload/f_auto,q_auto/league/ojgmea3dm5nvck8lasx6"
00-0041176,"https://static.www.nfl.com/image/upload/f_auto,q_auto/league/kr2pi6xguzj2ejtpvsnm"
00-0041177,"https://static.www.nfl.com/image/upload/f_auto,q_auto/league/cggb4uh3hy1gzmyuqk4v"
00-0041178,"https://static.www.nfl.com/image/upload/f_auto,q_auto/league/aehybugrdkpwoegwc10v"
00-0041179,"https://static.www.nfl.com/image/upload/f_auto,q_auto/league/x4c5gmotlioz2xynmtkw"
00-0041182,"https://static.www.nfl.com/image/upload/f_auto,q_auto/league/dzlynw7seoaqck1r2il3"
00-0041183,"https://static.www.nfl.com/image/upload/f_auto,q_auto/league/fpqkhar4pwwp8wc6hrcb"
00-0041185,"https://static.www.nfl.com/image/upload/f_auto,q_auto/league/za7sl8mdnvpy1lvo7gva"
00-0041186,"https://static.www.nfl.com/image/upload/f_auto,q_auto/league/izljy0gycj4sz3pc5n8z"
00-0041188,"https://static.www.nfl.com/image/upload/f_auto,q_auto/league/tjpmrufhkvsxdfmqchgw"
00-0041191,"https://static.www.nfl.com/image/upload/f_auto,q_auto/league/w8owngxypixljzcnwyiv"
00-0041192,"https://static.www.nfl.com/image/upload/f_auto,q_auto/league/ccdfmnjjfph73wxaflts"
00-0041194,"https://static.www.nfl.com/image/upload/f_auto,q_auto/league/oadw9h9otuauaiv1vxvz"
00-0041195,"https://static.www.nfl.com/image/upload/f_auto,q_auto/league/wotouog19khzog4kfwmq"
00-0041196,"https://static.www.nfl.com/image/upload/f_auto,q_auto/league/wjft7vvf0zougklyuctc"
00-0041203,"https://static.www.nfl.com/image/upload/f_auto,q_auto/league/ftafwh4qrzhpxp8kq0ca"
00-0041204,"https://static.www.nfl.com/image/upload/f_auto,q_auto/league/uq2bnnr2iea1gjvi0p3z"
00-0041208,"https://static.www.nfl.com/image/upload/f_auto,q_auto/league/fkpmi3qwjwkjcluhjkhn"
00-0041216,"https://static.www.nfl.com/image/upload/f_auto,q_auto/league/odtp8h91i2q8mjwbtypa"
00-0041217,"https://static.www.nfl.com/image/upload/f_auto,q_auto/league/bllauluwnbc34h7uzuom"
00-0041218,"https://static.www.nfl.com/image/upload/f_auto,q_auto/league/c46kdynfmqxdt9zlm1kn"
00-0041220,"https://static.www.nfl.com/image/upload/f_auto,q_auto/league/vu5tb8rwe3rwu9vlpzvj"
00-0041225,"https://static.www.nfl.com/image/upload/f_auto,q_auto/league/g1i05at0lduxgstpgiel"
00-0041227,"https://static.www.nfl.com/image/upload/f_auto,q_auto/league/ctykt0vp405vb6pzrh4t"
00-0041230,"https://static.www.nfl.com/image/upload/f_auto,q_auto/league/tpedch0htpw3i47jrj7t"
00-0041232,"https://static.www.nfl.com/image/upload/f_auto,q_auto/league/ckdp3a3c02je29nzrptb"
00-0041234,"https://static.www.nfl.com/image/upload/f_auto,q_auto/league/flljxyu3fooj4piap4hz"
00-0041236,"https://static.www.nfl.com/image/upload/f_auto,q_auto/league/hcmqnw4vsoxbiju2poyb"
00-0041239,"https://static.www.nfl.com/image/upload/f_auto,q_auto/league/hdagffadajptx8nxfs8w"
00-0041241,"https://static.www.nfl.com/image/upload/f_auto,q_auto/league/knfwlw5u1poz75qfyuy5"
00-0041248,"https://static.www.nfl.com/image/upload/f_auto,q_auto/league/kafm8ce25xilrai8zsrz"
00-0041251,"https://static.www.nfl.com/image/upload/f_auto,q_auto/league/hwhfl6i5drktwjvslfpn"
00-0041252,"https://static.www.nfl.com/image/upload/f_auto,q_auto/league/bkvuyl1uu3e21tet01iz"
00-0041253,"https://static.www.nfl.com/image/upload/f_auto,q_auto/league/qlpjgp4neoxtnxkkaxek"
00-0041255,"https://static.www.nfl.com/image/upload/f_auto,q_auto/league/cctn8p66br2fainucxk3"
00-0041256,"https://static.www.nfl.com/image/upload/f_auto,q_auto/league/z9fvkrqzww2zmzwibvn9"
00-0041257,"https://static.www.nfl.com/image/upload/f_auto,q_auto/league/goritmogduir5z46j8v1"
00-0041261,"https://static.www.nfl.com/image/upload/f_auto,q_auto/league/frofsca3oys8er9sm1jo"
00-0041263,"https://static.www.nfl.com/image/upload/f_auto,q_auto/league/z44mxfva1mljsixo7c2l"
00-0041267,"https://static.www.nfl.com/image/upload/f_auto,q_auto/league/ekh5mirge1jmayln4tfe"
00-0041272,"https://static.www.nfl.com/image/upload/f_auto,q_auto/league/pzy27lpwlernu820cyfd"
00-0041275,"https://static.www.nfl.com/image/upload/f_auto,q_auto/league/ygzyjhm5detd5jmkogv2"
00-0041276,"https://static.www.nfl.com/image/upload/f_auto,q_auto/league/ai9tsdkibbku98tzbedb"
00-0041277,"https://static.www.nfl.com/image/upload/f_auto,q_auto/league/ddzlehyaaedbtx8lh9vv"
00-0041287,"https://static.www.nfl.com/image/upload/f_auto,q_auto/league/zjc32vqzdoq9n5uk90uf"
00-0041289,"https://static.www.nfl.com/image/upload/f_auto,q_auto/league/civl60ohpbvwssq9h76s"
00-0041292,"https://static.www.nfl.com/image/upload/f_auto,q_auto/league/u3bhwno76vnuflla9jjg"
00-0041293,"https://static.www.nfl.com/image/upload/f_auto,q_auto/league/got8amcmxwu5li8zwcnv"
00-0041296,"https://static.www.nfl.com/image/upload/f_auto,q_auto/league/mawpqz9m0qcjwcrlabzt"
00-0041297,"https://static.www.nfl.com/image/upload/f_auto,q_auto/league/birjqhksr8vcpsxs27nw"
00-0041303,"https://static.www.nfl.com/image/upload/f_auto,q_auto/league/zhkw7gmxfbcebcpoms2j"
00-0041305,"https://static.www.nfl.com/image/upload/f_auto,q_auto/league/lfw9jpcytz9nzrz3irxa"
00-0041306,"https://static.www.nfl.com/image/upload/f_auto,q_auto/league/xidnqx1gkgr7dtdbg3br"
00-0041309,"https://static.www.nfl.com/image/upload/f_auto,q_auto/league/u5goe2agufae3d8jphi9"
00-0041312,"https://static.www.nfl.com/image/upload/f_auto,q_auto/league/ofifs3fbgpnv6qtcjain"
00-0041313,"https://static.www.nfl.com/image/upload/f_auto,q_auto/league/csaxmcy2h46hqxaxqnzp"
00-0041314,"https://static.www.nfl.com/image/upload/f_auto,q_auto/league/vgc4lne9seywphzadlav"
00-0041316,"https://static.www.nfl.com/image/upload/f_auto,q_auto/league/aaidtccosmwngboptnkf"
00-0041318,"https://static.www.nfl.com/image/upload/f_auto,q_auto/league/obg1mz6j2ax8fqhig1uj"
00-0041319,"https://static.www.nfl.com/image/upload/f_auto,q_auto/league/lzae2vexciqchpaejeis"
00-0041320,"https://static.www.nfl.com/image/upload/f_auto,q_auto/league/hnfpjatae3feakzaa7oo"
00-0041321,"https://static.www.nfl.com/image/upload/f_auto,q_auto/league/qszmbux0k3qezu12mrs4"
00-0041323,"https://static.www.nfl.com/image/upload/f_auto,q_auto/league/x2iwklhxz7it7m1hsdwy"
00-0041325,"https://static.www.nfl.com/image/upload/f_auto,q_auto/league/fioyvuz4qbdnm5b97zkf"
00-0041326,"https://static.www.nfl.com/image/upload/f_auto,q_auto/league/lwl0pyoz7mbjcne0stsx"
00-0041327,"https://static.www.nfl.com/image/upload/f_auto,q_auto/league/e7ryku3lwro60d4ugp9f"
00-0041329,"https://static.www.nfl.com/image/upload/f_auto,q_auto/league/jehzyru8z7dlh4ws4fqx"
00-0041330,"https://static.www.nfl.com/image/upload/f_auto,q_auto/league/crkhadhimz9ds15jt4mo"
00-0041335,"https://static.www.nfl.com/image/upload/f_auto,q_auto/league/rxgaktmtqeqw7yvqbemt"
00-0041336,"https://static.www.nfl.com/image/upload/f_auto,q_auto/league/salnwkfmy9wgq8tmm8mm"
00-0041338,"https://static.www.nfl.com/image/upload/f_auto,q_auto/league/syo5se7gt7lavlfxp3fl"
00-0041339,"https://static.www.nfl.com/image/upload/f_auto,q_auto/league/wwxzxeb9vkkks5gehjiv"
00-0041341,"https://static.www.nfl.com/image/upload/f_auto,q_auto/league/jxf34gnwnwuohqkssugv"
00-0041342,"https://static.www.nfl.com/image/upload/f_auto,q_auto/league/b9v5ex8bfoum15d8v2gf"
00-0041344,"https://static.www.nfl.com/image/upload/f_auto,q_auto/league/itludydyhonkxtz5sebd"
00-0041354,"https://static.www.nfl.com/image/upload/f_auto,q_auto/league/xme4nohvydgpjnj6gpge"
00-0041357,"https://static.www.nfl.com/image/upload/f_auto,q_auto/league/txukjdrzl6um3k3t0t31"
00-0041358,"https://static.www.nfl.com/image/upload/f_auto,q_auto/league/j1jl72vreavg4ogitcln"
00-0041359,"https://static.www.nfl.com/image/upload/f_auto,q_auto/league/n5hfuzuaxausgstr3cp8"
00-0041360,"https://static.www.nfl.com/image/upload/f_auto,q_auto/league/drg6jegxm6gywk2sfxhe"
00-0041361,"https://static.www.nfl.com/image/upload/f_auto,q_auto/league/hk2txxjkjk1ycmluu2kn"
00-0041362,"https://static.www.nfl.com/image/upload/f_auto,q_auto/league/qtlqtpbd1mmpyvcuoa4k"
00-0041363,"https://static.www.nfl.com/image/upload/f_auto,q_auto/league/kaksxzzz2yoykrlsv0hc"
00-0041366,"https://static.www.nfl.com/image/upload/f_auto,q_auto/league/c8jeabzy38oouigdr214"
00-0041367,"https://static.www.nfl.com/image/upload/f_auto,q_auto/league/uuczxjw4ass8y7h2sij8"
00-0041368,"https://static.www.nfl.com/image/upload/f_auto,q_auto/league/mxwpoysyvficq6vgvcdq"
00-0041369,"https://static.www.nfl.com/image/upload/f_auto,q_auto/league/je6s5ezbps6ouanmle5p"
00-0041370,"https://static.www.nfl.com/image/upload/f_auto,q_auto/league/yehplfdaudjovmu77qbe"
00-0041372,"https://static.www.nfl.com/image/upload/f_auto,q_auto/league/hqmemqmhk4bnpdaynlf3"
00-0041376,"https://static.www.nfl.com/image/upload/f_auto,q_auto/league/serg5wdxgoemdropu4vs"
00-0041381,"https://static.www.nfl.com/image/upload/f_auto,q_auto/league/h81syaexfnoma3efhimz"
00-0041382,"https://static.www.nfl.com/image/upload/f_auto,q_auto/league/o6hgu7dqu1cr50mooybp"
00-0041383,"https://static.www.nfl.com/image/upload/f_auto,q_auto/league/t0sybcgjsmso9bxpggf1"
00-0041384,"https://static.www.nfl.com/image/upload/f_auto,q_auto/league/oiypi2ljtijzyh5mpi3f"
00-0041385,"https://static.www.nfl.com/image/upload/f_auto,q_auto/league/tq22imtngjpu2fn8su5g"
00-0041386,"https://static.www.nfl.com/image/upload/f_auto,q_auto/league/eqjhmsh9desuuzsaemrj"
00-0041387,"https://static.www.nfl.com/image/upload/f_auto,q_auto/league/owat1mlzs6ozrpqa1jfo"
00-0041390,"https://static.www.nfl.com/image/upload/f_auto,q_auto/league/goyemhogpp21adasa9z7"
00-0041391,"https://static.www.nfl.com/image/upload/f_auto,q_auto/league/jb0yvudwlaooyiemyxh8"
00-0041392,"https://static.www.nfl.com/image/upload/f_auto,q_auto/league/m3tbps2o5cuy8ueeygjy"
00-0041393,"https://static.www.nfl.com/image/upload/f_auto,q_auto/league/cihcum2yfkzszr6e7icn"
00-0041394,"https://static.www.nfl.com/image/upload/f_auto,q_auto/league/yu1xi1tsm8my89xiefte"
00-0041395,"https://static.www.nfl.com/image/upload/f_auto,q_auto/league/tglrg0yek3kwrt8rqz5t"
00-0041396,"https://static.www.nfl.com/image/upload/f_auto,q_auto/league/orewpce9gba4rsx0qnr8"
00-0041397,"https://static.www.nfl.com/image/upload/f_auto,q_auto/league/s44clgjdvd1tuslyqimk"
00-0041398,"https://static.www.nfl.com/image/upload/f_auto,q_auto/league/nhyd8plaetjoosbq1btb"
00-0041399,"https://static.www.nfl.com/image/upload/f_auto,q_auto/league/jqx2xj6xmri9hrjm8azc"
00-0041400,"https://static.www.nfl.com/image/upload/f_auto,q_auto/league/pvqedjkhi9vdrjbrrmcr"
00-0041401,"https://static.www.nfl.com/image/upload/f_auto,q_auto/league/e0h7triczbebvcoqdgnx"
00-0041402,"https://static.www.nfl.com/image/upload/f_auto,q_auto/league/whetlplnqownwubrmaxe"
00-0041404,"https://static.www.nfl.com/image/upload/f_auto,q_auto/league/roysfq0w8zqapiaxl5ef"
00-0041410,"https://static.www.nfl.com/image/upload/f_auto,q_auto/league/uxfz8xexycjmemktijh6"
00-0041412,"https://static.www.nfl.com/image/upload/f_auto,q_auto/league/u005l47kqbf4w8futftr"
00-0041413,"https://static.www.nfl.com/image/upload/f_auto,q_auto/league/fptjz8akstlgldroj4sm"
00-0041415,"https://static.www.nfl.com/image/upload/f_auto,q_auto/league/fgsgqkdsnliwujjtvvw3"
00-0041416,"https://static.www.nfl.com/image/upload/f_auto,q_auto/league/qqbmr0tzkjo6v9dmmf9t"
00-0041421,"https://static.www.nfl.com/image/upload/f_auto,q_auto/league/nawtfh3f2qgclu8oatjf"
00-0041422,"https://static.www.nfl.com/image/upload/f_auto,q_auto/league/q6dostpr0u6fu0yygyua"
00-0041424,"https://static.www.nfl.com/image/upload/f_auto,q_auto/league/fh2wh6vdhruwdgevzlbr"
00-0041428,"https://static.www.nfl.com/image/upload/f_auto,q_auto/league/pu6btnmx6ypm4ybgvxa2"
00-0041431,"https://static.www.nfl.com/image/upload/f_auto,q_auto/league/o2ni1w7qx6aqgqfv6heh"
00-0041434,"https://static.www.nfl.com/image/upload/f_auto,q_auto/league/ixyolsbhodr71dqhnacb"
00-0041435,"https://static.www.nfl.com/image/upload/f_auto,q_auto/league/kgjiwlmhmxnygppjzmph"
00-0041436,"https://static.www.nfl.com/image/upload/f_auto,q_auto/league/snacspvu9hic30y1vd8m"
00-0041438,"https://static.www.nfl.com/image/upload/f_auto,q_auto/league/ghpmpzcnigxrdbyvcxke"
00-0041439,"https://static.www.nfl.com/image/upload/f_auto,q_auto/league/l4asr5sgiqltqyw0fvf2"
00-0041440,"https://static.www.nfl.com/image/upload/f_auto,q_auto/league/s9qpl2hid4ydacfgnkkj"
00-0041441,"https://static.www.nfl.com/image/upload/f_auto,q_auto/league/cl0rhuy0xdtwwu2fq2os"
00-0041442,"https://static.www.nfl.com/image/upload/f_auto,q_auto/league/sivfbjxymtff2cumzr92"
00-0041443,"https://static.www.nfl.com/image/upload/f_auto,q_auto/league/oac3geuuhazbznztufzk"
00-0041444,"https://static.www.nfl.com/image/upload/f_auto,q_auto/league/uagxpthu9yavvnupay9y"
00-0041445,"https://static.www.nfl.com/image/upload/f_auto,q_auto/league/pnryzkihoi17eq91ibag"
00-0041446,"https://static.www.nfl.com/image/upload/f_auto,q_auto/league/progttkuaumows8eeqsq"
00-0041447,"https://static.www.nfl.com/image/upload/f_auto,q_auto/league/noftllzrysprcx9tktdb"
00-0041449,"https://static.www.nfl.com/image/upload/f_auto,q_auto/league/lrev1iowpsduiovqk1bd"
00-0041453,"https://static.www.nfl.com/image/upload/f_auto,q_auto/league/eriopmdwcfjude1cptvi"
00-0041454,"https://static.www.nfl.com/image/upload/f_auto,q_auto/league/ewwjcwikx8nqcgxdbbu1"
00-0041455,"https://static.www.nfl.com/image/upload/f_auto,q_auto/league/lj86qzcqducqtasd4au0"
00-0041458,"https://static.www.nfl.com/image/upload/f_auto,q_auto/league/jz6cvd4ur6gwmje4eq57"
00-0041459,"https://static.www.nfl.com/image/upload/f_auto,q_auto/league/kexejxtyigkg6wiopccu"
00-0041462,"https://static.www.nfl.com/image/upload/f_auto,q_auto/league/lzlv1gqqjzhawk3jfu8m"
00-0041463,"https://static.www.nfl.com/image/upload/f_auto,q_auto/league/l1kul40tgcpyox07cbaa"
00-0041464,"https://static.www.nfl.com/image/upload/f_auto,q_auto/league/l4vgk9lz1y81pm89hxf7"
00-0041465,"https://static.www.nfl.com/image/upload/f_auto,q_auto/league/pwnisqesajtuhmgkfhjq"
00-0041466,"https://static.www.nfl.com/image/upload/f_auto,q_auto/league/h13havquctbz0yop4hlr"
00-0041467,"https://static.www.nfl.com/image/upload/f_auto,q_auto/league/qm5q5iilnctaitwwscst"
00-0041468,"https://static.www.nfl.com/image/upload/f_auto,q_auto/league/qb9l3hc9l6pytbgpwrmd"
00-0041469,"https://static.www.nfl.com/image/upload/f_auto,q_auto/league/ellqzbdrtdoxmte2ehk8"
00-0041470,"https://static.www.nfl.com/image/upload/f_auto,q_auto/league/jvhlu2ghhxoitpve7ccj"
00-0041472,"https://static.www.nfl.com/image/upload/f_auto,q_auto/league/ek2nzhrwqxl6psbm2iic"
00-0041478,"https://static.www.nfl.com/image/upload/f_auto,q_auto/league/h3dk22cisv0hv6dpvd6a"
00-0041479,"https://static.www.nfl.com/image/upload/f_auto,q_auto/league/rcozyv4kil96dw8aovh4"
00-0041482,"https://static.www.nfl.com/image/upload/f_auto,q_auto/league/jwaks17icukbwjeshhnf"
00-0041483,"https://static.www.nfl.com/image/upload/f_auto,q_auto/league/c9rjqit3q5tm9hzkm5ay"
00-0041486,"https://static.www.nfl.com/image/upload/f_auto,q_auto/league/sxtze52r5ruogs7lmyjh"
00-0041489,"https://static.www.nfl.com/image/upload/f_auto,q_auto/league/rsbtypbsvxux94vokb5q"
00-0041490,"https://static.www.nfl.com/image/upload/f_auto,q_auto/league/jhiyjb8jmjyzehmrrjoy"
00-0041493,"https://static.www.nfl.com/image/upload/f_auto,q_auto/league/pd1gsbwhqekfnw2rk137"
00-0041494,"https://static.www.nfl.com/image/upload/f_auto,q_auto/league/hnutmew9xs7czug8ujne"
00-0041495,"https://static.www.nfl.com/image/upload/f_auto,q_auto/league/xxquil9cdqnjwqiwrj4h"
00-0041496,"https://static.www.nfl.com/image/upload/f_auto,q_auto/league/qbauucaxakkhtxihuvmr"
00-0041497,"https://static.www.nfl.com/image/upload/f_auto,q_auto/league/huudorks6t6jyqnytlcy"
00-0041501,"https://static.www.nfl.com/image/upload/f_auto,q_auto/league/kyj9zy752wgq6nnn4ui6"
00-0041502,"https://static.www.nfl.com/image/upload/f_auto,q_auto/league/sqikte2lgczxdun64akq"
00-0041503,"https://static.www.nfl.com/image/upload/f_auto,q_auto/league/bxglkvzpx2y40u25xaso"
00-0041505,"https://static.www.nfl.com/image/upload/f_auto,q_auto/league/sf5gdoimkobalbcvgirv"
00-0041508,"https://static.www.nfl.com/image/upload/f_auto,q_auto/league/yn8hrjyo5q5kcmriamnb"
00-0041509,"https://static.www.nfl.com/image/upload/f_auto,q_auto/league/tvhqfy34evkal6zpu9to"
00-0041511,"https://static.www.nfl.com/image/upload/f_auto,q_auto/league/lmua2lbg0m77ibvydvaq"
00-0041512,"https://static.www.nfl.com/image/upload/f_auto,q_auto/league/toy90i08oumgbdlvctja"
00-0041517,"https://static.www.nfl.com/image/upload/f_auto,q_auto/league/byzurpewdn5eqgulkwbt"
00-0041518,"https://static.www.nfl.com/image/upload/f_auto,q_auto/league/yyzig5kcgafowpllis6g"
00-0041521,"https://static.www.nfl.com/image/upload/f_auto,q_auto/league/drkcektwmef11cd6pojk"
00-0041522,"https://static.www.nfl.com/image/upload/f_auto,q_auto/league/yqhkilqqhuxelhiz40qv"
00-0041523,"https://static.www.nfl.com/image/upload/f_auto,q_auto/league/stwypvmutplwvi1zzbmu"
00-0041524,"https://static.www.nfl.com/image/upload/f_auto,q_auto/league/erqascuieblamkhf2vbs"
00-0041525,"https://static.www.nfl.com/image/upload/f_auto,q_auto/league/zgbku18zemqyryvyahd4"
00-0041526,"https://static.www.nfl.com/image/upload/f_auto,q_auto/league/kezibcnrkdwepbbkaqfq"
00-0041527,"https://static.www.nfl.com/image/upload/f_auto,q_auto/league/dhnmmaa0fa4qevmfjez0"
00-0041529,"https://static.www.nfl.com/image/upload/f_auto,q_auto/league/nqqd4zjnxephjb4qziww"
00-0041530,"https://static.www.nfl.com/image/upload/f_auto,q_auto/league/lwtw3jr4gihs3x6ezole"
00-0041531,"https://static.www.nfl.com/image/upload/f_auto,q_auto/league/kelqyicfaaxoabstgwrr"
00-0041532,"https://static.www.nfl.com/image/upload/f_auto,q_auto/league/qzt4txsu9hhjgy9yiwej"
00-0041533,"https://static.www.nfl.com/image/upload/f_auto,q_auto/league/xapxjgeqo5rbmuvfxbfv"
00-0041534,"https://static.www.nfl.com/image/upload/f_auto,q_auto/league/qasbqd0pea2nnfgtg9fj"
00-0041537,"https://static.www.nfl.com/image/upload/f_auto,q_auto/league/fyhju3zbedckstcoufxp"
00-0041538,"https://static.www.nfl.com/image/upload/f_auto,q_auto/league/hyl3qlps5bwhwvklhf2j"
00-0041539,"https://static.www.nfl.com/image/upload/f_auto,q_auto/league/xln1vy146svhdcpqn643"
00-0041541,"https://static.www.nfl.com/image/upload/f_auto,q_auto/league/cjnhusuj4mifbdoseimb"
00-0041542,"https://static.www.nfl.com/image/upload/f_auto,q_auto/league/apgmlcxyj2cngrcwkbno"
00-0041543,"https://static.www.nfl.com/image/upload/f_auto,q_auto/league/tw9nfj4gxwqjvqfencwo"
00-0041544,"https://static.www.nfl.com/image/upload/f_auto,q_auto/league/uzofkqafecc5zqqwyiyd"
00-0041545,"https://static.www.nfl.com/image/upload/f_auto,q_auto/league/faer3odluhui4euszouu"
00-0041546,"https://static.www.nfl.com/image/upload/f_auto,q_auto/league/qepm55rb579namslsmjb"
00-0041547,"https://static.www.nfl.com/image/upload/f_auto,q_auto/league/ztdyzyngqr1pexyghlt3"
00-0041548,"https://static.www.nfl.com/image/upload/f_auto,q_auto/league/xxt4s3hr2srnm4geikpp"
00-0041549,"https://static.www.nfl.com/image/upload/f_auto,q_auto/league/kmkykh3qj3gxyhn006jr"
00-0041550,"https://static.www.nfl.com/image/upload/f_auto,q_auto/league/khlvgjk60vz6ghkwpmak"
00-0041552,"https://static.www.nfl.com/image/upload/f_auto,q_auto/league/d2ttkvv1veffjciazekv"
00-0041553,"https://static.www.nfl.com/image/upload/f_auto,q_auto/league/es2d7bq7qj5xestutdk2"
00-0041554,"https://static.www.nfl.com/image/upload/f_auto,q_auto/league/zbm6pz0vpqq5jup2s0ky"
00-0041555,"https://static.www.nfl.com/image/upload/f_auto,q_auto/league/poc14gh4dkx2uqoronkr"
00-0041556,"https://static.www.nfl.com/image/upload/f_auto,q_auto/league/l3arvnk3oxjzzglzvnps"
00-0041557,"https://static.www.nfl.com/image/upload/f_auto,q_auto/league/kgidfvowkezba4g4nig8"
00-0041558,"https://static.www.nfl.com/image/upload/f_auto,q_auto/league/jqkmmguw4934lyjgvuip"
00-0041559,"https://static.www.nfl.com/image/upload/f_auto,q_auto/league/clcdhdvcrafpqstv35vp"
00-0041561,"https://static.www.nfl.com/image/upload/f_auto,q_auto/league/yvybqpgnezk75h9rpobv"
00-0041562,"https://static.www.nfl.com/image/upload/f_auto,q_auto/league/umygvel2pumkyvxt3jm9"
00-0041563,"https://static.www.nfl.com/image/upload/f_auto,q_auto/league/dhihcvbhqkm7sqcmhhwr"
00-0041565,"https://static.www.nfl.com/image/upload/f_auto,q_auto/league/sphuqnfrtzwsgeugeycz"
00-0041568,"https://static.www.nfl.com/image/upload/f_auto,q_auto/league/lbvqgmsidrpxh1jyyey6"
00-0041569,"https://static.www.nfl.com/image/upload/f_auto,q_auto/league/olnj7czbn0ul98o5nn61"
00-0041579,"https://static.www.nfl.com/image/upload/f_auto,q_auto/league/kzpmm2zoctywb276zqt4"
00-0041580,"https://static.www.nfl.com/image/upload/f_auto,q_auto/league/xrr9qhsppukv53ilfpkp"
00-0041582,"https://static.www.nfl.com/image/upload/f_auto,q_auto/league/juovdeicuriiauham1my"
00-0041583,"https://static.www.nfl.com/image/upload/f_auto,q_auto/league/nhfkvrykdx4zk8wkek5b"
