season,week,game_id,player_id,player_name,position,team,opponent_team,targets,receptions,receiving_yards,receiving_tds,receiving_air_yards,receiving_yards_after_catch,receiving_10,receiving_16,receiving_20,receiving_40,target_share,air_yards_share,wopr,carries,rushing_yards,rushing_tds,rushing_10,rushing_12,rushing_20,rushing_40,fantasy_points_ppr
2025,11,2025_11_CIN_PIT,00-0023459,A.Rodgers,QB,PIT,CIN,0,0,0,0,0,0,0,0,0,0,0,0,0,1,8,0,0,0,0,0,9.44
2025,13,2025_13_BUF_PIT,00-0023459,A.Rodgers,QB,PIT,BUF,0,0,0,0,0,0,0,0,0,0,0,0,0,1,0,0,0,0,0,0,2.68
2025,14,2025_14_PIT_BAL,00-0023459,A.Rodgers,QB,PIT,BAL,1,1,-9,0,-9,0,0,0,0,0,0.0303030303030303,-0.0424528301886792,0.01573756432247,2,0,1,0,0,0,0,21.46
2025,15,2025_15_MIA_PIT,00-0023459,A.Rodgers,QB,PIT,MIA,0,0,0,0,0,0,0,0,0,0,0,0,0,0,0,0,0,0,0,0,16.96
2025,16,2025_16_PIT_DET,00-0023459,A.Rodgers,QB,PIT,DET,0,0,0,0,0,0,0,0,0,0,0,0,0,2,9,0,0,0,0,0,15.54
2025,17,2025_17_PIT_CLE,00-0023459,A.Rodgers,QB,PIT,CLE,0,0,0,0,0,0,0,0,0,0,0,0,0,1,6,0,0,0,0,0,7.32
2025,18,2025_18_BAL_PIT,00-0023459,A.Rodgers,QB,PIT,BAL,0,0,0,0,0,0,0,0,0,0,0,0,0,1,20,0,1,1,1,0,17.76
2025,8,2025_08_NYJ_CIN,00-0026158,J.Flacco,QB,CIN,NYJ,0,0,0,0,0,0,0,0,0,0,0,0,0,2,14,1,1,1,0,0,24.32
2025,9,2025_09_CHI_CIN,00-0026158,J.Flacco,QB,CIN,CHI,0,0,0,0,0,0,0,0,0,0,0,0,0,1,-1,0,0,0,0,0,30.7
2025,11,2025_11_CIN_PIT,00-0026158,J.Flacco,QB,CIN,PIT,0,0,0,0,0,0,0,0,0,0,0,0,0,1,-1,0,0,0,0,0,9.86
2025,12,2025_12_NE_CIN,00-0026158,J.Flacco,QB,CIN,NE,0,0,0,0,0,0,0,0,0,0,0,0,0,1,3,0,0,0,0,0,9.62
2025,16,2025_16_CIN_MIA,00-0026158,J.Flacco,QB,CIN,MIA,0,0,0,0,0,0,0,0,0,0,0,0,0,0,0,0,0,0,0,0,0.16
2025,17,2025_17_ARI_CIN,00-0026158,J.Flacco,QB,CIN,ARI,0,0,0,0,0,0,0,0,0,0,0,0,0,4,2,0,0,0,0,0,1.16
2025,18,2025_18_CLE_CIN,00-0026158,J.Flacco,QB,CIN,CLE,0,0,0,0,0,0,0,0,0,0,0,0,0,1,2,0,0,0,0,0,0.2
2025,12,2025_12_TB_LA,00-0026498,M.Stafford,QB,LA,TB,0,0,0,0,0,0,0,0,0,0,0,0,0,0,0,0,0,0,0,0,22.92
2025,13,2025_13_LA_CAR,00-0026498,M.Stafford,QB,LA,CAR,0,0,0,0,0,0,0,0,0,0,0,0,0,1,-1,0,0,0,0,0,11.62
2025,14,2025_14_LA_ARI,00-0026498,M.Stafford,QB,LA,ARI,0,0,0,0,0,0,0,0,0,0,0,0,0,0,0,0,0,0,0,0,23.24
2025,15,2025_15_DET_LA,00-0026498,M.Stafford,QB,LA,DET,0,0,0,0,0,0,0,0,0,0,0,0,0,1,2,0,0,0,0,0,20.92
2025,16,2025_16_LA_SEA,00-0026498,M.Stafford,QB,LA,SEA,0,0,0,0,0,0,0,0,0,0,0,0,0,2,6,0,0,0,0,0,30.88
2025,17,2025_17_LA_ATL,00-0026498,M.Stafford,QB,LA,ATL,0,0,0,0,0,0,0,0,0,0,0,0,0,0,0,0,0,0,0,0,12.76
2025,18,2025_18_ARI_LA,00-0026498,M.Stafford,QB,LA,ARI,0,0,0,0,0,0,0,0,0,0,0,0,0,1,3,0,0,0,0,0,26.66
2025,1,2025_01_NYG_WAS,00-0029263,R.Wilson,QB,NYG,WAS,0,0,0,0,0,0,0,0,0,0,0,0,0,8,44,0,1,1,0,0,11.12
2025,2,2025_02_NYG_DAL,00-0029263,R.Wilson,QB,NYG,DAL,0,0,0,0,0,0,0,0,0,0,0,0,0,3,23,0,1,1,0,0,30.3
2025,3,2025_03_KC_NYG,00-0029263,R.Wilson,QB,NYG,KC,0,0,0,0,0,0,0,0,0,0,0,0,0,5,27,0,1,1,0,0,5.1
2025,4,2025_04_LAC_NYG,00-0029263,R.Wilson,QB,NYG,LAC,0,0,0,0,0,0,0,0,0,0,0,0,0,0,0,0,0,0,0,0,0.32
2025,6,2025_06_PHI_NYG,00-0029263,R.Wilson,QB,NYG,PHI,0,0,0,0,0,0,0,0,0,0,0,0,0,0,0,0,0,0,0,0,0
2025,10,2025_10_NYG_CHI,00-0029263,R.Wilson,QB,NYG,CHI,0,0,0,0,0,0,0,0,0,0,0,0,0,2,12,0,1,0,0,0,3
2025,10,2025_10_LA_SF,00-0029892,K.Juszczyk,FB,SF,LA,2,2,8,0,-2,10,0,0,0,0,0.0512820512820513,-0.00709219858156028,0.0719585379159847,0,0,0,0,0,0,0,2.8
2025,11,2025_11_SF_ARI,00-0029892,K.Juszczyk,FB,SF,ARI,2,2,26,0,9,17,1,1,1,0,0.08,0.0478723404255319,0.153510638297872,0,0,0,0,0,0,0,4.6
2025,12,2025_12_CAR_SF,00-0029892,K.Juszczyk,FB,SF,CAR,0,0,0,0,0,0,0,0,0,0,0,0,0,0,0,0,0,0,0,0,0
2025,13,2025_13_SF_CLE,00-0029892,K.Juszczyk,FB,SF,CLE,2,2,27,0,23,4,1,1,1,0,0.0869565217391304,0.0864661654135338,0.190961098398169,0,0,0,0,0,0,0,4.7
2025,15,2025_15_TEN_SF,00-0029892,K.Juszczyk,FB,SF,TEN,1,1,7,0,0,7,0,0,0,0,0.0357142857142857,0,0.0535714285714286,0,0,0,0,0,0,0,1.7
2025,17,2025_17_CHI_SF,00-0029892,K.Juszczyk,FB,SF,CHI,2,2,14,1,9,5,0,0,0,0,0.0606060606060606,0.0355731225296443,0.115810276679842,0,0,0,0,0,0,0,9.4
2025,18,2025_18_SEA_SF,00-0029892,K.Juszczyk,FB,SF,SEA,2,1,5,0,4,1,0,0,0,0,0.0740740740740741,0.0310077519379845,0.1328165374677,0,0,0,0,0,0,0,1.5
2025,11,2025_11_CHI_MIN,00-0030035,A.Thielen,WR,MIN,CHI,2,1,6,0,17,1,0,0,0,0,0.0625,0.0550161812297735,0.132261326860841,0,0,0,0,0,0,0,1.6
2025,12,2025_12_MIN_GB,00-0030035,A.Thielen,WR,MIN,GB,1,0,0,0,3,0,0,0,0,0,0.0555555555555556,0.03,0.104333333333333,0,0,0,0,0,0,0,0
2025,14,2025_14_PIT_BAL,00-0030035,A.Thielen,WR,PIT,BAL,1,1,4,0,3,1,0,0,0,0,0.0303030303030303,0.0141509433962264,0.0553602058319039,0,0,0,0,0,0,0,1.4
2025,15,2025_15_MIA_PIT,00-0030035,A.Thielen,WR,PIT,MIA,1,1,7,0,5,2,0,0,0,0,0.037037037037037,0.0543478260869565,0.0935990338164251,0,0,0,0,0,0,0,1.7
2025,16,2025_16_PIT_DET,00-0030035,A.Thielen,WR,PIT,DET,4,4,49,0,36,13,3,1,0,0,0.105263157894737,0.107462686567164,0.23311861743912,0,0,0,0,0,0,0,8.9
2025,17,2025_17_PIT_CLE,00-0030035,A.Thielen,WR,PIT,CLE,5,2,14,0,50,6,1,0,0,0,0.135135135135135,0.219298245614035,0.356211474632527,0,0,0,0,0,0,0,3.4
2025,18,2025_18_BAL_PIT,00-0030035,A.Thielen,WR,PIT,BAL,6,3,43,0,67,12,1,1,1,0,0.136363636363636,0.206153846153846,0.348853146853147,0,0,0,0,0,0,0,7.3
2025,7,2025_07_WAS_DAL,00-0030061,Z.Ertz,TE,WAS,DAL,7,3,37,1,78,13,1,1,1,0,0.225806451612903,0.246835443037975,0.511494487545937,0,0,0,0,0,0,0,12.7
2025,8,2025_08_WAS_KC,00-0030061,Z.Ertz,TE,WAS,KC,6,4,16,0,26,4,0,0,0,0,0.2,0.160493827160494,0.412345679012346,0,0,0,0,0,0,0,5.6
2025,9,2025_09_SEA_WAS,00-0030061,Z.Ertz,TE,WAS,SEA,4,4,46,0,42,4,1,1,1,0,0.19047619047619,0.336,0.520914285714286,0,0,0,0,0,0,0,8.6
2025,10,2025_10_DET_WAS,00-0030061,Z.Ertz,TE,WAS,DET,5,4,54,0,87,6,2,1,1,0,0.227272727272727,0.302083333333333,0.552367424242424,0,0,0,0,0,0,0,9.4
2025,11,2025_11_WAS_MIA,00-0030061,Z.Ertz,TE,WAS,MIA,8,4,42,0,87,4,2,0,0,0,0.275862068965517,0.393665158371041,0.689358714308004,0,0,0,0,0,0,0,8.2
2025,13,2025_13_DEN_WAS,00-0030061,Z.Ertz,TE,WAS,DEN,13,10,106,0,120,35,5,2,1,0,0.288888888888889,0.20066889632107,0.573801560758082,0,0,0,0,0,0,0,20.6
2025,14,2025_14_WAS_MIN,00-0030061,Z.Ertz,TE,WAS,MIN,2,1,11,0,19,6,1,0,0,0,0.1,0.165217391304348,0.265652173913044,0,0,0,0,0,0,0,2.1
2025,11,2025_11_LAC_JAX,00-0030279,K.Allen,WR,LAC,JAX,6,4,53,0,49,9,1,1,1,0,0.25,0.266304347826087,0.561413043478261,0,0,0,0,0,0,0,9.3
2025,13,2025_13_LV_LAC,00-0030279,K.Allen,WR,LAC,LV,5,4,30,0,53,0,2,0,0,0,0.238095238095238,0.266331658291457,0.543575017946877,0,0,0,0,0,0,0,7
2025,14,2025_14_PHI_LAC,00-0030279,K.Allen,WR,LAC,PHI,3,3,22,0,20,2,1,0,0,0,0.130434782608696,0.0740740740740741,0.247504025764895,0,0,0,0,0,0,0,5.2
2025,15,2025_15_LAC_KC,00-0030279,K.Allen,WR,LAC,KC,7,5,36,0,35,10,1,0,0,0,0.269230769230769,0.176767676767677,0.527583527583528,0,0,0,0,0,0,0,8.6
2025,16,2025_16_LAC_DAL,00-0030279,K.Allen,WR,LAC,DAL,5,5,44,0,31,13,2,0,0,0,0.178571428571429,0.115241635687732,0.348526287838556,0,0,0,0,0,0,0,9.4
2025,17,2025_17_HOU_LAC,00-0030279,K.Allen,WR,LAC,HOU,3,1,17,0,28,4,1,1,0,0,0.0967741935483871,0.1,0.215161290322581,0,0,0,0,0,0,0,2.7
2025,18,2025_18_LAC_DEN,00-0030279,K.Allen,WR,LAC,DEN,13,7,36,0,122,27,0,0,0,0,0.342105263157895,0.308860759493671,0.729360426382412,0,0,0,0,0,0,0,10.6
2025,12,2025_12_IND_KC,00-0030506,T.Kelce,TE,KC,IND,6,4,43,0,76,15,2,1,0,0,0.13953488372093,0.216524216524217,0.360869277148347,1,1,0,0,0,0,0,8.4
2025,13,2025_13_KC_DAL,00-0030506,T.Kelce,TE,KC,DAL,6,5,45,1,57,21,2,1,1,0,0.1875,0.2375,0.4475,0,0,0,0,0,0,0,15.5
2025,14,2025_14_HOU_KC,00-0030506,T.Kelce,TE,KC,HOU,5,1,8,0,39,10,0,0,0,0,0.172413793103448,0.134948096885813,0.353084357475242,0,0,0,0,0,0,0,1.8
2025,15,2025_15_LAC_KC,00-0030506,T.Kelce,TE,KC,LAC,9,7,70,0,70,24,4,1,0,0,0.3,0.28,0.646,0,0,0,0,0,0,0,14
2025,16,2025_16_KC_TEN,00-0030506,T.Kelce,TE,KC,TEN,4,1,6,0,22,0,0,0,0,0,0.181818181818182,0.196428571428571,0.410227272727273,0,0,0,0,0,0,0,1.6
2025,17,2025_17_DEN_KC,00-0030506,T.Kelce,TE,KC,DEN,6,5,36,0,41,17,2,0,0,0,0.3,0.366071428571429,0.70625,0,0,0,0,0,0,0,8.6
2025,18,2025_18_KC_LV,00-0030506,T.Kelce,TE,KC,LV,6,3,12,0,48,-2,0,0,0,0,0.2,0.2152466367713,0.45067264573991,0,0,0,0,0,0,0,4.2
2025,12,2025_12_NYJ_BAL,00-0030564,D.Hopkins,WR,BAL,NYJ,3,2,13,0,30,0,0,0,0,0,0.15,0.133928571428571,0.31875,0,0,0,0,0,0,0,3.3
2025,13,2025_13_CIN_BAL,00-0030564,D.Hopkins,WR,BAL,CIN,3,2,25,0,31,2,2,0,0,0,0.1,0.0813648293963255,0.206955380577428,0,0,0,0,0,0,0,4.5
2025,14,2025_14_PIT_BAL,00-0030564,D.Hopkins,WR,BAL,PIT,1,0,0,0,27,0,0,0,0,0,0.0303030303030303,0.105058365758755,0.118995401485674,0,0,0,0,0,0,0,0
2025,15,2025_15_BAL_CIN,00-0030564,D.Hopkins,WR,BAL,CIN,1,1,32,0,8,24,1,1,1,0,0.0833333333333333,0.062015503875969,0.168410852713178,0,0,0,0,0,0,0,4.2
2025,16,2025_16_NE_BAL,00-0030564,D.Hopkins,WR,BAL,NE,5,4,41,0,46,5,1,1,0,0,0.25,0.269005847953216,0.563304093567251,0,0,0,0,0,0,0,8.1
2025,17,2025_17_BAL_GB,00-0030564,D.Hopkins,WR,BAL,GB,1,0,0,0,16,0,0,0,0,0,0.05,0.2,0.215,0,0,0,0,0,0,0,0
2025,18,2025_18_BAL_PIT,00-0030564,D.Hopkins,WR,BAL,PIT,2,0,0,0,7,0,0,0,0,0,0.117647058823529,0.0395480225988701,0.204154204054503,0,0,0,0,0,0,0,0
2025,10,2025_10_LV_DEN,00-0030565,G.Smith,QB,LV,DEN,0,0,0,0,0,0,0,0,0,0,0,0,0,3,7,0,0,0,0,0,4.42
2025,11,2025_11_DAL_LV,00-0030565,G.Smith,QB,LV,DAL,0,0,0,0,0,0,0,0,0,0,0,0,0,4,14,0,0,0,0,0,12.92
2025,12,2025_12_CLE_LV,00-0030565,G.Smith,QB,LV,CLE,0,0,0,0,0,0,0,0,0,0,0,0,0,3,8,0,0,0,0,0,14.2
2025,13,2025_13_LV_LAC,00-0030565,G.Smith,QB,LV,LAC,0,0,0,0,0,0,0,0,0,0,0,0,0,2,-6,0,0,0,0,0,12
2025,14,2025_14_DEN_LV,00-0030565,G.Smith,QB,LV,DEN,0,0,0,0,0,0,0,0,0,0,0,0,0,1,4,0,0,0,0,0,9.04
2025,16,2025_16_LV_HOU,00-0030565,G.Smith,QB,LV,HOU,0,0,0,0,0,0,0,0,0,0,0,0,0,0,0,0,0,0,0,0,14.04
2025,17,2025_17_NYG_LV,00-0030565,G.Smith,QB,LV,NYG,0,0,0,0,0,0,0,0,0,0,0,0,0,1,1,0,0,0,0,0,7.14
2025,7,2025_07_NO_CHI,00-0031236,B.Cooks,WR,NO,CHI,1,1,3,0,3,0,0,0,0,0,0.032258064516129,0.0077720207253886,0.0538275112819656,0,0,0,0,0,0,0,1.3
2025,8,2025_08_TB_NO,00-0031236,B.Cooks,WR,NO,TB,4,3,22,0,14,3,1,0,0,0,0.08,0.0334128878281623,0.143389021479714,0,0,0,0,0,0,0,5.2
2025,9,2025_09_NO_LA,00-0031236,B.Cooks,WR,NO,LA,3,2,16,0,27,6,1,0,0,0,0.125,0.123853211009174,0.274197247706422,0,0,0,0,0,0,0,3.6
2025,13,2025_13_BUF_PIT,00-0031236,B.Cooks,WR,BUF,PIT,1,1,13,0,13,0,1,0,0,0,0.0434782608695652,0.333333333333333,0.298550724637681,0,0,0,0,0,0,0,2.3
2025,15,2025_15_BUF_NE,00-0031236,B.Cooks,WR,BUF,NE,3,0,0,0,109,0,0,0,0,0,0.115384615384615,0.403703703703704,0.455669515669516,0,0,0,0,0,0,0,0
2025,16,2025_16_BUF_CLE,00-0031236,B.Cooks,WR,BUF,CLE,1,0,0,0,27,0,0,0,0,0,0.0555555555555556,0.223140495867769,0.239531680440771,0,0,0,0,0,0,0,0
2025,17,2025_17_PHI_BUF,00-0031236,B.Cooks,WR,BUF,PHI,6,4,101,0,136,6,2,2,2,1,0.181818181818182,0.541832669322709,0.652010141253169,0,0,0,0,0,0,0,14.1
2025,9,2025_09_NO_LA,00-0031381,D.Adams,WR,LA,NO,7,5,60,2,110,8,2,2,2,0,0.225806451612903,0.344827586206897,0.580088987764182,0,0,0,0,0,0,0,23
2025,10,2025_10_LA_SF,00-0031381,D.Adams,WR,LA,SF,8,6,77,1,131,9,5,1,1,0,0.235294117647059,0.394578313253012,0.629145995747697,0,0,0,0,0,0,0,19.7
2025,11,2025_11_SEA_LA,00-0031381,D.Adams,WR,LA,SEA,8,1,1,1,81,0,0,0,0,0,0.296296296296296,0.554794520547945,0.832800608828006,0,0,0,0,0,0,0,7.1
2025,12,2025_12_TB_LA,00-0031381,D.Adams,WR,LA,TB,8,5,62,2,95,5,4,1,1,0,0.235294117647059,0.381526104417671,0.620009449562958,0,0,0,0,0,0,0,23.2
2025,13,2025_13_LA_CAR,00-0031381,D.Adams,WR,LA,CAR,5,4,58,2,64,14,2,1,1,0,0.185185185185185,0.289592760180996,0.480492709904475,0,0,0,0,0,0,0,21.8
2025,14,2025_14_LA_ARI,00-0031381,D.Adams,WR,LA,ARI,6,4,29,0,42,3,1,0,0,0,0.193548387096774,0.188340807174888,0.422161145667583,0,0,0,0,0,0,0,6.9
2025,15,2025_15_DET_LA,00-0031381,D.Adams,WR,LA,DET,9,4,71,0,162,9,4,3,1,0,0.236842105263158,0.343949044585987,0.596027489104928,0,0,0,0,0,0,0,11.1
2025,2,2025_02_TB_HOU,00-0031408,M.Evans,WR,TB,HOU,11,5,56,0,162,8,2,1,1,0,0.305555555555556,0.532894736842105,0.831359649122807,0,0,0,0,0,0,0,10.6
2025,3,2025_03_NYJ_TB,00-0031408,M.Evans,WR,TB,NYJ,9,4,33,1,65,6,1,0,0,0,0.310344827586207,0.280172413793103,0.661637931034483,0,0,0,0,0,0,0,13.3
2025,7,2025_07_TB_DET,00-0031408,M.Evans,WR,TB,DET,4,0,0,0,97,0,0,0,0,0,0.08,0.202928870292887,0.262050209205021,0,0,0,0,0,0,0,0
2025,15,2025_15_ATL_TB,00-0031408,M.Evans,WR,TB,ATL,12,6,132,0,181,10,6,3,3,1,0.375,0.504178272980501,0.915424791086351,0,0,0,0,0,0,0,19.2
2025,16,2025_16_TB_CAR,00-0031408,M.Evans,WR,TB,CAR,9,5,31,1,60,5,1,0,0,0,0.36,0.397350993377483,0.818145695364238,0,0,0,0,0,0,0,14.1
2025,17,2025_17_TB_MIA,00-0031408,M.Evans,WR,TB,MIA,7,3,31,1,124,-1,2,1,0,0,0.159090909090909,0.344444444444444,0.479747474747475,0,0,0,0,0,0,0,12.1
2025,18,2025_18_CAR_TB,00-0031408,M.Evans,WR,TB,CAR,2,2,34,0,29,5,2,1,1,0,0.0909090909090909,0.204225352112676,0.27932138284251,0,0,0,0,0,0,0,5.4
2025,11,2025_11_NYJ_NE,00-0031588,S.Diggs,WR,NE,NYJ,11,9,105,0,105,31,5,3,2,0,0.333333333333333,0.263157894736842,0.68421052631579,0,0,0,0,0,0,0,19.5
2025,12,2025_12_NE_CIN,00-0031588,S.Diggs,WR,NE,CIN,3,2,20,0,28,0,1,0,0,0,0.0909090909090909,0.0942760942760943,0.202356902356902,0,0,0,0,0,0,0,4
2025,13,2025_13_NYG_NE,00-0031588,S.Diggs,WR,NE,NYG,4,3,26,0,12,18,2,0,0,0,0.133333333333333,0.0489795918367347,0.234285714285714,0,0,0,0,0,0,0,5.6
2025,15,2025_15_BUF_NE,00-0031588,S.Diggs,WR,NE,BUF,4,3,26,0,22,12,1,1,0,0,0.181818181818182,0.0901639344262295,0.335842026825633,0,0,0,0,0,0,0,5.6
2025,16,2025_16_NE_BAL,00-0031588,S.Diggs,WR,NE,BAL,10,9,138,0,96,46,5,4,4,0,0.238095238095238,0.20253164556962,0.498915009041591,0,0,0,0,0,0,0,22.8
2025,17,2025_17_NE_NYJ,00-0031588,S.Diggs,WR,NE,NYJ,6,6,101,1,61,40,4,3,3,0,0.24,0.277272727272727,0.554090909090909,0,0,0,0,0,0,0,22.1
2025,18,2025_18_MIA_NE,00-0031588,S.Diggs,WR,NE,MIA,3,3,43,0,23,20,1,1,1,0,0.15,0.0894941634241245,0.287645914396887,0,0,0,0,0,0,0,7.3
2025,1,2025_01_CIN_CLE,00-0031763,D.Carter,WR,CLE,CIN,0,0,0,0,0,0,0,0,0,0,0,0,0,0,0,0,0,0,0,0,0
2025,2,2025_02_CLE_BAL,00-0031763,D.Carter,WR,CLE,BAL,0,0,0,0,0,0,0,0,0,0,0,0,0,0,0,0,0,0,0,0,0
2025,3,2025_03_GB_CLE,00-0031763,D.Carter,WR,CLE,GB,0,0,0,0,0,0,0,0,0,0,0,0,0,0,0,0,0,0,0,0,0
2025,4,2025_04_CLE_DET,00-0031763,D.Carter,WR,CLE,DET,0,0,0,0,0,0,0,0,0,0,0,0,0,0,0,0,0,0,0,0,0
2025,12,2025_12_CLE_LV,00-0032211,T.Lockett,WR,LV,CLE,5,4,62,0,71,12,2,1,1,0,0.119047619047619,0.196675900277008,0.316244558765334,0,0,0,0,0,0,0,10.2
2025,13,2025_13_LV_LAC,00-0032211,T.Lockett,WR,LV,LAC,1,1,11,0,4,7,1,0,0,0,0.0454545454545455,0.0533333333333333,0.105515151515152,0,0,0,0,0,0,0,2.1
2025,14,2025_14_DEN_LV,00-0032211,T.Lockett,WR,LV,DEN,4,3,41,0,42,1,1,1,1,0,0.142857142857143,0.172131147540984,0.334777517564403,0,0,0,0,0,0,0,7.1
2025,15,2025_15_LV_PHI,00-0032211,T.Lockett,WR,LV,PHI,4,2,10,0,27,0,0,0,0,0,0.16,0.254716981132076,0.418301886792453,0,0,0,0,0,0,0,3
2025,16,2025_16_LV_HOU,00-0032211,T.Lockett,WR,LV,HOU,2,1,6,0,25,1,0,0,0,0,0.0909090909090909,0.131578947368421,0.228468899521531,0,0,0,0,0,0,0,1.6
2025,17,2025_17_NYG_LV,00-0032211,T.Lockett,WR,LV,NYG,3,2,9,1,18,0,0,0,0,0,0.107142857142857,0.107784431137725,0.236163387510693,0,0,0,0,0,0,0,8.9
2025,18,2025_18_KC_LV,00-0032211,T.Lockett,WR,LV,KC,5,1,5,0,24,0,0,0,0,0,0.192307692307692,0.106194690265487,0.362797821647379,0,0,0,0,0,0,0,1.5
2025,7,2025_07_TB_DET,00-0032385,S.Shepard,WR,TB,DET,7,7,25,0,20,5,1,0,0,0,0.14,0.0418410041841004,0.23928870292887,0,0,0,0,0,0,0,7.5
2025,8,2025_08_TB_NO,00-0032385,S.Shepard,WR,TB,NO,2,1,8,0,-1,10,0,0,0,0,0.0833333333333333,-0.00617283950617284,0.120679012345679,0,0,0,0,0,0,0,1.8
2025,10,2025_10_NE_TB,00-0032385,S.Shepard,WR,TB,NE,4,3,20,0,48,11,1,0,0,0,0.0930232558139535,0.170212765957447,0.258683819891143,1,11,0,1,0,0,0,6.1
2025,11,2025_11_TB_BUF,00-0032385,S.Shepard,WR,TB,BUF,5,4,54,0,52,4,3,2,1,0,0.185185185185185,0.26530612244898,0.463492063492064,1,7,0,0,0,0,0,10.1
2025,12,2025_12_TB_LA,00-0032385,S.Shepard,WR,TB,LA,5,3,12,0,20,16,0,0,0,0,0.161290322580645,0.0796812749003984,0.297712376301247,0,0,0,0,0,0,0,4.2
2025,13,2025_13_ARI_TB,00-0032385,S.Shepard,WR,TB,ARI,2,1,5,0,50,0,0,0,0,0,0.0769230769230769,0.240384615384615,0.283653846153846,0,0,0,0,0,0,0,1.5
2025,14,2025_14_NO_TB,00-0032385,S.Shepard,WR,TB,NO,1,1,5,0,4,1,0,0,0,0,0.0357142857142857,0.0173913043478261,0.0657453416149068,0,0,0,0,0,0,0,1.5
2025,8,2025_08_CLE_NE,00-0032392,A.Hooper,TE,NE,CLE,2,2,38,0,23,15,1,1,1,0,0.0869565217391304,0.0830324909747293,0.188557526291006,0,0,0,0,0,0,0,5.8
2025,9,2025_09_ATL_NE,00-0032392,A.Hooper,TE,NE,ATL,1,1,20,0,16,4,1,1,1,0,0.0357142857142857,0.0516129032258065,0.0897004608294931,0,0,0,0,0,0,0,3
2025,10,2025_10_NE_TB,00-0032392,A.Hooper,TE,NE,TB,1,0,0,0,15,0,0,0,0,0,0.0344827586206897,0.0428571428571429,0.0817241379310345,0,0,0,0,0,0,0,0
2025,12,2025_12_NE_CIN,00-0032392,A.Hooper,TE,NE,CIN,4,3,39,0,39,3,2,1,1,0,0.121212121212121,0.131313131313131,0.273737373737374,0,0,0,0,0,0,0,6.9
2025,16,2025_16_NE_BAL,00-0032392,A.Hooper,TE,NE,BAL,4,2,34,0,54,2,1,1,1,0,0.0952380952380952,0.113924050632911,0.222603978300181,0,0,0,0,0,0,0,5.4
2025,17,2025_17_NE_NYJ,00-0032392,A.Hooper,TE,NE,NYJ,2,2,11,1,8,3,0,0,0,0,0.08,0.0363636363636364,0.145454545454545,0,0,0,0,0,0,0,9.1
2025,18,2025_18_MIA_NE,00-0032392,A.Hooper,TE,NE,MIA,1,1,5,0,3,2,0,0,0,0,0.05,0.0116731517509728,0.0831712062256809,0,0,0,0,0,0,0,1.5
2025,5,2025_05_WAS_LAC,00-0032398,C.Moore,WR,WAS,LAC,1,0,0,0,13,0,0,0,0,0,0.0434782608695652,0.0543933054393306,0.103292705111879,0,0,0,0,0,0,0,0
2025,6,2025_06_CHI_WAS,00-0032398,C.Moore,WR,WAS,CHI,5,3,46,1,56,0,3,1,1,0,0.208333333333333,0.264150943396226,0.497405660377359,0,0,0,0,0,0,0,13.6
2025,7,2025_07_WAS_DAL,00-0032398,C.Moore,WR,WAS,DAL,5,2,59,0,73,28,2,1,1,1,0.161290322580645,0.231012658227848,0.403644344630461,0,0,0,0,0,0,0,7.9
2025,10,2025_10_DET_WAS,00-0032398,C.Moore,WR,WAS,DET,0,0,0,0,0,0,0,0,0,0,0,0,0,0,0,0,0,0,0,0,0
2025,11,2025_11_WAS_MIA,00-0032398,C.Moore,WR,WAS,MIA,5,2,28,0,86,10,1,1,0,0,0.172413793103448,0.389140271493213,0.531018879700421,0,0,0,0,0,0,0,4.8
2025,16,2025_16_PHI_WAS,00-0032398,C.Moore,WR,WAS,PHI,0,0,0,0,0,0,0,0,0,0,0,0,0,0,0,0,0,0,0,0,0
2025,17,2025_17_DAL_WAS,00-0032398,C.Moore,WR,WAS,DAL,1,1,15,0,8,7,1,0,0,0,0.0476190476190476,0.0479041916167665,0.104961505560308,0,0,0,0,0,0,0,2.5
2025,10,2025_10_DET_WAS,00-0032464,K.Raymond,WR,DET,WAS,4,4,49,0,21,28,3,1,0,0,0.125,0.121387283236994,0.272471098265896,1,10,0,1,0,0,0,9.9
2025,11,2025_11_DET_PHI,00-0032464,K.Raymond,WR,DET,PHI,0,0,0,0,0,0,0,0,0,0,0,0,0,0,0,0,0,0,0,0,0
2025,12,2025_12_NYG_DET,00-0032464,K.Raymond,WR,DET,NYG,2,2,37,0,25,12,1,1,1,0,0.0526315789473684,0.113122171945701,0.158132888783044,0,0,0,0,0,0,0,5.7
2025,15,2025_15_DET_LA,00-0032464,K.Raymond,WR,DET,LA,1,1,20,0,19,1,1,1,1,0,0.0263157894736842,0.0547550432276657,0.0778022144698923,0,0,0,0,0,0,0,3
2025,16,2025_16_PIT_DET,00-0032464,K.Raymond,WR,DET,PIT,5,4,62,1,14,46,3,1,1,0,0.0961538461538462,0.0444444444444444,0.17534188034188,0,0,0,0,0,0,0,16.2
2025,17,2025_17_DET_MIN,00-0032464,K.Raymond,WR,DET,MIN,2,1,5,0,4,2,0,0,0,0,0.0689655172413793,0.0201005025125628,0.117518627620863,0,0,0,0,0,0,0,1.5
2025,18,2025_18_DET_CHI,00-0032464,K.Raymond,WR,DET,CHI,3,3,52,0,13,39,2,2,1,0,0.0833333333333333,0.052,0.1614,0,0,0,0,0,0,0,8.2
2025,12,2025_12_NYJ_BAL,00-0032764,D.Henry,RB,BAL,NYJ,2,2,24,0,4,20,1,1,0,0,0.1,0.0178571428571429,0.1625,21,64,2,1,1,0,0,22.8
2025,13,2025_13_CIN_BAL,00-0032764,D.Henry,RB,BAL,CIN,1,1,44,0,2,42,1,1,1,1,0.0333333333333333,0.005249343832021,0.0536745406824147,10,60,1,1,1,1,0,17.4
2025,14,2025_14_PIT_BAL,00-0032764,D.Henry,RB,BAL,PIT,2,1,8,0,1,5,0,0,0,0,0.0606060606060606,0.00389105058365759,0.0936328263176512,25,94,0,1,1,0,0,11.2
2025,15,2025_15_BAL_CIN,00-0032764,D.Henry,RB,BAL,CIN,0,0,0,0,0,0,0,0,0,0,0,0,0,11,100,0,3,3,3,0,10
2025,16,2025_16_NE_BAL,00-0032764,D.Henry,RB,BAL,NE,0,0,0,0,0,0,0,0,0,0,0,0,0,18,128,2,3,3,3,0,22.8
2025,17,2025_17_BAL_GB,00-0032764,D.Henry,RB,BAL,GB,0,0,0,0,0,0,0,0,0,0,0,0,0,36,216,4,4,4,2,0,45.6
2025,18,2025_18_BAL_PIT,00-0032764,D.Henry,RB,BAL,PIT,1,0,0,0,-8,0,0,0,0,0,0.0588235294117647,-0.0451977401129944,0.056596876038551,20,126,0,3,3,2,1,12.6
2025,1,2025_01_MIA_IND,00-0033040,T.Hill,WR,MIA,IND,6,4,40,0,86,5,2,1,1,0,0.193548387096774,0.367521367521368,0.547587537910118,0,0,0,0,0,0,0,8
2025,2,2025_02_NE_MIA,00-0033040,T.Hill,WR,MIA,NE,7,6,109,0,125,12,4,2,2,1,0.21875,0.49800796812749,0.676730577689243,0,0,0,0,0,0,0,16.9
2025,3,2025_03_MIA_BUF,00-0033040,T.Hill,WR,MIA,BUF,10,5,49,1,148,13,2,1,0,0,0.303030303030303,0.725490196078431,0.962388591800357,0,0,0,0,0,0,0,15.9
2025,4,2025_04_NYJ_MIA,00-0033040,T.Hill,WR,MIA,NYJ,6,6,67,0,40,27,3,1,1,0,0.24,0.291970802919708,0.564379562043796,0,0,0,0,0,0,0,12.7
2025,12,2025_12_PHI_DAL,00-0033077,D.Prescott,QB,DAL,PHI,0,0,0,0,0,0,0,0,0,0,0,0,0,5,9,1,0,0,0,0,27.06
2025,13,2025_13_KC_DAL,00-0033077,D.Prescott,QB,DAL,KC,0,0,0,0,0,0,0,0,0,0,0,0,0,3,-2,0,0,0,0,0,20.6
2025,14,2025_14_DAL_DET,00-0033077,D.Prescott,QB,DAL,DET,0,0,0,0,0,0,0,0,0,0,0,0,0,3,14,0,1,1,0,0,18.44
2025,15,2025_15_MIN_DAL,00-0033077,D.Prescott,QB,DAL,MIN,0,0,0,0,0,0,0,0,0,0,0,0,0,1,2,0,0,0,0,0,11.96
2025,16,2025_16_LAC_DAL,00-0033077,D.Prescott,QB,DAL,LAC,0,0,0,0,0,0,0,0,0,0,0,0,0,2,14,0,0,0,0,0,19.16
2025,17,2025_17_DAL_WAS,00-0033077,D.Prescott,QB,DAL,WAS,0,0,0,0,0,0,0,0,0,0,0,0,0,4,24,0,1,1,0,0,22.68
2025,18,2025_18_DAL_NYG,00-0033077,D.Prescott,QB,DAL,NYG,0,0,0,0,0,0,0,0,0,0,0,0,0,2,-1,0,0,0,0,0,0.7
2025,11,2025_11_NYJ_NE,00-0033090,H.Henry,TE,NE,NYJ,6,4,45,0,50,12,3,1,1,0,0.181818181818182,0.12531328320802,0.360446570972887,0,0,0,0,0,0,0,8.5
2025,12,2025_12_NE_CIN,00-0033090,H.Henry,TE,NE,CIN,10,7,115,1,77,61,7,3,2,0,0.303030303030303,0.259259259259259,0.636026936026936,0,0,0,0,0,0,0,24.5
2025,13,2025_13_NYG_NE,00-0033090,H.Henry,TE,NE,NYG,6,4,73,0,50,38,2,2,2,0,0.2,0.204081632653061,0.442857142857143,0,0,0,0,0,0,0,11.3
2025,15,2025_15_BUF_NE,00-0033090,H.Henry,TE,NE,BUF,3,1,18,0,34,3,1,1,0,0,0.136363636363636,0.139344262295082,0.302086438152012,0,0,0,0,0,0,0,2.8
2025,16,2025_16_NE_BAL,00-0033090,H.Henry,TE,NE,BAL,7,6,35,1,48,4,1,0,0,0,0.166666666666667,0.10126582278481,0.320886075949367,0,0,0,0,0,0,0,15.5
2025,17,2025_17_NE_NYJ,00-0033090,H.Henry,TE,NE,NYJ,3,3,49,1,20,29,3,1,1,0,0.12,0.0909090909090909,0.243636363636364,0,0,0,0,0,0,0,13.9
2025,18,2025_18_MIA_NE,00-0033090,H.Henry,TE,NE,MIA,5,5,56,0,26,30,2,2,1,0,0.25,0.101167315175097,0.445817120622568,0,0,0,0,0,0,0,10.6
2025,12,2025_12_NYG_DET,00-0033106,J.Goff,QB,DET,NYG,0,0,0,0,0,0,0,0,0,0,0,0,0,0,0,0,0,0,0,0,17.16
2025,13,2025_13_GB_DET,00-0033106,J.Goff,QB,DET,GB,0,0,0,0,0,0,0,0,0,0,0,0,0,1,24,0,1,1,1,0,20.64
2025,14,2025_14_DAL_DET,00-0033106,J.Goff,QB,DET,DAL,0,0,0,0,0,0,0,0,0,0,0,0,0,2,-2,0,0,0,0,0,16.16
2025,15,2025_15_DET_LA,00-0033106,J.Goff,QB,DET,LA,0,0,0,0,0,0,0,0,0,0,0,0,0,0,0,0,0,0,0,0,25.52
2025,16,2025_16_PIT_DET,00-0033106,J.Goff,QB,DET,PIT,0,0,0,0,0,0,0,0,0,0,0,0,0,1,-1,0,0,0,0,0,26.46
2025,17,2025_17_DET_MIN,00-0033106,J.Goff,QB,DET,MIN,0,0,0,0,0,0,0,0,0,0,0,0,0,3,2,0,0,0,0,0,2.08
2025,18,2025_18_DET_CHI,00-0033106,J.Goff,QB,DET,CHI,0,0,0,0,0,0,0,0,0,0,0,0,0,0,0,0,0,0,0,0,15.24
2025,4,2025_04_IND_LA,00-0033110,T.Higbee,TE,LA,IND,5,2,25,0,45,9,1,1,0,0,0.125,0.131578947368421,0.279605263157895,0,0,0,0,0,0,0,4.5
2025,6,2025_06_LA_BAL,00-0033110,T.Higbee,TE,LA,BAL,4,4,40,1,25,15,1,1,1,0,0.153846153846154,0.109170305676856,0.30718844474303,0,0,0,0,0,0,0,14
2025,7,2025_07_LA_JAX,00-0033110,T.Higbee,TE,LA,JAX,6,3,19,0,44,7,0,0,0,0,0.181818181818182,0.121212121212121,0.357575757575758,0,0,0,0,0,0,0,4.9
2025,9,2025_09_NO_LA,00-0033110,T.Higbee,TE,LA,NO,4,3,13,1,6,11,0,0,0,0,0.129032258064516,0.0188087774294671,0.206714531297401,0,0,0,0,0,0,0,10.3
2025,10,2025_10_LA_SF,00-0033110,T.Higbee,TE,LA,SF,3,3,33,0,11,22,2,0,0,0,0.0882352941176471,0.0331325301204819,0.155545712260808,0,0,0,0,0,0,0,6.3
2025,11,2025_11_SEA_LA,00-0033110,T.Higbee,TE,LA,SEA,2,1,23,0,1,24,1,1,1,0,0.0740740740740741,0.00684931506849315,0.115905631659056,0,0,0,0,0,0,0,3.3
2025,18,2025_18_ARI_LA,00-0033110,T.Higbee,TE,LA,ARI,6,5,91,1,82,11,5,4,3,0,0.162162162162162,0.22841225626741,0.40313182263043,0,0,0,0,0,0,0,20.1
2025,9,2025_09_IND_PIT,00-0033217,M.Alie-Cox,TE,IND,PIT,1,0,0,0,13,0,0,0,0,0,0.0208333333333333,0.0300925925925926,0.0523148148148148,0,0,0,0,0,0,0,0
2025,10,2025_10_ATL_IND,00-0033217,M.Alie-Cox,TE,IND,ATL,1,0,0,0,15,0,0,0,0,0,0.0384615384615385,0.0717703349282297,0.107931542142068,0,0,0,0,0,0,0,0
2025,12,2025_12_IND_KC,00-0033217,M.Alie-Cox,TE,IND,KC,1,1,9,0,5,4,0,0,0,0,0.032258064516129,0.0359712230215827,0.0735669528893015,0,0,0,0,0,0,0,1.9
2025,14,2025_14_IND_JAX,00-0033217,M.Alie-Cox,TE,IND,JAX,2,0,0,0,20,0,0,0,0,0,0.0555555555555556,0.0862068965517242,0.14367816091954,0,0,0,0,0,0,0,0
2025,16,2025_16_SF_IND,00-0033217,M.Alie-Cox,TE,IND,SF,2,2,16,0,3,13,0,0,0,0,0.0555555555555556,0.00890207715133531,0.089564787339268,0,0,0,0,0,0,0,3.6
2025,17,2025_17_JAX_IND,00-0033217,M.Alie-Cox,TE,IND,JAX,3,3,20,1,15,5,0,0,0,0,0.103448275862069,0.0520833333333333,0.191630747126437,0,0,0,0,0,0,0,11
2025,18,2025_18_IND_HOU,00-0033217,M.Alie-Cox,TE,IND,HOU,4,3,22,0,11,13,1,1,0,0,0.121212121212121,0.0345911949685535,0.206032018296169,0,0,0,0,0,0,0,5.2
2025,7,2025_07_LA_JAX,00-0033246,J.Mundt,TE,JAX,LA,4,1,9,0,23,5,0,0,0,0,0.0851063829787234,0.0440613026819923,0.15850248634548,0,0,0,0,0,0,0,1.9
2025,9,2025_09_JAX_LV,00-0033246,J.Mundt,TE,JAX,LV,0,0,0,0,0,0,0,0,0,0,0,0,0,0,0,0,0,0,0,0,0
2025,10,2025_10_JAX_HOU,00-0033246,J.Mundt,TE,JAX,HOU,2,1,21,0,15,21,1,1,1,0,0.0869565217391304,0.102739726027397,0.202352590827874,0,0,0,0,0,0,0,3.1
2025,11,2025_11_LAC_JAX,00-0033246,J.Mundt,TE,JAX,LAC,3,2,25,0,2,18,1,1,0,0,0.136363636363636,0.0103092783505155,0.211761949390815,0,0,0,0,0,0,0,4.5
2025,12,2025_12_JAX_ARI,00-0033246,J.Mundt,TE,JAX,ARI,2,1,12,0,10,8,1,0,0,0,0.0666666666666667,0.03690036900369,0.125830258302583,0,0,0,0,0,0,0,2.2
2025,17,2025_17_JAX_IND,00-0033246,J.Mundt,TE,JAX,IND,1,0,0,0,20,0,0,0,0,0,0.027027027027027,0.0552486187845304,0.0792145736897118,0,0,0,0,0,0,0,0
2025,18,2025_18_TEN_JAX,00-0033246,J.Mundt,TE,JAX,TEN,1,1,16,0,6,10,1,1,0,0,0.032258064516129,0.0203389830508475,0.0626243849097868,0,0,0,0,0,0,0,2.6
2025,11,2025_11_SF_ARI,00-0033280,C.McCaffrey,RB,SF,ARI,6,5,40,1,18,26,2,0,0,0,0.24,0.0957446808510638,0.427021276595745,13,81,2,3,3,1,0,35.1
2025,12,2025_12_CAR_SF,00-0033280,C.McCaffrey,RB,SF,CAR,7,7,53,0,1,52,3,1,0,0,0.21875,0.00512820512820513,0.331714743589744,24,89,1,2,2,0,0,27.2
2025,13,2025_13_SF_CLE,00-0033280,C.McCaffrey,RB,SF,CLE,4,4,21,0,-4,25,1,0,0,0,0.173913043478261,-0.0150375939849624,0.250343249427918,20,53,1,0,0,0,0,17.4
2025,15,2025_15_TEN_SF,00-0033280,C.McCaffrey,RB,SF,TEN,1,1,14,0,3,11,1,0,0,0,0.0357142857142857,0.0119521912350598,0.0619379624359704,22,73,1,0,0,0,0,15.7
2025,16,2025_16_SF_IND,00-0033280,C.McCaffrey,RB,SF,IND,8,6,29,2,52,14,1,0,0,0,0.242424242424242,0.160493827160494,0.475982042648709,21,117,0,3,3,1,0,32.6
2025,17,2025_17_CHI_SF,00-0033280,C.McCaffrey,RB,SF,CHI,6,4,41,0,8,37,2,1,0,0,0.181818181818182,0.0316205533596838,0.294861660079051,23,140,1,3,3,1,1,28.1
2025,18,2025_18_SEA_SF,00-0033280,C.McCaffrey,RB,SF,SEA,7,6,34,0,22,15,0,0,0,0,0.259259259259259,0.170542635658915,0.508268733850129,8,23,0,0,0,0,0,11.7
2025,10,2025_10_LA_SF,00-0033288,G.Kittle,TE,SF,LA,9,9,84,1,55,29,4,1,1,0,0.230769230769231,0.195035460992908,0.482678668848882,0,0,0,0,0,0,0,23.4
2025,11,2025_11_SF_ARI,00-0033288,G.Kittle,TE,SF,ARI,6,6,67,2,43,24,3,1,1,0,0.24,0.228723404255319,0.520106382978723,0,0,0,0,0,0,0,24.7
2025,12,2025_12_CAR_SF,00-0033288,G.Kittle,TE,SF,CAR,10,6,78,0,67,46,3,2,1,0,0.3125,0.343589743589744,0.709262820512821,0,0,0,0,0,0,0,13.8
2025,13,2025_13_SF_CLE,00-0033288,G.Kittle,TE,SF,CLE,5,4,67,0,63,7,3,1,1,0,0.217391304347826,0.236842105263158,0.49187643020595,0,0,0,0,0,0,0,10.7
2025,15,2025_15_TEN_SF,00-0033288,G.Kittle,TE,SF,TEN,9,8,88,1,20,78,4,2,2,0,0.321428571428571,0.0796812749003984,0.537919749573136,0,0,0,0,0,0,0,22.8
2025,16,2025_16_SF_IND,00-0033288,G.Kittle,TE,SF,IND,8,7,115,1,98,24,7,3,2,0,0.242424242424242,0.302469135802469,0.575364758698092,0,0,0,0,0,0,0,24.5
2025,18,2025_18_SEA_SF,00-0033288,G.Kittle,TE,SF,SEA,7,5,29,0,29,16,1,1,1,0,0.259259259259259,0.224806201550388,0.54625322997416,0,0,0,0,0,0,0,7.9
2025,11,2025_11_CHI_MIN,00-0033293,A.Jones,RB,MIN,CHI,6,3,11,0,11,11,0,0,0,0,0.1875,0.0355987055016181,0.306169093851133,16,70,0,1,1,0,0,11.1
2025,12,2025_12_MIN_GB,00-0033293,A.Jones,RB,MIN,GB,4,3,16,0,-3,17,0,0,0,0,0.222222222222222,-0.03,0.312333333333333,9,41,0,1,1,0,0,8.7
2025,13,2025_13_MIN_SEA,00-0033293,A.Jones,RB,MIN,SEA,4,4,22,0,-24,46,1,0,0,0,0.137931034482759,-0.143712574850299,0.106297749328928,6,3,0,0,0,0,0,4.5
2025,14,2025_14_WAS_MIN,00-0033293,A.Jones,RB,MIN,WAS,1,0,0,0,-7,0,0,0,0,0,0.0434782608695652,-0.0457516339869281,0.0331912475134982,14,76,0,1,1,0,0,7.6
2025,15,2025_15_MIN_DAL,00-0033293,A.Jones,RB,MIN,DAL,3,3,31,0,-4,35,1,1,0,0,0.125,-0.0160642570281124,0.176255020080321,12,34,0,2,2,0,0,9.5
2025,16,2025_16_MIN_NYG,00-0033293,A.Jones,RB,MIN,NYG,3,2,8,0,-12,13,0,0,0,0,0.130434782608696,-0.096,0.128452173913044,21,85,0,1,1,0,0,11.3
2025,17,2025_17_DET_MIN,00-0033293,A.Jones,RB,MIN,DET,4,3,10,0,2,11,1,0,0,0,0.285714285714286,0.0298507462686567,0.449466950959488,18,53,1,1,0,0,0,15.3
2025,9,2025_09_CHI_CIN,00-0033526,S.Perine,RB,CIN,CHI,0,0,0,0,0,0,0,0,0,0,0,0,0,1,5,0,0,0,0,0,0.5
2025,13,2025_13_CIN_BAL,00-0033526,S.Perine,RB,CIN,BAL,2,2,15,0,2,13,0,0,0,0,0.0454545454545455,0.00526315789473684,0.071866028708134,14,39,0,1,1,0,0,5.4
2025,14,2025_14_CIN_BUF,00-0033526,S.Perine,RB,CIN,BUF,1,1,7,0,1,6,0,0,0,0,0.0277777777777778,0.00303951367781155,0.0437943262411348,6,31,0,0,0,0,0,4.8
2025,15,2025_15_BAL_CIN,00-0033526,S.Perine,RB,CIN,BAL,1,1,1,0,-6,7,0,0,0,0,0.0277777777777778,-0.0211267605633803,0.0268779342723005,14,42,0,0,0,0,0,5.3
2025,16,2025_16_CIN_MIA,00-0033526,S.Perine,RB,CIN,MIA,3,2,16,0,-12,24,0,0,0,0,0.0967741935483871,-0.0645161290322581,0.1,7,25,1,0,0,0,0,12.1
2025,17,2025_17_ARI_CIN,00-0033526,S.Perine,RB,CIN,ARI,1,1,8,0,-5,13,0,0,0,0,0.0303030303030303,-0.0186567164179104,0.0323948439620081,3,5,1,0,0,0,0,8.3
2025,18,2025_18_CLE_CIN,00-0033526,S.Perine,RB,CIN,CLE,4,3,10,0,-1,8,0,0,0,0,0.105263157894737,-0.00518134715025907,0.154267793836924,8,42,0,1,1,0,0,8.2
2025,1,2025_01_ARI_NO,00-0033553,J.Conner,RB,ARI,NO,4,4,5,1,-15,20,0,0,0,0,0.137931034482759,-0.0903614457831325,0.143643539675945,12,39,0,1,1,0,0,14.4
2025,2,2025_02_CAR_ARI,00-0033553,J.Conner,RB,ARI,CAR,1,1,18,0,0,18,1,1,0,0,0.04,0,0.06,11,34,1,0,0,0,0,12.2
2025,3,2025_03_ARI_SF,00-0033553,J.Conner,RB,ARI,SF,4,3,15,0,6,30,1,0,0,0,0.117647058823529,0.0338983050847458,0.200199401794616,9,22,0,0,0,0,0,6.7
2025,9,2025_09_ATL_NE,00-0033555,M.Hollins,WR,NE,ATL,2,2,9,0,8,1,0,0,0,0,0.0714285714285714,0.0258064516129032,0.125207373271889,0,0,0,0,0,0,0,2.9
2025,10,2025_10_NE_TB,00-0033555,M.Hollins,WR,NE,TB,10,6,106,0,149,18,4,1,1,1,0.344827586206897,0.425714285714286,0.815241379310345,0,0,0,0,0,0,0,16.6
2025,11,2025_11_NYJ_NE,00-0033555,M.Hollins,WR,NE,NYJ,5,4,64,0,98,14,3,3,1,0,0.151515151515152,0.245614035087719,0.399202551834131,0,0,0,0,0,0,0,10.4
2025,12,2025_12_NE_CIN,00-0033555,M.Hollins,WR,NE,CIN,6,2,30,0,74,5,1,1,1,0,0.181818181818182,0.249158249158249,0.447138047138047,0,0,0,0,0,0,0,5
2025,13,2025_13_NYG_NE,00-0033555,M.Hollins,WR,NE,NYG,4,3,23,0,59,0,1,0,0,0,0.133333333333333,0.240816326530612,0.368571428571429,0,0,0,0,0,0,0,5.3
2025,15,2025_15_BUF_NE,00-0033555,M.Hollins,WR,NE,BUF,8,4,41,0,136,11,2,1,0,0,0.363636363636364,0.557377049180328,0.935618479880775,0,0,0,0,0,0,0,8.1
2025,16,2025_16_NE_BAL,00-0033555,M.Hollins,WR,NE,BAL,9,7,69,0,110,5,2,2,2,0,0.214285714285714,0.232067510548523,0.483875828812538,0,0,0,0,0,0,0,13.9
2025,8,2025_08_MIA_ATL,00-0033572,J.Agnew,WR,ATL,MIA,0,0,0,0,0,0,0,0,0,0,0,0,0,0,0,0,0,0,0,0,0
2025,9,2025_09_ATL_NE,00-0033572,J.Agnew,WR,ATL,NE,0,0,0,0,0,0,0,0,0,0,0,0,0,0,0,0,0,0,0,0,0
2025,10,2025_10_ATL_IND,00-0033572,J.Agnew,WR,ATL,IND,0,0,0,0,0,0,0,0,0,0,0,0,0,0,0,0,0,0,0,0,0
2025,11,2025_11_CAR_ATL,00-0033572,J.Agnew,WR,ATL,CAR,0,0,0,0,0,0,0,0,0,0,0,0,0,0,0,0,0,0,0,0,0
2025,12,2025_12_ATL_NO,00-0033572,J.Agnew,WR,ATL,NO,0,0,0,0,0,0,0,0,0,0,0,0,0,0,0,0,0,0,0,0,0
2025,13,2025_13_ATL_NYJ,00-0033572,J.Agnew,WR,ATL,NYJ,0,0,0,0,0,0,0,0,0,0,0,0,0,0,0,0,0,0,0,0,0
2025,14,2025_14_SEA_ATL,00-0033572,J.Agnew,WR,ATL,SEA,0,0,0,0,0,0,0,0,0,0,0,0,0,0,0,0,0,0,0,0,0
2025,3,2025_03_NO_SEA,00-0033576,E.Saubert,TE,SEA,NO,1,1,12,0,6,6,1,0,0,0,0.05,0.0352941176470588,0.0997058823529412,0,0,0,0,0,0,0,2.2
2025,4,2025_04_SEA_ARI,00-0033576,E.Saubert,TE,SEA,ARI,0,0,0,0,0,0,0,0,0,0,0,0,0,0,0,0,0,0,0,0,0
2025,6,2025_06_SEA_JAX,00-0033576,E.Saubert,TE,SEA,JAX,0,0,0,0,0,0,0,0,0,0,0,0,0,0,0,0,0,0,0,0,0
2025,15,2025_15_IND_SEA,00-0033576,E.Saubert,TE,SEA,IND,1,1,9,0,4,5,0,0,0,0,0.0303030303030303,0.016597510373444,0.0570728027159562,0,0,0,0,0,0,0,1.9
2025,16,2025_16_LA_SEA,00-0033576,E.Saubert,TE,SEA,LA,0,0,0,0,0,0,0,0,0,0,0,0,0,0,0,0,0,0,0,0,2
2025,17,2025_17_SEA_CAR,00-0033576,E.Saubert,TE,SEA,CAR,2,0,0,0,18,0,0,0,0,0,0.0769230769230769,0.127659574468085,0.204746317512275,0,0,0,0,0,0,0,0
2025,18,2025_18_SEA_SF,00-0033576,E.Saubert,TE,SEA,SF,3,2,10,0,0,5,0,0,0,0,0.115384615384615,0,0.173076923076923,0,0,0,0,0,0,0,3
2025,1,2025_01_CAR_JAX,00-0033589,D.Moore,WR,CAR,JAX,0,0,0,0,0,0,0,0,0,0,0,0,0,0,0,0,0,0,0,0,0
2025,3,2025_03_ATL_CAR,00-0033589,D.Moore,WR,CAR,ATL,1,1,5,0,5,0,0,0,0,0,0.0416666666666667,0.037593984962406,0.0888157894736842,0,0,0,0,0,0,0,1.5
2025,4,2025_04_CAR_NE,00-0033589,D.Moore,WR,CAR,NE,0,0,0,0,0,0,0,0,0,0,0,0,0,1,12,0,1,1,0,0,1.2
2025,1,2025_01_NYG_WAS,00-0033591,N.Brown,WR,WAS,NYG,3,2,27,0,34,6,1,1,0,0,0.103448275862069,0.121863799283154,0.240477073291311,0,0,0,0,0,0,0,4.7
2025,2,2025_02_WAS_GB,00-0033591,N.Brown,WR,WAS,GB,4,1,9,0,62,3,0,0,0,0,0.1,0.222222222222222,0.305555555555556,0,0,0,0,0,0,0,1.9
2025,14,2025_14_WAS_MIN,00-0033591,N.Brown,WR,WAS,MIN,2,1,19,0,23,0,1,1,0,0,0.1,0.2,0.29,0,0,0,0,0,0,0,2.9
2025,15,2025_15_WAS_NYG,00-0033591,N.Brown,WR,WAS,NYG,1,1,28,0,26,2,1,1,1,0,0.0625,0.1003861003861,0.16402027027027,0,0,0,0,0,0,0,3.8
2025,1,2025_01_NYG_WAS,00-0033699,A.Ekeler,RB,WAS,NYG,3,3,31,0,-7,38,2,0,0,0,0.103448275862069,-0.025089605734767,0.137609689778767,6,26,0,0,0,0,0,8.7
2025,2,2025_02_WAS_GB,00-0033699,A.Ekeler,RB,WAS,GB,4,2,7,0,19,11,0,0,0,0,0.1,0.0681003584229391,0.197670250896057,8,17,0,0,0,0,0,4.4
2025,11,2025_11_HOU_TEN,00-0033854,D.Ogunbowale,RB,HOU,TEN,1,1,9,0,2,7,0,0,0,0,0.025,0.00571428571428571,0.0415,0,0,0,0,0,0,0,1.9
2025,12,2025_12_BUF_HOU,00-0033854,D.Ogunbowale,RB,HOU,BUF,0,0,0,0,0,0,0,0,0,0,0,0,0,0,0,0,0,0,0,0,0
2025,13,2025_13_HOU_IND,00-0033854,D.Ogunbowale,RB,HOU,IND,0,0,0,0,0,0,0,0,0,0,0,0,0,0,0,0,0,0,0,0,0
2025,14,2025_14_HOU_KC,00-0033854,D.Ogunbowale,RB,HOU,KC,0,0,0,0,0,0,0,0,0,0,0,0,0,1,5,1,0,0,0,0,6.5
2025,15,2025_15_ARI_HOU,00-0033854,D.Ogunbowale,RB,HOU,ARI,4,3,32,0,17,20,1,1,0,0,0.153846153846154,0.145299145299145,0.332478632478633,5,2,0,0,0,0,0,6.4
2025,16,2025_16_LV_HOU,00-0033854,D.Ogunbowale,RB,HOU,LV,1,1,2,0,2,0,0,0,0,0,0.0294117647058824,0.00655737704918033,0.0487078109932498,1,-3,0,0,0,0,0,0.9
2025,18,2025_18_IND_HOU,00-0033854,D.Ogunbowale,RB,HOU,IND,2,1,6,0,-2,3,0,0,0,0,0.0714285714285714,-0.0103626943005181,0.0998889711324944,1,3,0,0,0,0,0,1.9
2025,12,2025_12_IND_KC,00-0033857,J.Smith-Schuster,WR,KC,IND,2,1,8,0,21,4,0,0,0,0,0.0465116279069768,0.0598290598290598,0.111647783740807,0,0,0,0,0,0,0,1.8
2025,13,2025_13_KC_DAL,00-0033857,J.Smith-Schuster,WR,KC,DAL,1,0,0,0,4,0,0,0,0,0,0.03125,0.0166666666666667,0.0585416666666667,0,0,0,0,0,0,0,0
2025,14,2025_14_HOU_KC,00-0033857,J.Smith-Schuster,WR,KC,HOU,2,1,5,0,24,0,0,0,0,0,0.0689655172413793,0.0830449826989619,0.161579763751342,0,0,0,0,0,0,0,1.5
2025,15,2025_15_LAC_KC,00-0033857,J.Smith-Schuster,WR,KC,LAC,1,0,0,0,2,0,0,0,0,0,0.0333333333333333,0.008,0.0556,0,0,0,0,0,0,0,0
2025,16,2025_16_KC_TEN,00-0033857,J.Smith-Schuster,WR,KC,TEN,4,1,12,0,4,7,1,0,0,0,0.181818181818182,0.0357142857142857,0.297727272727273,0,0,0,0,0,0,0,2.2
2025,17,2025_17_DEN_KC,00-0033857,J.Smith-Schuster,WR,KC,DEN,3,3,16,0,12,4,1,0,0,0,0.15,0.107142857142857,0.3,0,0,0,0,0,0,0,4.6
2025,18,2025_18_KC_LV,00-0033857,J.Smith-Schuster,WR,KC,LV,2,2,13,0,10,3,0,0,0,0,0.0666666666666667,0.0448430493273543,0.131390134529148,0,0,0,0,0,0,0,3.3
2025,12,2025_12_PIT_CHI,00-0033858,J.Smith,TE,PIT,CHI,3,3,21,0,6,15,0,0,0,0,0.0967741935483871,0.0306122448979592,0.166589861751152,2,7,0,0,0,0,0,5.8
2025,13,2025_13_BUF_PIT,00-0033858,J.Smith,TE,PIT,BUF,2,1,6,0,12,9,0,0,0,0,0.0909090909090909,0.0991735537190083,0.205785123966942,0,0,0,0,0,0,0,1.6
2025,14,2025_14_PIT_BAL,00-0033858,J.Smith,TE,PIT,BAL,1,0,0,0,3,0,0,0,0,0,0.0303030303030303,0.0141509433962264,0.0553602058319039,0,0,0,0,0,0,0,0
2025,15,2025_15_MIA_PIT,00-0033858,J.Smith,TE,PIT,MIA,2,2,12,0,-2,14,1,0,0,0,0.0740740740740741,-0.0217391304347826,0.0958937198067633,1,14,1,1,1,0,0,10.6
2025,16,2025_16_PIT_DET,00-0033858,J.Smith,TE,PIT,DET,1,0,0,0,6,0,0,0,0,0,0.0263157894736842,0.017910447761194,0.0520109976433621,2,28,0,1,1,1,0,2.8
2025,17,2025_17_PIT_CLE,00-0033858,J.Smith,TE,PIT,CLE,5,5,18,0,8,10,0,0,0,0,0.135135135135135,0.0350877192982456,0.227264106211475,2,9,0,0,0,0,0,7.7
2025,18,2025_18_BAL_PIT,00-0033858,J.Smith,TE,PIT,BAL,2,1,2,0,30,0,0,0,0,0,0.0454545454545455,0.0923076923076923,0.132797202797203,1,2,0,0,0,0,0,1.4
2025,8,2025_08_WAS_KC,00-0033873,P.Mahomes,QB,KC,WAS,0,0,0,0,0,0,0,0,0,0,0,0,0,4,30,0,1,1,0,0,22.96
2025,9,2025_09_KC_BUF,00-0033873,P.Mahomes,QB,KC,BUF,0,0,0,0,0,0,0,0,0,0,0,0,0,1,5,0,0,0,0,0,10.5
2025,11,2025_11_KC_DEN,00-0033873,P.Mahomes,QB,KC,DEN,0,0,0,0,0,0,0,0,0,0,0,0,0,1,3,0,0,0,0,0,13.34
2025,12,2025_12_IND_KC,00-0033873,P.Mahomes,QB,KC,IND,0,0,0,0,0,0,0,0,0,0,0,0,0,4,30,0,1,1,0,0,17.08
2025,13,2025_13_KC_DAL,00-0033873,P.Mahomes,QB,KC,DAL,0,0,0,0,0,0,0,0,0,0,0,0,0,3,30,0,2,1,0,0,29.44
2025,14,2025_14_HOU_KC,00-0033873,P.Mahomes,QB,KC,HOU,1,1,-10,0,-8,-2,0,0,0,0,0.0344827586206897,-0.027681660899654,0.0323469753012767,7,59,0,1,1,0,0,6.3
2025,15,2025_15_LAC_KC,00-0033873,P.Mahomes,QB,KC,LAC,0,0,0,0,0,0,0,0,0,0,0,0,0,2,15,1,1,1,0,0,13.06
2025,11,2025_11_KC_DEN,00-0033881,E.Engram,TE,DEN,KC,5,4,33,0,2,36,0,0,0,0,0.138888888888889,0.00626959247648903,0.212722048066876,0,0,0,0,0,0,0,7.3
2025,13,2025_13_DEN_WAS,00-0033881,E.Engram,TE,DEN,WAS,9,6,79,0,39,61,2,1,1,1,0.209302325581395,0.206349206349206,0.458397932816537,0,0,0,0,0,0,0,13.9
2025,14,2025_14_DEN_LV,00-0033881,E.Engram,TE,DEN,LV,2,2,8,0,2,6,0,0,0,0,0.0555555555555556,0.00925925925925926,0.0898148148148148,0,0,0,0,0,0,0,2.8
2025,15,2025_15_GB_DEN,00-0033881,E.Engram,TE,DEN,GB,3,1,12,0,4,9,1,0,0,0,0.09375,0.0123839009287926,0.149293730650155,0,0,0,0,0,0,0,2.2
2025,16,2025_16_JAX_DEN,00-0033881,E.Engram,TE,DEN,JAX,4,2,36,0,29,12,1,1,1,0,0.0869565217391304,0.0645879732739421,0.175646363900455,0,0,0,0,0,0,0,5.6
2025,17,2025_17_DEN_KC,00-0033881,E.Engram,TE,DEN,KC,4,4,21,0,7,14,0,0,0,0,0.108108108108108,0.0339805825242718,0.185948569929152,0,0,0,0,0,0,0,6.1
2025,18,2025_18_LAC_DEN,00-0033881,E.Engram,TE,DEN,LAC,4,3,45,0,30,22,1,1,1,0,0.173913043478261,1.15384615384615,1.0685618729097,0,0,0,0,0,0,0,7.5
2025,5,2025_05_MIN_CLE,00-0033885,D.Njoku,TE,CLE,MIN,9,6,67,1,55,35,4,1,0,0,0.28125,0.264423076923077,0.606971153846154,0,0,0,0,0,0,0,18.7
2025,6,2025_06_CLE_PIT,00-0033885,D.Njoku,TE,CLE,PIT,6,3,28,0,49,9,1,0,0,0,0.117647058823529,0.156050955414013,0.285706257025103,0,0,0,0,0,0,0,5.8
2025,8,2025_08_CLE_NE,00-0033885,D.Njoku,TE,CLE,NE,5,4,37,1,28,15,2,1,1,0,0.151515151515152,0.143589743589744,0.327785547785548,0,0,0,0,0,0,0,13.7
2025,10,2025_10_CLE_NYJ,00-0033885,D.Njoku,TE,CLE,NYJ,2,2,21,1,-5,26,1,0,0,0,0.0625,-0.025,0.07625,0,0,0,0,0,0,0,10.1
2025,11,2025_11_BAL_CLE,00-0033885,D.Njoku,TE,CLE,BAL,2,1,7,0,8,3,0,0,0,0,0.08,0.0481927710843374,0.153734939759036,0,0,0,0,0,0,0,1.7
2025,13,2025_13_SF_CLE,00-0033885,D.Njoku,TE,CLE,SF,2,2,4,0,2,2,0,0,0,0,0.0869565217391304,0.0115606936416185,0.138527268157829,0,0,0,0,0,0,0,2.4
2025,14,2025_14_TEN_CLE,00-0033885,D.Njoku,TE,CLE,TEN,1,1,1,1,1,0,0,0,0,0,0.0263157894736842,0.00327868852459016,0.0417687661777394,0,0,0,0,0,0,0,7.1
2025,1,2025_01_ARI_NO,00-0033891,Z.Jones,WR,ARI,NO,1,1,4,0,2,2,0,0,0,0,0.0344827586206897,0.0120481927710843,0.0601578728707935,0,0,0,0,0,0,0,1.4
2025,3,2025_03_ARI_SF,00-0033891,Z.Jones,WR,ARI,SF,3,2,25,0,37,5,1,1,0,0,0.0882352941176471,0.209039548022599,0.27868062479229,0,0,0,0,0,0,0,4.5
2025,5,2025_05_TEN_ARI,00-0033891,Z.Jones,WR,ARI,TEN,3,2,8,0,35,1,0,0,0,0,0.1,0.167464114832536,0.267224880382775,0,0,0,0,0,0,0,2.8
2025,6,2025_06_ARI_IND,00-0033891,Z.Jones,WR,ARI,IND,8,5,79,0,108,17,4,3,2,0,0.205128205128205,0.276214833759591,0.501042691324021,0,0,0,0,0,0,0,12.9
2025,7,2025_07_GB_ARI,00-0033891,Z.Jones,WR,ARI,GB,2,2,67,0,56,11,2,2,2,1,0.0588235294117647,0.17948717948718,0.213876319758673,0,0,0,0,0,0,0,8.7
2025,10,2025_10_ARI_SEA,00-0033891,Z.Jones,WR,ARI,SEA,1,0,0,0,3,0,0,0,0,0,0.0227272727272727,0.00911854103343465,0.0404738878143133,0,0,0,0,0,0,0,0
2025,5,2025_05_NYG_NO,00-0033906,A.Kamara,RB,NO,NYG,6,4,28,0,19,14,2,0,0,0,0.193548387096774,0.0791666666666667,0.345739247311828,8,27,0,1,0,0,0,9.5
2025,6,2025_06_NE_NO,00-0033906,A.Kamara,RB,NO,NE,5,5,45,0,10,35,1,1,1,0,0.192307692307692,0.0452488687782805,0.320135746606335,10,31,0,0,0,0,0,12.6
2025,7,2025_07_NO_CHI,00-0033906,A.Kamara,RB,NO,CHI,3,3,1,0,1,0,0,0,0,0,0.0967741935483871,0.00259067357512953,0.146974761825171,11,28,0,0,0,0,0,5.9
2025,8,2025_08_TB_NO,00-0033906,A.Kamara,RB,NO,TB,2,2,24,0,4,20,1,0,0,0,0.04,0.00954653937947494,0.0666825775656325,6,21,0,0,0,0,0,6.5
2025,9,2025_09_NO_LA,00-0033906,A.Kamara,RB,NO,LA,3,1,3,0,4,9,0,0,0,0,0.125,0.018348623853211,0.200344036697248,6,14,0,0,0,0,0,0.7
2025,10,2025_10_NO_CAR,00-0033906,A.Kamara,RB,NO,CAR,3,3,32,0,-2,34,1,1,1,0,0.115384615384615,-0.0078125,0.167608173076923,22,83,0,2,1,0,0,14.5
2025,12,2025_12_ATL_NO,00-0033906,A.Kamara,RB,NO,ATL,2,2,4,0,-8,12,0,0,0,0,0.0465116279069768,-0.0258899676375405,0.0516444645141868,3,11,0,0,0,0,0,3.5
2025,12,2025_12_SEA_TEN,00-0033908,C.Kupp,WR,SEA,TEN,4,2,24,0,40,6,2,0,0,0,0.16,0.163265306122449,0.354285714285714,0,0,0,0,0,0,0,4.4
2025,13,2025_13_MIN_SEA,00-0033908,C.Kupp,WR,SEA,MIN,4,3,24,0,13,16,1,0,0,0,0.173913043478261,0.139784946236559,0.358719027582983,0,0,0,0,0,0,0,5.4
2025,14,2025_14_SEA_ATL,00-0033908,C.Kupp,WR,SEA,ATL,3,2,35,1,30,24,2,1,1,0,0.1,0.117647058823529,0.232352941176471,0,0,0,0,0,0,0,11.5
2025,15,2025_15_IND_SEA,00-0033908,C.Kupp,WR,SEA,IND,7,5,46,0,40,27,1,1,0,0,0.212121212121212,0.16597510373444,0.434364390795926,0,0,0,0,0,0,0,9.6
2025,16,2025_16_LA_SEA,00-0033908,C.Kupp,WR,SEA,LA,4,3,39,0,43,13,2,2,1,0,0.129032258064516,0.212871287128713,0.342558288086873,0,0,0,0,0,0,0,6.9
2025,17,2025_17_SEA_CAR,00-0033908,C.Kupp,WR,SEA,CAR,3,1,6,0,17,0,0,0,0,0,0.115384615384615,0.120567375886525,0.25747408619749,0,0,0,0,0,0,0,1.6
2025,18,2025_18_SEA_SF,00-0033908,C.Kupp,WR,SEA,SF,3,2,29,0,20,13,1,1,1,0,0.115384615384615,0.158730158730159,0.284188034188034,0,0,0,0,0,0,0,4.9
2025,12,2025_12_IND_KC,00-0033923,K.Hunt,RB,KC,IND,3,3,26,0,4,22,1,0,0,0,0.0697674418604651,0.0113960113960114,0.112628370767906,30,104,1,2,1,0,0,20
2025,13,2025_13_KC_DAL,00-0033923,K.Hunt,RB,KC,DAL,2,1,22,0,0,22,1,1,1,0,0.0625,0,0.09375,14,58,0,1,1,0,0,9
2025,14,2025_14_HOU_KC,00-0033923,K.Hunt,RB,KC,HOU,1,0,0,0,0,0,0,0,0,0,0.0344827586206897,0,0.0517241379310345,12,30,1,0,0,0,0,9
2025,15,2025_15_LAC_KC,00-0033923,K.Hunt,RB,KC,LAC,2,1,8,0,11,13,0,0,0,0,0.0666666666666667,0.044,0.1308,6,12,0,0,0,0,0,3
2025,16,2025_16_KC_TEN,00-0033923,K.Hunt,RB,KC,TEN,0,0,0,0,0,0,0,0,0,0,0,0,0,3,2,0,0,0,0,0,0.2
2025,17,2025_17_DEN_KC,00-0033923,K.Hunt,RB,KC,DEN,0,0,0,0,0,0,0,0,0,0,0,0,0,7,38,0,1,1,0,0,3.8
2025,18,2025_18_KC_LV,00-0033923,K.Hunt,RB,KC,LV,4,3,21,0,-4,21,1,0,0,0,0.133333333333333,-0.0179372197309417,0.187443946188341,5,14,0,0,0,0,0,6.5
2025,1,2025_01_PIT_NYJ,00-0033943,J.Reynolds,WR,NYJ,PIT,3,2,18,0,30,2,1,0,0,0,0.142857142857143,0.177514792899408,0.3385460693153,0,0,0,0,0,0,0,3.8
2025,4,2025_04_NYJ_MIA,00-0033943,J.Reynolds,WR,NYJ,MIA,2,0,0,0,28,0,0,0,0,0,0.0740740740740741,0.136585365853659,0.206720867208672,0,0,0,0,0,0,0,0
2025,5,2025_05_DAL_NYJ,00-0033943,J.Reynolds,WR,NYJ,DAL,4,3,29,0,33,2,2,0,0,0,0.0909090909090909,0.107142857142857,0.211363636363636,0,0,0,0,0,0,0,7.9
2025,6,2025_06_DEN_NYJ,00-0033943,J.Reynolds,WR,NYJ,DEN,3,3,25,0,19,6,1,0,0,0,0.1875,0.202127659574468,0.422739361702128,0,0,0,0,0,0,0,5.5
2025,7,2025_07_CAR_NYJ,00-0033943,J.Reynolds,WR,NYJ,CAR,9,3,29,0,166,4,1,0,0,0,0.290322580645161,0.452316076294278,0.752105124373737,0,0,0,0,0,0,0,5.9
2025,11,2025_11_WAS_MIA,00-0033955,J.McNichols,RB,WAS,MIA,2,2,16,0,-4,20,1,0,0,0,0.0689655172413793,-0.0180995475113122,0.0907785926041504,4,13,0,0,0,0,0,4.9
2025,13,2025_13_DEN_WAS,00-0033955,J.McNichols,RB,WAS,DEN,2,2,0,0,-9,9,0,0,0,0,0.0444444444444444,-0.0150501672240803,0.0561315496098105,6,30,0,1,1,0,0,5
2025,14,2025_14_WAS_MIN,00-0033955,J.McNichols,RB,WAS,MIN,1,1,2,0,-6,8,0,0,0,0,0.05,-0.0521739130434783,0.0384782608695652,0,0,0,0,0,0,0,1.2
2025,15,2025_15_WAS_NYG,00-0033955,J.McNichols,RB,WAS,NYG,1,1,16,0,-3,19,1,1,0,0,0.0625,-0.0115830115830116,0.0856418918918919,9,6,0,0,0,0,0,1.2
2025,16,2025_16_PHI_WAS,00-0033955,J.McNichols,RB,WAS,PHI,3,2,9,0,-8,16,0,0,0,0,0.15,-0.0467836257309942,0.192251461988304,1,3,0,0,0,0,0,5.2
2025,17,2025_17_DAL_WAS,00-0033955,J.McNichols,RB,WAS,DAL,3,3,12,0,-2,14,0,0,0,0,0.142857142857143,-0.0119760479041916,0.20590248075278,1,-2,0,0,0,0,0,4
2025,18,2025_18_WAS_PHI,00-0033955,J.McNichols,RB,WAS,PHI,1,1,8,0,6,2,0,0,0,0,0.0526315789473684,0.0487804878048781,0.113093709884467,1,3,0,0,0,0,0,2.1
2025,2,2025_02_LAC_LV,00-0034159,W.Dissly,TE,LAC,LV,1,1,7,0,4,3,0,0,0,0,0.037037037037037,0.0163934426229508,0.0670309653916211,0,0,0,0,0,0,0,1.7
2025,6,2025_06_LAC_MIA,00-0034159,W.Dissly,TE,LAC,MIA,2,2,18,0,0,18,1,0,0,0,0.0526315789473684,0,0.0789473684210526,0,0,0,0,0,0,0,3.8
2025,7,2025_07_IND_LAC,00-0034159,W.Dissly,TE,LAC,IND,1,0,0,0,9,0,0,0,0,0,0.0185185185185185,0.0199556541019956,0.0417467356491747,0,0,0,0,0,0,0,0
2025,14,2025_14_PHI_LAC,00-0034159,W.Dissly,TE,LAC,PHI,1,1,1,0,1,0,0,0,0,0,0.0434782608695652,0.0037037037037037,0.0678099838969404,0,0,0,0,0,0,0,1.1
2025,16,2025_16_LAC_DAL,00-0034159,W.Dissly,TE,LAC,DAL,3,3,28,0,15,13,1,0,0,0,0.107142857142857,0.0557620817843866,0.199747742963356,0,0,0,0,0,0,0,5.8
2025,17,2025_17_HOU_LAC,00-0034159,W.Dissly,TE,LAC,HOU,2,2,19,0,1,18,1,1,0,0,0.0645161290322581,0.00357142857142857,0.0992741935483871,0,0,0,0,0,0,0,3.9
2025,18,2025_18_LAC_DEN,00-0034159,W.Dissly,TE,LAC,DEN,5,1,6,0,37,1,0,0,0,0,0.131578947368421,0.0936708860759494,0.262938041305796,0,0,0,0,0,0,0,1.6
2025,1,2025_01_KC_LAC,00-0034270,T.Conklin,TE,LAC,KC,2,2,50,0,28,22,2,2,1,0,0.0588235294117647,0.0818713450292398,0.145545235638115,1,2,0,0,0,0,0,7.2
2025,3,2025_03_DEN_LAC,00-0034270,T.Conklin,TE,LAC,DEN,2,0,0,0,-1,0,0,0,0,0,0.0444444444444444,-0.00233100233100233,0.065034965034965,0,0,0,0,0,0,0,0
2025,4,2025_04_LAC_NYG,00-0034270,T.Conklin,TE,LAC,NYG,1,1,3,0,-4,7,0,0,0,0,0.0263157894736842,-0.0150943396226415,0.0289076464746773,0,0,0,0,0,0,0,1.3
2025,5,2025_05_WAS_LAC,00-0034270,T.Conklin,TE,LAC,WAS,3,2,30,0,13,19,1,1,1,0,0.09375,0.102362204724409,0.212278543307087,0,0,0,0,0,0,0,5
2025,10,2025_10_PIT_LAC,00-0034270,T.Conklin,TE,LAC,PIT,1,1,12,0,5,7,1,0,0,0,0.0303030303030303,0.0320512820512821,0.0678904428904429,0,0,0,0,0,0,0,2.2
2025,18,2025_18_LAC_DEN,00-0034270,T.Conklin,TE,LAC,DEN,1,1,6,0,4,2,0,0,0,0,0.0263157894736842,0.010126582278481,0.046562291805463,0,0,0,0,0,0,0,1.6
2025,11,2025_11_KC_DEN,00-0034348,C.Sutton,WR,DEN,KC,8,4,59,0,65,8,3,2,2,0,0.222222222222222,0.203761755485893,0.475966562173459,0,0,0,0,0,0,0,9.9
2025,13,2025_13_DEN_WAS,00-0034348,C.Sutton,WR,DEN,WAS,6,5,62,1,63,9,3,1,1,0,0.13953488372093,0.333333333333333,0.442635658914729,0,0,0,0,0,0,0,17.2
2025,14,2025_14_DEN_LV,00-0034348,C.Sutton,WR,DEN,LV,10,6,62,0,105,9,3,0,0,0,0.277777777777778,0.486111111111111,0.756944444444445,0,0,0,0,0,0,0,12.2
2025,15,2025_15_GB_DEN,00-0034348,C.Sutton,WR,DEN,GB,10,7,113,1,136,17,4,3,2,1,0.3125,0.421052631578947,0.763486842105263,0,0,0,0,0,0,0,24.3
2025,16,2025_16_JAX_DEN,00-0034348,C.Sutton,WR,DEN,JAX,12,6,86,1,209,8,5,2,1,0,0.260869565217391,0.465478841870824,0.717139537135664,0,0,0,0,0,0,0,20.6
2025,17,2025_17_DEN_KC,00-0034348,C.Sutton,WR,DEN,KC,10,4,40,0,107,8,1,1,1,0,0.27027027027027,0.519417475728155,0.768997638415114,0,0,0,0,0,0,0,8
2025,18,2025_18_LAC_DEN,00-0034348,C.Sutton,WR,DEN,LAC,2,1,5,0,9,9,0,0,0,0,0.0869565217391304,0.346153846153846,0.372742474916388,0,0,0,0,0,0,0,1.5
2025,11,2025_11_DET_PHI,00-0034351,D.Goedert,TE,PHI,DET,5,2,24,0,41,15,1,1,0,0,0.185185185185185,0.113259668508287,0.357059545733579,0,0,0,0,0,0,0,4.4
2025,12,2025_12_PHI_DAL,00-0034351,D.Goedert,TE,PHI,DAL,2,2,20,0,11,9,1,0,0,0,0.0555555555555556,0.037542662116041,0.109613196814562,0,0,0,0,0,0,0,4
2025,13,2025_13_CHI_PHI,00-0034351,D.Goedert,TE,PHI,CHI,4,2,27,0,37,5,1,1,1,0,0.133333333333333,0.110778443113772,0.277544910179641,0,0,0,0,0,0,0,4.7
2025,14,2025_14_PHI_LAC,00-0034351,D.Goedert,TE,PHI,LAC,10,8,78,0,50,43,4,2,0,0,0.263157894736842,0.122549019607843,0.480521155830753,0,0,0,0,0,0,0,15.8
2025,15,2025_15_LV_PHI,00-0034351,D.Goedert,TE,PHI,LV,7,6,70,2,29,45,3,1,1,0,0.388888888888889,0.21969696969697,0.737121212121212,0,0,0,0,0,0,0,25
2025,16,2025_16_PHI_WAS,00-0034351,D.Goedert,TE,PHI,WAS,3,3,32,1,23,9,1,0,0,0,0.103448275862069,0.114427860696517,0.235271916280666,0,0,0,0,0,0,0,12.2
2025,17,2025_17_PHI_BUF,00-0034351,D.Goedert,TE,PHI,BUF,6,3,8,1,26,6,0,0,0,0,0.272727272727273,0.10077519379845,0.479633544749824,0,0,0,0,0,0,0,9.8
2025,12,2025_12_BUF_HOU,00-0034383,D.Schultz,TE,HOU,BUF,4,1,8,0,59,3,0,0,0,0,0.142857142857143,0.255411255411255,0.393073593073593,0,0,0,0,0,0,0,1.8
2025,13,2025_13_HOU_IND,00-0034383,D.Schultz,TE,HOU,IND,8,7,55,0,35,22,2,0,0,0,0.25,0.0892857142857143,0.4375,0,0,0,0,0,0,0,12.5
2025,14,2025_14_HOU_KC,00-0034383,D.Schultz,TE,HOU,KC,4,3,22,0,14,8,1,0,0,0,0.148148148148148,0.0459016393442623,0.254353369763206,0,0,0,0,0,0,0,5.2
2025,15,2025_15_ARI_HOU,00-0034383,D.Schultz,TE,HOU,ARI,9,8,76,1,46,34,4,2,0,0,0.346153846153846,0.393162393162393,0.794444444444444,0,0,0,0,0,0,0,21.6
2025,16,2025_16_LV_HOU,00-0034383,D.Schultz,TE,HOU,LV,5,5,35,1,27,8,2,0,0,0,0.147058823529412,0.0885245901639344,0.282555448408872,0,0,0,0,0,0,0,14.5
2025,17,2025_17_HOU_LAC,00-0034383,D.Schultz,TE,HOU,LAC,4,3,19,0,0,20,1,0,0,0,0.153846153846154,0,0.230769230769231,0,0,0,0,0,0,0,4.9
2025,18,2025_18_IND_HOU,00-0034383,D.Schultz,TE,HOU,IND,4,4,73,0,37,36,4,2,1,0,0.142857142857143,0.191709844559585,0.348482605477424,0,0,0,0,0,0,0,11.3
2025,1,2025_01_HOU_LA,00-0034386,J.Watson,WR,HOU,LA,2,2,27,0,14,13,2,0,0,0,0.0740740740740741,0.0813953488372093,0.168087855297158,0,0,0,0,0,0,0,4.7
2025,2,2025_02_TB_HOU,00-0034386,J.Watson,WR,HOU,TB,2,1,3,0,19,1,0,0,0,0,0.0869565217391304,0.0974358974358974,0.198639910813824,0,0,0,0,0,0,0,1.3
2025,18,2025_18_IND_HOU,00-0034386,J.Watson,WR,HOU,IND,0,0,0,0,0,0,0,0,0,0,0,0,0,0,0,0,0,0,0,0,0
2025,1,2025_01_TB_ATL,00-0034407,R.McCloud,WR,ATL,TB,5,3,51,0,36,24,3,1,1,0,0.119047619047619,0.125,0.266071428571429,0,0,0,0,0,0,0,8.1
2025,2,2025_02_ATL_MIN,00-0034407,R.McCloud,WR,ATL,MIN,2,0,0,0,20,0,0,0,0,0,0.0952380952380952,0.151515151515152,0.248917748917749,0,0,0,0,0,0,0,0
2025,3,2025_03_ATL_CAR,00-0034407,R.McCloud,WR,ATL,CAR,5,2,20,0,33,22,1,0,0,0,0.121951219512195,0.107843137254902,0.258417025346724,0,0,0,0,0,0,0,4
2025,4,2025_04_WAS_ATL,00-0034407,R.McCloud,WR,ATL,WAS,2,1,-7,0,-10,0,0,0,0,0,0.0769230769230769,-0.0364963503649635,0.089837170129141,0,0,0,0,0,0,0,0.3
2025,9,2025_09_SF_NYG,00-0034407,R.McCloud,WR,NYG,SF,1,1,5,0,5,0,0,0,0,0,0.03125,0.0230414746543779,0.0630040322580645,0,0,0,0,0,0,0,1.5
2025,10,2025_10_NYG_CHI,00-0034407,R.McCloud,WR,NYG,CHI,0,0,0,0,0,0,0,0,0,0,0,0,0,0,0,0,0,0,0,0,0
2025,1,2025_01_TEN_DEN,00-0034487,T.Sherfield,WR,DEN,TEN,1,1,3,0,-2,5,0,0,0,0,0.027027027027027,-0.00938967136150235,0.0339677705874889,0,0,0,0,0,0,0,1.3
2025,2,2025_02_DEN_IND,00-0034487,T.Sherfield,WR,DEN,IND,1,1,3,0,3,0,0,0,0,0,0.0333333333333333,0.0204081632653061,0.0642857142857143,0,0,0,0,0,0,0,1.3
2025,5,2025_05_DEN_PHI,00-0034487,T.Sherfield,WR,DEN,PHI,2,1,15,0,38,9,1,0,0,0,0.0555555555555556,0.119496855345912,0.166981132075472,0,0,0,0,0,0,0,2.5
2025,14,2025_14_LA_ARI,00-0034487,T.Sherfield,WR,ARI,LA,1,0,0,0,6,0,0,0,0,0,0.0227272727272727,0.0170454545454545,0.0460227272727273,0,0,0,0,0,0,0,0
2025,12,2025_12_NYJ_BAL,00-0034753,M.Andrews,TE,BAL,NYJ,3,1,9,0,23,2,0,0,0,0,0.15,0.102678571428571,0.296875,2,2,0,0,0,0,0,2.1
2025,13,2025_13_CIN_BAL,00-0034753,M.Andrews,TE,BAL,CIN,6,4,47,0,43,17,2,1,0,0,0.2,0.112860892388451,0.379002624671916,0,0,0,0,0,0,0,8.7
2025,14,2025_14_PIT_BAL,00-0034753,M.Andrews,TE,BAL,PIT,5,1,9,0,27,0,0,0,0,0,0.151515151515152,0.105058365758755,0.300813583303856,0,0,0,0,0,0,0,1.9
2025,15,2025_15_BAL_CIN,00-0034753,M.Andrews,TE,BAL,CIN,3,2,18,0,42,0,1,0,0,0,0.25,0.325581395348837,0.602906976744186,0,0,0,0,0,0,0,3.8
2025,16,2025_16_NE_BAL,00-0034753,M.Andrews,TE,BAL,NE,3,2,21,0,32,7,1,1,0,0,0.15,0.187134502923977,0.355994152046784,1,3,0,0,0,0,0,4.4
2025,17,2025_17_BAL_GB,00-0034753,M.Andrews,TE,BAL,GB,4,4,28,0,21,7,0,0,0,0,0.2,0.2625,0.48375,0,0,0,0,0,0,0,6.8
2025,18,2025_18_BAL_PIT,00-0034753,M.Andrews,TE,BAL,PIT,3,2,14,0,12,2,0,0,0,0,0.176470588235294,0.0677966101694915,0.312163509471585,0,0,0,0,0,0,0,3.4
2025,10,2025_10_JAX_HOU,00-0034791,N.Chubb,RB,HOU,JAX,1,1,5,0,5,0,0,0,0,0,0.0227272727272727,0.0117096018735363,0.0422876304023845,5,47,0,2,2,0,0,6.2
2025,11,2025_11_HOU_TEN,00-0034791,N.Chubb,RB,HOU,TEN,2,0,0,0,2,0,0,0,0,0,0.05,0.00571428571428571,0.079,3,17,0,0,0,0,0,1.7
2025,12,2025_12_BUF_HOU,00-0034791,N.Chubb,RB,HOU,BUF,1,1,-1,0,-1,0,0,0,0,0,0.0357142857142857,-0.00432900432900433,0.0505411255411255,6,16,0,0,0,0,0,2.5
2025,13,2025_13_HOU_IND,00-0034791,N.Chubb,RB,HOU,IND,0,0,0,0,0,0,0,0,0,0,0,0,0,9,34,1,1,1,0,0,9.4
2025,14,2025_14_HOU_KC,00-0034791,N.Chubb,RB,HOU,KC,0,0,0,0,0,0,0,0,0,0,0,0,0,1,3,0,0,0,0,0,0.3
2025,16,2025_16_LV_HOU,00-0034791,N.Chubb,RB,HOU,LV,1,1,9,0,4,5,0,0,0,0,0.0294117647058824,0.0131147540983607,0.053297974927676,6,33,0,1,1,1,0,5.2
2025,17,2025_17_HOU_LAC,00-0034791,N.Chubb,RB,HOU,LAC,0,0,0,0,0,0,0,0,0,0,0,0,0,1,1,0,0,0,0,0,0.1
2025,11,2025_11_BAL_CLE,00-0034796,L.Jackson,QB,BAL,CLE,0,0,0,0,0,0,0,0,0,0,0,0,0,4,10,0,1,1,0,0,4.72
2025,12,2025_12_NYJ_BAL,00-0034796,L.Jackson,QB,BAL,NYJ,0,0,0,0,0,0,0,0,0,0,0,0,0,7,11,0,0,0,0,0,7.22
2025,13,2025_13_CIN_BAL,00-0034796,L.Jackson,QB,BAL,CIN,0,0,0,0,0,0,0,0,0,0,0,0,0,6,27,0,1,0,0,0,6.54
2025,14,2025_14_PIT_BAL,00-0034796,L.Jackson,QB,BAL,PIT,0,0,0,0,0,0,0,0,0,0,0,0,0,7,43,1,0,0,0,0,21.06
2025,15,2025_15_BAL_CIN,00-0034796,L.Jackson,QB,BAL,CIN,0,0,0,0,0,0,0,0,0,0,0,0,0,2,26,0,2,2,0,0,14.6
2025,16,2025_16_NE_BAL,00-0034796,L.Jackson,QB,BAL,NE,0,0,0,0,0,0,0,0,0,0,0,0,0,2,7,0,0,0,0,0,4.74
2025,18,2025_18_BAL_PIT,00-0034796,L.Jackson,QB,BAL,PIT,0,0,0,0,0,0,0,0,0,0,0,0,0,4,9,0,0,0,0,0,20.42
2025,12,2025_12_PIT_CHI,00-0034827,D.Moore,WR,CHI,PIT,7,5,64,2,73,12,2,2,2,0,0.233333333333333,0.222560975609756,0.505792682926829,0,0,0,0,0,0,0,23.4
2025,13,2025_13_CHI_PHI,00-0034827,D.Moore,WR,CHI,PHI,5,2,17,0,54,6,1,0,0,0,0.15625,0.214285714285714,0.384375,1,10,0,1,0,0,0,4.7
2025,14,2025_14_CHI_GB,00-0034827,D.Moore,WR,CHI,GB,3,1,-4,0,26,-1,0,0,0,0,0.107142857142857,0.087248322147651,0.221788111217641,0,0,0,0,0,0,0,0.6
2025,15,2025_15_CLE_CHI,00-0034827,D.Moore,WR,CHI,CLE,5,4,69,2,105,5,3,2,2,0,0.185185185185185,0.381818181818182,0.545050505050505,0,0,0,0,0,0,0,22.9
2025,16,2025_16_GB_CHI,00-0034827,D.Moore,WR,CHI,GB,7,5,97,1,123,1,3,3,3,1,0.241379310344828,0.371601208459215,0.622189811438692,1,12,0,1,1,0,0,21.9
2025,17,2025_17_CHI_SF,00-0034827,D.Moore,WR,CHI,SF,4,1,7,0,22,0,0,0,0,0,0.102564102564103,0.0726072607260726,0.204671236354405,0,0,0,0,0,0,0,1.7
2025,18,2025_18_DET_CHI,00-0034827,D.Moore,WR,CHI,DET,3,1,11,0,47,15,1,0,0,0,0.103448275862069,0.180769230769231,0.281710875331565,0,0,0,0,0,0,0,2.1
2025,12,2025_12_NE_CIN,00-0034829,M.Gesicki,TE,CIN,NE,6,4,35,0,62,6,2,0,0,0,0.176470588235294,0.18452380952381,0.393872549019608,0,0,0,0,0,0,0,7.5
2025,13,2025_13_CIN_BAL,00-0034829,M.Gesicki,TE,CIN,BAL,4,2,19,0,27,4,1,0,0,0,0.0909090909090909,0.0710526315789474,0.1861004784689,0,0,0,0,0,0,0,3.9
2025,14,2025_14_CIN_BUF,00-0034829,M.Gesicki,TE,CIN,BUF,6,6,86,1,67,19,4,1,1,0,0.166666666666667,0.203647416413374,0.392553191489362,0,0,0,0,0,0,0,20.6
2025,15,2025_15_BAL_CIN,00-0034829,M.Gesicki,TE,CIN,BAL,2,1,11,0,40,1,1,0,0,0,0.0555555555555556,0.140845070422535,0.181924882629108,0,0,0,0,0,0,0,2.1
2025,16,2025_16_CIN_MIA,00-0034829,M.Gesicki,TE,CIN,MIA,4,3,35,1,43,8,2,1,0,0,0.129032258064516,0.231182795698925,0.355376344086022,0,0,0,0,0,0,0,12.5
2025,17,2025_17_ARI_CIN,00-0034829,M.Gesicki,TE,CIN,ARI,2,2,47,0,38,9,2,1,1,0,0.0606060606060606,0.141791044776119,0.190162822252374,0,0,0,0,0,0,0,6.7
2025,18,2025_18_CLE_CIN,00-0034829,M.Gesicki,TE,CIN,CLE,2,2,13,0,8,5,1,0,0,0,0.0526315789473684,0.0414507772020725,0.107962912462503,0,0,0,0,0,0,0,3.3
2025,1,2025_01_TEN_DEN,00-0034837,C.Ridley,WR,TEN,DEN,8,4,27,0,69,12,1,0,0,0,0.32,0.23469387755102,0.644285714285714,0,0,0,0,0,0,0,6.7
2025,2,2025_02_LA_TEN,00-0034837,C.Ridley,WR,TEN,LA,6,3,57,0,71,26,3,2,2,0,0.193548387096774,0.330232558139535,0.521485371342836,0,0,0,0,0,0,0,8.7
2025,3,2025_03_IND_TEN,00-0034837,C.Ridley,WR,TEN,IND,7,1,27,0,89,9,1,1,1,0,0.205882352941176,0.481081081081081,0.645580286168522,0,0,0,0,0,0,0,3.7
2025,4,2025_04_TEN_HOU,00-0034837,C.Ridley,WR,TEN,HOU,3,2,30,0,34,11,1,1,1,0,0.130434782608696,0.178947368421053,0.32091533180778,0,0,0,0,0,0,0,5
2025,5,2025_05_TEN_ARI,00-0034837,C.Ridley,WR,TEN,ARI,10,5,131,0,168,17,4,3,3,1,0.27027027027027,0.399049881235154,0.684740322270014,0,0,0,0,0,0,0,18.1
2025,6,2025_06_TEN_LV,00-0034837,C.Ridley,WR,TEN,LV,1,1,18,0,14,4,1,1,0,0,0.0294117647058824,0.0553359683794466,0.0828528249244362,0,0,0,0,0,0,0,2.8
2025,11,2025_11_HOU_TEN,00-0034837,C.Ridley,WR,TEN,HOU,1,1,13,0,8,5,1,0,0,0,0.0277777777777778,0.0298507462686567,0.0625621890547264,0,0,0,0,0,0,0,2.3
2025,11,2025_11_DET_PHI,00-0034844,S.Barkley,RB,PHI,DET,2,1,7,0,31,10,0,0,0,0,0.0740740740740741,0.0856353591160221,0.171055862492327,26,83,0,1,1,0,0,10
2025,12,2025_12_PHI_DAL,00-0034844,S.Barkley,RB,PHI,DAL,8,7,52,0,21,52,3,1,0,0,0.222222222222222,0.0716723549488055,0.383503981797497,10,22,0,0,0,0,0,12.4
2025,13,2025_13_CHI_PHI,00-0034844,S.Barkley,RB,PHI,CHI,2,0,0,0,0,0,0,0,0,0,0.0666666666666667,0,0.1,13,56,0,1,1,0,0,5.6
2025,14,2025_14_PHI_LAC,00-0034844,S.Barkley,RB,PHI,LAC,2,0,0,0,12,0,0,0,0,0,0.0526315789473684,0.0294117647058824,0.0995356037151703,20,122,1,4,3,1,1,18.2
2025,15,2025_15_LV_PHI,00-0034844,S.Barkley,RB,PHI,LV,3,2,14,0,-3,17,0,0,0,0,0.166666666666667,-0.0227272727272727,0.234090909090909,22,78,1,2,1,0,0,17.2
2025,16,2025_16_PHI_WAS,00-0034844,S.Barkley,RB,PHI,WAS,2,0,0,0,-8,0,0,0,0,0,0.0689655172413793,-0.0398009950248756,0.075587579344656,21,132,1,3,2,1,1,21.2
2025,17,2025_17_PHI_BUF,00-0034844,S.Barkley,RB,PHI,BUF,0,0,0,0,0,0,0,0,0,0,0,0,0,19,68,0,2,1,0,0,6.8
2025,6,2025_06_BUF_ATL,00-0034854,K.Hodge,WR,ATL,BUF,0,0,0,0,0,0,0,0,0,0,0,0,0,0,0,0,0,0,0,0,0
2025,7,2025_07_ATL_SF,00-0034854,K.Hodge,WR,ATL,SF,0,0,0,0,0,0,0,0,0,0,0,0,0,0,0,0,0,0,0,0,0
2025,8,2025_08_MIA_ATL,00-0034854,K.Hodge,WR,ATL,MIA,8,3,31,0,105,9,1,1,0,0,0.266666666666667,0.368421052631579,0.657894736842105,0,0,0,0,0,0,0,6.1
2025,9,2025_09_ATL_NE,00-0034854,K.Hodge,WR,ATL,NE,0,0,0,0,0,0,0,0,0,0,0,0,0,0,0,0,0,0,0,0,0
2025,10,2025_10_ATL_IND,00-0034854,K.Hodge,WR,ATL,IND,0,0,0,0,0,0,0,0,0,0,0,0,0,0,0,0,0,0,0,0,0
2025,11,2025_11_CAR_ATL,00-0034854,K.Hodge,WR,ATL,CAR,1,0,0,0,19,0,0,0,0,0,0.0344827586206897,0.0745098039215686,0.103881000676133,0,0,0,0,0,0,0,0
2025,15,2025_15_ATL_TB,00-0034854,K.Hodge,WR,ATL,TB,0,0,0,0,0,0,0,0,0,0,0,0,0,0,0,0,0,0,0,0,0
2025,12,2025_12_TB_LA,00-0034855,B.Mayfield,QB,TB,LA,0,0,0,0,0,0,0,0,0,0,0,0,0,4,19,0,0,0,0,0,3.54
2025,13,2025_13_ARI_TB,00-0034855,B.Mayfield,QB,TB,ARI,0,0,0,0,0,0,0,0,0,0,0,0,0,6,27,0,1,1,1,0,14.46
2025,14,2025_14_NO_TB,00-0034855,B.Mayfield,QB,TB,NO,0,0,0,0,0,0,0,0,0,0,0,0,0,6,42,0,2,2,0,0,11.08
2025,15,2025_15_ATL_TB,00-0034855,B.Mayfield,QB,TB,ATL,0,0,0,0,0,0,0,0,0,0,0,0,0,1,1,0,0,0,0,0,19.18
2025,16,2025_16_TB_CAR,00-0034855,B.Mayfield,QB,TB,CAR,0,0,0,0,0,0,0,0,0,0,0,0,0,4,49,0,2,2,2,0,12.7
2025,17,2025_17_TB_MIA,00-0034855,B.Mayfield,QB,TB,MIA,0,0,0,0,0,0,0,0,0,0,0,0,0,3,16,0,1,0,0,0,17.44
2025,18,2025_18_CAR_TB,00-0034855,B.Mayfield,QB,TB,CAR,0,0,0,0,0,0,0,0,0,0,0,0,0,4,31,0,1,0,0,0,13.22
2025,11,2025_11_TB_BUF,00-0034857,J.Allen,QB,BUF,TB,0,0,0,0,0,0,0,0,0,0,0,0,0,6,40,3,1,1,0,0,42.68
2025,12,2025_12_BUF_HOU,00-0034857,J.Allen,QB,BUF,HOU,0,0,0,0,0,0,0,0,0,0,0,0,0,5,20,0,1,1,0,0,8.12
2025,13,2025_13_BUF_PIT,00-0034857,J.Allen,QB,BUF,PIT,0,0,0,0,0,0,0,0,0,0,0,0,0,8,38,1,1,0,0,0,16.72
2025,14,2025_14_CIN_BUF,00-0034857,J.Allen,QB,BUF,CIN,0,0,0,0,0,0,0,0,0,0,0,0,0,9,78,1,3,3,1,1,37.84
2025,15,2025_15_BUF_NE,00-0034857,J.Allen,QB,BUF,NE,0,0,0,0,0,0,0,0,0,0,0,0,0,11,48,0,1,1,1,0,24.52
2025,16,2025_16_BUF_CLE,00-0034857,J.Allen,QB,BUF,CLE,0,0,0,0,0,0,0,0,0,0,0,0,0,7,17,0,0,0,0,0,6.9
2025,17,2025_17_PHI_BUF,00-0034857,J.Allen,QB,BUF,PHI,0,0,0,0,0,0,0,0,0,0,0,0,0,7,27,2,1,1,0,0,23.18
2025,12,2025_12_SEA_TEN,00-0034869,S.Darnold,QB,SEA,TEN,0,0,0,0,0,0,0,0,0,0,0,0,0,1,-1,0,0,0,0,0,17.66
2025,13,2025_13_MIN_SEA,00-0034869,S.Darnold,QB,SEA,MIN,0,0,0,0,0,0,0,0,0,0,0,0,0,0,0,0,0,0,0,0,3.12
2025,14,2025_14_SEA_ATL,00-0034869,S.Darnold,QB,SEA,ATL,0,0,0,0,0,0,0,0,0,0,0,0,0,3,23,0,1,1,0,0,22.26
2025,15,2025_15_IND_SEA,00-0034869,S.Darnold,QB,SEA,IND,0,0,0,0,0,0,0,0,0,0,0,0,0,4,5,0,0,0,0,0,11.34
2025,16,2025_16_LA_SEA,00-0034869,S.Darnold,QB,SEA,LA,0,0,0,0,0,0,0,0,0,0,0,0,0,3,7,0,0,0,0,0,19.5
2025,17,2025_17_SEA_CAR,00-0034869,S.Darnold,QB,SEA,CAR,0,0,0,0,0,0,0,0,0,0,0,0,0,3,2,0,0,0,0,0,6.08
2025,18,2025_18_SEA_SF,00-0034869,S.Darnold,QB,SEA,SF,0,0,0,0,0,0,0,0,0,0,0,0,0,6,9,0,0,0,0,0,8.82
2025,12,2025_12_JAX_ARI,00-0034960,J.Meyers,WR,JAX,ARI,6,4,50,1,54,11,4,1,0,0,0.2,0.199261992619926,0.439483394833948,0,0,0,0,0,0,0,15
2025,13,2025_13_JAX_TEN,00-0034960,J.Meyers,WR,JAX,TEN,6,6,90,1,45,45,2,1,1,1,0.24,0.166666666666667,0.476666666666667,1,3,0,0,0,0,0,21.3
2025,14,2025_14_IND_JAX,00-0034960,J.Meyers,WR,JAX,IND,10,4,39,1,79,15,2,0,0,0,0.32258064516129,0.237237237237237,0.649937033808002,3,9,0,0,0,0,0,14.8
2025,15,2025_15_NYJ_JAX,00-0034960,J.Meyers,WR,JAX,NYJ,7,5,71,0,85,11,4,2,1,0,0.25,0.245664739884393,0.546965317919075,0,0,0,0,0,0,0,12.1
2025,16,2025_16_JAX_DEN,00-0034960,J.Meyers,WR,JAX,DEN,8,4,45,0,66,7,2,1,1,0,0.228571428571429,0.234875444839858,0.507269954245043,1,1,0,0,0,0,0,8.6
2025,17,2025_17_JAX_IND,00-0034960,J.Meyers,WR,JAX,IND,9,6,39,0,97,-2,0,0,0,0,0.243243243243243,0.267955801104972,0.552433925638346,0,0,0,0,0,0,0,7.9
2025,18,2025_18_TEN_JAX,00-0034960,J.Meyers,WR,JAX,TEN,6,5,44,0,44,13,1,1,0,0,0.193548387096774,0.149152542372881,0.394729360306178,0,0,0,0,0,0,0,9.4
2025,4,2025_04_BAL_KC,00-0034975,J.Hill,RB,BAL,KC,6,5,41,1,-20,56,3,0,0,0,0.2,-0.126582278481013,0.211392405063291,3,76,1,1,1,1,1,28.7
2025,5,2025_05_HOU_BAL,00-0034975,J.Hill,RB,BAL,HOU,2,1,9,0,-7,14,0,0,0,0,0.1,-0.0429447852760736,0.119938650306748,1,3,0,0,0,0,0,2.2
2025,6,2025_06_LA_BAL,00-0034975,J.Hill,RB,BAL,LA,6,5,28,0,12,18,1,0,0,0,0.1875,0.055045871559633,0.319782110091743,6,16,0,0,0,0,0,9.4
2025,8,2025_08_CHI_BAL,00-0034975,J.Hill,RB,BAL,CHI,0,0,0,0,0,0,0,0,0,0,0,0,0,1,2,0,0,0,0,0,0.2
2025,9,2025_09_BAL_MIA,00-0034975,J.Hill,RB,BAL,MIA,2,2,13,0,-4,17,0,0,0,0,0.0869565217391304,-0.0193236714975845,0.116908212560386,1,2,0,0,0,0,0,3.5
2025,10,2025_10_BAL_MIN,00-0034975,J.Hill,RB,BAL,MIN,2,1,12,0,6,8,1,0,0,0,0.0714285714285714,0.0504201680672269,0.142436974789916,1,1,1,0,0,0,0,8.3
2025,12,2025_12_NYJ_BAL,00-0034975,J.Hill,RB,BAL,NYJ,0,0,0,0,0,0,0,0,0,0,0,0,0,0,0,0,0,0,0,0,0
2025,1,2025_01_CAR_JAX,00-0034983,H.Renfrow,WR,CAR,JAX,6,2,11,0,66,0,0,0,0,0,0.176470588235294,0.245353159851301,0.436453094248852,0,0,0,0,0,0,0,3.1
2025,2,2025_02_CAR_ARI,00-0034983,H.Renfrow,WR,CAR,ARI,9,7,48,2,64,11,2,0,0,0,0.169811320754717,0.170666666666667,0.374183647798742,0,0,0,0,0,0,0,23.8
2025,3,2025_03_ATL_CAR,00-0034983,H.Renfrow,WR,CAR,ATL,4,2,6,0,23,7,0,0,0,0,0.166666666666667,0.172932330827068,0.371052631578947,0,0,0,0,0,0,0,2.6
2025,4,2025_04_CAR_NE,00-0034983,H.Renfrow,WR,CAR,NE,2,2,10,0,7,3,0,0,0,0,0.0625,0.0351758793969849,0.118373115577889,0,0,0,0,0,0,0,3
2025,5,2025_05_MIA_CAR,00-0034983,H.Renfrow,WR,CAR,MIA,3,1,7,0,21,2,0,0,0,0,0.111111111111111,0.0860655737704918,0.226912568306011,0,0,0,0,0,0,0,1.7
2025,6,2025_06_DAL_CAR,00-0034983,H.Renfrow,WR,CAR,DAL,2,1,7,0,13,1,0,0,0,0,0.0952380952380952,0.0844155844155844,0.201948051948052,0,0,0,0,0,0,0,1.7
2025,6,2025_06_ARI_IND,00-0035021,A.Dulin,WR,IND,ARI,0,0,0,0,0,0,0,0,0,0,0,0,0,0,0,0,0,0,0,0,0
2025,8,2025_08_TEN_IND,00-0035021,A.Dulin,WR,IND,TEN,1,1,-8,0,-8,0,0,0,0,0,0.0357142857142857,-0.0299625468164794,0.032597645799893,0,0,0,0,0,0,0,0.2
2025,9,2025_09_IND_PIT,00-0035021,A.Dulin,WR,IND,PIT,0,0,0,0,0,0,0,0,0,0,0,0,0,0,0,0,0,0,0,0,0
2025,10,2025_10_ATL_IND,00-0035021,A.Dulin,WR,IND,ATL,0,0,0,0,0,0,0,0,0,0,0,0,0,1,22,0,1,1,1,0,2.2
2025,12,2025_12_IND_KC,00-0035021,A.Dulin,WR,IND,KC,1,1,48,0,6,42,1,1,1,1,0.032258064516129,0.0431654676258993,0.078602924112323,0,0,0,0,0,0,0,5.8
2025,17,2025_17_JAX_IND,00-0035021,A.Dulin,WR,IND,JAX,0,0,0,0,0,0,0,0,0,0,0,0,0,0,0,0,0,0,0,0,0
2025,18,2025_18_IND_HOU,00-0035021,A.Dulin,WR,IND,HOU,2,0,0,0,53,0,0,0,0,0,0.0606060606060606,0.166666666666667,0.207575757575758,0,0,0,0,0,0,0,0
2025,5,2025_05_MIA_CAR,00-0035125,A.Ingold,FB,MIA,CAR,1,0,0,0,7,0,0,0,0,0,0.0294117647058824,0.024390243902439,0.0611908177905309,0,0,0,0,0,0,0,0
2025,6,2025_06_LAC_MIA,00-0035125,A.Ingold,FB,MIA,LAC,1,1,22,0,3,19,1,1,1,0,0.0333333333333333,0.0143540669856459,0.0600478468899522,1,3,0,0,0,0,0,3.5
2025,8,2025_08_MIA_ATL,00-0035125,A.Ingold,FB,MIA,ATL,1,1,0,0,-5,5,0,0,0,0,0.037037037037037,-0.0495049504950495,0.0209020902090209,0,0,0,0,0,0,0,1
2025,10,2025_10_BUF_MIA,00-0035125,A.Ingold,FB,MIA,BUF,0,0,0,0,0,0,0,0,0,0,0,0,0,1,6,0,0,0,0,0,0.6
2025,15,2025_15_MIA_PIT,00-0035125,A.Ingold,FB,MIA,PIT,1,1,4,0,1,3,0,0,0,0,0.0384615384615385,0.00584795321637427,0.0617858749437697,0,0,0,0,0,0,0,1.4
2025,16,2025_16_CIN_MIA,00-0035125,A.Ingold,FB,MIA,CIN,1,1,9,0,-4,13,0,0,0,0,0.0344827586206897,-0.0153256704980843,0.0409961685823755,0,0,0,0,0,0,0,1.9
2025,18,2025_18_MIA_NE,00-0035125,A.Ingold,FB,MIA,NE,2,1,3,0,19,0,0,0,0,0,0.0833333333333333,0.11875,0.208125,0,0,0,0,0,0,0,1.3
2025,9,2025_09_CHI_CIN,00-0035208,O.Zaccheaus,WR,CHI,CIN,8,6,58,1,52,43,3,0,0,0,0.235294117647059,0.176271186440678,0.476331006979063,0,0,0,0,0,0,0,17.8
2025,10,2025_10_NYG_CHI,00-0035208,O.Zaccheaus,WR,CHI,NYG,4,1,5,0,38,-1,0,0,0,0,0.111111111111111,0.110144927536232,0.243768115942029,0,0,0,0,0,0,0,1.5
2025,12,2025_12_PIT_CHI,00-0035208,O.Zaccheaus,WR,CHI,PIT,1,1,6,0,6,0,0,0,0,0,0.0333333333333333,0.0182926829268293,0.0628048780487805,0,0,0,0,0,0,0,1.6
2025,13,2025_13_CHI_PHI,00-0035208,O.Zaccheaus,WR,CHI,PHI,3,2,19,0,15,15,1,0,0,0,0.09375,0.0595238095238095,0.182291666666667,0,0,0,0,0,0,0,3.9
2025,14,2025_14_CHI_GB,00-0035208,O.Zaccheaus,WR,CHI,GB,3,2,7,1,21,0,0,0,0,0,0.107142857142857,0.0704697986577181,0.210043144774688,0,0,0,0,0,0,0,8.7
2025,15,2025_15_CLE_CHI,00-0035208,O.Zaccheaus,WR,CHI,CLE,3,0,0,0,40,0,0,0,0,0,0.111111111111111,0.145454545454545,0.268484848484848,0,0,0,0,0,0,0,0
2025,16,2025_16_GB_CHI,00-0035208,O.Zaccheaus,WR,CHI,GB,5,2,33,0,53,16,1,1,1,0,0.172413793103448,0.16012084592145,0.370705281800188,0,0,0,0,0,0,0,5.3
2025,1,2025_01_ARI_NO,00-0035228,K.Murray,QB,ARI,NO,0,0,0,0,0,0,0,0,0,0,0,0,0,7,38,0,2,1,0,0,18.32
2025,2,2025_02_CAR_ARI,00-0035228,K.Murray,QB,ARI,CAR,0,0,0,0,0,0,0,0,0,0,0,0,0,7,32,0,1,1,1,0,14
2025,3,2025_03_ARI_SF,00-0035228,K.Murray,QB,ARI,SF,0,0,0,0,0,0,0,0,0,0,0,0,0,6,37,0,0,0,0,0,14.06
2025,4,2025_04_SEA_ARI,00-0035228,K.Murray,QB,ARI,SEA,0,0,0,0,0,0,0,0,0,0,0,0,0,5,41,0,1,1,1,0,16.1
2025,5,2025_05_TEN_ARI,00-0035228,K.Murray,QB,ARI,TEN,0,0,0,0,0,0,0,0,0,0,0,0,0,4,25,1,2,1,0,0,15.3
2025,10,2025_10_BAL_MIN,00-0035229,T.Hockenson,TE,MIN,BAL,2,2,8,0,8,0,0,0,0,0,0.0487804878048781,0.0174672489082969,0.085397805943125,0,0,0,0,0,0,0,2.8
2025,11,2025_11_CHI_MIN,00-0035229,T.Hockenson,TE,MIN,CHI,6,3,39,0,44,30,2,1,1,0,0.1875,0.142394822006473,0.380926375404531,0,0,0,0,0,0,0,6.9
2025,12,2025_12_MIN_GB,00-0035229,T.Hockenson,TE,MIN,GB,4,4,19,0,16,3,0,0,0,0,0.222222222222222,0.16,0.445333333333333,1,0,0,0,0,0,0,5.9
2025,13,2025_13_MIN_SEA,00-0035229,T.Hockenson,TE,MIN,SEA,6,6,59,0,27,32,2,1,1,0,0.206896551724138,0.161676646706587,0.423518480280818,0,0,0,0,0,0,0,11.9
2025,14,2025_14_WAS_MIN,00-0035229,T.Hockenson,TE,MIN,WAS,3,2,12,1,13,6,1,0,0,0,0.130434782608696,0.0849673202614379,0.25512929809605,0,0,0,0,0,0,0,9.2
2025,15,2025_15_MIN_DAL,00-0035229,T.Hockenson,TE,MIN,DAL,5,4,66,0,57,20,3,2,1,0,0.208333333333333,0.228915662650602,0.472740963855422,0,0,0,0,0,0,0,10.6
2025,16,2025_16_MIN_NYG,00-0035229,T.Hockenson,TE,MIN,NYG,1,1,2,0,1,1,0,0,0,0,0.0434782608695652,0.008,0.0708173913043478,0,0,0,0,0,0,0,1.2
2025,1,2025_01_DAL_PHI,00-0035243,M.Sanders,RB,DAL,PHI,1,1,-3,0,-5,2,0,0,0,0,0.0303030303030303,-0.0151975683890578,0.034816247582205,4,53,0,1,1,1,1,4
2025,2,2025_02_NYG_DAL,00-0035243,M.Sanders,RB,DAL,NYG,2,2,4,0,-12,16,0,0,0,0,0.0384615384615385,-0.0342857142857143,0.0336923076923077,5,15,1,0,0,0,0,9.9
2025,3,2025_03_DAL_CHI,00-0035243,M.Sanders,RB,DAL,CHI,3,3,12,0,10,2,0,0,0,0,0.0681818181818182,0.0373134328358209,0.128392130257802,9,41,0,0,0,0,0,8.3
2025,4,2025_04_GB_DAL,00-0035243,M.Sanders,RB,DAL,GB,2,2,17,0,-7,24,0,0,0,0,0.0526315789473684,-0.0214067278287462,0.0639626589409303,2,8,0,0,0,0,0,4.5
2025,11,2025_11_CHI_MIN,00-0035249,J.Oliver,TE,MIN,CHI,1,1,-3,0,-3,0,0,0,0,0,0.03125,-0.00970873786407767,0.0400788834951456,0,0,0,0,0,0,0,0.7
2025,12,2025_12_MIN_GB,00-0035249,J.Oliver,TE,MIN,GB,1,1,4,0,2,2,0,0,0,0,0.0555555555555556,0.02,0.0973333333333333,0,0,0,0,0,0,0,1.4
2025,14,2025_14_WAS_MIN,00-0035249,J.Oliver,TE,MIN,WAS,2,2,24,2,18,6,1,1,0,0,0.0869565217391304,0.117647058823529,0.212787723785166,0,0,0,0,0,0,0,16.4
2025,15,2025_15_MIN_DAL,00-0035249,J.Oliver,TE,MIN,DAL,1,1,18,0,8,10,1,1,0,0,0.0416666666666667,0.0321285140562249,0.0849899598393574,0,0,0,0,0,0,0,2.8
2025,16,2025_16_MIN_NYG,00-0035249,J.Oliver,TE,MIN,NYG,3,2,19,0,6,17,1,0,0,0,0.130434782608696,0.048,0.229252173913043,0,0,0,0,0,0,0,3.9
2025,17,2025_17_DET_MIN,00-0035249,J.Oliver,TE,MIN,DET,2,1,8,0,10,3,0,0,0,0,0.142857142857143,0.149253731343284,0.318763326226013,0,0,0,0,0,0,0,1.8
2025,18,2025_18_GB_MIN,00-0035249,J.Oliver,TE,MIN,GB,2,2,29,0,6,23,1,1,1,0,0.0666666666666667,0.0303030303030303,0.121212121212121,0,0,0,0,0,0,0,4.9
2025,11,2025_11_GB_NYG,00-0035250,D.Singletary,RB,NYG,GB,1,1,3,0,-5,8,0,0,0,0,0.0344827586206897,-0.0228310502283105,0.0357424027712171,16,44,2,0,0,0,0,17.7
2025,12,2025_12_NYG_DET,00-0035250,D.Singletary,RB,NYG,DET,0,0,0,0,0,0,0,0,0,0,0,0,0,14,47,0,1,1,0,0,4.7
2025,13,2025_13_NYG_NE,00-0035250,D.Singletary,RB,NYG,NE,3,3,34,0,-1,35,2,1,0,0,0.125,-0.00543478260869565,0.183695652173913,12,68,1,2,2,1,0,19.2
2025,15,2025_15_WAS_NYG,00-0035250,D.Singletary,RB,NYG,WAS,1,1,1,0,-1,2,0,0,0,0,0.0277777777777778,-0.00232558139534884,0.0400387596899225,5,13,0,0,0,0,0,2.4
2025,16,2025_16_MIN_NYG,00-0035250,D.Singletary,RB,NYG,MIN,1,1,-1,0,-5,4,0,0,0,0,0.0769230769230769,-0.0595238095238095,0.0737179487179487,11,47,0,0,0,0,0,5.6
2025,17,2025_17_NYG_LV,00-0035250,D.Singletary,RB,NYG,LV,4,4,25,0,-13,38,1,0,0,0,0.137931034482759,-0.0828025477707006,0.148934768284648,8,45,1,1,1,1,0,17
2025,18,2025_18_DAL_NYG,00-0035250,D.Singletary,RB,NYG,DAL,0,0,0,0,0,0,0,0,0,0,0,0,0,9,26,1,1,1,0,0,10.6
2025,12,2025_12_SEA_TEN,00-0035261,T.Pollard,RB,TEN,SEA,5,4,21,0,2,20,1,0,0,0,0.131578947368421,0.0102564102564103,0.204547908232119,11,20,0,0,0,0,0,8.1
2025,13,2025_13_JAX_TEN,00-0035261,T.Pollard,RB,TEN,JAX,2,1,3,0,8,4,0,0,0,0,0.0571428571428571,0.032258064516129,0.108294930875576,10,60,0,3,1,0,0,5.3
2025,14,2025_14_TEN_CLE,00-0035261,T.Pollard,RB,TEN,CLE,0,0,0,0,0,0,0,0,0,0,0,0,0,25,161,2,2,2,2,1,28.1
2025,15,2025_15_TEN_SF,00-0035261,T.Pollard,RB,TEN,SF,2,1,8,0,2,7,0,0,0,0,0.0740740740740741,0.0116959064327485,0.119298245614035,14,104,1,2,2,2,0,18.2
2025,16,2025_16_KC_TEN,00-0035261,T.Pollard,RB,TEN,KC,0,0,0,0,0,0,0,0,0,0,0,0,0,21,102,0,3,1,0,0,10.2
2025,17,2025_17_NO_TEN,00-0035261,T.Pollard,RB,TEN,NO,2,2,10,0,-2,12,1,0,0,0,0.0571428571428571,-0.00536193029490617,0.0819609345078514,18,85,0,2,1,1,0,11.5
2025,18,2025_18_TEN_JAX,00-0035261,T.Pollard,RB,TEN,JAX,3,3,17,0,-10,27,1,0,0,0,0.0909090909090909,-0.078740157480315,0.0812455261274159,14,48,0,1,0,0,0,9.5
2025,6,2025_06_ARI_IND,00-0035500,G.Dortch,WR,ARI,IND,3,3,9,1,2,7,1,0,0,0,0.0769230769230769,0.0051150895140665,0.118965178044462,0,0,0,0,0,0,0,9.9
2025,7,2025_07_GB_ARI,00-0035500,G.Dortch,WR,ARI,GB,2,2,5,0,-6,11,0,0,0,0,0.0588235294117647,-0.0192307692307692,0.0747737556561086,0,0,0,0,0,0,0,2.5
2025,9,2025_09_ARI_DAL,00-0035500,G.Dortch,WR,ARI,DAL,0,0,0,0,0,0,0,0,0,0,0,0,0,1,9,0,0,0,0,0,0.9
2025,10,2025_10_ARI_SEA,00-0035500,G.Dortch,WR,ARI,SEA,0,0,0,0,0,0,0,0,0,0,0,0,0,2,2,1,0,0,0,0,6.2
2025,11,2025_11_SF_ARI,00-0035500,G.Dortch,WR,ARI,SF,6,6,66,1,25,41,3,3,0,0,0.107142857142857,0.0644329896907216,0.205817378497791,0,0,0,0,0,0,0,18.6
2025,12,2025_12_JAX_ARI,00-0035500,G.Dortch,WR,ARI,JAX,9,6,53,1,49,52,2,2,1,0,0.195652173913043,0.128608923884514,0.383504507588725,2,-5,0,0,0,0,0,16.8
2025,13,2025_13_ARI_TB,00-0035500,G.Dortch,WR,ARI,TB,2,2,14,0,-3,17,1,0,0,0,0.0540540540540541,-0.0103806228373702,0.0738146450949219,0,0,0,0,0,0,0,3.4
2025,10,2025_10_NYG_CHI,00-0035535,D.Slayton,WR,NYG,CHI,4,4,89,0,73,16,3,3,2,0,0.125,0.25085910652921,0.363101374570447,0,0,0,0,0,0,0,12.9
2025,12,2025_12_NYG_DET,00-0035535,D.Slayton,WR,NYG,DET,2,1,23,0,34,14,1,1,1,0,0.0588235294117647,0.0831295843520782,0.146426003164102,0,0,0,0,0,0,0,3.3
2025,13,2025_13_NYG_NE,00-0035535,D.Slayton,WR,NYG,NE,3,2,41,1,45,29,2,1,1,0,0.125,0.244565217391304,0.358695652173913,0,0,0,0,0,0,0,14.1
2025,15,2025_15_WAS_NYG,00-0035535,D.Slayton,WR,NYG,WAS,10,4,53,0,181,10,3,2,0,0,0.277777777777778,0.42093023255814,0.711317829457364,0,0,0,0,0,0,0,9.3
2025,16,2025_16_MIN_NYG,00-0035535,D.Slayton,WR,NYG,MIN,2,1,8,0,19,4,0,0,0,0,0.153846153846154,0.226190476190476,0.389102564102564,0,0,0,0,0,0,0,1.8
2025,17,2025_17_NYG_LV,00-0035535,D.Slayton,WR,NYG,LV,3,2,36,0,40,5,2,1,1,0,0.103448275862069,0.254777070063694,0.333516362837689,0,0,0,0,0,0,0,5.6
2025,18,2025_18_DAL_NYG,00-0035535,D.Slayton,WR,NYG,DAL,9,4,34,0,39,17,1,1,0,0,0.28125,0.21195652173913,0.570244565217391,0,0,0,0,0,0,0,9.4
2025,12,2025_12_BUF_HOU,00-0035537,Ty.Johnson,RB,BUF,HOU,3,3,45,0,14,31,2,1,1,0,0.09375,0.0869565217391304,0.201494565217391,2,7,0,0,0,0,0,8.2
2025,13,2025_13_BUF_PIT,00-0035537,Ty.Johnson,RB,BUF,PIT,5,3,20,0,-8,18,0,0,0,0,0.217391304347826,-0.205128205128205,0.182497212931996,2,5,0,0,0,0,0,5.5
2025,14,2025_14_CIN_BUF,00-0035537,Ty.Johnson,RB,BUF,CIN,3,2,14,0,-12,23,0,0,0,0,0.111111111111111,-0.0930232558139535,0.101550387596899,2,25,0,1,1,1,0,5.9
2025,15,2025_15_BUF_NE,00-0035537,Ty.Johnson,RB,BUF,NE,3,3,15,0,-16,31,1,0,0,0,0.115384615384615,-0.0592592592592593,0.131595441595442,4,13,0,0,0,0,0,5.8
2025,16,2025_16_BUF_CLE,00-0035537,Ty.Johnson,RB,BUF,CLE,0,0,0,0,0,0,0,0,0,0,0,0,0,3,16,1,0,0,0,0,7.6
2025,17,2025_17_PHI_BUF,00-0035537,Ty.Johnson,RB,BUF,PHI,4,3,33,0,-7,39,2,1,1,0,0.121212121212121,-0.0278884462151394,0.162296269467584,5,15,0,0,0,0,0,7.8
2025,18,2025_18_NYJ_BUF,00-0035537,Ty.Johnson,RB,BUF,NYJ,2,2,20,1,4,16,1,0,0,0,0.0714285714285714,0.0201005025125628,0.121213208901651,13,36,1,0,0,0,0,19.6
2025,1,2025_01_DET_GB,00-0035567,C.Reynolds,RB,DET,GB,0,0,0,0,0,0,0,0,0,0,0,0,0,0,0,0,0,0,0,0,0
2025,2,2025_02_CHI_DET,00-0035567,C.Reynolds,RB,DET,CHI,0,0,0,0,0,0,0,0,0,0,0,0,0,3,4,0,0,0,0,0,0.4
2025,4,2025_04_CLE_DET,00-0035567,C.Reynolds,RB,DET,CLE,0,0,0,0,0,0,0,0,0,0,0,0,0,0,0,0,0,0,0,0,0
2025,5,2025_05_DET_CIN,00-0035567,C.Reynolds,RB,DET,CIN,0,0,0,0,0,0,0,0,0,0,0,0,0,0,0,0,0,0,0,0,0
2025,6,2025_06_DET_KC,00-0035567,C.Reynolds,RB,DET,KC,0,0,0,0,0,0,0,0,0,0,0,0,0,0,0,0,0,0,0,0,0
2025,9,2025_09_JAX_LV,00-0035602,A.Bachman,WR,LV,JAX,0,0,0,0,0,0,0,0,0,0,0,0,0,0,0,0,0,0,0,0,0
2025,10,2025_10_LV_DEN,00-0035602,A.Bachman,WR,LV,DEN,0,0,0,0,0,0,0,0,0,0,0,0,0,0,0,0,0,0,0,0,0
2025,12,2025_12_CLE_LV,00-0035602,A.Bachman,WR,LV,CLE,0,0,0,0,0,0,0,0,0,0,0,0,0,0,0,0,0,0,0,0,0
2025,13,2025_13_LV_LAC,00-0035602,A.Bachman,WR,LV,LAC,0,0,0,0,0,0,0,0,0,0,0,0,0,0,0,0,0,0,0,0,0
2025,16,2025_16_LV_HOU,00-0035602,A.Bachman,WR,LV,HOU,1,1,3,0,3,0,0,0,0,0,0.0454545454545455,0.0157894736842105,0.0792344497607656,0,0,0,0,0,0,0,1.3
2025,17,2025_17_NYG_LV,00-0035602,A.Bachman,WR,LV,NYG,0,0,0,0,0,0,0,0,0,0,0,0,0,0,0,0,0,0,0,0,0
2025,18,2025_18_KC_LV,00-0035602,A.Bachman,WR,LV,KC,0,0,0,0,0,0,0,0,0,0,0,0,0,0,0,0,0,0,0,0,0
2025,7,2025_07_PIT_CIN,00-0035631,D.Sample,TE,CIN,PIT,0,0,0,0,0,0,0,0,0,0,0,0,0,0,0,0,0,0,0,0,0
2025,12,2025_12_NE_CIN,00-0035631,D.Sample,TE,CIN,NE,1,1,0,0,-2,2,0,0,0,0,0.0294117647058824,-0.00595238095238095,0.0399509803921569,0,0,0,0,0,0,0,1
2025,13,2025_13_CIN_BAL,00-0035631,D.Sample,TE,CIN,BAL,2,1,14,0,1,12,1,0,0,0,0.0454545454545455,0.00263157894736842,0.0700239234449761,1,3,0,0,0,0,0,2.7
2025,15,2025_15_BAL_CIN,00-0035631,D.Sample,TE,CIN,BAL,2,2,12,0,4,8,0,0,0,0,0.0555555555555556,0.0140845070422535,0.0931924882629108,0,0,0,0,0,0,0,3.2
2025,16,2025_16_CIN_MIA,00-0035631,D.Sample,TE,CIN,MIA,2,2,31,0,-3,34,1,1,1,0,0.0645161290322581,-0.0161290322580645,0.0854838709677419,0,0,0,0,0,0,0,5.1
2025,17,2025_17_ARI_CIN,00-0035631,D.Sample,TE,CIN,ARI,1,1,8,0,-3,11,0,0,0,0,0.0303030303030303,-0.0111940298507463,0.0376187245590231,0,0,0,0,0,0,0,1.8
2025,18,2025_18_CLE_CIN,00-0035631,D.Sample,TE,CIN,CLE,3,3,17,0,-3,20,0,0,0,0,0.0789473684210526,-0.0155440414507772,0.107540223616035,0,0,0,0,0,0,0,4.7
2025,10,2025_10_PIT_LAC,00-0035640,D.Metcalf,WR,PIT,LAC,7,3,35,0,118,9,2,1,0,0,0.25,0.470119521912351,0.704083665338645,0,0,0,0,0,0,0,6.5
2025,11,2025_11_CIN_PIT,00-0035640,D.Metcalf,WR,PIT,CIN,8,5,49,0,88,25,2,1,0,0,0.275862068965517,0.661654135338346,0.876950998185118,0,0,0,0,0,0,0,9.9
2025,12,2025_12_PIT_CHI,00-0035640,D.Metcalf,WR,PIT,CHI,8,5,22,0,49,12,0,0,0,0,0.258064516129032,0.25,0.562096774193548,2,12,1,0,0,0,0,14.4
2025,13,2025_13_BUF_PIT,00-0035640,D.Metcalf,WR,PIT,BUF,5,3,32,0,24,16,2,0,0,0,0.227272727272727,0.198347107438017,0.479752066115703,0,0,0,0,0,0,0,6.2
2025,14,2025_14_PIT_BAL,00-0035640,D.Metcalf,WR,PIT,BAL,12,7,148,0,166,37,4,3,3,2,0.363636363636364,0.783018867924528,1.09356775300172,0,0,0,0,0,0,0,21.8
2025,15,2025_15_MIA_PIT,00-0035640,D.Metcalf,WR,PIT,MIA,3,3,55,1,33,22,2,2,2,0,0.111111111111111,0.358695652173913,0.417753623188406,0,0,0,0,0,0,0,14.5
2025,16,2025_16_PIT_DET,00-0035640,D.Metcalf,WR,PIT,DET,9,4,42,0,105,18,2,1,1,0,0.236842105263158,0.313432835820896,0.574666142969364,0,0,0,0,0,0,0,8.2
2025,9,2025_09_CHI_CIN,00-0035644,N.Fant,TE,CIN,CHI,3,2,28,1,31,2,1,1,1,0,0.0666666666666667,0.0725995316159251,0.150819672131148,0,0,0,0,0,0,0,10.8
2025,11,2025_11_CIN_PIT,00-0035644,N.Fant,TE,CIN,PIT,6,5,36,0,10,26,1,0,0,0,0.153846153846154,0.0350877192982456,0.255330634278003,0,0,0,0,0,0,0,6.6
2025,12,2025_12_NE_CIN,00-0035644,N.Fant,TE,CIN,NE,1,1,9,0,1,8,0,0,0,0,0.0294117647058824,0.00297619047619048,0.0462009803921569,0,0,0,0,0,0,0,1.9
2025,13,2025_13_CIN_BAL,00-0035644,N.Fant,TE,CIN,BAL,2,1,3,0,7,3,0,0,0,0,0.0454545454545455,0.0184210526315789,0.0810765550239234,0,0,0,0,0,0,0,1.3
2025,14,2025_14_CIN_BUF,00-0035644,N.Fant,TE,CIN,BUF,2,1,15,0,17,12,1,0,0,0,0.0555555555555556,0.0516717325227964,0.119503546099291,0,0,0,0,0,0,0,2.5
2025,17,2025_17_ARI_CIN,00-0035644,N.Fant,TE,CIN,ARI,1,0,0,0,-3,0,0,0,0,0,0.0303030303030303,-0.0111940298507463,0.0376187245590231,0,0,0,0,0,0,0,0
2025,18,2025_18_CLE_CIN,00-0035644,N.Fant,TE,CIN,CLE,1,1,5,0,-1,6,0,0,0,0,0.0263157894736842,-0.00518134715025907,0.035846741205345,0,0,0,0,0,0,0,-0.5
2025,10,2025_10_NYG_CHI,00-0035645,G.Olszewski,WR,NYG,CHI,2,0,0,0,28,0,0,0,0,0,0.0625,0.0962199312714777,0.161103951890034,0,0,0,0,0,0,0,0
2025,11,2025_11_GB_NYG,00-0035645,G.Olszewski,WR,NYG,GB,0,0,0,0,0,0,0,0,0,0,0,0,0,0,0,0,0,0,0,0,0
2025,12,2025_12_NYG_DET,00-0035645,G.Olszewski,WR,NYG,DET,0,0,0,0,0,0,0,0,0,0,0,0,0,0,0,0,0,0,0,0,5.32
2025,13,2025_13_NYG_NE,00-0035645,G.Olszewski,WR,NYG,NE,0,0,0,0,0,0,0,0,0,0,0,0,0,0,0,0,0,0,0,0,0
2025,16,2025_16_MIN_NYG,00-0035645,G.Olszewski,WR,NYG,MIN,0,0,0,0,0,0,0,0,0,0,0,0,0,0,0,0,0,0,0,0,0
2025,17,2025_17_NYG_LV,00-0035645,G.Olszewski,WR,NYG,LV,1,1,19,0,3,16,1,1,0,0,0.0344827586206897,0.0191082802547771,0.0650999341093784,0,0,0,0,0,0,0,2.9
2025,18,2025_18_DAL_NYG,00-0035645,G.Olszewski,WR,NYG,DAL,9,8,102,0,76,57,4,2,2,0,0.28125,0.41304347826087,0.711005434782609,0,0,0,0,0,0,0,18.2
2025,8,2025_08_WAS_KC,00-0035659,T.McLaurin,WR,WAS,KC,4,3,54,1,82,0,3,2,1,0,0.133333333333333,0.506172839506173,0.554320987654321,0,0,0,0,0,0,0,14.4
2025,13,2025_13_DEN_WAS,00-0035659,T.McLaurin,WR,WAS,DEN,14,7,96,1,221,8,6,3,1,0,0.311111111111111,0.369565217391304,0.72536231884058,0,0,0,0,0,0,0,22.6
2025,14,2025_14_WAS_MIN,00-0035659,T.McLaurin,WR,WAS,MIN,6,3,41,0,43,8,1,1,1,0,0.3,0.373913043478261,0.711739130434783,0,0,0,0,0,0,0,7.1
2025,15,2025_15_WAS_NYG,00-0035659,T.McLaurin,WR,WAS,NYG,4,3,69,1,69,21,2,1,1,1,0.25,0.266409266409266,0.561486486486487,0,0,0,0,0,0,0,15.9
2025,16,2025_16_PHI_WAS,00-0035659,T.McLaurin,WR,WAS,PHI,4,3,53,0,56,3,1,1,1,1,0.2,0.327485380116959,0.529239766081871,0,0,0,0,0,0,0,8.3
2025,17,2025_17_DAL_WAS,00-0035659,T.McLaurin,WR,WAS,DAL,7,5,63,0,79,6,4,2,0,0,0.333333333333333,0.473053892215569,0.831137724550898,0,0,0,0,0,0,0,11.3
2025,18,2025_18_WAS_PHI,00-0035659,T.McLaurin,WR,WAS,PHI,4,4,57,0,45,12,3,1,1,0,0.210526315789474,0.365853658536585,0.57188703465982,0,0,0,0,0,0,0,9.7
2025,11,2025_11_KC_DEN,00-0035662,M.Brown,WR,KC,DEN,4,4,40,0,28,12,2,1,0,0,0.0930232558139535,0.0864197530864198,0.200028710881424,0,0,0,0,0,0,0,8
2025,12,2025_12_IND_KC,00-0035662,M.Brown,WR,KC,IND,1,1,10,0,-2,12,1,0,0,0,0.0232558139534884,-0.0056980056980057,0.0308951169416286,0,0,0,0,0,0,0,2
2025,13,2025_13_KC_DAL,00-0035662,M.Brown,WR,KC,DAL,2,2,20,1,17,3,2,0,0,0,0.0625,0.0708333333333333,0.143333333333333,0,0,0,0,0,0,0,10
2025,14,2025_14_HOU_KC,00-0035662,M.Brown,WR,KC,HOU,2,1,35,0,77,0,1,1,1,0,0.0689655172413793,0.26643598615917,0.289953466173488,0,0,0,0,0,0,0,4.5
2025,16,2025_16_KC_TEN,00-0035662,M.Brown,WR,KC,TEN,3,3,22,0,1,21,1,1,0,0,0.136363636363636,0.00892857142857143,0.210795454545455,0,0,0,0,0,0,0,5.2
2025,17,2025_17_DEN_KC,00-0035662,M.Brown,WR,KC,DEN,3,1,7,0,36,0,0,0,0,0,0.15,0.321428571428571,0.45,0,0,0,0,0,0,0,1.7
2025,18,2025_18_KC_LV,00-0035662,M.Brown,WR,KC,LV,6,3,64,0,132,28,2,1,1,1,0.2,0.591928251121076,0.714349775784753,0,0,0,0,0,0,0,9.4
2025,11,2025_11_DET_PHI,00-0035676,A.Brown,WR,PHI,DET,11,7,49,0,122,8,3,0,0,0,0.407407407407407,0.337016574585635,0.847022713321056,0,0,0,0,0,0,0,11.9
2025,12,2025_12_PHI_DAL,00-0035676,A.Brown,WR,PHI,DAL,10,8,110,1,90,38,7,3,1,0,0.277777777777778,0.307167235494881,0.631683731513083,0,0,0,0,0,0,0,25
2025,13,2025_13_CHI_PHI,00-0035676,A.Brown,WR,PHI,CHI,12,10,132,2,150,23,7,5,1,0,0.4,0.449101796407186,0.91437125748503,0,0,0,0,0,0,0,35.2
2025,14,2025_14_PHI_LAC,00-0035676,A.Brown,WR,PHI,LAC,13,6,100,0,198,38,5,4,2,0,0.342105263157895,0.485294117647059,0.852863777089783,0,0,0,0,0,0,0,16
2025,15,2025_15_LV_PHI,00-0035676,A.Brown,WR,PHI,LV,2,2,41,1,34,7,2,1,1,0,0.111111111111111,0.257575757575758,0.346969696969697,0,0,0,0,0,0,0,12.1
2025,16,2025_16_PHI_WAS,00-0035676,A.Brown,WR,PHI,WAS,12,9,95,0,92,46,3,2,1,0,0.413793103448276,0.45771144278607,0.941087665122662,0,0,0,0,0,0,0,18.5
2025,17,2025_17_PHI_BUF,00-0035676,A.Brown,WR,PHI,BUF,7,5,68,0,93,8,2,2,1,0,0.318181818181818,0.36046511627907,0.729598308668076,0,0,0,0,0,0,0,11.8
2025,12,2025_12_NYG_DET,00-0035685,D.Montgomery,RB,DET,NYG,3,3,19,0,-2,21,0,0,0,0,0.0789473684210526,-0.00904977375565611,0.11208621100262,5,18,0,0,0,0,0,6.7
2025,13,2025_13_GB_DET,00-0035685,D.Montgomery,RB,DET,GB,2,2,16,0,5,11,1,0,0,0,0.0740740740740741,0.0294117647058824,0.131699346405229,8,32,1,1,1,0,0,12.8
2025,14,2025_14_DAL_DET,00-0035685,D.Montgomery,RB,DET,DAL,1,1,13,0,2,11,1,0,0,0,0.032258064516129,0.00873362445414847,0.0545006338920975,6,60,1,1,1,1,0,14.3
2025,15,2025_15_DET_LA,00-0035685,D.Montgomery,RB,DET,LA,1,0,0,0,5,0,0,0,0,0,0.0263157894736842,0.0144092219020173,0.0495601395419384,7,32,1,1,0,0,0,9.2
2025,16,2025_16_PIT_DET,00-0035685,D.Montgomery,RB,DET,PIT,0,0,0,0,0,0,0,0,0,0,0,0,0,4,14,0,1,1,0,0,1.4
2025,17,2025_17_DET_MIN,00-0035685,D.Montgomery,RB,DET,MIN,2,2,15,0,-7,22,1,0,0,0,0.0689655172413793,-0.0351758793969849,0.0788251602841795,10,25,0,0,0,0,0,6
2025,18,2025_18_DET_CHI,00-0035685,D.Montgomery,RB,DET,CHI,1,1,13,0,2,11,1,0,0,0,0.0277777777777778,0.008,0.0472666666666667,8,42,0,0,0,0,0,6.5
2025,12,2025_12_BUF_HOU,00-0035689,D.Knox,TE,BUF,HOU,4,3,17,0,17,13,0,0,0,0,0.125,0.105590062111801,0.261413043478261,0,0,0,0,0,0,0,4.7
2025,13,2025_13_BUF_PIT,00-0035689,D.Knox,TE,BUF,PIT,4,3,28,0,17,7,1,1,0,0,0.173913043478261,0.435897435897436,0.565997770345596,0,0,0,0,0,0,0,5.8
2025,14,2025_14_CIN_BUF,00-0035689,D.Knox,TE,BUF,CIN,7,6,93,0,34,62,4,2,2,0,0.259259259259259,0.263565891472868,0.573385012919897,0,0,0,0,0,0,0,17.3
2025,15,2025_15_BUF_NE,00-0035689,D.Knox,TE,BUF,NE,4,3,37,2,24,16,2,1,0,0,0.153846153846154,0.0888888888888889,0.292991452991453,0,0,0,0,0,0,0,18.7
2025,16,2025_16_BUF_CLE,00-0035689,D.Knox,TE,BUF,CLE,2,1,10,0,14,7,1,0,0,0,0.111111111111111,0.115702479338843,0.247658402203857,0,0,0,0,0,0,0,2
2025,17,2025_17_PHI_BUF,00-0035689,D.Knox,TE,BUF,PHI,5,5,30,0,19,11,1,0,0,0,0.151515151515152,0.0756972111553785,0.280260775081492,0,0,0,0,0,0,0,8
2025,18,2025_18_NYJ_BUF,00-0035689,D.Knox,TE,BUF,NYJ,2,2,24,1,21,3,1,1,0,0,0.0714285714285714,0.105527638190955,0.181012203876525,0,0,0,0,0,0,0,10.4
2025,10,2025_10_PHI_GB,00-0035700,J.Jacobs,RB,GB,PHI,6,5,33,0,-3,37,0,0,0,0,0.181818181818182,-0.00986842105263158,0.265819377990431,21,74,1,2,0,0,0,19.7
2025,11,2025_11_GB_NYG,00-0035700,J.Jacobs,RB,GB,NYG,1,0,0,0,-9,0,0,0,0,0,0.04,-0.0307167235494881,0.0384982935153584,7,40,0,1,1,0,0,4
2025,13,2025_13_GB_DET,00-0035700,J.Jacobs,RB,GB,DET,1,1,8,0,3,5,0,0,0,0,0.0344827586206897,0.0087463556851312,0.0578465869106263,17,83,0,2,2,1,0,10.1
2025,14,2025_14_CHI_GB,00-0035700,J.Jacobs,RB,GB,CHI,2,2,6,0,-6,12,0,0,0,0,0.0869565217391304,-0.0192926045016077,0.11692995945757,20,86,1,3,1,1,0,17.2
2025,15,2025_15_GB_DEN,00-0035700,J.Jacobs,RB,GB,DEN,3,2,19,1,19,0,1,0,0,0,0.0833333333333333,0.0420353982300885,0.154424778761062,12,73,1,2,1,1,1,23.2
2025,16,2025_16_GB_CHI,00-0035700,J.Jacobs,RB,GB,CHI,2,2,12,0,-3,15,0,0,0,0,0.0833333333333333,-0.0180722891566265,0.112349397590361,12,36,0,0,0,0,0,4.8
2025,17,2025_17_BAL_GB,00-0035700,J.Jacobs,RB,GB,BAL,1,1,0,0,-3,3,0,0,0,0,0.04,-0.0103092783505155,0.0527835051546392,4,3,0,0,0,0,0,1.3
2025,7,2025_07_IND_LAC,00-0035710,D.Jones,QB,IND,LAC,0,0,0,0,0,0,0,0,0,0,0,0,0,5,7,0,0,0,0,0,22.22
2025,8,2025_08_TEN_IND,00-0035710,D.Jones,QB,IND,TEN,0,0,0,0,0,0,0,0,0,0,0,0,0,1,3,0,0,0,0,0,23.18
2025,9,2025_09_IND_PIT,00-0035710,D.Jones,QB,IND,PIT,0,0,0,0,0,0,0,0,0,0,0,0,0,3,4,1,0,0,0,0,14.08
2025,10,2025_10_ATL_IND,00-0035710,D.Jones,QB,IND,ATL,0,0,0,0,0,0,0,0,0,0,0,0,0,7,53,0,2,2,0,0,15.5
2025,12,2025_12_IND_KC,00-0035710,D.Jones,QB,IND,KC,0,0,0,0,0,0,0,0,0,0,0,0,0,3,16,0,1,1,0,0,16.84
2025,13,2025_13_HOU_IND,00-0035710,D.Jones,QB,IND,HOU,0,0,0,0,0,0,0,0,0,0,0,0,0,1,1,0,0,0,0,0,16.14
2025,14,2025_14_IND_JAX,00-0035710,D.Jones,QB,IND,JAX,0,0,0,0,0,0,0,0,0,0,0,0,0,1,4,0,0,0,0,0,0.8
2025,11,2025_11_WAS_MIA,00-0035719,D.Samuel,WR,WAS,MIA,8,7,74,1,25,54,3,2,2,0,0.275862068965517,0.113122171945701,0.492978623810267,1,3,0,0,0,0,0,20.7
2025,13,2025_13_DEN_WAS,00-0035719,D.Samuel,WR,WAS,DEN,7,5,64,0,64,21,2,1,1,0,0.155555555555556,0.107023411371237,0.3082497212932,2,-3,0,0,0,0,0,11.1
2025,14,2025_14_WAS_MIN,00-0035719,D.Samuel,WR,WAS,MIN,6,4,27,0,-1,24,2,0,0,0,0.3,-0.00869565217391304,0.443913043478261,0,0,0,0,0,0,0,6.7
2025,15,2025_15_WAS_NYG,00-0035719,D.Samuel,WR,WAS,NYG,5,3,43,0,44,16,3,1,0,0,0.3125,0.16988416988417,0.587668918918919,0,0,0,0,0,0,0,7.3
2025,16,2025_16_PHI_WAS,00-0035719,D.Samuel,WR,WAS,PHI,4,3,35,0,18,29,2,1,1,0,0.2,0.105263157894737,0.373684210526316,0,0,0,0,0,0,0,6.5
2025,17,2025_17_DAL_WAS,00-0035719,D.Samuel,WR,WAS,DAL,4,2,68,0,19,54,2,2,2,1,0.19047619047619,0.11377245508982,0.36535500427716,2,25,0,1,1,1,0,11.3
2025,18,2025_18_WAS_PHI,00-0035719,D.Samuel,WR,WAS,PHI,5,2,20,0,16,28,1,1,0,0,0.263157894736842,0.130081300813008,0.485793752674369,2,1,0,0,0,0,0,4.1
2025,9,2025_09_SEA_WAS,00-0035891,C.White,WR,SEA,WAS,2,1,60,1,25,42,1,1,1,1,0.0833333333333333,0.120772946859903,0.209541062801932,0,0,0,0,0,0,0,13
2025,10,2025_10_ARI_SEA,00-0035891,C.White,WR,SEA,ARI,0,0,0,0,0,0,0,0,0,0,0,0,0,0,0,0,0,0,0,0,0
2025,11,2025_11_SEA_LA,00-0035891,C.White,WR,SEA,LA,0,0,0,0,0,0,0,0,0,0,0,0,0,0,0,0,0,0,0,0,0
2025,12,2025_12_SEA_TEN,00-0035891,C.White,WR,SEA,TEN,0,0,0,0,0,0,0,0,0,0,0,0,0,0,0,0,0,0,0,0,0
2025,13,2025_13_MIN_SEA,00-0035891,C.White,WR,SEA,MIN,1,1,21,0,8,13,1,1,1,0,0.0434782608695652,0.0860215053763441,0.125432445067789,0,0,0,0,0,0,0,3.1
2025,14,2025_14_SEA_ATL,00-0035891,C.White,WR,SEA,ATL,1,1,9,0,6,3,0,0,0,0,0.0333333333333333,0.0235294117647059,0.0664705882352941,0,0,0,0,0,0,0,1.9
2025,16,2025_16_LA_SEA,00-0035891,C.White,WR,SEA,LA,0,0,0,0,0,0,0,0,0,0,0,0,0,0,0,0,0,0,0,0,0
2025,12,2025_12_ATL_NO,00-0036040,J.Johnson,TE,NO,ATL,7,6,46,0,54,4,2,1,0,0,0.162790697674419,0.174757281553398,0.366516143599007,0,0,0,0,0,0,0,10.6
2025,13,2025_13_NO_MIA,00-0036040,J.Johnson,TE,NO,MIA,9,5,39,0,47,19,2,0,0,0,0.264705882352941,0.174721189591078,0.519363656243167,0,0,0,0,0,0,0,8.9
2025,14,2025_14_NO_TB,00-0036040,J.Johnson,TE,NO,TB,4,4,38,0,20,18,2,0,0,0,0.2,0.126582278481013,0.388607594936709,0,0,0,0,0,0,0,7.8
2025,15,2025_15_CAR_NO,00-0036040,J.Johnson,TE,NO,CAR,4,4,30,0,16,14,1,0,0,0,0.129032258064516,0.0594795539033457,0.235184074829116,0,0,0,0,0,0,0,7
2025,16,2025_16_NYJ_NO,00-0036040,J.Johnson,TE,NO,NYJ,9,8,89,0,58,35,4,1,1,0,0.191489361702128,0.137440758293839,0.383442573358879,0,0,0,0,0,0,0,16.9
2025,17,2025_17_NO_TEN,00-0036040,J.Johnson,TE,NO,TEN,4,4,95,0,58,37,3,3,3,0,0.148148148148148,0.205673758865248,0.366193853427896,0,0,0,0,0,0,0,13.5
2025,18,2025_18_NO_ATL,00-0036040,J.Johnson,TE,NO,ATL,5,3,61,0,78,5,3,2,1,0,0.147058823529412,0.277580071174377,0.414894285116182,0,0,0,0,0,0,0,7.1
2025,11,2025_11_CAR_ATL,00-0036139,R.Dowdle,RB,CAR,ATL,7,5,55,0,-20,77,2,1,1,0,0.159090909090909,-0.0719424460431655,0.188276651406148,19,45,0,0,0,0,0,15
2025,12,2025_12_CAR_SF,00-0036139,R.Dowdle,RB,CAR,SF,4,4,36,0,-4,40,3,0,0,0,0.148148148148148,-0.0233918128654971,0.205847953216374,6,38,0,1,1,0,0,11.4
2025,13,2025_13_LA_CAR,00-0036139,R.Dowdle,RB,CAR,LA,2,2,21,0,-11,32,1,0,0,0,0.1,-0.0709677419354839,0.100322580645161,18,58,0,1,1,0,0,9.9
2025,15,2025_15_CAR_NO,00-0036139,R.Dowdle,RB,CAR,NO,1,1,5,0,1,4,0,0,0,0,0.05,0.00487804878048781,0.0784146341463415,16,49,1,0,0,0,0,12.4
2025,16,2025_16_TB_CAR,00-0036139,R.Dowdle,RB,CAR,TB,6,4,14,0,17,13,0,0,0,0,0.193548387096774,0.06640625,0.336806955645161,9,29,0,1,1,0,0,8.3
2025,17,2025_17_SEA_CAR,00-0036139,R.Dowdle,RB,CAR,SEA,5,3,4,0,-15,6,0,0,0,0,0.238095238095238,-0.348837209302326,0.112956810631229,12,59,0,1,0,0,0,9.3
2025,18,2025_18_CAR_TB,00-0036139,R.Dowdle,RB,CAR,TB,2,2,20,0,-15,35,1,1,1,0,0.0666666666666667,-0.0592885375494071,0.058498023715415,7,10,0,0,0,0,0,3
2025,4,2025_04_CIN_DEN,00-0036158,J.Dobbins,RB,DEN,CIN,1,1,4,0,-3,7,0,0,0,0,0.0238095238095238,-0.0107142857142857,0.0282142857142857,16,101,0,4,2,0,0,11.5
2025,5,2025_05_DEN_PHI,00-0036158,J.Dobbins,RB,DEN,PHI,1,1,5,0,-3,8,0,0,0,0,0.0277777777777778,-0.00943396226415094,0.035062893081761,20,79,1,3,2,0,0,15.4
2025,6,2025_06_DEN_NYJ,00-0036158,J.Dobbins,RB,DEN,NYJ,1,0,0,0,-4,0,0,0,0,0,0.0384615384615385,-0.0261437908496732,0.0393916540975365,14,40,0,0,0,0,0,4
2025,7,2025_07_NYG_DEN,00-0036158,J.Dobbins,RB,DEN,NYG,1,1,-1,0,-5,4,0,0,0,0,0.0204081632653061,-0.0127226463104326,0.0217063924806564,14,81,0,1,1,1,0,9
2025,8,2025_08_DAL_DEN,00-0036158,J.Dobbins,RB,DEN,DAL,2,2,10,0,0,10,0,0,0,0,0.0740740740740741,0,0.111111111111111,15,111,0,4,4,2,0,14.1
2025,9,2025_09_DEN_HOU,00-0036158,J.Dobbins,RB,DEN,HOU,1,1,-2,0,-2,0,0,0,0,0,0.0294117647058824,-0.00453514739229025,0.0409430438842204,15,61,0,1,1,0,0,6.9
2025,10,2025_10_LV_DEN,00-0036158,J.Dobbins,RB,DEN,LV,1,1,7,0,3,4,0,0,0,0,0.037037037037037,0.0121457489878543,0.0640575798470535,18,77,0,1,1,0,0,9.4
2025,8,2025_08_MIA_ATL,00-0036182,N.Westbrook-Ikhine,WR,MIA,ATL,3,1,18,0,24,4,1,1,0,0,0.111111111111111,0.237623762376238,0.333003300330033,0,0,0,0,0,0,0,2.8
2025,9,2025_09_BAL_MIA,00-0036182,N.Westbrook-Ikhine,WR,MIA,BAL,4,2,22,0,26,9,1,1,0,0,0.108108108108108,0.0959409594095941,0.229320833748878,0,0,0,0,0,0,0,4.2
2025,10,2025_10_BUF_MIA,00-0036182,N.Westbrook-Ikhine,WR,MIA,BUF,1,1,7,0,7,0,0,0,0,0,0.0476190476190476,0.0372340425531915,0.0974924012158055,0,0,0,0,0,0,0,1.7
2025,13,2025_13_NO_MIA,00-0036182,N.Westbrook-Ikhine,WR,MIA,NO,0,0,0,0,0,0,0,0,0,0,0,0,0,0,0,0,0,0,0,0,0
2025,14,2025_14_MIA_NYJ,00-0036182,N.Westbrook-Ikhine,WR,MIA,NYJ,0,0,0,0,0,0,0,0,0,0,0,0,0,0,0,0,0,0,0,0,0
2025,15,2025_15_MIA_PIT,00-0036182,N.Westbrook-Ikhine,WR,MIA,PIT,1,0,0,0,5,0,0,0,0,0,0.0384615384615385,0.0292397660818713,0.0781601439496176,0,0,0,0,0,0,0,0
2025,18,2025_18_MIA_NE,00-0036182,N.Westbrook-Ikhine,WR,MIA,NE,0,0,0,0,0,0,0,0,0,0,0,0,0,0,0,0,0,0,0,0,0
2025,8,2025_08_MIA_ATL,00-0036212,T.Tagovailoa,QB,MIA,ATL,0,0,0,0,0,0,0,0,0,0,0,0,0,0,0,0,0,0,0,0,24.2
2025,9,2025_09_BAL_MIA,00-0036212,T.Tagovailoa,QB,MIA,BAL,0,0,0,0,0,0,0,0,0,0,0,0,0,1,1,0,0,0,0,0,8.54
2025,10,2025_10_BUF_MIA,00-0036212,T.Tagovailoa,QB,MIA,BUF,0,0,0,0,0,0,0,0,0,0,0,0,0,2,-1,0,0,0,0,0,10.82
2025,11,2025_11_WAS_MIA,00-0036212,T.Tagovailoa,QB,MIA,WAS,0,0,0,0,0,0,0,0,0,0,0,0,0,0,0,0,0,0,0,0,6.84
2025,13,2025_13_NO_MIA,00-0036212,T.Tagovailoa,QB,MIA,NO,0,0,0,0,0,0,0,0,0,0,0,0,0,4,4,0,0,0,0,0,4.68
2025,14,2025_14_MIA_NYJ,00-0036212,T.Tagovailoa,QB,MIA,NYJ,0,0,0,0,0,0,0,0,0,0,0,0,0,1,0,0,0,0,0,0,9.08
2025,15,2025_15_MIA_PIT,00-0036212,T.Tagovailoa,QB,MIA,PIT,0,0,0,0,0,0,0,0,0,0,0,0,0,1,1,0,0,0,0,0,16.22
2025,12,2025_12_IND_KC,00-0036223,J.Taylor,RB,IND,KC,3,2,8,0,-5,14,0,0,0,0,0.0967741935483871,-0.0359712230215827,0.119981434207473,16,58,0,1,1,1,0,8.6
2025,13,2025_13_HOU_IND,00-0036223,J.Taylor,RB,IND,HOU,5,3,36,0,-6,40,1,1,1,0,0.2,-0.0303030303030303,0.278787878787879,21,85,0,4,2,0,0,15.1
2025,14,2025_14_IND_JAX,00-0036223,J.Taylor,RB,IND,JAX,0,0,0,0,0,0,0,0,0,0,0,0,0,21,74,1,1,1,0,0,11.4
2025,15,2025_15_IND_SEA,00-0036223,J.Taylor,RB,IND,SEA,4,3,14,0,9,28,0,0,0,0,0.153846153846154,0.0633802816901408,0.275135427952329,25,87,0,1,0,0,0,13.1
2025,16,2025_16_SF_IND,00-0036223,J.Taylor,RB,IND,SF,3,3,33,0,2,31,1,1,0,0,0.0833333333333333,0.00593471810089021,0.129154302670623,16,46,1,0,0,0,0,16.9
2025,17,2025_17_JAX_IND,00-0036223,J.Taylor,RB,IND,JAX,6,3,14,0,-13,15,0,0,0,0,0.206896551724138,-0.0451388888888889,0.278747605363985,21,70,1,1,0,0,0,17.4
2025,18,2025_18_IND_HOU,00-0036223,J.Taylor,RB,IND,HOU,2,2,13,0,1,12,1,0,0,0,0.0606060606060606,0.00314465408805031,0.0931103487707261,14,26,0,0,0,0,0,5.9
2025,12,2025_12_TB_LA,00-0036244,C.Parkinson,TE,LA,TB,4,4,41,1,6,35,2,0,0,0,0.117647058823529,0.0240963855421687,0.193338058114812,0,0,0,0,0,0,0,14.1
2025,13,2025_13_LA_CAR,00-0036244,C.Parkinson,TE,LA,CAR,5,4,27,0,8,27,2,0,0,0,0.185185185185185,0.0361990950226244,0.303117144293615,0,0,0,0,0,0,0,6.7
2025,14,2025_14_LA_ARI,00-0036244,C.Parkinson,TE,LA,ARI,5,3,32,1,11,23,2,0,0,0,0.161290322580645,0.0493273542600897,0.276464631853031,0,0,0,0,0,0,0,12.2
2025,15,2025_15_DET_LA,00-0036244,C.Parkinson,TE,LA,DET,7,5,75,2,57,32,4,2,2,0,0.184210526315789,0.121019108280255,0.361029165269863,0,0,0,0,0,0,0,24.5
2025,16,2025_16_LA_SEA,00-0036244,C.Parkinson,TE,LA,SEA,4,2,21,0,20,20,1,1,0,0,0.0833333333333333,0.0419287211740042,0.154350104821803,0,0,0,0,0,0,0,4.1
2025,17,2025_17_LA_ATL,00-0036244,C.Parkinson,TE,LA,ATL,7,6,53,0,43,27,2,1,0,0,0.194444444444444,0.0838206627680312,0.350341130604289,0,0,0,0,0,0,0,11.3
2025,18,2025_18_ARI_LA,00-0036244,C.Parkinson,TE,LA,ARI,7,4,36,2,55,25,1,1,1,0,0.189189189189189,0.153203342618384,0.391026123616653,0,0,0,0,0,0,0,19.6
2025,12,2025_12_IND_KC,00-0036252,M.Pittman,WR,IND,KC,8,5,27,1,37,10,0,0,0,0,0.258064516129032,0.266187050359712,0.573427709445347,0,0,0,0,0,0,0,13.7
2025,13,2025_13_HOU_IND,00-0036252,M.Pittman,WR,IND,HOU,4,1,13,0,46,1,1,0,0,0,0.16,0.232323232323232,0.402626262626263,0,0,0,0,0,0,0,2.3
2025,14,2025_14_IND_JAX,00-0036252,M.Pittman,WR,IND,JAX,12,9,79,0,75,32,2,2,1,0,0.333333333333333,0.323275862068966,0.726293103448276,0,0,0,0,0,0,0,16.9
2025,15,2025_15_IND_SEA,00-0036252,M.Pittman,WR,IND,SEA,5,3,26,0,47,17,1,0,0,0,0.192307692307692,0.330985915492958,0.520151679306609,0,0,0,0,0,0,0,5.6
2025,16,2025_16_SF_IND,00-0036252,M.Pittman,WR,IND,SF,5,4,32,0,59,10,2,0,0,0,0.138888888888889,0.175074183976261,0.330885262116716,0,0,0,0,0,0,0,7.2
2025,17,2025_17_JAX_IND,00-0036252,M.Pittman,WR,IND,JAX,3,2,16,0,26,5,1,0,0,0,0.103448275862069,0.0902777777777778,0.218366858237548,0,0,0,0,0,0,0,3.6
2025,18,2025_18_IND_HOU,00-0036252,M.Pittman,WR,IND,HOU,4,2,11,0,31,-1,1,1,0,0,0.121212121212121,0.0974842767295597,0.250057175528874,0,0,0,0,0,0,0,3.1
2025,11,2025_11_SF_ARI,00-0036259,J.Jennings,WR,SF,ARI,6,4,54,0,56,9,3,1,1,0,0.24,0.297872340425532,0.568510638297872,0,0,0,0,0,0,0,9.4
2025,12,2025_12_CAR_SF,00-0036259,J.Jennings,WR,SF,CAR,7,5,41,1,65,13,2,0,0,0,0.21875,0.333333333333333,0.561458333333333,0,0,0,0,0,0,0,15.1
2025,13,2025_13_SF_CLE,00-0036259,J.Jennings,WR,SF,CLE,6,4,39,1,71,2,2,0,0,0,0.260869565217391,0.266917293233083,0.578146453089245,0,0,0,0,0,0,0,13.9
2025,15,2025_15_TEN_SF,00-0036259,J.Jennings,WR,SF,TEN,5,3,37,2,51,1,2,1,1,0,0.178571428571429,0.203187250996016,0.410088218554354,0,0,0,0,0,0,0,18.7
2025,16,2025_16_SF_IND,00-0036259,J.Jennings,WR,SF,IND,6,5,71,1,64,21,4,3,1,0,0.181818181818182,0.197530864197531,0.410998877665544,0,0,0,0,0,0,0,18.1
2025,17,2025_17_CHI_SF,00-0036259,J.Jennings,WR,SF,CHI,4,2,42,1,38,17,1,1,1,0,0.121212121212121,0.150197628458498,0.28695652173913,0,0,0,0,0,0,0,12.2
2025,18,2025_18_SEA_SF,00-0036259,J.Jennings,WR,SF,SEA,6,4,35,0,36,8,2,1,0,0,0.222222222222222,0.27906976744186,0.528682170542636,0,0,0,0,0,0,0,7.5
2025,10,2025_10_PHI_GB,00-0036264,J.Love,QB,GB,PHI,0,0,0,0,0,0,0,0,0,0,0,0,0,5,28,0,1,1,0,0,7.84
2025,11,2025_11_GB_NYG,00-0036264,J.Love,QB,GB,NYG,0,0,0,0,0,0,0,0,0,0,0,0,0,2,7,0,0,0,0,0,17.66
2025,12,2025_12_MIN_GB,00-0036264,J.Love,QB,GB,MIN,0,0,0,0,0,0,0,0,0,0,0,0,0,3,15,0,1,1,0,0,7.06
2025,13,2025_13_GB_DET,00-0036264,J.Love,QB,GB,DET,0,0,0,0,0,0,0,0,0,0,0,0,0,5,4,0,0,0,0,0,25.76
2025,14,2025_14_CHI_GB,00-0036264,J.Love,QB,GB,CHI,0,0,0,0,0,0,0,0,0,0,0,0,0,1,-1,0,0,0,0,0,19.26
2025,15,2025_15_GB_DEN,00-0036264,J.Love,QB,GB,DEN,0,0,0,0,0,0,0,0,0,0,0,0,0,3,29,0,1,1,1,0,13.94
2025,16,2025_16_GB_CHI,00-0036264,J.Love,QB,GB,CHI,0,0,0,0,0,0,0,0,0,0,0,0,0,2,7,0,0,0,0,0,3.78
2025,1,2025_01_DAL_PHI,00-0036265,A.Dillon,RB,PHI,DAL,0,0,0,0,0,0,0,0,0,0,0,0,0,3,10,0,0,0,0,0,1
2025,2,2025_02_PHI_KC,00-0036265,A.Dillon,RB,PHI,KC,0,0,0,0,0,0,0,0,0,0,0,0,0,3,19,0,0,0,0,0,1.9
2025,4,2025_04_PHI_TB,00-0036265,A.Dillon,RB,PHI,TB,0,0,0,0,0,0,0,0,0,0,0,0,0,3,17,0,1,0,0,0,1.7
2025,5,2025_05_DEN_PHI,00-0036265,A.Dillon,RB,PHI,DEN,0,0,0,0,0,0,0,0,0,0,0,0,0,2,12,0,0,0,0,0,1.2
2025,6,2025_06_PHI_NYG,00-0036265,A.Dillon,RB,PHI,NYG,2,2,18,0,9,9,1,0,0,0,0.0625,0.0284810126582279,0.11368670886076,1,2,0,0,0,0,0,2
2025,18,2025_18_WAS_PHI,00-0036265,A.Dillon,RB,PHI,WAS,1,1,3,0,3,0,0,0,0,0,0.0294117647058824,0.00783289817232376,0.0496006757794502,0,0,0,0,0,0,0,1.3
2025,12,2025_12_PIT_CHI,00-0036275,D.Swift,RB,CHI,PIT,1,1,14,0,-6,20,1,0,0,0,0.0333333333333333,-0.0182926829268293,0.0371951219512195,8,15,0,0,0,0,0,1.9
2025,13,2025_13_CHI_PHI,00-0036275,D.Swift,RB,CHI,PHI,2,1,13,0,-2,18,1,0,0,0,0.0625,-0.00793650793650794,0.0881944444444445,18,125,1,3,3,1,0,20.8
2025,14,2025_14_CHI_GB,00-0036275,D.Swift,RB,CHI,GB,4,3,19,0,-8,25,1,0,0,0,0.142857142857143,-0.0268456375838926,0.195493767976989,13,63,0,0,0,0,0,11.2
2025,15,2025_15_CLE_CHI,00-0036275,D.Swift,RB,CHI,CLE,1,1,-2,0,-5,3,0,0,0,0,0.037037037037037,-0.0181818181818182,0.0428282828282828,18,98,2,4,1,0,0,22.6
2025,16,2025_16_GB_CHI,00-0036275,D.Swift,RB,CHI,GB,2,2,12,0,-4,16,0,0,0,0,0.0689655172413793,-0.0120845921450151,0.0949890613605584,13,58,0,0,0,0,0,9
2025,17,2025_17_CHI_SF,00-0036275,D.Swift,RB,CHI,SF,3,2,25,0,-4,23,1,0,0,0,0.0769230769230769,-0.0132013201320132,0.106143691292206,9,54,2,1,1,1,0,21.9
2025,18,2025_18_DET_CHI,00-0036275,D.Swift,RB,CHI,DET,2,1,8,0,12,1,0,0,0,0,0.0689655172413793,0.0461538461538462,0.135755968169761,10,40,0,1,0,0,0,5.8
2025,12,2025_12_PIT_CHI,00-0036290,C.Kmet,TE,CHI,PIT,1,1,3,0,2,1,0,0,0,0,0.0333333333333333,0.00609756097560976,0.0542682926829268,0,0,0,0,0,0,0,1.3
2025,13,2025_13_CHI_PHI,00-0036290,C.Kmet,TE,CHI,PHI,3,3,36,1,26,10,1,1,1,0,0.09375,0.103174603174603,0.212847222222222,0,0,0,0,0,0,0,12.6
2025,14,2025_14_CHI_GB,00-0036290,C.Kmet,TE,CHI,GB,3,2,42,0,53,3,2,2,1,0,0.107142857142857,0.177852348993289,0.285210930009588,0,0,0,0,0,0,0,6.2
2025,15,2025_15_CLE_CHI,00-0036290,C.Kmet,TE,CHI,CLE,4,2,28,0,36,27,2,1,0,0,0.148148148148148,0.130909090909091,0.313858585858586,0,0,0,0,0,0,0,4.8
2025,16,2025_16_GB_CHI,00-0036290,C.Kmet,TE,CHI,GB,3,2,14,0,14,10,1,0,0,0,0.103448275862069,0.0422960725075529,0.18477966454839,0,0,0,0,0,0,0,3.4
2025,17,2025_17_CHI_SF,00-0036290,C.Kmet,TE,CHI,SF,3,2,16,0,25,11,0,0,0,0,0.0769230769230769,0.0825082508250825,0.173140390962173,0,0,0,0,0,0,0,3.6
2025,18,2025_18_DET_CHI,00-0036290,C.Kmet,TE,CHI,DET,3,2,16,0,-4,16,1,1,0,0,0.103448275862069,-0.0153846153846154,0.144403183023873,0,0,0,0,0,0,0,5.6
2025,12,2025_12_MIN_GB,00-0036322,J.Jefferson,WR,MIN,GB,6,4,48,0,58,9,2,1,0,0,0.333333333333333,0.58,0.906,0,0,0,0,0,0,0,8.8
2025,13,2025_13_MIN_SEA,00-0036322,J.Jefferson,WR,MIN,SEA,6,2,4,0,48,9,0,0,0,0,0.206896551724138,0.287425149700599,0.511542432376626,0,0,0,0,0,0,0,2.4
2025,14,2025_14_WAS_MIN,00-0036322,J.Jefferson,WR,MIN,WAS,4,2,11,0,40,12,1,0,0,0,0.173913043478261,0.261437908496732,0.443876101165104,0,0,0,0,0,0,0,3.1
2025,15,2025_15_MIN_DAL,00-0036322,J.Jefferson,WR,MIN,DAL,8,2,22,0,71,7,2,0,0,0,0.333333333333333,0.285140562248996,0.699598393574297,0,0,0,0,0,0,0,4.2
2025,16,2025_16_MIN_NYG,00-0036322,J.Jefferson,WR,MIN,NYG,8,6,85,0,59,36,5,2,1,0,0.347826086956522,0.472,0.852139130434783,0,0,0,0,0,0,0,14.5
2025,17,2025_17_DET_MIN,00-0036322,J.Jefferson,WR,MIN,DET,5,4,30,0,20,15,1,0,0,0,0.357142857142857,0.298507462686567,0.744669509594883,0,0,0,0,0,0,0,7
2025,18,2025_18_GB_MIN,00-0036322,J.Jefferson,WR,MIN,GB,11,8,101,0,69,51,6,3,0,0,0.366666666666667,0.348484848484849,0.793939393939394,1,3,0,0,0,0,0,18.4
2025,1,2025_01_LV_NE,00-0036328,A.Gibson,RB,NE,LV,1,0,0,0,4,0,0,0,0,0,0.0222222222222222,0.0113314447592068,0.0412653446647781,1,3,0,0,0,0,0,0.3
2025,2,2025_02_NE_MIA,00-0036328,A.Gibson,RB,NE,MIA,1,1,1,0,-4,5,0,0,0,0,0.0434782608695652,-0.0298507462686567,0.0443218689162881,5,27,0,1,1,0,0,9.8
2025,3,2025_03_PIT_NE,00-0036328,A.Gibson,RB,NE,PIT,0,0,0,0,0,0,0,0,0,0,0,0,0,7,28,0,1,0,0,0,0.8
2025,4,2025_04_CAR_NE,00-0036328,A.Gibson,RB,NE,CAR,0,0,0,0,0,0,0,0,0,0,0,0,0,6,27,1,1,1,1,0,8.7
2025,5,2025_05_NE_BUF,00-0036328,A.Gibson,RB,NE,BUF,1,1,5,0,-6,11,0,0,0,0,0.0357142857142857,-0.028169014084507,0.0338531187122736,6,21,0,0,0,0,0,3.6
2025,12,2025_12_PIT_CHI,00-0036331,D.Duvernay,WR,CHI,PIT,0,0,0,0,0,0,0,0,0,0,0,0,0,0,0,0,0,0,0,0,0
2025,13,2025_13_CHI_PHI,00-0036331,D.Duvernay,WR,CHI,PHI,0,0,0,0,0,0,0,0,0,0,0,0,0,0,0,0,0,0,0,0,0
2025,14,2025_14_CHI_GB,00-0036331,D.Duvernay,WR,CHI,GB,1,1,24,0,24,0,1,1,1,0,0.0357142857142857,0.0805369127516778,0.109947267497603,0,0,0,0,0,0,0,3.4
2025,15,2025_15_CLE_CHI,00-0036331,D.Duvernay,WR,CHI,CLE,0,0,0,0,0,0,0,0,0,0,0,0,0,0,0,0,0,0,0,0,0
2025,16,2025_16_GB_CHI,00-0036331,D.Duvernay,WR,CHI,GB,0,0,0,0,0,0,0,0,0,0,0,0,0,0,0,0,0,0,0,0,0
2025,17,2025_17_CHI_SF,00-0036331,D.Duvernay,WR,CHI,SF,1,0,0,0,3,0,0,0,0,0,0.0256410256410256,0.0099009900990099,0.0453922315308454,0,0,0,0,0,0,0,0
2025,18,2025_18_DET_CHI,00-0036331,D.Duvernay,WR,CHI,DET,0,0,0,0,0,0,0,0,0,0,0,0,0,0,0,0,0,0,0,0,0
2025,10,2025_10_PIT_LAC,00-0036355,J.Herbert,QB,LAC,PIT,0,0,0,0,0,0,0,0,0,0,0,0,0,5,19,0,1,1,0,0,14.7
2025,11,2025_11_LAC_JAX,00-0036355,J.Herbert,QB,LAC,JAX,0,0,0,0,0,0,0,0,0,0,0,0,0,3,21,0,1,1,0,0,3.34
2025,13,2025_13_LV_LAC,00-0036355,J.Herbert,QB,LAC,LV,0,0,0,0,0,0,0,0,0,0,0,0,0,3,8,0,0,0,0,0,12.84
2025,14,2025_14_PHI_LAC,00-0036355,J.Herbert,QB,LAC,PHI,0,0,0,0,0,0,0,0,0,0,0,0,0,10,66,0,2,2,0,0,12.16
2025,15,2025_15_LAC_KC,00-0036355,J.Herbert,QB,LAC,KC,0,0,0,0,0,0,0,0,0,0,0,0,0,2,0,0,0,0,0,0,10.4
2025,16,2025_16_LAC_DAL,00-0036355,J.Herbert,QB,LAC,DAL,0,0,0,0,0,0,0,0,0,0,0,0,0,8,42,1,1,1,1,0,30.2
2025,17,2025_17_HOU_LAC,00-0036355,J.Herbert,QB,LAC,HOU,0,0,0,0,0,0,0,0,0,0,0,0,0,6,37,0,1,1,1,0,15.14
2025,12,2025_12_PHI_DAL,00-0036358,C.Lamb,WR,DAL,PHI,11,4,75,0,160,9,3,1,1,1,0.314285714285714,0.437158469945355,0.77743950039032,0,0,0,0,0,0,0,11.5
2025,13,2025_13_KC_DAL,00-0036358,C.Lamb,WR,DAL,KC,9,7,112,1,101,35,4,2,1,1,0.243243243243243,0.392996108949416,0.639962141129456,0,0,0,0,0,0,0,24.2
2025,14,2025_14_DAL_DET,00-0036358,C.Lamb,WR,DAL,DET,8,6,121,0,114,48,5,4,3,0,0.170212765957447,0.229376257545272,0.41588252921786,0,0,0,0,0,0,0,18.1
2025,15,2025_15_MIN_DAL,00-0036358,C.Lamb,WR,DAL,MIN,10,6,111,0,106,27,5,4,2,0,0.285714285714286,0.384057971014493,0.697412008281574,0,0,0,0,0,0,0,17.1
2025,16,2025_16_LAC_DAL,00-0036358,C.Lamb,WR,DAL,LAC,7,6,51,0,47,7,2,1,0,0,0.21875,0.150641025641026,0.433573717948718,0,0,0,0,0,0,0,11.1
2025,17,2025_17_DAL_WAS,00-0036358,C.Lamb,WR,DAL,WAS,10,5,46,0,162,14,2,1,1,0,0.277777777777778,0.424083769633508,0.713525305410122,0,0,0,0,0,0,0,9.6
2025,18,2025_18_DAL_NYG,00-0036358,C.Lamb,WR,DAL,NYG,1,1,4,0,4,0,0,0,0,0,0.0434782608695652,0.0224719101123596,0.0809477283829995,0,0,0,0,0,0,0,1.4
2025,11,2025_11_DET_PHI,00-0036389,J.Hurts,QB,PHI,DET,0,0,0,0,0,0,0,0,0,0,0,0,0,10,31,1,2,1,0,0,14.5
2025,12,2025_12_PHI_DAL,00-0036389,J.Hurts,QB,PHI,DAL,0,0,0,0,0,0,0,0,0,0,0,0,0,7,33,2,0,0,0,0,30.86
2025,13,2025_13_CHI_PHI,00-0036389,J.Hurts,QB,PHI,CHI,0,0,0,0,0,0,0,0,0,0,0,0,0,4,31,0,1,1,1,0,16.3
2025,14,2025_14_PHI_LAC,00-0036389,J.Hurts,QB,PHI,LAC,0,0,0,0,0,0,0,0,0,0,0,0,0,4,8,0,0,0,0,0,2.4
2025,15,2025_15_LV_PHI,00-0036389,J.Hurts,QB,PHI,LV,0,0,0,0,0,0,0,0,0,0,0,0,0,7,39,0,1,1,0,0,22.9
2025,16,2025_16_PHI_WAS,00-0036389,J.Hurts,QB,PHI,WAS,0,0,0,0,0,0,0,0,0,0,0,0,0,7,40,0,2,2,0,0,19.4
2025,17,2025_17_PHI_BUF,00-0036389,J.Hurts,QB,PHI,BUF,0,0,0,0,0,0,0,0,0,0,0,0,0,3,5,0,0,0,0,0,8.9
2025,12,2025_12_CLE_LV,00-0036407,J.Jeudy,WR,CLE,LV,3,1,39,0,67,14,1,1,1,0,0.166666666666667,0.343589743589744,0.490512820512821,0,0,0,0,0,0,0,2.9
2025,13,2025_13_SF_CLE,00-0036407,J.Jeudy,WR,CLE,SF,4,3,26,0,55,2,1,0,0,0,0.173913043478261,0.317919075144509,0.483412917818547,0,0,0,0,0,0,0,5.6
2025,14,2025_14_TEN_CLE,00-0036407,J.Jeudy,WR,CLE,TEN,5,3,76,1,59,44,2,1,1,1,0.131578947368421,0.19344262295082,0.332778257118205,0,0,0,0,0,0,0,16.6
2025,15,2025_15_CLE_CHI,00-0036407,J.Jeudy,WR,CLE,CHI,4,2,22,0,61,0,1,0,0,0,0.129032258064516,0.201320132013201,0.334472479506015,0,0,0,0,0,0,0,4.2
2025,16,2025_16_BUF_CLE,00-0036407,J.Jeudy,WR,CLE,BUF,4,3,12,0,39,3,0,0,0,0,0.148148148148148,0.565217391304348,0.617874396135266,0,0,0,0,0,0,0,4.2
2025,17,2025_17_PIT_CLE,00-0036407,J.Jeudy,WR,CLE,PIT,7,5,54,0,83,4,4,0,0,0,0.304347826086957,0.439153439153439,0.763929146537842,0,0,0,0,0,0,0,10.4
2025,18,2025_18_CLE_CIN,00-0036407,J.Jeudy,WR,CLE,CIN,6,2,17,0,84,5,1,0,0,0,0.285714285714286,0.428571428571429,0.728571428571429,1,5,0,0,0,0,0,4.2
2025,9,2025_09_CHI_CIN,00-0036410,T.Higgins,WR,CIN,CHI,9,7,121,2,130,25,5,3,3,1,0.2,0.304449648711944,0.513114754098361,0,0,0,0,0,0,0,33.1
2025,11,2025_11_CIN_PIT,00-0036410,T.Higgins,WR,CIN,PIT,8,3,63,1,117,10,3,2,2,0,0.205128205128205,0.410526315789474,0.595060728744939,0,0,0,0,0,0,0,15.3
2025,12,2025_12_NE_CIN,00-0036410,T.Higgins,WR,CIN,NE,6,5,31,0,27,8,1,1,0,0,0.176470588235294,0.0803571428571429,0.320955882352941,0,0,0,0,0,0,0,8.1
2025,14,2025_14_CIN_BUF,00-0036410,T.Higgins,WR,CIN,BUF,11,6,92,2,168,12,5,3,2,0,0.305555555555556,0.51063829787234,0.815780141843972,0,0,0,0,0,0,0,27.2
2025,16,2025_16_CIN_MIA,00-0036410,T.Higgins,WR,CIN,MIA,3,3,53,1,45,8,1,1,1,0,0.0967741935483871,0.241935483870968,0.314516129032258,0,0,0,0,0,0,0,14.3
2025,17,2025_17_ARI_CIN,00-0036410,T.Higgins,WR,CIN,ARI,5,4,59,0,91,4,2,1,1,0,0.151515151515152,0.33955223880597,0.464959294436906,0,0,0,0,0,0,0,9.9
2025,18,2025_18_CLE_CIN,00-0036410,T.Higgins,WR,CIN,CLE,9,6,67,1,106,10,3,2,1,0,0.236842105263158,0.549222797927461,0.73971911644396,0,0,0,0,0,0,0,18.7
2025,9,2025_09_DEN_HOU,00-0036422,A.Trautman,TE,DEN,HOU,2,2,25,0,7,18,1,1,1,0,0.0588235294117647,0.0158730158730159,0.0993464052287582,0,0,0,0,0,0,0,4.5
2025,10,2025_10_LV_DEN,00-0036422,A.Trautman,TE,DEN,LV,1,1,2,0,1,1,0,0,0,0,0.037037037037037,0.00404858299595142,0.0583895636527215,0,0,0,0,0,0,0,1.2
2025,11,2025_11_KC_DEN,00-0036422,A.Trautman,TE,DEN,KC,1,1,8,0,2,6,0,0,0,0,0.0277777777777778,0.00626959247648903,0.046055381400209,0,0,0,0,0,0,0,1.8
2025,13,2025_13_DEN_WAS,00-0036422,A.Trautman,TE,DEN,WAS,4,3,47,0,21,28,3,1,1,0,0.0930232558139535,0.111111111111111,0.217312661498708,0,0,0,0,0,0,0,7.7
2025,14,2025_14_DEN_LV,00-0036422,A.Trautman,TE,DEN,LV,2,2,17,0,10,7,1,0,0,0,0.0555555555555556,0.0462962962962963,0.115740740740741,0,0,0,0,0,0,0,3.7
2025,16,2025_16_JAX_DEN,00-0036422,A.Trautman,TE,DEN,JAX,3,2,14,0,18,5,0,0,0,0,0.0652173913043478,0.0400890868596882,0.125888447758303,0,0,0,0,0,0,0,3.4
2025,17,2025_17_DEN_KC,00-0036422,A.Trautman,TE,DEN,KC,2,2,24,0,21,3,2,0,0,0,0.0540540540540541,0.101941747572816,0.152440304382052,0,0,0,0,0,0,0,4.4
2025,3,2025_03_NYJ_TB,00-0036427,T.Johnson,WR,NYJ,TB,3,2,32,0,36,18,2,1,1,0,0.0857142857142857,0.22360248447205,0.285093167701863,0,0,0,0,0,0,0,5.2
2025,6,2025_06_DEN_NYJ,00-0036427,T.Johnson,WR,NYJ,DEN,1,0,0,0,-2,0,0,0,0,0,0.0625,-0.0212765957446809,0.0788563829787234,0,0,0,0,0,0,0,0
2025,7,2025_07_CAR_NYJ,00-0036427,T.Johnson,WR,NYJ,CAR,3,3,60,0,47,13,2,2,2,0,0.0967741935483871,0.128065395095368,0.234807066889338,0,0,0,0,0,0,0,9
2025,8,2025_08_NYJ_CIN,00-0036427,T.Johnson,WR,NYJ,CIN,5,3,64,1,85,18,3,1,1,0,0.166666666666667,0.461956521739131,0.573369565217391,0,0,0,0,0,0,0,15.4
2025,10,2025_10_CLE_NYJ,00-0036427,T.Johnson,WR,NYJ,CLE,1,0,0,0,-4,0,0,0,0,0,0.0909090909090909,-0.105263157894737,0.0626794258373206,0,0,0,0,0,0,0,0
2025,16,2025_16_NYJ_NO,00-0036427,T.Johnson,WR,NYJ,NO,1,1,7,0,3,4,0,0,0,0,0.0294117647058824,0.0184049079754601,0.0570010826416456,0,0,0,0,0,0,0,1.7
2025,17,2025_17_NE_NYJ,00-0036427,T.Johnson,WR,NYJ,NE,1,1,3,0,3,0,0,0,0,0,0.03125,0.02,0.060875,0,0,0,0,0,0,0,1.3
2025,2,2025_02_JAX_CIN,00-0036442,J.Burrow,QB,CIN,JAX,0,0,0,0,0,0,0,0,0,0,0,0,0,0,0,0,0,0,0,0,7.04
2025,13,2025_13_CIN_BAL,00-0036442,J.Burrow,QB,CIN,BAL,0,0,0,0,0,0,0,0,0,0,0,0,0,3,8,0,0,0,0,0,19.24
2025,14,2025_14_CIN_BUF,00-0036442,J.Burrow,QB,CIN,BUF,0,0,0,0,0,0,0,0,0,0,0,0,0,0,0,0,0,0,0,0,23.36
2025,15,2025_15_BAL_CIN,00-0036442,J.Burrow,QB,CIN,BAL,0,0,0,0,0,0,0,0,0,0,0,0,0,2,5,0,0,0,0,0,5.5
2025,16,2025_16_CIN_MIA,00-0036442,J.Burrow,QB,CIN,MIA,0,0,0,0,0,0,0,0,0,0,0,0,0,2,6,0,0,0,0,0,28.96
2025,17,2025_17_ARI_CIN,00-0036442,J.Burrow,QB,CIN,ARI,0,0,0,0,0,0,0,0,0,0,0,0,0,3,2,0,0,0,0,0,20.4
2025,18,2025_18_CLE_CIN,00-0036442,J.Burrow,QB,CIN,CLE,0,0,0,0,0,0,0,0,0,0,0,0,0,2,17,0,0,0,0,0,21.14
2025,8,2025_08_CHI_BAL,00-0036550,R.Bateman,WR,BAL,CHI,4,2,51,0,64,7,2,1,1,0,0.181818181818182,0.30622009569378,0.487081339712919,0,0,0,0,0,0,0,7.1
2025,9,2025_09_BAL_MIA,00-0036550,R.Bateman,WR,BAL,MIA,4,2,13,1,45,0,0,0,0,0,0.173913043478261,0.217391304347826,0.41304347826087,0,0,0,0,0,0,0,9.3
2025,10,2025_10_BAL_MIN,00-0036550,R.Bateman,WR,BAL,MIN,2,1,10,0,15,6,1,0,0,0,0.0714285714285714,0.126050420168067,0.195378151260504,0,0,0,0,0,0,0,4
2025,13,2025_13_CIN_BAL,00-0036550,R.Bateman,WR,BAL,CIN,1,0,0,0,31,0,0,0,0,0,0.0333333333333333,0.0813648293963255,0.106955380577428,0,0,0,0,0,0,0,0
2025,14,2025_14_PIT_BAL,00-0036550,R.Bateman,WR,BAL,PIT,3,2,23,0,27,0,1,1,0,0,0.0909090909090909,0.105058365758755,0.209904492394765,0,0,0,0,0,0,0,4.3
2025,16,2025_16_NE_BAL,00-0036550,R.Bateman,WR,BAL,NE,2,0,0,0,26,0,0,0,0,0,0.1,0.152046783625731,0.256432748538012,0,0,0,0,0,0,0,0
2025,17,2025_17_BAL_GB,00-0036550,R.Bateman,WR,BAL,GB,1,1,7,0,4,3,0,0,0,0,0.05,0.05,0.11,0,0,0,0,0,0,0,1.7
2025,11,2025_11_HOU_TEN,00-0036554,N.Collins,WR,HOU,TEN,10,9,92,1,104,9,5,2,0,0,0.25,0.297142857142857,0.583,0,0,0,0,0,0,0,24.2
2025,12,2025_12_BUF_HOU,00-0036554,N.Collins,WR,HOU,BUF,3,3,55,0,36,19,3,2,1,0,0.107142857142857,0.155844155844156,0.269805194805195,0,0,0,0,0,0,0,8.5
2025,13,2025_13_HOU_IND,00-0036554,N.Collins,WR,HOU,IND,10,5,98,0,180,41,5,3,3,0,0.3125,0.459183673469388,0.790178571428571,1,7,1,0,0,0,0,21.5
2025,14,2025_14_HOU_KC,00-0036554,N.Collins,WR,HOU,KC,8,4,121,0,129,38,3,3,2,2,0.296296296296296,0.422950819672131,0.740510018214936,0,0,0,0,0,0,0,16.1
2025,15,2025_15_ARI_HOU,00-0036554,N.Collins,WR,HOU,ARI,4,3,85,2,35,53,2,2,2,1,0.153846153846154,0.299145299145299,0.44017094017094,0,0,0,0,0,0,0,23.5
2025,16,2025_16_LV_HOU,00-0036554,N.Collins,WR,HOU,LV,9,4,59,0,153,0,3,2,1,0,0.264705882352941,0.501639344262295,0.748206364513018,0,0,0,0,0,0,0,9.9
2025,17,2025_17_HOU_LAC,00-0036554,N.Collins,WR,HOU,LAC,4,3,57,0,57,21,3,2,1,0,0.153846153846154,0.22265625,0.386628605769231,0,0,0,0,0,0,0,8.7
2025,11,2025_11_CAR_ATL,00-0036555,C.Hubbard,RB,CAR,ATL,3,1,7,0,-6,12,0,0,0,0,0.0681818181818182,-0.0215827338129496,0.0871648136036625,4,21,0,0,0,0,0,3.8
2025,12,2025_12_CAR_SF,00-0036555,C.Hubbard,RB,CAR,SF,4,4,27,0,-14,41,2,0,0,0,0.148148148148148,-0.0818713450292398,0.164912280701754,3,16,0,1,0,0,0,8.3
2025,13,2025_13_LA_CAR,00-0036555,C.Hubbard,RB,CAR,LA,2,2,41,1,-5,46,1,1,1,0,0.1,-0.032258064516129,0.12741935483871,17,83,0,1,0,0,0,20.4
2025,15,2025_15_CAR_NO,00-0036555,C.Hubbard,RB,CAR,NO,1,1,9,0,-5,14,0,0,0,0,0.05,-0.024390243902439,0.0579268292682927,8,29,0,1,0,0,0,4.8
2025,16,2025_16_TB_CAR,00-0036555,C.Hubbard,RB,CAR,TB,1,1,7,0,4,3,0,0,0,0,0.032258064516129,0.015625,0.0593245967741936,6,27,0,2,0,0,0,4.4
2025,17,2025_17_SEA_CAR,00-0036555,C.Hubbard,RB,CAR,SEA,3,3,6,0,-18,24,0,0,0,0,0.142857142857143,-0.418604651162791,-0.0787375415282392,4,12,0,0,0,0,0,2.8
2025,18,2025_18_CAR_TB,00-0036555,C.Hubbard,RB,CAR,TB,2,2,7,0,2,5,0,0,0,0,0.0666666666666667,0.00790513833992095,0.105533596837945,5,10,0,0,0,0,0,3.7
2025,10,2025_10_BUF_MIA,00-0036613,J.Waddle,WR,MIA,BUF,7,5,84,1,162,6,3,2,2,0,0.333333333333333,0.861702127659575,1.1031914893617,0,0,0,0,0,0,0,19.4
2025,11,2025_11_WAS_MIA,00-0036613,J.Waddle,WR,MIA,WAS,7,3,52,0,96,20,2,1,1,0,0.35,0.711111111111111,1.02277777777778,0,0,0,0,0,0,0,8.2
2025,13,2025_13_NO_MIA,00-0036613,J.Waddle,WR,MIA,NO,6,3,40,0,102,11,2,1,1,0,0.3,0.439655172413793,0.757758620689655,0,0,0,0,0,0,0,7
2025,14,2025_14_MIA_NYJ,00-0036613,J.Waddle,WR,MIA,NYJ,7,5,50,1,56,17,2,1,1,0,0.333333333333333,0.589473684210526,0.912631578947368,1,21,0,1,1,1,0,18.1
2025,15,2025_15_MIA_PIT,00-0036613,J.Waddle,WR,MIA,PIT,4,2,26,0,45,5,2,1,0,0,0.153846153846154,0.263157894736842,0.41497975708502,0,0,0,0,0,0,0,4.6
2025,16,2025_16_CIN_MIA,00-0036613,J.Waddle,WR,MIA,CIN,9,5,72,0,125,25,4,4,1,0,0.310344827586207,0.478927203065134,0.800766283524904,0,0,0,0,0,0,0,12.2
2025,17,2025_17_TB_MIA,00-0036613,J.Waddle,WR,MIA,TB,1,0,0,0,15,0,0,0,0,0,0.0454545454545455,0.076530612244898,0.121753246753247,1,7,0,0,0,0,0,0.7
2025,6,2025_06_LAC_MIA,00-0036620,D.Eskridge,WR,MIA,LAC,1,0,0,0,16,0,0,0,0,0,0.0333333333333333,0.076555023923445,0.103588516746411,0,0,0,0,0,0,0,0
2025,7,2025_07_MIA_CLE,00-0036620,D.Eskridge,WR,MIA,CLE,2,2,45,0,37,8,1,1,1,1,0.0666666666666667,0.160869565217391,0.212608695652174,0,0,0,0,0,0,0,6.5
2025,8,2025_08_MIA_ATL,00-0036620,D.Eskridge,WR,MIA,ATL,0,0,0,0,0,0,0,0,0,0,0,0,0,0,0,0,0,0,0,0,0
2025,9,2025_09_BAL_MIA,00-0036620,D.Eskridge,WR,MIA,BAL,1,0,0,0,5,0,0,0,0,0,0.027027027027027,0.018450184501845,0.0534556696918321,0,0,0,0,0,0,0,0
2025,14,2025_14_MIA_NYJ,00-0036620,D.Eskridge,WR,MIA,NYJ,0,0,0,0,0,0,0,0,0,0,0,0,0,0,0,0,0,0,0,0,0
2025,15,2025_15_MIA_PIT,00-0036620,D.Eskridge,WR,MIA,PIT,0,0,0,0,0,0,0,0,0,0,0,0,0,0,0,0,0,0,0,0,0
2025,16,2025_16_CIN_MIA,00-0036620,D.Eskridge,WR,MIA,CIN,0,0,0,0,0,0,0,0,0,0,0,0,0,0,0,0,0,0,0,0,0
2025,6,2025_06_SEA_JAX,00-0036626,D.Brown,WR,JAX,SEA,5,2,13,0,85,0,0,0,0,0,0.119047619047619,0.265625,0.364508928571429,1,7,0,0,0,0,0,4
2025,7,2025_07_LA_JAX,00-0036626,D.Brown,WR,JAX,LA,4,2,50,0,70,-1,2,1,1,0,0.0851063829787234,0.134099616858238,0.221529306268851,0,0,0,0,0,0,0,7
2025,9,2025_09_JAX_LV,00-0036626,D.Brown,WR,JAX,LV,7,3,25,0,82,7,2,1,0,0,0.212121212121212,0.283737024221453,0.516797735136835,1,4,0,0,0,0,0,5.9
2025,10,2025_10_JAX_HOU,00-0036626,D.Brown,WR,JAX,HOU,1,0,0,0,32,0,0,0,0,0,0.0434782608695652,0.219178082191781,0.218642048838594,0,0,0,0,0,0,0,0
2025,11,2025_11_LAC_JAX,00-0036626,D.Brown,WR,JAX,LAC,1,0,0,0,45,0,0,0,0,0,0.0454545454545455,0.231958762886598,0.230552952202437,0,0,0,0,0,0,0,0
2025,15,2025_15_NYJ_JAX,00-0036626,D.Brown,WR,JAX,NYJ,0,0,0,0,0,0,0,0,0,0,0,0,0,1,4,0,0,0,0,0,-1.6
2025,18,2025_18_TEN_JAX,00-0036626,D.Brown,WR,JAX,TEN,1,1,8,0,8,0,0,0,0,0,0.032258064516129,0.0271186440677966,0.0673701476216512,0,0,0,0,0,0,0,1.8
2025,6,2025_06_LA_BAL,00-0036630,T.Wallace,WR,BAL,LA,0,0,0,0,0,0,0,0,0,0,0,0,0,0,0,0,0,0,0,0,0
2025,8,2025_08_CHI_BAL,00-0036630,T.Wallace,WR,BAL,CHI,1,1,6,0,-1,7,0,0,0,0,0.0454545454545455,-0.00478468899521531,0.0648325358851675,0,0,0,0,0,0,0,1.6
2025,9,2025_09_BAL_MIA,00-0036630,T.Wallace,WR,BAL,MIA,0,0,0,0,0,0,0,0,0,0,0,0,0,0,0,0,0,0,0,0,0
2025,10,2025_10_BAL_MIN,00-0036630,T.Wallace,WR,BAL,MIN,0,0,0,0,0,0,0,0,0,0,0,0,0,0,0,0,0,0,0,0,0
2025,11,2025_11_BAL_CLE,00-0036630,T.Wallace,WR,BAL,CLE,1,0,0,0,26,0,0,0,0,0,0.04,0.130653266331658,0.151457286432161,0,0,0,0,0,0,0,0
2025,12,2025_12_NYJ_BAL,00-0036630,T.Wallace,WR,BAL,NYJ,1,0,0,0,33,0,0,0,0,0,0.05,0.147321428571429,0.178125,0,0,0,0,0,0,0,0
2025,15,2025_15_BAL_CIN,00-0036630,T.Wallace,WR,BAL,CIN,0,0,0,0,0,0,0,0,0,0,0,0,0,0,0,0,0,0,0,0,0
2025,9,2025_09_KC_BUF,00-0036637,N.Gray,TE,KC,BUF,1,0,0,0,26,0,0,0,0,0,0.0344827586206897,0.0527383367139959,0.0886409736308317,0,0,0,0,0,0,0,0
2025,11,2025_11_KC_DEN,00-0036637,N.Gray,TE,KC,DEN,3,2,9,0,14,14,0,0,0,0,0.0697674418604651,0.0432098765432099,0.134898076370945,0,0,0,0,0,0,0,2.9
2025,12,2025_12_IND_KC,00-0036637,N.Gray,TE,KC,IND,4,3,25,0,36,9,1,1,0,0,0.0930232558139535,0.102564102564103,0.211329755515802,0,0,0,0,0,0,0,5.5
2025,14,2025_14_HOU_KC,00-0036637,N.Gray,TE,KC,HOU,3,1,14,0,17,5,1,0,0,0,0.103448275862069,0.0588235294117647,0.196348884381339,0,0,0,0,0,0,0,2.4
2025,16,2025_16_KC_TEN,00-0036637,N.Gray,TE,KC,TEN,0,0,0,0,0,0,0,0,0,0,0,0,0,0,0,0,0,0,0,0,0
2025,17,2025_17_DEN_KC,00-0036637,N.Gray,TE,KC,DEN,1,1,2,0,0,2,0,0,0,0,0.05,0,0.075,0,0,0,0,0,0,0,1.2
2025,18,2025_18_KC_LV,00-0036637,N.Gray,TE,KC,LV,5,3,30,0,25,13,2,0,0,0,0.166666666666667,0.112107623318386,0.32847533632287,0,0,0,0,0,0,0,6
2025,10,2025_10_LV_DEN,00-0036727,A.Prentice,FB,DEN,LV,1,1,13,0,1,12,1,0,0,0,0.037037037037037,0.00404858299595142,0.0583895636527215,0,0,0,0,0,0,0,2.3
2025,11,2025_11_KC_DEN,00-0036727,A.Prentice,FB,DEN,KC,2,1,14,0,10,9,1,0,0,0,0.0555555555555556,0.0313479623824451,0.105276907001045,0,0,0,0,0,0,0,2.4
2025,13,2025_13_DEN_WAS,00-0036727,A.Prentice,FB,DEN,WAS,1,1,11,0,2,9,1,0,0,0,0.0232558139534884,0.0105820105820106,0.04229112833764,1,3,0,0,0,0,0,2.4
2025,14,2025_14_DEN_LV,00-0036727,A.Prentice,FB,DEN,LV,2,2,11,0,2,9,0,0,0,0,0.0555555555555556,0.00925925925925926,0.0898148148148148,2,22,0,1,1,0,0,5.3
2025,15,2025_15_GB_DEN,00-0036727,A.Prentice,FB,DEN,GB,0,0,0,0,0,0,0,0,0,0,0,0,0,1,-1,0,0,0,0,0,-0.1
2025,17,2025_17_DEN_KC,00-0036727,A.Prentice,FB,DEN,KC,0,0,0,0,0,0,0,0,0,0,0,0,0,2,3,0,0,0,0,0,0.3
2025,18,2025_18_LAC_DEN,00-0036727,A.Prentice,FB,DEN,LAC,0,0,0,0,0,0,0,0,0,0,0,0,0,0,0,0,0,0,0,0,0
2025,4,2025_04_NO_BUF,00-0036741,J.Stoll,TE,NO,BUF,1,1,7,0,1,6,0,0,0,0,0.04,0.00806451612903226,0.0656451612903226,0,0,0,0,0,0,0,1.7
2025,7,2025_07_NO_CHI,00-0036741,J.Stoll,TE,NO,CHI,1,0,0,0,4,0,0,0,0,0,0.032258064516129,0.0103626943005181,0.0556409827845562,0,0,0,0,0,0,0,0
2025,8,2025_08_TB_NO,00-0036741,J.Stoll,TE,NO,TB,1,0,0,0,-2,0,0,0,0,0,0.02,-0.00477326968973747,0.0266587112171838,0,0,0,0,0,0,0,0
2025,12,2025_12_ATL_NO,00-0036741,J.Stoll,TE,NO,ATL,1,1,7,0,7,0,0,0,0,0,0.0232558139534884,0.0226537216828479,0.0507413261082261,0,0,0,0,0,0,0,1.7
2025,14,2025_14_NO_TB,00-0036741,J.Stoll,TE,NO,TB,1,0,0,0,-8,0,0,0,0,0,0.05,-0.0506329113924051,0.0395569620253165,0,0,0,0,0,0,0,0
2025,15,2025_15_CAR_NO,00-0036741,J.Stoll,TE,NO,CAR,1,1,7,0,0,7,0,0,0,0,0.032258064516129,0,0.0483870967741936,0,0,0,0,0,0,0,1.7
2025,16,2025_16_NYJ_NO,00-0036741,J.Stoll,TE,NO,NYJ,2,1,4,0,5,0,0,0,0,0,0.0425531914893617,0.0118483412322275,0.0721236260966018,0,0,0,0,0,0,0,1.4
2025,8,2025_08_MIA_ATL,00-0036825,F.Franks,TE,ATL,MIA,0,0,0,0,0,0,0,0,0,0,0,0,0,0,0,0,0,0,0,0,0
2025,9,2025_09_ATL_NE,00-0036825,F.Franks,TE,ATL,NE,0,0,0,0,0,0,0,0,0,0,0,0,0,0,0,0,0,0,0,0,0
2025,10,2025_10_ATL_IND,00-0036825,F.Franks,TE,ATL,IND,0,0,0,0,0,0,0,0,0,0,0,0,0,0,0,0,0,0,0,0,0
2025,11,2025_11_CAR_ATL,00-0036825,F.Franks,TE,ATL,CAR,0,0,0,0,0,0,0,0,0,0,0,0,0,0,0,0,0,0,0,0,0
2025,12,2025_12_ATL_NO,00-0036825,F.Franks,TE,ATL,NO,0,0,0,0,0,0,0,0,0,0,0,0,0,1,2,0,0,0,0,0,0.2
2025,14,2025_14_SEA_ATL,00-0036825,F.Franks,TE,ATL,SEA,0,0,0,0,0,0,0,0,0,0,0,0,0,0,0,0,0,0,0,0,0
2025,18,2025_18_NO_ATL,00-0036825,F.Franks,TE,ATL,NO,0,0,0,0,0,0,0,0,0,0,0,0,0,0,0,0,0,0,0,0,0
2025,10,2025_10_CLE_NYJ,00-0036842,K.Nwangwu,RB,NYJ,CLE,0,0,0,0,0,0,0,0,0,0,0,0,0,0,0,0,0,0,0,0,6
2025,11,2025_11_NYJ_NE,00-0036842,K.Nwangwu,RB,NYJ,NE,0,0,0,0,0,0,0,0,0,0,0,0,0,0,0,0,0,0,0,0,0
2025,12,2025_12_NYJ_BAL,00-0036842,K.Nwangwu,RB,NYJ,BAL,0,0,0,0,0,0,0,0,0,0,0,0,0,0,0,0,0,0,0,0,0
2025,14,2025_14_MIA_NYJ,00-0036842,K.Nwangwu,RB,NYJ,MIA,0,0,0,0,0,0,0,0,0,0,0,0,0,0,0,0,0,0,0,0,0
2025,16,2025_16_NYJ_NO,00-0036842,K.Nwangwu,RB,NYJ,NO,0,0,0,0,0,0,0,0,0,0,0,0,0,0,0,0,0,0,0,0,0
2025,17,2025_17_NE_NYJ,00-0036842,K.Nwangwu,RB,NYJ,NE,0,0,0,0,0,0,0,0,0,0,0,0,0,6,31,0,1,1,0,0,3.1
2025,18,2025_18_NYJ_BUF,00-0036842,K.Nwangwu,RB,NYJ,BUF,1,0,0,0,-6,0,0,0,0,0,0.0454545454545455,-0.0821917808219178,0.0106475716064757,7,18,0,0,0,0,0,1.8
2025,2,2025_02_LA_TEN,00-0036849,T.Atwell,WR,LA,TEN,1,0,0,0,11,0,0,0,0,0,0.03125,0.0419847328244275,0.0762643129770992,0,0,0,0,0,0,0,0
2025,3,2025_03_LA_PHI,00-0036849,T.Atwell,WR,LA,PHI,1,0,0,0,3,0,0,0,0,0,0.0303030303030303,0.0111940298507463,0.0532903663500678,0,0,0,0,0,0,0,0
2025,4,2025_04_IND_LA,00-0036849,T.Atwell,WR,LA,IND,2,1,88,1,42,60,1,1,1,1,0.05,0.12280701754386,0.160964912280702,0,0,0,0,0,0,0,15.8
2025,5,2025_05_SF_LA,00-0036849,T.Atwell,WR,LA,SF,4,2,72,0,117,1,2,2,2,0,0.0869565217391304,0.221590909090909,0.285548418972332,0,0,0,0,0,0,0,9.2
2025,15,2025_15_DET_LA,00-0036849,T.Atwell,WR,LA,DET,2,1,9,0,19,0,0,0,0,0,0.0526315789473684,0.0403397027600849,0.107185160353112,0,0,0,0,0,0,0,1.9
2025,17,2025_17_LA_ATL,00-0036849,T.Atwell,WR,LA,ATL,1,0,0,0,51,0,0,0,0,0,0.0277777777777778,0.0994152046783626,0.11125730994152,0,0,0,0,0,0,0,0
2025,18,2025_18_ARI_LA,00-0036849,T.Atwell,WR,LA,ARI,3,1,19,0,55,6,1,1,0,0,0.0810810810810811,0.153203342618384,0.228863961454491,0,0,0,0,0,0,0,2.9
2025,11,2025_11_CIN_PIT,00-0036862,B.Skowronek,WR,PIT,CIN,0,0,0,0,0,0,0,0,0,0,0,0,0,0,0,0,0,0,0,0,0
2025,12,2025_12_PIT_CHI,00-0036862,B.Skowronek,WR,PIT,CHI,1,1,21,0,18,3,1,1,1,0,0.032258064516129,0.0918367346938776,0.112672811059908,0,0,0,0,0,0,0,3.1
2025,13,2025_13_BUF_PIT,00-0036862,B.Skowronek,WR,PIT,BUF,1,0,0,0,4,0,0,0,0,0,0.0454545454545455,0.0330578512396694,0.0913223140495868,0,0,0,0,0,0,0,0
2025,14,2025_14_PIT_BAL,00-0036862,B.Skowronek,WR,PIT,BAL,1,1,13,0,13,0,1,0,0,0,0.0303030303030303,0.0613207547169811,0.0883790737564322,0,0,0,0,0,0,0,2.3
2025,15,2025_15_MIA_PIT,00-0036862,B.Skowronek,WR,PIT,MIA,0,0,0,0,0,0,0,0,0,0,0,0,0,0,0,0,0,0,0,0,0
2025,16,2025_16_PIT_DET,00-0036862,B.Skowronek,WR,PIT,DET,0,0,0,0,0,0,0,0,0,0,0,0,0,0,0,0,0,0,0,0,0
2025,18,2025_18_BAL_PIT,00-0036862,B.Skowronek,WR,PIT,BAL,0,0,0,0,0,0,0,0,0,0,0,0,0,0,0,0,0,0,0,0,0
2025,8,2025_08_CLE_NE,00-0036875,R.Stevenson,RB,NE,CLE,2,1,15,0,43,3,1,0,0,0,0.0869565217391304,0.155234657039711,0.239099042536494,14,34,0,0,0,0,0,5.9
2025,12,2025_12_NE_CIN,00-0036875,R.Stevenson,RB,NE,CIN,2,1,5,0,14,7,0,0,0,0,0.0606060606060606,0.0471380471380471,0.123905723905724,6,5,0,0,0,0,0,2
2025,13,2025_13_NYG_NE,00-0036875,R.Stevenson,RB,NE,NYG,3,3,40,0,2,38,1,1,1,0,0.1,0.00816326530612245,0.155714285714286,12,40,0,0,0,0,0,11
2025,15,2025_15_BUF_NE,00-0036875,R.Stevenson,RB,NE,BUF,3,3,27,0,3,24,1,1,0,0,0.136363636363636,0.0122950819672131,0.213152011922504,6,50,0,2,1,0,0,10.7
2025,16,2025_16_NE_BAL,00-0036875,R.Stevenson,RB,NE,BAL,3,2,27,0,22,27,1,1,1,0,0.0714285714285714,0.0464135021097046,0.13963230861965,8,51,1,2,1,1,0,17.8
2025,17,2025_17_NE_NYJ,00-0036875,R.Stevenson,RB,NE,NYJ,5,5,55,1,30,25,2,2,1,0,0.2,0.136363636363636,0.395454545454546,8,47,1,2,1,1,0,27.2
2025,18,2025_18_MIA_NE,00-0036875,R.Stevenson,RB,NE,MIA,2,2,22,1,7,15,1,0,0,0,0.1,0.0272373540856031,0.169066147859922,7,131,2,3,3,3,1,35.3
2025,10,2025_10_PHI_GB,00-0036876,K.Granson,TE,PHI,GB,0,0,0,0,0,0,0,0,0,0,0,0,0,0,0,0,0,0,0,0,0
2025,11,2025_11_DET_PHI,00-0036876,K.Granson,TE,PHI,DET,2,1,4,0,34,1,0,0,0,0,0.0740740740740741,0.0939226519337017,0.176856967464702,0,0,0,0,0,0,0,1.4
2025,14,2025_14_PHI_LAC,00-0036876,K.Granson,TE,PHI,LAC,0,0,0,0,0,0,0,0,0,0,0,0,0,0,0,0,0,0,0,0,0
2025,15,2025_15_LV_PHI,00-0036876,K.Granson,TE,PHI,LV,0,0,0,0,0,0,0,0,0,0,0,0,0,0,0,0,0,0,0,0,0
2025,16,2025_16_PHI_WAS,00-0036876,K.Granson,TE,PHI,WAS,0,0,0,0,0,0,0,0,0,0,0,0,0,0,0,0,0,0,0,0,0
2025,17,2025_17_PHI_BUF,00-0036876,K.Granson,TE,PHI,BUF,0,0,0,0,0,0,0,0,0,0,0,0,0,0,0,0,0,0,0,0,0
2025,18,2025_18_WAS_PHI,00-0036876,K.Granson,TE,PHI,WAS,5,4,30,0,31,9,1,0,0,0,0.147058823529412,0.0809399477806789,0.277246198740593,0,0,0,0,0,0,0,7
2025,8,2025_08_SF_HOU,00-0036887,L.Farrell,TE,SF,HOU,0,0,0,0,0,0,0,0,0,0,0,0,0,0,0,0,0,0,0,0,0
2025,9,2025_09_SF_NYG,00-0036887,L.Farrell,TE,SF,NYG,1,1,9,0,7,2,0,0,0,0,0.0434782608695652,0.04375,0.0958423913043478,0,0,0,0,0,0,0,1.9
2025,10,2025_10_LA_SF,00-0036887,L.Farrell,TE,SF,LA,2,2,15,1,5,10,0,0,0,0,0.0512820512820513,0.0177304964539007,0.0893344244408074,0,0,0,0,0,0,0,9.5
2025,11,2025_11_SF_ARI,00-0036887,L.Farrell,TE,SF,ARI,0,0,0,0,0,0,0,0,0,0,0,0,0,0,0,0,0,0,0,0,0
2025,12,2025_12_CAR_SF,00-0036887,L.Farrell,TE,SF,CAR,1,1,3,0,3,0,0,0,0,0,0.03125,0.0153846153846154,0.0576442307692308,0,0,0,0,0,0,0,1.3
2025,13,2025_13_SF_CLE,00-0036887,L.Farrell,TE,SF,CLE,1,0,0,0,2,0,0,0,0,0,0.0434782608695652,0.0075187969924812,0.0704805491990847,0,0,0,0,0,0,0,0
2025,16,2025_16_SF_IND,00-0036887,L.Farrell,TE,SF,IND,0,0,0,0,0,0,0,0,0,0,0,0,0,0,0,0,0,0,0,0,0
2025,1,2025_01_KC_LAC,00-0036893,N.Harris,RB,LAC,KC,1,1,5,0,5,0,0,0,0,0,0.0294117647058824,0.0146198830409357,0.0543515651874785,1,5,0,0,0,0,0,2
2025,2,2025_02_LAC_LV,00-0036893,N.Harris,RB,LAC,LV,2,2,20,0,5,15,1,0,0,0,0.0740740740740741,0.0204918032786885,0.125455373406193,8,28,0,0,0,0,0,6.8
2025,3,2025_03_DEN_LAC,00-0036893,N.Harris,RB,LAC,DEN,0,0,0,0,0,0,0,0,0,0,0,0,0,6,28,0,0,0,0,0,2.8
2025,11,2025_11_CIN_PIT,00-0036894,P.Freiermuth,TE,PIT,CIN,1,1,19,0,1,18,1,1,0,0,0.0344827586206897,0.0075187969924812,0.0569872958257713,0,0,0,0,0,0,0,2.9
2025,12,2025_12_PIT_CHI,00-0036894,P.Freiermuth,TE,PIT,CHI,3,3,19,1,9,10,1,0,0,0,0.0967741935483871,0.0459183673469388,0.177304147465438,0,0,0,0,0,0,0,10.9
2025,14,2025_14_PIT_BAL,00-0036894,P.Freiermuth,TE,PIT,BAL,3,2,9,0,6,8,0,0,0,0,0.0909090909090909,0.0283018867924528,0.156174957118353,0,0,0,0,0,0,0,2.9
2025,15,2025_15_MIA_PIT,00-0036894,P.Freiermuth,TE,PIT,MIA,5,3,45,0,45,35,2,2,1,0,0.185185185185185,0.489130434782609,0.620169082125604,0,0,0,0,0,0,0,7.5
2025,16,2025_16_PIT_DET,00-0036894,P.Freiermuth,TE,PIT,DET,4,4,20,0,5,15,1,0,0,0,0.105263157894737,0.0149253731343284,0.168342498036135,0,0,0,0,0,0,0,6
2025,17,2025_17_PIT_CLE,00-0036894,P.Freiermuth,TE,PIT,CLE,5,3,63,0,43,21,3,2,2,0,0.135135135135135,0.18859649122807,0.334720246562352,0,0,0,0,0,0,0,9.3
2025,18,2025_18_BAL_PIT,00-0036894,P.Freiermuth,TE,PIT,BAL,5,3,51,0,44,25,2,1,1,0,0.113636363636364,0.135384615384615,0.265223776223776,0,0,0,0,0,0,0,8.1
2025,11,2025_11_CIN_PIT,00-0036900,J.Chase,WR,CIN,PIT,10,3,30,0,116,17,1,1,0,0,0.256410256410256,0.407017543859649,0.669527665317139,0,0,0,0,0,0,0,6
2025,13,2025_13_CIN_BAL,00-0036900,J.Chase,WR,CIN,BAL,14,7,110,0,171,9,5,1,1,1,0.318181818181818,0.45,0.792272727272727,0,0,0,0,0,0,0,18
2025,14,2025_14_CIN_BUF,00-0036900,J.Chase,WR,CIN,BUF,8,5,44,0,19,30,2,1,0,0,0.222222222222222,0.0577507598784195,0.373758865248227,1,8,0,0,0,0,0,10.2
2025,15,2025_15_BAL_CIN,00-0036900,J.Chase,WR,CIN,BAL,16,10,132,0,157,57,5,3,2,0,0.444444444444444,0.552816901408451,1.05363849765258,0,0,0,0,0,0,0,23.2
2025,16,2025_16_CIN_MIA,00-0036900,J.Chase,WR,CIN,MIA,11,9,109,0,85,32,5,2,2,0,0.354838709677419,0.456989247311828,0.852150537634408,0,0,0,0,0,0,0,19.9
2025,17,2025_17_ARI_CIN,00-0036900,J.Chase,WR,CIN,ARI,9,7,60,2,47,41,3,1,1,0,0.272727272727273,0.175373134328358,0.53185210312076,0,0,0,0,0,0,0,25
2025,18,2025_18_CLE_CIN,00-0036900,J.Chase,WR,CIN,CLE,10,8,96,1,86,50,6,2,2,0,0.263157894736842,0.44559585492228,0.706653940550859,0,0,0,0,0,0,0,23.6
2025,12,2025_12_PHI_DAL,00-0036912,D.Smith,WR,PHI,DAL,11,6,89,0,169,18,4,2,1,1,0.305555555555556,0.57679180887372,0.862087599544937,0,0,0,0,0,0,0,14.9
2025,13,2025_13_CHI_PHI,00-0036912,D.Smith,WR,PHI,CHI,8,5,48,0,72,19,2,1,1,0,0.266666666666667,0.215568862275449,0.550898203592814,0,0,0,0,0,0,0,9.8
2025,14,2025_14_PHI_LAC,00-0036912,D.Smith,WR,PHI,LAC,8,4,37,0,69,22,1,1,1,0,0.210526315789474,0.169117647058824,0.434171826625387,0,0,0,0,0,0,0,7.7
2025,15,2025_15_LV_PHI,00-0036912,D.Smith,WR,PHI,LV,2,2,50,0,43,7,1,1,1,1,0.111111111111111,0.325757575757576,0.39469696969697,0,0,0,0,0,0,0,7
2025,16,2025_16_PHI_WAS,00-0036912,D.Smith,WR,PHI,WAS,8,6,42,1,65,17,1,1,0,0,0.275862068965517,0.323383084577114,0.640161262652256,0,0,0,0,0,0,0,16.2
2025,17,2025_17_PHI_BUF,00-0036912,D.Smith,WR,PHI,BUF,5,2,25,0,76,12,2,0,0,0,0.227272727272727,0.294573643410853,0.547110641296688,0,0,0,0,0,0,0,4.5
2025,18,2025_18_WAS_PHI,00-0036912,D.Smith,WR,PHI,WAS,4,3,52,0,62,5,2,2,1,0,0.117647058823529,0.161879895561358,0.289786515128244,0,0,0,0,0,0,0,8.2
2025,12,2025_12_PIT_CHI,00-0036919,K.Gainwell,RB,PIT,CHI,6,6,30,0,-9,39,1,0,0,0,0.193548387096774,-0.0459183673469388,0.258179723502304,10,92,0,1,1,1,1,18.2
2025,13,2025_13_BUF_PIT,00-0036919,K.Gainwell,RB,PIT,BUF,3,2,25,0,-11,30,1,1,0,0,0.136363636363636,-0.0909090909090909,0.140909090909091,5,20,0,1,0,0,0,6.5
2025,14,2025_14_PIT_BAL,00-0036919,K.Gainwell,RB,PIT,BAL,7,6,27,0,-1,38,0,0,0,0,0.212121212121212,-0.00471698113207547,0.314879931389365,4,15,1,0,0,0,0,16.2
2025,15,2025_15_MIA_PIT,00-0036919,K.Gainwell,RB,PIT,MIA,7,7,46,0,-1,47,2,0,0,0,0.259259259259259,-0.0108695652173913,0.381280193236715,13,80,0,1,1,1,0,19.6
2025,16,2025_16_PIT_DET,00-0036919,K.Gainwell,RB,PIT,DET,7,5,78,1,46,32,2,2,1,1,0.184210526315789,0.137313432835821,0.372435192458759,9,50,0,2,1,0,0,23.8
2025,17,2025_17_PIT_CLE,00-0036919,K.Gainwell,RB,PIT,CLE,4,3,12,0,-11,19,1,0,0,0,0.108108108108108,-0.0482456140350877,0.128390232337601,7,26,0,1,1,0,0,6.8
2025,18,2025_18_BAL_PIT,00-0036919,K.Gainwell,RB,PIT,BAL,9,8,64,0,-2,68,3,0,0,0,0.204545454545455,-0.00615384615384615,0.30251048951049,5,10,1,0,0,0,0,21.4
2025,4,2025_04_NYJ_MIA,00-0036945,J.Fields,QB,NYJ,MIA,0,0,0,0,0,0,0,0,0,0,0,0,0,7,81,1,2,2,1,1,27.14
2025,5,2025_05_DAL_NYJ,00-0036945,J.Fields,QB,NYJ,DAL,0,0,0,0,0,0,0,0,0,0,0,0,0,7,26,0,1,0,0,0,25.92
2025,6,2025_06_DEN_NYJ,00-0036945,J.Fields,QB,NYJ,DEN,0,0,0,0,0,0,0,0,0,0,0,0,0,7,31,0,0,0,0,0,4.9
2025,7,2025_07_CAR_NYJ,00-0036945,J.Fields,QB,NYJ,CAR,0,0,0,0,0,0,0,0,0,0,0,0,0,4,22,0,0,0,0,0,4.04
2025,8,2025_08_NYJ_CIN,00-0036945,J.Fields,QB,NYJ,CIN,0,0,0,0,0,0,0,0,0,0,0,0,0,11,31,0,0,0,0,0,20.86
2025,10,2025_10_CLE_NYJ,00-0036945,J.Fields,QB,NYJ,CLE,0,0,0,0,0,0,0,0,0,0,0,0,0,7,28,0,1,1,0,0,6.96
2025,11,2025_11_NYJ_NE,00-0036945,J.Fields,QB,NYJ,NE,1,0,0,0,6,0,0,0,0,0,0.0384615384615385,0.028436018957346,0.0775975209624499,11,67,1,3,2,0,0,19.34
2025,12,2025_12_NYG_DET,00-0036963,A.St. Brown,WR,DET,NYG,13,9,149,1,155,53,6,5,3,0,0.342105263157895,0.701357466063348,1.00410812098119,0,0,0,0,0,0,0,29.9
2025,13,2025_13_GB_DET,00-0036963,A.St. Brown,WR,DET,GB,1,0,0,0,-3,0,0,0,0,0,0.037037037037037,-0.0176470588235294,0.043202614379085,0,0,0,0,0,0,0,0
2025,14,2025_14_DAL_DET,00-0036963,A.St. Brown,WR,DET,DAL,9,6,92,0,62,52,2,2,2,0,0.290322580645161,0.270742358078603,0.625003521622764,0,0,0,0,0,0,0,15.2
2025,15,2025_15_DET_LA,00-0036963,A.St. Brown,WR,DET,LA,18,13,164,2,134,60,6,2,1,1,0.473684210526316,0.386167146974063,0.980843318671318,0,0,0,0,0,0,0,41.4
2025,16,2025_16_PIT_DET,00-0036963,A.St. Brown,WR,DET,PIT,9,4,54,0,30,46,2,2,2,0,0.173076923076923,0.0952380952380952,0.326282051282051,0,0,0,0,0,0,0,9.4
2025,17,2025_17_DET_MIN,00-0036963,A.St. Brown,WR,DET,MIN,13,8,68,0,92,16,4,1,1,0,0.448275862068966,0.462311557788945,0.99603188355571,0,0,0,0,0,0,0,14.8
2025,18,2025_18_DET_CHI,00-0036963,A.St. Brown,WR,DET,CHI,15,11,139,0,145,45,7,3,2,0,0.416666666666667,0.58,1.031,0,0,0,0,0,0,0,24.9
2025,12,2025_12_ATL_NO,00-0036970,K.Pitts,TE,ATL,NO,5,2,25,0,60,6,1,1,1,0,0.25,0.355029585798817,0.623520710059172,0,0,0,0,0,0,0,4.5
2025,13,2025_13_ATL_NYJ,00-0036970,K.Pitts,TE,ATL,NYJ,8,7,82,0,35,60,5,1,1,0,0.258064516129032,0.227272727272727,0.546187683284457,0,0,0,0,0,0,0,15.2
2025,14,2025_14_SEA_ATL,00-0036970,K.Pitts,TE,ATL,SEA,10,6,90,0,104,32,3,3,3,0,0.357142857142857,0.509803921568627,0.892577030812325,0,0,0,0,0,0,0,15
2025,15,2025_15_ATL_TB,00-0036970,K.Pitts,TE,ATL,TB,12,11,166,3,86,81,8,4,2,0,0.292682926829268,0.255192878338279,0.617659405080698,0,0,0,0,0,0,0,45.6
2025,16,2025_16_ATL_ARI,00-0036970,K.Pitts,TE,ATL,ARI,9,7,57,1,75,17,3,0,0,0,0.264705882352941,0.380710659898477,0.663556285458346,0,0,0,0,0,0,0,18.7
2025,17,2025_17_LA_ATL,00-0036970,K.Pitts,TE,ATL,LA,3,2,16,0,30,3,1,0,0,0,0.15,0.179640718562874,0.350748502994012,0,0,0,0,0,0,0,3.6
2025,18,2025_18_NO_ATL,00-0036970,K.Pitts,TE,ATL,NO,9,6,58,0,39,24,2,0,0,0,0.3,0.176470588235294,0.573529411764706,0,0,0,0,0,0,0,11.8
2025,12,2025_12_JAX_ARI,00-0036971,T.Lawrence,QB,JAX,ARI,0,0,0,0,0,0,0,0,0,0,0,0,0,5,29,0,1,1,0,0,17.14
2025,13,2025_13_JAX_TEN,00-0036971,T.Lawrence,QB,JAX,TEN,0,0,0,0,0,0,0,0,0,0,0,0,0,3,25,0,1,1,0,0,21.66
2025,14,2025_14_IND_JAX,00-0036971,T.Lawrence,QB,JAX,IND,0,0,0,0,0,0,0,0,0,0,0,0,0,4,16,0,0,0,0,0,19.36
2025,15,2025_15_NYJ_JAX,00-0036971,T.Lawrence,QB,JAX,NYJ,0,0,0,0,0,0,0,0,0,0,0,0,0,5,51,1,2,2,1,0,44.3
2025,16,2025_16_JAX_DEN,00-0036971,T.Lawrence,QB,JAX,DEN,0,0,0,0,0,0,0,0,0,0,0,0,0,6,20,1,1,0,0,0,31.16
2025,17,2025_17_JAX_IND,00-0036971,T.Lawrence,QB,JAX,IND,0,0,0,0,0,0,0,0,0,0,0,0,0,8,26,2,1,0,0,0,23.12
2025,18,2025_18_TEN_JAX,00-0036971,T.Lawrence,QB,JAX,TEN,0,0,0,0,0,0,0,0,0,0,0,0,0,2,11,0,1,0,0,0,23.3
2025,12,2025_12_JAX_ARI,00-0036973,T.Etienne,RB,JAX,ARI,4,3,30,1,2,31,1,0,0,0,0.133333333333333,0.00738007380073801,0.205166051660517,15,86,0,1,1,1,1,20.6
2025,13,2025_13_JAX_TEN,00-0036973,T.Etienne,RB,JAX,TEN,1,1,13,0,-4,17,1,0,0,0,0.04,-0.0148148148148148,0.0496296296296296,12,28,0,0,0,0,0,5.1
2025,14,2025_14_IND_JAX,00-0036973,T.Etienne,RB,JAX,IND,1,1,8,0,-5,13,0,0,0,0,0.032258064516129,-0.015015015015015,0.037876586263683,20,74,2,2,1,1,0,21.2
2025,15,2025_15_NYJ_JAX,00-0036973,T.Etienne,RB,JAX,NYJ,4,3,73,3,18,55,2,2,2,1,0.142857142857143,0.0520231213872832,0.250701899256813,12,32,0,0,0,0,0,31.5
2025,16,2025_16_JAX_DEN,00-0036973,T.Etienne,RB,JAX,DEN,5,4,16,1,-12,28,1,0,0,0,0.142857142857143,-0.0427046263345196,0.184392475851551,16,50,0,2,1,1,0,16.6
2025,17,2025_17_JAX_IND,00-0036973,T.Etienne,RB,JAX,IND,3,2,16,0,-8,16,1,0,0,0,0.0810810810810811,-0.0220994475138122,0.106152008361953,17,76,0,3,2,0,0,11.2
2025,18,2025_18_TEN_JAX,00-0036973,T.Etienne,RB,JAX,TEN,1,1,6,0,1,5,0,0,0,0,0.032258064516129,0.00338983050847458,0.0507599781301258,14,32,0,1,0,0,0,4.8
2025,3,2025_03_MIA_BUF,00-0036980,E.Moore,WR,BUF,MIA,3,2,30,0,7,29,1,1,1,0,0.111111111111111,0.0630630630630631,0.210810810810811,1,11,0,1,0,0,0,6.1
2025,4,2025_04_NO_BUF,00-0036980,E.Moore,WR,BUF,NO,0,0,0,0,0,0,0,0,0,0,0,0,0,1,0,0,0,0,0,0,0
2025,6,2025_06_BUF_ATL,00-0036980,E.Moore,WR,BUF,ATL,2,0,0,0,29,0,0,0,0,0,0.0769230769230769,0.101045296167247,0.186116322701689,0,0,0,0,0,0,0,0
2025,8,2025_08_BUF_CAR,00-0036980,E.Moore,WR,BUF,CAR,4,1,14,0,41,0,1,0,0,0,0.173913043478261,0.27891156462585,0.456107660455487,0,0,0,0,0,0,0,2.4
2025,9,2025_09_KC_BUF,00-0036980,E.Moore,WR,BUF,KC,1,1,28,0,25,3,1,1,1,0,0.04,0.18796992481203,0.191578947368421,0,0,0,0,0,0,0,3.8
2025,10,2025_10_BUF_MIA,00-0036980,E.Moore,WR,BUF,MIA,2,2,9,0,2,7,0,0,0,0,0.0512820512820513,0.00495049504950495,0.0803884234577304,1,-1,0,0,0,0,0,2.8
2025,12,2025_12_BUF_HOU,00-0036980,E.Moore,WR,BUF,HOU,3,1,-3,0,23,0,0,0,0,0,0.09375,0.142857142857143,0.240625,0,0,0,0,0,0,0,0.7
2025,6,2025_06_BUF_ATL,00-0036988,J.Palmer,WR,BUF,ATL,2,2,60,0,55,5,2,1,1,1,0.0769230769230769,0.191637630662021,0.24953095684803,0,0,0,0,0,0,0,8
2025,11,2025_11_TB_BUF,00-0036988,J.Palmer,WR,BUF,TB,5,2,17,0,46,5,1,0,0,0,0.166666666666667,0.132947976878613,0.343063583815029,0,0,0,0,0,0,0,3.7
2025,12,2025_12_BUF_HOU,00-0036988,J.Palmer,WR,BUF,HOU,4,2,21,0,50,-1,2,0,0,0,0.125,0.31055900621118,0.404891304347826,0,0,0,0,0,0,0,4.1
2025,15,2025_15_BUF_NE,00-0036988,J.Palmer,WR,BUF,NE,2,1,16,0,26,0,1,1,0,0,0.0769230769230769,0.0962962962962963,0.182792022792023,0,0,0,0,0,0,0,2.6
2025,16,2025_16_BUF_CLE,00-0036988,J.Palmer,WR,BUF,CLE,1,1,2,0,-4,6,0,0,0,0,0.0555555555555556,-0.0330578512396694,0.0601928374655647,0,0,0,0,0,0,0,1.2
2025,17,2025_17_PHI_BUF,00-0036988,J.Palmer,WR,BUF,PHI,2,1,12,0,21,1,1,0,0,0,0.0606060606060606,0.0836653386454183,0.149474827960884,0,0,0,0,0,0,0,2.2
2025,18,2025_18_NYJ_BUF,00-0036988,J.Palmer,WR,BUF,NYJ,3,1,1,0,5,2,0,0,0,0,0.107142857142857,0.0251256281407035,0.178302225412778,0,0,0,0,0,0,0,1.1
2025,11,2025_11_DAL_LV,00-0036997,J.Williams,RB,DAL,LV,1,1,0,0,-4,4,0,0,0,0,0.03125,-0.0172413793103448,0.0348060344827586,22,93,0,3,2,0,0,10.3
2025,12,2025_12_PHI_DAL,00-0036997,J.Williams,RB,DAL,PHI,3,2,14,0,0,17,1,0,0,0,0.0857142857142857,0,0.128571428571429,20,87,0,2,2,1,0,12.1
2025,13,2025_13_KC_DAL,00-0036997,J.Williams,RB,DAL,KC,3,3,21,1,-10,31,1,0,0,0,0.0810810810810811,-0.0389105058365759,0.0943842675360185,17,59,0,1,0,0,0,17
2025,14,2025_14_DAL_DET,00-0036997,J.Williams,RB,DAL,DET,4,2,0,0,-4,10,0,0,0,0,0.0851063829787234,-0.00804828973843059,0.122025771651184,17,67,1,2,0,0,0,14.7
2025,15,2025_15_MIN_DAL,00-0036997,J.Williams,RB,DAL,MIN,0,0,0,0,0,0,0,0,0,0,0,0,0,15,91,1,4,3,1,0,15.1
2025,16,2025_16_LAC_DAL,00-0036997,J.Williams,RB,DAL,LAC,3,2,9,0,-6,15,0,0,0,0,0.09375,-0.0192307692307692,0.127163461538462,9,34,0,0,0,0,0,6.3
2025,17,2025_17_DAL_WAS,00-0036997,J.Williams,RB,DAL,WAS,2,0,0,0,1,0,0,0,0,0,0.0555555555555556,0.00261780104712042,0.0851657940663176,13,54,1,0,0,0,0,11.4
2025,1,2025_01_CAR_JAX,00-0037004,H.Long,TE,JAX,CAR,1,1,6,1,6,0,0,0,0,0,0.0344827586206897,0.0269058295964126,0.0705582186485233,0,0,0,0,0,0,0,7.6
2025,3,2025_03_HOU_JAX,00-0037004,H.Long,TE,JAX,HOU,3,2,12,0,9,6,0,0,0,0,0.0789473684210526,0.0285714285714286,0.138421052631579,0,0,0,0,0,0,0,3.2
2025,4,2025_04_JAX_SF,00-0037004,H.Long,TE,JAX,SF,3,3,23,1,15,8,1,0,0,0,0.1,0.076530612244898,0.203571428571429,0,0,0,0,0,0,0,11.3
2025,5,2025_05_KC_JAX,00-0037004,H.Long,TE,JAX,KC,1,1,3,0,3,0,0,0,0,0,0.04,0.0143540669856459,0.0700478468899522,0,0,0,0,0,0,0,1.3
2025,6,2025_06_SEA_JAX,00-0037004,H.Long,TE,JAX,SEA,3,2,19,0,16,8,1,0,0,0,0.0714285714285714,0.05,0.142142857142857,0,0,0,0,0,0,0,3.9
2025,7,2025_07_LA_JAX,00-0037004,H.Long,TE,JAX,LA,3,2,16,0,4,8,0,0,0,0,0.0638297872340426,0.00766283524904215,0.101108665525393,0,0,0,0,0,0,0,3.6
2025,9,2025_09_JAX_LV,00-0037004,H.Long,TE,JAX,LV,3,1,6,0,13,1,0,0,0,0,0.0909090909090909,0.0449826989619377,0.167851525636993,0,0,0,0,0,0,0,1.6
2025,9,2025_09_CAR_GB,00-0037005,T.Tremble,TE,CAR,GB,1,0,0,0,9,0,0,0,0,0,0.0526315789473684,0.072,0.129347368421053,0,0,0,0,0,0,0,0
2025,11,2025_11_CAR_ATL,00-0037005,T.Tremble,TE,CAR,ATL,2,1,54,0,2,50,1,1,1,1,0.0454545454545455,0.00719424460431655,0.0732177894048398,0,0,0,0,0,0,0,6.4
2025,13,2025_13_LA_CAR,00-0037005,T.Tremble,TE,CAR,LA,2,1,2,0,5,1,0,0,0,0,0.1,0.032258064516129,0.17258064516129,0,0,0,0,0,0,0,1.2
2025,15,2025_15_CAR_NO,00-0037005,T.Tremble,TE,CAR,NO,4,2,13,0,35,10,0,0,0,0,0.2,0.170731707317073,0.419512195121951,0,0,0,0,0,0,0,3.3
2025,16,2025_16_TB_CAR,00-0037005,T.Tremble,TE,CAR,TB,1,1,6,0,0,6,0,0,0,0,0.032258064516129,0,0.0483870967741936,0,0,0,0,0,0,0,1.6
2025,17,2025_17_SEA_CAR,00-0037005,T.Tremble,TE,CAR,SEA,1,1,6,0,5,1,0,0,0,0,0.0476190476190476,0.116279069767442,0.152823920265781,0,0,0,0,0,0,0,1.6
2025,18,2025_18_CAR_TB,00-0037005,T.Tremble,TE,CAR,TB,4,3,38,1,23,16,2,1,0,0,0.133333333333333,0.0909090909090909,0.263636363636364,0,0,0,0,0,0,0,12.8
2025,1,2025_01_MIA_IND,00-0037013,Z.Wilson,QB,MIA,IND,0,0,0,0,0,0,0,0,0,0,0,0,0,1,3,0,0,0,0,0,1.58
2025,8,2025_08_MIA_ATL,00-0037013,Z.Wilson,QB,MIA,ATL,0,0,0,0,0,0,0,0,0,0,0,0,0,0,0,0,0,0,0,0,0
2025,14,2025_14_MIA_NYJ,00-0037013,Z.Wilson,QB,MIA,NYJ,0,0,0,0,0,0,0,0,0,0,0,0,0,2,-2,0,0,0,0,0,-0.2
2025,18,2025_18_MIA_NE,00-0037013,Z.Wilson,QB,MIA,NE,0,0,0,0,0,0,0,0,0,0,0,0,0,0,0,0,0,0,0,0,0
2025,11,2025_11_KC_DEN,00-0037085,T.Badie,RB,DEN,KC,1,1,0,0,-5,5,0,0,0,0,0.0277777777777778,-0.0156739811912226,0.0306948798328109,0,0,0,0,0,0,0,1
2025,13,2025_13_DEN_WAS,00-0037085,T.Badie,RB,DEN,WAS,5,3,18,0,-11,25,1,0,0,0,0.116279069767442,-0.0582010582010582,0.133677863910422,0,0,0,0,0,0,0,4.8
2025,14,2025_14_DEN_LV,00-0037085,T.Badie,RB,DEN,LV,1,1,5,0,-4,9,0,0,0,0,0.0277777777777778,-0.0185185185185185,0.0287037037037037,4,16,0,0,0,0,0,3.1
2025,15,2025_15_GB_DEN,00-0037085,T.Badie,RB,DEN,GB,1,1,1,0,-7,8,0,0,0,0,0.03125,-0.021671826625387,0.0317047213622291,0,0,0,0,0,0,0,1.1
2025,16,2025_16_JAX_DEN,00-0037085,T.Badie,RB,DEN,JAX,3,1,2,0,-1,5,0,0,0,0,0.0652173913043478,-0.0022271714922049,0.0962670669119783,0,0,0,0,0,0,0,1.2
2025,17,2025_17_DEN_KC,00-0037085,T.Badie,RB,DEN,KC,0,0,0,0,0,0,0,0,0,0,0,0,0,0,0,0,0,0,0,0,0
2025,18,2025_18_LAC_DEN,00-0037085,T.Badie,RB,DEN,LAC,2,2,28,0,-13,41,2,1,0,0,0.0869565217391304,-0.5,-0.219565217391304,2,-2,0,0,0,0,0,4.6
2025,11,2025_11_GB_NYG,00-0037091,B.Melton,WR,GB,NYG,0,0,0,0,0,0,0,0,0,0,0,0,0,1,17,0,1,1,0,0,1.7
2025,13,2025_13_GB_DET,00-0037091,B.Melton,WR,GB,DET,1,0,0,0,11,0,0,0,0,0,0.0344827586206897,0.0320699708454811,0.0741731175228712,2,15,0,1,1,0,0,1.5
2025,14,2025_14_CHI_GB,00-0037091,B.Melton,WR,GB,CHI,2,1,45,1,75,1,1,1,1,1,0.0869565217391304,0.241157556270096,0.299245071997763,0,0,0,0,0,0,0,11.5
2025,15,2025_15_GB_DEN,00-0037091,B.Melton,WR,GB,DEN,1,0,0,0,17,0,0,0,0,0,0.0277777777777778,0.0376106194690266,0.0679941002949852,1,0,0,0,0,0,0,0
2025,16,2025_16_GB_CHI,00-0037091,B.Melton,WR,GB,CHI,0,0,0,0,0,0,0,0,0,0,0,0,0,0,0,0,0,0,0,0,0
2025,17,2025_17_BAL_GB,00-0037091,B.Melton,WR,GB,BAL,3,1,34,0,52,5,1,1,1,0,0.12,0.178694158075601,0.305085910652921,0,0,0,0,0,0,0,4.4
2025,18,2025_18_GB_MIN,00-0037091,B.Melton,WR,GB,MIN,1,0,0,0,-2,0,0,0,0,0,0.1,-0.0740740740740741,0.0981481481481482,0,0,0,0,0,0,0,0
2025,4,2025_04_JAX_SF,00-0037112,J.Tonges,TE,SF,JAX,5,3,58,1,56,29,3,2,2,0,0.135135135135135,0.183006535947712,0.330807277866101,0,0,0,0,0,0,0,14.8
2025,5,2025_05_SF_LA,00-0037112,J.Tonges,TE,SF,LA,11,7,41,1,27,25,1,0,0,0,0.229166666666667,0.0931034482758621,0.408922413793103,0,0,0,0,0,0,0,17.1
2025,6,2025_06_SF_TB,00-0037112,J.Tonges,TE,SF,TB,7,6,58,0,37,36,2,1,0,0,0.189189189189189,0.0978835978835979,0.352302302302302,0,0,0,0,0,0,0,11.8
2025,8,2025_08_SF_HOU,00-0037112,J.Tonges,TE,SF,HOU,1,1,2,1,2,0,0,0,0,0,0.032258064516129,0.00626959247648903,0.0527758115077359,0,0,0,0,0,0,0,7.2
2025,11,2025_11_SF_ARI,00-0037112,J.Tonges,TE,SF,ARI,0,0,0,0,0,0,0,0,0,0,0,0,0,0,0,0,0,0,0,0,0
2025,16,2025_16_SF_IND,00-0037112,J.Tonges,TE,SF,IND,2,1,7,0,16,0,0,0,0,0,0.0606060606060606,0.0493827160493827,0.125476992143659,0,0,0,0,0,0,0,1.7
2025,17,2025_17_CHI_SF,00-0037112,J.Tonges,TE,SF,CHI,9,7,60,1,55,14,3,1,0,0,0.272727272727273,0.217391304347826,0.561264822134387,0,0,0,0,0,0,0,19
2025,7,2025_07_LV_KC,00-0037197,I.Pacheco,RB,KC,LV,2,1,-3,0,-7,3,0,0,0,0,0.0588235294117647,-0.0338164251207729,0.064563796533106,15,57,1,1,0,0,0,12.4
2025,8,2025_08_WAS_KC,00-0037197,I.Pacheco,RB,KC,WAS,0,0,0,0,0,0,0,0,0,0,0,0,0,12,58,0,2,1,0,0,5.8
2025,13,2025_13_KC_DAL,00-0037197,I.Pacheco,RB,KC,DAL,2,2,17,0,5,12,1,0,0,0,0.0625,0.0208333333333333,0.108333333333333,3,16,0,0,0,0,0,5.3
2025,14,2025_14_HOU_KC,00-0037197,I.Pacheco,RB,KC,HOU,0,0,0,0,0,0,0,0,0,0,0,0,0,9,30,0,0,0,0,0,3
2025,15,2025_15_LAC_KC,00-0037197,I.Pacheco,RB,KC,LAC,0,0,0,0,0,0,0,0,0,0,0,0,0,11,21,0,0,0,0,0,2.1
2025,16,2025_16_KC_TEN,00-0037197,I.Pacheco,RB,KC,TEN,7,6,41,0,1,38,1,1,1,0,0.318181818181818,0.00892857142857143,0.483522727272727,8,34,0,0,0,0,0,13.5
2025,17,2025_17_DEN_KC,00-0037197,I.Pacheco,RB,KC,DEN,0,0,0,0,0,0,0,0,0,0,0,0,0,9,32,0,1,1,0,0,3.2
2025,12,2025_12_PIT_CHI,00-0037228,J.Warren,RB,PIT,CHI,0,0,0,0,0,0,0,0,0,0,0,0,0,18,68,1,1,1,0,0,12.8
2025,13,2025_13_BUF_PIT,00-0037228,J.Warren,RB,PIT,BUF,4,2,9,0,-9,17,0,0,0,0,0.181818181818182,-0.0743801652892562,0.220661157024793,10,35,1,2,2,0,0,12.4
2025,14,2025_14_PIT_BAL,00-0037228,J.Warren,RB,PIT,BAL,3,3,49,1,-9,58,1,1,1,0,0.0909090909090909,-0.0424528301886792,0.106646655231561,8,13,0,0,0,0,0,15.2
2025,15,2025_15_MIA_PIT,00-0037228,J.Warren,RB,PIT,MIA,3,3,15,0,-13,28,1,0,0,0,0.111111111111111,-0.141304347826087,0.0677536231884058,12,33,0,0,0,0,0,7.8
2025,16,2025_16_PIT_DET,00-0037228,J.Warren,RB,PIT,DET,2,2,8,0,-9,17,0,0,0,0,0.0526315789473684,-0.026865671641791,0.0601413982717989,14,143,2,4,3,3,2,29.1
2025,17,2025_17_PIT_CLE,00-0037228,J.Warren,RB,PIT,CLE,0,0,0,0,0,0,0,0,0,0,0,0,0,12,64,0,2,2,0,0,6.4
2025,18,2025_18_BAL_PIT,00-0037228,J.Warren,RB,PIT,BAL,5,5,33,0,-23,56,1,1,0,0,0.113636363636364,-0.0707692307692308,0.120916083916084,14,66,0,2,2,0,0,14.9
2025,7,2025_07_ATL_SF,00-0037238,D.London,WR,ATL,SF,10,4,42,0,110,5,3,1,0,0,0.277777777777778,0.30812324929972,0.632352941176471,0,0,0,0,0,0,0,8.2
2025,9,2025_09_ATL_NE,00-0037238,D.London,WR,ATL,NE,14,9,118,3,143,15,5,3,2,1,0.411764705882353,0.470394736842105,0.946923374613003,0,0,0,0,0,0,0,38.8
2025,10,2025_10_ATL_IND,00-0037238,D.London,WR,ATL,IND,8,6,104,1,95,24,6,3,1,0,0.32,0.329861111111111,0.710902777777778,0,0,0,0,0,0,0,24.4
2025,11,2025_11_CAR_ATL,00-0037238,D.London,WR,ATL,CAR,9,7,119,0,96,48,3,3,3,1,0.310344827586207,0.376470588235294,0.729046653144016,0,0,0,0,0,0,0,18.9
2025,16,2025_16_ATL_ARI,00-0037238,D.London,WR,ATL,ARI,8,3,27,0,109,-3,1,0,0,0,0.235294117647059,0.553299492385787,0.740250821140639,0,0,0,0,0,0,0,5.7
2025,17,2025_17_LA_ATL,00-0037238,D.London,WR,ATL,LA,2,1,4,0,29,0,0,0,0,0,0.1,0.173652694610778,0.271556886227545,0,0,0,0,0,0,0,1.4
2025,18,2025_18_NO_ATL,00-0037238,D.London,WR,ATL,NO,8,4,78,1,112,9,4,1,1,0,0.266666666666667,0.506787330316742,0.754751131221719,0,0,0,0,0,0,0,17.8
2025,10,2025_10_NO_CAR,00-0037239,C.Olave,WR,NO,CAR,8,5,104,1,141,25,3,2,1,1,0.307692307692308,0.55078125,0.847085336538462,0,0,0,0,0,0,0,21.4
2025,12,2025_12_ATL_NO,00-0037239,C.Olave,WR,NO,ATL,13,9,70,0,151,29,3,1,0,0,0.302325581395349,0.488673139158576,0.795559569504027,0,0,0,0,0,0,0,16
2025,13,2025_13_NO_MIA,00-0037239,C.Olave,WR,NO,MIA,7,4,47,1,82,3,3,2,0,0,0.205882352941176,0.304832713754647,0.522206429040018,0,0,0,0,0,0,0,14.7
2025,14,2025_14_NO_TB,00-0037239,C.Olave,WR,NO,TB,5,3,30,0,96,11,2,0,0,0,0.25,0.607594936708861,0.800316455696203,0,0,0,0,0,0,0,6
2025,15,2025_15_CAR_NO,00-0037239,C.Olave,WR,NO,CAR,9,6,85,1,129,6,5,3,0,0,0.290322580645161,0.479553903345725,0.771171603309749,0,0,0,0,0,0,0,20.5
2025,16,2025_16_NYJ_NO,00-0037239,C.Olave,WR,NO,NYJ,16,10,148,2,258,33,6,4,3,0,0.340425531914894,0.611374407582938,0.938600383180397,0,0,0,0,0,0,0,36.8
2025,17,2025_17_NO_TEN,00-0037239,C.Olave,WR,NO,TEN,11,8,119,1,115,56,3,3,1,1,0.407407407407407,0.407801418439716,0.896572104018912,0,0,0,0,0,0,0,25.9
2025,12,2025_12_NYG_DET,00-0037240,J.Williams,WR,DET,NYG,3,0,0,0,19,0,0,0,0,0,0.0789473684210526,0.085972850678733,0.178602048106692,0,0,0,0,0,0,0,0
2025,13,2025_13_GB_DET,00-0037240,J.Williams,WR,DET,GB,10,7,144,1,87,87,5,4,4,1,0.37037037037037,0.511764705882353,0.913790849673203,1,-5,0,0,0,0,0,26.9
2025,14,2025_14_DAL_DET,00-0037240,J.Williams,WR,DET,DAL,9,7,96,0,110,40,4,3,2,0,0.290322580645161,0.480349344978166,0.771728412452458,1,7,0,0,0,0,0,17.3
2025,15,2025_15_DET_LA,00-0037240,J.Williams,WR,DET,LA,10,7,134,1,171,19,6,5,3,0,0.263157894736842,0.492795389048991,0.739693614439557,0,0,0,0,0,0,0,26.4
2025,16,2025_16_PIT_DET,00-0037240,J.Williams,WR,DET,PIT,9,5,70,0,117,2,3,3,2,0,0.173076923076923,0.371428571428571,0.519615384615385,0,0,0,0,0,0,0,12
2025,17,2025_17_DET_MIN,00-0037240,J.Williams,WR,DET,MIN,3,2,37,0,33,3,2,1,1,0,0.103448275862069,0.165829145728643,0.271252815803154,0,0,0,0,0,0,0,5.7
2025,18,2025_18_DET_CHI,00-0037240,J.Williams,WR,DET,CHI,8,6,74,0,35,46,3,1,1,0,0.222222222222222,0.14,0.431333333333333,0,0,0,0,0,0,0,13.4
2025,12,2025_12_PHI_DAL,00-0037247,G.Pickens,WR,DAL,PHI,9,9,146,1,117,29,5,4,3,1,0.257142857142857,0.319672131147541,0.609484777517564,0,0,0,0,0,0,0,29.6
2025,13,2025_13_KC_DAL,00-0037247,G.Pickens,WR,DAL,KC,13,6,88,0,125,49,5,1,1,0,0.351351351351351,0.486381322957198,0.867493953097066,0,0,0,0,0,0,0,16.8
2025,14,2025_14_DAL_DET,00-0037247,G.Pickens,WR,DAL,DET,9,5,37,0,111,11,1,0,0,0,0.191489361702128,0.223340040241449,0.443572070722206,0,0,0,0,0,0,0,8.7
2025,15,2025_15_MIN_DAL,00-0037247,G.Pickens,WR,DAL,MIN,6,3,33,0,33,17,2,1,0,0,0.171428571428571,0.119565217391304,0.34083850931677,0,0,0,0,0,0,0,6.3
2025,16,2025_16_LAC_DAL,00-0037247,G.Pickens,WR,DAL,LAC,9,7,130,1,119,27,5,3,3,0,0.28125,0.381410256410256,0.688862179487179,0,0,0,0,0,0,0,26
2025,17,2025_17_DAL_WAS,00-0037247,G.Pickens,WR,DAL,WAS,5,4,78,0,42,50,4,4,1,0,0.138888888888889,0.109947643979058,0.285296684118674,0,0,0,0,0,0,0,11.8
2025,18,2025_18_DAL_NYG,00-0037247,G.Pickens,WR,DAL,NYG,3,1,9,0,12,3,0,0,0,0,0.130434782608696,0.0674157303370787,0.242843185148999,0,0,0,0,0,0,0,1.9
2025,12,2025_12_BUF_HOU,00-0037248,J.Cook,RB,BUF,HOU,3,3,13,0,1,12,0,0,0,0,0.09375,0.0062111801242236,0.144972826086957,17,116,1,3,3,2,1,21.9
2025,13,2025_13_BUF_PIT,00-0037248,J.Cook,RB,BUF,PIT,3,3,33,0,-4,37,2,1,0,0,0.130434782608696,-0.102564102564103,0.123857302118172,32,144,0,3,3,1,0,18.7
2025,14,2025_14_CIN_BUF,00-0037248,J.Cook,RB,BUF,CIN,2,2,31,0,-5,36,1,1,1,0,0.0740740740740741,-0.0387596899224806,0.0839793281653747,18,80,0,1,1,0,0,11.1
2025,15,2025_15_BUF_NE,00-0037248,J.Cook,RB,BUF,NE,3,2,4,1,-2,8,0,0,0,0,0.115384615384615,-0.00740740740740741,0.167891737891738,22,107,2,3,1,0,0,31.1
2025,16,2025_16_BUF_CLE,00-0037248,J.Cook,RB,BUF,CLE,2,1,17,0,-1,18,1,1,0,0,0.111111111111111,-0.00826446280991736,0.160881542699725,16,117,2,3,3,1,1,26.4
2025,17,2025_17_PHI_BUF,00-0037248,J.Cook,RB,BUF,PHI,4,1,3,0,34,1,0,0,0,0,0.121212121212121,0.135458167330677,0.276638898949656,20,74,0,2,0,0,0,8.7
2025,18,2025_18_NYJ_BUF,00-0037248,J.Cook,RB,BUF,NYJ,0,0,0,0,0,0,0,0,0,0,0,0,0,2,15,0,1,0,0,0,1.5
2025,12,2025_12_TB_LA,00-0037256,R.White,RB,TB,LA,1,1,4,0,-5,9,0,0,0,0,0.032258064516129,-0.0199203187250996,0.0344428736666238,7,38,0,2,2,0,0,5.2
2025,13,2025_13_ARI_TB,00-0037256,R.White,RB,TB,ARI,3,3,22,0,-13,35,1,0,0,0,0.115384615384615,-0.0625,0.129326923076923,2,7,0,0,0,0,0,5.9
2025,14,2025_14_NO_TB,00-0037256,R.White,RB,TB,NO,2,1,2,0,-8,5,0,0,0,0,0.0714285714285714,-0.0347826086956522,0.0827950310559006,11,53,0,1,0,0,0,6.5
2025,15,2025_15_ATL_TB,00-0037256,R.White,RB,TB,ATL,1,1,6,0,-4,10,0,0,0,0,0.03125,-0.011142061281337,0.0390755571030641,1,20,0,1,1,1,0,3.6
2025,16,2025_16_TB_CAR,00-0037256,R.White,RB,TB,CAR,2,2,15,0,-2,17,1,0,0,0,0.08,-0.0132450331125828,0.110728476821192,5,45,0,1,1,1,0,8
2025,17,2025_17_TB_MIA,00-0037256,R.White,RB,TB,MIA,2,2,7,0,-9,16,0,0,0,0,0.0454545454545455,-0.025,0.0506818181818182,2,10,0,0,0,0,0,3.7
2025,18,2025_18_CAR_TB,00-0037256,R.White,RB,TB,CAR,2,2,18,0,-6,24,1,0,0,0,0.0909090909090909,-0.0422535211267606,0.106786171574904,7,23,0,0,0,0,0,6.1
2025,1,2025_01_HOU_LA,00-0037258,D.Pierce,RB,HOU,LA,1,0,0,0,-4,0,0,0,0,0,0.037037037037037,-0.0232558139534884,0.0392764857881137,3,5,0,0,0,0,0,0.5
2025,5,2025_05_HOU_BAL,00-0037258,D.Pierce,RB,HOU,BAL,0,0,0,0,0,0,0,0,0,0,0,0,0,7,21,0,1,0,0,0,2.1
2025,8,2025_08_SF_HOU,00-0037258,D.Pierce,RB,HOU,SF,0,0,0,0,0,0,0,0,0,0,0,0,0,0,0,0,0,0,0,0,0
2025,10,2025_10_JAX_HOU,00-0037258,D.Pierce,RB,HOU,JAX,0,0,0,0,0,0,0,0,0,0,0,0,0,0,0,0,0,0,0,0,0
2025,18,2025_18_KC_LV,00-0037258,D.Pierce,RB,KC,LV,0,0,0,0,0,0,0,0,0,0,0,0,0,4,10,0,0,0,0,0,1
2025,11,2025_11_TB_BUF,00-0037261,K.Shakir,WR,BUF,TB,3,1,-3,0,21,0,0,0,0,0,0.1,0.0606936416184971,0.192485549132948,0,0,0,0,0,0,0,0.7
2025,12,2025_12_BUF_HOU,00-0037261,K.Shakir,WR,BUF,HOU,10,8,110,0,15,99,3,2,2,1,0.3125,0.093167701863354,0.533967391304348,0,0,0,0,0,0,0,17
2025,13,2025_13_BUF_PIT,00-0037261,K.Shakir,WR,BUF,PIT,4,1,5,0,5,0,0,0,0,0,0.173913043478261,0.128205128205128,0.350613154960981,0,0,0,0,0,0,0,1.5
2025,14,2025_14_CIN_BUF,00-0037261,K.Shakir,WR,BUF,CIN,3,2,16,1,4,7,1,0,0,0,0.111111111111111,0.0310077519379845,0.188372093023256,0,0,0,0,0,0,0,9.6
2025,15,2025_15_BUF_NE,00-0037261,K.Shakir,WR,BUF,NE,5,5,65,0,44,21,2,1,1,0,0.192307692307692,0.162962962962963,0.402535612535613,0,0,0,0,0,0,0,11.5
2025,16,2025_16_BUF_CLE,00-0037261,K.Shakir,WR,BUF,CLE,5,4,34,0,8,28,1,1,0,0,0.277777777777778,0.0661157024793388,0.462947658402204,0,0,0,0,0,0,0,7.4
2025,17,2025_17_PHI_BUF,00-0037261,K.Shakir,WR,BUF,PHI,7,6,35,0,6,26,1,0,0,0,0.212121212121212,0.0239043824701195,0.334914885910902,0,0,0,0,0,0,0,9.5
2025,12,2025_12_ATL_NO,00-0037263,T.Allgeier,RB,ATL,NO,1,1,5,0,1,4,0,0,0,0,0.05,0.00591715976331361,0.0791420118343195,12,44,0,1,1,0,0,5.9
2025,13,2025_13_ATL_NYJ,00-0037263,T.Allgeier,RB,ATL,NYJ,2,2,35,0,-4,39,1,1,1,0,0.0645161290322581,-0.025974025974026,0.0785923753665689,8,20,1,1,1,0,0,13.5
2025,14,2025_14_SEA_ATL,00-0037263,T.Allgeier,RB,ATL,SEA,2,2,33,0,-6,39,2,1,1,0,0.0714285714285714,-0.0294117647058824,0.0865546218487395,11,34,0,0,0,0,0,8.7
2025,15,2025_15_ATL_TB,00-0037263,T.Allgeier,RB,ATL,TB,0,0,0,0,0,0,0,0,0,0,0,0,0,2,18,0,1,1,0,0,1.8
2025,16,2025_16_ATL_ARI,00-0037263,T.Allgeier,RB,ATL,ARI,1,1,-6,0,-6,0,0,0,0,0,0.0294117647058824,-0.0304568527918782,0.0227978501045088,16,79,0,3,1,0,0,8.3
2025,17,2025_17_LA_ATL,00-0037263,T.Allgeier,RB,ATL,LA,0,0,0,0,0,0,0,0,0,0,0,0,0,10,23,0,0,0,0,0,2.3
2025,18,2025_18_NO_ATL,00-0037263,T.Allgeier,RB,ATL,NO,2,1,3,0,-1,7,0,0,0,0,0.0666666666666667,-0.00452488687782806,0.0968325791855204,7,16,0,0,0,0,0,2.9
2025,7,2025_07_MIA_CLE,00-0037267,J.Ford,RB,CLE,MIA,2,2,10,0,-1,11,0,0,0,0,0.111111111111111,-0.0116279069767442,0.158527131782946,1,0,0,0,0,0,0,3
2025,8,2025_08_CLE_NE,00-0037267,J.Ford,RB,CLE,NE,2,1,-1,0,1,3,0,0,0,0,0.0606060606060606,0.00512820512820513,0.0944988344988345,0,0,0,0,0,0,0,0.9
2025,10,2025_10_CLE_NYJ,00-0037267,J.Ford,RB,CLE,NYJ,1,0,0,0,2,0,0,0,0,0,0.03125,0.01,0.053875,1,1,0,0,0,0,0,0.1
2025,11,2025_11_BAL_CLE,00-0037267,J.Ford,RB,CLE,BAL,0,0,0,0,0,0,0,0,0,0,0,0,0,1,2,0,0,0,0,0,0.2
2025,12,2025_12_CLE_LV,00-0037267,J.Ford,RB,CLE,LV,0,0,0,0,0,0,0,0,0,0,0,0,0,1,-3,0,0,0,0,0,-0.3
2025,13,2025_13_SF_CLE,00-0037267,J.Ford,RB,CLE,SF,3,3,17,0,-4,21,0,0,0,0,0.130434782608696,-0.023121387283237,0.179467202814778,0,0,0,0,0,0,0,4.7
2025,14,2025_14_TEN_CLE,00-0037267,J.Ford,RB,CLE,TEN,3,2,10,0,-8,24,0,0,0,0,0.0789473684210526,-0.0262295081967213,0.100060396893874,0,0,0,0,0,0,0,3
2025,1,2025_01_MIN_CHI,00-0037276,T.Chandler,RB,MIN,CHI,0,0,0,0,0,0,0,0,0,0,0,0,0,0,0,0,0,0,0,0,0
2025,17,2025_17_DET_MIN,00-0037276,T.Chandler,RB,MIN,DET,0,0,0,0,0,0,0,0,0,0,0,0,0,7,24,0,0,0,0,0,2.4
2025,18,2025_18_GB_MIN,00-0037276,T.Chandler,RB,MIN,GB,4,3,11,0,-20,27,1,0,0,0,0.133333333333333,-0.101010101010101,0.129292929292929,10,23,0,0,0,0,0,6.4
2025,12,2025_12_MIN_GB,00-0037291,J.Nailor,WR,MIN,GB,1,0,0,0,30,0,0,0,0,0,0.0555555555555556,0.3,0.293333333333333,0,0,0,0,0,0,0,0
2025,13,2025_13_MIN_SEA,00-0037291,J.Nailor,WR,MIN,SEA,1,0,0,0,24,0,0,0,0,0,0.0344827586206897,0.143712574850299,0.152322940326244,0,0,0,0,0,0,0,0
2025,14,2025_14_WAS_MIN,00-0037291,J.Nailor,WR,MIN,WAS,3,3,30,0,15,15,1,0,0,0,0.130434782608696,0.0980392156862745,0.264279624893436,0,0,0,0,0,0,0,6
2025,15,2025_15_MIN_DAL,00-0037291,J.Nailor,WR,MIN,DAL,5,3,47,2,69,0,2,2,2,0,0.208333333333333,0.27710843373494,0.506475903614458,1,-2,0,0,0,0,0,19.5
2025,16,2025_16_MIN_NYG,00-0037291,J.Nailor,WR,MIN,NYG,2,0,0,0,24,0,0,0,0,0,0.0869565217391304,0.192,0.264834782608696,0,0,0,0,0,0,0,0
2025,17,2025_17_DET_MIN,00-0037291,J.Nailor,WR,MIN,DET,1,0,0,0,2,0,0,0,0,0,0.0714285714285714,0.0298507462686567,0.128038379530917,0,0,0,0,0,0,0,0
2025,18,2025_18_GB_MIN,00-0037291,J.Nailor,WR,MIN,GB,3,3,49,0,35,14,2,2,1,0,0.1,0.176767676767677,0.273737373737374,0,0,0,0,0,0,0,7.9
2025,8,2025_08_TEN_IND,00-0037292,A.Ogletree,TE,IND,TEN,1,0,0,0,5,0,0,0,0,0,0.0357142857142857,0.0187265917602996,0.0666800428036383,0,0,0,0,0,0,0,0
2025,9,2025_09_IND_PIT,00-0037292,A.Ogletree,TE,IND,PIT,0,0,0,0,0,0,0,0,0,0,0,0,0,0,0,0,0,0,0,0,0
2025,10,2025_10_ATL_IND,00-0037292,A.Ogletree,TE,IND,ATL,0,0,0,0,0,0,0,0,0,0,0,0,0,0,0,0,0,0,0,0,0
2025,12,2025_12_IND_KC,00-0037292,A.Ogletree,TE,IND,KC,2,2,8,1,7,1,0,0,0,0,0.0645161290322581,0.0503597122302158,0.132025992109538,0,0,0,0,0,0,0,8.8
2025,13,2025_13_HOU_IND,00-0037292,A.Ogletree,TE,IND,HOU,1,1,8,0,7,1,0,0,0,0,0.04,0.0353535353535354,0.0847474747474747,0,0,0,0,0,0,0,1.8
2025,14,2025_14_IND_JAX,00-0037292,A.Ogletree,TE,IND,JAX,0,0,0,0,0,0,0,0,0,0,0,0,0,0,0,0,0,0,0,0,0
2025,16,2025_16_SF_IND,00-0037292,A.Ogletree,TE,IND,SF,2,1,11,0,23,7,1,0,0,0,0.0555555555555556,0.0682492581602374,0.1311078140455,0,0,0,0,0,0,0,2.1
2025,10,2025_10_PIT_LAC,00-0037304,Co.Heyward,FB,PIT,LAC,0,0,0,0,0,0,0,0,0,0,0,0,0,0,0,0,0,0,0,0,0
2025,11,2025_11_CIN_PIT,00-0037304,Co.Heyward,FB,PIT,CIN,0,0,0,0,0,0,0,0,0,0,0,0,0,2,3,0,0,0,0,0,0.3
2025,12,2025_12_PIT_CHI,00-0037304,Co.Heyward,FB,PIT,CHI,0,0,0,0,0,0,0,0,0,0,0,0,0,1,0,0,0,0,0,0,0
2025,14,2025_14_PIT_BAL,00-0037304,Co.Heyward,FB,PIT,BAL,0,0,0,0,0,0,0,0,0,0,0,0,0,1,2,0,0,0,0,0,0.2
2025,15,2025_15_MIA_PIT,00-0037304,Co.Heyward,FB,PIT,MIA,0,0,0,0,0,0,0,0,0,0,0,0,0,4,4,1,0,0,0,0,6.4
2025,17,2025_17_PIT_CLE,00-0037304,Co.Heyward,FB,PIT,CLE,0,0,0,0,0,0,0,0,0,0,0,0,0,2,26,0,1,1,1,0,2.6
2025,18,2025_18_BAL_PIT,00-0037304,Co.Heyward,FB,PIT,BAL,1,1,3,0,-1,4,0,0,0,0,0.0227272727272727,-0.00307692307692308,0.0319370629370629,3,2,1,0,0,0,0,7.5
2025,8,2025_08_GB_PIT,00-0037306,J.FitzPatrick,TE,GB,PIT,1,1,4,0,1,3,0,0,0,0,0.0285714285714286,0.00515463917525773,0.0464653902798233,0,0,0,0,0,0,0,1.4
2025,11,2025_11_GB_NYG,00-0037306,J.FitzPatrick,TE,GB,NYG,1,1,5,0,2,3,0,0,0,0,0.04,0.0068259385665529,0.064778156996587,0,0,0,0,0,0,0,1.5
2025,12,2025_12_MIN_GB,00-0037306,J.FitzPatrick,TE,GB,MIN,1,1,11,0,0,11,1,0,0,0,0.0476190476190476,0,0.0714285714285714,0,0,0,0,0,0,0,2.1
2025,13,2025_13_GB_DET,00-0037306,J.FitzPatrick,TE,GB,DET,1,0,0,0,6,0,0,0,0,0,0.0344827586206897,0.0174927113702624,0.0639690358902182,0,0,0,0,0,0,0,0
2025,14,2025_14_CHI_GB,00-0037306,J.FitzPatrick,TE,GB,CHI,2,2,14,0,2,12,0,0,0,0,0.0869565217391304,0.00643086816720257,0.134936390325737,0,0,0,0,0,0,0,3.4
2025,15,2025_15_GB_DEN,00-0037306,J.FitzPatrick,TE,GB,DEN,4,3,18,0,5,16,0,0,0,0,0.111111111111111,0.0110619469026549,0.174410029498525,0,0,0,0,0,0,0,4.8
2025,16,2025_16_GB_CHI,00-0037306,J.FitzPatrick,TE,GB,CHI,1,0,0,0,0,0,0,0,0,0,0.0416666666666667,0,0.0625,0,0,0,0,0,0,0,0
2025,1,2025_01_TB_ATL,00-0037311,K.Kieft,TE,TB,ATL,0,0,0,0,0,0,0,0,0,0,0,0,0,0,0,0,0,0,0,0,0
2025,3,2025_03_NYJ_TB,00-0037311,K.Kieft,TE,TB,NYJ,0,0,0,0,0,0,0,0,0,0,0,0,0,0,0,0,0,0,0,0,0
2025,3,2025_03_MIA_BUF,00-0037348,T.Conner,TE,MIA,BUF,2,1,13,0,7,12,1,0,0,0,0.0606060606060606,0.0343137254901961,0.114928698752228,0,0,0,0,0,0,0,2.3
2025,4,2025_04_NYJ_MIA,00-0037348,T.Conner,TE,MIA,NYJ,0,0,0,0,0,0,0,0,0,0,0,0,0,0,0,0,0,0,0,0,0
2025,5,2025_05_MIA_CAR,00-0037348,T.Conner,TE,MIA,CAR,2,2,16,0,13,3,1,0,0,0,0.0588235294117647,0.0452961672473868,0.119942611190818,0,0,0,0,0,0,0,3.6
2025,6,2025_06_LAC_MIA,00-0037348,T.Conner,TE,MIA,LAC,1,1,8,0,7,1,0,0,0,0,0.0333333333333333,0.0334928229665072,0.073444976076555,0,0,0,0,0,0,0,1.8
2025,7,2025_07_MIA_CLE,00-0037348,T.Conner,TE,MIA,CLE,3,1,28,0,47,12,1,1,1,0,0.1,0.204347826086957,0.29304347826087,0,0,0,0,0,0,0,3.8
2025,8,2025_08_MIA_ATL,00-0037348,T.Conner,TE,MIA,ATL,2,2,6,0,-2,8,0,0,0,0,0.0740740740740741,-0.0198019801980198,0.0972497249724973,0,0,0,0,0,0,0,2.6
2025,9,2025_09_BAL_MIA,00-0037348,T.Conner,TE,MIA,BAL,1,0,0,0,20,0,0,0,0,0,0.027027027027027,0.0738007380073801,0.0922010571457066,0,0,0,0,0,0,0,0
2025,11,2025_11_CHI_MIN,00-0037525,J.Mason,RB,MIN,CHI,0,0,0,0,0,0,0,0,0,0,0,0,0,6,45,1,1,1,0,0,10.5
2025,12,2025_12_MIN_GB,00-0037525,J.Mason,RB,MIN,GB,0,0,0,0,0,0,0,0,0,0,0,0,0,8,42,0,1,1,1,0,4.2
2025,13,2025_13_MIN_SEA,00-0037525,J.Mason,RB,MIN,SEA,1,1,1,0,-5,6,0,0,0,0,0.0344827586206897,-0.029940119760479,0.0307660540986992,6,47,0,2,1,1,0,5.8
2025,14,2025_14_WAS_MIN,00-0037525,J.Mason,RB,MIN,WAS,0,0,0,0,0,0,0,0,0,0,0,0,0,11,52,1,1,1,0,0,11.2
2025,15,2025_15_MIN_DAL,00-0037525,J.Mason,RB,MIN,DAL,0,0,0,0,0,0,0,0,0,0,0,0,0,10,29,0,0,0,0,0,2.9
2025,16,2025_16_MIN_NYG,00-0037525,J.Mason,RB,MIN,NYG,1,1,6,0,-4,10,0,0,0,0,0.0434782608695652,-0.032,0.0428173913043478,2,5,0,0,0,0,0,2.1
2025,18,2025_18_GB_MIN,00-0037525,J.Mason,RB,MIN,GB,0,0,0,0,0,0,0,0,0,0,0,0,0,14,94,0,5,4,1,0,9.4
2025,1,2025_01_TEN_DEN,00-0037539,L.Krull,TE,DEN,TEN,2,1,6,0,9,1,0,0,0,0,0.0540540540540541,0.0422535211267606,0.110658545869814,0,0,0,0,0,0,0,1.6
2025,3,2025_03_DEN_LAC,00-0037539,L.Krull,TE,DEN,LAC,2,1,9,0,11,3,0,0,0,0,0.0869565217391304,0.0408921933085502,0.159059317924681,0,0,0,0,0,0,0,1.9
2025,12,2025_12_SEA_TEN,00-0037545,R.Shaheed,WR,SEA,TEN,2,0,0,0,52,0,0,0,0,0,0.08,0.212244897959184,0.268571428571429,1,5,0,0,0,0,0,0.5
2025,13,2025_13_MIN_SEA,00-0037545,R.Shaheed,WR,SEA,MIN,3,1,7,0,11,1,0,0,0,0,0.130434782608696,0.118279569892473,0.278447872837775,1,9,0,0,0,0,0,2.6
2025,14,2025_14_SEA_ATL,00-0037545,R.Shaheed,WR,SEA,ATL,5,4,67,0,63,18,3,2,1,0,0.166666666666667,0.247058823529412,0.422941176470588,0,0,0,0,0,0,0,16.7
2025,15,2025_15_IND_SEA,00-0037545,R.Shaheed,WR,SEA,IND,7,5,74,0,105,6,3,2,1,0,0.212121212121212,0.435684647302905,0.623161071293851,1,-3,0,0,0,0,0,12.1
2025,16,2025_16_LA_SEA,00-0037545,R.Shaheed,WR,SEA,LA,1,0,0,0,5,0,0,0,0,0,0.032258064516129,0.0247524752475248,0.0657138294474609,1,31,0,1,1,1,0,9.1
2025,17,2025_17_SEA_CAR,00-0037545,R.Shaheed,WR,SEA,CAR,1,1,8,0,6,2,0,0,0,0,0.0384615384615385,0.0425531914893617,0.0874795417348609,0,0,0,0,0,0,0,1.8
2025,18,2025_18_SEA_SF,00-0037545,R.Shaheed,WR,SEA,SF,1,1,2,0,2,0,0,0,0,0,0.0384615384615385,0.0158730158730159,0.0688034188034188,0,0,0,0,0,0,0,1.2
2025,12,2025_12_SEA_TEN,00-0037594,J.Chestnut,RB,TEN,SEA,0,0,0,0,0,0,0,0,0,0,0,0,0,2,3,0,0,0,0,0,0.3
2025,13,2025_13_JAX_TEN,00-0037594,J.Chestnut,RB,TEN,JAX,0,0,0,0,0,0,0,0,0,0,0,0,0,0,0,0,0,0,0,0,0
2025,14,2025_14_TEN_CLE,00-0037594,J.Chestnut,RB,TEN,CLE,0,0,0,0,0,0,0,0,0,0,0,0,0,0,0,0,0,0,0,0,0
2025,15,2025_15_TEN_SF,00-0037594,J.Chestnut,RB,TEN,SF,0,0,0,0,0,0,0,0,0,0,0,0,0,0,0,0,0,0,0,0,0
2025,16,2025_16_KC_TEN,00-0037594,J.Chestnut,RB,TEN,KC,0,0,0,0,0,0,0,0,0,0,0,0,0,1,1,0,0,0,0,0,0.1
2025,17,2025_17_NO_TEN,00-0037594,J.Chestnut,RB,TEN,NO,0,0,0,0,0,0,0,0,0,0,0,0,0,0,0,0,0,0,0,0,0
2025,18,2025_18_TEN_JAX,00-0037594,J.Chestnut,RB,TEN,JAX,0,0,0,0,0,0,0,0,0,0,0,0,0,0,0,0,0,0,0,0,0
2025,12,2025_12_NYJ_BAL,00-0037614,J.Metchie,WR,NYJ,BAL,7,6,65,1,32,41,4,1,0,0,0.259259259259259,0.111111111111111,0.466666666666667,0,0,0,0,0,0,0,18.5
2025,13,2025_13_ATL_NYJ,00-0037614,J.Metchie,WR,NYJ,ATL,8,4,19,0,46,11,0,0,0,0,0.258064516129032,0.144200626959248,0.488037213065022,1,-2,0,0,0,0,0,5.7
2025,14,2025_14_MIA_NYJ,00-0037614,J.Metchie,WR,NYJ,MIA,8,4,34,0,48,22,2,1,0,0,0.25,0.166089965397924,0.491262975778547,0,0,0,0,0,0,0,7.4
2025,15,2025_15_NYJ_JAX,00-0037614,J.Metchie,WR,NYJ,JAX,5,4,25,0,27,9,2,0,0,0,0.15625,0.126760563380282,0.323107394366197,1,4,0,0,0,0,0,6.9
2025,16,2025_16_NYJ_NO,00-0037614,J.Metchie,WR,NYJ,NO,5,1,4,0,41,0,0,0,0,0,0.147058823529412,0.251533742331288,0.396661854926019,0,0,0,0,0,0,0,1.4
2025,17,2025_17_NE_NYJ,00-0037614,J.Metchie,WR,NYJ,NE,3,3,41,0,21,20,2,2,0,0,0.09375,0.14,0.238625,0,0,0,0,0,0,0,7.1
2025,18,2025_18_NYJ_BUF,00-0037614,J.Metchie,WR,NYJ,BUF,4,3,20,0,12,12,1,0,0,0,0.181818181818182,0.164383561643836,0.387795765877958,0,0,0,0,0,0,0,5
2025,5,2025_05_WAS_LAC,00-0037617,H.Haskins,RB,LAC,WAS,1,1,2,0,2,0,0,0,0,0,0.03125,0.015748031496063,0.0578986220472441,5,13,0,0,0,0,0,2.5
2025,6,2025_06_LAC_MIA,00-0037617,H.Haskins,RB,LAC,MIA,1,1,9,0,2,7,0,0,0,0,0.0263157894736842,0.00909090909090909,0.0458373205741627,6,14,0,1,0,0,0,3.3
2025,7,2025_07_IND_LAC,00-0037617,H.Haskins,RB,LAC,IND,2,2,2,0,-7,9,0,0,0,0,0.037037037037037,-0.0155210643015521,0.0446908105444691,1,3,0,0,0,0,0,2.5
2025,14,2025_14_PHI_LAC,00-0037617,H.Haskins,RB,LAC,PHI,0,0,0,0,0,0,0,0,0,0,0,0,0,0,0,0,0,0,0,0,0
2025,16,2025_16_LAC_DAL,00-0037617,H.Haskins,RB,LAC,DAL,0,0,0,0,0,0,0,0,0,0,0,0,0,4,14,0,0,0,0,0,1.4
2025,17,2025_17_HOU_LAC,00-0037617,H.Haskins,RB,LAC,HOU,0,0,0,0,0,0,0,0,0,0,0,0,0,0,0,0,0,0,0,0,0
2025,18,2025_18_LAC_DEN,00-0037617,H.Haskins,RB,LAC,DEN,0,0,0,0,0,0,0,0,0,0,0,0,0,1,3,0,0,0,0,0,0.3
2025,12,2025_12_IND_KC,00-0037664,A.Pierce,WR,IND,KC,2,1,26,0,24,7,1,1,1,0,0.0645161290322581,0.172661870503597,0.217637502900905,0,0,0,0,0,0,0,3.6
2025,13,2025_13_HOU_IND,00-0037664,A.Pierce,WR,IND,HOU,5,4,78,1,97,7,4,4,1,0,0.2,0.48989898989899,0.642929292929293,0,0,0,0,0,0,0,17.8
2025,14,2025_14_IND_JAX,00-0037664,A.Pierce,WR,IND,JAX,8,5,80,0,99,40,3,3,1,0,0.222222222222222,0.426724137931035,0.632040229885057,0,0,0,0,0,0,0,13
2025,15,2025_15_IND_SEA,00-0037664,A.Pierce,WR,IND,SEA,1,1,16,0,16,0,1,1,0,0,0.0384615384615385,0.112676056338028,0.136565547128927,0,0,0,0,0,0,0,2.6
2025,16,2025_16_SF_IND,00-0037664,A.Pierce,WR,IND,SF,4,4,86,2,70,16,4,4,2,0,0.111111111111111,0.207715133531157,0.312067260138477,0,0,0,0,0,0,0,24.6
2025,17,2025_17_JAX_IND,00-0037664,A.Pierce,WR,IND,JAX,5,0,0,0,101,0,0,0,0,0,0.172413793103448,0.350694444444444,0.504106800766284,0,0,0,0,0,0,0,0
2025,18,2025_18_IND_HOU,00-0037664,A.Pierce,WR,IND,HOU,7,4,132,2,130,32,2,2,2,2,0.212121212121212,0.408805031446541,0.604345340194397,0,0,0,0,0,0,0,29.2
2025,6,2025_06_DAL_CAR,00-0037666,J.Tolbert,WR,DAL,CAR,1,1,8,0,3,5,0,0,0,0,0.0294117647058824,0.0158730158730159,0.0552287581699346,0,0,0,0,0,0,0,1.8
2025,7,2025_07_WAS_DAL,00-0037666,J.Tolbert,WR,DAL,WAS,2,1,16,0,33,0,1,1,0,0,0.0666666666666667,0.155660377358491,0.208962264150943,0,0,0,0,0,0,0,2.6
2025,8,2025_08_DAL_DEN,00-0037666,J.Tolbert,WR,DAL,DEN,2,2,47,1,42,5,2,1,1,0,0.0571428571428571,0.16030534351145,0.197928026172301,0,0,0,0,0,0,0,12.7
2025,11,2025_11_DAL_LV,00-0037666,J.Tolbert,WR,DAL,LV,1,0,0,0,19,0,0,0,0,0,0.03125,0.0818965517241379,0.104202586206897,0,0,0,0,0,0,0,0
2025,13,2025_13_KC_DAL,00-0037666,J.Tolbert,WR,DAL,KC,0,0,0,0,0,0,0,0,0,0,0,0,0,0,0,0,0,0,0,0,0
2025,17,2025_17_DAL_WAS,00-0037666,J.Tolbert,WR,DAL,WAS,8,4,31,0,79,11,1,0,0,0,0.222222222222222,0.206806282722513,0.478097731239093,0,0,0,0,0,0,0,7.1
2025,18,2025_18_DAL_NYG,00-0037666,J.Tolbert,WR,DAL,NYG,1,0,0,0,21,0,0,0,0,0,0.0434782608695652,0.117977528089888,0.147801660967269,0,0,0,0,0,0,0,0
2025,1,2025_01_PIT_NYJ,00-0037740,G.Wilson,WR,NYJ,PIT,9,7,95,1,86,17,3,2,2,0,0.428571428571429,0.50887573964497,0.999070160608622,0,0,0,0,0,0,0,22.5
2025,2,2025_02_BUF_NYJ,00-0037740,G.Wilson,WR,NYJ,BUF,8,4,50,0,73,8,3,1,0,0,0.380952380952381,0.424418604651163,0.868521594684385,0,0,0,0,0,0,0,9
2025,3,2025_03_NYJ_TB,00-0037740,G.Wilson,WR,NYJ,TB,13,10,84,1,75,34,2,1,0,0,0.371428571428571,0.46583850931677,0.883229813664596,0,0,0,0,0,0,0,24.4
2025,4,2025_04_NYJ_MIA,00-0037740,G.Wilson,WR,NYJ,MIA,8,6,82,1,78,24,4,3,1,0,0.296296296296296,0.380487804878049,0.710785907859079,0,0,0,0,0,0,0,20.2
2025,5,2025_05_DAL_NYJ,00-0037740,G.Wilson,WR,NYJ,DAL,10,6,71,1,135,14,3,2,1,0,0.227272727272727,0.438311688311688,0.647727272727273,0,0,0,0,0,0,0,19.1
2025,6,2025_06_DEN_NYJ,00-0037740,G.Wilson,WR,NYJ,DEN,8,3,13,0,38,3,0,0,0,0,0.5,0.404255319148936,1.03297872340426,0,0,0,0,0,0,0,4.3
2025,10,2025_10_CLE_NYJ,00-0037740,G.Wilson,WR,NYJ,CLE,3,0,0,0,50,0,0,0,0,0,0.272727272727273,1.31578947368421,1.33014354066986,0,0,0,0,0,0,0,0
2025,11,2025_11_DET_PHI,00-0037741,J.Dotson,WR,PHI,DET,2,2,43,0,38,5,1,1,1,0,0.0740740740740741,0.104972375690608,0.184591774094537,0,0,0,0,0,0,0,6.3
2025,12,2025_12_PHI_DAL,00-0037741,J.Dotson,WR,PHI,DAL,1,0,0,0,10,0,0,0,0,0,0.0277777777777778,0.0341296928327645,0.0655574516496018,0,0,0,0,0,0,0,0
2025,13,2025_13_CHI_PHI,00-0037741,J.Dotson,WR,PHI,CHI,3,1,12,0,32,7,1,0,0,0,0.1,0.0958083832335329,0.217065868263473,0,0,0,0,0,0,0,2.2
2025,14,2025_14_PHI_LAC,00-0037741,J.Dotson,WR,PHI,LAC,3,1,3,0,44,0,0,0,0,0,0.0789473684210526,0.107843137254902,0.19391124871001,0,0,0,0,0,0,0,1.3
2025,16,2025_16_PHI_WAS,00-0037741,J.Dotson,WR,PHI,WAS,3,3,13,0,13,0,0,0,0,0,0.103448275862069,0.0646766169154229,0.2004460456339,0,0,0,0,0,0,0,4.3
2025,17,2025_17_PHI_BUF,00-0037741,J.Dotson,WR,PHI,BUF,1,0,0,0,37,0,0,0,0,0,0.0454545454545455,0.143410852713178,0.168569415081043,0,0,0,0,0,0,0,0
2025,18,2025_18_WAS_PHI,00-0037741,J.Dotson,WR,PHI,WAS,8,3,40,0,139,3,2,1,0,0,0.235294117647059,0.362924281984334,0.606988173859622,0,0,0,0,0,0,0,7
2025,12,2025_12_JAX_ARI,00-0037744,T.McBride,TE,ARI,JAX,10,9,79,0,56,36,3,0,0,0,0.217391304347826,0.146981627296588,0.428974095629351,0,0,0,0,0,0,0,16.9
2025,13,2025_13_ARI_TB,00-0037744,T.McBride,TE,ARI,TB,9,8,82,1,95,26,3,2,1,0,0.243243243243243,0.328719723183391,0.594968671093239,0,0,0,0,0,0,0,22.2
2025,14,2025_14_LA_ARI,00-0037744,T.McBride,TE,ARI,LA,9,5,58,0,71,37,2,2,1,0,0.204545454545455,0.201704545454545,0.448011363636364,0,0,0,0,0,0,0,10.8
2025,15,2025_15_ARI_HOU,00-0037744,T.McBride,TE,ARI,HOU,13,12,134,2,50,95,6,5,3,0,0.342105263157895,0.1953125,0.649876644736842,0,0,0,0,0,0,0,37.4
2025,16,2025_16_ATL_ARI,00-0037744,T.McBride,TE,ARI,ATL,8,4,27,0,42,15,1,0,0,0,0.275862068965517,0.184210526315789,0.542740471869329,0,0,0,0,0,0,0,6.7
2025,17,2025_17_ARI_CIN,00-0037744,T.McBride,TE,ARI,CIN,13,10,76,1,97,39,3,1,0,0,0.371428571428571,0.340350877192982,0.795388471177945,0,0,0,0,0,0,0,23.6
2025,18,2025_18_ARI_LA,00-0037744,T.McBride,TE,ARI,LA,8,7,65,0,39,31,1,1,1,0,0.285714285714286,0.155378486055777,0.537336368810473,0,0,0,0,0,0,0,13.5
2025,1,2025_01_ARI_NO,00-0037745,V.Jones,WR,NO,ARI,0,0,0,0,0,0,0,0,0,0,0,0,0,0,0,0,0,0,0,0,0
2025,3,2025_03_NO_SEA,00-0037745,V.Jones,WR,NO,SEA,0,0,0,0,0,0,0,0,0,0,0,0,0,0,0,0,0,0,0,0,0
2025,4,2025_04_NO_BUF,00-0037745,V.Jones,WR,NO,BUF,0,0,0,0,0,0,0,0,0,0,0,0,0,0,0,0,0,0,0,0,0
2025,5,2025_05_NYG_NO,00-0037745,V.Jones,WR,NO,NYG,0,0,0,0,0,0,0,0,0,0,0,0,0,0,0,0,0,0,0,0,0
2025,14,2025_14_SEA_ATL,00-0037745,V.Jones,WR,SEA,ATL,0,0,0,0,0,0,0,0,0,0,0,0,0,4,32,0,1,1,1,0,3.2
2025,11,2025_11_SF_ARI,00-0037746,B.Robinson,RB,SF,ARI,1,0,0,0,2,0,0,0,0,0,0.04,0.0106382978723404,0.0674468085106383,8,24,0,0,0,0,0,2.4
2025,12,2025_12_CAR_SF,00-0037746,B.Robinson,RB,SF,CAR,2,1,4,0,2,3,0,0,0,0,0.0625,0.0102564102564103,0.100929487179487,7,40,0,1,1,0,0,5.4
2025,13,2025_13_SF_CLE,00-0037746,B.Robinson,RB,SF,CLE,0,0,0,0,0,0,0,0,0,0,0,0,0,8,26,0,0,0,0,0,2.6
2025,15,2025_15_TEN_SF,00-0037746,B.Robinson,RB,SF,TEN,0,0,0,0,0,0,0,0,0,0,0,0,0,9,21,0,0,0,0,0,2.1
2025,16,2025_16_SF_IND,00-0037746,B.Robinson,RB,SF,IND,1,0,0,0,2,0,0,0,0,0,0.0303030303030303,0.00617283950617284,0.0497755331088664,5,20,0,1,0,0,0,2
2025,17,2025_17_CHI_SF,00-0037746,B.Robinson,RB,SF,CHI,1,1,6,0,-6,12,0,0,0,0,0.0303030303030303,-0.0237154150197628,0.0288537549407115,4,22,0,1,1,0,0,3.8
2025,18,2025_18_SEA_SF,00-0037746,B.Robinson,RB,SF,SEA,0,0,0,0,0,0,0,0,0,0,0,0,0,2,9,0,0,0,0,0,0.9
2025,12,2025_12_PHI_DAL,00-0037801,K.Turpin,WR,DAL,PHI,2,1,48,0,12,35,1,1,1,1,0.0571428571428571,0.0327868852459016,0.108665105386417,2,4,0,0,0,0,0,4.2
2025,13,2025_13_KC_DAL,00-0037801,K.Turpin,WR,DAL,KC,2,2,28,0,0,28,1,1,0,0,0.0540540540540541,0,0.0810810810810811,3,33,0,1,1,1,0,8.1
2025,14,2025_14_DAL_DET,00-0037801,K.Turpin,WR,DAL,DET,2,2,26,0,12,14,1,1,1,0,0.0425531914893617,0.0241448692152918,0.0807311956847468,1,4,0,0,0,0,0,5
2025,15,2025_15_MIN_DAL,00-0037801,K.Turpin,WR,DAL,MIN,2,2,10,0,-4,14,0,0,0,0,0.0571428571428571,-0.0144927536231884,0.0755693581780538,1,2,0,0,0,0,0,3.2
2025,16,2025_16_LAC_DAL,00-0037801,K.Turpin,WR,DAL,LAC,4,2,14,0,74,8,0,0,0,0,0.125,0.237179487179487,0.353525641025641,2,13,0,0,0,0,0,4.7
2025,17,2025_17_DAL_WAS,00-0037801,K.Turpin,WR,DAL,WAS,1,1,86,1,40,46,1,1,1,1,0.0277777777777778,0.104712041884817,0.114965095986038,0,0,0,0,0,0,0,15.6
2025,18,2025_18_DAL_NYG,00-0037801,K.Turpin,WR,DAL,NYG,1,0,0,0,35,0,0,0,0,0,0.0434782608695652,0.196629213483146,0.20285784074255,1,7,0,0,0,0,0,0.7
2025,10,2025_10_CLE_NYJ,00-0037805,J.Ruckert,TE,NYJ,CLE,1,1,0,0,-3,3,0,0,0,0,0.0909090909090909,-0.0789473684210526,0.0811004784688995,0,0,0,0,0,0,0,1
2025,11,2025_11_NYJ_NE,00-0037805,J.Ruckert,TE,NYJ,NE,5,4,23,0,18,10,1,0,0,0,0.192307692307692,0.0853080568720379,0.348177178271965,0,0,0,0,0,0,0,6.3
2025,13,2025_13_ATL_NYJ,00-0037805,J.Ruckert,TE,NYJ,ATL,2,2,12,0,8,4,0,0,0,0,0.0645161290322581,0.0250783699059561,0.114329052482556,0,0,0,0,0,0,0,3.2
2025,14,2025_14_MIA_NYJ,00-0037805,J.Ruckert,TE,NYJ,MIA,3,2,19,0,12,12,1,0,0,0,0.09375,0.041522491349481,0.169690743944637,0,0,0,0,0,0,0,3.9
2025,15,2025_15_NYJ_JAX,00-0037805,J.Ruckert,TE,NYJ,JAX,2,2,13,0,4,9,1,0,0,0,0.0625,0.0187793427230047,0.106895539906103,0,0,0,0,0,0,0,3.3
2025,16,2025_16_NYJ_NO,00-0037805,J.Ruckert,TE,NYJ,NO,3,2,14,0,13,7,1,0,0,0,0.0882352941176471,0.0797546012269939,0.188181162035366,0,0,0,0,0,0,0,3.4
2025,17,2025_17_NE_NYJ,00-0037805,J.Ruckert,TE,NYJ,NE,3,1,2,0,4,0,0,0,0,0,0.09375,0.0266666666666667,0.159291666666667,0,0,0,0,0,0,0,1.2
2025,12,2025_12_SEA_TEN,00-0037809,C.Okonkwo,TE,TEN,SEA,4,3,40,0,20,17,2,1,1,0,0.105263157894737,0.102564102564103,0.229689608636977,0,0,0,0,0,0,0,7
2025,13,2025_13_JAX_TEN,00-0037809,C.Okonkwo,TE,TEN,JAX,5,4,29,0,40,3,1,1,0,0,0.142857142857143,0.161290322580645,0.327188940092166,0,0,0,0,0,0,0,6.9
2025,14,2025_14_TEN_CLE,00-0037809,C.Okonkwo,TE,TEN,CLE,2,2,20,0,1,19,1,0,0,0,0.08,0.00574712643678161,0.124022988505747,0,0,0,0,0,0,0,4
2025,15,2025_15_TEN_SF,00-0037809,C.Okonkwo,TE,TEN,SF,6,4,33,0,0,34,2,1,0,0,0.222222222222222,0,0.333333333333333,0,0,0,0,0,0,0,7.3
2025,16,2025_16_KC_TEN,00-0037809,C.Okonkwo,TE,TEN,KC,8,6,44,1,4,39,2,0,0,0,0.296296296296296,0.0245398773006135,0.461622358554874,0,0,0,0,0,0,0,16.4
2025,17,2025_17_NO_TEN,00-0037809,C.Okonkwo,TE,TEN,NO,7,3,55,1,58,46,1,1,1,1,0.2,0.155495978552279,0.408847184986595,0,0,0,0,0,0,0,14.5
2025,18,2025_18_TEN_JAX,00-0037809,C.Okonkwo,TE,TEN,JAX,5,2,2,0,15,0,0,0,0,0,0.151515151515152,0.118110236220472,0.309949892627058,0,0,0,0,0,0,0,2.2
2025,11,2025_11_GB_NYG,00-0037816,R.Doubs,WR,GB,NYG,8,4,53,0,91,18,3,1,1,0,0.32,0.310580204778157,0.69740614334471,0,0,0,0,0,0,0,9.3
2025,12,2025_12_MIN_GB,00-0037816,R.Doubs,WR,GB,MIN,3,2,23,0,17,2,1,1,0,0,0.142857142857143,0.096045197740113,0.281517352703793,0,0,0,0,0,0,0,4.3
2025,13,2025_13_GB_DET,00-0037816,R.Doubs,WR,GB,DET,4,4,20,1,11,9,0,0,0,0,0.137931034482759,0.0320699708454811,0.229345531315975,0,0,0,0,0,0,0,12
2025,14,2025_14_CHI_GB,00-0037816,R.Doubs,WR,GB,CHI,2,0,0,0,65,0,0,0,0,0,0.0869565217391304,0.209003215434084,0.276737033412554,0,0,0,0,0,0,0,0
2025,15,2025_15_GB_DEN,00-0037816,R.Doubs,WR,GB,DEN,3,2,36,0,32,11,2,1,1,0,0.0833333333333333,0.0707964601769912,0.174557522123894,0,0,0,0,0,0,0,5.6
2025,16,2025_16_GB_CHI,00-0037816,R.Doubs,WR,GB,CHI,6,5,84,1,71,18,4,2,2,0,0.25,0.427710843373494,0.674397590361446,0,0,0,0,0,0,0,19.4
2025,17,2025_17_BAL_GB,00-0037816,R.Doubs,WR,GB,BAL,3,3,62,0,49,13,2,1,1,1,0.12,0.168384879725086,0.29786941580756,0,0,0,0,0,0,0,9.2
2025,11,2025_11_SF_ARI,00-0037834,B.Purdy,QB,SF,ARI,0,0,0,0,0,0,0,0,0,0,0,0,0,1,-7,0,0,0,0,0,19.3
2025,12,2025_12_CAR_SF,00-0037834,B.Purdy,QB,SF,CAR,0,0,0,0,0,0,0,0,0,0,0,0,0,6,16,0,0,0,0,0,7.32
2025,13,2025_13_SF_CLE,00-0037834,B.Purdy,QB,SF,CLE,0,0,0,0,0,0,0,0,0,0,0,0,0,2,4,1,0,0,0,0,17.12
2025,15,2025_15_TEN_SF,00-0037834,B.Purdy,QB,SF,TEN,0,0,0,0,0,0,0,0,0,0,0,0,0,7,44,0,1,1,1,0,26.2
2025,16,2025_16_SF_IND,00-0037834,B.Purdy,QB,SF,IND,0,0,0,0,0,0,0,0,0,0,0,0,0,2,11,0,0,0,0,0,30.9
2025,17,2025_17_CHI_SF,00-0037834,B.Purdy,QB,SF,CHI,0,0,0,0,0,0,0,0,0,0,0,0,0,6,28,2,1,0,0,0,36.92
2025,18,2025_18_SEA_SF,00-0037834,B.Purdy,QB,SF,SEA,0,0,0,0,0,0,0,0,0,0,0,0,0,2,21,0,2,0,0,0,5.18
2025,11,2025_11_CIN_PIT,00-0037837,C.Austin,WR,PIT,CIN,1,1,5,0,4,1,0,0,0,0,0.0344827586206897,0.0300751879699248,0.0727767695099819,0,0,0,0,0,0,0,1.5
2025,12,2025_12_PIT_CHI,00-0037837,C.Austin,WR,PIT,CHI,5,4,36,0,26,23,2,1,0,0,0.161290322580645,0.13265306122449,0.334792626728111,0,0,0,0,0,0,0,7.6
2025,13,2025_13_BUF_PIT,00-0037837,C.Austin,WR,PIT,BUF,2,0,0,0,33,0,0,0,0,0,0.0909090909090909,0.272727272727273,0.327272727272727,0,0,0,0,0,0,0,0
2025,14,2025_14_PIT_BAL,00-0037837,C.Austin,WR,PIT,BAL,2,1,31,0,24,10,1,1,1,0,0.0606060606060606,0.113207547169811,0.170154373927959,0,0,0,0,0,0,0,4.1
2025,15,2025_15_MIA_PIT,00-0037837,C.Austin,WR,PIT,MIA,1,0,0,0,6,0,0,0,0,0,0.037037037037037,0.0652173913043478,0.101207729468599,0,0,0,0,0,0,0,0
2025,16,2025_16_PIT_DET,00-0037837,C.Austin,WR,PIT,DET,1,1,8,0,8,0,0,0,0,0,0.0263157894736842,0.0238805970149254,0.0561901021209741,0,0,0,0,0,0,0,1.8
2025,18,2025_18_BAL_PIT,00-0037837,C.Austin,WR,PIT,BAL,7,3,55,1,109,10,3,2,1,0,0.159090909090909,0.335384615384615,0.473405594405594,0,0,0,0,0,0,0,14.5
2025,12,2025_12_TB_LA,00-0037840,K.Williams,RB,LA,TB,1,1,2,0,2,0,0,0,0,0,0.0294117647058824,0.00803212851405622,0.0497401370186629,12,46,0,0,0,0,0,5.8
2025,13,2025_13_LA_CAR,00-0037840,K.Williams,RB,LA,CAR,1,0,0,0,-5,0,0,0,0,0,0.037037037037037,-0.0226244343891403,0.0397184514831574,13,72,1,1,1,0,0,13.2
2025,14,2025_14_LA_ARI,00-0037840,K.Williams,RB,LA,ARI,2,2,13,0,4,9,0,0,0,0,0.0645161290322581,0.0179372197309417,0.109330247360046,13,84,1,2,1,0,0,17.7
2025,15,2025_15_DET_LA,00-0037840,K.Williams,RB,LA,DET,1,1,10,0,2,8,1,0,0,0,0.0263157894736842,0.00424628450106157,0.0424460833612694,15,78,2,1,1,0,0,21.8
2025,16,2025_16_LA_SEA,00-0037840,K.Williams,RB,LA,SEA,6,3,15,0,9,4,0,0,0,0,0.125,0.0188679245283019,0.200707547169811,23,70,0,0,0,0,0,11.5
2025,17,2025_17_LA_ATL,00-0037840,K.Williams,RB,LA,ATL,3,3,38,0,9,29,2,1,1,0,0.0833333333333333,0.0175438596491228,0.137280701754386,13,92,0,3,3,2,0,16
2025,18,2025_18_ARI_LA,00-0037840,K.Williams,RB,LA,ARI,5,3,21,0,18,9,0,0,0,0,0.135135135135135,0.0501392757660167,0.237800195738914,12,60,0,2,2,1,0,11.1
2025,1,2025_01_LV_NE,00-0038040,Z.White,RB,LV,NE,0,0,0,0,0,0,0,0,0,0,0,0,0,3,8,0,0,0,0,0,0.8
2025,2,2025_02_LAC_LV,00-0038040,Z.White,RB,LV,LAC,3,2,15,0,-3,14,0,0,0,0,0.0697674418604651,-0.0103092783505155,0.0974346679453368,2,-2,0,0,0,0,0,3.3
2025,3,2025_03_LV_WAS,00-0038040,Z.White,RB,LV,WAS,2,1,4,0,3,2,0,0,0,0,0.0740740740740741,0.00983606557377049,0.11799635701275,5,19,0,0,0,0,0,3.3
2025,17,2025_17_NYG_LV,00-0038040,Z.White,RB,LV,NYG,0,0,0,0,0,0,0,0,0,0,0,0,0,1,2,0,0,0,0,0,0.2
2025,18,2025_18_KC_LV,00-0038040,Z.White,RB,LV,KC,1,1,5,0,-3,8,0,0,0,0,0.0384615384615385,-0.0132743362831858,0.0484002722940776,1,5,0,0,0,0,0,2
2025,12,2025_12_PHI_DAL,00-0038041,J.Ferguson,TE,DAL,PHI,6,5,60,0,35,26,3,2,0,0,0.171428571428571,0.0956284153005464,0.32408274785324,1,1,0,0,0,0,0,11.1
2025,13,2025_13_KC_DAL,00-0038041,J.Ferguson,TE,DAL,KC,6,5,36,0,19,30,2,0,0,0,0.162162162162162,0.0739299610894942,0.294994216005889,0,0,0,0,0,0,0,8.6
2025,14,2025_14_DAL_DET,00-0038041,J.Ferguson,TE,DAL,DET,7,5,58,0,61,12,4,1,0,0,0.148936170212766,0.122736418511066,0.309319748276895,0,0,0,0,0,0,0,10.8
2025,15,2025_15_MIN_DAL,00-0038041,J.Ferguson,TE,DAL,MIN,4,2,16,0,34,13,0,0,0,0,0.114285714285714,0.123188405797101,0.257660455486542,0,0,0,0,0,0,0,3.6
2025,16,2025_16_LAC_DAL,00-0038041,J.Ferguson,TE,DAL,LAC,4,3,19,0,26,1,0,0,0,0,0.125,0.0833333333333333,0.245833333333333,0,0,0,0,0,0,0,4.9
2025,17,2025_17_DAL_WAS,00-0038041,J.Ferguson,TE,DAL,WAS,2,1,6,1,11,0,0,0,0,0,0.0555555555555556,0.0287958115183246,0.103490401396161,0,0,0,0,0,0,0,7.6
2025,18,2025_18_DAL_NYG,00-0038041,J.Ferguson,TE,DAL,NYG,2,1,5,0,0,5,0,0,0,0,0.0869565217391304,0,0.130434782608696,0,0,0,0,0,0,0,1.5
2025,11,2025_11_SF_ARI,00-0038090,S.Moore,WR,SF,ARI,0,0,0,0,0,0,0,0,0,0,0,0,0,0,0,0,0,0,0,0,0
2025,12,2025_12_CAR_SF,00-0038090,S.Moore,WR,SF,CAR,0,0,0,0,0,0,0,0,0,0,0,0,0,0,0,0,0,0,0,0,0
2025,13,2025_13_SF_CLE,00-0038090,S.Moore,WR,SF,CLE,0,0,0,0,0,0,0,0,0,0,0,0,0,0,0,0,0,0,0,0,0
2025,15,2025_15_TEN_SF,00-0038090,S.Moore,WR,SF,TEN,0,0,0,0,0,0,0,0,0,0,0,0,0,0,0,0,0,0,0,0,0
2025,16,2025_16_SF_IND,00-0038090,S.Moore,WR,SF,IND,1,1,23,0,21,2,1,1,1,0,0.0303030303030303,0.0648148148148148,0.0908249158249158,0,0,0,0,0,0,0,3.3
2025,17,2025_17_CHI_SF,00-0038090,S.Moore,WR,SF,CHI,0,0,0,0,0,0,0,0,0,0,0,0,0,1,10,0,1,0,0,0,1
2025,18,2025_18_SEA_SF,00-0038090,S.Moore,WR,SF,SEA,0,0,0,0,0,0,0,0,0,0,0,0,0,0,0,0,0,0,0,0,0
2025,7,2025_07_LV_KC,00-0038104,T.Thornton,WR,KC,LV,2,1,39,0,78,3,1,1,1,0,0.0588235294117647,0.376811594202899,0.352003410059676,0,0,0,0,0,0,0,4.9
2025,9,2025_09_KC_BUF,00-0038104,T.Thornton,WR,KC,BUF,1,0,0,0,40,0,0,0,0,0,0.0344827586206897,0.0811359026369168,0.108519269776876,0,0,0,0,0,0,0,0
2025,11,2025_11_KC_DEN,00-0038104,T.Thornton,WR,KC,DEN,2,1,61,0,86,16,1,1,1,1,0.0465116279069768,0.265432098765432,0.255569910996268,0,0,0,0,0,0,0,7.1
2025,12,2025_12_IND_KC,00-0038104,T.Thornton,WR,KC,IND,1,0,0,0,43,0,0,0,0,0,0.0232558139534884,0.122507122507123,0.120638706685218,0,0,0,0,0,0,0,0
2025,13,2025_13_KC_DAL,00-0038104,T.Thornton,WR,KC,DAL,0,0,0,0,0,0,0,0,0,0,0,0,0,0,0,0,0,0,0,0,0
2025,14,2025_14_HOU_KC,00-0038104,T.Thornton,WR,KC,HOU,3,2,19,0,67,0,1,0,0,0,0.103448275862069,0.231833910034602,0.317456150817325,0,0,0,0,0,0,0,3.9
2025,15,2025_15_LAC_KC,00-0038104,T.Thornton,WR,KC,LAC,3,2,47,0,83,5,2,2,2,0,0.1,0.332,0.3824,0,0,0,0,0,0,0,6.7
2025,8,2025_08_NYG_PHI,00-0038115,D.Bellinger,TE,NYG,PHI,1,1,21,0,19,2,1,1,1,0,0.0454545454545455,0.0808510638297872,0.124777562862669,0,0,0,0,0,0,0,3.1
2025,10,2025_10_NYG_CHI,00-0038115,D.Bellinger,TE,NYG,CHI,2,1,8,0,20,7,0,0,0,0,0.0625,0.0687285223367698,0.141859965635739,0,0,0,0,0,0,0,1.8
2025,11,2025_11_GB_NYG,00-0038115,D.Bellinger,TE,NYG,GB,1,0,0,0,3,0,0,0,0,0,0.0344827586206897,0.0136986301369863,0.0613131790269249,0,0,0,0,0,0,0,0
2025,12,2025_12_NYG_DET,00-0038115,D.Bellinger,TE,NYG,DET,2,0,0,0,21,0,0,0,0,0,0.0588235294117647,0.0513447432762836,0.124176614411046,0,0,0,0,0,0,0,0
2025,15,2025_15_WAS_NYG,00-0038115,D.Bellinger,TE,NYG,WAS,4,3,35,0,25,27,3,0,0,0,0.111111111111111,0.0581395348837209,0.207364341085271,0,0,0,0,0,0,0,6.5
2025,17,2025_17_NYG_LV,00-0038115,D.Bellinger,TE,NYG,LV,3,2,11,0,12,11,0,0,0,0,0.103448275862069,0.0764331210191083,0.208675598506479,0,0,0,0,0,0,0,3.1
2025,18,2025_18_DAL_NYG,00-0038115,D.Bellinger,TE,NYG,DAL,2,2,38,1,4,34,1,1,1,0,0.0625,0.0217391304347826,0.108967391304348,0,0,0,0,0,0,0,11.8
2025,10,2025_10_NYG_CHI,00-0038117,W.Robinson,WR,NYG,CHI,11,6,62,0,62,25,3,0,0,0,0.34375,0.213058419243986,0.66476589347079,0,0,0,0,0,0,0,12.2
2025,11,2025_11_GB_NYG,00-0038117,W.Robinson,WR,NYG,GB,9,4,36,0,71,3,1,1,1,0,0.310344827586207,0.324200913242009,0.692457880648717,0,0,0,0,0,0,0,7.6
2025,12,2025_12_NYG_DET,00-0038117,W.Robinson,WR,NYG,DET,14,9,156,1,175,35,6,3,3,1,0.411764705882353,0.427872860635697,0.917158061268517,1,0,0,0,0,0,0,30.6
2025,13,2025_13_NYG_NE,00-0038117,W.Robinson,WR,NYG,NE,8,7,34,0,37,21,0,0,0,0,0.333333333333333,0.201086956521739,0.640760869565217,0,0,0,0,0,0,0,10.4
2025,15,2025_15_WAS_NYG,00-0038117,W.Robinson,WR,NYG,WAS,10,5,54,1,105,23,3,2,0,0,0.277777777777778,0.244186046511628,0.587596899224806,0,0,0,0,0,0,0,16.4
2025,16,2025_16_MIN_NYG,00-0038117,W.Robinson,WR,NYG,MIN,6,3,19,0,67,0,1,0,0,0,0.461538461538462,0.797619047619048,1.25064102564103,1,3,0,0,0,0,0,5.2
2025,17,2025_17_NYG_LV,00-0038117,W.Robinson,WR,NYG,LV,14,11,113,0,77,43,3,2,1,0,0.482758620689655,0.490445859872612,1.06745003294531,0,0,0,0,0,0,0,22.3
2025,11,2025_11_NYJ_NE,00-0038120,B.Hall,RB,NYJ,NE,2,2,6,0,-2,8,0,0,0,0,0.0769230769230769,-0.00947867298578199,0.108749544294568,14,58,0,1,0,0,0,8.4
2025,12,2025_12_NYJ_BAL,00-0038120,B.Hall,RB,NYJ,BAL,4,4,75,0,-2,77,3,1,1,1,0.148148148148148,-0.00694444444444444,0.217361111111111,16,44,0,0,0,0,0,13.9
2025,13,2025_13_ATL_NYJ,00-0038120,B.Hall,RB,NYJ,ATL,2,2,8,0,7,1,1,0,0,0,0.0645161290322581,0.0219435736677116,0.112134695115785,19,68,1,0,0,0,0,15.6
2025,14,2025_14_MIA_NYJ,00-0038120,B.Hall,RB,NYJ,MIA,1,0,0,0,0,0,0,0,0,0,0.03125,0,0.046875,14,43,0,1,0,0,0,4.3
2025,15,2025_15_NYJ_JAX,00-0038120,B.Hall,RB,NYJ,JAX,2,2,14,0,-2,16,0,0,0,0,0.0625,-0.00938967136150235,0.0871772300469484,12,23,0,1,1,0,0,5.7
2025,16,2025_16_NYJ_NO,00-0038120,B.Hall,RB,NYJ,NO,3,2,9,0,-14,17,1,0,0,0,0.0882352941176471,-0.0858895705521472,0.0722302417899675,16,54,0,0,0,0,0,8.3
2025,17,2025_17_NE_NYJ,00-0038120,B.Hall,RB,NYJ,NE,3,2,18,0,-10,22,1,1,1,0,0.09375,-0.0666666666666667,0.0939583333333333,14,111,1,2,2,1,1,20.9
2025,11,2025_11_TB_BUF,00-0038129,C.Otton,TE,TB,BUF,5,2,28,0,35,8,1,1,0,0,0.185185185185185,0.178571428571429,0.402777777777778,0,0,0,0,0,0,0,4.8
2025,12,2025_12_TB_LA,00-0038129,C.Otton,TE,TB,LA,7,4,21,0,24,11,1,0,0,0,0.225806451612903,0.0956175298804781,0.405641948335689,0,0,0,0,0,0,0,6.1
2025,13,2025_13_ARI_TB,00-0038129,C.Otton,TE,TB,ARI,2,2,9,0,5,4,0,0,0,0,0.0769230769230769,0.0240384615384615,0.132211538461538,0,0,0,0,0,0,0,2.9
2025,14,2025_14_NO_TB,00-0038129,C.Otton,TE,TB,NO,4,3,19,0,25,13,0,0,0,0,0.142857142857143,0.108695652173913,0.290372670807453,0,0,0,0,0,0,0,4.9
2025,16,2025_16_TB_CAR,00-0038129,C.Otton,TE,TB,CAR,2,2,15,0,8,7,0,0,0,0,0.08,0.0529801324503311,0.157086092715232,0,0,0,0,0,0,0,3.5
2025,17,2025_17_TB_MIA,00-0038129,C.Otton,TE,TB,MIA,4,4,33,0,17,16,1,0,0,0,0.0909090909090909,0.0472222222222222,0.169419191919192,0,0,0,0,0,0,0,7.3
2025,18,2025_18_CAR_TB,00-0038129,C.Otton,TE,TB,CAR,9,7,94,1,47,53,5,3,2,0,0.409090909090909,0.330985915492958,0.845326504481434,0,0,0,0,0,0,0,22.4
2025,12,2025_12_SEA_TEN,00-0038134,K.Walker,RB,SEA,TEN,4,3,30,0,-9,42,1,1,1,0,0.16,-0.036734693877551,0.214285714285714,11,71,0,4,2,0,0,13.1
2025,13,2025_13_MIN_SEA,00-0038134,K.Walker,RB,SEA,MIN,4,3,18,0,-12,27,1,0,0,0,0.173913043478261,-0.129032258064516,0.17054698457223,13,56,0,1,1,1,0,10.4
2025,14,2025_14_SEA_ATL,00-0038134,K.Walker,RB,SEA,ATL,3,1,-1,0,11,3,0,0,0,0,0.1,0.0431372549019608,0.180196078431373,10,29,0,1,0,0,0,3.8
2025,15,2025_15_IND_SEA,00-0038134,K.Walker,RB,SEA,IND,1,1,2,0,0,2,0,0,0,0,0.0303030303030303,0,0.0454545454545455,9,17,0,0,0,0,0,2.9
2025,16,2025_16_LA_SEA,00-0038134,K.Walker,RB,SEA,LA,3,3,64,0,-11,75,2,1,1,1,0.0967741935483871,-0.0544554455445545,0.107042478441393,11,100,1,2,2,1,1,25.4
2025,17,2025_17_SEA_CAR,00-0038134,K.Walker,RB,SEA,CAR,2,2,6,0,-8,14,0,0,0,0,0.0769230769230769,-0.0567375886524823,0.0756683033278778,15,51,0,2,1,0,0,7.7
2025,18,2025_18_SEA_SF,00-0038134,K.Walker,RB,SEA,SF,4,4,36,0,-14,50,2,1,1,0,0.153846153846154,-0.111111111111111,0.152991452991453,16,97,0,4,2,1,0,17.3
2025,11,2025_11_SEA_LA,00-0038359,X.Smith,WR,LA,SEA,2,1,8,0,13,0,0,0,0,0,0.0740740740740741,0.089041095890411,0.173439878234399,0,0,0,0,0,0,0,1.8
2025,13,2025_13_LA_CAR,00-0038359,X.Smith,WR,LA,CAR,3,3,82,0,50,32,2,2,2,1,0.111111111111111,0.226244343891403,0.325037707390649,0,0,0,0,0,0,0,11.2
2025,14,2025_14_LA_ARI,00-0038359,X.Smith,WR,LA,ARI,1,1,6,0,6,0,0,0,0,0,0.032258064516129,0.0269058295964126,0.0672211774916823,0,0,0,0,0,0,0,1.6
2025,15,2025_15_DET_LA,00-0038359,X.Smith,WR,LA,DET,0,0,0,0,0,0,0,0,0,0,0,0,0,0,0,0,0,0,0,0,0
2025,16,2025_16_LA_SEA,00-0038359,X.Smith,WR,LA,SEA,2,2,57,0,50,7,1,1,1,1,0.0416666666666667,0.10482180293501,0.135875262054507,0,0,0,0,0,0,0,7.7
2025,17,2025_17_LA_ATL,00-0038359,X.Smith,WR,LA,ATL,6,4,67,0,110,40,3,2,1,0,0.166666666666667,0.214424951267057,0.40009746588694,0,0,0,0,0,0,0,10.7
2025,18,2025_18_ARI_LA,00-0038359,X.Smith,WR,LA,ARI,2,1,6,0,37,0,0,0,0,0,0.0540540540540541,0.103064066852368,0.153225927877738,0,0,0,0,0,0,0,1.6
2025,10,2025_10_PHI_GB,00-0038393,D.Wicks,WR,GB,PHI,8,4,38,0,65,2,2,1,1,0,0.242424242424242,0.213815789473684,0.513307416267943,0,0,0,0,0,0,0,7.8
2025,11,2025_11_GB_NYG,00-0038393,D.Wicks,WR,GB,NYG,2,1,9,0,10,3,0,0,0,0,0.08,0.0341296928327645,0.143890784982935,0,0,0,0,0,0,0,1.9
2025,12,2025_12_MIN_GB,00-0038393,D.Wicks,WR,GB,MIN,4,2,32,0,52,16,2,1,0,0,0.19047619047619,0.293785310734463,0.49136400322841,0,0,0,0,0,0,0,5.2
2025,13,2025_13_GB_DET,00-0038393,D.Wicks,WR,GB,DET,7,6,94,2,85,12,4,4,2,0,0.241379310344828,0.247813411078717,0.535538353272344,1,6,0,0,0,0,0,28
2025,15,2025_15_GB_DEN,00-0038393,D.Wicks,WR,GB,DEN,2,1,6,0,22,0,0,0,0,0,0.0555555555555556,0.0486725663716814,0.11740412979351,0,0,0,0,0,0,0,1.6
2025,16,2025_16_GB_CHI,00-0038393,D.Wicks,WR,GB,CHI,2,2,12,0,9,3,0,0,0,0,0.0833333333333333,0.0542168674698795,0.162951807228916,0,0,0,0,0,0,0,3.2
2025,17,2025_17_BAL_GB,00-0038393,D.Wicks,WR,GB,BAL,1,1,7,0,6,1,0,0,0,0,0.04,0.0206185567010309,0.0744329896907217,0,0,0,0,0,0,0,1.7
2025,6,2025_06_SEA_JAX,00-0038488,B.Russell,RB,SEA,JAX,0,0,0,0,0,0,0,0,0,0,0,0,0,0,0,0,0,0,0,0,0
2025,7,2025_07_HOU_SEA,00-0038488,B.Russell,RB,SEA,HOU,0,0,0,0,0,0,0,0,0,0,0,0,0,0,0,0,0,0,0,0,0
2025,10,2025_10_ARI_SEA,00-0038488,B.Russell,RB,SEA,ARI,0,0,0,0,0,0,0,0,0,0,0,0,0,0,0,0,0,0,0,0,0
2025,11,2025_11_SEA_LA,00-0038488,B.Russell,RB,SEA,LA,0,0,0,0,0,0,0,0,0,0,0,0,0,0,0,0,0,0,0,0,0
2025,12,2025_12_SEA_TEN,00-0038488,B.Russell,RB,SEA,TEN,0,0,0,0,0,0,0,0,0,0,0,0,0,0,0,0,0,0,0,0,0
2025,15,2025_15_IND_SEA,00-0038488,B.Russell,RB,SEA,IND,1,0,0,0,0,0,0,0,0,0,0.0303030303030303,0,0.0454545454545455,0,0,0,0,0,0,0,0
2025,16,2025_16_LA_SEA,00-0038488,B.Russell,RB,SEA,LA,0,0,0,0,0,0,0,0,0,0,0,0,0,0,0,0,0,0,0,0,0
2025,1,2025_01_KC_LAC,00-0038492,J.Brownlee,WR,KC,LAC,1,0,0,0,9,0,0,0,0,0,0.0263157894736842,0.033210332103321,0.062720916682851,0,0,0,0,0,0,0,0
2025,5,2025_05_KC_JAX,00-0038492,J.Brownlee,WR,KC,JAX,0,0,0,0,0,0,0,0,0,0,0,0,0,0,0,0,0,0,0,0,0
2025,6,2025_06_DET_KC,00-0038492,J.Brownlee,WR,KC,DET,0,0,0,0,0,0,0,0,0,0,0,0,0,0,0,0,0,0,0,0,0
2025,1,2025_01_PIT_NYJ,00-0038496,X.Gipson,WR,NYJ,PIT,0,0,0,0,0,0,0,0,0,0,0,0,0,0,0,0,0,0,0,0,0
2025,7,2025_07_PHI_MIN,00-0038496,X.Gipson,WR,PHI,MIN,0,0,0,0,0,0,0,0,0,0,0,0,0,0,0,0,0,0,0,0,0
2025,8,2025_08_NYG_PHI,00-0038496,X.Gipson,WR,PHI,NYG,1,1,3,0,-5,8,0,0,0,0,0.05,-0.0340136054421769,0.0511904761904762,0,0,0,0,0,0,0,1.3
2025,10,2025_10_PHI_GB,00-0038496,X.Gipson,WR,PHI,GB,0,0,0,0,0,0,0,0,0,0,0,0,0,0,0,0,0,0,0,0,0
2025,11,2025_11_DET_PHI,00-0038496,X.Gipson,WR,PHI,DET,0,0,0,0,0,0,0,0,0,0,0,0,0,0,0,0,0,0,0,0,0
2025,12,2025_12_PHI_DAL,00-0038496,X.Gipson,WR,PHI,DAL,1,1,3,0,-4,7,0,0,0,0,0.0277777777777778,-0.0136518771331058,0.0321103526734926,0,0,0,0,0,0,0,1.3
2025,8,2025_08_WAS_KC,00-0038519,N.Remigio,WR,KC,WAS,0,0,0,0,0,0,0,0,0,0,0,0,0,0,0,0,0,0,0,0,0
2025,9,2025_09_KC_BUF,00-0038519,N.Remigio,WR,KC,BUF,0,0,0,0,0,0,0,0,0,0,0,0,0,0,0,0,0,0,0,0,0
2025,11,2025_11_KC_DEN,00-0038519,N.Remigio,WR,KC,DEN,0,0,0,0,0,0,0,0,0,0,0,0,0,0,0,0,0,0,0,0,0
2025,12,2025_12_IND_KC,00-0038519,N.Remigio,WR,KC,IND,0,0,0,0,0,0,0,0,0,0,0,0,0,0,0,0,0,0,0,0,0
2025,13,2025_13_KC_DAL,00-0038519,N.Remigio,WR,KC,DAL,0,0,0,0,0,0,0,0,0,0,0,0,0,0,0,0,0,0,0,0,0
2025,15,2025_15_LAC_KC,00-0038519,N.Remigio,WR,KC,LAC,0,0,0,0,0,0,0,0,0,0,0,0,0,0,0,0,0,0,0,0,0
2025,16,2025_16_KC_TEN,00-0038519,N.Remigio,WR,KC,TEN,0,0,0,0,0,0,0,0,0,0,0,0,0,0,0,0,0,0,0,0,0
2025,12,2025_12_ATL_NO,00-0038542,B.Robinson,RB,ATL,NO,2,2,37,0,-10,47,1,1,1,0,0.1,-0.0591715976331361,0.108579881656805,14,70,0,2,2,1,0,14.7
2025,13,2025_13_ATL_NYJ,00-0038542,B.Robinson,RB,ATL,NYJ,7,5,51,0,-6,68,1,1,1,1,0.225806451612903,-0.038961038961039,0.311436950146628,23,142,1,5,4,1,0,30.3
2025,14,2025_14_SEA_ATL,00-0038542,B.Robinson,RB,ATL,SEA,2,2,8,0,1,7,0,0,0,0,0.0714285714285714,0.00490196078431373,0.110574229691877,20,86,0,1,0,0,0,9.4
2025,15,2025_15_ATL_TB,00-0038542,B.Robinson,RB,ATL,TB,11,8,82,0,32,95,2,2,1,0,0.268292682926829,0.0949554896142433,0.468907867120214,19,93,1,3,2,0,0,29.5
2025,16,2025_16_ATL_ARI,00-0038542,B.Robinson,RB,ATL,ARI,11,7,92,1,1,108,3,1,1,1,0.323529411764706,0.0050761421319797,0.488847417139445,16,76,0,3,2,1,0,29.8
2025,17,2025_17_LA_ATL,00-0038542,B.Robinson,RB,ATL,LA,8,5,34,1,12,42,1,0,0,0,0.4,0.0718562874251497,0.650299401197605,22,195,1,3,2,2,1,39.9
2025,18,2025_18_NO_ATL,00-0038542,B.Robinson,RB,ATL,NO,3,3,10,0,-17,27,1,0,0,0,0.1,-0.0769230769230769,0.0961538461538462,15,33,0,1,1,0,0,7.3
2025,12,2025_12_SEA_TEN,00-0038543,J.Smith-Njigba,WR,SEA,TEN,10,8,167,2,138,56,5,2,2,2,0.4,0.563265306122449,0.994285714285714,1,4,0,0,0,0,0,37.1
2025,13,2025_13_MIN_SEA,00-0038543,J.Smith-Njigba,WR,SEA,MIN,4,2,23,0,7,23,1,1,0,0,0.173913043478261,0.0752688172043011,0.313557737260402,0,0,0,0,0,0,0,4.3
2025,14,2025_14_SEA_ATL,00-0038543,J.Smith-Njigba,WR,SEA,ATL,10,7,92,2,106,34,3,2,2,0,0.333333333333333,0.415686274509804,0.790980392156863,1,-1,0,0,0,0,0,28.1
2025,15,2025_15_IND_SEA,00-0038543,J.Smith-Njigba,WR,SEA,IND,9,7,113,0,67,65,3,3,2,0,0.272727272727273,0.278008298755187,0.60369671821954,0,0,0,0,0,0,0,18.3
2025,16,2025_16_LA_SEA,00-0038543,J.Smith-Njigba,WR,SEA,LA,13,8,96,1,112,36,4,3,2,0,0.419354838709677,0.554455445544555,1.0171510699457,0,0,0,0,0,0,0,23.6
2025,17,2025_17_SEA_CAR,00-0038543,J.Smith-Njigba,WR,SEA,CAR,12,9,72,0,93,15,3,1,0,0,0.461538461538462,0.659574468085106,1.15400981996727,0,0,0,0,0,0,0,16.2
2025,18,2025_18_SEA_SF,00-0038543,J.Smith-Njigba,WR,SEA,SF,8,6,84,0,102,23,5,3,0,0,0.307692307692308,0.80952380952381,1.02820512820513,0,0,0,0,0,0,0,14.4
2025,9,2025_09_LAC_TEN,00-0038544,Q.Johnston,WR,LAC,TEN,6,4,53,1,59,11,2,2,1,0,0.214285714285714,0.189710610932476,0.454225999081305,0,0,0,0,0,0,0,15.3
2025,10,2025_10_PIT_LAC,00-0038544,Q.Johnston,WR,LAC,PIT,10,5,42,0,34,45,1,0,0,0,0.303030303030303,0.217948717948718,0.607109557109557,0,0,0,0,0,0,0,9.2
2025,11,2025_11_LAC_JAX,00-0038544,Q.Johnston,WR,LAC,JAX,3,0,0,0,40,0,0,0,0,0,0.125,0.217391304347826,0.339673913043478,0,0,0,0,0,0,0,0
2025,13,2025_13_LV_LAC,00-0038544,Q.Johnston,WR,LAC,LV,3,3,23,1,18,5,2,0,0,0,0.142857142857143,0.0904522613065327,0.277602297200287,0,0,0,0,0,0,0,11.3
2025,14,2025_14_PHI_LAC,00-0038544,Q.Johnston,WR,LAC,PHI,3,2,8,0,9,3,0,0,0,0,0.130434782608696,0.0333333333333333,0.218985507246377,0,0,0,0,0,0,0,2.8
2025,16,2025_16_LAC_DAL,00-0038544,Q.Johnston,WR,LAC,DAL,5,4,104,1,120,12,3,3,3,1,0.178571428571429,0.446096654275093,0.580124800849708,0,0,0,0,0,0,0,20.4
2025,17,2025_17_HOU_LAC,00-0038544,Q.Johnston,WR,LAC,HOU,8,5,98,0,165,12,3,2,1,1,0.258064516129032,0.589285714285714,0.799596774193548,0,0,0,0,0,0,0,14.8
2025,9,2025_09_ARI_DAL,00-0038547,L.Schoonmaker,TE,DAL,ARI,2,1,14,0,8,10,1,0,0,0,0.0555555555555556,0.02,0.0973333333333333,0,0,0,0,0,0,0,2.4
2025,12,2025_12_PHI_DAL,00-0038547,L.Schoonmaker,TE,DAL,PHI,1,0,0,0,24,0,0,0,0,0,0.0285714285714286,0.0655737704918033,0.0887587822014052,0,0,0,0,0,0,0,0
2025,13,2025_13_KC_DAL,00-0038547,L.Schoonmaker,TE,DAL,KC,1,1,1,0,-1,2,0,0,0,0,0.027027027027027,-0.00389105058365759,0.0378168051319802,0,0,0,0,0,0,0,1.1
2025,14,2025_14_DAL_DET,00-0038547,L.Schoonmaker,TE,DAL,DET,2,1,12,0,17,0,1,0,0,0,0.0425531914893617,0.03420523138833,0.0877734492058735,0,0,0,0,0,0,0,2.2
2025,15,2025_15_MIN_DAL,00-0038547,L.Schoonmaker,TE,DAL,MIN,1,1,29,0,6,23,1,1,1,0,0.0285714285714286,0.0217391304347826,0.0580745341614907,0,0,0,0,0,0,0,3.9
2025,17,2025_17_DAL_WAS,00-0038547,L.Schoonmaker,TE,DAL,WAS,2,2,15,0,5,10,1,0,0,0,0.0555555555555556,0.0130890052356021,0.0924956369982548,0,0,0,0,0,0,0,3.5
2025,18,2025_18_DAL_NYG,00-0038547,L.Schoonmaker,TE,DAL,NYG,1,1,12,0,1,11,1,0,0,0,0.0434782608695652,0.00561797752808989,0.0691499755740107,0,0,0,0,0,0,0,2.2
2025,1,2025_01_ARI_NO,00-0038551,K.Miller,RB,NO,ARI,0,0,0,0,0,0,0,0,0,0,0,0,0,5,24,0,1,0,0,0,2.4
2025,2,2025_02_SF_NO,00-0038551,K.Miller,RB,NO,SF,1,1,2,0,2,0,0,0,0,0,0.0294117647058824,0.008,0.0497176470588235,5,8,0,0,0,0,0,2
2025,3,2025_03_NO_SEA,00-0038551,K.Miller,RB,NO,SEA,2,2,9,0,-9,18,0,0,0,0,0.0487804878048781,-0.0259365994236311,0.0550151121107753,7,27,0,0,0,0,0,5.6
2025,4,2025_04_NO_BUF,00-0038551,K.Miller,RB,NO,BUF,0,0,0,0,0,0,0,0,0,0,0,0,0,11,65,1,3,3,0,0,12.5
2025,5,2025_05_NYG_NO,00-0038551,K.Miller,RB,NO,NYG,1,1,8,0,-1,9,0,0,0,0,0.032258064516129,-0.00416666666666667,0.0454704301075269,10,41,0,1,0,0,0,5.9
2025,6,2025_06_NE_NO,00-0038551,K.Miller,RB,NO,NE,1,1,11,0,3,8,1,0,0,0,0.0384615384615385,0.0135746606334842,0.0671945701357466,8,21,0,0,0,0,0,4.2
2025,7,2025_07_NO_CHI,00-0038551,K.Miller,RB,NO,CHI,0,0,0,0,0,0,0,0,0,0,0,0,0,1,7,0,0,0,0,0,0.7
2025,11,2025_11_DET_PHI,00-0038555,T.Bigsby,RB,PHI,DET,0,0,0,0,0,0,0,0,0,0,0,0,0,4,34,0,1,1,0,0,3.4
2025,12,2025_12_PHI_DAL,00-0038555,T.Bigsby,RB,PHI,DAL,0,0,0,0,0,0,0,0,0,0,0,0,0,1,8,0,0,0,0,0,0.8
2025,14,2025_14_PHI_LAC,00-0038555,T.Bigsby,RB,PHI,LAC,0,0,0,0,0,0,0,0,0,0,0,0,0,1,4,0,0,0,0,0,0.4
2025,15,2025_15_LV_PHI,00-0038555,T.Bigsby,RB,PHI,LV,1,0,0,0,1,0,0,0,0,0,0.0555555555555556,0.00757575757575758,0.0886363636363636,17,57,0,1,1,0,0,5.7
2025,16,2025_16_PHI_WAS,00-0038555,T.Bigsby,RB,PHI,WAS,0,0,0,0,0,0,0,0,0,0,0,0,0,4,37,1,2,2,1,0,9.7
2025,17,2025_17_PHI_BUF,00-0038555,T.Bigsby,RB,PHI,BUF,1,1,2,0,-1,3,0,0,0,0,0.0454545454545455,-0.00387596899224806,0.0654686398872445,2,7,0,0,0,0,0,1.9
2025,18,2025_18_WAS_PHI,00-0038555,T.Bigsby,RB,PHI,WAS,1,1,31,0,1,30,1,1,1,0,0.0294117647058824,0.00261096605744125,0.0459453232990324,16,75,1,3,2,0,0,17.6
2025,12,2025_12_JAX_ARI,00-0038559,M.Wilson,WR,ARI,JAX,15,10,118,0,153,17,7,2,1,0,0.326086956521739,0.401574803149606,0.770232796987333,0,0,0,0,0,0,0,21.8
2025,13,2025_13_ARI_TB,00-0038559,M.Wilson,WR,ARI,TB,7,3,36,0,91,9,3,1,0,0,0.189189189189189,0.314878892733564,0.504199008697279,0,0,0,0,0,0,0,6.6
2025,14,2025_14_LA_ARI,00-0038559,M.Wilson,WR,ARI,LA,16,11,142,2,193,33,7,3,2,0,0.363636363636364,0.548295454545455,0.929261363636364,0,0,0,0,0,0,0,37.2
2025,15,2025_15_ARI_HOU,00-0038559,M.Wilson,WR,ARI,HOU,11,5,54,1,151,8,3,1,0,0,0.289473684210526,0.58984375,0.847101151315789,0,0,0,0,0,0,0,16.4
2025,16,2025_16_ATL_ARI,00-0038559,M.Wilson,WR,ARI,ATL,3,2,52,1,53,4,2,2,2,0,0.103448275862069,0.232456140350877,0.317891712038717,0,0,0,0,0,0,0,13.2
2025,17,2025_17_ARI_CIN,00-0038559,M.Wilson,WR,ARI,CIN,10,5,89,1,100,57,4,1,1,0,0.285714285714286,0.350877192982456,0.674185463659148,0,0,0,0,0,0,0,19.9
2025,18,2025_18_ARI_LA,00-0038559,M.Wilson,WR,ARI,LA,8,5,99,1,147,23,4,3,3,1,0.285714285714286,0.585657370517928,0.838531587933978,0,0,0,0,0,0,0,20.9
2025,12,2025_12_CLE_LV,00-0038563,T.Tucker,WR,LV,CLE,10,3,28,0,188,11,2,1,0,0,0.238095238095238,0.520775623268698,0.721685793430946,0,0,0,0,0,0,0,5.8
2025,13,2025_13_LV_LAC,00-0038563,T.Tucker,WR,LV,LAC,3,3,20,0,14,6,0,0,0,0,0.136363636363636,0.186666666666667,0.335212121212121,0,0,0,0,0,0,0,5
2025,14,2025_14_DEN_LV,00-0038563,T.Tucker,WR,LV,DEN,5,2,24,0,76,4,2,0,0,0,0.178571428571429,0.311475409836066,0.485889929742389,0,0,0,0,0,0,0,4.4
2025,15,2025_15_LV_PHI,00-0038563,T.Tucker,WR,LV,PHI,3,0,0,0,25,0,0,0,0,0,0.12,0.235849056603774,0.345094339622642,0,0,0,0,0,0,0,0
2025,16,2025_16_LV_HOU,00-0038563,T.Tucker,WR,LV,HOU,5,4,43,0,43,20,2,0,0,0,0.227272727272727,0.226315789473684,0.49933014354067,2,11,0,0,0,0,0,9.4
2025,17,2025_17_NYG_LV,00-0038563,T.Tucker,WR,LV,NYG,6,5,49,0,16,28,1,1,1,0,0.214285714285714,0.0958083832335329,0.388494439692044,2,0,0,1,0,0,0,9.9
2025,18,2025_18_KC_LV,00-0038563,T.Tucker,WR,LV,KC,6,2,30,0,105,3,2,1,0,0,0.230769230769231,0.464601769911505,0.671375085091899,1,4,0,0,0,0,0,5.4
2025,8,2025_08_MIN_LAC,00-0038573,D.Davis,WR,LAC,MIN,0,0,0,0,0,0,0,0,0,0,0,0,0,0,0,0,0,0,0,0,0
2025,9,2025_09_LAC_TEN,00-0038573,D.Davis,WR,LAC,TEN,0,0,0,0,0,0,0,0,0,0,0,0,0,0,0,0,0,0,0,0,0
2025,10,2025_10_PIT_LAC,00-0038573,D.Davis,WR,LAC,PIT,1,1,3,0,-4,7,0,0,0,0,0.0303030303030303,-0.0256410256410256,0.0275058275058275,0,0,0,0,0,0,0,1.3
2025,11,2025_11_LAC_JAX,00-0038573,D.Davis,WR,LAC,JAX,1,0,0,0,31,0,0,0,0,0,0.0416666666666667,0.168478260869565,0.180434782608696,0,0,0,0,0,0,0,0
2025,13,2025_13_LV_LAC,00-0038573,D.Davis,WR,LAC,LV,0,0,0,0,0,0,0,0,0,0,0,0,0,0,0,0,0,0,0,0,0
2025,14,2025_14_PHI_LAC,00-0038573,D.Davis,WR,LAC,PHI,0,0,0,0,0,0,0,0,0,0,0,0,0,0,0,0,0,0,0,0,0
2025,18,2025_18_LAC_DEN,00-0038573,D.Davis,WR,LAC,DEN,1,1,7,0,6,1,0,0,0,0,0.0263157894736842,0.0151898734177215,0.0501065956029314,0,0,0,0,0,0,0,1.7
2025,8,2025_08_NYJ_CIN,00-0038576,C.Jones,WR,CIN,NYJ,0,0,0,0,0,0,0,0,0,0,0,0,0,0,0,0,0,0,0,0,0
2025,9,2025_09_CHI_CIN,00-0038576,C.Jones,WR,CIN,CHI,0,0,0,0,0,0,0,0,0,0,0,0,0,0,0,0,0,0,0,0,6
2025,11,2025_11_CIN_PIT,00-0038576,C.Jones,WR,CIN,PIT,0,0,0,0,0,0,0,0,0,0,0,0,0,0,0,0,0,0,0,0,0
2025,12,2025_12_NE_CIN,00-0038576,C.Jones,WR,CIN,NE,1,0,0,0,42,0,0,0,0,0,0.0294117647058824,0.125,0.131617647058824,0,0,0,0,0,0,0,0
2025,13,2025_13_CIN_BAL,00-0038576,C.Jones,WR,CIN,BAL,0,0,0,0,0,0,0,0,0,0,0,0,0,0,0,0,0,0,0,0,0
2025,14,2025_14_CIN_BUF,00-0038576,C.Jones,WR,CIN,BUF,0,0,0,0,0,0,0,0,0,0,0,0,0,0,0,0,0,0,0,0,0
2025,15,2025_15_BAL_CIN,00-0038576,C.Jones,WR,CIN,BAL,0,0,0,0,0,0,0,0,0,0,0,0,0,0,0,0,0,0,0,0,0
2025,1,2025_01_LV_NE,00-0038590,J.Shorter,TE,LV,NE,0,0,0,0,0,0,0,0,0,0,0,0,0,0,0,0,0,0,0,0,0
2025,4,2025_04_CHI_LV,00-0038590,J.Shorter,TE,LV,CHI,0,0,0,0,0,0,0,0,0,0,0,0,0,0,0,0,0,0,0,0,0
2025,6,2025_06_TEN_LV,00-0038590,J.Shorter,TE,LV,TEN,0,0,0,0,0,0,0,0,0,0,0,0,0,0,0,0,0,0,0,0,0
2025,12,2025_12_NE_CIN,00-0038597,C.Brown,RB,CIN,NE,4,2,23,0,-9,25,1,1,0,0,0.117647058823529,-0.0267857142857143,0.157720588235294,19,107,0,3,2,1,0,15
2025,13,2025_13_CIN_BAL,00-0038597,C.Brown,RB,CIN,BAL,7,7,35,0,-11,46,0,0,0,0,0.159090909090909,-0.0289473684210526,0.218373205741627,15,78,0,3,2,0,0,18.3
2025,14,2025_14_CIN_BUF,00-0038597,C.Brown,RB,CIN,BUF,4,3,12,1,33,4,1,0,0,0,0.111111111111111,0.100303951367781,0.236879432624113,12,23,1,0,0,0,0,18.5
2025,15,2025_15_BAL_CIN,00-0038597,C.Brown,RB,CIN,BAL,7,7,37,0,8,29,0,0,0,0,0.194444444444444,0.028169014084507,0.311384976525822,13,53,0,1,0,0,0,16
2025,16,2025_16_CIN_MIA,00-0038597,C.Brown,RB,CIN,MIA,4,4,43,2,9,34,1,1,1,0,0.129032258064516,0.0483870967741936,0.22741935483871,12,66,1,2,2,0,0,32.9
2025,17,2025_17_ARI_CIN,00-0038597,C.Brown,RB,CIN,ARI,3,3,40,0,-6,46,2,1,0,0,0.0909090909090909,-0.0223880597014925,0.120691994572592,22,101,2,2,2,1,0,29.1
2025,18,2025_18_CLE_CIN,00-0038597,C.Brown,RB,CIN,CLE,6,4,18,1,-4,32,0,0,0,0,0.157894736842105,-0.0207253886010363,0.222334333242432,13,72,0,1,1,0,0,19
2025,11,2025_11_LAC_JAX,00-0038606,P.Washington,WR,JAX,LAC,2,2,20,0,19,1,1,0,0,0,0.0909090909090909,0.0979381443298969,0.204920337394564,0,0,0,0,0,0,0,4
2025,12,2025_12_JAX_ARI,00-0038606,P.Washington,WR,JAX,ARI,7,5,71,1,69,22,3,2,1,0,0.233333333333333,0.254612546125461,0.528228782287823,0,0,0,0,0,0,0,18.1
2025,13,2025_13_JAX_TEN,00-0038606,P.Washington,WR,JAX,TEN,3,1,26,0,63,2,1,1,1,0,0.12,0.233333333333333,0.343333333333333,0,0,0,0,0,0,0,3.6
2025,15,2025_15_NYJ_JAX,00-0038606,P.Washington,WR,JAX,NYJ,3,3,53,0,53,0,2,1,1,0,0.107142857142857,0.153179190751445,0.267939719240297,0,0,0,0,0,0,0,8.3
2025,16,2025_16_JAX_DEN,00-0038606,P.Washington,WR,JAX,DEN,10,6,145,1,134,91,5,4,4,1,0.285714285714286,0.476868327402135,0.762379257752923,0,0,0,0,0,0,0,26.5
2025,17,2025_17_JAX_IND,00-0038606,P.Washington,WR,JAX,IND,10,8,115,0,114,37,4,4,3,0,0.27027027027027,0.314917127071823,0.625847394355682,1,-5,0,0,0,0,0,19
2025,18,2025_18_TEN_JAX,00-0038606,P.Washington,WR,JAX,TEN,9,5,87,1,132,19,3,3,3,0,0.290322580645161,0.447457627118644,0.748704209950793,0,0,0,0,0,0,0,19.7
2025,8,2025_08_CLE_NE,00-0038608,K.Boutte,WR,NE,CLE,5,3,75,1,101,1,3,2,2,0,0.217391304347826,0.364620938628159,0.58132161356145,0,0,0,0,0,0,0,16.5
2025,9,2025_09_ATL_NE,00-0038608,K.Boutte,WR,NE,ATL,1,0,0,0,19,0,0,0,0,0,0.0357142857142857,0.0612903225806452,0.0964746543778802,0,0,0,0,0,0,0,0
2025,12,2025_12_NE_CIN,00-0038608,K.Boutte,WR,NE,CIN,2,2,15,0,12,3,0,0,0,0,0.0606060606060606,0.0404040404040404,0.119191919191919,0,0,0,0,0,0,0,3.5
2025,13,2025_13_NYG_NE,00-0038608,K.Boutte,WR,NE,NYG,5,4,35,1,57,5,2,0,0,0,0.166666666666667,0.23265306122449,0.412857142857143,0,0,0,0,0,0,0,13.5
2025,15,2025_15_BUF_NE,00-0038608,K.Boutte,WR,NE,BUF,1,1,30,0,26,4,1,1,1,0,0.0454545454545455,0.10655737704918,0.142771982116244,0,0,0,0,0,0,0,4
2025,16,2025_16_NE_BAL,00-0038608,K.Boutte,WR,NE,BAL,3,1,16,0,81,0,1,1,0,0,0.0714285714285714,0.170886075949367,0.226763110307414,0,0,0,0,0,0,0,2.6
2025,18,2025_18_MIA_NE,00-0038608,K.Boutte,WR,NE,MIA,4,2,24,0,75,4,2,0,0,0,0.2,0.291828793774319,0.504280155642023,0,0,0,0,0,0,0,4.4
2025,12,2025_12_BUF_HOU,00-0038618,X.Hutchinson,WR,HOU,BUF,0,0,0,0,0,0,0,0,0,0,0,0,0,1,9,0,0,0,0,0,0.9
2025,13,2025_13_HOU_IND,00-0038618,X.Hutchinson,WR,HOU,IND,5,2,39,0,78,16,2,1,1,0,0.15625,0.198979591836735,0.373660714285714,0,0,0,0,0,0,0,5.9
2025,14,2025_14_HOU_KC,00-0038618,X.Hutchinson,WR,HOU,KC,2,0,0,0,30,0,0,0,0,0,0.0740740740740741,0.0983606557377049,0.179963570127505,0,0,0,0,0,0,0,0
2025,15,2025_15_ARI_HOU,00-0038618,X.Hutchinson,WR,HOU,ARI,2,1,16,0,6,12,1,1,0,0,0.0769230769230769,0.0512820512820513,0.151282051282051,0,0,0,0,0,0,0,2.6
2025,16,2025_16_LV_HOU,00-0038618,X.Hutchinson,WR,HOU,LV,2,1,4,0,18,0,0,0,0,0,0.0588235294117647,0.059016393442623,0.129546769527483,0,0,0,0,0,0,0,1.4
2025,17,2025_17_HOU_LAC,00-0038618,X.Hutchinson,WR,HOU,LAC,3,2,21,0,22,16,2,0,0,0,0.115384615384615,0.0859375,0.233233173076923,1,8,0,0,0,0,0,4.9
2025,18,2025_18_IND_HOU,00-0038618,X.Hutchinson,WR,HOU,IND,9,5,84,0,85,35,3,3,2,0,0.321428571428571,0.440414507772021,0.790433012583272,0,0,0,0,0,0,0,13.4
2025,11,2025_11_NYJ_NE,00-0038621,D.Douglas,WR,NE,NYJ,3,3,36,0,17,19,1,1,1,0,0.0909090909090909,0.0426065162907268,0.166188197767145,1,-5,0,0,0,0,0,6.1
2025,12,2025_12_NE_CIN,00-0038621,D.Douglas,WR,NE,CIN,1,1,37,0,36,1,1,1,1,0,0.0303030303030303,0.121212121212121,0.13030303030303,1,14,0,1,1,0,0,6.1
2025,13,2025_13_NYG_NE,00-0038621,D.Douglas,WR,NE,NYG,3,3,33,0,23,10,1,0,0,0,0.1,0.0938775510204082,0.215714285714286,0,0,0,0,0,0,0,6.3
2025,15,2025_15_BUF_NE,00-0038621,D.Douglas,WR,NE,BUF,0,0,0,0,0,0,0,0,0,0,0,0,0,1,5,0,0,0,0,0,0.5
2025,16,2025_16_NE_BAL,00-0038621,D.Douglas,WR,NE,BAL,2,1,6,0,6,10,0,0,0,0,0.0476190476190476,0.0126582278481013,0.0802893309222423,0,0,0,0,0,0,0,1.6
2025,17,2025_17_NE_NYJ,00-0038621,D.Douglas,WR,NE,NYJ,2,1,10,0,19,13,1,0,0,0,0.08,0.0863636363636364,0.180454545454545,0,0,0,0,0,0,0,2
2025,18,2025_18_MIA_NE,00-0038621,D.Douglas,WR,NE,MIA,3,2,29,0,48,31,1,1,1,0,0.15,0.186770428015564,0.355739299610895,0,0,0,0,0,0,0,4.9
2025,12,2025_12_MIN_GB,00-0038685,C.Brooks,RB,GB,MIN,1,1,5,0,2,3,0,0,0,0,0.0476190476190476,0.0112994350282486,0.0793381759483454,8,21,0,1,0,0,0,3.6
2025,13,2025_13_GB_DET,00-0038685,C.Brooks,RB,GB,DET,2,2,9,0,5,4,0,0,0,0,0.0689655172413793,0.0145772594752187,0.113652357494722,0,0,0,0,0,0,0,2.9
2025,14,2025_14_CHI_GB,00-0038685,C.Brooks,RB,GB,CHI,1,1,6,0,-5,11,0,0,0,0,0.0434782608695652,-0.0160771704180064,0.0539633720117433,0,0,0,0,0,0,0,1.6
2025,15,2025_15_GB_DEN,00-0038685,C.Brooks,RB,GB,DEN,2,1,6,0,12,6,0,0,0,0,0.0555555555555556,0.0265486725663717,0.101917404129793,2,10,0,0,0,0,0,2.6
2025,16,2025_16_GB_CHI,00-0038685,C.Brooks,RB,GB,CHI,0,0,0,0,0,0,0,0,0,0,0,0,0,1,4,0,0,0,0,0,0.4
2025,17,2025_17_BAL_GB,00-0038685,C.Brooks,RB,GB,BAL,2,1,11,0,-2,17,1,0,0,0,0.08,-0.00687285223367698,0.115189003436426,0,0,0,0,0,0,0,2.1
2025,18,2025_18_GB_MIN,00-0038685,C.Brooks,RB,GB,MIN,0,0,0,0,0,0,0,0,0,0,0,0,0,13,61,0,2,1,0,0,6.1
2025,9,2025_09_ARI_DAL,00-0038705,E.Demercado,RB,ARI,DAL,1,1,-1,0,-1,0,0,0,0,0,0.0344827586206897,-0.00403225806451613,0.0489015572858732,14,79,0,3,2,0,0,8.8
2025,10,2025_10_ARI_SEA,00-0038705,E.Demercado,RB,ARI,SEA,4,3,40,0,3,32,1,1,1,0,0.0909090909090909,0.00911854103343465,0.142746615087041,4,64,0,1,1,1,1,13.4
2025,11,2025_11_SF_ARI,00-0038705,E.Demercado,RB,ARI,SF,3,2,12,0,-12,17,0,0,0,0,0.0535714285714286,-0.0309278350515464,0.0587076583210604,5,8,0,0,0,0,0,4
2025,15,2025_15_ARI_HOU,00-0038705,E.Demercado,RB,ARI,HOU,3,2,0,0,8,1,0,0,0,0,0.0789473684210526,0.03125,0.140296052631579,1,1,0,0,0,0,0,2.1
2025,16,2025_16_ATL_ARI,00-0038705,E.Demercado,RB,ARI,ATL,1,0,0,0,-5,0,0,0,0,0,0.0344827586206897,-0.0219298245614035,0.036373260738052,5,30,0,1,1,0,0,3
2025,17,2025_17_ARI_CIN,00-0038705,E.Demercado,RB,ARI,CIN,3,2,9,0,6,4,0,0,0,0,0.0857142857142857,0.0210526315789474,0.143308270676692,5,11,0,0,0,0,0,4
2025,18,2025_18_ARI_LA,00-0038705,E.Demercado,RB,ARI,LA,1,1,28,0,19,9,1,1,1,0,0.0357142857142857,0.0756972111553785,0.106559476380194,2,29,0,2,1,0,0,6.7
2025,6,2025_06_LAC_MIA,00-0038720,J.Hill,TE,MIA,LAC,3,3,31,0,6,25,2,0,0,0,0.1,0.0287081339712919,0.170095693779904,0,0,0,0,0,0,0,6.1
2025,7,2025_07_MIA_CLE,00-0038720,J.Hill,TE,MIA,CLE,2,1,1,0,5,4,0,0,0,0,0.0666666666666667,0.0217391304347826,0.115217391304348,0,0,0,0,0,0,0,1.1
2025,11,2025_11_WAS_MIA,00-0038720,J.Hill,TE,MIA,WAS,1,1,14,0,0,14,1,0,0,0,0.05,0,0.075,0,0,0,0,0,0,0,2.4
2025,13,2025_13_NO_MIA,00-0038720,J.Hill,TE,MIA,NO,1,0,0,0,8,0,0,0,0,0,0.05,0.0344827586206897,0.0991379310344828,0,0,0,0,0,0,0,0
2025,15,2025_15_MIA_PIT,00-0038720,J.Hill,TE,MIA,PIT,2,2,25,0,5,20,1,1,1,0,0.0769230769230769,0.0292397660818713,0.135852451641925,0,0,0,0,0,0,0,4.5
2025,17,2025_17_TB_MIA,00-0038720,J.Hill,TE,MIA,TB,2,1,16,0,8,10,1,1,0,0,0.0909090909090909,0.0408163265306122,0.164935064935065,0,0,0,0,0,0,0,2.6
2025,18,2025_18_MIA_NE,00-0038720,J.Hill,TE,MIA,NE,1,1,8,0,1,7,0,0,0,0,0.0416666666666667,0.00625,0.066875,0,0,0,0,0,0,0,1.8
2025,12,2025_12_MIN_GB,00-0038797,E.Wilson,RB,GB,MIN,2,2,18,0,2,16,1,0,0,0,0.0952380952380952,0.0112994350282486,0.150766747376917,28,107,2,4,1,0,0,26.5
2025,13,2025_13_GB_DET,00-0038797,E.Wilson,RB,GB,DET,0,0,0,0,0,0,0,0,0,0,0,0,0,4,14,0,0,0,0,0,1.4
2025,14,2025_14_CHI_GB,00-0038797,E.Wilson,RB,GB,CHI,0,0,0,0,0,0,0,0,0,0,0,0,0,3,10,0,0,0,0,0,1
2025,15,2025_15_GB_DEN,00-0038797,E.Wilson,RB,GB,DEN,0,0,0,0,0,0,0,0,0,0,0,0,0,2,3,0,0,0,0,0,0.3
2025,16,2025_16_GB_CHI,00-0038797,E.Wilson,RB,GB,CHI,0,0,0,0,0,0,0,0,0,0,0,0,0,14,82,0,3,3,0,0,8.2
2025,17,2025_17_BAL_GB,00-0038797,E.Wilson,RB,GB,BAL,1,1,8,0,3,5,0,0,0,0,0.04,0.0103092783505155,0.0672164948453608,3,16,0,0,0,0,0,3.4
2025,18,2025_18_GB_MIN,00-0038797,E.Wilson,RB,GB,MIN,1,1,4,0,-6,10,0,0,0,0,0.1,-0.222222222222222,-0.00555555555555551,18,44,0,1,1,0,0,5.8
2025,3,2025_03_NYJ_TB,00-0038824,R.Miller,WR,TB,NYJ,1,0,0,0,21,0,0,0,0,0,0.0344827586206897,0.0905172413793103,0.115086206896552,0,0,0,0,0,0,0,0
2025,6,2025_06_SF_TB,00-0038824,R.Miller,WR,TB,SF,0,0,0,0,0,0,0,0,0,0,0,0,0,0,0,0,0,0,0,0,0
2025,7,2025_07_TB_DET,00-0038824,R.Miller,WR,TB,DET,1,1,14,0,14,0,1,0,0,0,0.02,0.0292887029288703,0.0505020920502092,0,0,0,0,0,0,0,2.4
2025,10,2025_10_NE_TB,00-0038824,R.Miller,WR,TB,NE,0,0,0,0,0,0,0,0,0,0,0,0,0,0,0,0,0,0,0,0,0
2025,11,2025_11_TB_BUF,00-0038824,R.Miller,WR,TB,BUF,0,0,0,0,0,0,0,0,0,0,0,0,0,0,0,0,0,0,0,0,0
2025,13,2025_13_ARI_TB,00-0038824,R.Miller,WR,TB,ARI,0,0,0,0,0,0,0,0,0,0,0,0,0,0,0,0,0,0,0,0,0
2025,14,2025_14_NO_TB,00-0038824,R.Miller,WR,TB,NO,0,0,0,0,0,0,0,0,0,0,0,0,0,0,0,0,0,0,0,0,0
2025,11,2025_11_CAR_ATL,00-0038840,B.Tremayne,WR,CAR,ATL,2,2,17,0,14,3,1,0,0,0,0.0454545454545455,0.0503597122302158,0.103433616742969,0,0,0,0,0,0,0,3.7
2025,12,2025_12_CAR_SF,00-0038840,B.Tremayne,WR,CAR,SF,0,0,0,0,0,0,0,0,0,0,0,0,0,0,0,0,0,0,0,0,0
2025,13,2025_13_LA_CAR,00-0038840,B.Tremayne,WR,CAR,LA,0,0,0,0,0,0,0,0,0,0,0,0,0,0,0,0,0,0,0,0,0
2025,15,2025_15_CAR_NO,00-0038840,B.Tremayne,WR,CAR,NO,0,0,0,0,0,0,0,0,0,0,0,0,0,0,0,0,0,0,0,0,0
2025,16,2025_16_TB_CAR,00-0038840,B.Tremayne,WR,CAR,TB,0,0,0,0,0,0,0,0,0,0,0,0,0,0,0,0,0,0,0,0,0
2025,17,2025_17_SEA_CAR,00-0038840,B.Tremayne,WR,CAR,SEA,1,0,0,0,14,0,0,0,0,0,0.0476190476190476,0.325581395348837,0.299335548172758,0,0,0,0,0,0,0,0
2025,18,2025_18_CAR_TB,00-0038840,B.Tremayne,WR,CAR,TB,2,2,27,0,15,12,1,1,1,0,0.0666666666666667,0.0592885375494071,0.141501976284585,0,0,0,0,0,0,0,4.7
2025,5,2025_05_DET_CIN,00-0038896,J.Saylors,RB,DET,CIN,0,0,0,0,0,0,0,0,0,0,0,0,0,0,0,0,0,0,0,0,0
2025,7,2025_07_TB_DET,00-0038896,J.Saylors,RB,DET,TB,0,0,0,0,0,0,0,0,0,0,0,0,0,0,0,0,0,0,0,0,0
2025,9,2025_09_MIN_DET,00-0038896,J.Saylors,RB,DET,MIN,0,0,0,0,0,0,0,0,0,0,0,0,0,0,0,0,0,0,0,0,0
2025,11,2025_11_DET_PHI,00-0038896,J.Saylors,RB,DET,PHI,0,0,0,0,0,0,0,0,0,0,0,0,0,0,0,0,0,0,0,0,0
2025,12,2025_12_NYG_DET,00-0038896,J.Saylors,RB,DET,NYG,0,0,0,0,0,0,0,0,0,0,0,0,0,0,0,0,0,0,0,0,0
2025,14,2025_14_DAL_DET,00-0038896,J.Saylors,RB,DET,DAL,0,0,0,0,0,0,0,0,0,0,0,0,0,0,0,0,0,0,0,0,0
2025,16,2025_16_PIT_DET,00-0038896,J.Saylors,RB,DET,PIT,0,0,0,0,0,0,0,0,0,0,0,0,0,0,0,0,0,0,0,0,0
2025,8,2025_08_BUF_CAR,00-0038933,D.Kincaid,TE,BUF,CAR,3,1,23,0,33,7,1,1,1,0,0.130434782608696,0.224489795918367,0.352795031055901,0,0,0,0,0,0,0,3.3
2025,9,2025_09_KC_BUF,00-0038933,D.Kincaid,TE,BUF,KC,6,6,101,1,48,53,3,2,2,1,0.24,0.360902255639098,0.612631578947369,0,0,0,0,0,0,0,22.1
2025,10,2025_10_BUF_MIA,00-0038933,D.Kincaid,TE,BUF,MIA,3,2,37,0,41,10,2,2,1,0,0.0769230769230769,0.101485148514851,0.186424219345011,0,0,0,0,0,0,0,5.7
2025,14,2025_14_CIN_BUF,00-0038933,D.Kincaid,TE,BUF,CIN,5,4,41,1,21,41,2,1,1,0,0.185185185185185,0.162790697674419,0.391731266149871,0,0,0,0,0,0,0,14.1
2025,15,2025_15_BUF_NE,00-0038933,D.Kincaid,TE,BUF,NE,4,3,34,0,50,6,1,1,1,0,0.153846153846154,0.185185185185185,0.36039886039886,0,0,0,0,0,0,0,6.4
2025,16,2025_16_BUF_CLE,00-0038933,D.Kincaid,TE,BUF,CLE,1,0,0,0,19,0,0,0,0,0,0.0555555555555556,0.15702479338843,0.193250688705234,0,0,0,0,0,0,0,0
2025,18,2025_18_NYJ_BUF,00-0038933,D.Kincaid,TE,BUF,NYJ,3,3,48,0,31,17,2,2,1,0,0.107142857142857,0.155778894472362,0.269759511844939,0,0,0,0,0,0,0,7.8
2025,12,2025_12_JAX_ARI,00-0038935,B.Strange,TE,JAX,ARI,5,5,93,0,61,32,4,3,3,0,0.166666666666667,0.225092250922509,0.407564575645757,0,0,0,0,0,0,0,14.3
2025,13,2025_13_JAX_TEN,00-0038935,B.Strange,TE,JAX,TEN,4,3,45,1,65,12,3,1,1,0,0.16,0.240740740740741,0.408518518518519,0,0,0,0,0,0,0,13.5
2025,14,2025_14_IND_JAX,00-0038935,B.Strange,TE,JAX,IND,6,3,27,0,39,18,1,1,0,0,0.193548387096774,0.117117117117117,0.372304562627143,0,0,0,0,0,0,0,5.7
2025,15,2025_15_NYJ_JAX,00-0038935,B.Strange,TE,JAX,NYJ,3,1,26,0,26,7,1,1,1,0,0.107142857142857,0.0751445086705202,0.21331544178365,0,0,0,0,0,0,0,3.6
2025,16,2025_16_JAX_DEN,00-0038935,B.Strange,TE,JAX,DEN,7,5,39,1,45,12,1,1,1,0,0.2,0.160142348754448,0.412099644128114,0,0,0,0,0,0,0,14.9
2025,17,2025_17_JAX_IND,00-0038935,B.Strange,TE,JAX,IND,5,3,54,0,19,37,3,2,1,0,0.135135135135135,0.0524861878453039,0.239443034194415,0,0,0,0,0,0,0,8.4
2025,18,2025_18_TEN_JAX,00-0038935,B.Strange,TE,JAX,TEN,6,6,52,1,26,26,3,0,0,0,0.193548387096774,0.088135593220339,0.352017495899399,0,0,0,0,0,0,0,17.2
2025,12,2025_12_TB_LA,00-0038951,S.Tucker,RB,TB,LA,2,1,4,0,4,6,0,0,0,0,0.0645161290322581,0.0159362549800797,0.107929572034443,12,42,0,0,0,0,0,5.6
2025,13,2025_13_ARI_TB,00-0038951,S.Tucker,RB,TB,ARI,0,0,0,0,0,0,0,0,0,0,0,0,0,2,0,0,0,0,0,0,0
2025,14,2025_14_NO_TB,00-0038951,S.Tucker,RB,TB,NO,0,0,0,0,0,0,0,0,0,0,0,0,0,7,29,1,1,1,0,0,8.9
2025,15,2025_15_ATL_TB,00-0038951,S.Tucker,RB,TB,ATL,0,0,0,0,0,0,0,0,0,0,0,0,0,4,7,1,0,0,0,0,6.7
2025,16,2025_16_TB_CAR,00-0038951,S.Tucker,RB,TB,CAR,0,0,0,0,0,0,0,0,0,0,0,0,0,4,3,1,0,0,0,0,6.3
2025,17,2025_17_TB_MIA,00-0038951,S.Tucker,RB,TB,MIA,1,0,0,0,4,0,0,0,0,0,0.0227272727272727,0.0111111111111111,0.0418686868686869,2,8,0,0,0,0,0,0.8
2025,18,2025_18_CAR_TB,00-0038951,S.Tucker,RB,TB,CAR,0,0,0,0,0,0,0,0,0,0,0,0,0,4,-4,0,0,0,0,0,-0.4
2025,11,2025_11_KC_DEN,00-0038976,M.Mims,WR,DEN,KC,0,0,0,0,0,0,0,0,0,0,0,0,0,1,2,0,0,0,0,0,0.2
2025,13,2025_13_DEN_WAS,00-0038976,M.Mims,WR,DEN,WAS,2,2,8,0,-2,10,0,0,0,0,0.0465116279069768,-0.0105820105820106,0.0623600344530577,1,9,0,0,0,0,0,3.7
2025,14,2025_14_DEN_LV,00-0038976,M.Mims,WR,DEN,LV,1,1,5,0,3,2,0,0,0,0,0.0277777777777778,0.0138888888888889,0.0513888888888889,1,2,0,0,0,0,0,7.7
2025,15,2025_15_GB_DEN,00-0038976,M.Mims,WR,DEN,GB,6,4,29,0,66,25,1,0,0,0,0.1875,0.204334365325077,0.424284055727554,1,8,0,0,0,0,0,7.7
2025,16,2025_16_JAX_DEN,00-0038976,M.Mims,WR,DEN,JAX,3,3,26,0,5,21,1,1,1,0,0.0652173913043478,0.0111358574610245,0.105621187179239,1,3,0,0,0,0,0,5.9
2025,17,2025_17_DEN_KC,00-0038976,M.Mims,WR,DEN,KC,4,3,10,0,14,21,0,0,0,0,0.108108108108108,0.0679611650485437,0.209734977696143,0,0,0,0,0,0,0,4
2025,18,2025_18_LAC_DEN,00-0038976,M.Mims,WR,DEN,LAC,3,2,10,0,-11,19,0,0,0,0,0.130434782608696,-0.423076923076923,-0.100501672240803,0,0,0,0,0,0,0,3
2025,11,2025_11_BAL_CLE,00-0038979,C.Tillman,WR,CLE,BAL,4,3,52,0,39,13,2,2,2,0,0.16,0.234939759036145,0.404457831325301,0,0,0,0,0,0,0,8.2
2025,12,2025_12_CLE_LV,00-0038979,C.Tillman,WR,CLE,LV,3,1,5,0,64,0,0,0,0,0,0.166666666666667,0.328205128205128,0.47974358974359,0,0,0,0,0,0,0,1.5
2025,13,2025_13_SF_CLE,00-0038979,C.Tillman,WR,CLE,SF,1,0,0,0,3,0,0,0,0,0,0.0434782608695652,0.0173410404624277,0.0773561196280472,0,0,0,0,0,0,0,0
2025,14,2025_14_TEN_CLE,00-0038979,C.Tillman,WR,CLE,TEN,3,1,23,0,68,5,1,1,1,0,0.0789473684210526,0.222950819672131,0.274486626402071,0,0,0,0,0,0,0,3.3
2025,16,2025_16_BUF_CLE,00-0038979,C.Tillman,WR,CLE,BUF,1,1,8,0,4,4,0,0,0,0,0.037037037037037,0.0579710144927536,0.0961352657004831,0,0,0,0,0,0,0,1.8
2025,17,2025_17_PIT_CLE,00-0038979,C.Tillman,WR,CLE,PIT,1,1,42,0,28,14,1,1,1,1,0.0434782608695652,0.148148148148148,0.168921095008052,0,0,0,0,0,0,0,5.2
2025,18,2025_18_CLE_CIN,00-0038979,C.Tillman,WR,CLE,CIN,2,1,23,0,26,8,1,1,1,0,0.0952380952380952,0.13265306122449,0.235714285714286,0,0,0,0,0,0,0,3.3
2025,2,2025_02_WAS_GB,00-0038996,T.Kraft,TE,GB,WAS,7,6,124,1,56,72,4,3,1,1,0.259259259259259,0.137254901960784,0.484967320261438,0,0,0,0,0,0,0,24.4
2025,3,2025_03_GB_CLE,00-0038996,T.Kraft,TE,GB,CLE,4,3,29,0,0,29,1,1,0,0,0.16,0,0.24,0,0,0,0,0,0,0,5.9
2025,4,2025_04_GB_DAL,00-0038996,T.Kraft,TE,GB,DAL,5,5,56,0,1,55,3,1,0,0,0.138888888888889,0.00392156862745098,0.211078431372549,0,0,0,0,0,0,0,10.6
2025,6,2025_06_CIN_GB,00-0038996,T.Kraft,TE,GB,CIN,2,2,43,1,24,19,2,2,1,0,0.0769230769230769,0.0975609756097561,0.183677298311445,0,0,0,0,0,0,0,12.3
2025,7,2025_07_GB_ARI,00-0038996,T.Kraft,TE,GB,ARI,10,5,58,1,36,32,2,1,1,0,0.357142857142857,0.189473684210526,0.668345864661654,0,0,0,0,0,0,0,16.8
2025,8,2025_08_GB_PIT,00-0038996,T.Kraft,TE,GB,PIT,9,7,143,2,17,128,4,4,3,1,0.257142857142857,0.0876288659793814,0.447054491899853,0,0,0,0,0,0,0,33.3
2025,9,2025_09_CAR_GB,00-0038996,T.Kraft,TE,GB,CAR,3,2,20,0,16,8,2,0,0,0,0.0857142857142857,0.0492307692307692,0.163032967032967,0,0,0,0,0,0,0,4
2025,12,2025_12_IND_KC,00-0038997,J.Downs,WR,IND,KC,6,2,10,0,46,8,0,0,0,0,0.193548387096774,0.330935251798561,0.521977256904154,0,0,0,0,0,0,0,3
2025,13,2025_13_HOU_IND,00-0038997,J.Downs,WR,IND,HOU,6,2,44,0,47,5,2,1,1,0,0.24,0.237373737373737,0.526161616161616,0,0,0,0,0,0,0,6.4
2025,14,2025_14_IND_JAX,00-0038997,J.Downs,WR,IND,JAX,5,4,23,0,15,2,1,0,0,0,0.138888888888889,0.0646551724137931,0.253591954022989,0,0,0,0,0,0,0,6.3
2025,15,2025_15_IND_SEA,00-0038997,J.Downs,WR,IND,SEA,5,3,13,1,27,6,0,0,0,0,0.192307692307692,0.190140845070423,0.421560130010834,0,0,0,0,0,0,0,10.3
2025,16,2025_16_SF_IND,00-0038997,J.Downs,WR,IND,SF,9,5,65,0,111,27,4,1,0,0,0.25,0.329376854599407,0.605563798219585,1,3,0,0,0,0,0,11.8
2025,17,2025_17_JAX_IND,00-0038997,J.Downs,WR,IND,JAX,5,2,34,0,49,1,2,2,0,0,0.172413793103448,0.170138888888889,0.377717911877395,0,0,0,0,0,0,0,5.4
2025,18,2025_18_IND_HOU,00-0038997,J.Downs,WR,IND,HOU,4,4,61,0,47,14,2,2,2,0,0.121212121212121,0.147798742138365,0.285277301315037,1,-5,0,0,0,0,0,9.6
2025,10,2025_10_BUF_MIA,00-0039040,D.Achane,RB,MIA,BUF,6,6,51,0,-6,57,3,0,0,0,0.285714285714286,-0.0319148936170213,0.406231003039514,22,174,2,5,5,2,1,40.5
2025,11,2025_11_WAS_MIA,00-0039040,D.Achane,RB,MIA,WAS,5,5,45,0,-1,46,1,1,1,0,0.25,-0.00740740740740741,0.369814814814815,21,120,0,6,4,1,0,21.5
2025,13,2025_13_NO_MIA,00-0039040,D.Achane,RB,MIA,NO,1,0,0,0,0,0,0,0,0,0,0.05,0,0.075,22,134,1,3,2,1,0,19.4
2025,14,2025_14_MIA_NYJ,00-0039040,D.Achane,RB,MIA,NYJ,1,1,13,0,0,13,1,0,0,0,0.0476190476190476,0,0.0714285714285714,7,92,1,3,3,2,0,17.5
2025,15,2025_15_MIA_PIT,00-0039040,D.Achane,RB,MIA,PIT,6,6,67,0,21,46,3,2,1,0,0.230769230769231,0.12280701754386,0.432118758434548,12,60,0,1,1,0,0,18.7
2025,16,2025_16_CIN_MIA,00-0039040,D.Achane,RB,MIA,CIN,3,3,9,0,-5,14,0,0,0,0,0.103448275862069,-0.0191570881226054,0.14176245210728,15,81,1,1,1,1,1,18
2025,17,2025_17_TB_MIA,00-0039040,D.Achane,RB,MIA,TB,3,3,29,0,0,29,1,1,1,0,0.136363636363636,0,0.204545454545455,18,83,0,3,2,0,0,14.2
2025,12,2025_12_JAX_ARI,00-0039041,E.Higgins,TE,ARI,JAX,0,0,0,0,0,0,0,0,0,0,0,0,0,0,0,0,0,0,0,0,0
2025,13,2025_13_ARI_TB,00-0039041,E.Higgins,TE,ARI,TB,2,2,17,0,6,11,0,0,0,0,0.0540540540540541,0.0207612456747405,0.0956139530533994,0,0,0,0,0,0,0,3.7
2025,14,2025_14_LA_ARI,00-0039041,E.Higgins,TE,ARI,LA,1,1,0,0,-3,3,0,0,0,0,0.0227272727272727,-0.00852272727272727,0.028125,0,0,0,0,0,0,0,1
2025,15,2025_15_ARI_HOU,00-0039041,E.Higgins,TE,ARI,HOU,2,1,3,0,21,1,0,0,0,0,0.0526315789473684,0.08203125,0.136369243421053,0,0,0,0,0,0,0,1.3
2025,16,2025_16_ATL_ARI,00-0039041,E.Higgins,TE,ARI,ATL,8,7,91,0,27,64,4,4,2,0,0.275862068965517,0.118421052631579,0.496687840290381,0,0,0,0,0,0,0,16.1
2025,17,2025_17_ARI_CIN,00-0039041,E.Higgins,TE,ARI,CIN,1,0,0,0,11,0,0,0,0,0,0.0285714285714286,0.0385964912280702,0.069874686716792,0,0,0,0,0,0,0,0
2025,18,2025_18_ARI_LA,00-0039041,E.Higgins,TE,ARI,LA,3,3,28,0,18,10,2,0,0,0,0.107142857142857,0.0717131474103586,0.210913488901537,0,0,0,0,0,0,0,5.8
2025,2,2025_02_TB_HOU,00-0039050,P.Durham,TE,TB,HOU,1,0,0,0,5,0,0,0,0,0,0.0277777777777778,0.0164473684210526,0.0531798245614035,0,0,0,0,0,0,0,0
2025,4,2025_04_PHI_TB,00-0039050,P.Durham,TE,TB,PHI,0,0,0,0,0,0,0,0,0,0,0,0,0,0,0,0,0,0,0,0,0
2025,5,2025_05_TB_SEA,00-0039050,P.Durham,TE,TB,SEA,0,0,0,0,0,0,0,0,0,0,0,0,0,0,0,0,0,0,0,0,0
2025,10,2025_10_NE_TB,00-0039050,P.Durham,TE,TB,NE,1,0,0,0,-2,0,0,0,0,0,0.0232558139534884,-0.00709219858156028,0.0299191819231404,0,0,0,0,0,0,0,0
2025,13,2025_13_ARI_TB,00-0039050,P.Durham,TE,TB,ARI,1,1,11,0,0,11,1,0,0,0,0.0384615384615385,0,0.0576923076923077,0,0,0,0,0,0,0,2.1
2025,14,2025_14_NO_TB,00-0039050,P.Durham,TE,TB,NO,0,0,0,0,0,0,0,0,0,0,0,0,0,0,0,0,0,0,0,0,0
2025,18,2025_18_CAR_TB,00-0039050,P.Durham,TE,TB,CAR,1,0,0,0,13,0,0,0,0,0,0.0454545454545455,0.0915492957746479,0.132266325224072,0,0,0,0,0,0,0,0
2025,12,2025_12_NYJ_BAL,00-0039064,Z.Flowers,WR,BAL,NYJ,6,5,58,0,53,21,3,2,1,0,0.3,0.236607142857143,0.615625,2,11,0,1,0,0,0,11.9
2025,13,2025_13_CIN_BAL,00-0039064,Z.Flowers,WR,BAL,CIN,7,2,6,0,113,-1,0,0,0,0,0.233333333333333,0.296587926509186,0.55761154855643,0,0,0,0,0,0,0,0.6
2025,14,2025_14_PIT_BAL,00-0039064,Z.Flowers,WR,BAL,PIT,11,8,124,0,118,42,3,3,3,0,0.333333333333333,0.459143968871595,0.821400778210117,1,2,0,0,0,0,0,20.6
2025,15,2025_15_BAL_CIN,00-0039064,Z.Flowers,WR,BAL,CIN,5,3,68,1,89,0,3,2,2,0,0.416666666666667,0.689922480620155,1.10794573643411,0,0,0,0,0,0,0,15.8
2025,16,2025_16_NE_BAL,00-0039064,Z.Flowers,WR,BAL,NE,7,7,84,0,72,12,4,2,0,0,0.35,0.421052631578947,0.819736842105263,1,18,1,1,1,0,0,21.2
2025,17,2025_17_BAL_GB,00-0039064,Z.Flowers,WR,BAL,GB,5,4,30,1,18,16,2,0,0,0,0.25,0.225,0.5325,0,0,0,0,0,0,0,13
2025,18,2025_18_BAL_PIT,00-0039064,Z.Flowers,WR,BAL,PIT,6,4,138,2,101,58,3,2,2,2,0.352941176470588,0.570621468926554,0.92884679295447,0,0,0,0,0,0,0,29.8
2025,3,2025_03_DET_BAL,00-0039065,S.LaPorta,TE,DET,BAL,4,4,33,0,25,8,2,0,0,0,0.153846153846154,0.118483412322275,0.313707619394823,0,0,0,0,0,0,0,7.3
2025,4,2025_04_CLE_DET,00-0039065,S.LaPorta,TE,DET,CLE,4,3,39,0,42,9,1,1,1,0,0.16,0.134185303514377,0.333929712460064,0,0,0,0,0,0,0,6.9
2025,5,2025_05_DET_CIN,00-0039065,S.LaPorta,TE,DET,CIN,6,5,92,1,26,69,4,2,2,0,0.260869565217391,0.245283018867925,0.563002461033634,0,0,0,0,0,0,0,20.2
2025,6,2025_06_DET_KC,00-0039065,S.LaPorta,TE,DET,KC,6,5,55,1,37,27,2,1,1,0,0.222222222222222,0.339449541284404,0.570948012232416,0,0,0,0,0,0,0,16.5
2025,7,2025_07_TB_DET,00-0039065,S.LaPorta,TE,DET,TB,3,3,15,0,10,5,0,0,0,0,0.107142857142857,0.0636942675159236,0.205300272975432,0,0,0,0,0,0,0,4.5
2025,9,2025_09_MIN_DET,00-0039065,S.LaPorta,TE,DET,MIN,8,6,97,1,55,57,4,2,1,1,0.222222222222222,0.220883534136546,0.487951807228916,0,0,0,0,0,0,0,21.7
2025,10,2025_10_DET_WAS,00-0039065,S.LaPorta,TE,DET,WAS,5,5,53,0,19,34,2,0,0,0,0.15625,0.109826589595376,0.311253612716763,0,0,0,0,0,0,0,10.3
2025,10,2025_10_LV_DEN,00-0039066,M.Mayer,TE,LV,DEN,4,3,22,0,9,9,1,0,0,0,0.16,0.147540983606557,0.34327868852459,0,0,0,0,0,0,0,5.2
2025,11,2025_11_DAL_LV,00-0039066,M.Mayer,TE,LV,DAL,4,3,13,0,17,14,0,0,0,0,0.102564102564103,0.0772727272727273,0.207937062937063,0,0,0,0,0,0,0,4.3
2025,12,2025_12_CLE_LV,00-0039066,M.Mayer,TE,LV,CLE,1,1,14,0,4,10,1,0,0,0,0.0238095238095238,0.0110803324099723,0.0434705184012663,0,0,0,0,0,0,0,2.4
2025,15,2025_15_LV_PHI,00-0039066,M.Mayer,TE,LV,PHI,0,0,0,0,0,0,0,0,0,0,0,0,0,0,0,0,0,0,0,0,0
2025,16,2025_16_LV_HOU,00-0039066,M.Mayer,TE,LV,HOU,3,1,10,0,38,7,1,0,0,0,0.136363636363636,0.2,0.344545454545455,0,0,0,0,0,0,0,2
2025,17,2025_17_NYG_LV,00-0039066,M.Mayer,TE,LV,NYG,10,9,89,0,31,61,5,2,0,0,0.357142857142857,0.18562874251497,0.665654405474765,0,0,0,0,0,0,0,17.9
2025,18,2025_18_KC_LV,00-0039066,M.Mayer,TE,LV,KC,5,3,47,0,39,8,2,2,2,0,0.192307692307692,0.172566371681416,0.40925799863853,0,0,0,0,0,0,0,7.7
2025,10,2025_10_LA_SF,00-0039074,D.Allen,TE,LA,SF,2,2,8,1,6,2,0,0,0,0,0.0588235294117647,0.0180722891566265,0.100885896527286,0,0,0,0,0,0,0,8.8
2025,12,2025_12_TB_LA,00-0039074,D.Allen,TE,LA,TB,4,3,29,0,12,18,1,0,0,0,0.117647058823529,0.0481927710843374,0.21020552799433,0,0,0,0,0,0,0,5.9
2025,13,2025_13_LA_CAR,00-0039074,D.Allen,TE,LA,CAR,1,1,4,0,-5,9,0,0,0,0,0.037037037037037,-0.0226244343891403,0.0397184514831574,0,0,0,0,0,0,0,1.4
2025,14,2025_14_LA_ARI,00-0039074,D.Allen,TE,LA,ARI,2,2,21,0,1,20,1,0,0,0,0.0645161290322581,0.00448430493273543,0.0999132070013019,0,0,0,0,0,0,0,4.1
2025,15,2025_15_DET_LA,00-0039074,D.Allen,TE,LA,DET,4,3,16,0,14,15,0,0,0,0,0.105263157894737,0.029723991507431,0.178701530897307,0,0,0,0,0,0,0,4.6
2025,16,2025_16_LA_SEA,00-0039074,D.Allen,TE,LA,SEA,5,2,34,0,14,19,1,1,1,0,0.104166666666667,0.0293501048218029,0.176795073375262,0,0,0,0,0,0,0,5.4
2025,18,2025_18_ARI_LA,00-0039074,D.Allen,TE,LA,ARI,1,0,0,0,19,0,0,0,0,0,0.027027027027027,0.052924791086351,0.0775878943009862,0,0,0,0,0,0,0,0
2025,12,2025_12_TB_LA,00-0039075,P.Nacua,WR,LA,TB,11,7,97,0,93,38,4,3,2,0,0.323529411764706,0.373493975903614,0.746739900779589,0,0,0,0,0,0,0,16.7
2025,13,2025_13_LA_CAR,00-0039075,P.Nacua,WR,LA,CAR,9,6,72,0,49,42,3,1,1,0,0.333333333333333,0.221719457013575,0.655203619909502,0,0,0,0,0,0,0,13.2
2025,14,2025_14_LA_ARI,00-0039075,P.Nacua,WR,LA,ARI,11,7,167,2,146,35,7,6,5,0,0.354838709677419,0.654708520179372,0.99055402864169,0,0,0,0,0,0,0,35.7
2025,15,2025_15_DET_LA,00-0039075,P.Nacua,WR,LA,DET,11,9,181,0,148,55,7,4,4,0,0.289473684210526,0.314225053078556,0.654168063470779,2,8,0,0,0,0,0,27.9
2025,16,2025_16_LA_SEA,00-0039075,P.Nacua,WR,LA,SEA,16,12,225,2,171,124,4,4,4,3,0.333333333333333,0.358490566037736,0.750943396226415,0,0,0,0,0,0,0,46.5
2025,17,2025_17_LA_ATL,00-0039075,P.Nacua,WR,LA,ATL,10,5,47,1,119,24,3,0,0,0,0.277777777777778,0.231968810916179,0.579044834307992,0,0,0,0,0,0,0,15.7
2025,18,2025_18_ARI_LA,00-0039075,P.Nacua,WR,LA,ARI,11,10,76,1,44,31,2,1,0,0,0.297297297297297,0.122562674094708,0.531739817812241,2,24,0,2,1,0,0,26
2025,12,2025_12_NYG_DET,00-0039139,J.Gibbs,RB,DET,NYG,12,11,45,1,-7,58,2,0,0,0,0.315789473684211,-0.0316742081447964,0.451512264824958,15,219,2,4,3,3,3,55.4
2025,13,2025_13_GB_DET,00-0039139,J.Gibbs,RB,DET,GB,4,3,18,0,10,3,0,0,0,0,0.148148148148148,0.0588235294117647,0.263398692810458,20,68,0,3,3,0,0,11.6
2025,14,2025_14_DAL_DET,00-0039139,J.Gibbs,RB,DET,DAL,7,7,77,0,14,63,4,2,1,0,0.225806451612903,0.0611353711790393,0.381504437244682,12,43,3,3,2,0,0,37
2025,15,2025_15_DET_LA,00-0039139,J.Gibbs,RB,DET,LA,7,4,20,0,11,15,1,0,0,0,0.184210526315789,0.031700288184438,0.298505991202791,13,38,0,0,0,0,0,9.8
2025,16,2025_16_PIT_DET,00-0039139,J.Gibbs,RB,DET,PIT,13,10,66,1,23,48,2,1,0,0,0.25,0.073015873015873,0.426111111111111,7,2,0,0,0,0,0,22.8
2025,17,2025_17_DET_MIN,00-0039139,J.Gibbs,RB,DET,MIN,3,2,23,0,12,20,2,0,0,0,0.103448275862069,0.0603015075376884,0.197383469069485,17,41,0,0,0,0,0,6.4
2025,18,2025_18_DET_CHI,00-0039139,J.Gibbs,RB,DET,CHI,5,3,33,1,1,24,2,0,0,0,0.138888888888889,0.004,0.211133333333333,19,80,0,1,1,0,0,20.3
2025,10,2025_10_PHI_GB,00-0039144,L.Musgrave,TE,GB,PHI,3,3,23,0,10,13,0,0,0,0,0.0909090909090909,0.0328947368421053,0.15938995215311,0,0,0,0,0,0,0,5.3
2025,11,2025_11_GB_NYG,00-0039144,L.Musgrave,TE,GB,NYG,2,1,-1,0,2,-2,0,0,0,0,0.08,0.0068259385665529,0.124778156996587,0,0,0,0,0,0,0,0.9
2025,12,2025_12_MIN_GB,00-0039144,L.Musgrave,TE,GB,MIN,2,1,7,0,6,6,0,0,0,0,0.0952380952380952,0.0338983050847458,0.166585956416465,0,0,0,0,0,0,0,1.7
2025,13,2025_13_GB_DET,00-0039144,L.Musgrave,TE,GB,DET,1,1,23,0,21,2,1,1,1,0,0.0344827586206897,0.0612244897959184,0.0945812807881773,0,0,0,0,0,0,0,3.3
2025,14,2025_14_CHI_GB,00-0039144,L.Musgrave,TE,GB,CHI,4,2,22,0,56,0,2,0,0,0,0.173913043478261,0.180064308681672,0.386914581294562,0,0,0,0,0,0,0,4.2
2025,15,2025_15_GB_DEN,00-0039144,L.Musgrave,TE,GB,DEN,6,4,52,0,49,18,2,2,1,0,0.166666666666667,0.108407079646018,0.325884955752212,0,0,0,0,0,0,0,9.2
2025,16,2025_16_GB_CHI,00-0039144,L.Musgrave,TE,GB,CHI,3,3,38,0,29,9,1,1,1,0,0.125,0.174698795180723,0.309789156626506,0,0,0,0,0,0,0,6.8
2025,1,2025_01_DET_GB,00-0039146,J.Reed,WR,GB,DET,5,3,45,1,70,14,2,2,1,0,0.227272727272727,0.276679841897233,0.534584980237154,0,0,0,0,0,0,0,13.5
2025,14,2025_14_CHI_GB,00-0039146,J.Reed,WR,GB,CHI,4,4,31,0,27,4,1,1,0,0,0.173913043478261,0.0868167202572347,0.321641269397456,2,22,0,1,1,0,0,9.3
2025,15,2025_15_GB_DEN,00-0039146,J.Reed,WR,GB,DEN,6,5,55,0,38,35,3,1,1,0,0.166666666666667,0.084070796460177,0.308849557522124,0,0,0,0,0,0,0,10.5
2025,16,2025_16_GB_CHI,00-0039146,J.Reed,WR,GB,CHI,3,3,35,0,13,22,1,1,1,0,0.125,0.0783132530120482,0.242319277108434,1,6,0,0,0,0,0,7.1
2025,17,2025_17_BAL_GB,00-0039146,J.Reed,WR,GB,BAL,4,4,41,0,31,10,1,1,1,0,0.16,0.106529209621993,0.314570446735395,0,0,0,0,0,0,0,8.1
2025,11,2025_11_CAR_ATL,00-0039150,B.Young,QB,CAR,ATL,0,0,0,0,0,0,0,0,0,0,0,0,0,1,-1,0,0,0,0,0,31.82
2025,12,2025_12_CAR_SF,00-0039150,B.Young,QB,CAR,SF,0,0,0,0,0,0,0,0,0,0,0,0,0,4,15,0,0,0,0,0,8.26
2025,13,2025_13_LA_CAR,00-0039150,B.Young,QB,CAR,LA,0,0,0,0,0,0,0,0,0,0,0,0,0,5,23,0,1,1,1,0,22.54
2025,15,2025_15_CAR_NO,00-0039150,B.Young,QB,CAR,NO,0,0,0,0,0,0,0,0,0,0,0,0,0,7,49,0,3,1,0,0,15.42
2025,16,2025_16_TB_CAR,00-0039150,B.Young,QB,CAR,TB,0,0,0,0,0,0,0,0,0,0,0,0,0,4,20,0,0,0,0,0,17.64
2025,17,2025_17_SEA_CAR,00-0039150,B.Young,QB,CAR,SEA,0,0,0,0,0,0,0,0,0,0,0,0,0,9,27,1,2,0,0,0,8.86
2025,18,2025_18_CAR_TB,00-0039150,B.Young,QB,CAR,TB,0,0,0,0,0,0,0,0,0,0,0,0,0,2,-1,0,0,0,0,0,16.54
2025,9,2025_09_DEN_HOU,00-0039163,C.Stroud,QB,HOU,DEN,0,0,0,0,0,0,0,0,0,0,0,0,0,2,12,0,0,0,0,0,4.36
2025,13,2025_13_HOU_IND,00-0039163,C.Stroud,QB,HOU,IND,0,0,0,0,0,0,0,0,0,0,0,0,0,1,0,0,0,0,0,0,9.04
2025,14,2025_14_HOU_KC,00-0039163,C.Stroud,QB,HOU,KC,0,0,0,0,0,0,0,0,0,0,0,0,0,2,5,0,0,0,0,0,12.62
2025,15,2025_15_ARI_HOU,00-0039163,C.Stroud,QB,HOU,ARI,0,0,0,0,0,0,0,0,0,0,0,0,0,6,10,0,0,0,0,0,23.4
2025,16,2025_16_LV_HOU,00-0039163,C.Stroud,QB,HOU,LV,0,0,0,0,0,0,0,0,0,0,0,0,0,4,0,0,0,0,0,0,11.48
2025,17,2025_17_HOU_LAC,00-0039163,C.Stroud,QB,HOU,LAC,0,0,0,0,0,0,0,0,0,0,0,0,0,4,0,0,0,0,0,0,13.76
2025,18,2025_18_IND_HOU,00-0039163,C.Stroud,QB,HOU,IND,0,0,0,0,0,0,0,0,0,0,0,0,0,2,5,1,0,0,0,0,17.26
2025,12,2025_12_SEA_TEN,00-0039165,Z.Charbonnet,RB,SEA,TEN,0,0,0,0,0,0,0,0,0,0,0,0,0,6,35,1,1,1,0,0,9.5
2025,13,2025_13_MIN_SEA,00-0039165,Z.Charbonnet,RB,SEA,MIN,0,0,0,0,0,0,0,0,0,0,0,0,0,14,52,1,1,1,0,0,11.2
2025,14,2025_14_SEA_ATL,00-0039165,Z.Charbonnet,RB,SEA,ATL,3,2,20,0,8,17,1,0,0,0,0.1,0.0313725490196078,0.171960784313726,7,46,0,1,1,1,0,8.6
2025,15,2025_15_IND_SEA,00-0039165,Z.Charbonnet,RB,SEA,IND,1,0,0,0,1,0,0,0,0,0,0.0303030303030303,0.004149377593361,0.0483591097698982,8,31,0,0,0,0,0,3.1
2025,16,2025_16_LA_SEA,00-0039165,Z.Charbonnet,RB,SEA,LA,4,4,22,0,5,17,1,0,0,0,0.129032258064516,0.0247524752475248,0.210875119770042,9,32,1,0,0,0,0,17.4
2025,17,2025_17_SEA_CAR,00-0039165,Z.Charbonnet,RB,SEA,CAR,2,2,12,0,3,9,1,0,0,0,0.0769230769230769,0.0212765957446809,0.130278232405892,18,110,2,3,3,2,0,26.2
2025,18,2025_18_SEA_SF,00-0039165,Z.Charbonnet,RB,SEA,SF,4,3,23,0,7,27,1,0,0,0,0.153846153846154,0.0555555555555556,0.26965811965812,17,74,1,2,1,1,0,18.7
2025,4,2025_04_SEA_ARI,00-0039299,G.Holani,RB,SEA,ARI,0,0,0,0,0,0,0,0,0,0,0,0,0,0,0,0,0,0,0,0,0
2025,5,2025_05_TB_SEA,00-0039299,G.Holani,RB,SEA,TB,0,0,0,0,0,0,0,0,0,0,0,0,0,0,0,0,0,0,0,0,0
2025,6,2025_06_SEA_JAX,00-0039299,G.Holani,RB,SEA,JAX,0,0,0,0,0,0,0,0,0,0,0,0,0,0,0,0,0,0,0,0,0
2025,7,2025_07_HOU_SEA,00-0039299,G.Holani,RB,SEA,HOU,0,0,0,0,0,0,0,0,0,0,0,0,0,0,0,0,0,0,0,0,0
2025,9,2025_09_SEA_WAS,00-0039299,G.Holani,RB,SEA,WAS,0,0,0,0,0,0,0,0,0,0,0,0,0,3,9,0,0,0,0,0,0.9
2025,10,2025_10_ARI_SEA,00-0039299,G.Holani,RB,SEA,ARI,0,0,0,0,0,0,0,0,0,0,0,0,0,7,31,1,0,0,0,0,9.1
2025,11,2025_11_SEA_LA,00-0039299,G.Holani,RB,SEA,LA,0,0,0,0,0,0,0,0,0,0,0,0,0,2,6,0,0,0,0,0,0.6
2025,1,2025_01_NYG_WAS,00-0039337,M.Nabers,WR,NYG,WAS,12,5,71,0,122,24,4,3,2,0,0.375,0.539823008849558,0.94037610619469,0,0,0,0,0,0,0,12.1
2025,2,2025_02_NYG_DAL,00-0039337,M.Nabers,WR,NYG,DAL,13,9,167,2,263,21,6,3,3,1,0.325,0.503831417624521,0.840181992337165,0,0,0,0,0,0,0,37.7
2025,3,2025_03_KC_NYG,00-0039337,M.Nabers,WR,NYG,KC,7,2,13,0,146,4,0,0,0,0,0.233333333333333,0.514084507042254,0.709859154929577,0,0,0,0,0,0,0,3.3
2025,4,2025_04_LAC_NYG,00-0039337,M.Nabers,WR,NYG,LAC,3,2,20,0,24,3,1,0,0,0,0.15,0.19672131147541,0.362704918032787,0,0,0,0,0,0,0,4
2025,10,2025_10_LV_DEN,00-0039338,B.Bowers,TE,LV,DEN,3,1,31,0,16,16,1,1,1,0,0.12,0.262295081967213,0.363606557377049,1,-4,0,0,0,0,0,3.7
2025,11,2025_11_DAL_LV,00-0039338,B.Bowers,TE,LV,DAL,12,7,72,0,118,13,3,3,0,0,0.307692307692308,0.536363636363636,0.836993006993007,0,0,0,0,0,0,0,14.2
2025,12,2025_12_CLE_LV,00-0039338,B.Bowers,TE,LV,CLE,9,6,55,0,64,15,2,0,0,0,0.214285714285714,0.177285318559557,0.445528294420261,0,0,0,0,0,0,0,11.5
2025,13,2025_13_LV_LAC,00-0039338,B.Bowers,TE,LV,LAC,4,4,63,2,42,21,2,2,2,0,0.181818181818182,0.56,0.664727272727273,0,0,0,0,0,0,0,22.3
2025,14,2025_14_DEN_LV,00-0039338,B.Bowers,TE,LV,DEN,5,4,46,1,41,10,3,0,0,0,0.178571428571429,0.168032786885246,0.385480093676815,0,0,0,0,0,0,0,14.6
2025,15,2025_15_LV_PHI,00-0039338,B.Bowers,TE,LV,PHI,8,6,28,0,12,23,1,0,0,0,0.32,0.113207547169811,0.559245283018868,0,0,0,0,0,0,0,8.8
2025,16,2025_16_LV_HOU,00-0039338,B.Bowers,TE,LV,HOU,5,5,33,1,18,15,1,0,0,0,0.227272727272727,0.0947368421052632,0.407224880382775,0,0,0,0,0,0,0,14.3
2025,11,2025_11_CAR_ATL,00-0039342,X.Legette,WR,CAR,ATL,8,4,83,1,102,24,3,3,3,0,0.181818181818182,0.366906474820144,0.529561805101373,0,0,0,0,0,0,0,18.3
2025,12,2025_12_CAR_SF,00-0039342,X.Legette,WR,CAR,SF,5,3,22,0,54,1,1,0,0,0,0.185185185185185,0.315789473684211,0.498830409356725,0,0,0,0,0,0,0,5.2
2025,13,2025_13_LA_CAR,00-0039342,X.Legette,WR,CAR,LA,2,1,1,0,26,3,0,0,0,0,0.1,0.167741935483871,0.26741935483871,0,0,0,0,0,0,0,1.1
2025,15,2025_15_CAR_NO,00-0039342,X.Legette,WR,CAR,NO,3,2,39,0,42,3,1,1,1,0,0.15,0.204878048780488,0.368414634146341,0,0,0,0,0,0,0,5.9
2025,16,2025_16_TB_CAR,00-0039342,X.Legette,WR,CAR,TB,3,1,12,0,30,7,1,0,0,0,0.0967741935483871,0.1171875,0.227192540322581,0,0,0,0,0,0,0,2.2
2025,17,2025_17_SEA_CAR,00-0039342,X.Legette,WR,CAR,SEA,1,1,3,0,3,0,0,0,0,0,0.0476190476190476,0.0697674418604651,0.120265780730897,0,0,0,0,0,0,0,1.3
2025,18,2025_18_CAR_TB,00-0039342,X.Legette,WR,CAR,TB,4,3,22,0,41,0,1,0,0,0,0.133333333333333,0.162055335968379,0.313438735177866,0,0,0,0,0,0,0,5.2
2025,3,2025_03_LV_WAS,00-0039355,L.McCaffrey,WR,WAS,LV,3,3,56,1,14,42,1,1,1,1,0.166666666666667,0.0886075949367089,0.312025316455696,0,0,0,0,0,0,0,14.6
2025,4,2025_04_WAS_ATL,00-0039355,L.McCaffrey,WR,WAS,ATL,3,2,21,1,52,1,1,1,0,0,0.125,0.181818181818182,0.314772727272727,0,0,0,0,0,0,0,10.1
2025,5,2025_05_WAS_LAC,00-0039355,L.McCaffrey,WR,WAS,LAC,2,1,50,0,68,0,1,1,1,1,0.0869565217391304,0.284518828451883,0.329597962525014,0,0,0,0,0,0,0,6
2025,6,2025_06_CHI_WAS,00-0039355,L.McCaffrey,WR,WAS,CHI,1,1,33,1,20,13,1,1,1,0,0.0416666666666667,0.0943396226415094,0.128537735849057,0,0,0,0,0,0,0,10.3
2025,7,2025_07_WAS_DAL,00-0039355,L.McCaffrey,WR,WAS,DAL,2,0,0,0,34,0,0,0,0,0,0.0645161290322581,0.107594936708861,0.17209064924459,0,0,0,0,0,0,0,0
2025,8,2025_08_WAS_KC,00-0039355,L.McCaffrey,WR,WAS,KC,3,3,24,0,13,11,1,1,0,0,0.1,0.0802469135802469,0.206172839506173,0,0,0,0,0,0,0,5.4
2025,9,2025_09_SEA_WAS,00-0039355,L.McCaffrey,WR,WAS,SEA,0,0,0,0,0,0,0,0,0,0,0,0,0,0,0,0,0,0,0,0,0
2025,9,2025_09_CAR_GB,00-0039356,J.Sanders,TE,CAR,GB,1,1,5,0,5,0,0,0,0,0,0.0526315789473684,0.04,0.106947368421053,0,0,0,0,0,0,0,1.5
2025,10,2025_10_NO_CAR,00-0039356,J.Sanders,TE,CAR,NO,5,5,32,0,15,17,2,0,0,0,0.217391304347826,0.0925925925925926,0.390901771336554,0,0,0,0,0,0,0,8.2
2025,11,2025_11_CAR_ATL,00-0039356,J.Sanders,TE,CAR,ATL,4,4,22,0,10,12,1,0,0,0,0.0909090909090909,0.0359712230215827,0.161543492478744,0,0,0,0,0,0,0,6.2
2025,12,2025_12_CAR_SF,00-0039356,J.Sanders,TE,CAR,SF,1,1,6,0,5,1,0,0,0,0,0.037037037037037,0.0292397660818713,0.0760233918128655,0,0,0,0,0,0,0,1.6
2025,13,2025_13_LA_CAR,00-0039356,J.Sanders,TE,CAR,LA,0,0,0,0,0,0,0,0,0,0,0,0,0,0,0,0,0,0,0,0,0
2025,15,2025_15_CAR_NO,00-0039356,J.Sanders,TE,CAR,NO,2,2,5,0,3,2,0,0,0,0,0.1,0.0146341463414634,0.160243902439024,0,0,0,0,0,0,0,2.5
2025,16,2025_16_TB_CAR,00-0039356,J.Sanders,TE,CAR,TB,2,2,9,1,6,3,0,0,0,0,0.0645161290322581,0.0234375,0.113180443548387,0,0,0,0,0,0,0,8.9
2025,1,2025_01_HOU_LA,00-0039359,C.Stover,TE,HOU,LA,4,4,22,0,9,13,1,0,0,0,0.148148148148148,0.0523255813953488,0.258850129198966,0,0,0,0,0,0,0,6.2
2025,12,2025_12_BUF_HOU,00-0039359,C.Stover,TE,HOU,BUF,2,0,0,0,5,0,0,0,0,0,0.0714285714285714,0.0216450216450216,0.122294372294372,0,0,0,0,0,0,0,0
2025,13,2025_13_HOU_IND,00-0039359,C.Stover,TE,HOU,IND,2,2,16,0,9,7,1,0,0,0,0.0625,0.0229591836734694,0.109821428571429,4,3,0,0,0,0,0,3.9
2025,15,2025_15_ARI_HOU,00-0039359,C.Stover,TE,HOU,ARI,3,3,22,0,1,21,0,0,0,0,0.115384615384615,0.00854700854700855,0.179059829059829,0,0,0,0,0,0,0,5.2
2025,16,2025_16_LV_HOU,00-0039359,C.Stover,TE,HOU,LV,3,2,7,0,5,4,0,0,0,0,0.0882352941176471,0.0163934426229508,0.143828351012536,0,0,0,0,0,0,0,2.7
2025,18,2025_18_IND_HOU,00-0039359,C.Stover,TE,HOU,IND,2,1,9,0,2,7,0,0,0,0,0.0714285714285714,0.0103626943005181,0.11439674315322,0,0,0,0,0,0,0,1.9
2025,4,2025_04_PHI_TB,00-0039361,B.Irving,RB,TB,PHI,5,5,102,1,-4,106,2,2,1,1,0.128205128205128,-0.0125391849529781,0.183530262840608,15,63,0,1,1,0,0,25.5
2025,13,2025_13_ARI_TB,00-0039361,B.Irving,RB,TB,ARI,2,2,20,0,-10,30,1,1,1,0,0.0769230769230769,-0.0480769230769231,0.0817307692307693,17,61,1,1,1,0,0,16.1
2025,14,2025_14_NO_TB,00-0039361,B.Irving,RB,TB,NO,3,2,26,1,-3,34,1,1,1,0,0.107142857142857,-0.0130434782608696,0.151583850931677,15,55,0,2,2,1,0,16.1
2025,15,2025_15_ATL_TB,00-0039361,B.Irving,RB,TB,ATL,3,1,11,0,7,16,1,0,0,0,0.09375,0.0194986072423398,0.154274025069638,16,60,0,2,1,0,0,8.1
2025,16,2025_16_TB_CAR,00-0039361,B.Irving,RB,TB,CAR,0,0,0,0,0,0,0,0,0,0,0,0,0,19,71,0,1,1,0,0,7.1
2025,17,2025_17_TB_MIA,00-0039361,B.Irving,RB,TB,MIA,6,5,14,0,-12,32,0,0,0,0,0.136363636363636,-0.0333333333333333,0.181212121212121,9,19,0,1,1,0,0,8.3
2025,18,2025_18_CAR_TB,00-0039361,B.Irving,RB,TB,CAR,2,1,13,0,3,14,1,0,0,0,0.0909090909090909,0.0211267605633803,0.151152368758003,26,85,0,0,0,0,0,10.8
2025,1,2025_01_SF_SEA,00-0039363,I.Guerendo,RB,SF,SEA,0,0,0,0,0,0,0,0,0,0,0,0,0,0,0,0,0,0,0,0,0
2025,2,2025_02_SF_NO,00-0039363,I.Guerendo,RB,SF,NO,0,0,0,0,0,0,0,0,0,0,0,0,0,0,0,0,0,0,0,0,0
2025,3,2025_03_ARI_SF,00-0039363,I.Guerendo,RB,SF,ARI,0,0,0,0,0,0,0,0,0,0,0,0,0,0,0,0,0,0,0,0,0
2025,5,2025_05_SF_LA,00-0039363,I.Guerendo,RB,SF,LA,0,0,0,0,0,0,0,0,0,0,0,0,0,0,0,0,0,0,0,0,0
2025,7,2025_07_ATL_SF,00-0039363,I.Guerendo,RB,SF,ATL,0,0,0,0,0,0,0,0,0,0,0,0,0,0,0,0,0,0,0,0,0
2025,9,2025_09_SF_NYG,00-0039363,I.Guerendo,RB,SF,NYG,0,0,0,0,0,0,0,0,0,0,0,0,0,0,0,0,0,0,0,0,0
2025,13,2025_13_SF_CLE,00-0039363,I.Guerendo,RB,SF,CLE,0,0,0,0,0,0,0,0,0,0,0,0,0,0,0,0,0,0,0,0,0
2025,3,2025_03_NO_SEA,00-0039376,S.Rattler,QB,NO,SEA,0,0,0,0,0,0,0,0,0,0,0,0,0,2,10,0,0,0,0,0,11.72
2025,4,2025_04_NO_BUF,00-0039376,S.Rattler,QB,NO,BUF,1,0,0,0,4,0,0,0,0,0,0.04,0.032258064516129,0.0825806451612903,6,49,0,2,1,0,0,13.94
2025,5,2025_05_NYG_NO,00-0039376,S.Rattler,QB,NO,NYG,1,1,0,0,0,0,0,0,0,0,0.032258064516129,0,0.0483870967741936,6,21,0,2,0,0,0,16.1
2025,6,2025_06_NE_NO,00-0039376,S.Rattler,QB,NO,NE,0,0,0,0,0,0,0,0,0,0,0,0,0,4,20,0,0,0,0,0,11.08
2025,7,2025_07_NO_CHI,00-0039376,S.Rattler,QB,NO,CHI,0,0,0,0,0,0,0,0,0,0,0,0,0,2,12,0,0,0,0,0,10.52
2025,8,2025_08_TB_NO,00-0039376,S.Rattler,QB,NO,TB,0,0,0,0,0,0,0,0,0,0,0,0,0,3,12,0,0,0,0,0,2.64
2025,15,2025_15_CAR_NO,00-0039376,S.Rattler,QB,NO,CAR,0,0,0,0,0,0,0,0,0,0,0,0,0,0,0,0,0,0,0,0,0
2025,2,2025_02_CLE_BAL,00-0039379,J.Thrash,WR,CLE,BAL,1,1,5,0,3,2,0,0,0,0,0.024390243902439,0.00961538461538462,0.0433161350844278,0,0,0,0,0,0,0,1.5
2025,3,2025_03_GB_CLE,00-0039379,J.Thrash,WR,CLE,GB,3,2,7,0,30,0,0,0,0,0,0.0909090909090909,0.118110236220472,0.219040801717967,0,0,0,0,0,0,0,2.7
2025,5,2025_05_MIN_CLE,00-0039379,J.Thrash,WR,CLE,MIN,1,1,22,0,15,7,1,1,1,0,0.03125,0.0721153846153846,0.0973557692307692,0,0,0,0,0,0,0,3.2
2025,6,2025_06_CLE_PIT,00-0039379,J.Thrash,WR,CLE,PIT,3,2,13,0,9,1,0,0,0,0,0.0588235294117647,0.0286624203821656,0.108298988385163,0,0,0,0,0,0,0,3.3
2025,7,2025_07_MIA_CLE,00-0039379,J.Thrash,WR,CLE,MIA,2,1,23,0,25,11,1,1,1,0,0.111111111111111,0.290697674418605,0.37015503875969,0,0,0,0,0,0,0,3.3
2025,8,2025_08_CLE_NE,00-0039379,J.Thrash,WR,CLE,NE,3,2,31,0,11,18,2,1,1,0,0.0909090909090909,0.0564102564102564,0.175850815850816,0,0,0,0,0,0,0,5.1
2025,10,2025_10_CLE_NYJ,00-0039379,J.Thrash,WR,CLE,NYJ,1,0,0,0,3,0,0,0,0,0,0.03125,0.015,0.057375,0,0,0,0,0,0,0,0
2025,11,2025_11_GB_NYG,00-0039384,T.Tracy,RB,NYG,GB,4,4,51,0,-14,65,2,2,2,0,0.137931034482759,-0.0639269406392694,0.162147693276649,19,88,0,1,1,0,0,17.9
2025,12,2025_12_NYG_DET,00-0039384,T.Tracy,RB,NYG,DET,4,3,68,0,2,65,2,2,2,1,0.117647058823529,0.00488997555012225,0.17989357112038,20,62,0,2,0,0,0,16
2025,13,2025_13_NYG_NE,00-0039384,T.Tracy,RB,NYG,NE,1,1,-3,0,-4,1,0,0,0,0,0.0416666666666667,-0.0217391304347826,0.0472826086956522,10,36,0,0,0,0,0,4.3
2025,15,2025_15_WAS_NYG,00-0039384,T.Tracy,RB,NYG,WAS,4,3,27,1,27,10,1,1,0,0,0.111111111111111,0.0627906976744186,0.21062015503876,15,70,1,2,1,0,0,24.7
2025,16,2025_16_MIN_NYG,00-0039384,T.Tracy,RB,NYG,MIN,2,2,7,0,-4,11,0,0,0,0,0.153846153846154,-0.0476190476190476,0.197435897435897,16,71,0,2,2,0,0,9.8
2025,17,2025_17_NYG_LV,00-0039384,T.Tracy,RB,NYG,LV,2,1,-5,0,15,0,0,0,0,0,0.0689655172413793,0.0955414012738854,0.170327256753789,14,62,0,2,1,1,0,6.7
2025,18,2025_18_DAL_NYG,00-0039384,T.Tracy,RB,NYG,DAL,9,8,56,1,15,60,3,0,0,0,0.28125,0.0815217391304348,0.478940217391304,18,103,0,4,4,1,0,27.9
2025,1,2025_01_TB_ATL,00-0039394,Cas.Washington,WR,ATL,TB,6,3,33,0,99,4,1,1,0,0,0.142857142857143,0.34375,0.454910714285714,0,0,0,0,0,0,0,6.3
2025,4,2025_04_WAS_ATL,00-0039394,Cas.Washington,WR,ATL,WAS,3,1,19,0,75,0,1,1,0,0,0.115384615384615,0.273722627737226,0.364682762492981,0,0,0,0,0,0,0,2.9
2025,6,2025_06_BUF_ATL,00-0039394,C.Washington,WR,ATL,BUF,2,0,0,0,36,0,0,0,0,0,0.0645161290322581,0.155172413793103,0.20539488320356,0,0,0,0,0,0,0,0
2025,7,2025_07_ATL_SF,00-0039394,C.Washington,WR,ATL,SF,2,1,17,0,35,0,1,1,0,0,0.0555555555555556,0.0980392156862745,0.151960784313725,0,0,0,0,0,0,0,2.7
2025,8,2025_08_MIA_ATL,00-0039394,C.Washington,WR,ATL,MIA,1,1,25,0,17,8,1,1,1,0,0.0333333333333333,0.0596491228070175,0.0917543859649123,0,0,0,0,0,0,0,3.5
2025,12,2025_12_CLE_LV,00-0039407,D.Laube,RB,LV,CLE,0,0,0,0,0,0,0,0,0,0,0,0,0,0,0,0,0,0,0,0,0
2025,13,2025_13_LV_LAC,00-0039407,D.Laube,RB,LV,LAC,0,0,0,0,0,0,0,0,0,0,0,0,0,0,0,0,0,0,0,0,0
2025,14,2025_14_DEN_LV,00-0039407,D.Laube,RB,LV,DEN,0,0,0,0,0,0,0,0,0,0,0,0,0,0,0,0,0,0,0,0,0
2025,15,2025_15_LV_PHI,00-0039407,D.Laube,RB,LV,PHI,0,0,0,0,0,0,0,0,0,0,0,0,0,2,4,0,0,0,0,0,0.4
2025,16,2025_16_LV_HOU,00-0039407,D.Laube,RB,LV,HOU,0,0,0,0,0,0,0,0,0,0,0,0,0,0,0,0,0,0,0,0,0
2025,17,2025_17_NYG_LV,00-0039407,D.Laube,RB,LV,NYG,0,0,0,0,0,0,0,0,0,0,0,0,0,0,0,0,0,0,0,0,0
2025,18,2025_18_KC_LV,00-0039407,D.Laube,RB,LV,KC,0,0,0,0,0,0,0,0,0,0,0,0,0,0,0,0,0,0,0,0,0
2025,5,2025_05_NYG_NO,00-0039424,D.Vele,WR,NO,NYG,2,2,13,0,6,7,0,0,0,0,0.0645161290322581,0.025,0.114274193548387,0,0,0,0,0,0,0,3.3
2025,8,2025_08_TB_NO,00-0039424,D.Vele,WR,NO,TB,5,1,10,0,72,2,1,0,0,0,0.1,0.171837708830549,0.270286396181384,0,0,0,0,0,0,0,2
2025,10,2025_10_NO_CAR,00-0039424,D.Vele,WR,NO,CAR,3,1,15,0,68,0,1,0,0,0,0.115384615384615,0.265625,0.359014423076923,0,0,0,0,0,0,0,2.5
2025,12,2025_12_ATL_NO,00-0039424,D.Vele,WR,NO,ATL,7,3,37,0,59,5,2,0,0,0,0.162790697674419,0.190938511326861,0.377843004440431,0,0,0,0,0,0,0,6.7
2025,13,2025_13_NO_MIA,00-0039424,D.Vele,WR,NO,MIA,8,8,93,1,87,6,6,0,0,0,0.235294117647059,0.323420074349442,0.579335228515198,0,0,0,0,0,0,0,23.3
2025,14,2025_14_NO_TB,00-0039424,D.Vele,WR,NO,TB,5,3,40,0,50,8,3,1,0,0,0.25,0.316455696202532,0.596518987341772,0,0,0,0,0,0,0,7
2025,15,2025_15_CAR_NO,00-0039424,D.Vele,WR,NO,CAR,6,5,69,0,71,6,5,2,0,0,0.193548387096774,0.263940520446097,0.475080944957429,0,0,0,0,0,0,0,11.9
2025,12,2025_12_PHI_DAL,00-0039530,B.Spann-Ford,TE,DAL,PHI,1,1,4,1,4,0,0,0,0,0,0.0285714285714286,0.0109289617486339,0.0505074160811866,0,0,0,0,0,0,0,7.4
2025,13,2025_13_KC_DAL,00-0039530,B.Spann-Ford,TE,DAL,KC,0,0,0,0,0,0,0,0,0,0,0,0,0,0,0,0,0,0,0,0,0
2025,14,2025_14_DAL_DET,00-0039530,B.Spann-Ford,TE,DAL,DET,1,1,7,0,7,0,0,0,0,0,0.0212765957446809,0.0140845070422535,0.0417740485465987,0,0,0,0,0,0,0,1.7
2025,15,2025_15_MIN_DAL,00-0039530,B.Spann-Ford,TE,DAL,MIN,1,0,0,0,8,0,0,0,0,0,0.0285714285714286,0.0289855072463768,0.0631469979296066,0,0,0,0,0,0,0,0
2025,16,2025_16_LAC_DAL,00-0039530,B.Spann-Ford,TE,DAL,LAC,0,0,0,0,0,0,0,0,0,0,0,0,0,0,0,0,0,0,0,0,0
2025,17,2025_17_DAL_WAS,00-0039530,B.Spann-Ford,TE,DAL,WAS,2,1,31,0,22,12,1,1,1,0,0.0555555555555556,0.0575916230366492,0.123647469458988,0,0,0,0,0,0,0,4.1
2025,18,2025_18_DAL_NYG,00-0039530,B.Spann-Ford,TE,DAL,NYG,3,2,30,0,36,7,1,1,1,0,0.130434782608696,0.202247191011236,0.337225207620909,0,0,0,0,0,0,0,5
2025,12,2025_12_TB_LA,00-0039589,K.Johnson,WR,TB,LA,0,0,0,0,0,0,0,0,0,0,0,0,0,0,0,0,0,0,0,0,0
2025,13,2025_13_ARI_TB,00-0039589,K.Johnson,WR,TB,ARI,0,0,0,0,0,0,0,0,0,0,0,0,0,0,0,0,0,0,0,0,0
2025,14,2025_14_NO_TB,00-0039589,K.Johnson,WR,TB,NO,1,0,0,0,16,0,0,0,0,0,0.0357142857142857,0.0695652173913044,0.102267080745342,0,0,0,0,0,0,0,0
2025,15,2025_15_ATL_TB,00-0039589,K.Johnson,WR,TB,ATL,0,0,0,0,0,0,0,0,0,0,0,0,0,0,0,0,0,0,0,0,0
2025,16,2025_16_TB_CAR,00-0039589,K.Johnson,WR,TB,CAR,0,0,0,0,0,0,0,0,0,0,0,0,0,0,0,0,0,0,0,0,0
2025,17,2025_17_TB_MIA,00-0039589,K.Johnson,WR,TB,MIA,0,0,0,0,0,0,0,0,0,0,0,0,0,0,0,0,0,0,0,0,0
2025,18,2025_18_CAR_TB,00-0039589,K.Johnson,WR,TB,CAR,0,0,0,0,0,0,0,0,0,0,0,0,0,0,0,0,0,0,0,0,0
2025,11,2025_11_HOU_TEN,00-0039648,D.Martin-Robinson,TE,TEN,HOU,0,0,0,0,0,0,0,0,0,0,0,0,0,0,0,0,0,0,0,0,0
2025,13,2025_13_JAX_TEN,00-0039648,D.Martin-Robinson,TE,TEN,JAX,0,0,0,0,0,0,0,0,0,0,0,0,0,0,0,0,0,0,0,0,0
2025,14,2025_14_TEN_CLE,00-0039648,D.Martin-Robinson,TE,TEN,CLE,1,1,6,0,0,6,0,0,0,0,0.04,0,0.06,0,0,0,0,0,0,0,1.6
2025,15,2025_15_TEN_SF,00-0039648,D.Martin-Robinson,TE,TEN,SF,0,0,0,0,0,0,0,0,0,0,0,0,0,0,0,0,0,0,0,0,0
2025,16,2025_16_KC_TEN,00-0039648,D.Martin-Robinson,TE,TEN,KC,0,0,0,0,0,0,0,0,0,0,0,0,0,0,0,0,0,0,0,0,0
2025,17,2025_17_NO_TEN,00-0039648,D.Martin-Robinson,TE,TEN,NO,1,1,9,0,8,1,0,0,0,0,0.0285714285714286,0.0214477211796247,0.0578705476828801,0,0,0,0,0,0,0,1.9
2025,18,2025_18_TEN_JAX,00-0039648,D.Martin-Robinson,TE,TEN,JAX,3,1,14,0,14,9,1,0,0,0,0.0909090909090909,0.110236220472441,0.213528990694345,0,0,0,0,0,0,0,2.4
2025,1,2025_01_TEN_DEN,00-0039650,B.Oliver,WR,TEN,DEN,1,1,8,0,6,2,0,0,0,0,0.04,0.0204081632653061,0.0742857142857143,0,0,0,0,0,0,0,1.8
2025,2,2025_02_LA_TEN,00-0039650,B.Oliver,WR,TEN,LA,0,0,0,0,0,0,0,0,0,0,0,0,0,0,0,0,0,0,0,0,0
2025,5,2025_05_WAS_LAC,00-0039686,C.Yankoff,TE,WAS,LAC,0,0,0,0,0,0,0,0,0,0,0,0,0,0,0,0,0,0,0,0,0
2025,6,2025_06_CHI_WAS,00-0039686,C.Yankoff,TE,WAS,CHI,0,0,0,0,0,0,0,0,0,0,0,0,0,0,0,0,0,0,0,0,0
2025,7,2025_07_WAS_DAL,00-0039686,C.Yankoff,TE,WAS,DAL,0,0,0,0,0,0,0,0,0,0,0,0,0,0,0,0,0,0,0,0,0
2025,11,2025_11_WAS_MIA,00-0039686,C.Yankoff,TE,WAS,MIA,1,1,4,0,1,3,0,0,0,0,0.0344827586206897,0.00452488687782806,0.0548915587455141,0,0,0,0,0,0,0,1.4
2025,13,2025_13_DEN_WAS,00-0039686,C.Yankoff,TE,WAS,DEN,1,1,14,0,13,1,1,0,0,0,0.0222222222222222,0.0217391304347826,0.0485507246376812,0,0,0,0,0,0,0,2.4
2025,14,2025_14_WAS_MIN,00-0039686,C.Yankoff,TE,WAS,MIN,1,0,0,0,4,0,0,0,0,0,0.05,0.0347826086956522,0.0993478260869565,0,0,0,0,0,0,0,0
2025,15,2025_15_WAS_NYG,00-0039686,C.Yankoff,TE,WAS,NYG,0,0,0,0,0,0,0,0,0,0,0,0,0,0,0,0,0,0,0,0,0
2025,11,2025_11_KC_DEN,00-0039732,B.Nix,QB,DEN,KC,1,0,0,0,2,0,0,0,0,0,0.0277777777777778,0.00626959247648903,0.046055381400209,3,8,0,0,0,0,0,12.6
2025,13,2025_13_DEN_WAS,00-0039732,B.Nix,QB,DEN,WAS,0,0,0,0,0,0,0,0,0,0,0,0,0,2,16,0,1,0,0,0,16.44
2025,14,2025_14_DEN_LV,00-0039732,B.Nix,QB,DEN,LV,0,0,0,0,0,0,0,0,0,0,0,0,0,3,15,1,0,0,0,0,15.98
2025,15,2025_15_GB_DEN,00-0039732,B.Nix,QB,DEN,GB,0,0,0,0,0,0,0,0,0,0,0,0,0,7,10,0,0,0,0,0,29.08
2025,16,2025_16_JAX_DEN,00-0039732,B.Nix,QB,DEN,JAX,0,0,0,0,0,0,0,0,0,0,0,0,0,4,11,0,1,1,0,0,15.18
2025,17,2025_17_DEN_KC,00-0039732,B.Nix,QB,DEN,KC,0,0,0,0,0,0,0,0,0,0,0,0,0,9,42,1,1,1,0,0,19.48
2025,18,2025_18_LAC_DEN,00-0039732,B.Nix,QB,DEN,LAC,0,0,0,0,0,0,0,0,0,0,0,0,0,8,49,0,2,1,1,0,10.54
2025,1,2025_01_ARI_NO,00-0039737,T.Reiman,TE,ARI,NO,1,1,10,0,5,5,1,0,0,0,0.0344827586206897,0.0301204819277108,0.0728084752804321,0,0,0,0,0,0,0,2
2025,3,2025_03_ARI_SF,00-0039737,T.Reiman,TE,ARI,SF,3,2,8,0,12,2,0,0,0,0,0.0882352941176471,0.0677966101694915,0.179810568295115,0,0,0,0,0,0,0,2.8
2025,5,2025_05_TEN_ARI,00-0039737,T.Reiman,TE,ARI,TEN,1,0,0,0,9,0,0,0,0,0,0.0333333333333333,0.0430622009569378,0.0801435406698565,0,0,0,0,0,0,0,0
2025,12,2025_12_TB_LA,00-0039738,B.Corum,RB,LA,TB,0,0,0,0,0,0,0,0,0,0,0,0,0,7,24,0,1,0,0,0,2.4
2025,13,2025_13_LA_CAR,00-0039738,B.Corum,RB,LA,CAR,0,0,0,0,0,0,0,0,0,0,0,0,0,7,81,1,3,3,1,0,14.1
2025,14,2025_14_LA_ARI,00-0039738,B.Corum,RB,LA,ARI,1,1,3,0,2,1,0,0,0,0,0.032258064516129,0.00896860986547085,0.0546651236800232,12,128,2,4,4,1,1,26.1
2025,15,2025_15_DET_LA,00-0039738,B.Corum,RB,LA,DET,0,0,0,0,0,0,0,0,0,0,0,0,0,11,71,1,2,1,1,0,13.1
2025,16,2025_16_LA_SEA,00-0039738,B.Corum,RB,LA,SEA,2,1,13,0,11,7,1,0,0,0,0.0416666666666667,0.0230607966457023,0.0786425576519916,14,48,1,0,0,0,0,13.1
2025,17,2025_17_LA_ATL,00-0039738,B.Corum,RB,LA,ATL,0,0,0,0,0,0,0,0,0,0,0,0,0,6,18,0,0,0,0,0,1.8
2025,18,2025_18_ARI_LA,00-0039738,B.Corum,RB,LA,ARI,1,1,10,0,3,7,1,0,0,0,0.027027027027027,0.00835654596100279,0.0463901227132425,13,59,0,1,1,1,0,7.9
2025,12,2025_12_PHI_DAL,00-0039746,W.Shipley,RB,PHI,DAL,0,0,0,0,0,0,0,0,0,0,0,0,0,0,0,0,0,0,0,0,0
2025,13,2025_13_CHI_PHI,00-0039746,W.Shipley,RB,PHI,CHI,1,1,11,0,10,1,1,0,0,0,0.0333333333333333,0.029940119760479,0.0709580838323353,0,0,0,0,0,0,0,2.1
2025,14,2025_14_PHI_LAC,00-0039746,W.Shipley,RB,PHI,LAC,1,1,3,0,1,2,0,0,0,0,0.0263157894736842,0.00245098039215686,0.0411893704850361,0,0,0,0,0,0,0,1.3
2025,15,2025_15_LV_PHI,00-0039746,W.Shipley,RB,PHI,LV,0,0,0,0,0,0,0,0,0,0,0,0,0,0,0,0,0,0,0,0,0
2025,16,2025_16_PHI_WAS,00-0039746,W.Shipley,RB,PHI,WAS,1,1,3,0,-5,8,0,0,0,0,0.0344827586206897,-0.0248756218905473,0.0343112026076514,0,0,0,0,0,0,0,1.3
2025,17,2025_17_PHI_BUF,00-0039746,W.Shipley,RB,PHI,BUF,0,0,0,0,0,0,0,0,0,0,0,0,0,2,2,0,0,0,0,0,0.2
2025,18,2025_18_WAS_PHI,00-0039746,W.Shipley,RB,PHI,WAS,3,2,11,0,-6,21,1,0,0,0,0.0882352941176471,-0.0156657963446475,0.121386883735217,1,2,0,0,0,0,0,3.3
2025,12,2025_12_TB_LA,00-0039751,J.Whittington,WR,LA,TB,3,3,17,0,5,12,1,0,0,0,0.0882352941176471,0.0200803212851406,0.146409166076069,0,0,0,0,0,0,0,4.7
2025,13,2025_13_LA_CAR,00-0039751,J.Whittington,WR,LA,CAR,1,0,0,0,22,0,0,0,0,0,0.037037037037037,0.0995475113122172,0.125238813474108,0,0,0,0,0,0,0,0
2025,14,2025_14_LA_ARI,00-0039751,J.Whittington,WR,LA,ARI,1,1,5,0,1,4,0,0,0,0,0.032258064516129,0.00448430493273543,0.0515261102271083,0,0,0,0,0,0,0,1.5
2025,15,2025_15_DET_LA,00-0039751,J.Whittington,WR,LA,DET,1,0,0,0,1,0,0,0,0,0,0.0263157894736842,0.00212314225053079,0.0409598837858979,0,0,0,0,0,0,0,0
2025,16,2025_16_LA_SEA,00-0039751,J.Whittington,WR,LA,SEA,1,1,19,0,11,8,1,1,0,0,0.0208333333333333,0.0230607966457023,0.0473925576519916,0,0,0,0,0,0,0,2.9
2025,17,2025_17_LA_ATL,00-0039751,J.Whittington,WR,LA,ATL,0,0,0,0,0,0,0,0,0,0,0,0,0,0,0,0,0,0,0,0,0
2025,18,2025_18_ARI_LA,00-0039751,J.Whittington,WR,LA,ARI,0,0,0,0,0,0,0,0,0,0,0,0,0,0,0,0,0,0,0,0,0
2025,12,2025_12_SEA_TEN,00-0039793,A.Barner,TE,SEA,TEN,4,2,18,0,29,15,1,0,0,0,0.16,0.118367346938776,0.322857142857143,0,0,0,0,0,0,0,3.8
2025,13,2025_13_MIN_SEA,00-0039793,A.Barner,TE,SEA,MIN,5,4,35,0,9,30,2,0,0,0,0.217391304347826,0.0967741935483871,0.39382889200561,1,2,0,0,0,0,0,7.7
2025,14,2025_14_SEA_ATL,00-0039793,A.Barner,TE,SEA,ATL,4,3,27,0,14,15,1,0,0,0,0.133333333333333,0.0549019607843137,0.23843137254902,0,0,0,0,0,0,0,5.7
2025,15,2025_15_IND_SEA,00-0039793,A.Barner,TE,SEA,IND,6,3,27,0,23,20,1,0,0,0,0.181818181818182,0.0954356846473029,0.339532251980385,0,0,0,0,0,0,0,5.7
2025,16,2025_16_LA_SEA,00-0039793,A.Barner,TE,SEA,LA,6,4,49,1,31,12,2,1,1,0,0.193548387096774,0.153465346534653,0.397748323219419,1,1,0,0,0,0,0,15
2025,17,2025_17_SEA_CAR,00-0039793,A.Barner,TE,SEA,CAR,3,3,43,1,10,33,3,2,0,0,0.115384615384615,0.0709219858156028,0.222722313147845,0,0,0,0,0,0,0,13.3
2025,18,2025_18_SEA_SF,00-0039793,A.Barner,TE,SEA,SF,3,2,14,0,9,10,0,0,0,0,0.115384615384615,0.0714285714285714,0.223076923076923,0,0,0,0,0,0,0,3.4
2025,1,2025_01_PIT_NYJ,00-0039794,B.Allen,RB,NYJ,PIT,0,0,0,0,0,0,0,0,0,0,0,0,0,6,9,1,0,0,0,0,6.9
2025,2,2025_02_BUF_NYJ,00-0039794,B.Allen,RB,NYJ,BUF,1,0,0,0,0,0,0,0,0,0,0.0476190476190476,0,0.0714285714285714,2,11,0,0,0,0,0,1.1
2025,3,2025_03_NYJ_TB,00-0039794,B.Allen,RB,NYJ,TB,2,2,17,0,8,9,1,0,0,0,0.0571428571428571,0.0496894409937888,0.120496894409938,6,30,0,0,0,0,0,6.7
2025,4,2025_04_NYJ_MIA,00-0039794,B.Allen,RB,NYJ,MIA,0,0,0,0,0,0,0,0,0,0,0,0,0,4,26,0,1,1,0,0,0.6
2025,11,2025_11_BAL_CLE,00-0039796,R.Ali,RB,BAL,CLE,1,1,15,0,1,14,1,0,0,0,0.04,0.0050251256281407,0.0635175879396985,0,0,0,0,0,0,0,2.5
2025,13,2025_13_CIN_BAL,00-0039796,R.Ali,RB,BAL,CIN,0,0,0,0,0,0,0,0,0,0,0,0,0,4,17,0,0,0,0,0,1.7
2025,14,2025_14_PIT_BAL,00-0039796,R.Ali,RB,BAL,PIT,3,2,11,0,11,13,0,0,0,0,0.0909090909090909,0.0428015564202335,0.1663247258578,1,2,0,0,0,0,0,3.3
2025,15,2025_15_BAL_CIN,00-0039796,R.Ali,RB,BAL,CIN,2,2,32,1,-6,38,1,1,1,0,0.166666666666667,-0.0465116279069768,0.217441860465116,0,0,0,0,0,0,0,11.2
2025,16,2025_16_NE_BAL,00-0039796,R.Ali,RB,BAL,NE,2,2,2,0,-13,15,0,0,0,0,0.1,-0.0760233918128655,0.0967836257309942,0,0,0,0,0,0,0,2.2
2025,17,2025_17_BAL_GB,00-0039796,R.Ali,RB,BAL,GB,3,2,8,0,6,3,0,0,0,0,0.15,0.075,0.2775,0,0,0,0,0,0,0,2.8
2025,18,2025_18_BAL_PIT,00-0039796,R.Ali,RB,BAL,PIT,0,0,0,0,0,0,0,0,0,0,0,0,0,1,0,0,0,0,0,0,0
2025,11,2025_11_NYJ_NE,00-0039798,I.Davis,RB,NYJ,NE,1,0,0,0,4,0,0,0,0,0,0.0384615384615385,0.018957345971564,0.0709624498724025,2,11,0,0,0,0,0,1.1
2025,12,2025_12_NYJ_BAL,00-0039798,I.Davis,RB,NYJ,BAL,0,0,0,0,0,0,0,0,0,0,0,0,0,4,7,0,0,0,0,0,0.7
2025,13,2025_13_ATL_NYJ,00-0039798,I.Davis,RB,NYJ,ATL,1,0,0,0,6,0,0,0,0,0,0.032258064516129,0.0188087774294671,0.0615532409748205,0,0,0,0,0,0,0,0
2025,14,2025_14_MIA_NYJ,00-0039798,I.Davis,RB,NYJ,MIA,0,0,0,0,0,0,0,0,0,0,0,0,0,2,22,0,1,1,0,0,2.2
2025,15,2025_15_NYJ_JAX,00-0039798,I.Davis,RB,NYJ,JAX,1,1,7,0,6,1,0,0,0,0,0.03125,0.028169014084507,0.0665933098591549,9,58,1,1,1,1,0,13.5
2025,16,2025_16_NYJ_NO,00-0039798,I.Davis,RB,NYJ,NO,4,4,52,0,-11,63,2,2,1,0,0.117647058823529,-0.0674846625766871,0.129231324431613,3,8,0,0,0,0,0,10
2025,17,2025_17_NE_NYJ,00-0039798,I.Davis,RB,NYJ,NE,1,1,9,0,-5,14,0,0,0,0,0.03125,-0.0333333333333333,0.0235416666666667,3,11,0,1,1,0,0,3
2025,5,2025_05_LV_IND,00-0039816,A.Gould,WR,IND,LV,0,0,0,0,0,0,0,0,0,0,0,0,0,0,0,0,0,0,0,0,0
2025,6,2025_06_ARI_IND,00-0039816,A.Gould,WR,IND,ARI,0,0,0,0,0,0,0,0,0,0,0,0,0,0,0,0,0,0,0,0,0
2025,7,2025_07_IND_LAC,00-0039816,A.Gould,WR,IND,LAC,1,1,3,0,3,0,0,0,0,0,0.03125,0.00898203592814371,0.0531624251497006,0,0,0,0,0,0,0,1.3
2025,8,2025_08_TEN_IND,00-0039816,A.Gould,WR,IND,TEN,0,0,0,0,0,0,0,0,0,0,0,0,0,0,0,0,0,0,0,0,0
2025,12,2025_12_IND_KC,00-0039816,A.Gould,WR,IND,KC,0,0,0,0,0,0,0,0,0,0,0,0,0,0,0,0,0,0,0,0,0
2025,13,2025_13_HOU_IND,00-0039816,A.Gould,WR,IND,HOU,0,0,0,0,0,0,0,0,0,0,0,0,0,0,0,0,0,0,0,0,0
2025,14,2025_14_IND_JAX,00-0039816,A.Gould,WR,IND,JAX,1,1,3,0,-5,8,0,0,0,0,0.0277777777777778,-0.021551724137931,0.0265804597701149,0,0,0,0,0,0,0,1.3
2025,9,2025_09_SF_NYG,00-0039847,T.Johnson,TE,NYG,SF,6,3,27,1,46,17,1,0,0,0,0.1875,0.211981566820277,0.429637096774194,0,0,0,0,0,0,0,11.7
2025,10,2025_10_NYG_CHI,00-0039847,T.Johnson,TE,NYG,CHI,8,7,75,0,72,17,4,2,2,0,0.25,0.247422680412371,0.54819587628866,0,0,0,0,0,0,0,14.5
2025,11,2025_11_GB_NYG,00-0039847,T.Johnson,TE,NYG,GB,4,3,36,0,34,5,3,0,0,0,0.137931034482759,0.155251141552511,0.315572350810896,0,0,0,0,0,0,0,6.6
2025,12,2025_12_NYG_DET,00-0039847,T.Johnson,TE,NYG,DET,5,3,77,0,79,6,3,2,2,0,0.147058823529412,0.193154034229829,0.355796059254998,0,0,0,0,0,0,0,10.7
2025,13,2025_13_NYG_NE,00-0039847,T.Johnson,TE,NYG,NE,8,3,29,0,103,1,1,1,0,0,0.333333333333333,0.559782608695652,0.891847826086957,0,0,0,0,0,0,0,5.9
2025,15,2025_15_WAS_NYG,00-0039847,T.Johnson,TE,NYG,WAS,4,3,72,0,43,39,2,2,2,1,0.111111111111111,0.1,0.236666666666667,0,0,0,0,0,0,0,10.2
2025,16,2025_16_MIN_NYG,00-0039847,T.Johnson,TE,NYG,MIN,2,0,0,0,7,0,0,0,0,0,0.153846153846154,0.0833333333333333,0.289102564102564,0,0,0,0,0,0,0,0
2025,6,2025_06_ARI_IND,00-0039849,M.Harrison,WR,ARI,IND,2,2,32,0,25,7,2,1,1,0,0.0512820512820513,0.0639386189258312,0.121680110171159,0,0,0,0,0,0,0,5.2
2025,7,2025_07_GB_ARI,00-0039849,M.Harrison,WR,ARI,GB,6,2,58,0,115,5,2,2,2,0,0.176470588235294,0.368589743589744,0.522718702865762,0,0,0,0,0,0,0,7.8
2025,9,2025_09_ARI_DAL,00-0039849,M.Harrison,WR,ARI,DAL,10,7,96,1,108,25,5,4,1,0,0.344827586206897,0.435483870967742,0.822080088987764,0,0,0,0,0,0,0,22.6
2025,10,2025_10_ARI_SEA,00-0039849,M.Harrison,WR,ARI,SEA,12,3,33,1,138,7,2,0,0,0,0.272727272727273,0.419452887537994,0.702707930367505,0,0,0,0,0,0,0,14.3
2025,13,2025_13_ARI_TB,00-0039849,M.Harrison,WR,ARI,TB,7,6,69,0,83,11,3,2,1,0,0.189189189189189,0.28719723183391,0.484821846067521,0,0,0,0,0,0,0,12.9
2025,16,2025_16_ATL_ARI,00-0039849,M.Harrison,WR,ARI,ATL,3,1,14,0,79,0,1,0,0,0,0.103448275862069,0.346491228070175,0.397716273442226,0,0,0,0,0,0,0,2.4
2025,17,2025_17_ARI_CIN,00-0039849,M.Harrison,WR,ARI,CIN,1,0,0,0,11,0,0,0,0,0,0.0285714285714286,0.0385964912280702,0.069874686716792,0,0,0,0,0,0,0,0
2025,11,2025_11_NYJ_NE,00-0039851,D.Maye,QB,NE,NYJ,0,0,0,0,0,0,0,0,0,0,0,0,0,4,2,0,0,0,0,0,15.44
2025,12,2025_12_NE_CIN,00-0039851,D.Maye,QB,NE,CIN,0,0,0,0,0,0,0,0,0,0,0,0,0,5,22,0,1,1,0,0,15.96
2025,13,2025_13_NYG_NE,00-0039851,D.Maye,QB,NE,NYG,0,0,0,0,0,0,0,0,0,0,0,0,0,6,12,0,0,0,0,0,20.48
2025,15,2025_15_BUF_NE,00-0039851,D.Maye,QB,NE,BUF,0,0,0,0,0,0,0,0,0,0,0,0,0,4,43,2,2,1,0,0,20.5
2025,16,2025_16_NE_BAL,00-0039851,D.Maye,QB,NE,BAL,0,0,0,0,0,0,0,0,0,0,0,0,0,10,25,0,1,1,0,0,23.7
2025,17,2025_17_NE_NYJ,00-0039851,D.Maye,QB,NE,NYJ,0,0,0,0,0,0,0,0,0,0,0,0,0,3,22,0,1,0,0,0,32.44
2025,18,2025_18_MIA_NE,00-0039851,D.Maye,QB,NE,MIA,0,0,0,0,0,0,0,0,0,0,0,0,0,5,41,0,1,1,0,0,15.74
2025,11,2025_11_KC_DEN,00-0039868,T.Franklin,WR,DEN,KC,8,4,84,0,193,23,2,2,2,0,0.222222222222222,0.605015673981191,0.756844305120167,0,0,0,0,0,0,0,12.4
2025,13,2025_13_DEN_WAS,00-0039868,T.Franklin,WR,DEN,WAS,3,2,21,0,19,0,1,1,0,0,0.0697674418604651,0.100529100529101,0.175021533161068,0,0,0,0,0,0,0,4.1
2025,14,2025_14_DEN_LV,00-0039868,T.Franklin,WR,DEN,LV,4,3,11,0,23,6,0,0,0,0,0.111111111111111,0.106481481481481,0.241203703703704,0,0,0,0,0,0,0,4.1
2025,15,2025_15_GB_DEN,00-0039868,T.Franklin,WR,DEN,GB,6,6,85,1,57,28,4,3,1,0,0.1875,0.176470588235294,0.404779411764706,1,3,0,0,0,0,0,20.8
2025,16,2025_16_JAX_DEN,00-0039868,T.Franklin,WR,DEN,JAX,5,4,66,0,66,16,1,1,1,1,0.108695652173913,0.146993318485523,0.265938801200736,0,0,0,0,0,0,0,10.6
2025,17,2025_17_DEN_KC,00-0039868,T.Franklin,WR,DEN,KC,4,4,17,0,9,8,0,0,0,0,0.108108108108108,0.0436893203883495,0.192744686434007,0,0,0,0,0,0,0,5.7
2025,18,2025_18_LAC_DEN,00-0039868,T.Franklin,WR,DEN,LAC,1,0,0,0,8,0,0,0,0,0,0.0434782608695652,0.307692307692308,0.280602006688963,0,0,0,0,0,0,0,0
2025,12,2025_12_BUF_HOU,00-0039875,R.Davis,RB,BUF,HOU,0,0,0,0,0,0,0,0,0,0,0,0,0,0,0,0,0,0,0,0,6
2025,13,2025_13_BUF_PIT,00-0039875,R.Davis,RB,BUF,PIT,0,0,0,0,0,0,0,0,0,0,0,0,0,9,62,0,4,3,0,0,6.2
2025,14,2025_14_CIN_BUF,00-0039875,R.Davis,RB,BUF,CIN,0,0,0,0,0,0,0,0,0,0,0,0,0,0,0,0,0,0,0,0,0
2025,15,2025_15_BUF_NE,00-0039875,R.Davis,RB,BUF,NE,1,1,13,0,-1,14,1,0,0,0,0.0384615384615385,-0.0037037037037037,0.0550997150997151,0,0,0,0,0,0,0,2.3
2025,16,2025_16_BUF_CLE,00-0039875,R.Davis,RB,BUF,CLE,2,2,20,0,4,16,1,0,0,0,0.111111111111111,0.0330578512396694,0.189807162534435,3,14,0,0,0,0,0,5.4
2025,17,2025_17_PHI_BUF,00-0039875,R.Davis,RB,BUF,PHI,1,1,12,0,0,12,1,0,0,0,0.0303030303030303,0,0.0454545454545455,1,4,0,0,0,0,0,2.6
2025,18,2025_18_NYJ_BUF,00-0039875,R.Davis,RB,BUF,NYJ,2,2,23,1,-6,29,1,1,1,0,0.0714285714285714,-0.0301507537688442,0.0860373295046662,21,151,0,5,5,1,0,25.4
2025,11,2025_11_WAS_MIA,00-0039880,M.Washington,WR,MIA,WAS,3,3,42,0,15,27,3,1,0,0,0.15,0.111111111111111,0.302777777777778,0,0,0,0,0,0,0,7.2
2025,13,2025_13_NO_MIA,00-0039880,M.Washington,WR,MIA,NO,5,4,30,0,18,31,1,1,0,0,0.25,0.0775862068965517,0.429310344827586,0,0,0,0,0,0,0,7
2025,14,2025_14_MIA_NYJ,00-0039880,M.Washington,WR,MIA,NYJ,4,3,10,0,13,6,0,0,0,0,0.19047619047619,0.136842105263158,0.381503759398496,0,0,0,0,0,0,0,4
2025,15,2025_15_MIA_PIT,00-0039880,M.Washington,WR,MIA,PIT,1,1,10,0,1,9,1,0,0,0,0.0384615384615385,0.00584795321637427,0.0617858749437697,0,0,0,0,0,0,0,2
2025,16,2025_16_CIN_MIA,00-0039880,M.Washington,WR,MIA,CIN,1,1,23,0,5,18,1,1,1,0,0.0344827586206897,0.0191570881226054,0.0651340996168582,1,9,1,0,0,0,0,10.2
2025,17,2025_17_TB_MIA,00-0039880,M.Washington,WR,MIA,TB,3,1,4,0,78,0,0,0,0,0,0.136363636363636,0.397959183673469,0.483116883116883,1,1,0,0,0,0,0,1.5
2025,18,2025_18_MIA_NE,00-0039880,M.Washington,WR,MIA,NE,4,3,6,1,5,5,0,0,0,0,0.166666666666667,0.03125,0.271875,2,22,0,1,1,0,0,11.8
2025,12,2025_12_NYJ_BAL,00-0039890,A.Mitchell,WR,NYJ,BAL,7,2,42,0,182,13,2,2,1,0,0.259259259259259,0.631944444444445,0.83125,0,0,0,0,0,0,0,6.2
2025,13,2025_13_ATL_NYJ,00-0039890,A.Mitchell,WR,NYJ,ATL,12,8,102,1,173,1,3,1,1,1,0.387096774193548,0.542319749216301,0.960268985741733,0,0,0,0,0,0,0,24.2
2025,14,2025_14_MIA_NYJ,00-0039890,A.Mitchell,WR,NYJ,MIA,6,1,24,0,78,3,1,1,1,0,0.1875,0.269896193771626,0.470177335640138,0,0,0,0,0,0,0,3.4
2025,15,2025_15_NYJ_JAX,00-0039890,A.Mitchell,WR,NYJ,JAX,9,6,58,1,88,-1,1,1,1,0,0.28125,0.413145539906103,0.711076877934272,1,-4,0,0,0,0,0,17.4
2025,16,2025_16_NYJ_NO,00-0039890,A.Mitchell,WR,NYJ,NO,6,3,43,0,72,11,1,1,1,0,0.176470588235294,0.441717791411043,0.573908336340671,0,0,0,0,0,0,0,7.3
2025,17,2025_17_NE_NYJ,00-0039890,A.Mitchell,WR,NYJ,NE,9,3,22,0,116,1,0,0,0,0,0.28125,0.773333333333333,0.963208333333333,0,0,0,0,0,0,0,5.2
2025,18,2025_18_NYJ_BUF,00-0039890,A.Mitchell,WR,NYJ,BUF,3,0,0,0,31,0,0,0,0,0,0.136363636363636,0.424657534246575,0.501805728518057,0,0,0,0,0,0,0,0
2025,9,2025_09_JAX_LV,00-0039893,B.Thomas,WR,JAX,LV,5,3,55,0,83,25,3,1,1,0,0.151515151515152,0.28719723183391,0.428310789556464,0,0,0,0,0,0,0,8.5
2025,13,2025_13_JAX_TEN,00-0039893,B.Thomas,WR,JAX,TEN,3,2,28,0,47,12,2,1,0,0,0.12,0.174074074074074,0.301851851851852,0,0,0,0,0,0,0,4.8
2025,14,2025_14_IND_JAX,00-0039893,B.Thomas,WR,JAX,IND,6,3,87,0,153,11,3,3,2,0,0.193548387096774,0.45945945945946,0.611944202266783,0,0,0,0,0,0,0,11.7
2025,15,2025_15_NYJ_JAX,00-0039893,B.Thomas,WR,JAX,NYJ,7,4,66,1,131,8,2,2,1,0,0.25,0.378612716763006,0.640028901734104,1,5,0,0,0,0,0,17.1
2025,16,2025_16_JAX_DEN,00-0039893,B.Thomas,WR,JAX,DEN,3,2,18,0,23,0,0,0,0,0,0.0857142857142857,0.0818505338078292,0.185866802236909,0,0,0,0,0,0,0,3.8
2025,17,2025_17_JAX_IND,00-0039893,B.Thomas,WR,JAX,IND,7,4,39,0,108,5,2,1,0,0,0.189189189189189,0.298342541436464,0.492623562789309,0,0,0,0,0,0,0,7.9
2025,18,2025_18_TEN_JAX,00-0039893,B.Thomas,WR,JAX,TEN,5,3,49,0,82,11,3,1,1,0,0.161290322580645,0.277966101694915,0.436511755057408,0,0,0,0,0,0,0,7.9
2025,11,2025_11_KC_DEN,00-0039894,X.Worthy,WR,KC,DEN,5,3,25,0,68,16,2,0,0,0,0.116279069767442,0.209876543209877,0.321332184898076,0,0,0,0,0,0,0,5.5
2025,12,2025_12_IND_KC,00-0039894,X.Worthy,WR,KC,IND,8,4,59,0,101,5,2,1,1,0,0.186046511627907,0.287749287749288,0.480494268866362,0,0,0,0,0,0,0,9.9
2025,13,2025_13_KC_DAL,00-0039894,X.Worthy,WR,KC,DAL,6,4,61,0,66,24,1,1,1,1,0.1875,0.275,0.47375,2,13,0,1,1,0,0,11.4
2025,14,2025_14_HOU_KC,00-0039894,X.Worthy,WR,KC,HOU,4,3,55,0,47,18,3,2,2,0,0.137931034482759,0.162629757785467,0.320737382173965,0,0,0,0,0,0,0,8.5
2025,15,2025_15_LAC_KC,00-0039894,X.Worthy,WR,KC,LAC,4,2,35,0,56,14,1,1,1,0,0.133333333333333,0.224,0.3568,0,0,0,0,0,0,0,5.5
2025,16,2025_16_KC_TEN,00-0039894,X.Worthy,WR,KC,TEN,3,2,41,0,48,18,2,1,1,0,0.136363636363636,0.428571428571429,0.504545454545455,1,0,0,0,0,0,0,6.1
2025,17,2025_17_DEN_KC,00-0039894,X.Worthy,WR,KC,DEN,3,0,0,0,38,0,0,0,0,0,0.15,0.339285714285714,0.4625,1,1,0,0,0,0,0,0.1
2025,6,2025_06_BUF_ATL,00-0039901,K.Coleman,WR,BUF,ATL,6,3,11,0,48,-2,0,0,0,0,0.230769230769231,0.167247386759582,0.463227016885553,0,0,0,0,0,0,0,4.1
2025,8,2025_08_BUF_CAR,00-0039901,K.Coleman,WR,BUF,CAR,4,3,30,0,24,11,1,0,0,0,0.173913043478261,0.163265306122449,0.375155279503106,0,0,0,0,0,0,0,6
2025,9,2025_09_KC_BUF,00-0039901,K.Coleman,WR,BUF,KC,2,2,17,0,10,7,1,0,0,0,0.08,0.075187969924812,0.172631578947368,0,0,0,0,0,0,0,3.7
2025,10,2025_10_BUF_MIA,00-0039901,K.Coleman,WR,BUF,MIA,8,3,46,1,166,9,1,1,1,0,0.205128205128205,0.410891089108911,0.595316070068545,0,0,0,0,0,0,0,13.6
2025,13,2025_13_BUF_PIT,00-0039901,K.Coleman,WR,BUF,PIT,3,2,9,1,6,6,0,0,0,0,0.130434782608696,0.153846153846154,0.303344481605351,0,0,0,0,0,0,0,8.9
2025,14,2025_14_CIN_BUF,00-0039901,K.Coleman,WR,BUF,CIN,3,2,16,0,30,5,0,0,0,0,0.111111111111111,0.232558139534884,0.329457364341085,0,0,0,0,0,0,0,3.6
2025,18,2025_18_NYJ_BUF,00-0039901,K.Coleman,WR,BUF,NYJ,4,2,49,0,47,18,2,1,1,0,0.142857142857143,0.236180904522613,0.379612347451543,0,0,0,0,0,0,0,8.9
2025,1,2025_01_NYG_WAS,00-0039910,J.Daniels,QB,WAS,NYG,0,0,0,0,0,0,0,0,0,0,0,0,0,11,68,0,3,2,0,0,20.12
2025,2,2025_02_WAS_GB,00-0039910,J.Daniels,QB,WAS,GB,0,0,0,0,0,0,0,0,0,0,0,0,0,7,17,0,0,0,0,0,19.7
2025,5,2025_05_WAS_LAC,00-0039910,J.Daniels,QB,WAS,LAC,0,0,0,0,0,0,0,0,0,0,0,0,0,8,39,0,1,1,0,0,17.14
2025,6,2025_06_CHI_WAS,00-0039910,J.Daniels,QB,WAS,CHI,0,0,0,0,0,0,0,0,0,0,0,0,0,10,52,0,2,2,0,0,21.64
2025,7,2025_07_WAS_DAL,00-0039910,J.Daniels,QB,WAS,DAL,0,0,0,0,0,0,0,0,0,0,0,0,0,8,35,1,1,1,0,0,17.74
2025,9,2025_09_SEA_WAS,00-0039910,J.Daniels,QB,WAS,SEA,0,0,0,0,0,0,0,0,0,0,0,0,0,10,51,1,1,1,0,0,15.22
2025,14,2025_14_WAS_MIN,00-0039910,J.Daniels,QB,WAS,MIN,0,0,0,0,0,0,0,0,0,0,0,0,0,4,16,0,0,0,0,0,2.72
2025,10,2025_10_PIT_LAC,00-0039915,L.McConkey,WR,LAC,PIT,6,4,107,1,73,62,4,3,1,1,0.181818181818182,0.467948717948718,0.600291375291375,0,0,0,0,0,0,0,20.7
2025,11,2025_11_LAC_JAX,00-0039915,L.McConkey,WR,LAC,JAX,4,3,13,0,28,14,0,0,0,0,0.166666666666667,0.152173913043478,0.356521739130435,0,0,0,0,0,0,0,4.3
2025,13,2025_13_LV_LAC,00-0039915,L.McConkey,WR,LAC,LV,6,4,39,1,52,5,1,0,0,0,0.285714285714286,0.261306532663317,0.61148600143575,0,0,0,0,0,0,0,13.9
2025,14,2025_14_PHI_LAC,00-0039915,L.McConkey,WR,LAC,PHI,5,1,12,0,133,6,1,0,0,0,0.217391304347826,0.492592592592593,0.670901771336554,0,0,0,0,0,0,0,2.2
2025,15,2025_15_LAC_KC,00-0039915,L.McConkey,WR,LAC,KC,3,2,20,0,19,14,1,0,0,0,0.115384615384615,0.095959595959596,0.24024864024864,0,0,0,0,0,0,0,4
2025,16,2025_16_LAC_DAL,00-0039915,L.McConkey,WR,LAC,DAL,6,4,43,1,62,14,2,1,1,0,0.214285714285714,0.230483271375465,0.482766861391397,0,0,0,0,0,0,0,14.3
2025,17,2025_17_HOU_LAC,00-0039915,L.McConkey,WR,LAC,HOU,2,1,31,0,34,2,1,1,1,0,0.0645161290322581,0.121428571428571,0.181774193548387,0,0,0,0,0,0,0,4.1
2025,3,2025_03_ARI_SF,00-0039916,R.Pearsall,WR,SF,ARI,11,8,117,0,163,10,5,4,2,0,0.289473684210526,0.527508090614887,0.80346618974621,0,0,0,0,0,0,0,19.7
2025,4,2025_04_JAX_SF,00-0039916,R.Pearsall,WR,SF,JAX,5,4,46,0,66,0,1,1,1,0,0.135135135135135,0.215686274509804,0.353683094859565,0,0,0,0,0,0,0,8.6
2025,11,2025_11_SF_ARI,00-0039916,R.Pearsall,WR,SF,ARI,2,1,0,0,19,0,0,0,0,0,0.08,0.101063829787234,0.190744680851064,0,0,0,0,0,0,0,1
2025,12,2025_12_CAR_SF,00-0039916,R.Pearsall,WR,SF,CAR,4,2,6,0,49,5,0,0,0,0,0.125,0.251282051282051,0.363397435897436,1,2,0,0,0,0,0,2.8
2025,13,2025_13_SF_CLE,00-0039916,R.Pearsall,WR,SF,CLE,3,2,14,0,21,6,1,0,0,0,0.130434782608696,0.0789473684210526,0.25091533180778,0,0,0,0,0,0,0,3.4
2025,15,2025_15_TEN_SF,00-0039916,R.Pearsall,WR,SF,TEN,7,6,96,0,95,21,5,1,1,0,0.25,0.378486055776892,0.639940239043825,0,0,0,0,0,0,0,15.6
2025,17,2025_17_CHI_SF,00-0039916,R.Pearsall,WR,SF,CHI,8,5,85,0,100,17,4,2,2,0,0.242424242424242,0.395256916996047,0.640316205533597,0,0,0,0,0,0,0,13.5
2025,3,2025_03_ATL_CAR,00-0039917,M.Penix,QB,ATL,CAR,0,0,0,0,0,0,0,0,0,0,0,0,0,2,9,0,0,0,0,0,3.78
2025,4,2025_04_WAS_ATL,00-0039917,M.Penix,QB,ATL,WAS,0,0,0,0,0,0,0,0,0,0,0,0,0,4,2,0,0,0,0,0,18.72
2025,6,2025_06_BUF_ATL,00-0039917,M.Penix,QB,ATL,BUF,0,0,0,0,0,0,0,0,0,0,0,0,0,2,6,0,0,0,0,0,14.6
2025,7,2025_07_ATL_SF,00-0039917,M.Penix,QB,ATL,SF,0,0,0,0,0,0,0,0,0,0,0,0,0,2,6,0,0,0,0,0,12.24
2025,9,2025_09_ATL_NE,00-0039917,M.Penix,QB,ATL,NE,0,0,0,0,0,0,0,0,0,0,0,0,0,2,19,0,1,1,0,0,22.74
2025,10,2025_10_ATL_IND,00-0039917,M.Penix,QB,ATL,IND,0,0,0,0,0,0,0,0,0,0,0,0,0,1,-1,0,0,0,0,0,10.98
2025,11,2025_11_CAR_ATL,00-0039917,M.Penix,QB,ATL,CAR,0,0,0,0,0,0,0,0,0,0,0,0,0,1,9,0,0,0,0,0,7.9
2025,12,2025_12_PIT_CHI,00-0039918,C.Williams,QB,CHI,PIT,0,0,0,0,0,0,0,0,0,0,0,0,0,4,21,0,0,0,0,0,21.66
2025,13,2025_13_CHI_PHI,00-0039918,C.Williams,QB,CHI,PHI,0,0,0,0,0,0,0,0,0,0,0,0,0,5,13,0,0,0,0,0,9.46
2025,14,2025_14_CHI_GB,00-0039918,C.Williams,QB,CHI,GB,0,0,0,0,0,0,0,0,0,0,0,0,0,4,15,0,0,0,0,0,14.94
2025,15,2025_15_CLE_CHI,00-0039918,C.Williams,QB,CHI,CLE,0,0,0,0,0,0,0,0,0,0,0,0,0,3,13,0,1,1,0,0,18.98
2025,16,2025_16_GB_CHI,00-0039918,C.Williams,QB,CHI,GB,0,0,0,0,0,0,0,0,0,0,0,0,0,3,30,0,1,1,0,0,21
2025,17,2025_17_CHI_SF,00-0039918,C.Williams,QB,CHI,SF,0,0,0,0,0,0,0,0,0,0,0,0,0,5,18,0,0,0,0,0,23
2025,18,2025_18_DET_CHI,00-0039918,C.Williams,QB,CHI,DET,0,0,0,0,0,0,0,0,0,0,0,0,0,1,1,0,0,0,0,0,16.58
2025,7,2025_07_NO_CHI,00-0039919,R.Odunze,WR,CHI,NO,6,2,31,0,81,19,2,1,1,0,0.24,0.368181818181818,0.617727272727273,0,0,0,0,0,0,0,5.1
2025,8,2025_08_CHI_BAL,00-0039919,R.Odunze,WR,CHI,BAL,10,7,114,0,147,19,6,4,3,0,0.285714285714286,0.474193548387097,0.760506912442396,0,0,0,0,0,0,0,18.4
2025,9,2025_09_CHI_CIN,00-0039919,R.Odunze,WR,CHI,CIN,3,0,0,0,35,0,0,0,0,0,0.0882352941176471,0.11864406779661,0.215403788634098,0,0,0,0,0,0,0,0
2025,10,2025_10_NYG_CHI,00-0039919,R.Odunze,WR,CHI,NYG,10,6,86,1,143,29,4,2,1,0,0.277777777777778,0.414492753623188,0.706811594202899,0,0,0,0,0,0,0,20.6
2025,11,2025_11_CHI_MIN,00-0039919,R.Odunze,WR,CHI,MIN,6,2,41,0,144,12,2,2,1,0,0.214285714285714,0.374025974025974,0.583246753246753,0,0,0,0,0,0,0,6.1
2025,12,2025_12_PIT_CHI,00-0039919,R.Odunze,WR,CHI,PIT,9,3,53,0,117,20,3,2,1,0,0.3,0.356707317073171,0.699695121951219,0,0,0,0,0,0,0,8.3
2025,13,2025_13_CHI_PHI,00-0039919,R.Odunze,WR,CHI,PHI,6,2,8,0,57,1,0,0,0,0,0.1875,0.226190476190476,0.439583333333333,0,0,0,0,0,0,0,2.8
2025,1,2025_01_ARI_NO,00-0039921,T.Benson,RB,ARI,NO,1,1,6,0,-2,8,0,0,0,0,0.0344827586206897,-0.0120481927710843,0.0432904029912754,8,69,0,1,1,1,1,8.5
2025,2,2025_02_CAR_ARI,00-0039921,T.Benson,RB,ARI,CAR,6,4,30,0,2,26,1,0,0,0,0.24,0.0125,0.36875,3,14,0,1,0,0,0,8.4
2025,3,2025_03_ARI_SF,00-0039921,T.Benson,RB,ARI,SF,4,3,9,0,-12,10,0,0,0,0,0.117647058823529,-0.0677966101694915,0.12901296111665,10,42,0,1,1,1,0,8.1
2025,4,2025_04_SEA_ARI,00-0039921,T.Benson,RB,ARI,SEA,5,5,19,0,-10,29,1,0,0,0,0.125,-0.0420168067226891,0.158088235294118,8,35,0,1,1,0,0,10.4
2025,10,2025_10_BAL_MIN,00-0039923,J.McCarthy,QB,MIN,BAL,0,0,0,0,0,0,0,0,0,0,0,0,0,5,48,0,2,1,1,0,14.72
2025,11,2025_11_CHI_MIN,00-0039923,J.McCarthy,QB,MIN,CHI,0,0,0,0,0,0,0,0,0,0,0,0,0,0,0,0,0,0,0,0,6
2025,12,2025_12_MIN_GB,00-0039923,J.McCarthy,QB,MIN,GB,0,0,0,0,0,0,0,0,0,0,0,0,0,2,10,0,1,0,0,0,0.48
2025,14,2025_14_WAS_MIN,00-0039923,J.McCarthy,QB,MIN,WAS,0,0,0,0,0,0,0,0,0,0,0,0,0,6,19,0,1,1,0,0,20.42
2025,15,2025_15_MIN_DAL,00-0039923,J.McCarthy,QB,MIN,DAL,0,0,0,0,0,0,0,0,0,0,0,0,0,4,15,1,0,0,0,0,23.5
2025,16,2025_16_MIN_NYG,00-0039923,J.McCarthy,QB,MIN,NYG,0,0,0,0,0,0,0,0,0,0,0,0,0,2,20,1,1,1,0,0,8.32
2025,18,2025_18_GB_MIN,00-0039923,J.McCarthy,QB,MIN,GB,0,0,0,0,0,0,0,0,0,0,0,0,0,2,7,0,0,0,0,0,7.98
2025,7,2025_07_GB_ARI,00-0040009,S.Williams,WR,GB,ARI,0,0,0,0,0,0,0,0,0,0,0,0,0,0,0,0,0,0,0,0,0
2025,8,2025_08_GB_PIT,00-0040009,S.Williams,WR,GB,PIT,1,1,8,1,-5,13,0,0,0,0,0.0285714285714286,-0.0257731958762887,0.0248159057437408,1,1,0,0,0,0,0,7.9
2025,9,2025_09_CAR_GB,00-0040009,S.Williams,WR,GB,CAR,2,2,12,0,3,9,0,0,0,0,0.0571428571428571,0.00923076923076923,0.0921758241758242,1,0,0,0,0,0,0,1.2
2025,10,2025_10_PHI_GB,00-0040009,S.Williams,WR,GB,PHI,2,2,2,0,-5,7,0,0,0,0,0.0606060606060606,-0.0164473684210526,0.0793959330143541,0,0,0,0,0,0,0,2.2
2025,11,2025_11_GB_NYG,00-0040009,S.Williams,WR,GB,NYG,1,1,33,0,33,0,1,1,1,0,0.04,0.112627986348123,0.138839590443686,0,0,0,0,0,0,0,4.3
2025,12,2025_12_MIN_GB,00-0040009,S.Williams,WR,GB,MIN,0,0,0,0,0,0,0,0,0,0,0,0,0,1,0,0,0,0,0,0,0
2025,16,2025_16_GB_CHI,00-0040009,S.Williams,WR,GB,CHI,0,0,0,0,0,0,0,0,0,0,0,0,0,2,9,0,0,0,0,0,0.9
2025,11,2025_11_BAL_CLE,00-0040075,L.Wester,WR,BAL,CLE,0,0,0,0,0,0,0,0,0,0,0,0,0,0,0,0,0,0,0,0,0
2025,12,2025_12_NYJ_BAL,00-0040075,L.Wester,WR,BAL,NYJ,0,0,0,0,0,0,0,0,0,0,0,0,0,0,0,0,0,0,0,0,0
2025,14,2025_14_PIT_BAL,00-0040075,L.Wester,WR,BAL,PIT,0,0,0,0,0,0,0,0,0,0,0,0,0,0,0,0,0,0,0,0,0
2025,15,2025_15_BAL_CIN,00-0040075,L.Wester,WR,BAL,CIN,0,0,0,0,0,0,0,0,0,0,0,0,0,0,0,0,0,0,0,0,0
2025,16,2025_16_NE_BAL,00-0040075,L.Wester,WR,BAL,NE,0,0,0,0,0,0,0,0,0,0,0,0,0,0,0,0,0,0,0,0,0
2025,17,2025_17_BAL_GB,00-0040075,L.Wester,WR,BAL,GB,0,0,0,0,0,0,0,0,0,0,0,0,0,0,0,0,0,0,0,0,0
2025,18,2025_18_BAL_PIT,00-0040075,L.Wester,WR,BAL,PIT,0,0,0,0,0,0,0,0,0,0,0,0,0,0,0,0,0,0,0,0,0
2025,12,2025_12_IND_KC,00-0040078,B.Smith,RB,KC,IND,4,3,31,0,9,30,2,0,0,0,0.0930232558139535,0.0256410256410256,0.157483601669648,1,5,0,0,0,0,0,6.6
2025,13,2025_13_KC_DAL,00-0040078,B.Smith,RB,KC,DAL,0,0,0,0,0,0,0,0,0,0,0,0,0,0,0,0,0,0,0,0,0
2025,14,2025_14_HOU_KC,00-0040078,B.Smith,RB,KC,HOU,0,0,0,0,0,0,0,0,0,0,0,0,0,1,7,0,0,0,0,0,0.7
2025,15,2025_15_LAC_KC,00-0040078,B.Smith,RB,KC,LAC,0,0,0,0,0,0,0,0,0,0,0,0,0,2,1,0,0,0,0,0,0.1
2025,16,2025_16_KC_TEN,00-0040078,B.Smith,RB,KC,TEN,1,1,4,0,-2,6,0,0,0,0,0.0454545454545455,-0.0178571428571429,0.0556818181818182,0,0,0,0,0,0,0,1.4
2025,17,2025_17_DEN_KC,00-0040078,B.Smith,RB,KC,DEN,4,3,5,1,-16,11,0,0,0,0,0.2,-0.142857142857143,0.2,0,0,0,0,0,0,0,9.5
2025,18,2025_18_KC_LV,00-0040078,B.Smith,RB,KC,LV,4,2,2,0,-17,13,0,0,0,0,0.133333333333333,-0.0762331838565022,0.146636771300448,12,56,0,2,1,0,0,7.8
2025,12,2025_12_CLE_LV,00-0040122,A.Jeanty,RB,LV,CLE,8,8,58,1,-20,78,3,1,1,0,0.19047619047619,-0.0554016620498615,0.246933122279383,17,50,0,1,1,0,0,24.8
2025,13,2025_13_LV_LAC,00-0040122,A.Jeanty,RB,LV,LAC,8,6,30,0,-27,49,0,0,0,0,0.363636363636364,-0.36,0.293454545454545,15,31,0,0,0,0,0,12.1
2025,14,2025_14_DEN_LV,00-0040122,A.Jeanty,RB,LV,DEN,4,2,8,0,19,5,0,0,0,0,0.142857142857143,0.0778688524590164,0.268793911007026,10,30,0,0,0,0,0,5.8
2025,15,2025_15_LV_PHI,00-0040122,A.Jeanty,RB,LV,PHI,6,4,7,0,4,10,0,0,0,0,0.24,0.0377358490566038,0.386415094339623,9,35,0,1,0,0,0,8.2
2025,16,2025_16_LV_HOU,00-0040122,A.Jeanty,RB,LV,HOU,2,1,60,1,27,34,1,1,1,1,0.0909090909090909,0.142105263157895,0.235837320574163,24,128,1,1,1,1,1,31.8
2025,17,2025_17_NYG_LV,00-0040122,A.Jeanty,RB,LV,NYG,2,2,13,0,9,4,1,0,0,0,0.0714285714285714,0.0538922155688623,0.144867408041061,16,60,0,2,2,1,0,9.3
2025,18,2025_18_KC_LV,00-0040122,A.Jeanty,RB,LV,KC,5,3,7,0,-15,20,0,0,0,0,0.192307692307692,-0.0663716814159292,0.242001361470388,26,87,0,2,1,0,0,12.4
2025,11,2025_11_CAR_ATL,00-0040124,T.McMillan,WR,CAR,ATL,12,8,130,2,118,51,5,2,2,0,0.272727272727273,0.424460431654676,0.706213211249183,0,0,0,0,0,0,0,33
2025,12,2025_12_CAR_SF,00-0040124,T.McMillan,WR,CAR,SF,7,2,35,1,97,0,1,1,1,0,0.259259259259259,0.567251461988304,0.785964912280702,0,0,0,0,0,0,0,11.5
2025,13,2025_13_LA_CAR,00-0040124,T.McMillan,WR,CAR,LA,2,1,43,1,46,20,1,1,1,1,0.1,0.296774193548387,0.357741935483871,0,0,0,0,0,0,0,11.3
2025,15,2025_15_CAR_NO,00-0040124,T.McMillan,WR,CAR,NO,4,2,25,0,46,9,1,1,1,0,0.2,0.224390243902439,0.457073170731707,0,0,0,0,0,0,0,4.5
2025,16,2025_16_TB_CAR,00-0040124,T.McMillan,WR,CAR,TB,10,6,73,1,117,13,4,2,1,0,0.32258064516129,0.45703125,0.803792842741935,0,0,0,0,0,0,0,19.3
2025,17,2025_17_SEA_CAR,00-0040124,T.McMillan,WR,CAR,SEA,4,1,5,0,49,3,0,0,0,0,0.19047619047619,1.13953488372093,1.08338870431894,0,0,0,0,0,0,0,1.5
2025,18,2025_18_CAR_TB,00-0040124,T.McMillan,WR,CAR,TB,6,4,85,0,89,9,4,2,1,1,0.2,0.351778656126482,0.546245059288538,0,0,0,0,0,0,0,12.5
2025,12,2025_12_PIT_CHI,00-0040126,C.Loveland,TE,CHI,PIT,5,4,49,1,39,15,3,1,0,0,0.166666666666667,0.11890243902439,0.333231707317073,0,0,0,0,0,0,0,14.9
2025,13,2025_13_CHI_PHI,00-0040126,C.Loveland,TE,CHI,PHI,6,3,28,0,69,1,1,0,0,0,0.1875,0.273809523809524,0.472916666666667,0,0,0,0,0,0,0,5.8
2025,14,2025_14_CHI_GB,00-0040126,C.Loveland,TE,CHI,GB,5,4,29,1,32,13,2,0,0,0,0.178571428571429,0.10738255033557,0.343024928092042,0,0,0,0,0,0,0,12.9
2025,15,2025_15_CLE_CHI,00-0040126,C.Loveland,TE,CHI,CLE,5,4,63,0,61,27,3,2,1,0,0.185185185185185,0.221818181818182,0.433050505050505,1,-2,0,0,0,0,0,10.1
2025,16,2025_16_GB_CHI,00-0040126,C.Loveland,TE,CHI,GB,5,3,30,0,40,10,2,0,0,0,0.172413793103448,0.120845921450151,0.343212834670278,0,0,0,0,0,0,0,6
2025,17,2025_17_CHI_SF,00-0040126,C.Loveland,TE,CHI,SF,10,6,94,1,103,16,3,2,2,0,0.256410256410256,0.33993399339934,0.622569179994923,0,0,0,0,0,0,0,21.4
2025,18,2025_18_DET_CHI,00-0040126,C.Loveland,TE,CHI,DET,13,10,91,1,94,26,3,1,1,0,0.448275862068966,0.361538461538462,0.925490716180371,0,0,0,0,0,0,0,25.1
2025,12,2025_12_IND_KC,00-0040128,T.Warren,TE,IND,KC,7,5,45,0,16,40,3,1,0,0,0.225806451612903,0.115107913669065,0.4192852169877,0,0,0,0,0,0,0,9.5
2025,13,2025_13_HOU_IND,00-0040128,T.Warren,TE,IND,HOU,4,3,22,1,12,4,1,0,0,0,0.16,0.0606060606060606,0.282424242424242,1,0,0,0,0,0,0,11.2
2025,14,2025_14_IND_JAX,00-0040128,T.Warren,TE,IND,JAX,6,2,15,0,33,0,1,0,0,0,0.166666666666667,0.142241379310345,0.349568965517241,1,2,0,0,0,0,0,3.7
2025,15,2025_15_IND_SEA,00-0040128,T.Warren,TE,IND,SEA,6,3,19,0,43,7,1,1,0,0,0.230769230769231,0.302816901408451,0.558125677139762,0,0,0,0,0,0,0,4.9
2025,16,2025_16_SF_IND,00-0040128,T.Warren,TE,IND,SF,9,3,30,0,69,17,1,1,0,0,0.25,0.204747774480712,0.518323442136499,0,0,0,0,0,0,0,6
2025,17,2025_17_JAX_IND,00-0040128,T.Warren,TE,IND,JAX,5,5,43,0,23,20,2,0,0,0,0.172413793103448,0.0798611111111111,0.31452346743295,0,0,0,0,0,0,0,9.3
2025,18,2025_18_IND_HOU,00-0040128,T.Warren,TE,IND,HOU,8,5,26,0,37,13,0,0,0,0,0.242424242424242,0.116352201257862,0.445082904516867,0,0,0,0,0,0,0,7.6
2025,12,2025_12_TB_LA,00-0040129,E.Egbuka,WR,TB,LA,8,3,32,0,87,23,1,1,1,0,0.258064516129032,0.346613545816733,0.629726256265261,0,0,0,0,0,0,0,6.2
2025,13,2025_13_ARI_TB,00-0040129,E.Egbuka,WR,TB,ARI,8,4,42,0,84,18,1,1,1,0,0.307692307692308,0.403846153846154,0.744230769230769,0,0,0,0,0,0,0,8.2
2025,14,2025_14_NO_TB,00-0040129,E.Egbuka,WR,TB,NO,9,2,15,0,132,5,0,0,0,0,0.321428571428571,0.573913043478261,0.88388198757764,0,0,0,0,0,0,0,3.5
2025,15,2025_15_ATL_TB,00-0040129,E.Egbuka,WR,TB,ATL,7,4,64,0,111,13,3,2,2,0,0.21875,0.309192200557103,0.544559540389972,0,0,0,0,0,0,0,10.4
2025,16,2025_16_TB_CAR,00-0040129,E.Egbuka,WR,TB,CAR,2,1,40,0,40,6,1,1,1,1,0.08,0.264900662251656,0.305430463576159,0,0,0,0,0,0,0,5
2025,17,2025_17_TB_MIA,00-0040129,E.Egbuka,WR,TB,MIA,5,3,20,0,61,14,0,0,0,0,0.113636363636364,0.169444444444444,0.289065656565657,0,0,0,0,0,0,0,5
2025,18,2025_18_CAR_TB,00-0040129,E.Egbuka,WR,TB,CAR,3,1,8,0,28,7,0,0,0,0,0.136363636363636,0.197183098591549,0.342573623559539,0,0,0,0,0,0,0,1.8
2025,12,2025_12_BUF_HOU,00-0040130,J.Higgins,WR,HOU,BUF,9,4,38,1,117,0,2,1,0,0,0.321428571428571,0.506493506493507,0.836688311688312,0,0,0,0,0,0,0,13.8
2025,13,2025_13_HOU_IND,00-0040130,J.Higgins,WR,HOU,IND,5,5,65,0,47,18,4,1,0,0,0.15625,0.119897959183673,0.318303571428571,0,0,0,0,0,0,0,11.5
2025,14,2025_14_HOU_KC,00-0040130,J.Higgins,WR,HOU,KC,5,3,34,0,72,7,1,1,0,0,0.185185185185185,0.236065573770492,0.443023679417122,0,0,0,0,0,0,0,6.4
2025,15,2025_15_ARI_HOU,00-0040130,J.Higgins,WR,HOU,ARI,1,1,4,0,4,0,0,0,0,0,0.0384615384615385,0.0341880341880342,0.0816239316239316,0,0,0,0,0,0,0,1.4
2025,16,2025_16_LV_HOU,00-0040130,J.Higgins,WR,HOU,LV,3,1,17,0,45,6,1,1,0,0,0.0882352941176471,0.147540983606557,0.235631629701061,0,0,0,0,0,0,0,2.7
2025,17,2025_17_HOU_LAC,00-0040130,J.Higgins,WR,HOU,LAC,4,2,88,1,70,36,2,1,1,1,0.153846153846154,0.2734375,0.422175480769231,0,0,0,0,0,0,0,16.8
2025,18,2025_18_IND_HOU,00-0040130,J.Higgins,WR,HOU,IND,5,2,23,1,43,5,2,0,0,0,0.178571428571429,0.22279792746114,0.423815692079941,0,0,0,0,0,0,0,10.3
2025,11,2025_11_NYJ_NE,00-0040131,K.Williams,WR,NE,NYJ,3,0,0,0,108,0,0,0,0,0,0.0909090909090909,0.270676691729323,0.325837320574163,0,0,0,0,0,0,0,0
2025,12,2025_12_NE_CIN,00-0040131,K.Williams,WR,NE,CIN,1,1,18,0,5,13,1,1,0,0,0.0303030303030303,0.0168350168350168,0.0572390572390572,0,0,0,0,0,0,0,2.8
2025,13,2025_13_NYG_NE,00-0040131,K.Williams,WR,NE,NYG,1,1,33,1,33,0,1,1,1,0,0.0333333333333333,0.13469387755102,0.144285714285714,0,0,0,0,0,0,0,10.3
2025,15,2025_15_BUF_NE,00-0040131,K.Williams,WR,NE,BUF,0,0,0,0,0,0,0,0,0,0,0,0,0,0,0,0,0,0,0,0,0
2025,16,2025_16_NE_BAL,00-0040131,K.Williams,WR,NE,BAL,3,2,46,1,47,3,1,1,1,0,0.0714285714285714,0.0991561181434599,0.176552139843279,0,0,0,0,0,0,0,12.6
2025,17,2025_17_NE_NYJ,00-0040131,K.Williams,WR,NE,NYJ,5,3,20,0,66,3,1,0,0,0,0.2,0.3,0.51,0,0,0,0,0,0,0,5
2025,18,2025_18_MIA_NE,00-0040131,K.Williams,WR,NE,MIA,0,0,0,0,0,0,0,0,0,0,0,0,0,1,5,0,0,0,0,0,0.5
2025,12,2025_12_BUF_HOU,00-0040138,J.Noel,WR,HOU,BUF,2,1,4,0,5,1,0,0,0,0,0.0714285714285714,0.0216450216450216,0.122294372294372,1,5,0,0,0,0,0,1.9
2025,13,2025_13_HOU_IND,00-0040138,J.Noel,WR,HOU,IND,1,0,0,0,5,0,0,0,0,0,0.03125,0.0127551020408163,0.0558035714285714,0,0,0,0,0,0,0,0
2025,14,2025_14_HOU_KC,00-0040138,J.Noel,WR,HOU,KC,2,2,12,0,6,6,0,0,0,0,0.0740740740740741,0.019672131147541,0.12488160291439,1,1,0,0,0,0,0,3.3
2025,15,2025_15_ARI_HOU,00-0040138,J.Noel,WR,HOU,ARI,0,0,0,0,0,0,0,0,0,0,0,0,0,0,0,0,0,0,0,0,0
2025,16,2025_16_LV_HOU,00-0040138,J.Noel,WR,HOU,LV,0,0,0,0,0,0,0,0,0,0,0,0,0,0,0,0,0,0,0,0,0
2025,17,2025_17_HOU_LAC,00-0040138,J.Noel,WR,HOU,LAC,4,3,54,1,65,7,1,1,1,1,0.153846153846154,0.25390625,0.408503605769231,1,2,0,0,0,0,0,14.6
2025,18,2025_18_IND_HOU,00-0040138,J.Noel,WR,HOU,IND,1,1,13,0,7,6,1,0,0,0,0.0357142857142857,0.0362694300518135,0.078960029607698,0,0,0,0,0,0,0,2.3
2025,6,2025_06_CLE_PIT,00-0040142,K.Johnson,RB,PIT,CLE,0,0,0,0,0,0,0,0,0,0,0,0,0,6,15,0,0,0,0,0,1.5
2025,9,2025_09_IND_PIT,00-0040142,K.Johnson,RB,PIT,IND,1,1,9,0,-5,14,0,0,0,0,0.0285714285714286,-0.0485436893203884,0.00887656033287101,1,4,0,0,0,0,0,2.3
2025,10,2025_10_PIT_LAC,00-0040142,K.Johnson,RB,PIT,LAC,0,0,0,0,0,0,0,0,0,0,0,0,0,2,3,0,0,0,0,0,0.3
2025,11,2025_11_CIN_PIT,00-0040142,K.Johnson,RB,PIT,CIN,0,0,0,0,0,0,0,0,0,0,0,0,0,5,15,0,0,0,0,0,1.5
2025,13,2025_13_BUF_PIT,00-0040142,K.Johnson,RB,PIT,BUF,0,0,0,0,0,0,0,0,0,0,0,0,0,2,3,0,0,0,0,0,0.3
2025,14,2025_14_PIT_BAL,00-0040142,K.Johnson,RB,PIT,BAL,0,0,0,0,0,0,0,0,0,0,0,0,0,2,4,0,0,0,0,0,0.4
2025,15,2025_15_MIA_PIT,00-0040142,K.Johnson,RB,PIT,MIA,0,0,0,0,0,0,0,0,0,0,0,0,0,2,4,0,0,0,0,0,0.4
2025,9,2025_09_MIN_DET,00-0040154,T.Felton,WR,MIN,DET,0,0,0,0,0,0,0,0,0,0,0,0,0,0,0,0,0,0,0,0,0
2025,11,2025_11_CHI_MIN,00-0040154,T.Felton,WR,MIN,CHI,0,0,0,0,0,0,0,0,0,0,0,0,0,0,0,0,0,0,0,0,0
2025,12,2025_12_MIN_GB,00-0040154,T.Felton,WR,MIN,GB,0,0,0,0,0,0,0,0,0,0,0,0,0,0,0,0,0,0,0,0,0
2025,13,2025_13_MIN_SEA,00-0040154,T.Felton,WR,MIN,SEA,0,0,0,0,0,0,0,0,0,0,0,0,0,0,0,0,0,0,0,0,0
2025,14,2025_14_WAS_MIN,00-0040154,T.Felton,WR,MIN,WAS,1,1,10,0,-2,12,1,0,0,0,0.0434782608695652,-0.0130718954248366,0.0560670645069622,0,0,0,0,0,0,0,2
2025,16,2025_16_MIN_NYG,00-0040154,T.Felton,WR,MIN,NYG,1,1,6,0,6,0,0,0,0,0,0.0434782608695652,0.048,0.0988173913043478,0,0,0,0,0,0,0,1.6
2025,18,2025_18_GB_MIN,00-0040154,T.Felton,WR,MIN,GB,0,0,0,0,0,0,0,0,0,0,0,0,0,0,0,0,0,0,0,0,0
2025,10,2025_10_CLE_NYJ,00-0040162,D.Sampson,RB,CLE,NYJ,1,1,3,0,1,2,0,0,0,0,0.03125,0.005,0.050375,2,-4,0,0,0,0,0,0.9
2025,11,2025_11_BAL_CLE,00-0040162,D.Sampson,RB,CLE,BAL,1,0,0,0,5,0,0,0,0,0,0.04,0.0301204819277108,0.0810843373493976,1,19,0,1,1,0,0,1.9
2025,12,2025_12_CLE_LV,00-0040162,D.Sampson,RB,CLE,LV,3,2,59,1,-18,71,1,1,1,1,0.166666666666667,-0.0923076923076923,0.185384615384615,7,23,0,1,1,1,0,16.2
2025,13,2025_13_SF_CLE,00-0040162,D.Sampson,RB,CLE,SF,0,0,0,0,0,0,0,0,0,0,0,0,0,4,23,0,0,0,0,0,2.3
2025,14,2025_14_TEN_CLE,00-0040162,D.Sampson,RB,CLE,TEN,6,5,64,0,-3,62,2,1,1,0,0.157894736842105,-0.00983606557377049,0.229956859361519,2,4,0,0,0,0,0,9.8
2025,17,2025_17_PIT_CLE,00-0040162,D.Sampson,RB,CLE,PIT,3,3,0,0,-13,13,0,0,0,0,0.130434782608696,-0.0687830687830688,0.147504025764895,11,27,0,0,0,0,0,5.7
2025,18,2025_18_CLE_CIN,00-0040162,D.Sampson,RB,CLE,CIN,3,2,12,0,-7,20,0,0,0,0,0.142857142857143,-0.0357142857142857,0.189285714285714,10,32,0,1,0,0,0,6.4
2025,9,2025_09_SEA_WAS,00-0040164,J.Lane,WR,WAS,SEA,5,3,29,0,41,12,1,0,0,0,0.238095238095238,0.328,0.586742857142857,0,0,0,0,0,0,0,5.9
2025,10,2025_10_DET_WAS,00-0040164,J.Lane,WR,WAS,DET,1,1,41,0,40,1,1,1,1,1,0.0454545454545455,0.138888888888889,0.16540404040404,0,0,0,0,0,0,0,5.1
2025,11,2025_11_WAS_MIA,00-0040164,J.Lane,WR,WAS,MIA,1,1,13,0,12,1,1,0,0,0,0.0344827586206897,0.0542986425339367,0.0897331877047901,0,0,0,0,0,0,0,2.3
2025,13,2025_13_DEN_WAS,00-0040164,J.Lane,WR,WAS,DEN,1,0,0,0,29,0,0,0,0,0,0.0222222222222222,0.048494983277592,0.0672798216276477,0,0,0,0,0,0,0,0
2025,14,2025_14_WAS_MIN,00-0040164,J.Lane,WR,WAS,MIN,0,0,0,0,0,0,0,0,0,0,0,0,0,0,0,0,0,0,0,0,0
2025,15,2025_15_WAS_NYG,00-0040164,J.Lane,WR,WAS,NYG,1,0,0,0,21,0,0,0,0,0,0.0625,0.0810810810810811,0.150506756756757,0,0,0,0,0,0,0,6
2025,16,2025_16_PHI_WAS,00-0040164,J.Lane,WR,WAS,PHI,0,0,0,0,0,0,0,0,0,0,0,0,0,0,0,0,0,0,0,0,0
2025,11,2025_11_HOU_TEN,00-0040170,E.Ayomanor,WR,TEN,HOU,6,2,11,0,75,8,0,0,0,0,0.166666666666667,0.279850746268657,0.44589552238806,0,0,0,0,0,0,0,3.1
2025,13,2025_13_JAX_TEN,00-0040170,E.Ayomanor,WR,TEN,JAX,5,1,5,0,57,0,0,0,0,0,0.142857142857143,0.229838709677419,0.375172811059908,0,0,0,0,0,0,0,1.5
2025,14,2025_14_TEN_CLE,00-0040170,E.Ayomanor,WR,TEN,CLE,3,1,14,1,22,3,1,0,0,0,0.12,0.126436781609195,0.268505747126437,0,0,0,0,0,0,0,8.4
2025,15,2025_15_TEN_SF,00-0040170,E.Ayomanor,WR,TEN,SF,1,1,17,0,15,2,1,1,0,0,0.037037037037037,0.087719298245614,0.116959064327485,0,0,0,0,0,0,0,2.7
2025,16,2025_16_KC_TEN,00-0040170,E.Ayomanor,WR,TEN,KC,4,3,58,0,80,11,2,2,2,0,0.148148148148148,0.49079754601227,0.565780504430811,0,0,0,0,0,0,0,8.8
2025,17,2025_17_NO_TEN,00-0040170,E.Ayomanor,WR,TEN,NO,7,4,37,1,70,1,2,0,0,0,0.2,0.187667560321716,0.431367292225201,0,0,0,0,0,0,0,13.7
2025,18,2025_18_TEN_JAX,00-0040170,E.Ayomanor,WR,TEN,JAX,10,3,50,0,122,15,2,1,1,0,0.303030303030303,0.960629921259842,1.12698639942734,0,0,0,0,0,0,0,8
2025,1,2025_01_MIA_IND,00-0040179,D.Giddens,RB,IND,MIA,0,0,0,0,0,0,0,0,0,0,0,0,0,12,41,0,2,1,0,0,4.1
2025,2,2025_02_DEN_IND,00-0040179,D.Giddens,RB,IND,DEN,1,0,0,0,-6,0,0,0,0,0,0.0303030303030303,-0.0182370820668693,0.0326885880077369,0,0,0,0,0,0,0,0
2025,3,2025_03_IND_TEN,00-0040179,D.Giddens,RB,IND,TEN,0,0,0,0,0,0,0,0,0,0,0,0,0,1,3,0,0,0,0,0,0.3
2025,5,2025_05_LV_IND,00-0040179,D.Giddens,RB,IND,LV,1,0,0,0,0,0,0,0,0,0,0.032258064516129,0,0.0483870967741936,5,22,0,0,0,0,0,2.2
2025,18,2025_18_IND_HOU,00-0040179,D.Giddens,RB,IND,HOU,0,0,0,0,0,0,0,0,0,0,0,0,0,8,30,0,0,0,0,0,3
2025,5,2025_05_WAS_LAC,00-0040184,K.Lambert-Smith,WR,LAC,WAS,0,0,0,0,0,0,0,0,0,0,0,0,0,0,0,0,0,0,0,0,0
2025,6,2025_06_LAC_MIA,00-0040184,K.Lambert-Smith,WR,LAC,MIA,2,1,1,0,17,3,0,0,0,0,0.0526315789473684,0.0772727272727273,0.133038277511962,0,0,0,0,0,0,0,1.1
2025,9,2025_09_LAC_TEN,00-0040184,K.Lambert-Smith,WR,LAC,TEN,1,0,0,0,48,0,0,0,0,0,0.0357142857142857,0.154340836012862,0.161610013780432,0,0,0,0,0,0,0,0
2025,15,2025_15_LAC_KC,00-0040184,K.Lambert-Smith,WR,LAC,KC,1,1,16,1,16,0,1,1,0,0,0.0384615384615385,0.0808080808080808,0.114257964257964,0,0,0,0,0,0,0,8.6
2025,16,2025_16_LAC_DAL,00-0040184,K.Lambert-Smith,WR,LAC,DAL,1,1,10,0,4,6,1,0,0,0,0.0357142857142857,0.0148698884758364,0.0639803505045141,0,0,0,0,0,0,0,2
2025,17,2025_17_HOU_LAC,00-0040184,K.Lambert-Smith,WR,LAC,HOU,1,0,0,0,12,0,0,0,0,0,0.032258064516129,0.0428571428571429,0.0783870967741936,0,0,0,0,0,0,0,0
2025,18,2025_18_LAC_DEN,00-0040184,K.Lambert-Smith,WR,LAC,DEN,5,2,24,0,84,12,1,1,0,0,0.131578947368421,0.212658227848101,0.346229180546302,0,0,0,0,0,0,0,4.4
2025,10,2025_10_BUF_MIA,00-0040194,J.Hawes,TE,BUF,MIA,2,1,26,1,48,5,1,1,1,0,0.0512820512820513,0.118811881188119,0.16009139375476,0,0,0,0,0,0,0,9.6
2025,12,2025_12_BUF_HOU,00-0040194,J.Hawes,TE,BUF,HOU,2,2,26,0,6,20,1,1,0,0,0.0625,0.0372670807453416,0.119836956521739,0,0,0,0,0,0,0,4.6
2025,13,2025_13_BUF_PIT,00-0040194,J.Hawes,TE,BUF,PIT,1,1,10,0,0,10,1,0,0,0,0.0434782608695652,0,0.0652173913043478,0,0,0,0,0,0,0,2
2025,14,2025_14_CIN_BUF,00-0040194,J.Hawes,TE,BUF,CIN,1,1,3,1,3,0,0,0,0,0,0.037037037037037,0.0232558139534884,0.0718346253229974,0,0,0,0,0,0,0,7.3
2025,15,2025_15_BUF_NE,00-0040194,J.Hawes,TE,BUF,NE,1,1,9,0,3,6,0,0,0,0,0.0384615384615385,0.0111111111111111,0.0654700854700855,0,0,0,0,0,0,0,1.9
2025,16,2025_16_BUF_CLE,00-0040194,J.Hawes,TE,BUF,CLE,2,2,26,0,8,18,1,1,0,0,0.111111111111111,0.0661157024793388,0.212947658402204,0,0,0,0,0,0,0,4.6
2025,18,2025_18_NYJ_BUF,00-0040194,J.Hawes,TE,BUF,NYJ,1,1,0,0,0,0,0,0,0,0,0.0357142857142857,0,0.0535714285714286,0,0,0,0,0,0,0,1
2025,11,2025_11_WAS_MIA,00-0040198,O.Gordon,RB,MIA,WAS,0,0,0,0,0,0,0,0,0,0,0,0,0,9,45,1,1,1,1,0,10.5
2025,13,2025_13_NO_MIA,00-0040198,O.Gordon,RB,MIA,NO,0,0,0,0,0,0,0,0,0,0,0,0,0,3,10,0,0,0,0,0,1
2025,14,2025_14_MIA_NYJ,00-0040198,O.Gordon,RB,MIA,NYJ,0,0,0,0,0,0,0,0,0,0,0,0,0,5,17,1,1,1,0,0,7.7
2025,15,2025_15_MIA_PIT,00-0040198,O.Gordon,RB,MIA,PIT,0,0,0,0,0,0,0,0,0,0,0,0,0,2,0,0,0,0,0,0,0
2025,16,2025_16_CIN_MIA,00-0040198,O.Gordon,RB,MIA,CIN,0,0,0,0,0,0,0,0,0,0,0,0,0,1,-1,0,0,0,0,0,-0.1
2025,17,2025_17_TB_MIA,00-0040198,O.Gordon,RB,MIA,TB,0,0,0,0,0,0,0,0,0,0,0,0,0,0,0,0,0,0,0,0,0
2025,18,2025_18_MIA_NE,00-0040198,O.Gordon,RB,MIA,NE,1,1,2,0,-9,11,0,0,0,0,0.0416666666666667,-0.05625,0.023125,9,9,0,0,0,0,0,2.1
2025,8,2025_08_TB_NO,00-0040202,D.Neal,RB,NO,TB,3,3,11,0,-5,16,0,0,0,0,0.06,-0.0119331742243437,0.0816467780429594,0,0,0,0,0,0,0,4.1
2025,9,2025_09_NO_LA,00-0040202,D.Neal,RB,NO,LA,1,1,1,0,-1,2,0,0,0,0,0.0416666666666667,-0.00458715596330275,0.0592889908256881,3,11,0,0,0,0,0,2.2
2025,10,2025_10_NO_CAR,00-0040202,D.Neal,RB,NO,CAR,3,3,9,0,-2,11,1,0,0,0,0.115384615384615,-0.0078125,0.167608173076923,4,22,0,1,1,0,0,6.1
2025,12,2025_12_ATL_NO,00-0040202,D.Neal,RB,NO,ATL,7,5,43,0,-25,64,2,2,0,0,0.162790697674419,-0.0809061488673139,0.187551742304508,7,18,0,0,0,0,0,11.1
2025,13,2025_13_NO_MIA,00-0040202,D.Neal,RB,NO,MIA,3,3,22,0,-3,25,1,0,0,0,0.0882352941176471,-0.0111524163568773,0.124546249726656,14,47,0,0,0,0,0,9.9
2025,14,2025_14_NO_TB,00-0040202,D.Neal,RB,NO,TB,1,1,14,0,-5,19,1,0,0,0,0.05,-0.0316455696202532,0.0528481012658228,19,70,1,1,1,1,0,15.4
2025,15,2025_15_CAR_NO,00-0040202,D.Neal,RB,NO,CAR,1,1,4,0,3,1,0,0,0,0,0.032258064516129,0.0111524163568773,0.0561937882240077,7,28,1,1,1,0,0,10.2
2025,8,2025_08_NYJ_CIN,00-0040208,T.Brooks,RB,CIN,NYJ,0,0,0,0,0,0,0,0,0,0,0,0,0,0,0,0,0,0,0,0,0
2025,9,2025_09_CHI_CIN,00-0040208,T.Brooks,RB,CIN,CHI,0,0,0,0,0,0,0,0,0,0,0,0,0,1,1,0,0,0,0,0,0.1
2025,11,2025_11_CIN_PIT,00-0040208,T.Brooks,RB,CIN,PIT,0,0,0,0,0,0,0,0,0,0,0,0,0,1,5,0,0,0,0,0,0.5
2025,12,2025_12_NE_CIN,00-0040208,T.Brooks,RB,CIN,NE,1,0,0,0,-3,0,0,0,0,0,0.0294117647058824,-0.00892857142857143,0.0378676470588235,2,5,0,0,0,0,0,0.5
2025,15,2025_15_BAL_CIN,00-0040208,T.Brooks,RB,CIN,BAL,0,0,0,0,0,0,0,0,0,0,0,0,0,0,0,0,0,0,0,0,0
2025,16,2025_16_CIN_MIA,00-0040208,T.Brooks,RB,CIN,MIA,0,0,0,0,0,0,0,0,0,0,0,0,0,4,7,0,0,0,0,0,0.7
2025,17,2025_17_ARI_CIN,00-0040208,T.Brooks,RB,CIN,ARI,1,1,9,0,-2,11,0,0,0,0,0.0303030303030303,-0.00746268656716418,0.0402306648575305,3,10,0,0,0,0,0,2.9
2025,12,2025_12_PIT_CHI,00-0040236,K.Monangai,RB,CHI,PIT,0,0,0,0,0,0,0,0,0,0,0,0,0,12,48,1,1,1,0,0,10.8
2025,13,2025_13_CHI_PHI,00-0040236,K.Monangai,RB,CHI,PHI,1,0,0,0,-8,0,0,0,0,0,0.03125,-0.0317460317460317,0.0246527777777778,22,130,1,2,2,1,0,19
2025,14,2025_14_CHI_GB,00-0040236,K.Monangai,RB,CHI,GB,2,1,0,0,2,2,0,0,0,0,0.0714285714285714,0.00671140939597315,0.111840843720038,14,57,0,0,0,0,0,8.7
2025,15,2025_15_CLE_CHI,00-0040236,K.Monangai,RB,CHI,CLE,2,0,0,0,-10,0,0,0,0,0,0.0740740740740741,-0.0363636363636364,0.0856565656565657,11,33,0,0,0,0,0,3.3
2025,16,2025_16_GB_CHI,00-0040236,K.Monangai,RB,CHI,GB,4,3,43,0,11,36,1,1,1,0,0.137931034482759,0.0332326283987915,0.230159391603292,9,50,0,2,1,0,0,12.3
2025,17,2025_17_CHI_SF,00-0040236,K.Monangai,RB,CHI,SF,4,3,9,0,-4,15,1,0,0,0,0.102564102564103,-0.0132013201320132,0.144605229753745,8,38,0,1,1,0,0,7.7
2025,18,2025_18_DET_CHI,00-0040236,K.Monangai,RB,CHI,DET,1,1,15,0,7,8,1,0,0,0,0.0344827586206897,0.0269230769230769,0.0705702917771883,6,14,0,0,0,0,0,5.9
2025,11,2025_11_TB_BUF,00-0040237,T.Johnson,WR,TB,BUF,3,1,6,0,63,0,0,0,0,0,0.111111111111111,0.321428571428571,0.391666666666667,3,0,0,0,0,0,0,1.6
2025,12,2025_12_TB_LA,00-0040237,T.Johnson,WR,TB,LA,4,3,21,1,24,8,1,0,0,0,0.129032258064516,0.0956175298804781,0.260480658013109,2,12,0,0,0,0,0,12.3
2025,13,2025_13_ARI_TB,00-0040237,T.Johnson,WR,TB,ARI,2,1,5,0,30,7,0,0,0,0,0.0769230769230769,0.144230769230769,0.216346153846154,0,0,0,0,0,0,0,1.5
2025,15,2025_15_ATL_TB,00-0040237,T.Johnson,WR,TB,ATL,1,0,0,0,17,0,0,0,0,0,0.03125,0.0473537604456825,0.0800226323119777,0,0,0,0,0,0,0,0
2025,16,2025_16_TB_CAR,00-0040237,T.Johnson,WR,TB,CAR,1,1,-1,0,-3,2,0,0,0,0,0.04,-0.0198675496688742,0.0460927152317881,0,0,0,0,0,0,0,0.9
2025,17,2025_17_TB_MIA,00-0040237,T.Johnson,WR,TB,MIA,2,2,19,0,14,5,1,1,0,0,0.0454545454545455,0.0388888888888889,0.0954040404040404,0,0,0,0,0,0,0,3.9
2025,18,2025_18_CAR_TB,00-0040237,T.Johnson,WR,TB,CAR,1,1,17,0,16,1,1,1,0,0,0.0454545454545455,0.112676056338028,0.147055057618438,1,5,0,0,0,0,0,3.2
2025,11,2025_11_LAC_JAX,00-0040238,L.Allen,RB,JAX,LAC,0,0,0,0,0,0,0,0,0,0,0,0,0,8,36,0,1,1,0,0,3.6
2025,12,2025_12_JAX_ARI,00-0040238,L.Allen,RB,JAX,ARI,0,0,0,0,0,0,0,0,0,0,0,0,0,1,2,0,0,0,0,0,0.2
2025,13,2025_13_JAX_TEN,00-0040238,L.Allen,RB,JAX,TEN,0,0,0,0,0,0,0,0,0,0,0,0,0,0,0,0,0,0,0,0,0
2025,14,2025_14_IND_JAX,00-0040238,L.Allen,RB,JAX,IND,2,2,8,0,-7,15,0,0,0,0,0.0645161290322581,-0.021021021021021,0.0820594788336724,0,0,0,0,0,0,0,2.8
2025,15,2025_15_NYJ_JAX,00-0040238,L.Allen,RB,JAX,NYJ,1,1,5,0,-2,7,0,0,0,0,0.0357142857142857,-0.00578034682080925,0.0495251857968621,4,11,0,0,0,0,0,2.6
2025,16,2025_16_JAX_DEN,00-0040238,L.Allen,RB,JAX,DEN,0,0,0,0,0,0,0,0,0,0,0,0,0,4,10,0,0,0,0,0,1
2025,17,2025_17_JAX_IND,00-0040238,L.Allen,RB,JAX,IND,0,0,0,0,0,0,0,0,0,0,0,0,0,1,3,0,0,0,0,0,0.3
2025,11,2025_11_WAS_MIA,00-0040242,J.Croskey-Merritt,RB,WAS,MIA,1,1,5,0,-4,9,0,0,0,0,0.0344827586206897,-0.0180995475113122,0.0390544546731159,9,28,0,1,0,0,0,4.3
2025,13,2025_13_DEN_WAS,00-0040242,J.Croskey-Merritt,RB,WAS,DEN,0,0,0,0,0,0,0,0,0,0,0,0,0,4,20,0,1,1,0,0,2
2025,14,2025_14_WAS_MIN,00-0040242,J.Croskey-Merritt,RB,WAS,MIN,0,0,0,0,0,0,0,0,0,0,0,0,0,7,32,0,1,0,0,0,3.2
2025,15,2025_15_WAS_NYG,00-0040242,J.Croskey-Merritt,RB,WAS,NYG,0,0,0,0,0,0,0,0,0,0,0,0,0,18,96,1,4,1,0,0,15.6
2025,16,2025_16_PHI_WAS,00-0040242,J.Croskey-Merritt,RB,WAS,PHI,0,0,0,0,0,0,0,0,0,0,0,0,0,8,25,1,1,1,0,0,8.5
2025,17,2025_17_DAL_WAS,00-0040242,J.Croskey-Merritt,RB,WAS,DAL,0,0,0,0,0,0,0,0,0,0,0,0,0,11,105,2,3,2,1,1,22.5
2025,18,2025_18_WAS_PHI,00-0040242,J.Croskey-Merritt,RB,WAS,PHI,0,0,0,0,0,0,0,0,0,0,0,0,0,13,29,0,0,0,0,0,2.9
2025,1,2025_01_CIN_CLE,00-0040466,R.Sanders,RB,CLE,CIN,0,0,0,0,0,0,0,0,0,0,0,0,0,3,3,1,0,0,0,0,6.3
2025,16,2025_16_BUF_CLE,00-0040466,R.Sanders,RB,CLE,BUF,1,1,4,0,3,1,0,0,0,0,0.037037037037037,0.0434782608695652,0.0859903381642512,11,42,0,0,0,0,0,5.6
2025,17,2025_17_PIT_CLE,00-0040466,R.Sanders,RB,CLE,PIT,2,1,10,0,13,4,1,0,0,0,0.0869565217391304,0.0687830687830688,0.178582930756844,8,21,0,0,0,0,0,4.1
2025,18,2025_18_CLE_CIN,00-0040466,R.Sanders,RB,CLE,CIN,1,1,7,0,-2,9,0,0,0,0,0.0476190476190476,-0.0102040816326531,0.0642857142857143,5,26,0,1,1,0,0,4.3
2025,1,2025_01_MIA_IND,00-0040476,U.Bentley,RB,IND,MIA,0,0,0,0,0,0,0,0,0,0,0,0,0,1,0,0,0,0,0,0,0
2025,11,2025_11_CHI_MIN,00-0040506,M.Price,WR,MIN,CHI,0,0,0,0,0,0,0,0,0,0,0,0,0,0,0,0,0,0,0,0,0
2025,12,2025_12_MIN_GB,00-0040506,M.Price,WR,MIN,GB,0,0,0,0,0,0,0,0,0,0,0,0,0,0,0,0,0,0,0,0,0
2025,13,2025_13_MIN_SEA,00-0040506,M.Price,WR,MIN,SEA,0,0,0,0,0,0,0,0,0,0,0,0,0,0,0,0,0,0,0,0,0
2025,14,2025_14_WAS_MIN,00-0040506,M.Price,WR,MIN,WAS,0,0,0,0,0,0,0,0,0,0,0,0,0,0,0,0,0,0,0,0,0
2025,15,2025_15_MIN_DAL,00-0040506,M.Price,WR,MIN,DAL,0,0,0,0,0,0,0,0,0,0,0,0,0,0,0,0,0,0,0,0,0
2025,16,2025_16_MIN_NYG,00-0040506,M.Price,WR,MIN,NYG,0,0,0,0,0,0,0,0,0,0,0,0,0,0,0,0,0,0,0,0,0
2025,17,2025_17_DET_MIN,00-0040506,M.Price,WR,MIN,DET,0,0,0,0,0,0,0,0,0,0,0,0,0,0,0,0,0,0,0,0,0
2025,5,2025_05_LV_IND,00-0040581,D.Thornton,WR,LV,IND,2,0,0,0,34,0,0,0,0,0,0.0555555555555556,0.139344262295082,0.180874316939891,0,0,0,0,0,0,0,0
2025,7,2025_07_LV_KC,00-0040581,D.Thornton,WR,LV,KC,3,0,0,0,38,0,0,0,0,0,0.176470588235294,0.745098039215686,0.786274509803922,0,0,0,0,0,0,0,0
2025,10,2025_10_LV_DEN,00-0040581,D.Thornton,WR,LV,DEN,2,1,4,0,-7,0,0,0,0,0,0.08,-0.114754098360656,0.039672131147541,0,0,0,0,0,0,0,1.4
2025,12,2025_12_CLE_LV,00-0040581,D.Thornton,WR,LV,CLE,2,1,14,0,29,0,1,0,0,0,0.0476190476190476,0.0803324099722992,0.127661258409181,0,0,0,0,0,0,0,2.4
2025,13,2025_13_LV_LAC,00-0040581,D.Thornton,WR,LV,LAC,2,1,11,0,23,12,1,0,0,0,0.0909090909090909,0.306666666666667,0.351030303030303,0,0,0,0,0,0,0,2.1
2025,17,2025_17_NYG_LV,00-0040581,D.Thornton,WR,LV,NYG,4,2,12,0,57,3,0,0,0,0,0.142857142857143,0.341317365269461,0.453207869974337,0,0,0,0,0,0,0,3.2
2025,18,2025_18_KC_LV,00-0040581,D.Thornton,WR,LV,KC,1,0,0,0,43,0,0,0,0,0,0.0384615384615385,0.190265486725664,0.190878148400272,0,0,0,0,0,0,0,0
2025,8,2025_08_NYJ_CIN,00-0040582,A.Smith,WR,NYJ,CIN,1,1,23,0,21,2,1,1,1,0,0.0333333333333333,0.114130434782609,0.129891304347826,0,0,0,0,0,0,0,3.3
2025,10,2025_10_CLE_NYJ,00-0040582,A.Smith,WR,NYJ,CLE,0,0,0,0,0,0,0,0,0,0,0,0,0,1,13,0,1,1,0,0,1.3
2025,12,2025_12_NYJ_BAL,00-0040582,A.Smith,WR,NYJ,BAL,0,0,0,0,0,0,0,0,0,0,0,0,0,1,8,0,0,0,0,0,0.8
2025,15,2025_15_NYJ_JAX,00-0040582,A.Smith,WR,NYJ,JAX,2,0,0,0,27,0,0,0,0,0,0.0625,0.126760563380282,0.182482394366197,0,0,0,0,0,0,0,0
2025,16,2025_16_NYJ_NO,00-0040582,A.Smith,WR,NYJ,NO,1,0,0,0,40,0,0,0,0,0,0.0294117647058824,0.245398773006135,0.215896788163118,0,0,0,0,0,0,0,0
2025,17,2025_17_NE_NYJ,00-0040582,A.Smith,WR,NYJ,NE,1,1,5,0,-8,13,0,0,0,0,0.03125,-0.0533333333333333,0.00954166666666666,0,0,0,0,0,0,0,1.5
2025,18,2025_18_NYJ_BUF,00-0040582,A.Smith,WR,NYJ,BUF,2,0,0,0,9,0,0,0,0,0,0.0909090909090909,0.123287671232877,0.22266500622665,1,2,0,0,0,0,0,0.2
2025,11,2025_11_HOU_TEN,00-0040583,W.Marks,RB,HOU,TEN,1,1,7,0,-3,10,0,0,0,0,0.025,-0.00857142857142857,0.0315,18,44,0,1,1,0,0,6.1
2025,12,2025_12_BUF_HOU,00-0040583,W.Marks,RB,HOU,BUF,1,1,-5,0,-5,0,0,0,0,0,0.0357142857142857,-0.0216450216450216,0.0384199134199134,16,74,0,3,2,0,0,7.9
2025,13,2025_13_HOU_IND,00-0040583,W.Marks,RB,HOU,IND,1,1,3,0,-3,6,0,0,0,0,0.03125,-0.0076530612244898,0.0415178571428571,19,64,0,1,1,0,0,7.7
2025,14,2025_14_HOU_KC,00-0040583,W.Marks,RB,HOU,KC,3,2,8,1,13,10,0,0,0,0,0.111111111111111,0.0426229508196721,0.196502732240437,26,68,0,0,0,0,0,15.6
2025,15,2025_15_ARI_HOU,00-0040583,W.Marks,RB,HOU,ARI,1,1,8,0,1,7,0,0,0,0,0.0384615384615385,0.00854700854700855,0.0636752136752137,7,30,0,1,0,0,0,4.8
2025,17,2025_17_HOU_LAC,00-0040583,W.Marks,RB,HOU,LAC,2,1,4,0,17,5,0,0,0,0,0.0769230769230769,0.06640625,0.161868990384615,19,71,0,1,1,0,0,8.5
2025,18,2025_18_IND_HOU,00-0040583,W.Marks,RB,HOU,IND,3,2,0,0,9,3,0,0,0,0,0.107142857142857,0.0466321243523316,0.193356772760918,10,48,0,0,0,0,0,6.8
2025,11,2025_11_HOU_TEN,00-0040584,G.Helm,TE,TEN,HOU,5,4,29,0,15,10,1,0,0,0,0.138888888888889,0.0559701492537313,0.247512437810945,0,0,0,0,0,0,0,6.9
2025,12,2025_12_SEA_TEN,00-0040584,G.Helm,TE,TEN,SEA,7,6,51,0,32,35,3,0,0,0,0.184210526315789,0.164102564102564,0.391187584345479,0,0,0,0,0,0,0,11.1
2025,13,2025_13_JAX_TEN,00-0040584,G.Helm,TE,TEN,JAX,7,6,23,0,36,2,0,0,0,0,0.2,0.145161290322581,0.401612903225807,0,0,0,0,0,0,0,8.3
2025,14,2025_14_TEN_CLE,00-0040584,G.Helm,TE,TEN,CLE,2,1,8,0,2,11,0,0,0,0,0.08,0.0114942528735632,0.128045977011494,0,0,0,0,0,0,0,1.8
2025,15,2025_15_TEN_SF,00-0040584,G.Helm,TE,TEN,SF,4,4,49,1,22,27,1,1,1,0,0.148148148148148,0.128654970760234,0.312280701754386,0,0,0,0,0,0,0,14.9
2025,16,2025_16_KC_TEN,00-0040584,G.Helm,TE,TEN,KC,3,2,9,0,16,7,0,0,0,0,0.111111111111111,0.098159509202454,0.235378323108384,0,0,0,0,0,0,0,2.9
2025,17,2025_17_NO_TEN,00-0040584,G.Helm,TE,TEN,NO,2,1,1,0,-1,4,0,0,0,0,0.0571428571428571,-0.00268096514745308,0.0838376101110686,0,0,0,0,0,0,0,1.1
2025,11,2025_11_CAR_ATL,00-0040644,T.Etienne,RB,CAR,ATL,0,0,0,0,0,0,0,0,0,0,0,0,0,1,2,0,0,0,0,0,0.2
2025,12,2025_12_CAR_SF,00-0040644,T.Etienne,RB,CAR,SF,0,0,0,0,0,0,0,0,0,0,0,0,0,0,0,0,0,0,0,0,0
2025,13,2025_13_LA_CAR,00-0040644,T.Etienne,RB,CAR,LA,1,1,4,0,1,3,0,0,0,0,0.05,0.00645161290322581,0.0795161290322581,0,0,0,0,0,0,0,1.4
2025,15,2025_15_CAR_NO,00-0040644,T.Etienne,RB,CAR,NO,0,0,0,0,0,0,0,0,0,0,0,0,0,0,0,0,0,0,0,0,0
2025,16,2025_16_TB_CAR,00-0040644,T.Etienne,RB,CAR,TB,0,0,0,0,0,0,0,0,0,0,0,0,0,0,0,0,0,0,0,0,0
2025,17,2025_17_SEA_CAR,00-0040644,T.Etienne,RB,CAR,SEA,0,0,0,0,0,0,0,0,0,0,0,0,0,0,0,0,0,0,0,0,0
2025,18,2025_18_CAR_TB,00-0040644,T.Etienne,RB,CAR,TB,0,0,0,0,0,0,0,0,0,0,0,0,0,0,0,0,0,0,0,0,0
2025,2,2025_02_SEA_PIT,00-0040648,T.Horton,WR,SEA,PIT,4,2,32,1,79,2,2,1,1,0,0.133333333333333,0.29811320754717,0.408679245283019,0,0,0,0,0,0,0,11.2
2025,3,2025_03_NO_SEA,00-0040648,T.Horton,WR,SEA,NO,4,3,32,1,30,8,1,0,0,0,0.2,0.176470588235294,0.423529411764706,0,0,0,0,0,0,0,18.2
2025,4,2025_04_SEA_ARI,00-0040648,T.Horton,WR,SEA,ARI,2,1,10,0,50,5,1,0,0,0,0.0833333333333333,0.210970464135021,0.272679324894515,0,0,0,0,0,0,0,2
2025,5,2025_05_TB_SEA,00-0040648,T.Horton,WR,SEA,TB,4,3,39,1,33,12,2,1,1,0,0.117647058823529,0.12,0.260470588235294,0,0,0,0,0,0,0,12.9
2025,6,2025_06_SEA_JAX,00-0040648,T.Horton,WR,SEA,JAX,1,0,0,0,41,0,0,0,0,0,0.0416666666666667,0.113573407202216,0.142001385041551,0,0,0,0,0,0,0,0
2025,7,2025_07_HOU_SEA,00-0040648,T.Horton,WR,SEA,HOU,3,0,0,0,62,0,0,0,0,0,0.103448275862069,0.221428571428571,0.310172413793103,0,0,0,0,0,0,0,0
2025,9,2025_09_SEA_WAS,00-0040648,T.Horton,WR,SEA,WAS,4,4,48,2,42,6,2,1,1,0,0.166666666666667,0.202898550724638,0.392028985507246,0,0,0,0,0,0,0,20.8
2025,11,2025_11_BAL_CLE,00-0040663,H.Fannin,TE,CLE,BAL,5,2,26,0,37,5,1,1,1,0,0.2,0.22289156626506,0.456024096385542,0,0,0,0,0,0,0,4.6
2025,12,2025_12_CLE_LV,00-0040663,H.Fannin,TE,CLE,LV,6,4,40,0,4,42,2,1,0,0,0.333333333333333,0.0205128205128205,0.514358974358974,1,4,0,0,0,0,0,8.4
2025,13,2025_13_SF_CLE,00-0040663,H.Fannin,TE,CLE,SF,5,3,43,1,26,19,1,1,1,0,0.217391304347826,0.15028901734104,0.431289268660468,1,0,0,0,0,0,0,11.3
2025,14,2025_14_TEN_CLE,00-0040663,H.Fannin,TE,CLE,TEN,11,8,114,1,74,54,5,4,1,0,0.289473684210526,0.242622950819672,0.60404659188956,0,0,0,0,0,0,0,25.4
2025,15,2025_15_CLE_CHI,00-0040663,H.Fannin,TE,CLE,CHI,14,7,48,0,93,20,1,0,0,0,0.451612903225806,0.306930693069307,0.892270839987224,1,2,0,0,0,0,0,12
2025,16,2025_16_BUF_CLE,00-0040663,H.Fannin,TE,CLE,BUF,6,4,34,1,27,21,2,0,0,0,0.222222222222222,0.391304347826087,0.607246376811594,1,1,1,0,0,0,0,19.5
2025,17,2025_17_PIT_CLE,00-0040663,H.Fannin,TE,CLE,PIT,2,2,30,1,29,1,1,1,1,0,0.0869565217391304,0.153439153439153,0.237842190016103,0,0,0,0,0,0,0,11
2025,3,2025_03_DEN_LAC,00-0040666,O.Hampton,RB,LAC,DEN,7,6,59,0,-5,59,3,1,1,0,0.155555555555556,-0.0116550116550117,0.225174825174825,19,70,1,2,0,0,0,24.9
2025,4,2025_04_LAC_NYG,00-0040666,O.Hampton,RB,LAC,NYG,5,5,37,0,-4,41,2,1,0,0,0.131578947368421,-0.0150943396226415,0.186802383316783,12,128,1,3,3,2,1,27.5
2025,5,2025_05_WAS_LAC,00-0040666,O.Hampton,RB,LAC,WAS,6,6,26,0,-18,44,1,0,0,0,0.1875,-0.141732283464567,0.182037401574803,12,44,0,0,0,0,0,13
2025,14,2025_14_PHI_LAC,00-0040666,O.Hampton,RB,LAC,PHI,2,2,11,1,2,9,0,0,0,0,0.0869565217391304,0.00740740740740741,0.135619967793881,13,56,0,3,2,0,0,14.7
2025,15,2025_15_LAC_KC,00-0040666,O.Hampton,RB,LAC,KC,1,1,4,0,-5,9,0,0,0,0,0.0384615384615385,-0.0252525252525253,0.04001554001554,15,61,0,1,1,1,0,7.5
2025,16,2025_16_LAC_DAL,00-0040666,O.Hampton,RB,LAC,DAL,2,1,10,0,4,6,1,0,0,0,0.0714285714285714,0.0148698884758364,0.117551779075943,16,85,1,3,2,0,0,16.5
2025,17,2025_17_HOU_LAC,00-0040666,O.Hampton,RB,LAC,HOU,8,8,31,0,-26,57,1,1,0,0,0.258064516129032,-0.0928571428571429,0.322096774193548,14,29,1,0,0,0,0,20
2025,9,2025_09_CAR_GB,00-0040667,M.Golden,WR,GB,CAR,3,2,9,0,47,9,0,0,0,0,0.0857142857142857,0.144615384615385,0.229802197802198,0,0,0,0,0,0,0,2.9
2025,11,2025_11_GB_NYG,00-0040667,M.Golden,WR,GB,NYG,3,1,24,0,64,0,1,1,1,0,0.12,0.218430034129693,0.332901023890785,0,0,0,0,0,0,0,3.4
2025,14,2025_14_CHI_GB,00-0040667,M.Golden,WR,GB,CHI,1,0,0,0,16,0,0,0,0,0,0.0434782608695652,0.0514469453376206,0.101230253040682,0,0,0,0,0,0,0,0
2025,15,2025_15_GB_DEN,00-0040667,M.Golden,WR,GB,DEN,4,3,55,0,69,6,3,2,1,0,0.111111111111111,0.152654867256637,0.273525073746313,0,0,0,0,0,0,0,8.5
2025,16,2025_16_GB_CHI,00-0040667,M.Golden,WR,GB,CHI,1,0,0,0,-3,0,0,0,0,0,0.0416666666666667,-0.0180722891566265,0.0498493975903615,2,4,0,0,0,0,0,0.4
2025,17,2025_17_BAL_GB,00-0040667,M.Golden,WR,GB,BAL,3,1,12,0,57,1,1,0,0,0,0.12,0.195876288659794,0.317113402061856,0,0,0,0,0,0,0,2.2
2025,18,2025_18_GB_MIN,00-0040667,M.Golden,WR,GB,MIN,3,1,8,0,9,8,0,0,0,0,0.3,0.333333333333333,0.683333333333333,0,0,0,0,0,0,0,1.8
2025,12,2025_12_NYG_DET,00-0040669,I.TeSlaa,WR,DET,NYG,1,0,0,0,17,0,0,0,0,0,0.0263157894736842,0.0769230769230769,0.0933198380566802,0,0,0,0,0,0,0,0
2025,13,2025_13_GB_DET,00-0040669,I.TeSlaa,WR,DET,GB,2,2,35,1,34,1,2,2,0,0,0.0740740740740741,0.2,0.251111111111111,0,0,0,0,0,0,0,11.5
2025,14,2025_14_DAL_DET,00-0040669,I.TeSlaa,WR,DET,DAL,3,2,20,1,47,2,1,0,0,0,0.0967741935483871,0.205240174672489,0.288829412593323,0,0,0,0,0,0,0,10
2025,15,2025_15_DET_LA,00-0040669,I.TeSlaa,WR,DET,LA,1,0,0,0,4,0,0,0,0,0,0.0263157894736842,0.0115273775216138,0.047542848475656,0,0,0,0,0,0,0,0
2025,16,2025_16_PIT_DET,00-0040669,I.TeSlaa,WR,DET,PIT,7,4,52,1,52,24,3,1,1,0,0.134615384615385,0.165079365079365,0.317478632478633,0,0,0,0,0,0,0,15.2
2025,17,2025_17_DET_MIN,00-0040669,I.TeSlaa,WR,DET,MIN,4,3,49,1,60,23,2,2,1,0,0.137931034482759,0.301507537688442,0.417951828106047,0,0,0,0,0,0,0,13.9
2025,18,2025_18_DET_CHI,00-0040669,I.TeSlaa,WR,DET,CHI,1,1,18,0,15,3,1,1,0,0,0.0277777777777778,0.06,0.0836666666666667,0,0,0,0,0,0,0,2.8
2025,1,2025_01_SF_SEA,00-0040673,J.Milroe,QB,SEA,SF,0,0,0,0,0,0,0,0,0,0,0,0,0,1,1,0,0,0,0,0,0.1
2025,3,2025_03_NO_SEA,00-0040673,J.Milroe,QB,SEA,NO,0,0,0,0,0,0,0,0,0,0,0,0,0,1,3,0,0,0,0,0,0.3
2025,5,2025_05_TB_SEA,00-0040673,J.Milroe,QB,SEA,TB,0,0,0,0,0,0,0,0,0,0,0,0,0,1,0,0,0,0,0,0,-2
2025,12,2025_12_SEA_TEN,00-0040676,C.Ward,QB,TEN,SEA,0,0,0,0,0,0,0,0,0,0,0,0,0,6,37,1,1,1,0,0,23.94
2025,13,2025_13_JAX_TEN,00-0040676,C.Ward,QB,TEN,JAX,0,0,0,0,0,0,0,0,0,0,0,0,0,1,7,0,0,0,0,0,6.34
2025,14,2025_14_TEN_CLE,00-0040676,C.Ward,QB,TEN,CLE,0,0,0,0,0,0,0,0,0,0,0,0,0,2,4,0,0,0,0,0,11.08
2025,15,2025_15_TEN_SF,00-0040676,C.Ward,QB,TEN,SF,0,0,0,0,0,0,0,0,0,0,0,0,0,1,2,0,0,0,0,0,15
2025,16,2025_16_KC_TEN,00-0040676,C.Ward,QB,TEN,KC,0,0,0,0,0,0,0,0,0,0,0,0,0,4,9,0,1,0,0,0,18.02
2025,17,2025_17_NO_TEN,00-0040676,C.Ward,QB,TEN,NO,0,0,0,0,0,0,0,0,0,0,0,0,0,2,10,0,0,0,0,0,17.04
2025,18,2025_18_TEN_JAX,00-0040676,C.Ward,QB,TEN,JAX,0,0,0,0,0,0,0,0,0,0,0,0,0,2,11,1,0,0,0,0,9.18
2025,12,2025_12_SEA_TEN,00-0040705,C.Dike,WR,TEN,SEA,7,5,44,1,54,34,2,1,1,0,0.184210526315789,0.276923076923077,0.470161943319838,0,0,0,0,0,0,0,21.4
2025,13,2025_13_JAX_TEN,00-0040705,C.Dike,WR,TEN,JAX,4,1,8,0,35,11,0,0,0,0,0.114285714285714,0.141129032258065,0.270218894009217,1,1,0,0,0,0,0,1.9
2025,14,2025_14_TEN_CLE,00-0040705,C.Dike,WR,TEN,CLE,8,5,24,1,78,6,1,1,0,0,0.32,0.448275862068966,0.793793103448276,0,0,0,0,0,0,0,13.4
2025,15,2025_15_TEN_SF,00-0040705,C.Dike,WR,TEN,SF,5,4,17,0,1,28,0,0,0,0,0.185185185185185,0.00584795321637427,0.28187134502924,1,-7,0,0,0,0,0,5
2025,16,2025_16_KC_TEN,00-0040705,C.Dike,WR,TEN,KC,5,3,40,1,64,2,1,1,1,0,0.185185185185185,0.392638036809816,0.552624403544649,0,0,0,0,0,0,0,13
2025,17,2025_17_NO_TEN,00-0040705,C.Dike,WR,TEN,NO,5,4,55,0,63,7,1,1,1,0,0.142857142857143,0.168900804289544,0.332516277288395,1,7,0,0,0,0,0,10.2
2025,18,2025_18_TEN_JAX,00-0040705,C.Dike,WR,TEN,JAX,4,3,27,0,17,18,1,1,1,0,0.121212121212121,0.133858267716535,0.275518969219757,0,0,0,0,0,0,0,5.7
2025,2,2025_02_NYG_DAL,00-0040715,C.Skattebo,RB,NYG,DAL,3,2,14,0,8,10,0,0,0,0,0.075,0.0153256704980843,0.123227969348659,11,45,1,1,1,1,0,13.9
2025,3,2025_03_KC_NYG,00-0040715,C.Skattebo,RB,NYG,KC,8,6,61,0,5,55,3,2,1,0,0.266666666666667,0.0176056338028169,0.412323943661972,10,60,1,3,1,0,0,24.1
2025,4,2025_04_LAC_NYG,00-0040715,C.Skattebo,RB,NYG,LAC,2,2,11,0,-11,22,0,0,0,0,0.1,-0.0901639344262295,0.0868852459016394,25,79,0,1,1,0,0,13
2025,5,2025_05_NYG_NO,00-0040715,C.Skattebo,RB,NYG,NO,7,6,45,0,-11,51,2,0,0,0,0.17948717948718,-0.0335365853658537,0.245755159474672,15,59,0,0,0,0,0,14.4
2025,6,2025_06_PHI_NYG,00-0040715,C.Skattebo,RB,NYG,PHI,2,2,12,0,0,12,0,0,0,0,0.0769230769230769,0,0.115384615384615,19,98,3,4,2,0,0,31
2025,7,2025_07_NYG_DEN,00-0040715,C.Skattebo,RB,NYG,DEN,6,3,34,1,-14,41,2,0,0,0,0.181818181818182,-0.0409356725146199,0.244072301967039,16,60,0,1,1,0,0,18.4
2025,8,2025_08_NYG_PHI,00-0040715,C.Skattebo,RB,NYG,PHI,2,1,18,1,17,7,1,1,0,0,0.0909090909090909,0.0723404255319149,0.187001934235977,3,12,0,0,0,0,0,10
2025,10,2025_10_JAX_HOU,00-0040719,B.Tuten,RB,JAX,HOU,2,1,5,0,4,2,0,0,0,0,0.0869565217391304,0.0273972602739726,0.149612864800476,4,5,0,0,0,0,0,2
2025,11,2025_11_LAC_JAX,00-0040719,B.Tuten,RB,JAX,LAC,0,0,0,0,0,0,0,0,0,0,0,0,0,15,74,1,3,2,0,0,13.4
2025,12,2025_12_JAX_ARI,00-0040719,B.Tuten,RB,JAX,ARI,1,0,0,0,1,0,0,0,0,0,0.0333333333333333,0.003690036900369,0.0525830258302583,7,17,0,0,0,0,0,1.7
2025,13,2025_13_JAX_TEN,00-0040719,B.Tuten,RB,JAX,TEN,1,1,2,0,2,0,0,0,0,0,0.04,0.00740740740740741,0.0651851851851852,8,17,1,0,0,0,0,8.9
2025,14,2025_14_IND_JAX,00-0040719,B.Tuten,RB,JAX,IND,0,0,0,0,0,0,0,0,0,0,0,0,0,2,5,0,0,0,0,0,-1.5
2025,15,2025_15_NYJ_JAX,00-0040719,B.Tuten,RB,JAX,NYJ,1,1,16,1,13,3,1,1,0,0,0.0357142857142857,0.0375722543352601,0.0798720066061107,1,7,0,0,0,0,0,9.3
2025,18,2025_18_TEN_JAX,00-0040719,B.Tuten,RB,JAX,TEN,0,0,0,0,0,0,0,0,0,0,0,0,0,5,23,1,1,1,0,0,8.3
2025,11,2025_11_LAC_JAX,00-0040727,T.Harris,WR,LAC,JAX,1,1,12,0,-3,15,1,0,0,0,0.0416666666666667,-0.016304347826087,0.0510869565217391,0,0,0,0,0,0,0,2.2
2025,13,2025_13_LV_LAC,00-0040727,T.Harris,WR,LAC,LV,4,3,30,0,44,20,1,1,0,0,0.19047619047619,0.221105527638191,0.440488155061019,0,0,0,0,0,0,0,6
2025,14,2025_14_PHI_LAC,00-0040727,T.Harris,WR,LAC,PHI,2,1,18,0,26,0,1,1,0,0,0.0869565217391304,0.0962962962962963,0.197842190016103,1,3,0,0,0,0,0,3.1
2025,15,2025_15_LAC_KC,00-0040727,T.Harris,WR,LAC,KC,5,3,49,0,57,8,1,1,1,0,0.192307692307692,0.287878787878788,0.48997668997669,0,0,0,0,0,0,0,7.9
2025,16,2025_16_LAC_DAL,00-0040727,T.Harris,WR,LAC,DAL,5,4,54,0,36,23,3,1,1,0,0.178571428571429,0.133828996282528,0.361537440254912,0,0,0,0,0,0,0,9.4
2025,17,2025_17_HOU_LAC,00-0040727,T.Harris,WR,LAC,HOU,1,1,8,0,-1,9,0,0,0,0,0.032258064516129,-0.00357142857142857,0.0458870967741935,1,7,0,0,0,0,0,2.5
2025,18,2025_18_LAC_DEN,00-0040727,T.Harris,WR,LAC,DEN,6,2,28,0,108,9,2,1,0,0,0.157894736842105,0.273417721518987,0.428234510326449,0,0,0,0,0,0,0,4.8
2025,10,2025_10_LV_DEN,00-0040729,J.Bech,WR,LV,DEN,1,0,0,0,4,0,0,0,0,0,0.04,0.0655737704918033,0.105901639344262,0,0,0,0,0,0,0,0
2025,11,2025_11_DAL_LV,00-0040729,J.Bech,WR,LV,DAL,1,1,19,0,2,17,1,1,0,0,0.0256410256410256,0.00909090909090909,0.0448251748251748,0,0,0,0,0,0,0,2.9
2025,13,2025_13_LV_LAC,00-0040729,J.Bech,WR,LV,LAC,3,2,22,0,14,8,1,1,0,0,0.136363636363636,0.186666666666667,0.335212121212121,0,0,0,0,0,0,0,4.2
2025,14,2025_14_DEN_LV,00-0040729,J.Bech,WR,LV,DEN,6,6,50,0,47,3,2,2,0,0,0.214285714285714,0.192622950819672,0.456264637002342,0,0,0,0,0,0,0,11
2025,15,2025_15_LV_PHI,00-0040729,J.Bech,WR,LV,PHI,3,2,17,0,37,2,1,0,0,0,0.12,0.349056603773585,0.424339622641509,0,0,0,0,0,0,0,3.7
2025,16,2025_16_LV_HOU,00-0040729,J.Bech,WR,LV,HOU,3,2,43,0,36,17,1,1,1,0,0.136363636363636,0.189473684210526,0.337177033492823,0,0,0,0,0,0,0,6.3
2025,18,2025_18_KC_LV,00-0040729,J.Bech,WR,LV,KC,2,0,0,0,22,0,0,0,0,0,0.0769230769230769,0.0973451327433628,0.183526208304969,0,0,0,0,0,0,0,0
2025,11,2025_11_KC_DEN,00-0040730,R.Harvey,RB,DEN,KC,3,3,20,0,-2,22,1,0,0,0,0.0833333333333333,-0.00626959247648903,0.120611285266458,11,30,0,0,0,0,0,8
2025,13,2025_13_DEN_WAS,00-0040730,R.Harvey,RB,DEN,WAS,4,3,27,0,-3,28,1,0,0,0,0.0930232558139535,-0.0158730158730159,0.128423772609819,13,35,2,1,0,0,0,21.2
2025,14,2025_14_DEN_LV,00-0040730,R.Harvey,RB,DEN,LV,6,6,25,0,-9,34,0,0,0,0,0.166666666666667,-0.0416666666666667,0.220833333333333,17,75,1,2,1,0,0,22
2025,15,2025_15_GB_DEN,00-0040730,R.Harvey,RB,DEN,GB,1,0,0,0,5,0,0,0,0,0,0.03125,0.0154798761609907,0.0577109133126935,19,65,1,0,0,0,0,10.5
2025,16,2025_16_JAX_DEN,00-0040730,R.Harvey,RB,DEN,JAX,5,4,71,0,14,61,3,2,1,0,0.108695652173913,0.0311804008908686,0.184869758884478,7,50,1,1,1,1,0,22.1
2025,17,2025_17_DEN_KC,00-0040730,R.Harvey,RB,DEN,KC,6,5,33,1,-2,35,1,0,0,0,0.162162162162162,-0.00970873786407767,0.236447126738389,14,43,0,1,0,0,0,18.6
2025,18,2025_18_LAC_DEN,00-0040730,R.Harvey,RB,DEN,LAC,4,1,5,0,-5,8,0,0,0,0,0.173913043478261,-0.192307692307692,0.126254180602007,15,28,0,1,0,0,0,4.3
2025,11,2025_11_NYJ_NE,00-0040734,T.Henderson,RB,NE,NYJ,5,5,31,1,13,18,1,0,0,0,0.151515151515152,0.0325814536340852,0.250079744816587,19,62,2,0,0,0,0,32.3
2025,12,2025_12_NE_CIN,00-0040734,T.Henderson,RB,NE,CIN,4,3,15,0,7,12,0,0,0,0,0.121212121212121,0.0235690235690236,0.198316498316498,18,66,0,0,0,0,0,11.1
2025,13,2025_13_NYG_NE,00-0040734,T.Henderson,RB,NE,NYG,4,3,19,0,-4,26,1,0,0,0,0.133333333333333,-0.0163265306122449,0.188571428571429,11,67,0,3,2,1,0,11.6
2025,15,2025_15_BUF_NE,00-0040734,T.Henderson,RB,NE,BUF,3,2,13,0,20,14,0,0,0,0,0.136363636363636,0.0819672131147541,0.261922503725782,14,148,2,2,2,2,2,30.1
2025,16,2025_16_NE_BAL,00-0040734,T.Henderson,RB,NE,BAL,1,1,9,0,2,7,0,0,0,0,0.0238095238095238,0.00421940928270042,0.038667872212176,5,3,0,0,0,0,0,2.2
2025,17,2025_17_NE_NYJ,00-0040734,T.Henderson,RB,NE,NYJ,0,0,0,0,0,0,0,0,0,0,0,0,0,19,82,0,3,3,0,0,8.2
2025,18,2025_18_MIA_NE,00-0040734,T.Henderson,RB,NE,MIA,0,0,0,0,0,0,0,0,0,0,0,0,0,13,53,2,1,1,0,0,17.3
2025,11,2025_11_CHI_MIN,00-0040735,L.Burden,WR,CHI,MIN,5,3,27,0,37,17,2,1,0,0,0.178571428571429,0.0961038961038961,0.33512987012987,0,0,0,0,0,0,0,5.7
2025,12,2025_12_PIT_CHI,00-0040735,L.Burden,WR,CHI,PIT,5,3,46,0,38,30,3,2,0,0,0.166666666666667,0.115853658536585,0.33109756097561,1,15,0,1,1,0,0,9.1
2025,13,2025_13_CHI_PHI,00-0040735,L.Burden,WR,CHI,PHI,6,4,33,0,32,24,1,0,0,0,0.1875,0.126984126984127,0.370138888888889,1,3,0,0,0,0,0,7.6
2025,14,2025_14_CHI_GB,00-0040735,L.Burden,WR,CHI,GB,6,4,67,0,60,27,4,2,1,0,0.214285714285714,0.201342281879195,0.462368168744008,1,3,0,0,0,0,0,11
2025,15,2025_15_CLE_CHI,00-0040735,L.Burden,WR,CHI,CLE,7,6,84,0,50,48,3,1,1,1,0.259259259259259,0.181818181818182,0.516161616161616,0,0,0,0,0,0,0,14.4
2025,17,2025_17_CHI_SF,00-0040735,L.Burden,WR,CHI,SF,9,8,138,1,88,55,6,4,4,0,0.230769230769231,0.29042904290429,0.549454176186849,0,0,0,0,0,0,0,27.8
2025,18,2025_18_DET_CHI,00-0040735,L.Burden,WR,CHI,DET,4,3,35,0,12,27,3,0,0,0,0.137931034482759,0.0461538461538462,0.23920424403183,1,10,0,1,0,0,0,7.5
2025,7,2025_07_CAR_NYJ,00-0040736,M.Taylor,TE,NYJ,CAR,5,3,31,0,19,15,2,0,0,0,0.161290322580645,0.0517711171662125,0.278175265887317,0,0,0,0,0,0,0,6.1
2025,8,2025_08_NYJ_CIN,00-0040736,M.Taylor,TE,NYJ,CIN,8,5,34,1,49,15,1,0,0,0,0.266666666666667,0.266304347826087,0.586413043478261,0,0,0,0,0,0,0,14.4
2025,10,2025_10_CLE_NYJ,00-0040736,M.Taylor,TE,NYJ,CLE,2,1,4,0,9,0,0,0,0,0,0.181818181818182,0.236842105263158,0.438516746411483,0,0,0,0,0,0,0,1.4
2025,11,2025_11_NYJ_NE,00-0040736,M.Taylor,TE,NYJ,NE,4,4,30,0,25,5,1,0,0,0,0.153846153846154,0.118483412322275,0.313707619394823,0,0,0,0,0,0,0,7
2025,12,2025_12_NYJ_BAL,00-0040736,M.Taylor,TE,NYJ,BAL,5,3,21,0,27,6,0,0,0,0,0.185185185185185,0.09375,0.343402777777778,0,0,0,0,0,0,0,5.1
2025,13,2025_13_ATL_NYJ,00-0040736,M.Taylor,TE,NYJ,ATL,4,2,21,0,41,6,1,0,0,0,0.129032258064516,0.128526645768025,0.283517039134392,0,0,0,0,0,0,0,4.1
2025,14,2025_14_MIA_NYJ,00-0040736,M.Taylor,TE,NYJ,MIA,8,5,51,0,40,32,3,0,0,0,0.25,0.13840830449827,0.471885813148789,0,0,0,0,0,0,0,10.1
2025,7,2025_07_HOU_SEA,00-0040739,E.Arroyo,TE,SEA,HOU,5,4,42,0,25,22,1,1,1,0,0.172413793103448,0.0892857142857143,0.321120689655172,0,0,0,0,0,0,0,6.2
2025,9,2025_09_SEA_WAS,00-0040739,E.Arroyo,TE,SEA,WAS,2,2,29,1,23,6,1,1,1,0,0.0833333333333333,0.111111111111111,0.202777777777778,0,0,0,0,0,0,0,10.9
2025,10,2025_10_ARI_SEA,00-0040739,E.Arroyo,TE,SEA,ARI,1,1,5,0,4,1,0,0,0,0,0.0833333333333333,0.03125,0.146875,0,0,0,0,0,0,0,1.5
2025,11,2025_11_SEA_LA,00-0040739,E.Arroyo,TE,SEA,LA,2,0,0,0,23,0,0,0,0,0,0.0476190476190476,0.0672514619883041,0.118504594820384,0,0,0,0,0,0,0,0
2025,12,2025_12_SEA_TEN,00-0040739,E.Arroyo,TE,SEA,TEN,1,1,5,0,2,3,0,0,0,0,0.04,0.00816326530612245,0.0657142857142857,0,0,0,0,0,0,0,1.5
2025,13,2025_13_MIN_SEA,00-0040739,E.Arroyo,TE,SEA,MIN,2,0,0,0,31,0,0,0,0,0,0.0869565217391304,0.333333333333333,0.363768115942029,0,0,0,0,0,0,0,0
2025,14,2025_14_SEA_ATL,00-0040739,E.Arroyo,TE,SEA,ATL,1,0,0,0,17,0,0,0,0,0,0.0333333333333333,0.0666666666666667,0.0966666666666667,0,0,0,0,0,0,0,0
2025,12,2025_12_CLE_LV,00-0040782,I.Bond,WR,CLE,LV,2,2,58,0,50,8,1,1,1,1,0.111111111111111,0.256410256410256,0.346153846153846,0,0,0,0,0,0,0,7.8
2025,13,2025_13_SF_CLE,00-0040782,I.Bond,WR,CLE,SF,2,1,18,0,58,0,1,1,0,0,0.0869565217391304,0.335260115606936,0.365116863533551,1,9,0,0,0,0,0,3.7
2025,14,2025_14_TEN_CLE,00-0040782,I.Bond,WR,CLE,TEN,2,0,0,0,57,0,0,0,0,0,0.0526315789473684,0.186885245901639,0.2097670405522,0,0,0,0,0,0,0,0
2025,15,2025_15_CLE_CHI,00-0040782,I.Bond,WR,CLE,CHI,4,2,89,0,118,12,2,2,2,2,0.129032258064516,0.389438943894389,0.466155647822847,0,0,0,0,0,0,0,10.9
2025,16,2025_16_BUF_CLE,00-0040782,I.Bond,WR,CLE,BUF,0,0,21,0,0,21,1,1,1,0,0,0,0,1,-1,0,0,0,0,0,2
2025,17,2025_17_PIT_CLE,00-0040782,I.Bond,WR,CLE,PIT,1,1,16,0,15,1,1,1,0,0,0.0434782608695652,0.0793650793650794,0.120772946859903,0,0,0,0,0,0,0,2.6
2025,18,2025_18_CLE_CIN,00-0040782,I.Bond,WR,CLE,CIN,2,1,13,0,48,0,1,0,0,0,0.0952380952380952,0.244897959183673,0.314285714285714,1,4,0,0,0,0,0,2.7
2025,2,2025_02_BUF_NYJ,00-0028118,T.Taylor,QB,NYJ,BUF,0,0,0,0,0,0,0,0,0,0,0,0,0,3,21,0,1,1,0,0,8.34
2025,3,2025_03_NYJ_TB,00-0028118,T.Taylor,QB,NYJ,TB,0,0,0,0,0,0,0,0,0,0,0,0,0,8,48,0,2,1,0,0,16.68
2025,7,2025_07_CAR_NYJ,00-0028118,T.Taylor,QB,NYJ,CAR,0,0,0,0,0,0,0,0,0,0,0,0,0,3,11,0,0,0,0,0,2.14
2025,12,2025_12_NYJ_BAL,00-0028118,T.Taylor,QB,NYJ,BAL,0,0,0,0,0,0,0,0,0,0,0,0,0,5,19,0,0,0,0,0,12.78
2025,13,2025_13_ATL_NYJ,00-0028118,T.Taylor,QB,NYJ,ATL,0,0,0,0,0,0,0,0,0,0,0,0,0,8,44,1,2,1,0,0,21.28
2025,14,2025_14_MIA_NYJ,00-0028118,T.Taylor,QB,NYJ,MIA,0,0,0,0,0,0,0,0,0,0,0,0,0,0,0,0,0,0,0,0,-1.76
2025,12,2025_12_JAX_ARI,00-0033119,J.Brissett,QB,ARI,JAX,0,0,0,0,0,0,0,0,0,0,0,0,0,3,20,0,0,0,0,0,18.68
2025,13,2025_13_ARI_TB,00-0033119,J.Brissett,QB,ARI,TB,0,0,0,0,0,0,0,0,0,0,0,0,0,3,16,0,0,0,0,0,19.64
2025,14,2025_14_LA_ARI,00-0033119,J.Brissett,QB,ARI,LA,0,0,0,0,0,0,0,0,0,0,0,0,0,4,22,0,1,0,0,0,19.04
2025,15,2025_15_ARI_HOU,00-0033119,J.Brissett,QB,ARI,HOU,0,0,0,0,0,0,0,0,0,0,0,0,0,3,6,0,0,0,0,0,20.56
2025,16,2025_16_ATL_ARI,00-0033119,J.Brissett,QB,ARI,ATL,0,0,0,0,0,0,0,0,0,0,0,0,0,1,5,0,0,0,0,0,10.62
2025,17,2025_17_ARI_CIN,00-0033119,J.Brissett,QB,ARI,CIN,0,0,0,0,0,0,0,0,0,0,0,0,0,0,0,0,0,0,0,0,16.48
2025,18,2025_18_ARI_LA,00-0033119,J.Brissett,QB,ARI,LA,0,0,0,0,0,0,0,0,0,0,0,0,0,3,19,0,1,1,0,0,15.62
2025,9,2025_09_SF_NYG,00-0033307,K.Bourne,WR,SF,NYG,2,2,34,0,30,4,2,1,1,0,0.0869565217391304,0.1875,0.261684782608696,0,0,0,0,0,0,0,5.4
2025,10,2025_10_LA_SF,00-0033307,K.Bourne,WR,SF,LA,1,1,19,0,18,1,1,1,0,0,0.0256410256410256,0.0638297872340426,0.0831423895253682,0,0,0,0,0,0,0,2.9
2025,13,2025_13_SF_CLE,00-0033307,K.Bourne,WR,SF,CLE,1,0,0,0,20,0,0,0,0,0,0.0434782608695652,0.075187969924812,0.117848970251716,0,0,0,0,0,0,0,0
2025,15,2025_15_TEN_SF,00-0033307,K.Bourne,WR,SF,TEN,3,2,17,0,31,7,1,0,0,0,0.107142857142857,0.123505976095618,0.247168468981218,0,0,0,0,0,0,0,3.7
2025,16,2025_16_SF_IND,00-0033307,K.Bourne,WR,SF,IND,5,3,27,0,48,4,2,0,0,0,0.151515151515152,0.148148148148148,0.330976430976431,0,0,0,0,0,0,0,5.7
2025,17,2025_17_CHI_SF,00-0033307,K.Bourne,WR,SF,CHI,1,1,25,0,20,5,1,1,1,0,0.0303030303030303,0.0790513833992095,0.100790513833992,0,0,0,0,0,0,0,3.5
2025,18,2025_18_SEA_SF,00-0033307,K.Bourne,WR,SF,SEA,1,0,0,0,8,0,0,0,0,0,0.037037037037037,0.062015503875969,0.0989664082687339,0,0,0,0,0,0,0,0
2025,11,2025_11_LAC_JAX,00-0033375,T.Patrick,WR,JAX,LAC,4,3,20,1,25,4,1,0,0,0,0.181818181818182,0.128865979381443,0.362933458294283,0,0,0,0,0,0,0,11
2025,12,2025_12_JAX_ARI,00-0033375,T.Patrick,WR,JAX,ARI,4,0,0,0,67,0,0,0,0,0,0.133333333333333,0.247232472324723,0.373062730627306,0,0,0,0,0,0,0,0
2025,13,2025_13_JAX_TEN,00-0033375,T.Patrick,WR,JAX,TEN,1,1,11,0,11,0,1,0,0,0,0.04,0.0407407407407407,0.0885185185185185,0,0,0,0,0,0,0,2.1
2025,14,2025_14_IND_JAX,00-0033375,T.Patrick,WR,JAX,IND,6,5,78,1,74,11,2,2,2,0,0.193548387096774,0.222222222222222,0.445878136200717,0,0,0,0,0,0,0,18.8
2025,16,2025_16_JAX_DEN,00-0033375,T.Patrick,WR,JAX,DEN,1,1,11,0,5,6,1,0,0,0,0.0285714285714286,0.0177935943060498,0.0553126588713777,0,0,0,0,0,0,0,2.1
2025,17,2025_17_JAX_IND,00-0033375,T.Patrick,WR,JAX,IND,1,0,0,0,13,0,0,0,0,0,0.027027027027027,0.0359116022099448,0.0656786620875019,0,0,0,0,0,0,0,0
2025,18,2025_18_TEN_JAX,00-0033375,T.Patrick,WR,JAX,TEN,1,1,4,0,1,3,0,0,0,0,0.032258064516129,0.00338983050847458,0.0507599781301258,0,0,0,0,0,0,0,1.4
2025,2,2025_02_CLE_BAL,00-0033662,C.Rush,QB,BAL,CLE,0,0,0,0,0,0,0,0,0,0,0,0,0,3,-4,0,0,0,0,0,-0.4
2025,4,2025_04_BAL_KC,00-0033662,C.Rush,QB,BAL,KC,0,0,0,0,0,0,0,0,0,0,0,0,0,0,0,0,0,0,0,0,2.08
2025,5,2025_05_HOU_BAL,00-0033662,C.Rush,QB,BAL,HOU,0,0,0,0,0,0,0,0,0,0,0,0,0,0,0,0,0,0,0,0,1.16
2025,6,2025_06_LA_BAL,00-0033662,C.Rush,QB,BAL,LA,0,0,0,0,0,0,0,0,0,0,0,0,0,1,0,0,0,0,0,0,-1.12
2025,2,2025_02_BUF_NYJ,00-0033869,M.Trubisky,QB,BUF,NYJ,0,0,0,0,0,0,0,0,0,0,0,0,0,3,-3,0,0,0,0,0,0.98
2025,8,2025_08_BUF_CAR,00-0033869,M.Trubisky,QB,BUF,CAR,0,0,0,0,0,0,0,0,0,0,0,0,0,0,0,0,0,0,0,0,0.88
2025,10,2025_10_BUF_MIA,00-0033869,M.Trubisky,QB,BUF,MIA,0,0,0,0,0,0,0,0,0,0,0,0,0,1,4,0,0,0,0,0,0.4
2025,18,2025_18_NYJ_BUF,00-0033869,M.Trubisky,QB,BUF,NYJ,0,0,0,0,0,0,0,0,0,0,0,0,0,5,5,0,0,0,0,0,28.86
2025,5,2025_05_SF_LA,00-0034272,M.Valdes-Scantling,WR,SF,LA,3,1,9,0,28,0,0,0,0,0,0.0625,0.096551724137931,0.161336206896552,0,0,0,0,0,0,0,1.9
2025,6,2025_06_SF_TB,00-0034272,M.Valdes-Scantling,WR,SF,TB,3,2,22,0,36,3,1,1,0,0,0.0810810810810811,0.0952380952380952,0.188288288288288,0,0,0,0,0,0,0,4.2
2025,14,2025_14_PIT_BAL,00-0034272,M.Valdes-Scantling,WR,PIT,BAL,1,0,0,0,4,0,0,0,0,0,0.0303030303030303,0.0188679245283019,0.0586620926243568,0,0,0,0,0,0,0,0
2025,15,2025_15_MIA_PIT,00-0034272,M.Valdes-Scantling,WR,PIT,MIA,1,1,19,1,19,0,1,1,0,0,0.037037037037037,0.206521739130435,0.20012077294686,0,0,0,0,0,0,0,8.9
2025,16,2025_16_PIT_DET,00-0034272,M.Valdes-Scantling,WR,PIT,DET,3,1,6,0,81,0,0,0,0,0,0.0789473684210526,0.241791044776119,0.287674783974863,0,0,0,0,0,0,0,1.6
2025,17,2025_17_PIT_CLE,00-0034272,M.Valdes-Scantling,WR,PIT,CLE,9,3,21,0,85,12,0,0,0,0,0.243243243243243,0.37280701754386,0.625829777145567,0,0,0,0,0,0,0,5.1
2025,18,2025_18_BAL_PIT,00-0034272,M.Valdes-Scantling,WR,PIT,BAL,7,5,34,0,77,12,1,0,0,0,0.159090909090909,0.236923076923077,0.404482517482518,0,0,0,0,0,0,0,8.4
2025,5,2025_05_LV_IND,00-0034365,I.Thomas,TE,LV,IND,3,3,20,0,3,17,1,0,0,0,0.0833333333333333,0.0122950819672131,0.133606557377049,0,0,0,0,0,0,0,5
2025,6,2025_06_TEN_LV,00-0034365,I.Thomas,TE,LV,TEN,1,1,4,0,3,1,0,0,0,0,0.0434782608695652,0.0517241379310345,0.101424287856072,0,0,0,0,0,0,0,1.4
2025,9,2025_09_JAX_LV,00-0034365,I.Thomas,TE,LV,JAX,1,1,9,0,2,7,0,0,0,0,0.0263157894736842,0.0123456790123457,0.0481156595191683,0,0,0,0,0,0,0,1.9
2025,11,2025_11_DAL_LV,00-0034365,I.Thomas,TE,LV,DAL,1,1,20,0,17,3,1,1,1,0,0.0256410256410256,0.0772727272727273,0.0925524475524475,0,0,0,0,0,0,0,3
2025,12,2025_12_CLE_LV,00-0034365,I.Thomas,TE,LV,CLE,4,4,36,0,10,26,1,0,0,0,0.0952380952380952,0.0277008310249307,0.162247724574594,0,0,0,0,0,0,0,7.6
2025,13,2025_13_LV_LAC,00-0034365,I.Thomas,TE,LV,LAC,1,1,8,0,1,7,0,0,0,0,0.0454545454545455,0.0133333333333333,0.0775151515151515,0,0,0,0,0,0,0,1.8
2025,14,2025_14_DEN_LV,00-0034365,I.Thomas,TE,LV,DEN,2,2,17,0,6,11,1,0,0,0,0.0714285714285714,0.0245901639344262,0.124355971896955,0,0,0,0,0,0,0,3.7
2025,2,2025_02_SEA_PIT,00-0034771,M.Rudolph,QB,PIT,SEA,0,0,0,0,0,0,0,0,0,0,0,0,0,0,0,0,0,0,0,0,0.48
2025,6,2025_06_CLE_PIT,00-0034771,M.Rudolph,QB,PIT,CLE,0,0,0,0,0,0,0,0,0,0,0,0,0,3,0,0,0,0,0,0,0
2025,11,2025_11_CIN_PIT,00-0034771,M.Rudolph,QB,PIT,CIN,0,0,0,0,0,0,0,0,0,0,0,0,0,1,-1,0,0,0,0,0,8.98
2025,12,2025_12_PIT_CHI,00-0034771,M.Rudolph,QB,PIT,CHI,0,0,0,0,0,0,0,0,0,0,0,0,0,3,7,0,0,0,0,0,7.54
2025,13,2025_13_BUF_PIT,00-0034771,M.Rudolph,QB,PIT,BUF,0,0,0,0,0,0,0,0,0,0,0,0,0,0,0,0,0,0,0,0,-2
2025,2,2025_02_JAX_CIN,00-0035100,J.Browning,QB,CIN,JAX,0,0,0,0,0,0,0,0,0,0,0,0,0,1,1,1,0,0,0,0,17.74
2025,3,2025_03_CIN_MIN,00-0035100,J.Browning,QB,CIN,MIN,0,0,0,0,0,0,0,0,0,0,0,0,0,1,3,0,0,0,0,0,5.9
2025,4,2025_04_CIN_DEN,00-0035100,J.Browning,QB,CIN,DEN,0,0,0,0,0,0,0,0,0,0,0,0,0,3,4,0,0,0,0,0,5.4
2025,5,2025_05_DET_CIN,00-0035100,J.Browning,QB,CIN,DET,0,0,0,0,0,0,0,0,0,0,0,0,0,4,31,0,2,1,0,0,19.14
2025,12,2025_12_NE_CIN,00-0035100,J.Browning,QB,CIN,NE,0,0,0,0,0,0,0,0,0,0,0,0,0,0,0,0,0,0,0,0,0.56
2025,2,2025_02_TB_HOU,00-0035726,J.Johnson,RB,HOU,TB,0,0,0,0,0,0,0,0,0,0,0,0,0,0,0,0,0,0,0,0,0
2025,3,2025_03_HOU_JAX,00-0035726,J.Johnson,RB,HOU,JAX,0,0,0,0,0,0,0,0,0,0,0,0,0,0,0,0,0,0,0,0,0
2025,11,2025_11_TB_BUF,00-0036187,R.Gilliam,RB,BUF,TB,0,0,0,0,0,0,0,0,0,0,0,0,0,0,0,0,0,0,0,0,0
2025,12,2025_12_BUF_HOU,00-0036187,R.Gilliam,RB,BUF,HOU,1,1,2,0,1,1,0,0,0,0,0.03125,0.0062111801242236,0.0512228260869565,0,0,0,0,0,0,0,1.2
2025,13,2025_13_BUF_PIT,00-0036187,R.Gilliam,RB,BUF,PIT,0,0,0,0,0,0,0,0,0,0,0,0,0,0,0,0,0,0,0,0,0
2025,14,2025_14_CIN_BUF,00-0036187,R.Gilliam,RB,BUF,CIN,0,0,0,0,0,0,0,0,0,0,0,0,0,0,0,0,0,0,0,0,0
2025,15,2025_15_BUF_NE,00-0036187,R.Gilliam,RB,BUF,NE,0,0,0,0,0,0,0,0,0,0,0,0,0,0,0,0,0,0,0,0,0
2025,17,2025_17_PHI_BUF,00-0036187,R.Gilliam,RB,BUF,PHI,0,0,0,0,0,0,0,0,0,0,0,0,0,0,0,0,0,0,0,0,0
2025,18,2025_18_NYJ_BUF,00-0036187,R.Gilliam,RB,BUF,NYJ,1,1,22,0,21,1,1,1,1,0,0.0357142857142857,0.105527638190955,0.127440775305097,2,4,0,0,0,0,0,3.6
2025,2,2025_02_TB_HOU,00-0036232,H.Bryant,TE,HOU,TB,1,0,0,0,14,0,0,0,0,0,0.0434782608695652,0.0717948717948718,0.115473801560758,0,0,0,0,0,0,0,0
2025,5,2025_05_HOU_BAL,00-0036232,H.Bryant,TE,HOU,BAL,2,1,5,0,18,0,0,0,0,0,0.0645161290322581,0.0694980694980695,0.145422842197036,0,0,0,0,0,0,0,1.5
2025,7,2025_07_HOU_SEA,00-0036232,H.Bryant,TE,HOU,SEA,0,0,0,0,0,0,0,0,0,0,0,0,0,0,0,0,0,0,0,0,0
2025,8,2025_08_SF_HOU,00-0036232,H.Bryant,TE,HOU,SF,1,0,0,0,24,0,0,0,0,0,0.0263157894736842,0.0710059171597633,0.0891778262223606,0,0,0,0,0,0,0,0
2025,9,2025_09_DEN_HOU,00-0036232,H.Bryant,TE,HOU,DEN,2,1,2,0,2,0,0,0,0,0,0.0512820512820513,0.00604229607250755,0.0811526841738322,0,0,0,0,0,0,0,1.2
2025,12,2025_12_ATL_NO,00-0036309,D.Mooney,WR,ATL,NO,3,3,74,1,69,5,2,2,1,1,0.15,0.408284023668639,0.510798816568047,0,0,0,0,0,0,0,16.4
2025,13,2025_13_ATL_NYJ,00-0036309,D.Mooney,WR,ATL,NYJ,5,2,25,0,43,13,1,1,0,0,0.161290322580645,0.279220779220779,0.437390029325513,0,0,0,0,0,0,0,4.5
2025,14,2025_14_SEA_ATL,00-0036309,D.Mooney,WR,ATL,SEA,4,1,6,0,40,0,0,0,0,0,0.142857142857143,0.196078431372549,0.351540616246499,0,0,0,0,0,0,0,1.6
2025,15,2025_15_ATL_TB,00-0036309,D.Mooney,WR,ATL,TB,6,3,35,0,83,15,2,1,0,0,0.146341463414634,0.246290801186944,0.391915755952812,0,0,0,0,0,0,0,6.5
2025,16,2025_16_ATL_ARI,00-0036309,D.Mooney,WR,ATL,ARI,2,2,24,0,14,10,1,1,0,0,0.0588235294117647,0.0710659898477157,0.137981487011048,0,0,0,0,0,0,0,4.4
2025,17,2025_17_LA_ATL,00-0036309,D.Mooney,WR,ATL,LA,3,2,35,0,51,6,2,1,1,0,0.15,0.305389221556886,0.43877245508982,0,0,0,0,0,0,0,5.5
2025,18,2025_18_NO_ATL,00-0036309,D.Mooney,WR,ATL,NO,7,3,20,0,89,-3,1,0,0,0,0.233333333333333,0.402714932126697,0.631900452488688,0,0,0,0,0,0,0,5
2025,2,2025_02_CAR_ARI,00-0036332,J.Deguara,TE,ARI,CAR,0,0,0,0,0,0,0,0,0,0,0,0,0,0,0,0,0,0,0,0,0
2025,11,2025_11_SF_ARI,00-0036332,J.Deguara,TE,ARI,SF,0,0,0,0,0,0,0,0,0,0,0,0,0,0,0,0,0,0,0,0,0
2025,12,2025_12_JAX_ARI,00-0036332,J.Deguara,TE,ARI,JAX,1,1,6,0,5,1,0,0,0,0,0.0217391304347826,0.0131233595800525,0.0417950473582107,0,0,0,0,0,0,0,1.6
2025,14,2025_14_LA_ARI,00-0036332,J.Deguara,TE,ARI,LA,1,0,0,0,5,0,0,0,0,0,0.0227272727272727,0.0142045454545455,0.0440340909090909,0,0,0,0,0,0,0,0
2025,16,2025_16_ATL_ARI,00-0036332,J.Deguara,TE,ARI,ATL,1,0,0,0,2,0,0,0,0,0,0.0344827586206897,0.0087719298245614,0.0578644888082275,0,0,0,0,0,0,0,0
2025,17,2025_17_ARI_CIN,00-0036332,J.Deguara,TE,ARI,CIN,0,0,0,0,0,0,0,0,0,0,0,0,0,0,0,0,0,0,0,0,0
2025,18,2025_18_ARI_LA,00-0036332,J.Deguara,TE,ARI,LA,2,2,15,1,11,4,0,0,0,0,0.0714285714285714,0.0438247011952191,0.137820147979511,0,0,0,0,0,0,0,9.5
2025,11,2025_11_HOU_TEN,00-0036415,V.Jefferson,WR,TEN,HOU,7,3,22,1,63,3,1,0,0,0,0.194444444444444,0.235074626865672,0.456218905472637,0,0,0,0,0,0,0,11.2
2025,12,2025_12_SEA_TEN,00-0036415,V.Jefferson,WR,TEN,SEA,1,1,11,0,5,6,1,0,0,0,0.0263157894736842,0.0256410256410256,0.0574224021592443,0,0,0,0,0,0,0,2.1
2025,13,2025_13_JAX_TEN,00-0036415,V.Jefferson,WR,TEN,JAX,4,3,20,0,34,2,1,0,0,0,0.114285714285714,0.137096774193548,0.267396313364055,0,0,0,0,0,0,0,5
2025,14,2025_14_TEN_CLE,00-0036415,V.Jefferson,WR,TEN,CLE,4,2,17,0,31,13,1,0,0,0,0.16,0.17816091954023,0.364712643678161,0,0,0,0,0,0,0,3.7
2025,15,2025_15_TEN_SF,00-0036415,V.Jefferson,WR,TEN,SF,5,1,43,0,118,0,1,1,1,1,0.185185185185185,0.690058479532164,0.760818713450292,0,0,0,0,0,0,0,5.3
2025,16,2025_16_KC_TEN,00-0036415,V.Jefferson,WR,TEN,KC,2,2,24,0,20,4,1,0,0,0,0.0740740740740741,0.122699386503067,0.197000681663258,0,0,0,0,0,0,0,4.4
2025,17,2025_17_NO_TEN,00-0036415,V.Jefferson,WR,TEN,NO,3,3,46,0,40,6,2,1,1,0,0.0857142857142857,0.107238605898123,0.203638452700115,0,0,0,0,0,0,0,7.6
2025,12,2025_12_JAX_ARI,00-0036590,Q.Morris,TE,JAX,ARI,0,0,0,0,0,0,0,0,0,0,0,0,0,0,0,0,0,0,0,0,0
2025,13,2025_13_JAX_TEN,00-0036590,Q.Morris,TE,JAX,TEN,2,1,14,0,9,4,1,0,0,0,0.08,0.0333333333333333,0.143333333333333,0,0,0,0,0,0,0,2.4
2025,14,2025_14_IND_JAX,00-0036590,Q.Morris,TE,JAX,IND,0,0,0,0,0,0,0,0,0,0,0,0,0,0,0,0,0,0,0,0,0
2025,15,2025_15_NYJ_JAX,00-0036590,Q.Morris,TE,JAX,NYJ,2,2,20,0,7,13,1,0,0,0,0.0714285714285714,0.0202312138728324,0.12130470685384,0,0,0,0,0,0,0,4
2025,16,2025_16_JAX_DEN,00-0036590,Q.Morris,TE,JAX,DEN,1,1,5,0,4,1,0,0,0,0,0.0285714285714286,0.0142348754448399,0.0528215556685308,0,0,0,0,0,0,0,1.5
2025,17,2025_17_JAX_IND,00-0036590,Q.Morris,TE,JAX,IND,0,0,0,0,0,0,0,0,0,0,0,0,0,0,0,0,0,0,0,0,0
2025,18,2025_18_TEN_JAX,00-0036590,Q.Morris,TE,JAX,TEN,1,1,5,1,2,3,0,0,0,0,0.032258064516129,0.00677966101694915,0.053132859486058,0,0,0,0,0,0,0,7.5
2025,4,2025_04_CLE_DET,00-0036754,B.Wright,TE,DET,CLE,0,0,0,0,0,0,0,0,0,0,0,0,0,0,0,0,0,0,0,0,0
2025,5,2025_05_DET_CIN,00-0036754,B.Wright,TE,DET,CIN,3,2,9,1,0,5,0,0,0,0,0.130434782608696,0,0.195652173913043,0,0,0,0,0,0,0,8.9
2025,7,2025_07_TB_DET,00-0036754,B.Wright,TE,DET,TB,3,3,23,0,11,12,1,0,0,0,0.107142857142857,0.0700636942675159,0.209758871701547,0,0,0,0,0,0,0,5.3
2025,9,2025_09_MIN_DET,00-0036754,B.Wright,TE,DET,MIN,1,1,11,0,2,9,1,0,0,0,0.0277777777777778,0.00803212851405622,0.047289156626506,0,0,0,0,0,0,0,2.1
2025,10,2025_10_DET_WAS,00-0036754,B.Wright,TE,DET,WAS,1,0,0,0,-6,0,0,0,0,0,0.03125,-0.0346820809248555,0.0225975433526012,0,0,0,0,0,0,0,0
2025,11,2025_11_DET_PHI,00-0036754,B.Wright,TE,DET,PHI,7,2,8,0,3,10,0,0,0,0,0.194444444444444,0.0121951219512195,0.30020325203252,0,0,0,0,0,0,0,2.8
2025,12,2025_12_NYG_DET,00-0036754,B.Wright,TE,DET,NYG,4,3,29,0,9,25,1,1,1,0,0.105263157894737,0.0407239819004525,0.186401524172422,0,0,0,0,0,0,0,5.9
2025,7,2025_07_ATL_SF,00-0036972,M.Jones,QB,SF,ATL,0,0,0,0,0,0,0,0,0,0,0,0,0,5,11,0,0,0,0,0,5.18
2025,8,2025_08_SF_HOU,00-0036972,M.Jones,QB,SF,HOU,0,0,0,0,0,0,0,0,0,0,0,0,0,2,23,0,2,1,0,0,18.02
2025,9,2025_09_SF_NYG,00-0036972,M.Jones,QB,SF,NYG,0,0,0,0,0,0,0,0,0,0,0,0,0,4,4,0,0,0,0,0,15.8
2025,10,2025_10_LA_SF,00-0036972,M.Jones,QB,SF,LA,0,0,0,0,0,0,0,0,0,0,0,0,0,1,3,0,0,0,0,0,23.06
2025,11,2025_11_SF_ARI,00-0036972,M.Jones,QB,SF,ARI,0,0,0,0,0,0,0,0,0,0,0,0,0,3,-3,0,0,0,0,0,-0.3
2025,13,2025_13_SF_CLE,00-0036972,M.Jones,QB,SF,CLE,0,0,0,0,0,0,0,0,0,0,0,0,0,2,2,0,0,0,0,0,0.2
2025,16,2025_16_SF_IND,00-0036972,M.Jones,QB,SF,IND,0,0,0,0,0,0,0,0,0,0,0,0,0,3,-3,0,0,0,0,0,-0.3
2025,4,2025_04_PHI_TB,00-0037086,G.Calcaterra,TE,PHI,TB,2,1,16,0,7,12,1,1,0,0,0.0833333333333333,0.0419161676646707,0.154341317365269,0,0,0,0,0,0,0,2.6
2025,5,2025_05_DEN_PHI,00-0037086,G.Calcaterra,TE,PHI,DEN,2,2,18,0,6,12,1,0,0,0,0.0540540540540541,0.0144230769230769,0.0911772349272349,0,0,0,0,0,0,0,3.8
2025,10,2025_10_PHI_GB,00-0037086,G.Calcaterra,TE,PHI,GB,1,0,0,0,28,0,0,0,0,0,0.0434782608695652,0.122270742358079,0.150806910955003,0,0,0,0,0,0,0,0
2025,12,2025_12_PHI_DAL,00-0037086,G.Calcaterra,TE,PHI,DAL,1,1,8,0,4,4,0,0,0,0,0.0277777777777778,0.0136518771331058,0.0512229806598407,0,0,0,0,0,0,0,1.8
2025,15,2025_15_LV_PHI,00-0037086,G.Calcaterra,TE,PHI,LV,1,1,4,0,4,0,0,0,0,0,0.0555555555555556,0.0303030303030303,0.104545454545455,0,0,0,0,0,0,0,1.4
2025,17,2025_17_PHI_BUF,00-0037086,G.Calcaterra,TE,PHI,BUF,1,1,3,0,3,0,0,0,0,0,0.0454545454545455,0.0116279069767442,0.0763213530655391,0,0,0,0,0,0,0,1.3
2025,18,2025_18_WAS_PHI,00-0037086,G.Calcaterra,TE,PHI,WAS,3,2,21,1,24,3,1,0,0,0,0.0882352941176471,0.0626631853785901,0.176217170941484,0,0,0,0,0,0,0,10.1
2025,3,2025_03_NO_SEA,00-0037093,D.Young,WR,SEA,NO,1,1,12,0,12,0,1,0,0,0,0.05,0.0705882352941176,0.124411764705882,0,0,0,0,0,0,0,2.2
2025,4,2025_04_SEA_ARI,00-0037093,D.Young,WR,SEA,ARI,0,0,0,0,0,0,0,0,0,0,0,0,0,0,0,0,0,0,0,0,0
2025,5,2025_05_TB_SEA,00-0037093,D.Young,WR,SEA,TB,1,1,36,0,36,0,1,1,1,0,0.0294117647058824,0.130909090909091,0.135754010695187,0,0,0,0,0,0,0,4.6
2025,6,2025_06_SEA_JAX,00-0037093,D.Young,WR,SEA,JAX,0,0,0,0,0,0,0,0,0,0,0,0,0,0,0,0,0,0,0,0,0
2025,7,2025_07_HOU_SEA,00-0037093,D.Young,WR,SEA,HOU,0,0,0,0,0,0,0,0,0,0,0,0,0,0,0,0,0,0,0,0,0
2025,16,2025_16_LA_SEA,00-0037093,D.Young,WR,SEA,LA,0,0,0,0,0,0,0,0,0,0,0,0,0,0,0,0,0,0,0,0,0
2025,17,2025_17_SEA_CAR,00-0037093,D.Young,WR,SEA,CAR,1,0,0,0,9,0,0,0,0,0,0.0384615384615385,0.0638297872340426,0.102373158756137,0,0,0,0,0,0,0,0
2025,9,2025_09_ARI_DAL,00-0037157,Z.Knight,RB,ARI,DAL,2,2,20,0,-3,23,1,0,0,0,0.0689655172413793,-0.0120967741935484,0.0949805339265851,9,27,0,1,1,0,0,6.7
2025,10,2025_10_ARI_SEA,00-0037157,Z.Knight,RB,ARI,SEA,4,1,5,0,20,1,0,0,0,0,0.0909090909090909,0.060790273556231,0.178916827852998,10,28,0,1,0,0,0,4.3
2025,11,2025_11_SF_ARI,00-0037157,Z.Knight,RB,ARI,SF,4,4,21,0,-3,24,1,0,0,0,0.0714285714285714,-0.0077319587628866,0.101730486008837,5,24,1,0,0,0,0,14.5
2025,12,2025_12_JAX_ARI,00-0037157,Z.Knight,RB,ARI,JAX,5,4,20,0,-13,28,1,0,0,0,0.108695652173913,-0.0341207349081365,0.139158963825174,10,12,1,0,0,0,0,13.2
2025,13,2025_13_ARI_TB,00-0037157,Z.Knight,RB,ARI,TB,3,3,36,1,12,24,2,0,0,0,0.0810810810810811,0.041522491349481,0.150687365566258,11,62,0,2,2,0,0,16.8
2025,14,2025_14_LA_ARI,00-0037157,Z.Knight,RB,ARI,LA,6,3,18,0,20,14,0,0,0,0,0.136363636363636,0.0568181818181818,0.244318181818182,7,16,0,0,0,0,0,6.4
2025,15,2025_15_ARI_HOU,00-0037157,Z.Knight,RB,ARI,HOU,0,0,0,0,0,0,0,0,0,0,0,0,0,1,-2,0,0,0,0,0,-0.2
2025,2,2025_02_CLE_BAL,00-0037340,Z.Mitchell-Paden,TE,BAL,CLE,1,0,0,0,1,0,0,0,0,0,0.0357142857142857,0.00366300366300366,0.0561355311355311,0,0,0,0,0,0,0,0
2025,5,2025_05_HOU_BAL,00-0037340,Z.Mitchell-Paden,TE,BAL,HOU,1,1,3,0,3,0,0,0,0,0,0.05,0.0184049079754601,0.0878834355828221,0,0,0,0,0,0,0,1.3
2025,10,2025_10_NO_CAR,00-0037340,Z.Mitchell-Paden,TE,NO,CAR,1,1,14,0,9,5,1,0,0,0,0.0384615384615385,0.03515625,0.0823016826923077,0,0,0,0,0,0,0,2.4
2025,2,2025_02_CHI_DET,00-0038416,T.Bagent,QB,CHI,DET,0,0,0,0,0,0,0,0,0,0,0,0,0,2,7,0,0,0,0,0,1.78
2025,9,2025_09_CHI_CIN,00-0038416,T.Bagent,QB,CHI,CIN,0,0,0,0,0,0,0,0,0,0,0,0,0,0,0,0,0,0,0,0,0.8
2025,2,2025_02_WAS_GB,00-0038465,M.Heath,WR,GB,WAS,1,1,37,0,37,0,1,1,1,0,0.037037037037037,0.0906862745098039,0.119035947712418,0,0,0,0,0,0,0,4.7
2025,3,2025_03_GB_CLE,00-0038465,M.Heath,WR,GB,CLE,0,0,0,0,0,0,0,0,0,0,0,0,0,0,0,0,0,0,0,0,0
2025,4,2025_04_GB_DAL,00-0038465,M.Heath,WR,GB,DAL,1,1,9,0,8,1,0,0,0,0,0.0277777777777778,0.0313725490196078,0.0636274509803922,0,0,0,0,0,0,0,1.9
2025,7,2025_07_GB_ARI,00-0038465,M.Heath,WR,GB,ARI,0,0,0,0,0,0,0,0,0,0,0,0,0,0,0,0,0,0,0,0,0
2025,8,2025_08_GB_PIT,00-0038465,M.Heath,WR,GB,PIT,3,3,29,0,7,22,1,0,0,0,0.0857142857142857,0.0360824742268041,0.153829160530191,0,0,0,0,0,0,0,5.9
2025,9,2025_09_CAR_GB,00-0038465,M.Heath,WR,GB,CAR,1,1,11,0,5,6,1,0,0,0,0.0285714285714286,0.0153846153846154,0.0536263736263736,0,0,0,0,0,0,0,2.1
2025,13,2025_13_GB_DET,00-0038465,M.Heath,WR,GB,DET,1,0,0,0,8,0,0,0,0,0,0.0344827586206897,0.0233236151603499,0.0680506685432794,0,0,0,0,0,0,0,0
2025,11,2025_11_CIN_PIT,00-0038558,D.Washington,TE,PIT,CIN,5,4,67,0,14,58,3,2,1,0,0.172413793103448,0.105263157894737,0.332304900181488,0,0,0,0,0,0,0,10.7
2025,12,2025_12_PIT_CHI,00-0038558,D.Washington,TE,PIT,CHI,2,2,22,0,8,14,1,0,0,0,0.0645161290322581,0.0408163265306122,0.125345622119816,0,0,0,0,0,0,0,4.2
2025,13,2025_13_BUF_PIT,00-0038558,D.Washington,TE,PIT,BUF,4,2,45,0,47,25,2,2,1,0,0.181818181818182,0.388429752066116,0.544628099173554,0,0,0,0,0,0,0,6.5
2025,14,2025_14_PIT_BAL,00-0038558,D.Washington,TE,PIT,BAL,1,1,12,0,4,8,1,0,0,0,0.0303030303030303,0.0188679245283019,0.0586620926243568,0,0,0,0,0,0,0,2.2
2025,15,2025_15_MIA_PIT,00-0038558,D.Washington,TE,PIT,MIA,4,3,25,0,0,26,2,0,0,0,0.148148148148148,0,0.222222222222222,0,0,0,0,0,0,0,5.5
2025,16,2025_16_PIT_DET,00-0038558,D.Washington,TE,PIT,DET,4,3,36,0,17,21,2,1,0,0,0.105263157894737,0.0507462686567164,0.193417124901807,0,0,0,0,0,0,0,4.6
2025,17,2025_17_PIT_CLE,00-0038558,D.Washington,TE,PIT,CLE,2,2,15,0,4,11,1,0,0,0,0.0540540540540541,0.0175438596491228,0.093361782835467,0,0,0,0,0,0,0,3.5
2025,12,2025_12_NE_CIN,00-0038619,A.Iosivas,WR,CIN,NE,7,4,61,0,120,7,4,2,0,0,0.205882352941176,0.357142857142857,0.558823529411765,1,5,0,0,0,0,0,10.6
2025,13,2025_13_CIN_BAL,00-0038619,A.Iosivas,WR,CIN,BAL,2,1,29,1,28,3,1,1,1,0,0.0454545454545455,0.0736842105263158,0.119760765550239,0,0,0,0,0,0,0,9.9
2025,14,2025_14_CIN_BUF,00-0038619,A.Iosivas,WR,CIN,BUF,3,2,17,0,19,7,1,0,0,0,0.0833333333333333,0.0577507598784195,0.165425531914894,0,0,0,0,0,0,0,3.7
2025,15,2025_15_BAL_CIN,00-0038619,A.Iosivas,WR,CIN,BAL,1,0,0,0,29,0,0,0,0,0,0.0277777777777778,0.102112676056338,0.113145539906103,0,0,0,0,0,0,0,0
2025,16,2025_16_CIN_MIA,00-0038619,A.Iosivas,WR,CIN,MIA,1,1,21,0,13,8,1,1,1,0,0.032258064516129,0.0698924731182796,0.0973118279569892,0,0,0,0,0,0,0,3.1
2025,17,2025_17_ARI_CIN,00-0038619,A.Iosivas,WR,CIN,ARI,6,4,41,0,69,9,3,0,0,0,0.181818181818182,0.257462686567164,0.452951153324288,0,0,0,0,0,0,0,8.1
2025,18,2025_18_CLE_CIN,00-0038619,A.Iosivas,WR,CIN,CLE,3,2,10,0,11,1,0,0,0,0,0.0789473684210526,0.0569948186528497,0.158317425688574,0,0,0,0,0,0,0,3
2025,2,2025_02_SF_NO,00-0038643,B.Willis,TE,SF,NO,1,0,0,0,2,0,0,0,0,0,0.0263157894736842,0.0078740157480315,0.0449854952341484,0,0,0,0,0,0,0,0
2025,3,2025_03_ARI_SF,00-0038643,B.Willis,TE,SF,ARI,0,0,0,0,0,0,0,0,0,0,0,0,0,0,0,0,0,0,0,0,0
2025,4,2025_04_JAX_SF,00-0038643,B.Willis,TE,SF,JAX,0,0,0,0,0,0,0,0,0,0,0,0,0,0,0,0,0,0,0,0,0
2025,5,2025_05_SF_LA,00-0038643,B.Willis,TE,SF,LA,0,0,0,0,0,0,0,0,0,0,0,0,0,0,0,0,0,0,0,0,0
2025,6,2025_06_SF_TB,00-0038643,B.Willis,TE,SF,TB,0,0,0,0,0,0,0,0,0,0,0,0,0,0,0,0,0,0,0,0,0
2025,17,2025_17_CHI_SF,00-0038643,B.Willis,TE,SF,CHI,0,0,0,0,0,0,0,0,0,0,0,0,0,0,0,0,0,0,0,0,0
2025,2,2025_02_LA_TEN,00-0038678,J.Mims,RB,TEN,LA,0,0,0,0,0,0,0,0,0,0,0,0,0,0,0,0,0,0,0,0,0
2025,6,2025_06_BUF_ATL,00-0038679,T.Shavers,WR,BUF,ATL,5,3,27,0,66,5,1,0,0,0,0.192307692307692,0.229965156794425,0.449437148217636,0,0,0,0,0,0,0,5.7
2025,9,2025_09_KC_BUF,00-0038679,T.Shavers,WR,BUF,KC,1,1,7,0,0,7,0,0,0,0,0.04,0,0.06,0,0,0,0,0,0,0,1.7
2025,10,2025_10_BUF_MIA,00-0038679,T.Shavers,WR,BUF,MIA,1,1,24,0,14,10,1,1,1,0,0.0256410256410256,0.0346534653465347,0.0627189642041127,0,0,0,0,0,0,0,3.4
2025,11,2025_11_TB_BUF,00-0038679,T.Shavers,WR,BUF,TB,5,4,90,1,86,17,3,3,3,1,0.166666666666667,0.248554913294798,0.423988439306358,0,0,0,0,0,0,0,19
2025,14,2025_14_CIN_BUF,00-0038679,T.Shavers,WR,BUF,CIN,1,1,16,0,16,0,1,1,0,0,0.037037037037037,0.124031007751938,0.142377260981912,0,0,0,0,0,0,0,2.6
2025,16,2025_16_BUF_CLE,00-0038679,T.Shavers,WR,BUF,CLE,2,1,21,0,33,10,1,1,1,0,0.111111111111111,0.272727272727273,0.357575757575758,0,0,0,0,0,0,0,3.1
2025,17,2025_17_PHI_BUF,00-0038679,T.Shavers,WR,BUF,PHI,3,2,36,0,32,-1,1,1,1,0,0.0909090909090909,0.127490039840637,0.225606664252083,0,0,0,0,0,0,0,5.6
2025,11,2025_11_DAL_LV,00-0038738,H.Luepke,RB,DAL,LV,3,3,36,0,10,26,2,0,0,0,0.09375,0.0431034482758621,0.170797413793103,1,5,0,0,0,0,0,7.1
2025,12,2025_12_PHI_DAL,00-0038738,H.Luepke,RB,DAL,PHI,1,1,7,0,-6,13,0,0,0,0,0.0285714285714286,-0.0163934426229508,0.0313817330210773,0,0,0,0,0,0,0,1.7
2025,14,2025_14_DAL_DET,00-0038738,H.Luepke,RB,DAL,DET,0,0,0,0,0,0,0,0,0,0,0,0,0,0,0,0,0,0,0,0,0
2025,15,2025_15_MIN_DAL,00-0038738,H.Luepke,RB,DAL,MIN,2,2,14,0,0,14,1,0,0,0,0.0571428571428571,0,0.0857142857142857,3,16,0,0,0,0,0,5
2025,16,2025_16_LAC_DAL,00-0038738,H.Luepke,RB,DAL,LAC,2,1,14,0,3,13,1,0,0,0,0.0625,0.00961538461538462,0.100480769230769,1,0,0,0,0,0,0,2.4
2025,17,2025_17_DAL_WAS,00-0038738,H.Luepke,RB,DAL,WAS,1,1,14,0,6,8,1,0,0,0,0.0277777777777778,0.0157068062827225,0.0526614310645724,7,30,0,0,0,0,0,5.4
2025,18,2025_18_DAL_NYG,00-0038738,H.Luepke,RB,DAL,NYG,1,1,4,0,-6,10,0,0,0,0,0.0434782608695652,-0.0337078651685393,0.0416218856863703,2,12,0,0,0,0,0,2.6
2025,3,2025_03_CIN_MIN,00-0038839,M.Tinsley,WR,CIN,MIN,1,0,0,0,0,0,0,0,0,0,0.0384615384615385,0,0.0576923076923077,0,0,0,0,0,0,0,0
2025,4,2025_04_CIN_DEN,00-0038839,M.Tinsley,WR,CIN,DEN,2,1,9,0,27,5,0,0,0,0,0.0909090909090909,0.135,0.230863636363636,0,0,0,0,0,0,0,1.9
2025,9,2025_09_CHI_CIN,00-0038839,M.Tinsley,WR,CIN,CHI,2,1,27,0,49,2,1,1,1,0,0.0444444444444444,0.114754098360656,0.146994535519126,0,0,0,0,0,0,0,3.7
2025,12,2025_12_NE_CIN,00-0038839,M.Tinsley,WR,CIN,NE,6,2,29,1,93,0,2,1,0,0,0.176470588235294,0.276785714285714,0.458455882352941,0,0,0,0,0,0,0,10.9
2025,13,2025_13_CIN_BAL,00-0038839,M.Tinsley,WR,CIN,BAL,9,2,22,0,125,9,1,0,0,0,0.204545454545455,0.328947368421053,0.537081339712919,0,0,0,0,0,0,0,4.2
2025,15,2025_15_BAL_CIN,00-0038839,M.Tinsley,WR,CIN,BAL,2,1,16,0,23,0,1,1,0,0,0.0555555555555556,0.0809859154929578,0.140023474178404,0,0,0,0,0,0,0,2.6
2025,16,2025_16_CIN_MIA,00-0038839,M.Tinsley,WR,CIN,MIA,1,0,0,0,24,0,0,0,0,0,0.032258064516129,0.129032258064516,0.138709677419355,0,0,0,0,0,0,0,0
2025,2,2025_02_CHI_DET,00-0039021,R.Johnson,RB,CHI,DET,0,0,0,0,0,0,0,0,0,0,0,0,0,0,0,0,0,0,0,0,0
2025,3,2025_03_DAL_CHI,00-0039021,R.Johnson,RB,CHI,DAL,0,0,0,0,0,0,0,0,0,0,0,0,0,0,0,0,0,0,0,0,0
2025,4,2025_04_CHI_LV,00-0039021,R.Johnson,RB,CHI,LV,0,0,0,0,0,0,0,0,0,0,0,0,0,0,0,0,0,0,0,0,0
2025,6,2025_06_CHI_WAS,00-0039021,R.Johnson,RB,CHI,WAS,0,0,0,0,0,0,0,0,0,0,0,0,0,1,6,0,0,0,0,0,0.6
2025,7,2025_07_NO_CHI,00-0039021,R.Johnson,RB,CHI,NO,0,0,0,0,0,0,0,0,0,0,0,0,0,1,11,0,1,0,0,0,1.1
2025,11,2025_11_CHI_MIN,00-0039021,R.Johnson,RB,CHI,MIN,0,0,0,0,0,0,0,0,0,0,0,0,0,0,0,0,0,0,0,0,0
2025,11,2025_11_DAL_LV,00-0039410,R.Flournoy,WR,DAL,LV,1,1,2,1,2,0,0,0,0,0,0.03125,0.00862068965517241,0.0529094827586207,0,0,0,0,0,0,0,7.2
2025,12,2025_12_PHI_DAL,00-0039410,R.Flournoy,WR,DAL,PHI,1,0,0,0,21,0,0,0,0,0,0.0285714285714286,0.0573770491803279,0.0830210772833724,0,0,0,0,0,0,0,0
2025,13,2025_13_KC_DAL,00-0039410,R.Flournoy,WR,DAL,KC,3,3,34,0,21,13,2,1,0,0,0.0810810810810811,0.0817120622568093,0.178820065201388,0,0,0,0,0,0,0,6.4
2025,14,2025_14_DAL_DET,00-0039410,R.Flournoy,WR,DAL,DET,13,9,115,1,161,30,5,3,2,1,0.276595744680851,0.323943661971831,0.641654180401558,0,0,0,0,0,0,0,26.5
2025,15,2025_15_MIN_DAL,00-0039410,R.Flournoy,WR,DAL,MIN,5,4,40,0,37,39,2,1,0,0,0.142857142857143,0.134057971014493,0.308126293995859,0,0,0,0,0,0,0,8
2025,16,2025_16_LAC_DAL,00-0039410,R.Flournoy,WR,DAL,LAC,2,2,18,1,14,4,1,0,0,0,0.0625,0.0448717948717949,0.125160256410256,0,0,0,0,0,0,0,9.8
2025,18,2025_18_DAL_NYG,00-0039410,R.Flournoy,WR,DAL,NYG,7,5,68,0,47,39,3,1,1,0,0.304347826086957,0.264044943820225,0.641353199804592,0,0,0,0,0,0,0,11.8
2025,12,2025_12_NYJ_BAL,00-0039451,I.Williams,WR,NYJ,BAL,0,0,0,0,0,0,0,0,0,0,0,0,0,0,0,0,0,0,0,0,0
2025,13,2025_13_ATL_NYJ,00-0039451,I.Williams,WR,NYJ,ATL,1,0,0,0,7,0,0,0,0,0,0.032258064516129,0.0219435736677116,0.0637475983415917,0,0,0,0,0,0,0,0
2025,14,2025_14_MIA_NYJ,00-0039451,I.Williams,WR,NYJ,MIA,3,2,24,0,16,13,1,0,0,0,0.09375,0.055363321799308,0.179379325259516,0,0,0,0,0,0,0,10.4
2025,15,2025_15_NYJ_JAX,00-0039451,I.Williams,WR,NYJ,JAX,7,6,53,0,40,17,3,1,1,0,0.21875,0.187793427230047,0.459580399061033,0,0,0,0,0,0,0,11.3
2025,16,2025_16_NYJ_NO,00-0039451,I.Williams,WR,NYJ,NO,4,4,25,0,-8,33,1,0,0,0,0.117647058823529,-0.049079754601227,0.142114760014435,0,0,0,0,0,0,0,6.5
2025,17,2025_17_NE_NYJ,00-0039451,I.Williams,WR,NYJ,NE,5,4,30,0,15,19,1,0,0,0,0.15625,0.1,0.304375,1,5,0,0,0,0,0,7.5
2025,18,2025_18_NYJ_BUF,00-0039451,I.Williams,WR,NYJ,BUF,7,5,24,0,29,5,1,0,0,0,0.318181818181818,0.397260273972603,0.755354919053549,0,0,0,0,0,0,0,7.4
2025,7,2025_07_PIT_CIN,00-0039739,R.Wilson,WR,PIT,CIN,2,2,17,0,0,17,1,0,0,0,0.0606060606060606,0,0.0909090909090909,0,0,0,0,0,0,0,3.7
2025,8,2025_08_GB_PIT,00-0039739,R.Wilson,WR,PIT,GB,5,4,74,1,92,3,2,2,2,1,0.15625,0.383333333333333,0.502708333333333,0,0,0,0,0,0,0,17.4
2025,9,2025_09_IND_PIT,00-0039739,R.Wilson,WR,PIT,IND,2,1,4,0,-6,5,0,0,0,0,0.0571428571428571,-0.058252427184466,0.0449375866851595,0,0,0,0,0,0,0,-0.6
2025,10,2025_10_PIT_LAC,00-0039739,R.Wilson,WR,PIT,LAC,3,2,35,1,30,32,1,1,1,0,0.107142857142857,0.119521912350598,0.244379624359704,0,0,0,0,0,0,0,11.5
2025,11,2025_11_CIN_PIT,00-0039739,R.Wilson,WR,PIT,CIN,2,1,17,0,20,2,1,1,0,0,0.0689655172413793,0.150375939849624,0.208711433756806,0,0,0,0,0,0,0,2.7
2025,12,2025_12_PIT_CHI,00-0039739,R.Wilson,WR,PIT,CHI,3,0,0,0,89,0,0,0,0,0,0.0967741935483871,0.454081632653061,0.463018433179724,0,0,0,0,0,0,0,0
2025,13,2025_13_BUF_PIT,00-0039739,R.Wilson,WR,PIT,BUF,1,0,0,0,24,0,0,0,0,0,0.0454545454545455,0.198347107438017,0.20702479338843,0,0,0,0,0,0,0,0
2025,3,2025_03_DET_BAL,00-0039792,D.Walker,WR,BAL,DET,1,1,34,0,32,2,1,1,1,0,0.0357142857142857,0.112676056338028,0.132444668008048,0,0,0,0,0,0,0,4.4
2025,4,2025_04_BAL_KC,00-0039792,D.Walker,WR,BAL,KC,0,0,0,0,0,0,0,0,0,0,0,0,0,0,0,0,0,0,0,0,0
2025,5,2025_05_HOU_BAL,00-0039792,D.Walker,WR,BAL,HOU,0,0,0,0,0,0,0,0,0,0,0,0,0,0,0,0,0,0,0,0,0
2025,12,2025_12_NYJ_BAL,00-0039792,D.Walker,WR,BAL,NYJ,1,1,30,0,30,0,1,1,1,0,0.05,0.133928571428571,0.16875,0,0,0,0,0,0,0,4
2025,13,2025_13_CIN_BAL,00-0039792,D.Walker,WR,BAL,CIN,2,0,0,0,83,0,0,0,0,0,0.0666666666666667,0.217847769028871,0.25249343832021,0,0,0,0,0,0,0,0
2025,16,2025_16_NE_BAL,00-0039792,D.Walker,WR,BAL,NE,0,0,0,0,0,0,0,0,0,0,0,0,0,0,0,0,0,0,0,0,0
2025,18,2025_18_BAL_PIT,00-0039792,D.Walker,WR,BAL,PIT,2,2,46,1,25,21,1,1,1,0,0.117647058823529,0.141242937853107,0.275340644732469,0,0,0,0,0,0,0,12.6
2025,8,2025_08_WAS_KC,00-0039912,B.Sinnott,TE,WAS,KC,1,1,22,0,2,20,1,1,1,0,0.0333333333333333,0.0123456790123457,0.058641975308642,0,0,0,0,0,0,0,3.2
2025,10,2025_10_DET_WAS,00-0039912,B.Sinnott,TE,WAS,DET,1,1,4,1,2,2,0,0,0,0,0.0454545454545455,0.00694444444444444,0.0730429292929293,0,0,0,0,0,0,0,7.4
2025,14,2025_14_WAS_MIN,00-0039912,B.Sinnott,TE,WAS,MIN,1,1,8,0,0,8,0,0,0,0,0.05,0,0.075,0,0,0,0,0,0,0,1.8
2025,15,2025_15_WAS_NYG,00-0039912,B.Sinnott,TE,WAS,NYG,1,1,36,0,22,14,1,1,1,0,0.0625,0.0849420849420849,0.153209459459459,0,0,0,0,0,0,0,4.6
2025,16,2025_16_PHI_WAS,00-0039912,B.Sinnott,TE,WAS,PHI,2,1,5,0,26,4,0,0,0,0,0.1,0.152046783625731,0.256432748538012,0,0,0,0,0,0,0,1.5
2025,17,2025_17_DAL_WAS,00-0039912,B.Sinnott,TE,WAS,DAL,4,3,29,0,47,12,1,0,0,0,0.19047619047619,0.281437125748503,0.482720273738238,0,0,0,0,0,0,0,5.9
2025,18,2025_18_WAS_PHI,00-0039912,B.Sinnott,TE,WAS,PHI,2,2,3,0,0,3,0,0,0,0,0.105263157894737,0,0.157894736842105,0,0,0,0,0,0,0,2.3
2025,9,2025_09_DEN_HOU,00-0040134,P.Bryant,WR,DEN,HOU,3,2,20,0,57,2,1,0,0,0,0.0882352941176471,0.129251700680272,0.222829131652661,0,0,0,0,0,0,0,4
2025,10,2025_10_LV_DEN,00-0040134,P.Bryant,WR,DEN,LV,2,1,43,0,22,24,1,1,1,1,0.0740740740740741,0.0890688259109312,0.173459289248763,0,0,0,0,0,0,0,5.3
2025,11,2025_11_KC_DEN,00-0040134,P.Bryant,WR,DEN,KC,6,5,82,0,57,32,2,1,1,1,0.166666666666667,0.178683385579937,0.375078369905956,0,0,0,0,0,0,0,13.2
2025,13,2025_13_DEN_WAS,00-0040134,P.Bryant,WR,DEN,WAS,7,3,42,0,66,18,2,2,1,0,0.162790697674419,0.349206349206349,0.488630490956072,0,0,0,0,0,0,0,7.2
2025,14,2025_14_DEN_LV,00-0040134,P.Bryant,WR,DEN,LV,4,4,32,0,20,12,2,0,0,0,0.111111111111111,0.0925925925925926,0.231481481481481,0,0,0,0,0,0,0,7.2
2025,16,2025_16_JAX_DEN,00-0040134,P.Bryant,WR,DEN,JAX,8,5,42,0,67,17,2,0,0,0,0.173913043478261,0.149220489977728,0.365323908201801,0,0,0,0,0,0,0,9.2
2025,18,2025_18_LAC_DEN,00-0040134,P.Bryant,WR,DEN,LAC,5,4,31,0,19,17,1,0,0,0,0.217391304347826,0.730769230769231,0.837625418060201,0,0,0,0,0,0,0,7.1
2025,11,2025_11_CAR_ATL,00-0040187,M.Evans,TE,CAR,ATL,2,2,28,0,19,9,1,1,1,0,0.0454545454545455,0.0683453237410072,0.116023544800523,0,0,0,0,0,0,0,4.8
2025,12,2025_12_CAR_SF,00-0040187,M.Evans,TE,CAR,SF,1,0,0,0,1,0,0,0,0,0,0.037037037037037,0.00584795321637427,0.0596491228070175,0,0,0,0,0,0,0,0
2025,13,2025_13_LA_CAR,00-0040187,M.Evans,TE,CAR,LA,3,3,20,0,-3,23,0,0,0,0,0.15,-0.0193548387096774,0.211451612903226,0,0,0,0,0,0,0,5
2025,15,2025_15_CAR_NO,00-0040187,M.Evans,TE,CAR,NO,0,0,0,0,0,0,0,0,0,0,0,0,0,0,0,0,0,0,0,0,0
2025,16,2025_16_TB_CAR,00-0040187,M.Evans,TE,CAR,TB,3,3,23,0,14,9,1,0,0,0,0.0967741935483871,0.0546875,0.183442540322581,0,0,0,0,0,0,0,5.3
2025,17,2025_17_SEA_CAR,00-0040187,M.Evans,TE,CAR,SEA,2,1,5,0,2,6,0,0,0,0,0.0952380952380952,0.0465116279069768,0.175415282392027,1,1,0,0,0,0,0,1.6
2025,18,2025_18_CAR_TB,00-0040187,M.Evans,TE,CAR,TB,2,1,5,0,1,10,0,0,0,0,0.0666666666666667,0.00395256916996047,0.102766798418972,0,0,0,0,0,0,0,1.5
2025,2,2025_02_NYG_DAL,00-0040432,B.Collins,WR,NYG,DAL,0,0,0,0,0,0,0,0,0,0,0,0,0,0,0,0,0,0,0,0,0
2025,5,2025_05_NYG_NO,00-0040432,B.Collins,WR,NYG,NO,3,1,7,0,14,2,0,0,0,0,0.0769230769230769,0.0426829268292683,0.145262664165103,0,0,0,0,0,0,0,1.7
2025,7,2025_07_NYG_DEN,00-0040432,B.Collins,WR,NYG,DEN,1,0,0,0,37,0,0,0,0,0,0.0303030303030303,0.108187134502924,0.121185539606592,0,0,0,0,0,0,0,0
2025,8,2025_08_NYG_PHI,00-0040432,B.Collins,WR,NYG,PHI,2,1,18,0,22,4,1,1,0,0,0.0909090909090909,0.0936170212765957,0.201895551257253,0,0,0,0,0,0,0,2.8
2025,2,2025_02_ATL_MIN,00-0040509,B.Yurosek,TE,MIN,ATL,0,0,0,0,0,0,0,0,0,0,0,0,0,0,0,0,0,0,0,0,0
2025,3,2025_03_CIN_MIN,00-0040509,B.Yurosek,TE,MIN,CIN,0,0,0,0,0,0,0,0,0,0,0,0,0,0,0,0,0,0,0,0,0
2025,8,2025_08_MIN_LAC,00-0040509,B.Yurosek,TE,MIN,LAC,2,1,5,0,6,5,0,0,0,0,0.0666666666666667,0.0555555555555556,0.138888888888889,0,0,0,0,0,0,0,1.5
2025,9,2025_09_MIN_DET,00-0040509,B.Yurosek,TE,MIN,DET,0,0,0,0,0,0,0,0,0,0,0,0,0,0,0,0,0,0,0,0,0
2025,10,2025_10_BAL_MIN,00-0040509,B.Yurosek,TE,MIN,BAL,0,0,0,0,0,0,0,0,0,0,0,0,0,0,0,0,0,0,0,0,0
2025,18,2025_18_GB_MIN,00-0040509,B.Yurosek,TE,MIN,GB,1,1,9,0,5,4,0,0,0,0,0.0333333333333333,0.0252525252525253,0.0676767676767677,0,0,0,0,0,0,0,1.9
2025,2,2025_02_SEA_PIT,00-0040649,R.Ouzts,RB,SEA,PIT,0,0,0,0,0,0,0,0,0,0,0,0,0,0,0,0,0,0,0,0,0
2025,9,2025_09_SEA_WAS,00-0040649,R.Ouzts,RB,SEA,WAS,0,0,0,0,0,0,0,0,0,0,0,0,0,0,0,0,0,0,0,0,0
2025,10,2025_10_ARI_SEA,00-0040649,R.Ouzts,RB,SEA,ARI,0,0,0,0,0,0,0,0,0,0,0,0,0,0,0,0,0,0,0,0,0
2025,14,2025_14_SEA_ATL,00-0040649,R.Ouzts,RB,SEA,ATL,0,0,0,0,0,0,0,0,0,0,0,0,0,0,0,0,0,0,0,0,0
2025,9,2025_09_SF_NYG,00-0040691,J.Dart,QB,NYG,SF,0,0,0,0,0,0,0,0,0,0,0,0,0,8,56,1,2,1,0,0,27.24
2025,10,2025_10_NYG_CHI,00-0040691,J.Dart,QB,NYG,CHI,0,0,0,0,0,0,0,0,0,0,0,0,0,6,66,2,3,2,1,0,26.28
2025,13,2025_13_NYG_NE,00-0040691,J.Dart,QB,NYG,NE,0,0,0,0,0,0,0,0,0,0,0,0,0,4,20,0,1,1,0,0,13.56
2025,15,2025_15_WAS_NYG,00-0040691,J.Dart,QB,NYG,WAS,0,0,0,0,0,0,0,0,0,0,0,0,0,9,63,0,1,1,1,0,22.14
2025,16,2025_16_MIN_NYG,00-0040691,J.Dart,QB,NYG,MIN,0,0,0,0,0,0,0,0,0,0,0,0,0,2,7,0,0,0,0,0,0.0200000000000001
2025,17,2025_17_NYG_LV,00-0040691,J.Dart,QB,NYG,LV,0,0,0,0,0,0,0,0,0,0,0,0,0,9,48,2,3,2,0,0,25.08
2025,18,2025_18_DAL_NYG,00-0040691,J.Dart,QB,NYG,DAL,0,0,0,0,0,0,0,0,0,0,0,0,0,5,32,0,1,1,0,0,20.4
2025,6,2025_06_CLE_PIT,00-0040704,D.Gabriel,QB,CLE,PIT,0,0,0,0,0,0,0,0,0,0,0,0,0,0,0,0,0,0,0,0,8.84
2025,7,2025_07_MIA_CLE,00-0040704,D.Gabriel,QB,CLE,MIA,0,0,0,0,0,0,0,0,0,0,0,0,0,4,12,0,0,0,0,0,5.84
2025,8,2025_08_CLE_NE,00-0040704,D.Gabriel,QB,CLE,NE,0,0,0,0,0,0,0,0,0,0,0,0,0,1,13,0,1,1,0,0,11.54
2025,10,2025_10_CLE_NYJ,00-0040704,D.Gabriel,QB,CLE,NYJ,0,0,0,0,0,0,0,0,0,0,0,0,0,5,54,0,2,2,0,0,20.08
2025,11,2025_11_BAL_CLE,00-0040704,D.Gabriel,QB,CLE,BAL,0,0,0,0,0,0,0,0,0,0,0,0,0,2,2,0,0,0,0,0,2.92
2025,13,2025_13_SF_CLE,00-0040704,D.Gabriel,QB,CLE,SF,0,0,0,0,0,0,0,0,0,0,0,0,0,0,0,0,0,0,0,0,0
2025,16,2025_16_BUF_CLE,00-0040704,D.Gabriel,QB,CLE,BUF,0,0,0,0,0,0,0,0,0,0,0,0,0,0,0,0,0,0,0,0,0
2025,10,2025_10_CLE_NYJ,00-0040784,Q.Judkins,RB,CLE,NYJ,3,2,10,0,3,8,0,0,0,0,0.09375,0.015,0.151125,22,75,0,2,0,0,0,10.5
2025,11,2025_11_BAL_CLE,00-0040784,Q.Judkins,RB,CLE,BAL,2,0,0,0,-10,0,0,0,0,0,0.08,-0.0602409638554217,0.0778313253012048,17,59,0,3,3,0,0,5.9
2025,12,2025_12_CLE_LV,00-0040784,Q.Judkins,RB,CLE,LV,0,0,0,0,0,0,0,0,0,0,0,0,0,16,47,2,1,0,0,0,16.7
2025,13,2025_13_SF_CLE,00-0040784,Q.Judkins,RB,CLE,SF,3,3,18,0,-8,26,1,0,0,0,0.130434782608696,-0.046242774566474,0.163282231716512,23,91,0,1,1,0,0,15.9
2025,14,2025_14_TEN_CLE,00-0040784,Q.Judkins,RB,CLE,TEN,3,1,58,0,3,62,1,1,1,1,0.0789473684210526,0.00983606557377049,0.125306298533218,14,26,0,1,1,0,0,9.4
2025,15,2025_15_CLE_CHI,00-0040784,Q.Judkins,RB,CLE,CHI,4,3,-4,0,-7,6,0,0,0,0,0.129032258064516,-0.0231023102310231,0.177376769935058,12,21,0,0,0,0,0,4.7
2025,16,2025_16_BUF_CLE,00-0040784,Q.Judkins,RB,CLE,BUF,6,5,29,0,-1,32,1,1,0,0,0.222222222222222,-0.0144927536231884,0.323188405797101,8,22,0,0,0,0,0,10.1
2025,3,2025_03_ATL_CAR,00-0027973,A.Dalton,QB,CAR,ATL,0,0,0,0,0,0,0,0,0,0,0,0,0,1,-1,0,0,0,0,0,-0.1
2025,4,2025_04_CAR_NE,00-0027973,A.Dalton,QB,CAR,NE,0,0,0,0,0,0,0,0,0,0,0,0,0,0,0,0,0,0,0,0,6.32
2025,7,2025_07_CAR_NYJ,00-0027973,A.Dalton,QB,CAR,NYJ,0,0,0,0,0,0,0,0,0,0,0,0,0,2,-2,0,0,0,0,0,2.2
2025,8,2025_08_BUF_CAR,00-0027973,A.Dalton,QB,CAR,BUF,0,0,0,0,0,0,0,0,0,0,0,0,0,2,1,0,0,0,0,0,1.1
2025,12,2025_12_ATL_NO,00-0029604,K.Cousins,QB,ATL,NO,0,0,0,0,0,0,0,0,0,0,0,0,0,2,5,0,0,0,0,0,14.46
2025,13,2025_13_ATL_NYJ,00-0029604,K.Cousins,QB,ATL,NYJ,0,0,0,0,0,0,0,0,0,0,0,0,0,0,0,0,0,0,0,0,13.36
2025,14,2025_14_SEA_ATL,00-0029604,K.Cousins,QB,ATL,SEA,0,0,0,0,0,0,0,0,0,0,0,0,0,0,0,0,0,0,0,0,2.48
2025,15,2025_15_ATL_TB,00-0029604,K.Cousins,QB,ATL,TB,0,0,0,0,0,0,0,0,0,0,0,0,0,0,0,0,0,0,0,0,26.92
2025,16,2025_16_ATL_ARI,00-0029604,K.Cousins,QB,ATL,ARI,0,0,0,0,0,0,0,0,0,0,0,0,0,5,-3,1,0,0,0,0,17.58
2025,17,2025_17_LA_ATL,00-0029604,K.Cousins,QB,ATL,LA,0,0,0,0,0,0,0,0,0,0,0,0,0,1,1,0,0,0,0,0,9.14
2025,18,2025_18_NO_ATL,00-0029604,K.Cousins,QB,ATL,NO,0,0,0,0,0,0,0,0,0,0,0,0,0,3,0,0,0,0,0,0,9.2
2025,3,2025_03_KC_NYG,00-0031484,C.Manhertz,TE,NYG,KC,1,1,7,0,1,6,0,0,0,0,0.0333333333333333,0.00352112676056338,0.0524647887323944,0,0,0,0,0,0,0,1.7
2025,4,2025_04_LAC_NYG,00-0031484,C.Manhertz,TE,NYG,LAC,0,0,0,0,0,0,0,0,0,0,0,0,0,0,0,0,0,0,0,0,0
2025,16,2025_16_MIN_NYG,00-0031484,C.Manhertz,TE,NYG,MIN,0,0,0,0,0,0,0,0,0,0,0,0,0,0,0,0,0,0,0,0,0
2025,18,2025_18_DAL_NYG,00-0031484,C.Manhertz,TE,NYG,DAL,1,0,0,0,10,0,0,0,0,0,0.03125,0.0543478260869565,0.0849184782608696,0,0,0,0,0,0,0,0
2025,8,2025_08_WAS_KC,00-0032268,M.Mariota,QB,WAS,KC,0,0,0,0,0,0,0,0,0,0,0,0,0,8,28,0,0,0,0,0,11.32
2025,10,2025_10_DET_WAS,00-0032268,M.Mariota,QB,WAS,DET,0,0,0,0,0,0,0,0,0,0,0,0,0,5,22,0,0,0,0,0,18.72
2025,11,2025_11_WAS_MIA,00-0032268,M.Mariota,QB,WAS,MIA,0,0,0,0,0,0,0,0,0,0,0,0,0,4,49,0,1,1,1,1,15.42
2025,13,2025_13_DEN_WAS,00-0032268,M.Mariota,QB,WAS,DEN,0,0,0,0,0,0,0,0,0,0,0,0,0,10,55,0,3,2,0,0,23.26
2025,14,2025_14_WAS_MIN,00-0032268,M.Mariota,QB,WAS,MIN,0,0,0,0,0,0,0,0,0,0,0,0,0,2,7,0,0,0,0,0,-2.1
2025,15,2025_15_WAS_NYG,00-0032268,M.Mariota,QB,WAS,NYG,0,0,0,0,0,0,0,0,0,0,0,0,0,10,43,0,1,0,0,0,14.74
2025,16,2025_16_PHI_WAS,00-0032268,M.Mariota,QB,WAS,PHI,0,0,0,0,0,0,0,0,0,0,0,0,0,1,-1,0,0,0,0,0,3.7
2025,3,2025_03_CIN_MIN,00-0032950,C.Wentz,QB,MIN,CIN,0,0,0,0,0,0,0,0,0,0,0,0,0,2,4,0,0,0,0,0,15.32
2025,4,2025_04_MIN_PIT,00-0032950,C.Wentz,QB,MIN,PIT,0,0,0,0,0,0,0,0,0,0,0,0,0,2,12,0,1,0,0,0,21.2
2025,5,2025_05_MIN_CLE,00-0032950,C.Wentz,QB,MIN,CLE,0,0,0,0,0,0,0,0,0,0,0,0,0,3,13,0,0,0,0,0,14.74
2025,7,2025_07_PHI_MIN,00-0032950,C.Wentz,QB,MIN,PHI,0,0,0,0,0,0,0,0,0,0,0,0,0,4,28,0,2,2,0,0,11.32
2025,8,2025_08_MIN_LAC,00-0032950,C.Wentz,QB,MIN,LAC,0,0,0,0,0,0,0,0,0,0,0,0,0,0,0,0,0,0,0,0,7.76
2025,5,2025_05_DAL_NYJ,00-0034521,A.Lazard,WR,NYJ,DAL,2,1,3,0,31,0,0,0,0,0,0.0454545454545455,0.100649350649351,0.138636363636364,0,0,0,0,0,0,0,1.3
2025,7,2025_07_CAR_NYJ,00-0034521,A.Lazard,WR,NYJ,CAR,3,2,16,0,37,12,0,0,0,0,0.0967741935483871,0.100817438692098,0.215733497407049,0,0,0,0,0,0,0,3.6
2025,8,2025_08_NYJ_CIN,00-0034521,A.Lazard,WR,NYJ,CIN,2,1,5,0,5,7,0,0,0,0,0.0666666666666667,0.0271739130434783,0.119021739130435,0,0,0,0,0,0,0,1.5
2025,12,2025_12_NYJ_BAL,00-0034521,A.Lazard,WR,NYJ,BAL,3,1,9,0,21,6,0,0,0,0,0.111111111111111,0.0729166666666667,0.217708333333333,0,0,0,0,0,0,0,1.9
2025,13,2025_13_ATL_NYJ,00-0034521,A.Lazard,WR,NYJ,ATL,1,1,10,0,10,0,1,0,0,0,0.032258064516129,0.0313479623824451,0.0703306704419051,0,0,0,0,0,0,0,2
2025,14,2025_14_MIA_NYJ,00-0034521,A.Lazard,WR,NYJ,MIA,1,0,0,0,12,0,0,0,0,0,0.03125,0.041522491349481,0.0759407439446367,0,0,0,0,0,0,0,0
2025,15,2025_15_NYJ_JAX,00-0034521,A.Lazard,WR,NYJ,JAX,2,1,6,0,9,0,0,0,0,0,0.0625,0.0422535211267606,0.123327464788732,0,0,0,0,0,0,0,1.6
2025,10,2025_10_JAX_HOU,00-0034775,C.Kirk,WR,HOU,JAX,3,1,3,0,13,0,0,0,0,0,0.0681818181818182,0.0304449648711944,0.123584202682563,0,0,0,0,0,0,0,1.3
2025,11,2025_11_HOU_TEN,00-0034775,C.Kirk,WR,HOU,TEN,4,1,6,0,16,2,0,0,0,0,0.1,0.0457142857142857,0.182,0,0,0,0,0,0,0,1.6
2025,12,2025_12_BUF_HOU,00-0034775,C.Kirk,WR,HOU,BUF,6,5,54,1,17,42,1,1,1,0,0.214285714285714,0.0735930735930736,0.372943722943723,0,0,0,0,0,0,0,16.4
2025,14,2025_14_HOU_KC,00-0034775,C.Kirk,WR,HOU,KC,3,1,6,0,47,0,0,0,0,0,0.111111111111111,0.154098360655738,0.274535519125683,0,0,0,0,0,0,0,1.6
2025,16,2025_16_LV_HOU,00-0034775,C.Kirk,WR,HOU,LV,5,3,37,0,39,20,1,1,1,0,0.147058823529412,0.127868852459016,0.310096432015429,0,0,0,0,0,0,0,6.7
2025,17,2025_17_HOU_LAC,00-0034775,C.Kirk,WR,HOU,LAC,5,2,1,0,14,2,0,0,0,0,0.192307692307692,0.0546875,0.326742788461539,0,0,0,0,0,0,0,2.1
2025,18,2025_18_IND_HOU,00-0034775,C.Kirk,WR,HOU,IND,2,1,-3,0,-3,2,0,0,0,0,0.0714285714285714,-0.0155440414507772,0.0962620281273131,0,0,0,0,0,0,0,0.7
2025,3,2025_03_CIN_MIN,00-0034955,B.Rypien,QB,CIN,MIN,0,0,0,0,0,0,0,0,0,0,0,0,0,0,0,0,0,0,0,0,0
2025,8,2025_08_NYJ_CIN,00-0034959,A.Beck,FB,NYJ,CIN,1,1,9,0,4,5,0,0,0,0,0.0333333333333333,0.0217391304347826,0.0652173913043478,0,0,0,0,0,0,0,1.9
2025,10,2025_10_CLE_NYJ,00-0034959,A.Beck,FB,NYJ,CLE,0,0,0,0,0,0,0,0,0,0,0,0,0,0,0,0,0,0,0,0,0
2025,12,2025_12_NYJ_BAL,00-0034959,A.Beck,FB,NYJ,BAL,1,1,10,0,4,6,1,0,0,0,0.037037037037037,0.0138888888888889,0.0652777777777778,0,0,0,0,0,0,0,2
2025,13,2025_13_ATL_NYJ,00-0034959,A.Beck,FB,NYJ,ATL,0,0,0,0,0,0,0,0,0,0,0,0,0,0,0,0,0,0,0,0,0
2025,14,2025_14_MIA_NYJ,00-0034959,A.Beck,FB,NYJ,MIA,1,1,17,0,12,5,1,1,0,0,0.03125,0.041522491349481,0.0759407439446367,0,0,0,0,0,0,0,2.7
2025,15,2025_15_NYJ_JAX,00-0034959,A.Beck,FB,NYJ,JAX,1,0,0,0,14,0,0,0,0,0,0.03125,0.0657276995305164,0.0928843896713615,1,5,0,0,0,0,0,0.5
2025,18,2025_18_NYJ_BUF,00-0034959,A.Beck,FB,NYJ,BUF,2,1,2,1,0,0,0,0,0,0,0.0909090909090909,0,0.136363636363636,0,0,0,0,0,0,0,7.2
2025,12,2025_12_ATL_NO,00-0035359,D.Sills,WR,ATL,NO,3,2,16,1,21,0,0,0,0,0,0.15,0.124260355029586,0.31198224852071,0,0,0,0,0,0,0,9.6
2025,13,2025_13_ATL_NYJ,00-0035359,D.Sills,WR,ATL,NYJ,4,2,15,1,42,17,0,0,0,0,0.129032258064516,0.272727272727273,0.384457478005865,0,0,0,0,0,0,0,9.5
2025,14,2025_14_SEA_ATL,00-0035359,D.Sills,WR,ATL,SEA,4,0,0,0,41,0,0,0,0,0,0.142857142857143,0.200980392156863,0.354971988795518,0,0,0,0,0,0,0,0
2025,15,2025_15_ATL_TB,00-0035359,D.Sills,WR,ATL,TB,10,6,78,0,126,17,4,3,2,0,0.24390243902439,0.373887240356083,0.627574726785844,0,0,0,0,0,0,0,13.8
2025,16,2025_16_ATL_ARI,00-0035359,D.Sills,WR,ATL,ARI,1,0,0,0,4,0,0,0,0,0,0.0294117647058824,0.0203045685279188,0.0583308450283667,0,0,0,0,0,0,0,0
2025,17,2025_17_LA_ATL,00-0035359,D.Sills,WR,ATL,LA,4,3,37,0,45,6,2,1,1,0,0.2,0.269461077844311,0.488622754491018,0,0,0,0,0,0,0,6.7
2025,18,2025_18_NO_ATL,00-0035359,D.Sills,WR,ATL,NO,1,1,11,0,4,7,1,0,0,0,0.0333333333333333,0.0180995475113122,0.0626696832579186,0,0,0,0,0,0,0,2.1
2025,3,2025_03_NO_SEA,00-0035704,D.Lock,QB,SEA,NO,0,0,0,0,0,0,0,0,0,0,0,0,0,1,-1,0,0,0,0,0,0.5
2025,10,2025_10_ARI_SEA,00-0035704,D.Lock,QB,SEA,ARI,0,0,0,0,0,0,0,0,0,0,0,0,0,4,-4,0,0,0,0,0,-0.4
2025,14,2025_14_SEA_ATL,00-0035704,D.Lock,QB,SEA,ATL,0,0,0,0,0,0,0,0,0,0,0,0,0,1,0,0,0,0,0,0,0
2025,3,2025_03_CIN_MIN,00-0036414,C.Akers,RB,MIN,CIN,1,0,0,0,-6,0,0,0,0,0,0.0416666666666667,-0.0319148936170213,0.0401595744680851,5,19,0,1,1,0,0,1.9
2025,5,2025_05_MIN_CLE,00-0036414,C.Akers,RB,MIN,CLE,0,0,0,0,0,0,0,0,0,0,0,0,0,0,0,0,0,0,0,0,5.28
2025,17,2025_17_SEA_CAR,00-0036414,C.Akers,RB,SEA,CAR,0,0,0,0,0,0,0,0,0,0,0,0,0,0,0,0,0,0,0,0,0
2025,18,2025_18_SEA_SF,00-0036414,C.Akers,RB,SEA,SF,0,0,0,0,0,0,0,0,0,0,0,0,0,0,0,0,0,0,0,0,0
2025,3,2025_03_ATL_CAR,00-0036429,C.Woerner,TE,ATL,CAR,1,1,-5,0,-5,0,0,0,0,0,0.024390243902439,-0.0163398692810458,0.0251474573569265,0,0,0,0,0,0,0,0.5
2025,7,2025_07_ATL_SF,00-0036429,C.Woerner,TE,ATL,SF,1,0,0,0,-1,0,0,0,0,0,0.0277777777777778,-0.00280112044817927,0.0397058823529412,0,0,0,0,0,0,0,0
2025,10,2025_10_ATL_IND,00-0036429,C.Woerner,TE,ATL,IND,1,1,14,0,5,9,1,0,0,0,0.04,0.0173611111111111,0.0721527777777778,0,0,0,0,0,0,0,2.4
2025,12,2025_12_ATL_NO,00-0036429,C.Woerner,TE,ATL,NO,3,3,24,0,3,21,1,1,0,0,0.15,0.0177514792899408,0.237426035502959,0,0,0,0,0,0,0,5.4
2025,15,2025_15_ATL_TB,00-0036429,C.Woerner,TE,ATL,TB,2,2,12,0,12,0,0,0,0,0,0.0487804878048781,0.0356083086053412,0.098096547731056,0,0,0,0,0,0,0,3.2
2025,16,2025_16_ATL_ARI,00-0036429,C.Woerner,TE,ATL,ARI,1,1,3,0,-2,5,0,0,0,0,0.0294117647058824,-0.0101522842639594,0.037011048074052,0,0,0,0,0,0,0,1.3
2025,17,2025_17_LA_ATL,00-0036429,C.Woerner,TE,ATL,LA,0,0,0,0,0,0,0,0,0,0,0,0,0,0,0,0,0,0,0,0,0
2025,3,2025_03_ARI_SF,00-0036646,S.Fehoko,WR,ARI,SF,0,0,0,0,0,0,0,0,0,0,0,0,0,0,0,0,0,0,0,0,0
2025,4,2025_04_SEA_ARI,00-0036646,S.Fehoko,WR,ARI,SEA,0,0,0,0,0,0,0,0,0,0,0,0,0,0,0,0,0,0,0,0,0
2025,5,2025_05_TEN_ARI,00-0036646,S.Fehoko,WR,ARI,TEN,0,0,0,0,0,0,0,0,0,0,0,0,0,0,0,0,0,0,0,0,0
2025,6,2025_06_ARI_IND,00-0036646,S.Fehoko,WR,ARI,IND,0,0,0,0,0,0,0,0,0,0,0,0,0,0,0,0,0,0,0,0,0
2025,7,2025_07_GB_ARI,00-0036646,S.Fehoko,WR,ARI,GB,0,0,0,0,0,0,0,0,0,0,0,0,0,0,0,0,0,0,0,0,0
2025,9,2025_09_ARI_DAL,00-0036646,S.Fehoko,WR,ARI,DAL,0,0,0,0,0,0,0,0,0,0,0,0,0,0,0,0,0,0,0,0,0
2025,10,2025_10_ARI_SEA,00-0036646,S.Fehoko,WR,ARI,SEA,0,0,0,0,0,0,0,0,0,0,0,0,0,0,0,0,0,0,0,0,0
2025,9,2025_09_IND_PIT,00-0037120,T.Goodson,RB,IND,PIT,2,1,8,0,-2,9,0,0,0,0,0.0416666666666667,-0.00462962962962963,0.0592592592592593,0,0,0,0,0,0,0,1.8
2025,10,2025_10_ATL_IND,00-0037120,T.Goodson,RB,IND,ATL,0,0,0,0,0,0,0,0,0,0,0,0,0,1,4,0,0,0,0,0,0.4
2025,12,2025_12_IND_KC,00-0037120,T.Goodson,RB,IND,KC,0,0,0,0,0,0,0,0,0,0,0,0,0,0,0,0,0,0,0,0,0
2025,13,2025_13_HOU_IND,00-0037120,T.Goodson,RB,IND,HOU,0,0,0,0,0,0,0,0,0,0,0,0,0,0,0,0,0,0,0,0,0
2025,15,2025_15_IND_SEA,00-0037120,T.Goodson,RB,IND,SEA,0,0,0,0,0,0,0,0,0,0,0,0,0,0,0,0,0,0,0,0,0
2025,16,2025_16_SF_IND,00-0037120,T.Goodson,RB,IND,SF,0,0,0,0,0,0,0,0,0,0,0,0,0,3,9,0,0,0,0,0,0.9
2025,18,2025_18_IND_HOU,00-0037120,T.Goodson,RB,IND,HOU,0,0,0,0,0,0,0,0,0,0,0,0,0,1,3,0,0,0,0,0,0.3
2025,3,2025_03_NO_SEA,00-0037231,K.Austin,WR,NO,SEA,1,0,0,0,23,0,0,0,0,0,0.024390243902439,0.0662824207492795,0.0829830603781542,0,0,0,0,0,0,0,0
2025,15,2025_15_CAR_NO,00-0037231,K.Austin,WR,NO,CAR,5,3,33,0,37,8,2,1,0,0,0.161290322580645,0.137546468401487,0.338218011752009,0,0,0,0,0,0,0,6.3
2025,16,2025_16_NYJ_NO,00-0037231,K.Austin,WR,NO,NYJ,3,2,18,0,15,8,1,0,0,0,0.0638297872340426,0.0355450236966825,0.120626197438742,0,0,0,0,0,0,0,3.8
2025,17,2025_17_NO_TEN,00-0037231,K.Austin,WR,NO,TEN,5,4,52,1,51,26,2,1,1,0,0.185185185185185,0.180851063829787,0.404373522458629,0,0,0,0,0,0,0,15.2
2025,18,2025_18_NO_ATL,00-0037231,K.Austin,WR,NO,ATL,9,4,37,0,65,14,2,0,0,0,0.264705882352941,0.231316725978648,0.558980531714465,0,0,0,0,0,0,0,7.7
2025,3,2025_03_GB_CLE,00-0037380,K.Davis,WR,CLE,GB,0,0,0,0,0,0,0,0,0,0,0,0,0,0,0,0,0,0,0,0,0
2025,3,2025_03_DEN_LAC,00-0037654,T.Fisk,TE,LAC,DEN,1,0,0,0,20,0,0,0,0,0,0.0222222222222222,0.0466200466200466,0.065967365967366,0,0,0,0,0,0,0,0
2025,4,2025_04_LAC_NYG,00-0037654,T.Fisk,TE,LAC,NYG,1,0,0,0,4,0,0,0,0,0,0.0263157894736842,0.0150943396226415,0.0500397219463754,0,0,0,0,0,0,0,0
2025,9,2025_09_LAC_TEN,00-0037654,T.Fisk,TE,LAC,TEN,1,1,12,0,0,12,1,0,0,0,0.0357142857142857,0,0.0535714285714286,0,0,0,0,0,0,0,2.2
2025,10,2025_10_PIT_LAC,00-0037654,T.Fisk,TE,LAC,PIT,1,1,7,0,-2,9,0,0,0,0,0.0303030303030303,-0.0128205128205128,0.0364801864801865,0,0,0,0,0,0,0,1.7
2025,11,2025_11_BAL_CLE,00-0038046,C.Kolar,TE,BAL,CLE,1,0,0,0,2,0,0,0,0,0,0.04,0.0100502512562814,0.067035175879397,0,0,0,0,0,0,0,0
2025,12,2025_12_NYJ_BAL,00-0038046,C.Kolar,TE,BAL,NYJ,0,0,0,0,0,0,0,0,0,0,0,0,0,0,0,0,0,0,0,0,0
2025,13,2025_13_CIN_BAL,00-0038046,C.Kolar,TE,BAL,CIN,1,1,17,0,14,3,1,1,0,0,0.0333333333333333,0.036745406824147,0.0757217847769029,0,0,0,0,0,0,0,2.7
2025,14,2025_14_PIT_BAL,00-0038046,C.Kolar,TE,BAL,PIT,1,1,19,0,15,4,1,1,0,0,0.0303030303030303,0.0583657587548638,0.0863105765829501,0,0,0,0,0,0,0,2.9
2025,15,2025_15_BAL_CIN,00-0038046,C.Kolar,TE,BAL,CIN,0,0,0,0,0,0,0,0,0,0,0,0,0,0,0,0,0,0,0,0,0
2025,16,2025_16_NE_BAL,00-0038046,C.Kolar,TE,BAL,NE,1,1,18,0,8,10,1,1,0,0,0.05,0.0467836257309942,0.107748538011696,0,0,0,0,0,0,0,2.8
2025,17,2025_17_BAL_GB,00-0038046,C.Kolar,TE,BAL,GB,1,0,0,0,5,0,0,0,0,0,0.05,0.0625,0.11875,0,0,0,0,0,0,0,0
2025,8,2025_08_MIN_LAC,00-0038440,Z.Scott,RB,MIN,LAC,2,2,8,0,-10,18,0,0,0,0,0.0666666666666667,-0.0925925925925926,0.0351851851851852,2,16,0,1,0,0,0,4.4
2025,9,2025_09_MIN_DET,00-0038440,Z.Scott,RB,MIN,DET,0,0,0,0,0,0,0,0,0,0,0,0,0,0,0,0,0,0,0,0,0
2025,13,2025_13_MIN_SEA,00-0038440,Z.Scott,RB,MIN,SEA,1,1,4,0,-2,6,0,0,0,0,0.0344827586206897,-0.0119760479041916,0.0433409043981004,3,17,0,0,0,0,0,3.1
2025,14,2025_14_WAS_MIN,00-0038440,Z.Scott,RB,MIN,WAS,1,1,5,0,-6,11,0,0,0,0,0.0434782608695652,-0.0392156862745098,0.037766410912191,3,15,0,1,0,0,0,3
2025,16,2025_16_MIN_NYG,00-0038440,Z.Scott,RB,MIN,NYG,1,1,8,0,-5,13,0,0,0,0,0.0434782608695652,-0.04,0.0372173913043478,2,4,0,0,0,0,0,2.2
2025,17,2025_17_DET_MIN,00-0038440,Z.Scott,RB,MIN,DET,0,0,0,0,0,0,0,0,0,0,0,0,0,0,0,0,0,0,0,0,0
2025,18,2025_18_GB_MIN,00-0038440,Z.Scott,RB,MIN,GB,1,1,8,0,0,8,0,0,0,0,0.0333333333333333,0,0.05,3,9,0,0,0,0,0,2.7
2025,9,2025_09_SEA_WAS,00-0038611,C.Rodriguez,RB,WAS,SEA,0,0,0,0,0,0,0,0,0,0,0,0,0,12,65,1,2,1,0,0,12.5
2025,10,2025_10_DET_WAS,00-0038611,C.Rodriguez,RB,WAS,DET,0,0,0,0,0,0,0,0,0,0,0,0,0,6,16,1,0,0,0,0,7.6
2025,11,2025_11_WAS_MIA,00-0038611,C.Rodriguez,RB,WAS,MIA,1,1,6,0,3,3,0,0,0,0,0.0344827586206897,0.0135746606334842,0.0612264003744734,15,79,0,3,3,0,0,9.5
2025,13,2025_13_DEN_WAS,00-0038611,C.Rodriguez,RB,WAS,DEN,1,0,0,0,12,0,0,0,0,0,0.0222222222222222,0.020066889632107,0.0473801560758083,11,41,1,1,0,0,0,10.1
2025,14,2025_14_WAS_MIN,00-0038611,C.Rodriguez,RB,WAS,MIN,0,0,0,0,0,0,0,0,0,0,0,0,0,10,52,0,2,1,0,0,5.2
2025,16,2025_16_PHI_WAS,00-0038611,C.Rodriguez,RB,WAS,PHI,1,1,6,0,0,6,0,0,0,0,0.05,0,0.075,15,63,1,1,1,1,0,13.9
2025,18,2025_18_WAS_PHI,00-0038611,C.Rodriguez,RB,WAS,PHI,1,1,18,0,1,17,1,1,0,0,0.0526315789473684,0.00813008130081301,0.0846384253316217,16,65,1,2,1,0,0,15.3
2025,6,2025_06_CLE_PIT,00-0038710,B.Whiteheart,TE,CLE,PIT,1,1,0,0,0,0,0,0,0,0,0.0196078431372549,0,0.0294117647058824,0,0,0,0,0,0,0,1
2025,7,2025_07_MIA_CLE,00-0038710,B.Whiteheart,TE,CLE,MIA,1,1,4,0,3,1,0,0,0,0,0.0555555555555556,0.0348837209302326,0.107751937984496,0,0,0,0,0,0,0,1.4
2025,10,2025_10_CLE_NYJ,00-0038710,B.Whiteheart,TE,CLE,NYJ,0,0,0,0,0,0,0,0,0,0,0,0,0,0,0,0,0,0,0,0,0
2025,13,2025_13_SF_CLE,00-0038710,B.Whiteheart,TE,CLE,SF,0,0,0,0,0,0,0,0,0,0,0,0,0,0,0,0,0,0,0,0,0
2025,14,2025_14_TEN_CLE,00-0038710,B.Whiteheart,TE,CLE,TEN,1,0,0,0,4,0,0,0,0,0,0.0263157894736842,0.0131147540983607,0.0486540120793788,0,0,0,0,0,0,0,0
2025,17,2025_17_PIT_CLE,00-0038710,B.Whiteheart,TE,CLE,PIT,1,0,0,0,0,0,0,0,0,0,0.0434782608695652,0,0.0652173913043478,0,0,0,0,0,0,0,0
2025,18,2025_18_CLE_CIN,00-0038710,B.Whiteheart,TE,CLE,CIN,1,0,0,0,10,0,0,0,0,0,0.0476190476190476,0.0510204081632653,0.107142857142857,0,0,0,0,0,0,0,0
2025,3,2025_03_IND_TEN,00-0039164,A.Richardson,QB,IND,TEN,0,0,0,0,0,0,0,0,0,0,0,0,0,4,-1,0,0,0,0,0,-0.1
2025,5,2025_05_LV_IND,00-0039164,A.Richardson,QB,IND,LV,1,1,9,0,2,7,0,0,0,0,0.032258064516129,0.00749063670411985,0.0536305424670774,0,0,0,0,0,0,0,2.26
2025,9,2025_09_MIN_DET,00-0039364,S.Vaki,RB,DET,MIN,0,0,0,0,0,0,0,0,0,0,0,0,0,0,0,0,0,0,0,0,0
2025,10,2025_10_DET_WAS,00-0039364,S.Vaki,RB,DET,WAS,0,0,0,0,0,0,0,0,0,0,0,0,0,1,4,0,0,0,0,0,0.4
2025,13,2025_13_GB_DET,00-0039364,S.Vaki,RB,DET,GB,0,0,0,0,0,0,0,0,0,0,0,0,0,0,0,0,0,0,0,0,0
2025,14,2025_14_DAL_DET,00-0039364,S.Vaki,RB,DET,DAL,0,0,0,0,0,0,0,0,0,0,0,0,0,0,0,0,0,0,0,0,0
2025,15,2025_15_DET_LA,00-0039364,S.Vaki,RB,DET,LA,0,0,0,0,0,0,0,0,0,0,0,0,0,0,0,0,0,0,0,0,0
2025,17,2025_17_DET_MIN,00-0039364,S.Vaki,RB,DET,MIN,0,0,0,0,0,0,0,0,0,0,0,0,0,0,0,0,0,0,0,0,0
2025,18,2025_18_DET_CHI,00-0039364,S.Vaki,RB,DET,CHI,0,0,0,0,0,0,0,0,0,0,0,0,0,0,0,0,0,0,0,0,0
2025,3,2025_03_DAL_CHI,00-0039398,J.Milton,QB,DAL,CHI,0,0,0,0,0,0,0,0,0,0,0,0,0,0,0,0,0,0,0,0,-0.36
2025,8,2025_08_DAL_DEN,00-0039398,J.Milton,QB,DAL,DEN,0,0,0,0,0,0,0,0,0,0,0,0,0,0,0,0,0,0,0,0,6.32
2025,16,2025_16_LAC_DAL,00-0039398,J.Milton,QB,DAL,LAC,0,0,0,0,0,0,0,0,0,0,0,0,0,1,7,0,0,0,0,0,-0.86
2025,18,2025_18_DAL_NYG,00-0039398,J.Milton,QB,DAL,NYG,0,0,0,0,0,0,0,0,0,0,0,0,0,4,43,0,2,2,1,0,5.22
2025,3,2025_03_CIN_MIN,00-0039631,C.Grandy,TE,CIN,MIN,1,1,6,0,-2,8,0,0,0,0,0.0384615384615385,-0.0155038759689922,0.0468395945140131,0,0,0,0,0,0,0,1.6
2025,16,2025_16_CIN_MIA,00-0039631,C.Grandy,TE,CIN,MIA,1,1,1,0,-4,5,0,0,0,0,0.032258064516129,-0.021505376344086,0.0333333333333333,0,0,0,0,0,0,0,1.1
2025,3,2025_03_NO_SEA,00-0040067,J.Wright,RB,SEA,NO,0,0,0,0,0,0,0,0,0,0,0,0,0,5,20,0,1,0,0,0,2
2025,11,2025_11_LAC_JAX,00-0040189,O.Gadsden,TE,LAC,JAX,5,2,41,0,60,10,2,1,1,0,0.208333333333333,0.326086956521739,0.540760869565217,0,0,0,0,0,0,0,6.1
2025,13,2025_13_LV_LAC,00-0040189,O.Gadsden,TE,LAC,LV,2,1,27,0,33,4,1,1,1,0,0.0952380952380952,0.165829145728643,0.258937544867193,0,0,0,0,0,0,0,3.7
2025,14,2025_14_PHI_LAC,00-0040189,O.Gadsden,TE,LAC,PHI,4,1,7,0,38,5,0,0,0,0,0.173913043478261,0.140740740740741,0.35938808373591,0,0,0,0,0,0,0,1.7
2025,15,2025_15_LAC_KC,00-0040189,O.Gadsden,TE,LAC,KC,5,4,61,0,70,14,3,1,1,0,0.192307692307692,0.353535353535354,0.535936285936286,0,0,0,0,0,0,0,10.1
2025,16,2025_16_LAC_DAL,00-0040189,O.Gadsden,TE,LAC,DAL,1,1,7,0,4,3,0,0,0,0,0.0357142857142857,0.0148698884758364,0.0639803505045141,0,0,0,0,0,0,0,1.7
2025,17,2025_17_HOU_LAC,00-0040189,O.Gadsden,TE,LAC,HOU,6,3,32,1,58,10,1,1,1,0,0.193548387096774,0.207142857142857,0.435322580645161,0,0,0,0,0,0,0,12.2
2025,18,2025_18_LAC_DEN,00-0040189,O.Gadsden,TE,LAC,DEN,2,2,23,0,15,8,1,1,0,0,0.0526315789473684,0.0379746835443038,0.105529646902065,0,0,0,0,0,0,0,4.3
2025,3,2025_03_CIN_MIN,00-0040494,M.Brosmer,QB,MIN,CIN,0,0,0,0,0,0,0,0,0,0,0,0,0,0,0,0,0,0,0,0,1.16
2025,5,2025_05_MIN_CLE,00-0040494,M.Brosmer,QB,MIN,CLE,0,0,0,0,0,0,0,0,0,0,0,0,0,1,-1,0,0,0,0,0,-0.1
2025,8,2025_08_MIN_LAC,00-0040494,M.Brosmer,QB,MIN,LAC,0,0,0,0,0,0,0,0,0,0,0,0,0,0,0,0,0,0,0,0,0.52
2025,13,2025_13_MIN_SEA,00-0040494,M.Brosmer,QB,MIN,SEA,0,0,0,0,0,0,0,0,0,0,0,0,0,1,-1,0,0,0,0,0,-3.06
2025,16,2025_16_MIN_NYG,00-0040494,M.Brosmer,QB,MIN,NYG,0,0,0,0,0,0,0,0,0,0,0,0,0,3,-3,0,0,0,0,0,1.78
2025,17,2025_17_DET_MIN,00-0040494,M.Brosmer,QB,MIN,DET,0,0,0,0,0,0,0,0,0,0,0,0,0,2,16,0,1,0,0,0,3.64
2025,18,2025_18_GB_MIN,00-0040494,M.Brosmer,QB,MIN,GB,0,0,0,0,0,0,0,0,0,0,0,0,0,0,0,0,0,0,0,0,0.28
2025,3,2025_03_ATL_CAR,00-0040547,N.Carter,RB,ATL,CAR,0,0,0,0,0,0,0,0,0,0,0,0,0,7,46,0,1,0,0,0,2.6
2025,8,2025_08_MIA_ATL,00-0040547,N.Carter,RB,ATL,MIA,0,0,0,0,0,0,0,0,0,0,0,0,0,2,14,0,1,1,0,0,1.4
2025,3,2025_03_ATL_CAR,00-0040629,D.Campbell,WR,CAR,ATL,0,0,0,0,0,0,0,0,0,0,0,0,0,0,0,0,0,0,0,0,0
2025,12,2025_12_ATL_NO,00-0040743,T.Shough,QB,NO,ATL,0,0,0,0,0,0,0,0,0,0,0,0,0,7,22,0,1,0,0,0,7.92
2025,13,2025_13_NO_MIA,00-0040743,T.Shough,QB,NO,MIA,0,0,0,0,0,0,0,0,0,0,0,0,0,6,18,0,0,0,0,0,17.36
2025,14,2025_14_NO_TB,00-0040743,T.Shough,QB,NO,TB,0,0,0,0,0,0,0,0,0,0,0,0,0,7,55,2,3,2,1,0,21.26
2025,15,2025_15_CAR_NO,00-0040743,T.Shough,QB,NO,CAR,0,0,0,0,0,0,0,0,0,0,0,0,0,8,32,0,1,1,0,0,18.08
2025,16,2025_16_NYJ_NO,00-0040743,T.Shough,QB,NO,NYJ,0,0,0,0,0,0,0,0,0,0,0,0,0,2,8,0,0,0,0,0,17.12
2025,17,2025_17_NO_TEN,00-0040743,T.Shough,QB,NO,TEN,0,0,0,0,0,0,0,0,0,0,0,0,0,4,6,0,0,0,0,0,21.92
2025,18,2025_18_NO_ATL,00-0040743,T.Shough,QB,NO,ATL,0,0,0,0,0,0,0,0,0,0,0,0,0,3,34,1,1,1,1,0,21.76
2025,6,2025_06_LAC_MIA,00-0031610,D.Waller,TE,MIA,LAC,3,2,12,1,30,1,0,0,0,0,0.1,0.143540669856459,0.250478468899522,0,0,0,0,0,0,0,9.2
2025,7,2025_07_MIA_CLE,00-0031610,D.Waller,TE,MIA,CLE,0,0,0,0,0,0,0,0,0,0,0,0,0,0,0,0,0,0,0,0,0
2025,13,2025_13_NO_MIA,00-0031610,D.Waller,TE,MIA,NO,3,2,47,0,39,19,2,1,1,0,0.15,0.168103448275862,0.342672413793103,0,0,0,0,0,0,0,6.7
2025,14,2025_14_MIA_NYJ,00-0031610,D.Waller,TE,MIA,NYJ,3,1,13,0,38,3,1,0,0,0,0.142857142857143,0.4,0.494285714285714,1,4,0,0,0,0,0,2.7
2025,15,2025_15_MIA_PIT,00-0031610,D.Waller,TE,MIA,PIT,8,7,66,2,60,21,2,1,1,0,0.307692307692308,0.350877192982456,0.707152496626181,0,0,0,0,0,0,0,25.6
2025,16,2025_16_CIN_MIA,00-0031610,D.Waller,TE,MIA,CIN,5,3,40,0,48,4,2,1,1,0,0.172413793103448,0.183908045977012,0.387356321839081,0,0,0,0,0,0,0,7
2025,17,2025_17_TB_MIA,00-0031610,D.Waller,TE,MIA,TB,3,1,0,0,41,-1,0,0,0,0,0.136363636363636,0.209183673469388,0.350974025974026,0,0,0,0,0,0,0,1
2025,10,2025_10_LV_DEN,00-0031687,R.Mostert,RB,LV,DEN,1,1,11,0,-4,15,1,0,0,0,0.04,-0.0655737704918033,0.0140983606557377,1,4,0,0,0,0,0,2.5
2025,11,2025_11_DAL_LV,00-0031687,R.Mostert,RB,LV,DAL,2,2,7,0,-9,16,0,0,0,0,0.0512820512820513,-0.0409090909090909,0.0482867132867133,2,6,0,0,0,0,0,3.3
2025,12,2025_12_CLE_LV,00-0031687,R.Mostert,RB,LV,CLE,3,3,18,0,-1,19,1,1,0,0,0.0714285714285714,-0.00277008310249308,0.105203798971112,1,2,0,0,0,0,0,5
2025,13,2025_13_LV_LAC,00-0031687,R.Mostert,RB,LV,LAC,0,0,0,0,0,0,0,0,0,0,0,0,0,1,6,0,0,0,0,0,0.6
2025,14,2025_14_DEN_LV,00-0031687,R.Mostert,RB,LV,DEN,1,1,2,0,-2,4,0,0,0,0,0.0357142857142857,-0.00819672131147541,0.0478337236533958,0,0,0,0,0,0,0,1.2
2025,15,2025_15_LV_PHI,00-0031687,R.Mostert,RB,LV,PHI,1,1,2,0,1,1,0,0,0,0,0.04,0.00943396226415094,0.0666037735849057,0,0,0,0,0,0,0,1.2
2025,16,2025_16_LV_HOU,00-0031687,R.Mostert,RB,LV,HOU,1,1,3,0,-1,4,0,0,0,0,0.0454545454545455,-0.00526315789473684,0.0644976076555024,1,6,0,0,0,0,0,1.9
2025,11,2025_11_SF_ARI,00-0032775,D.Robinson,WR,SF,ARI,2,1,13,0,37,1,1,0,0,0,0.08,0.196808510638298,0.257765957446809,0,0,0,0,0,0,0,2.3
2025,12,2025_12_CAR_SF,00-0032775,D.Robinson,WR,SF,CAR,1,1,8,0,8,0,0,0,0,0,0.03125,0.041025641025641,0.0755929487179487,0,0,0,0,0,0,0,1.8
2025,13,2025_13_SF_CLE,00-0032775,D.Robinson,WR,SF,CLE,1,0,0,0,8,0,0,0,0,0,0.0434782608695652,0.0300751879699248,0.0862700228832952,1,6,0,0,0,0,0,0.6
2025,15,2025_15_TEN_SF,00-0032775,D.Robinson,WR,SF,TEN,2,2,36,0,34,2,1,1,1,0,0.0714285714285714,0.135458167330677,0.201963574274331,0,0,0,0,0,0,0,5.6
2025,16,2025_16_SF_IND,00-0032775,D.Robinson,WR,SF,IND,2,2,23,1,23,0,1,1,1,0,0.0606060606060606,0.0709876543209877,0.140600448933782,0,0,0,0,0,0,0,10.3
2025,17,2025_17_CHI_SF,00-0032775,D.Robinson,WR,SF,CHI,2,2,30,0,29,1,1,1,1,0,0.0606060606060606,0.114624505928854,0.171146245059289,0,0,0,0,0,0,0,5
2025,18,2025_18_SEA_SF,00-0032775,D.Robinson,WR,SF,SEA,4,3,24,0,30,10,2,0,0,0,0.148148148148148,0.232558139534884,0.385012919896641,0,0,0,0,0,0,0,5.4
2025,4,2025_04_NO_BUF,00-0033282,C.Samuel,WR,BUF,NO,2,1,9,0,47,9,0,0,0,0,0.0909090909090909,0.209821428571429,0.283238636363636,0,0,0,0,0,0,0,1.9
2025,5,2025_05_NE_BUF,00-0033282,C.Samuel,WR,BUF,NE,2,2,26,1,19,7,1,1,1,0,0.0666666666666667,0.0772357723577236,0.154065040650407,0,0,0,0,0,0,0,10.6
2025,8,2025_08_BUF_CAR,00-0033282,C.Samuel,WR,BUF,CAR,0,0,0,0,0,0,0,0,0,0,0,0,0,0,0,0,0,0,0,0,0
2025,9,2025_09_KC_BUF,00-0033282,C.Samuel,WR,BUF,KC,1,1,6,0,2,4,0,0,0,0,0.04,0.0150375939849624,0.0705263157894737,0,0,0,0,0,0,0,1.6
2025,10,2025_10_BUF_MIA,00-0033282,C.Samuel,WR,BUF,MIA,1,1,21,0,16,5,1,1,1,0,0.0256410256410256,0.0396039603960396,0.0661843107387662,0,0,0,0,0,0,0,3.1
2025,11,2025_11_TB_BUF,00-0033282,C.Samuel,WR,BUF,TB,3,2,19,0,61,2,1,0,0,0,0.1,0.176300578034682,0.273410404624277,0,0,0,0,0,0,0,3.9
2025,4,2025_04_BAL_KC,00-0033757,R.Tonyan,TE,KC,BAL,0,0,0,0,0,0,0,0,0,0,0,0,0,0,0,0,0,0,0,0,0
2025,11,2025_11_KC_DEN,00-0033757,R.Tonyan,TE,KC,DEN,1,1,1,0,1,0,0,0,0,0,0.0232558139534884,0.00308641975308642,0.0370442147573931,0,0,0,0,0,0,0,1.1
2025,12,2025_12_TB_LA,00-0033921,C.Godwin,WR,TB,LA,4,2,9,0,41,0,0,0,0,0,0.129032258064516,0.163346613545817,0.307891016578846,0,0,0,0,0,0,0,2.9
2025,13,2025_13_ARI_TB,00-0033921,C.Godwin,WR,TB,ARI,5,3,78,0,44,45,3,3,3,0,0.192307692307692,0.211538461538462,0.436538461538462,0,0,0,0,0,0,0,10.8
2025,14,2025_14_NO_TB,00-0033921,C.Godwin,WR,TB,NO,8,5,55,0,25,36,3,1,1,0,0.285714285714286,0.108695652173913,0.504658385093168,0,0,0,0,0,0,0,10.5
2025,15,2025_15_ATL_TB,00-0033921,C.Godwin,WR,TB,ATL,5,4,20,1,15,11,0,0,0,0,0.15625,0.0417827298050139,0.26362291086351,0,0,0,0,0,0,0,14
2025,16,2025_16_TB_CAR,00-0033921,C.Godwin,WR,TB,CAR,6,5,30,0,39,10,1,0,0,0,0.24,0.258278145695364,0.540794701986755,0,0,0,0,0,0,0,8
2025,17,2025_17_TB_MIA,00-0033921,C.Godwin,WR,TB,MIA,8,7,108,1,35,79,3,1,1,1,0.181818181818182,0.0972222222222222,0.340782828282828,0,0,0,0,0,0,0,23.8
2025,18,2025_18_CAR_TB,00-0033921,C.Godwin,WR,TB,CAR,1,1,8,0,5,3,0,0,0,0,0.0454545454545455,0.0352112676056338,0.0928297055057618,0,0,0,0,0,0,0,1.8
2025,4,2025_04_CAR_NE,00-0033949,J.Dobbs,QB,NE,CAR,0,0,0,0,0,0,0,0,0,0,0,0,0,3,-2,0,0,0,0,0,-0.2
2025,7,2025_07_NE_TEN,00-0033949,J.Dobbs,QB,NE,TEN,0,0,0,0,0,0,0,0,0,0,0,0,0,2,-2,0,0,0,0,0,0.28
2025,17,2025_17_NE_NYJ,00-0033949,J.Dobbs,QB,NE,NYJ,0,0,0,0,0,0,0,0,0,0,0,0,0,2,-1,0,0,0,0,0,1.1
2025,18,2025_18_MIA_NE,00-0033949,J.Dobbs,QB,NE,MIA,0,0,0,0,0,0,0,0,0,0,0,0,0,3,0,0,0,0,0,0,0.92
2025,4,2025_04_CLE_DET,00-0034577,K.Allen,QB,DET,CLE,0,0,0,0,0,0,0,0,0,0,0,0,0,2,-2,0,0,0,0,0,-0.2
2025,10,2025_10_DET_WAS,00-0034577,K.Allen,QB,DET,WAS,0,0,0,0,0,0,0,0,0,0,0,0,0,1,-1,0,0,0,0,0,-0.1
2025,4,2025_04_BAL_KC,00-0035289,G.Minshew,QB,KC,BAL,0,0,0,0,0,0,0,0,0,0,0,0,0,2,-3,0,0,0,0,0,-0.3
2025,7,2025_07_LV_KC,00-0035289,G.Minshew,QB,KC,LV,0,0,0,0,0,0,0,0,0,0,0,0,0,3,-3,0,0,0,0,0,-0.3
2025,15,2025_15_LAC_KC,00-0035289,G.Minshew,QB,KC,LAC,0,0,0,0,0,0,0,0,0,0,0,0,0,0,0,0,0,0,0,0,-1.12
2025,16,2025_16_KC_TEN,00-0035289,G.Minshew,QB,KC,TEN,0,0,0,0,0,0,0,0,0,0,0,0,0,1,8,0,0,0,0,0,1.4
2025,4,2025_04_MIN_PIT,00-0035298,S.Miller,WR,PIT,MIN,1,0,0,0,8,0,0,0,0,0,0.0454545454545455,0.10958904109589,0.144894146948941,0,0,0,0,0,0,0,0
2025,7,2025_07_PIT_CIN,00-0035298,S.Miller,WR,PIT,CIN,1,1,9,0,-1,10,0,0,0,0,0.0303030303030303,-0.00323624595469256,0.0431891732862607,0,0,0,0,0,0,0,1.9
2025,16,2025_16_PIT_DET,00-0035298,S.Miller,WR,PIT,DET,3,3,19,0,14,5,0,0,0,0,0.0789473684210526,0.0417910447761194,0.147674783974863,0,0,0,0,0,0,0,4.9
2025,17,2025_17_PIT_CLE,00-0035298,S.Miller,WR,PIT,CLE,7,3,25,0,51,9,1,0,0,0,0.189189189189189,0.223684210526316,0.440362731152205,0,0,0,0,0,0,0,5.5
2025,18,2025_18_BAL_PIT,00-0035298,S.Miller,WR,PIT,BAL,2,2,9,0,2,7,0,0,0,0,0.0454545454545455,0.00615384615384615,0.0724895104895105,0,0,0,0,0,0,0,2.9
2025,12,2025_12_JAX_ARI,00-0036924,M.Carter,RB,ARI,JAX,3,3,30,0,5,25,1,1,0,0,0.0652173913043478,0.0131233595800525,0.107012438662558,5,28,0,1,0,0,0,8.8
2025,13,2025_13_ARI_TB,00-0036924,M.Carter,RB,ARI,TB,6,5,47,0,-8,47,3,0,0,0,0.162162162162162,-0.027681660899654,0.223866080613485,5,17,0,0,0,0,0,11.4
2025,14,2025_14_LA_ARI,00-0036924,M.Carter,RB,ARI,LA,4,2,18,0,18,20,1,0,0,0,0.0909090909090909,0.0511363636363636,0.172159090909091,3,13,0,0,0,0,0,5.1
2025,15,2025_15_ARI_HOU,00-0036924,M.Carter,RB,ARI,HOU,4,4,38,0,3,35,2,0,0,0,0.105263157894737,0.01171875,0.166097861842105,14,56,0,0,0,0,0,13.4
2025,16,2025_16_ATL_ARI,00-0036924,M.Carter,RB,ARI,ATL,2,0,0,0,2,0,0,0,0,0,0.0689655172413793,0.0087719298245614,0.109588626739262,11,65,0,2,2,2,0,6.5
2025,17,2025_17_ARI_CIN,00-0036924,M.Carter,RB,ARI,CIN,4,2,14,0,10,9,0,0,0,0,0.114285714285714,0.0350877192982456,0.195989974937343,7,29,0,1,0,0,0,6.3
2025,18,2025_18_ARI_LA,00-0036924,M.Carter,RB,ARI,LA,3,3,21,0,-6,27,1,0,0,0,0.107142857142857,-0.0239043824701195,0.143981217985202,7,18,0,0,0,0,0,6.9
2025,4,2025_04_MIN_PIT,00-0036984,T.Sermon,RB,PIT,MIN,0,0,0,0,0,0,0,0,0,0,0,0,0,0,0,0,0,0,0,0,0
2025,9,2025_09_IND_PIT,00-0036984,T.Sermon,RB,PIT,IND,0,0,0,0,0,0,0,0,0,0,0,0,0,0,0,0,0,0,0,0,0
2025,10,2025_10_PIT_LAC,00-0036984,T.Sermon,RB,PIT,LAC,0,0,0,0,0,0,0,0,0,0,0,0,0,0,0,0,0,0,0,0,0
2025,4,2025_04_CAR_NE,00-0037282,J.Mitchell,TE,CAR,NE,2,2,17,0,6,11,0,0,0,0,0.0625,0.0301507537688442,0.114855527638191,0,0,0,0,0,0,0,3.7
2025,5,2025_05_MIA_CAR,00-0037282,J.Mitchell,TE,CAR,MIA,1,1,11,0,1,10,1,0,0,0,0.037037037037037,0.00409836065573771,0.058424408014572,0,0,0,0,0,0,0,2.1
2025,4,2025_04_WAS_ATL,00-0037524,T.Martin,WR,WAS,ATL,1,1,14,0,14,0,1,0,0,0,0.0416666666666667,0.048951048951049,0.0967657342657343,0,0,0,0,0,0,0,2.4
2025,5,2025_05_WAS_LAC,00-0037524,T.Martin,WR,WAS,LAC,1,1,9,0,4,5,0,0,0,0,0.0434782608695652,0.0167364016736402,0.076932872475896,0,0,0,0,0,0,0,1.9
2025,7,2025_07_PHI_MIN,00-0038564,C.Latu,TE,PHI,MIN,0,0,0,0,0,0,0,0,0,0,0,0,0,0,0,0,0,0,0,0,0
2025,8,2025_08_NYG_PHI,00-0038564,C.Latu,TE,PHI,NYG,0,0,0,0,0,0,0,0,0,0,0,0,0,0,0,0,0,0,0,0,0
2025,11,2025_11_DET_PHI,00-0038564,C.Latu,TE,PHI,DET,0,0,0,0,0,0,0,0,0,0,0,0,0,0,0,0,0,0,0,0,0
2025,12,2025_12_PHI_DAL,00-0038564,C.Latu,TE,PHI,DAL,0,0,0,0,0,0,0,0,0,0,0,0,0,0,0,0,0,0,0,0,0
2025,13,2025_13_CHI_PHI,00-0038564,C.Latu,TE,PHI,CHI,0,0,0,0,0,0,0,0,0,0,0,0,0,0,0,0,0,0,0,0,0
2025,14,2025_14_PHI_LAC,00-0038564,C.Latu,TE,PHI,LAC,0,0,0,0,0,0,0,0,0,0,0,0,0,0,0,0,0,0,0,0,0
2025,18,2025_18_WAS_PHI,00-0038564,C.Latu,TE,PHI,WAS,0,0,0,0,0,0,0,0,0,0,0,0,0,0,0,0,0,0,0,0,0
2025,4,2025_04_SEA_ARI,00-0038752,J.Bobo,WR,SEA,ARI,1,1,17,0,13,4,1,1,0,0,0.0416666666666667,0.0548523206751055,0.100896624472574,0,0,0,0,0,0,0,2.7
2025,5,2025_05_TB_SEA,00-0038752,J.Bobo,WR,SEA,TB,0,0,0,0,0,0,0,0,0,0,0,0,0,0,0,0,0,0,0,0,0
2025,7,2025_07_HOU_SEA,00-0038752,J.Bobo,WR,SEA,HOU,1,1,3,0,1,2,0,0,0,0,0.0344827586206897,0.00357142857142857,0.0542241379310345,0,0,0,0,0,0,0,1.3
2025,12,2025_12_SEA_TEN,00-0038752,J.Bobo,WR,SEA,TEN,0,0,0,0,0,0,0,0,0,0,0,0,0,0,0,0,0,0,0,0,0
2025,17,2025_17_SEA_CAR,00-0038752,J.Bobo,WR,SEA,CAR,0,0,0,0,0,0,0,0,0,0,0,0,0,0,0,0,0,0,0,0,0
2025,4,2025_04_CIN_DEN,00-0038783,N.Adkins,TE,DEN,CIN,3,2,5,0,-3,7,0,0,0,0,0.0714285714285714,-0.0107142857142857,0.0996428571428572,0,0,0,0,0,0,0,2.5
2025,5,2025_05_DEN_PHI,00-0038783,N.Adkins,TE,DEN,PHI,1,0,0,0,1,0,0,0,0,0,0.0277777777777778,0.00314465408805031,0.0438679245283019,0,0,0,0,0,0,0,0
2025,6,2025_06_DEN_NYJ,00-0038783,N.Adkins,TE,DEN,NYJ,2,2,23,1,17,6,1,1,0,0,0.0769230769230769,0.111111111111111,0.193162393162393,0,0,0,0,0,0,0,10.3
2025,7,2025_07_NYG_DEN,00-0038783,N.Adkins,TE,DEN,NYG,3,2,20,0,7,13,1,0,0,0,0.0612244897959184,0.0178117048346056,0.104304928078101,0,0,0,0,0,0,0,4
2025,8,2025_08_DAL_DEN,00-0038783,N.Adkins,TE,DEN,DAL,1,0,0,0,7,0,0,0,0,0,0.037037037037037,0.0234113712374582,0.0719435154217763,0,0,0,0,0,0,0,0
2025,16,2025_16_JAX_DEN,00-0038783,N.Adkins,TE,DEN,JAX,1,0,0,0,6,0,0,0,0,0,0.0217391304347826,0.0133630289532294,0.0419628159194345,0,0,0,0,0,0,0,0
2025,12,2025_12_MIN_GB,00-0038994,J.Addison,WR,MIN,GB,1,0,0,0,-1,0,0,0,0,0,0.0555555555555556,-0.01,0.0763333333333333,0,0,0,0,0,0,0,0
2025,13,2025_13_MIN_SEA,00-0038994,J.Addison,WR,MIN,SEA,10,5,36,0,110,6,1,0,0,0,0.344827586206897,0.658682634730539,0.978319223621722,0,0,0,0,0,0,0,8.6
2025,14,2025_14_WAS_MIN,00-0038994,J.Addison,WR,MIN,WAS,7,4,62,0,78,13,3,2,2,0,0.304347826086957,0.509803921568627,0.813384484228474,0,0,0,0,0,0,0,10.2
2025,15,2025_15_MIN_DAL,00-0038994,J.Addison,WR,MIN,DAL,2,2,66,0,48,18,1,1,1,1,0.0833333333333333,0.192771084337349,0.259939759036145,0,0,0,0,0,0,0,8.6
2025,16,2025_16_MIN_NYG,00-0038994,J.Addison,WR,MIN,NYG,3,2,26,0,50,1,1,1,1,0,0.130434782608696,0.4,0.475652173913043,0,0,0,0,0,0,0,4.6
2025,17,2025_17_DET_MIN,00-0038994,J.Addison,WR,MIN,DET,1,0,0,0,19,0,0,0,0,0,0.0714285714285714,0.283582089552239,0.305650319829424,1,65,1,1,1,1,1,12.5
2025,18,2025_18_GB_MIN,00-0038994,J.Addison,WR,MIN,GB,3,1,8,0,36,0,0,0,0,0,0.1,0.181818181818182,0.277272727272727,0,0,0,0,0,0,0,1.8
2025,10,2025_10_PIT_LAC,00-0039391,K.Vidal,RB,LAC,PIT,1,1,13,0,-5,18,1,0,0,0,0.0303030303030303,-0.0320512820512821,0.023018648018648,25,95,1,4,1,0,0,17.8
2025,11,2025_11_LAC_JAX,00-0039391,K.Vidal,RB,LAC,JAX,2,2,-1,0,-11,10,0,0,0,0,0.0833333333333333,-0.0597826086956522,0.0831521739130435,5,13,0,0,0,0,0,3.2
2025,13,2025_13_LV_LAC,00-0039391,K.Vidal,RB,LAC,LV,1,1,11,0,-1,12,1,0,0,0,0.0476190476190476,-0.0050251256281407,0.0679109834888729,25,126,1,1,1,1,1,20.7
2025,14,2025_14_PHI_LAC,00-0039391,K.Vidal,RB,LAC,PHI,3,1,60,0,19,59,1,1,1,1,0.130434782608696,0.0703703703703704,0.244911433172303,14,44,0,0,0,0,0,11.4
2025,15,2025_15_LAC_KC,00-0039391,K.Vidal,RB,LAC,KC,1,1,15,0,-4,19,1,0,0,0,0.0384615384615385,-0.0202020202020202,0.0435508935508936,12,33,0,0,0,0,0,5.8
2025,16,2025_16_LAC_DAL,00-0039391,K.Vidal,RB,LAC,DAL,0,0,0,0,0,0,0,0,0,0,0,0,0,5,11,0,0,0,0,0,1.1
2025,18,2025_18_LAC_DEN,00-0039391,K.Vidal,RB,LAC,DEN,1,1,-2,0,-3,1,0,0,0,0,0.0263157894736842,-0.00759493670886076,0.0341572285143238,3,12,0,0,0,0,0,2
2025,4,2025_04_SEA_ARI,00-0039521,X.Weaver,WR,ARI,SEA,1,0,0,0,27,0,0,0,0,0,0.025,0.113445378151261,0.116911764705882,0,0,0,0,0,0,0,0
2025,7,2025_07_GB_ARI,00-0039521,X.Weaver,WR,ARI,GB,0,0,0,0,0,0,0,0,0,0,0,0,0,0,0,0,0,0,0,0,0
2025,11,2025_11_SF_ARI,00-0039521,X.Weaver,WR,ARI,SF,3,2,15,0,35,5,0,0,0,0,0.0535714285714286,0.0902061855670103,0.14350147275405,0,0,0,0,0,0,0,3.5
2025,12,2025_12_JAX_ARI,00-0039521,X.Weaver,WR,ARI,JAX,3,1,9,0,64,0,0,0,0,0,0.0652173913043478,0.167979002624672,0.215411388793792,0,0,0,0,0,0,0,1.9
2025,13,2025_13_ARI_TB,00-0039521,X.Weaver,WR,ARI,TB,1,0,0,0,5,0,0,0,0,0,0.027027027027027,0.0173010380622837,0.0526512671841392,0,0,0,0,0,0,0,0
2025,16,2025_16_ATL_ARI,00-0039521,X.Weaver,WR,ARI,ATL,2,2,19,0,13,6,1,0,0,0,0.0689655172413793,0.0570175438596491,0.143360556563823,0,0,0,0,0,0,0,3.9
2025,17,2025_17_ARI_CIN,00-0039521,X.Weaver,WR,ARI,CIN,3,2,24,0,48,9,1,1,1,0,0.0857142857142857,0.168421052631579,0.246466165413534,0,0,0,0,0,0,0,4.4
2025,4,2025_04_PHI_TB,00-0039754,D.Culp,TE,TB,PHI,0,0,0,0,0,0,0,0,0,0,0,0,0,0,0,0,0,0,0,0,0
2025,6,2025_06_SF_TB,00-0039754,D.Culp,TE,TB,SF,0,0,0,0,0,0,0,0,0,0,0,0,0,0,0,0,0,0,0,0,0
2025,13,2025_13_ARI_TB,00-0039754,D.Culp,TE,TB,ARI,0,0,0,0,0,0,0,0,0,0,0,0,0,0,0,0,0,0,0,0,0
2025,15,2025_15_ATL_TB,00-0039754,D.Culp,TE,TB,ATL,1,1,6,1,6,0,0,0,0,0,0.03125,0.0167130919220056,0.0585741643454039,0,0,0,0,0,0,0,7.6
2025,4,2025_04_CHI_LV,00-0040277,J.Walker,WR,CHI,LV,0,0,0,0,0,0,0,0,0,0,0,0,0,0,0,0,0,0,0,0,0
2025,8,2025_08_CHI_BAL,00-0040277,J.Walker,WR,CHI,BAL,0,0,0,0,0,0,0,0,0,0,0,0,0,0,0,0,0,0,0,0,0
2025,9,2025_09_CHI_CIN,00-0040277,J.Walker,WR,CHI,CIN,0,0,0,0,0,0,0,0,0,0,0,0,0,0,0,0,0,0,0,0,0
2025,16,2025_16_GB_CHI,00-0040277,J.Walker,WR,CHI,GB,3,2,21,1,44,0,1,0,0,0,0.103448275862069,0.132930513595166,0.24822377330972,0,0,0,0,0,0,0,10.1
2025,17,2025_17_CHI_SF,00-0040277,J.Walker,WR,CHI,SF,4,2,30,0,39,3,2,1,0,0,0.102564102564103,0.128712871287129,0.243945163747144,0,0,0,0,0,0,0,5
2025,18,2025_18_DET_CHI,00-0040277,J.Walker,WR,CHI,DET,3,2,36,1,47,5,2,1,1,0,0.103448275862069,0.180769230769231,0.281710875331565,0,0,0,0,0,0,0,11.6
2025,4,2025_04_BAL_KC,00-0040646,J.Royals,WR,KC,BAL,0,0,0,0,0,0,0,0,0,0,0,0,0,0,0,0,0,0,0,0,0
2025,18,2025_18_KC_LV,00-0040646,J.Royals,WR,KC,LV,3,2,4,0,22,4,0,0,0,0,0.1,0.0986547085201794,0.219058295964126,0,0,0,0,0,0,0,2.4
2025,12,2025_12_IND_KC,00-0032104,A.Abdullah,RB,IND,KC,1,0,0,0,3,0,0,0,0,0,0.032258064516129,0.0215827338129496,0.0634950104432583,0,0,0,0,0,0,0,0
2025,13,2025_13_HOU_IND,00-0032104,A.Abdullah,RB,IND,HOU,0,0,0,0,0,0,0,0,0,0,0,0,0,0,0,0,0,0,0,0,0
2025,14,2025_14_IND_JAX,00-0032104,A.Abdullah,RB,IND,JAX,2,2,5,0,-5,10,0,0,0,0,0.0555555555555556,-0.021551724137931,0.0682471264367816,1,4,0,0,0,0,0,2.9
2025,15,2025_15_IND_SEA,00-0032104,A.Abdullah,RB,IND,SEA,5,5,32,0,-5,37,2,0,0,0,0.192307692307692,-0.0352112676056338,0.263813651137595,4,15,0,0,0,0,0,9.7
2025,16,2025_16_SF_IND,00-0032104,A.Abdullah,RB,IND,SF,1,1,4,0,-2,6,0,0,0,0,0.0277777777777778,-0.00593471810089021,0.0375123639960435,0,0,0,0,0,0,0,1.4
2025,17,2025_17_JAX_IND,00-0032104,A.Abdullah,RB,IND,JAX,1,1,4,0,1,3,0,0,0,0,0.0344827586206897,0.00347222222222222,0.05415469348659,0,0,0,0,0,0,0,1.4
2025,18,2025_18_IND_HOU,00-0032104,A.Abdullah,RB,IND,HOU,2,2,24,0,0,24,1,0,0,0,0.0606060606060606,0,0.0909090909090909,1,1,0,0,0,0,0,4.5
2025,7,2025_07_PHI_MIN,00-0032918,C.Ham,FB,MIN,PHI,1,1,5,0,4,1,0,0,0,0,0.025,0.00950118764845606,0.0441508313539192,0,0,0,0,0,0,0,1.5
2025,10,2025_10_BAL_MIN,00-0032918,C.Ham,FB,MIN,BAL,0,0,0,0,0,0,0,0,0,0,0,0,0,0,0,0,0,0,0,0,0
2025,11,2025_11_CHI_MIN,00-0032918,C.Ham,FB,MIN,CHI,0,0,0,0,0,0,0,0,0,0,0,0,0,0,0,0,0,0,0,0,0
2025,15,2025_15_MIN_DAL,00-0032918,C.Ham,FB,MIN,DAL,0,0,0,0,0,0,0,0,0,0,0,0,0,1,1,1,0,0,0,0,6.1
2025,16,2025_16_MIN_NYG,00-0032918,C.Ham,FB,MIN,NYG,0,0,0,0,0,0,0,0,0,0,0,0,0,1,3,0,0,0,0,0,0.3
2025,17,2025_17_DET_MIN,00-0032918,C.Ham,FB,MIN,DET,0,0,0,0,0,0,0,0,0,0,0,0,0,0,0,0,0,0,0,0,0
2025,18,2025_18_GB_MIN,00-0032918,C.Ham,FB,MIN,GB,1,1,6,0,-2,8,0,0,0,0,0.0333333333333333,-0.0101010101010101,0.0429292929292929,1,1,1,0,0,0,0,7.7
2025,12,2025_12_ATL_NO,00-0033357,T.Hill,TE,NO,ATL,0,0,0,0,0,0,0,0,0,0,0,0,0,10,17,0,0,0,0,0,1.7
2025,13,2025_13_NO_MIA,00-0033357,T.Hill,TE,NO,MIA,1,1,5,0,5,0,0,0,0,0,0.0294117647058824,0.0185873605947955,0.0571287994751804,1,2,0,0,0,0,0,1.7
2025,14,2025_14_NO_TB,00-0033357,T.Hill,TE,NO,TB,2,0,0,0,3,0,0,0,0,0,0.1,0.0189873417721519,0.163291139240506,2,-1,0,0,0,0,0,-0.1
2025,15,2025_15_CAR_NO,00-0033357,T.Hill,TE,NO,CAR,0,0,0,0,0,0,0,0,0,0,0,0,0,2,2,0,0,0,0,0,0.2
2025,16,2025_16_NYJ_NO,00-0033357,T.Hill,TE,NO,NYJ,6,4,36,0,30,50,1,1,0,0,0.127659574468085,0.0710900473933649,0.241252394877483,12,42,0,0,0,0,0,15.32
2025,17,2025_17_NO_TEN,00-0033357,T.Hill,TE,NO,TEN,0,0,0,0,0,0,0,0,0,0,0,0,0,3,0,0,0,0,0,0,0
2025,18,2025_18_NO_ATL,00-0033357,T.Hill,TE,NO,ATL,3,3,32,0,3,29,2,0,0,0,0.0882352941176471,0.0106761565836299,0.139826250785012,0,0,0,0,0,0,0,6.2
2025,5,2025_05_SF_LA,00-0034867,M.Turner,WR,SF,LA,1,0,0,0,-5,0,0,0,0,0,0.0208333333333333,-0.0172413793103448,0.0191810344827586,0,0,0,0,0,0,0,0
2025,7,2025_07_ATL_SF,00-0034867,M.Turner,WR,SF,ATL,0,0,0,0,0,0,0,0,0,0,0,0,0,0,0,0,0,0,0,0,0
2025,5,2025_05_LV_IND,00-0036423,A.Okwuegbunam,TE,LV,IND,6,5,36,0,18,34,1,1,0,0,0.166666666666667,0.0737704918032787,0.301639344262295,0,0,0,0,0,0,0,8.6
2025,5,2025_05_MIA_CAR,00-0036425,D.Dallas,RB,CAR,MIA,0,0,0,0,0,0,0,0,0,0,0,0,0,0,0,0,0,0,0,0,0
2025,6,2025_06_DAL_CAR,00-0036425,D.Dallas,RB,CAR,DAL,0,0,0,0,0,0,0,0,0,0,0,0,0,1,0,0,0,0,0,0,0
2025,16,2025_16_JAX_DEN,00-0036425,D.Dallas,RB,JAX,DEN,0,0,0,0,0,0,0,0,0,0,0,0,0,0,0,0,0,0,0,0,0
2025,17,2025_17_JAX_IND,00-0036425,D.Dallas,RB,JAX,IND,1,0,0,0,-1,0,0,0,0,0,0.027027027027027,-0.00276243093922652,0.038606838883082,2,21,0,1,1,0,0,2.1
2025,18,2025_18_TEN_JAX,00-0036425,D.Dallas,RB,JAX,TEN,0,0,0,0,0,0,0,0,0,0,0,0,0,0,0,0,0,0,0,0,0
2025,9,2025_09_SEA_WAS,00-0036628,J.Bates,TE,WAS,SEA,4,2,20,0,18,16,2,0,0,0,0.19047619047619,0.144,0.386514285714286,0,0,0,0,0,0,0,4
2025,10,2025_10_DET_WAS,00-0036628,J.Bates,TE,WAS,DET,2,1,6,0,0,0,0,0,0,0,0.0909090909090909,0,0.136363636363636,0,0,0,0,0,0,0,1.6
2025,13,2025_13_DEN_WAS,00-0036628,J.Bates,TE,WAS,DEN,2,2,9,0,1,8,0,0,0,0,0.0444444444444444,0.00167224080267559,0.0678372352285396,0,0,0,0,0,0,0,2.9
2025,14,2025_14_WAS_MIN,00-0036628,J.Bates,TE,WAS,MIN,0,0,0,0,0,0,0,0,0,0,0,0,0,0,0,0,0,0,0,0,0
2025,15,2025_15_WAS_NYG,00-0036628,J.Bates,TE,WAS,NYG,1,1,19,0,13,6,1,1,0,0,0.0625,0.0501930501930502,0.128885135135135,0,0,0,0,0,0,0,2.9
2025,16,2025_16_PHI_WAS,00-0036628,J.Bates,TE,WAS,PHI,1,0,0,0,10,0,0,0,0,0,0.05,0.0584795321637427,0.11593567251462,0,0,0,0,0,0,0,0
2025,18,2025_18_WAS_PHI,00-0036628,J.Bates,TE,WAS,PHI,2,2,13,1,-2,15,1,0,0,0,0.105263157894737,-0.016260162601626,0.146512623020967,0,0,0,0,0,0,0,9.3
2025,5,2025_05_HOU_BAL,00-0036898,D.Mills,QB,HOU,BAL,0,0,0,0,0,0,0,0,0,0,0,0,0,3,3,0,0,0,0,0,1.22
2025,9,2025_09_DEN_HOU,00-0036898,D.Mills,QB,HOU,DEN,0,0,0,0,0,0,0,0,0,0,0,0,0,2,7,0,0,0,0,0,6.18
2025,10,2025_10_JAX_HOU,00-0036898,D.Mills,QB,HOU,JAX,0,0,0,0,0,0,0,0,0,0,0,0,0,3,20,1,1,1,0,0,27.68
2025,11,2025_11_HOU_TEN,00-0036898,D.Mills,QB,HOU,TEN,0,0,0,0,0,0,0,0,0,0,0,0,0,2,14,0,1,0,0,0,16.36
2025,12,2025_12_BUF_HOU,00-0036898,D.Mills,QB,HOU,BUF,0,0,0,0,0,0,0,0,0,0,0,0,0,2,4,0,0,0,0,0,14.52
2025,18,2025_18_IND_HOU,00-0036898,D.Mills,QB,HOU,IND,0,0,0,0,0,0,0,0,0,0,0,0,0,1,12,0,1,1,0,0,2.64
2025,5,2025_05_DAL_NYJ,00-0036906,K.Herbert,RB,NYJ,DAL,0,0,0,0,0,0,0,0,0,0,0,0,0,0,0,0,0,0,0,0,0
2025,14,2025_14_MIA_NYJ,00-0036906,K.Herbert,RB,NYJ,MIA,0,0,0,0,0,0,0,0,0,0,0,0,0,0,0,0,0,0,0,0,0
2025,15,2025_15_NYJ_JAX,00-0036906,K.Herbert,RB,NYJ,JAX,1,0,0,0,-4,0,0,0,0,0,0.03125,-0.0187793427230047,0.0337294600938967,2,5,0,0,0,0,0,0.5
2025,17,2025_17_NE_NYJ,00-0036906,K.Herbert,RB,NYJ,NE,1,0,0,0,-3,0,0,0,0,0,0.03125,-0.02,0.032875,2,5,0,0,0,0,0,0.5
2025,18,2025_18_NYJ_BUF,00-0036906,K.Herbert,RB,NYJ,BUF,2,1,4,0,-6,9,0,0,0,0,0.0909090909090909,-0.0821917808219178,0.0788293897882939,12,42,0,0,0,0,0,5.6
2025,5,2025_05_DAL_NYJ,00-0036950,A.Williams,RB,NYJ,DAL,0,0,0,0,0,0,0,0,0,0,0,0,0,0,0,0,0,0,0,0,0
2025,5,2025_05_WAS_LAC,00-0037012,T.Lance,QB,LAC,WAS,0,0,0,0,0,0,0,0,0,0,0,0,0,1,11,0,1,0,0,0,2.86
2025,11,2025_11_LAC_JAX,00-0037012,T.Lance,QB,LAC,JAX,0,0,0,0,0,0,0,0,0,0,0,0,0,3,1,0,0,0,0,0,1.58
2025,13,2025_13_LV_LAC,00-0037012,T.Lance,QB,LAC,LV,0,0,0,0,0,0,0,0,0,0,0,0,0,4,4,0,0,0,0,0,0.76
2025,18,2025_18_LAC_DEN,00-0037012,T.Lance,QB,LAC,DEN,0,0,0,0,0,0,0,0,0,0,0,0,0,9,69,0,4,2,1,0,8.34
2025,11,2025_11_BAL_CLE,00-0037838,I.Likely,TE,BAL,CLE,3,2,15,0,20,8,1,0,0,0,0.12,0.100502512562814,0.25035175879397,0,0,0,0,0,0,0,3.5
2025,12,2025_12_NYJ_BAL,00-0037838,I.Likely,TE,BAL,NYJ,3,1,10,0,43,0,1,0,0,0,0.15,0.191964285714286,0.359375,0,0,0,0,0,0,0,2
2025,13,2025_13_CIN_BAL,00-0037838,I.Likely,TE,BAL,CIN,6,5,95,0,71,42,2,2,2,1,0.2,0.186351706036745,0.430446194225722,0,0,0,0,0,0,0,12.5
2025,14,2025_14_PIT_BAL,00-0037838,I.Likely,TE,BAL,PIT,6,4,25,1,31,10,0,0,0,0,0.181818181818182,0.120622568093385,0.357163070392642,0,0,0,0,0,0,0,12.5
2025,16,2025_16_NE_BAL,00-0037838,I.Likely,TE,BAL,NE,0,0,0,0,0,0,0,0,0,0,0,0,0,0,0,0,0,0,0,0,0
2025,17,2025_17_BAL_GB,00-0037838,I.Likely,TE,BAL,GB,3,3,27,0,17,10,1,0,0,0,0.15,0.2125,0.37375,0,0,0,0,0,0,0,5.7
2025,18,2025_18_BAL_PIT,00-0037838,I.Likely,TE,BAL,PIT,2,2,32,0,24,8,1,1,1,0,0.117647058823529,0.135593220338983,0.271385842472582,0,0,0,0,0,0,0,5.2
2025,12,2025_12_NYJ_BAL,00-0038454,K.Mitchell,RB,BAL,NYJ,1,1,9,0,1,8,0,0,0,0,0.05,0.00446428571428571,0.078125,2,10,0,0,0,0,0,2.9
2025,13,2025_13_CIN_BAL,00-0038454,K.Mitchell,RB,BAL,CIN,3,2,12,0,-7,14,1,0,0,0,0.1,-0.0183727034120735,0.137139107611549,2,19,1,1,1,0,0,11.1
2025,14,2025_14_PIT_BAL,00-0038454,K.Mitchell,RB,BAL,PIT,0,0,0,0,0,0,0,0,0,0,0,0,0,6,76,0,1,1,1,1,7.6
2025,15,2025_15_BAL_CIN,00-0038454,K.Mitchell,RB,BAL,CIN,1,0,0,0,-4,0,0,0,0,0,0.0833333333333333,-0.0310077519379845,0.103294573643411,8,66,0,3,2,1,0,6.6
2025,16,2025_16_NE_BAL,00-0038454,K.Mitchell,RB,BAL,NE,0,0,0,0,0,0,0,0,0,0,0,0,0,9,13,0,0,0,0,0,1.3
2025,17,2025_17_BAL_GB,00-0038454,K.Mitchell,RB,BAL,GB,2,2,7,0,-7,14,0,0,0,0,0.1,-0.0875,0.08875,9,31,0,1,1,0,0,5.8
2025,18,2025_18_BAL_PIT,00-0038454,K.Mitchell,RB,BAL,PIT,0,0,0,0,0,0,0,0,0,0,0,0,0,2,2,0,0,0,0,0,0.2
2025,5,2025_05_TEN_ARI,00-0038456,T.Vokolek,TE,ARI,TEN,0,0,0,0,0,0,0,0,0,0,0,0,0,0,0,0,0,0,0,0,0
2025,5,2025_05_DAL_NYJ,00-0038640,J.Brooks,WR,DAL,NYJ,0,0,0,0,0,0,0,0,0,0,0,0,0,0,0,0,0,0,0,0,0
2025,14,2025_14_LA_ARI,00-0038640,J.Brooks,WR,ARI,LA,3,2,32,0,40,18,2,1,1,0,0.0681818181818182,0.113636363636364,0.181818181818182,0,0,0,0,0,0,0,5.2
2025,15,2025_15_ARI_HOU,00-0038640,J.Brooks,WR,ARI,HOU,3,1,19,0,28,1,1,1,0,0,0.0789473684210526,0.109375,0.194983552631579,0,0,0,0,0,0,0,2.9
2025,16,2025_16_ATL_ARI,00-0038640,J.Brooks,WR,ARI,ATL,0,0,0,0,0,0,0,0,0,0,0,0,0,0,0,0,0,0,0,0,0
2025,18,2025_18_ARI_LA,00-0038640,J.Brooks,WR,ARI,LA,0,0,0,0,0,0,0,0,0,0,0,0,0,0,0,0,0,0,0,0,0
2025,5,2025_05_DAL_NYJ,00-0038740,J.Moreno-Cropper,WR,DAL,NYJ,0,0,0,0,0,0,0,0,0,0,0,0,0,0,0,0,0,0,0,0,0
2025,6,2025_06_DAL_CAR,00-0038740,J.Moreno-Cropper,WR,DAL,CAR,0,0,0,0,0,0,0,0,0,0,0,0,0,0,0,0,0,0,0,0,0
2025,5,2025_05_NYG_NO,00-0038938,J.Hyatt,WR,NYG,NO,3,0,0,0,113,0,0,0,0,0,0.0769230769230769,0.344512195121951,0.356543151969981,0,0,0,0,0,0,0,0
2025,6,2025_06_PHI_NYG,00-0038938,J.Hyatt,WR,NYG,PHI,5,3,17,0,33,2,0,0,0,0,0.192307692307692,0.138075313807531,0.38511425812681,0,0,0,0,0,0,0,4.7
2025,7,2025_07_NYG_DEN,00-0038938,J.Hyatt,WR,NYG,DEN,1,0,0,0,49,0,0,0,0,0,0.0303030303030303,0.14327485380117,0.145746943115364,0,0,0,0,0,0,0,0
2025,9,2025_09_SF_NYG,00-0038938,J.Hyatt,WR,NYG,SF,0,0,0,0,0,0,0,0,0,0,0,0,0,0,0,0,0,0,0,0,0
2025,11,2025_11_GB_NYG,00-0038938,J.Hyatt,WR,NYG,GB,4,2,18,0,71,0,1,0,0,0,0.137931034482759,0.324200913242009,0.433837190993544,0,0,0,0,0,0,0,3.8
2025,15,2025_15_WAS_NYG,00-0038938,J.Hyatt,WR,NYG,WAS,1,0,0,0,14,0,0,0,0,0,0.0277777777777778,0.0325581395348837,0.0644573643410853,0,0,0,0,0,0,0,0
2025,12,2025_12_SEA_TEN,00-0039032,T.Spears,RB,TEN,SEA,5,4,21,0,-27,41,1,0,0,0,0.131578947368421,-0.138461538461538,0.100445344129555,3,4,0,0,0,0,0,6.5
2025,13,2025_13_JAX_TEN,00-0039032,T.Spears,RB,TEN,JAX,6,6,25,0,4,21,1,0,0,0,0.171428571428571,0.0161290322580645,0.268433179723502,2,-1,0,0,0,0,0,8.4
2025,14,2025_14_TEN_CLE,00-0039032,T.Spears,RB,TEN,CLE,4,2,28,0,2,27,1,1,1,0,0.16,0.0114942528735632,0.248045977011494,8,19,0,0,0,0,0,6.7
2025,15,2025_15_TEN_SF,00-0039032,T.Spears,RB,TEN,SF,2,2,2,0,0,2,0,0,0,0,0.0740740740740741,0,0.111111111111111,3,34,0,1,1,1,0,5.6
2025,16,2025_16_KC_TEN,00-0039032,T.Spears,RB,TEN,KC,5,5,53,0,-19,72,1,1,1,0,0.185185185185185,-0.116564417177914,0.196182685753238,13,52,1,2,1,0,0,21.5
2025,17,2025_17_NO_TEN,00-0039032,T.Spears,RB,TEN,NO,2,1,-1,0,-24,4,0,0,0,0,0.0571428571428571,-0.064343163538874,0.0406740712370739,6,2,0,0,0,0,0,1.1
2025,18,2025_18_TEN_JAX,00-0039032,T.Spears,RB,TEN,JAX,7,7,9,0,-36,45,0,0,0,0,0.212121212121212,-0.283464566929134,0.119756621331424,3,18,0,0,0,0,0,9.7
2025,5,2025_05_HOU_BAL,00-0039458,B.Bates,TE,HOU,BAL,2,2,23,0,23,0,1,1,0,0,0.0645161290322581,0.0888030888030888,0.158936355710549,0,0,0,0,0,0,0,4.3
2025,15,2025_15_CLE_CHI,00-0039458,B.Bates,TE,CLE,CHI,0,0,0,0,0,0,0,0,0,0,0,0,0,0,0,0,0,0,0,0,0
2025,16,2025_16_BUF_CLE,00-0039458,B.Bates,TE,CLE,BUF,1,0,0,0,1,0,0,0,0,0,0.037037037037037,0.0144927536231884,0.0657004830917875,0,0,0,0,0,0,0,0
2025,17,2025_17_PIT_CLE,00-0039458,B.Bates,TE,CLE,PIT,1,1,19,0,12,7,1,1,0,0,0.0434782608695652,0.0634920634920635,0.109661835748792,0,0,0,0,0,0,0,2.9
2025,18,2025_18_CLE_CIN,00-0039458,B.Bates,TE,CLE,CIN,1,1,6,0,3,3,0,0,0,0,0.0476190476190476,0.0153061224489796,0.0821428571428571,0,0,0,0,0,0,0,1.6
2025,8,2025_08_SF_HOU,00-0039603,B.Brooks,RB,HOU,SF,0,0,0,0,0,0,0,0,0,0,0,0,0,0,0,0,0,0,0,0,0
2025,9,2025_09_DEN_HOU,00-0039603,B.Brooks,RB,HOU,DEN,0,0,0,0,0,0,0,0,0,0,0,0,0,2,0,0,0,0,0,0,0
2025,12,2025_12_BUF_HOU,00-0039603,B.Brooks,RB,HOU,BUF,0,0,0,0,0,0,0,0,0,0,0,0,0,0,0,0,0,0,0,0,0
2025,14,2025_14_HOU_KC,00-0039603,B.Brooks,RB,HOU,KC,0,0,0,0,0,0,0,0,0,0,0,0,0,0,0,0,0,0,0,0,0
2025,15,2025_15_ARI_HOU,00-0039603,B.Brooks,RB,HOU,ARI,0,0,0,0,0,0,0,0,0,0,0,0,0,0,0,0,0,0,0,0,0
2025,16,2025_16_LV_HOU,00-0039603,B.Brooks,RB,HOU,LV,0,0,0,0,0,0,0,0,0,0,0,0,0,0,0,0,0,0,0,0,0
2025,18,2025_18_IND_HOU,00-0039603,B.Brooks,RB,HOU,IND,0,0,0,0,0,0,0,0,0,0,0,0,0,13,63,0,1,1,1,0,6.3
2025,12,2025_12_CLE_LV,00-0039920,M.Corley,WR,CLE,LV,1,1,8,0,-3,11,0,0,0,0,0.0555555555555556,-0.0153846153846154,0.0725641025641026,1,-6,0,0,0,0,0,1.2
2025,13,2025_13_SF_CLE,00-0039920,M.Corley,WR,CLE,SF,0,0,0,0,0,0,0,0,0,0,0,0,0,1,9,0,0,0,0,0,0.9
2025,14,2025_14_TEN_CLE,00-0039920,M.Corley,WR,CLE,TEN,0,0,0,0,0,0,0,0,0,0,0,0,0,1,2,0,0,0,0,0,0.2
2025,15,2025_15_CLE_CHI,00-0039920,M.Corley,WR,CLE,CHI,1,1,10,0,4,6,1,0,0,0,0.032258064516129,0.0132013201320132,0.0576280208666028,0,0,0,0,0,0,0,2
2025,16,2025_16_BUF_CLE,00-0039920,M.Corley,WR,CLE,BUF,4,2,11,0,-5,4,1,0,0,0,0.148148148148148,-0.072463768115942,0.171497584541063,3,30,0,2,2,0,0,6.1
2025,17,2025_17_PIT_CLE,00-0039920,M.Corley,WR,CLE,PIT,1,1,4,0,4,0,0,0,0,0,0.0434782608695652,0.0211640211640212,0.0800322061191626,0,0,0,0,0,0,0,1.4
2025,18,2025_18_CLE_CIN,00-0039920,M.Corley,WR,CLE,CIN,2,2,20,0,1,19,1,1,0,0,0.0952380952380952,0.00510204081632653,0.146428571428571,3,18,0,0,0,0,0,5.8
2025,8,2025_08_BUF_CAR,00-0040218,Ji.Horn,WR,CAR,BUF,1,0,0,0,16,0,0,0,0,0,0.0434782608695652,0.082051282051282,0.122653288740245,2,9,0,0,0,0,0,0.9
2025,9,2025_09_CAR_GB,00-0040218,Ji.Horn,WR,CAR,GB,2,1,1,0,-3,1,0,0,0,0,0.105263157894737,-0.024,0.141094736842105,1,7,0,0,0,0,0,1.8
2025,12,2025_12_CAR_SF,00-0040218,Ji.Horn,WR,CAR,SF,1,1,11,0,-6,17,1,0,0,0,0.037037037037037,-0.0350877192982456,0.0309941520467836,0,0,0,0,0,0,0,2.1
2025,15,2025_15_CAR_NO,00-0040218,Ji.Horn,WR,CAR,NO,1,1,7,0,1,6,0,0,0,0,0.05,0.00487804878048781,0.0784146341463415,0,0,0,0,0,0,0,1.7
2025,16,2025_16_TB_CAR,00-0040218,Ji.Horn,WR,CAR,TB,0,0,0,0,0,0,0,0,0,0,0,0,0,1,25,0,1,1,1,0,2.5
2025,17,2025_17_SEA_CAR,00-0040218,Ji.Horn,WR,CAR,SEA,2,2,9,0,-8,17,0,0,0,0,0.0952380952380952,-0.186046511627907,0.012624584717608,0,0,0,0,0,0,0,2.9
2025,18,2025_18_CAR_TB,00-0040218,Ji.Horn,WR,CAR,TB,1,1,15,0,14,1,1,0,0,0,0.0333333333333333,0.0553359683794466,0.0887351778656127,0,0,0,0,0,0,0,2.5
2025,12,2025_12_CLE_LV,00-0040259,G.Larvadain,WR,CLE,LV,0,0,0,0,0,0,0,0,0,0,0,0,0,0,0,0,0,0,0,0,0
2025,13,2025_13_SF_CLE,00-0040259,G.Larvadain,WR,CLE,SF,3,2,23,0,18,6,2,0,0,0,0.130434782608696,0.104046242774566,0.26848454385524,0,0,0,0,0,0,0,4.3
2025,14,2025_14_TEN_CLE,00-0040259,G.Larvadain,WR,CLE,TEN,3,2,18,0,35,11,1,0,0,0,0.0789473684210526,0.114754098360656,0.198748921484038,0,0,0,0,0,0,0,3.8
2025,15,2025_15_CLE_CHI,00-0040259,G.Larvadain,WR,CLE,CHI,2,1,8,0,18,5,0,0,0,0,0.0645161290322581,0.0594059405940594,0.138358351964229,0,0,0,0,0,0,0,1.8
2025,16,2025_16_BUF_CLE,00-0040259,G.Larvadain,WR,CLE,BUF,0,0,0,0,0,0,0,0,0,0,0,0,0,0,0,0,0,0,0,0,0
2025,17,2025_17_PIT_CLE,00-0040259,G.Larvadain,WR,CLE,PIT,0,0,0,0,0,0,0,0,0,0,0,0,0,0,0,0,0,0,0,0,0
2025,18,2025_18_CLE_CIN,00-0040259,G.Larvadain,WR,CLE,CIN,0,0,0,0,0,0,0,0,0,0,0,0,0,0,0,0,0,0,0,0,0
2025,5,2025_05_TB_SEA,00-0040429,J.Williams,RB,TB,SEA,0,0,0,0,0,0,0,0,0,0,0,0,0,0,0,0,0,0,0,0,0
2025,8,2025_08_TB_NO,00-0040429,J.Williams,RB,TB,NO,0,0,0,0,0,0,0,0,0,0,0,0,0,4,11,0,0,0,0,0,1.1
2025,5,2025_05_DAL_NYJ,00-0040586,J.Blue,RB,DAL,NYJ,0,0,0,0,0,0,0,0,0,0,0,0,0,4,7,0,0,0,0,0,0.7
2025,6,2025_06_DAL_CAR,00-0040586,J.Blue,RB,DAL,CAR,0,0,0,0,0,0,0,0,0,0,0,0,0,3,0,0,0,0,0,0,0
2025,7,2025_07_WAS_DAL,00-0040586,J.Blue,RB,DAL,WAS,1,1,5,0,-5,10,0,0,0,0,0.0333333333333333,-0.0235849056603774,0.0334905660377359,7,29,0,0,0,0,0,4.4
2025,8,2025_08_DAL_DEN,00-0040586,J.Blue,RB,DAL,DEN,0,0,0,0,0,0,0,0,0,0,0,0,0,8,29,0,1,1,0,0,2.9
2025,18,2025_18_DAL_NYG,00-0040586,J.Blue,RB,DAL,NYG,0,0,0,0,0,0,0,0,0,0,0,0,0,16,64,1,4,2,1,0,12.4
2025,10,2025_10_LA_SF,00-0040737,T.Ferguson,TE,LA,SF,4,1,32,0,88,11,1,1,1,0,0.117647058823529,0.265060240963855,0.362012756909993,0,0,0,0,0,0,0,4.2
2025,12,2025_12_TB_LA,00-0040737,T.Ferguson,TE,LA,TB,1,0,0,0,16,0,0,0,0,0,0.0294117647058824,0.0642570281124498,0.0890975667375384,0,0,0,0,0,0,0,0
2025,13,2025_13_LA_CAR,00-0040737,T.Ferguson,TE,LA,CAR,2,0,0,0,34,0,0,0,0,0,0.0740740740740741,0.153846153846154,0.218803418803419,0,0,0,0,0,0,0,0
2025,14,2025_14_LA_ARI,00-0040737,T.Ferguson,TE,LA,ARI,1,0,0,0,6,0,0,0,0,0,0.032258064516129,0.0269058295964126,0.0672211774916823,0,0,0,0,0,0,0,0
2025,15,2025_15_DET_LA,00-0040737,T.Ferguson,TE,LA,DET,2,1,6,0,30,1,0,0,0,0,0.0526315789473684,0.0636942675159236,0.123533355682199,0,0,0,0,0,0,0,1.6
2025,16,2025_16_LA_SEA,00-0040737,T.Ferguson,TE,LA,SEA,4,3,33,1,61,6,1,1,1,0,0.0833333333333333,0.127882599580713,0.214517819706499,0,0,0,0,0,0,0,12.3
2025,17,2025_17_LA_ATL,00-0040737,T.Ferguson,TE,LA,ATL,4,2,54,1,72,0,2,2,2,0,0.111111111111111,0.140350877192982,0.264912280701754,0,0,0,0,0,0,0,13.4
2025,6,2025_06_LAC_MIA,00-0034367,N.Miller-Hines,RB,LAC,MIA,0,0,0,0,0,0,0,0,0,0,0,0,0,0,0,0,0,0,0,0,0
2025,7,2025_07_IND_LAC,00-0034367,N.Miller-Hines,RB,LAC,IND,0,0,0,0,0,0,0,0,0,0,0,0,0,0,0,0,0,0,0,0,0
2025,8,2025_08_MIN_LAC,00-0034367,N.Miller-Hines,RB,LAC,MIN,0,0,0,0,0,0,0,0,0,0,0,0,0,2,-2,0,0,0,0,0,-0.2
2025,18,2025_18_NO_ATL,00-0034367,N.Miller-Hines,RB,NO,ATL,0,0,0,0,0,0,0,0,0,0,0,0,0,0,0,0,0,0,0,0,0
2025,11,2025_11_CIN_PIT,00-0034613,T.Hudson,TE,CIN,PIT,3,3,22,0,13,9,0,0,0,0,0.0769230769230769,0.0456140350877193,0.147314439946019,0,0,0,0,0,0,0,5.2
2025,12,2025_12_NE_CIN,00-0034613,T.Hudson,TE,CIN,NE,1,1,9,0,5,4,0,0,0,0,0.0294117647058824,0.0148809523809524,0.0545343137254902,0,0,0,0,0,0,0,1.9
2025,13,2025_13_CIN_BAL,00-0034613,T.Hudson,TE,CIN,BAL,2,1,14,1,29,0,1,0,0,0,0.0454545454545455,0.0763157894736842,0.121602870813397,0,0,0,0,0,0,0,8.4
2025,14,2025_14_CIN_BUF,00-0034613,T.Hudson,TE,CIN,BUF,1,1,11,0,5,6,1,0,0,0,0.0277777777777778,0.0151975683890578,0.0523049645390071,0,0,0,0,0,0,0,2.1
2025,15,2025_15_BAL_CIN,00-0034613,T.Hudson,TE,CIN,BAL,5,3,16,0,21,6,0,0,0,0,0.138888888888889,0.073943661971831,0.260093896713615,0,0,0,0,0,0,0,4.6
2025,16,2025_16_CIN_MIA,00-0034613,T.Hudson,TE,CIN,MIA,1,1,4,0,4,0,0,0,0,0,0.032258064516129,0.021505376344086,0.0634408602150538,0,0,0,0,0,0,0,1.4
2025,17,2025_17_ARI_CIN,00-0034613,T.Hudson,TE,CIN,ARI,2,2,31,0,4,27,2,1,0,0,0.0606060606060606,0.0149253731343284,0.101356852103121,0,0,0,0,0,0,0,5.1
2025,6,2025_06_NE_NO,00-0034981,F.Moreau,TE,NO,NE,1,1,9,0,3,6,0,0,0,0,0.0384615384615385,0.0135746606334842,0.0671945701357466,0,0,0,0,0,0,0,1.9
2025,8,2025_08_TB_NO,00-0034981,F.Moreau,TE,NO,TB,1,0,0,0,-7,0,0,0,0,0,0.02,-0.0167064439140811,0.0183054892601432,0,0,0,0,0,0,0,0
2025,10,2025_10_NO_CAR,00-0034981,F.Moreau,TE,NO,CAR,3,2,16,0,10,9,1,0,0,0,0.115384615384615,0.0390625,0.200420673076923,0,0,0,0,0,0,0,3.6
2025,12,2025_12_ATL_NO,00-0034981,F.Moreau,TE,NO,ATL,1,0,0,0,-1,0,0,0,0,0,0.0232558139534884,-0.00323624595469256,0.0326183487619478,0,0,0,0,0,0,0,0
2025,13,2025_13_NO_MIA,00-0034981,F.Moreau,TE,NO,MIA,2,2,13,0,3,10,0,0,0,0,0.0588235294117647,0.0111524163568773,0.0960419855674612,0,0,0,0,0,0,0,3.3
2025,14,2025_14_NO_TB,00-0034981,F.Moreau,TE,NO,TB,1,1,16,0,6,10,1,1,0,0,0.05,0.0379746835443038,0.101582278481013,0,0,0,0,0,0,0,2.6
2025,16,2025_16_NYJ_NO,00-0034981,F.Moreau,TE,NO,NYJ,1,1,5,0,-4,9,0,0,0,0,0.0212765957446809,-0.00947867298578199,0.0252798225269739,0,0,0,0,0,0,0,1.5
2025,6,2025_06_PHI_NYG,00-0035406,L.Humphrey,WR,NYG,PHI,8,4,55,0,118,2,1,1,1,0,0.307692307692308,0.493723849372385,0.807145156099131,0,0,0,0,0,0,0,9.5
2025,7,2025_07_NYG_DEN,00-0035406,L.Humphrey,WR,NYG,DEN,2,0,0,0,28,0,0,0,0,0,0.0606060606060606,0.0818713450292398,0.148219032429559,0,0,0,0,0,0,0,0
2025,13,2025_13_DEN_WAS,00-0035406,L.Humphrey,WR,DEN,WAS,1,0,0,0,0,0,0,0,0,0,0.0232558139534884,0,0.0348837209302326,0,0,0,0,0,0,0,0
2025,14,2025_14_DEN_LV,00-0035406,L.Humphrey,WR,DEN,LV,3,3,27,0,16,11,1,0,0,0,0.0833333333333333,0.0740740740740741,0.176851851851852,0,0,0,0,0,0,0,5.7
2025,15,2025_15_GB_DEN,00-0035406,L.Humphrey,WR,DEN,GB,4,3,42,1,49,8,2,1,1,0,0.125,0.151702786377709,0.293691950464396,0,0,0,0,0,0,0,13.2
2025,16,2025_16_JAX_DEN,00-0035406,L.Humphrey,WR,DEN,JAX,2,1,9,0,27,0,0,0,0,0,0.0434782608695652,0.0601336302895323,0.10731093250702,0,0,0,0,0,0,0,1.9
2025,17,2025_17_DEN_KC,00-0035406,L.Humphrey,WR,DEN,KC,5,2,23,0,39,8,1,1,0,0,0.135135135135135,0.189320388349515,0.335226974547363,0,0,0,0,0,0,0,4.3
2025,6,2025_06_DAL_CAR,00-0035639,P.Campbell,WR,DAL,CAR,0,0,0,0,0,0,0,0,0,0,0,0,0,0,0,0,0,0,0,0,0
2025,6,2025_06_LA_BAL,00-0035993,T.Huntley,QB,BAL,LA,0,0,0,0,0,0,0,0,0,0,0,0,0,3,39,0,2,2,0,0,6.62
2025,8,2025_08_CHI_BAL,00-0035993,T.Huntley,QB,BAL,CHI,0,0,0,0,0,0,0,0,0,0,0,0,0,8,53,0,3,1,1,0,16.74
2025,15,2025_15_BAL_CIN,00-0035993,T.Huntley,QB,BAL,CIN,0,0,0,0,0,0,0,0,0,0,0,0,0,3,-3,0,0,0,0,0,-0.3
2025,16,2025_16_NE_BAL,00-0035993,T.Huntley,QB,BAL,NE,0,0,0,0,0,0,0,0,0,0,0,0,0,2,2,0,0,0,0,0,2.8
2025,17,2025_17_BAL_GB,00-0035993,T.Huntley,QB,BAL,GB,0,0,0,0,0,0,0,0,0,0,0,0,0,8,60,0,1,1,1,0,14.28
2025,6,2025_06_DEN_NYJ,00-0037475,S.Smartt,TE,NYJ,DEN,0,0,0,0,0,0,0,0,0,0,0,0,0,0,0,0,0,0,0,0,0
2025,10,2025_10_CLE_NYJ,00-0037475,S.Smartt,TE,NYJ,CLE,0,0,0,0,0,0,0,0,0,0,0,0,0,0,0,0,0,0,0,0,0
2025,14,2025_14_MIA_NYJ,00-0037475,S.Smartt,TE,NYJ,MIA,1,0,0,0,16,0,0,0,0,0,0.03125,0.055363321799308,0.0856293252595156,0,0,0,0,0,0,0,0
2025,15,2025_15_NYJ_JAX,00-0037475,S.Smartt,TE,NYJ,JAX,0,0,0,0,0,0,0,0,0,0,0,0,0,0,0,0,0,0,0,0,0
2025,16,2025_16_NYJ_NO,00-0037475,S.Smartt,TE,NYJ,NO,5,5,34,0,15,19,1,1,0,0,0.147058823529412,0.0920245398773006,0.285005413208228,0,0,0,0,0,0,0,8.4
2025,17,2025_17_NE_NYJ,00-0037475,S.Smartt,TE,NYJ,NE,3,2,18,0,11,8,1,0,0,0,0.09375,0.0733333333333333,0.191958333333333,0,0,0,0,0,0,0,3.8
2025,6,2025_06_BUF_ATL,00-0037487,D.Thompkins,WR,ATL,BUF,0,0,0,0,0,0,0,0,0,0,0,0,0,0,0,0,0,0,0,0,0
2025,13,2025_13_ATL_NYJ,00-0037487,D.Thompkins,WR,ATL,NYJ,2,2,23,0,11,12,1,1,0,0,0.0645161290322581,0.0714285714285714,0.146774193548387,1,5,0,0,0,0,0,4.8
2025,14,2025_14_SEA_ATL,00-0037487,D.Thompkins,WR,ATL,SEA,1,1,4,0,-4,8,0,0,0,0,0.0357142857142857,-0.0196078431372549,0.0398459383753501,0,0,0,0,0,0,0,1.4
2025,15,2025_15_ATL_TB,00-0037487,D.Thompkins,WR,ATL,TB,0,0,0,0,0,0,0,0,0,0,0,0,0,0,0,0,0,0,0,0,0
2025,16,2025_16_ATL_ARI,00-0037487,D.Thompkins,WR,ATL,ARI,0,0,0,0,0,0,0,0,0,0,0,0,0,0,0,0,0,0,0,0,0
2025,17,2025_17_LA_ATL,00-0037487,D.Thompkins,WR,ATL,LA,0,0,0,0,0,0,0,0,0,0,0,0,0,0,0,0,0,0,0,0,0
2025,18,2025_18_NO_ATL,00-0037487,D.Thompkins,WR,ATL,NO,0,0,0,0,0,0,0,0,0,0,0,0,0,0,0,0,0,0,0,0,0
2025,11,2025_11_KC_DEN,00-0038794,J.McLaughlin,RB,DEN,KC,1,1,-5,0,-6,1,0,0,0,0,0.0277777777777778,-0.0188087774294671,0.0285005224660397,6,19,1,0,0,0,0,8.4
2025,13,2025_13_DEN_WAS,00-0038794,J.McLaughlin,RB,DEN,WAS,1,1,6,0,-2,8,0,0,0,0,0.0232558139534884,-0.0105820105820106,0.0274763135228252,6,24,0,1,1,0,0,4
2025,14,2025_14_DEN_LV,00-0038794,J.McLaughlin,RB,DEN,LV,1,1,9,0,1,8,0,0,0,0,0.0277777777777778,0.00462962962962963,0.0449074074074074,4,22,0,1,0,0,0,4.1
2025,15,2025_15_GB_DEN,00-0038794,J.McLaughlin,RB,DEN,GB,0,0,0,0,0,0,0,0,0,0,0,0,0,2,4,0,0,0,0,0,0.4
2025,16,2025_16_JAX_DEN,00-0038794,J.McLaughlin,RB,DEN,JAX,0,0,0,0,0,0,0,0,0,0,0,0,0,5,37,0,1,1,0,0,3.7
2025,17,2025_17_DEN_KC,00-0038794,J.McLaughlin,RB,DEN,KC,0,0,0,0,0,0,0,0,0,0,0,0,0,7,40,0,1,1,0,0,4
2025,18,2025_18_LAC_DEN,00-0038794,J.McLaughlin,RB,DEN,LAC,2,1,17,0,-11,22,1,1,0,0,0.0869565217391304,-0.423076923076923,-0.165719063545151,6,41,0,1,0,0,0,6.8
2025,7,2025_07_NO_CHI,00-0039623,M.Tipton,WR,NO,CHI,1,0,0,0,13,0,0,0,0,0,0.032258064516129,0.0336787564766839,0.0719622263078723,0,0,0,0,0,0,0,0
2025,8,2025_08_TB_NO,00-0039623,M.Tipton,WR,NO,TB,1,0,0,0,15,0,0,0,0,0,0.02,0.035799522673031,0.0550596658711217,0,0,0,0,0,0,0,0
2025,12,2025_12_ATL_NO,00-0039623,M.Tipton,WR,NO,ATL,4,3,22,0,53,0,0,0,0,0,0.0930232558139535,0.171521035598705,0.259599608640024,1,11,0,1,0,0,0,6.3
2025,13,2025_13_NO_MIA,00-0039623,M.Tipton,WR,NO,MIA,4,3,20,0,20,17,1,0,0,0,0.117647058823529,0.0743494423791822,0.228515197900722,1,-1,0,0,0,0,0,4.9
2025,14,2025_14_NO_TB,00-0039623,M.Tipton,WR,NO,TB,0,0,0,0,0,0,0,0,0,0,0,0,0,0,0,0,0,0,0,0,0
2025,15,2025_15_CAR_NO,00-0039623,M.Tipton,WR,NO,CAR,2,1,5,0,18,1,0,0,0,0,0.0645161290322581,0.0669144981412639,0.143614342247272,1,-4,0,0,0,0,0,1.1
2025,16,2025_16_NYJ_NO,00-0039623,M.Tipton,WR,NO,NYJ,5,4,29,0,30,19,1,0,0,0,0.106382978723404,0.0710900473933649,0.209337501260462,1,12,0,1,1,0,0,8.1
2025,6,2025_06_DET_KC,00-0040241,D.Lovett,WR,DET,KC,0,0,0,0,0,0,0,0,0,0,0,0,0,0,0,0,0,0,0,0,0
2025,10,2025_10_DET_WAS,00-0040241,D.Lovett,WR,DET,WAS,0,0,0,0,0,0,0,0,0,0,0,0,0,0,0,0,0,0,0,0,0
2025,10,2025_10_PIT_LAC,00-0040534,K.Williams,WR,PIT,LAC,0,0,0,0,0,0,0,0,0,0,0,0,0,0,0,0,0,0,0,0,0
2025,11,2025_11_CIN_PIT,00-0040534,K.Williams,WR,PIT,CIN,0,0,0,0,0,0,0,0,0,0,0,0,0,0,0,0,0,0,0,0,0
2025,12,2025_12_PIT_CHI,00-0040534,K.Williams,WR,PIT,CHI,0,0,0,0,0,0,0,0,0,0,0,0,0,0,0,0,0,0,0,0,0
2025,13,2025_13_BUF_PIT,00-0040534,K.Williams,WR,PIT,BUF,0,0,0,0,0,0,0,0,0,0,0,0,0,0,0,0,0,0,0,0,0
2025,16,2025_16_CIN_MIA,00-0040534,K.Williams,WR,CIN,MIA,0,0,0,0,0,0,0,0,0,0,0,0,0,1,1,0,0,0,0,0,0.1
2025,17,2025_17_ARI_CIN,00-0040534,K.Williams,WR,CIN,ARI,1,1,5,0,5,0,0,0,0,0,0.0303030303030303,0.0186567164179104,0.0585142469470828,0,0,0,0,0,0,0,1.5
2025,18,2025_18_CLE_CIN,00-0040534,K.Williams,WR,CIN,CLE,0,0,0,0,0,0,0,0,0,0,0,0,0,1,9,0,0,0,0,0,0.9
2025,7,2025_07_NE_TEN,00-0040563,E.Chism,WR,NE,TEN,0,0,0,0,0,0,0,0,0,0,0,0,0,0,0,0,0,0,0,0,0
2025,9,2025_09_ATL_NE,00-0040563,E.Chism,WR,NE,ATL,0,0,0,0,0,0,0,0,0,0,0,0,0,0,0,0,0,0,0,0,0
2025,10,2025_10_NE_TB,00-0040563,E.Chism,WR,NE,TB,0,0,0,0,0,0,0,0,0,0,0,0,0,0,0,0,0,0,0,0,0
2025,11,2025_11_NYJ_NE,00-0040563,E.Chism,WR,NE,NYJ,0,0,0,0,0,0,0,0,0,0,0,0,0,0,0,0,0,0,0,0,0
2025,13,2025_13_NYG_NE,00-0040563,E.Chism,WR,NE,NYG,0,0,0,0,0,0,0,0,0,0,0,0,0,0,0,0,0,0,0,0,0
2025,17,2025_17_NE_NYJ,00-0040563,E.Chism,WR,NE,NYJ,2,2,40,1,16,24,2,1,1,0,0.08,0.0727272727272727,0.170909090909091,0,0,0,0,0,0,0,12
2025,18,2025_18_MIA_NE,00-0040563,E.Chism,WR,NE,MIA,1,1,35,0,19,16,1,1,1,0,0.05,0.0739299610894942,0.126750972762646,0,0,0,0,0,0,0,4.5
2025,12,2025_12_TB_LA,00-0040590,K.Mumpfield,WR,LA,TB,2,2,25,0,21,4,2,0,0,0,0.0588235294117647,0.0843373493975904,0.14727143869596,0,0,0,0,0,0,0,4.5
2025,13,2025_13_LA_CAR,00-0040590,K.Mumpfield,WR,LA,CAR,0,0,0,0,0,0,0,0,0,0,0,0,0,0,0,0,0,0,0,0,0
2025,14,2025_14_LA_ARI,00-0040590,K.Mumpfield,WR,LA,ARI,1,1,5,0,4,1,0,0,0,0,0.032258064516129,0.0179372197309417,0.0609431505858527,0,0,0,0,0,0,0,1.5
2025,15,2025_15_DET_LA,00-0040590,K.Mumpfield,WR,LA,DET,1,0,0,0,38,0,0,0,0,0,0.0263157894736842,0.0806794055201699,0.0959492680746452,0,0,0,0,0,0,0,0
2025,16,2025_16_LA_SEA,00-0040590,K.Mumpfield,WR,LA,SEA,8,3,40,0,117,13,3,1,0,0,0.166666666666667,0.245283018867925,0.421698113207547,0,0,0,0,0,0,0,7
2025,17,2025_17_LA_ATL,00-0040590,K.Mumpfield,WR,LA,ATL,5,2,10,0,68,0,0,0,0,0,0.138888888888889,0.132553606237817,0.301120857699805,0,0,0,0,0,0,0,3
2025,18,2025_18_ARI_LA,00-0040590,K.Mumpfield,WR,LA,ARI,1,0,0,0,6,0,0,0,0,0,0.027027027027027,0.0167130919220056,0.0522397048859444,0,0,0,0,0,0,0,0
2025,7,2025_07_TB_DET,00-0031237,T.Bridgewater,QB,TB,DET,0,0,0,0,0,0,0,0,0,0,0,0,0,1,-1,0,0,0,0,0,-0.1
2025,11,2025_11_TB_BUF,00-0031237,T.Bridgewater,QB,TB,BUF,0,0,0,0,0,0,0,0,0,0,0,0,0,1,-1,0,0,0,0,0,-0.1
2025,12,2025_12_TB_LA,00-0031237,T.Bridgewater,QB,TB,LA,0,0,0,0,0,0,0,0,0,0,0,0,0,1,6,0,0,0,0,0,3.08
2025,7,2025_07_LA_JAX,00-0031345,J.Garoppolo,QB,LA,JAX,0,0,0,0,0,0,0,0,0,0,0,0,0,3,-3,0,0,0,0,0,-0.3
2025,14,2025_14_LA_ARI,00-0031345,J.Garoppolo,QB,LA,ARI,0,0,0,0,0,0,0,0,0,0,0,0,0,3,-4,0,0,0,0,0,-0.4
2025,18,2025_18_ARI_LA,00-0031345,J.Garoppolo,QB,LA,ARI,0,0,0,0,0,0,0,0,0,0,0,0,0,3,-3,0,0,0,0,0,-0.3
2025,7,2025_07_WAS_DAL,00-0032688,R.Chosen,WR,WAS,DAL,4,4,36,0,31,5,2,0,0,0,0.129032258064516,0.0981012658227848,0.262219273172724,0,0,0,0,0,0,0,7.6
2025,10,2025_10_DET_WAS,00-0032688,R.Chosen,WR,WAS,DET,4,1,17,0,90,0,1,1,0,0,0.181818181818182,0.3125,0.491477272727273,0,0,0,0,0,0,0,2.7
2025,11,2025_11_WAS_MIA,00-0032688,R.Chosen,WR,WAS,MIA,1,0,0,0,10,0,0,0,0,0,0.0344827586206897,0.0452488687782805,0.0833983460758309,0,0,0,0,0,0,0,0
2025,7,2025_07_IND_LAC,00-0032951,L.Treadwell,WR,IND,LAC,0,0,0,0,0,0,0,0,0,0,0,0,0,0,0,0,0,0,0,0,0
2025,10,2025_10_ATL_IND,00-0032951,L.Treadwell,WR,IND,ATL,0,0,0,0,0,0,0,0,0,0,0,0,0,0,0,0,0,0,0,0,0
2025,12,2025_12_IND_KC,00-0032951,L.Treadwell,WR,IND,KC,0,0,0,0,0,0,0,0,0,0,0,0,0,0,0,0,0,0,0,0,0
2025,13,2025_13_HOU_IND,00-0032951,L.Treadwell,WR,IND,HOU,0,0,0,0,0,0,0,0,0,0,0,0,0,0,0,0,0,0,0,0,0
2025,14,2025_14_IND_JAX,00-0032951,L.Treadwell,WR,IND,JAX,0,0,0,0,0,0,0,0,0,0,0,0,0,0,0,0,0,0,0,0,0
2025,17,2025_17_JAX_IND,00-0032951,L.Treadwell,WR,IND,JAX,0,0,0,0,0,0,0,0,0,0,0,0,0,0,0,0,0,0,0,0,0
2025,7,2025_07_HOU_SEA,00-0034419,B.Berrios,WR,HOU,SEA,3,1,-1,0,-2,6,0,0,0,0,0.0652173913043478,-0.00471698113207547,0.0945242001640689,0,0,0,0,0,0,0,0.9
2025,8,2025_08_SF_HOU,00-0034419,B.Berrios,WR,HOU,SF,5,5,38,0,26,12,1,0,0,0,0.131578947368421,0.0769230769230769,0.251214574898785,0,0,0,0,0,0,0,8.8
2025,9,2025_09_DEN_HOU,00-0034419,B.Berrios,WR,HOU,DEN,0,0,0,0,0,0,0,0,0,0,0,0,0,0,0,0,0,0,0,0,0
2025,10,2025_10_JAX_HOU,00-0034419,B.Berrios,WR,HOU,JAX,0,0,0,0,0,0,0,0,0,0,0,0,0,0,0,0,0,0,0,0,0
2025,8,2025_08_CHI_BAL,00-0035594,T.Homer,RB,CHI,BAL,0,0,0,0,0,0,0,0,0,0,0,0,0,0,0,0,0,0,0,0,0
2025,9,2025_09_CHI_CIN,00-0035594,T.Homer,RB,CHI,CIN,0,0,0,0,0,0,0,0,0,0,0,0,0,0,0,0,0,0,0,0,0
2025,11,2025_11_CHI_MIN,00-0035594,T.Homer,RB,CHI,MIN,0,0,0,0,0,0,0,0,0,0,0,0,0,1,-2,0,0,0,0,0,-0.2
2025,13,2025_13_CHI_PHI,00-0035594,T.Homer,RB,CHI,PHI,0,0,0,0,0,0,0,0,0,0,0,0,0,0,0,0,0,0,0,0,0
2025,14,2025_14_CHI_GB,00-0035594,T.Homer,RB,CHI,GB,0,0,0,0,0,0,0,0,0,0,0,0,0,0,0,0,0,0,0,0,0
2025,17,2025_17_CHI_SF,00-0035594,T.Homer,RB,CHI,SF,0,0,0,0,0,0,0,0,0,0,0,0,0,0,0,0,0,0,0,0,0
2025,18,2025_18_DET_CHI,00-0035594,T.Homer,RB,CHI,DET,0,0,0,0,0,0,0,0,0,0,0,0,0,0,0,0,0,0,0,0,0
2025,7,2025_07_GB_ARI,00-0035628,D.Johnson,RB,ARI,GB,0,0,0,0,0,0,0,0,0,0,0,0,0,1,0,0,0,0,0,0,0
2025,10,2025_10_NE_TB,00-0035628,D.Johnson,RB,NE,TB,0,0,0,0,0,0,0,0,0,0,0,0,0,1,1,0,0,0,0,0,0.1
2025,11,2025_11_NYJ_NE,00-0035628,D.Johnson,RB,NE,NYJ,0,0,0,0,0,0,0,0,0,0,0,0,0,3,6,0,0,0,0,0,0.6
2025,17,2025_17_NE_NYJ,00-0035628,D.Johnson,RB,NE,NYJ,0,0,0,0,0,0,0,0,0,0,0,0,0,4,5,0,0,0,0,0,0.5
2025,18,2025_18_MIA_NE,00-0035628,D.Johnson,RB,NE,MIA,0,0,0,0,0,0,0,0,0,0,0,0,0,5,13,0,0,0,0,0,1.3
2025,7,2025_07_NE_TEN,00-0036176,M.Kinsey,WR,TEN,NE,0,0,0,0,0,0,0,0,0,0,0,0,0,0,0,0,0,0,0,0,0
2025,9,2025_09_LAC_TEN,00-0036176,M.Kinsey,WR,TEN,LAC,0,0,0,0,0,0,0,0,0,0,0,0,0,0,0,0,0,0,0,0,0
2025,11,2025_11_HOU_TEN,00-0036176,M.Kinsey,WR,TEN,HOU,3,1,14,0,59,2,1,0,0,0,0.0833333333333333,0.220149253731343,0.27910447761194,0,0,0,0,0,0,0,2.4
2025,12,2025_12_SEA_TEN,00-0036176,M.Kinsey,WR,TEN,SEA,0,0,0,0,0,0,0,0,0,0,0,0,0,0,0,0,0,0,0,0,0
2025,17,2025_17_NO_TEN,00-0036176,M.Kinsey,WR,TEN,NO,1,1,34,0,33,1,1,1,1,0,0.0285714285714286,0.0884718498659517,0.104787437763309,0,0,0,0,0,0,0,4.4
2025,18,2025_18_TEN_JAX,00-0036176,M.Kinsey,WR,TEN,JAX,0,0,0,0,0,0,0,0,0,0,0,0,0,0,0,0,0,0,0,0,0
2025,11,2025_11_DAL_LV,00-0037563,M.Davis,RB,DAL,LV,0,0,0,0,0,0,0,0,0,0,0,0,0,4,20,0,0,0,0,0,2
2025,12,2025_12_PHI_DAL,00-0037563,M.Davis,RB,DAL,PHI,0,0,0,0,0,0,0,0,0,0,0,0,0,3,24,0,1,1,1,0,2.4
2025,13,2025_13_KC_DAL,00-0037563,M.Davis,RB,DAL,KC,0,0,0,0,0,0,0,0,0,0,0,0,0,3,47,1,1,1,1,1,10.7
2025,14,2025_14_DAL_DET,00-0037563,M.Davis,RB,DAL,DET,0,0,0,0,0,0,0,0,0,0,0,0,0,3,6,0,0,0,0,0,0.6
2025,15,2025_15_MIN_DAL,00-0037563,M.Davis,RB,DAL,MIN,3,2,16,0,13,6,1,0,0,0,0.0857142857142857,0.0471014492753623,0.161542443064182,8,21,1,0,0,0,0,11.7
2025,16,2025_16_LAC_DAL,00-0037563,M.Davis,RB,DAL,LAC,0,0,0,0,0,0,0,0,0,0,0,0,0,8,23,0,0,0,0,0,2.3
2025,17,2025_17_DAL_WAS,00-0037563,M.Davis,RB,DAL,WAS,2,0,0,0,5,0,0,0,0,0,0.0555555555555556,0.0130890052356021,0.0924956369982548,20,103,0,2,2,1,0,10.3
2025,7,2025_07_LV_KC,00-0038102,K.Pickett,QB,LV,KC,0,0,0,0,0,0,0,0,0,0,0,0,0,1,0,0,0,0,0,0,-1.68
2025,10,2025_10_LV_DEN,00-0038102,K.Pickett,QB,LV,DEN,0,0,0,0,0,0,0,0,0,0,0,0,0,0,0,0,0,0,0,0,0
2025,14,2025_14_DEN_LV,00-0038102,K.Pickett,QB,LV,DEN,0,0,0,0,0,0,0,0,0,0,0,0,0,1,6,0,0,0,0,0,8.48
2025,15,2025_15_LV_PHI,00-0038102,K.Pickett,QB,LV,PHI,0,0,0,0,0,0,0,0,0,0,0,0,0,2,7,0,0,0,0,0,1.26
2025,17,2025_17_NYG_LV,00-0038102,K.Pickett,QB,LV,NYG,0,0,0,0,0,0,0,0,0,0,0,0,0,0,0,0,0,0,0,0,0.64
2025,18,2025_18_KC_LV,00-0038102,K.Pickett,QB,LV,KC,0,0,0,0,0,0,0,0,0,0,0,0,0,1,9,0,0,0,0,0,-0.98
2025,7,2025_07_PHI_MIN,00-0038498,E.Jenkins,TE,PHI,MIN,0,0,0,0,0,0,0,0,0,0,0,0,0,0,0,0,0,0,0,0,0
2025,8,2025_08_WAS_KC,00-0039067,R.Rice,WR,KC,WAS,9,9,93,1,37,56,5,2,1,0,0.28125,0.168949771689498,0.540139840182648,2,12,0,0,0,0,0,25.5
2025,9,2025_09_KC_BUF,00-0039067,R.Rice,WR,KC,BUF,7,4,80,0,91,26,3,3,3,0,0.241379310344828,0.184584178498986,0.491277890466532,2,6,1,0,0,0,0,18.6
2025,11,2025_11_KC_DEN,00-0039067,R.Rice,WR,KC,DEN,9,6,38,0,39,38,1,0,0,0,0.209302325581395,0.12037037037037,0.398212747631352,0,0,0,0,0,0,0,9.8
2025,12,2025_12_IND_KC,00-0039067,R.Rice,WR,KC,IND,12,8,141,0,56,108,4,4,3,2,0.27906976744186,0.15954415954416,0.530285562843702,0,0,0,0,0,0,0,24.1
2025,13,2025_13_KC_DAL,00-0039067,R.Rice,WR,KC,DAL,12,8,92,2,66,69,4,2,2,0,0.375,0.275,0.755,1,2,0,0,0,0,0,29.4
2025,14,2025_14_HOU_KC,00-0039067,R.Rice,WR,KC,HOU,8,4,34,0,28,39,1,0,0,0,0.275862068965517,0.0968858131487889,0.481613172652428,0,0,0,0,0,0,0,7.4
2025,15,2025_15_LAC_KC,00-0039067,R.Rice,WR,KC,LAC,11,7,51,0,13,47,1,0,0,0,0.366666666666667,0.052,0.5864,0,0,0,0,0,0,0,12.1
2025,11,2025_11_CAR_ATL,00-0039491,J.Coker,WR,CAR,ATL,4,4,52,0,43,9,3,1,1,0,0.0909090909090909,0.154676258992806,0.2446370176586,0,0,0,0,0,0,0,11.2
2025,12,2025_12_CAR_SF,00-0039491,J.Coker,WR,CAR,SF,4,3,32,0,29,22,1,1,0,0,0.148148148148148,0.169590643274854,0.34093567251462,0,0,0,0,0,0,0,6.2
2025,13,2025_13_LA_CAR,00-0039491,J.Coker,WR,CAR,LA,6,4,74,1,96,25,4,2,1,0,0.3,0.619354838709677,0.883548387096774,0,0,0,0,0,0,0,17.4
2025,15,2025_15_CAR_NO,00-0039491,J.Coker,WR,CAR,NO,4,4,60,1,58,2,3,2,2,0,0.2,0.282926829268293,0.498048780487805,0,0,0,0,0,0,0,14
2025,16,2025_16_TB_CAR,00-0039491,J.Coker,WR,CAR,TB,5,3,47,0,70,12,1,1,1,0,0.161290322580645,0.2734375,0.433341733870968,0,0,0,0,0,0,0,7.7
2025,17,2025_17_SEA_CAR,00-0039491,J.Coker,WR,CAR,SEA,2,2,16,0,2,14,0,0,0,0,0.0952380952380952,0.0465116279069768,0.175415282392027,0,0,0,0,0,0,0,3.6
2025,18,2025_18_CAR_TB,00-0039491,J.Coker,WR,CAR,TB,7,6,47,1,55,3,2,1,0,0,0.233333333333333,0.217391304347826,0.502173913043478,0,0,0,0,0,0,0,16.7
2025,7,2025_07_NE_TEN,00-0039757,T.Jennings,RB,NE,TEN,0,0,0,0,0,0,0,0,0,0,0,0,0,5,18,0,0,0,0,0,1.8
2025,8,2025_08_CLE_NE,00-0039757,T.Jennings,RB,NE,CLE,0,0,0,0,0,0,0,0,0,0,0,0,0,2,15,0,1,0,0,0,1.5
2025,9,2025_09_ATL_NE,00-0039757,T.Jennings,RB,NE,ATL,1,1,9,0,2,7,0,0,0,0,0.0357142857142857,0.00645161290322581,0.0580875576036866,11,35,1,1,0,0,0,11.4
2025,10,2025_10_NE_TB,00-0039757,T.Jennings,RB,NE,TB,0,0,0,0,0,0,0,0,0,0,0,0,0,4,5,0,0,0,0,0,0.5
2025,12,2025_12_NE_CIN,00-0039757,T.Jennings,RB,NE,CIN,0,0,0,0,0,0,0,0,0,0,0,0,0,1,0,0,0,0,0,0,0
2025,13,2025_13_NYG_NE,00-0039757,T.Jennings,RB,NE,NYG,0,0,0,0,0,0,0,0,0,0,0,0,0,0,0,0,0,0,0,0,0
2025,7,2025_07_NYG_DEN,00-0040225,T.Fidone,TE,NYG,DEN,0,0,0,0,0,0,0,0,0,0,0,0,0,0,0,0,0,0,0,0,0
2025,7,2025_07_MIA_CLE,00-0040234,Q.Ewers,QB,MIA,CLE,0,0,0,0,0,0,0,0,0,0,0,0,0,1,0,0,0,0,0,0,2.12
2025,16,2025_16_CIN_MIA,00-0040234,Q.Ewers,QB,MIA,CIN,0,0,0,0,0,0,0,0,0,0,0,0,0,2,5,0,0,0,0,0,6.9
2025,17,2025_17_TB_MIA,00-0040234,Q.Ewers,QB,MIA,TB,1,1,-6,0,-6,0,0,0,0,0,0.0454545454545455,-0.0306122448979592,0.0467532467532468,4,5,0,0,0,0,0,15.78
2025,18,2025_18_MIA_NE,00-0040234,Q.Ewers,QB,MIA,NE,0,0,0,0,0,0,0,0,0,0,0,0,0,1,9,0,0,0,0,0,8.38
2025,7,2025_07_LV_KC,00-0040488,C.Runyon,TE,LV,KC,1,1,3,0,-3,6,0,0,0,0,0.0588235294117647,-0.0588235294117647,0.0470588235294118,0,0,0,0,0,0,0,1.3
2025,11,2025_11_DAL_LV,00-0040488,C.Runyon,TE,LV,DAL,0,0,0,0,0,0,0,0,0,0,0,0,0,0,0,0,0,0,0,0,0
2025,16,2025_16_LV_HOU,00-0040488,C.Runyon,TE,LV,HOU,0,0,0,0,0,0,0,0,0,0,0,0,0,0,0,0,0,0,0,0,0
2025,8,2025_08_MIA_ATL,00-0034418,C.Wilson,WR,MIA,ATL,1,1,2,0,-1,3,0,0,0,0,0.037037037037037,-0.0099009900990099,0.0486248624862486,0,0,0,0,0,0,0,1.2
2025,9,2025_09_BAL_MIA,00-0034418,C.Wilson,WR,MIA,BAL,1,1,7,0,4,3,0,0,0,0,0.027027027027027,0.014760147601476,0.0508726438615738,0,0,0,0,0,0,0,1.7
2025,13,2025_13_NO_MIA,00-0034418,C.Wilson,WR,MIA,NO,2,1,16,0,36,12,1,1,0,0,0.1,0.155172413793103,0.258620689655172,0,0,0,0,0,0,0,2.6
2025,16,2025_16_CIN_MIA,00-0034418,C.Wilson,WR,MIA,CIN,1,1,11,0,7,4,1,0,0,0,0.0344827586206897,0.0268199233716475,0.0704980842911877,0,0,0,0,0,0,0,2.1
2025,17,2025_17_TB_MIA,00-0034418,C.Wilson,WR,MIA,TB,2,1,8,0,15,3,0,0,0,0,0.0909090909090909,0.076530612244898,0.189935064935065,0,0,0,0,0,0,0,1.8
2025,18,2025_18_MIA_NE,00-0034418,C.Wilson,WR,MIA,NE,2,0,0,0,18,0,0,0,0,0,0.0833333333333333,0.1125,0.20375,0,0,0,0,0,0,0,0
2025,8,2025_08_DAL_DEN,00-0035264,J.Stidham,QB,DEN,DAL,0,0,0,0,0,0,0,0,0,0,0,0,0,1,-1,0,0,0,0,0,-0.1
2025,8,2025_08_MIN_LAC,00-0036755,J.Patterson,RB,LAC,MIN,0,0,0,0,0,0,0,0,0,0,0,0,0,11,30,0,0,0,0,0,3
2025,9,2025_09_LAC_TEN,00-0036755,J.Patterson,RB,LAC,TEN,0,0,0,0,0,0,0,0,0,0,0,0,0,9,44,0,0,0,0,0,4.4
2025,10,2025_10_PIT_LAC,00-0036755,J.Patterson,RB,LAC,PIT,0,0,0,0,0,0,0,0,0,0,0,0,0,1,1,0,0,0,0,0,0.1
2025,13,2025_13_LV_LAC,00-0036755,J.Patterson,RB,LAC,LV,0,0,0,0,0,0,0,0,0,0,0,0,0,11,54,1,1,1,1,0,11.4
2025,17,2025_17_HOU_LAC,00-0036755,J.Patterson,RB,LAC,HOU,0,0,0,0,0,0,0,0,0,0,0,0,0,1,1,0,0,0,0,0,0.1
2025,18,2025_18_LAC_DEN,00-0036755,J.Patterson,RB,LAC,DEN,4,3,8,0,-1,8,0,0,0,0,0.105263157894737,-0.00253164556962025,0.156122584943371,8,29,0,1,1,0,0,6.7
2025,11,2025_11_GB_NYG,00-0038124,C.Watson,WR,GB,NYG,5,4,46,2,74,2,3,2,0,0,0.2,0.252559726962457,0.47679180887372,0,0,0,0,0,0,0,20.6
2025,12,2025_12_MIN_GB,00-0038124,C.Watson,WR,GB,MIN,7,5,49,0,87,7,3,0,0,0,0.333333333333333,0.491525423728814,0.84406779661017,0,0,0,0,0,0,0,9.9
2025,13,2025_13_GB_DET,00-0038124,C.Watson,WR,GB,DET,10,4,80,1,186,7,2,2,1,1,0.344827586206897,0.542274052478134,0.896833216045039,1,3,0,0,0,0,0,18.3
2025,14,2025_14_CHI_GB,00-0038124,C.Watson,WR,GB,CHI,4,4,89,2,43,46,3,3,2,1,0.173913043478261,0.138263665594855,0.35765413113379,0,0,0,0,0,0,0,24.9
2025,15,2025_15_GB_DEN,00-0038124,C.Watson,WR,GB,DEN,5,3,29,0,133,8,1,1,0,0,0.138888888888889,0.29424778761062,0.414306784660767,0,0,0,0,0,0,0,5.9
2025,16,2025_16_GB_CHI,00-0038124,C.Watson,WR,GB,CHI,6,2,17,0,50,3,1,0,0,0,0.25,0.301204819277108,0.585843373493976,0,0,0,0,0,0,0,3.7
2025,17,2025_17_BAL_GB,00-0038124,C.Watson,WR,GB,BAL,6,5,113,1,93,24,4,3,3,0,0.24,0.319587628865979,0.583711340206186,0,0,0,0,0,0,0,22.3
2025,8,2025_08_NYG_PHI,00-0038400,T.McKee,QB,PHI,NYG,0,0,0,0,0,0,0,0,0,0,0,0,0,3,-2,0,0,0,0,0,-0.2
2025,15,2025_15_LV_PHI,00-0038400,T.McKee,QB,PHI,LV,0,0,0,0,0,0,0,0,0,0,0,0,0,1,9,0,0,0,0,0,2.22
2025,16,2025_16_PHI_WAS,00-0038400,T.McKee,QB,PHI,WAS,0,0,0,0,0,0,0,0,0,0,0,0,0,2,-2,0,0,0,0,0,-0.2
2025,18,2025_18_WAS_PHI,00-0038400,T.McKee,QB,PHI,WAS,0,0,0,0,0,0,0,0,0,0,0,0,0,2,3,0,0,0,0,0,11.94
2025,8,2025_08_SF_HOU,00-0038728,J.Wayne,WR,HOU,SF,2,2,20,0,17,3,1,1,0,0,0.0526315789473684,0.0502958579881657,0.114154469012769,0,0,0,0,0,0,0,4
2025,8,2025_08_MIA_ATL,00-0039489,H.Rucci,TE,MIA,ATL,0,0,0,0,0,0,0,0,0,0,0,0,0,0,0,0,0,0,0,0,0
2025,11,2025_11_WAS_MIA,00-0039874,J.Wright,RB,MIA,WAS,0,0,0,0,0,0,0,0,0,0,0,0,0,1,4,0,0,0,0,0,0.4
2025,13,2025_13_NO_MIA,00-0039874,J.Wright,RB,MIA,NO,0,0,0,0,0,0,0,0,0,0,0,0,0,3,16,0,0,0,0,0,1.6
2025,14,2025_14_MIA_NYJ,00-0039874,J.Wright,RB,MIA,NYJ,3,0,0,0,-16,0,0,0,0,0,0.142857142857143,-0.168421052631579,0.096390977443609,24,107,1,3,1,0,0,16.7
2025,15,2025_15_MIA_PIT,00-0039874,J.Wright,RB,MIA,PIT,1,1,9,0,0,9,0,0,0,0,0.0384615384615385,0,0.0576923076923077,1,2,0,0,0,0,0,2.1
2025,16,2025_16_CIN_MIA,00-0039874,J.Wright,RB,MIA,CIN,2,1,18,0,-7,23,1,1,0,0,0.0689655172413793,-0.0268199233716475,0.0846743295019157,9,35,1,1,0,0,0,12.3
2025,17,2025_17_TB_MIA,00-0039874,J.Wright,RB,MIA,TB,0,0,0,0,0,0,0,0,0,0,0,0,0,5,56,0,1,1,1,0,5.6
2025,18,2025_18_MIA_NE,00-0039874,J.Wright,RB,MIA,NE,2,2,17,0,-8,25,1,0,0,0,0.0833333333333333,-0.05,0.09,13,23,0,0,0,0,0,4
2025,8,2025_08_SF_HOU,00-0040172,J.Watkins,WR,SF,HOU,2,1,7,0,24,1,0,0,0,0,0.0645161290322581,0.0752351097178683,0.149438770350895,0,0,0,0,0,0,0,1.7
2025,9,2025_09_SF_NYG,00-0040172,J.Watkins,WR,SF,NYG,1,1,19,0,19,0,1,1,0,0,0.0434782608695652,0.11875,0.148342391304348,0,0,0,0,0,0,0,2.9
2025,8,2025_08_TEN_IND,00-0040206,R.Leonard,QB,IND,TEN,0,0,0,0,0,0,0,0,0,0,0,0,0,1,1,0,0,0,0,0,0.1
2025,14,2025_14_IND_JAX,00-0040206,R.Leonard,QB,IND,JAX,0,0,0,0,0,0,0,0,0,0,0,0,0,2,5,1,0,0,0,0,10.3
2025,16,2025_16_SF_IND,00-0040206,R.Leonard,QB,IND,SF,0,0,0,0,0,0,0,0,0,0,0,0,0,0,0,0,0,0,0,0,0
2025,17,2025_17_JAX_IND,00-0040206,R.Leonard,QB,IND,JAX,0,0,0,0,0,0,0,0,0,0,0,0,0,0,0,0,0,0,0,0,-2
2025,18,2025_18_IND_HOU,00-0040206,R.Leonard,QB,IND,HOU,0,0,-3,0,0,-3,0,0,0,0,0,0,0,3,21,1,1,0,0,0,22.6
2025,9,2025_09_CHI_CIN,00-0034798,D.Smythe,TE,CHI,CIN,0,0,0,0,0,0,0,0,0,0,0,0,0,0,0,0,0,0,0,0,0
2025,11,2025_11_CHI_MIN,00-0034798,D.Smythe,TE,CHI,MIN,3,1,8,0,18,4,0,0,0,0,0.107142857142857,0.0467532467532468,0.193441558441558,0,0,0,0,0,0,0,1.8
2025,12,2025_12_PIT_CHI,00-0034798,D.Smythe,TE,CHI,PIT,1,1,4,0,4,0,0,0,0,0,0.0333333333333333,0.0121951219512195,0.0585365853658537,0,0,0,0,0,0,0,1.4
2025,14,2025_14_CHI_GB,00-0034798,D.Smythe,TE,CHI,GB,1,1,2,0,-2,4,0,0,0,0,0.0357142857142857,-0.00671140939597315,0.0488734419942474,0,0,0,0,0,0,0,1.2
2025,15,2025_15_CLE_CHI,00-0034798,D.Smythe,TE,CHI,CLE,0,0,0,0,0,0,0,0,0,0,0,0,0,0,0,0,0,0,0,0,0
2025,17,2025_17_CHI_SF,00-0034798,D.Smythe,TE,CHI,SF,1,1,11,0,4,7,1,0,0,0,0.0256410256410256,0.0132013201320132,0.0477024625539477,0,0,0,0,0,0,0,2.1
2025,18,2025_18_DET_CHI,00-0034798,D.Smythe,TE,CHI,DET,0,0,0,0,0,0,0,0,0,0,0,0,0,0,0,0,0,0,0,0,0
2025,9,2025_09_KC_BUF,00-0036360,C.Edwards-Helaire,RB,KC,BUF,0,0,0,0,0,0,0,0,0,0,0,0,0,2,5,0,0,0,0,0,0.5
2025,12,2025_12_IND_KC,00-0036360,C.Edwards-Helaire,RB,KC,IND,2,2,9,0,-4,13,0,0,0,0,0.0465116279069768,-0.0113960113960114,0.0617902338832571,5,8,0,0,0,0,0,3.7
2025,9,2025_09_JAX_LV,00-0036497,T.Jones,WR,JAX,LV,1,1,15,0,4,11,1,0,0,0,0.0303030303030303,0.013840830449827,0.0551431267694244,0,0,0,0,0,0,0,2.5
2025,10,2025_10_JAX_HOU,00-0036497,T.Jones,WR,JAX,HOU,0,0,0,0,0,0,0,0,0,0,0,0,0,0,0,0,0,0,0,0,0
2025,9,2025_09_JAX_LV,00-0036841,A.Trammell,WR,JAX,LV,1,0,0,0,30,0,0,0,0,0,0.0303030303030303,0.103806228373702,0.118118905316137,0,0,0,0,0,0,0,0
2025,10,2025_10_JAX_HOU,00-0036841,A.Trammell,WR,JAX,HOU,3,2,33,0,35,2,2,1,0,0,0.130434782608696,0.23972602739726,0.363460393091126,0,0,0,0,0,0,0,5.3
2025,11,2025_11_LAC_JAX,00-0036841,A.Trammell,WR,JAX,LAC,1,1,13,0,13,0,1,0,0,0,0.0454545454545455,0.0670103092783505,0.115089034676664,0,0,0,0,0,0,0,2.3
2025,12,2025_12_JAX_ARI,00-0036841,A.Trammell,WR,JAX,ARI,1,0,0,0,7,0,0,0,0,0,0.0333333333333333,0.025830258302583,0.0680811808118081,0,0,0,0,0,0,0,0
2025,13,2025_13_JAX_TEN,00-0036841,A.Trammell,WR,JAX,TEN,4,0,0,0,45,0,0,0,0,0,0.16,0.166666666666667,0.356666666666667,0,0,0,0,0,0,0,0
2025,14,2025_14_IND_JAX,00-0036841,A.Trammell,WR,JAX,IND,0,0,0,0,0,0,0,0,0,0,0,0,0,0,0,0,0,0,0,0,0
2025,9,2025_09_DEN_HOU,00-0036959,M.Bandy,WR,DEN,HOU,1,1,16,0,5,11,1,1,0,0,0.0294117647058824,0.0113378684807256,0.0520541549953315,0,0,0,0,0,0,0,2.6
2025,10,2025_10_LV_DEN,00-0036959,M.Bandy,WR,DEN,LV,0,0,0,0,0,0,0,0,0,0,0,0,0,0,0,0,0,0,0,0,0
2025,15,2025_15_GB_DEN,00-0036959,M.Bandy,WR,DEN,GB,1,1,20,1,8,12,1,1,1,0,0.03125,0.0247678018575851,0.0642124613003096,0,0,0,0,0,0,0,9
2025,17,2025_17_DEN_KC,00-0036959,M.Bandy,WR,DEN,KC,2,2,14,0,11,3,0,0,0,0,0.0540540540540541,0.0533980582524272,0.11845972185778,0,0,0,0,0,0,0,3.4
2025,11,2025_11_WAS_MIA,00-0037252,G.Dulcich,TE,MIA,WAS,4,2,18,0,25,8,1,0,0,0,0.2,0.185185185185185,0.42962962962963,0,0,0,0,0,0,0,3.8
2025,13,2025_13_NO_MIA,00-0037252,G.Dulcich,TE,MIA,NO,2,2,24,0,17,7,1,1,1,0,0.1,0.0732758620689655,0.201293103448276,0,0,0,0,0,0,0,4.4
2025,14,2025_14_MIA_NYJ,00-0037252,G.Dulcich,TE,MIA,NYJ,3,3,41,0,4,37,2,1,1,0,0.142857142857143,0.0421052631578947,0.243759398496241,0,0,0,0,0,0,0,7.1
2025,15,2025_15_MIA_PIT,00-0037252,G.Dulcich,TE,MIA,PIT,2,2,46,0,24,22,2,2,1,0,0.0769230769230769,0.140350877192982,0.213630229419703,0,0,0,0,0,0,0,6.6
2025,16,2025_16_CIN_MIA,00-0037252,G.Dulcich,TE,MIA,CIN,3,3,46,0,16,30,2,1,1,0,0.103448275862069,0.0613026819923372,0.198084291187739,0,0,0,0,0,0,0,5.6
2025,17,2025_17_TB_MIA,00-0037252,G.Dulcich,TE,MIA,TB,6,5,58,1,24,26,3,1,1,0,0.272727272727273,0.122448979591837,0.494805194805195,1,-7,0,0,0,0,0,16.1
2025,18,2025_18_MIA_NE,00-0037252,G.Dulcich,TE,MIA,NE,4,3,31,0,15,28,1,1,1,0,0.166666666666667,0.09375,0.315625,0,0,0,0,0,0,0,6.1
2025,9,2025_09_CHI_CIN,00-0037329,B.Brown,RB,CHI,CIN,1,0,0,0,4,0,0,0,0,0,0.0294117647058824,0.0135593220338983,0.0536091724825523,5,37,1,1,1,1,0,9.7
2025,15,2025_15_CLE_CHI,00-0037329,B.Brown,RB,CHI,CLE,0,0,0,0,0,0,0,0,0,0,0,0,0,0,0,0,0,0,0,0,0
2025,10,2025_10_DET_WAS,00-0037742,T.Burks,WR,WAS,DET,3,3,58,0,45,13,2,1,1,0,0.136363636363636,0.15625,0.313920454545455,0,0,0,0,0,0,0,8.8
2025,13,2025_13_DEN_WAS,00-0037742,T.Burks,WR,WAS,DEN,4,1,5,1,75,0,0,0,0,0,0.0888888888888889,0.125418060200669,0.221125975473802,0,0,0,0,0,0,0,7.5
2025,14,2025_14_WAS_MIN,00-0037742,T.Burks,WR,WAS,MIN,1,0,0,0,11,0,0,0,0,0,0.05,0.0956521739130435,0.14195652173913,0,0,0,0,0,0,0,0
2025,15,2025_15_WAS_NYG,00-0037742,T.Burks,WR,WAS,NYG,2,0,0,0,43,0,0,0,0,0,0.125,0.166023166023166,0.303716216216216,0,0,0,0,0,0,0,0
2025,16,2025_16_PHI_WAS,00-0037742,T.Burks,WR,WAS,PHI,5,2,30,0,53,7,1,1,1,0,0.25,0.309941520467836,0.591959064327485,0,0,0,0,0,0,0,5
2025,17,2025_17_DAL_WAS,00-0037742,T.Burks,WR,WAS,DAL,2,1,11,0,11,5,1,0,0,0,0.0952380952380952,0.0658682634730539,0.188964927288281,0,0,0,0,0,0,0,2.1
2025,18,2025_18_WAS_PHI,00-0037742,T.Burks,WR,WAS,PHI,4,2,12,0,44,9,0,0,0,0,0.210526315789474,0.357723577235772,0.566195977749251,0,0,0,0,0,0,0,3.2
2025,9,2025_09_IND_PIT,00-0038409,L.Nichols,RB,PIT,IND,0,0,0,0,0,0,0,0,0,0,0,0,0,0,0,0,0,0,0,0,0
2025,9,2025_09_SF_NYG,00-0038658,A.Martinez,QB,SF,NYG,0,0,0,0,0,0,0,0,0,0,0,0,0,1,-1,0,0,0,0,0,-0.1
2025,9,2025_09_ARI_DAL,00-0038735,P.Fant,TE,DAL,ARI,0,0,0,0,0,0,0,0,0,0,0,0,0,0,0,0,0,0,0,0,0
2025,9,2025_09_ATL_NE,00-0039305,J.Westover,TE,NE,ATL,0,0,0,0,0,0,0,0,0,0,0,0,0,0,0,0,0,0,0,0,0
2025,10,2025_10_NE_TB,00-0039305,J.Westover,TE,NE,TB,1,0,0,0,2,0,0,0,0,0,0.0344827586206897,0.00571428571428571,0.0557241379310345,0,0,0,0,0,0,0,0
2025,11,2025_11_NYJ_NE,00-0039305,J.Westover,TE,NE,NYJ,0,0,0,0,0,0,0,0,0,0,0,0,0,0,0,0,0,0,0,0,0
2025,18,2025_18_MIA_NE,00-0039305,J.Westover,TE,NE,MIA,1,1,0,0,0,0,0,0,0,0,0.05,0,0.075,0,0,0,0,0,0,0,1
2025,9,2025_09_BAL_MIA,00-0039884,T.Washington,WR,MIA,BAL,2,1,11,0,56,6,1,0,0,0,0.0540540540540541,0.206642066420664,0.225730527575546,0,0,0,0,0,0,0,0.1
2025,18,2025_18_MIA_NE,00-0039884,T.Washington,WR,MIA,NE,3,2,26,0,68,2,1,1,0,0,0.125,0.425,0.485,0,0,0,0,0,0,0,4.6
2025,10,2025_10_LV_DEN,00-0024243,M.Lewis,TE,DEN,LV,0,0,0,0,0,0,0,0,0,0,0,0,0,0,0,0,0,0,0,0,0
2025,10,2025_10_BAL_MIN,00-0033376,P.Ricard,RB,BAL,MIN,0,0,0,0,0,0,0,0,0,0,0,0,0,1,3,0,0,0,0,0,0.3
2025,11,2025_11_BAL_CLE,00-0033376,P.Ricard,RB,BAL,CLE,0,0,0,0,0,0,0,0,0,0,0,0,0,0,0,0,0,0,0,0,0
2025,14,2025_14_PIT_BAL,00-0033376,P.Ricard,RB,BAL,PIT,1,0,0,0,0,0,0,0,0,0,0.0303030303030303,0,0.0454545454545455,0,0,0,0,0,0,0,0
2025,17,2025_17_BAL_GB,00-0033376,P.Ricard,RB,BAL,GB,0,0,0,0,0,0,0,0,0,0,0,0,0,0,0,0,0,0,0,0,0
2025,18,2025_18_BAL_PIT,00-0033376,P.Ricard,RB,BAL,PIT,1,1,8,0,6,2,0,0,0,0,0.0588235294117647,0.0338983050847458,0.111964107676969,0,0,0,0,0,0,0,1.8
2025,10,2025_10_DET_WAS,00-0034073,R.Dwelley,TE,DET,WAS,1,0,0,0,0,0,0,0,0,0,0.03125,0,0.046875,0,0,0,0,0,0,0,0
2025,12,2025_12_NYG_DET,00-0034073,R.Dwelley,TE,DET,NYG,0,0,0,0,0,0,0,0,0,0,0,0,0,0,0,0,0,0,0,0,0
2025,13,2025_13_GB_DET,00-0034073,R.Dwelley,TE,DET,GB,3,1,3,0,1,3,0,0,0,0,0.111111111111111,0.00588235294117647,0.17078431372549,0,0,0,0,0,0,0,1.3
2025,14,2025_14_DAL_DET,00-0034073,R.Dwelley,TE,DET,DAL,1,1,4,0,0,4,0,0,0,0,0.032258064516129,0,0.0483870967741936,0,0,0,0,0,0,0,1.4
2025,12,2025_12_ATL_NO,00-0034860,D.Pettis,WR,NO,ATL,1,1,14,0,14,0,1,0,0,0,0.0232558139534884,0.0453074433656958,0.0665989312862196,0,0,0,0,0,0,0,2.4
2025,13,2025_13_NO_MIA,00-0034860,D.Pettis,WR,NO,MIA,0,0,0,0,0,0,0,0,0,0,0,0,0,0,0,0,0,0,0,0,0
2025,14,2025_14_NO_TB,00-0034860,D.Pettis,WR,NO,TB,0,0,0,0,0,0,0,0,0,0,0,0,0,0,0,0,0,0,0,0,0
2025,15,2025_15_CAR_NO,00-0034860,D.Pettis,WR,NO,CAR,0,0,0,0,0,0,0,0,0,0,0,0,0,0,0,0,0,0,0,0,0
2025,16,2025_16_NYJ_NO,00-0034860,D.Pettis,WR,NO,NYJ,1,0,0,0,24,0,0,0,0,0,0.0212765957446809,0.0568720379146919,0.0717253201573056,0,0,0,0,0,0,0,0
2025,17,2025_17_NO_TEN,00-0034860,D.Pettis,WR,NO,TEN,4,3,53,0,53,40,2,2,1,0,0.148148148148148,0.187943262411348,0.353782505910166,0,0,0,0,0,0,0,6.3
2025,18,2025_18_NO_ATL,00-0034860,D.Pettis,WR,NO,ATL,5,5,60,0,14,46,3,2,2,0,0.147058823529412,0.0498220640569395,0.255463680133975,0,0,0,0,0,0,0,11
2025,10,2025_10_PIT_LAC,00-0035291,T.Williams,RB,LAC,PIT,0,0,0,0,0,0,0,0,0,0,0,0,0,0,0,0,0,0,0,0,0
2025,11,2025_11_LAC_JAX,00-0035291,T.Williams,RB,LAC,JAX,1,1,0,0,-1,1,0,0,0,0,0.0416666666666667,-0.00543478260869565,0.0586956521739131,3,-1,0,0,0,0,0,0.9
2025,15,2025_15_CLE_CHI,00-0035291,T.Williams,RB,CLE,CHI,2,2,4,0,-6,10,0,0,0,0,0.0645161290322581,-0.0198019801980198,0.0829128074097732,1,3,0,0,0,0,0,2.7
2025,16,2025_16_BUF_CLE,00-0035291,T.Williams,RB,CLE,BUF,4,4,38,0,-18,56,2,2,1,0,0.148148148148148,-0.260869565217391,0.0396135265700483,3,17,0,1,0,0,0,9.5
2025,17,2025_17_PIT_CLE,00-0035291,T.Williams,RB,CLE,PIT,0,0,0,0,0,0,0,0,0,0,0,0,0,2,10,0,0,0,0,0,1
2025,18,2025_18_CLE_CIN,00-0035291,T.Williams,RB,CLE,CIN,2,1,13,0,-9,16,1,0,0,0,0.0952380952380952,-0.0459183673469388,0.110714285714286,1,7,0,0,0,0,0,3
2025,10,2025_10_ARI_SEA,00-0039577,K.Slovis,QB,ARI,SEA,0,0,0,0,0,0,0,0,0,0,0,0,0,0,0,0,0,0,0,0,0
2025,12,2025_12_JAX_ARI,00-0039577,K.Slovis,QB,ARI,JAX,0,0,0,0,0,0,0,0,0,0,0,0,0,0,0,0,0,0,0,0,-0.08
2025,10,2025_10_ARI_SEA,00-0040058,N.Kallerup,TE,SEA,ARI,1,0,0,0,8,0,0,0,0,0,0.0833333333333333,0.0625,0.16875,0,0,0,0,0,0,0,0
2025,11,2025_11_SEA_LA,00-0040058,N.Kallerup,TE,SEA,LA,0,0,0,0,0,0,0,0,0,0,0,0,0,0,0,0,0,0,0,0,0
2025,13,2025_13_MIN_SEA,00-0040058,N.Kallerup,TE,SEA,MIN,0,0,0,0,0,0,0,0,0,0,0,0,0,0,0,0,0,0,0,0,0
2025,15,2025_15_IND_SEA,00-0040058,N.Kallerup,TE,SEA,IND,0,0,0,0,0,0,0,0,0,0,0,0,0,0,0,0,0,0,0,0,0
2025,11,2025_11_GB_NYG,00-0031503,J.Winston,QB,NYG,GB,0,0,0,0,0,0,0,0,0,0,0,0,0,3,10,1,1,0,0,0,11.04
2025,12,2025_12_NYG_DET,00-0031503,J.Winston,QB,NYG,DET,1,1,33,1,13,20,1,1,1,0,0.0294117647058824,0.0317848410757946,0.0663670358118798,4,13,0,1,0,0,0,32.24
2025,15,2025_15_WAS_NYG,00-0031503,J.Winston,QB,NYG,WAS,0,0,0,0,0,0,0,0,0,0,0,0,0,0,0,0,0,0,0,0,0
2025,11,2025_11_SF_ARI,00-0033439,P.Brown,TE,ARI,SF,0,0,0,0,0,0,0,0,0,0,0,0,0,0,0,0,0,0,0,0,0
2025,12,2025_12_JAX_ARI,00-0033439,P.Brown,TE,ARI,JAX,0,0,0,0,0,0,0,0,0,0,0,0,0,0,0,0,0,0,0,0,0
2025,14,2025_14_LA_ARI,00-0033439,P.Brown,TE,ARI,LA,0,0,0,0,0,0,0,0,0,0,0,0,0,0,0,0,0,0,0,0,0
2025,15,2025_15_ARI_HOU,00-0033439,P.Brown,TE,ARI,HOU,2,2,1,0,1,0,0,0,0,0,0.0526315789473684,0.00390625,0.0816817434210526,0,0,0,0,0,0,0,2.1
2025,18,2025_18_ARI_LA,00-0033439,P.Brown,TE,ARI,LA,0,0,0,0,0,0,0,0,0,0,0,0,0,0,0,0,0,0,0,0,0
2025,11,2025_11_WAS_MIA,00-0034681,C.Edmonds,RB,WAS,MIA,0,0,0,0,0,0,0,0,0,0,0,0,0,0,0,0,0,0,0,0,0
2025,15,2025_15_WAS_NYG,00-0034681,C.Edmonds,RB,WAS,NYG,0,0,0,0,0,0,0,0,0,0,0,0,0,0,0,0,0,0,0,0,0
2025,17,2025_17_DAL_WAS,00-0034681,C.Edmonds,RB,WAS,DAL,0,0,0,0,0,0,0,0,0,0,0,0,0,0,0,0,0,0,0,0,0
2025,11,2025_11_TB_BUF,00-0035140,M.Hardman,WR,BUF,TB,1,0,0,0,46,0,0,0,0,0,0.0333333333333333,0.132947976878613,0.143063583815029,0,0,0,0,0,0,0,0
2025,16,2025_16_BUF_CLE,00-0035140,M.Hardman,WR,BUF,CLE,0,0,0,0,0,0,0,0,0,0,0,0,0,0,0,0,0,0,0,0,0
2025,11,2025_11_SF_ARI,00-0035876,A.Baccellia,WR,ARI,SF,1,1,5,0,5,0,0,0,0,0,0.0178571428571429,0.0128865979381443,0.0358063328424153,0,0,0,0,0,0,0,1.5
2025,13,2025_13_ARI_TB,00-0035876,A.Baccellia,WR,ARI,TB,0,0,0,0,0,0,0,0,0,0,0,0,0,0,0,0,0,0,0,0,0
2025,14,2025_14_LA_ARI,00-0035876,A.Baccellia,WR,ARI,LA,3,1,3,0,2,7,0,0,0,0,0.0681818181818182,0.00568181818181818,0.10625,0,0,0,0,0,0,0,1.3
2025,15,2025_15_ARI_HOU,00-0035876,A.Baccellia,WR,ARI,HOU,0,0,0,0,0,0,0,0,0,0,0,0,0,0,0,0,0,0,0,0,0
2025,11,2025_11_GB_NYG,00-0036165,I.Hodgins,WR,NYG,GB,6,5,57,0,59,8,3,1,1,0,0.206896551724138,0.269406392694064,0.498929302472052,0,0,0,0,0,0,0,10.7
2025,12,2025_12_NYG_DET,00-0036165,I.Hodgins,WR,NYG,DET,6,2,42,1,75,1,2,1,1,0,0.176470588235294,0.183374083129584,0.39306774054365,0,0,0,0,0,0,0,12.2
2025,13,2025_13_NYG_NE,00-0036165,I.Hodgins,WR,NYG,NE,1,1,4,0,4,0,0,0,0,0,0.0416666666666667,0.0217391304347826,0.0777173913043478,0,0,0,0,0,0,0,1.4
2025,15,2025_15_WAS_NYG,00-0036165,I.Hodgins,WR,NYG,WAS,2,1,4,0,24,0,0,0,0,0,0.0555555555555556,0.0558139534883721,0.122403100775194,0,0,0,0,0,0,0,1.4
2025,17,2025_17_NYG_LV,00-0036165,I.Hodgins,WR,NYG,LV,2,1,8,0,8,8,0,0,0,0,0.0689655172413793,0.0509554140127389,0.139117065670986,0,0,0,0,0,0,0,1.8
2025,18,2025_18_DAL_NYG,00-0036165,I.Hodgins,WR,NYG,DAL,2,0,0,0,37,0,0,0,0,0,0.0625,0.201086956521739,0.234510869565217,0,0,0,0,0,0,0,0
2025,11,2025_11_TB_BUF,00-0036196,G.Davis,WR,BUF,TB,4,3,40,0,30,12,2,1,1,0,0.133333333333333,0.0867052023121387,0.260693641618497,0,0,0,0,0,0,0,7
2025,12,2025_12_BUF_HOU,00-0036196,G.Davis,WR,BUF,HOU,2,1,22,0,40,5,1,1,1,0,0.0625,0.248447204968944,0.267663043478261,0,0,0,0,0,0,0,3.2
2025,13,2025_13_BUF_PIT,00-0036196,G.Davis,WR,BUF,PIT,2,1,5,0,10,2,0,0,0,0,0.0869565217391304,0.256410256410256,0.309921962095875,0,0,0,0,0,0,0,1.5
2025,14,2025_14_CIN_BUF,00-0036196,G.Davis,WR,BUF,CIN,2,2,21,0,21,0,1,1,0,0,0.0740740740740741,0.162790697674419,0.225064599483204,0,0,0,0,0,0,0,4.1
2025,17,2025_17_PHI_BUF,00-0036196,G.Davis,WR,BUF,PHI,1,0,0,0,4,0,0,0,0,0,0.0303030303030303,0.0159362549800797,0.0566099239406012,0,0,0,0,0,0,0,0
2025,18,2025_18_NYJ_BUF,00-0036196,G.Davis,WR,BUF,NYJ,7,5,41,1,54,11,1,1,0,0,0.25,0.271356783919598,0.564949748743719,0,0,0,0,0,0,0,15.1
2025,11,2025_11_KC_DEN,00-0036567,E.Mitchell,RB,KC,DEN,1,0,0,0,16,0,0,0,0,0,0.0232558139534884,0.0493827160493827,0.0694516221648005,0,0,0,0,0,0,0,0
2025,11,2025_11_GB_NYG,00-0038128,M.Willis,QB,GB,NYG,0,0,0,0,0,0,0,0,0,0,0,0,0,1,16,0,1,1,0,0,5.84
2025,12,2025_12_MIN_GB,00-0038128,M.Willis,QB,GB,MIN,0,0,0,0,0,0,0,0,0,0,0,0,0,2,3,0,0,0,0,0,0.58
2025,16,2025_16_GB_CHI,00-0038128,M.Willis,QB,GB,CHI,0,0,0,0,0,0,0,0,0,0,0,0,0,10,44,0,2,1,0,0,13.24
2025,17,2025_17_BAL_GB,00-0038128,M.Willis,QB,GB,BAL,0,0,0,0,0,0,0,0,0,0,0,0,0,9,60,2,4,2,1,0,31.52
2025,11,2025_11_TB_BUF,00-0038458,O.Wright,RB,TB,BUF,0,0,0,0,0,0,0,0,0,0,0,0,0,0,0,0,0,0,0,0,0
2025,12,2025_12_TB_LA,00-0038458,O.Wright,RB,TB,LA,0,0,0,0,0,0,0,0,0,0,0,0,0,3,6,0,0,0,0,0,0.6
2025,11,2025_11_GB_NYG,00-0038589,J.Whyle,TE,GB,NYG,1,1,2,1,2,0,0,0,0,0,0.04,0.0068259385665529,0.064778156996587,0,0,0,0,0,0,0,7.2
2025,12,2025_12_MIN_GB,00-0038589,J.Whyle,TE,GB,MIN,1,1,1,0,-3,4,0,0,0,0,0.0476190476190476,-0.0169491525423729,0.0595641646489104,0,0,0,0,0,0,0,1.1
2025,13,2025_13_GB_DET,00-0038589,J.Whyle,TE,GB,DET,1,0,0,0,8,0,0,0,0,0,0.0344827586206897,0.0233236151603499,0.0680506685432794,0,0,0,0,0,0,0,0
2025,14,2025_14_CHI_GB,00-0038589,J.Whyle,TE,GB,CHI,1,1,21,0,12,9,1,1,1,0,0.0434782608695652,0.0385852090032154,0.0922270376065986,0,0,0,0,0,0,0,3.1
2025,17,2025_17_BAL_GB,00-0038589,J.Whyle,TE,GB,BAL,1,1,8,0,5,3,0,0,0,0,0.04,0.0171821305841924,0.0720274914089347,0,0,0,0,0,0,0,1.8
2025,18,2025_18_GB_MIN,00-0038589,J.Whyle,TE,GB,MIN,1,1,4,0,-1,5,0,0,0,0,0.1,-0.037037037037037,0.124074074074074,0,0,0,0,0,0,0,1.4
2025,11,2025_11_CIN_PIT,00-0039266,K.Milton,RB,CIN,PIT,0,0,0,0,0,0,0,0,0,0,0,0,0,2,2,0,0,0,0,0,0.2
2025,11,2025_11_DET_PHI,00-0040024,D.Cooper,WR,PHI,DET,0,0,0,0,0,0,0,0,0,0,0,0,0,0,0,0,0,0,0,0,0
2025,12,2025_12_PHI_DAL,00-0040024,D.Cooper,WR,PHI,DAL,2,2,7,0,1,6,0,0,0,0,0.0555555555555556,0.00341296928327645,0.0857224118316269,0,0,0,0,0,0,0,2.7
2025,14,2025_14_PHI_LAC,00-0040024,D.Cooper,WR,PHI,LAC,1,1,19,0,13,6,1,1,0,0,0.0263157894736842,0.0318627450980392,0.0617776057791538,0,0,0,0,0,0,0,2.9
2025,15,2025_15_LV_PHI,00-0040024,D.Cooper,WR,PHI,LV,2,2,29,0,24,5,2,1,0,0,0.111111111111111,0.181818181818182,0.293939393939394,0,0,0,0,0,0,0,4.9
2025,17,2025_17_PHI_BUF,00-0040024,D.Cooper,WR,PHI,BUF,1,1,4,0,3,1,0,0,0,0,0.0454545454545455,0.0116279069767442,0.0763213530655391,0,0,0,0,0,0,0,1.4
2025,18,2025_18_WAS_PHI,00-0040024,D.Cooper,WR,PHI,WAS,5,3,33,0,68,4,2,1,0,0,0.147058823529412,0.177545691906005,0.344870219628321,0,0,0,0,0,0,0,6.3
2025,11,2025_11_LAC_JAX,00-0040039,A.Johnson,RB,LAC,JAX,1,0,0,0,-2,0,0,0,0,0,0.0416666666666667,-0.0108695652173913,0.0548913043478261,2,8,0,0,0,0,0,0.8
2025,11,2025_11_WAS_MIA,00-0040317,Ja.Jones,WR,WAS,MIA,1,1,25,0,3,22,1,1,1,0,0.0344827586206897,0.0135746606334842,0.0612264003744734,0,0,0,0,0,0,0,3.5
2025,11,2025_11_TB_BUF,00-0040363,K.Latu,TE,BUF,TB,1,1,4,0,4,0,0,0,0,0,0.0333333333333333,0.0115606936416185,0.058092485549133,0,0,0,0,0,0,0,1.4
2025,17,2025_17_PHI_BUF,00-0040363,K.Latu,TE,BUF,PHI,0,0,0,0,0,0,0,0,0,0,0,0,0,0,0,0,0,0,0,0,0
2025,18,2025_18_NYJ_BUF,00-0040363,K.Latu,TE,BUF,NYJ,3,3,31,0,8,23,2,0,0,0,0.107142857142857,0.0402010050251256,0.188854989231874,0,0,0,0,0,0,0,6.1
2025,11,2025_11_GB_NYG,00-0040431,D.Cambre,WR,NYG,GB,0,0,0,0,0,0,0,0,0,0,0,0,0,0,0,0,0,0,0,0,0
2025,15,2025_15_WAS_NYG,00-0040431,D.Cambre,WR,NYG,WAS,0,0,0,0,0,0,0,0,0,0,0,0,0,0,0,0,0,0,0,0,0
2025,18,2025_18_DAL_NYG,00-0040431,D.Cambre,WR,NYG,DAL,0,0,0,0,0,0,0,0,0,0,0,0,0,0,0,0,0,0,0,0,0
2025,12,2025_12_CLE_LV,00-0040668,S.Sanders,QB,CLE,LV,0,0,0,0,0,0,0,0,0,0,0,0,0,1,-1,0,0,0,0,0,10.26
2025,13,2025_13_SF_CLE,00-0040668,S.Sanders,QB,CLE,SF,0,0,0,0,0,0,0,0,0,0,0,0,0,1,6,0,0,0,0,0,10.56
2025,14,2025_14_TEN_CLE,00-0040668,S.Sanders,QB,CLE,TEN,0,0,0,0,0,0,0,0,0,0,0,0,0,3,29,1,1,1,0,0,33.46
2025,15,2025_15_CLE_CHI,00-0040668,S.Sanders,QB,CLE,CHI,0,0,0,0,0,0,0,0,0,0,0,0,0,2,24,0,1,1,0,0,3.48
2025,16,2025_16_BUF_CLE,00-0040668,S.Sanders,QB,CLE,BUF,0,0,0,0,0,0,0,0,0,0,0,0,0,4,49,0,3,3,0,0,11.18
2025,17,2025_17_PIT_CLE,00-0040668,S.Sanders,QB,CLE,PIT,0,0,0,0,0,0,0,0,0,0,0,0,0,4,20,0,1,0,0,0,9.44
2025,18,2025_18_CLE_CIN,00-0040668,S.Sanders,QB,CLE,CIN,0,0,0,0,0,0,0,0,0,0,0,0,0,3,26,0,1,1,0,0,5.04
2025,12,2025_12_SEA_TEN,00-0036133,J.Proche,WR,TEN,SEA,3,3,42,0,40,2,2,1,1,0,0.0789473684210526,0.205128205128205,0.262010796221323,0,0,0,0,0,0,0,7.2
2025,13,2025_13_JAX_TEN,00-0036133,J.Proche,WR,TEN,JAX,1,1,13,0,13,0,1,0,0,0,0.0285714285714286,0.0524193548387097,0.0795506912442396,0,0,0,0,0,0,0,2.3
2025,14,2025_14_TEN_CLE,00-0036133,J.Proche,WR,TEN,CLE,1,0,0,0,12,0,0,0,0,0,0.04,0.0689655172413793,0.108275862068966,0,0,0,0,0,0,0,0
2025,15,2025_15_TEN_SF,00-0036133,J.Proche,WR,TEN,SF,1,0,0,0,-1,0,0,0,0,0,0.037037037037037,-0.00584795321637427,0.0514619883040936,0,0,0,0,0,0,0,0
2025,17,2025_17_NO_TEN,00-0036133,J.Proche,WR,TEN,NO,5,1,5,0,106,0,0,0,0,0,0.142857142857143,0.284182305630027,0.413213328226733,0,0,0,0,0,0,0,1.5
2025,18,2025_18_TEN_JAX,00-0036133,J.Proche,WR,TEN,JAX,1,1,5,0,5,0,0,0,0,0,0.0303030303030303,0.0393700787401575,0.0730136005726557,0,0,0,0,0,0,0,1.5
2025,12,2025_12_NE_CIN,00-0036569,G.Brightwell,RB,CIN,NE,0,0,0,0,0,0,0,0,0,0,0,0,0,0,0,0,0,0,0,0,0
2025,13,2025_13_CIN_BAL,00-0036569,G.Brightwell,RB,CIN,BAL,0,0,0,0,0,0,0,0,0,0,0,0,0,0,0,0,0,0,0,0,0
2025,12,2025_12_PIT_CHI,00-0037031,N.Kalinic,TE,CHI,PIT,0,0,0,0,0,0,0,0,0,0,0,0,0,0,0,0,0,0,0,0,0
2025,18,2025_18_DET_CHI,00-0037031,N.Kalinic,TE,CHI,DET,0,0,0,0,0,0,0,0,0,0,0,0,0,0,0,0,0,0,0,0,0
2025,12,2025_12_ATL_NO,00-0037277,T.Quitoriano,TE,ATL,NO,0,0,0,0,0,0,0,0,0,0,0,0,0,0,0,0,0,0,0,0,0
2025,17,2025_17_LA_ATL,00-0037277,T.Quitoriano,TE,ATL,LA,0,0,0,0,0,0,0,0,0,0,0,0,0,0,0,0,0,0,0,0,0
2025,12,2025_12_NYG_DET,00-0038396,E.Gray,RB,NYG,DET,0,0,0,0,0,0,0,0,0,0,0,0,0,0,0,0,0,0,0,0,0
2025,12,2025_12_ATL_NO,00-0038953,D.Drummond,WR,ATL,NO,3,3,18,0,14,4,0,0,0,0,0.15,0.0828402366863906,0.282988165680473,0,0,0,0,0,0,0,4.8
2025,13,2025_13_ATL_NYJ,00-0038953,D.Drummond,WR,ATL,NYJ,3,1,3,0,45,0,0,0,0,0,0.0967741935483871,0.292207792207792,0.349706744868035,0,0,0,0,0,0,0,1.3
2025,14,2025_14_SEA_ATL,00-0038953,D.Drummond,WR,ATL,SEA,5,3,21,0,26,10,1,0,0,0,0.178571428571429,0.127450980392157,0.357072829131653,0,0,0,0,0,0,0,5.1
2025,15,2025_15_ATL_TB,00-0038953,D.Drummond,WR,ATL,TB,0,0,0,0,0,0,0,0,0,0,0,0,0,0,0,0,0,0,0,0,0
2025,17,2025_17_LA_ATL,00-0038953,D.Drummond,WR,ATL,LA,0,0,0,0,0,0,0,0,0,0,0,0,0,0,0,0,0,0,0,0,0
2025,18,2025_18_NO_ATL,00-0038953,D.Drummond,WR,ATL,NO,0,0,0,0,0,0,0,0,0,0,0,0,0,0,0,0,0,0,0,0,0
2025,12,2025_12_SEA_TEN,00-0040205,K.Mullings,RB,TEN,SEA,0,0,0,0,0,0,0,0,0,0,0,0,0,0,0,0,0,0,0,0,0
2025,15,2025_15_TEN_SF,00-0040205,K.Mullings,RB,TEN,SF,0,0,0,0,0,0,0,0,0,0,0,0,0,1,3,0,0,0,0,0,0.3
2025,16,2025_16_KC_TEN,00-0040205,K.Mullings,RB,TEN,KC,0,0,0,0,0,0,0,0,0,0,0,0,0,1,0,0,0,0,0,0,0
2025,17,2025_17_NO_TEN,00-0040205,K.Mullings,RB,TEN,NO,0,0,0,0,0,0,0,0,0,0,0,0,0,1,4,0,0,0,0,0,0.4
2025,12,2025_12_SEA_TEN,00-0040522,X.Restrepo,WR,TEN,SEA,6,2,26,0,68,3,2,0,0,0,0.157894736842105,0.348717948717949,0.480944669365722,0,0,0,0,0,0,0,4.6
2025,13,2025_13_JAX_TEN,00-0040522,X.Restrepo,WR,TEN,JAX,1,1,15,0,9,6,1,0,0,0,0.0285714285714286,0.0362903225806452,0.0682603686635945,0,0,0,0,0,0,0,2.5
2025,13,2025_13_JAX_TEN,00-0033319,N.Mullens,QB,JAX,TEN,0,0,0,0,0,0,0,0,0,0,0,0,0,3,-3,0,0,0,0,0,-0.3
2025,14,2025_14_IND_JAX,00-0033319,N.Mullens,QB,JAX,IND,0,0,0,0,0,0,0,0,0,0,0,0,0,3,-1,0,0,0,0,0,0.02
2025,15,2025_15_NYJ_JAX,00-0033319,N.Mullens,QB,JAX,NYJ,0,0,0,0,0,0,0,0,0,0,0,0,0,3,-2,0,0,0,0,0,-0.2
2025,18,2025_18_TEN_JAX,00-0033319,N.Mullens,QB,JAX,TEN,0,0,0,0,0,0,0,0,0,0,0,0,0,3,-2,0,0,0,0,0,0.44
2025,13,2025_13_GB_DET,00-0033455,A.Firkser,TE,DET,GB,1,1,4,0,4,0,0,0,0,0,0.037037037037037,0.0235294117647059,0.0720261437908497,0,0,0,0,0,0,0,1.4
2025,14,2025_14_DAL_DET,00-0033455,A.Firkser,TE,DET,DAL,1,1,7,0,2,5,0,0,0,0,0.032258064516129,0.00873362445414847,0.0545006338920975,0,0,0,0,0,0,0,1.7
2025,16,2025_16_PIT_DET,00-0033455,A.Firkser,TE,DET,PIT,4,4,40,0,34,6,2,1,0,0,0.0769230769230769,0.107936507936508,0.190940170940171,0,0,0,0,0,0,0,8
2025,17,2025_17_DET_MIN,00-0033455,A.Firkser,TE,DET,MIN,1,0,0,0,2,0,0,0,0,0,0.0344827586206897,0.0100502512562814,0.0587593138104315,0,0,0,0,0,0,0,0
2025,18,2025_18_DET_CHI,00-0033455,A.Firkser,TE,DET,CHI,3,2,2,0,-7,1,0,0,0,0,0.0833333333333333,-0.028,0.1054,0,0,0,0,0,0,0,2.2
2025,13,2025_13_MIN_SEA,00-0035311,M.Gaskin,RB,SEA,MIN,0,0,0,0,0,0,0,0,0,0,0,0,0,3,6,0,0,0,0,0,0.6
2025,13,2025_13_GB_DET,00-0035544,T.Kennedy,WR,DET,GB,4,4,36,0,32,4,1,1,1,0,0.148148148148148,0.188235294117647,0.353986928104575,0,0,0,0,0,0,0,7.6
2025,14,2025_14_DAL_DET,00-0035544,T.Kennedy,WR,DET,DAL,0,0,0,0,0,0,0,0,0,0,0,0,0,0,0,0,0,0,0,0,0
2025,15,2025_15_DET_LA,00-0035544,T.Kennedy,WR,DET,LA,0,0,0,0,0,0,0,0,0,0,0,0,0,0,0,0,0,0,0,0,0
2025,16,2025_16_PIT_DET,00-0035544,T.Kennedy,WR,DET,PIT,0,0,0,0,0,0,0,0,0,0,0,0,0,0,0,0,0,0,0,0,0
2025,17,2025_17_DET_MIN,00-0035544,T.Kennedy,WR,DET,MIN,0,0,0,0,0,0,0,0,0,0,0,0,0,0,0,0,0,0,0,0,0
2025,18,2025_18_DET_CHI,00-0035544,T.Kennedy,WR,DET,CHI,0,0,0,0,0,0,0,0,0,0,0,0,0,0,0,0,0,0,0,0,0
2025,13,2025_13_CHI_PHI,00-0037132,B.Covey,WR,PHI,CHI,0,0,0,0,0,0,0,0,0,0,0,0,0,0,0,0,0,0,0,0,0
2025,14,2025_14_PHI_LAC,00-0037132,B.Covey,WR,PHI,LAC,0,0,0,0,0,0,0,0,0,0,0,0,0,0,0,0,0,0,0,0,0
2025,15,2025_15_LV_PHI,00-0037132,B.Covey,WR,PHI,LV,0,0,0,0,0,0,0,0,0,0,0,0,0,0,0,0,0,0,0,0,0
2025,16,2025_16_PHI_WAS,00-0037132,B.Covey,WR,PHI,WAS,0,0,0,0,0,0,0,0,0,0,0,0,0,0,0,0,0,0,0,0,0
2025,17,2025_17_PHI_BUF,00-0037132,B.Covey,WR,PHI,BUF,0,0,0,0,0,0,0,0,0,0,0,0,0,0,0,0,0,0,0,0,0
2025,18,2025_18_WAS_PHI,00-0037132,B.Covey,WR,PHI,WAS,4,2,20,0,8,20,1,0,0,0,0.117647058823529,0.02088772845953,0.191091998156965,0,0,0,0,0,0,0,4
2025,13,2025_13_LA_CAR,00-0037557,R.Rivers,RB,LA,CAR,0,0,0,0,0,0,0,0,0,0,0,0,0,0,0,0,0,0,0,0,0
2025,14,2025_14_LA_ARI,00-0037557,R.Rivers,RB,LA,ARI,0,0,0,0,0,0,0,0,0,0,0,0,0,8,41,0,0,0,0,0,4.1
2025,15,2025_15_DET_LA,00-0037557,R.Rivers,RB,LA,DET,0,0,0,0,0,0,0,0,0,0,0,0,0,0,0,0,0,0,0,0,0
2025,16,2025_16_LA_SEA,00-0037557,R.Rivers,RB,LA,SEA,0,0,0,0,0,0,0,0,0,0,0,0,0,0,0,0,0,0,0,0,0
2025,17,2025_17_LA_ATL,00-0037557,R.Rivers,RB,LA,ATL,0,0,0,0,0,0,0,0,0,0,0,0,0,1,5,0,0,0,0,0,0.5
2025,18,2025_18_ARI_LA,00-0037557,R.Rivers,RB,LA,ARI,0,0,0,0,0,0,0,0,0,0,0,0,0,0,0,0,0,0,0,0,0
2025,13,2025_13_NO_MIA,00-0038397,E.Hull,RB,NO,MIA,0,0,0,0,0,0,0,0,0,0,0,0,0,5,15,0,0,0,0,0,1.5
2025,14,2025_14_NO_TB,00-0038397,E.Hull,RB,NO,TB,1,1,6,0,-4,10,0,0,0,0,0.05,-0.0253164556962025,0.0572784810126582,1,4,0,0,0,0,0,2
2025,15,2025_15_CAR_NO,00-0038397,E.Hull,RB,NO,CAR,0,0,0,0,0,0,0,0,0,0,0,0,0,4,12,0,0,0,0,0,1.2
2025,16,2025_16_NYJ_NO,00-0038397,E.Hull,RB,NO,NYJ,0,0,0,0,0,0,0,0,0,0,0,0,0,5,3,0,0,0,0,0,0.3
2025,17,2025_17_NO_TEN,00-0038397,E.Hull,RB,NO,TEN,0,0,0,0,0,0,0,0,0,0,0,0,0,2,3,0,0,0,0,0,0.3
2025,18,2025_18_NO_ATL,00-0038397,E.Hull,RB,NO,ATL,0,0,0,0,0,0,0,0,0,0,0,0,0,2,11,0,0,0,0,0,1.1
2025,13,2025_13_KC_DAL,00-0039824,J.Wiley,TE,KC,DAL,1,1,4,0,-4,8,0,0,0,0,0.03125,-0.0166666666666667,0.0352083333333333,0,0,0,0,0,0,0,1.4
2025,18,2025_18_KC_LV,00-0039824,J.Wiley,TE,KC,LV,0,0,0,0,0,0,0,0,0,0,0,0,0,0,0,0,0,0,0,0,0
2025,14,2025_14_DEN_LV,00-0036527,D.Turner,WR,LV,DEN,0,0,0,0,0,0,0,0,0,0,0,0,0,0,0,0,0,0,0,0,0
2025,14,2025_14_WAS_MIN,00-0038809,B.Sims,TE,MIN,WAS,1,1,9,0,4,5,0,0,0,0,0.0434782608695652,0.0261437908496732,0.0835180448991191,0,0,0,0,0,0,0,1.9
2025,17,2025_17_DET_MIN,00-0038809,B.Sims,TE,MIN,DET,1,1,3,0,3,0,0,0,0,0,0.0714285714285714,0.0447761194029851,0.138486140724947,0,0,0,0,0,0,0,1.3
2025,18,2025_18_GB_MIN,00-0038809,B.Sims,TE,MIN,GB,4,1,18,0,66,0,1,1,0,0,0.133333333333333,0.333333333333333,0.433333333333333,0,0,0,0,0,0,0,2.8
2025,14,2025_14_DEN_LV,00-0038891,S.Jackson,WR,LV,DEN,1,1,25,1,25,0,1,1,1,0,0.0357142857142857,0.102459016393443,0.125292740046838,0,0,0,0,0,0,0,9.5
2025,17,2025_17_NYG_LV,00-0038891,S.Jackson,WR,LV,NYG,3,2,20,0,45,4,1,0,0,0,0.107142857142857,0.269461077844311,0.349337040205304,0,0,0,0,0,0,0,4
2025,18,2025_18_KC_LV,00-0038891,S.Jackson,WR,LV,KC,1,1,11,0,11,0,1,0,0,0,0.0384615384615385,0.0486725663716814,0.0917631041524847,1,3,0,0,0,0,0,2.4
2025,14,2025_14_DAL_DET,00-0038911,M.Cunningham,WR,DET,DAL,0,0,0,0,0,0,0,0,0,0,0,0,0,1,1,0,0,0,0,0,0.1
2025,14,2025_14_DAL_DET,00-0039062,J.Mingo,WR,DAL,DET,1,0,0,0,18,0,0,0,0,0,0.0212765957446809,0.0362173038229376,0.0572670062930776,0,0,0,0,0,0,0,0
2025,15,2025_15_MIN_DAL,00-0039062,J.Mingo,WR,DAL,MIN,1,1,25,0,21,4,1,1,1,0,0.0285714285714286,0.0760869565217391,0.0961180124223602,0,0,0,0,0,0,0,3.5
2025,16,2025_16_LAC_DAL,00-0039062,J.Mingo,WR,DAL,LAC,1,0,0,0,35,0,0,0,0,0,0.03125,0.112179487179487,0.125400641025641,0,0,0,0,0,0,0,0
2025,17,2025_17_DAL_WAS,00-0039062,J.Mingo,WR,DAL,WAS,1,0,0,0,13,0,0,0,0,0,0.0277777777777778,0.0340314136125654,0.0654886561954625,0,0,0,0,0,0,0,0
2025,18,2025_18_DAL_NYG,00-0039062,J.Mingo,WR,DAL,NYG,1,0,0,0,10,0,0,0,0,0,0.0434782608695652,0.0561797752808989,0.104543234000977,0,0,0,0,0,0,0,0
2025,14,2025_14_NO_TB,00-0039373,A.Estime,RB,NO,TB,0,0,0,0,0,0,0,0,0,0,0,0,0,3,11,0,0,0,0,0,1.1
2025,15,2025_15_CAR_NO,00-0039373,A.Estime,RB,NO,CAR,3,3,39,0,-9,48,2,1,0,0,0.0967741935483871,-0.033457249070632,0.121741215973138,3,11,0,0,0,0,0,8
2025,16,2025_16_NYJ_NO,00-0039373,A.Estime,RB,NO,NYJ,4,3,17,0,-2,22,1,0,0,0,0.0851063829787234,-0.004739336492891,0.124342038923061,5,19,0,0,0,0,0,6.6
2025,17,2025_17_NO_TEN,00-0039373,A.Estime,RB,NO,TEN,1,1,4,0,0,4,0,0,0,0,0.037037037037037,0,0.0555555555555556,14,94,1,2,2,1,0,16.8
2025,18,2025_18_NO_ATL,00-0039373,A.Estime,RB,NO,ATL,5,5,43,0,9,34,1,1,0,0,0.147058823529412,0.0320284697508897,0.24300816411974,21,63,0,0,0,0,0,15.6
2025,14,2025_14_MIA_NYJ,00-0040398,B.Cook,QB,NYJ,MIA,0,0,0,0,0,0,0,0,0,0,0,0,0,1,0,0,0,0,0,0,2.52
2025,15,2025_15_NYJ_JAX,00-0040398,B.Cook,QB,NYJ,JAX,0,0,0,0,0,0,0,0,0,0,0,0,0,6,39,0,2,1,0,0,8.94
2025,16,2025_16_NYJ_NO,00-0040398,B.Cook,QB,NYJ,NO,0,0,0,0,0,0,0,0,0,0,0,0,0,1,2,0,0,0,0,0,3.72
2025,17,2025_17_NE_NYJ,00-0040398,B.Cook,QB,NYJ,NE,0,0,0,0,0,0,0,0,0,0,0,0,0,2,1,0,0,0,0,0,4.18
2025,18,2025_18_NYJ_BUF,00-0040398,B.Cook,QB,NYJ,BUF,0,0,0,0,0,0,0,0,0,0,0,0,0,3,7,0,0,0,0,0,9.1
2025,15,2025_15_IND_SEA,00-0022942,P.Rivers,QB,IND,SEA,0,0,0,0,0,0,0,0,0,0,0,0,0,1,0,0,0,0,0,0,6.8
2025,16,2025_16_SF_IND,00-0022942,P.Rivers,QB,IND,SF,0,0,0,0,0,0,0,0,0,0,0,0,0,0,0,0,0,0,0,0,17.08
2025,17,2025_17_JAX_IND,00-0022942,P.Rivers,QB,IND,JAX,0,0,0,0,0,0,0,0,0,0,0,0,0,1,-1,0,0,0,0,0,7.78
2025,15,2025_15_DET_LA,00-0035956,G.Ricci,TE,DET,LA,0,0,0,0,0,0,0,0,0,0,0,0,0,0,0,0,0,0,0,0,0
2025,17,2025_17_DET_MIN,00-0035956,G.Ricci,TE,DET,MIN,1,0,0,0,3,0,0,0,0,0,0.0344827586206897,0.0150753768844221,0.06227690175013,0,0,0,0,0,0,0,0
2025,15,2025_15_ARI_HOU,00-0039405,J.Jordan,RB,HOU,ARI,2,2,17,0,-9,26,1,0,0,0,0.0769230769230769,-0.0769230769230769,0.0615384615384615,15,101,0,3,2,1,1,13.8
2025,16,2025_16_LV_HOU,00-0039405,J.Jordan,RB,HOU,LV,5,5,17,0,3,14,0,0,0,0,0.147058823529412,0.00983606557377049,0.227473481195757,15,53,0,3,1,0,0,12
2025,17,2025_17_HOU_LAC,00-0039405,J.Jordan,RB,HOU,LAC,0,0,0,0,0,0,0,0,0,0,0,0,0,8,36,0,1,0,0,0,3.6
2025,18,2025_18_IND_HOU,00-0039405,J.Jordan,RB,HOU,IND,0,0,0,0,0,0,0,0,0,0,0,0,0,5,3,0,0,0,0,0,0.3
2025,15,2025_15_ATL_TB,00-0039855,J.McMillan,WR,TB,ATL,2,2,38,0,35,3,2,2,0,0,0.0625,0.0974930362116992,0.161995125348189,0,0,0,0,0,0,0,5.8
2025,16,2025_16_TB_CAR,00-0039855,J.McMillan,WR,TB,CAR,3,2,15,0,11,8,1,0,0,0,0.12,0.0728476821192053,0.230993377483444,1,1,0,0,0,0,0,3.6
2025,17,2025_17_TB_MIA,00-0039855,J.McMillan,WR,TB,MIA,9,7,114,0,126,44,4,3,2,0,0.204545454545455,0.35,0.551818181818182,0,0,0,0,0,0,0,18.4
2025,18,2025_18_CAR_TB,00-0039855,J.McMillan,WR,TB,CAR,1,1,11,0,7,4,1,0,0,0,0.0454545454545455,0.0492957746478873,0.102688860435339,0,0,0,0,0,0,0,2.1
2025,15,2025_15_IND_SEA,00-0040352,C.Owen,WR,IND,SEA,0,0,0,0,0,0,0,0,0,0,0,0,0,0,0,0,0,0,0,0,0
2025,16,2025_16_SF_IND,00-0040352,C.Owen,WR,IND,SF,1,0,0,0,2,0,0,0,0,0,0.0277777777777778,0.00593471810089021,0.0458209693372898,0,0,0,0,0,0,0,0
2025,15,2025_15_ARI_HOU,00-0040556,C.Kiner,RB,ARI,HOU,0,0,0,0,0,0,0,0,0,0,0,0,0,2,11,0,0,0,0,0,1.1
2025,16,2025_16_ATL_ARI,00-0040556,C.Kiner,RB,ARI,ATL,0,0,0,0,0,0,0,0,0,0,0,0,0,6,32,0,0,0,0,0,3.2
2025,17,2025_17_ARI_CIN,00-0040556,C.Kiner,RB,ARI,CIN,0,0,0,0,0,0,0,0,0,0,0,0,0,1,2,0,0,0,0,0,0.2
2025,18,2025_18_ARI_LA,00-0040556,C.Kiner,RB,ARI,LA,3,2,15,0,11,6,1,0,0,0,0.107142857142857,0.0438247011952191,0.191391576550939,3,13,0,0,0,0,0,4.8
2025,16,2025_16_PHI_WAS,00-0026300,J.Johnson,QB,WAS,PHI,0,0,0,0,0,0,0,0,0,0,0,0,0,1,0,0,0,0,0,0,-0.28
2025,17,2025_17_DAL_WAS,00-0026300,J.Johnson,QB,WAS,DAL,0,0,0,0,0,0,0,0,0,0,0,0,0,2,10,0,0,0,0,0,8.92
2025,18,2025_18_WAS_PHI,00-0026300,J.Johnson,QB,WAS,PHI,0,0,0,0,0,0,0,0,0,0,0,0,0,9,45,1,2,1,0,0,15.74
2025,16,2025_16_ATL_ARI,00-0034928,S.Sims,WR,ARI,ATL,1,0,0,0,2,0,0,0,0,0,0.0344827586206897,0.0087719298245614,0.0578644888082275,0,0,0,0,0,0,0,0
2025,17,2025_17_ARI_CIN,00-0034928,S.Sims,WR,ARI,CIN,0,0,0,0,0,0,0,0,0,0,0,0,0,0,0,0,0,0,0,0,0
2025,18,2025_18_ARI_LA,00-0034928,S.Sims,WR,ARI,LA,0,0,0,0,0,0,0,0,0,0,0,0,0,0,0,0,0,0,0,0,0
2025,16,2025_16_PIT_DET,00-0036534,S.Zylstra,TE,DET,PIT,5,3,20,0,37,2,1,0,0,0,0.0961538461538462,0.117460317460317,0.226452991452991,0,0,0,0,0,0,0,5
2025,16,2025_16_KC_TEN,00-0037324,C.Oladokun,QB,KC,TEN,0,0,0,0,0,0,0,0,0,0,0,0,0,2,7,0,0,0,0,0,5.14
2025,17,2025_17_DEN_KC,00-0037324,C.Oladokun,QB,KC,DEN,0,0,0,0,0,0,0,0,0,0,0,0,0,2,11,0,0,0,0,0,7.74
2025,18,2025_18_KC_LV,00-0037324,C.Oladokun,QB,KC,LV,0,0,0,0,0,0,0,0,0,0,0,0,0,1,0,0,0,0,0,0,-1.68
2025,16,2025_16_NYJ_NO,00-0037755,J.Woods,TE,NYJ,NO,2,0,0,0,3,0,0,0,0,0,0.0588235294117647,0.0184049079754601,0.101118729700469,0,0,0,0,0,0,0,0
2025,17,2025_17_NE_NYJ,00-0037755,J.Woods,TE,NYJ,NE,1,1,4,0,3,1,0,0,0,0,0.03125,0.02,0.060875,0,0,0,0,0,0,0,1.4
2025,16,2025_16_CIN_MIA,00-0040311,T.Wease,WR,MIA,CIN,4,2,32,0,57,10,2,1,0,0,0.137931034482759,0.218390804597701,0.359770114942529,0,0,0,0,0,0,0,5.2
2025,17,2025_17_TB_MIA,00-0040311,T.Wease,WR,MIA,TB,1,1,63,1,21,42,1,1,1,1,0.0454545454545455,0.107142857142857,0.143181818181818,0,0,0,0,0,0,0,13.3
2025,18,2025_18_MIA_NE,00-0040311,T.Wease,WR,MIA,NE,5,3,44,0,59,11,2,2,1,0,0.208333333333333,0.36875,0.570625,0,0,0,0,0,0,0,7.4
2025,17,2025_17_DAL_WAS,00-0034054,R.Cracraft,WR,WAS,DAL,0,0,0,0,0,0,0,0,0,0,0,0,0,0,0,0,0,0,0,0,0
2025,18,2025_18_WAS_PHI,00-0034054,R.Cracraft,WR,WAS,PHI,0,0,0,0,0,0,0,0,0,0,0,0,0,0,0,0,0,0,0,0,0
2025,17,2025_17_LA_ATL,00-0036463,C.Blair,WR,ATL,LA,0,0,0,0,0,0,0,0,0,0,0,0,0,0,0,0,0,0,0,0,0
2025,17,2025_17_PIT_CLE,00-0037015,S.Cannella,TE,CLE,PIT,4,2,11,0,18,5,0,0,0,0,0.173913043478261,0.0952380952380952,0.327536231884058,0,0,0,0,0,0,0,3.1
2025,18,2025_18_CLE_CIN,00-0037015,S.Cannella,TE,CLE,CIN,1,0,0,0,37,0,0,0,0,0,0.0476190476190476,0.188775510204082,0.203571428571429,0,0,0,0,0,0,0,0
2025,17,2025_17_JAX_IND,00-0038394,W.Mallory,TE,IND,JAX,1,1,16,0,16,0,1,1,0,0,0.0344827586206897,0.0555555555555556,0.0906130268199234,0,0,0,0,0,0,0,2.6
2025,17,2025_17_BAL_GB,00-0038582,C.Tune,QB,GB,BAL,0,0,0,0,0,0,0,0,0,0,0,0,0,1,0,0,0,0,0,0,-1.68
2025,18,2025_18_GB_MIN,00-0038582,C.Tune,QB,GB,MIN,0,0,0,0,0,0,0,0,0,0,0,0,0,4,23,0,1,1,0,0,3.66
2025,17,2025_17_NO_TEN,00-0038647,R.Bell,WR,NO,TEN,0,0,0,0,0,0,0,0,0,0,0,0,0,0,0,0,0,0,0,0,0
2025,18,2025_18_NO_ATL,00-0038647,R.Bell,WR,NO,ATL,4,2,23,1,78,1,1,1,0,0,0.117647058823529,0.277580071174377,0.370776638057358,0,0,0,0,0,0,0,10.3
2025,17,2025_17_NO_TEN,00-0040244,M.Matavao,TE,NO,TEN,2,2,10,0,5,5,0,0,0,0,0.0740740740740741,0.0177304964539007,0.123522458628842,0,0,0,0,0,0,0,3
2025,18,2025_18_TEN_JAX,00-0032434,B.Allen,QB,TEN,JAX,0,0,0,0,0,0,0,0,0,0,0,0,0,0,0,0,0,0,0,0,0.88
2025,18,2025_18_KC_LV,00-0036679,S.Buechele,QB,KC,LV,0,0,0,0,0,0,0,0,0,0,0,0,0,1,4,0,0,0,0,0,3.92
2025,18,2025_18_NO_ATL,00-0037098,S.Toure,WR,NO,ATL,3,1,3,0,30,0,0,0,0,0,0.0882352941176471,0.106761565836299,0.20708603726188,0,0,0,0,0,0,0,1.3
2025,18,2025_18_KC_LV,00-0038579,A.O'Connell,QB,LV,KC,0,0,0,0,0,0,0,0,0,0,0,0,0,1,7,0,0,0,0,0,4.78
2025,18,2025_18_GB_MIN,00-0039710,J.Jones,WR,MIN,GB,0,0,0,0,0,0,0,0,0,0,0,0,0,0,0,0,0,0,0,0,0
2025,18,2025_18_DAL_NYG,00-0040021,P.Mafah,RB,DAL,NYG,2,2,11,0,-11,22,1,0,0,0,0.0869565217391304,-0.0617977528089888,0.0871763556424035,5,18,1,0,0,0,0,10.9
2025,18,2025_18_GB_MIN,00-0040388,J.Keeney-James,WR,GB,MIN,2,2,15,0,15,0,0,0,0,0,0.2,0.555555555555556,0.688888888888889,0,0,0,0,0,0,0,3.5
2025,18,2025_18_NYJ_BUF,00-0040406,Q.Skinner,WR,NYJ,BUF,1,1,10,0,4,6,1,0,0,0,0.0454545454545455,0.0547945205479452,0.10653798256538,0,0,0,0,0,0,0,4
2025,18,2025_18_GB_MIN,00-0040628,D.Dabney,TE,GB,MIN,2,1,3,0,10,0,0,0,0,0,0.2,0.37037037037037,0.559259259259259,0,0,0,0,0,0,0,1.3
