season,week,season_type,game_id,player_id,team,opponent_team,receptions,targets,receiving_yards,receiving_tds,receiving_fumbles,receiving_fumbles_lost,receiving_air_yards,receiving_yards_after_catch,receiving_first_downs,receiving_epa,receiving_2pt_conversions,receiving_10,receiving_16,receiving_20,receiving_40,racr,target_share,air_yards_share,wopr,ingest_run_id
2026,1,REG,2026_01_ATL_PIT,00-0023459,PIT,ATL,0,0,0,0,0,0,0,0.0,0,,0,0,0,0,0,,0.0,0.0,0.0,20260925T013701Z
2026,1,REG,2026_01_ATL_PIT,00-0025565,ATL,PIT,0,0,0,0,0,0,0,0.0,0,,0,0,0,0,0,,0.0,0.0,0.0,20260925T013701Z
2026,1,REG,2026_01_BAL_IND,00-0026190,BAL,IND,0,0,0,0,0,0,0,0.0,0,,0,0,0,0,0,,0.0,0.0,0.0,20260925T013701Z
2026,1,REG,2026_01_SF_LA,00-0026498,LA,SF,0,0,0,0,0,0,0,0.0,0,,0,0,0,0,0,,0.0,0.0,0.0,20260925T013701Z
2026,1,REG,2026_01_ATL_PIT,00-0027969,PIT,ATL,0,0,0,0,0,0,0,0.0,0,,0,0,0,0,0,,0.0,0.0,0.0,20260925T013701Z
2026,1,REG,2026_01_MIA_LV,00-0029604,LV,MIA,0,0,0,0,0,0,0,0.0,0,,0,0,0,0,0,,0.0,0.0,0.0,20260925T013701Z
2026,1,REG,2026_01_GB_MIN,00-0029606,MIN,GB,0,0,0,0,0,0,0,0.0,0,,0,0,0,0,0,,0.0,0.0,0.0,20260925T013701Z
2026,1,REG,2026_01_NYJ_TEN,00-0029607,NYJ,TEN,0,0,0,0,0,0,0,0.0,0,,0,0,0,0,0,,0.0,0.0,0.0,20260925T013701Z
2026,1,REG,2026_01_DAL_NYG,00-0029692,DAL,NYG,0,0,0,0,0,0,0,0.0,0,,0,0,0,0,0,,0.0,0.0,0.0,20260925T013701Z
2026,1,REG,2026_01_GB_MIN,00-0029714,MIN,GB,0,0,0,0,0,0,0,0.0,0,,0,0,0,0,0,,0.0,0.0,0.0,20260925T013701Z
2026,1,REG,2026_01_CHI_CAR,00-0030092,CAR,CHI,0,0,0,0,0,0,0,0.0,0,,0,0,0,0,0,,0.0,0.0,0.0,20260925T013701Z
2026,1,REG,2026_01_WAS_PHI,00-0030140,WAS,PHI,0,0,0,0,0,0,0,0.0,0,,0,0,0,0,0,,0.0,0.0,0.0,20260925T013701Z
2026,1,REG,2026_01_BAL_IND,00-0030279,IND,BAL,6,6,32,0,0,0,22,10.0,1,-0.00896294851554558,0,0,0,0,0,1.45454545454545,0.206896551724138,0.109452736318408,0.386961743009092,20260925T013701Z
2026,1,REG,2026_01_ARI_LAC,00-0030294,LAC,ARI,0,0,0,0,0,0,0,0.0,0,,0,0,0,0,0,,0.0,0.0,0.0,20260925T013701Z
2026,1,REG,2026_01_DEN_KC,00-0030506,KC,DEN,3,5,71,0,0,0,29,63.0,2,4.96814065461513,0,1,1,1,1,2.44827586206897,0.2,0.218045112781955,0.452631578947368,20260925T013701Z
2026,1,REG,2026_01_NYJ_TEN,00-0030565,NYJ,TEN,0,0,0,0,0,0,0,0.0,0,,0,0,0,0,0,,0.0,0.0,0.0,20260925T013701Z
2026,1,REG,2026_01_ARI_LAC,00-0031040,LAC,ARI,0,0,0,0,0,0,0,0.0,0,,0,0,0,0,0,,0.0,0.0,0.0,20260925T013701Z
2026,1,REG,2026_01_ATL_PIT,00-0031136,PIT,ATL,0,0,0,0,0,0,0,0.0,0,,0,0,0,0,0,,0.0,0.0,0.0,20260925T013701Z
2026,1,REG,2026_01_CHI_CAR,00-0031203,CHI,CAR,0,0,0,0,0,0,0,0.0,0,,0,0,0,0,0,,0.0,0.0,0.0,20260925T013701Z
2026,1,REG,2026_01_ATL_PIT,00-0031279,ATL,PIT,0,0,0,0,0,0,0,0.0,0,,0,0,0,0,0,,0.0,0.0,0.0,20260925T013701Z
2026,1,REG,2026_01_NE_SEA,00-0031330,NE,SEA,0,0,0,0,0,0,0,0.0,0,,0,0,0,0,0,,0.0,0.0,0.0,20260925T013701Z
2026,1,REG,2026_01_GB_MIN,00-0031360,MIN,GB,0,0,0,0,0,0,0,0.0,0,,0,0,0,0,0,,0.0,0.0,0.0,20260925T013701Z
2026,1,REG,2026_01_BUF_HOU,00-0031364,HOU,BUF,0,0,0,0,0,0,0,0.0,0,,0,0,0,0,0,,0.0,0.0,0.0,20260925T013701Z
2026,1,REG,2026_01_SF_LA,00-0031381,LA,SF,3,6,26,0,0,0,73,9.0,1,-1.70472908939701,0,2,0,0,0,0.356164383561644,0.222222222222222,0.286274509803922,0.533725490196078,20260925T013701Z
2026,1,REG,2026_01_SF_LA,00-0031408,SF,LA,6,7,49,1,0,0,55,6.0,6,8.18519229372032,0,2,0,0,0,0.890909090909091,0.205882352941176,0.369127516778524,0.567212791156731,20260925T013701Z
2026,1,REG,2026_01_NE_SEA,00-0031411,SEA,NE,0,0,0,0,0,0,0,0.0,0,,0,0,0,0,0,,0.0,0.0,0.0,20260925T013701Z
2026,1,REG,2026_01_NE_SEA,00-0031492,SEA,NE,0,0,0,0,0,0,0,0.0,0,,0,0,0,0,0,,0.0,0.0,0.0,20260925T013701Z
2026,1,REG,2026_01_BUF_HOU,00-0031565,HOU,BUF,0,0,0,0,0,0,0,0.0,0,,0,0,0,0,0,,0.0,0.0,0.0,20260925T013701Z
2026,1,REG,2026_01_ATL_PIT,00-0031576,ATL,PIT,0,0,0,0,0,0,0,0.0,0,,0,0,0,0,0,,0.0,0.0,0.0,20260925T013701Z
2026,1,REG,2026_01_CHI_CAR,00-0031583,CHI,CAR,0,0,0,0,0,0,0,0.0,0,,0,0,0,0,0,,0.0,0.0,0.0,20260925T013701Z
2026,1,REG,2026_01_WAS_PHI,00-0031588,WAS,PHI,4,9,55,1,0,0,83,15.0,4,3.75257198052714,0,4,1,0,0,0.662650602409639,0.310344827586207,0.261829652996845,0.648797998477102,20260925T013701Z
2026,1,REG,2026_01_CHI_CAR,00-0031610,CAR,CHI,2,2,28,0,0,0,8,20.0,2,1.23824440309545,0,2,1,0,0,3.5,0.0588235294117647,0.0218579234972678,0.103535840565734,20260925T013701Z
2026,1,REG,2026_01_DEN_KC,00-0031898,DEN,KC,0,0,0,0,0,0,0,0.0,0,,0,0,0,0,0,,0.0,0.0,0.0,20260925T013701Z
2026,1,REG,2026_01_NE_SEA,00-0031933,SEA,NE,0,0,0,0,0,0,0,0.0,0,,0,0,0,0,0,,0.0,0.0,0.0,20260925T013701Z
2026,1,REG,2026_01_TB_CIN,00-0031957,TB,CIN,0,0,0,0,0,0,0,0.0,0,,0,0,0,0,0,,0.0,0.0,0.0,20260925T013701Z
2026,1,REG,2026_01_MIA_LV,00-0032065,MIA,LV,0,0,0,0,0,0,0,0.0,0,,0,0,0,0,0,,0.0,0.0,0.0,20260925T013701Z
2026,1,REG,2026_01_BUF_HOU,00-0032071,HOU,BUF,0,0,0,0,0,0,0,0.0,0,,0,0,0,0,0,,0.0,0.0,0.0,20260925T013701Z
2026,1,REG,2026_01_CLE_JAX,00-0032104,JAX,CLE,1,1,0,0,0,0,-3,3.0,0,-0.747522654477507,0,0,0,0,0,0.0,0.0476190476190476,-0.012396694214876,0.0627508854781582,20260925T013701Z
2026,1,REG,2026_01_ARI_LAC,00-0032146,LAC,ARI,0,0,0,0,0,0,0,0.0,0,,0,0,0,0,0,,0.0,0.0,0.0,20260925T013701Z
2026,1,REG,2026_01_CLE_JAX,00-0032164,JAX,CLE,0,0,0,0,0,0,0,0.0,0,,0,0,0,0,0,,0.0,0.0,0.0,20260925T013701Z
2026,1,REG,2026_01_BUF_HOU,00-0032265,HOU,BUF,0,0,0,0,0,0,0,0.0,0,,0,0,0,0,0,,0.0,0.0,0.0,20260925T013701Z
2026,1,REG,2026_01_BAL_IND,00-0032378,IND,BAL,0,0,0,0,0,0,0,0.0,0,,0,0,0,0,0,,0.0,0.0,0.0,20260925T013701Z
2026,1,REG,2026_01_NE_SEA,00-0032387,SEA,NE,0,0,0,0,0,0,0,0.0,0,,0,0,0,0,0,,0.0,0.0,0.0,20260925T013701Z
2026,1,REG,2026_01_BAL_IND,00-0032398,BAL,IND,1,2,53,0,0,0,68,23.0,1,3.20926064962987,0,1,1,1,1,0.779411764705882,0.0833333333333333,0.252788104089219,0.301951672862454,20260925T013701Z
2026,1,REG,2026_01_DAL_NYG,00-0032424,NYG,DAL,0,0,0,0,0,0,0,0.0,0,,0,0,0,0,0,,0.0,0.0,0.0,20260925T013701Z
2026,1,REG,2026_01_CHI_CAR,00-0032464,CHI,CAR,8,9,84,0,0,0,65,21.0,5,6.47426565661235,0,3,1,1,0,1.29230769230769,0.346153846153846,0.203761755485893,0.661863998070895,20260925T013701Z
2026,1,REG,2026_01_DEN_KC,00-0032569,DEN,KC,0,0,0,0,0,0,0,0.0,0,,0,0,0,0,0,,0.0,0.0,0.0,20260925T013701Z
2026,1,REG,2026_01_SF_LA,00-0032701,SF,LA,1,1,2,0,0,0,-1,3.0,0,-0.444575506495312,0,0,0,0,0,0.0,0.0294117647058824,-0.00671140939597315,0.0394196604816423,20260925T013701Z
2026,1,REG,2026_01_BUF_HOU,00-0032726,HOU,BUF,0,0,0,0,0,0,0,0.0,0,,0,0,0,0,0,,0.0,0.0,0.0,20260925T013701Z
2026,1,REG,2026_01_BAL_IND,00-0032753,IND,BAL,0,0,0,0,0,0,0,0.0,0,,0,0,0,0,0,,0.0,0.0,0.0,20260925T013701Z
2026,1,REG,2026_01_BUF_HOU,00-0032759,HOU,BUF,0,0,0,0,0,0,0,0.0,0,,0,0,0,0,0,,0.0,0.0,0.0,20260925T013701Z
2026,1,REG,2026_01_DEN_KC,00-0032762,KC,DEN,0,0,0,0,0,0,0,0.0,0,,0,0,0,0,0,,0.0,0.0,0.0,20260925T013701Z
2026,1,REG,2026_01_BAL_IND,00-0032764,BAL,IND,1,1,19,0,0,0,-1,20.0,1,1.70314843778033,0,1,1,0,0,-19.0,0.0416666666666667,-0.00371747211895911,0.0598977695167286,20260925T013701Z
2026,1,REG,2026_01_SF_LA,00-0032775,SF,LA,2,3,50,1,0,0,45,7.0,2,2.95337476504783,0,2,1,1,0,1.11111111111111,0.0882352941176471,0.302013422818792,0.343762337149625,20260925T013701Z
2026,1,REG,2026_01_TB_CIN,00-0032889,TB,CIN,0,0,0,0,0,0,0,0.0,0,,0,0,0,0,0,,0.0,0.0,0.0,20260925T013701Z
2026,1,REG,2026_01_GB_MIN,00-0032950,MIN,GB,0,0,0,0,0,0,0,0.0,0,,0,0,0,0,0,,0.0,0.0,0.0,20260925T013701Z
2026,1,REG,2026_01_BAL_IND,00-0032951,IND,BAL,0,1,0,0,0,0,4,0.0,0,-4.8116334649967,0,0,0,0,0,0.0,0.0344827586206897,0.0199004975124378,0.0656544861897409,20260925T013701Z
2026,1,REG,2026_01_BAL_IND,00-0032965,BAL,IND,0,0,0,0,0,0,0,0.0,0,,0,0,0,0,0,,0.0,0.0,0.0,20260925T013701Z
2026,1,REG,2026_01_CLE_JAX,00-0033038,JAX,CLE,0,0,0,0,0,0,0,0.0,0,,0,0,0,0,0,,0.0,0.0,0.0,20260925T013701Z
2026,1,REG,2026_01_NYJ_TEN,00-0033051,NYJ,TEN,0,0,0,0,0,0,0,0.0,0,,0,0,0,0,0,,0.0,0.0,0.0,20260925T013701Z
2026,1,REG,2026_01_ATL_PIT,00-0033055,PIT,ATL,0,0,0,0,0,0,0,0.0,0,,0,0,0,0,0,,0.0,0.0,0.0,20260925T013701Z
2026,1,REG,2026_01_DAL_NYG,00-0033077,DAL,NYG,0,0,0,0,0,0,0,0.0,0,,0,0,0,0,0,,0.0,0.0,0.0,20260925T013701Z
2026,1,REG,2026_01_NE_SEA,00-0033090,NE,SEA,3,3,26,0,0,0,12,14.0,1,0.0977376837981865,0,2,0,0,0,2.16666666666667,0.0967741935483871,0.0542986425339367,0.183170340096336,20260925T013701Z
2026,1,REG,2026_01_DAL_NYG,00-0033093,DAL,NYG,0,0,0,0,0,0,0,0.0,0,,0,0,0,0,0,,0.0,0.0,0.0,20260925T013701Z
2026,1,REG,2026_01_NO_DET,00-0033106,DET,NO,0,0,0,0,0,0,0,0.0,0,,0,0,0,0,0,,0.0,0.0,0.0,20260925T013701Z
2026,1,REG,2026_01_GB_MIN,00-0033109,GB,MIN,0,0,0,0,0,0,0,0.0,0,,0,0,0,0,0,,0.0,0.0,0.0,20260925T013701Z
2026,1,REG,2026_01_SF_LA,00-0033110,LA,SF,2,2,12,0,1,1,9,3.0,0,-4.7324243192561,0,0,0,0,0,1.33333333333333,0.0740740740740741,0.0352941176470588,0.135816993464052,20260925T013701Z
2026,1,REG,2026_01_ARI_LAC,00-0033119,ARI,LAC,0,0,0,0,0,0,0,0.0,0,,0,0,0,0,0,,0.0,0.0,0.0,20260925T013701Z
2026,1,REG,2026_01_DAL_NYG,00-0033120,DAL,NYG,0,0,0,0,0,0,0,0.0,0,,0,0,0,0,0,,0.0,0.0,0.0,20260925T013701Z
2026,1,REG,2026_01_CLE_JAX,00-0033131,CLE,JAX,0,0,0,0,0,0,0,0.0,0,,0,0,0,0,0,,0.0,0.0,0.0,20260925T013701Z
2026,1,REG,2026_01_NE_SEA,00-0033132,NE,SEA,0,0,0,0,0,0,0,0.0,0,,0,0,0,0,0,,0.0,0.0,0.0,20260925T013701Z
2026,1,REG,2026_01_BAL_IND,00-0033269,IND,BAL,0,0,0,0,0,0,0,0.0,0,,0,0,0,0,0,,0.0,0.0,0.0,20260925T013701Z
2026,1,REG,2026_01_SF_LA,00-0033280,SF,LA,5,8,20,0,0,0,-3,30.0,0,-4.91340415015036,0,0,0,0,0,-6.66666666666667,0.235294117647059,-0.0201342281879195,0.338847216739045,20260925T013701Z
2026,1,REG,2026_01_BAL_IND,00-0033281,BAL,IND,0,0,0,0,0,0,0,0.0,0,,0,0,0,0,0,,0.0,0.0,0.0,20260925T013701Z
2026,1,REG,2026_01_SF_LA,00-0033288,SF,LA,2,5,12,0,0,0,38,17.0,0,-5.58083584159613,0,0,0,0,0,0.315789473684211,0.147058823529412,0.25503355704698,0.399111725227004,20260925T013701Z
2026,1,REG,2026_01_DAL_NYG,00-0033290,NYG,DAL,0,0,0,0,0,0,0,0.0,0,,0,0,0,0,0,,0.0,0.0,0.0,20260925T013701Z
2026,1,REG,2026_01_GB_MIN,00-0033293,MIN,GB,0,1,0,0,0,0,4,0.0,0,-0.883685847977176,0,0,0,0,0,0.0,0.0434782608695652,0.0227272727272727,0.0811264822134387,20260925T013701Z
2026,1,REG,2026_01_NO_DET,00-0033294,DET,NO,0,0,0,0,0,0,0,0.0,0,,0,0,0,0,0,,0.0,0.0,0.0,20260925T013701Z
2026,1,REG,2026_01_DEN_KC,00-0033297,DEN,KC,0,0,0,0,0,0,0,0.0,0,,0,0,0,0,0,,0.0,0.0,0.0,20260925T013701Z
2026,1,REG,2026_01_DEN_KC,00-0033303,KC,DEN,0,0,0,0,0,0,0,0.0,0,,0,0,0,0,0,,0.0,0.0,0.0,20260925T013701Z
2026,1,REG,2026_01_ARI_LAC,00-0033307,ARI,LAC,8,8,75,0,0,0,40,35.0,5,5.81814638472861,0,5,0,0,0,1.875,0.216216216216216,0.141342756183746,0.423264253652946,20260925T013701Z
2026,1,REG,2026_01_CLE_JAX,00-0033319,JAX,CLE,0,0,0,0,0,0,0,0.0,0,,0,0,0,0,0,,0.0,0.0,0.0,20260925T013701Z
2026,1,REG,2026_01_GB_MIN,00-0033336,MIN,GB,0,0,0,0,0,0,0,0.0,0,,0,0,0,0,0,,0.0,0.0,0.0,20260925T013701Z
2026,1,REG,2026_01_DAL_NYG,00-0033376,NYG,DAL,0,1,0,0,0,0,-4,0.0,0,-0.495520856464282,0,0,0,0,0,0.0,0.0344827586206897,-0.0163265306122449,0.0402955665024631,20260925T013701Z
2026,1,REG,2026_01_MIA_LV,00-0033381,LV,MIA,0,0,0,0,0,0,0,0.0,0,,0,0,0,0,0,,0.0,0.0,0.0,20260925T013701Z
2026,1,REG,2026_01_TB_CIN,00-0033523,CIN,TB,0,0,0,0,0,0,0,0.0,0,,0,0,0,0,0,,0.0,0.0,0.0,20260925T013701Z
2026,1,REG,2026_01_TB_CIN,00-0033526,CIN,TB,3,3,30,0,0,0,3,27.0,2,3.11588981241221,0,1,0,0,0,10.0,0.0882352941176471,0.0132743362831858,0.141644976574701,20260925T013701Z
2026,1,REG,2026_01_CLE_JAX,00-0033537,CLE,JAX,0,0,0,0,0,0,0,0.0,0,,0,0,0,0,0,,0.0,0.0,0.0,20260925T013701Z
2026,1,REG,2026_01_ARI_LAC,00-0033546,LAC,ARI,0,0,0,0,0,0,0,0.0,0,,0,0,0,0,0,,0.0,0.0,0.0,20260925T013701Z
2026,1,REG,2026_01_WAS_PHI,00-0033551,WAS,PHI,0,0,0,0,0,0,0,0.0,0,,0,0,0,0,0,,0.0,0.0,0.0,20260925T013701Z
2026,1,REG,2026_01_NE_SEA,00-0033555,NE,SEA,4,5,51,0,0,0,62,5.0,1,2.78798099863343,0,3,1,0,0,0.82258064516129,0.161290322580645,0.280542986425339,0.438315574368705,20260925T013701Z
2026,1,REG,2026_01_NE_SEA,00-0033576,SEA,NE,0,0,0,0,0,0,0,0.0,0,,0,0,0,0,0,,0.0,0.0,0.0,20260925T013701Z
2026,1,REG,2026_01_ATL_PIT,00-0033662,ATL,PIT,0,0,0,0,0,0,0,0.0,0,,0,0,0,0,0,,0.0,0.0,0.0,20260925T013701Z
2026,1,REG,2026_01_ARI_LAC,00-0033676,ARI,LAC,0,0,0,0,0,0,0,0.0,0,,0,0,0,0,0,,0.0,0.0,0.0,20260925T013701Z
2026,1,REG,2026_01_ATL_PIT,00-0033729,PIT,ATL,0,0,0,0,0,0,0,0.0,0,,0,0,0,0,0,,0.0,0.0,0.0,20260925T013701Z
2026,1,REG,2026_01_WAS_PHI,00-0033787,PHI,WAS,0,0,0,0,0,0,0,0.0,0,,0,0,0,0,0,,0.0,0.0,0.0,20260925T013701Z
2026,1,REG,2026_01_GB_MIN,00-0033858,GB,MIN,2,3,50,0,0,0,24,30.0,2,3.96298011025647,0,1,1,1,1,2.08333333333333,0.075,0.0511727078891258,0.148320895522388,20260925T013701Z
2026,1,REG,2026_01_NO_DET,00-0033860,NO,DET,0,0,0,0,0,0,0,0.0,0,,0,0,0,0,0,,0.0,0.0,0.0,20260925T013701Z
2026,1,REG,2026_01_DEN_KC,00-0033873,KC,DEN,0,0,0,0,0,0,0,0.0,0,,0,0,0,0,0,,0.0,0.0,0.0,20260925T013701Z
2026,1,REG,2026_01_DAL_NYG,00-0033877,DAL,NYG,0,0,0,0,0,0,0,0.0,0,,0,0,0,0,0,,0.0,0.0,0.0,20260925T013701Z
2026,1,REG,2026_01_DEN_KC,00-0033881,DEN,KC,4,5,43,1,0,0,18,15.0,3,4.05413447407773,0,1,1,0,0,2.38888888888889,0.185185185185185,0.195652173913043,0.414734299516908,20260925T013701Z
2026,1,REG,2026_01_ARI_LAC,00-0033885,LAC,ARI,5,5,58,0,0,0,28,30.0,3,-0.324215846543666,0,4,0,0,0,2.07142857142857,0.185185185185185,0.102564102564103,0.34957264957265,20260925T013701Z
2026,1,REG,2026_01_ATL_PIT,00-0033886,PIT,ATL,0,0,0,0,0,0,0,0.0,0,,0,0,0,0,0,,0.0,0.0,0.0,20260925T013701Z
2026,1,REG,2026_01_ARI_LAC,00-0033890,ARI,LAC,0,0,0,0,0,0,0,0.0,0,,0,0,0,0,0,,0.0,0.0,0.0,20260925T013701Z
2026,1,REG,2026_01_NE_SEA,00-0033908,SEA,NE,2,3,35,0,0,0,49,5.0,2,1.72321773739532,0,2,1,1,0,0.714285714285714,0.125,0.318181818181818,0.410227272727273,20260925T013701Z
2026,1,REG,2026_01_TB_CIN,00-0033914,TB,CIN,0,0,0,0,0,0,0,0.0,0,,0,0,0,0,0,,0.0,0.0,0.0,20260925T013701Z
2026,1,REG,2026_01_TB_CIN,00-0033921,TB,CIN,4,4,40,0,0,0,3,37.0,2,2.8691691273707,0,1,1,1,0,13.3333333333333,0.148148148148148,0.020979020979021,0.236907536907537,20260925T013701Z
2026,1,REG,2026_01_CLE_JAX,00-0033928,JAX,CLE,0,0,0,0,0,0,0,0.0,0,,0,0,0,0,0,,0.0,0.0,0.0,20260925T013701Z
2026,1,REG,2026_01_BAL_IND,00-0033935,BAL,IND,0,0,0,0,0,0,0,0.0,0,,0,0,0,0,0,,0.0,0.0,0.0,20260925T013701Z
2026,1,REG,2026_01_ATL_PIT,00-0033941,PIT,ATL,0,0,0,0,0,0,0,0.0,0,,0,0,0,0,0,,0.0,0.0,0.0,20260925T013701Z
2026,1,REG,2026_01_ATL_PIT,00-0033945,ATL,PIT,0,0,0,0,0,0,0,0.0,0,,0,0,0,0,0,,0.0,0.0,0.0,20260925T013701Z
2026,1,REG,2026_01_BAL_IND,00-0033952,IND,BAL,0,0,0,0,0,0,0,0.0,0,,0,0,0,0,0,,0.0,0.0,0.0,20260925T013701Z
2026,1,REG,2026_01_TB_CIN,00-0033964,TB,CIN,0,0,0,0,0,0,0,0.0,0,,0,0,0,0,0,,0.0,0.0,0.0,20260925T013701Z
2026,1,REG,2026_01_BUF_HOU,00-0034091,HOU,BUF,0,0,0,0,0,0,0,0.0,0,,0,0,0,0,0,,0.0,0.0,0.0,20260925T013701Z
2026,1,REG,2026_01_GB_MIN,00-0034158,MIN,GB,0,0,0,0,0,0,0,0.0,0,,0,0,0,0,0,,0.0,0.0,0.0,20260925T013701Z
2026,1,REG,2026_01_NE_SEA,00-0034160,SEA,NE,0,0,0,0,0,0,0,0.0,0,,0,0,0,0,0,,0.0,0.0,0.0,20260925T013701Z
2026,1,REG,2026_01_NO_DET,00-0034161,NO,DET,0,0,0,0,0,0,0,0.0,0,,0,0,0,0,0,,0.0,0.0,0.0,20260925T013701Z
2026,1,REG,2026_01_ARI_LAC,00-0034162,LAC,ARI,0,0,0,0,0,0,0,0.0,0,,0,0,0,0,0,,0.0,0.0,0.0,20260925T013701Z
2026,1,REG,2026_01_NYJ_TEN,00-0034163,TEN,NYJ,0,0,0,0,0,0,0,0.0,0,,0,0,0,0,0,,0.0,0.0,0.0,20260925T013701Z
2026,1,REG,2026_01_SF_LA,00-0034173,SF,LA,0,0,0,0,0,0,0,0.0,0,,0,0,0,0,0,,0.0,0.0,0.0,20260925T013701Z
2026,1,REG,2026_01_DAL_NYG,00-0034248,NYG,DAL,0,0,0,0,0,0,0,0.0,0,,0,0,0,0,0,,0.0,0.0,0.0,20260925T013701Z
2026,1,REG,2026_01_MIA_LV,00-0034275,LV,MIA,0,0,0,0,0,0,0,0.0,0,,0,0,0,0,0,,0.0,0.0,0.0,20260925T013701Z
2026,1,REG,2026_01_BUF_HOU,00-0034278,HOU,BUF,0,0,0,0,0,0,0,0.0,0,,0,0,0,0,0,,0.0,0.0,0.0,20260925T013701Z
2026,1,REG,2026_01_MIA_LV,00-0034285,MIA,LV,0,0,0,0,0,0,0,0.0,0,,0,0,0,0,0,,0.0,0.0,0.0,20260925T013701Z
2026,1,REG,2026_01_WAS_PHI,00-0034302,WAS,PHI,0,0,0,0,0,0,0,0.0,0,,0,0,0,0,0,,0.0,0.0,0.0,20260925T013701Z
2026,1,REG,2026_01_CHI_CAR,00-0034320,CHI,CAR,0,0,0,0,0,0,0,0.0,0,,0,0,0,0,0,,0.0,0.0,0.0,20260925T013701Z
2026,1,REG,2026_01_WAS_PHI,00-0034333,WAS,PHI,0,0,0,0,0,0,0,0.0,0,,0,0,0,0,0,,0.0,0.0,0.0,20260925T013701Z
2026,1,REG,2026_01_DEN_KC,00-0034348,DEN,KC,2,5,11,0,0,0,40,4.0,0,-4.80634321924299,0,0,0,0,0,0.275,0.185185185185185,0.434782608695652,0.582125603864734,20260925T013701Z
2026,1,REG,2026_01_NE_SEA,00-0034350,SEA,NE,0,0,0,0,0,0,0,0.0,0,,0,0,0,0,0,,0.0,0.0,0.0,20260925T013701Z
2026,1,REG,2026_01_WAS_PHI,00-0034351,PHI,WAS,4,5,77,2,0,0,52,32.0,3,8.29784154849754,0,3,2,1,1,1.48076923076923,0.227272727272727,0.231111111111111,0.502686868686869,20260925T013701Z
2026,1,REG,2026_01_ARI_LAC,00-0034356,LAC,ARI,0,0,0,0,0,0,0,0.0,0,,0,0,0,0,0,,0.0,0.0,0.0,20260925T013701Z
2026,1,REG,2026_01_NO_DET,00-0034361,NO,DET,0,0,0,0,0,0,0,0.0,0,,0,0,0,0,0,,0.0,0.0,0.0,20260925T013701Z
2026,1,REG,2026_01_MIA_LV,00-0034376,LV,MIA,0,0,0,0,0,0,0,0.0,0,,0,0,0,0,0,,0.0,0.0,0.0,20260925T013701Z
2026,1,REG,2026_01_NO_DET,00-0034377,DET,NO,0,0,0,0,0,0,0,0.0,0,,0,0,0,0,0,,0.0,0.0,0.0,20260925T013701Z
2026,1,REG,2026_01_ARI_LAC,00-0034381,ARI,LAC,0,0,0,0,0,0,0,0.0,0,,0,0,0,0,0,,0.0,0.0,0.0,20260925T013701Z
2026,1,REG,2026_01_BUF_HOU,00-0034383,HOU,BUF,4,8,35,0,0,0,26,27.0,1,-2.52330097794766,0,1,1,0,0,1.34615384615385,0.216216216216216,0.0807453416149068,0.380846063454759,20260925T013701Z
2026,1,REG,2026_01_NO_DET,00-0034384,DET,NO,0,0,0,0,0,0,0,0.0,0,,0,0,0,0,0,,0.0,0.0,0.0,20260925T013701Z
2026,1,REG,2026_01_SF_LA,00-0034391,SF,LA,0,0,0,0,0,0,0,0.0,0,,0,0,0,0,0,,0.0,0.0,0.0,20260925T013701Z
2026,1,REG,2026_01_WAS_PHI,00-0034397,WAS,PHI,0,0,0,0,0,0,0,0.0,0,,0,0,0,0,0,,0.0,0.0,0.0,20260925T013701Z
2026,1,REG,2026_01_CLE_JAX,00-0034413,JAX,CLE,0,0,0,0,0,0,0,0.0,0,,0,0,0,0,0,,0.0,0.0,0.0,20260925T013701Z
2026,1,REG,2026_01_DAL_NYG,00-0034419,NYG,DAL,0,0,0,0,0,0,0,0.0,0,,0,0,0,0,0,,0.0,0.0,0.0,20260925T013701Z
2026,1,REG,2026_01_WAS_PHI,00-0034429,PHI,WAS,0,0,0,0,0,0,0,0.0,0,,0,0,0,0,0,,0.0,0.0,0.0,20260925T013701Z
2026,1,REG,2026_01_GB_MIN,00-0034431,GB,MIN,0,0,0,0,0,0,0,0.0,0,,0,0,0,0,0,,0.0,0.0,0.0,20260925T013701Z
2026,1,REG,2026_01_CLE_JAX,00-0034437,JAX,CLE,0,0,0,0,0,0,0,0.0,0,,0,0,0,0,0,,0.0,0.0,0.0,20260925T013701Z
2026,1,REG,2026_01_TB_CIN,00-0034446,CIN,TB,0,0,0,0,0,0,0,0.0,0,,0,0,0,0,0,,0.0,0.0,0.0,20260925T013701Z
2026,1,REG,2026_01_WAS_PHI,00-0034465,WAS,PHI,0,0,0,0,0,0,0,0.0,0,,0,0,0,0,0,,0.0,0.0,0.0,20260925T013701Z
2026,1,REG,2026_01_CLE_JAX,00-0034473,JAX,CLE,0,0,0,0,0,0,0,0.0,0,,0,0,0,0,0,,0.0,0.0,0.0,20260925T013701Z
2026,1,REG,2026_01_BAL_IND,00-0034485,IND,BAL,0,0,0,0,0,0,0,0.0,0,,0,0,0,0,0,,0.0,0.0,0.0,20260925T013701Z
2026,1,REG,2026_01_BAL_IND,00-0034573,IND,BAL,0,0,0,0,0,0,0,0.0,0,,0,0,0,0,0,,0.0,0.0,0.0,20260925T013701Z
2026,1,REG,2026_01_TB_CIN,00-0034613,CIN,TB,1,1,4,0,0,0,4,0.0,0,-0.059483043034561,0,0,0,0,0,1.0,0.0294117647058824,0.0176991150442478,0.056507027589797,20260925T013701Z
2026,1,REG,2026_01_ATL_PIT,00-0034639,ATL,PIT,0,0,0,0,0,0,0,0.0,0,,0,0,0,0,0,,0.0,0.0,0.0,20260925T013701Z
2026,1,REG,2026_01_CLE_JAX,00-0034657,JAX,CLE,0,0,0,0,0,0,0,0.0,0,,0,0,0,0,0,,0.0,0.0,0.0,20260925T013701Z
2026,1,REG,2026_01_DAL_NYG,00-0034673,NYG,DAL,0,0,0,0,0,0,0,0.0,0,,0,0,0,0,0,,0.0,0.0,0.0,20260925T013701Z
2026,1,REG,2026_01_ATL_PIT,00-0034675,ATL,PIT,0,0,0,0,0,0,0,0.0,0,,0,0,0,0,0,,0.0,0.0,0.0,20260925T013701Z
2026,1,REG,2026_01_NE_SEA,00-0034720,NE,SEA,0,0,0,0,0,0,0,0.0,0,,0,0,0,0,0,,0.0,0.0,0.0,20260925T013701Z
2026,1,REG,2026_01_CLE_JAX,00-0034721,CLE,JAX,0,0,0,0,0,0,0,0.0,0,,0,0,0,0,0,,0.0,0.0,0.0,20260925T013701Z
2026,1,REG,2026_01_BAL_IND,00-0034753,BAL,IND,4,6,49,0,0,0,44,12.0,2,2.08282694523223,0,3,1,0,0,1.11363636363636,0.25,0.163568773234201,0.489498141263941,20260925T013701Z
2026,1,REG,2026_01_TB_CIN,00-0034754,CIN,TB,0,0,0,0,0,0,0,0.0,0,,0,0,0,0,0,,0.0,0.0,0.0,20260925T013701Z
2026,1,REG,2026_01_NO_DET,00-0034760,NO,DET,0,0,0,0,0,0,0,0.0,0,,0,0,0,0,0,,0.0,0.0,0.0,20260925T013701Z
2026,1,REG,2026_01_TB_CIN,00-0034773,TB,CIN,0,0,0,0,0,0,0,0.0,0,,0,0,0,0,0,,0.0,0.0,0.0,20260925T013701Z
2026,1,REG,2026_01_NE_SEA,00-0034778,NE,SEA,0,0,0,0,0,0,0,0.0,0,,0,0,0,0,0,,0.0,0.0,0.0,20260925T013701Z
2026,1,REG,2026_01_NYJ_TEN,00-0034782,NYJ,TEN,0,0,0,0,0,0,0,0.0,0,,0,0,0,0,0,,0.0,0.0,0.0,20260925T013701Z
2026,1,REG,2026_01_ARI_LAC,00-0034790,LAC,ARI,0,0,0,0,0,0,0,0.0,0,,0,0,0,0,0,,0.0,0.0,0.0,20260925T013701Z
2026,1,REG,2026_01_NYJ_TEN,00-0034794,NYJ,TEN,0,0,0,0,0,0,0,0.0,0,,0,0,0,0,0,,0.0,0.0,0.0,20260925T013701Z
2026,1,REG,2026_01_BAL_IND,00-0034796,BAL,IND,0,0,0,0,0,0,0,0.0,0,,0,0,0,0,0,,0.0,0.0,0.0,20260925T013701Z
2026,1,REG,2026_01_BAL_IND,00-0034798,BAL,IND,1,1,4,0,0,0,4,0.0,0,0.0780366834951565,0,0,0,0,0,1.0,0.0416666666666667,0.0148698884758364,0.0729089219330855,20260925T013701Z
2026,1,REG,2026_01_TB_CIN,00-0034800,CIN,TB,0,0,0,0,0,0,0,0.0,0,,0,0,0,0,0,,0.0,0.0,0.0,20260925T013701Z
2026,1,REG,2026_01_ATL_PIT,00-0034801,ATL,PIT,0,0,0,0,0,0,0,0.0,0,,0,0,0,0,0,,0.0,0.0,0.0,20260925T013701Z
2026,1,REG,2026_01_NYJ_TEN,00-0034805,TEN,NYJ,0,0,0,0,0,0,0,0.0,0,,0,0,0,0,0,,0.0,0.0,0.0,20260925T013701Z
2026,1,REG,2026_01_SF_LA,00-0034807,SF,LA,0,0,0,0,0,0,0,0.0,0,,0,0,0,0,0,,0.0,0.0,0.0,20260925T013701Z
2026,1,REG,2026_01_ATL_PIT,00-0034810,PIT,ATL,0,0,0,0,0,0,0,0.0,0,,0,0,0,0,0,,0.0,0.0,0.0,20260925T013701Z
2026,1,REG,2026_01_SF_LA,00-0034815,SF,LA,0,0,0,0,0,0,0,0.0,0,,0,0,0,0,0,,0.0,0.0,0.0,20260925T013701Z
2026,1,REG,2026_01_BAL_IND,00-0034825,IND,BAL,0,0,0,0,0,0,0,0.0,0,,0,0,0,0,0,,0.0,0.0,0.0,20260925T013701Z
2026,1,REG,2026_01_BUF_HOU,00-0034827,BUF,HOU,5,8,100,1,0,0,158,24.0,4,6.37665451987414,0,4,3,1,1,0.632911392405063,0.285714285714286,0.412532637075718,0.717344274524431,20260925T013701Z
2026,1,REG,2026_01_TB_CIN,00-0034829,CIN,TB,5,7,78,1,0,0,63,21.0,5,6.85891047911719,0,4,3,2,0,1.23809523809524,0.205882352941176,0.278761061946903,0.503956272774597,20260925T013701Z
2026,1,REG,2026_01_BUF_HOU,00-0034832,BUF,HOU,0,0,0,0,0,0,0,0.0,0,,0,0,0,0,0,,0.0,0.0,0.0,20260925T013701Z
2026,1,REG,2026_01_ATL_PIT,00-0034843,ATL,PIT,0,0,0,0,0,0,0,0.0,0,,0,0,0,0,0,,0.0,0.0,0.0,20260925T013701Z
2026,1,REG,2026_01_WAS_PHI,00-0034844,PHI,WAS,1,2,-3,0,0,0,-1,2.0,0,-1.35727704223245,0,0,0,0,0,3.0,0.0909090909090909,-0.00444444444444444,0.133252525252525,20260925T013701Z
2026,1,REG,2026_01_SF_LA,00-0034854,SF,LA,0,0,0,0,0,0,0,0.0,0,,0,0,0,0,0,,0.0,0.0,0.0,20260925T013701Z
2026,1,REG,2026_01_TB_CIN,00-0034855,TB,CIN,0,0,0,0,0,0,0,0.0,0,,0,0,0,0,0,,0.0,0.0,0.0,20260925T013701Z
2026,1,REG,2026_01_CLE_JAX,00-0034856,CLE,JAX,0,0,0,0,0,0,0,0.0,0,,0,0,0,0,0,,0.0,0.0,0.0,20260925T013701Z
2026,1,REG,2026_01_BUF_HOU,00-0034857,BUF,HOU,0,0,0,0,0,0,0,0.0,0,,0,0,0,0,0,,0.0,0.0,0.0,20260925T013701Z
2026,1,REG,2026_01_NE_SEA,00-0034869,SEA,NE,0,0,0,0,0,0,0,0.0,0,,0,0,0,0,0,,0.0,0.0,0.0,20260925T013701Z
2026,1,REG,2026_01_BAL_IND,00-0034874,BAL,IND,0,0,0,0,0,0,0,0.0,0,,0,0,0,0,0,,0.0,0.0,0.0,20260925T013701Z
2026,1,REG,2026_01_NE_SEA,00-0034941,NE,SEA,0,0,0,0,0,0,0,0.0,0,,0,0,0,0,0,,0.0,0.0,0.0,20260925T013701Z
2026,1,REG,2026_01_CLE_JAX,00-0034960,JAX,CLE,2,2,40,1,0,0,29,11.0,2,4.74274538678583,0,1,1,1,0,1.37931034482759,0.0952380952380952,0.119834710743802,0.226741440377804,20260925T013701Z
2026,1,REG,2026_01_DAL_NYG,00-0034967,DAL,NYG,0,0,0,0,0,0,0,0.0,0,,0,0,0,0,0,,0.0,0.0,0.0,20260925T013701Z
2026,1,REG,2026_01_MIA_LV,00-0034973,LV,MIA,0,0,0,0,0,0,0,0.0,0,,0,0,0,0,0,,0.0,0.0,0.0,20260925T013701Z
2026,1,REG,2026_01_NE_SEA,00-0034974,SEA,NE,0,0,0,0,0,0,0,0.0,0,,0,0,0,0,0,,0.0,0.0,0.0,20260925T013701Z
2026,1,REG,2026_01_BAL_IND,00-0034975,BAL,IND,1,1,10,0,0,0,-1,11.0,1,1.13617216539569,0,1,0,0,0,-10.0,0.0416666666666667,-0.00371747211895911,0.0598977695167286,20260925T013701Z
2026,1,REG,2026_01_BUF_HOU,00-0034981,HOU,BUF,2,2,15,0,0,0,7,8.0,0,0.931147911353037,0,0,0,0,0,2.14285714285714,0.0540540540540541,0.0217391304347826,0.0962984723854289,20260925T013701Z
2026,1,REG,2026_01_SF_LA,00-0034982,SF,LA,0,0,0,0,0,0,0,0.0,0,,0,0,0,0,0,,0.0,0.0,0.0,20260925T013701Z
2026,1,REG,2026_01_WAS_PHI,00-0034993,PHI,WAS,0,0,0,0,0,0,0,0.0,0,,0,0,0,0,0,,0.0,0.0,0.0,20260925T013701Z
2026,1,REG,2026_01_BAL_IND,00-0035021,IND,BAL,0,1,0,0,0,0,0,0.0,0,-0.61307160416618,0,0,0,0,0,,0.0344827586206897,0.0,0.0517241379310345,20260925T013701Z
2026,1,REG,2026_01_ARI_LAC,00-0035125,LAC,ARI,0,0,0,0,0,0,0,0.0,0,,0,0,0,0,0,,0.0,0.0,0.0,20260925T013701Z
2026,1,REG,2026_01_GB_MIN,00-0035133,GB,MIN,0,0,0,0,0,0,0,0.0,0,,0,0,0,0,0,,0.0,0.0,0.0,20260925T013701Z
2026,1,REG,2026_01_ARI_LAC,00-0035144,ARI,LAC,0,0,0,0,0,0,0,0.0,0,,0,0,0,0,0,,0.0,0.0,0.0,20260925T013701Z
2026,1,REG,2026_01_NO_DET,00-0035156,DET,NO,0,0,0,0,0,0,0,0.0,0,,0,0,0,0,0,,0.0,0.0,0.0,20260925T013701Z
2026,1,REG,2026_01_BUF_HOU,00-0035166,HOU,BUF,0,0,0,0,0,0,0,0.0,0,,0,0,0,0,0,,0.0,0.0,0.0,20260925T013701Z
2026,1,REG,2026_01_MIA_LV,00-0035190,LV,MIA,0,0,0,0,0,0,0,0.0,0,,0,0,0,0,0,,0.0,0.0,0.0,20260925T013701Z
2026,1,REG,2026_01_NYJ_TEN,00-0035192,TEN,NYJ,0,0,0,0,0,0,0,0.0,0,,0,0,0,0,0,,0.0,0.0,0.0,20260925T013701Z
2026,1,REG,2026_01_ARI_LAC,00-0035202,LAC,ARI,0,0,0,0,0,0,0,0.0,0,,0,0,0,0,0,,0.0,0.0,0.0,20260925T013701Z
2026,1,REG,2026_01_ATL_PIT,00-0035208,ATL,PIT,1,1,5,0,0,0,5,0.0,0,-0.108711670909543,0,0,0,0,0,1.0,0.0526315789473684,0.0649350649350649,0.124401913875598,20260925T013701Z
2026,1,REG,2026_01_DAL_NYG,00-0035227,DAL,NYG,0,0,0,0,0,0,0,0.0,0,,0,0,0,0,0,,0.0,0.0,0.0,20260925T013701Z
2026,1,REG,2026_01_GB_MIN,00-0035228,MIN,GB,0,0,0,0,0,0,0,0.0,0,,0,0,0,0,0,,0.0,0.0,0.0,20260925T013701Z
2026,1,REG,2026_01_GB_MIN,00-0035229,MIN,GB,4,5,36,1,0,0,17,13.0,2,3.17175681563094,0,1,1,0,0,2.11764705882353,0.217391304347826,0.0965909090909091,0.393700592885376,20260925T013701Z
2026,1,REG,2026_01_BUF_HOU,00-0035230,BUF,HOU,0,0,0,0,0,0,0,0.0,0,,0,0,0,0,0,,0.0,0.0,0.0,20260925T013701Z
2026,1,REG,2026_01_CLE_JAX,00-0035234,CLE,JAX,0,0,0,0,0,0,0,0.0,0,,0,0,0,0,0,,0.0,0.0,0.0,20260925T013701Z
2026,1,REG,2026_01_GB_MIN,00-0035236,MIN,GB,0,0,0,0,0,0,0,0.0,0,,0,0,0,0,0,,0.0,0.0,0.0,20260925T013701Z
2026,1,REG,2026_01_CLE_JAX,00-0035240,JAX,CLE,0,0,0,0,0,0,0,0.0,0,,0,0,0,0,0,,0.0,0.0,0.0,20260925T013701Z
2026,1,REG,2026_01_DEN_KC,00-0035248,DEN,KC,0,0,0,0,0,0,0,0.0,0,,0,0,0,0,0,,0.0,0.0,0.0,20260925T013701Z
2026,1,REG,2026_01_GB_MIN,00-0035249,MIN,GB,2,4,22,0,0,0,13,5.0,1,-0.0295819991151802,0,1,0,0,0,1.69230769230769,0.173913043478261,0.0738636363636364,0.312574110671937,20260925T013701Z
2026,1,REG,2026_01_DAL_NYG,00-0035250,NYG,DAL,4,4,22,1,0,0,-16,38.0,2,3.46941840823274,0,1,0,0,0,-1.375,0.137931034482759,-0.0653061224489796,0.161182266009852,20260925T013701Z
2026,1,REG,2026_01_BUF_HOU,00-0035253,BUF,HOU,0,0,0,0,0,0,0,0.0,0,,0,0,0,0,0,,0.0,0.0,0.0,20260925T013701Z
2026,1,REG,2026_01_TB_CIN,00-0035254,TB,CIN,0,0,0,0,0,0,0,0.0,0,,0,0,0,0,0,,0.0,0.0,0.0,20260925T013701Z
2026,1,REG,2026_01_ARI_LAC,00-0035258,ARI,LAC,0,0,0,0,0,0,0,0.0,0,,0,0,0,0,0,,0.0,0.0,0.0,20260925T013701Z
2026,1,REG,2026_01_NYJ_TEN,00-0035261,TEN,NYJ,1,2,-1,0,0,0,24,1.0,0,-1.57559819926973,0,0,0,0,0,-0.0416666666666667,0.0714285714285714,0.126315789473684,0.195563909774436,20260925T013701Z
2026,1,REG,2026_01_DEN_KC,00-0035262,KC,DEN,0,0,0,0,0,0,0,0.0,0,,0,0,0,0,0,,0.0,0.0,0.0,20260925T013701Z
2026,1,REG,2026_01_MIA_LV,00-0035269,LV,MIA,0,0,0,0,0,0,0,0.0,0,,0,0,0,0,0,,0.0,0.0,0.0,20260925T013701Z
2026,1,REG,2026_01_GB_MIN,00-0035272,MIN,GB,0,0,0,0,0,0,0,0.0,0,,0,0,0,0,0,,0.0,0.0,0.0,20260925T013701Z
2026,1,REG,2026_01_GB_MIN,00-0035276,MIN,GB,0,0,0,0,0,0,0,0.0,0,,0,0,0,0,0,,0.0,0.0,0.0,20260925T013701Z
2026,1,REG,2026_01_CHI_CAR,00-0035277,CAR,CHI,0,0,0,0,0,0,0,0.0,0,,0,0,0,0,0,,0.0,0.0,0.0,20260925T013701Z
2026,1,REG,2026_01_WAS_PHI,00-0035279,WAS,PHI,0,0,0,0,0,0,0,0.0,0,,0,0,0,0,0,,0.0,0.0,0.0,20260925T013701Z
2026,1,REG,2026_01_ATL_PIT,00-0035280,ATL,PIT,0,0,0,0,0,0,0,0.0,0,,0,0,0,0,0,,0.0,0.0,0.0,20260925T013701Z
2026,1,REG,2026_01_ATL_PIT,00-0035286,PIT,ATL,0,0,0,0,0,0,0,0.0,0,,0,0,0,0,0,,0.0,0.0,0.0,20260925T013701Z
2026,1,REG,2026_01_NO_DET,00-0035316,NO,DET,0,0,0,0,0,0,0,0.0,0,,0,0,0,0,0,,0.0,0.0,0.0,20260925T013701Z
2026,1,REG,2026_01_CHI_CAR,00-0035357,CHI,CAR,0,0,0,0,0,0,0,0.0,0,,0,0,0,0,0,,0.0,0.0,0.0,20260925T013701Z
2026,1,REG,2026_01_TB_CIN,00-0035358,TB,CIN,0,0,0,0,0,0,0,0.0,0,,0,0,0,0,0,,0.0,0.0,0.0,20260925T013701Z
2026,1,REG,2026_01_TB_CIN,00-0035363,CIN,TB,0,0,0,0,0,0,0,0.0,0,,0,0,0,0,0,,0.0,0.0,0.0,20260925T013701Z
2026,1,REG,2026_01_ARI_LAC,00-0035378,ARI,LAC,0,0,0,0,0,0,0,0.0,0,,0,0,0,0,0,,0.0,0.0,0.0,20260925T013701Z
2026,1,REG,2026_01_CHI_CAR,00-0035386,CHI,CAR,0,0,0,0,0,0,0,0.0,0,,0,0,0,0,0,,0.0,0.0,0.0,20260925T013701Z
2026,1,REG,2026_01_NO_DET,00-0035402,NO,DET,0,0,0,0,0,0,0,0.0,0,,0,0,0,0,0,,0.0,0.0,0.0,20260925T013701Z
2026,1,REG,2026_01_WAS_PHI,00-0035409,WAS,PHI,0,0,0,0,0,0,0,0.0,0,,0,0,0,0,0,,0.0,0.0,0.0,20260925T013701Z
2026,1,REG,2026_01_BUF_HOU,00-0035500,BUF,HOU,0,0,0,0,0,0,0,0.0,0,,0,0,0,0,0,,0.0,0.0,0.0,20260925T013701Z
2026,1,REG,2026_01_CHI_CAR,00-0035525,CHI,CAR,0,0,0,0,0,0,0,0.0,0,,0,0,0,0,0,,0.0,0.0,0.0,20260925T013701Z
2026,1,REG,2026_01_CLE_JAX,00-0035526,CLE,JAX,0,0,0,0,0,0,0,0.0,0,,0,0,0,0,0,,0.0,0.0,0.0,20260925T013701Z
2026,1,REG,2026_01_NO_DET,00-0035544,DET,NO,0,0,0,0,0,0,0,0.0,0,,0,0,0,0,0,,0.0,0.0,0.0,20260925T013701Z
2026,1,REG,2026_01_CHI_CAR,00-0035588,CHI,CAR,0,0,0,0,0,0,0,0.0,0,,0,0,0,0,0,,0.0,0.0,0.0,20260925T013701Z
2026,1,REG,2026_01_ATL_PIT,00-0035630,ATL,PIT,0,0,0,0,0,0,0,0.0,0,,0,0,0,0,0,,0.0,0.0,0.0,20260925T013701Z
2026,1,REG,2026_01_TB_CIN,00-0035631,CIN,TB,3,3,19,0,0,0,0,19.0,1,0.881284959963523,0,1,0,0,0,0.0,0.0882352941176471,0.0,0.132352941176471,20260925T013701Z
2026,1,REG,2026_01_NYJ_TEN,00-0035632,TEN,NYJ,0,0,0,0,0,0,0,0.0,0,,0,0,0,0,0,,0.0,0.0,0.0,20260925T013701Z
2026,1,REG,2026_01_ARI_LAC,00-0035636,ARI,LAC,0,0,0,0,0,0,0,0.0,0,,0,0,0,0,0,,0.0,0.0,0.0,20260925T013701Z
2026,1,REG,2026_01_NO_DET,00-0035637,DET,NO,0,0,0,0,0,0,0,0.0,0,,0,0,0,0,0,,0.0,0.0,0.0,20260925T013701Z
2026,1,REG,2026_01_ATL_PIT,00-0035640,PIT,ATL,4,10,40,0,0,0,204,5.0,2,-5.44210947206011,0,2,0,0,0,0.196078431372549,0.27027027027027,0.501228501228501,0.756265356265356,20260925T013701Z
2026,1,REG,2026_01_CLE_JAX,00-0035642,JAX,CLE,0,0,0,0,0,0,0,0.0,0,,0,0,0,0,0,,0.0,0.0,0.0,20260925T013701Z
2026,1,REG,2026_01_NYJ_TEN,00-0035643,TEN,NYJ,0,0,0,0,0,0,0,0.0,0,,0,0,0,0,0,,0.0,0.0,0.0,20260925T013701Z
2026,1,REG,2026_01_NO_DET,00-0035644,NO,DET,4,8,33,1,0,0,48,15.0,2,-8.52552928170189,0,1,0,0,0,0.6875,0.153846153846154,0.0993788819875776,0.300334448160535,20260925T013701Z
2026,1,REG,2026_01_CHI_CAR,00-0035647,CHI,CAR,0,0,0,0,0,0,0,0.0,0,,0,0,0,0,0,,0.0,0.0,0.0,20260925T013701Z
2026,1,REG,2026_01_WAS_PHI,00-0035659,WAS,PHI,2,4,14,0,0,0,22,15.0,1,1.97057261219015,0,0,0,0,0,0.636363636363636,0.137931034482759,0.0694006309148265,0.255476993364516,20260925T013701Z
2026,1,REG,2026_01_BUF_HOU,00-0035667,BUF,HOU,0,0,0,0,0,0,0,0.0,0,,0,0,0,0,0,,0.0,0.0,0.0,20260925T013701Z
2026,1,REG,2026_01_CHI_CAR,00-0035669,CAR,CHI,0,0,0,0,0,0,0,0.0,0,,0,0,0,0,0,,0.0,0.0,0.0,20260925T013701Z
2026,1,REG,2026_01_NYJ_TEN,00-0035672,TEN,NYJ,0,0,0,0,0,0,0,0.0,0,,0,0,0,0,0,,0.0,0.0,0.0,20260925T013701Z
2026,1,REG,2026_01_BAL_IND,00-0035674,IND,BAL,0,0,0,0,0,0,0,0.0,0,,0,0,0,0,0,,0.0,0.0,0.0,20260925T013701Z
2026,1,REG,2026_01_NE_SEA,00-0035676,NE,SEA,3,4,26,0,0,0,19,14.0,2,1.25107853568625,0,1,0,0,0,1.36842105263158,0.129032258064516,0.085972850678733,0.253729382571887,20260925T013701Z
2026,1,REG,2026_01_NE_SEA,00-0035678,NE,SEA,0,0,0,0,0,0,0,0.0,0,,0,0,0,0,0,,0.0,0.0,0.0,20260925T013701Z
2026,1,REG,2026_01_CLE_JAX,00-0035680,CLE,JAX,0,0,0,0,0,0,0,0.0,0,,0,0,0,0,0,,0.0,0.0,0.0,20260925T013701Z
2026,1,REG,2026_01_TB_CIN,00-0035683,CIN,TB,0,0,0,0,0,0,0,0.0,0,,0,0,0,0,0,,0.0,0.0,0.0,20260925T013701Z
2026,1,REG,2026_01_BUF_HOU,00-0035685,HOU,BUF,3,3,19,1,0,0,5,14.0,1,2.63787156331819,0,0,0,0,0,3.8,0.0810810810810811,0.015527950310559,0.132491186839013,20260925T013701Z
2026,1,REG,2026_01_CHI_CAR,00-0035687,CAR,CHI,0,0,0,0,0,0,0,0.0,0,,0,0,0,0,0,,0.0,0.0,0.0,20260925T013701Z
2026,1,REG,2026_01_BUF_HOU,00-0035689,BUF,HOU,1,1,7,0,0,0,2,5.0,0,0.290546651929617,0,0,0,0,0,3.5,0.0357142857142857,0.00522193211488251,0.0572267810518463,20260925T013701Z
2026,1,REG,2026_01_MIA_LV,00-0035692,MIA,LV,0,0,0,0,0,0,0,0.0,0,,0,0,0,0,0,,0.0,0.0,0.0,20260925T013701Z
2026,1,REG,2026_01_ATL_PIT,00-0035699,PIT,ATL,0,0,0,0,0,0,0,0.0,0,,0,0,0,0,0,,0.0,0.0,0.0,20260925T013701Z
2026,1,REG,2026_01_NE_SEA,00-0035704,SEA,NE,0,0,0,0,0,0,0,0.0,0,,0,0,0,0,0,,0.0,0.0,0.0,20260925T013701Z
2026,1,REG,2026_01_DAL_NYG,00-0035705,DAL,NYG,0,0,0,0,0,0,0,0.0,0,,0,0,0,0,0,,0.0,0.0,0.0,20260925T013701Z
2026,1,REG,2026_01_NO_DET,00-0035707,DET,NO,0,0,0,0,0,0,0,0.0,0,,0,0,0,0,0,,0.0,0.0,0.0,20260925T013701Z
2026,1,REG,2026_01_BAL_IND,00-0035710,IND,BAL,0,0,0,0,0,0,0,0.0,0,,0,0,0,0,0,,0.0,0.0,0.0,20260925T013701Z
2026,1,REG,2026_01_DAL_NYG,00-0035713,NYG,DAL,0,0,0,0,0,0,0,0.0,0,,0,0,0,0,0,,0.0,0.0,0.0,20260925T013701Z
2026,1,REG,2026_01_SF_LA,00-0035717,SF,LA,0,0,0,0,0,0,0,0.0,0,,0,0,0,0,0,,0.0,0.0,0.0,20260925T013701Z
2026,1,REG,2026_01_DAL_NYG,00-0035718,DAL,NYG,0,0,0,0,0,0,0,0.0,0,,0,0,0,0,0,,0.0,0.0,0.0,20260925T013701Z
2026,1,REG,2026_01_SF_LA,00-0035719,SF,LA,6,7,48,1,0,0,17,28.0,3,2.92173303698655,0,2,0,0,0,2.82352941176471,0.205882352941176,0.114093959731544,0.388689301223845,20260925T013701Z
2026,1,REG,2026_01_DEN_KC,00-0035763,DEN,KC,0,0,0,0,0,0,0,0.0,0,,0,0,0,0,0,,0.0,0.0,0.0,20260925T013701Z
2026,1,REG,2026_01_GB_MIN,00-0035795,MIN,GB,0,0,0,0,0,0,0,0.0,0,,0,0,0,0,0,,0.0,0.0,0.0,20260925T013701Z
2026,1,REG,2026_01_SF_LA,00-0035821,SF,LA,0,0,0,0,0,0,0,0.0,0,,0,0,0,0,0,,0.0,0.0,0.0,20260925T013701Z
2026,1,REG,2026_01_CLE_JAX,00-0035827,JAX,CLE,0,0,0,0,0,0,0,0.0,0,,0,0,0,0,0,,0.0,0.0,0.0,20260925T013701Z
2026,1,REG,2026_01_ARI_LAC,00-0035859,ARI,LAC,0,0,0,0,0,0,0,0.0,0,,0,0,0,0,0,,0.0,0.0,0.0,20260925T013701Z
2026,1,REG,2026_01_NYJ_TEN,00-0035889,TEN,NYJ,0,0,0,0,0,0,0,0.0,0,,0,0,0,0,0,,0.0,0.0,0.0,20260925T013701Z
2026,1,REG,2026_01_MIA_LV,00-0035891,LV,MIA,0,1,0,0,0,0,3,0.0,0,-0.750253529055044,0,0,0,0,0,0.0,0.0344827586206897,0.0132743362831858,0.0610161733292646,20260925T013701Z
2026,1,REG,2026_01_BUF_HOU,00-0035933,BUF,HOU,0,0,0,0,0,0,0,0.0,0,,0,0,0,0,0,,0.0,0.0,0.0,20260925T013701Z
2026,1,REG,2026_01_DAL_NYG,00-0036036,DAL,NYG,0,0,0,0,0,0,0,0.0,0,,0,0,0,0,0,,0.0,0.0,0.0,20260925T013701Z
2026,1,REG,2026_01_BUF_HOU,00-0036037,BUF,HOU,0,0,0,0,0,0,0,0.0,0,,0,0,0,0,0,,0.0,0.0,0.0,20260925T013701Z
2026,1,REG,2026_01_NO_DET,00-0036040,NO,DET,3,7,54,1,0,0,77,4.0,3,0.980823072895873,0,2,2,1,0,0.701298701298701,0.134615384615385,0.159420289855072,0.313517279821628,20260925T013701Z
2026,1,REG,2026_01_BAL_IND,00-0036081,BAL,IND,0,0,0,0,0,0,0,0.0,0,,0,0,0,0,0,,0.0,0.0,0.0,20260925T013701Z
2026,1,REG,2026_01_NO_DET,00-0036124,DET,NO,0,0,0,0,0,0,0,0.0,0,,0,0,0,0,0,,0.0,0.0,0.0,20260925T013701Z
2026,1,REG,2026_01_ATL_PIT,00-0036139,PIT,ATL,2,5,6,0,0,0,4,12.0,0,-3.30180700980391,0,0,0,0,0,1.5,0.135135135135135,0.00982800982800983,0.20958230958231,20260925T013701Z
2026,1,REG,2026_01_GB_MIN,00-0036157,GB,MIN,0,0,0,0,0,0,0,0.0,0,,0,0,0,0,0,,0.0,0.0,0.0,20260925T013701Z
2026,1,REG,2026_01_DEN_KC,00-0036158,DEN,KC,0,0,0,0,0,0,0,0.0,0,,0,0,0,0,0,,0.0,0.0,0.0,20260925T013701Z
2026,1,REG,2026_01_MIA_LV,00-0036159,MIA,LV,0,0,0,0,0,0,0,0.0,0,,0,0,0,0,0,,0.0,0.0,0.0,20260925T013701Z
2026,1,REG,2026_01_BUF_HOU,00-0036162,BUF,HOU,0,0,0,0,0,0,0,0.0,0,,0,0,0,0,0,,0.0,0.0,0.0,20260925T013701Z
2026,1,REG,2026_01_MIA_LV,00-0036171,MIA,LV,0,0,0,0,0,0,0,0.0,0,,0,0,0,0,0,,0.0,0.0,0.0,20260925T013701Z
2026,1,REG,2026_01_ARI_LAC,00-0036181,LAC,ARI,0,0,0,0,0,0,0,0.0,0,,0,0,0,0,0,,0.0,0.0,0.0,20260925T013701Z
2026,1,REG,2026_01_WAS_PHI,00-0036192,PHI,WAS,0,0,0,0,0,0,0,0.0,0,,0,0,0,0,0,,0.0,0.0,0.0,20260925T013701Z
2026,1,REG,2026_01_NO_DET,00-0036193,NO,DET,0,0,0,0,0,0,0,0.0,0,,0,0,0,0,0,,0.0,0.0,0.0,20260925T013701Z
2026,1,REG,2026_01_ATL_PIT,00-0036204,ATL,PIT,0,0,0,0,0,0,0,0.0,0,,0,0,0,0,0,,0.0,0.0,0.0,20260925T013701Z
2026,1,REG,2026_01_CHI_CAR,00-0036220,CAR,CHI,0,0,0,0,0,0,0,0.0,0,,0,0,0,0,0,,0.0,0.0,0.0,20260925T013701Z
2026,1,REG,2026_01_DEN_KC,00-0036221,DEN,KC,0,0,0,0,0,0,0,0.0,0,,0,0,0,0,0,,0.0,0.0,0.0,20260925T013701Z
2026,1,REG,2026_01_GB_MIN,00-0036222,MIN,GB,0,0,0,0,0,0,0,0.0,0,,0,0,0,0,0,,0.0,0.0,0.0,20260925T013701Z
2026,1,REG,2026_01_BAL_IND,00-0036223,IND,BAL,3,4,23,0,1,1,0,26.0,0,-4.98359160288237,0,1,0,0,0,0.0,0.137931034482759,0.0,0.206896551724138,20260925T013701Z
2026,1,REG,2026_01_TB_CIN,00-0036231,CIN,TB,0,0,0,0,0,0,0,0.0,0,,0,0,0,0,0,,0.0,0.0,0.0,20260925T013701Z
2026,1,REG,2026_01_SF_LA,00-0036244,LA,SF,1,2,6,0,0,0,9,4.0,0,-0.25877505610697,0,0,0,0,0,0.666666666666667,0.0740740740740741,0.0352941176470588,0.135816993464052,20260925T013701Z
2026,1,REG,2026_01_DAL_NYG,00-0036246,NYG,DAL,0,0,0,0,0,0,0,0.0,0,,0,0,0,0,0,,0.0,0.0,0.0,20260925T013701Z
2026,1,REG,2026_01_MIA_LV,00-0036248,MIA,LV,0,0,0,0,0,0,0,0.0,0,,0,0,0,0,0,,0.0,0.0,0.0,20260925T013701Z
2026,1,REG,2026_01_ATL_PIT,00-0036252,PIT,ATL,3,3,58,0,0,0,33,25.0,2,3.44789096410386,0,2,2,2,0,1.75757575757576,0.0810810810810811,0.0810810810810811,0.178378378378378,20260925T013701Z
2026,1,REG,2026_01_NO_DET,00-0036253,NO,DET,0,0,0,0,0,0,0,0.0,0,,0,0,0,0,0,,0.0,0.0,0.0,20260925T013701Z
2026,1,REG,2026_01_GB_MIN,00-0036259,MIN,GB,0,1,0,0,0,0,30,0.0,0,-4.07392876828089,0,0,0,0,0,0.0,0.0434782608695652,0.170454545454545,0.18453557312253,20260925T013701Z
2026,1,REG,2026_01_WAS_PHI,00-0036260,WAS,PHI,0,0,0,0,0,0,0,0.0,0,,0,0,0,0,0,,0.0,0.0,0.0,20260925T013701Z
2026,1,REG,2026_01_CLE_JAX,00-0036262,JAX,CLE,0,0,0,0,0,0,0,0.0,0,,0,0,0,0,0,,0.0,0.0,0.0,20260925T013701Z
2026,1,REG,2026_01_GB_MIN,00-0036264,GB,MIN,0,0,0,0,0,0,0,0.0,0,,0,0,0,0,0,,0.0,0.0,0.0,20260925T013701Z
2026,1,REG,2026_01_CHI_CAR,00-0036265,CAR,CHI,0,0,0,0,0,0,0,0.0,0,,0,0,0,0,0,,0.0,0.0,0.0,20260925T013701Z
2026,1,REG,2026_01_NYJ_TEN,00-0036266,TEN,NYJ,0,0,0,0,0,0,0,0.0,0,,0,0,0,0,0,,0.0,0.0,0.0,20260925T013701Z
2026,1,REG,2026_01_NO_DET,00-0036272,DET,NO,0,0,0,0,0,0,0,0.0,0,,0,0,0,0,0,,0.0,0.0,0.0,20260925T013701Z
2026,1,REG,2026_01_CHI_CAR,00-0036275,CHI,CAR,1,1,10,0,0,0,4,6.0,1,0.739021006971598,0,1,0,0,0,2.5,0.0384615384615385,0.0125391849529781,0.0664697371593923,20260925T013701Z
2026,1,REG,2026_01_DAL_NYG,00-0036280,NYG,DAL,0,0,0,0,0,0,0,0.0,0,,0,0,0,0,0,,0.0,0.0,0.0,20260925T013701Z
2026,1,REG,2026_01_ATL_PIT,00-0036281,ATL,PIT,0,0,0,0,0,0,0,0.0,0,,0,0,0,0,0,,0.0,0.0,0.0,20260925T013701Z
2026,1,REG,2026_01_CLE_JAX,00-0036282,CLE,JAX,0,0,0,0,0,0,0,0.0,0,,0,0,0,0,0,,0.0,0.0,0.0,20260925T013701Z
2026,1,REG,2026_01_ATL_PIT,00-0036285,ATL,PIT,0,0,0,0,0,0,0,0.0,0,,0,0,0,0,0,,0.0,0.0,0.0,20260925T013701Z
2026,1,REG,2026_01_WAS_PHI,00-0036286,WAS,PHI,0,0,0,0,0,0,0,0.0,0,,0,0,0,0,0,,0.0,0.0,0.0,20260925T013701Z
2026,1,REG,2026_01_CHI_CAR,00-0036290,CHI,CAR,2,3,35,1,0,0,47,8.0,2,3.57649476337247,0,2,1,1,0,0.74468085106383,0.115384615384615,0.147335423197492,0.276211719315168,20260925T013701Z
2026,1,REG,2026_01_CHI_CAR,00-0036292,CHI,CAR,0,0,0,0,0,0,0,0.0,0,,0,0,0,0,0,,0.0,0.0,0.0,20260925T013701Z
2026,1,REG,2026_01_MIA_LV,00-0036293,LV,MIA,0,0,0,0,0,0,0,0.0,0,,0,0,0,0,0,,0.0,0.0,0.0,20260925T013701Z
2026,1,REG,2026_01_BAL_IND,00-0036298,IND,BAL,0,0,0,0,0,0,0,0.0,0,,0,0,0,0,0,,0.0,0.0,0.0,20260925T013701Z
2026,1,REG,2026_01_BAL_IND,00-0036302,BAL,IND,0,0,0,0,0,0,0,0.0,0,,0,0,0,0,0,,0.0,0.0,0.0,20260925T013701Z
2026,1,REG,2026_01_CHI_CAR,00-0036305,CAR,CHI,0,0,0,0,0,0,0,0.0,0,,0,0,0,0,0,,0.0,0.0,0.0,20260925T013701Z
2026,1,REG,2026_01_DAL_NYG,00-0036309,NYG,DAL,2,2,27,0,0,0,25,2.0,2,2.43315296579385,0,1,1,0,0,1.08,0.0689655172413793,0.102040816326531,0.17487684729064,20260925T013701Z
2026,1,REG,2026_01_WAS_PHI,00-0036313,PHI,WAS,0,0,0,0,0,0,0,0.0,0,,0,0,0,0,0,,0.0,0.0,0.0,20260925T013701Z
2026,1,REG,2026_01_NO_DET,00-0036321,NO,DET,0,0,0,0,0,0,0,0.0,0,,0,0,0,0,0,,0.0,0.0,0.0,20260925T013701Z
2026,1,REG,2026_01_GB_MIN,00-0036322,MIN,GB,8,9,92,2,0,0,80,28.0,5,12.5018565803622,1,2,2,1,0,1.15,0.391304347826087,0.454545454545455,0.905138339920949,20260925T013701Z
2026,1,REG,2026_01_ATL_PIT,00-0036323,PIT,ATL,0,0,0,0,0,0,0,0.0,0,,0,0,0,0,0,,0.0,0.0,0.0,20260925T013701Z
2026,1,REG,2026_01_CHI_CAR,00-0036325,CAR,CHI,0,0,0,0,0,0,0,0.0,0,,0,0,0,0,0,,0.0,0.0,0.0,20260925T013701Z
2026,1,REG,2026_01_SF_LA,00-0036329,SF,LA,0,0,0,0,0,0,0,0.0,0,,0,0,0,0,0,,0.0,0.0,0.0,20260925T013701Z
2026,1,REG,2026_01_ARI_LAC,00-0036331,ARI,LAC,0,0,0,0,0,0,0,0.0,0,,0,0,0,0,0,,0.0,0.0,0.0,20260925T013701Z
2026,1,REG,2026_01_ATL_PIT,00-0036333,PIT,ATL,0,0,0,0,0,0,0,0.0,0,,0,0,0,0,0,,0.0,0.0,0.0,20260925T013701Z
2026,1,REG,2026_01_NO_DET,00-0036335,DET,NO,0,0,0,0,0,0,0,0.0,0,,0,0,0,0,0,,0.0,0.0,0.0,20260925T013701Z
2026,1,REG,2026_01_CHI_CAR,00-0036337,CHI,CAR,0,0,0,0,0,0,0,0.0,0,,0,0,0,0,0,,0.0,0.0,0.0,20260925T013701Z
2026,1,REG,2026_01_ARI_LAC,00-0036338,LAC,ARI,0,0,0,0,0,0,0,0.0,0,,0,0,0,0,0,,0.0,0.0,0.0,20260925T013701Z
2026,1,REG,2026_01_SF_LA,00-0036339,LA,SF,0,0,0,0,0,0,0,0.0,0,,0,0,0,0,0,,0.0,0.0,0.0,20260925T013701Z
2026,1,REG,2026_01_SF_LA,00-0036341,SF,LA,0,0,0,0,0,0,0,0.0,0,,0,0,0,0,0,,0.0,0.0,0.0,20260925T013701Z
2026,1,REG,2026_01_GB_MIN,00-0036347,MIN,GB,0,0,0,0,0,0,0,0.0,0,,0,0,0,0,0,,0.0,0.0,0.0,20260925T013701Z
2026,1,REG,2026_01_GB_MIN,00-0036348,MIN,GB,0,0,0,0,0,0,0,0.0,0,,0,0,0,0,0,,0.0,0.0,0.0,20260925T013701Z
2026,1,REG,2026_01_SF_LA,00-0036349,LA,SF,0,0,0,0,0,0,0,0.0,0,,0,0,0,0,0,,0.0,0.0,0.0,20260925T013701Z
2026,1,REG,2026_01_ARI_LAC,00-0036355,LAC,ARI,0,0,0,0,0,0,0,0.0,0,,0,0,0,0,0,,0.0,0.0,0.0,20260925T013701Z
2026,1,REG,2026_01_CHI_CAR,00-0036356,CAR,CHI,0,0,0,0,0,0,0,0.0,0,,0,0,0,0,0,,0.0,0.0,0.0,20260925T013701Z
2026,1,REG,2026_01_DAL_NYG,00-0036358,DAL,NYG,5,8,44,1,0,0,90,19.0,5,5.59327441145433,0,2,0,0,0,0.488888888888889,0.266666666666667,0.29126213592233,0.603883495145631,20260925T013701Z
2026,1,REG,2026_01_MIA_LV,00-0036362,MIA,LV,0,0,0,0,0,0,0,0.0,0,,0,0,0,0,0,,0.0,0.0,0.0,20260925T013701Z
2026,1,REG,2026_01_CHI_CAR,00-0036366,CHI,CAR,0,0,0,0,0,0,0,0.0,0,,0,0,0,0,0,,0.0,0.0,0.0,20260925T013701Z
2026,1,REG,2026_01_DEN_KC,00-0036374,KC,DEN,0,0,0,0,0,0,0,0.0,0,,0,0,0,0,0,,0.0,0.0,0.0,20260925T013701Z
2026,1,REG,2026_01_WAS_PHI,00-0036375,WAS,PHI,0,0,0,0,0,0,0,0.0,0,,0,0,0,0,0,,0.0,0.0,0.0,20260925T013701Z
2026,1,REG,2026_01_DEN_KC,00-0036380,KC,DEN,0,0,0,0,0,0,0,0.0,0,,0,0,0,0,0,,0.0,0.0,0.0,20260925T013701Z
2026,1,REG,2026_01_DAL_NYG,00-0036386,NYG,DAL,0,0,0,0,0,0,0,0.0,0,,0,0,0,0,0,,0.0,0.0,0.0,20260925T013701Z
2026,1,REG,2026_01_GB_MIN,00-0036388,GB,MIN,0,0,0,0,0,0,0,0.0,0,,0,0,0,0,0,,0.0,0.0,0.0,20260925T013701Z
2026,1,REG,2026_01_WAS_PHI,00-0036389,PHI,WAS,0,0,0,0,0,0,0,0.0,0,,0,0,0,0,0,,0.0,0.0,0.0,20260925T013701Z
2026,1,REG,2026_01_TB_CIN,00-0036406,TB,CIN,0,0,0,0,0,0,0,0.0,0,,0,0,0,0,0,,0.0,0.0,0.0,20260925T013701Z
2026,1,REG,2026_01_CLE_JAX,00-0036407,CLE,JAX,2,4,26,0,0,0,40,9.0,1,-6.0874144253321,0,1,1,1,0,0.65,0.181818181818182,0.175438596491228,0.395534290271132,20260925T013701Z
2026,1,REG,2026_01_MIA_LV,00-0036409,MIA,LV,0,0,0,0,0,0,0,0.0,0,,0,0,0,0,0,,0.0,0.0,0.0,20260925T013701Z
2026,1,REG,2026_01_TB_CIN,00-0036410,CIN,TB,3,6,59,0,0,0,117,26.0,3,2.33281312085455,0,3,2,1,0,0.504273504273504,0.176470588235294,0.517699115044248,0.627095262883915,20260925T013701Z
2026,1,REG,2026_01_TB_CIN,00-0036411,TB,CIN,0,0,0,0,0,0,0,0.0,0,,0,0,0,0,0,,0.0,0.0,0.0,20260925T013701Z
2026,1,REG,2026_01_DEN_KC,00-0036416,KC,DEN,0,0,0,0,0,0,0,0.0,0,,0,0,0,0,0,,0.0,0.0,0.0,20260925T013701Z
2026,1,REG,2026_01_WAS_PHI,00-0036418,PHI,WAS,0,0,0,0,0,0,0,0.0,0,,0,0,0,0,0,,0.0,0.0,0.0,20260925T013701Z
2026,1,REG,2026_01_DEN_KC,00-0036422,DEN,KC,2,3,10,0,0,0,-1,8.0,0,-0.665217289701104,0,0,0,0,0,0.0,0.111111111111111,-0.0108695652173913,0.159057971014493,20260925T013701Z
2026,1,REG,2026_01_GB_MIN,00-0036425,MIN,GB,1,1,1,0,0,0,1,0.0,0,-1.62547256168909,0,0,0,0,0,1.0,0.0434782608695652,0.00568181818181818,0.0691946640316206,20260925T013701Z
2026,1,REG,2026_01_DEN_KC,00-0036428,DEN,KC,0,0,0,0,0,0,0,0.0,0,,0,0,0,0,0,,0.0,0.0,0.0,20260925T013701Z
2026,1,REG,2026_01_TB_CIN,00-0036442,CIN,TB,0,0,0,0,0,0,0,0.0,0,,0,0,0,0,0,,0.0,0.0,0.0,20260925T013701Z
2026,1,REG,2026_01_CLE_JAX,00-0036443,CLE,JAX,0,0,0,0,0,0,0,0.0,0,,0,0,0,0,0,,0.0,0.0,0.0,20260925T013701Z
2026,1,REG,2026_01_ATL_PIT,00-0036463,ATL,PIT,0,0,0,0,0,0,0,0.0,0,,0,0,0,0,0,,0.0,0.0,0.0,20260925T013701Z
2026,1,REG,2026_01_MIA_LV,00-0036479,LV,MIA,0,0,0,0,0,0,0,0.0,0,,0,0,0,0,0,,0.0,0.0,0.0,20260925T013701Z
2026,1,REG,2026_01_CHI_CAR,00-0036480,CHI,CAR,0,0,0,0,0,0,0,0.0,0,,0,0,0,0,0,,0.0,0.0,0.0,20260925T013701Z
2026,1,REG,2026_01_NYJ_TEN,00-0036500,NYJ,TEN,0,0,0,0,0,0,0,0.0,0,,0,0,0,0,0,,0.0,0.0,0.0,20260925T013701Z
2026,1,REG,2026_01_WAS_PHI,00-0036501,PHI,WAS,0,0,0,0,0,0,0,0.0,0,,0,0,0,0,0,,0.0,0.0,0.0,20260925T013701Z
2026,1,REG,2026_01_BAL_IND,00-0036550,BAL,IND,0,1,0,0,0,0,23,0.0,0,-0.83109826920554,0,0,0,0,0,0.0,0.0416666666666667,0.0855018587360595,0.122351301115242,20260925T013701Z
2026,1,REG,2026_01_BUF_HOU,00-0036554,HOU,BUF,7,10,75,1,0,0,120,8.0,3,4.90679983879016,0,3,1,1,0,0.625,0.27027027027027,0.372670807453416,0.666274970622797,20260925T013701Z
2026,1,REG,2026_01_CHI_CAR,00-0036555,CAR,CHI,3,3,38,1,0,0,0,38.0,2,4.32245056936517,0,1,1,1,0,0.0,0.0882352941176471,0.0,0.132352941176471,20260925T013701Z
2026,1,REG,2026_01_DEN_KC,00-0036557,KC,DEN,0,0,0,0,0,0,0,0.0,0,,0,0,0,0,0,,0.0,0.0,0.0,20260925T013701Z
2026,1,REG,2026_01_SF_LA,00-0036563,SF,LA,0,0,0,0,0,0,0,0.0,0,,0,0,0,0,0,,0.0,0.0,0.0,20260925T013701Z
2026,1,REG,2026_01_DEN_KC,00-0036564,DEN,KC,0,0,0,0,0,0,0,0.0,0,,0,0,0,0,0,,0.0,0.0,0.0,20260925T013701Z
2026,1,REG,2026_01_ARI_LAC,00-0036568,ARI,LAC,0,0,0,0,0,0,0,0.0,0,,0,0,0,0,0,,0.0,0.0,0.0,20260925T013701Z
2026,1,REG,2026_01_DAL_NYG,00-0036587,NYG,DAL,0,0,0,0,0,0,0,0.0,0,,0,0,0,0,0,,0.0,0.0,0.0,20260925T013701Z
2026,1,REG,2026_01_CLE_JAX,00-0036590,JAX,CLE,0,1,0,0,0,0,2,0.0,0,-0.527358944877051,0,0,0,0,0,0.0,0.0476190476190476,0.00826446280991736,0.0772136953955136,20260925T013701Z
2026,1,REG,2026_01_SF_LA,00-0036603,LA,SF,0,0,0,0,0,0,0,0.0,0,,0,0,0,0,0,,0.0,0.0,0.0,20260925T013701Z
2026,1,REG,2026_01_DEN_KC,00-0036613,DEN,KC,1,3,2,0,0,0,13,0.0,0,-4.27596350270323,0,0,0,0,0,0.153846153846154,0.111111111111111,0.141304347826087,0.265579710144928,20260925T013701Z
2026,1,REG,2026_01_ATL_PIT,00-0036617,PIT,ATL,0,0,0,0,0,0,0,0.0,0,,0,0,0,0,0,,0.0,0.0,0.0,20260925T013701Z
2026,1,REG,2026_01_DEN_KC,00-0036621,KC,DEN,0,0,0,0,0,0,0,0.0,0,,0,0,0,0,0,,0.0,0.0,0.0,20260925T013701Z
2026,1,REG,2026_01_NYJ_TEN,00-0036622,NYJ,TEN,0,0,0,0,0,0,0,0.0,0,,0,0,0,0,0,,0.0,0.0,0.0,20260925T013701Z
2026,1,REG,2026_01_DEN_KC,00-0036623,KC,DEN,0,0,0,0,0,0,0,0.0,0,,0,0,0,0,0,,0.0,0.0,0.0,20260925T013701Z
2026,1,REG,2026_01_NO_DET,00-0036624,DET,NO,0,0,0,0,0,0,0,0.0,0,,0,0,0,0,0,,0.0,0.0,0.0,20260925T013701Z
2026,1,REG,2026_01_GB_MIN,00-0036625,GB,MIN,0,0,0,0,0,0,0,0.0,0,,0,0,0,0,0,,0.0,0.0,0.0,20260925T013701Z
2026,1,REG,2026_01_WAS_PHI,00-0036626,WAS,PHI,0,2,0,0,0,0,64,0.0,0,-2.04212499466093,0,0,0,0,0,0.0,0.0689655172413793,0.201892744479495,0.244773196997716,20260925T013701Z
2026,1,REG,2026_01_WAS_PHI,00-0036628,WAS,PHI,2,3,13,0,0,0,6,15.0,0,-1.63707323711412,0,0,0,0,0,2.16666666666667,0.103448275862069,0.0189274447949527,0.16842162514957,20260925T013701Z
2026,1,REG,2026_01_BAL_IND,00-0036629,IND,BAL,0,0,0,0,0,0,0,0.0,0,,0,0,0,0,0,,0.0,0.0,0.0,20260925T013701Z
2026,1,REG,2026_01_DEN_KC,00-0036637,KC,DEN,1,1,5,0,0,0,5,0.0,0,0.435155155893881,0,0,0,0,0,1.0,0.04,0.037593984962406,0.0863157894736842,20260925T013701Z
2026,1,REG,2026_01_TB_CIN,00-0036642,CIN,TB,0,0,0,0,0,0,0,0.0,0,,0,0,0,0,0,,0.0,0.0,0.0,20260925T013701Z
2026,1,REG,2026_01_ARI_LAC,00-0036646,ARI,LAC,0,0,0,0,0,0,0,0.0,0,,0,0,0,0,0,,0.0,0.0,0.0,20260925T013701Z
2026,1,REG,2026_01_GB_MIN,00-0036648,GB,MIN,0,0,0,0,0,0,0,0.0,0,,0,0,0,0,0,,0.0,0.0,0.0,20260925T013701Z
2026,1,REG,2026_01_GB_MIN,00-0036658,GB,MIN,0,0,0,0,0,0,0,0.0,0,,0,0,0,0,0,,0.0,0.0,0.0,20260925T013701Z
2026,1,REG,2026_01_DEN_KC,00-0036660,KC,DEN,0,0,0,0,0,0,0,0.0,0,,0,0,0,0,0,,0.0,0.0,0.0,20260925T013701Z
2026,1,REG,2026_01_MIA_LV,00-0036677,MIA,LV,0,0,0,0,0,0,0,0.0,0,,0,0,0,0,0,,0.0,0.0,0.0,20260925T013701Z
2026,1,REG,2026_01_MIA_LV,00-0036682,MIA,LV,0,0,0,0,0,0,0,0.0,0,,0,0,0,0,0,,0.0,0.0,0.0,20260925T013701Z
2026,1,REG,2026_01_DEN_KC,00-0036683,DEN,KC,0,0,0,0,0,0,0,0.0,0,,0,0,0,0,0,,0.0,0.0,0.0,20260925T013701Z
2026,1,REG,2026_01_NO_DET,00-0036754,DET,NO,1,1,5,0,0,0,2,3.0,0,-0.199289370793849,0,0,0,0,0,2.5,0.0256410256410256,0.00966183574879227,0.0452248234856931,20260925T013701Z
2026,1,REG,2026_01_NE_SEA,00-0036813,NE,SEA,0,0,0,0,0,0,0,0.0,0,,0,0,0,0,0,,0.0,0.0,0.0,20260925T013701Z
2026,1,REG,2026_01_MIA_LV,00-0036816,MIA,LV,0,0,0,0,0,0,0,0.0,0,,0,0,0,0,0,,0.0,0.0,0.0,20260925T013701Z
2026,1,REG,2026_01_CHI_CAR,00-0036825,CAR,CHI,0,0,0,0,0,0,0,0.0,0,,0,0,0,0,0,,0.0,0.0,0.0,20260925T013701Z
2026,1,REG,2026_01_SF_LA,00-0036844,SF,LA,0,0,0,0,0,0,0,0.0,0,,0,0,0,0,0,,0.0,0.0,0.0,20260925T013701Z
2026,1,REG,2026_01_TB_CIN,00-0036854,CIN,TB,0,0,0,0,0,0,0,0.0,0,,0,0,0,0,0,,0.0,0.0,0.0,20260925T013701Z
2026,1,REG,2026_01_NO_DET,00-0036867,NO,DET,0,0,0,0,0,0,0,0.0,0,,0,0,0,0,0,,0.0,0.0,0.0,20260925T013701Z
2026,1,REG,2026_01_DEN_KC,00-0036874,DEN,KC,0,0,0,0,0,0,0,0.0,0,,0,0,0,0,0,,0.0,0.0,0.0,20260925T013701Z
2026,1,REG,2026_01_NE_SEA,00-0036875,NE,SEA,5,6,44,0,0,0,-6,45.0,1,-0.101129514170695,0,2,1,0,0,-7.33333333333333,0.193548387096774,-0.0271493212669683,0.271318055758283,20260925T013701Z
2026,1,REG,2026_01_NO_DET,00-0036880,DET,NO,0,0,0,0,0,0,0,0.0,0,,0,0,0,0,0,,0.0,0.0,0.0,20260925T013701Z
2026,1,REG,2026_01_BUF_HOU,00-0036883,HOU,BUF,0,0,0,0,0,0,0,0.0,0,,0,0,0,0,0,,0.0,0.0,0.0,20260925T013701Z
2026,1,REG,2026_01_SF_LA,00-0036887,SF,LA,2,2,19,0,0,0,3,16.0,1,1.52484449348412,0,1,0,0,0,6.33333333333333,0.0588235294117647,0.0201342281879195,0.102329253849191,20260925T013701Z
2026,1,REG,2026_01_BUF_HOU,00-0036888,BUF,HOU,0,0,0,0,0,0,0,0.0,0,,0,0,0,0,0,,0.0,0.0,0.0,20260925T013701Z
2026,1,REG,2026_01_ATL_PIT,00-0036894,PIT,ATL,5,5,46,1,0,0,21,25.0,3,3.73616116441553,0,2,1,0,0,2.19047619047619,0.135135135135135,0.0515970515970516,0.238820638820639,20260925T013701Z
2026,1,REG,2026_01_TB_CIN,00-0036900,CIN,TB,2,4,12,0,0,0,34,2.0,1,-2.53715490718605,0,1,1,0,0,0.352941176470588,0.117647058823529,0.150442477876106,0.281780322748568,20260925T013701Z
2026,1,REG,2026_01_MIA_LV,00-0036901,LV,MIA,0,0,0,0,0,0,0,0.0,0,,0,0,0,0,0,,0.0,0.0,0.0,20260925T013701Z
2026,1,REG,2026_01_CHI_CAR,00-0036903,CAR,CHI,0,0,0,0,0,0,0,0.0,0,,0,0,0,0,0,,0.0,0.0,0.0,20260925T013701Z
2026,1,REG,2026_01_DEN_KC,00-0036909,KC,DEN,0,0,0,0,0,0,0,0.0,0,,0,0,0,0,0,,0.0,0.0,0.0,20260925T013701Z
2026,1,REG,2026_01_WAS_PHI,00-0036912,PHI,WAS,3,6,53,0,0,0,79,5.0,1,0.817402785876766,0,3,1,1,0,0.670886075949367,0.272727272727273,0.351111111111111,0.654868686868687,20260925T013701Z
2026,1,REG,2026_01_BUF_HOU,00-0036914,BUF,HOU,0,0,0,0,0,0,0,0.0,0,,0,0,0,0,0,,0.0,0.0,0.0,20260925T013701Z
2026,1,REG,2026_01_NE_SEA,00-0036916,NE,SEA,0,0,0,0,0,0,0,0.0,0,,0,0,0,0,0,,0.0,0.0,0.0,20260925T013701Z
2026,1,REG,2026_01_TB_CIN,00-0036919,TB,CIN,1,1,3,0,0,0,-5,8.0,0,-0.392871659016237,0,0,0,0,0,-0.6,0.037037037037037,-0.034965034965035,0.0310800310800311,20260925T013701Z
2026,1,REG,2026_01_MIA_LV,00-0036922,LV,MIA,0,0,0,0,0,0,0,0.0,0,,0,0,0,0,0,,0.0,0.0,0.0,20260925T013701Z
2026,1,REG,2026_01_NO_DET,00-0036927,NO,DET,0,0,0,0,0,0,0,0.0,0,,0,0,0,0,0,,0.0,0.0,0.0,20260925T013701Z
2026,1,REG,2026_01_ARI_LAC,00-0036933,ARI,LAC,0,0,0,0,0,0,0,0.0,0,,0,0,0,0,0,,0.0,0.0,0.0,20260925T013701Z
2026,1,REG,2026_01_CHI_CAR,00-0036934,CAR,CHI,0,0,0,0,0,0,0,0.0,0,,0,0,0,0,0,,0.0,0.0,0.0,20260925T013701Z
2026,1,REG,2026_01_DAL_NYG,00-0036937,NYG,DAL,0,0,0,0,0,0,0,0.0,0,,0,0,0,0,0,,0.0,0.0,0.0,20260925T013701Z
2026,1,REG,2026_01_WAS_PHI,00-0036940,WAS,PHI,0,0,0,0,0,0,0,0.0,0,,0,0,0,0,0,,0.0,0.0,0.0,20260925T013701Z
2026,1,REG,2026_01_NYJ_TEN,00-0036941,NYJ,TEN,0,0,0,0,0,0,0,0.0,0,,0,0,0,0,0,,0.0,0.0,0.0,20260925T013701Z
2026,1,REG,2026_01_SF_LA,00-0036942,SF,LA,0,0,0,0,0,0,0,0.0,0,,0,0,0,0,0,,0.0,0.0,0.0,20260925T013701Z
2026,1,REG,2026_01_DEN_KC,00-0036943,DEN,KC,0,0,0,0,0,0,0,0.0,0,,0,0,0,0,0,,0.0,0.0,0.0,20260925T013701Z
2026,1,REG,2026_01_CHI_CAR,00-0036944,CAR,CHI,0,0,0,0,0,0,0,0.0,0,,0,0,0,0,0,,0.0,0.0,0.0,20260925T013701Z
2026,1,REG,2026_01_CHI_CAR,00-0036962,CAR,CHI,0,0,0,0,0,0,0,0.0,0,,0,0,0,0,0,,0.0,0.0,0.0,20260925T013701Z
2026,1,REG,2026_01_NO_DET,00-0036963,DET,NO,10,14,67,2,0,0,70,27.0,4,0.810928608058666,0,1,1,0,0,0.957142857142857,0.358974358974359,0.338164251207729,0.775176514306949,20260925T013701Z
2026,1,REG,2026_01_NO_DET,00-0036964,DET,NO,0,0,0,0,0,0,0,0.0,0,,0,0,0,0,0,,0.0,0.0,0.0,20260925T013701Z
2026,1,REG,2026_01_ATL_PIT,00-0036970,ATL,PIT,0,1,0,0,0,0,26,0.0,0,-0.91247421503067,0,0,0,0,0,0.0,0.0526315789473684,0.337662337662338,0.315311004784689,20260925T013701Z
2026,1,REG,2026_01_CLE_JAX,00-0036971,JAX,CLE,0,0,0,0,0,0,0,0.0,0,,0,0,0,0,0,,0.0,0.0,0.0,20260925T013701Z
2026,1,REG,2026_01_NO_DET,00-0036973,NO,DET,7,9,32,0,0,0,-2,35.0,2,-0.994797872218927,0,1,1,0,0,-16.0,0.173076923076923,-0.0041407867494824,0.256716833890747,20260925T013701Z
2026,1,REG,2026_01_CLE_JAX,00-0036974,CLE,JAX,0,0,0,0,0,0,0,0.0,0,,0,0,0,0,0,,0.0,0.0,0.0,20260925T013701Z
2026,1,REG,2026_01_NE_SEA,00-0036979,NE,SEA,0,0,0,0,0,0,0,0.0,0,,0,0,0,0,0,,0.0,0.0,0.0,20260925T013701Z
2026,1,REG,2026_01_NE_SEA,00-0036981,NE,SEA,0,0,0,0,0,0,0,0.0,0,,0,0,0,0,0,,0.0,0.0,0.0,20260925T013701Z
2026,1,REG,2026_01_DAL_NYG,00-0036982,NYG,DAL,0,0,0,0,0,0,0,0.0,0,,0,0,0,0,0,,0.0,0.0,0.0,20260925T013701Z
2026,1,REG,2026_01_CLE_JAX,00-0036985,JAX,CLE,0,0,0,0,0,0,0,0.0,0,,0,0,0,0,0,,0.0,0.0,0.0,20260925T013701Z
2026,1,REG,2026_01_NYJ_TEN,00-0036986,NYJ,TEN,0,0,0,0,0,0,0,0.0,0,,0,0,0,0,0,,0.0,0.0,0.0,20260925T013701Z
2026,1,REG,2026_01_BUF_HOU,00-0036988,BUF,HOU,1,2,34,1,0,0,62,6.0,1,4.11890889785718,0,1,1,1,0,0.548387096774194,0.0714285714285714,0.161879895561358,0.220458784035808,20260925T013701Z
2026,1,REG,2026_01_MIA_LV,00-0036989,LV,MIA,0,0,0,0,0,0,0,0.0,0,,0,0,0,0,0,,0.0,0.0,0.0,20260925T013701Z
2026,1,REG,2026_01_ATL_PIT,00-0036990,ATL,PIT,0,0,0,0,0,0,0,0.0,0,,0,0,0,0,0,,0.0,0.0,0.0,20260925T013701Z
2026,1,REG,2026_01_ARI_LAC,00-0036992,LAC,ARI,0,0,0,0,0,0,0,0.0,0,,0,0,0,0,0,,0.0,0.0,0.0,20260925T013701Z
2026,1,REG,2026_01_NE_SEA,00-0036994,SEA,NE,0,0,0,0,0,0,0,0.0,0,,0,0,0,0,0,,0.0,0.0,0.0,20260925T013701Z
2026,1,REG,2026_01_DAL_NYG,00-0036996,NYG,DAL,0,0,0,0,0,0,0,0.0,0,,0,0,0,0,0,,0.0,0.0,0.0,20260925T013701Z
2026,1,REG,2026_01_DAL_NYG,00-0036997,DAL,NYG,5,5,31,1,0,0,-11,42.0,2,1.63934679445811,0,2,1,0,0,-2.81818181818182,0.166666666666667,-0.0355987055016181,0.225080906148867,20260925T013701Z
2026,1,REG,2026_01_DAL_NYG,00-0036998,NYG,DAL,0,0,0,0,0,0,0,0.0,0,,0,0,0,0,0,,0.0,0.0,0.0,20260925T013701Z
2026,1,REG,2026_01_WAS_PHI,00-0037002,PHI,WAS,0,0,0,0,0,0,0,0.0,0,,0,0,0,0,0,,0.0,0.0,0.0,20260925T013701Z
2026,1,REG,2026_01_NE_SEA,00-0037003,SEA,NE,0,0,0,0,0,0,0,0.0,0,,0,0,0,0,0,,0.0,0.0,0.0,20260925T013701Z
2026,1,REG,2026_01_ARI_LAC,00-0037004,ARI,LAC,0,0,0,0,0,0,0,0.0,0,,0,0,0,0,0,,0.0,0.0,0.0,20260925T013701Z
2026,1,REG,2026_01_CHI_CAR,00-0037005,CAR,CHI,3,5,25,0,0,0,23,9.0,2,0.541267560445704,0,2,0,0,0,1.08695652173913,0.147058823529412,0.0628415300546448,0.264577306332369,20260925T013701Z
2026,1,REG,2026_01_ARI_LAC,00-0037009,LAC,ARI,0,0,0,0,0,0,0,0.0,0,,0,0,0,0,0,,0.0,0.0,0.0,20260925T013701Z
2026,1,REG,2026_01_BUF_HOU,00-0037034,BUF,HOU,0,0,0,0,0,0,0,0.0,0,,0,0,0,0,0,,0.0,0.0,0.0,20260925T013701Z
2026,1,REG,2026_01_WAS_PHI,00-0037073,PHI,WAS,0,0,0,0,0,0,0,0.0,0,,0,0,0,0,0,,0.0,0.0,0.0,20260925T013701Z
2026,1,REG,2026_01_MIA_LV,00-0037074,LV,MIA,0,0,0,0,0,0,0,0.0,0,,0,0,0,0,0,,0.0,0.0,0.0,20260925T013701Z
2026,1,REG,2026_01_GB_MIN,00-0037075,GB,MIN,0,0,0,0,0,0,0,0.0,0,,0,0,0,0,0,,0.0,0.0,0.0,20260925T013701Z
2026,1,REG,2026_01_GB_MIN,00-0037076,GB,MIN,0,0,0,0,0,0,0,0.0,0,,0,0,0,0,0,,0.0,0.0,0.0,20260925T013701Z
2026,1,REG,2026_01_WAS_PHI,00-0037079,PHI,WAS,0,0,0,0,0,0,0,0.0,0,,0,0,0,0,0,,0.0,0.0,0.0,20260925T013701Z
2026,1,REG,2026_01_BUF_HOU,00-0037082,HOU,BUF,0,0,0,0,0,0,0,0.0,0,,0,0,0,0,0,,0.0,0.0,0.0,20260925T013701Z
2026,1,REG,2026_01_NYJ_TEN,00-0037083,NYJ,TEN,0,0,0,0,0,0,0,0.0,0,,0,0,0,0,0,,0.0,0.0,0.0,20260925T013701Z
2026,1,REG,2026_01_GB_MIN,00-0037091,GB,MIN,1,1,10,0,0,0,10,0.0,1,0.996042763523292,0,1,0,0,0,1.0,0.025,0.0213219616204691,0.0524253731343284,20260925T013701Z
2026,1,REG,2026_01_MIA_LV,00-0037093,LV,MIA,0,0,0,0,0,0,0,0.0,0,,0,0,0,0,0,,0.0,0.0,0.0,20260925T013701Z
2026,1,REG,2026_01_GB_MIN,00-0037094,GB,MIN,0,0,0,0,0,0,0,0.0,0,,0,0,0,0,0,,0.0,0.0,0.0,20260925T013701Z
2026,1,REG,2026_01_CHI_CAR,00-0037096,CHI,CAR,0,0,0,0,0,0,0,0.0,0,,0,0,0,0,0,,0.0,0.0,0.0,20260925T013701Z
2026,1,REG,2026_01_CHI_CAR,00-0037129,CHI,CAR,0,0,0,0,0,0,0,0.0,0,,0,0,0,0,0,,0.0,0.0,0.0,20260925T013701Z
2026,1,REG,2026_01_BUF_HOU,00-0037130,HOU,BUF,0,0,0,0,0,0,0,0.0,0,,0,0,0,0,0,,0.0,0.0,0.0,20260925T013701Z
2026,1,REG,2026_01_WAS_PHI,00-0037132,PHI,WAS,0,0,0,0,0,0,0,0.0,0,,0,0,0,0,0,,0.0,0.0,0.0,20260925T013701Z
2026,1,REG,2026_01_NE_SEA,00-0037137,SEA,NE,0,0,0,0,0,0,0,0.0,0,,0,0,0,0,0,,0.0,0.0,0.0,20260925T013701Z
2026,1,REG,2026_01_NYJ_TEN,00-0037155,TEN,NYJ,0,0,0,0,0,0,0,0.0,0,,0,0,0,0,0,,0.0,0.0,0.0,20260925T013701Z
2026,1,REG,2026_01_CHI_CAR,00-0037179,CAR,CHI,0,0,0,0,0,0,0,0.0,0,,0,0,0,0,0,,0.0,0.0,0.0,20260925T013701Z
2026,1,REG,2026_01_BAL_IND,00-0037190,IND,BAL,0,0,0,0,0,0,0,0.0,0,,0,0,0,0,0,,0.0,0.0,0.0,20260925T013701Z
2026,1,REG,2026_01_SF_LA,00-0037191,LA,SF,0,0,0,0,0,0,0,0.0,0,,0,0,0,0,0,,0.0,0.0,0.0,20260925T013701Z
2026,1,REG,2026_01_DEN_KC,00-0037192,KC,DEN,0,0,0,0,0,0,0,0.0,0,,0,0,0,0,0,,0.0,0.0,0.0,20260925T013701Z
2026,1,REG,2026_01_TB_CIN,00-0037193,CIN,TB,0,0,0,0,0,0,0,0.0,0,,0,0,0,0,0,,0.0,0.0,0.0,20260925T013701Z
2026,1,REG,2026_01_SF_LA,00-0037195,LA,SF,0,0,0,0,0,0,0,0.0,0,,0,0,0,0,0,,0.0,0.0,0.0,20260925T013701Z
2026,1,REG,2026_01_CHI_CAR,00-0037196,CAR,CHI,0,0,0,0,0,0,0,0.0,0,,0,0,0,0,0,,0.0,0.0,0.0,20260925T013701Z
2026,1,REG,2026_01_DEN_KC,00-0037208,KC,DEN,0,0,0,0,0,0,0,0.0,0,,0,0,0,0,0,,0.0,0.0,0.0,20260925T013701Z
2026,1,REG,2026_01_ARI_LAC,00-0037224,LAC,ARI,0,0,0,0,0,0,0,0.0,0,,0,0,0,0,0,,0.0,0.0,0.0,20260925T013701Z
2026,1,REG,2026_01_ATL_PIT,00-0037228,PIT,ATL,5,6,27,0,1,1,-6,36.0,1,-4.96711773652351,0,1,1,0,0,-4.5,0.162162162162162,-0.0147420147420147,0.232923832923833,20260925T013701Z
2026,1,REG,2026_01_CLE_JAX,00-0037235,JAX,CLE,0,0,0,0,0,0,0,0.0,0,,0,0,0,0,0,,0.0,0.0,0.0,20260925T013701Z
2026,1,REG,2026_01_NO_DET,00-0037236,DET,NO,0,0,0,0,0,0,0,0.0,0,,0,0,0,0,0,,0.0,0.0,0.0,20260925T013701Z
2026,1,REG,2026_01_BUF_HOU,00-0037237,HOU,BUF,0,0,0,0,0,0,0,0.0,0,,0,0,0,0,0,,0.0,0.0,0.0,20260925T013701Z
2026,1,REG,2026_01_ATL_PIT,00-0037238,ATL,PIT,2,4,29,0,0,0,22,7.0,1,0.719250586444868,0,1,1,1,0,1.31818181818182,0.210526315789474,0.285714285714286,0.51578947368421,20260925T013701Z
2026,1,REG,2026_01_NO_DET,00-0037239,NO,DET,10,13,182,0,0,0,234,33.0,7,13.709707931499,0,6,4,4,2,0.777777777777778,0.25,0.484472049689441,0.714130434782609,20260925T013701Z
2026,1,REG,2026_01_NO_DET,00-0037240,DET,NO,4,9,45,0,0,0,127,2.0,2,0.444626706943382,0,2,1,1,0,0.354330708661417,0.230769230769231,0.613526570048309,0.775622445187663,20260925T013701Z
2026,1,REG,2026_01_CHI_CAR,00-0037244,CAR,CHI,0,0,0,0,0,0,0,0.0,0,,0,0,0,0,0,,0.0,0.0,0.0,20260925T013701Z
2026,1,REG,2026_01_BUF_HOU,00-0037246,HOU,BUF,0,0,0,0,0,0,0,0.0,0,,0,0,0,0,0,,0.0,0.0,0.0,20260925T013701Z
2026,1,REG,2026_01_DAL_NYG,00-0037247,DAL,NYG,3,6,28,0,0,0,104,5.0,2,0.618737541371957,0,1,0,0,0,0.269230769230769,0.2,0.336569579288026,0.535598705501618,20260925T013701Z
2026,1,REG,2026_01_BUF_HOU,00-0037248,BUF,HOU,3,4,12,0,0,0,-4,14.0,2,-0.378373864921741,0,0,0,0,0,-3.0,0.142857142857143,-0.010443864229765,0.206975009324879,20260925T013701Z
2026,1,REG,2026_01_DEN_KC,00-0037249,DEN,KC,0,0,0,0,0,0,0,0.0,0,,0,0,0,0,0,,0.0,0.0,0.0,20260925T013701Z
2026,1,REG,2026_01_NO_DET,00-0037250,NO,DET,0,0,0,0,0,0,0,0.0,0,,0,0,0,0,0,,0.0,0.0,0.0,20260925T013701Z
2026,1,REG,2026_01_MIA_LV,00-0037252,MIA,LV,2,2,18,0,0,0,1,17.0,1,1.6406516446732,0,1,0,0,0,18.0,0.0740740740740741,0.00323624595469256,0.113376483279396,20260925T013701Z
2026,1,REG,2026_01_NE_SEA,00-0037253,NE,SEA,0,0,0,0,0,0,0,0.0,0,,0,0,0,0,0,,0.0,0.0,0.0,20260925T013701Z
2026,1,REG,2026_01_BUF_HOU,00-0037254,BUF,HOU,0,0,0,0,0,0,0,0.0,0,,0,0,0,0,0,,0.0,0.0,0.0,20260925T013701Z
2026,1,REG,2026_01_WAS_PHI,00-0037256,WAS,PHI,2,2,5,0,0,0,-10,15.0,0,-1.67799055227079,0,0,0,0,0,-0.5,0.0689655172413793,-0.0315457413249211,0.0813662569346242,20260925T013701Z
2026,1,REG,2026_01_BUF_HOU,00-0037261,BUF,HOU,4,6,50,0,0,0,39,25.0,2,0.549217689313984,0,3,2,0,0,1.28205128205128,0.214285714285714,0.101827676240209,0.392707944796718,20260925T013701Z
2026,1,REG,2026_01_MIA_LV,00-0037262,LV,MIA,0,0,0,0,0,0,0,0.0,0,,0,0,0,0,0,,0.0,0.0,0.0,20260925T013701Z
2026,1,REG,2026_01_ARI_LAC,00-0037263,ARI,LAC,2,2,9,0,0,0,-5,14.0,0,-0.168503512977622,0,0,0,0,0,-1.8,0.0540540540540541,-0.0176678445229682,0.0687135899150033,20260925T013701Z
2026,1,REG,2026_01_TB_CIN,00-0037268,TB,CIN,0,0,0,0,0,0,0,0.0,0,,0,0,0,0,0,,0.0,0.0,0.0,20260925T013701Z
2026,1,REG,2026_01_DAL_NYG,00-0037270,DAL,NYG,0,0,0,0,0,0,0,0.0,0,,0,0,0,0,0,,0.0,0.0,0.0,20260925T013701Z
2026,1,REG,2026_01_CHI_CAR,00-0037271,CHI,CAR,0,0,0,0,0,0,0,0.0,0,,0,0,0,0,0,,0.0,0.0,0.0,20260925T013701Z
2026,1,REG,2026_01_DAL_NYG,00-0037275,DAL,NYG,0,0,0,0,0,0,0,0.0,0,,0,0,0,0,0,,0.0,0.0,0.0,20260925T013701Z
2026,1,REG,2026_01_DEN_KC,00-0037284,KC,DEN,0,0,0,0,0,0,0,0.0,0,,0,0,0,0,0,,0.0,0.0,0.0,20260925T013701Z
2026,1,REG,2026_01_BUF_HOU,00-0037288,BUF,HOU,0,0,0,0,0,0,0,0.0,0,,0,0,0,0,0,,0.0,0.0,0.0,20260925T013701Z
2026,1,REG,2026_01_NO_DET,00-0037289,DET,NO,0,0,0,0,0,0,0,0.0,0,,0,0,0,0,0,,0.0,0.0,0.0,20260925T013701Z
2026,1,REG,2026_01_MIA_LV,00-0037291,LV,MIA,3,5,27,0,0,0,64,9.0,3,-1.64430593431462,0,1,0,0,0,0.421875,0.172413793103448,0.283185840707965,0.456850778150748,20260925T013701Z
2026,1,REG,2026_01_BAL_IND,00-0037292,IND,BAL,0,1,0,0,0,0,3,0.0,0,-0.608843558933586,0,0,0,0,0,0.0,0.0344827586206897,0.0149253731343284,0.0621718991250643,20260925T013701Z
2026,1,REG,2026_01_GB_MIN,00-0037301,MIN,GB,0,0,0,0,0,0,0,0.0,0,,0,0,0,0,0,,0.0,0.0,0.0,20260925T013701Z
2026,1,REG,2026_01_MIA_LV,00-0037304,LV,MIA,0,0,0,0,0,0,0,0.0,0,,0,0,0,0,0,,0.0,0.0,0.0,20260925T013701Z
2026,1,REG,2026_01_DAL_NYG,00-0037310,DAL,NYG,0,0,0,0,0,0,0,0.0,0,,0,0,0,0,0,,0.0,0.0,0.0,20260925T013701Z
2026,1,REG,2026_01_CLE_JAX,00-0037313,JAX,CLE,0,0,0,0,0,0,0,0.0,0,,0,0,0,0,0,,0.0,0.0,0.0,20260925T013701Z
2026,1,REG,2026_01_ATL_PIT,00-0037317,ATL,PIT,0,0,0,0,0,0,0,0.0,0,,0,0,0,0,0,,0.0,0.0,0.0,20260925T013701Z
2026,1,REG,2026_01_NE_SEA,00-0037323,SEA,NE,0,0,0,0,0,0,0,0.0,0,,0,0,0,0,0,,0.0,0.0,0.0,20260925T013701Z
2026,1,REG,2026_01_CHI_CAR,00-0037380,CHI,CAR,0,0,0,0,0,0,0,0.0,0,,0,0,0,0,0,,0.0,0.0,0.0,20260925T013701Z
2026,1,REG,2026_01_DEN_KC,00-0037384,DEN,KC,0,0,0,0,0,0,0,0.0,0,,0,0,0,0,0,,0.0,0.0,0.0,20260925T013701Z
2026,1,REG,2026_01_BUF_HOU,00-0037428,BUF,HOU,0,0,0,0,0,0,0,0.0,0,,0,0,0,0,0,,0.0,0.0,0.0,20260925T013701Z
2026,1,REG,2026_01_BUF_HOU,00-0037457,HOU,BUF,0,0,0,0,0,0,0,0.0,0,,0,0,0,0,0,,0.0,0.0,0.0,20260925T013701Z
2026,1,REG,2026_01_ATL_PIT,00-0037480,PIT,ATL,0,0,0,0,0,0,0,0.0,0,,0,0,0,0,0,,0.0,0.0,0.0,20260925T013701Z
2026,1,REG,2026_01_NO_DET,00-0037500,NO,DET,0,0,0,0,0,0,0,0.0,0,,0,0,0,0,0,,0.0,0.0,0.0,20260925T013701Z
2026,1,REG,2026_01_MIA_LV,00-0037512,LV,MIA,0,0,0,0,0,0,0,0.0,0,,0,0,0,0,0,,0.0,0.0,0.0,20260925T013701Z
2026,1,REG,2026_01_NO_DET,00-0037524,DET,NO,0,0,0,0,0,0,0,0.0,0,,0,0,0,0,0,,0.0,0.0,0.0,20260925T013701Z
2026,1,REG,2026_01_GB_MIN,00-0037525,MIN,GB,0,0,0,0,0,0,0,0.0,0,,0,0,0,0,0,,0.0,0.0,0.0,20260925T013701Z
2026,1,REG,2026_01_NYJ_TEN,00-0037526,NYJ,TEN,0,0,0,0,0,0,0,0.0,0,,0,0,0,0,0,,0.0,0.0,0.0,20260925T013701Z
2026,1,REG,2026_01_MIA_LV,00-0037527,LV,MIA,0,0,0,0,0,0,0,0.0,0,,0,0,0,0,0,,0.0,0.0,0.0,20260925T013701Z
2026,1,REG,2026_01_NE_SEA,00-0037545,SEA,NE,1,3,4,0,0,0,19,2.0,0,-2.89760249434039,0,0,0,0,0,0.210526315789474,0.125,0.123376623376623,0.273863636363636,20260925T013701Z
2026,1,REG,2026_01_GB_MIN,00-0037547,GB,MIN,0,0,0,0,0,0,0,0.0,0,,0,0,0,0,0,,0.0,0.0,0.0,20260925T013701Z
2026,1,REG,2026_01_SF_LA,00-0037557,LA,SF,1,1,5,0,0,0,2,3.0,1,0.436692280520219,0,0,0,0,0,2.5,0.037037037037037,0.00784313725490196,0.0610457516339869,20260925T013701Z
2026,1,REG,2026_01_DAL_NYG,00-0037561,DAL,NYG,0,0,0,0,0,0,0,0.0,0,,0,0,0,0,0,,0.0,0.0,0.0,20260925T013701Z
2026,1,REG,2026_01_SF_LA,00-0037587,LA,SF,0,0,0,0,0,0,0,0.0,0,,0,0,0,0,0,,0.0,0.0,0.0,20260925T013701Z
2026,1,REG,2026_01_ARI_LAC,00-0037596,ARI,LAC,0,0,0,0,0,0,0,0.0,0,,0,0,0,0,0,,0.0,0.0,0.0,20260925T013701Z
2026,1,REG,2026_01_DAL_NYG,00-0037611,NYG,DAL,0,0,0,0,0,0,0,0.0,0,,0,0,0,0,0,,0.0,0.0,0.0,20260925T013701Z
2026,1,REG,2026_01_MIA_LV,00-0037615,LV,MIA,0,0,0,0,0,0,0,0.0,0,,0,0,0,0,0,,0.0,0.0,0.0,20260925T013701Z
2026,1,REG,2026_01_WAS_PHI,00-0037616,WAS,PHI,0,0,0,0,0,0,0,0.0,0,,0,0,0,0,0,,0.0,0.0,0.0,20260925T013701Z
2026,1,REG,2026_01_NYJ_TEN,00-0037663,TEN,NYJ,0,0,0,0,0,0,0,0.0,0,,0,0,0,0,0,,0.0,0.0,0.0,20260925T013701Z
2026,1,REG,2026_01_BAL_IND,00-0037664,IND,BAL,4,6,61,0,0,0,103,9.0,4,1.89531610906124,0,4,1,1,0,0.592233009708738,0.206896551724138,0.512437810945274,0.669051295247899,20260925T013701Z
2026,1,REG,2026_01_CLE_JAX,00-0037665,CLE,JAX,0,0,0,0,0,0,0,0.0,0,,0,0,0,0,0,,0.0,0.0,0.0,20260925T013701Z
2026,1,REG,2026_01_MIA_LV,00-0037686,MIA,LV,0,0,0,0,0,0,0,0.0,0,,0,0,0,0,0,,0.0,0.0,0.0,20260925T013701Z
2026,1,REG,2026_01_DAL_NYG,00-0037692,DAL,NYG,0,0,0,0,0,0,0,0.0,0,,0,0,0,0,0,,0.0,0.0,0.0,20260925T013701Z
2026,1,REG,2026_01_NYJ_TEN,00-0037740,NYJ,TEN,6,7,79,0,0,0,77,18.0,3,5.48922100456324,0,2,2,2,0,1.02597402597403,0.304347826086957,0.458333333333333,0.777355072463768,20260925T013701Z
2026,1,REG,2026_01_ATL_PIT,00-0037741,ATL,PIT,1,3,19,0,0,0,52,1.0,1,-4.57413271139376,0,1,1,0,0,0.365384615384615,0.157894736842105,0.675324675324675,0.709569377990431,20260925T013701Z
2026,1,REG,2026_01_TB_CIN,00-0037743,CIN,TB,0,0,0,0,0,0,0,0.0,0,,0,0,0,0,0,,0.0,0.0,0.0,20260925T013701Z
2026,1,REG,2026_01_ARI_LAC,00-0037744,ARI,LAC,9,13,95,1,0,0,89,36.0,6,3.75088593887328,0,4,2,1,0,1.06741573033708,0.351351351351351,0.314487632508834,0.747168369783211,20260925T013701Z
2026,1,REG,2026_01_ATL_PIT,00-0037746,ATL,PIT,0,0,0,0,0,0,0,0.0,0,,0,0,0,0,0,,0.0,0.0,0.0,20260925T013701Z
2026,1,REG,2026_01_DEN_KC,00-0037752,DEN,KC,0,0,0,0,0,0,0,0.0,0,,0,0,0,0,0,,0.0,0.0,0.0,20260925T013701Z
2026,1,REG,2026_01_BAL_IND,00-0037756,BAL,IND,0,0,0,0,0,0,0,0.0,0,,0,0,0,0,0,,0.0,0.0,0.0,20260925T013701Z
2026,1,REG,2026_01_NYJ_TEN,00-0037758,TEN,NYJ,0,0,0,0,0,0,0,0.0,0,,0,0,0,0,0,,0.0,0.0,0.0,20260925T013701Z
2026,1,REG,2026_01_DEN_KC,00-0037799,DEN,KC,0,0,0,0,0,0,0,0.0,0,,0,0,0,0,0,,0.0,0.0,0.0,20260925T013701Z
2026,1,REG,2026_01_DAL_NYG,00-0037801,DAL,NYG,1,1,8,0,0,0,1,7.0,1,0.933485899469815,0,0,0,0,0,8.0,0.0333333333333333,0.00323624595469256,0.0522653721682848,20260925T013701Z
2026,1,REG,2026_01_NYJ_TEN,00-0037805,NYJ,TEN,1,1,4,0,0,0,1,3.0,0,-0.26420405972749,0,0,0,0,0,4.0,0.0434782608695652,0.00595238095238095,0.0693840579710145,20260925T013701Z
2026,1,REG,2026_01_WAS_PHI,00-0037809,WAS,PHI,2,3,16,0,0,0,39,2.0,1,0.928091929177754,0,1,0,0,0,0.41025641025641,0.103448275862069,0.123028391167192,0.241292287610138,20260925T013701Z
2026,1,REG,2026_01_NE_SEA,00-0037812,SEA,NE,0,0,0,0,0,0,0,0.0,0,,0,0,0,0,0,,0.0,0.0,0.0,20260925T013701Z
2026,1,REG,2026_01_ATL_PIT,00-0037815,ATL,PIT,0,0,0,0,0,0,0,0.0,0,,0,0,0,0,0,,0.0,0.0,0.0,20260925T013701Z
2026,1,REG,2026_01_NE_SEA,00-0037816,NE,SEA,0,3,0,0,0,0,75,0.0,0,-5.96985967375804,0,0,0,0,0,0.0,0.0967741935483871,0.339366515837104,0.382717851408553,20260925T013701Z
2026,1,REG,2026_01_GB_MIN,00-0037817,GB,MIN,0,0,0,0,0,0,0,0.0,0,,0,0,0,0,0,,0.0,0.0,0.0,20260925T013701Z
2026,1,REG,2026_01_CLE_JAX,00-0037818,CLE,JAX,0,0,0,0,0,0,0,0.0,0,,0,0,0,0,0,,0.0,0.0,0.0,20260925T013701Z
2026,1,REG,2026_01_WAS_PHI,00-0037819,WAS,PHI,0,0,0,0,0,0,0,0.0,0,,0,0,0,0,0,,0.0,0.0,0.0,20260925T013701Z
2026,1,REG,2026_01_SF_LA,00-0037834,SF,LA,0,0,0,0,0,0,0,0.0,0,,0,0,0,0,0,,0.0,0.0,0.0,20260925T013701Z
2026,1,REG,2026_01_DAL_NYG,00-0037838,NYG,DAL,8,8,78,2,1,0,64,14.0,6,11.0291232934978,0,4,1,0,0,1.21875,0.275862068965517,0.261224489795918,0.596650246305419,20260925T013701Z
2026,1,REG,2026_01_DAL_NYG,00-0037839,DAL,NYG,0,0,0,0,0,0,0,0.0,0,,0,0,0,0,0,,0.0,0.0,0.0,20260925T013701Z
2026,1,REG,2026_01_SF_LA,00-0037840,LA,SF,3,3,24,0,0,0,7,17.0,1,0.414404189679772,0,1,1,0,0,3.42857142857143,0.111111111111111,0.0274509803921569,0.185882352941176,20260925T013701Z
2026,1,REG,2026_01_SF_LA,00-0037841,LA,SF,0,0,0,0,0,0,0,0.0,0,,0,0,0,0,0,,0.0,0.0,0.0,20260925T013701Z
2026,1,REG,2026_01_CHI_CAR,00-0037843,CHI,CAR,0,0,0,0,0,0,0,0.0,0,,0,0,0,0,0,,0.0,0.0,0.0,20260925T013701Z
2026,1,REG,2026_01_BAL_IND,00-0038038,BAL,IND,0,0,0,0,0,0,0,0.0,0,,0,0,0,0,0,,0.0,0.0,0.0,20260925T013701Z
2026,1,REG,2026_01_SF_LA,00-0038039,SF,LA,0,0,0,0,0,0,0,0.0,0,,0,0,0,0,0,,0.0,0.0,0.0,20260925T013701Z
2026,1,REG,2026_01_DAL_NYG,00-0038041,DAL,NYG,2,2,6,0,0,0,6,0.0,0,-0.210477623593761,0,0,0,0,0,1.0,0.0666666666666667,0.0194174757281553,0.113592233009709,20260925T013701Z
2026,1,REG,2026_01_ARI_LAC,00-0038046,LAC,ARI,0,0,0,0,0,0,0,0.0,0,,0,0,0,0,0,,0.0,0.0,0.0,20260925T013701Z
2026,1,REG,2026_01_GB_MIN,00-0038090,GB,MIN,0,1,0,0,0,0,12,0.0,0,-3.66071927163284,0,0,0,0,0,0.0,0.025,0.0255863539445629,0.055410447761194,20260925T013701Z
2026,1,REG,2026_01_DAL_NYG,00-0038094,NYG,DAL,0,0,0,0,0,0,0,0.0,0,,0,0,0,0,0,,0.0,0.0,0.0,20260925T013701Z
2026,1,REG,2026_01_CHI_CAR,00-0038102,CAR,CHI,0,0,0,0,0,0,0,0.0,0,,0,0,0,0,0,,0.0,0.0,0.0,20260925T013701Z
2026,1,REG,2026_01_DEN_KC,00-0038104,KC,DEN,0,1,0,0,0,0,36,0.0,0,-0.561907757772133,0,0,0,0,0,0.0,0.04,0.270676691729323,0.249473684210526,20260925T013701Z
2026,1,REG,2026_01_DEN_KC,00-0038106,DEN,KC,0,0,0,0,0,0,0,0.0,0,,0,0,0,0,0,,0.0,0.0,0.0,20260925T013701Z
2026,1,REG,2026_01_WAS_PHI,00-0038112,PHI,WAS,0,0,0,0,0,0,0,0.0,0,,0,0,0,0,0,,0.0,0.0,0.0,20260925T013701Z
2026,1,REG,2026_01_NYJ_TEN,00-0038115,TEN,NYJ,1,1,7,0,0,0,1,6.0,0,-0.36864963174626,0,0,0,0,0,7.0,0.0357142857142857,0.00526315789473684,0.0572556390977444,20260925T013701Z
2026,1,REG,2026_01_WAS_PHI,00-0038116,PHI,WAS,0,0,0,0,0,0,0,0.0,0,,0,0,0,0,0,,0.0,0.0,0.0,20260925T013701Z
2026,1,REG,2026_01_NYJ_TEN,00-0038117,TEN,NYJ,5,6,38,0,0,0,23,13.0,3,2.96551320876461,0,1,0,0,0,1.65217391304348,0.214285714285714,0.121052631578947,0.406165413533835,20260925T013701Z
2026,1,REG,2026_01_NYJ_TEN,00-0038120,NYJ,TEN,2,2,16,0,0,0,3,13.0,0,1.24271293135826,0,0,0,0,0,5.33333333333333,0.0869565217391304,0.0178571428571429,0.142934782608696,20260925T013701Z
2026,1,REG,2026_01_NYJ_TEN,00-0038121,TEN,NYJ,0,0,0,0,0,0,0,0.0,0,,0,0,0,0,0,,0.0,0.0,0.0,20260925T013701Z
2026,1,REG,2026_01_NYJ_TEN,00-0038123,NYJ,TEN,0,0,0,0,0,0,0,0.0,0,,0,0,0,0,0,,0.0,0.0,0.0,20260925T013701Z
2026,1,REG,2026_01_GB_MIN,00-0038124,GB,MIN,6,8,147,2,0,0,127,72.0,5,6.88224781749887,0,4,3,2,1,1.15748031496063,0.2,0.270788912579957,0.48955223880597,20260925T013701Z
2026,1,REG,2026_01_NO_DET,00-0038125,DET,NO,0,0,0,0,0,0,0,0.0,0,,0,0,0,0,0,,0.0,0.0,0.0,20260925T013701Z
2026,1,REG,2026_01_MIA_LV,00-0038128,MIA,LV,0,0,0,0,0,0,0,0.0,0,,0,0,0,0,0,,0.0,0.0,0.0,20260925T013701Z
2026,1,REG,2026_01_TB_CIN,00-0038129,TB,CIN,3,5,26,0,0,0,32,27.0,3,-0.089039068960119,0,2,0,0,0,0.8125,0.185185185185185,0.223776223776224,0.434421134421134,20260925T013701Z
2026,1,REG,2026_01_TB_CIN,00-0038133,CIN,TB,0,0,0,0,0,0,0,0.0,0,,0,0,0,0,0,,0.0,0.0,0.0,20260925T013701Z
2026,1,REG,2026_01_DEN_KC,00-0038134,KC,DEN,3,6,18,1,0,0,-2,18.0,2,0.642277418170124,0,1,0,0,0,-9.0,0.24,-0.0150375939849624,0.349473684210526,20260925T013701Z
2026,1,REG,2026_01_ATL_PIT,00-0038135,PIT,ATL,0,0,0,0,0,0,0,0.0,0,,0,0,0,0,0,,0.0,0.0,0.0,20260925T013701Z
2026,1,REG,2026_01_SF_LA,00-0038359,LA,SF,0,0,0,0,0,0,0,0.0,0,,0,0,0,0,0,,0.0,0.0,0.0,20260925T013701Z
2026,1,REG,2026_01_MIA_LV,00-0038360,LV,MIA,0,0,0,0,0,0,0,0.0,0,,0,0,0,0,0,,0.0,0.0,0.0,20260925T013701Z
2026,1,REG,2026_01_WAS_PHI,00-0038386,PHI,WAS,0,0,0,0,0,0,0,0.0,0,,0,0,0,0,0,,0.0,0.0,0.0,20260925T013701Z
2026,1,REG,2026_01_NO_DET,00-0038387,NO,DET,0,0,0,0,0,0,0,0.0,0,,0,0,0,0,0,,0.0,0.0,0.0,20260925T013701Z
2026,1,REG,2026_01_WAS_PHI,00-0038393,PHI,WAS,2,4,73,1,0,0,79,21.0,2,3.75947187870042,0,1,1,1,1,0.924050632911392,0.181818181818182,0.351111111111111,0.518505050505051,20260925T013701Z
2026,1,REG,2026_01_GB_MIN,00-0038398,GB,MIN,0,0,0,0,0,0,0,0.0,0,,0,0,0,0,0,,0.0,0.0,0.0,20260925T013701Z
2026,1,REG,2026_01_DAL_NYG,00-0038399,NYG,DAL,0,0,0,0,0,0,0,0.0,0,,0,0,0,0,0,,0.0,0.0,0.0,20260925T013701Z
2026,1,REG,2026_01_WAS_PHI,00-0038412,PHI,WAS,0,0,0,0,0,0,0,0.0,0,,0,0,0,0,0,,0.0,0.0,0.0,20260925T013701Z
2026,1,REG,2026_01_CLE_JAX,00-0038428,CLE,JAX,0,0,0,0,0,0,0,0.0,0,,0,0,0,0,0,,0.0,0.0,0.0,20260925T013701Z
2026,1,REG,2026_01_ARI_LAC,00-0038454,LAC,ARI,0,0,0,0,0,0,0,0.0,0,,0,0,0,0,0,,0.0,0.0,0.0,20260925T013701Z
2026,1,REG,2026_01_GB_MIN,00-0038463,GB,MIN,0,0,0,0,0,0,0,0.0,0,,0,0,0,0,0,,0.0,0.0,0.0,20260925T013701Z
2026,1,REG,2026_01_NE_SEA,00-0038488,SEA,NE,2,2,20,0,0,0,6,14.0,1,1.07975835981779,0,1,0,0,0,3.33333333333333,0.0833333333333333,0.038961038961039,0.152272727272727,20260925T013701Z
2026,1,REG,2026_01_DEN_KC,00-0038489,KC,DEN,0,0,0,0,0,0,0,0.0,0,,0,0,0,0,0,,0.0,0.0,0.0,20260925T013701Z
2026,1,REG,2026_01_CHI_CAR,00-0038493,CAR,CHI,0,0,0,0,0,0,0,0.0,0,,0,0,0,0,0,,0.0,0.0,0.0,20260925T013701Z
2026,1,REG,2026_01_BAL_IND,00-0038504,BAL,IND,0,0,0,0,0,0,0,0.0,0,,0,0,0,0,0,,0.0,0.0,0.0,20260925T013701Z
2026,1,REG,2026_01_BAL_IND,00-0038505,BAL,IND,0,0,0,0,0,0,0,0.0,0,,0,0,0,0,0,,0.0,0.0,0.0,20260925T013701Z
2026,1,REG,2026_01_DEN_KC,00-0038519,KC,DEN,0,0,0,0,0,0,0,0.0,0,,0,0,0,0,0,,0.0,0.0,0.0,20260925T013701Z
2026,1,REG,2026_01_ARI_LAC,00-0038540,ARI,LAC,0,0,0,0,0,0,0,0.0,0,,0,0,0,0,0,,0.0,0.0,0.0,20260925T013701Z
2026,1,REG,2026_01_NO_DET,00-0038541,NO,DET,0,0,0,0,0,0,0,0.0,0,,0,0,0,0,0,,0.0,0.0,0.0,20260925T013701Z
2026,1,REG,2026_01_ATL_PIT,00-0038542,ATL,PIT,8,10,90,1,1,0,-30,110.0,2,-2.13789269155889,0,3,2,2,0,-3.0,0.526315789473684,-0.38961038961039,0.516746411483254,20260925T013701Z
2026,1,REG,2026_01_NE_SEA,00-0038543,SEA,NE,8,11,122,1,0,0,76,62.0,5,7.67704542934139,0,5,2,2,1,1.60526315789474,0.458333333333333,0.493506493506494,1.03295454545455,20260925T013701Z
2026,1,REG,2026_01_ARI_LAC,00-0038544,LAC,ARI,2,6,17,0,0,0,39,5.0,0,-1.09559556399472,0,0,0,0,0,0.435897435897436,0.222222222222222,0.142857142857143,0.433333333333333,20260925T013701Z
2026,1,REG,2026_01_TB_CIN,00-0038546,CIN,TB,0,0,0,0,0,0,0,0.0,0,,0,0,0,0,0,,0.0,0.0,0.0,20260925T013701Z
2026,1,REG,2026_01_DAL_NYG,00-0038547,DAL,NYG,1,1,12,0,0,0,12,0.0,0,0.869711147621274,0,1,0,0,0,1.0,0.0333333333333333,0.0388349514563107,0.0771844660194175,20260925T013701Z
2026,1,REG,2026_01_BUF_HOU,00-0038548,BUF,HOU,0,0,0,0,0,0,0,0.0,0,,0,0,0,0,0,,0.0,0.0,0.0,20260925T013701Z
2026,1,REG,2026_01_TB_CIN,00-0038549,CIN,TB,0,0,0,0,0,0,0,0.0,0,,0,0,0,0,0,,0.0,0.0,0.0,20260925T013701Z
2026,1,REG,2026_01_NO_DET,00-0038551,NO,DET,0,0,0,0,0,0,0,0.0,0,,0,0,0,0,0,,0.0,0.0,0.0,20260925T013701Z
2026,1,REG,2026_01_DEN_KC,00-0038552,DEN,KC,0,0,0,0,0,0,0,0.0,0,,0,0,0,0,0,,0.0,0.0,0.0,20260925T013701Z
2026,1,REG,2026_01_ARI_LAC,00-0038553,LAC,ARI,0,0,0,0,0,0,0,0.0,0,,0,0,0,0,0,,0.0,0.0,0.0,20260925T013701Z
2026,1,REG,2026_01_SF_LA,00-0038554,SF,LA,0,0,0,0,0,0,0,0.0,0,,0,0,0,0,0,,0.0,0.0,0.0,20260925T013701Z
2026,1,REG,2026_01_WAS_PHI,00-0038555,PHI,WAS,0,0,0,0,0,0,0,0.0,0,,0,0,0,0,0,,0.0,0.0,0.0,20260925T013701Z
2026,1,REG,2026_01_DAL_NYG,00-0038556,DAL,NYG,0,0,0,0,0,0,0,0.0,0,,0,0,0,0,0,,0.0,0.0,0.0,20260925T013701Z
2026,1,REG,2026_01_BUF_HOU,00-0038557,BUF,HOU,0,0,0,0,0,0,0,0.0,0,,0,0,0,0,0,,0.0,0.0,0.0,20260925T013701Z
2026,1,REG,2026_01_ATL_PIT,00-0038558,PIT,ATL,2,2,18,0,0,0,6,12.0,1,0.635578643181361,0,1,0,0,0,3.0,0.0540540540540541,0.0147420147420147,0.0914004914004914,20260925T013701Z
2026,1,REG,2026_01_ARI_LAC,00-0038559,ARI,LAC,5,7,56,0,0,0,83,3.0,3,1.92698321241642,0,3,1,0,0,0.674698795180723,0.189189189189189,0.293286219081272,0.489084137140674,20260925T013701Z
2026,1,REG,2026_01_TB_CIN,00-0038560,CIN,TB,0,0,0,0,0,0,0,0.0,0,,0,0,0,0,0,,0.0,0.0,0.0,20260925T013701Z
2026,1,REG,2026_01_MIA_LV,00-0038563,LV,MIA,2,4,27,0,0,0,50,1.0,1,3.7979774218984,0,1,1,1,0,0.54,0.137931034482759,0.221238938053097,0.361763808361306,20260925T013701Z
2026,1,REG,2026_01_ARI_LAC,00-0038567,ARI,LAC,0,0,0,0,0,0,0,0.0,0,,0,0,0,0,0,,0.0,0.0,0.0,20260925T013701Z
2026,1,REG,2026_01_CLE_JAX,00-0038570,JAX,CLE,0,0,0,0,0,0,0,0.0,0,,0,0,0,0,0,,0.0,0.0,0.0,20260925T013701Z
2026,1,REG,2026_01_ARI_LAC,00-0038573,LAC,ARI,0,1,0,0,0,0,55,0.0,0,-2.34865460090805,0,0,0,0,0,0.0,0.037037037037037,0.201465201465201,0.196581196581197,20260925T013701Z
2026,1,REG,2026_01_CLE_JAX,00-0038574,CLE,JAX,0,0,0,0,0,0,0,0.0,0,,0,0,0,0,0,,0.0,0.0,0.0,20260925T013701Z
2026,1,REG,2026_01_ATL_PIT,00-0038577,PIT,ATL,0,0,0,0,0,0,0,0.0,0,,0,0,0,0,0,,0.0,0.0,0.0,20260925T013701Z
2026,1,REG,2026_01_NO_DET,00-0038588,NO,DET,0,0,0,0,0,0,0,0.0,0,,0,0,0,0,0,,0.0,0.0,0.0,20260925T013701Z
2026,1,REG,2026_01_CLE_JAX,00-0038596,JAX,CLE,0,0,0,0,0,0,0,0.0,0,,0,0,0,0,0,,0.0,0.0,0.0,20260925T013701Z
2026,1,REG,2026_01_TB_CIN,00-0038597,CIN,TB,5,6,22,0,0,0,-12,32.0,0,-1.13899782887893,0,0,0,0,0,-1.83333333333333,0.176470588235294,-0.0530973451327434,0.227537740760021,20260925T013701Z
2026,1,REG,2026_01_BUF_HOU,00-0038599,HOU,BUF,0,0,0,0,0,0,0,0.0,0,,0,0,0,0,0,,0.0,0.0,0.0,20260925T013701Z
2026,1,REG,2026_01_MIA_LV,00-0038603,MIA,LV,0,0,0,0,0,0,0,0.0,0,,0,0,0,0,0,,0.0,0.0,0.0,20260925T013701Z
2026,1,REG,2026_01_DEN_KC,00-0038605,DEN,KC,0,0,0,0,0,0,0,0.0,0,,0,0,0,0,0,,0.0,0.0,0.0,20260925T013701Z
2026,1,REG,2026_01_CLE_JAX,00-0038606,JAX,CLE,5,6,83,1,0,0,102,4.0,4,8.76231167913647,0,4,2,2,0,0.813725490196078,0.285714285714286,0.421487603305785,0.723612750885478,20260925T013701Z
2026,1,REG,2026_01_BUF_HOU,00-0038608,HOU,BUF,1,2,21,0,0,0,32,7.0,1,0.423681794316508,0,1,1,1,0,0.65625,0.0540540540540541,0.0993788819875776,0.150646298472385,20260925T013701Z
2026,1,REG,2026_01_CLE_JAX,00-0038611,JAX,CLE,0,0,0,0,0,0,0,0.0,0,,0,0,0,0,0,,0.0,0.0,0.0,20260925T013701Z
2026,1,REG,2026_01_BUF_HOU,00-0038618,HOU,BUF,3,6,32,0,0,0,57,21.0,1,0.908643428585492,0,1,1,1,0,0.56140350877193,0.162162162162162,0.177018633540373,0.367156286721504,20260925T013701Z
2026,1,REG,2026_01_TB_CIN,00-0038619,CIN,TB,2,3,12,0,0,0,15,1.0,1,-8.35895217907387,0,1,0,0,0,0.8,0.0882352941176471,0.0663716814159292,0.178813118167621,20260925T013701Z
2026,1,REG,2026_01_NE_SEA,00-0038621,NE,SEA,5,7,20,0,0,0,44,21.0,2,0.511228462681174,0,0,0,0,0,0.454545454545455,0.225806451612903,0.199095022624434,0.478076193256459,20260925T013701Z
2026,1,REG,2026_01_ARI_LAC,00-0038623,ARI,LAC,0,0,0,0,0,0,0,0.0,0,,0,0,0,0,0,,0.0,0.0,0.0,20260925T013701Z
2026,1,REG,2026_01_DAL_NYG,00-0038625,DAL,NYG,0,0,0,0,0,0,0,0.0,0,,0,0,0,0,0,,0.0,0.0,0.0,20260925T013701Z
2026,1,REG,2026_01_ATL_PIT,00-0038628,ATL,PIT,0,0,0,0,0,0,0,0.0,0,,0,0,0,0,0,,0.0,0.0,0.0,20260925T013701Z
2026,1,REG,2026_01_BAL_IND,00-0038629,BAL,IND,0,0,0,0,0,0,0,0.0,0,,0,0,0,0,0,,0.0,0.0,0.0,20260925T013701Z
2026,1,REG,2026_01_NE_SEA,00-0038653,NE,SEA,0,0,0,0,0,0,0,0.0,0,,0,0,0,0,0,,0.0,0.0,0.0,20260925T013701Z
2026,1,REG,2026_01_NO_DET,00-0038660,DET,NO,0,0,0,0,0,0,0,0.0,0,,0,0,0,0,0,,0.0,0.0,0.0,20260925T013701Z
2026,1,REG,2026_01_GB_MIN,00-0038685,GB,MIN,0,1,0,0,0,0,-6,0.0,0,-0.90747296763584,0,0,0,0,0,0.0,0.025,-0.0127931769722814,0.028544776119403,20260925T013701Z
2026,1,REG,2026_01_DAL_NYG,00-0038705,DAL,NYG,0,0,0,0,0,0,0,0.0,0,,0,0,0,0,0,,0.0,0.0,0.0,20260925T013701Z
2026,1,REG,2026_01_CLE_JAX,00-0038710,CLE,JAX,1,1,14,0,0,0,6,8.0,1,1.04551065270789,0,1,0,0,0,2.33333333333333,0.0454545454545455,0.0263157894736842,0.0866028708133971,20260925T013701Z
2026,1,REG,2026_01_NYJ_TEN,00-0038711,TEN,NYJ,0,0,0,0,0,0,0,0.0,0,,0,0,0,0,0,,0.0,0.0,0.0,20260925T013701Z
2026,1,REG,2026_01_CLE_JAX,00-0038715,CLE,JAX,0,0,0,0,0,0,0,0.0,0,,0,0,0,0,0,,0.0,0.0,0.0,20260925T013701Z
2026,1,REG,2026_01_BUF_HOU,00-0038728,HOU,BUF,1,1,12,0,0,0,12,0.0,1,0.734404760762118,0,1,0,0,0,1.0,0.027027027027027,0.0372670807453416,0.0666274970622797,20260925T013701Z
2026,1,REG,2026_01_DAL_NYG,00-0038738,DAL,NYG,0,0,0,0,0,0,0,0.0,0,,0,0,0,0,0,,0.0,0.0,0.0,20260925T013701Z
2026,1,REG,2026_01_NE_SEA,00-0038764,SEA,NE,0,0,0,0,0,0,0,0.0,0,,0,0,0,0,0,,0.0,0.0,0.0,20260925T013701Z
2026,1,REG,2026_01_GB_MIN,00-0038778,MIN,GB,0,0,0,0,0,0,0,0.0,0,,0,0,0,0,0,,0.0,0.0,0.0,20260925T013701Z
2026,1,REG,2026_01_ARI_LAC,00-0038782,ARI,LAC,0,0,0,0,0,0,0,0.0,0,,0,0,0,0,0,,0.0,0.0,0.0,20260925T013701Z
2026,1,REG,2026_01_DEN_KC,00-0038783,DEN,KC,0,0,0,0,0,0,0,0.0,0,,0,0,0,0,0,,0.0,0.0,0.0,20260925T013701Z
2026,1,REG,2026_01_CHI_CAR,00-0038791,CAR,CHI,0,0,0,0,0,0,0,0.0,0,,0,0,0,0,0,,0.0,0.0,0.0,20260925T013701Z
2026,1,REG,2026_01_NE_SEA,00-0038797,SEA,NE,0,0,0,0,0,0,0,0.0,0,,0,0,0,0,0,,0.0,0.0,0.0,20260925T013701Z
2026,1,REG,2026_01_GB_MIN,00-0038807,MIN,GB,0,0,0,0,0,0,0,0.0,0,,0,0,0,0,0,,0.0,0.0,0.0,20260925T013701Z
2026,1,REG,2026_01_CHI_CAR,00-0038840,CAR,CHI,0,0,0,0,0,0,0,0.0,0,,0,0,0,0,0,,0.0,0.0,0.0,20260925T013701Z
2026,1,REG,2026_01_NO_DET,00-0038896,DET,NO,0,0,0,0,0,0,0,0.0,0,,0,0,0,0,0,,0.0,0.0,0.0,20260925T013701Z
2026,1,REG,2026_01_NE_SEA,00-0038922,SEA,NE,0,0,0,0,0,0,0,0.0,0,,0,0,0,0,0,,0.0,0.0,0.0,20260925T013701Z
2026,1,REG,2026_01_BUF_HOU,00-0038933,BUF,HOU,5,6,130,0,0,0,98,38.0,4,7.6367580369697,0,4,3,3,1,1.3265306122449,0.214285714285714,0.255874673629243,0.500540842969041,20260925T013701Z
2026,1,REG,2026_01_CLE_JAX,00-0038935,JAX,CLE,2,3,23,1,0,0,34,0.0,1,2.38338339846814,0,1,0,0,0,0.676470588235294,0.142857142857143,0.140495867768595,0.312632821723731,20260925T013701Z
2026,1,REG,2026_01_NO_DET,00-0038940,DET,NO,0,0,0,0,0,0,0,0.0,0,,0,0,0,0,0,,0.0,0.0,0.0,20260925T013701Z
2026,1,REG,2026_01_DEN_KC,00-0038976,DEN,KC,0,0,0,0,0,0,0,0.0,0,,0,0,0,0,0,,0.0,0.0,0.0,20260925T013701Z
2026,1,REG,2026_01_WAS_PHI,00-0038978,PHI,WAS,0,0,0,0,0,0,0,0.0,0,,0,0,0,0,0,,0.0,0.0,0.0,20260925T013701Z
2026,1,REG,2026_01_ARI_LAC,00-0038984,ARI,LAC,0,0,0,0,0,0,0,0.0,0,,0,0,0,0,0,,0.0,0.0,0.0,20260925T013701Z
2026,1,REG,2026_01_GB_MIN,00-0038994,MIN,GB,0,2,0,0,0,0,27,0.0,0,-3.27721051180963,0,0,0,0,0,0.0,0.0869565217391304,0.153409090909091,0.237821146245059,20260925T013701Z
2026,1,REG,2026_01_GB_MIN,00-0038996,GB,MIN,3,6,65,0,0,0,82,20.0,3,1.79798609722639,0,3,2,2,0,0.792682926829268,0.15,0.174840085287846,0.347388059701493,20260925T013701Z
2026,1,REG,2026_01_BAL_IND,00-0038997,IND,BAL,2,4,37,0,0,0,36,22.0,2,3.38771640451159,0,2,1,1,0,1.02777777777778,0.137931034482759,0.17910447761194,0.332269686052496,20260925T013701Z
2026,1,REG,2026_01_DAL_NYG,00-0039000,NYG,DAL,0,0,0,0,0,0,0,0.0,0,,0,0,0,0,0,,0.0,0.0,0.0,20260925T013701Z
2026,1,REG,2026_01_ATL_PIT,00-0039002,ATL,PIT,0,0,0,0,0,0,0,0.0,0,,0,0,0,0,0,,0.0,0.0,0.0,20260925T013701Z
2026,1,REG,2026_01_DEN_KC,00-0039006,KC,DEN,0,0,0,0,0,0,0,0.0,0,,0,0,0,0,0,,0.0,0.0,0.0,20260925T013701Z
2026,1,REG,2026_01_WAS_PHI,00-0039013,PHI,WAS,0,0,0,0,0,0,0,0.0,0,,0,0,0,0,0,,0.0,0.0,0.0,20260925T013701Z
2026,1,REG,2026_01_NO_DET,00-0039018,DET,NO,0,0,0,0,0,0,0,0.0,0,,0,0,0,0,0,,0.0,0.0,0.0,20260925T013701Z
2026,1,REG,2026_01_NE_SEA,00-0039020,SEA,NE,0,0,0,0,0,0,0,0.0,0,,0,0,0,0,0,,0.0,0.0,0.0,20260925T013701Z
2026,1,REG,2026_01_CHI_CAR,00-0039021,CHI,CAR,0,0,0,0,0,0,0,0.0,0,,0,0,0,0,0,,0.0,0.0,0.0,20260925T013701Z
2026,1,REG,2026_01_BAL_IND,00-0039031,IND,BAL,0,0,0,0,0,0,0,0.0,0,,0,0,0,0,0,,0.0,0.0,0.0,20260925T013701Z
2026,1,REG,2026_01_NYJ_TEN,00-0039032,TEN,NYJ,2,4,12,0,0,0,-12,23.0,0,-1.95825190457981,0,0,0,0,0,-1.0,0.142857142857143,-0.0631578947368421,0.170075187969925,20260925T013701Z
2026,1,REG,2026_01_MIA_LV,00-0039040,MIA,LV,4,5,30,0,0,0,4,19.0,1,1.42939852131531,0,1,0,0,0,7.5,0.185185185185185,0.0129449838187702,0.286839266450917,20260925T013701Z
2026,1,REG,2026_01_NE_SEA,00-0039047,SEA,NE,0,0,0,0,0,0,0,0.0,0,,0,0,0,0,0,,0.0,0.0,0.0,20260925T013701Z
2026,1,REG,2026_01_ATL_PIT,00-0039048,ATL,PIT,0,0,0,0,0,0,0,0.0,0,,0,0,0,0,0,,0.0,0.0,0.0,20260925T013701Z
2026,1,REG,2026_01_TB_CIN,00-0039049,TB,CIN,0,0,0,0,0,0,0,0.0,0,,0,0,0,0,0,,0.0,0.0,0.0,20260925T013701Z
2026,1,REG,2026_01_SF_LA,00-0039059,LA,SF,0,0,0,0,0,0,0,0.0,0,,0,0,0,0,0,,0.0,0.0,0.0,20260925T013701Z
2026,1,REG,2026_01_SF_LA,00-0039061,LA,SF,0,0,0,0,0,0,0,0.0,0,,0,0,0,0,0,,0.0,0.0,0.0,20260925T013701Z
2026,1,REG,2026_01_DAL_NYG,00-0039062,DAL,NYG,1,1,10,0,0,0,11,-1.0,1,1.01892146444879,0,1,0,0,0,0.909090909090909,0.0333333333333333,0.0355987055016181,0.0749190938511327,20260925T013701Z
2026,1,REG,2026_01_TB_CIN,00-0039063,TB,CIN,0,0,0,0,0,0,0,0.0,0,,0,0,0,0,0,,0.0,0.0,0.0,20260925T013701Z
2026,1,REG,2026_01_BAL_IND,00-0039064,BAL,IND,5,6,150,1,0,0,91,83.0,5,13.0523024662398,0,5,4,2,2,1.64835164835165,0.25,0.338289962825279,0.611802973977695,20260925T013701Z
2026,1,REG,2026_01_NO_DET,00-0039065,DET,NO,5,8,48,0,0,0,7,22.0,2,3.04263815836748,0,1,1,0,0,6.85714285714286,0.205128205128205,0.0338164251207729,0.331363805276849,20260925T013701Z
2026,1,REG,2026_01_MIA_LV,00-0039066,LV,MIA,6,7,32,0,0,0,28,19.0,3,0.0876459498063051,0,1,0,0,0,1.14285714285714,0.241379310344828,0.123893805309735,0.448794629234056,20260925T013701Z
2026,1,REG,2026_01_DEN_KC,00-0039067,KC,DEN,2,2,19,1,0,0,6,13.0,1,2.12581796926679,0,1,0,0,0,3.16666666666667,0.08,0.0451127819548872,0.151578947368421,20260925T013701Z
2026,1,REG,2026_01_TB_CIN,00-0039068,TB,CIN,0,0,0,0,0,0,0,0.0,0,,0,0,0,0,0,,0.0,0.0,0.0,20260925T013701Z
2026,1,REG,2026_01_ATL_PIT,00-0039070,ATL,PIT,0,0,0,0,0,0,0,0.0,0,,0,0,0,0,0,,0.0,0.0,0.0,20260925T013701Z
2026,1,REG,2026_01_CHI_CAR,00-0039071,CHI,CAR,0,0,0,0,0,0,0,0.0,0,,0,0,0,0,0,,0.0,0.0,0.0,20260925T013701Z
2026,1,REG,2026_01_SF_LA,00-0039074,LA,SF,1,1,13,0,0,0,-1,14.0,1,1.19796585571021,0,1,0,0,0,0.0,0.037037037037037,-0.00392156862745098,0.0528104575163399,20260925T013701Z
2026,1,REG,2026_01_SF_LA,00-0039075,LA,SF,5,9,74,0,0,0,115,38.0,2,-2.60725357441697,0,2,2,2,1,0.643478260869565,0.333333333333333,0.450980392156863,0.815686274509804,20260925T013701Z
2026,1,REG,2026_01_SF_LA,00-0039077,LA,SF,0,0,0,0,0,0,0,0.0,0,,0,0,0,0,0,,0.0,0.0,0.0,20260925T013701Z
2026,1,REG,2026_01_SF_LA,00-0039107,LA,SF,0,0,0,0,0,0,0,0.0,0,,0,0,0,0,0,,0.0,0.0,0.0,20260925T013701Z
2026,1,REG,2026_01_BUF_HOU,00-0039108,HOU,BUF,0,0,0,0,0,0,0,0.0,0,,0,0,0,0,0,,0.0,0.0,0.0,20260925T013701Z
2026,1,REG,2026_01_ATL_PIT,00-0039110,PIT,ATL,0,0,0,0,0,0,0,0.0,0,,0,0,0,0,0,,0.0,0.0,0.0,20260925T013701Z
2026,1,REG,2026_01_ARI_LAC,00-0039111,LAC,ARI,0,0,0,0,0,0,0,0.0,0,,0,0,0,0,0,,0.0,0.0,0.0,20260925T013701Z
2026,1,REG,2026_01_GB_MIN,00-0039112,GB,MIN,0,0,0,0,0,0,0,0.0,0,,0,0,0,0,0,,0.0,0.0,0.0,20260925T013701Z
2026,1,REG,2026_01_SF_LA,00-0039137,LA,SF,0,0,0,0,0,0,0,0.0,0,,0,0,0,0,0,,0.0,0.0,0.0,20260925T013701Z
2026,1,REG,2026_01_SF_LA,00-0039138,LA,SF,0,0,0,0,0,0,0,0.0,0,,0,0,0,0,0,,0.0,0.0,0.0,20260925T013701Z
2026,1,REG,2026_01_NO_DET,00-0039139,DET,NO,5,5,30,0,1,1,-4,34.0,1,-2.88541411259212,0,1,0,0,0,-7.5,0.128205128205128,-0.0193236714975845,0.178781122259383,20260925T013701Z
2026,1,REG,2026_01_NYJ_TEN,00-0039142,NYJ,TEN,0,0,0,0,0,0,0,0.0,0,,0,0,0,0,0,,0.0,0.0,0.0,20260925T013701Z
2026,1,REG,2026_01_GB_MIN,00-0039146,GB,MIN,3,7,20,0,0,0,50,3.0,1,-1.20480715277231,0,0,0,0,0,0.4,0.175,0.106609808102345,0.337126865671642,20260925T013701Z
2026,1,REG,2026_01_NE_SEA,00-0039147,NE,SEA,0,0,0,0,0,0,0,0.0,0,,0,0,0,0,0,,0.0,0.0,0.0,20260925T013701Z
2026,1,REG,2026_01_SF_LA,00-0039148,SF,LA,0,0,0,0,0,0,0,0.0,0,,0,0,0,0,0,,0.0,0.0,0.0,20260925T013701Z
2026,1,REG,2026_01_WAS_PHI,00-0039149,WAS,PHI,0,0,0,0,0,0,0,0.0,0,,0,0,0,0,0,,0.0,0.0,0.0,20260925T013701Z
2026,1,REG,2026_01_CHI_CAR,00-0039150,CAR,CHI,0,0,0,0,0,0,0,0.0,0,,0,0,0,0,0,,0.0,0.0,0.0,20260925T013701Z
2026,1,REG,2026_01_MIA_LV,00-0039156,MIA,LV,0,0,0,0,0,0,0,0.0,0,,0,0,0,0,0,,0.0,0.0,0.0,20260925T013701Z
2026,1,REG,2026_01_TB_CIN,00-0039157,TB,CIN,0,0,0,0,0,0,0,0.0,0,,0,0,0,0,0,,0.0,0.0,0.0,20260925T013701Z
2026,1,REG,2026_01_BUF_HOU,00-0039163,HOU,BUF,0,0,0,0,0,0,0,0.0,0,,0,0,0,0,0,,0.0,0.0,0.0,20260925T013701Z
2026,1,REG,2026_01_NE_SEA,00-0039169,SEA,NE,0,0,0,0,0,0,0,0.0,0,,0,0,0,0,0,,0.0,0.0,0.0,20260925T013701Z
2026,1,REG,2026_01_NO_DET,00-0039172,DET,NO,0,0,0,0,0,0,0,0.0,0,,0,0,0,0,0,,0.0,0.0,0.0,20260925T013701Z
2026,1,REG,2026_01_DAL_NYG,00-0039176,NYG,DAL,0,0,0,0,0,0,0,0.0,0,,0,0,0,0,0,,0.0,0.0,0.0,20260925T013701Z
2026,1,REG,2026_01_BAL_IND,00-0039232,BAL,IND,0,0,0,0,0,0,0,0.0,0,,0,0,0,0,0,,0.0,0.0,0.0,20260925T013701Z
2026,1,REG,2026_01_BAL_IND,00-0039234,BAL,IND,0,0,0,0,0,0,0,0.0,0,,0,0,0,0,0,,0.0,0.0,0.0,20260925T013701Z
2026,1,REG,2026_01_GB_MIN,00-0039272,GB,MIN,0,0,0,0,0,0,0,0.0,0,,0,0,0,0,0,,0.0,0.0,0.0,20260925T013701Z
2026,1,REG,2026_01_NYJ_TEN,00-0039284,NYJ,TEN,0,0,0,0,0,0,0,0.0,0,,0,0,0,0,0,,0.0,0.0,0.0,20260925T013701Z
2026,1,REG,2026_01_NE_SEA,00-0039299,SEA,NE,0,1,0,0,0,0,6,0.0,0,-0.0342817474738695,0,0,0,0,0,0.0,0.0416666666666667,0.038961038961039,0.0897727272727273,20260925T013701Z
2026,1,REG,2026_01_NE_SEA,00-0039309,SEA,NE,0,0,0,0,0,0,0,0.0,0,,0,0,0,0,0,,0.0,0.0,0.0,20260925T013701Z
2026,1,REG,2026_01_TB_CIN,00-0039313,CIN,TB,0,0,0,0,0,0,0,0.0,0,,0,0,0,0,0,,0.0,0.0,0.0,20260925T013701Z
2026,1,REG,2026_01_TB_CIN,00-0039323,CIN,TB,0,0,0,0,0,0,0,0.0,0,,0,0,0,0,0,,0.0,0.0,0.0,20260925T013701Z
2026,1,REG,2026_01_DAL_NYG,00-0039337,NYG,DAL,6,9,69,0,0,0,103,10.0,3,5.01337674877141,0,3,2,0,0,0.669902912621359,0.310344827586207,0.420408163265306,0.759802955665025,20260925T013701Z
2026,1,REG,2026_01_BAL_IND,00-0039340,IND,BAL,0,0,0,0,0,0,0,0.0,0,,0,0,0,0,0,,0.0,0.0,0.0,20260925T013701Z
2026,1,REG,2026_01_CHI_CAR,00-0039342,CAR,CHI,0,2,0,0,0,0,20,0.0,0,-0.983726365258917,0,0,0,0,0,0.0,0.0588235294117647,0.0546448087431694,0.126486660237866,20260925T013701Z
2026,1,REG,2026_01_BUF_HOU,00-0039343,HOU,BUF,0,0,0,0,0,0,0,0.0,0,,0,0,0,0,0,,0.0,0.0,0.0,20260925T013701Z
2026,1,REG,2026_01_CHI_CAR,00-0039344,CAR,CHI,1,2,48,0,0,0,30,26.0,1,1.54809454240603,0,1,1,1,1,1.6,0.0588235294117647,0.0819672131147541,0.145612343297975,20260925T013701Z
2026,1,REG,2026_01_SF_LA,00-0039345,SF,LA,0,0,0,0,0,0,0,0.0,0,,0,0,0,0,0,,0.0,0.0,0.0,20260925T013701Z
2026,1,REG,2026_01_NO_DET,00-0039357,NO,DET,0,0,0,0,0,0,0,0.0,0,,0,0,0,0,0,,0.0,0.0,0.0,20260925T013701Z
2026,1,REG,2026_01_BUF_HOU,00-0039359,HOU,BUF,1,1,-2,0,0,0,-2,0.0,0,-0.936578081338666,0,0,0,0,0,0.0,0.027027027027027,-0.0062111801242236,0.036192714453584,20260925T013701Z
2026,1,REG,2026_01_SF_LA,00-0039360,SF,LA,0,0,0,0,0,0,0,0.0,0,,0,0,0,0,0,,0.0,0.0,0.0,20260925T013701Z
2026,1,REG,2026_01_TB_CIN,00-0039361,TB,CIN,7,7,48,0,1,1,-25,73.0,2,-0.299035264761187,0,2,1,1,0,-1.92,0.259259259259259,-0.174825174825175,0.266511266511266,20260925T013701Z
2026,1,REG,2026_01_NO_DET,00-0039364,DET,NO,1,1,11,0,0,0,2,9.0,1,0.628779410733841,0,1,0,0,0,5.5,0.0256410256410256,0.00966183574879227,0.0452248234856931,20260925T013701Z
2026,1,REG,2026_01_SF_LA,00-0039365,SF,LA,0,0,0,0,0,0,0,0.0,0,,0,0,0,0,0,,0.0,0.0,0.0,20260925T013701Z
2026,1,REG,2026_01_ARI_LAC,00-0039366,LAC,ARI,0,0,0,0,0,0,0,0.0,0,,0,0,0,0,0,,0.0,0.0,0.0,20260925T013701Z
2026,1,REG,2026_01_WAS_PHI,00-0039368,WAS,PHI,0,0,0,0,0,0,0,0.0,0,,0,0,0,0,0,,0.0,0.0,0.0,20260925T013701Z
2026,1,REG,2026_01_ARI_LAC,00-0039369,LAC,ARI,0,0,0,0,0,0,0,0.0,0,,0,0,0,0,0,,0.0,0.0,0.0,20260925T013701Z
2026,1,REG,2026_01_DEN_KC,00-0039371,DEN,KC,0,0,0,0,0,0,0,0.0,0,,0,0,0,0,0,,0.0,0.0,0.0,20260925T013701Z
2026,1,REG,2026_01_NYJ_TEN,00-0039372,NYJ,TEN,0,0,0,0,0,0,0,0.0,0,,0,0,0,0,0,,0.0,0.0,0.0,20260925T013701Z
2026,1,REG,2026_01_CHI_CAR,00-0039380,CAR,CHI,0,0,0,0,0,0,0,0.0,0,,0,0,0,0,0,,0.0,0.0,0.0,20260925T013701Z
2026,1,REG,2026_01_DAL_NYG,00-0039384,NYG,DAL,0,0,0,0,0,0,0,0.0,0,,0,0,0,0,0,,0.0,0.0,0.0,20260925T013701Z
2026,1,REG,2026_01_GB_MIN,00-0039404,MIN,GB,0,0,0,0,0,0,0,0.0,0,,0,0,0,0,0,,0.0,0.0,0.0,20260925T013701Z
2026,1,REG,2026_01_CLE_JAX,00-0039406,CLE,JAX,0,0,0,0,0,0,0,0.0,0,,0,0,0,0,0,,0.0,0.0,0.0,20260925T013701Z
2026,1,REG,2026_01_MIA_LV,00-0039407,LV,MIA,0,0,0,0,0,0,0,0.0,0,,0,0,0,0,0,,0.0,0.0,0.0,20260925T013701Z
2026,1,REG,2026_01_CLE_JAX,00-0039409,JAX,CLE,0,0,0,0,0,0,0,0.0,0,,0,0,0,0,0,,0.0,0.0,0.0,20260925T013701Z
2026,1,REG,2026_01_DAL_NYG,00-0039410,DAL,NYG,2,4,22,0,0,0,23,11.0,1,2.52842911207699,0,1,1,0,0,0.956521739130435,0.133333333333333,0.0744336569579288,0.25210355987055,20260925T013701Z
2026,1,REG,2026_01_WAS_PHI,00-0039412,WAS,PHI,0,0,0,0,0,0,0,0.0,0,,0,0,0,0,0,,0.0,0.0,0.0,20260925T013701Z
2026,1,REG,2026_01_CLE_JAX,00-0039417,CLE,JAX,0,0,0,0,0,0,0,0.0,0,,0,0,0,0,0,,0.0,0.0,0.0,20260925T013701Z
2026,1,REG,2026_01_GB_MIN,00-0039421,MIN,GB,0,0,0,0,0,0,0,0.0,0,,0,0,0,0,0,,0.0,0.0,0.0,20260925T013701Z
2026,1,REG,2026_01_MIA_LV,00-0039423,LV,MIA,0,0,0,0,0,0,0,0.0,0,,0,0,0,0,0,,0.0,0.0,0.0,20260925T013701Z
2026,1,REG,2026_01_NO_DET,00-0039424,NO,DET,7,9,69,1,0,0,63,18.0,3,4.85687719885027,0,2,1,1,0,1.0952380952381,0.173076923076923,0.130434782608696,0.350919732441472,20260925T013701Z
2026,1,REG,2026_01_NYJ_TEN,00-0039430,TEN,NYJ,0,0,0,0,0,0,0,0.0,0,,0,0,0,0,0,,0.0,0.0,0.0,20260925T013701Z
2026,1,REG,2026_01_DEN_KC,00-0039433,KC,DEN,0,0,0,0,0,0,0,0.0,0,,0,0,0,0,0,,0.0,0.0,0.0,20260925T013701Z
2026,1,REG,2026_01_NYJ_TEN,00-0039451,NYJ,TEN,1,1,7,0,0,0,7,0.0,1,0.214310623181518,0,0,0,0,0,1.0,0.0434782608695652,0.0416666666666667,0.0943840579710145,20260925T013701Z
2026,1,REG,2026_01_BAL_IND,00-0039460,BAL,IND,0,0,0,0,0,0,0,0.0,0,,0,0,0,0,0,,0.0,0.0,0.0,20260925T013701Z
2026,1,REG,2026_01_BUF_HOU,00-0039471,BUF,HOU,0,0,0,0,0,0,0,0.0,0,,0,0,0,0,0,,0.0,0.0,0.0,20260925T013701Z
2026,1,REG,2026_01_CHI_CAR,00-0039491,CAR,CHI,8,9,138,2,0,0,124,36.0,6,12.4554036712507,0,5,3,2,1,1.11290322580645,0.264705882352941,0.33879781420765,0.634217293474767,20260925T013701Z
2026,1,REG,2026_01_SF_LA,00-0039498,LA,SF,0,0,0,0,0,0,0,0.0,0,,0,0,0,0,0,,0.0,0.0,0.0,20260925T013701Z
2026,1,REG,2026_01_NO_DET,00-0039518,NO,DET,0,0,0,0,0,0,0,0.0,0,,0,0,0,0,0,,0.0,0.0,0.0,20260925T013701Z
2026,1,REG,2026_01_DAL_NYG,00-0039530,DAL,NYG,2,2,14,0,0,0,6,8.0,0,0.516863168217242,0,0,0,0,0,2.33333333333333,0.0666666666666667,0.0194174757281553,0.113592233009709,20260925T013701Z
2026,1,REG,2026_01_BAL_IND,00-0039576,IND,BAL,0,0,0,0,0,0,0,0.0,0,,0,0,0,0,0,,0.0,0.0,0.0,20260925T013701Z
2026,1,REG,2026_01_TB_CIN,00-0039589,TB,CIN,0,0,0,0,0,0,0,0.0,0,,0,0,0,0,0,,0.0,0.0,0.0,20260925T013701Z
2026,1,REG,2026_01_NO_DET,00-0039622,NO,DET,0,0,0,0,0,0,0,0.0,0,,0,0,0,0,0,,0.0,0.0,0.0,20260925T013701Z
2026,1,REG,2026_01_NYJ_TEN,00-0039634,NYJ,TEN,0,0,0,0,0,0,0,0.0,0,,0,0,0,0,0,,0.0,0.0,0.0,20260925T013701Z
2026,1,REG,2026_01_NO_DET,00-0039660,DET,NO,0,0,0,0,0,0,0,0.0,0,,0,0,0,0,0,,0.0,0.0,0.0,20260925T013701Z
2026,1,REG,2026_01_WAS_PHI,00-0039681,WAS,PHI,0,0,0,0,0,0,0,0.0,0,,0,0,0,0,0,,0.0,0.0,0.0,20260925T013701Z
2026,1,REG,2026_01_WAS_PHI,00-0039686,WAS,PHI,0,0,0,0,0,0,0,0.0,0,,0,0,0,0,0,,0.0,0.0,0.0,20260925T013701Z
2026,1,REG,2026_01_NE_SEA,00-0039692,NE,SEA,0,0,0,0,0,0,0,0.0,0,,0,0,0,0,0,,0.0,0.0,0.0,20260925T013701Z
2026,1,REG,2026_01_NYJ_TEN,00-0039731,TEN,NYJ,0,0,0,0,0,0,0,0.0,0,,0,0,0,0,0,,0.0,0.0,0.0,20260925T013701Z
2026,1,REG,2026_01_DEN_KC,00-0039732,DEN,KC,0,0,0,0,0,0,0,0.0,0,,0,0,0,0,0,,0.0,0.0,0.0,20260925T013701Z
2026,1,REG,2026_01_CLE_JAX,00-0039733,JAX,CLE,0,0,0,0,0,0,0,0.0,0,,0,0,0,0,0,,0.0,0.0,0.0,20260925T013701Z
2026,1,REG,2026_01_SF_LA,00-0039734,LA,SF,0,0,0,0,0,0,0,0.0,0,,0,0,0,0,0,,0.0,0.0,0.0,20260925T013701Z
2026,1,REG,2026_01_MIA_LV,00-0039735,LV,MIA,0,0,0,0,0,0,0,0.0,0,,0,0,0,0,0,,0.0,0.0,0.0,20260925T013701Z
2026,1,REG,2026_01_SF_LA,00-0039738,LA,SF,0,0,0,0,0,0,0,0.0,0,,0,0,0,0,0,,0.0,0.0,0.0,20260925T013701Z
2026,1,REG,2026_01_ATL_PIT,00-0039739,PIT,ATL,3,6,26,0,0,0,126,6.0,1,-1.09436190896668,0,1,1,1,0,0.206349206349206,0.162162162162162,0.30958230958231,0.45995085995086,20260925T013701Z
2026,1,REG,2026_01_WAS_PHI,00-0039740,PHI,WAS,0,0,0,0,0,0,0,0.0,0,,0,0,0,0,0,,0.0,0.0,0.0,20260925T013701Z
2026,1,REG,2026_01_ATL_PIT,00-0039741,PIT,ATL,0,0,0,0,0,0,0,0.0,0,,0,0,0,0,0,,0.0,0.0,0.0,20260925T013701Z
2026,1,REG,2026_01_CHI_CAR,00-0039745,CHI,CAR,0,0,0,0,0,0,0,0.0,0,,0,0,0,0,0,,0.0,0.0,0.0,20260925T013701Z
2026,1,REG,2026_01_WAS_PHI,00-0039746,PHI,WAS,1,1,8,0,0,0,6,2.0,0,0.378289063926786,0,0,0,0,0,1.33333333333333,0.0454545454545455,0.0266666666666667,0.0868484848484848,20260925T013701Z
2026,1,REG,2026_01_SF_LA,00-0039749,LA,SF,0,0,0,0,0,0,0,0.0,0,,0,0,0,0,0,,0.0,0.0,0.0,20260925T013701Z
2026,1,REG,2026_01_SF_LA,00-0039751,LA,SF,1,1,8,0,0,0,8,0.0,0,0.320402403129265,0,0,0,0,0,1.0,0.037037037037037,0.0313725490196078,0.077516339869281,20260925T013701Z
2026,1,REG,2026_01_TB_CIN,00-0039752,CIN,TB,0,0,0,0,0,0,0,0.0,0,,0,0,0,0,0,,0.0,0.0,0.0,20260925T013701Z
2026,1,REG,2026_01_BUF_HOU,00-0039763,BUF,HOU,0,0,0,0,0,0,0,0.0,0,,0,0,0,0,0,,0.0,0.0,0.0,20260925T013701Z
2026,1,REG,2026_01_NE_SEA,00-0039770,NE,SEA,0,0,0,0,0,0,0,0.0,0,,0,0,0,0,0,,0.0,0.0,0.0,20260925T013701Z
2026,1,REG,2026_01_SF_LA,00-0039774,LA,SF,0,0,0,0,0,0,0,0.0,0,,0,0,0,0,0,,0.0,0.0,0.0,20260925T013701Z
2026,1,REG,2026_01_SF_LA,00-0039776,LA,SF,0,0,0,0,0,0,0,0.0,0,,0,0,0,0,0,,0.0,0.0,0.0,20260925T013701Z
2026,1,REG,2026_01_NYJ_TEN,00-0039789,NYJ,TEN,0,0,0,0,0,0,0,0.0,0,,0,0,0,0,0,,0.0,0.0,0.0,20260925T013701Z
2026,1,REG,2026_01_NYJ_TEN,00-0039790,NYJ,TEN,0,0,0,0,0,0,0,0.0,0,,0,0,0,0,0,,0.0,0.0,0.0,20260925T013701Z
2026,1,REG,2026_01_NE_SEA,00-0039793,SEA,NE,2,2,13,0,0,0,-1,14.0,1,0.877131494286005,0,0,0,0,0,0.0,0.0833333333333333,-0.00649350649350649,0.120454545454545,20260925T013701Z
2026,1,REG,2026_01_NYJ_TEN,00-0039794,NYJ,TEN,0,1,0,0,0,0,0,0.0,0,-0.970727254496469,0,0,0,0,0,,0.0434782608695652,0.0,0.0652173913043478,20260925T013701Z
2026,1,REG,2026_01_NE_SEA,00-0039795,SEA,NE,0,0,0,0,0,0,0,0.0,0,,0,0,0,0,0,,0.0,0.0,0.0,20260925T013701Z
2026,1,REG,2026_01_BAL_IND,00-0039796,BAL,IND,0,0,0,0,0,0,0,0.0,0,,0,0,0,0,0,,0.0,0.0,0.0,20260925T013701Z
2026,1,REG,2026_01_ARI_LAC,00-0039807,ARI,LAC,0,0,0,0,0,0,0,0.0,0,,0,0,0,0,0,,0.0,0.0,0.0,20260925T013701Z
2026,1,REG,2026_01_DEN_KC,00-0039809,DEN,KC,0,0,0,0,0,0,0,0.0,0,,0,0,0,0,0,,0.0,0.0,0.0,20260925T013701Z
2026,1,REG,2026_01_GB_MIN,00-0039811,GB,MIN,0,1,0,0,0,0,18,0.0,0,-0.51332720508799,0,0,0,0,0,0.0,0.025,0.0383795309168444,0.0643656716417911,20260925T013701Z
2026,1,REG,2026_01_GB_MIN,00-0039813,GB,MIN,0,0,0,0,0,0,0,0.0,0,,0,0,0,0,0,,0.0,0.0,0.0,20260925T013701Z
2026,1,REG,2026_01_DAL_NYG,00-0039821,NYG,DAL,0,0,0,0,0,0,0,0.0,0,,0,0,0,0,0,,0.0,0.0,0.0,20260925T013701Z
2026,1,REG,2026_01_DEN_KC,00-0039825,KC,DEN,0,0,0,0,0,0,0,0.0,0,,0,0,0,0,0,,0.0,0.0,0.0,20260925T013701Z
2026,1,REG,2026_01_WAS_PHI,00-0039826,PHI,WAS,0,0,0,0,0,0,0,0.0,0,,0,0,0,0,0,,0.0,0.0,0.0,20260925T013701Z
2026,1,REG,2026_01_GB_MIN,00-0039831,GB,MIN,0,0,0,0,0,0,0,0.0,0,,0,0,0,0,0,,0.0,0.0,0.0,20260925T013701Z
2026,1,REG,2026_01_SF_LA,00-0039834,LA,SF,0,0,0,0,0,0,0,0.0,0,,0,0,0,0,0,,0.0,0.0,0.0,20260925T013701Z
2026,1,REG,2026_01_ARI_LAC,00-0039835,LAC,ARI,0,0,0,0,0,0,0,0.0,0,,0,0,0,0,0,,0.0,0.0,0.0,20260925T013701Z
2026,1,REG,2026_01_ATL_PIT,00-0039837,ATL,PIT,0,0,0,0,0,0,0,0.0,0,,0,0,0,0,0,,0.0,0.0,0.0,20260925T013701Z
2026,1,REG,2026_01_BUF_HOU,00-0039838,HOU,BUF,0,0,0,0,0,0,0,0.0,0,,0,0,0,0,0,,0.0,0.0,0.0,20260925T013701Z
2026,1,REG,2026_01_CHI_CAR,00-0039840,CHI,CAR,0,0,0,0,0,0,0,0.0,0,,0,0,0,0,0,,0.0,0.0,0.0,20260925T013701Z
2026,1,REG,2026_01_WAS_PHI,00-0039841,PHI,WAS,0,0,0,0,0,0,0,0.0,0,,0,0,0,0,0,,0.0,0.0,0.0,20260925T013701Z
2026,1,REG,2026_01_TB_CIN,00-0039846,TB,CIN,0,0,0,0,0,0,0,0.0,0,,0,0,0,0,0,,0.0,0.0,0.0,20260925T013701Z
2026,1,REG,2026_01_DAL_NYG,00-0039847,NYG,DAL,1,1,9,0,0,0,2,7.0,0,0.858728714752942,0,0,0,0,0,4.5,0.0344827586206897,0.00816326530612245,0.0574384236453202,20260925T013701Z
2026,1,REG,2026_01_ARI_LAC,00-0039849,ARI,LAC,1,3,33,0,0,0,71,5.0,1,0.852314318530262,0,1,1,1,0,0.464788732394366,0.0810810810810811,0.250883392226148,0.297239996179925,20260925T013701Z
2026,1,REG,2026_01_GB_MIN,00-0039850,GB,MIN,0,0,0,0,0,0,0,0.0,0,,0,0,0,0,0,,0.0,0.0,0.0,20260925T013701Z
2026,1,REG,2026_01_NE_SEA,00-0039851,NE,SEA,0,0,0,0,0,0,0,0.0,0,,0,0,0,0,0,,0.0,0.0,0.0,20260925T013701Z
2026,1,REG,2026_01_CLE_JAX,00-0039852,CLE,JAX,0,0,0,0,0,0,0,0.0,0,,0,0,0,0,0,,0.0,0.0,0.0,20260925T013701Z
2026,1,REG,2026_01_ARI_LAC,00-0039854,ARI,LAC,0,0,0,0,0,0,0,0.0,0,,0,0,0,0,0,,0.0,0.0,0.0,20260925T013701Z
2026,1,REG,2026_01_ATL_PIT,00-0039859,ATL,PIT,0,0,0,0,0,0,0,0.0,0,,0,0,0,0,0,,0.0,0.0,0.0,20260925T013701Z
2026,1,REG,2026_01_NO_DET,00-0039860,NO,DET,0,0,0,0,0,0,0,0.0,0,,0,0,0,0,0,,0.0,0.0,0.0,20260925T013701Z
2026,1,REG,2026_01_DAL_NYG,00-0039861,NYG,DAL,0,0,0,0,0,0,0,0.0,0,,0,0,0,0,0,,0.0,0.0,0.0,20260925T013701Z
2026,1,REG,2026_01_GB_MIN,00-0039867,GB,MIN,0,0,0,0,0,0,0,0.0,0,,0,0,0,0,0,,0.0,0.0,0.0,20260925T013701Z
2026,1,REG,2026_01_DEN_KC,00-0039868,DEN,KC,0,1,0,0,0,0,31,0.0,0,-2.74830406502588,0,0,0,0,0,0.0,0.037037037037037,0.33695652173913,0.291425120772947,20260925T013701Z
2026,1,REG,2026_01_BUF_HOU,00-0039872,BUF,HOU,0,0,0,0,0,0,0,0.0,0,,0,0,0,0,0,,0.0,0.0,0.0,20260925T013701Z
2026,1,REG,2026_01_BUF_HOU,00-0039873,BUF,HOU,0,0,0,0,0,0,0,0.0,0,,0,0,0,0,0,,0.0,0.0,0.0,20260925T013701Z
2026,1,REG,2026_01_MIA_LV,00-0039874,MIA,LV,0,0,0,0,0,0,0,0.0,0,,0,0,0,0,0,,0.0,0.0,0.0,20260925T013701Z
2026,1,REG,2026_01_BUF_HOU,00-0039875,BUF,HOU,0,0,0,0,0,0,0,0.0,0,,0,0,0,0,0,,0.0,0.0,0.0,20260925T013701Z
2026,1,REG,2026_01_BUF_HOU,00-0039879,BUF,HOU,0,0,0,0,0,0,0,0.0,0,,0,0,0,0,0,,0.0,0.0,0.0,20260925T013701Z
2026,1,REG,2026_01_MIA_LV,00-0039880,MIA,LV,3,8,53,0,1,1,135,22.0,1,-3.23389545310056,0,2,2,2,0,0.392592592592593,0.296296296296296,0.436893203883495,0.750269687162891,20260925T013701Z
2026,1,REG,2026_01_NYJ_TEN,00-0039886,NYJ,TEN,0,0,0,0,0,0,0,0.0,0,,0,0,0,0,0,,0.0,0.0,0.0,20260925T013701Z
2026,1,REG,2026_01_WAS_PHI,00-0039888,PHI,WAS,0,0,0,0,0,0,0,0.0,0,,0,0,0,0,0,,0.0,0.0,0.0,20260925T013701Z
2026,1,REG,2026_01_ATL_PIT,00-0039889,ATL,PIT,0,0,0,0,0,0,0,0.0,0,,0,0,0,0,0,,0.0,0.0,0.0,20260925T013701Z
2026,1,REG,2026_01_NYJ_TEN,00-0039890,NYJ,TEN,3,3,60,0,0,0,59,1.0,2,3.09346480341628,0,2,2,1,1,1.01694915254237,0.130434782608696,0.351190476190476,0.441485507246377,20260925T013701Z
2026,1,REG,2026_01_CLE_JAX,00-0039893,JAX,CLE,3,3,40,0,1,0,44,-4.0,3,2.97714831598569,0,3,1,0,0,0.909090909090909,0.142857142857143,0.181818181818182,0.341558441558442,20260925T013701Z
2026,1,REG,2026_01_DEN_KC,00-0039894,KC,DEN,3,6,18,0,0,0,42,15.0,1,-8.44858313005534,0,0,0,0,0,0.428571428571429,0.24,0.315789473684211,0.581052631578947,20260925T013701Z
2026,1,REG,2026_01_ARI_LAC,00-0039897,LAC,ARI,0,0,0,0,0,0,0,0.0,0,,0,0,0,0,0,,0.0,0.0,0.0,20260925T013701Z
2026,1,REG,2026_01_WAS_PHI,00-0039898,WAS,PHI,0,0,0,0,0,0,0,0.0,0,,0,0,0,0,0,,0.0,0.0,0.0,20260925T013701Z
2026,1,REG,2026_01_MIA_LV,00-0039899,MIA,LV,0,0,0,0,0,0,0,0.0,0,,0,0,0,0,0,,0.0,0.0,0.0,20260925T013701Z
2026,1,REG,2026_01_BUF_HOU,00-0039901,BUF,HOU,1,1,1,0,0,0,4,-3.0,0,0.0488972848253325,0,0,0,0,0,0.25,0.0357142857142857,0.010443864229765,0.0608821335322641,20260925T013701Z
2026,1,REG,2026_01_GB_MIN,00-0039904,GB,MIN,0,0,0,0,0,0,0,0.0,0,,0,0,0,0,0,,0.0,0.0,0.0,20260925T013701Z
2026,1,REG,2026_01_TB_CIN,00-0039908,CIN,TB,0,0,0,0,0,0,0,0.0,0,,0,0,0,0,0,,0.0,0.0,0.0,20260925T013701Z
2026,1,REG,2026_01_WAS_PHI,00-0039910,WAS,PHI,0,0,0,0,0,0,0,0.0,0,,0,0,0,0,0,,0.0,0.0,0.0,20260925T013701Z
2026,1,REG,2026_01_MIA_LV,00-0039911,MIA,LV,0,0,0,0,0,0,0,0.0,0,,0,0,0,0,0,,0.0,0.0,0.0,20260925T013701Z
2026,1,REG,2026_01_WAS_PHI,00-0039913,WAS,PHI,0,0,0,0,0,0,0,0.0,0,,0,0,0,0,0,,0.0,0.0,0.0,20260925T013701Z
2026,1,REG,2026_01_ARI_LAC,00-0039915,LAC,ARI,5,7,82,1,0,0,97,9.0,5,6.78497641690774,0,4,3,1,0,0.845360824742268,0.259259259259259,0.355311355311355,0.637606837606838,20260925T013701Z
2026,1,REG,2026_01_CHI_CAR,00-0039918,CHI,CAR,0,0,0,0,0,0,0,0.0,0,,0,0,0,0,0,,0.0,0.0,0.0,20260925T013701Z
2026,1,REG,2026_01_CHI_CAR,00-0039919,CHI,CAR,2,3,52,0,0,0,90,3.0,1,4.01706788834417,0,1,1,1,1,0.577777777777778,0.115384615384615,0.282131661442006,0.370569086086327,20260925T013701Z
2026,1,REG,2026_01_CLE_JAX,00-0039920,CLE,JAX,0,0,0,0,0,0,0,0.0,0,,0,0,0,0,0,,0.0,0.0,0.0,20260925T013701Z
2026,1,REG,2026_01_GB_MIN,00-0039924,MIN,GB,0,0,0,0,0,0,0,0.0,0,,0,0,0,0,0,,0.0,0.0,0.0,20260925T013701Z
2026,1,REG,2026_01_DAL_NYG,00-0040008,DAL,NYG,0,0,0,0,0,0,0,0.0,0,,0,0,0,0,0,,0.0,0.0,0.0,20260925T013701Z
2026,1,REG,2026_01_GB_MIN,00-0040010,GB,MIN,0,0,0,0,0,0,0,0.0,0,,0,0,0,0,0,,0.0,0.0,0.0,20260925T013701Z
2026,1,REG,2026_01_WAS_PHI,00-0040013,PHI,WAS,0,0,0,0,0,0,0,0.0,0,,0,0,0,0,0,,0.0,0.0,0.0,20260925T013701Z
2026,1,REG,2026_01_NYJ_TEN,00-0040020,TEN,NYJ,0,0,0,0,0,0,0,0.0,0,,0,0,0,0,0,,0.0,0.0,0.0,20260925T013701Z
2026,1,REG,2026_01_WAS_PHI,00-0040024,PHI,WAS,0,0,0,0,0,0,0,0.0,0,,0,0,0,0,0,,0.0,0.0,0.0,20260925T013701Z
2026,1,REG,2026_01_NYJ_TEN,00-0040041,TEN,NYJ,0,0,0,0,0,0,0,0.0,0,,0,0,0,0,0,,0.0,0.0,0.0,20260925T013701Z
2026,1,REG,2026_01_DAL_NYG,00-0040045,DAL,NYG,0,0,0,0,0,0,0,0.0,0,,0,0,0,0,0,,0.0,0.0,0.0,20260925T013701Z
2026,1,REG,2026_01_ATL_PIT,00-0040056,ATL,PIT,0,0,0,0,0,0,0,0.0,0,,0,0,0,0,0,,0.0,0.0,0.0,20260925T013701Z
2026,1,REG,2026_01_NE_SEA,00-0040061,SEA,NE,0,0,0,0,0,0,0,0.0,0,,0,0,0,0,0,,0.0,0.0,0.0,20260925T013701Z
2026,1,REG,2026_01_DEN_KC,00-0040072,KC,DEN,0,0,0,0,0,0,0,0.0,0,,0,0,0,0,0,,0.0,0.0,0.0,20260925T013701Z
2026,1,REG,2026_01_BAL_IND,00-0040074,BAL,IND,0,0,0,0,0,0,0,0.0,0,,0,0,0,0,0,,0.0,0.0,0.0,20260925T013701Z
2026,1,REG,2026_01_BAL_IND,00-0040075,BAL,IND,2,2,15,0,0,0,11,4.0,0,-0.0498895170167089,0,0,0,0,0,1.36363636363636,0.0833333333333333,0.0408921933085502,0.153624535315985,20260925T013701Z
2026,1,REG,2026_01_BAL_IND,00-0040076,BAL,IND,0,0,0,0,0,0,0,0.0,0,,0,0,0,0,0,,0.0,0.0,0.0,20260925T013701Z
2026,1,REG,2026_01_DEN_KC,00-0040081,KC,DEN,1,1,9,0,0,0,4,5.0,0,0.793193971767323,0,0,0,0,0,2.25,0.04,0.0300751879699248,0.0810526315789474,20260925T013701Z
2026,1,REG,2026_01_TB_CIN,00-0040089,TB,CIN,0,0,0,0,0,0,0,0.0,0,,0,0,0,0,0,,0.0,0.0,0.0,20260925T013701Z
2026,1,REG,2026_01_BAL_IND,00-0040100,BAL,IND,0,0,0,0,0,0,0,0.0,0,,0,0,0,0,0,,0.0,0.0,0.0,20260925T013701Z
2026,1,REG,2026_01_DEN_KC,00-0040118,KC,DEN,0,0,0,0,0,0,0,0.0,0,,0,0,0,0,0,,0.0,0.0,0.0,20260925T013701Z
2026,1,REG,2026_01_MIA_LV,00-0040122,LV,MIA,6,6,45,2,0,0,18,27.0,2,2.75880223937565,0,2,0,0,0,2.5,0.206896551724138,0.079646017699115,0.366097039975587,20260925T013701Z
2026,1,REG,2026_01_CHI_CAR,00-0040124,CAR,CHI,5,8,75,0,1,1,119,23.0,4,-2.51609776925761,0,4,2,1,0,0.630252100840336,0.235294117647059,0.325136612021858,0.580536804885889,20260925T013701Z
2026,1,REG,2026_01_CHI_CAR,00-0040126,CHI,CAR,0,2,0,0,0,0,30,0.0,0,-1.0136120551615,0,0,0,0,0,0.0,0.0769230769230769,0.0940438871473354,0.18121533638775,20260925T013701Z
2026,1,REG,2026_01_BAL_IND,00-0040128,IND,BAL,3,5,13,1,0,0,23,7.0,1,-0.55294385162415,0,0,0,0,0,0.565217391304348,0.172413793103448,0.114427860696517,0.338720192142735,20260925T013701Z
2026,1,REG,2026_01_TB_CIN,00-0040129,TB,CIN,5,6,63,0,0,0,84,20.0,3,4.75172057142481,0,5,1,0,0,0.75,0.222222222222222,0.587412587412587,0.744522144522145,20260925T013701Z
2026,1,REG,2026_01_NE_SEA,00-0040131,NE,SEA,0,0,0,0,0,0,0,0.0,0,,0,0,0,0,0,,0.0,0.0,0.0,20260925T013701Z
2026,1,REG,2026_01_BUF_HOU,00-0040132,BUF,HOU,0,0,0,0,0,0,0,0.0,0,,0,0,0,0,0,,0.0,0.0,0.0,20260925T013701Z
2026,1,REG,2026_01_NYJ_TEN,00-0040133,NYJ,TEN,0,0,0,0,0,0,0,0.0,0,,0,0,0,0,0,,0.0,0.0,0.0,20260925T013701Z
2026,1,REG,2026_01_DEN_KC,00-0040134,DEN,KC,4,6,42,0,0,0,25,18.0,3,2.01835069159279,0,3,0,0,0,1.68,0.222222222222222,0.271739130434783,0.523550724637681,20260925T013701Z
2026,1,REG,2026_01_CHI_CAR,00-0040136,CAR,CHI,0,0,0,0,0,0,0,0.0,0,,0,0,0,0,0,,0.0,0.0,0.0,20260925T013701Z
2026,1,REG,2026_01_ARI_LAC,00-0040137,ARI,LAC,0,0,0,0,0,0,0,0.0,0,,0,0,0,0,0,,0.0,0.0,0.0,20260925T013701Z
2026,1,REG,2026_01_BUF_HOU,00-0040138,HOU,BUF,2,2,53,0,0,0,26,27.0,2,3.97936163333361,0,2,2,1,0,2.03846153846154,0.0540540540540541,0.0807453416149068,0.137602820211516,20260925T013701Z
2026,1,REG,2026_01_BAL_IND,00-0040139,IND,BAL,0,0,0,0,0,0,0,0.0,0,,0,0,0,0,0,,0.0,0.0,0.0,20260925T013701Z
2026,1,REG,2026_01_NYJ_TEN,00-0040141,TEN,NYJ,0,0,0,0,0,0,0,0.0,0,,0,0,0,0,0,,0.0,0.0,0.0,20260925T013701Z
2026,1,REG,2026_01_GB_MIN,00-0040142,GB,MIN,0,0,0,0,0,0,0,0.0,0,,0,0,0,0,0,,0.0,0.0,0.0,20260925T013701Z
2026,1,REG,2026_01_TB_CIN,00-0040143,TB,CIN,0,0,0,0,0,0,0,0.0,0,,0,0,0,0,0,,0.0,0.0,0.0,20260925T013701Z
2026,1,REG,2026_01_ARI_LAC,00-0040144,LAC,ARI,0,0,0,0,0,0,0,0.0,0,,0,0,0,0,0,,0.0,0.0,0.0,20260925T013701Z
2026,1,REG,2026_01_CLE_JAX,00-0040145,JAX,CLE,0,0,0,0,0,0,0,0.0,0,,0,0,0,0,0,,0.0,0.0,0.0,20260925T013701Z
2026,1,REG,2026_01_NE_SEA,00-0040147,NE,SEA,0,0,0,0,0,0,0,0.0,0,,0,0,0,0,0,,0.0,0.0,0.0,20260925T013701Z
2026,1,REG,2026_01_ATL_PIT,00-0040148,ATL,PIT,0,0,0,0,0,0,0,0.0,0,,0,0,0,0,0,,0.0,0.0,0.0,20260925T013701Z
2026,1,REG,2026_01_BUF_HOU,00-0040149,HOU,BUF,0,0,0,0,0,0,0,0.0,0,,0,0,0,0,0,,0.0,0.0,0.0,20260925T013701Z
2026,1,REG,2026_01_MIA_LV,00-0040150,LV,MIA,0,0,0,0,0,0,0,0.0,0,,0,0,0,0,0,,0.0,0.0,0.0,20260925T013701Z
2026,1,REG,2026_01_SF_LA,00-0040152,SF,LA,0,0,0,0,0,0,0,0.0,0,,0,0,0,0,0,,0.0,0.0,0.0,20260925T013701Z
2026,1,REG,2026_01_NO_DET,00-0040155,NO,DET,0,0,0,0,0,0,0,0.0,0,,0,0,0,0,0,,0.0,0.0,0.0,20260925T013701Z
2026,1,REG,2026_01_TB_CIN,00-0040157,CIN,TB,0,0,0,0,0,0,0,0.0,0,,0,0,0,0,0,,0.0,0.0,0.0,20260925T013701Z
2026,1,REG,2026_01_TB_CIN,00-0040158,TB,CIN,0,0,0,0,0,0,0,0.0,0,,0,0,0,0,0,,0.0,0.0,0.0,20260925T013701Z
2026,1,REG,2026_01_CHI_CAR,00-0040159,CAR,CHI,0,0,0,0,0,0,0,0.0,0,,0,0,0,0,0,,0.0,0.0,0.0,20260925T013701Z
2026,1,REG,2026_01_ATL_PIT,00-0040160,PIT,ATL,0,0,0,0,0,0,0,0.0,0,,0,0,0,0,0,,0.0,0.0,0.0,20260925T013701Z
2026,1,REG,2026_01_CLE_JAX,00-0040162,CLE,JAX,0,0,0,0,0,0,0,0.0,0,,0,0,0,0,0,,0.0,0.0,0.0,20260925T013701Z
2026,1,REG,2026_01_WAS_PHI,00-0040164,WAS,PHI,1,1,4,0,0,0,4,0.0,0,-0.79734163871035,0,0,0,0,0,1.0,0.0344827586206897,0.0126182965299685,0.0605569455020124,20260925T013701Z
2026,1,REG,2026_01_NYJ_TEN,00-0040165,NYJ,TEN,0,0,0,0,0,0,0,0.0,0,,0,0,0,0,0,,0.0,0.0,0.0,20260925T013701Z
2026,1,REG,2026_01_NO_DET,00-0040166,NO,DET,0,0,0,0,0,0,0,0.0,0,,0,0,0,0,0,,0.0,0.0,0.0,20260925T013701Z
2026,1,REG,2026_01_DEN_KC,00-0040168,DEN,KC,0,0,0,0,0,0,0,0.0,0,,0,0,0,0,0,,0.0,0.0,0.0,20260925T013701Z
2026,1,REG,2026_01_MIA_LV,00-0040169,LV,MIA,0,0,0,0,0,0,0,0.0,0,,0,0,0,0,0,,0.0,0.0,0.0,20260925T013701Z
2026,1,REG,2026_01_NYJ_TEN,00-0040170,TEN,NYJ,1,3,11,1,0,0,41,0.0,1,1.2419529404433,0,1,0,0,0,0.268292682926829,0.107142857142857,0.215789473684211,0.311766917293233,20260925T013701Z
2026,1,REG,2026_01_GB_MIN,00-0040173,MIN,GB,0,0,0,0,0,0,0,0.0,0,,0,0,0,0,0,,0.0,0.0,0.0,20260925T013701Z
2026,1,REG,2026_01_MIA_LV,00-0040175,MIA,LV,0,0,0,0,0,0,0,0.0,0,,0,0,0,0,0,,0.0,0.0,0.0,20260925T013701Z
2026,1,REG,2026_01_MIA_LV,00-0040178,MIA,LV,0,0,0,0,0,0,0,0.0,0,,0,0,0,0,0,,0.0,0.0,0.0,20260925T013701Z
2026,1,REG,2026_01_MIA_LV,00-0040182,MIA,LV,0,0,0,0,0,0,0,0.0,0,,0,0,0,0,0,,0.0,0.0,0.0,20260925T013701Z
2026,1,REG,2026_01_TB_CIN,00-0040183,TB,CIN,0,0,0,0,0,0,0,0.0,0,,0,0,0,0,0,,0.0,0.0,0.0,20260925T013701Z
2026,1,REG,2026_01_SF_LA,00-0040185,SF,LA,0,0,0,0,0,0,0,0.0,0,,0,0,0,0,0,,0.0,0.0,0.0,20260925T013701Z
2026,1,REG,2026_01_CHI_CAR,00-0040187,CAR,CHI,1,2,9,0,0,0,9,4.0,0,-0.0229926919564605,0,0,0,0,0,1.0,0.0588235294117647,0.0245901639344262,0.105448408871745,20260925T013701Z
2026,1,REG,2026_01_ATL_PIT,00-0040188,PIT,ATL,0,0,0,0,0,0,0,0.0,0,,0,0,0,0,0,,0.0,0.0,0.0,20260925T013701Z
2026,1,REG,2026_01_ARI_LAC,00-0040189,LAC,ARI,2,2,32,0,0,0,7,25.0,1,0.342562154459301,0,1,1,1,0,4.57142857142857,0.0740740740740741,0.0256410256410256,0.129059829059829,20260925T013701Z
2026,1,REG,2026_01_BUF_HOU,00-0040192,BUF,HOU,0,0,0,0,0,0,0,0.0,0,,0,0,0,0,0,,0.0,0.0,0.0,20260925T013701Z
2026,1,REG,2026_01_ARI_LAC,00-0040195,ARI,LAC,0,0,0,0,0,0,0,0.0,0,,0,0,0,0,0,,0.0,0.0,0.0,20260925T013701Z
2026,1,REG,2026_01_NE_SEA,00-0040200,NE,SEA,0,0,0,0,0,0,0,0.0,0,,0,0,0,0,0,,0.0,0.0,0.0,20260925T013701Z
2026,1,REG,2026_01_NYJ_TEN,00-0040201,TEN,NYJ,0,0,0,0,0,0,0,0.0,0,,0,0,0,0,0,,0.0,0.0,0.0,20260925T013701Z
2026,1,REG,2026_01_BAL_IND,00-0040207,IND,BAL,0,0,0,0,0,0,0,0.0,0,,0,0,0,0,0,,0.0,0.0,0.0,20260925T013701Z
2026,1,REG,2026_01_TB_CIN,00-0040208,CIN,TB,0,0,0,0,0,0,0,0.0,0,,0,0,0,0,0,,0.0,0.0,0.0,20260925T013701Z
2026,1,REG,2026_01_WAS_PHI,00-0040216,WAS,PHI,0,0,0,0,0,0,0,0.0,0,,0,0,0,0,0,,0.0,0.0,0.0,20260925T013701Z
2026,1,REG,2026_01_CHI_CAR,00-0040218,CAR,CHI,0,1,0,0,0,0,3,0.0,0,-0.381134943338111,0,0,0,0,0,0.0,0.0294117647058824,0.00819672131147541,0.0498553519768563,20260925T013701Z
2026,1,REG,2026_01_DEN_KC,00-0040223,DEN,KC,0,0,0,0,0,0,0,0.0,0,,0,0,0,0,0,,0.0,0.0,0.0,20260925T013701Z
2026,1,REG,2026_01_ARI_LAC,00-0040230,ARI,LAC,0,0,0,0,0,0,0,0.0,0,,0,0,0,0,0,,0.0,0.0,0.0,20260925T013701Z
2026,1,REG,2026_01_ATL_PIT,00-0040231,PIT,ATL,0,0,0,0,0,0,0,0.0,0,,0,0,0,0,0,,0.0,0.0,0.0,20260925T013701Z
2026,1,REG,2026_01_CHI_CAR,00-0040236,CHI,CAR,2,2,24,0,0,0,9,15.0,1,1.46559946704656,0,1,1,0,0,2.66666666666667,0.0769230769230769,0.0282131661442006,0.135133831685556,20260925T013701Z
2026,1,REG,2026_01_TB_CIN,00-0040237,TB,CIN,0,1,0,0,0,0,9,0.0,0,-0.599597594409715,0,0,0,0,0,0.0,0.037037037037037,0.0629370629370629,0.0996114996114996,20260925T013701Z
2026,1,REG,2026_01_WAS_PHI,00-0040242,WAS,PHI,1,1,-7,0,0,0,-7,0.0,0,-1.34161964408122,0,0,0,0,0,1.0,0.0344827586206897,-0.0220820189274448,0.0362667246818231,20260925T013701Z
2026,1,REG,2026_01_MIA_LV,00-0040248,MIA,LV,0,0,0,0,0,0,0,0.0,0,,0,0,0,0,0,,0.0,0.0,0.0,20260925T013701Z
2026,1,REG,2026_01_CLE_JAX,00-0040255,CLE,JAX,0,0,0,0,0,0,0,0.0,0,,0,0,0,0,0,,0.0,0.0,0.0,20260925T013701Z
2026,1,REG,2026_01_CLE_JAX,00-0040261,CLE,JAX,0,0,0,0,0,0,0,0.0,0,,0,0,0,0,0,,0.0,0.0,0.0,20260925T013701Z
2026,1,REG,2026_01_CLE_JAX,00-0040263,CLE,JAX,0,0,0,0,0,0,0,0.0,0,,0,0,0,0,0,,0.0,0.0,0.0,20260925T013701Z
2026,1,REG,2026_01_CHI_CAR,00-0040277,CHI,CAR,1,1,1,1,0,0,1,0.0,1,1.37591298378538,0,0,0,0,0,1.0,0.0384615384615385,0.00313479623824451,0.0598866650590789,20260925T013701Z
2026,1,REG,2026_01_CHI_CAR,00-0040279,CAR,CHI,0,0,0,0,0,0,0,0.0,0,,0,0,0,0,0,,0.0,0.0,0.0,20260925T013701Z
2026,1,REG,2026_01_CLE_JAX,00-0040326,JAX,CLE,0,0,0,0,0,0,0,0.0,0,,0,0,0,0,0,,0.0,0.0,0.0,20260925T013701Z
2026,1,REG,2026_01_CLE_JAX,00-0040342,JAX,CLE,0,0,0,0,0,0,0,0.0,0,,0,0,0,0,0,,0.0,0.0,0.0,20260925T013701Z
2026,1,REG,2026_01_BUF_HOU,00-0040363,BUF,HOU,0,0,0,0,0,0,0,0.0,0,,0,0,0,0,0,,0.0,0.0,0.0,20260925T013701Z
2026,1,REG,2026_01_TB_CIN,00-0040429,TB,CIN,0,0,0,0,0,0,0,0.0,0,,0,0,0,0,0,,0.0,0.0,0.0,20260925T013701Z
2026,1,REG,2026_01_DEN_KC,00-0040449,DEN,KC,0,0,0,0,0,0,0,0.0,0,,0,0,0,0,0,,0.0,0.0,0.0,20260925T013701Z
2026,1,REG,2026_01_CHI_CAR,00-0040458,CAR,CHI,0,0,0,0,0,0,0,0.0,0,,0,0,0,0,0,,0.0,0.0,0.0,20260925T013701Z
2026,1,REG,2026_01_CLE_JAX,00-0040466,CLE,JAX,3,3,25,0,0,0,-6,31.0,1,0.511455062776804,0,1,0,0,0,-4.16666666666667,0.136363636363636,-0.0263157894736842,0.186124401913876,20260925T013701Z
2026,1,REG,2026_01_GB_MIN,00-0040506,MIN,GB,0,0,0,0,0,0,0,0.0,0,,0,0,0,0,0,,0.0,0.0,0.0,20260925T013701Z
2026,1,REG,2026_01_NE_SEA,00-0040556,NE,SEA,0,0,0,0,0,0,0,0.0,0,,0,0,0,0,0,,0.0,0.0,0.0,20260925T013701Z
2026,1,REG,2026_01_NE_SEA,00-0040568,NE,SEA,2,2,9,0,0,0,-3,12.0,1,0.0763149423291907,0,1,0,0,0,-3.0,0.0645161290322581,-0.0135746606334842,0.0872719311049482,20260925T013701Z
2026,1,REG,2026_01_NE_SEA,00-0040574,NE,SEA,0,0,0,0,0,0,0,0.0,0,,0,0,0,0,0,,0.0,0.0,0.0,20260925T013701Z
2026,1,REG,2026_01_CLE_JAX,00-0040579,CLE,JAX,0,0,0,0,0,0,0,0.0,0,,0,0,0,0,0,,0.0,0.0,0.0,20260925T013701Z
2026,1,REG,2026_01_SF_LA,00-0040580,LA,SF,0,0,0,0,0,0,0,0.0,0,,0,0,0,0,0,,0.0,0.0,0.0,20260925T013701Z
2026,1,REG,2026_01_NYJ_TEN,00-0040582,NYJ,TEN,0,1,0,0,0,0,4,0.0,0,-0.597929609240964,0,0,0,0,0,0.0,0.0434782608695652,0.0238095238095238,0.0818840579710145,20260925T013701Z
2026,1,REG,2026_01_BUF_HOU,00-0040583,HOU,BUF,1,1,-2,0,0,0,-2,0.0,0,-1.37441831594333,0,0,0,0,0,1.0,0.027027027027027,-0.0062111801242236,0.036192714453584,20260925T013701Z
2026,1,REG,2026_01_NYJ_TEN,00-0040584,TEN,NYJ,4,5,28,0,0,0,17,22.0,1,-0.861613036133349,0,2,0,0,0,1.64705882352941,0.178571428571429,0.0894736842105263,0.330488721804511,20260925T013701Z
2026,1,REG,2026_01_SF_LA,00-0040585,LA,SF,0,0,0,0,0,0,0,0.0,0,,0,0,0,0,0,,0.0,0.0,0.0,20260925T013701Z
2026,1,REG,2026_01_SF_LA,00-0040590,LA,SF,0,1,0,0,0,0,13,0.0,0,-0.568224496557377,0,0,0,0,0,0.0,0.037037037037037,0.0509803921568627,0.0912418300653595,20260925T013701Z
2026,1,REG,2026_01_SF_LA,00-0040613,LA,SF,0,0,0,0,0,0,0,0.0,0,,0,0,0,0,0,,0.0,0.0,0.0,20260925T013701Z
2026,1,REG,2026_01_NE_SEA,00-0040621,SEA,NE,0,0,0,0,0,0,0,0.0,0,,0,0,0,0,0,,0.0,0.0,0.0,20260925T013701Z
2026,1,REG,2026_01_DEN_KC,00-0040634,DEN,KC,0,0,0,0,0,0,0,0.0,0,,0,0,0,0,0,,0.0,0.0,0.0,20260925T013701Z
2026,1,REG,2026_01_BAL_IND,00-0040636,BAL,IND,0,0,0,0,0,0,0,0.0,0,,0,0,0,0,0,,0.0,0.0,0.0,20260925T013701Z
2026,1,REG,2026_01_DEN_KC,00-0040640,KC,DEN,0,0,0,0,0,0,0,0.0,0,,0,0,0,0,0,,0.0,0.0,0.0,20260925T013701Z
2026,1,REG,2026_01_MIA_LV,00-0040641,LV,MIA,0,0,0,0,0,0,0,0.0,0,,0,0,0,0,0,,0.0,0.0,0.0,20260925T013701Z
2026,1,REG,2026_01_NO_DET,00-0040642,NO,DET,0,0,0,0,0,0,0,0.0,0,,0,0,0,0,0,,0.0,0.0,0.0,20260925T013701Z
2026,1,REG,2026_01_NO_DET,00-0040643,NO,DET,0,0,0,0,0,0,0,0.0,0,,0,0,0,0,0,,0.0,0.0,0.0,20260925T013701Z
2026,1,REG,2026_01_DEN_KC,00-0040646,KC,DEN,0,0,0,0,0,0,0,0.0,0,,0,0,0,0,0,,0.0,0.0,0.0,20260925T013701Z
2026,1,REG,2026_01_NE_SEA,00-0040647,SEA,NE,0,0,0,0,0,0,0,0.0,0,,0,0,0,0,0,,0.0,0.0,0.0,20260925T013701Z
2026,1,REG,2026_01_BUF_HOU,00-0040654,HOU,BUF,0,0,0,0,0,0,0,0.0,0,,0,0,0,0,0,,0.0,0.0,0.0,20260925T013701Z
2026,1,REG,2026_01_CLE_JAX,00-0040663,CLE,JAX,2,3,21,0,0,0,10,14.0,1,-0.18391186511144,0,1,0,0,0,2.1,0.136363636363636,0.043859649122807,0.235247208931419,20260925T013701Z
2026,1,REG,2026_01_ARI_LAC,00-0040666,LAC,ARI,0,0,0,0,0,0,0,0.0,0,,0,0,0,0,0,,0.0,0.0,0.0,20260925T013701Z
2026,1,REG,2026_01_GB_MIN,00-0040667,GB,MIN,6,12,95,0,0,0,137,35.0,4,0.761358661252918,0,3,2,2,1,0.693430656934307,0.3,0.292110874200426,0.654477611940298,20260925T013701Z
2026,1,REG,2026_01_NO_DET,00-0040669,DET,NO,0,1,0,0,0,0,3,0.0,0,-0.571687055751681,0,0,0,0,0,0.0,0.0256410256410256,0.0144927536231884,0.0486064659977703,20260925T013701Z
2026,1,REG,2026_01_DEN_KC,00-0040670,KC,DEN,0,0,0,0,0,0,0,0.0,0,,0,0,0,0,0,,0.0,0.0,0.0,20260925T013701Z
2026,1,REG,2026_01_NO_DET,00-0040672,DET,NO,0,0,0,0,0,0,0,0.0,0,,0,0,0,0,0,,0.0,0.0,0.0,20260925T013701Z
2026,1,REG,2026_01_NYJ_TEN,00-0040676,TEN,NYJ,0,0,0,0,0,0,0,0.0,0,,0,0,0,0,0,,0.0,0.0,0.0,20260925T013701Z
2026,1,REG,2026_01_DAL_NYG,00-0040677,NYG,DAL,0,0,0,0,0,0,0,0.0,0,,0,0,0,0,0,,0.0,0.0,0.0,20260925T013701Z
2026,1,REG,2026_01_ATL_PIT,00-0040678,PIT,ATL,0,0,0,0,0,0,0,0.0,0,,0,0,0,0,0,,0.0,0.0,0.0,20260925T013701Z
2026,1,REG,2026_01_CLE_JAX,00-0040685,CLE,JAX,0,0,0,0,0,0,0,0.0,0,,0,0,0,0,0,,0.0,0.0,0.0,20260925T013701Z
2026,1,REG,2026_01_WAS_PHI,00-0040686,WAS,PHI,0,0,0,0,0,0,0,0.0,0,,0,0,0,0,0,,0.0,0.0,0.0,20260925T013701Z
2026,1,REG,2026_01_BAL_IND,00-0040688,BAL,IND,0,0,0,0,0,0,0,0.0,0,,0,0,0,0,0,,0.0,0.0,0.0,20260925T013701Z
2026,1,REG,2026_01_DAL_NYG,00-0040691,NYG,DAL,0,0,0,0,0,0,0,0.0,0,,0,0,0,0,0,,0.0,0.0,0.0,20260925T013701Z
2026,1,REG,2026_01_NE_SEA,00-0040699,NE,SEA,0,0,0,0,0,0,0,0.0,0,,0,0,0,0,0,,0.0,0.0,0.0,20260925T013701Z
2026,1,REG,2026_01_NYJ_TEN,00-0040705,TEN,NYJ,1,1,7,0,0,0,3,4.0,0,0.292017281404696,0,0,0,0,0,2.33333333333333,0.0357142857142857,0.0157894736842105,0.0646240601503759,20260925T013701Z
2026,1,REG,2026_01_ARI_LAC,00-0040706,ARI,LAC,0,0,0,0,0,0,0,0.0,0,,0,0,0,0,0,,0.0,0.0,0.0,20260925T013701Z
2026,1,REG,2026_01_WAS_PHI,00-0040708,PHI,WAS,0,0,0,0,0,0,0,0.0,0,,0,0,0,0,0,,0.0,0.0,0.0,20260925T013701Z
2026,1,REG,2026_01_BUF_HOU,00-0040709,BUF,HOU,0,0,0,0,0,0,0,0.0,0,,0,0,0,0,0,,0.0,0.0,0.0,20260925T013701Z
2026,1,REG,2026_01_BUF_HOU,00-0040710,BUF,HOU,0,0,0,0,0,0,0,0.0,0,,0,0,0,0,0,,0.0,0.0,0.0,20260925T013701Z
2026,1,REG,2026_01_SF_LA,00-0040711,SF,LA,0,0,0,0,0,0,0,0.0,0,,0,0,0,0,0,,0.0,0.0,0.0,20260925T013701Z
2026,1,REG,2026_01_DAL_NYG,00-0040715,NYG,DAL,0,0,0,0,0,0,0,0.0,0,,0,0,0,0,0,,0.0,0.0,0.0,20260925T013701Z
2026,1,REG,2026_01_NE_SEA,00-0040716,NE,SEA,0,0,0,0,0,0,0,0.0,0,,0,0,0,0,0,,0.0,0.0,0.0,20260925T013701Z
2026,1,REG,2026_01_CLE_JAX,00-0040718,JAX,CLE,1,1,8,0,0,0,-3,11.0,0,0.334312981576659,0,0,0,0,0,0.0,0.0476190476190476,-0.012396694214876,0.0627508854781582,20260925T013701Z
2026,1,REG,2026_01_CLE_JAX,00-0040719,JAX,CLE,1,1,22,0,0,0,-5,27.0,1,1.26137215935159,0,1,1,1,0,-4.4,0.0476190476190476,-0.0206611570247934,0.0569657615112161,20260925T013701Z
2026,1,REG,2026_01_DEN_KC,00-0040720,DEN,KC,0,0,0,0,0,0,0,0.0,0,,0,0,0,0,0,,0.0,0.0,0.0,20260925T013701Z
2026,1,REG,2026_01_DAL_NYG,00-0040725,DAL,NYG,0,0,0,0,0,0,0,0.0,0,,0,0,0,0,0,,0.0,0.0,0.0,20260925T013701Z
2026,1,REG,2026_01_ARI_LAC,00-0040727,LAC,ARI,3,6,20,0,0,0,47,9.0,0,-3.34935215313453,0,1,0,0,0,0.425531914893617,0.222222222222222,0.172161172161172,0.453846153846154,20260925T013701Z
2026,1,REG,2026_01_NO_DET,00-0040728,DET,NO,0,0,0,0,0,0,0,0.0,0,,0,0,0,0,0,,0.0,0.0,0.0,20260925T013701Z
2026,1,REG,2026_01_MIA_LV,00-0040729,LV,MIA,3,4,23,1,0,0,32,7.0,1,-2.95521616213955,0,1,0,0,0,0.71875,0.137931034482759,0.141592920353982,0.306011595971926,20260925T013701Z
2026,1,REG,2026_01_DEN_KC,00-0040730,DEN,KC,4,4,23,0,0,0,-22,45.0,0,-0.0804222719743848,0,1,0,0,0,-1.04545454545455,0.148148148148148,-0.239130434782609,0.0548309178743961,20260925T013701Z
2026,1,REG,2026_01_CHI_CAR,00-0040735,CHI,CAR,5,5,63,0,1,1,36,27.0,2,1.54251239891164,0,3,1,1,0,1.75,0.192307692307692,0.112852664576803,0.3674584036653,20260925T013701Z
2026,1,REG,2026_01_NYJ_TEN,00-0040736,NYJ,TEN,2,3,-2,0,0,0,1,0.0,0,-2.38240682665492,0,0,0,0,0,-2.0,0.130434782608696,0.00595238095238095,0.19981884057971,20260925T013701Z
2026,1,REG,2026_01_SF_LA,00-0040737,LA,SF,0,1,0,0,0,0,24,0.0,0,-2.77673818939365,0,0,0,0,0,0.0,0.037037037037037,0.0941176470588235,0.121437908496732,20260925T013701Z
2026,1,REG,2026_01_TB_CIN,00-0040738,CIN,TB,0,0,0,0,0,0,0,0.0,0,,0,0,0,0,0,,0.0,0.0,0.0,20260925T013701Z
2026,1,REG,2026_01_NO_DET,00-0040743,NO,DET,0,0,0,0,0,0,0,0.0,0,,0,0,0,0,0,,0.0,0.0,0.0,20260925T013701Z
2026,1,REG,2026_01_BAL_IND,00-0040744,IND,BAL,0,0,0,0,0,0,0,0.0,0,,0,0,0,0,0,,0.0,0.0,0.0,20260925T013701Z
2026,1,REG,2026_01_BUF_HOU,00-0040745,HOU,BUF,0,0,0,0,0,0,0,0.0,0,,0,0,0,0,0,,0.0,0.0,0.0,20260925T013701Z
2026,1,REG,2026_01_TB_CIN,00-0040747,TB,CIN,0,0,0,0,0,0,0,0.0,0,,0,0,0,0,0,,0.0,0.0,0.0,20260925T013701Z
2026,1,REG,2026_01_WAS_PHI,00-0040749,PHI,WAS,0,0,0,0,0,0,0,0.0,0,,0,0,0,0,0,,0.0,0.0,0.0,20260925T013701Z
2026,1,REG,2026_01_ARI_LAC,00-0040751,ARI,LAC,0,0,0,0,0,0,0,0.0,0,,0,0,0,0,0,,0.0,0.0,0.0,20260925T013701Z
2026,1,REG,2026_01_NYJ_TEN,00-0040752,TEN,NYJ,0,0,0,0,0,0,0,0.0,0,,0,0,0,0,0,,0.0,0.0,0.0,20260925T013701Z
2026,1,REG,2026_01_CLE_JAX,00-0040784,CLE,JAX,2,2,17,0,0,0,1,16.0,1,0.133373425633181,0,1,1,0,0,17.0,0.0909090909090909,0.0043859649122807,0.139433811802233,20260925T013701Z
2026,1,REG,2026_01_TB_CIN,00-0040785,CIN,TB,1,1,18,0,0,0,2,16.0,1,1.03430245193886,0,1,1,0,0,9.0,0.0294117647058824,0.00884955752212389,0.0503123373243103,20260925T013701Z
2026,1,REG,2026_01_DAL_NYG,00-0040865,DAL,NYG,0,0,0,0,0,0,0,0.0,0,,0,0,0,0,0,,0.0,0.0,0.0,20260925T013701Z
2026,1,REG,2026_01_BAL_IND,00-0040866,BAL,IND,0,0,0,0,0,0,0,0.0,0,,0,0,0,0,0,,0.0,0.0,0.0,20260925T013701Z
2026,1,REG,2026_01_WAS_PHI,00-0040867,PHI,WAS,3,4,-5,0,0,0,0,3.0,0,-3.88518480863422,0,0,0,0,0,0.0,0.181818181818182,0.0,0.272727272727273,20260925T013701Z
2026,1,REG,2026_01_MIA_LV,00-0040868,LV,MIA,0,0,0,0,0,0,0,0.0,0,,0,0,0,0,0,,0.0,0.0,0.0,20260925T013701Z
2026,1,REG,2026_01_GB_MIN,00-0040869,GB,MIN,0,0,0,0,0,0,0,0.0,0,,0,0,0,0,0,,0.0,0.0,0.0,20260925T013701Z
2026,1,REG,2026_01_BAL_IND,00-0040870,BAL,IND,1,3,11,0,0,0,30,4.0,0,-4.01956192951184,0,1,0,0,0,0.366666666666667,0.125,0.111524163568773,0.265566914498141,20260925T013701Z
2026,1,REG,2026_01_DAL_NYG,00-0040872,DAL,NYG,0,0,0,0,0,0,0,0.0,0,,0,0,0,0,0,,0.0,0.0,0.0,20260925T013701Z
2026,1,REG,2026_01_GB_MIN,00-0040877,GB,MIN,0,0,0,0,0,0,0,0.0,0,,0,0,0,0,0,,0.0,0.0,0.0,20260925T013701Z
2026,1,REG,2026_01_MIA_LV,00-0040878,LV,MIA,0,0,0,0,0,0,0,0.0,0,,0,0,0,0,0,,0.0,0.0,0.0,20260925T013701Z
2026,1,REG,2026_01_BAL_IND,00-0040879,BAL,IND,1,1,13,0,0,0,1,12.0,1,0.853725885564927,0,1,0,0,0,13.0,0.0416666666666667,0.00371747211895911,0.0651022304832714,20260925T013701Z
2026,1,REG,2026_01_DAL_NYG,00-0040880,DAL,NYG,0,0,0,0,0,0,0,0.0,0,,0,0,0,0,0,,0.0,0.0,0.0,20260925T013701Z
2026,1,REG,2026_01_MIA_LV,00-0040889,LV,MIA,0,0,0,0,0,0,0,0.0,0,,0,0,0,0,0,,0.0,0.0,0.0,20260925T013701Z
2026,1,REG,2026_01_DEN_KC,00-0040890,KC,DEN,0,1,0,0,0,0,5,0.0,0,-1.60270352917723,0,0,0,0,0,0.0,0.04,0.037593984962406,0.0863157894736842,20260925T013701Z
2026,1,REG,2026_01_MIA_LV,00-0040894,LV,MIA,1,2,6,0,0,0,31,7.0,0,-0.387330326251686,0,0,0,0,0,0.193548387096774,0.0689655172413793,0.13716814159292,0.199465974977113,20260925T013701Z
2026,1,REG,2026_01_BAL_IND,00-0040898,BAL,IND,0,0,0,0,0,0,0,0.0,0,,0,0,0,0,0,,0.0,0.0,0.0,20260925T013701Z
2026,1,REG,2026_01_GB_MIN,00-0040899,GB,MIN,0,0,0,0,0,0,0,0.0,0,,0,0,0,0,0,,0.0,0.0,0.0,20260925T013701Z
2026,1,REG,2026_01_DEN_KC,00-0040957,KC,DEN,0,0,0,0,0,0,0,0.0,0,,0,0,0,0,0,,0.0,0.0,0.0,20260925T013701Z
2026,1,REG,2026_01_BAL_IND,00-0040978,BAL,IND,0,0,0,0,0,0,0,0.0,0,,0,0,0,0,0,,0.0,0.0,0.0,20260925T013701Z
2026,1,REG,2026_01_DEN_KC,00-0041013,KC,DEN,2,2,44,0,0,0,-8,52.0,1,4.31936525634956,0,2,2,1,0,-5.5,0.08,-0.0601503759398496,0.0778947368421053,20260925T013701Z
2026,1,REG,2026_01_DEN_KC,00-0041019,KC,DEN,0,0,0,0,0,0,0,0.0,0,,0,0,0,0,0,,0.0,0.0,0.0,20260925T013701Z
2026,1,REG,2026_01_NYJ_TEN,00-0041026,NYJ,TEN,0,0,0,0,0,0,0,0.0,0,,0,0,0,0,0,,0.0,0.0,0.0,20260925T013701Z
2026,1,REG,2026_01_ARI_LAC,00-0041027,ARI,LAC,2,4,9,0,0,0,5,5.0,0,-1.57084357133135,0,0,0,0,0,1.8,0.108108108108108,0.0176678445229682,0.17452965332824,20260925T013701Z
2026,1,REG,2026_01_WAS_PHI,00-0041028,WAS,PHI,0,0,0,0,0,0,0,0.0,0,,0,0,0,0,0,,0.0,0.0,0.0,20260925T013701Z
2026,1,REG,2026_01_TB_CIN,00-0041031,TB,CIN,0,0,0,0,0,0,0,0.0,0,,0,0,0,0,0,,0.0,0.0,0.0,20260925T013701Z
2026,1,REG,2026_01_NYJ_TEN,00-0041032,NYJ,TEN,3,3,21,0,0,0,0,21.0,0,0.507726678508334,0,0,0,0,0,0.0,0.130434782608696,0.0,0.195652173913043,20260925T013701Z
2026,1,REG,2026_01_CHI_CAR,00-0041034,CAR,CHI,0,0,0,0,0,0,0,0.0,0,,0,0,0,0,0,,0.0,0.0,0.0,20260925T013701Z
2026,1,REG,2026_01_BUF_HOU,00-0041036,BUF,HOU,0,0,0,0,0,0,0,0.0,0,,0,0,0,0,0,,0.0,0.0,0.0,20260925T013701Z
2026,1,REG,2026_01_CLE_JAX,00-0041037,CLE,JAX,2,4,59,1,0,0,114,2.0,2,5.16982886556729,0,2,1,1,1,0.517543859649123,0.181818181818182,0.5,0.622727272727273,20260925T013701Z
2026,1,REG,2026_01_WAS_PHI,00-0041040,WAS,PHI,4,4,64,1,0,0,55,9.0,4,8.80670147121418,0,3,2,1,0,1.16363636363636,0.137931034482759,0.173501577287066,0.328347655825084,20260925T013701Z
2026,1,REG,2026_01_DAL_NYG,00-0041042,NYG,DAL,2,4,25,0,0,0,71,15.0,1,0.529751836671494,0,1,1,0,0,0.352112676056338,0.137931034482759,0.289795918367347,0.409753694581281,20260925T013701Z
2026,1,REG,2026_01_BAL_IND,00-0041043,IND,BAL,0,0,0,0,0,0,0,0.0,0,,0,0,0,0,0,,0.0,0.0,0.0,20260925T013701Z
2026,1,REG,2026_01_ATL_PIT,00-0041044,ATL,PIT,0,0,0,0,0,0,0,0.0,0,,0,0,0,0,0,,0.0,0.0,0.0,20260925T013701Z
2026,1,REG,2026_01_CLE_JAX,00-0041045,JAX,CLE,0,0,0,0,0,0,0,0.0,0,,0,0,0,0,0,,0.0,0.0,0.0,20260925T013701Z
2026,1,REG,2026_01_GB_MIN,00-0041046,MIN,GB,0,0,0,0,0,0,0,0.0,0,,0,0,0,0,0,,0.0,0.0,0.0,20260925T013701Z
2026,1,REG,2026_01_TB_CIN,00-0041048,TB,CIN,3,3,36,0,0,0,34,2.0,2,2.31741993426112,0,2,1,0,0,1.05882352941176,0.111111111111111,0.237762237762238,0.333100233100233,20260925T013701Z
2026,1,REG,2026_01_SF_LA,00-0041052,SF,LA,1,1,5,0,0,0,-5,10.0,0,0.179298444883898,0,0,0,0,0,-1.0,0.0294117647058824,-0.0335570469798658,0.0206277141729175,20260925T013701Z
2026,1,REG,2026_01_TB_CIN,00-0041057,TB,CIN,0,0,0,0,0,0,0,0.0,0,,0,0,0,0,0,,0.0,0.0,0.0,20260925T013701Z
2026,1,REG,2026_01_CHI_CAR,00-0041060,CHI,CAR,0,0,0,0,0,0,0,0.0,0,,0,0,0,0,0,,0.0,0.0,0.0,20260925T013701Z
2026,1,REG,2026_01_CHI_CAR,00-0041063,CAR,CHI,0,0,0,0,0,0,0,0.0,0,,0,0,0,0,0,,0.0,0.0,0.0,20260925T013701Z
2026,1,REG,2026_01_ARI_LAC,00-0041064,LAC,ARI,0,0,0,0,0,0,0,0.0,0,,0,0,0,0,0,,0.0,0.0,0.0,20260925T013701Z
2026,1,REG,2026_01_ATL_PIT,00-0041066,ATL,PIT,0,0,0,0,0,0,0,0.0,0,,0,0,0,0,0,,0.0,0.0,0.0,20260925T013701Z
2026,1,REG,2026_01_NO_DET,00-0041067,NO,DET,3,4,42,0,0,0,40,7.0,2,3.17787699772464,0,2,1,0,0,1.05,0.0769230769230769,0.082815734989648,0.173355629877369,20260925T013701Z
2026,1,REG,2026_01_SF_LA,00-0041078,SF,LA,0,0,0,0,0,0,0,0.0,0,,0,0,0,0,0,,0.0,0.0,0.0,20260925T013701Z
2026,1,REG,2026_01_ARI_LAC,00-0041093,ARI,LAC,0,0,0,0,0,0,0,0.0,0,,0,0,0,0,0,,0.0,0.0,0.0,20260925T013701Z
2026,1,REG,2026_01_TB_CIN,00-0041094,TB,CIN,0,0,0,0,0,0,0,0.0,0,,0,0,0,0,0,,0.0,0.0,0.0,20260925T013701Z
2026,1,REG,2026_01_WAS_PHI,00-0041096,WAS,PHI,0,0,0,0,0,0,0,0.0,0,,0,0,0,0,0,,0.0,0.0,0.0,20260925T013701Z
2026,1,REG,2026_01_NO_DET,00-0041099,NO,DET,0,0,0,0,0,0,0,0.0,0,,0,0,0,0,0,,0.0,0.0,0.0,20260925T013701Z
2026,1,REG,2026_01_CLE_JAX,00-0041100,JAX,CLE,2,2,20,1,0,0,18,2.0,2,2.19564546074253,0,1,1,0,0,1.11111111111111,0.0952380952380952,0.0743801652892562,0.194923258559622,20260925T013701Z
2026,1,REG,2026_01_NE_SEA,00-0041109,NE,SEA,0,0,0,0,0,0,0,0.0,0,,0,0,0,0,0,,0.0,0.0,0.0,20260925T013701Z
2026,1,REG,2026_01_BAL_IND,00-0041111,IND,BAL,0,0,0,0,0,0,0,0.0,0,,0,0,0,0,0,,0.0,0.0,0.0,20260925T013701Z
2026,1,REG,2026_01_ATL_PIT,00-0041112,ATL,PIT,0,0,0,0,0,0,0,0.0,0,,0,0,0,0,0,,0.0,0.0,0.0,20260925T013701Z
2026,1,REG,2026_01_BAL_IND,00-0041125,IND,BAL,1,1,0,0,0,0,-2,2.0,0,-1.75167942097931,0,0,0,0,0,0.0,0.0344827586206897,-0.0099502487562189,0.0447589638016813,20260925T013701Z
2026,1,REG,2026_01_BUF_HOU,00-0041126,BUF,HOU,0,0,0,0,0,0,0,0.0,0,,0,0,0,0,0,,0.0,0.0,0.0,20260925T013701Z
2026,1,REG,2026_01_CLE_JAX,00-0041131,CLE,JAX,0,0,0,0,0,0,0,0.0,0,,0,0,0,0,0,,0.0,0.0,0.0,20260925T013701Z
2026,1,REG,2026_01_DAL_NYG,00-0041145,NYG,DAL,0,0,0,0,0,0,0,0.0,0,,0,0,0,0,0,,0.0,0.0,0.0,20260925T013701Z
2026,1,REG,2026_01_CHI_CAR,00-0041148,CAR,CHI,0,0,0,0,0,0,0,0.0,0,,0,0,0,0,0,,0.0,0.0,0.0,20260925T013701Z
2026,1,REG,2026_01_CHI_CAR,00-0041167,CHI,CAR,0,0,0,0,0,0,0,0.0,0,,0,0,0,0,0,,0.0,0.0,0.0,20260925T013701Z
2026,1,REG,2026_01_CHI_CAR,00-0041175,CHI,CAR,0,0,0,0,0,0,0,0.0,0,,0,0,0,0,0,,0.0,0.0,0.0,20260925T013701Z
2026,1,REG,2026_01_WAS_PHI,00-0041182,WAS,PHI,0,0,0,0,0,0,0,0.0,0,,0,0,0,0,0,,0.0,0.0,0.0,20260925T013701Z
2026,1,REG,2026_01_BAL_IND,00-0041227,IND,BAL,0,0,0,0,0,0,0,0.0,0,,0,0,0,0,0,,0.0,0.0,0.0,20260925T013701Z
2026,1,REG,2026_01_BUF_HOU,00-0041305,HOU,BUF,0,0,0,0,0,0,0,0.0,0,,0,0,0,0,0,,0.0,0.0,0.0,20260925T013701Z
2026,1,REG,2026_01_BAL_IND,00-0041320,IND,BAL,0,0,0,0,0,0,0,0.0,0,,0,0,0,0,0,,0.0,0.0,0.0,20260925T013701Z
2026,1,REG,2026_01_NO_DET,00-0041326,NO,DET,1,2,-2,0,0,0,5,4.0,0,-1.28628242237028,0,0,0,0,0,-0.4,0.0384615384615385,0.010351966873706,0.0649386845039019,20260925T013701Z
2026,1,REG,2026_01_GB_MIN,00-0041354,MIN,GB,0,0,0,0,0,0,0,0.0,0,,0,0,0,0,0,,0.0,0.0,0.0,20260925T013701Z
2026,1,REG,2026_01_SF_LA,00-0041363,SF,LA,0,0,0,0,0,0,0,0.0,0,,0,0,0,0,0,,0.0,0.0,0.0,20260925T013701Z
2026,1,REG,2026_01_NO_DET,00-0041390,NO,DET,0,0,0,0,0,0,0,0.0,0,,0,0,0,0,0,,0.0,0.0,0.0,20260925T013701Z
2026,1,REG,2026_01_BUF_HOU,00-0041391,BUF,HOU,0,0,0,0,0,0,0,0.0,0,,0,0,0,0,0,,0.0,0.0,0.0,20260925T013701Z
2026,1,REG,2026_01_ARI_LAC,00-0041392,LAC,ARI,0,0,0,0,0,0,0,0.0,0,,0,0,0,0,0,,0.0,0.0,0.0,20260925T013701Z
2026,1,REG,2026_01_ATL_PIT,00-0041393,PIT,ATL,0,0,0,0,0,0,0,0.0,0,,0,0,0,0,0,,0.0,0.0,0.0,20260925T013701Z
2026,1,REG,2026_01_NE_SEA,00-0041395,NE,SEA,1,1,2,1,0,0,2,0.0,1,0.840626145160059,0,0,0,0,0,1.0,0.032258064516129,0.00904977375565611,0.0547219384031528,20260925T013701Z
2026,1,REG,2026_01_ATL_PIT,00-0041397,PIT,ATL,0,0,0,0,0,0,0,0.0,0,,0,0,0,0,0,,0.0,0.0,0.0,20260925T013701Z
2026,1,REG,2026_01_ATL_PIT,00-0041398,PIT,ATL,0,0,0,0,0,0,0,0.0,0,,0,0,0,0,0,,0.0,0.0,0.0,20260925T013701Z
2026,1,REG,2026_01_ATL_PIT,00-0041401,PIT,ATL,0,0,0,0,0,0,0,0.0,0,,0,0,0,0,0,,0.0,0.0,0.0,20260925T013701Z
2026,1,REG,2026_01_NYJ_TEN,00-0041438,TEN,NYJ,4,6,38,0,0,0,67,9.0,1,0.303613040363416,0,2,0,0,0,0.567164179104478,0.214285714285714,0.352631578947368,0.568270676691729,20260925T013701Z
2026,1,REG,2026_01_BUF_HOU,00-0041444,BUF,HOU,0,0,0,0,0,0,0,0.0,0,,0,0,0,0,0,,0.0,0.0,0.0,20260925T013701Z
2026,1,REG,2026_01_NO_DET,00-0041445,DET,NO,0,0,0,0,0,0,0,0.0,0,,0,0,0,0,0,,0.0,0.0,0.0,20260925T013701Z
2026,1,REG,2026_01_NO_DET,00-0041447,DET,NO,0,0,0,0,0,0,0,0.0,0,,0,0,0,0,0,,0.0,0.0,0.0,20260925T013701Z
2026,1,REG,2026_01_NO_DET,00-0041459,DET,NO,0,0,0,0,0,0,0,0.0,0,,0,0,0,0,0,,0.0,0.0,0.0,20260925T013701Z
2026,1,REG,2026_01_TB_CIN,00-0041464,CIN,TB,0,0,0,0,0,0,0,0.0,0,,0,0,0,0,0,,0.0,0.0,0.0,20260925T013701Z
2026,1,REG,2026_01_BUF_HOU,00-0041465,HOU,BUF,0,0,0,0,0,0,0,0.0,0,,0,0,0,0,0,,0.0,0.0,0.0,20260925T013701Z
2026,1,REG,2026_01_ATL_PIT,00-0041469,ATL,PIT,0,0,0,0,0,0,0,0.0,0,,0,0,0,0,0,,0.0,0.0,0.0,20260925T013701Z
2026,1,REG,2026_01_GB_MIN,00-0041470,GB,MIN,0,0,0,0,0,0,0,0.0,0,,0,0,0,0,0,,0.0,0.0,0.0,20260925T013701Z
2026,1,REG,2026_01_CLE_JAX,00-0041471,CLE,JAX,0,0,0,0,0,0,0,0.0,0,,0,0,0,0,0,,0.0,0.0,0.0,20260925T013701Z
2026,1,REG,2026_01_BUF_HOU,00-0041472,HOU,BUF,1,1,16,0,0,0,14,2.0,1,1.04552066372707,0,1,1,0,0,1.14285714285714,0.027027027027027,0.0434782608695652,0.0709753231492362,20260925T013701Z
2026,1,REG,2026_01_CHI_CAR,00-0041478,CAR,CHI,0,0,0,0,0,0,0,0.0,0,,0,0,0,0,0,,0.0,0.0,0.0,20260925T013701Z
2026,1,REG,2026_01_NYJ_TEN,00-0041479,TEN,NYJ,0,0,0,0,0,0,0,0.0,0,,0,0,0,0,0,,0.0,0.0,0.0,20260925T013701Z
2026,1,REG,2026_01_ATL_PIT,00-0041490,PIT,ATL,0,0,0,0,0,0,0,0.0,0,,0,0,0,0,0,,0.0,0.0,0.0,20260925T013701Z
2026,1,REG,2026_01_GB_MIN,00-0041495,MIN,GB,0,0,0,0,0,0,0,0.0,0,,0,0,0,0,0,,0.0,0.0,0.0,20260925T013701Z
2026,1,REG,2026_01_DEN_KC,00-0041496,DEN,KC,0,0,0,0,0,0,0,0.0,0,,0,0,0,0,0,,0.0,0.0,0.0,20260925T013701Z
2026,1,REG,2026_01_DEN_KC,00-0041497,KC,DEN,0,0,0,0,0,0,0,0.0,0,,0,0,0,0,0,,0.0,0.0,0.0,20260925T013701Z
2026,1,REG,2026_01_DEN_KC,00-0041501,KC,DEN,0,0,0,0,0,0,0,0.0,0,,0,0,0,0,0,,0.0,0.0,0.0,20260925T013701Z
2026,1,REG,2026_01_TB_CIN,00-0041502,TB,CIN,0,0,0,0,0,0,0,0.0,0,,0,0,0,0,0,,0.0,0.0,0.0,20260925T013701Z
2026,1,REG,2026_01_CLE_JAX,00-0041503,JAX,CLE,1,1,9,0,0,0,2,7.0,0,0.931658236077055,0,0,0,0,0,4.5,0.0476190476190476,0.00826446280991736,0.0772136953955136,20260925T013701Z
2026,1,REG,2026_01_NYJ_TEN,00-0041508,TEN,NYJ,0,0,0,0,0,0,0,0.0,0,,0,0,0,0,0,,0.0,0.0,0.0,20260925T013701Z
2026,1,REG,2026_01_DAL_NYG,00-0041509,NYG,DAL,0,0,0,0,0,0,0,0.0,0,,0,0,0,0,0,,0.0,0.0,0.0,20260925T013701Z
2026,1,REG,2026_01_NYJ_TEN,00-0041511,NYJ,TEN,1,1,30,0,0,0,4,26.0,1,3.58215110830497,0,1,1,1,0,7.5,0.0434782608695652,0.0238095238095238,0.0818840579710145,20260925T013701Z
2026,1,REG,2026_01_NE_SEA,00-0041512,SEA,NE,2,2,6,0,0,0,-1,7.0,0,-0.697155370609835,0,0,0,0,0,-6.0,0.0833333333333333,-0.00649350649350649,0.120454545454545,20260925T013701Z
2026,1,REG,2026_01_BAL_IND,00-0041518,IND,BAL,0,0,0,0,0,0,0,0.0,0,,0,0,0,0,0,,0.0,0.0,0.0,20260925T013701Z
2026,1,REG,2026_01_MIA_LV,00-0041521,MIA,LV,0,0,0,0,0,0,0,0.0,0,,0,0,0,0,0,,0.0,0.0,0.0,20260925T013701Z
2026,1,REG,2026_01_MIA_LV,00-0041522,MIA,LV,0,0,0,0,0,0,0,0.0,0,,0,0,0,0,0,,0.0,0.0,0.0,20260925T013701Z
2026,1,REG,2026_01_MIA_LV,00-0041523,MIA,LV,5,7,94,0,0,0,97,35.0,3,1.58381589963726,0,5,2,2,0,0.969072164948454,0.259259259259259,0.313915857605178,0.608629989212513,20260925T013701Z
2026,1,REG,2026_01_MIA_LV,00-0041524,MIA,LV,0,1,0,0,0,0,6,0.0,0,-0.635939047206193,0,0,0,0,0,0.0,0.037037037037037,0.0194174757281553,0.0691477885652643,20260925T013701Z
2026,1,REG,2026_01_MIA_LV,00-0041525,MIA,LV,1,2,25,0,0,0,42,3.0,1,1.47936001827475,0,1,1,1,0,0.595238095238095,0.0740740740740741,0.135922330097087,0.206256742179072,20260925T013701Z
2026,1,REG,2026_01_MIA_LV,00-0041528,MIA,LV,0,0,0,0,0,0,0,0.0,0,,0,0,0,0,0,,0.0,0.0,0.0,20260925T013701Z
2026,1,REG,2026_01_MIA_LV,00-0041529,MIA,LV,0,2,0,0,0,0,24,0.0,0,-2.97507894452428,0,0,0,0,0,0.0,0.0740740740740741,0.0776699029126214,0.165480043149946,20260925T013701Z
2026,1,REG,2026_01_MIA_LV,00-0041533,MIA,LV,0,0,0,0,0,0,0,0.0,0,,0,0,0,0,0,,0.0,0.0,0.0,20260925T013701Z
2026,1,REG,2026_01_DAL_NYG,00-0041537,DAL,NYG,0,0,0,0,0,0,0,0.0,0,,0,0,0,0,0,,0.0,0.0,0.0,20260925T013701Z
2026,1,REG,2026_01_CHI_CAR,00-0041538,CHI,CAR,0,0,0,0,0,0,0,0.0,0,,0,0,0,0,0,,0.0,0.0,0.0,20260925T013701Z
2026,1,REG,2026_01_DEN_KC,00-0041543,KC,DEN,0,0,0,0,0,0,0,0.0,0,,0,0,0,0,0,,0.0,0.0,0.0,20260925T013701Z
2026,1,REG,2026_01_ARI_LAC,00-0041544,LAC,ARI,0,0,0,0,0,0,0,0.0,0,,0,0,0,0,0,,0.0,0.0,0.0,20260925T013701Z
2026,1,REG,2026_01_DEN_KC,00-0041545,KC,DEN,0,0,0,0,0,0,0,0.0,0,,0,0,0,0,0,,0.0,0.0,0.0,20260925T013701Z
2026,1,REG,2026_01_CLE_JAX,00-0041547,CLE,JAX,4,5,43,0,1,1,63,15.0,2,-1.8038932220079,0,1,1,1,0,0.682539682539683,0.227272727272727,0.276315789473684,0.53433014354067,20260925T013701Z
2026,1,REG,2026_01_NYJ_TEN,00-0041549,NYJ,TEN,0,0,0,0,0,0,0,0.0,0,,0,0,0,0,0,,0.0,0.0,0.0,20260925T013701Z
2026,1,REG,2026_01_NE_SEA,00-0041569,NE,SEA,0,0,0,0,0,0,0,0.0,0,,0,0,0,0,0,,0.0,0.0,0.0,20260925T013701Z
2026,1,REG,2026_01_GB_MIN,00-0041581,MIN,GB,0,0,0,0,0,0,0,0.0,0,,0,0,0,0,0,,0.0,0.0,0.0,20260925T013701Z
2026,2,REG,2026_02_PIT_NE,00-0023459,PIT,NE,0,0,0,0,0,0,0,0.0,0,,0,0,0,0,0,,0.0,0.0,0.0,20260925T013701Z
2026,2,REG,2026_02_CAR_ATL,00-0025565,ATL,CAR,0,0,0,0,0,0,0,0.0,0,,0,0,0,0,0,,0.0,0.0,0.0,20260925T013701Z
2026,2,REG,2026_02_NO_BAL,00-0026190,BAL,NO,0,0,0,0,0,0,0,0.0,0,,0,0,0,0,0,,0.0,0.0,0.0,20260925T013701Z
2026,2,REG,2026_02_NYG_LA,00-0026498,LA,NYG,0,0,0,0,0,0,0,0.0,0,,0,0,0,0,0,,0.0,0.0,0.0,20260925T013701Z
2026,2,REG,2026_02_MIA_SF,00-0027857,SF,MIA,0,0,0,0,0,0,0,0.0,0,,0,0,0,0,0,,0.0,0.0,0.0,20260925T013701Z
2026,2,REG,2026_02_WAS_DAL,00-0027940,DAL,WAS,0,0,0,0,0,0,0,0.0,0,,0,0,0,0,0,,0.0,0.0,0.0,20260925T013701Z
2026,2,REG,2026_02_NO_BAL,00-0027962,NO,BAL,0,0,0,0,0,0,0,0.0,0,,0,0,0,0,0,,0.0,0.0,0.0,20260925T013701Z
2026,2,REG,2026_02_PIT_NE,00-0027969,PIT,NE,0,0,0,0,0,0,0,0.0,0,,0,0,0,0,0,,0.0,0.0,0.0,20260925T013701Z
2026,2,REG,2026_02_LV_LAC,00-0029604,LV,LAC,0,0,0,0,0,0,0,0.0,0,,0,0,0,0,0,,0.0,0.0,0.0,20260925T013701Z
2026,2,REG,2026_02_MIN_CHI,00-0029606,MIN,CHI,0,0,0,0,0,0,0,0.0,0,,0,0,0,0,0,,0.0,0.0,0.0,20260925T013701Z
2026,2,REG,2026_02_GB_NYJ,00-0029607,NYJ,GB,0,0,0,0,0,0,0,0.0,0,,0,0,0,0,0,,0.0,0.0,0.0,20260925T013701Z
2026,2,REG,2026_02_WAS_DAL,00-0029692,DAL,WAS,0,0,0,0,0,0,0,0.0,0,,0,0,0,0,0,,0.0,0.0,0.0,20260925T013701Z
2026,2,REG,2026_02_MIN_CHI,00-0029714,MIN,CHI,0,0,0,0,0,0,0,0.0,0,,0,0,0,0,0,,0.0,0.0,0.0,20260925T013701Z
2026,2,REG,2026_02_MIA_SF,00-0029892,SF,MIA,2,2,27,1,0,0,19,8.0,2,3.64390833571088,0,1,1,1,0,1.42105263157895,0.0952380952380952,0.105555555555556,0.216746031746032,20260925T013701Z
2026,2,REG,2026_02_NO_BAL,00-0030070,BAL,NO,0,0,0,0,0,0,0,0.0,0,,0,0,0,0,0,,0.0,0.0,0.0,20260925T013701Z
2026,2,REG,2026_02_CAR_ATL,00-0030092,CAR,ATL,0,0,0,0,0,0,0,0.0,0,,0,0,0,0,0,,0.0,0.0,0.0,20260925T013701Z
2026,2,REG,2026_02_WAS_DAL,00-0030140,WAS,DAL,0,0,0,0,0,0,0,0.0,0,,0,0,0,0,0,,0.0,0.0,0.0,20260925T013701Z
2026,2,REG,2026_02_IND_KC,00-0030279,IND,KC,1,5,5,0,0,0,31,0.0,0,-7.63333810380843,0,0,0,0,0,0.161290322580645,0.166666666666667,0.191358024691358,0.383950617283951,20260925T013701Z
2026,2,REG,2026_02_LV_LAC,00-0030294,LAC,LV,0,0,0,0,0,0,0,0.0,0,,0,0,0,0,0,,0.0,0.0,0.0,20260925T013701Z
2026,2,REG,2026_02_IND_KC,00-0030506,KC,IND,9,11,101,1,0,0,56,66.0,7,5.10771950898762,0,7,3,0,0,1.80357142857143,0.255813953488372,0.213740458015267,0.533339250843245,20260925T013701Z
2026,2,REG,2026_02_PHI_TEN,00-0030561,PHI,TEN,0,0,0,0,0,0,0,0.0,0,,0,0,0,0,0,,0.0,0.0,0.0,20260925T013701Z
2026,2,REG,2026_02_GB_NYJ,00-0030565,NYJ,GB,0,0,0,0,0,0,0,0.0,0,,0,0,0,0,0,,0.0,0.0,0.0,20260925T013701Z
2026,2,REG,2026_02_LV_LAC,00-0031040,LAC,LV,0,0,0,0,0,0,0,0.0,0,,0,0,0,0,0,,0.0,0.0,0.0,20260925T013701Z
2026,2,REG,2026_02_PIT_NE,00-0031054,NE,PIT,0,0,0,0,0,0,0,0.0,0,,0,0,0,0,0,,0.0,0.0,0.0,20260925T013701Z
2026,2,REG,2026_02_PIT_NE,00-0031136,PIT,NE,0,0,0,0,0,0,0,0.0,0,,0,0,0,0,0,,0.0,0.0,0.0,20260925T013701Z
2026,2,REG,2026_02_MIN_CHI,00-0031203,CHI,MIN,0,0,0,0,0,0,0,0.0,0,,0,0,0,0,0,,0.0,0.0,0.0,20260925T013701Z
2026,2,REG,2026_02_NYG_LA,00-0031270,NYG,LA,0,0,0,0,0,0,0,0.0,0,,0,0,0,0,0,,0.0,0.0,0.0,20260925T013701Z
2026,2,REG,2026_02_CAR_ATL,00-0031279,ATL,CAR,0,0,0,0,0,0,0,0.0,0,,0,0,0,0,0,,0.0,0.0,0.0,20260925T013701Z
2026,2,REG,2026_02_PIT_NE,00-0031330,NE,PIT,0,0,0,0,0,0,0,0.0,0,,0,0,0,0,0,,0.0,0.0,0.0,20260925T013701Z
2026,2,REG,2026_02_MIN_CHI,00-0031360,MIN,CHI,0,0,0,0,0,0,0,0.0,0,,0,0,0,0,0,,0.0,0.0,0.0,20260925T013701Z
2026,2,REG,2026_02_NYG_LA,00-0031381,LA,NYG,8,10,195,2,0,0,198,46.0,7,11.7529493872426,0,7,6,4,1,0.984848484848485,0.333333333333333,0.598187311178248,0.918731117824773,20260925T013701Z
2026,2,REG,2026_02_NYG_LA,00-0031388,LA,NYG,0,0,0,0,0,0,0,0.0,0,,0,0,0,0,0,,0.0,0.0,0.0,20260925T013701Z
2026,2,REG,2026_02_MIA_SF,00-0031408,SF,MIA,3,3,54,0,0,0,40,14.0,3,4.73052399620065,0,3,2,1,0,1.35,0.142857142857143,0.222222222222222,0.36984126984127,20260925T013701Z
2026,2,REG,2026_02_SEA_ARI,00-0031411,SEA,ARI,0,0,0,0,0,0,0,0.0,0,,0,0,0,0,0,,0.0,0.0,0.0,20260925T013701Z
2026,2,REG,2026_02_SEA_ARI,00-0031492,SEA,ARI,0,0,0,0,0,0,0,0.0,0,,0,0,0,0,0,,0.0,0.0,0.0,20260925T013701Z
2026,2,REG,2026_02_NYG_LA,00-0031503,NYG,LA,0,0,0,0,0,0,0,0.0,0,,0,0,0,0,0,,0.0,0.0,0.0,20260925T013701Z
2026,2,REG,2026_02_CIN_HOU,00-0031565,HOU,CIN,0,0,0,0,0,0,0,0.0,0,,0,0,0,0,0,,0.0,0.0,0.0,20260925T013701Z
2026,2,REG,2026_02_CAR_ATL,00-0031576,ATL,CAR,0,0,0,0,0,0,0,0.0,0,,0,0,0,0,0,,0.0,0.0,0.0,20260925T013701Z
2026,2,REG,2026_02_MIN_CHI,00-0031583,CHI,MIN,0,0,0,0,0,0,0,0.0,0,,0,0,0,0,0,,0.0,0.0,0.0,20260925T013701Z
2026,2,REG,2026_02_WAS_DAL,00-0031588,WAS,DAL,5,6,47,2,0,0,72,4.0,4,5.55637339532148,0,2,1,1,0,0.652777777777778,0.176470588235294,0.200557103064067,0.405095854497788,20260925T013701Z
2026,2,REG,2026_02_CAR_ATL,00-0031610,CAR,ATL,3,3,33,2,0,0,26,7.0,3,5.5692339699599,0,2,0,0,0,1.26923076923077,0.09375,0.0836012861736334,0.199145900321543,20260925T013701Z
2026,2,REG,2026_02_JAX_DEN,00-0031898,DEN,JAX,0,0,0,0,0,0,0,0.0,0,,0,0,0,0,0,,0.0,0.0,0.0,20260925T013701Z
2026,2,REG,2026_02_SEA_ARI,00-0031933,SEA,ARI,0,0,0,0,0,0,0,0.0,0,,0,0,0,0,0,,0.0,0.0,0.0,20260925T013701Z
2026,2,REG,2026_02_CLE_TB,00-0031957,TB,CLE,0,0,0,0,0,0,0,0.0,0,,0,0,0,0,0,,0.0,0.0,0.0,20260925T013701Z
2026,2,REG,2026_02_MIA_SF,00-0032065,MIA,SF,0,0,0,0,0,0,0,0.0,0,,0,0,0,0,0,,0.0,0.0,0.0,20260925T013701Z
2026,2,REG,2026_02_CIN_HOU,00-0032071,HOU,CIN,0,0,0,0,0,0,0,0.0,0,,0,0,0,0,0,,0.0,0.0,0.0,20260925T013701Z
2026,2,REG,2026_02_JAX_DEN,00-0032104,JAX,DEN,1,1,2,0,0,0,-6,8.0,0,-0.403705245116726,0,0,0,0,0,-0.333333333333333,0.0357142857142857,-0.0198675496688742,0.0396641438032166,20260925T013701Z
2026,2,REG,2026_02_LV_LAC,00-0032146,LAC,LV,0,0,0,0,0,0,0,0.0,0,,0,0,0,0,0,,0.0,0.0,0.0,20260925T013701Z
2026,2,REG,2026_02_JAX_DEN,00-0032164,JAX,DEN,0,0,0,0,0,0,0,0.0,0,,0,0,0,0,0,,0.0,0.0,0.0,20260925T013701Z
2026,2,REG,2026_02_CIN_HOU,00-0032265,HOU,CIN,0,0,0,0,0,0,0,0.0,0,,0,0,0,0,0,,0.0,0.0,0.0,20260925T013701Z
2026,2,REG,2026_02_WAS_DAL,00-0032268,WAS,DAL,0,0,0,0,0,0,0,0.0,0,,0,0,0,0,0,,0.0,0.0,0.0,20260925T013701Z
2026,2,REG,2026_02_IND_KC,00-0032378,IND,KC,0,0,0,0,0,0,0,0.0,0,,0,0,0,0,0,,0.0,0.0,0.0,20260925T013701Z
2026,2,REG,2026_02_SEA_ARI,00-0032387,SEA,ARI,0,0,0,0,0,0,0,0.0,0,,0,0,0,0,0,,0.0,0.0,0.0,20260925T013701Z
2026,2,REG,2026_02_CAR_ATL,00-0032392,ATL,CAR,2,4,20,0,0,0,13,15.0,2,1.57264766545268,0,1,0,0,0,1.53846153846154,0.129032258064516,0.0817610062893082,0.25078109149929,20260925T013701Z
2026,2,REG,2026_02_NO_BAL,00-0032398,BAL,NO,1,3,6,0,0,0,93,0.0,1,-1.93360796011984,0,0,0,0,0,0.0645161290322581,0.103448275862069,0.289719626168224,0.35797615211086,20260925T013701Z
2026,2,REG,2026_02_NYG_LA,00-0032424,NYG,LA,0,0,0,0,0,0,0,0.0,0,,0,0,0,0,0,,0.0,0.0,0.0,20260925T013701Z
2026,2,REG,2026_02_CIN_HOU,00-0032445,CIN,HOU,0,0,0,0,0,0,0,0.0,0,,0,0,0,0,0,,0.0,0.0,0.0,20260925T013701Z
2026,2,REG,2026_02_MIN_CHI,00-0032464,CHI,MIN,5,5,40,0,0,0,7,33.0,2,5.18972944156849,0,1,1,0,0,5.71428571428571,0.166666666666667,0.037037037037037,0.275925925925926,20260925T013701Z
2026,2,REG,2026_02_JAX_DEN,00-0032569,DEN,JAX,0,0,0,0,0,0,0,0.0,0,,0,0,0,0,0,,0.0,0.0,0.0,20260925T013701Z
2026,2,REG,2026_02_CIN_HOU,00-0032726,HOU,CIN,0,0,0,0,0,0,0,0.0,0,,0,0,0,0,0,,0.0,0.0,0.0,20260925T013701Z
2026,2,REG,2026_02_CIN_HOU,00-0032759,HOU,CIN,0,0,0,0,0,0,0,0.0,0,,0,0,0,0,0,,0.0,0.0,0.0,20260925T013701Z
2026,2,REG,2026_02_IND_KC,00-0032762,KC,IND,0,0,0,0,0,0,0,0.0,0,,0,0,0,0,0,,0.0,0.0,0.0,20260925T013701Z
2026,2,REG,2026_02_NO_BAL,00-0032764,BAL,NO,3,3,19,0,0,0,-13,32.0,1,0.207428513327613,0,1,1,1,0,-1.46153846153846,0.103448275862069,-0.0404984423676012,0.126823504135783,20260925T013701Z
2026,2,REG,2026_02_MIA_SF,00-0032775,SF,MIA,3,3,34,0,0,0,27,7.0,3,3.36045677351649,0,1,1,0,0,1.25925925925926,0.142857142857143,0.15,0.319285714285714,20260925T013701Z
2026,2,REG,2026_02_CLE_TB,00-0032889,TB,CLE,0,0,0,0,0,0,0,0.0,0,,0,0,0,0,0,,0.0,0.0,0.0,20260925T013701Z
2026,2,REG,2026_02_CLE_TB,00-0032943,TB,CLE,0,0,0,0,0,0,0,0.0,0,,0,0,0,0,0,,0.0,0.0,0.0,20260925T013701Z
2026,2,REG,2026_02_MIN_CHI,00-0032950,MIN,CHI,0,0,0,0,0,0,0,0.0,0,,0,0,0,0,0,,0.0,0.0,0.0,20260925T013701Z
2026,2,REG,2026_02_IND_KC,00-0032951,IND,KC,3,3,61,0,0,0,54,7.0,1,3.56498473556712,0,2,1,1,1,1.12962962962963,0.1,0.333333333333333,0.383333333333333,20260925T013701Z
2026,2,REG,2026_02_JAX_DEN,00-0033038,JAX,DEN,0,0,0,0,0,0,0,0.0,0,,0,0,0,0,0,,0.0,0.0,0.0,20260925T013701Z
2026,2,REG,2026_02_PIT_NE,00-0033055,PIT,NE,0,0,0,0,0,0,0,0.0,0,,0,0,0,0,0,,0.0,0.0,0.0,20260925T013701Z
2026,2,REG,2026_02_WAS_DAL,00-0033077,DAL,WAS,0,0,0,0,0,0,0,0.0,0,,0,0,0,0,0,,0.0,0.0,0.0,20260925T013701Z
2026,2,REG,2026_02_PIT_NE,00-0033090,NE,PIT,3,5,40,0,0,0,57,18.0,1,-2.86921163613442,0,1,1,1,0,0.701754385964912,0.238095238095238,0.290816326530612,0.560714285714286,20260925T013701Z
2026,2,REG,2026_02_WAS_DAL,00-0033093,DAL,WAS,0,0,0,0,0,0,0,0.0,0,,0,0,0,0,0,,0.0,0.0,0.0,20260925T013701Z
2026,2,REG,2026_02_DET_BUF,00-0033106,DET,BUF,0,0,0,0,0,0,0,0.0,0,,0,0,0,0,0,,0.0,0.0,0.0,20260925T013701Z
2026,2,REG,2026_02_SEA_ARI,00-0033119,ARI,SEA,0,0,0,0,0,0,0,0.0,0,,0,0,0,0,0,,0.0,0.0,0.0,20260925T013701Z
2026,2,REG,2026_02_WAS_DAL,00-0033120,DAL,WAS,0,0,0,0,0,0,0,0.0,0,,0,0,0,0,0,,0.0,0.0,0.0,20260925T013701Z
2026,2,REG,2026_02_CLE_TB,00-0033131,CLE,TB,0,0,0,0,0,0,0,0.0,0,,0,0,0,0,0,,0.0,0.0,0.0,20260925T013701Z
2026,2,REG,2026_02_PIT_NE,00-0033132,NE,PIT,0,0,0,0,0,0,0,0.0,0,,0,0,0,0,0,,0.0,0.0,0.0,20260925T013701Z
2026,2,REG,2026_02_PHI_TEN,00-0033246,PHI,TEN,2,3,8,0,0,0,8,3.0,0,-1.76260289526545,0,0,0,0,0,1.0,0.0882352941176471,0.0273972602739726,0.151531023368251,20260925T013701Z
2026,2,REG,2026_02_GB_NYJ,00-0033260,NYJ,GB,0,0,0,0,0,0,0,0.0,0,,0,0,0,0,0,,0.0,0.0,0.0,20260925T013701Z
2026,2,REG,2026_02_IND_KC,00-0033269,IND,KC,0,0,0,0,0,0,0,0.0,0,,0,0,0,0,0,,0.0,0.0,0.0,20260925T013701Z
2026,2,REG,2026_02_MIA_SF,00-0033280,SF,MIA,4,4,43,0,0,0,11,32.0,4,5.50573469500523,0,2,1,0,0,3.90909090909091,0.19047619047619,0.0611111111111111,0.328492063492064,20260925T013701Z
2026,2,REG,2026_02_NO_BAL,00-0033281,BAL,NO,0,0,0,0,0,0,0,0.0,0,,0,0,0,0,0,,0.0,0.0,0.0,20260925T013701Z
2026,2,REG,2026_02_MIA_SF,00-0033288,SF,MIA,4,4,80,1,0,0,50,30.0,3,5.76795010227943,0,3,2,2,1,1.6,0.19047619047619,0.277777777777778,0.48015873015873,20260925T013701Z
2026,2,REG,2026_02_MIN_CHI,00-0033293,MIN,CHI,0,0,0,0,0,0,0,0.0,0,,0,0,0,0,0,,0.0,0.0,0.0,20260925T013701Z
2026,2,REG,2026_02_DET_BUF,00-0033294,DET,BUF,0,0,0,0,0,0,0,0.0,0,,0,0,0,0,0,,0.0,0.0,0.0,20260925T013701Z
2026,2,REG,2026_02_JAX_DEN,00-0033297,DEN,JAX,0,0,0,0,0,0,0,0.0,0,,0,0,0,0,0,,0.0,0.0,0.0,20260925T013701Z
2026,2,REG,2026_02_IND_KC,00-0033303,KC,IND,0,0,0,0,0,0,0,0.0,0,,0,0,0,0,0,,0.0,0.0,0.0,20260925T013701Z
2026,2,REG,2026_02_SEA_ARI,00-0033307,ARI,SEA,2,3,11,0,0,0,10,4.0,0,-1.72605081752408,0,0,0,0,0,1.1,0.115384615384615,0.091743119266055,0.237297106563162,20260925T013701Z
2026,2,REG,2026_02_MIN_CHI,00-0033336,MIN,CHI,0,0,0,0,0,0,0,0.0,0,,0,0,0,0,0,,0.0,0.0,0.0,20260925T013701Z
2026,2,REG,2026_02_LV_LAC,00-0033381,LV,LAC,0,0,0,0,0,0,0,0.0,0,,0,0,0,0,0,,0.0,0.0,0.0,20260925T013701Z
2026,2,REG,2026_02_CIN_HOU,00-0033523,CIN,HOU,0,0,0,0,0,0,0,0.0,0,,0,0,0,0,0,,0.0,0.0,0.0,20260925T013701Z
2026,2,REG,2026_02_CIN_HOU,00-0033526,CIN,HOU,1,1,16,0,0,0,7,9.0,1,2.52036335400771,0,1,1,0,0,2.28571428571429,0.032258064516129,0.0404624277456647,0.0767107961961589,20260925T013701Z
2026,2,REG,2026_02_CLE_TB,00-0033537,CLE,TB,0,0,0,0,0,0,0,0.0,0,,0,0,0,0,0,,0.0,0.0,0.0,20260925T013701Z
2026,2,REG,2026_02_LV_LAC,00-0033546,LAC,LV,0,0,0,0,0,0,0,0.0,0,,0,0,0,0,0,,0.0,0.0,0.0,20260925T013701Z
2026,2,REG,2026_02_WAS_DAL,00-0033551,WAS,DAL,0,0,0,0,0,0,0,0.0,0,,0,0,0,0,0,,0.0,0.0,0.0,20260925T013701Z
2026,2,REG,2026_02_PIT_NE,00-0033555,NE,PIT,2,2,18,0,0,0,12,6.0,1,1.0692280260846,0,1,0,0,0,1.5,0.0952380952380952,0.0612244897959184,0.185714285714286,20260925T013701Z
2026,2,REG,2026_02_SEA_ARI,00-0033576,SEA,ARI,1,1,-10,0,0,0,-10,0.0,0,-1.63183920487063,0,0,0,0,0,0.0,0.0384615384615385,-0.0440528634361234,0.0268553032870214,20260925T013701Z
2026,2,REG,2026_02_MIN_CHI,00-0033579,CHI,MIN,0,0,0,0,0,0,0,0.0,0,,0,0,0,0,0,,0.0,0.0,0.0,20260925T013701Z
2026,2,REG,2026_02_CAR_ATL,00-0033662,ATL,CAR,0,0,0,0,0,0,0,0.0,0,,0,0,0,0,0,,0.0,0.0,0.0,20260925T013701Z
2026,2,REG,2026_02_PIT_NE,00-0033729,PIT,NE,0,0,0,0,0,0,0,0.0,0,,0,0,0,0,0,,0.0,0.0,0.0,20260925T013701Z
2026,2,REG,2026_02_PHI_TEN,00-0033787,PHI,TEN,0,0,0,0,0,0,0,0.0,0,,0,0,0,0,0,,0.0,0.0,0.0,20260925T013701Z
2026,2,REG,2026_02_NO_BAL,00-0033860,NO,BAL,0,0,0,0,0,0,0,0.0,0,,0,0,0,0,0,,0.0,0.0,0.0,20260925T013701Z
2026,2,REG,2026_02_PHI_TEN,00-0033870,TEN,PHI,0,0,0,0,0,0,0,0.0,0,,0,0,0,0,0,,0.0,0.0,0.0,20260925T013701Z
2026,2,REG,2026_02_IND_KC,00-0033873,KC,IND,0,0,0,0,0,0,0,0.0,0,,0,0,0,0,0,,0.0,0.0,0.0,20260925T013701Z
2026,2,REG,2026_02_CLE_TB,00-0033876,CLE,TB,0,0,0,0,0,0,0,0.0,0,,0,0,0,0,0,,0.0,0.0,0.0,20260925T013701Z
2026,2,REG,2026_02_JAX_DEN,00-0033881,DEN,JAX,1,1,17,0,0,0,17,0.0,1,1.01084500644356,0,1,1,0,0,1.0,0.0344827586206897,0.0634328358208955,0.0961271230056613,20260925T013701Z
2026,2,REG,2026_02_LV_LAC,00-0033885,LAC,LV,1,3,9,0,0,0,25,8.0,0,-4.73688694671728,0,0,0,0,0,0.36,0.115384615384615,0.0929368029739777,0.238132685158707,20260925T013701Z
2026,2,REG,2026_02_PIT_NE,00-0033886,PIT,NE,0,0,0,0,0,0,0,0.0,0,,0,0,0,0,0,,0.0,0.0,0.0,20260925T013701Z
2026,2,REG,2026_02_SEA_ARI,00-0033890,ARI,SEA,0,0,0,0,0,0,0,0.0,0,,0,0,0,0,0,,0.0,0.0,0.0,20260925T013701Z
2026,2,REG,2026_02_NO_BAL,00-0033906,NO,BAL,5,6,7,0,0,0,-6,14.0,0,-3.49666708509903,0,0,0,0,0,-1.16666666666667,0.1875,-0.028169014084507,0.261531690140845,20260925T013701Z
2026,2,REG,2026_02_SEA_ARI,00-0033908,SEA,ARI,2,2,20,0,0,0,14,6.0,1,0.237160971679259,0,1,1,0,0,1.42857142857143,0.0769230769230769,0.0616740088105727,0.158556421552016,20260925T013701Z
2026,2,REG,2026_02_CLE_TB,00-0033914,TB,CLE,0,0,0,0,0,0,0,0.0,0,,0,0,0,0,0,,0.0,0.0,0.0,20260925T013701Z
2026,2,REG,2026_02_WAS_DAL,00-0033918,WAS,DAL,0,0,0,0,0,0,0,0.0,0,,0,0,0,0,0,,0.0,0.0,0.0,20260925T013701Z
2026,2,REG,2026_02_CLE_TB,00-0033921,TB,CLE,3,3,46,0,0,0,33,13.0,3,3.90023174835369,0,2,1,1,0,1.39393939393939,0.0909090909090909,0.0783847980997625,0.19123299503347,20260925T013701Z
2026,2,REG,2026_02_JAX_DEN,00-0033928,JAX,DEN,0,0,0,0,0,0,0,0.0,0,,0,0,0,0,0,,0.0,0.0,0.0,20260925T013701Z
2026,2,REG,2026_02_NO_BAL,00-0033935,BAL,NO,0,0,0,0,0,0,0,0.0,0,,0,0,0,0,0,,0.0,0.0,0.0,20260925T013701Z
2026,2,REG,2026_02_PIT_NE,00-0033941,PIT,NE,0,0,0,0,0,0,0,0.0,0,,0,0,0,0,0,,0.0,0.0,0.0,20260925T013701Z
2026,2,REG,2026_02_CAR_ATL,00-0033945,ATL,CAR,0,0,0,0,0,0,0,0.0,0,,0,0,0,0,0,,0.0,0.0,0.0,20260925T013701Z
2026,2,REG,2026_02_IND_KC,00-0033952,IND,KC,0,0,0,0,0,0,0,0.0,0,,0,0,0,0,0,,0.0,0.0,0.0,20260925T013701Z
2026,2,REG,2026_02_PHI_TEN,00-0034112,TEN,PHI,0,0,0,0,0,0,0,0.0,0,,0,0,0,0,0,,0.0,0.0,0.0,20260925T013701Z
2026,2,REG,2026_02_SEA_ARI,00-0034160,SEA,ARI,0,0,0,0,0,0,0,0.0,0,,0,0,0,0,0,,0.0,0.0,0.0,20260925T013701Z
2026,2,REG,2026_02_NO_BAL,00-0034161,NO,BAL,0,0,0,0,0,0,0,0.0,0,,0,0,0,0,0,,0.0,0.0,0.0,20260925T013701Z
2026,2,REG,2026_02_LV_LAC,00-0034162,LAC,LV,0,0,0,0,0,0,0,0.0,0,,0,0,0,0,0,,0.0,0.0,0.0,20260925T013701Z
2026,2,REG,2026_02_PHI_TEN,00-0034163,TEN,PHI,0,0,0,0,0,0,0,0.0,0,,0,0,0,0,0,,0.0,0.0,0.0,20260925T013701Z
2026,2,REG,2026_02_MIA_SF,00-0034173,SF,MIA,0,0,0,0,0,0,0,0.0,0,,0,0,0,0,0,,0.0,0.0,0.0,20260925T013701Z
2026,2,REG,2026_02_NYG_LA,00-0034234,LA,NYG,0,0,0,0,0,0,0,0.0,0,,0,0,0,0,0,,0.0,0.0,0.0,20260925T013701Z
2026,2,REG,2026_02_NYG_LA,00-0034248,NYG,LA,0,0,0,0,0,0,0,0.0,0,,0,0,0,0,0,,0.0,0.0,0.0,20260925T013701Z
2026,2,REG,2026_02_LV_LAC,00-0034275,LV,LAC,0,0,0,0,0,0,0,0.0,0,,0,0,0,0,0,,0.0,0.0,0.0,20260925T013701Z
2026,2,REG,2026_02_CIN_HOU,00-0034278,HOU,CIN,0,0,0,0,0,0,0,0.0,0,,0,0,0,0,0,,0.0,0.0,0.0,20260925T013701Z
2026,2,REG,2026_02_MIA_SF,00-0034285,MIA,SF,0,0,0,0,0,0,0,0.0,0,,0,0,0,0,0,,0.0,0.0,0.0,20260925T013701Z
2026,2,REG,2026_02_MIN_CHI,00-0034320,CHI,MIN,0,0,0,0,0,0,0,0.0,0,,0,0,0,0,0,,0.0,0.0,0.0,20260925T013701Z
2026,2,REG,2026_02_WAS_DAL,00-0034333,WAS,DAL,0,0,0,0,0,0,0,0.0,0,,0,0,0,0,0,,0.0,0.0,0.0,20260925T013701Z
2026,2,REG,2026_02_JAX_DEN,00-0034348,DEN,JAX,3,4,25,0,0,0,31,2.0,1,-2.51810322864912,0,1,0,0,0,0.806451612903226,0.137931034482759,0.115671641791045,0.287866700977869,20260925T013701Z
2026,2,REG,2026_02_SEA_ARI,00-0034350,SEA,ARI,0,0,0,0,0,0,0,0.0,0,,0,0,0,0,0,,0.0,0.0,0.0,20260925T013701Z
2026,2,REG,2026_02_PHI_TEN,00-0034351,PHI,TEN,1,2,4,0,0,0,4,0.0,0,-0.617143890471198,0,0,0,0,0,1.0,0.0588235294117647,0.0136986301369863,0.0978243352135375,20260925T013701Z
2026,2,REG,2026_02_LV_LAC,00-0034356,LAC,LV,0,0,0,0,0,0,0,0.0,0,,0,0,0,0,0,,0.0,0.0,0.0,20260925T013701Z
2026,2,REG,2026_02_NO_BAL,00-0034361,NO,BAL,0,0,0,0,0,0,0,0.0,0,,0,0,0,0,0,,0.0,0.0,0.0,20260925T013701Z
2026,2,REG,2026_02_LV_LAC,00-0034365,LV,LAC,1,1,11,0,0,0,1,10.0,1,0.721764938673005,0,1,0,0,0,11.0,0.0344827586206897,0.00353356890459364,0.05419763616425,20260925T013701Z
2026,2,REG,2026_02_WAS_DAL,00-0034373,WAS,DAL,0,0,0,0,0,0,0,0.0,0,,0,0,0,0,0,,0.0,0.0,0.0,20260925T013701Z
2026,2,REG,2026_02_LV_LAC,00-0034376,LV,LAC,0,0,0,0,0,0,0,0.0,0,,0,0,0,0,0,,0.0,0.0,0.0,20260925T013701Z
2026,2,REG,2026_02_DET_BUF,00-0034377,DET,BUF,0,0,0,0,0,0,0,0.0,0,,0,0,0,0,0,,0.0,0.0,0.0,20260925T013701Z
2026,2,REG,2026_02_SEA_ARI,00-0034381,ARI,SEA,0,0,0,0,0,0,0,0.0,0,,0,0,0,0,0,,0.0,0.0,0.0,20260925T013701Z
2026,2,REG,2026_02_CIN_HOU,00-0034383,HOU,CIN,12,14,140,0,0,0,104,63.0,6,7.4916954839917,0,5,2,2,0,1.34615384615385,0.28,0.218947368421053,0.573263157894737,20260925T013701Z
2026,2,REG,2026_02_DET_BUF,00-0034384,DET,BUF,0,0,0,0,0,0,0,0.0,0,,0,0,0,0,0,,0.0,0.0,0.0,20260925T013701Z
2026,2,REG,2026_02_MIA_SF,00-0034391,SF,MIA,0,0,0,0,0,0,0,0.0,0,,0,0,0,0,0,,0.0,0.0,0.0,20260925T013701Z
2026,2,REG,2026_02_WAS_DAL,00-0034397,WAS,DAL,0,0,0,0,0,0,0,0.0,0,,0,0,0,0,0,,0.0,0.0,0.0,20260925T013701Z
2026,2,REG,2026_02_JAX_DEN,00-0034413,JAX,DEN,0,0,0,0,0,0,0,0.0,0,,0,0,0,0,0,,0.0,0.0,0.0,20260925T013701Z
2026,2,REG,2026_02_NYG_LA,00-0034419,NYG,LA,0,0,0,0,0,0,0,0.0,0,,0,0,0,0,0,,0.0,0.0,0.0,20260925T013701Z
2026,2,REG,2026_02_GB_NYJ,00-0034431,GB,NYJ,0,0,0,0,0,0,0,0.0,0,,0,0,0,0,0,,0.0,0.0,0.0,20260925T013701Z
2026,2,REG,2026_02_JAX_DEN,00-0034437,JAX,DEN,0,0,0,0,0,0,0,0.0,0,,0,0,0,0,0,,0.0,0.0,0.0,20260925T013701Z
2026,2,REG,2026_02_CIN_HOU,00-0034446,CIN,HOU,0,0,0,0,0,0,0,0.0,0,,0,0,0,0,0,,0.0,0.0,0.0,20260925T013701Z
2026,2,REG,2026_02_WAS_DAL,00-0034465,WAS,DAL,0,0,0,0,0,0,0,0.0,0,,0,0,0,0,0,,0.0,0.0,0.0,20260925T013701Z
2026,2,REG,2026_02_JAX_DEN,00-0034473,JAX,DEN,0,0,0,0,0,0,0,0.0,0,,0,0,0,0,0,,0.0,0.0,0.0,20260925T013701Z
2026,2,REG,2026_02_IND_KC,00-0034485,IND,KC,0,0,0,0,0,0,0,0.0,0,,0,0,0,0,0,,0.0,0.0,0.0,20260925T013701Z
2026,2,REG,2026_02_IND_KC,00-0034573,IND,KC,0,0,0,0,0,0,0,0.0,0,,0,0,0,0,0,,0.0,0.0,0.0,20260925T013701Z
2026,2,REG,2026_02_NYG_LA,00-0034673,NYG,LA,0,0,0,0,0,0,0,0.0,0,,0,0,0,0,0,,0.0,0.0,0.0,20260925T013701Z
2026,2,REG,2026_02_CAR_ATL,00-0034675,ATL,CAR,0,0,0,0,0,0,0,0.0,0,,0,0,0,0,0,,0.0,0.0,0.0,20260925T013701Z
2026,2,REG,2026_02_PIT_NE,00-0034720,NE,PIT,0,0,0,0,0,0,0,0.0,0,,0,0,0,0,0,,0.0,0.0,0.0,20260925T013701Z
2026,2,REG,2026_02_CLE_TB,00-0034721,CLE,TB,0,0,0,0,0,0,0,0.0,0,,0,0,0,0,0,,0.0,0.0,0.0,20260925T013701Z
2026,2,REG,2026_02_CIN_HOU,00-0034752,CIN,HOU,0,0,0,0,0,0,0,0.0,0,,0,0,0,0,0,,0.0,0.0,0.0,20260925T013701Z
2026,2,REG,2026_02_NO_BAL,00-0034753,BAL,NO,6,7,49,0,0,0,47,9.0,4,3.95677970867837,0,2,0,0,0,1.04255319148936,0.241379310344828,0.146417445482866,0.464561177355248,20260925T013701Z
2026,2,REG,2026_02_CIN_HOU,00-0034754,CIN,HOU,0,0,0,0,0,0,0,0.0,0,,0,0,0,0,0,,0.0,0.0,0.0,20260925T013701Z
2026,2,REG,2026_02_NO_BAL,00-0034760,NO,BAL,0,0,0,0,0,0,0,0.0,0,,0,0,0,0,0,,0.0,0.0,0.0,20260925T013701Z
2026,2,REG,2026_02_PIT_NE,00-0034771,PIT,NE,0,0,0,0,0,0,0,0.0,0,,0,0,0,0,0,,0.0,0.0,0.0,20260925T013701Z
2026,2,REG,2026_02_CLE_TB,00-0034773,TB,CLE,0,0,0,0,0,0,0,0.0,0,,0,0,0,0,0,,0.0,0.0,0.0,20260925T013701Z
2026,2,REG,2026_02_GB_NYJ,00-0034782,NYJ,GB,0,0,0,0,0,0,0,0.0,0,,0,0,0,0,0,,0.0,0.0,0.0,20260925T013701Z
2026,2,REG,2026_02_LV_LAC,00-0034790,LAC,LV,0,0,0,0,0,0,0,0.0,0,,0,0,0,0,0,,0.0,0.0,0.0,20260925T013701Z
2026,2,REG,2026_02_GB_NYJ,00-0034794,NYJ,GB,0,0,0,0,0,0,0,0.0,0,,0,0,0,0,0,,0.0,0.0,0.0,20260925T013701Z
2026,2,REG,2026_02_NO_BAL,00-0034796,BAL,NO,0,0,0,0,0,0,0,0.0,0,,0,0,0,0,0,,0.0,0.0,0.0,20260925T013701Z
2026,2,REG,2026_02_NO_BAL,00-0034798,BAL,NO,0,1,0,0,0,0,-3,0.0,0,-0.827045261859894,0,0,0,0,0,0.0,0.0344827586206897,-0.00934579439252336,0.0451820818562681,20260925T013701Z
2026,2,REG,2026_02_CAR_ATL,00-0034801,ATL,CAR,0,0,0,0,0,0,0,0.0,0,,0,0,0,0,0,,0.0,0.0,0.0,20260925T013701Z
2026,2,REG,2026_02_PHI_TEN,00-0034805,TEN,PHI,0,0,0,0,0,0,0,0.0,0,,0,0,0,0,0,,0.0,0.0,0.0,20260925T013701Z
2026,2,REG,2026_02_PIT_NE,00-0034810,PIT,NE,0,0,0,0,0,0,0,0.0,0,,0,0,0,0,0,,0.0,0.0,0.0,20260925T013701Z
2026,2,REG,2026_02_MIA_SF,00-0034815,SF,MIA,0,0,0,0,0,0,0,0.0,0,,0,0,0,0,0,,0.0,0.0,0.0,20260925T013701Z
2026,2,REG,2026_02_IND_KC,00-0034825,IND,KC,0,0,0,0,0,0,0,0.0,0,,0,0,0,0,0,,0.0,0.0,0.0,20260925T013701Z
2026,2,REG,2026_02_DET_BUF,00-0034827,BUF,DET,0,0,0,0,0,0,0,0.0,0,,0,0,0,0,0,,0.0,0.0,0.0,20260925T013701Z
2026,2,REG,2026_02_DET_BUF,00-0034832,BUF,DET,0,0,0,0,0,0,0,0.0,0,,0,0,0,0,0,,0.0,0.0,0.0,20260925T013701Z
2026,2,REG,2026_02_PHI_TEN,00-0034837,TEN,PHI,2,2,35,0,0,0,27,8.0,2,2.20121364615625,0,2,1,1,0,1.2962962962963,0.117647058823529,0.192857142857143,0.311470588235294,20260925T013701Z
2026,2,REG,2026_02_CAR_ATL,00-0034843,ATL,CAR,0,0,0,0,0,0,0,0.0,0,,0,0,0,0,0,,0.0,0.0,0.0,20260925T013701Z
2026,2,REG,2026_02_PHI_TEN,00-0034844,PHI,TEN,1,2,11,0,0,0,4,7.0,1,0.727484521688893,0,1,0,0,0,2.75,0.0588235294117647,0.0136986301369863,0.0978243352135375,20260925T013701Z
2026,2,REG,2026_02_JAX_DEN,00-0034847,DEN,JAX,0,0,0,0,0,0,0,0.0,0,,0,0,0,0,0,,0.0,0.0,0.0,20260925T013701Z
2026,2,REG,2026_02_MIA_SF,00-0034854,SF,MIA,1,1,18,0,0,0,15,3.0,0,1.03852834762074,0,1,1,0,0,1.2,0.0476190476190476,0.0833333333333333,0.129761904761905,20260925T013701Z
2026,2,REG,2026_02_CLE_TB,00-0034855,TB,CLE,0,0,0,0,0,0,0,0.0,0,,0,0,0,0,0,,0.0,0.0,0.0,20260925T013701Z
2026,2,REG,2026_02_CLE_TB,00-0034856,CLE,TB,0,0,0,0,0,0,0,0.0,0,,0,0,0,0,0,,0.0,0.0,0.0,20260925T013701Z
2026,2,REG,2026_02_DET_BUF,00-0034857,BUF,DET,0,0,0,0,0,0,0,0.0,0,,0,0,0,0,0,,0.0,0.0,0.0,20260925T013701Z
2026,2,REG,2026_02_NO_BAL,00-0034874,BAL,NO,0,0,0,0,0,0,0,0.0,0,,0,0,0,0,0,,0.0,0.0,0.0,20260925T013701Z
2026,2,REG,2026_02_PIT_NE,00-0034941,NE,PIT,0,0,0,0,0,0,0,0.0,0,,0,0,0,0,0,,0.0,0.0,0.0,20260925T013701Z
2026,2,REG,2026_02_GB_NYJ,00-0034959,NYJ,GB,0,0,0,0,0,0,0,0.0,0,,0,0,0,0,0,,0.0,0.0,0.0,20260925T013701Z
2026,2,REG,2026_02_JAX_DEN,00-0034960,JAX,DEN,1,1,28,0,0,0,21,7.0,1,3.13896105263848,0,1,1,1,0,1.33333333333333,0.0357142857142857,0.0695364238410596,0.10224692526017,20260925T013701Z
2026,2,REG,2026_02_WAS_DAL,00-0034967,DAL,WAS,0,0,0,0,0,0,0,0.0,0,,0,0,0,0,0,,0.0,0.0,0.0,20260925T013701Z
2026,2,REG,2026_02_LV_LAC,00-0034973,LV,LAC,0,0,0,0,0,0,0,0.0,0,,0,0,0,0,0,,0.0,0.0,0.0,20260925T013701Z
2026,2,REG,2026_02_SEA_ARI,00-0034974,SEA,ARI,0,0,0,0,0,0,0,0.0,0,,0,0,0,0,0,,0.0,0.0,0.0,20260925T013701Z
2026,2,REG,2026_02_NO_BAL,00-0034975,BAL,NO,2,2,12,0,0,0,-9,21.0,0,0.0354609988589099,0,0,0,0,0,-1.33333333333333,0.0689655172413793,-0.0280373831775701,0.0838221076377699,20260925T013701Z
2026,2,REG,2026_02_CIN_HOU,00-0034981,HOU,CIN,2,2,34,0,0,0,14,20.0,2,2.48988876258954,0,1,1,1,0,2.42857142857143,0.04,0.0294736842105263,0.0806315789473684,20260925T013701Z
2026,2,REG,2026_02_MIA_SF,00-0034982,SF,MIA,0,0,0,0,0,0,0,0.0,0,,0,0,0,0,0,,0.0,0.0,0.0,20260925T013701Z
2026,2,REG,2026_02_PHI_TEN,00-0034993,PHI,TEN,0,0,0,0,0,0,0,0.0,0,,0,0,0,0,0,,0.0,0.0,0.0,20260925T013701Z
2026,2,REG,2026_02_LV_LAC,00-0035125,LAC,LV,0,0,0,0,0,0,0,0.0,0,,0,0,0,0,0,,0.0,0.0,0.0,20260925T013701Z
2026,2,REG,2026_02_GB_NYJ,00-0035133,GB,NYJ,0,0,0,0,0,0,0,0.0,0,,0,0,0,0,0,,0.0,0.0,0.0,20260925T013701Z
2026,2,REG,2026_02_SEA_ARI,00-0035144,ARI,SEA,0,0,0,0,0,0,0,0.0,0,,0,0,0,0,0,,0.0,0.0,0.0,20260925T013701Z
2026,2,REG,2026_02_DET_BUF,00-0035156,DET,BUF,0,0,0,0,0,0,0,0.0,0,,0,0,0,0,0,,0.0,0.0,0.0,20260925T013701Z
2026,2,REG,2026_02_CIN_HOU,00-0035166,HOU,CIN,0,0,0,0,0,0,0,0.0,0,,0,0,0,0,0,,0.0,0.0,0.0,20260925T013701Z
2026,2,REG,2026_02_LV_LAC,00-0035190,LV,LAC,0,0,0,0,0,0,0,0.0,0,,0,0,0,0,0,,0.0,0.0,0.0,20260925T013701Z
2026,2,REG,2026_02_PHI_TEN,00-0035192,TEN,PHI,0,0,0,0,0,0,0,0.0,0,,0,0,0,0,0,,0.0,0.0,0.0,20260925T013701Z
2026,2,REG,2026_02_LV_LAC,00-0035202,LAC,LV,0,0,0,0,0,0,0,0.0,0,,0,0,0,0,0,,0.0,0.0,0.0,20260925T013701Z
2026,2,REG,2026_02_CAR_ATL,00-0035208,ATL,CAR,1,3,3,0,0,0,7,1.0,0,-2.08436837508257,0,0,0,0,0,0.428571428571429,0.0967741935483871,0.0440251572327044,0.175978900385474,20260925T013701Z
2026,2,REG,2026_02_WAS_DAL,00-0035227,DAL,WAS,0,0,0,0,0,0,0,0.0,0,,0,0,0,0,0,,0.0,0.0,0.0,20260925T013701Z
2026,2,REG,2026_02_MIN_CHI,00-0035229,MIN,CHI,3,4,29,0,0,0,32,8.0,2,3.27506100283397,0,1,1,0,0,0.90625,0.210526315789474,0.203821656050955,0.458464632919879,20260925T013701Z
2026,2,REG,2026_02_CLE_TB,00-0035234,CLE,TB,0,0,0,0,0,0,0,0.0,0,,0,0,0,0,0,,0.0,0.0,0.0,20260925T013701Z
2026,2,REG,2026_02_MIN_CHI,00-0035236,MIN,CHI,0,0,0,0,0,0,0,0.0,0,,0,0,0,0,0,,0.0,0.0,0.0,20260925T013701Z
2026,2,REG,2026_02_JAX_DEN,00-0035240,JAX,DEN,0,0,0,0,0,0,0,0.0,0,,0,0,0,0,0,,0.0,0.0,0.0,20260925T013701Z
2026,2,REG,2026_02_JAX_DEN,00-0035248,DEN,JAX,0,0,0,0,0,0,0,0.0,0,,0,0,0,0,0,,0.0,0.0,0.0,20260925T013701Z
2026,2,REG,2026_02_MIN_CHI,00-0035249,MIN,CHI,1,1,24,0,0,0,5,19.0,1,1.60812324378639,0,1,1,1,0,4.8,0.0526315789473684,0.0318471337579618,0.101240362051626,20260925T013701Z
2026,2,REG,2026_02_NYG_LA,00-0035250,NYG,LA,0,1,0,0,0,0,-1,0.0,0,-1.49806567421183,0,0,0,0,0,0.0,0.03125,-0.00293255131964809,0.0448222140762463,20260925T013701Z
2026,2,REG,2026_02_DET_BUF,00-0035253,BUF,DET,0,0,0,0,0,0,0,0.0,0,,0,0,0,0,0,,0.0,0.0,0.0,20260925T013701Z
2026,2,REG,2026_02_CLE_TB,00-0035254,TB,CLE,0,0,0,0,0,0,0,0.0,0,,0,0,0,0,0,,0.0,0.0,0.0,20260925T013701Z
2026,2,REG,2026_02_PHI_TEN,00-0035261,TEN,PHI,1,1,1,0,0,0,-7,8.0,0,-0.749599168542773,0,0,0,0,0,-0.142857142857143,0.0588235294117647,-0.05,0.0532352941176471,20260925T013701Z
2026,2,REG,2026_02_IND_KC,00-0035262,KC,IND,0,0,0,0,0,0,0,0.0,0,,0,0,0,0,0,,0.0,0.0,0.0,20260925T013701Z
2026,2,REG,2026_02_LV_LAC,00-0035269,LV,LAC,0,0,0,0,0,0,0,0.0,0,,0,0,0,0,0,,0.0,0.0,0.0,20260925T013701Z
2026,2,REG,2026_02_MIN_CHI,00-0035272,MIN,CHI,0,0,0,0,0,0,0,0.0,0,,0,0,0,0,0,,0.0,0.0,0.0,20260925T013701Z
2026,2,REG,2026_02_MIN_CHI,00-0035276,MIN,CHI,0,0,0,0,0,0,0,0.0,0,,0,0,0,0,0,,0.0,0.0,0.0,20260925T013701Z
2026,2,REG,2026_02_CAR_ATL,00-0035277,CAR,ATL,0,0,0,0,0,0,0,0.0,0,,0,0,0,0,0,,0.0,0.0,0.0,20260925T013701Z
2026,2,REG,2026_02_WAS_DAL,00-0035279,WAS,DAL,0,0,0,0,0,0,0,0.0,0,,0,0,0,0,0,,0.0,0.0,0.0,20260925T013701Z
2026,2,REG,2026_02_CAR_ATL,00-0035280,ATL,CAR,0,0,0,0,0,0,0,0.0,0,,0,0,0,0,0,,0.0,0.0,0.0,20260925T013701Z
2026,2,REG,2026_02_PIT_NE,00-0035286,PIT,NE,0,0,0,0,0,0,0,0.0,0,,0,0,0,0,0,,0.0,0.0,0.0,20260925T013701Z
2026,2,REG,2026_02_NO_BAL,00-0035316,NO,BAL,0,0,0,0,0,0,0,0.0,0,,0,0,0,0,0,,0.0,0.0,0.0,20260925T013701Z
2026,2,REG,2026_02_MIN_CHI,00-0035357,CHI,MIN,0,0,0,0,0,0,0,0.0,0,,0,0,0,0,0,,0.0,0.0,0.0,20260925T013701Z
2026,2,REG,2026_02_CLE_TB,00-0035358,TB,CLE,0,0,0,0,0,0,0,0.0,0,,0,0,0,0,0,,0.0,0.0,0.0,20260925T013701Z
2026,2,REG,2026_02_CIN_HOU,00-0035363,CIN,HOU,0,0,0,0,0,0,0,0.0,0,,0,0,0,0,0,,0.0,0.0,0.0,20260925T013701Z
2026,2,REG,2026_02_SEA_ARI,00-0035378,ARI,SEA,0,0,0,0,0,0,0,0.0,0,,0,0,0,0,0,,0.0,0.0,0.0,20260925T013701Z
2026,2,REG,2026_02_MIN_CHI,00-0035386,CHI,MIN,0,0,0,0,0,0,0,0.0,0,,0,0,0,0,0,,0.0,0.0,0.0,20260925T013701Z
2026,2,REG,2026_02_NO_BAL,00-0035402,NO,BAL,0,0,0,0,0,0,0,0.0,0,,0,0,0,0,0,,0.0,0.0,0.0,20260925T013701Z
2026,2,REG,2026_02_JAX_DEN,00-0035406,DEN,JAX,0,1,0,0,0,0,14,0.0,0,-0.361851957044564,0,0,0,0,0,0.0,0.0344827586206897,0.0522388059701493,0.088291302110139,20260925T013701Z
2026,2,REG,2026_02_MIA_SF,00-0035413,SF,MIA,0,0,0,0,0,0,0,0.0,0,,0,0,0,0,0,,0.0,0.0,0.0,20260925T013701Z
2026,2,REG,2026_02_DET_BUF,00-0035500,BUF,DET,0,0,0,0,0,0,0,0.0,0,,0,0,0,0,0,,0.0,0.0,0.0,20260925T013701Z
2026,2,REG,2026_02_MIN_CHI,00-0035525,CHI,MIN,0,0,0,0,0,0,0,0.0,0,,0,0,0,0,0,,0.0,0.0,0.0,20260925T013701Z
2026,2,REG,2026_02_DET_BUF,00-0035544,DET,BUF,0,0,0,0,0,0,0,0.0,0,,0,0,0,0,0,,0.0,0.0,0.0,20260925T013701Z
2026,2,REG,2026_02_MIN_CHI,00-0035588,CHI,MIN,0,0,0,0,0,0,0,0.0,0,,0,0,0,0,0,,0.0,0.0,0.0,20260925T013701Z
2026,2,REG,2026_02_PIT_NE,00-0035594,PIT,NE,0,0,0,0,0,0,0,0.0,0,,0,0,0,0,0,,0.0,0.0,0.0,20260925T013701Z
2026,2,REG,2026_02_GB_NYJ,00-0035617,NYJ,GB,0,0,0,0,0,0,0,0.0,0,,0,0,0,0,0,,0.0,0.0,0.0,20260925T013701Z
2026,2,REG,2026_02_PHI_TEN,00-0035632,TEN,PHI,0,0,0,0,0,0,0,0.0,0,,0,0,0,0,0,,0.0,0.0,0.0,20260925T013701Z
2026,2,REG,2026_02_SEA_ARI,00-0035636,ARI,SEA,0,0,0,0,0,0,0,0.0,0,,0,0,0,0,0,,0.0,0.0,0.0,20260925T013701Z
2026,2,REG,2026_02_DET_BUF,00-0035637,DET,BUF,0,0,0,0,0,0,0,0.0,0,,0,0,0,0,0,,0.0,0.0,0.0,20260925T013701Z
2026,2,REG,2026_02_PIT_NE,00-0035640,PIT,NE,4,9,27,0,0,0,62,15.0,1,-3.18392978300108,0,1,1,0,0,0.435483870967742,0.243243243243243,0.288372093023256,0.566725329981144,20260925T013701Z
2026,2,REG,2026_02_JAX_DEN,00-0035642,JAX,DEN,0,0,0,0,0,0,0,0.0,0,,0,0,0,0,0,,0.0,0.0,0.0,20260925T013701Z
2026,2,REG,2026_02_PHI_TEN,00-0035643,TEN,PHI,0,0,0,0,0,0,0,0.0,0,,0,0,0,0,0,,0.0,0.0,0.0,20260925T013701Z
2026,2,REG,2026_02_NO_BAL,00-0035644,NO,BAL,0,0,0,0,0,0,0,0.0,0,,0,0,0,0,0,,0.0,0.0,0.0,20260925T013701Z
2026,2,REG,2026_02_MIN_CHI,00-0035647,CHI,MIN,0,0,0,0,0,0,0,0.0,0,,0,0,0,0,0,,0.0,0.0,0.0,20260925T013701Z
2026,2,REG,2026_02_WAS_DAL,00-0035659,WAS,DAL,2,9,50,0,0,0,154,24.0,2,1.89532411727123,0,2,2,2,0,0.324675324675325,0.264705882352941,0.428969359331476,0.697337375061445,20260925T013701Z
2026,2,REG,2026_02_PHI_TEN,00-0035662,PHI,TEN,0,0,0,0,0,0,0,0.0,0,,0,0,0,0,0,,0.0,0.0,0.0,20260925T013701Z
2026,2,REG,2026_02_DET_BUF,00-0035667,BUF,DET,0,0,0,0,0,0,0,0.0,0,,0,0,0,0,0,,0.0,0.0,0.0,20260925T013701Z
2026,2,REG,2026_02_CAR_ATL,00-0035669,CAR,ATL,0,0,0,0,0,0,0,0.0,0,,0,0,0,0,0,,0.0,0.0,0.0,20260925T013701Z
2026,2,REG,2026_02_PHI_TEN,00-0035672,TEN,PHI,0,0,0,0,0,0,0,0.0,0,,0,0,0,0,0,,0.0,0.0,0.0,20260925T013701Z
2026,2,REG,2026_02_IND_KC,00-0035674,IND,KC,0,0,0,0,0,0,0,0.0,0,,0,0,0,0,0,,0.0,0.0,0.0,20260925T013701Z
2026,2,REG,2026_02_PIT_NE,00-0035678,NE,PIT,0,0,0,0,0,0,0,0.0,0,,0,0,0,0,0,,0.0,0.0,0.0,20260925T013701Z
2026,2,REG,2026_02_CLE_TB,00-0035680,CLE,TB,0,0,0,0,0,0,0,0.0,0,,0,0,0,0,0,,0.0,0.0,0.0,20260925T013701Z
2026,2,REG,2026_02_CIN_HOU,00-0035683,CIN,HOU,0,0,0,0,0,0,0,0.0,0,,0,0,0,0,0,,0.0,0.0,0.0,20260925T013701Z
2026,2,REG,2026_02_CIN_HOU,00-0035685,HOU,CIN,2,2,14,0,0,0,9,5.0,0,0.430184500524774,0,0,0,0,0,1.55555555555556,0.04,0.0189473684210526,0.0732631578947368,20260925T013701Z
2026,2,REG,2026_02_CAR_ATL,00-0035687,CAR,ATL,0,0,0,0,0,0,0,0.0,0,,0,0,0,0,0,,0.0,0.0,0.0,20260925T013701Z
2026,2,REG,2026_02_DET_BUF,00-0035689,BUF,DET,2,2,5,1,0,0,3,2.0,2,1.76901946787257,0,0,0,0,0,1.66666666666667,0.0714285714285714,0.0127659574468085,0.116079027355623,20260925T013701Z
2026,2,REG,2026_02_MIA_SF,00-0035692,MIA,SF,0,0,0,0,0,0,0,0.0,0,,0,0,0,0,0,,0.0,0.0,0.0,20260925T013701Z
2026,2,REG,2026_02_PIT_NE,00-0035699,PIT,NE,0,0,0,0,0,0,0,0.0,0,,0,0,0,0,0,,0.0,0.0,0.0,20260925T013701Z
2026,2,REG,2026_02_CIN_HOU,00-0035702,CIN,HOU,0,0,0,0,0,0,0,0.0,0,,0,0,0,0,0,,0.0,0.0,0.0,20260925T013701Z
2026,2,REG,2026_02_SEA_ARI,00-0035704,SEA,ARI,0,0,0,0,0,0,0,0.0,0,,0,0,0,0,0,,0.0,0.0,0.0,20260925T013701Z
2026,2,REG,2026_02_WAS_DAL,00-0035705,DAL,WAS,0,0,0,0,0,0,0,0.0,0,,0,0,0,0,0,,0.0,0.0,0.0,20260925T013701Z
2026,2,REG,2026_02_DET_BUF,00-0035707,DET,BUF,0,0,0,0,0,0,0,0.0,0,,0,0,0,0,0,,0.0,0.0,0.0,20260925T013701Z
2026,2,REG,2026_02_IND_KC,00-0035710,IND,KC,0,0,0,0,0,0,0,0.0,0,,0,0,0,0,0,,0.0,0.0,0.0,20260925T013701Z
2026,2,REG,2026_02_NYG_LA,00-0035713,NYG,LA,0,0,0,0,0,0,0,0.0,0,,0,0,0,0,0,,0.0,0.0,0.0,20260925T013701Z
2026,2,REG,2026_02_MIA_SF,00-0035717,SF,MIA,0,0,0,0,0,0,0,0.0,0,,0,0,0,0,0,,0.0,0.0,0.0,20260925T013701Z
2026,2,REG,2026_02_WAS_DAL,00-0035718,DAL,WAS,0,0,0,0,0,0,0,0.0,0,,0,0,0,0,0,,0.0,0.0,0.0,20260925T013701Z
2026,2,REG,2026_02_MIA_SF,00-0035719,SF,MIA,3,4,31,0,0,0,19,16.0,1,2.04018201329745,0,1,1,1,0,1.63157894736842,0.19047619047619,0.105555555555556,0.359603174603175,20260925T013701Z
2026,2,REG,2026_02_JAX_DEN,00-0035763,DEN,JAX,0,0,0,0,0,0,0,0.0,0,,0,0,0,0,0,,0.0,0.0,0.0,20260925T013701Z
2026,2,REG,2026_02_MIN_CHI,00-0035795,MIN,CHI,0,0,0,0,0,0,0,0.0,0,,0,0,0,0,0,,0.0,0.0,0.0,20260925T013701Z
2026,2,REG,2026_02_MIA_SF,00-0035821,SF,MIA,0,0,0,0,0,0,0,0.0,0,,0,0,0,0,0,,0.0,0.0,0.0,20260925T013701Z
2026,2,REG,2026_02_JAX_DEN,00-0035827,JAX,DEN,0,0,0,0,0,0,0,0.0,0,,0,0,0,0,0,,0.0,0.0,0.0,20260925T013701Z
2026,2,REG,2026_02_SEA_ARI,00-0035859,ARI,SEA,0,0,0,0,0,0,0,0.0,0,,0,0,0,0,0,,0.0,0.0,0.0,20260925T013701Z
2026,2,REG,2026_02_PHI_TEN,00-0035889,TEN,PHI,0,0,0,0,0,0,0,0.0,0,,0,0,0,0,0,,0.0,0.0,0.0,20260925T013701Z
2026,2,REG,2026_02_LV_LAC,00-0035891,LV,LAC,2,2,24,2,0,0,24,0.0,2,5.87482248456217,0,2,0,0,0,1.0,0.0689655172413793,0.0848056537102474,0.162812233459242,20260925T013701Z
2026,2,REG,2026_02_IND_KC,00-0035900,KC,IND,0,0,0,0,0,0,0,0.0,0,,0,0,0,0,0,,0.0,0.0,0.0,20260925T013701Z
2026,2,REG,2026_02_DET_BUF,00-0035933,BUF,DET,0,0,0,0,0,0,0,0.0,0,,0,0,0,0,0,,0.0,0.0,0.0,20260925T013701Z
2026,2,REG,2026_02_DET_BUF,00-0036037,BUF,DET,0,0,0,0,0,0,0,0.0,0,,0,0,0,0,0,,0.0,0.0,0.0,20260925T013701Z
2026,2,REG,2026_02_NO_BAL,00-0036040,NO,BAL,4,4,66,0,0,0,11,55.0,2,7.01426014734898,0,3,2,2,0,6.0,0.125,0.0516431924882629,0.223650234741784,20260925T013701Z
2026,2,REG,2026_02_NO_BAL,00-0036081,BAL,NO,0,0,0,0,0,0,0,0.0,0,,0,0,0,0,0,,0.0,0.0,0.0,20260925T013701Z
2026,2,REG,2026_02_DET_BUF,00-0036124,DET,BUF,0,0,0,0,0,0,0,0.0,0,,0,0,0,0,0,,0.0,0.0,0.0,20260925T013701Z
2026,2,REG,2026_02_CLE_TB,00-0036132,TB,CLE,0,0,0,0,0,0,0,0.0,0,,0,0,0,0,0,,0.0,0.0,0.0,20260925T013701Z
2026,2,REG,2026_02_PIT_NE,00-0036139,PIT,NE,2,2,22,0,0,0,2,20.0,2,1.36490103183314,0,1,0,0,0,11.0,0.0540540540540541,0.00930232558139535,0.0875927089880578,20260925T013701Z
2026,2,REG,2026_02_JAX_DEN,00-0036158,DEN,JAX,0,0,0,0,0,0,0,0.0,0,,0,0,0,0,0,,0.0,0.0,0.0,20260925T013701Z
2026,2,REG,2026_02_MIA_SF,00-0036159,MIA,SF,0,0,0,0,0,0,0,0.0,0,,0,0,0,0,0,,0.0,0.0,0.0,20260925T013701Z
2026,2,REG,2026_02_DET_BUF,00-0036162,BUF,DET,0,0,0,0,0,0,0,0.0,0,,0,0,0,0,0,,0.0,0.0,0.0,20260925T013701Z
2026,2,REG,2026_02_MIA_SF,00-0036171,MIA,SF,0,0,0,0,0,0,0,0.0,0,,0,0,0,0,0,,0.0,0.0,0.0,20260925T013701Z
2026,2,REG,2026_02_LV_LAC,00-0036181,LAC,LV,0,0,0,0,0,0,0,0.0,0,,0,0,0,0,0,,0.0,0.0,0.0,20260925T013701Z
2026,2,REG,2026_02_PIT_NE,00-0036187,NE,PIT,1,2,4,0,0,0,-1,4.0,0,-0.61818577023223,0,0,0,0,0,-4.0,0.0952380952380952,-0.00510204081632653,0.139285714285714,20260925T013701Z
2026,2,REG,2026_02_NO_BAL,00-0036193,NO,BAL,0,0,0,0,0,0,0,0.0,0,,0,0,0,0,0,,0.0,0.0,0.0,20260925T013701Z
2026,2,REG,2026_02_CAR_ATL,00-0036204,ATL,CAR,0,0,0,0,0,0,0,0.0,0,,0,0,0,0,0,,0.0,0.0,0.0,20260925T013701Z
2026,2,REG,2026_02_CAR_ATL,00-0036220,CAR,ATL,0,0,0,0,0,0,0,0.0,0,,0,0,0,0,0,,0.0,0.0,0.0,20260925T013701Z
2026,2,REG,2026_02_JAX_DEN,00-0036221,DEN,JAX,0,0,0,0,0,0,0,0.0,0,,0,0,0,0,0,,0.0,0.0,0.0,20260925T013701Z
2026,2,REG,2026_02_MIN_CHI,00-0036222,MIN,CHI,0,0,0,0,0,0,0,0.0,0,,0,0,0,0,0,,0.0,0.0,0.0,20260925T013701Z
2026,2,REG,2026_02_IND_KC,00-0036223,IND,KC,4,4,40,0,0,0,-1,41.0,3,2.52719888086265,0,2,0,0,0,-40.0,0.133333333333333,-0.00617283950617284,0.195679012345679,20260925T013701Z
2026,2,REG,2026_02_CIN_HOU,00-0036231,CIN,HOU,0,0,0,0,0,0,0,0.0,0,,0,0,0,0,0,,0.0,0.0,0.0,20260925T013701Z
2026,2,REG,2026_02_NYG_LA,00-0036244,LA,NYG,2,2,15,0,0,0,-3,18.0,1,1.41755132435355,0,0,0,0,0,0.0,0.0666666666666667,-0.00906344410876133,0.0936555891238671,20260925T013701Z
2026,2,REG,2026_02_NYG_LA,00-0036246,NYG,LA,0,0,0,0,0,0,0,0.0,0,,0,0,0,0,0,,0.0,0.0,0.0,20260925T013701Z
2026,2,REG,2026_02_MIA_SF,00-0036248,MIA,SF,0,0,0,0,0,0,0,0.0,0,,0,0,0,0,0,,0.0,0.0,0.0,20260925T013701Z
2026,2,REG,2026_02_NO_BAL,00-0036253,NO,BAL,0,0,0,0,0,0,0,0.0,0,,0,0,0,0,0,,0.0,0.0,0.0,20260925T013701Z
2026,2,REG,2026_02_WAS_DAL,00-0036260,WAS,DAL,0,0,0,0,0,0,0,0.0,0,,0,0,0,0,0,,0.0,0.0,0.0,20260925T013701Z
2026,2,REG,2026_02_JAX_DEN,00-0036262,JAX,DEN,0,0,0,0,0,0,0,0.0,0,,0,0,0,0,0,,0.0,0.0,0.0,20260925T013701Z
2026,2,REG,2026_02_GB_NYJ,00-0036264,GB,NYJ,0,0,0,0,0,0,0,0.0,0,,0,0,0,0,0,,0.0,0.0,0.0,20260925T013701Z
2026,2,REG,2026_02_CAR_ATL,00-0036265,CAR,ATL,0,0,0,0,0,0,0,0.0,0,,0,0,0,0,0,,0.0,0.0,0.0,20260925T013701Z
2026,2,REG,2026_02_PHI_TEN,00-0036266,TEN,PHI,0,0,0,0,0,0,0,0.0,0,,0,0,0,0,0,,0.0,0.0,0.0,20260925T013701Z
2026,2,REG,2026_02_MIN_CHI,00-0036275,CHI,MIN,5,5,54,0,0,0,-15,69.0,2,4.6145097570261,0,2,1,1,0,-3.6,0.166666666666667,-0.0793650793650794,0.194444444444444,20260925T013701Z
2026,2,REG,2026_02_CAR_ATL,00-0036281,ATL,CAR,0,0,0,0,0,0,0,0.0,0,,0,0,0,0,0,,0.0,0.0,0.0,20260925T013701Z
2026,2,REG,2026_02_CLE_TB,00-0036282,CLE,TB,0,0,0,0,0,0,0,0.0,0,,0,0,0,0,0,,0.0,0.0,0.0,20260925T013701Z
2026,2,REG,2026_02_CAR_ATL,00-0036285,ATL,CAR,0,0,0,0,0,0,0,0.0,0,,0,0,0,0,0,,0.0,0.0,0.0,20260925T013701Z
2026,2,REG,2026_02_WAS_DAL,00-0036286,WAS,DAL,0,0,0,0,0,0,0,0.0,0,,0,0,0,0,0,,0.0,0.0,0.0,20260925T013701Z
2026,2,REG,2026_02_CLE_TB,00-0036287,CLE,TB,0,0,0,0,0,0,0,0.0,0,,0,0,0,0,0,,0.0,0.0,0.0,20260925T013701Z
2026,2,REG,2026_02_MIN_CHI,00-0036290,CHI,MIN,0,1,0,0,0,0,9,0.0,0,-1.19211084954441,0,0,0,0,0,0.0,0.0333333333333333,0.0476190476190476,0.0833333333333333,20260925T013701Z
2026,2,REG,2026_02_MIN_CHI,00-0036292,CHI,MIN,0,0,0,0,0,0,0,0.0,0,,0,0,0,0,0,,0.0,0.0,0.0,20260925T013701Z
2026,2,REG,2026_02_LV_LAC,00-0036293,LV,LAC,0,0,0,0,0,0,0,0.0,0,,0,0,0,0,0,,0.0,0.0,0.0,20260925T013701Z
2026,2,REG,2026_02_IND_KC,00-0036298,IND,KC,0,0,0,0,0,0,0,0.0,0,,0,0,0,0,0,,0.0,0.0,0.0,20260925T013701Z
2026,2,REG,2026_02_NO_BAL,00-0036302,BAL,NO,0,0,0,0,0,0,0,0.0,0,,0,0,0,0,0,,0.0,0.0,0.0,20260925T013701Z
2026,2,REG,2026_02_CAR_ATL,00-0036305,CAR,ATL,0,0,0,0,0,0,0,0.0,0,,0,0,0,0,0,,0.0,0.0,0.0,20260925T013701Z
2026,2,REG,2026_02_NYG_LA,00-0036309,NYG,LA,2,3,48,0,0,0,35,18.0,2,3.51064061163925,0,2,1,1,0,1.37142857142857,0.09375,0.102639296187683,0.212472507331378,20260925T013701Z
2026,2,REG,2026_02_PHI_TEN,00-0036313,PHI,TEN,0,0,0,0,0,0,0,0.0,0,,0,0,0,0,0,,0.0,0.0,0.0,20260925T013701Z
2026,2,REG,2026_02_NO_BAL,00-0036321,NO,BAL,0,0,0,0,0,0,0,0.0,0,,0,0,0,0,0,,0.0,0.0,0.0,20260925T013701Z
2026,2,REG,2026_02_MIN_CHI,00-0036322,MIN,CHI,3,6,55,0,0,0,91,10.0,2,1.49381303131683,0,2,2,1,0,0.604395604395604,0.315789473684211,0.579617834394905,0.879416694602749,20260925T013701Z
2026,2,REG,2026_02_PIT_NE,00-0036323,PIT,NE,0,0,0,0,0,0,0,0.0,0,,0,0,0,0,0,,0.0,0.0,0.0,20260925T013701Z
2026,2,REG,2026_02_CAR_ATL,00-0036325,CAR,ATL,0,0,0,0,0,0,0,0.0,0,,0,0,0,0,0,,0.0,0.0,0.0,20260925T013701Z
2026,2,REG,2026_02_MIA_SF,00-0036329,SF,MIA,0,0,0,0,0,0,0,0.0,0,,0,0,0,0,0,,0.0,0.0,0.0,20260925T013701Z
2026,2,REG,2026_02_SEA_ARI,00-0036331,ARI,SEA,0,0,0,0,0,0,0,0.0,0,,0,0,0,0,0,,0.0,0.0,0.0,20260925T013701Z
2026,2,REG,2026_02_PIT_NE,00-0036333,PIT,NE,0,0,0,0,0,0,0,0.0,0,,0,0,0,0,0,,0.0,0.0,0.0,20260925T013701Z
2026,2,REG,2026_02_DET_BUF,00-0036335,DET,BUF,0,0,0,0,0,0,0,0.0,0,,0,0,0,0,0,,0.0,0.0,0.0,20260925T013701Z
2026,2,REG,2026_02_MIN_CHI,00-0036337,CHI,MIN,0,0,0,0,0,0,0,0.0,0,,0,0,0,0,0,,0.0,0.0,0.0,20260925T013701Z
2026,2,REG,2026_02_LV_LAC,00-0036338,LAC,LV,0,0,0,0,0,0,0,0.0,0,,0,0,0,0,0,,0.0,0.0,0.0,20260925T013701Z
2026,2,REG,2026_02_MIA_SF,00-0036341,SF,MIA,0,0,0,0,0,0,0,0.0,0,,0,0,0,0,0,,0.0,0.0,0.0,20260925T013701Z
2026,2,REG,2026_02_MIN_CHI,00-0036348,MIN,CHI,0,0,0,0,0,0,0,0.0,0,,0,0,0,0,0,,0.0,0.0,0.0,20260925T013701Z
2026,2,REG,2026_02_NYG_LA,00-0036349,LA,NYG,0,0,0,0,0,0,0,0.0,0,,0,0,0,0,0,,0.0,0.0,0.0,20260925T013701Z
2026,2,REG,2026_02_LV_LAC,00-0036355,LAC,LV,0,0,0,0,0,0,0,0.0,0,,0,0,0,0,0,,0.0,0.0,0.0,20260925T013701Z
2026,2,REG,2026_02_WAS_DAL,00-0036358,DAL,WAS,8,9,153,2,0,0,136,28.0,7,11.3683332446318,0,6,4,4,0,1.125,0.290322580645161,0.557377049180328,0.825647805393971,20260925T013701Z
2026,2,REG,2026_02_MIA_SF,00-0036362,MIA,SF,0,0,0,0,0,0,0,0.0,0,,0,0,0,0,0,,0.0,0.0,0.0,20260925T013701Z
2026,2,REG,2026_02_MIN_CHI,00-0036366,CHI,MIN,0,0,0,0,0,0,0,0.0,0,,0,0,0,0,0,,0.0,0.0,0.0,20260925T013701Z
2026,2,REG,2026_02_IND_KC,00-0036374,KC,IND,0,0,0,0,0,0,0,0.0,0,,0,0,0,0,0,,0.0,0.0,0.0,20260925T013701Z
2026,2,REG,2026_02_WAS_DAL,00-0036375,WAS,DAL,0,0,0,0,0,0,0,0.0,0,,0,0,0,0,0,,0.0,0.0,0.0,20260925T013701Z
2026,2,REG,2026_02_DET_BUF,00-0036378,BUF,DET,0,0,0,0,0,0,0,0.0,0,,0,0,0,0,0,,0.0,0.0,0.0,20260925T013701Z
2026,2,REG,2026_02_IND_KC,00-0036380,KC,IND,0,0,0,0,0,0,0,0.0,0,,0,0,0,0,0,,0.0,0.0,0.0,20260925T013701Z
2026,2,REG,2026_02_GB_NYJ,00-0036388,GB,NYJ,0,0,0,0,0,0,0,0.0,0,,0,0,0,0,0,,0.0,0.0,0.0,20260925T013701Z
2026,2,REG,2026_02_PHI_TEN,00-0036389,PHI,TEN,0,0,0,0,0,0,0,0.0,0,,0,0,0,0,0,,0.0,0.0,0.0,20260925T013701Z
2026,2,REG,2026_02_CLE_TB,00-0036407,CLE,TB,0,1,0,0,0,0,10,0.0,0,-0.893932536710054,0,0,0,0,0,0.0,0.0333333333333333,0.0925925925925926,0.114814814814815,20260925T013701Z
2026,2,REG,2026_02_MIA_SF,00-0036409,MIA,SF,0,0,0,0,0,0,0,0.0,0,,0,0,0,0,0,,0.0,0.0,0.0,20260925T013701Z
2026,2,REG,2026_02_CIN_HOU,00-0036410,CIN,HOU,5,10,95,0,0,0,93,33.0,5,5.46393185236242,0,5,4,3,0,1.02150537634409,0.32258064516129,0.53757225433526,0.860171545776618,20260925T013701Z
2026,2,REG,2026_02_CLE_TB,00-0036411,TB,CLE,0,0,0,0,0,0,0,0.0,0,,0,0,0,0,0,,0.0,0.0,0.0,20260925T013701Z
2026,2,REG,2026_02_IND_KC,00-0036416,KC,IND,0,0,0,0,0,0,0,0.0,0,,0,0,0,0,0,,0.0,0.0,0.0,20260925T013701Z
2026,2,REG,2026_02_PHI_TEN,00-0036418,PHI,TEN,0,0,0,0,0,0,0,0.0,0,,0,0,0,0,0,,0.0,0.0,0.0,20260925T013701Z
2026,2,REG,2026_02_PHI_TEN,00-0036421,TEN,PHI,0,0,0,0,0,0,0,0.0,0,,0,0,0,0,0,,0.0,0.0,0.0,20260925T013701Z
2026,2,REG,2026_02_MIN_CHI,00-0036425,MIN,CHI,1,1,12,0,0,0,-4,16.0,0,0.364559409441426,0,1,0,0,0,-3.0,0.0526315789473684,-0.0254777070063694,0.061112973516594,20260925T013701Z
2026,2,REG,2026_02_JAX_DEN,00-0036428,DEN,JAX,0,0,0,0,0,0,0,0.0,0,,0,0,0,0,0,,0.0,0.0,0.0,20260925T013701Z
2026,2,REG,2026_02_CAR_ATL,00-0036429,ATL,CAR,0,1,0,0,0,0,1,0.0,0,-0.551501363748685,0,0,0,0,0,0.0,0.032258064516129,0.00628930817610063,0.052789612497464,20260925T013701Z
2026,2,REG,2026_02_CIN_HOU,00-0036442,CIN,HOU,0,0,0,0,0,0,0,0.0,0,,0,0,0,0,0,,0.0,0.0,0.0,20260925T013701Z
2026,2,REG,2026_02_CAR_ATL,00-0036463,ATL,CAR,1,3,6,0,0,0,24,1.0,0,-1.80463285231963,0,0,0,0,0,0.25,0.0967741935483871,0.150943396226415,0.250821667681071,20260925T013701Z
2026,2,REG,2026_02_LV_LAC,00-0036479,LV,LAC,0,0,0,0,0,0,0,0.0,0,,0,0,0,0,0,,0.0,0.0,0.0,20260925T013701Z
2026,2,REG,2026_02_MIN_CHI,00-0036480,CHI,MIN,0,0,0,0,0,0,0,0.0,0,,0,0,0,0,0,,0.0,0.0,0.0,20260925T013701Z
2026,2,REG,2026_02_GB_NYJ,00-0036500,NYJ,GB,0,0,0,0,0,0,0,0.0,0,,0,0,0,0,0,,0.0,0.0,0.0,20260925T013701Z
2026,2,REG,2026_02_NO_BAL,00-0036550,BAL,NO,7,9,88,1,0,0,125,2.0,3,5.57205615914427,0,3,3,1,0,0.704,0.310344827586207,0.389408099688474,0.738102911161242,20260925T013701Z
2026,2,REG,2026_02_CAR_ATL,00-0036555,CAR,ATL,2,2,11,1,0,0,-4,15.0,1,4.63368985662237,0,0,0,0,0,-2.75,0.0625,-0.0128617363344051,0.0847467845659164,20260925T013701Z
2026,2,REG,2026_02_IND_KC,00-0036557,KC,IND,0,0,0,0,0,0,0,0.0,0,,0,0,0,0,0,,0.0,0.0,0.0,20260925T013701Z
2026,2,REG,2026_02_MIA_SF,00-0036563,SF,MIA,0,0,0,0,0,0,0,0.0,0,,0,0,0,0,0,,0.0,0.0,0.0,20260925T013701Z
2026,2,REG,2026_02_JAX_DEN,00-0036564,DEN,JAX,0,0,0,0,0,0,0,0.0,0,,0,0,0,0,0,,0.0,0.0,0.0,20260925T013701Z
2026,2,REG,2026_02_SEA_ARI,00-0036568,ARI,SEA,0,0,0,0,0,0,0,0.0,0,,0,0,0,0,0,,0.0,0.0,0.0,20260925T013701Z
2026,2,REG,2026_02_NYG_LA,00-0036587,NYG,LA,0,0,0,0,0,0,0,0.0,0,,0,0,0,0,0,,0.0,0.0,0.0,20260925T013701Z
2026,2,REG,2026_02_JAX_DEN,00-0036590,JAX,DEN,1,1,7,0,0,0,3,4.0,0,0.513706741232594,0,0,0,0,0,2.33333333333333,0.0357142857142857,0.00993377483443709,0.0605250709555345,20260925T013701Z
2026,2,REG,2026_02_JAX_DEN,00-0036613,DEN,JAX,8,10,138,0,0,0,153,35.0,6,8.74865595909068,0,5,4,3,1,0.901960784313725,0.344827586206897,0.57089552238806,0.916868244981987,20260925T013701Z
2026,2,REG,2026_02_PIT_NE,00-0036617,PIT,NE,0,0,0,0,0,0,0,0.0,0,,0,0,0,0,0,,0.0,0.0,0.0,20260925T013701Z
2026,2,REG,2026_02_IND_KC,00-0036621,KC,IND,0,0,0,0,0,0,0,0.0,0,,0,0,0,0,0,,0.0,0.0,0.0,20260925T013701Z
2026,2,REG,2026_02_DET_BUF,00-0036624,DET,BUF,0,0,0,0,0,0,0,0.0,0,,0,0,0,0,0,,0.0,0.0,0.0,20260925T013701Z
2026,2,REG,2026_02_WAS_DAL,00-0036626,WAS,DAL,4,6,21,0,1,1,48,3.0,2,-5.6215166420443,0,1,1,0,0,0.4375,0.176470588235294,0.133704735376045,0.358299197116172,20260925T013701Z
2026,2,REG,2026_02_IND_KC,00-0036629,IND,KC,0,0,0,0,0,0,0,0.0,0,,0,0,0,0,0,,0.0,0.0,0.0,20260925T013701Z
2026,2,REG,2026_02_IND_KC,00-0036637,KC,IND,0,1,0,0,0,0,11,0.0,0,-0.818287746049464,0,0,0,0,0,0.0,0.0232558139534884,0.0419847328244275,0.0642730339073318,20260925T013701Z
2026,2,REG,2026_02_CIN_HOU,00-0036642,CIN,HOU,0,0,0,0,0,0,0,0.0,0,,0,0,0,0,0,,0.0,0.0,0.0,20260925T013701Z
2026,2,REG,2026_02_GB_NYJ,00-0036648,GB,NYJ,0,0,0,0,0,0,0,0.0,0,,0,0,0,0,0,,0.0,0.0,0.0,20260925T013701Z
2026,2,REG,2026_02_GB_NYJ,00-0036658,GB,NYJ,0,0,0,0,0,0,0,0.0,0,,0,0,0,0,0,,0.0,0.0,0.0,20260925T013701Z
2026,2,REG,2026_02_MIA_SF,00-0036677,MIA,SF,0,0,0,0,0,0,0,0.0,0,,0,0,0,0,0,,0.0,0.0,0.0,20260925T013701Z
2026,2,REG,2026_02_MIA_SF,00-0036682,MIA,SF,0,0,0,0,0,0,0,0.0,0,,0,0,0,0,0,,0.0,0.0,0.0,20260925T013701Z
2026,2,REG,2026_02_JAX_DEN,00-0036683,DEN,JAX,0,0,0,0,0,0,0,0.0,0,,0,0,0,0,0,,0.0,0.0,0.0,20260925T013701Z
2026,2,REG,2026_02_JAX_DEN,00-0036727,DEN,JAX,1,1,2,0,0,0,2,0.0,0,-0.291516063734889,0,0,0,0,0,1.0,0.0344827586206897,0.00746268656716418,0.0569480185280494,20260925T013701Z
2026,2,REG,2026_02_WAS_DAL,00-0036728,DAL,WAS,0,0,0,0,0,0,0,0.0,0,,0,0,0,0,0,,0.0,0.0,0.0,20260925T013701Z
2026,2,REG,2026_02_LV_LAC,00-0036736,LAC,LV,0,0,0,0,0,0,0,0.0,0,,0,0,0,0,0,,0.0,0.0,0.0,20260925T013701Z
2026,2,REG,2026_02_DET_BUF,00-0036754,DET,BUF,0,0,0,0,0,0,0,0.0,0,,0,0,0,0,0,,0.0,0.0,0.0,20260925T013701Z
2026,2,REG,2026_02_PIT_NE,00-0036813,NE,PIT,0,0,0,0,0,0,0,0.0,0,,0,0,0,0,0,,0.0,0.0,0.0,20260925T013701Z
2026,2,REG,2026_02_MIA_SF,00-0036816,MIA,SF,0,0,0,0,0,0,0,0.0,0,,0,0,0,0,0,,0.0,0.0,0.0,20260925T013701Z
2026,2,REG,2026_02_CAR_ATL,00-0036825,CAR,ATL,0,0,0,0,0,0,0,0.0,0,,0,0,0,0,0,,0.0,0.0,0.0,20260925T013701Z
2026,2,REG,2026_02_MIA_SF,00-0036844,SF,MIA,0,0,0,0,0,0,0,0.0,0,,0,0,0,0,0,,0.0,0.0,0.0,20260925T013701Z
2026,2,REG,2026_02_NYG_LA,00-0036849,LA,NYG,1,2,19,0,0,0,58,0.0,1,1.31840372132137,0,1,1,0,0,0.327586206896552,0.0666666666666667,0.175226586102719,0.222658610271903,20260925T013701Z
2026,2,REG,2026_02_CIN_HOU,00-0036854,CIN,HOU,0,0,0,0,0,0,0,0.0,0,,0,0,0,0,0,,0.0,0.0,0.0,20260925T013701Z
2026,2,REG,2026_02_PIT_NE,00-0036862,PIT,NE,1,1,2,0,0,0,1,1.0,0,-0.468048979295418,0,0,0,0,0,2.0,0.027027027027027,0.00465116279069768,0.0437963544940289,20260925T013701Z
2026,2,REG,2026_02_NO_BAL,00-0036867,NO,BAL,0,0,0,0,0,0,0,0.0,0,,0,0,0,0,0,,0.0,0.0,0.0,20260925T013701Z
2026,2,REG,2026_02_JAX_DEN,00-0036874,DEN,JAX,0,0,0,0,0,0,0,0.0,0,,0,0,0,0,0,,0.0,0.0,0.0,20260925T013701Z
2026,2,REG,2026_02_PIT_NE,00-0036875,NE,PIT,1,2,3,0,1,1,3,5.0,0,-4.94787088979501,0,0,0,0,0,1.0,0.0952380952380952,0.0153061224489796,0.153571428571429,20260925T013701Z
2026,2,REG,2026_02_CIN_HOU,00-0036883,HOU,CIN,0,0,0,0,0,0,0,0.0,0,,0,0,0,0,0,,0.0,0.0,0.0,20260925T013701Z
2026,2,REG,2026_02_MIA_SF,00-0036887,SF,MIA,0,0,0,0,0,0,0,0.0,0,,0,0,0,0,0,,0.0,0.0,0.0,20260925T013701Z
2026,2,REG,2026_02_DET_BUF,00-0036888,BUF,DET,0,0,0,0,0,0,0,0.0,0,,0,0,0,0,0,,0.0,0.0,0.0,20260925T013701Z
2026,2,REG,2026_02_NYG_LA,00-0036893,NYG,LA,0,0,0,0,0,0,0,0.0,0,,0,0,0,0,0,,0.0,0.0,0.0,20260925T013701Z
2026,2,REG,2026_02_PIT_NE,00-0036894,PIT,NE,4,5,32,0,0,0,47,14.0,1,-0.330227559141349,0,0,0,0,0,0.680851063829787,0.135135135135135,0.218604651162791,0.355725958516656,20260925T013701Z
2026,2,REG,2026_02_CIN_HOU,00-0036900,CIN,HOU,7,9,75,2,0,0,81,15.0,3,3.89433384983568,0,2,2,1,0,0.925925925925926,0.290322580645161,0.468208092485549,0.763229535707627,20260925T013701Z
2026,2,REG,2026_02_LV_LAC,00-0036901,LV,LAC,0,0,0,0,0,0,0,0.0,0,,0,0,0,0,0,,0.0,0.0,0.0,20260925T013701Z
2026,2,REG,2026_02_DET_BUF,00-0036905,DET,BUF,0,0,0,0,0,0,0,0.0,0,,0,0,0,0,0,,0.0,0.0,0.0,20260925T013701Z
2026,2,REG,2026_02_IND_KC,00-0036909,KC,IND,0,0,0,0,0,0,0,0.0,0,,0,0,0,0,0,,0.0,0.0,0.0,20260925T013701Z
2026,2,REG,2026_02_PHI_TEN,00-0036912,PHI,TEN,10,13,117,1,0,0,188,7.0,7,1.2649134840467,0,5,3,1,0,0.622340425531915,0.382352941176471,0.643835616438356,1.02421434327156,20260925T013701Z
2026,2,REG,2026_02_DET_BUF,00-0036914,BUF,DET,0,0,0,0,0,0,0,0.0,0,,0,0,0,0,0,,0.0,0.0,0.0,20260925T013701Z
2026,2,REG,2026_02_PIT_NE,00-0036916,NE,PIT,0,0,0,0,0,0,0,0.0,0,,0,0,0,0,0,,0.0,0.0,0.0,20260925T013701Z
2026,2,REG,2026_02_CLE_TB,00-0036919,TB,CLE,3,4,5,0,0,0,-15,25.0,0,-2.70143725089038,0,0,0,0,0,-0.333333333333333,0.121212121212121,-0.0356294536817102,0.156877564240985,20260925T013701Z
2026,2,REG,2026_02_NO_BAL,00-0036927,NO,BAL,0,0,0,0,0,0,0,0.0,0,,0,0,0,0,0,,0.0,0.0,0.0,20260925T013701Z
2026,2,REG,2026_02_SEA_ARI,00-0036933,ARI,SEA,0,0,0,0,0,0,0,0.0,0,,0,0,0,0,0,,0.0,0.0,0.0,20260925T013701Z
2026,2,REG,2026_02_CAR_ATL,00-0036934,CAR,ATL,0,0,0,0,0,0,0,0.0,0,,0,0,0,0,0,,0.0,0.0,0.0,20260925T013701Z
2026,2,REG,2026_02_WAS_DAL,00-0036940,WAS,DAL,0,0,0,0,0,0,0,0.0,0,,0,0,0,0,0,,0.0,0.0,0.0,20260925T013701Z
2026,2,REG,2026_02_GB_NYJ,00-0036941,NYJ,GB,0,0,0,0,0,0,0,0.0,0,,0,0,0,0,0,,0.0,0.0,0.0,20260925T013701Z
2026,2,REG,2026_02_MIA_SF,00-0036942,SF,MIA,0,0,0,0,0,0,0,0.0,0,,0,0,0,0,0,,0.0,0.0,0.0,20260925T013701Z
2026,2,REG,2026_02_CAR_ATL,00-0036944,CAR,ATL,0,0,0,0,0,0,0,0.0,0,,0,0,0,0,0,,0.0,0.0,0.0,20260925T013701Z
2026,2,REG,2026_02_CAR_ATL,00-0036962,CAR,ATL,0,0,0,0,0,0,0,0.0,0,,0,0,0,0,0,,0.0,0.0,0.0,20260925T013701Z
2026,2,REG,2026_02_DET_BUF,00-0036963,DET,BUF,9,13,142,2,0,0,148,43.0,7,10.7018913011416,0,6,4,4,0,0.959459459459459,0.342105263157895,0.439169139465875,0.820576292362955,20260925T013701Z
2026,2,REG,2026_02_DET_BUF,00-0036964,DET,BUF,0,0,0,0,0,0,0,0.0,0,,0,0,0,0,0,,0.0,0.0,0.0,20260925T013701Z
2026,2,REG,2026_02_CAR_ATL,00-0036970,ATL,CAR,1,3,15,0,0,0,26,4.0,1,-8.31052091124002,0,1,0,0,0,0.576923076923077,0.0967741935483871,0.163522012578616,0.259626699127612,20260925T013701Z
2026,2,REG,2026_02_JAX_DEN,00-0036971,JAX,DEN,0,0,0,0,0,0,0,0.0,0,,0,0,0,0,0,,0.0,0.0,0.0,20260925T013701Z
2026,2,REG,2026_02_MIA_SF,00-0036972,SF,MIA,0,0,0,0,0,0,0,0.0,0,,0,0,0,0,0,,0.0,0.0,0.0,20260925T013701Z
2026,2,REG,2026_02_NO_BAL,00-0036973,NO,BAL,2,2,6,0,0,0,-7,13.0,0,-0.447876913589425,0,0,0,0,0,-0.857142857142857,0.0625,-0.0328638497652582,0.0707453051643193,20260925T013701Z
2026,2,REG,2026_02_CLE_TB,00-0036974,CLE,TB,0,0,0,0,0,0,0,0.0,0,,0,0,0,0,0,,0.0,0.0,0.0,20260925T013701Z
2026,2,REG,2026_02_DET_BUF,00-0036976,BUF,DET,0,0,0,0,0,0,0,0.0,0,,0,0,0,0,0,,0.0,0.0,0.0,20260925T013701Z
2026,2,REG,2026_02_PIT_NE,00-0036981,NE,PIT,0,0,0,0,0,0,0,0.0,0,,0,0,0,0,0,,0.0,0.0,0.0,20260925T013701Z
2026,2,REG,2026_02_NYG_LA,00-0036982,NYG,LA,0,0,0,0,0,0,0,0.0,0,,0,0,0,0,0,,0.0,0.0,0.0,20260925T013701Z
2026,2,REG,2026_02_JAX_DEN,00-0036985,JAX,DEN,0,0,0,0,0,0,0,0.0,0,,0,0,0,0,0,,0.0,0.0,0.0,20260925T013701Z
2026,2,REG,2026_02_GB_NYJ,00-0036987,NYJ,GB,0,0,0,0,0,0,0,0.0,0,,0,0,0,0,0,,0.0,0.0,0.0,20260925T013701Z
2026,2,REG,2026_02_DET_BUF,00-0036988,BUF,DET,1,3,43,1,0,0,39,10.0,1,4.82008575508371,0,1,1,1,1,1.1025641025641,0.107142857142857,0.165957446808511,0.276884498480243,20260925T013701Z
2026,2,REG,2026_02_LV_LAC,00-0036989,LV,LAC,0,0,0,0,0,0,0,0.0,0,,0,0,0,0,0,,0.0,0.0,0.0,20260925T013701Z
2026,2,REG,2026_02_CAR_ATL,00-0036990,ATL,CAR,0,0,0,0,0,0,0,0.0,0,,0,0,0,0,0,,0.0,0.0,0.0,20260925T013701Z
2026,2,REG,2026_02_SEA_ARI,00-0036994,SEA,ARI,0,0,0,0,0,0,0,0.0,0,,0,0,0,0,0,,0.0,0.0,0.0,20260925T013701Z
2026,2,REG,2026_02_SEA_ARI,00-0036995,ARI,SEA,0,0,0,0,0,0,0,0.0,0,,0,0,0,0,0,,0.0,0.0,0.0,20260925T013701Z
2026,2,REG,2026_02_NYG_LA,00-0036996,NYG,LA,0,0,0,0,0,0,0,0.0,0,,0,0,0,0,0,,0.0,0.0,0.0,20260925T013701Z
2026,2,REG,2026_02_WAS_DAL,00-0036997,DAL,WAS,3,4,20,0,0,0,-12,28.0,0,0.243172286194749,0,0,0,0,0,-1.66666666666667,0.129032258064516,-0.0491803278688525,0.159122157588577,20260925T013701Z
2026,2,REG,2026_02_NYG_LA,00-0036998,NYG,LA,0,0,0,0,0,0,0,0.0,0,,0,0,0,0,0,,0.0,0.0,0.0,20260925T013701Z
2026,2,REG,2026_02_SEA_ARI,00-0037003,SEA,ARI,0,0,0,0,0,0,0,0.0,0,,0,0,0,0,0,,0.0,0.0,0.0,20260925T013701Z
2026,2,REG,2026_02_SEA_ARI,00-0037004,ARI,SEA,0,0,0,0,0,0,0,0.0,0,,0,0,0,0,0,,0.0,0.0,0.0,20260925T013701Z
2026,2,REG,2026_02_CAR_ATL,00-0037005,CAR,ATL,1,2,4,0,1,0,19,4.0,0,-0.883956002246123,0,0,0,0,0,0.210526315789474,0.0625,0.0610932475884244,0.136515273311897,20260925T013701Z
2026,2,REG,2026_02_LV_LAC,00-0037009,LAC,LV,0,0,0,0,0,0,0,0.0,0,,0,0,0,0,0,,0.0,0.0,0.0,20260925T013701Z
2026,2,REG,2026_02_DET_BUF,00-0037034,BUF,DET,0,0,0,0,0,0,0,0.0,0,,0,0,0,0,0,,0.0,0.0,0.0,20260925T013701Z
2026,2,REG,2026_02_PHI_TEN,00-0037073,PHI,TEN,0,0,0,0,0,0,0,0.0,0,,0,0,0,0,0,,0.0,0.0,0.0,20260925T013701Z
2026,2,REG,2026_02_LV_LAC,00-0037074,LV,LAC,0,0,0,0,0,0,0,0.0,0,,0,0,0,0,0,,0.0,0.0,0.0,20260925T013701Z
2026,2,REG,2026_02_GB_NYJ,00-0037075,GB,NYJ,0,0,0,0,0,0,0,0.0,0,,0,0,0,0,0,,0.0,0.0,0.0,20260925T013701Z
2026,2,REG,2026_02_PHI_TEN,00-0037079,PHI,TEN,0,0,0,0,0,0,0,0.0,0,,0,0,0,0,0,,0.0,0.0,0.0,20260925T013701Z
2026,2,REG,2026_02_MIN_CHI,00-0037081,CHI,MIN,0,0,0,0,0,0,0,0.0,0,,0,0,0,0,0,,0.0,0.0,0.0,20260925T013701Z
2026,2,REG,2026_02_GB_NYJ,00-0037083,NYJ,GB,0,0,0,0,0,0,0,0.0,0,,0,0,0,0,0,,0.0,0.0,0.0,20260925T013701Z
2026,2,REG,2026_02_JAX_DEN,00-0037085,DEN,JAX,2,3,28,0,0,0,-9,32.0,1,0.0223814398632385,0,1,1,1,0,-3.11111111111111,0.103448275862069,-0.0335820895522388,0.131664951106536,20260925T013701Z
2026,2,REG,2026_02_GB_NYJ,00-0037091,GB,NYJ,0,1,0,0,0,0,8,0.0,0,-0.592051459942013,0,0,0,0,0,0.0,0.0344827586206897,0.037037037037037,0.0776500638569604,20260925T013701Z
2026,2,REG,2026_02_LV_LAC,00-0037093,LV,LAC,1,1,27,0,0,0,13,14.0,1,1.78471834259108,0,1,1,1,0,2.07692307692308,0.0344827586206897,0.0459363957597173,0.0838796149628366,20260925T013701Z
2026,2,REG,2026_02_MIN_CHI,00-0037096,CHI,MIN,0,0,0,0,0,0,0,0.0,0,,0,0,0,0,0,,0.0,0.0,0.0,20260925T013701Z
2026,2,REG,2026_02_MIN_CHI,00-0037109,CHI,MIN,0,0,0,0,0,0,0,0.0,0,,0,0,0,0,0,,0.0,0.0,0.0,20260925T013701Z
2026,2,REG,2026_02_CIN_HOU,00-0037130,HOU,CIN,0,0,0,0,0,0,0,0.0,0,,0,0,0,0,0,,0.0,0.0,0.0,20260925T013701Z
2026,2,REG,2026_02_PHI_TEN,00-0037132,PHI,TEN,0,0,0,0,0,0,0,0.0,0,,0,0,0,0,0,,0.0,0.0,0.0,20260925T013701Z
2026,2,REG,2026_02_SEA_ARI,00-0037137,SEA,ARI,0,0,0,0,0,0,0,0.0,0,,0,0,0,0,0,,0.0,0.0,0.0,20260925T013701Z
2026,2,REG,2026_02_SEA_ARI,00-0037157,ARI,SEA,0,0,0,0,0,0,0,0.0,0,,0,0,0,0,0,,0.0,0.0,0.0,20260925T013701Z
2026,2,REG,2026_02_CAR_ATL,00-0037179,CAR,ATL,0,0,0,0,0,0,0,0.0,0,,0,0,0,0,0,,0.0,0.0,0.0,20260925T013701Z
2026,2,REG,2026_02_IND_KC,00-0037190,IND,KC,0,0,0,0,0,0,0,0.0,0,,0,0,0,0,0,,0.0,0.0,0.0,20260925T013701Z
2026,2,REG,2026_02_NYG_LA,00-0037191,LA,NYG,0,0,0,0,0,0,0,0.0,0,,0,0,0,0,0,,0.0,0.0,0.0,20260925T013701Z
2026,2,REG,2026_02_IND_KC,00-0037192,KC,IND,0,0,0,0,0,0,0,0.0,0,,0,0,0,0,0,,0.0,0.0,0.0,20260925T013701Z
2026,2,REG,2026_02_CIN_HOU,00-0037193,CIN,HOU,0,0,0,0,0,0,0,0.0,0,,0,0,0,0,0,,0.0,0.0,0.0,20260925T013701Z
2026,2,REG,2026_02_NYG_LA,00-0037195,LA,NYG,0,0,0,0,0,0,0,0.0,0,,0,0,0,0,0,,0.0,0.0,0.0,20260925T013701Z
2026,2,REG,2026_02_CAR_ATL,00-0037196,CAR,ATL,0,0,0,0,0,0,0,0.0,0,,0,0,0,0,0,,0.0,0.0,0.0,20260925T013701Z
2026,2,REG,2026_02_IND_KC,00-0037208,KC,IND,0,0,0,0,0,0,0,0.0,0,,0,0,0,0,0,,0.0,0.0,0.0,20260925T013701Z
2026,2,REG,2026_02_LV_LAC,00-0037224,LAC,LV,0,0,0,0,0,0,0,0.0,0,,0,0,0,0,0,,0.0,0.0,0.0,20260925T013701Z
2026,2,REG,2026_02_PIT_NE,00-0037228,PIT,NE,2,4,34,0,0,0,-11,39.0,1,-0.0250917259424885,0,1,1,1,0,-3.09090909090909,0.108108108108108,-0.0511627906976744,0.12634820867379,20260925T013701Z
2026,2,REG,2026_02_NO_BAL,00-0037231,NO,BAL,1,1,7,0,0,0,6,1.0,0,0.38609720725799,0,0,0,0,0,1.16666666666667,0.03125,0.028169014084507,0.0665933098591549,20260925T013701Z
2026,2,REG,2026_02_JAX_DEN,00-0037235,JAX,DEN,0,0,0,0,0,0,0,0.0,0,,0,0,0,0,0,,0.0,0.0,0.0,20260925T013701Z
2026,2,REG,2026_02_DET_BUF,00-0037236,DET,BUF,0,0,0,0,0,0,0,0.0,0,,0,0,0,0,0,,0.0,0.0,0.0,20260925T013701Z
2026,2,REG,2026_02_CIN_HOU,00-0037237,HOU,CIN,0,0,0,0,0,0,0,0.0,0,,0,0,0,0,0,,0.0,0.0,0.0,20260925T013701Z
2026,2,REG,2026_02_CAR_ATL,00-0037238,ATL,CAR,4,5,51,0,0,0,23,33.0,4,3.30427900882205,0,3,1,0,0,2.21739130434783,0.161290322580645,0.144654088050314,0.343193345506188,20260925T013701Z
2026,2,REG,2026_02_NO_BAL,00-0037239,NO,BAL,8,10,86,1,0,0,104,18.0,6,6.47423115190922,0,5,2,2,0,0.826923076923077,0.3125,0.488262910798122,0.810534037558685,20260925T013701Z
2026,2,REG,2026_02_DET_BUF,00-0037240,DET,BUF,2,4,33,0,0,0,50,1.0,2,1.49683080165414,0,2,2,0,0,0.66,0.105263157894737,0.148367952522255,0.261752303607684,20260925T013701Z
2026,2,REG,2026_02_CAR_ATL,00-0037244,CAR,ATL,0,0,0,0,0,0,0,0.0,0,,0,0,0,0,0,,0.0,0.0,0.0,20260925T013701Z
2026,2,REG,2026_02_CIN_HOU,00-0037246,HOU,CIN,0,0,0,0,0,0,0,0.0,0,,0,0,0,0,0,,0.0,0.0,0.0,20260925T013701Z
2026,2,REG,2026_02_WAS_DAL,00-0037247,DAL,WAS,6,8,40,0,0,0,83,2.0,4,0.481996901237861,0,2,0,0,0,0.481927710843373,0.258064516129032,0.34016393442623,0.625211528291909,20260925T013701Z
2026,2,REG,2026_02_DET_BUF,00-0037248,BUF,DET,1,3,4,0,0,0,1,2.0,0,-1.15964489540784,0,0,0,0,0,4.0,0.107142857142857,0.00425531914893617,0.163693009118541,20260925T013701Z
2026,2,REG,2026_02_JAX_DEN,00-0037249,DEN,JAX,0,0,0,0,0,0,0,0.0,0,,0,0,0,0,0,,0.0,0.0,0.0,20260925T013701Z
2026,2,REG,2026_02_NO_BAL,00-0037250,NO,BAL,0,0,0,0,0,0,0,0.0,0,,0,0,0,0,0,,0.0,0.0,0.0,20260925T013701Z
2026,2,REG,2026_02_MIA_SF,00-0037252,MIA,SF,2,3,17,0,0,0,10,15.0,1,0.153479987115134,0,1,0,0,0,1.7,0.130434782608696,0.0591715976331361,0.237072292256239,20260925T013701Z
2026,2,REG,2026_02_PIT_NE,00-0037253,NE,PIT,0,0,0,0,0,0,0,0.0,0,,0,0,0,0,0,,0.0,0.0,0.0,20260925T013701Z
2026,2,REG,2026_02_DET_BUF,00-0037254,BUF,DET,0,0,0,0,0,0,0,0.0,0,,0,0,0,0,0,,0.0,0.0,0.0,20260925T013701Z
2026,2,REG,2026_02_WAS_DAL,00-0037256,WAS,DAL,6,6,40,0,0,0,8,32.0,1,0.926539305268561,0,2,0,0,0,5.0,0.176470588235294,0.0222841225626741,0.280304768146813,20260925T013701Z
2026,2,REG,2026_02_DET_BUF,00-0037261,BUF,DET,3,6,38,0,0,0,73,19.0,2,0.549903965438716,0,2,1,0,0,0.520547945205479,0.214285714285714,0.31063829787234,0.53887537993921,20260925T013701Z
2026,2,REG,2026_02_LV_LAC,00-0037262,LV,LAC,0,0,0,0,0,0,0,0.0,0,,0,0,0,0,0,,0.0,0.0,0.0,20260925T013701Z
2026,2,REG,2026_02_SEA_ARI,00-0037263,ARI,SEA,2,2,9,0,0,0,-3,12.0,0,-0.406009509111755,0,0,0,0,0,-3.0,0.0769230769230769,-0.0275229357798165,0.0961185603387438,20260925T013701Z
2026,2,REG,2026_02_CLE_TB,00-0037268,TB,CLE,0,0,0,0,0,0,0,0.0,0,,0,0,0,0,0,,0.0,0.0,0.0,20260925T013701Z
2026,2,REG,2026_02_WAS_DAL,00-0037270,DAL,WAS,0,0,0,0,0,0,0,0.0,0,,0,0,0,0,0,,0.0,0.0,0.0,20260925T013701Z
2026,2,REG,2026_02_MIN_CHI,00-0037271,CHI,MIN,0,0,0,0,0,0,0,0.0,0,,0,0,0,0,0,,0.0,0.0,0.0,20260925T013701Z
2026,2,REG,2026_02_WAS_DAL,00-0037275,DAL,WAS,0,0,0,0,0,0,0,0.0,0,,0,0,0,0,0,,0.0,0.0,0.0,20260925T013701Z
2026,2,REG,2026_02_IND_KC,00-0037284,KC,IND,0,0,0,0,0,0,0,0.0,0,,0,0,0,0,0,,0.0,0.0,0.0,20260925T013701Z
2026,2,REG,2026_02_MIA_SF,00-0037287,SF,MIA,0,0,0,0,0,0,0,0.0,0,,0,0,0,0,0,,0.0,0.0,0.0,20260925T013701Z
2026,2,REG,2026_02_DET_BUF,00-0037288,BUF,DET,0,0,0,0,0,0,0,0.0,0,,0,0,0,0,0,,0.0,0.0,0.0,20260925T013701Z
2026,2,REG,2026_02_DET_BUF,00-0037289,DET,BUF,0,0,0,0,0,0,0,0.0,0,,0,0,0,0,0,,0.0,0.0,0.0,20260925T013701Z
2026,2,REG,2026_02_LV_LAC,00-0037291,LV,LAC,1,3,9,0,0,0,27,3.0,1,0.626363877439871,0,0,0,0,0,0.333333333333333,0.103448275862069,0.0954063604240283,0.221956866089923,20260925T013701Z
2026,2,REG,2026_02_IND_KC,00-0037292,IND,KC,0,1,0,0,0,0,4,0.0,0,-0.557626492343843,0,0,0,0,0,0.0,0.0333333333333333,0.0246913580246914,0.067283950617284,20260925T013701Z
2026,2,REG,2026_02_MIN_CHI,00-0037301,MIN,CHI,0,0,0,0,0,0,0,0.0,0,,0,0,0,0,0,,0.0,0.0,0.0,20260925T013701Z
2026,2,REG,2026_02_LV_LAC,00-0037304,LV,LAC,0,0,0,0,0,0,0,0.0,0,,0,0,0,0,0,,0.0,0.0,0.0,20260925T013701Z
2026,2,REG,2026_02_JAX_DEN,00-0037313,JAX,DEN,0,0,0,0,0,0,0,0.0,0,,0,0,0,0,0,,0.0,0.0,0.0,20260925T013701Z
2026,2,REG,2026_02_SEA_ARI,00-0037323,SEA,ARI,0,0,0,0,0,0,0,0.0,0,,0,0,0,0,0,,0.0,0.0,0.0,20260925T013701Z
2026,2,REG,2026_02_JAX_DEN,00-0037384,DEN,JAX,0,0,0,0,0,0,0,0.0,0,,0,0,0,0,0,,0.0,0.0,0.0,20260925T013701Z
2026,2,REG,2026_02_CIN_HOU,00-0037457,HOU,CIN,0,0,0,0,0,0,0,0.0,0,,0,0,0,0,0,,0.0,0.0,0.0,20260925T013701Z
2026,2,REG,2026_02_NO_BAL,00-0037500,NO,BAL,0,0,0,0,0,0,0,0.0,0,,0,0,0,0,0,,0.0,0.0,0.0,20260925T013701Z
2026,2,REG,2026_02_LV_LAC,00-0037512,LV,LAC,0,0,0,0,0,0,0,0.0,0,,0,0,0,0,0,,0.0,0.0,0.0,20260925T013701Z
2026,2,REG,2026_02_DET_BUF,00-0037524,DET,BUF,0,0,0,0,0,0,0,0.0,0,,0,0,0,0,0,,0.0,0.0,0.0,20260925T013701Z
2026,2,REG,2026_02_LV_LAC,00-0037527,LV,LAC,0,0,0,0,0,0,0,0.0,0,,0,0,0,0,0,,0.0,0.0,0.0,20260925T013701Z
2026,2,REG,2026_02_SEA_ARI,00-0037545,SEA,ARI,3,6,35,0,0,0,67,25.0,1,-1.55927495785667,0,1,1,1,0,0.522388059701493,0.230769230769231,0.295154185022026,0.552761775669265,20260925T013701Z
2026,2,REG,2026_02_GB_NYJ,00-0037547,GB,NYJ,0,0,0,0,0,0,0,0.0,0,,0,0,0,0,0,,0.0,0.0,0.0,20260925T013701Z
2026,2,REG,2026_02_WAS_DAL,00-0037561,DAL,WAS,0,0,0,0,0,0,0,0.0,0,,0,0,0,0,0,,0.0,0.0,0.0,20260925T013701Z
2026,2,REG,2026_02_NYG_LA,00-0037587,LA,NYG,0,0,0,0,0,0,0,0.0,0,,0,0,0,0,0,,0.0,0.0,0.0,20260925T013701Z
2026,2,REG,2026_02_PHI_TEN,00-0037594,TEN,PHI,0,0,0,0,0,0,0,0.0,0,,0,0,0,0,0,,0.0,0.0,0.0,20260925T013701Z
2026,2,REG,2026_02_SEA_ARI,00-0037596,ARI,SEA,0,0,0,0,0,0,0,0.0,0,,0,0,0,0,0,,0.0,0.0,0.0,20260925T013701Z
2026,2,REG,2026_02_CAR_ATL,00-0037614,CAR,ATL,0,0,0,0,0,0,0,0.0,0,,0,0,0,0,0,,0.0,0.0,0.0,20260925T013701Z
2026,2,REG,2026_02_LV_LAC,00-0037615,LV,LAC,0,0,0,0,0,0,0,0.0,0,,0,0,0,0,0,,0.0,0.0,0.0,20260925T013701Z
2026,2,REG,2026_02_WAS_DAL,00-0037616,WAS,DAL,0,0,0,0,0,0,0,0.0,0,,0,0,0,0,0,,0.0,0.0,0.0,20260925T013701Z
2026,2,REG,2026_02_PHI_TEN,00-0037663,TEN,PHI,0,0,0,0,0,0,0,0.0,0,,0,0,0,0,0,,0.0,0.0,0.0,20260925T013701Z
2026,2,REG,2026_02_IND_KC,00-0037664,IND,KC,1,1,11,0,0,0,10,1.0,1,0.670511801494286,0,1,0,0,0,1.1,0.0333333333333333,0.0617283950617284,0.0932098765432099,20260925T013701Z
2026,2,REG,2026_02_CLE_TB,00-0037665,CLE,TB,0,0,0,0,0,0,0,0.0,0,,0,0,0,0,0,,0.0,0.0,0.0,20260925T013701Z
2026,2,REG,2026_02_WAS_DAL,00-0037692,DAL,WAS,0,0,0,0,0,0,0,0.0,0,,0,0,0,0,0,,0.0,0.0,0.0,20260925T013701Z
2026,2,REG,2026_02_GB_NYJ,00-0037740,NYJ,GB,5,7,57,1,0,0,75,3.0,4,2.66148250183323,0,3,2,0,0,0.76,0.194444444444444,0.298804780876494,0.500830013280213,20260925T013701Z
2026,2,REG,2026_02_CAR_ATL,00-0037741,ATL,CAR,2,4,11,0,0,0,48,7.0,1,-5.99570282443892,0,0,0,0,0,0.229166666666667,0.129032258064516,0.30188679245283,0.404869141813755,20260925T013701Z
2026,2,REG,2026_02_WAS_DAL,00-0037742,WAS,DAL,0,1,0,0,0,0,56,0.0,0,-0.646116067306139,0,0,0,0,0,0.0,0.0294117647058824,0.155988857938719,0.153309847615927,20260925T013701Z
2026,2,REG,2026_02_CIN_HOU,00-0037743,CIN,HOU,0,0,0,0,0,0,0,0.0,0,,0,0,0,0,0,,0.0,0.0,0.0,20260925T013701Z
2026,2,REG,2026_02_SEA_ARI,00-0037744,ARI,SEA,8,10,41,1,0,0,36,15.0,3,5.13086431106785,0,0,0,0,0,1.13888888888889,0.384615384615385,0.330275229357798,0.808115737473536,20260925T013701Z
2026,2,REG,2026_02_CAR_ATL,00-0037746,ATL,CAR,2,2,16,0,0,0,0,16.0,1,1.2034323135158,0,1,0,0,0,0.0,0.0645161290322581,0.0,0.0967741935483871,20260925T013701Z
2026,2,REG,2026_02_JAX_DEN,00-0037752,DEN,JAX,0,0,0,0,0,0,0,0.0,0,,0,0,0,0,0,,0.0,0.0,0.0,20260925T013701Z
2026,2,REG,2026_02_IND_KC,00-0037753,IND,KC,0,0,0,0,0,0,0,0.0,0,,0,0,0,0,0,,0.0,0.0,0.0,20260925T013701Z
2026,2,REG,2026_02_NO_BAL,00-0037756,BAL,NO,0,0,0,0,0,0,0,0.0,0,,0,0,0,0,0,,0.0,0.0,0.0,20260925T013701Z
2026,2,REG,2026_02_JAX_DEN,00-0037799,DEN,JAX,0,0,0,0,0,0,0,0.0,0,,0,0,0,0,0,,0.0,0.0,0.0,20260925T013701Z
2026,2,REG,2026_02_WAS_DAL,00-0037801,DAL,WAS,0,0,0,0,0,0,0,0.0,0,,0,0,0,0,0,,0.0,0.0,0.0,20260925T013701Z
2026,2,REG,2026_02_GB_NYJ,00-0037805,NYJ,GB,2,2,5,0,0,0,-10,15.0,0,-0.868503438774496,0,0,0,0,0,0.0,0.0555555555555556,-0.0398406374501992,0.0554448871181939,20260925T013701Z
2026,2,REG,2026_02_SEA_ARI,00-0037812,SEA,ARI,0,0,0,0,0,0,0,0.0,0,,0,0,0,0,0,,0.0,0.0,0.0,20260925T013701Z
2026,2,REG,2026_02_CAR_ATL,00-0037814,CAR,ATL,0,0,0,0,0,0,0,0.0,0,,0,0,0,0,0,,0.0,0.0,0.0,20260925T013701Z
2026,2,REG,2026_02_CAR_ATL,00-0037815,ATL,CAR,0,0,0,0,0,0,0,0.0,0,,0,0,0,0,0,,0.0,0.0,0.0,20260925T013701Z
2026,2,REG,2026_02_PIT_NE,00-0037816,NE,PIT,3,4,96,0,1,0,76,26.0,2,5.55759400641546,0,2,2,2,1,1.26315789473684,0.19047619047619,0.387755102040816,0.557142857142857,20260925T013701Z
2026,2,REG,2026_02_WAS_DAL,00-0037819,WAS,DAL,0,0,0,0,0,0,0,0.0,0,,0,0,0,0,0,,0.0,0.0,0.0,20260925T013701Z
2026,2,REG,2026_02_CAR_ATL,00-0037823,ATL,CAR,0,0,0,0,0,0,0,0.0,0,,0,0,0,0,0,,0.0,0.0,0.0,20260925T013701Z
2026,2,REG,2026_02_LV_LAC,00-0037825,LV,LAC,0,0,0,0,0,0,0,0.0,0,,0,0,0,0,0,,0.0,0.0,0.0,20260925T013701Z
2026,2,REG,2026_02_LV_LAC,00-0037829,LV,LAC,0,0,0,0,0,0,0,0.0,0,,0,0,0,0,0,,0.0,0.0,0.0,20260925T013701Z
2026,2,REG,2026_02_MIA_SF,00-0037834,SF,MIA,0,0,0,0,0,0,0,0.0,0,,0,0,0,0,0,,0.0,0.0,0.0,20260925T013701Z
2026,2,REG,2026_02_NYG_LA,00-0037838,NYG,LA,5,10,33,0,0,0,48,4.0,3,-0.378315518144518,0,1,0,0,0,0.6875,0.3125,0.140762463343109,0.567283724340176,20260925T013701Z
2026,2,REG,2026_02_WAS_DAL,00-0037839,DAL,WAS,0,0,0,0,0,0,0,0.0,0,,0,0,0,0,0,,0.0,0.0,0.0,20260925T013701Z
2026,2,REG,2026_02_NYG_LA,00-0037840,LA,NYG,2,2,12,1,0,0,5,7.0,1,2.34797885152511,0,1,0,0,0,2.4,0.0666666666666667,0.0151057401812689,0.110574018126888,20260925T013701Z
2026,2,REG,2026_02_NYG_LA,00-0037841,LA,NYG,0,0,0,0,0,0,0,0.0,0,,0,0,0,0,0,,0.0,0.0,0.0,20260925T013701Z
2026,2,REG,2026_02_NO_BAL,00-0038038,BAL,NO,0,0,0,0,0,0,0,0.0,0,,0,0,0,0,0,,0.0,0.0,0.0,20260925T013701Z
2026,2,REG,2026_02_MIA_SF,00-0038039,SF,MIA,0,0,0,0,0,0,0,0.0,0,,0,0,0,0,0,,0.0,0.0,0.0,20260925T013701Z
2026,2,REG,2026_02_WAS_DAL,00-0038041,DAL,WAS,4,4,43,2,0,0,29,14.0,3,6.47267655603355,0,3,0,0,0,1.48275862068966,0.129032258064516,0.118852459016393,0.27674510840825,20260925T013701Z
2026,2,REG,2026_02_LV_LAC,00-0038046,LAC,LV,3,3,21,0,0,0,11,10.0,1,1.26244820444845,0,0,0,0,0,1.90909090909091,0.115384615384615,0.0408921933085502,0.201701458392908,20260925T013701Z
2026,2,REG,2026_02_GB_NYJ,00-0038090,GB,NYJ,2,3,6,0,0,0,43,6.0,0,-1.45394554338418,0,0,0,0,0,0.13953488372093,0.103448275862069,0.199074074074074,0.294524265644955,20260925T013701Z
2026,2,REG,2026_02_NYG_LA,00-0038094,NYG,LA,0,0,0,0,0,0,0,0.0,0,,0,0,0,0,0,,0.0,0.0,0.0,20260925T013701Z
2026,2,REG,2026_02_CAR_ATL,00-0038101,CAR,ATL,0,0,0,0,0,0,0,0.0,0,,0,0,0,0,0,,0.0,0.0,0.0,20260925T013701Z
2026,2,REG,2026_02_CAR_ATL,00-0038102,CAR,ATL,0,0,0,0,0,0,0,0.0,0,,0,0,0,0,0,,0.0,0.0,0.0,20260925T013701Z
2026,2,REG,2026_02_IND_KC,00-0038104,KC,IND,4,4,86,0,0,0,85,1.0,2,8.17121685793973,0,2,2,2,1,1.01176470588235,0.0930232558139535,0.324427480916031,0.366634120362152,20260925T013701Z
2026,2,REG,2026_02_JAX_DEN,00-0038106,DEN,JAX,0,0,0,0,0,0,0,0.0,0,,0,0,0,0,0,,0.0,0.0,0.0,20260925T013701Z
2026,2,REG,2026_02_PHI_TEN,00-0038112,PHI,TEN,0,0,0,0,0,0,0,0.0,0,,0,0,0,0,0,,0.0,0.0,0.0,20260925T013701Z
2026,2,REG,2026_02_PHI_TEN,00-0038115,TEN,PHI,0,1,0,0,0,0,4,0.0,0,-0.621908008586615,0,0,0,0,0,0.0,0.0588235294117647,0.0285714285714286,0.108235294117647,20260925T013701Z
2026,2,REG,2026_02_PHI_TEN,00-0038116,PHI,TEN,0,0,0,0,0,0,0,0.0,0,,0,0,0,0,0,,0.0,0.0,0.0,20260925T013701Z
2026,2,REG,2026_02_PHI_TEN,00-0038117,TEN,PHI,1,1,9,0,0,0,6,3.0,1,1.62332643289119,0,0,0,0,0,1.5,0.0588235294117647,0.0428571428571429,0.118235294117647,20260925T013701Z
2026,2,REG,2026_02_GB_NYJ,00-0038120,NYJ,GB,5,5,63,0,0,0,-1,64.0,2,5.07217273052083,0,2,1,1,1,-63.0,0.138888888888889,-0.00398406374501992,0.205544488711819,20260925T013701Z
2026,2,REG,2026_02_PHI_TEN,00-0038121,TEN,PHI,0,0,0,0,0,0,0,0.0,0,,0,0,0,0,0,,0.0,0.0,0.0,20260925T013701Z
2026,2,REG,2026_02_GB_NYJ,00-0038123,NYJ,GB,0,0,0,0,0,0,0,0.0,0,,0,0,0,0,0,,0.0,0.0,0.0,20260925T013701Z
2026,2,REG,2026_02_GB_NYJ,00-0038124,GB,NYJ,4,11,41,1,0,0,86,6.0,2,-3.75424749107495,0,2,1,1,0,0.476744186046512,0.379310344827586,0.398148148148148,0.847669220945083,20260925T013701Z
2026,2,REG,2026_02_DET_BUF,00-0038125,DET,BUF,0,0,0,0,0,0,0,0.0,0,,0,0,0,0,0,,0.0,0.0,0.0,20260925T013701Z
2026,2,REG,2026_02_CIN_HOU,00-0038127,HOU,CIN,0,0,0,0,0,0,0,0.0,0,,0,0,0,0,0,,0.0,0.0,0.0,20260925T013701Z
2026,2,REG,2026_02_MIA_SF,00-0038128,MIA,SF,0,0,0,0,0,0,0,0.0,0,,0,0,0,0,0,,0.0,0.0,0.0,20260925T013701Z
2026,2,REG,2026_02_CLE_TB,00-0038129,TB,CLE,5,6,38,0,1,0,45,15.0,1,-1.45477002655081,0,1,0,0,0,0.844444444444445,0.181818181818182,0.106888361045131,0.347549125458864,20260925T013701Z
2026,2,REG,2026_02_CIN_HOU,00-0038133,CIN,HOU,0,0,0,0,0,0,0,0.0,0,,0,0,0,0,0,,0.0,0.0,0.0,20260925T013701Z
2026,2,REG,2026_02_IND_KC,00-0038134,KC,IND,6,10,61,0,0,0,13,54.0,2,-0.491874216710828,0,3,1,1,0,4.69230769230769,0.232558139534884,0.049618320610687,0.383570033729807,20260925T013701Z
2026,2,REG,2026_02_PIT_NE,00-0038135,PIT,NE,0,0,0,0,0,0,0,0.0,0,,0,0,0,0,0,,0.0,0.0,0.0,20260925T013701Z
2026,2,REG,2026_02_NYG_LA,00-0038359,LA,NYG,0,1,0,0,0,0,0,0.0,0,-0.781027704360895,0,0,0,0,0,,0.0333333333333333,0.0,0.05,20260925T013701Z
2026,2,REG,2026_02_NYG_LA,00-0038366,LA,NYG,0,0,0,0,0,0,0,0.0,0,,0,0,0,0,0,,0.0,0.0,0.0,20260925T013701Z
2026,2,REG,2026_02_PHI_TEN,00-0038386,PHI,TEN,0,0,0,0,0,0,0,0.0,0,,0,0,0,0,0,,0.0,0.0,0.0,20260925T013701Z
2026,2,REG,2026_02_NO_BAL,00-0038387,NO,BAL,0,0,0,0,0,0,0,0.0,0,,0,0,0,0,0,,0.0,0.0,0.0,20260925T013701Z
2026,2,REG,2026_02_PHI_TEN,00-0038393,PHI,TEN,5,6,74,0,0,0,69,8.0,5,11.0542262168019,0,3,2,2,0,1.07246376811594,0.176470588235294,0.236301369863014,0.430116841257051,20260925T013701Z
2026,2,REG,2026_02_GB_NYJ,00-0038398,GB,NYJ,0,0,0,0,0,0,0,0.0,0,,0,0,0,0,0,,0.0,0.0,0.0,20260925T013701Z
2026,2,REG,2026_02_NYG_LA,00-0038399,NYG,LA,0,0,0,0,0,0,0,0.0,0,,0,0,0,0,0,,0.0,0.0,0.0,20260925T013701Z
2026,2,REG,2026_02_PHI_TEN,00-0038412,PHI,TEN,0,0,0,0,0,0,0,0.0,0,,0,0,0,0,0,,0.0,0.0,0.0,20260925T013701Z
2026,2,REG,2026_02_MIN_CHI,00-0038416,CHI,MIN,0,0,0,0,0,0,0,0.0,0,,0,0,0,0,0,,0.0,0.0,0.0,20260925T013701Z
2026,2,REG,2026_02_CLE_TB,00-0038428,CLE,TB,0,0,0,0,0,0,0,0.0,0,,0,0,0,0,0,,0.0,0.0,0.0,20260925T013701Z
2026,2,REG,2026_02_MIA_SF,00-0038429,MIA,SF,0,0,0,0,0,0,0,0.0,0,,0,0,0,0,0,,0.0,0.0,0.0,20260925T013701Z
2026,2,REG,2026_02_LV_LAC,00-0038454,LAC,LV,1,1,15,0,0,0,3,12.0,0,1.2378554593306,0,1,0,0,0,5.0,0.0384615384615385,0.0111524163568773,0.0654989991421218,20260925T013701Z
2026,2,REG,2026_02_GB_NYJ,00-0038463,GB,NYJ,0,0,0,0,0,0,0,0.0,0,,0,0,0,0,0,,0.0,0.0,0.0,20260925T013701Z
2026,2,REG,2026_02_NO_BAL,00-0038504,BAL,NO,0,0,0,0,0,0,0,0.0,0,,0,0,0,0,0,,0.0,0.0,0.0,20260925T013701Z
2026,2,REG,2026_02_NO_BAL,00-0038505,BAL,NO,0,0,0,0,0,0,0,0.0,0,,0,0,0,0,0,,0.0,0.0,0.0,20260925T013701Z
2026,2,REG,2026_02_PHI_TEN,00-0038514,TEN,PHI,0,0,0,0,0,0,0,0.0,0,,0,0,0,0,0,,0.0,0.0,0.0,20260925T013701Z
2026,2,REG,2026_02_IND_KC,00-0038519,KC,IND,0,0,0,0,0,0,0,0.0,0,,0,0,0,0,0,,0.0,0.0,0.0,20260925T013701Z
2026,2,REG,2026_02_MIA_SF,00-0038521,MIA,SF,0,0,0,0,0,0,0,0.0,0,,0,0,0,0,0,,0.0,0.0,0.0,20260925T013701Z
2026,2,REG,2026_02_CAR_ATL,00-0038542,ATL,CAR,3,4,9,0,0,0,12,8.0,0,-4.50992916384712,0,0,0,0,0,0.75,0.129032258064516,0.0754716981132076,0.246378575776019,20260925T013701Z
2026,2,REG,2026_02_SEA_ARI,00-0038543,SEA,ARI,9,11,155,3,0,0,121,52.0,8,17.8788050301082,0,4,1,1,1,1.28099173553719,0.423076923076923,0.533039647577093,1.00774313791935,20260925T013701Z
2026,2,REG,2026_02_LV_LAC,00-0038544,LAC,LV,1,5,7,0,0,0,64,11.0,1,-2.35988854721654,0,0,0,0,0,0.109375,0.192307692307692,0.237918215613383,0.455004289390907,20260925T013701Z
2026,2,REG,2026_02_CIN_HOU,00-0038546,CIN,HOU,0,0,0,0,0,0,0,0.0,0,,0,0,0,0,0,,0.0,0.0,0.0,20260925T013701Z
2026,2,REG,2026_02_CIN_HOU,00-0038549,CIN,HOU,0,0,0,0,0,0,0,0.0,0,,0,0,0,0,0,,0.0,0.0,0.0,20260925T013701Z
2026,2,REG,2026_02_JAX_DEN,00-0038552,DEN,JAX,0,0,0,0,0,0,0,0.0,0,,0,0,0,0,0,,0.0,0.0,0.0,20260925T013701Z
2026,2,REG,2026_02_LV_LAC,00-0038553,LAC,LV,0,0,0,0,0,0,0,0.0,0,,0,0,0,0,0,,0.0,0.0,0.0,20260925T013701Z
2026,2,REG,2026_02_MIA_SF,00-0038554,SF,MIA,0,0,0,0,0,0,0,0.0,0,,0,0,0,0,0,,0.0,0.0,0.0,20260925T013701Z
2026,2,REG,2026_02_PHI_TEN,00-0038555,PHI,TEN,2,2,5,0,0,0,-8,13.0,0,-0.769827450858429,0,0,0,0,0,-0.625,0.0588235294117647,-0.0273972602739726,0.0690572119258662,20260925T013701Z
2026,2,REG,2026_02_DET_BUF,00-0038557,BUF,DET,0,0,0,0,0,0,0,0.0,0,,0,0,0,0,0,,0.0,0.0,0.0,20260925T013701Z
2026,2,REG,2026_02_PIT_NE,00-0038558,PIT,NE,1,2,7,0,0,0,4,7.0,0,-0.0686917069251649,0,0,0,0,0,1.75,0.0540540540540541,0.0186046511627907,0.0941043368950346,20260925T013701Z
2026,2,REG,2026_02_SEA_ARI,00-0038559,ARI,SEA,2,7,18,0,0,0,50,11.0,1,-4.99126032431377,0,0,0,0,0,0.36,0.269230769230769,0.458715596330275,0.724947071277347,20260925T013701Z
2026,2,REG,2026_02_CIN_HOU,00-0038560,CIN,HOU,0,0,0,0,0,0,0,0.0,0,,0,0,0,0,0,,0.0,0.0,0.0,20260925T013701Z
2026,2,REG,2026_02_LV_LAC,00-0038563,LV,LAC,5,7,119,1,0,0,143,2.0,4,3.36599905689945,0,4,2,2,2,0.832167832167832,0.241379310344828,0.505300353356891,0.715779212867065,20260925T013701Z
2026,2,REG,2026_02_PIT_NE,00-0038564,NE,PIT,0,0,0,0,0,0,0,0.0,0,,0,0,0,0,0,,0.0,0.0,0.0,20260925T013701Z
2026,2,REG,2026_02_CLE_TB,00-0038565,CLE,TB,0,0,0,0,0,0,0,0.0,0,,0,0,0,0,0,,0.0,0.0,0.0,20260925T013701Z
2026,2,REG,2026_02_SEA_ARI,00-0038567,ARI,SEA,0,0,0,0,0,0,0,0.0,0,,0,0,0,0,0,,0.0,0.0,0.0,20260925T013701Z
2026,2,REG,2026_02_JAX_DEN,00-0038570,JAX,DEN,0,0,0,0,0,0,0,0.0,0,,0,0,0,0,0,,0.0,0.0,0.0,20260925T013701Z
2026,2,REG,2026_02_LV_LAC,00-0038573,LAC,LV,0,1,0,0,0,0,14,0.0,0,-3.34750582359266,0,0,0,0,0,0.0,0.0384615384615385,0.0520446096654275,0.0941235344581069,20260925T013701Z
2026,2,REG,2026_02_CLE_TB,00-0038574,CLE,TB,0,0,0,0,0,0,0,0.0,0,,0,0,0,0,0,,0.0,0.0,0.0,20260925T013701Z
2026,2,REG,2026_02_PIT_NE,00-0038577,PIT,NE,0,0,0,0,0,0,0,0.0,0,,0,0,0,0,0,,0.0,0.0,0.0,20260925T013701Z
2026,2,REG,2026_02_MIN_CHI,00-0038578,MIN,CHI,0,0,0,0,0,0,0,0.0,0,,0,0,0,0,0,,0.0,0.0,0.0,20260925T013701Z
2026,2,REG,2026_02_CAR_ATL,00-0038580,ATL,CAR,0,0,0,0,0,0,0,0.0,0,,0,0,0,0,0,,0.0,0.0,0.0,20260925T013701Z
2026,2,REG,2026_02_JAX_DEN,00-0038596,JAX,DEN,0,0,0,0,0,0,0,0.0,0,,0,0,0,0,0,,0.0,0.0,0.0,20260925T013701Z
2026,2,REG,2026_02_CIN_HOU,00-0038597,CIN,HOU,3,5,2,0,0,0,-15,11.0,0,-4.13806181307882,0,0,0,0,0,-0.133333333333333,0.161290322580645,-0.0867052023121387,0.181241842252471,20260925T013701Z
2026,2,REG,2026_02_JAX_DEN,00-0038605,DEN,JAX,0,0,0,0,0,0,0,0.0,0,,0,0,0,0,0,,0.0,0.0,0.0,20260925T013701Z
2026,2,REG,2026_02_JAX_DEN,00-0038606,JAX,DEN,7,12,98,0,0,0,177,5.0,3,-0.374510088133583,0,4,3,1,0,0.553672316384181,0.428571428571429,0.586092715231788,1.05312204351939,20260925T013701Z
2026,2,REG,2026_02_CIN_HOU,00-0038608,HOU,CIN,3,5,37,0,0,0,66,2.0,1,0.435483615263365,0,2,1,1,0,0.560606060606061,0.1,0.138947368421053,0.247263157894737,20260925T013701Z
2026,2,REG,2026_02_JAX_DEN,00-0038611,JAX,DEN,0,0,0,0,0,0,0,0.0,0,,0,0,0,0,0,,0.0,0.0,0.0,20260925T013701Z
2026,2,REG,2026_02_CIN_HOU,00-0038618,HOU,CIN,3,9,37,0,0,0,112,12.0,2,-2.01701084233355,0,2,1,0,0,0.330357142857143,0.18,0.235789473684211,0.435052631578947,20260925T013701Z
2026,2,REG,2026_02_CIN_HOU,00-0038619,CIN,HOU,1,1,7,0,0,0,6,1.0,0,-0.314184204386307,0,0,0,0,0,1.16666666666667,0.032258064516129,0.0346820809248555,0.0726645534215924,20260925T013701Z
2026,2,REG,2026_02_PHI_TEN,00-0038620,TEN,PHI,0,0,0,0,0,0,0,0.0,0,,0,0,0,0,0,,0.0,0.0,0.0,20260925T013701Z
2026,2,REG,2026_02_PIT_NE,00-0038621,NE,PIT,1,2,9,0,0,0,0,4.0,0,-0.1713877026923,0,0,0,0,0,0.0,0.0952380952380952,0.0,0.142857142857143,20260925T013701Z
2026,2,REG,2026_02_SEA_ARI,00-0038623,ARI,SEA,0,0,0,0,0,0,0,0.0,0,,0,0,0,0,0,,0.0,0.0,0.0,20260925T013701Z
2026,2,REG,2026_02_WAS_DAL,00-0038625,DAL,WAS,0,0,0,0,0,0,0,0.0,0,,0,0,0,0,0,,0.0,0.0,0.0,20260925T013701Z
2026,2,REG,2026_02_SEA_ARI,00-0038640,ARI,SEA,0,0,0,0,0,0,0,0.0,0,,0,0,0,0,0,,0.0,0.0,0.0,20260925T013701Z
2026,2,REG,2026_02_CIN_HOU,00-0038642,CIN,HOU,0,0,0,0,0,0,0,0.0,0,,0,0,0,0,0,,0.0,0.0,0.0,20260925T013701Z
2026,2,REG,2026_02_MIA_SF,00-0038643,SF,MIA,0,0,0,0,0,0,0,0.0,0,,0,0,0,0,0,,0.0,0.0,0.0,20260925T013701Z
2026,2,REG,2026_02_PIT_NE,00-0038645,PIT,NE,0,0,0,0,0,0,0,0.0,0,,0,0,0,0,0,,0.0,0.0,0.0,20260925T013701Z
2026,2,REG,2026_02_PIT_NE,00-0038653,NE,PIT,0,0,0,0,0,0,0,0.0,0,,0,0,0,0,0,,0.0,0.0,0.0,20260925T013701Z
2026,2,REG,2026_02_DET_BUF,00-0038660,DET,BUF,0,0,0,0,0,0,0,0.0,0,,0,0,0,0,0,,0.0,0.0,0.0,20260925T013701Z
2026,2,REG,2026_02_GB_NYJ,00-0038685,GB,NYJ,1,2,15,0,0,0,-2,19.0,1,1.75607763358857,0,1,0,0,0,-7.5,0.0689655172413793,-0.00925925925925926,0.0969667943805875,20260925T013701Z
2026,2,REG,2026_02_WAS_DAL,00-0038705,DAL,WAS,0,0,0,0,0,0,0,0.0,0,,0,0,0,0,0,,0.0,0.0,0.0,20260925T013701Z
2026,2,REG,2026_02_CLE_TB,00-0038710,CLE,TB,1,2,17,1,0,0,6,14.0,1,2.51437441539019,0,1,1,0,0,2.83333333333333,0.0666666666666667,0.0555555555555556,0.138888888888889,20260925T013701Z
2026,2,REG,2026_02_CLE_TB,00-0038715,CLE,TB,0,0,0,0,0,0,0,0.0,0,,0,0,0,0,0,,0.0,0.0,0.0,20260925T013701Z
2026,2,REG,2026_02_CIN_HOU,00-0038728,HOU,CIN,2,7,33,0,0,0,104,17.0,2,-4.47017207433237,0,2,1,0,0,0.317307692307692,0.14,0.218947368421053,0.363263157894737,20260925T013701Z
2026,2,REG,2026_02_WAS_DAL,00-0038738,DAL,WAS,0,0,0,0,0,0,0,0.0,0,,0,0,0,0,0,,0.0,0.0,0.0,20260925T013701Z
2026,2,REG,2026_02_WAS_DAL,00-0038742,DAL,WAS,0,0,0,0,0,0,0,0.0,0,,0,0,0,0,0,,0.0,0.0,0.0,20260925T013701Z
2026,2,REG,2026_02_MIN_CHI,00-0038778,MIN,CHI,0,0,0,0,0,0,0,0.0,0,,0,0,0,0,0,,0.0,0.0,0.0,20260925T013701Z
2026,2,REG,2026_02_JAX_DEN,00-0038783,DEN,JAX,3,3,32,1,0,0,24,8.0,3,3.71368009847356,0,1,1,0,0,1.33333333333333,0.103448275862069,0.0895522388059701,0.217858980957283,20260925T013701Z
2026,2,REG,2026_02_CAR_ATL,00-0038791,CAR,ATL,0,0,0,0,0,0,0,0.0,0,,0,0,0,0,0,,0.0,0.0,0.0,20260925T013701Z
2026,2,REG,2026_02_CLE_TB,00-0038794,CLE,TB,0,1,0,0,0,0,1,0.0,0,-0.412490890477784,0,0,0,0,0,0.0,0.0333333333333333,0.00925925925925926,0.0564814814814815,20260925T013701Z
2026,2,REG,2026_02_SEA_ARI,00-0038797,SEA,ARI,0,1,0,0,0,0,1,0.0,0,-0.474854191590566,0,0,0,0,0,0.0,0.0384615384615385,0.00440528634361234,0.0607760081328363,20260925T013701Z
2026,2,REG,2026_02_MIN_CHI,00-0038807,MIN,CHI,0,0,0,0,0,0,0,0.0,0,,0,0,0,0,0,,0.0,0.0,0.0,20260925T013701Z
2026,2,REG,2026_02_DET_BUF,00-0038820,DET,BUF,0,0,0,0,0,0,0,0.0,0,,0,0,0,0,0,,0.0,0.0,0.0,20260925T013701Z
2026,2,REG,2026_02_MIA_SF,00-0038824,MIA,SF,1,1,77,1,0,0,41,36.0,1,7.01091622002423,0,1,1,1,1,1.8780487804878,0.0434782608695652,0.242603550295858,0.235039876511448,20260925T013701Z
2026,2,REG,2026_02_CAR_ATL,00-0038840,CAR,ATL,0,0,0,0,0,0,0,0.0,0,,0,0,0,0,0,,0.0,0.0,0.0,20260925T013701Z
2026,2,REG,2026_02_SEA_ARI,00-0038866,SEA,ARI,0,0,0,0,0,0,0,0.0,0,,0,0,0,0,0,,0.0,0.0,0.0,20260925T013701Z
2026,2,REG,2026_02_DET_BUF,00-0038896,DET,BUF,0,0,0,0,0,0,0,0.0,0,,0,0,0,0,0,,0.0,0.0,0.0,20260925T013701Z
2026,2,REG,2026_02_SEA_ARI,00-0038922,SEA,ARI,0,0,0,0,0,0,0,0.0,0,,0,0,0,0,0,,0.0,0.0,0.0,20260925T013701Z
2026,2,REG,2026_02_DET_BUF,00-0038933,BUF,DET,7,8,95,1,0,0,84,39.0,5,7.19145823072176,0,4,3,2,0,1.13095238095238,0.285714285714286,0.357446808510638,0.678784194528875,20260925T013701Z
2026,2,REG,2026_02_JAX_DEN,00-0038935,JAX,DEN,2,2,17,0,0,0,17,0.0,1,1.96670041041216,0,1,0,0,0,1.0,0.0714285714285714,0.0562913907284768,0.146546830652791,20260925T013701Z
2026,2,REG,2026_02_DET_BUF,00-0038936,DET,BUF,0,0,0,0,0,0,0,0.0,0,,0,0,0,0,0,,0.0,0.0,0.0,20260925T013701Z
2026,2,REG,2026_02_DET_BUF,00-0038940,DET,BUF,0,0,0,0,0,0,0,0.0,0,,0,0,0,0,0,,0.0,0.0,0.0,20260925T013701Z
2026,2,REG,2026_02_CAR_ATL,00-0038980,ATL,CAR,0,0,0,0,0,0,0,0.0,0,,0,0,0,0,0,,0.0,0.0,0.0,20260925T013701Z
2026,2,REG,2026_02_SEA_ARI,00-0038984,ARI,SEA,0,0,0,0,0,0,0,0.0,0,,0,0,0,0,0,,0.0,0.0,0.0,20260925T013701Z
2026,2,REG,2026_02_NYG_LA,00-0038986,NYG,LA,0,0,0,0,0,0,0,0.0,0,,0,0,0,0,0,,0.0,0.0,0.0,20260925T013701Z
2026,2,REG,2026_02_MIN_CHI,00-0038994,MIN,CHI,2,5,21,0,0,0,43,8.0,1,-0.603559652576223,0,1,0,0,0,0.488372093023256,0.263157894736842,0.273885350318471,0.586456587328193,20260925T013701Z
2026,2,REG,2026_02_GB_NYJ,00-0038996,GB,NYJ,2,3,15,0,1,0,10,12.0,0,-0.221275021438487,0,1,0,0,0,1.5,0.103448275862069,0.0462962962962963,0.187579821200511,20260925T013701Z
2026,2,REG,2026_02_IND_KC,00-0038997,IND,KC,7,9,72,0,0,0,73,22.0,6,8.18299789173761,0,3,1,1,0,0.986301369863014,0.3,0.450617283950617,0.765432098765432,20260925T013701Z
2026,2,REG,2026_02_PHI_TEN,00-0039001,PHI,TEN,0,0,0,0,0,0,0,0.0,0,,0,0,0,0,0,,0.0,0.0,0.0,20260925T013701Z
2026,2,REG,2026_02_CAR_ATL,00-0039002,ATL,CAR,0,0,0,0,0,0,0,0.0,0,,0,0,0,0,0,,0.0,0.0,0.0,20260925T013701Z
2026,2,REG,2026_02_IND_KC,00-0039006,KC,IND,0,0,0,0,0,0,0,0.0,0,,0,0,0,0,0,,0.0,0.0,0.0,20260925T013701Z
2026,2,REG,2026_02_PHI_TEN,00-0039013,PHI,TEN,0,0,0,0,0,0,0,0.0,0,,0,0,0,0,0,,0.0,0.0,0.0,20260925T013701Z
2026,2,REG,2026_02_DET_BUF,00-0039018,DET,BUF,0,0,0,0,0,0,0,0.0,0,,0,0,0,0,0,,0.0,0.0,0.0,20260925T013701Z
2026,2,REG,2026_02_PHI_TEN,00-0039032,TEN,PHI,2,2,29,0,1,0,1,28.0,1,1.48782484786352,0,1,1,1,0,29.0,0.117647058823529,0.00714285714285714,0.181470588235294,20260925T013701Z
2026,2,REG,2026_02_MIA_SF,00-0039040,MIA,SF,3,6,19,0,0,0,24,15.0,1,-0.697421925743308,0,0,0,0,0,0.791666666666667,0.260869565217391,0.142011834319527,0.490712631849756,20260925T013701Z
2026,2,REG,2026_02_SEA_ARI,00-0039041,ARI,SEA,0,0,0,0,0,0,0,0.0,0,,0,0,0,0,0,,0.0,0.0,0.0,20260925T013701Z
2026,2,REG,2026_02_SEA_ARI,00-0039047,SEA,ARI,0,0,0,0,0,0,0,0.0,0,,0,0,0,0,0,,0.0,0.0,0.0,20260925T013701Z
2026,2,REG,2026_02_CLE_TB,00-0039049,TB,CLE,0,0,0,0,0,0,0,0.0,0,,0,0,0,0,0,,0.0,0.0,0.0,20260925T013701Z
2026,2,REG,2026_02_NYG_LA,00-0039059,LA,NYG,0,0,0,0,0,0,0,0.0,0,,0,0,0,0,0,,0.0,0.0,0.0,20260925T013701Z
2026,2,REG,2026_02_NYG_LA,00-0039061,LA,NYG,0,0,0,0,0,0,0,0.0,0,,0,0,0,0,0,,0.0,0.0,0.0,20260925T013701Z
2026,2,REG,2026_02_CLE_TB,00-0039063,TB,CLE,0,0,0,0,0,0,0,0.0,0,,0,0,0,0,0,,0.0,0.0,0.0,20260925T013701Z
2026,2,REG,2026_02_DET_BUF,00-0039065,DET,BUF,6,7,52,1,0,0,23,38.0,4,5.68004742753692,0,3,1,0,0,2.26086956521739,0.184210526315789,0.0682492581602374,0.32409027018585,20260925T013701Z
2026,2,REG,2026_02_LV_LAC,00-0039066,LV,LAC,3,4,23,0,0,0,18,17.0,1,1.25822292000521,0,1,0,0,0,1.27777777777778,0.137931034482759,0.0636042402826855,0.251419519922018,20260925T013701Z
2026,2,REG,2026_02_IND_KC,00-0039067,KC,IND,4,6,83,0,0,0,45,51.0,3,1.33097723716924,0,3,3,2,0,1.84444444444444,0.13953488372093,0.17175572519084,0.329531333214983,20260925T013701Z
2026,2,REG,2026_02_CLE_TB,00-0039068,TB,CLE,0,0,0,0,0,0,0,0.0,0,,0,0,0,0,0,,0.0,0.0,0.0,20260925T013701Z
2026,2,REG,2026_02_CAR_ATL,00-0039070,ATL,CAR,0,0,0,0,0,0,0,0.0,0,,0,0,0,0,0,,0.0,0.0,0.0,20260925T013701Z
2026,2,REG,2026_02_MIN_CHI,00-0039071,CHI,MIN,0,0,0,0,0,0,0,0.0,0,,0,0,0,0,0,,0.0,0.0,0.0,20260925T013701Z
2026,2,REG,2026_02_NYG_LA,00-0039074,LA,NYG,1,1,7,0,0,0,2,5.0,1,1.21332770393929,0,0,0,0,0,3.5,0.0333333333333333,0.00604229607250755,0.0542296072507553,20260925T013701Z
2026,2,REG,2026_02_CIN_HOU,00-0039108,HOU,CIN,0,0,0,0,0,0,0,0.0,0,,0,0,0,0,0,,0.0,0.0,0.0,20260925T013701Z
2026,2,REG,2026_02_PIT_NE,00-0039110,PIT,NE,0,0,0,0,0,0,0,0.0,0,,0,0,0,0,0,,0.0,0.0,0.0,20260925T013701Z
2026,2,REG,2026_02_LV_LAC,00-0039111,LAC,LV,0,0,0,0,0,0,0,0.0,0,,0,0,0,0,0,,0.0,0.0,0.0,20260925T013701Z
2026,2,REG,2026_02_GB_NYJ,00-0039112,GB,NYJ,0,0,0,0,0,0,0,0.0,0,,0,0,0,0,0,,0.0,0.0,0.0,20260925T013701Z
2026,2,REG,2026_02_NYG_LA,00-0039137,LA,NYG,0,0,0,0,0,0,0,0.0,0,,0,0,0,0,0,,0.0,0.0,0.0,20260925T013701Z
2026,2,REG,2026_02_NYG_LA,00-0039138,LA,NYG,0,0,0,0,0,0,0,0.0,0,,0,0,0,0,0,,0.0,0.0,0.0,20260925T013701Z
2026,2,REG,2026_02_DET_BUF,00-0039139,DET,BUF,6,8,61,1,0,0,34,28.0,5,6.00146745471284,0,3,0,0,0,1.79411764705882,0.210526315789474,0.100890207715134,0.386412619084804,20260925T013701Z
2026,2,REG,2026_02_GB_NYJ,00-0039145,NYJ,GB,0,0,0,0,0,0,0,0.0,0,,0,0,0,0,0,,0.0,0.0,0.0,20260925T013701Z
2026,2,REG,2026_02_GB_NYJ,00-0039146,GB,NYJ,1,1,4,0,0,0,-5,9.0,0,-0.0983551582321525,0,0,0,0,0,0.0,0.0344827586206897,-0.0231481481481482,0.0355204342273308,20260925T013701Z
2026,2,REG,2026_02_PIT_NE,00-0039147,NE,PIT,0,0,0,0,0,0,0,0.0,0,,0,0,0,0,0,,0.0,0.0,0.0,20260925T013701Z
2026,2,REG,2026_02_MIA_SF,00-0039148,SF,MIA,0,0,0,0,0,0,0,0.0,0,,0,0,0,0,0,,0.0,0.0,0.0,20260925T013701Z
2026,2,REG,2026_02_WAS_DAL,00-0039149,WAS,DAL,0,0,0,0,0,0,0,0.0,0,,0,0,0,0,0,,0.0,0.0,0.0,20260925T013701Z
2026,2,REG,2026_02_CAR_ATL,00-0039150,CAR,ATL,0,0,0,0,0,0,0,0.0,0,,0,0,0,0,0,,0.0,0.0,0.0,20260925T013701Z
2026,2,REG,2026_02_NYG_LA,00-0039151,LA,NYG,0,0,0,0,0,0,0,0.0,0,,0,0,0,0,0,,0.0,0.0,0.0,20260925T013701Z
2026,2,REG,2026_02_MIA_SF,00-0039156,MIA,SF,0,0,0,0,0,0,0,0.0,0,,0,0,0,0,0,,0.0,0.0,0.0,20260925T013701Z
2026,2,REG,2026_02_CIN_HOU,00-0039163,HOU,CIN,0,0,0,0,0,0,0,0.0,0,,0,0,0,0,0,,0.0,0.0,0.0,20260925T013701Z
2026,2,REG,2026_02_SEA_ARI,00-0039169,SEA,ARI,0,0,0,0,0,0,0,0.0,0,,0,0,0,0,0,,0.0,0.0,0.0,20260925T013701Z
2026,2,REG,2026_02_DET_BUF,00-0039172,DET,BUF,0,0,0,0,0,0,0,0.0,0,,0,0,0,0,0,,0.0,0.0,0.0,20260925T013701Z
2026,2,REG,2026_02_NYG_LA,00-0039176,NYG,LA,0,0,0,0,0,0,0,0.0,0,,0,0,0,0,0,,0.0,0.0,0.0,20260925T013701Z
2026,2,REG,2026_02_NO_BAL,00-0039232,BAL,NO,0,0,0,0,0,0,0,0.0,0,,0,0,0,0,0,,0.0,0.0,0.0,20260925T013701Z
2026,2,REG,2026_02_NO_BAL,00-0039233,BAL,NO,0,0,0,0,0,0,0,0.0,0,,0,0,0,0,0,,0.0,0.0,0.0,20260925T013701Z
2026,2,REG,2026_02_GB_NYJ,00-0039272,GB,NYJ,0,0,0,0,0,0,0,0.0,0,,0,0,0,0,0,,0.0,0.0,0.0,20260925T013701Z
2026,2,REG,2026_02_GB_NYJ,00-0039284,NYJ,GB,0,0,0,0,0,0,0,0.0,0,,0,0,0,0,0,,0.0,0.0,0.0,20260925T013701Z
2026,2,REG,2026_02_SEA_ARI,00-0039299,SEA,ARI,1,1,2,0,0,0,-4,6.0,0,-0.404104145476595,0,0,0,0,0,-0.5,0.0384615384615385,-0.0176211453744493,0.0453575059301932,20260925T013701Z
2026,2,REG,2026_02_SEA_ARI,00-0039309,SEA,ARI,0,0,0,0,0,0,0,0.0,0,,0,0,0,0,0,,0.0,0.0,0.0,20260925T013701Z
2026,2,REG,2026_02_CIN_HOU,00-0039323,CIN,HOU,0,0,0,0,0,0,0,0.0,0,,0,0,0,0,0,,0.0,0.0,0.0,20260925T013701Z
2026,2,REG,2026_02_IND_KC,00-0039324,KC,IND,0,0,0,0,0,0,0,0.0,0,,0,0,0,0,0,,0.0,0.0,0.0,20260925T013701Z
2026,2,REG,2026_02_NYG_LA,00-0039337,NYG,LA,1,4,1,0,0,0,77,4.0,0,-7.10667754523456,0,0,0,0,0,0.012987012987013,0.125,0.225806451612903,0.345564516129032,20260925T013701Z
2026,2,REG,2026_02_IND_KC,00-0039340,IND,KC,0,0,0,0,0,0,0,0.0,0,,0,0,0,0,0,,0.0,0.0,0.0,20260925T013701Z
2026,2,REG,2026_02_CAR_ATL,00-0039342,CAR,ATL,2,4,64,0,0,0,77,10.0,1,3.07007559151589,0,1,1,1,1,0.831168831168831,0.125,0.247588424437299,0.360811897106109,20260925T013701Z
2026,2,REG,2026_02_CIN_HOU,00-0039343,HOU,CIN,0,0,0,0,0,0,0,0.0,0,,0,0,0,0,0,,0.0,0.0,0.0,20260925T013701Z
2026,2,REG,2026_02_CAR_ATL,00-0039344,CAR,ATL,1,1,-5,0,0,0,-6,1.0,0,-1.4787289230735,0,0,0,0,0,0.833333333333333,0.03125,-0.0192926045016077,0.0333701768488746,20260925T013701Z
2026,2,REG,2026_02_MIA_SF,00-0039345,SF,MIA,0,0,0,0,0,0,0,0.0,0,,0,0,0,0,0,,0.0,0.0,0.0,20260925T013701Z
2026,2,REG,2026_02_LV_LAC,00-0039349,LV,LAC,0,0,0,0,0,0,0,0.0,0,,0,0,0,0,0,,0.0,0.0,0.0,20260925T013701Z
2026,2,REG,2026_02_JAX_DEN,00-0039353,JAX,DEN,0,0,0,0,0,0,0,0.0,0,,0,0,0,0,0,,0.0,0.0,0.0,20260925T013701Z
2026,2,REG,2026_02_MIA_SF,00-0039360,SF,MIA,0,0,0,0,0,0,0,0.0,0,,0,0,0,0,0,,0.0,0.0,0.0,20260925T013701Z
2026,2,REG,2026_02_CLE_TB,00-0039361,TB,CLE,4,4,1,0,0,0,-22,23.0,0,-2.318469845457,0,0,0,0,0,-0.0454545454545455,0.121212121212121,-0.0522565320665083,0.145238609371626,20260925T013701Z
2026,2,REG,2026_02_DET_BUF,00-0039364,DET,BUF,1,1,13,0,0,0,1,12.0,0,0.563216327456757,0,1,0,0,0,13.0,0.0263157894736842,0.0029673590504451,0.0415508355458379,20260925T013701Z
2026,2,REG,2026_02_MIA_SF,00-0039365,SF,MIA,0,0,0,0,0,0,0,0.0,0,,0,0,0,0,0,,0.0,0.0,0.0,20260925T013701Z
2026,2,REG,2026_02_LV_LAC,00-0039366,LAC,LV,0,0,0,0,0,0,0,0.0,0,,0,0,0,0,0,,0.0,0.0,0.0,20260925T013701Z
2026,2,REG,2026_02_LV_LAC,00-0039369,LAC,LV,0,0,0,0,0,0,0,0.0,0,,0,0,0,0,0,,0.0,0.0,0.0,20260925T013701Z
2026,2,REG,2026_02_JAX_DEN,00-0039371,DEN,JAX,0,0,0,0,0,0,0,0.0,0,,0,0,0,0,0,,0.0,0.0,0.0,20260925T013701Z
2026,2,REG,2026_02_GB_NYJ,00-0039372,NYJ,GB,0,0,0,0,0,0,0,0.0,0,,0,0,0,0,0,,0.0,0.0,0.0,20260925T013701Z
2026,2,REG,2026_02_LV_LAC,00-0039374,LV,LAC,0,0,0,0,0,0,0,0.0,0,,0,0,0,0,0,,0.0,0.0,0.0,20260925T013701Z
2026,2,REG,2026_02_IND_KC,00-0039377,IND,KC,0,0,0,0,0,0,0,0.0,0,,0,0,0,0,0,,0.0,0.0,0.0,20260925T013701Z
2026,2,REG,2026_02_NYG_LA,00-0039384,NYG,LA,0,0,0,0,0,0,0,0.0,0,,0,0,0,0,0,,0.0,0.0,0.0,20260925T013701Z
2026,2,REG,2026_02_LV_LAC,00-0039391,LAC,LV,0,0,0,0,0,0,0,0.0,0,,0,0,0,0,0,,0.0,0.0,0.0,20260925T013701Z
2026,2,REG,2026_02_CIN_HOU,00-0039395,HOU,CIN,0,0,0,0,0,0,0,0.0,0,,0,0,0,0,0,,0.0,0.0,0.0,20260925T013701Z
2026,2,REG,2026_02_MIN_CHI,00-0039404,MIN,CHI,0,0,0,0,0,0,0,0.0,0,,0,0,0,0,0,,0.0,0.0,0.0,20260925T013701Z
2026,2,REG,2026_02_CLE_TB,00-0039406,CLE,TB,0,0,0,0,0,0,0,0.0,0,,0,0,0,0,0,,0.0,0.0,0.0,20260925T013701Z
2026,2,REG,2026_02_LV_LAC,00-0039407,LV,LAC,0,0,0,0,0,0,0,0.0,0,,0,0,0,0,0,,0.0,0.0,0.0,20260925T013701Z
2026,2,REG,2026_02_JAX_DEN,00-0039409,JAX,DEN,0,0,0,0,0,0,0,0.0,0,,0,0,0,0,0,,0.0,0.0,0.0,20260925T013701Z
2026,2,REG,2026_02_WAS_DAL,00-0039410,DAL,WAS,5,6,23,0,0,0,8,16.0,2,0.195149514009245,0,1,0,0,0,2.875,0.193548387096774,0.0327868852459016,0.313273400317292,20260925T013701Z
2026,2,REG,2026_02_WAS_DAL,00-0039412,WAS,DAL,0,0,0,0,0,0,0,0.0,0,,0,0,0,0,0,,0.0,0.0,0.0,20260925T013701Z
2026,2,REG,2026_02_CLE_TB,00-0039417,CLE,TB,0,0,0,0,0,0,0,0.0,0,,0,0,0,0,0,,0.0,0.0,0.0,20260925T013701Z
2026,2,REG,2026_02_MIN_CHI,00-0039421,MIN,CHI,0,0,0,0,0,0,0,0.0,0,,0,0,0,0,0,,0.0,0.0,0.0,20260925T013701Z
2026,2,REG,2026_02_LV_LAC,00-0039423,LV,LAC,0,0,0,0,0,0,0,0.0,0,,0,0,0,0,0,,0.0,0.0,0.0,20260925T013701Z
2026,2,REG,2026_02_NO_BAL,00-0039424,NO,BAL,5,7,64,0,0,0,69,13.0,3,5.42739935894497,0,3,1,1,0,0.927536231884058,0.21875,0.323943661971831,0.554885563380282,20260925T013701Z
2026,2,REG,2026_02_GB_NYJ,00-0039431,NYJ,GB,0,0,0,0,0,0,0,0.0,0,,0,0,0,0,0,,0.0,0.0,0.0,20260925T013701Z
2026,2,REG,2026_02_GB_NYJ,00-0039451,NYJ,GB,6,6,34,0,0,0,2,32.0,0,-0.0642621741571929,0,0,0,0,0,17.0,0.166666666666667,0.00796812749003984,0.255577689243028,20260925T013701Z
2026,2,REG,2026_02_CAR_ATL,00-0039491,CAR,ATL,8,9,66,0,0,0,48,21.0,3,1.6981778909103,0,2,1,1,0,1.375,0.28125,0.154340836012862,0.529913585209003,20260925T013701Z
2026,2,REG,2026_02_NYG_LA,00-0039498,LA,NYG,0,0,0,0,0,0,0,0.0,0,,0,0,0,0,0,,0.0,0.0,0.0,20260925T013701Z
2026,2,REG,2026_02_CLE_TB,00-0039515,CLE,TB,0,0,0,0,0,0,0,0.0,0,,0,0,0,0,0,,0.0,0.0,0.0,20260925T013701Z
2026,2,REG,2026_02_WAS_DAL,00-0039530,DAL,WAS,0,0,0,0,0,0,0,0.0,0,,0,0,0,0,0,,0.0,0.0,0.0,20260925T013701Z
2026,2,REG,2026_02_MIA_SF,00-0039532,MIA,SF,0,0,0,0,0,0,0,0.0,0,,0,0,0,0,0,,0.0,0.0,0.0,20260925T013701Z
2026,2,REG,2026_02_IND_KC,00-0039576,IND,KC,0,0,0,0,0,0,0,0.0,0,,0,0,0,0,0,,0.0,0.0,0.0,20260925T013701Z
2026,2,REG,2026_02_CLE_TB,00-0039589,TB,CLE,0,0,0,0,0,0,0,0.0,0,,0,0,0,0,0,,0.0,0.0,0.0,20260925T013701Z
2026,2,REG,2026_02_CIN_HOU,00-0039603,HOU,CIN,0,0,0,0,0,0,0,0.0,0,,0,0,0,0,0,,0.0,0.0,0.0,20260925T013701Z
2026,2,REG,2026_02_CIN_HOU,00-0039632,CIN,HOU,0,0,0,0,0,0,0,0.0,0,,0,0,0,0,0,,0.0,0.0,0.0,20260925T013701Z
2026,2,REG,2026_02_GB_NYJ,00-0039634,NYJ,GB,0,0,0,0,0,0,0,0.0,0,,0,0,0,0,0,,0.0,0.0,0.0,20260925T013701Z
2026,2,REG,2026_02_DET_BUF,00-0039660,DET,BUF,0,0,0,0,0,0,0,0.0,0,,0,0,0,0,0,,0.0,0.0,0.0,20260925T013701Z
2026,2,REG,2026_02_WAS_DAL,00-0039686,WAS,DAL,1,1,14,0,0,0,4,10.0,1,0.835508469026536,0,1,0,0,0,3.5,0.0294117647058824,0.011142061281337,0.0519170899557595,20260925T013701Z
2026,2,REG,2026_02_MIN_CHI,00-0039718,MIN,CHI,0,0,0,0,0,0,0,0.0,0,,0,0,0,0,0,,0.0,0.0,0.0,20260925T013701Z
2026,2,REG,2026_02_NO_BAL,00-0039725,NO,BAL,0,0,0,0,0,0,0,0.0,0,,0,0,0,0,0,,0.0,0.0,0.0,20260925T013701Z
2026,2,REG,2026_02_PHI_TEN,00-0039731,TEN,PHI,0,0,0,0,0,0,0,0.0,0,,0,0,0,0,0,,0.0,0.0,0.0,20260925T013701Z
2026,2,REG,2026_02_JAX_DEN,00-0039732,DEN,JAX,0,0,0,0,0,0,0,0.0,0,,0,0,0,0,0,,0.0,0.0,0.0,20260925T013701Z
2026,2,REG,2026_02_NYG_LA,00-0039734,LA,NYG,0,0,0,0,0,0,0,0.0,0,,0,0,0,0,0,,0.0,0.0,0.0,20260925T013701Z
2026,2,REG,2026_02_NYG_LA,00-0039738,LA,NYG,1,1,13,0,0,0,-6,19.0,1,1.28598926746054,0,1,0,0,0,-2.16666666666667,0.0333333333333333,-0.0181268882175227,0.0373111782477341,20260925T013701Z
2026,2,REG,2026_02_PIT_NE,00-0039739,PIT,NE,5,6,28,0,0,0,21,22.0,3,0.369486310577486,0,0,0,0,0,1.33333333333333,0.162162162162162,0.0976744186046512,0.311615336266499,20260925T013701Z
2026,2,REG,2026_02_PHI_TEN,00-0039740,PHI,TEN,0,0,0,0,0,0,0,0.0,0,,0,0,0,0,0,,0.0,0.0,0.0,20260925T013701Z
2026,2,REG,2026_02_PIT_NE,00-0039741,PIT,NE,0,0,0,0,0,0,0,0.0,0,,0,0,0,0,0,,0.0,0.0,0.0,20260925T013701Z
2026,2,REG,2026_02_MIN_CHI,00-0039745,CHI,MIN,0,0,0,0,0,0,0,0.0,0,,0,0,0,0,0,,0.0,0.0,0.0,20260925T013701Z
2026,2,REG,2026_02_PHI_TEN,00-0039746,PHI,TEN,2,2,5,0,0,0,0,5.0,0,-1.27726040693233,0,0,0,0,0,0.0,0.0588235294117647,0.0,0.0882352941176471,20260925T013701Z
2026,2,REG,2026_02_CIN_HOU,00-0039752,CIN,HOU,0,0,0,0,0,0,0,0.0,0,,0,0,0,0,0,,0.0,0.0,0.0,20260925T013701Z
2026,2,REG,2026_02_PIT_NE,00-0039770,NE,PIT,0,0,0,0,0,0,0,0.0,0,,0,0,0,0,0,,0.0,0.0,0.0,20260925T013701Z
2026,2,REG,2026_02_NYG_LA,00-0039772,LA,NYG,0,0,0,0,0,0,0,0.0,0,,0,0,0,0,0,,0.0,0.0,0.0,20260925T013701Z
2026,2,REG,2026_02_NYG_LA,00-0039774,LA,NYG,0,0,0,0,0,0,0,0.0,0,,0,0,0,0,0,,0.0,0.0,0.0,20260925T013701Z
2026,2,REG,2026_02_NYG_LA,00-0039776,LA,NYG,0,0,0,0,0,0,0,0.0,0,,0,0,0,0,0,,0.0,0.0,0.0,20260925T013701Z
2026,2,REG,2026_02_GB_NYJ,00-0039789,NYJ,GB,0,0,0,0,0,0,0,0.0,0,,0,0,0,0,0,,0.0,0.0,0.0,20260925T013701Z
2026,2,REG,2026_02_NO_BAL,00-0039792,BAL,NO,1,2,47,0,0,0,60,1.0,1,2.93449549120851,0,1,1,1,1,0.783333333333333,0.0689655172413793,0.186915887850467,0.234289397357396,20260925T013701Z
2026,2,REG,2026_02_SEA_ARI,00-0039793,SEA,ARI,1,1,8,0,0,0,8,0.0,0,0.530166474170983,0,0,0,0,0,1.0,0.0384615384615385,0.0352422907488987,0.0823619112165368,20260925T013701Z
2026,2,REG,2026_02_GB_NYJ,00-0039794,NYJ,GB,1,1,8,0,0,0,3,5.0,0,1.04064964322606,0,0,0,0,0,2.66666666666667,0.0277777777777778,0.0119521912350598,0.0500332005312085,20260925T013701Z
2026,2,REG,2026_02_SEA_ARI,00-0039795,SEA,ARI,0,0,0,0,0,0,0,0.0,0,,0,0,0,0,0,,0.0,0.0,0.0,20260925T013701Z
2026,2,REG,2026_02_NO_BAL,00-0039796,BAL,NO,0,0,0,0,0,0,0,0.0,0,,0,0,0,0,0,,0.0,0.0,0.0,20260925T013701Z
2026,2,REG,2026_02_GB_NYJ,00-0039798,NYJ,GB,0,0,0,0,0,0,0,0.0,0,,0,0,0,0,0,,0.0,0.0,0.0,20260925T013701Z
2026,2,REG,2026_02_SEA_ARI,00-0039807,ARI,SEA,0,0,0,0,0,0,0,0.0,0,,0,0,0,0,0,,0.0,0.0,0.0,20260925T013701Z
2026,2,REG,2026_02_JAX_DEN,00-0039809,DEN,JAX,0,0,0,0,0,0,0,0.0,0,,0,0,0,0,0,,0.0,0.0,0.0,20260925T013701Z
2026,2,REG,2026_02_GB_NYJ,00-0039811,GB,NYJ,2,2,6,1,0,0,-4,10.0,1,1.4928581250133,0,0,0,0,0,-1.5,0.0689655172413793,-0.0185185185185185,0.090485312899106,20260925T013701Z
2026,2,REG,2026_02_GB_NYJ,00-0039812,GB,NYJ,0,0,0,0,0,0,0,0.0,0,,0,0,0,0,0,,0.0,0.0,0.0,20260925T013701Z
2026,2,REG,2026_02_GB_NYJ,00-0039813,GB,NYJ,0,0,0,0,0,0,0,0.0,0,,0,0,0,0,0,,0.0,0.0,0.0,20260925T013701Z
2026,2,REG,2026_02_CIN_HOU,00-0039814,CIN,HOU,2,3,5,0,0,0,-1,5.0,0,-0.967733216355555,0,0,0,0,0,0.0,0.0967741935483871,-0.00578034682080925,0.141115047548014,20260925T013701Z
2026,2,REG,2026_02_IND_KC,00-0039816,IND,KC,0,0,0,0,0,0,0,0.0,0,,0,0,0,0,0,,0.0,0.0,0.0,20260925T013701Z
2026,2,REG,2026_02_GB_NYJ,00-0039817,GB,NYJ,0,0,0,0,0,0,0,0.0,0,,0,0,0,0,0,,0.0,0.0,0.0,20260925T013701Z
2026,2,REG,2026_02_NYG_LA,00-0039821,NYG,LA,0,0,0,0,0,0,0,0.0,0,,0,0,0,0,0,,0.0,0.0,0.0,20260925T013701Z
2026,2,REG,2026_02_IND_KC,00-0039825,KC,IND,0,0,0,0,0,0,0,0.0,0,,0,0,0,0,0,,0.0,0.0,0.0,20260925T013701Z
2026,2,REG,2026_02_PHI_TEN,00-0039826,PHI,TEN,0,0,0,0,0,0,0,0.0,0,,0,0,0,0,0,,0.0,0.0,0.0,20260925T013701Z
2026,2,REG,2026_02_PIT_NE,00-0039829,NE,PIT,0,0,0,0,0,0,0,0.0,0,,0,0,0,0,0,,0.0,0.0,0.0,20260925T013701Z
2026,2,REG,2026_02_GB_NYJ,00-0039831,GB,NYJ,0,0,0,0,0,0,0,0.0,0,,0,0,0,0,0,,0.0,0.0,0.0,20260925T013701Z
2026,2,REG,2026_02_LV_LAC,00-0039835,LAC,LV,0,0,0,0,0,0,0,0.0,0,,0,0,0,0,0,,0.0,0.0,0.0,20260925T013701Z
2026,2,REG,2026_02_MIN_CHI,00-0039840,CHI,MIN,0,0,0,0,0,0,0,0.0,0,,0,0,0,0,0,,0.0,0.0,0.0,20260925T013701Z
2026,2,REG,2026_02_PHI_TEN,00-0039841,PHI,TEN,0,0,0,0,0,0,0,0.0,0,,0,0,0,0,0,,0.0,0.0,0.0,20260925T013701Z
2026,2,REG,2026_02_CAR_ATL,00-0039842,ATL,CAR,0,0,0,0,0,0,0,0.0,0,,0,0,0,0,0,,0.0,0.0,0.0,20260925T013701Z
2026,2,REG,2026_02_IND_KC,00-0039844,KC,IND,0,0,0,0,0,0,0,0.0,0,,0,0,0,0,0,,0.0,0.0,0.0,20260925T013701Z
2026,2,REG,2026_02_CLE_TB,00-0039846,TB,CLE,0,0,0,0,0,0,0,0.0,0,,0,0,0,0,0,,0.0,0.0,0.0,20260925T013701Z
2026,2,REG,2026_02_NYG_LA,00-0039847,NYG,LA,0,4,0,0,0,0,55,0.0,0,-3.41785472305492,0,0,0,0,0,0.0,0.125,0.161290322580645,0.300403225806452,20260925T013701Z
2026,2,REG,2026_02_SEA_ARI,00-0039849,ARI,SEA,0,1,0,0,0,0,3,0.0,0,-0.2550798021839,0,0,0,0,0,0.0,0.0384615384615385,0.0275229357798165,0.0769583627381793,20260925T013701Z
2026,2,REG,2026_02_GB_NYJ,00-0039850,GB,NYJ,0,0,0,0,0,0,0,0.0,0,,0,0,0,0,0,,0.0,0.0,0.0,20260925T013701Z
2026,2,REG,2026_02_PIT_NE,00-0039851,NE,PIT,0,0,0,0,0,0,0,0.0,0,,0,0,0,0,0,,0.0,0.0,0.0,20260925T013701Z
2026,2,REG,2026_02_CLE_TB,00-0039852,CLE,TB,0,0,0,0,0,0,0,0.0,0,,0,0,0,0,0,,0.0,0.0,0.0,20260925T013701Z
2026,2,REG,2026_02_SEA_ARI,00-0039854,ARI,SEA,0,0,0,0,0,0,0,0.0,0,,0,0,0,0,0,,0.0,0.0,0.0,20260925T013701Z
2026,2,REG,2026_02_PHI_TEN,00-0039858,TEN,PHI,0,0,0,0,0,0,0,0.0,0,,0,0,0,0,0,,0.0,0.0,0.0,20260925T013701Z
2026,2,REG,2026_02_CAR_ATL,00-0039859,ATL,CAR,0,0,0,0,0,0,0,0.0,0,,0,0,0,0,0,,0.0,0.0,0.0,20260925T013701Z
2026,2,REG,2026_02_NO_BAL,00-0039860,NO,BAL,0,0,0,0,0,0,0,0.0,0,,0,0,0,0,0,,0.0,0.0,0.0,20260925T013701Z
2026,2,REG,2026_02_NYG_LA,00-0039861,NYG,LA,0,0,0,0,0,0,0,0.0,0,,0,0,0,0,0,,0.0,0.0,0.0,20260925T013701Z
2026,2,REG,2026_02_GB_NYJ,00-0039867,GB,NYJ,0,0,0,0,0,0,0,0.0,0,,0,0,0,0,0,,0.0,0.0,0.0,20260925T013701Z
2026,2,REG,2026_02_JAX_DEN,00-0039868,DEN,JAX,1,2,27,0,0,0,33,1.0,1,1.56929362966912,0,1,1,1,0,0.818181818181818,0.0689655172413793,0.123134328358209,0.189642305712815,20260925T013701Z
2026,2,REG,2026_02_PIT_NE,00-0039871,PIT,NE,0,0,0,0,0,0,0,0.0,0,,0,0,0,0,0,,0.0,0.0,0.0,20260925T013701Z
2026,2,REG,2026_02_DET_BUF,00-0039872,BUF,DET,0,0,0,0,0,0,0,0.0,0,,0,0,0,0,0,,0.0,0.0,0.0,20260925T013701Z
2026,2,REG,2026_02_DET_BUF,00-0039873,BUF,DET,0,0,0,0,0,0,0,0.0,0,,0,0,0,0,0,,0.0,0.0,0.0,20260925T013701Z
2026,2,REG,2026_02_MIA_SF,00-0039874,MIA,SF,0,0,0,0,0,0,0,0.0,0,,0,0,0,0,0,,0.0,0.0,0.0,20260925T013701Z
2026,2,REG,2026_02_DET_BUF,00-0039875,BUF,DET,0,0,0,0,0,0,0,0.0,0,,0,0,0,0,0,,0.0,0.0,0.0,20260925T013701Z
2026,2,REG,2026_02_DET_BUF,00-0039879,BUF,DET,0,0,0,0,0,0,0,0.0,0,,0,0,0,0,0,,0.0,0.0,0.0,20260925T013701Z
2026,2,REG,2026_02_MIA_SF,00-0039880,MIA,SF,4,5,43,0,0,0,27,20.0,2,1.75435912254034,0,2,1,1,0,1.59259259259259,0.217391304347826,0.159763313609467,0.437921276048366,20260925T013701Z
2026,2,REG,2026_02_GB_NYJ,00-0039886,NYJ,GB,0,0,0,0,0,0,0,0.0,0,,0,0,0,0,0,,0.0,0.0,0.0,20260925T013701Z
2026,2,REG,2026_02_PHI_TEN,00-0039888,PHI,TEN,0,0,0,0,0,0,0,0.0,0,,0,0,0,0,0,,0.0,0.0,0.0,20260925T013701Z
2026,2,REG,2026_02_CAR_ATL,00-0039889,ATL,CAR,0,0,0,0,0,0,0,0.0,0,,0,0,0,0,0,,0.0,0.0,0.0,20260925T013701Z
2026,2,REG,2026_02_GB_NYJ,00-0039890,NYJ,GB,6,12,63,0,0,0,178,25.0,5,5.5507979040267,0,3,0,0,0,0.353932584269663,0.333333333333333,0.709163346613546,0.996414342629482,20260925T013701Z
2026,2,REG,2026_02_JAX_DEN,00-0039893,JAX,DEN,3,8,40,0,0,0,82,7.0,3,-1.19087304873392,0,1,1,1,0,0.487804878048781,0.285714285714286,0.271523178807947,0.618637653736991,20260925T013701Z
2026,2,REG,2026_02_IND_KC,00-0039894,KC,IND,5,7,25,1,0,0,40,19.0,2,0.446146015543491,0,1,1,0,0,0.625,0.162790697674419,0.152671755725191,0.351056275519262,20260925T013701Z
2026,2,REG,2026_02_LV_LAC,00-0039897,LAC,LV,0,0,0,0,0,0,0,0.0,0,,0,0,0,0,0,,0.0,0.0,0.0,20260925T013701Z
2026,2,REG,2026_02_WAS_DAL,00-0039898,WAS,DAL,0,0,0,0,0,0,0,0.0,0,,0,0,0,0,0,,0.0,0.0,0.0,20260925T013701Z
2026,2,REG,2026_02_DET_BUF,00-0039901,BUF,DET,6,6,63,0,0,0,48,15.0,4,5.86813501321012,0,2,1,1,0,1.3125,0.214285714285714,0.204255319148936,0.464407294832827,20260925T013701Z
2026,2,REG,2026_02_GB_NYJ,00-0039904,GB,NYJ,0,0,0,0,0,0,0,0.0,0,,0,0,0,0,0,,0.0,0.0,0.0,20260925T013701Z
2026,2,REG,2026_02_CLE_TB,00-0039905,TB,CLE,0,0,0,0,0,0,0,0.0,0,,0,0,0,0,0,,0.0,0.0,0.0,20260925T013701Z
2026,2,REG,2026_02_CIN_HOU,00-0039908,CIN,HOU,0,0,0,0,0,0,0,0.0,0,,0,0,0,0,0,,0.0,0.0,0.0,20260925T013701Z
2026,2,REG,2026_02_WAS_DAL,00-0039910,WAS,DAL,0,0,0,0,0,0,0,0.0,0,,0,0,0,0,0,,0.0,0.0,0.0,20260925T013701Z
2026,2,REG,2026_02_WAS_DAL,00-0039912,WAS,DAL,1,1,6,0,0,0,4,2.0,0,0.327493563294411,0,0,0,0,0,1.5,0.0294117647058824,0.011142061281337,0.0519170899557595,20260925T013701Z
2026,2,REG,2026_02_WAS_DAL,00-0039913,WAS,DAL,0,0,0,0,0,0,0,0.0,0,,0,0,0,0,0,,0.0,0.0,0.0,20260925T013701Z
2026,2,REG,2026_02_LV_LAC,00-0039915,LAC,LV,3,3,35,0,0,0,34,1.0,2,5.14228158688638,0,2,1,0,0,1.02941176470588,0.115384615384615,0.12639405204461,0.26155275950815,20260925T013701Z
2026,2,REG,2026_02_MIN_CHI,00-0039918,CHI,MIN,0,0,0,0,0,0,0,0.0,0,,0,0,0,0,0,,0.0,0.0,0.0,20260925T013701Z
2026,2,REG,2026_02_MIN_CHI,00-0039919,CHI,MIN,3,4,43,0,0,0,47,2.0,2,1.55297601834172,0,2,1,1,0,0.914893617021277,0.133333333333333,0.248677248677249,0.374074074074074,20260925T013701Z
2026,2,REG,2026_02_CLE_TB,00-0039920,CLE,TB,0,0,0,0,0,0,0,0.0,0,,0,0,0,0,0,,0.0,0.0,0.0,20260925T013701Z
2026,2,REG,2026_02_MIN_CHI,00-0039924,MIN,CHI,0,0,0,0,0,0,0,0.0,0,,0,0,0,0,0,,0.0,0.0,0.0,20260925T013701Z
2026,2,REG,2026_02_WAS_DAL,00-0040008,DAL,WAS,0,0,0,0,0,0,0,0.0,0,,0,0,0,0,0,,0.0,0.0,0.0,20260925T013701Z
2026,2,REG,2026_02_GB_NYJ,00-0040010,GB,NYJ,0,0,0,0,0,0,0,0.0,0,,0,0,0,0,0,,0.0,0.0,0.0,20260925T013701Z
2026,2,REG,2026_02_WAS_DAL,00-0040011,DAL,WAS,0,0,0,0,0,0,0,0.0,0,,0,0,0,0,0,,0.0,0.0,0.0,20260925T013701Z
2026,2,REG,2026_02_PHI_TEN,00-0040013,PHI,TEN,0,0,0,0,0,0,0,0.0,0,,0,0,0,0,0,,0.0,0.0,0.0,20260925T013701Z
2026,2,REG,2026_02_PHI_TEN,00-0040020,TEN,PHI,0,0,0,0,0,0,0,0.0,0,,0,0,0,0,0,,0.0,0.0,0.0,20260925T013701Z
2026,2,REG,2026_02_PHI_TEN,00-0040024,PHI,TEN,2,3,26,1,0,0,25,18.0,2,3.19774804764893,0,1,1,1,0,1.04,0.0882352941176471,0.0856164383561644,0.192284448025786,20260925T013701Z
2026,2,REG,2026_02_PHI_TEN,00-0040041,TEN,PHI,0,0,0,0,0,0,0,0.0,0,,0,0,0,0,0,,0.0,0.0,0.0,20260925T013701Z
2026,2,REG,2026_02_WAS_DAL,00-0040045,DAL,WAS,0,0,0,0,0,0,0,0.0,0,,0,0,0,0,0,,0.0,0.0,0.0,20260925T013701Z
2026,2,REG,2026_02_MIA_SF,00-0040066,MIA,SF,0,0,0,0,0,0,0,0.0,0,,0,0,0,0,0,,0.0,0.0,0.0,20260925T013701Z
2026,2,REG,2026_02_IND_KC,00-0040072,KC,IND,0,0,0,0,0,0,0,0.0,0,,0,0,0,0,0,,0.0,0.0,0.0,20260925T013701Z
2026,2,REG,2026_02_NO_BAL,00-0040074,BAL,NO,0,0,0,0,0,0,0,0.0,0,,0,0,0,0,0,,0.0,0.0,0.0,20260925T013701Z
2026,2,REG,2026_02_NO_BAL,00-0040075,BAL,NO,1,2,14,0,0,0,10,19.0,1,0.0697465799748898,0,1,0,0,0,1.4,0.0689655172413793,0.0311526479750779,0.125255129444623,20260925T013701Z
2026,2,REG,2026_02_IND_KC,00-0040078,KC,IND,0,0,0,0,0,0,0,0.0,0,,0,0,0,0,0,,0.0,0.0,0.0,20260925T013701Z
2026,2,REG,2026_02_CLE_TB,00-0040089,TB,CLE,0,0,0,0,0,0,0,0.0,0,,0,0,0,0,0,,0.0,0.0,0.0,20260925T013701Z
2026,2,REG,2026_02_NO_BAL,00-0040100,BAL,NO,0,0,0,0,0,0,0,0.0,0,,0,0,0,0,0,,0.0,0.0,0.0,20260925T013701Z
2026,2,REG,2026_02_NO_BAL,00-0040104,BAL,NO,0,0,0,0,0,0,0,0.0,0,,0,0,0,0,0,,0.0,0.0,0.0,20260925T013701Z
2026,2,REG,2026_02_LV_LAC,00-0040122,LV,LAC,4,7,15,0,0,0,2,25.0,0,-4.52646994398674,0,0,0,0,0,7.5,0.241379310344828,0.00706713780918728,0.367015961983673,20260925T013701Z
2026,2,REG,2026_02_CAR_ATL,00-0040124,CAR,ATL,5,10,101,0,0,0,132,16.0,4,3.58151851549688,0,4,3,3,0,0.765151515151515,0.3125,0.42443729903537,0.765856109324759,20260925T013701Z
2026,2,REG,2026_02_NO_BAL,00-0040125,NO,BAL,0,0,0,0,0,0,0,0.0,0,,0,0,0,0,0,,0.0,0.0,0.0,20260925T013701Z
2026,2,REG,2026_02_MIN_CHI,00-0040126,CHI,MIN,1,3,3,0,0,0,13,-1.0,0,-1.51002908332157,0,0,0,0,0,0.230769230769231,0.1,0.0687830687830688,0.198148148148148,20260925T013701Z
2026,2,REG,2026_02_IND_KC,00-0040128,IND,KC,6,7,21,1,0,0,-13,35.0,1,-0.0624571716762148,0,0,0,0,0,0.0,0.233333333333333,-0.0802469135802469,0.293827160493827,20260925T013701Z
2026,2,REG,2026_02_CLE_TB,00-0040129,TB,CLE,3,5,16,1,0,0,75,0.0,1,-1.72427658253582,0,0,0,0,0,0.213333333333333,0.151515151515152,0.178147268408551,0.351975815158713,20260925T013701Z
2026,2,REG,2026_02_PIT_NE,00-0040131,NE,PIT,1,2,10,0,0,0,23,1.0,1,0.965879045426846,0,1,0,0,0,0.434782608695652,0.0952380952380952,0.11734693877551,0.225,20260925T013701Z
2026,2,REG,2026_02_DET_BUF,00-0040132,BUF,DET,0,0,0,0,0,0,0,0.0,0,,0,0,0,0,0,,0.0,0.0,0.0,20260925T013701Z
2026,2,REG,2026_02_GB_NYJ,00-0040133,NYJ,GB,0,0,0,0,0,0,0,0.0,0,,0,0,0,0,0,,0.0,0.0,0.0,20260925T013701Z
2026,2,REG,2026_02_JAX_DEN,00-0040134,DEN,JAX,0,1,0,0,0,0,5,0.0,0,-1.42391652241349,0,0,0,0,0,0.0,0.0344827586206897,0.0186567164179104,0.0647838394235718,20260925T013701Z
2026,2,REG,2026_02_CAR_ATL,00-0040136,CAR,ATL,0,0,0,0,0,0,0,0.0,0,,0,0,0,0,0,,0.0,0.0,0.0,20260925T013701Z
2026,2,REG,2026_02_SEA_ARI,00-0040137,ARI,SEA,0,0,0,0,0,0,0,0.0,0,,0,0,0,0,0,,0.0,0.0,0.0,20260925T013701Z
2026,2,REG,2026_02_CIN_HOU,00-0040138,HOU,CIN,1,5,31,0,0,0,39,0.0,1,-0.167162879370153,0,1,1,1,0,0.794871794871795,0.1,0.0821052631578947,0.207473684210526,20260925T013701Z
2026,2,REG,2026_02_IND_KC,00-0040139,IND,KC,0,0,0,0,0,0,0,0.0,0,,0,0,0,0,0,,0.0,0.0,0.0,20260925T013701Z
2026,2,REG,2026_02_CIN_HOU,00-0040140,CIN,HOU,0,0,0,0,0,0,0,0.0,0,,0,0,0,0,0,,0.0,0.0,0.0,20260925T013701Z
2026,2,REG,2026_02_PHI_TEN,00-0040141,TEN,PHI,0,0,0,0,0,0,0,0.0,0,,0,0,0,0,0,,0.0,0.0,0.0,20260925T013701Z
2026,2,REG,2026_02_GB_NYJ,00-0040142,GB,NYJ,0,0,0,0,0,0,0,0.0,0,,0,0,0,0,0,,0.0,0.0,0.0,20260925T013701Z
2026,2,REG,2026_02_LV_LAC,00-0040144,LAC,LV,0,0,0,0,0,0,0,0.0,0,,0,0,0,0,0,,0.0,0.0,0.0,20260925T013701Z
2026,2,REG,2026_02_CAR_ATL,00-0040148,ATL,CAR,0,0,0,0,0,0,0,0.0,0,,0,0,0,0,0,,0.0,0.0,0.0,20260925T013701Z
2026,2,REG,2026_02_CIN_HOU,00-0040149,HOU,CIN,0,0,0,0,0,0,0,0.0,0,,0,0,0,0,0,,0.0,0.0,0.0,20260925T013701Z
2026,2,REG,2026_02_MIA_SF,00-0040152,SF,MIA,0,0,0,0,0,0,0,0.0,0,,0,0,0,0,0,,0.0,0.0,0.0,20260925T013701Z
2026,2,REG,2026_02_NO_BAL,00-0040155,NO,BAL,0,0,0,0,0,0,0,0.0,0,,0,0,0,0,0,,0.0,0.0,0.0,20260925T013701Z
2026,2,REG,2026_02_CIN_HOU,00-0040157,CIN,HOU,0,0,0,0,0,0,0,0.0,0,,0,0,0,0,0,,0.0,0.0,0.0,20260925T013701Z
2026,2,REG,2026_02_CLE_TB,00-0040158,TB,CLE,0,0,0,0,0,0,0,0.0,0,,0,0,0,0,0,,0.0,0.0,0.0,20260925T013701Z
2026,2,REG,2026_02_CAR_ATL,00-0040159,CAR,ATL,0,0,0,0,0,0,0,0.0,0,,0,0,0,0,0,,0.0,0.0,0.0,20260925T013701Z
2026,2,REG,2026_02_WAS_DAL,00-0040164,WAS,DAL,0,0,0,0,0,0,0,0.0,0,,0,0,0,0,0,,0.0,0.0,0.0,20260925T013701Z
2026,2,REG,2026_02_GB_NYJ,00-0040165,NYJ,GB,0,0,0,0,0,0,0,0.0,0,,0,0,0,0,0,,0.0,0.0,0.0,20260925T013701Z
2026,2,REG,2026_02_NO_BAL,00-0040166,NO,BAL,0,0,0,0,0,0,0,0.0,0,,0,0,0,0,0,,0.0,0.0,0.0,20260925T013701Z
2026,2,REG,2026_02_JAX_DEN,00-0040168,DEN,JAX,0,0,0,0,0,0,0,0.0,0,,0,0,0,0,0,,0.0,0.0,0.0,20260925T013701Z
2026,2,REG,2026_02_LV_LAC,00-0040169,LV,LAC,0,0,0,0,0,0,0,0.0,0,,0,0,0,0,0,,0.0,0.0,0.0,20260925T013701Z
2026,2,REG,2026_02_PHI_TEN,00-0040170,TEN,PHI,2,3,69,0,0,0,33,41.0,2,3.77939836541191,0,2,2,2,1,2.09090909090909,0.176470588235294,0.235714285714286,0.429705882352941,20260925T013701Z
2026,2,REG,2026_02_PIT_NE,00-0040171,NE,PIT,0,0,0,0,0,0,0,0.0,0,,0,0,0,0,0,,0.0,0.0,0.0,20260925T013701Z
2026,2,REG,2026_02_MIN_CHI,00-0040173,MIN,CHI,0,0,0,0,0,0,0,0.0,0,,0,0,0,0,0,,0.0,0.0,0.0,20260925T013701Z
2026,2,REG,2026_02_CAR_ATL,00-0040174,CAR,ATL,0,0,0,0,0,0,0,0.0,0,,0,0,0,0,0,,0.0,0.0,0.0,20260925T013701Z
2026,2,REG,2026_02_MIA_SF,00-0040175,MIA,SF,0,0,0,0,0,0,0,0.0,0,,0,0,0,0,0,,0.0,0.0,0.0,20260925T013701Z
2026,2,REG,2026_02_MIA_SF,00-0040177,SF,MIA,0,0,0,0,0,0,0,0.0,0,,0,0,0,0,0,,0.0,0.0,0.0,20260925T013701Z
2026,2,REG,2026_02_MIA_SF,00-0040178,MIA,SF,0,0,0,0,0,0,0,0.0,0,,0,0,0,0,0,,0.0,0.0,0.0,20260925T013701Z
2026,2,REG,2026_02_MIA_SF,00-0040182,MIA,SF,0,0,0,0,0,0,0,0.0,0,,0,0,0,0,0,,0.0,0.0,0.0,20260925T013701Z
2026,2,REG,2026_02_CLE_TB,00-0040183,TB,CLE,0,0,0,0,0,0,0,0.0,0,,0,0,0,0,0,,0.0,0.0,0.0,20260925T013701Z
2026,2,REG,2026_02_MIA_SF,00-0040185,SF,MIA,0,0,0,0,0,0,0,0.0,0,,0,0,0,0,0,,0.0,0.0,0.0,20260925T013701Z
2026,2,REG,2026_02_CAR_ATL,00-0040187,CAR,ATL,1,1,13,0,0,0,-1,14.0,0,0.0207993627991527,0,1,0,0,0,0.0,0.03125,-0.00321543408360129,0.0446241961414791,20260925T013701Z
2026,2,REG,2026_02_LV_LAC,00-0040189,LAC,LV,2,2,18,1,0,0,18,0.0,1,2.01429672772065,0,1,0,0,0,1.0,0.0769230769230769,0.0669144981412639,0.1622247640835,20260925T013701Z
2026,2,REG,2026_02_DET_BUF,00-0040192,BUF,DET,0,0,0,0,0,0,0,0.0,0,,0,0,0,0,0,,0.0,0.0,0.0,20260925T013701Z
2026,2,REG,2026_02_SEA_ARI,00-0040195,ARI,SEA,0,0,0,0,0,0,0,0.0,0,,0,0,0,0,0,,0.0,0.0,0.0,20260925T013701Z
2026,2,REG,2026_02_MIA_SF,00-0040198,MIA,SF,0,0,0,0,0,0,0,0.0,0,,0,0,0,0,0,,0.0,0.0,0.0,20260925T013701Z
2026,2,REG,2026_02_PIT_NE,00-0040200,NE,PIT,0,0,0,0,0,0,0,0.0,0,,0,0,0,0,0,,0.0,0.0,0.0,20260925T013701Z
2026,2,REG,2026_02_PHI_TEN,00-0040201,TEN,PHI,0,0,0,0,0,0,0,0.0,0,,0,0,0,0,0,,0.0,0.0,0.0,20260925T013701Z
2026,2,REG,2026_02_PIT_NE,00-0040204,NE,PIT,0,0,0,0,0,0,0,0.0,0,,0,0,0,0,0,,0.0,0.0,0.0,20260925T013701Z
2026,2,REG,2026_02_JAX_DEN,00-0040213,JAX,DEN,0,0,0,0,0,0,0,0.0,0,,0,0,0,0,0,,0.0,0.0,0.0,20260925T013701Z
2026,2,REG,2026_02_LV_LAC,00-0040221,LAC,LV,0,0,0,0,0,0,0,0.0,0,,0,0,0,0,0,,0.0,0.0,0.0,20260925T013701Z
2026,2,REG,2026_02_JAX_DEN,00-0040223,DEN,JAX,0,0,0,0,0,0,0,0.0,0,,0,0,0,0,0,,0.0,0.0,0.0,20260925T013701Z
2026,2,REG,2026_02_IND_KC,00-0040235,IND,KC,0,0,0,0,0,0,0,0.0,0,,0,0,0,0,0,,0.0,0.0,0.0,20260925T013701Z
2026,2,REG,2026_02_MIN_CHI,00-0040236,CHI,MIN,2,2,11,0,0,0,1,10.0,0,-0.678499951667618,0,0,0,0,0,11.0,0.0666666666666667,0.00529100529100529,0.103703703703704,20260925T013701Z
2026,2,REG,2026_02_CLE_TB,00-0040237,TB,CLE,1,4,49,0,0,0,152,6.0,1,0.97564354603011,0,1,1,1,1,0.322368421052632,0.121212121212121,0.36104513064133,0.434549773267113,20260925T013701Z
2026,2,REG,2026_02_JAX_DEN,00-0040238,JAX,DEN,0,1,0,0,0,0,4,0.0,0,-1.33137250563967,0,0,0,0,0,0.0,0.0357142857142857,0.0132450331125828,0.0628429517502365,20260925T013701Z
2026,2,REG,2026_02_WAS_DAL,00-0040242,WAS,DAL,1,1,5,0,0,0,-1,6.0,0,-0.028810620540753,0,0,0,0,0,-5.0,0.0294117647058824,-0.00278551532033426,0.0421677863345895,20260925T013701Z
2026,2,REG,2026_02_MIA_SF,00-0040248,MIA,SF,0,0,0,0,0,0,0,0.0,0,,0,0,0,0,0,,0.0,0.0,0.0,20260925T013701Z
2026,2,REG,2026_02_CLE_TB,00-0040255,CLE,TB,0,0,0,0,0,0,0,0.0,0,,0,0,0,0,0,,0.0,0.0,0.0,20260925T013701Z
2026,2,REG,2026_02_CLE_TB,00-0040263,CLE,TB,0,0,0,0,0,0,0,0.0,0,,0,0,0,0,0,,0.0,0.0,0.0,20260925T013701Z
2026,2,REG,2026_02_CAR_ATL,00-0040279,CAR,ATL,0,0,0,0,0,0,0,0.0,0,,0,0,0,0,0,,0.0,0.0,0.0,20260925T013701Z
2026,2,REG,2026_02_WAS_DAL,00-0040318,WAS,DAL,0,0,0,0,0,0,0,0.0,0,,0,0,0,0,0,,0.0,0.0,0.0,20260925T013701Z
2026,2,REG,2026_02_JAX_DEN,00-0040326,JAX,DEN,0,0,0,0,0,0,0,0.0,0,,0,0,0,0,0,,0.0,0.0,0.0,20260925T013701Z
2026,2,REG,2026_02_JAX_DEN,00-0040342,JAX,DEN,0,0,0,0,0,0,0,0.0,0,,0,0,0,0,0,,0.0,0.0,0.0,20260925T013701Z
2026,2,REG,2026_02_DET_BUF,00-0040363,BUF,DET,0,0,0,0,0,0,0,0.0,0,,0,0,0,0,0,,0.0,0.0,0.0,20260925T013701Z
2026,2,REG,2026_02_CAR_ATL,00-0040458,CAR,ATL,0,0,0,0,0,0,0,0.0,0,,0,0,0,0,0,,0.0,0.0,0.0,20260925T013701Z
2026,2,REG,2026_02_CLE_TB,00-0040466,CLE,TB,1,1,7,0,0,0,-4,11.0,0,0.183977598673664,0,0,0,0,0,-1.75,0.0333333333333333,-0.037037037037037,0.0240740740740741,20260925T013701Z
2026,2,REG,2026_02_MIN_CHI,00-0040496,MIN,CHI,0,0,0,0,0,0,0,0.0,0,,0,0,0,0,0,,0.0,0.0,0.0,20260925T013701Z
2026,2,REG,2026_02_MIN_CHI,00-0040506,MIN,CHI,0,1,0,0,0,0,2,0.0,0,-0.208184669609182,0,0,0,0,0,0.0,0.0526315789473684,0.0127388535031847,0.0878645658732819,20260925T013701Z
2026,2,REG,2026_02_PIT_NE,00-0040556,NE,PIT,0,0,0,0,0,0,0,0.0,0,,0,0,0,0,0,,0.0,0.0,0.0,20260925T013701Z
2026,2,REG,2026_02_PIT_NE,00-0040563,NE,PIT,1,1,-2,0,0,0,-2,0.0,0,-2.37572271311738,0,0,0,0,0,0.0,0.0476190476190476,-0.0102040816326531,0.0642857142857143,20260925T013701Z
2026,2,REG,2026_02_PIT_NE,00-0040574,NE,PIT,0,0,0,0,0,0,0,0.0,0,,0,0,0,0,0,,0.0,0.0,0.0,20260925T013701Z
2026,2,REG,2026_02_CLE_TB,00-0040579,CLE,TB,0,0,0,0,0,0,0,0.0,0,,0,0,0,0,0,,0.0,0.0,0.0,20260925T013701Z
2026,2,REG,2026_02_NYG_LA,00-0040580,LA,NYG,0,0,0,0,0,0,0,0.0,0,,0,0,0,0,0,,0.0,0.0,0.0,20260925T013701Z
2026,2,REG,2026_02_GB_NYJ,00-0040582,NYJ,GB,0,0,0,0,0,0,0,0.0,0,,0,0,0,0,0,,0.0,0.0,0.0,20260925T013701Z
2026,2,REG,2026_02_CIN_HOU,00-0040583,HOU,CIN,5,6,27,0,0,0,11,20.0,1,-0.146359348320402,0,1,0,0,0,2.45454545454545,0.12,0.0231578947368421,0.196210526315789,20260925T013701Z
2026,2,REG,2026_02_PHI_TEN,00-0040584,TEN,PHI,2,2,13,0,0,0,-1,14.0,0,-0.0235805520205759,0,0,0,0,0,0.0,0.117647058823529,-0.00714285714285714,0.171470588235294,20260925T013701Z
2026,2,REG,2026_02_NYG_LA,00-0040590,LA,NYG,1,2,12,0,0,0,23,8.0,1,-0.384115369757637,0,1,0,0,0,0.521739130434783,0.0666666666666667,0.0694864048338369,0.148640483383686,20260925T013701Z
2026,2,REG,2026_02_JAX_DEN,00-0040634,DEN,JAX,0,0,0,0,0,0,0,0.0,0,,0,0,0,0,0,,0.0,0.0,0.0,20260925T013701Z
2026,2,REG,2026_02_IND_KC,00-0040640,KC,IND,0,0,0,0,0,0,0,0.0,0,,0,0,0,0,0,,0.0,0.0,0.0,20260925T013701Z
2026,2,REG,2026_02_NO_BAL,00-0040642,NO,BAL,0,0,0,0,0,0,0,0.0,0,,0,0,0,0,0,,0.0,0.0,0.0,20260925T013701Z
2026,2,REG,2026_02_NO_BAL,00-0040643,NO,BAL,0,0,0,0,0,0,0,0.0,0,,0,0,0,0,0,,0.0,0.0,0.0,20260925T013701Z
2026,2,REG,2026_02_SEA_ARI,00-0040645,ARI,SEA,0,0,0,0,0,0,0,0.0,0,,0,0,0,0,0,,0.0,0.0,0.0,20260925T013701Z
2026,2,REG,2026_02_IND_KC,00-0040646,KC,IND,2,2,6,1,0,0,1,5.0,2,2.56288306869101,0,0,0,0,0,6.0,0.0465116279069768,0.00381679389312977,0.072439197585656,20260925T013701Z
2026,2,REG,2026_02_SEA_ARI,00-0040647,SEA,ARI,0,0,0,0,0,0,0,0.0,0,,0,0,0,0,0,,0.0,0.0,0.0,20260925T013701Z
2026,2,REG,2026_02_CIN_HOU,00-0040654,HOU,CIN,0,0,0,0,0,0,0,0.0,0,,0,0,0,0,0,,0.0,0.0,0.0,20260925T013701Z
2026,2,REG,2026_02_CLE_TB,00-0040663,CLE,TB,5,6,54,0,0,0,24,34.0,3,2.14661248965422,0,2,1,1,0,2.25,0.2,0.222222222222222,0.455555555555556,20260925T013701Z
2026,2,REG,2026_02_LV_LAC,00-0040666,LAC,LV,2,2,21,0,0,0,-8,29.0,1,0.979474595515057,0,1,1,0,0,-2.625,0.0769230769230769,-0.0297397769516729,0.0945667715184444,20260925T013701Z
2026,2,REG,2026_02_GB_NYJ,00-0040667,GB,NYJ,4,6,58,0,0,0,80,32.0,4,1.29303065626235,0,3,2,0,0,0.725,0.206896551724138,0.37037037037037,0.569604086845466,20260925T013701Z
2026,2,REG,2026_02_DET_BUF,00-0040669,DET,BUF,2,5,26,0,0,0,81,4.0,1,1.80134439014364,0,1,1,1,0,0.320987654320988,0.131578947368421,0.240356083086053,0.365617679212869,20260925T013701Z
2026,2,REG,2026_02_IND_KC,00-0040670,KC,IND,0,0,0,0,0,0,0,0.0,0,,0,0,0,0,0,,0.0,0.0,0.0,20260925T013701Z
2026,2,REG,2026_02_DET_BUF,00-0040672,DET,BUF,0,0,0,0,0,0,0,0.0,0,,0,0,0,0,0,,0.0,0.0,0.0,20260925T013701Z
2026,2,REG,2026_02_PHI_TEN,00-0040676,TEN,PHI,0,0,0,0,0,0,0,0.0,0,,0,0,0,0,0,,0.0,0.0,0.0,20260925T013701Z
2026,2,REG,2026_02_NYG_LA,00-0040677,NYG,LA,0,0,0,0,0,0,0,0.0,0,,0,0,0,0,0,,0.0,0.0,0.0,20260925T013701Z
2026,2,REG,2026_02_PIT_NE,00-0040678,PIT,NE,0,0,0,0,0,0,0,0.0,0,,0,0,0,0,0,,0.0,0.0,0.0,20260925T013701Z
2026,2,REG,2026_02_CLE_TB,00-0040685,CLE,TB,0,0,0,0,0,0,0,0.0,0,,0,0,0,0,0,,0.0,0.0,0.0,20260925T013701Z
2026,2,REG,2026_02_WAS_DAL,00-0040686,WAS,DAL,0,0,0,0,0,0,0,0.0,0,,0,0,0,0,0,,0.0,0.0,0.0,20260925T013701Z
2026,2,REG,2026_02_NO_BAL,00-0040688,BAL,NO,0,0,0,0,0,0,0,0.0,0,,0,0,0,0,0,,0.0,0.0,0.0,20260925T013701Z
2026,2,REG,2026_02_GB_NYJ,00-0040689,GB,NYJ,0,0,0,0,0,0,0,0.0,0,,0,0,0,0,0,,0.0,0.0,0.0,20260925T013701Z
2026,2,REG,2026_02_NYG_LA,00-0040691,NYG,LA,0,0,0,0,0,0,0,0.0,0,,0,0,0,0,0,,0.0,0.0,0.0,20260925T013701Z
2026,2,REG,2026_02_PHI_TEN,00-0040705,TEN,PHI,0,0,0,0,0,0,0,0.0,0,,0,0,0,0,0,,0.0,0.0,0.0,20260925T013701Z
2026,2,REG,2026_02_SEA_ARI,00-0040706,ARI,SEA,0,0,0,0,0,0,0,0.0,0,,0,0,0,0,0,,0.0,0.0,0.0,20260925T013701Z
2026,2,REG,2026_02_PHI_TEN,00-0040708,PHI,TEN,0,0,0,0,0,0,0,0.0,0,,0,0,0,0,0,,0.0,0.0,0.0,20260925T013701Z
2026,2,REG,2026_02_DET_BUF,00-0040709,BUF,DET,0,0,0,0,0,0,0,0.0,0,,0,0,0,0,0,,0.0,0.0,0.0,20260925T013701Z
2026,2,REG,2026_02_DET_BUF,00-0040710,BUF,DET,0,0,0,0,0,0,0,0.0,0,,0,0,0,0,0,,0.0,0.0,0.0,20260925T013701Z
2026,2,REG,2026_02_MIA_SF,00-0040711,SF,MIA,0,0,0,0,0,0,0,0.0,0,,0,0,0,0,0,,0.0,0.0,0.0,20260925T013701Z
2026,2,REG,2026_02_NYG_LA,00-0040715,NYG,LA,4,4,19,0,1,0,-4,23.0,1,-1.77020948461723,0,1,1,0,0,-4.75,0.125,-0.0117302052785924,0.179288856304985,20260925T013701Z
2026,2,REG,2026_02_PIT_NE,00-0040716,NE,PIT,0,0,0,0,0,0,0,0.0,0,,0,0,0,0,0,,0.0,0.0,0.0,20260925T013701Z
2026,2,REG,2026_02_JAX_DEN,00-0040718,JAX,DEN,0,0,0,0,0,0,0,0.0,0,,0,0,0,0,0,,0.0,0.0,0.0,20260925T013701Z
2026,2,REG,2026_02_JAX_DEN,00-0040719,JAX,DEN,2,2,-3,0,0,0,-8,5.0,0,-1.9394659648533,0,0,0,0,0,0.375,0.0714285714285714,-0.0264900662251656,0.0885998107852413,20260925T013701Z
2026,2,REG,2026_02_NO_BAL,00-0040722,BAL,NO,0,0,0,0,0,0,0,0.0,0,,0,0,0,0,0,,0.0,0.0,0.0,20260925T013701Z
2026,2,REG,2026_02_WAS_DAL,00-0040725,DAL,WAS,0,0,0,0,0,0,0,0.0,0,,0,0,0,0,0,,0.0,0.0,0.0,20260925T013701Z
2026,2,REG,2026_02_GB_NYJ,00-0040726,GB,NYJ,0,0,0,0,0,0,0,0.0,0,,0,0,0,0,0,,0.0,0.0,0.0,20260925T013701Z
2026,2,REG,2026_02_LV_LAC,00-0040727,LAC,LV,1,3,53,0,0,0,56,33.0,1,3.86769987782463,0,1,1,1,1,0.946428571428571,0.115384615384615,0.20817843866171,0.31880183014012,20260925T013701Z
2026,2,REG,2026_02_LV_LAC,00-0040729,LV,LAC,2,2,25,0,1,0,18,7.0,1,1.51895602769218,0,1,1,1,0,1.38888888888889,0.0689655172413793,0.0636042402826855,0.147971244059949,20260925T013701Z
2026,2,REG,2026_02_SEA_ARI,00-0040733,SEA,ARI,0,0,0,0,0,0,0,0.0,0,,0,0,0,0,0,,0.0,0.0,0.0,20260925T013701Z
2026,2,REG,2026_02_PIT_NE,00-0040734,NE,PIT,0,0,0,0,0,0,0,0.0,0,,0,0,0,0,0,,0.0,0.0,0.0,20260925T013701Z
2026,2,REG,2026_02_MIN_CHI,00-0040735,CHI,MIN,3,7,32,0,0,0,87,5.0,1,-3.59284738701535,0,1,1,0,0,0.367816091954023,0.233333333333333,0.46031746031746,0.672222222222222,20260925T013701Z
2026,2,REG,2026_02_NYG_LA,00-0040737,LA,NYG,6,9,54,1,0,0,54,24.0,2,1.78823560447199,0,1,1,1,0,1.0,0.3,0.163141993957704,0.564199395770393,20260925T013701Z
2026,2,REG,2026_02_CIN_HOU,00-0040738,CIN,HOU,0,0,0,0,0,0,0,0.0,0,,0,0,0,0,0,,0.0,0.0,0.0,20260925T013701Z
2026,2,REG,2026_02_SEA_ARI,00-0040739,SEA,ARI,1,1,17,0,0,0,14,3.0,1,1.36316828615963,0,1,1,0,0,1.21428571428571,0.0384615384615385,0.0616740088105727,0.100864113859709,20260925T013701Z
2026,2,REG,2026_02_NO_BAL,00-0040743,NO,BAL,0,0,0,0,0,0,0,0.0,0,,0,0,0,0,0,,0.0,0.0,0.0,20260925T013701Z
2026,2,REG,2026_02_IND_KC,00-0040744,IND,KC,0,0,0,0,0,0,0,0.0,0,,0,0,0,0,0,,0.0,0.0,0.0,20260925T013701Z
2026,2,REG,2026_02_CLE_TB,00-0040747,TB,CLE,0,0,0,0,0,0,0,0.0,0,,0,0,0,0,0,,0.0,0.0,0.0,20260925T013701Z
2026,2,REG,2026_02_PHI_TEN,00-0040749,PHI,TEN,0,0,0,0,0,0,0,0.0,0,,0,0,0,0,0,,0.0,0.0,0.0,20260925T013701Z
2026,2,REG,2026_02_SEA_ARI,00-0040751,ARI,SEA,0,0,0,0,0,0,0,0.0,0,,0,0,0,0,0,,0.0,0.0,0.0,20260925T013701Z
2026,2,REG,2026_02_PHI_TEN,00-0040752,TEN,PHI,0,0,0,0,0,0,0,0.0,0,,0,0,0,0,0,,0.0,0.0,0.0,20260925T013701Z
2026,2,REG,2026_02_CIN_HOU,00-0040756,CIN,HOU,0,0,0,0,0,0,0,0.0,0,,0,0,0,0,0,,0.0,0.0,0.0,20260925T013701Z
2026,2,REG,2026_02_CLE_TB,00-0040782,CLE,TB,1,1,10,0,0,0,7,3.0,1,0.716024308232591,0,1,0,0,0,1.42857142857143,0.0333333333333333,0.0648148148148148,0.0953703703703704,20260925T013701Z
2026,2,REG,2026_02_CLE_TB,00-0040784,CLE,TB,5,5,27,0,0,0,-8,35.0,1,1.11786701413803,0,1,0,0,0,-3.375,0.166666666666667,-0.0740740740740741,0.198148148148148,20260925T013701Z
2026,2,REG,2026_02_CIN_HOU,00-0040785,CIN,HOU,0,1,0,0,0,0,-4,0.0,0,-0.80325392074883,0,0,0,0,0,0.0,0.032258064516129,-0.023121387283237,0.0322021256759277,20260925T013701Z
2026,2,REG,2026_02_WAS_DAL,00-0040865,DAL,WAS,0,0,0,0,0,0,0,0.0,0,,0,0,0,0,0,,0.0,0.0,0.0,20260925T013701Z
2026,2,REG,2026_02_PHI_TEN,00-0040867,PHI,TEN,1,1,14,0,0,0,13,1.0,1,2.49466600152664,0,1,0,0,0,1.07692307692308,0.0294117647058824,0.0445205479452055,0.0752820306204674,20260925T013701Z
2026,2,REG,2026_02_LV_LAC,00-0040868,LV,LAC,0,0,0,0,0,0,0,0.0,0,,0,0,0,0,0,,0.0,0.0,0.0,20260925T013701Z
2026,2,REG,2026_02_GB_NYJ,00-0040869,GB,NYJ,0,0,0,0,0,0,0,0.0,0,,0,0,0,0,0,,0.0,0.0,0.0,20260925T013701Z
2026,2,REG,2026_02_WAS_DAL,00-0040872,DAL,WAS,0,0,0,0,0,0,0,0.0,0,,0,0,0,0,0,,0.0,0.0,0.0,20260925T013701Z
2026,2,REG,2026_02_SEA_ARI,00-0040873,SEA,ARI,0,0,0,0,0,0,0,0.0,0,,0,0,0,0,0,,0.0,0.0,0.0,20260925T013701Z
2026,2,REG,2026_02_GB_NYJ,00-0040877,GB,NYJ,0,0,0,0,0,0,0,0.0,0,,0,0,0,0,0,,0.0,0.0,0.0,20260925T013701Z
2026,2,REG,2026_02_LV_LAC,00-0040878,LV,LAC,0,1,0,0,0,0,10,0.0,0,-0.539872482419014,0,0,0,0,0,0.0,0.0344827586206897,0.0353356890459364,0.07645912026319,20260925T013701Z
2026,2,REG,2026_02_WAS_DAL,00-0040880,DAL,WAS,0,0,0,0,0,0,0,0.0,0,,0,0,0,0,0,,0.0,0.0,0.0,20260925T013701Z
2026,2,REG,2026_02_NO_BAL,00-0040885,BAL,NO,0,0,0,0,0,0,0,0.0,0,,0,0,0,0,0,,0.0,0.0,0.0,20260925T013701Z
2026,2,REG,2026_02_PHI_TEN,00-0040886,TEN,PHI,0,0,0,0,0,0,0,0.0,0,,0,0,0,0,0,,0.0,0.0,0.0,20260925T013701Z
2026,2,REG,2026_02_LV_LAC,00-0040889,LV,LAC,0,0,0,0,0,0,0,0.0,0,,0,0,0,0,0,,0.0,0.0,0.0,20260925T013701Z
2026,2,REG,2026_02_LV_LAC,00-0040894,LV,LAC,0,1,0,0,0,0,27,0.0,0,-1.73706076061353,0,0,0,0,0,0.0,0.0344827586206897,0.0954063604240283,0.118508590227854,20260925T013701Z
2026,2,REG,2026_02_NO_BAL,00-0040898,BAL,NO,0,0,0,0,0,0,0,0.0,0,,0,0,0,0,0,,0.0,0.0,0.0,20260925T013701Z
2026,2,REG,2026_02_GB_NYJ,00-0040899,GB,NYJ,0,0,0,0,0,0,0,0.0,0,,0,0,0,0,0,,0.0,0.0,0.0,20260925T013701Z
2026,2,REG,2026_02_IND_KC,00-0040928,IND,KC,0,0,0,0,0,0,0,0.0,0,,0,0,0,0,0,,0.0,0.0,0.0,20260925T013701Z
2026,2,REG,2026_02_GB_NYJ,00-0040948,GB,NYJ,0,0,0,0,0,0,0,0.0,0,,0,0,0,0,0,,0.0,0.0,0.0,20260925T013701Z
2026,2,REG,2026_02_NO_BAL,00-0040978,BAL,NO,0,0,0,0,0,0,0,0.0,0,,0,0,0,0,0,,0.0,0.0,0.0,20260925T013701Z
2026,2,REG,2026_02_IND_KC,00-0041013,KC,IND,2,2,20,0,0,0,-4,24.0,1,0.778652964392677,0,1,0,0,0,-5.0,0.0465116279069768,-0.0152671755725191,0.0590804189597018,20260925T013701Z
2026,2,REG,2026_02_IND_KC,00-0041019,KC,IND,0,0,0,0,0,0,0,0.0,0,,0,0,0,0,0,,0.0,0.0,0.0,20260925T013701Z
2026,2,REG,2026_02_GB_NYJ,00-0041026,NYJ,GB,0,0,0,0,0,0,0,0.0,0,,0,0,0,0,0,,0.0,0.0,0.0,20260925T013701Z
2026,2,REG,2026_02_SEA_ARI,00-0041027,ARI,SEA,3,3,16,0,0,0,0,16.0,0,0.125897116726264,0,0,0,0,0,0.0,0.115384615384615,0.0,0.173076923076923,20260925T013701Z
2026,2,REG,2026_02_WAS_DAL,00-0041028,WAS,DAL,0,0,0,0,0,0,0,0.0,0,,0,0,0,0,0,,0.0,0.0,0.0,20260925T013701Z
2026,2,REG,2026_02_GB_NYJ,00-0041032,NYJ,GB,2,3,17,0,0,0,8,16.0,0,-0.51331116235815,0,1,0,0,0,2.125,0.0833333333333333,0.0318725099601594,0.147310756972112,20260925T013701Z
2026,2,REG,2026_02_MIN_CHI,00-0041033,MIN,CHI,0,0,0,0,0,0,0,0.0,0,,0,0,0,0,0,,0.0,0.0,0.0,20260925T013701Z
2026,2,REG,2026_02_DET_BUF,00-0041036,BUF,DET,0,0,0,0,0,0,0,0.0,0,,0,0,0,0,0,,0.0,0.0,0.0,20260925T013701Z
2026,2,REG,2026_02_CLE_TB,00-0041037,CLE,TB,5,7,95,1,0,0,60,50.0,3,6.99395908871656,0,2,1,1,1,1.58333333333333,0.233333333333333,0.555555555555556,0.738888888888889,20260925T013701Z
2026,2,REG,2026_02_IND_KC,00-0041039,IND,KC,0,0,0,0,0,0,0,0.0,0,,0,0,0,0,0,,0.0,0.0,0.0,20260925T013701Z
2026,2,REG,2026_02_WAS_DAL,00-0041040,WAS,DAL,3,3,24,0,0,0,16,8.0,1,1.66176331421593,0,1,0,0,0,1.5,0.0882352941176471,0.0445682451253482,0.163550712764214,20260925T013701Z
2026,2,REG,2026_02_NO_BAL,00-0041041,NO,BAL,1,1,8,0,0,0,7,1.0,0,0.639764283318073,0,0,0,0,0,1.14285714285714,0.03125,0.0328638497652582,0.0698796948356808,20260925T013701Z
2026,2,REG,2026_02_NYG_LA,00-0041042,NYG,LA,2,6,30,0,0,0,131,6.0,2,-5.12694226042368,0,2,1,0,0,0.229007633587786,0.1875,0.3841642228739,0.55016495601173,20260925T013701Z
2026,2,REG,2026_02_IND_KC,00-0041043,IND,KC,0,0,0,0,0,0,0,0.0,0,,0,0,0,0,0,,0.0,0.0,0.0,20260925T013701Z
2026,2,REG,2026_02_CAR_ATL,00-0041044,ATL,CAR,2,2,14,0,0,0,-7,21.0,1,0.516296314192005,0,1,0,0,0,0.0,0.0645161290322581,-0.0440251572327044,0.065956583485494,20260925T013701Z
2026,2,REG,2026_02_JAX_DEN,00-0041045,JAX,DEN,0,0,0,0,0,0,0,0.0,0,,0,0,0,0,0,,0.0,0.0,0.0,20260925T013701Z
2026,2,REG,2026_02_MIN_CHI,00-0041046,MIN,CHI,0,0,0,0,0,0,0,0.0,0,,0,0,0,0,0,,0.0,0.0,0.0,20260925T013701Z
2026,2,REG,2026_02_CLE_TB,00-0041048,TB,CLE,2,7,27,0,0,0,145,2.0,1,-6.44278152041161,0,1,1,1,0,0.186206896551724,0.212121212121212,0.344418052256532,0.559274454761391,20260925T013701Z
2026,2,REG,2026_02_CLE_TB,00-0041049,CLE,TB,0,0,0,0,0,0,0,0.0,0,,0,0,0,0,0,,0.0,0.0,0.0,20260925T013701Z
2026,2,REG,2026_02_MIN_CHI,00-0041051,CHI,MIN,0,0,0,0,0,0,0,0.0,0,,0,0,0,0,0,,0.0,0.0,0.0,20260925T013701Z
2026,2,REG,2026_02_MIA_SF,00-0041052,SF,MIA,0,0,0,0,0,0,0,0.0,0,,0,0,0,0,0,,0.0,0.0,0.0,20260925T013701Z
2026,2,REG,2026_02_CLE_TB,00-0041057,TB,CLE,0,0,0,0,0,0,0,0.0,0,,0,0,0,0,0,,0.0,0.0,0.0,20260925T013701Z
2026,2,REG,2026_02_MIN_CHI,00-0041060,CHI,MIN,0,0,0,0,0,0,0,0.0,0,,0,0,0,0,0,,0.0,0.0,0.0,20260925T013701Z
2026,2,REG,2026_02_CAR_ATL,00-0041063,CAR,ATL,0,0,0,0,0,0,0,0.0,0,,0,0,0,0,0,,0.0,0.0,0.0,20260925T013701Z
2026,2,REG,2026_02_LV_LAC,00-0041064,LAC,LV,0,0,0,0,0,0,0,0.0,0,,0,0,0,0,0,,0.0,0.0,0.0,20260925T013701Z
2026,2,REG,2026_02_CAR_ATL,00-0041066,ATL,CAR,0,0,0,0,0,0,0,0.0,0,,0,0,0,0,0,,0.0,0.0,0.0,20260925T013701Z
2026,2,REG,2026_02_NO_BAL,00-0041067,NO,BAL,1,1,8,0,0,0,8,0.0,0,0.490383297903463,0,0,0,0,0,1.0,0.03125,0.0375586854460094,0.0731660798122066,20260925T013701Z
2026,2,REG,2026_02_CIN_HOU,00-0041069,CIN,HOU,1,1,7,0,0,0,6,1.0,0,-0.205102376174182,0,0,0,0,0,1.16666666666667,0.032258064516129,0.0346820809248555,0.0726645534215924,20260925T013701Z
2026,2,REG,2026_02_LV_LAC,00-0041072,LAC,LV,0,0,0,0,0,0,0,0.0,0,,0,0,0,0,0,,0.0,0.0,0.0,20260925T013701Z
2026,2,REG,2026_02_CAR_ATL,00-0041076,CAR,ATL,0,0,0,0,0,0,0,0.0,0,,0,0,0,0,0,,0.0,0.0,0.0,20260925T013701Z
2026,2,REG,2026_02_MIA_SF,00-0041078,SF,MIA,0,0,0,0,0,0,0,0.0,0,,0,0,0,0,0,,0.0,0.0,0.0,20260925T013701Z
2026,2,REG,2026_02_PIT_NE,00-0041088,NE,PIT,0,0,0,0,0,0,0,0.0,0,,0,0,0,0,0,,0.0,0.0,0.0,20260925T013701Z
2026,2,REG,2026_02_SEA_ARI,00-0041093,ARI,SEA,0,0,0,0,0,0,0,0.0,0,,0,0,0,0,0,,0.0,0.0,0.0,20260925T013701Z
2026,2,REG,2026_02_WAS_DAL,00-0041096,WAS,DAL,0,0,0,0,0,0,0,0.0,0,,0,0,0,0,0,,0.0,0.0,0.0,20260925T013701Z
2026,2,REG,2026_02_NO_BAL,00-0041099,NO,BAL,0,0,0,0,0,0,0,0.0,0,,0,0,0,0,0,,0.0,0.0,0.0,20260925T013701Z
2026,2,REG,2026_02_JAX_DEN,00-0041100,JAX,DEN,0,0,0,0,0,0,0,0.0,0,,0,0,0,0,0,,0.0,0.0,0.0,20260925T013701Z
2026,2,REG,2026_02_MIN_CHI,00-0041104,MIN,CHI,1,1,2,0,0,0,-7,9.0,0,-0.732057184187663,0,0,0,0,0,-0.285714285714286,0.0526315789473684,-0.0445859872611465,0.0477371773382501,20260925T013701Z
2026,2,REG,2026_02_PIT_NE,00-0041109,NE,PIT,0,0,0,0,0,0,0,0.0,0,,0,0,0,0,0,,0.0,0.0,0.0,20260925T013701Z
2026,2,REG,2026_02_MIN_CHI,00-0041110,CHI,MIN,0,0,0,0,0,0,0,0.0,0,,0,0,0,0,0,,0.0,0.0,0.0,20260925T013701Z
2026,2,REG,2026_02_IND_KC,00-0041111,IND,KC,0,0,0,0,0,0,0,0.0,0,,0,0,0,0,0,,0.0,0.0,0.0,20260925T013701Z
2026,2,REG,2026_02_CAR_ATL,00-0041112,ATL,CAR,0,0,0,0,0,0,0,0.0,0,,0,0,0,0,0,,0.0,0.0,0.0,20260925T013701Z
2026,2,REG,2026_02_IND_KC,00-0041125,IND,KC,0,0,0,0,0,0,0,0.0,0,,0,0,0,0,0,,0.0,0.0,0.0,20260925T013701Z
2026,2,REG,2026_02_DET_BUF,00-0041126,BUF,DET,0,0,0,0,0,0,0,0.0,0,,0,0,0,0,0,,0.0,0.0,0.0,20260925T013701Z
2026,2,REG,2026_02_IND_KC,00-0041132,IND,KC,0,0,0,0,0,0,0,0.0,0,,0,0,0,0,0,,0.0,0.0,0.0,20260925T013701Z
2026,2,REG,2026_02_NYG_LA,00-0041145,NYG,LA,0,0,0,0,0,0,0,0.0,0,,0,0,0,0,0,,0.0,0.0,0.0,20260925T013701Z
2026,2,REG,2026_02_CAR_ATL,00-0041148,CAR,ATL,0,0,0,0,0,0,0,0.0,0,,0,0,0,0,0,,0.0,0.0,0.0,20260925T013701Z
2026,2,REG,2026_02_MIN_CHI,00-0041175,CHI,MIN,0,0,0,0,0,0,0,0.0,0,,0,0,0,0,0,,0.0,0.0,0.0,20260925T013701Z
2026,2,REG,2026_02_WAS_DAL,00-0041182,WAS,DAL,0,0,0,0,0,0,0,0.0,0,,0,0,0,0,0,,0.0,0.0,0.0,20260925T013701Z
2026,2,REG,2026_02_CAR_ATL,00-0041194,ATL,CAR,0,0,0,0,0,0,0,0.0,0,,0,0,0,0,0,,0.0,0.0,0.0,20260925T013701Z
2026,2,REG,2026_02_IND_KC,00-0041227,IND,KC,0,0,0,0,0,0,0,0.0,0,,0,0,0,0,0,,0.0,0.0,0.0,20260925T013701Z
2026,2,REG,2026_02_CIN_HOU,00-0041305,HOU,CIN,0,0,0,0,0,0,0,0.0,0,,0,0,0,0,0,,0.0,0.0,0.0,20260925T013701Z
2026,2,REG,2026_02_NO_BAL,00-0041326,NO,BAL,0,0,0,0,0,0,0,0.0,0,,0,0,0,0,0,,0.0,0.0,0.0,20260925T013701Z
2026,2,REG,2026_02_MIN_CHI,00-0041354,MIN,CHI,0,0,0,0,0,0,0,0.0,0,,0,0,0,0,0,,0.0,0.0,0.0,20260925T013701Z
2026,2,REG,2026_02_MIA_SF,00-0041363,SF,MIA,0,0,0,0,0,0,0,0.0,0,,0,0,0,0,0,,0.0,0.0,0.0,20260925T013701Z
2026,2,REG,2026_02_SEA_ARI,00-0041370,ARI,SEA,0,0,0,0,0,0,0,0.0,0,,0,0,0,0,0,,0.0,0.0,0.0,20260925T013701Z
2026,2,REG,2026_02_LV_LAC,00-0041381,LAC,LV,0,0,0,0,0,0,0,0.0,0,,0,0,0,0,0,,0.0,0.0,0.0,20260925T013701Z
2026,2,REG,2026_02_SEA_ARI,00-0041382,SEA,ARI,0,0,0,0,0,0,0,0.0,0,,0,0,0,0,0,,0.0,0.0,0.0,20260925T013701Z
2026,2,REG,2026_02_DET_BUF,00-0041391,BUF,DET,0,0,0,0,0,0,0,0.0,0,,0,0,0,0,0,,0.0,0.0,0.0,20260925T013701Z
2026,2,REG,2026_02_LV_LAC,00-0041392,LAC,LV,0,0,0,0,0,0,0,0.0,0,,0,0,0,0,0,,0.0,0.0,0.0,20260925T013701Z
2026,2,REG,2026_02_PIT_NE,00-0041395,NE,PIT,1,1,30,0,0,0,25,5.0,1,2.17241139156977,0,1,1,1,0,1.2,0.0476190476190476,0.127551020408163,0.160714285714286,20260925T013701Z
2026,2,REG,2026_02_PIT_NE,00-0041397,PIT,NE,0,0,0,0,0,0,0,0.0,0,,0,0,0,0,0,,0.0,0.0,0.0,20260925T013701Z
2026,2,REG,2026_02_PIT_NE,00-0041401,PIT,NE,0,0,0,0,0,0,0,0.0,0,,0,0,0,0,0,,0.0,0.0,0.0,20260925T013701Z
2026,2,REG,2026_02_PIT_NE,00-0041402,NE,PIT,0,0,0,0,0,0,0,0.0,0,,0,0,0,0,0,,0.0,0.0,0.0,20260925T013701Z
2026,2,REG,2026_02_NYG_LA,00-0041404,LA,NYG,0,0,0,0,0,0,0,0.0,0,,0,0,0,0,0,,0.0,0.0,0.0,20260925T013701Z
2026,2,REG,2026_02_MIA_SF,00-0041436,MIA,SF,1,3,18,0,1,0,36,11.0,1,0.396491175284609,0,1,1,0,0,0.5,0.130434782608696,0.21301775147929,0.344764599948546,20260925T013701Z
2026,2,REG,2026_02_PHI_TEN,00-0041438,TEN,PHI,3,5,27,0,0,0,50,2.0,1,-3.54700663115364,0,1,0,0,0,0.54,0.294117647058824,0.357142857142857,0.691176470588235,20260925T013701Z
2026,2,REG,2026_02_DET_BUF,00-0041444,BUF,DET,0,0,0,0,0,0,0,0.0,0,,0,0,0,0,0,,0.0,0.0,0.0,20260925T013701Z
2026,2,REG,2026_02_DET_BUF,00-0041447,DET,BUF,0,0,0,0,0,0,0,0.0,0,,0,0,0,0,0,,0.0,0.0,0.0,20260925T013701Z
2026,2,REG,2026_02_CIN_HOU,00-0041449,HOU,CIN,0,0,0,0,0,0,0,0.0,0,,0,0,0,0,0,,0.0,0.0,0.0,20260925T013701Z
2026,2,REG,2026_02_PIT_NE,00-0041455,NE,PIT,0,0,0,0,0,0,0,0.0,0,,0,0,0,0,0,,0.0,0.0,0.0,20260925T013701Z
2026,2,REG,2026_02_DET_BUF,00-0041459,DET,BUF,0,0,0,0,0,0,0,0.0,0,,0,0,0,0,0,,0.0,0.0,0.0,20260925T013701Z
2026,2,REG,2026_02_NYG_LA,00-0041462,NYG,LA,0,0,0,0,0,0,0,0.0,0,,0,0,0,0,0,,0.0,0.0,0.0,20260925T013701Z
2026,2,REG,2026_02_CIN_HOU,00-0041464,CIN,HOU,0,0,0,0,0,0,0,0.0,0,,0,0,0,0,0,,0.0,0.0,0.0,20260925T013701Z
2026,2,REG,2026_02_CAR_ATL,00-0041469,ATL,CAR,0,0,0,0,0,0,0,0.0,0,,0,0,0,0,0,,0.0,0.0,0.0,20260925T013701Z
2026,2,REG,2026_02_GB_NYJ,00-0041470,GB,NYJ,0,0,0,0,0,0,0,0.0,0,,0,0,0,0,0,,0.0,0.0,0.0,20260925T013701Z
2026,2,REG,2026_02_CLE_TB,00-0041471,CLE,TB,0,0,0,0,0,0,0,0.0,0,,0,0,0,0,0,,0.0,0.0,0.0,20260925T013701Z
2026,2,REG,2026_02_PHI_TEN,00-0041479,TEN,PHI,0,0,0,0,0,0,0,0.0,0,,0,0,0,0,0,,0.0,0.0,0.0,20260925T013701Z
2026,2,REG,2026_02_PIT_NE,00-0041489,PIT,NE,4,8,35,0,0,0,70,12.0,2,-3.67718774394598,0,2,1,0,0,0.5,0.216216216216216,0.325581395348837,0.55223130106851,20260925T013701Z
2026,2,REG,2026_02_PIT_NE,00-0041490,PIT,NE,0,0,0,0,0,0,0,0.0,0,,0,0,0,0,0,,0.0,0.0,0.0,20260925T013701Z
2026,2,REG,2026_02_NO_BAL,00-0041494,BAL,NO,0,0,0,0,0,0,0,0.0,0,,0,0,0,0,0,,0.0,0.0,0.0,20260925T013701Z
2026,2,REG,2026_02_MIN_CHI,00-0041495,MIN,CHI,0,0,0,0,0,0,0,0.0,0,,0,0,0,0,0,,0.0,0.0,0.0,20260925T013701Z
2026,2,REG,2026_02_JAX_DEN,00-0041496,DEN,JAX,3,3,19,0,0,0,0,19.0,0,0.298004283104092,0,0,0,0,0,0.0,0.103448275862069,0.0,0.155172413793103,20260925T013701Z
2026,2,REG,2026_02_IND_KC,00-0041497,KC,IND,0,0,0,0,0,0,0,0.0,0,,0,0,0,0,0,,0.0,0.0,0.0,20260925T013701Z
2026,2,REG,2026_02_IND_KC,00-0041501,KC,IND,0,0,0,0,0,0,0,0.0,0,,0,0,0,0,0,,0.0,0.0,0.0,20260925T013701Z
2026,2,REG,2026_02_CLE_TB,00-0041502,TB,CLE,0,0,0,0,0,0,0,0.0,0,,0,0,0,0,0,,0.0,0.0,0.0,20260925T013701Z
2026,2,REG,2026_02_NYG_LA,00-0041505,NYG,LA,0,0,0,0,0,0,0,0.0,0,,0,0,0,0,0,,0.0,0.0,0.0,20260925T013701Z
2026,2,REG,2026_02_PHI_TEN,00-0041508,TEN,PHI,0,0,0,0,0,0,0,0.0,0,,0,0,0,0,0,,0.0,0.0,0.0,20260925T013701Z
2026,2,REG,2026_02_NYG_LA,00-0041509,NYG,LA,0,0,0,0,0,0,0,0.0,0,,0,0,0,0,0,,0.0,0.0,0.0,20260925T013701Z
2026,2,REG,2026_02_SEA_ARI,00-0041512,SEA,ARI,1,2,8,0,0,0,16,16.0,1,0.5060431441525,0,0,0,0,0,0.5,0.0769230769230769,0.0704845814977974,0.164723822433074,20260925T013701Z
2026,2,REG,2026_02_IND_KC,00-0041518,IND,KC,0,0,0,0,0,0,0,0.0,0,,0,0,0,0,0,,0.0,0.0,0.0,20260925T013701Z
2026,2,REG,2026_02_MIA_SF,00-0041521,MIA,SF,0,0,0,0,0,0,0,0.0,0,,0,0,0,0,0,,0.0,0.0,0.0,20260925T013701Z
2026,2,REG,2026_02_MIA_SF,00-0041522,MIA,SF,0,0,0,0,0,0,0,0.0,0,,0,0,0,0,0,,0.0,0.0,0.0,20260925T013701Z
2026,2,REG,2026_02_MIA_SF,00-0041523,MIA,SF,2,3,19,0,0,0,17,6.0,2,1.93095073004952,0,1,0,0,0,1.11764705882353,0.130434782608696,0.100591715976331,0.266066375096475,20260925T013701Z
2026,2,REG,2026_02_MIA_SF,00-0041524,MIA,SF,1,1,4,0,0,0,2,2.0,0,-0.727405899669975,0,0,0,0,0,2.0,0.0434782608695652,0.0118343195266272,0.0735014149729869,20260925T013701Z
2026,2,REG,2026_02_MIA_SF,00-0041525,MIA,SF,0,1,0,0,0,0,12,0.0,0,-0.966528246644884,0,0,0,0,0,0.0,0.0434782608695652,0.0710059171597633,0.114921533316182,20260925T013701Z
2026,2,REG,2026_02_MIA_SF,00-0041528,MIA,SF,0,0,0,0,0,0,0,0.0,0,,0,0,0,0,0,,0.0,0.0,0.0,20260925T013701Z
2026,2,REG,2026_02_CIN_HOU,00-0041532,HOU,CIN,0,0,0,0,0,0,0,0.0,0,,0,0,0,0,0,,0.0,0.0,0.0,20260925T013701Z
2026,2,REG,2026_02_MIA_SF,00-0041533,MIA,SF,0,0,0,0,0,0,0,0.0,0,,0,0,0,0,0,,0.0,0.0,0.0,20260925T013701Z
2026,2,REG,2026_02_WAS_DAL,00-0041537,DAL,WAS,0,0,0,0,0,0,0,0.0,0,,0,0,0,0,0,,0.0,0.0,0.0,20260925T013701Z
2026,2,REG,2026_02_MIN_CHI,00-0041538,CHI,MIN,0,0,0,0,0,0,0,0.0,0,,0,0,0,0,0,,0.0,0.0,0.0,20260925T013701Z
2026,2,REG,2026_02_LV_LAC,00-0041544,LAC,LV,0,0,0,0,0,0,0,0.0,0,,0,0,0,0,0,,0.0,0.0,0.0,20260925T013701Z
2026,2,REG,2026_02_IND_KC,00-0041545,KC,IND,0,0,0,0,0,0,0,0.0,0,,0,0,0,0,0,,0.0,0.0,0.0,20260925T013701Z
2026,2,REG,2026_02_CIN_HOU,00-0041546,CIN,HOU,0,0,0,0,0,0,0,0.0,0,,0,0,0,0,0,,0.0,0.0,0.0,20260925T013701Z
2026,2,REG,2026_02_CLE_TB,00-0041547,CLE,TB,6,6,28,0,0,0,12,16.0,1,0.219507898436859,0,0,0,0,0,2.33333333333333,0.2,0.111111111111111,0.377777777777778,20260925T013701Z
2026,2,REG,2026_02_GB_NYJ,00-0041549,NYJ,GB,0,0,0,0,0,0,0,0.0,0,,0,0,0,0,0,,0.0,0.0,0.0,20260925T013701Z
2026,2,REG,2026_02_LV_LAC,00-0041550,LAC,LV,1,3,13,0,1,0,44,0.0,1,-0.852491495888696,0,1,0,0,0,0.295454545454545,0.115384615384615,0.163568773234201,0.287575064340864,20260925T013701Z
2026,2,REG,2026_02_MIA_SF,00-0041556,SF,MIA,0,0,0,0,0,0,0,0.0,0,,0,0,0,0,0,,0.0,0.0,0.0,20260925T013701Z
2026,2,REG,2026_02_MIA_SF,00-0041557,SF,MIA,0,0,0,0,0,0,0,0.0,0,,0,0,0,0,0,,0.0,0.0,0.0,20260925T013701Z
2026,2,REG,2026_02_MIN_CHI,00-0041558,CHI,MIN,1,3,9,0,0,0,16,12.0,0,-0.180108816421125,0,0,0,0,0,0.5625,0.1,0.0846560846560847,0.209259259259259,20260925T013701Z
2026,2,REG,2026_02_LV_LAC,00-0041563,LV,LAC,0,0,0,0,0,0,0,0.0,0,,0,0,0,0,0,,0.0,0.0,0.0,20260925T013701Z
2026,2,REG,2026_02_PIT_NE,00-0041569,NE,PIT,0,0,0,0,0,0,0,0.0,0,,0,0,0,0,0,,0.0,0.0,0.0,20260925T013701Z
2026,2,REG,2026_02_MIN_CHI,00-0041581,MIN,CHI,0,0,0,0,0,0,0,0.0,0,,0,0,0,0,0,,0.0,0.0,0.0,20260925T013701Z
2026,3,REG,2026_03_ATL_GB,00-0032392,ATL,GB,2,2,11,1,0,0,10,1,1,4.18429311807267,0,0,0,0,0,1.1,0.0869565217391304,0.0671140939597315,0.177414648380508,nflverse_w3_2026-09-26
2026,3,REG,2026_03_ATL_GB,00-0033858,GB,ATL,2,3,16,0,0,0,19,4,0,-3.57259973534383,0,0,0,0,0,0.842105263157895,0.0588235294117647,0.048469387755102,0.122163865546218,nflverse_w3_2026-09-26
2026,3,REG,2026_03_ATL_GB,00-0035208,ATL,GB,2,2,9,0,0,0,0,9,0,-0.862954416760145,0,0,0,0,0,0,0.0869565217391304,0,0.130434782608696,nflverse_w3_2026-09-26
2026,3,REG,2026_03_ATL_GB,00-0036463,ATL,GB,0,0,0,0,0,0,0,0,0,1.053,1,0,0,0,0,,0,0,0,nflverse_w3_2026-09-26
2026,3,REG,2026_03_ATL_GB,00-0036970,ATL,GB,1,2,5,0,0,0,8,0,0,-0.524448337266222,0,0,0,0,0,0.625,0.0869565217391304,0.0536912751677852,0.168018675226145,nflverse_w3_2026-09-26
2026,3,REG,2026_03_ATL_GB,00-0037091,GB,ATL,0,1,0,0,0,0,30,0,0,-0.313529803301208,0,0,0,0,0,0,0.0196078431372549,0.076530612244898,0.0829831932773109,nflverse_w3_2026-09-26
2026,3,REG,2026_03_ATL_GB,00-0037238,ATL,GB,9,10,194,0,0,0,97,112,5,12.2562039750523,0,6,6,3,2,2,0.434782608695652,0.651006711409396,1.10787861103006,nflverse_w3_2026-09-26
2026,3,REG,2026_03_ATL_GB,00-0037741,ATL,GB,1,3,11,0,0,0,44,5,1,-4.6397841530852,0,1,0,0,0,0.25,0.130434782608696,0.295302013422819,0.402363583309017,nflverse_w3_2026-09-26
2026,3,REG,2026_03_ATL_GB,00-0038090,GB,ATL,3,7,31,0,0,0,23,24,2,2.78877342457417,0,2,0,0,0,1.34782608695652,0.137254901960784,0.0586734693877551,0.246953781512605,nflverse_w3_2026-09-26
2026,3,REG,2026_03_ATL_GB,00-0038124,GB,ATL,7,10,96,1,0,0,91,26,5,1.97462191642262,0,4,2,2,0,1.05494505494506,0.196078431372549,0.232142857142857,0.456617647058824,nflverse_w3_2026-09-26
2026,3,REG,2026_03_ATL_GB,00-0038542,ATL,GB,2,2,19,0,0,0,-10,29,1,1.26852386002429,0,1,1,0,0,-1.9,0.0869565217391304,-0.0671140939597315,0.0834549168368836,nflverse_w3_2026-09-26
2026,3,REG,2026_03_ATL_GB,00-0038685,GB,ATL,1,1,4,0,0,0,-1,5,0,-0.119538394443225,0,0,0,0,0,-4,0.0196078431372549,-0.00255102040816327,0.0276260504201681,nflverse_w3_2026-09-26
2026,3,REG,2026_03_ATL_GB,00-0038996,GB,ATL,4,8,26,0,0,0,36,18,1,-1.99154105054913,0,0,0,0,0,0.722222222222222,0.156862745098039,0.0918367346938776,0.299579831932773,nflverse_w3_2026-09-26
2026,3,REG,2026_03_ATL_GB,00-0039811,GB,ATL,2,3,7,0,0,0,-12,17,0,-0.327274822513573,0,1,0,0,0,-0.583333333333333,0.0588235294117647,-0.0306122448979592,0.0668067226890756,nflverse_w3_2026-09-26
2026,3,REG,2026_03_ATL_GB,00-0040142,GB,ATL,1,3,10,0,0,0,-1,10,1,-0.466296925442293,0,1,0,0,0,-10,0.0588235294117647,-0.00255102040816327,0.0864495798319328,nflverse_w3_2026-09-26
2026,3,REG,2026_03_ATL_GB,00-0040667,GB,ATL,5,12,100,1,0,0,199,30,4,4.61577165288306,0,4,2,2,1,0.50251256281407,0.235294117647059,0.50765306122449,0.708298319327731,nflverse_w3_2026-09-26
2026,3,REG,2026_03_ATL_GB,00-0040948,GB,ATL,3,3,22,0,0,0,22,0,2,3.18962677806849,0,1,0,0,0,1,0.0588235294117647,0.0561224489795918,0.127521008403361,nflverse_w3_2026-09-26
2026,3,REG,2026_03_ATL_GB,00-0041044,ATL,GB,1,2,7,0,0,0,13,11,0,-0.858339980710298,0,0,0,0,0,0.538461538461538,0.0869565217391304,0.087248322147651,0.191508608112051,nflverse_w3_2026-09-26
