game_id,player_id,player_name,market_slug,line,best_over_price,best_over_book,best_under_price,best_under_book,best_moneyline_price,best_moneyline_book,num_books
2978674,11690,Christian McCaffrey,firsttd,,,,,,305,caesars,3
2978649,15909,Kenneth Walker,firsttd,,,,,,350,caesars,3
2978645,15876,James Cook,firsttd,,,,,,425,caesars,3
2978642,11763,Aaron Jones,firsttd,,,,,,500,fanduel,3
2978658,16934,Chase Brown,firsttd,,,,,,525,caesars,3
2978666,18514,Cam Skattebo,firsttd,,,,,,550,draftkings,3
2978656,15332,Amon-Ra St. Brown,firsttd,,,,,,600,fanduel,3
2978392,15306,Javonte Williams,firsttd,,,,,,550,caesars,3
2978658,15984,Jaylen Warren,firsttd,,,,,,625,caesars,3
2978658,15183,Ja'Marr Chase,firsttd,,,,,,700,draftkings,3
2978662,18516,Quinshon Judkins,firsttd,,,,,,600,caesars,3
2978666,13590,Tony Pollard,firsttd,,,,,,575,caesars,3
2978686,14416,Jalen Hurts,firsttd,,,,,,800,caesars,3
2978642,17784,Bucky Irving,firsttd,,,,,,700,caesars,3
2978683,9455,Davante Adams,firsttd,,,,,,700,fanduel,3
2978649,8783,Travis Kelce,firsttd,,,,,,800,fanduel,3
2978645,18445,Omarion Hampton,firsttd,,,,,,700,fanduel,3
2978649,16661,De'Von Achane,firsttd,,,,,,800,fanduel,3
2978653,18524,Bhayshul Tuten,firsttd,,,,,,800,fanduel,3
2978658,14657,Rico Dowdle,firsttd,,,,,,700,caesars,2
2978678,15895,Chris Olave,firsttd,,,,,,850,fanduel,3
2978662,18547,Tetairoa McMillan,firsttd,,,,,,1000,fanduel,3
2978642,14509,Justin Jefferson,firsttd,,,,,,900,draftkings,3
2978672,17593,Emanuel Wilson,firsttd,,,,,,1000,fanduel,3
2978678,11732,Alvin Kamara,firsttd,,,,,,800,caesars,3
2978683,19241,Jonah Coleman,firsttd,,,,,,1600,draftkings,3
2978674,9253,Mike Evans,firsttd,,,,,,900,draftkings,3
2978649,17687,Xavier Worthy,firsttd,,,,,,1000,caesars,3
2978653,16690,Parker Washington,firsttd,,,,,,1000,draftkings,3
2978666,17704,Malik Nabers,firsttd,,,,,,1000,draftkings,3
2978665,12514,Dalton Schultz,firsttd,,,,,,1200,fanduel,3
2978392,14411,CeeDee Lamb,firsttd,,,,,,1000,fanduel,3
2978674,11892,George Kittle,firsttd,,,,,,1000,draftkings,3
2978674,13429,Deebo Samuel,firsttd,,,,,,1200,draftkings,3
2978653,18517,TreVeyon Henderson,firsttd,,,,,,1000,fanduel,3
2978653,15372,Rhamondre Stevenson,firsttd,,,,,,900,draftkings,3
2978672,17811,AJ Barner,firsttd,,,,,,1400,draftkings,3
2978662,17976,Jalen Coker,firsttd,,,,,,1100,draftkings,3
2978672,17968,George Holani,firsttd,,,,,,1500,fanduel,3
2978653,16933,Chris Rodriguez,firsttd,,,,,,1300,fanduel,3
2978678,17693,Brock Bowers,firsttd,,,,,,1200,fanduel,3
2978665,18534,Tyler Warren,firsttd,,,,,,1200,draftkings,3
2978686,16658,Dontayvion Wicks,firsttd,,,,,,1600,fanduel,3
2978392,15853,George Pickens,firsttd,,,,,,1200,draftkings,3
2978642,18549,Emeka Egbuka,firsttd,,,,,,1300,caesars,3
2978392,12561,Lamar Jackson,firsttd,,,,,,1200,draftkings,3
2978645,16697,Dalton Kincaid,firsttd,,,,,,1200,fanduel,3
2978666,16033,Isaiah Likely,firsttd,,,,,,1300,draftkings,3
2978665,18449,Woody Marks,firsttd,,,,,,1300,fanduel,3
2978683,18497,Terrance Ferguson,firsttd,,,,,,1300,draftkings,3
2978665,16932,Xavier Hutchinson,firsttd,,,,,,1600,fanduel,3
2978642,16895,Jordan Addison,firsttd,,,,,,1500,draftkings,3
2978683,17690,Blake Corum,firsttd,,,,,,1300,draftkings,3
2978653,13517,Jakobi Meyers,firsttd,,,,,,1300,caesars,3
2978678,16694,Tre Tucker,firsttd,,,,,,1600,draftkings,3
2978678,17975,Devaughn Vele,firsttd,,,,,,1500,fanduel,3
2978672,11863,Cooper Kupp,firsttd,,,,,,1600,caesars,3
2978674,19607,Kaelon Black,firsttd,,,,,,1700,fanduel,3
2978653,17017,Brenton Strange,firsttd,,,,,,1600,fanduel,3
2978653,17673,Drake Maye,firsttd,,,,,,1500,fanduel,3
2978658,11698,Samaje Perine,firsttd,,,,,,1900,caesars,3
2978662,19242,KC Concepcion,firsttd,,,,,,1700,caesars,3
2978678,16666,Michael Mayer,firsttd,,,,,,2200,draftkings,3
2978665,8627,Keenan Allen,firsttd,,,,,,1700,caesars,3
2978649,19240,Emmett Johnson,firsttd,,,,,,2100,caesars,3
2978649,15831,Tyquan Thornton,firsttd,,,,,,2000,draftkings,3
2978642,11718,Chris Godwin,firsttd,,,,,,1700,draftkings,3
2978658,12764,Mike Gesicki,firsttd,,,,,,2000,caesars,3
2978672,10133,Stefon Diggs,firsttd,,,,,,1900,fanduel,3
2978686,19231,Makai Lemon,firsttd,,,,,,2100,caesars,3
2978658,14378,Michael Pittman,firsttd,,,,,,1750,caesars,3
2978666,19313,Malachi Fields,firsttd,,,,,,2200,fanduel,3
2978666,15838,Wan'Dale Robinson,firsttd,,,,,,1900,fanduel,2
2978653,11861,Mack Hollins,firsttd,,,,,,2000,caesars,3
2978662,14458,Jerry Jeudy,firsttd,,,,,,2200,draftkings,3
2978645,16899,Quentin Johnston,firsttd,,,,,,2000,fanduel,3
2978683,18522,RJ Harvey,firsttd,,,,,,1500,draftkings,3
2978662,18526,Raheim Sanders,firsttd,,,,,,3000,fanduel,3
2978649,15872,Malik Willis,firsttd,,,,,,1800,fanduel,3
2978645,13587,Ty Johnson,firsttd,,,,,,2600,caesars,3
2978683,11805,Evan Engram,firsttd,,,,,,1800,caesars,3
2978683,10854,Tyler Higbee,firsttd,,,,,,3000,draftkings,3
2978642,19320,Ted Hurst,firsttd,,,,,,2000,fanduel,3
2978666,18503,Gunnar Helm,firsttd,,,,,,2000,draftkings,3
2978666,15468,Najee Harris,firsttd,,,,,,3000,draftkings,3
2978656,17760,Sione Vaki,firsttd,,,,,,3500,draftkings,3
2978678,16025,Jalen Nailor,firsttd,,,,,,2200,fanduel,3
2978658,17043,Roman Wilson,firsttd,,,,,,2500,draftkings,3
2978642,17763,Jalen McMillan,firsttd,,,,,,2800,draftkings,3
2978642,12619,Baker Mayfield,firsttd,,,,,,3000,fanduel,3
2978656,18642,Isaac TeSlaa,firsttd,,,,,,2200,caesars,3
2978666,13449,Devin Singletary,firsttd,,,,,,2500,draftkings,3
2978392,10994,Chris Moore,firsttd,,,,,,2500,draftkings,3
2978674,17674,Marvin Harrison,firsttd,,,,,,2500,draftkings,3
2978666,18518,Nicholas Singleton,firsttd,,,,,,3000,draftkings,3
2978678,13426,Noah Fant,firsttd,,,,,,3000,caesars,3
2978392,17974,Ryan Flournoy,firsttd,,,,,,2500,draftkings,3
2978666,12616,Calvin Ridley,firsttd,,,,,,3000,draftkings,3
2978645,15447,Joshua Palmer,firsttd,,,,,,2100,caesars,3
2978665,16847,Jared Wayne,firsttd,,,,,,4500,fanduel,3
2978658,19263,Germie Bernard,firsttd,,,,,,2500,draftkings,3
2978686,11429,Kalif Raymond,firsttd,,,,,,3000,draftkings,3
2978656,19279,Kenyon Sadiq,firsttd,,,,,,2600,caesars,3
2978392,13427,Justice Hill,firsttd,,,,,,3000,fanduel,3
2978658,14442,Joe Burrow,firsttd,,,,,,3500,draftkings,3
2978674,17008,Jacob Cowing,firsttd,,,,,,3000,draftkings,3
2978666,14510,Darnell Mooney,firsttd,,,,,,2700,fanduel,3
2978658,16889,Darnell Washington,firsttd,,,,,,4000,draftkings,3
2978642,16728,Sean Tucker,firsttd,,,,,,4500,draftkings,3
2978653,19448,Nate Boerkircher,firsttd,,,,,,3300,caesars,3
2978645,18478,Tre' Harris,firsttd,,,,,,2900,caesars,3
2978658,13809,Drew Sample,firsttd,,,,,,2700,fanduel,3
2978666,17967,Tyrone Tracy,firsttd,,,,,,6000,fanduel,3
2978658,19247,Dohnte Meyers,firsttd,,,,,,4000,draftkings,3
2978649,18450,Ollie Gordon,firsttd,,,,,,3500,draftkings,3
2978666,17021,Theo Johnson,firsttd,,,,,,4500,draftkings,3
2978683,17081,Konata Mumpfield,firsttd,,,,,,3000,draftkings,3
2978649,17800,Jaylen Wright,firsttd,,,,,,5000,draftkings,3
2978658,19447,Colbie Young,firsttd,,,,,,6600,caesars,3
2978662,18545,Mitchell Evans,firsttd,,,,,,4000,draftkings,3
2978674,15566,Luke Farrell,firsttd,,,,,,4500,draftkings,3
2978653,18476,LeQuint Allen,firsttd,,,,,,5000,fanduel,3
2978392,17091,Emari Demercado,firsttd,,,,,,3500,draftkings,3
2978642,18484,Tez Johnson,firsttd,,,,,,4500,draftkings,3
2978645,17792,Ray Davis,firsttd,,,,,,8000,draftkings,3
2978658,17696,Erick All,firsttd,,,,,,4000,fanduel,3
2978649,19309,Chris Bell,firsttd,,,,,,4000,draftkings,3
2978672,17833,Ben Sinnott,firsttd,,,,,,3500,draftkings,3
2978683,14541,Adam Trautman,firsttd,,,,,,4000,draftkings,3
2978666,12298,Patrick Ricard,firsttd,,,,,,11000,draftkings,3
2978672,11897,Eric Saubert,firsttd,,,,,,6000,draftkings,3
2978392,19310,Elijah Sarratt,firsttd,,,,,,5000,draftkings,3
2978678,18544,Oscar Delp,firsttd,,,,,,6000,draftkings,3
2978672,15274,Dyami Brown,firsttd,,,,,,4000,caesars,3
2978672,18533,Kaytron Allen,firsttd,,,,,,3500,draftkings,3
2978642,18307,Kameron Johnson,firsttd,,,,,,6000,draftkings,3
2978653,19348,Eli Raridon,firsttd,,,,,,4500,draftkings,3
2978662,17748,Ja'Tavion Sanders,firsttd,,,,,,5500,draftkings,3
2978672,18643,Jaylin Lane,firsttd,,,,,,12000,draftkings,3
2978645,17821,Kimani Vidal,firsttd,,,,,,6500,draftkings,3
2978649,18542,Jake Briningstool,firsttd,,,,,,7000,draftkings,3
2978666,9255,Odell Beckham,firsttd,,,,,,7500,caesars,3
2978678,19336,Barion Brown,firsttd,,,,,,11000,draftkings,3
2978645,19318,Brenen Thompson,firsttd,,,,,,7000,fanduel,3
2978645,19251,Skyler Bell,firsttd,,,,,,4500,draftkings,3
2978645,18538,Jackson Hawes,firsttd,,,,,,5000,draftkings,3
2978656,15996,Jeremy Ruckert,firsttd,,,,,,4500,fanduel,3
2978662,17130,Blake Whiteheart,firsttd,,,,,,8000,draftkings,3
2978658,19340,Kaden Wetjen,firsttd,,,,,,12000,draftkings,3
2978392,17000,Hunter Luepke,firsttd,,,,,,7000,draftkings,3
2978672,15896,Treylon Burks,firsttd,,,,,,7000,draftkings,3
2978672,18968,Nick Kallerup,firsttd,,,,,,6000,draftkings,3
2978653,19898,CJ Williams,firsttd,,,,,,5000,fanduel,3
2978674,17010,Brayden Willis,firsttd,,,,,,9000,draftkings,3
2978662,18502,Isaiah Bond,firsttd,,,,,,10000,draftkings,3
2978642,19095,Myles Price,firsttd,,,,,,11000,draftkings,3
2978649,19450,Will Kacmarek,firsttd,,,,,,7000,draftkings,3
2978665,16277,Drew Ogletree,firsttd,,,,,,7000,draftkings,3
2978649,18529,Brashard Smith,firsttd,,,,,,10000,fanduel,3
2978642,18553,Tai Felton,firsttd,,,,,,10000,fanduel,3
2978658,19258,Jack Endries,firsttd,,,,,,12000,draftkings,3
2978665,19315,Deion Burks,firsttd,,,,,,8500,caesars,3
2978686,18938,Jahdae Walker,firsttd,,,,,,8500,caesars,3
2978392,17908,Brevyn Spann-Ford,firsttd,,,,,,8000,draftkings,3
2978686,17218,E.J. Jenkins,firsttd,,,,,,8000,fanduel,3
2978392,16937,Jonathan Mingo,firsttd,,,,,,11000,draftkings,3
2978649,19631,Cyrus Allen,firsttd,,,,,,11000,draftkings,3
2978656,12809,Tyler Conklin,firsttd,,,,,,9000,draftkings,3
2978645,16939,Derius Davis,firsttd,,,,,,16000,draftkings,3
2978665,19352,Marlin Klein,firsttd,,,,,,8000,draftkings,3
2978392,17026,Rasheen Ali,firsttd,,,,,,12000,draftkings,3
2978683,19363,Dallen Bentley,firsttd,,,,,,7500,draftkings,3
2978678,15916,Connor Heyward,firsttd,,,,,,10000,fanduel,3
2978662,15324,Feleipe Franks,firsttd,,,,,,15000,draftkings,3
2978662,10468,Michael Burton,firsttd,,,,,,10000,fanduel,3
2978656,18480,Jackson Meeks,firsttd,,,,,,9000,draftkings,3
2978683,13565,Lil'Jordan Humphrey,firsttd,,,,,,9000,draftkings,3
2978665,15369,Brevin Jordan,firsttd,,,,,,12000,draftkings,3
2978649,17271,Ryan Miller,firsttd,,,,,,10000,draftkings,3
2978686,19357,Sam Roush,firsttd,,,,,,11000,draftkings,3
2978658,12389,Robert Tonyan,firsttd,,,,,,12000,draftkings,3
2978656,13713,Andrew Beck,firsttd,,,,,,10000,fanduel,3
2978666,10033,Chris Manhertz,firsttd,,,,,,10000,fanduel,3
2978674,16105,Bam Knight,firsttd,,,,,,19000,draftkings,3
2978674,17185,Jalen Brooks,firsttd,,,,,,20000,draftkings,3
2978683,19316,CJ Daniels,firsttd,,,,,,12000,draftkings,3
2978649,19276,Justin Joly,firsttd,,,,,,10000,draftkings,3
2978645,18906,Keleki Latu,firsttd,,,,,,12000,draftkings,3
2978686,19259,Zavion Thomas,firsttd,,,,,,10000,fanduel,2
2978674,11690,Christian McCaffrey,anytd,,,,,,-275,draftkings,3
2978649,15909,Kenneth Walker,anytd,,,,,,-220,draftkings,3
2978645,15876,James Cook,anytd,,,,,,-190,draftkings,3
2978392,15306,Javonte Williams,anytd,,,,,,-170,caesars,3
2978642,11763,Aaron Jones,anytd,,,,,,-115,draftkings,3
2978658,16934,Chase Brown,anytd,,,,,,-110,draftkings,3
2978656,15332,Amon-Ra St. Brown,anytd,,,,,,-125,draftkings,3
2978645,18445,Omarion Hampton,anytd,,,,,,-120,fanduel,3
2978658,15984,Jaylen Warren,anytd,,,,,,110,draftkings,3
2978649,16661,De'Von Achane,anytd,,,,,,110,fanduel,3
2978666,18514,Cam Skattebo,anytd,,,,,,115,draftkings,3
2978683,9455,Davante Adams,anytd,,,,,,107,caesars,3
2978662,18516,Quinshon Judkins,anytd,,,,,,100,draftkings,3
2978658,15183,Ja'Marr Chase,anytd,,,,,,135,draftkings,3
2978649,8783,Travis Kelce,anytd,,,,,,134,caesars,3
2978392,14411,CeeDee Lamb,anytd,,,,,,115,fanduel,3
2978642,17784,Bucky Irving,anytd,,,,,,130,draftkings,3
2978658,14657,Rico Dowdle,anytd,,,,,,121,caesars,2
2978674,9253,Mike Evans,anytd,,,,,,150,draftkings,3
2978666,13590,Tony Pollard,anytd,,,,,,132,caesars,3
2978683,19241,Jonah Coleman,anytd,,,,,,310,fanduel,3
2978686,14416,Jalen Hurts,anytd,,,,,,155,draftkings,3
2978678,15895,Chris Olave,anytd,,,,,,150,fanduel,3
2978653,18524,Bhayshul Tuten,anytd,,,,,,150,fanduel,3
2978678,11732,Alvin Kamara,anytd,,,,,,153,caesars,3
2978674,11892,George Kittle,anytd,,,,,,180,draftkings,3
2978653,15372,Rhamondre Stevenson,anytd,,,,,,150,draftkings,3
2978642,14509,Justin Jefferson,anytd,,,,,,151,caesars,3
2978649,17687,Xavier Worthy,anytd,,,,,,175,fanduel,3
2978653,18517,TreVeyon Henderson,anytd,,,,,,172,caesars,3
2978645,16697,Dalton Kincaid,anytd,,,,,,195,fanduel,3
2978392,15853,George Pickens,anytd,,,,,,155,fanduel,3
2978653,16690,Parker Washington,anytd,,,,,,165,fanduel,3
2978672,17593,Emanuel Wilson,anytd,,,,,,230,fanduel,3
2978662,18547,Tetairoa McMillan,anytd,,,,,,185,fanduel,3
2978674,13429,Deebo Samuel,anytd,,,,,,200,draftkings,3
2978392,12561,Lamar Jackson,anytd,,,,,,200,fanduel,3
2978665,12514,Dalton Schultz,anytd,,,,,,210,fanduel,3
2978662,17976,Jalen Coker,anytd,,,,,,220,fanduel,3
2978683,18497,Terrance Ferguson,anytd,,,,,,210,draftkings,3
2978653,16933,Chris Rodriguez,anytd,,,,,,240,draftkings,3
2978678,17693,Brock Bowers,anytd,,,,,,210,fanduel,3
2978642,18549,Emeka Egbuka,anytd,,,,,,240,draftkings,3
2978665,18449,Woody Marks,anytd,,,,,,250,fanduel,3
2978672,17968,George Holani,anytd,,,,,,370,fanduel,3
2978666,17704,Malik Nabers,anytd,,,,,,220,fanduel,3
2978672,17811,AJ Barner,anytd,,,,,,320,fanduel,3
2978653,13517,Jakobi Meyers,anytd,,,,,,240,fanduel,3
2978665,18534,Tyler Warren,anytd,,,,,,235,draftkings,3
2978683,17690,Blake Corum,anytd,,,,,,270,draftkings,3
2978653,17673,Drake Maye,anytd,,,,,,260,fanduel,3
2978678,17975,Devaughn Vele,anytd,,,,,,300,fanduel,3
2978678,16694,Tre Tucker,anytd,,,,,,300,fanduel,3
2978686,16658,Dontayvion Wicks,anytd,,,,,,330,fanduel,3
2978683,18522,RJ Harvey,anytd,,,,,,310,fanduel,3
2978649,19240,Emmett Johnson,anytd,,,,,,350,fanduel,3
2978674,19607,Kaelon Black,anytd,,,,,,280,fanduel,3
2978642,16895,Jordan Addison,anytd,,,,,,280,draftkings,3
2978665,16932,Xavier Hutchinson,anytd,,,,,,320,fanduel,3
2978645,16899,Quentin Johnston,anytd,,,,,,270,draftkings,3
2978666,16033,Isaiah Likely,anytd,,,,,,310,fanduel,3
2978649,15872,Malik Willis,anytd,,,,,,290,fanduel,3
2978662,19242,KC Concepcion,anytd,,,,,,330,fanduel,3
2978658,11698,Samaje Perine,anytd,,,,,,400,draftkings,3
2978653,17017,Brenton Strange,anytd,,,,,,290,fanduel,3
2978678,16666,Michael Mayer,anytd,,,,,,380,draftkings,3
2978645,13587,Ty Johnson,anytd,,,,,,450,draftkings,3
2978642,11718,Chris Godwin,anytd,,,,,,330,draftkings,3
2978672,11863,Cooper Kupp,anytd,,,,,,360,draftkings,3
2978649,15831,Tyquan Thornton,anytd,,,,,,450,fanduel,3
2978674,17674,Marvin Harrison,anytd,,,,,,400,draftkings,3
2978683,10854,Tyler Higbee,anytd,,,,,,550,draftkings,3
2978658,14378,Michael Pittman,anytd,,,,,,350,draftkings,3
2978392,17974,Ryan Flournoy,anytd,,,,,,380,fanduel,3
2978658,12764,Mike Gesicki,anytd,,,,,,430,fanduel,3
2978392,13427,Justice Hill,anytd,,,,,,500,draftkings,3
2978653,11861,Mack Hollins,anytd,,,,,,340,draftkings,3
2978392,10994,Chris Moore,anytd,,,,,,390,draftkings,3
2978665,8627,Keenan Allen,anytd,,,,,,340,fanduel,3
2978672,10133,Stefon Diggs,anytd,,,,,,370,draftkings,3
2978666,19313,Malachi Fields,anytd,,,,,,550,fanduel,3
2978642,19320,Ted Hurst,anytd,,,,,,430,fanduel,3
2978645,18478,Tre' Harris,anytd,,,,,,425,draftkings,3
2978683,11805,Evan Engram,anytd,,,,,,350,draftkings,3
2978656,19279,Kenyon Sadiq,anytd,,,,,,400,fanduel,3
2978658,17043,Roman Wilson,anytd,,,,,,370,draftkings,3
2978686,19231,Makai Lemon,anytd,,,,,,480,fanduel,3
2978656,17760,Sione Vaki,anytd,,,,,,650,draftkings,3
2978678,16025,Jalen Nailor,anytd,,,,,,410,fanduel,3
2978645,15447,Joshua Palmer,anytd,,,,,,375,caesars,3
2978662,14458,Jerry Jeudy,anytd,,,,,,475,draftkings,3
2978666,15468,Najee Harris,anytd,,,,,,700,draftkings,3
2978656,18642,Isaac TeSlaa,anytd,,,,,,430,fanduel,3
2978662,18526,Raheim Sanders,anytd,,,,,,650,fanduel,3
2978666,15838,Wan'Dale Robinson,anytd,,,,,,450,draftkings,2
2978658,19263,Germie Bernard,anytd,,,,,,500,draftkings,3
2978666,18503,Gunnar Helm,anytd,,,,,,500,fanduel,3
2978649,18450,Ollie Gordon,anytd,,,,,,650,draftkings,3
2978649,17800,Jaylen Wright,anytd,,,,,,800,draftkings,3
2978642,12619,Baker Mayfield,anytd,,,,,,700,draftkings,3
2978666,18518,Nicholas Singleton,anytd,,,,,,850,draftkings,3
2978674,17008,Jacob Cowing,anytd,,,,,,600,draftkings,3
2978392,17091,Emari Demercado,anytd,,,,,,650,fanduel,3
2978642,17763,Jalen McMillan,anytd,,,,,,650,draftkings,3
2978666,13449,Devin Singletary,anytd,,,,,,600,fanduel,3
2978686,11429,Kalif Raymond,anytd,,,,,,550,draftkings,3
2978649,19309,Chris Bell,anytd,,,,,,650,fanduel,3
2978656,18535,Mason Taylor,anytd,,,,,,525,caesars,1
2978683,17081,Konata Mumpfield,anytd,,,,,,650,draftkings,3
2978665,16847,Jared Wayne,anytd,,,,,,950,fanduel,3
2978678,13426,Noah Fant,anytd,,,,,,650,draftkings,3
2978642,16728,Sean Tucker,anytd,,,,,,950,draftkings,3
2978658,16889,Darnell Washington,anytd,,,,,,700,fanduel,3
2978658,14442,Joe Burrow,anytd,,,,,,650,draftkings,3
2978666,14510,Darnell Mooney,anytd,,,,,,800,fanduel,3
2978666,12616,Calvin Ridley,anytd,,,,,,850,draftkings,3
2978658,13809,Drew Sample,anytd,,,,,,700,fanduel,3
2978672,17833,Ben Sinnott,anytd,,,,,,800,draftkings,3
2978653,19448,Nate Boerkircher,anytd,,,,,,700,draftkings,3
2978674,15566,Luke Farrell,anytd,,,,,,900,draftkings,3
2978658,19247,Dohnte Meyers,anytd,,,,,,850,draftkings,3
2978392,19310,Elijah Sarratt,anytd,,,,,,1000,draftkings,3
2978666,17967,Tyrone Tracy,anytd,,,,,,1800,fanduel,3
2978683,14541,Adam Trautman,anytd,,,,,,800,draftkings,3
2978645,17821,Kimani Vidal,anytd,,,,,,1100,draftkings,3
2978642,18484,Tez Johnson,anytd,,,,,,950,draftkings,3
2978653,19348,Eli Raridon,anytd,,,,,,900,draftkings,3
2978653,18476,LeQuint Allen,anytd,,,,,,1400,fanduel,3
2978645,17792,Ray Davis,anytd,,,,,,1100,draftkings,3
2978672,15274,Dyami Brown,anytd,,,,,,800,draftkings,3
2978656,15996,Jeremy Ruckert,anytd,,,,,,750,draftkings,3
2978666,17021,Theo Johnson,anytd,,,,,,1100,draftkings,3
2978658,19447,Colbie Young,anytd,,,,,,1800,fanduel,3
2978658,17696,Erick All,anytd,,,,,,1000,fanduel,3
2978662,18545,Mitchell Evans,anytd,,,,,,1000,draftkings,3
2978645,19251,Skyler Bell,anytd,,,,,,900,fanduel,3
2978642,18307,Kameron Johnson,anytd,,,,,,1100,draftkings,3
2978649,18529,Brashard Smith,anytd,,,,,,1900,fanduel,3
2978672,18533,Kaytron Allen,anytd,,,,,,1000,fanduel,3
2978645,18538,Jackson Hawes,anytd,,,,,,1000,draftkings,3
2978662,17748,Ja'Tavion Sanders,anytd,,,,,,1400,draftkings,3
2978645,19318,Brenen Thompson,anytd,,,,,,1200,fanduel,3
2978678,18544,Oscar Delp,anytd,,,,,,1400,draftkings,3
2978678,15916,Connor Heyward,anytd,,,,,,2200,fanduel,3
2978672,18643,Jaylin Lane,anytd,,,,,,1800,draftkings,3
2978672,15896,Treylon Burks,anytd,,,,,,1800,draftkings,3
2978649,19450,Will Kacmarek,anytd,,,,,,1100,draftkings,3
2978392,17908,Brevyn Spann-Ford,anytd,,,,,,1500,draftkings,3
2978672,11897,Eric Saubert,anytd,,,,,,1600,draftkings,3
2978392,17000,Hunter Luepke,anytd,,,,,,1400,draftkings,3
2978674,17010,Brayden Willis,anytd,,,,,,2000,caesars,3
2978645,16939,Derius Davis,anytd,,,,,,2500,draftkings,3
2978653,19898,CJ Williams,anytd,,,,,,1200,draftkings,3
2978649,18542,Jake Briningstool,anytd,,,,,,1600,draftkings,3
2978662,17130,Blake Whiteheart,anytd,,,,,,2000,draftkings,3
2978666,12298,Patrick Ricard,anytd,,,,,,4000,draftkings,3
2978678,19336,Barion Brown,anytd,,,,,,1600,fanduel,3
2978392,16937,Jonathan Mingo,anytd,,,,,,2200,draftkings,3
2978666,9255,Odell Beckham,anytd,,,,,,2200,draftkings,3
2978662,18502,Isaiah Bond,anytd,,,,,,2200,draftkings,3
2978642,18553,Tai Felton,anytd,,,,,,3500,fanduel,3
2978642,19095,Myles Price,anytd,,,,,,1400,draftkings,3
2978392,17026,Rasheen Ali,anytd,,,,,,2200,draftkings,3
2978672,18968,Nick Kallerup,anytd,,,,,,1600,draftkings,3
2978658,19340,Kaden Wetjen,anytd,,,,,,3000,draftkings,3
2978649,19631,Cyrus Allen,anytd,,,,,,2200,fanduel,3
2978656,18480,Jackson Meeks,anytd,,,,,,1600,draftkings,3
2978665,16277,Drew Ogletree,anytd,,,,,,1800,draftkings,3
2978683,19363,Dallen Bentley,anytd,,,,,,1700,fanduel,3
2978656,12809,Tyler Conklin,anytd,,,,,,2000,draftkings,3
2978658,19258,Jack Endries,anytd,,,,,,3500,draftkings,3
2978665,19352,Marlin Klein,anytd,,,,,,2200,draftkings,3
2978649,17271,Ryan Miller,anytd,,,,,,1800,draftkings,3
2978686,17218,E.J. Jenkins,anytd,,,,,,2200,fanduel,3
2978686,18938,Jahdae Walker,anytd,,,,,,2200,draftkings,3
2978665,19315,Deion Burks,anytd,,,,,,2200,draftkings,3
2978662,10468,Michael Burton,anytd,,,,,,4500,fanduel,3
2978656,13713,Andrew Beck,anytd,,,,,,3000,fanduel,3
2978674,17185,Jalen Brooks,anytd,,,,,,6000,fanduel,3
2978683,13565,Lil'Jordan Humphrey,anytd,,,,,,2200,draftkings,3
2978686,19357,Sam Roush,anytd,,,,,,3500,draftkings,3
2978683,19316,CJ Daniels,anytd,,,,,,3000,draftkings,3
2978665,15369,Brevin Jordan,anytd,,,,,,3500,draftkings,3
2978674,16105,Bam Knight,anytd,,,,,,3000,draftkings,3
2978658,12389,Robert Tonyan,anytd,,,,,,4000,fanduel,3
2978662,15324,Feleipe Franks,anytd,,,,,,3500,draftkings,3
2978653,19365,Tanner Arkin,anytd,,,,,,2900,caesars,1
2978686,19259,Zavion Thomas,anytd,,,,,,4000,fanduel,3
2978649,19276,Justin Joly,anytd,,,,,,2800,draftkings,3
2978645,18906,Keleki Latu,anytd,,,,,,3000,draftkings,3
2978666,10033,Chris Manhertz,anytd,,,,,,4000,fanduel,3
2978656,16808,Jahmyr Gibbs,lasttd,,,,,,330,fanduel,2
2978665,14455,Jonathan Taylor,lasttd,,,,,,480,fanduel,3
2978392,10819,Derrick Henry,lasttd,,,,,,500,fanduel,3
2978686,14394,D'Andre Swift,lasttd,,,,,,475,caesars,2
2978686,12507,Saquon Barkley,lasttd,,,,,,550,fanduel,3
2978662,15242,Chuba Hubbard,lasttd,,,,,,500,draftkings,3
2978678,18487,Ashton Jeanty,lasttd,,,,,,525,caesars,3
2978683,15807,Kyren Williams,lasttd,,,,,,575,caesars,3
2978665,13556,David Montgomery,lasttd,,,,,,575,caesars,3
2978672,16654,Jaxon Smith-Njigba,lasttd,,,,,,650,fanduel,3
2978645,12483,Josh Allen,lasttd,,,,,,625,caesars,3
2978672,19299,Jadarian Price,lasttd,,,,,,700,draftkings,3
2978683,14418,J.K. Dobbins,lasttd,,,,,,800,caesars,3
2978678,15385,Travis Etienne,lasttd,,,,,,800,draftkings,3
2978656,15810,Breece Hall,lasttd,,,,,,750,fanduel,2
2978392,12559,Mark Andrews,lasttd,,,,,,950,draftkings,3
2978649,16963,Rashee Rice,lasttd,,,,,,1000,draftkings,3
2978658,14506,Tee Higgins,lasttd,,,,,,950,caesars,3
2978674,19235,Jeremiyah Love,lasttd,,,,,,950,caesars,3
2978674,15902,Trey McBride,lasttd,,,,,,1000,caesars,3
2978658,13424,DK Metcalf,lasttd,,,,,,1000,draftkings,3
2978686,15406,DeVonta Smith,lasttd,,,,,,950,caesars,3
2978662,19298,Denzel Boston,lasttd,,,,,,1000,fanduel,3
2978674,15976,Tyler Allgeier,lasttd,,,,,,1100,draftkings,3
2978392,15210,Rashod Bateman,lasttd,,,,,,1100,draftkings,3
2978672,18811,Jacory Croskey-Merritt,lasttd,,,,,,1100,fanduel,3
2978645,17724,Ladd McConkey,lasttd,,,,,,1100,draftkings,3
2978683,15404,Jaylen Waddle,lasttd,,,,,,1000,draftkings,3
2978656,15849,Jameson Williams,lasttd,,,,,,1100,fanduel,2
2978656,15829,Garrett Wilson,lasttd,,,,,,1000,fanduel,2
2978662,18472,Harold Fannin,lasttd,,,,,,1100,draftkings,3
2978653,10735,Hunter Henry,lasttd,,,,,,1200,caesars,3
2978645,12477,DJ Moore,lasttd,,,,,,1300,draftkings,3
2978674,15834,Brock Purdy,lasttd,,,,,,1500,draftkings,3
2978666,16941,Tyjae Spears,lasttd,,,,,,1200,caesars,2
2978665,16795,Kayshon Boutte,lasttd,,,,,,1300,draftkings,3
2978665,16689,Josh Downs,lasttd,,,,,,1300,draftkings,3
2978642,15222,Kenny Gainwell,lasttd,,,,,,1300,draftkings,3
2978656,17033,Sam LaPorta,lasttd,,,,,,1200,fanduel,2
2978686,18460,Colston Loveland,lasttd,,,,,,1400,caesars,2
2978672,13536,Terry McLaurin,lasttd,,,,,,1400,draftkings,3
2978683,12586,Courtland Sutton,lasttd,,,,,,1200,draftkings,3
2978666,19268,Carnell Tate,lasttd,,,,,,1300,draftkings,3
2978656,17702,Braelon Allen,lasttd,,,,,,1500,caesars,2
2978686,18548,Luther Burden,lasttd,,,,,,1400,caesars,2
2978653,16027,Romeo Doubs,lasttd,,,,,,1300,draftkings,3
2978392,15947,Jake Ferguson,lasttd,,,,,,1700,draftkings,3
2978645,18481,Oronde Gadsden,lasttd,,,,,,1400,draftkings,3
2978642,13610,T.J. Hockenson,lasttd,,,,,,1400,caesars,3
2978678,14630,Juwan Johnson,lasttd,,,,,,1300,draftkings,3
2978683,14463,Colby Parkinson,lasttd,,,,,,1800,draftkings,3
2978645,15892,Khalil Shakir,lasttd,,,,,,1400,draftkings,3
2978678,17037,Tyler Shough,lasttd,,,,,,1400,draftkings,3
2978649,17863,Malik Washington,lasttd,,,,,,1500,draftkings,3
2978672,15802,Rachaad White,lasttd,,,,,,1500,draftkings,3
2978674,16957,Michael Wilson,lasttd,,,,,,1400,draftkings,3
2978649,15891,Greg Dulcich,lasttd,,,,,,1600,draftkings,3
2978658,15267,Pat Freiermuth,lasttd,,,,,,1600,draftkings,3
2978653,15357,Trevor Lawrence,lasttd,,,,,,1600,draftkings,3
2978672,16560,Rashid Shaheed,lasttd,,,,,,1500,fanduel,3
2978653,17716,Brian Thomas,lasttd,,,,,,1400,draftkings,3
2978662,10215,Darren Waller,lasttd,,,,,,1700,draftkings,3
2978662,11712,Deshaun Watson,lasttd,,,,,,1600,fanduel,3
2978683,18562,Pat Bryant,lasttd,,,,,,1900,draftkings,3
2978656,17668,Adonai Mitchell,lasttd,,,,,,1500,fanduel,2
2978642,13613,Kyler Murray,lasttd,,,,,,1600,caesars,2
2978665,18555,Jaylin Noel,lasttd,,,,,,1600,draftkings,3
2978642,16032,Cade Otton,lasttd,,,,,,1600,draftkings,3
2978666,16997,Cam Ward,lasttd,,,,,,1600,draftkings,3
2978649,11839,Patrick Mahomes,lasttd,,,,,,1750,caesars,3
2978392,18567,LaJohntay Wester,lasttd,,,,,,2000,draftkings,3
2978656,17977,Isaiah Williams,lasttd,,,,,,2000,caesars,2
2978666,10037,Jameis Winston,lasttd,,,,,,1700,caesars,2
2978662,16807,Bryce Young,lasttd,,,,,,1750,caesars,3
2978653,16751,DeMario Douglas,lasttd,,,,,,1800,draftkings,3
2978686,17020,Rome Odunze,lasttd,,,,,,1800,caesars,2
2978678,19300,Mike Washington,lasttd,,,,,,2000,caesars,3
2978645,14446,Justin Herbert,lasttd,,,,,,2400,caesars,3
2978678,19319,Bryce Lance,lasttd,,,,,,2500,draftkings,3
2978645,16810,Keaton Mitchell,lasttd,,,,,,2400,caesars,3
2978642,13786,Josh Oliver,lasttd,,,,,,3000,draftkings,3
2978662,17734,Xavier Legette,lasttd,,,,,,2200,draftkings,3
2978662,16069,John Metchie,lasttd,,,,,,3000,draftkings,3
2978683,16995,Bo Nix,lasttd,,,,,,2200,draftkings,3
2978672,19237,Antonio Williams,lasttd,,,,,,2800,draftkings,3
2978666,18552,Elic Ayomanor,lasttd,,,,,,2300,caesars,3
2978678,18457,Jack Bech,lasttd,,,,,,2800,draftkings,3
2978674,11847,Kendrick Bourne,lasttd,,,,,,2700,fanduel,2
2978674,10919,Jacoby Brissett,lasttd,,,,,,3500,draftkings,3
2978645,17732,Keon Coleman,lasttd,,,,,,2500,draftkings,3
2978649,15459,Noah Gray,lasttd,,,,,,3000,draftkings,3
2978658,19335,Eli Heidenreich,lasttd,,,,,,2800,draftkings,3
2978642,14376,Jauan Jennings,lasttd,,,,,,2500,draftkings,3
2978392,11008,Dak Prescott,lasttd,,,,,,3000,draftkings,3
2978665,13522,Darius Slayton,lasttd,,,,,,2500,draftkings,3
2978662,14370,AJ Dillon,lasttd,,,,,,2500,caesars,3
2978665,13491,Daniel Jones,lasttd,,,,,,2800,caesars,2
2978645,13466,Dawson Knox,lasttd,,,,,,3000,fanduel,3
2978653,16931,Cameron Latu,lasttd,,,,,,3500,draftkings,3
2978672,10074,Marcus Mariota,lasttd,,,,,,2600,caesars,3
2978662,15371,Tommy Tremble,lasttd,,,,,,2500,draftkings,3
2978672,18540,Elijah Arroyo,lasttd,,,,,,3000,fanduel,3
2978653,19321,Josh Cameron,lasttd,,,,,,5500,draftkings,3
2978683,17719,Troy Franklin,lasttd,,,,,,3000,draftkings,3
2978665,19303,Seth McGowan,lasttd,,,,,,3000,caesars,3
2978683,16849,Marvin Mims,lasttd,,,,,,4000,draftkings,3
2978686,12316,Johnny Mundt,lasttd,,,,,,2700,fanduel,3
2978658,4307,Aaron Rodgers,lasttd,,,,,,6500,draftkings,3
2978656,8743,Geno Smith,lasttd,,,,,,3500,fanduel,2
2978392,12807,Durham Smythe,lasttd,,,,,,4000,draftkings,3
2978392,13894,KaVontae Turpin,lasttd,,,,,,5000,draftkings,3
2978392,17728,Devontez Walker,lasttd,,,,,,4000,caesars,3
2978653,19126,Kyle Williams,lasttd,,,,,,3500,draftkings,3
2978656,15681,Brock Wright,lasttd,,,,,,4000,caesars,2
2978649,19322,Kevin Coleman,lasttd,,,,,,3500,draftkings,3
2978672,12490,Sam Darnold,lasttd,,,,,,2900,caesars,3
2978665,13854,Ashton Dulin,lasttd,,,,,,5500,draftkings,3
2978665,18443,DJ Giddens,lasttd,,,,,,3500,draftkings,3
2978672,17772,Tory Horton,lasttd,,,,,,3000,draftkings,3
2978686,16772,Roschon Johnson,lasttd,,,,,,2700,fanduel,1
2978686,14436,Cole Kmet,lasttd,,,,,,2900,caesars,2
2978665,16886,C.J. Stroud,lasttd,,,,,,3500,draftkings,3
2978649,16010,Jalen Tolbert,lasttd,,,,,,3000,draftkings,3
2978665,10739,Laquon Treadwell,lasttd,,,,,,3000,draftkings,3
2978674,13418,KhaDarel Hodge,lasttd,,,,,,3000,fanduel,3
2978653,10126,Ameer Abdullah,lasttd,,,,,,4000,fanduel,3
2978666,15921,Julius Chestnut,lasttd,,,,,,4000,fanduel,3
2978653,18578,Travis Hunter,lasttd,,,,,,4000,fanduel,2
2978674,8930,Kyle Juszczyk,lasttd,,,,,,4000,draftkings,3
2978662,17319,Jaleel McLaughlin,lasttd,,,,,,7000,fanduel,3
2978683,17467,Xavier Smith,lasttd,,,,,,3500,draftkings,3
2978683,17030,Davis Allen,lasttd,,,,,,4500,draftkings,3
2978678,19432,Malik Benson,lasttd,,,,,,4000,draftkings,3
2978666,18641,Chimere Dike,lasttd,,,,,,4000,draftkings,3
2978665,13822,Foster Moreau,lasttd,,,,,,4000,draftkings,3
2978678,15922,Dareke Young,lasttd,,,,,,4000,caesars,2
2978653,18889,Efton Chism,lasttd,,,,,,5000,draftkings,3
2978653,14844,Reggie Gilliam,lasttd,,,,,,9000,draftkings,3
2978656,10729,Jared Goff,lasttd,,,,,,6600,caesars,2
2978653,18532,Corey Kiner,lasttd,,,,,,6000,caesars,3
2978674,15246,Hunter Long,lasttd,,,,,,4500,draftkings,3
2978392,16855,Luke Schoonmaker,lasttd,,,,,,6500,draftkings,3
2978662,17330,Brycen Tremayne,lasttd,,,,,,6500,draftkings,3
2978665,12196,Mo Alie-Cox,lasttd,,,,,,4500,draftkings,3
2978672,15289,John Bates,lasttd,,,,,,7000,draftkings,3
2978686,13502,Hollywood Brown,lasttd,,,,,,6000,fanduel,3
2978686,18958,Darius Cooper,lasttd,,,,,,4500,caesars,2
2978392,19426,Josh Cuevas,lasttd,,,,,,8000,draftkings,3
2978674,16959,Elijah Higgins,lasttd,,,,,,7000,caesars,3
2978649,18550,Jalen Royals,lasttd,,,,,,4500,caesars,3
2978645,12934,Marquez Valdes-Scantling,lasttd,,,,,,4000,fanduel,1
2978672,17820,Luke McCaffrey,lasttd,,,,,,8000,draftkings,2
2978649,16744,Nikko Remigio,lasttd,,,,,,7500,draftkings,3
2978649,17894,Jared Wiley,lasttd,,,,,,7000,fanduel,3
2978672,18160,Colson Yankoff,lasttd,,,,,,8000,draftkings,3
2978666,16036,Daniel Bellinger,lasttd,,,,,,5500,draftkings,2
2978678,8057,Kirk Cousins,lasttd,,,,,,8000,fanduel,3
2978642,16720,Payne Durham,lasttd,,,,,,8000,draftkings,3
2978674,18485,Jordan James,lasttd,,,,,,8000,fanduel,3
2978642,19452,Bauer Sharp,lasttd,,,,,,9000,draftkings,3
2978665,17794,Cade Stover,lasttd,,,,,,6000,draftkings,3
2978662,15310,Tylan Wallace,lasttd,,,,,,5500,draftkings,3
2978662,17777,Malachi Corley,lasttd,,,,,,6000,draftkings,3
2978678,12858,Ian Thomas,lasttd,,,,,,6500,caesars,2
2978656,15821,Jelani Woods,lasttd,,,,,,6000,caesars,2
2978683,15229,Tutu Atwell,lasttd,,,,,,7000,caesars,3
2978686,16337,Britain Covey,lasttd,,,,,,7500,fanduel,3
2978645,13806,Alec Ingold,lasttd,,,,,,7500,draftkings,3
2978686,15280,Elijah Moore,lasttd,,,,,,6000,fanduel,2
2978653,15460,Quintin Morris,lasttd,,,,,,10000,fanduel,3
2978658,15467,Ben Skowronek,lasttd,,,,,,9000,draftkings,3
2978658,18841,Ke'Shawn Williams,lasttd,,,,,,7000,fanduel,2
2978642,19430,Max Bredeson,lasttd,,,,,,7000,caesars,2
2978683,16992,Nate Adkins,lasttd,,,,,,8000,draftkings,3
2978392,19364,Matthew Hibner,lasttd,,,,,,7500,draftkings,3
2978656,14246,Tom Kennedy,lasttd,,,,,,7000,fanduel,2
2978656,15918,Tay Martin,lasttd,,,,,,7000,fanduel,2
2978658,19451,Riley Nowakowski,lasttd,,,,,,9000,draftkings,3
2978683,5971,Matthew Stafford,lasttd,,,,,,8000,fanduel,3
2978674,18647,Jordan Watkins,lasttd,,,,,,10000,fanduel,3
2978658,18519,Tahj Brooks,lasttd,,,,,,8000,draftkings,3
2978656,17057,Isaiah Davis,lasttd,,,,,,9000,caesars,2
2978674,15559,Simi Fehoko,lasttd,,,,,,8500,caesars,3
2978678,18263,Treyton Welch,lasttd,,,,,,7500,draftkings,3
2978642,18573,Gavin Bartholomew,lasttd,,,,,,10000,fanduel,3
2978665,18300,British Brooks,lasttd,,,,,,10000,caesars,3
2978392,19989,Camden Brown,lasttd,,,,,,9000,draftkings,3
2978674,14636,Devin Duvernay,lasttd,,,,,,9000,draftkings,3
2978642,16282,Ko Kieft,lasttd,,,,,,9000,caesars,2
2978683,19278,Max Klare,lasttd,,,,,,9000,draftkings,3
2978653,19349,Tanner Koziol,lasttd,,,,,,8000,draftkings,1
2978656,19668,Malik McClain,lasttd,,,,,,8000,fanduel,1
2978649,19681,Seydou Traore,lasttd,,,,,,9000,draftkings,3
2978662,19608,Carsen Ryan,lasttd,,,,,,12000,draftkings,3
2978656,17584,Jacob Saylors,lasttd,,,,,,10000,fanduel,2
2978666,18301,David Martin-Robinson,lasttd,,,,,,11000,draftkings,3
2978672,17235,Brady Russell,lasttd,,,,,,10000,draftkings,3
2978649,15872,Malik Willis,comp,16.5,-127,draftkings,101,draftkings,,,2
2978686,14416,Jalen Hurts,comp,17.5,-121,draftkings,100,caesars,,,2
2978392,12561,Lamar Jackson,comp,19.5,-103,draftkings,-123,draftkings,,,2
2978653,17673,Drake Maye,comp,19.5,-127,draftkings,100,draftkings,,,2
2978642,12619,Baker Mayfield,comp,20.5,106,caesars,-127,draftkings,,,2
2978658,14442,Joe Burrow,comp,23.5,-101,draftkings,-125,caesars,,,2
2978672,12490,Sam Darnold,passatt,28.5,-101,draftkings,-126,draftkings,,,2
2978645,12483,Josh Allen,passatt,30.5,103,caesars,-125,draftkings,,,2
2978672,10074,Marcus Mariota,passatt,30.5,-101,draftkings,-108,caesars,,,2
2978662,11712,Deshaun Watson,passatt,29.5,-106,draftkings,-120,draftkings,,,2
2978645,14446,Justin Herbert,passatt,31.5,-101,draftkings,-107,caesars,,,2
2978649,11839,Patrick Mahomes,passatt,30.5,-120,caesars,-102,draftkings,,,2
2978642,13613,Kyler Murray,passatt,30.5,-109,caesars,-114,draftkings,,,2
2978674,15834,Brock Purdy,passatt,31.5,102,caesars,-127,draftkings,,,2
2978666,10037,Jameis Winston,passatt,30.5,-102,draftkings,-122,caesars,,,2
2978678,8057,Kirk Cousins,passatt,31.5,-120,draftkings,-104,draftkings,,,2
2978653,15357,Trevor Lawrence,passatt,32.5,-116,draftkings,-110,draftkings,,,2
2978666,16997,Cam Ward,passatt,31.5,-111,caesars,-105,draftkings,,,2
2978674,10919,Jacoby Brissett,passatt,33.5,100,caesars,-126,draftkings,,,2
2978656,10729,Jared Goff,passatt,33.5,-105,caesars,-117,draftkings,,,2
2978665,13491,Daniel Jones,passatt,32.5,-110,caesars,-112,draftkings,,,2
2978678,17037,Tyler Shough,passatt,33.5,104,caesars,-120,draftkings,,,2
2978656,8743,Geno Smith,passatt,32.5,-111,draftkings,-113,draftkings,,,2
2978665,16886,C.J. Stroud,passatt,32.5,-115,caesars,-108,draftkings,,,2
2978662,16807,Bryce Young,passatt,33.5,103,caesars,-120,draftkings,,,2
2978683,16995,Bo Nix,passatt,33.5,-108,draftkings,-115,draftkings,,,2
2978683,5971,Matthew Stafford,passatt,34.5,102,caesars,100,draftkings,,,2
2978658,4307,Aaron Rodgers,passatt,35.5,-106,caesars,-118,draftkings,,,2
2978392,11008,Dak Prescott,passatt,36.5,-108,caesars,-111,draftkings,,,2
2978672,10074,Marcus Mariota,passyds,172.5,-111,draftkings,-113,draftkings,,,3
2978666,16997,Cam Ward,passyds,191.5,-110,draftkings,-114,draftkings,,,3
2978662,11712,Deshaun Watson,passyds,191.5,-113,draftkings,-111,draftkings,,,3
2978666,10037,Jameis Winston,passyds,206.5,-113,draftkings,-111,draftkings,,,3
2978642,13613,Kyler Murray,passyds,209.5,-112,draftkings,-112,draftkings,,,3
2978678,8057,Kirk Cousins,passyds,212.5,-111,draftkings,-113,draftkings,,,3
2978683,16995,Bo Nix,passyds,211.5,-112,draftkings,-112,draftkings,,,3
2978665,13491,Daniel Jones,passyds,218.5,-113,draftkings,-111,draftkings,,,3
2978662,16807,Bryce Young,passyds,225.5,-113,draftkings,-111,draftkings,,,3
2978672,12490,Sam Darnold,passyds,222.5,-112,draftkings,-111,draftkings,,,3
2978658,4307,Aaron Rodgers,passyds,220.5,-114,draftkings,-110,draftkings,,,3
2978645,14446,Justin Herbert,passyds,225.5,-111,draftkings,-113,draftkings,,,3
2978656,8743,Geno Smith,passyds,224.5,-113,draftkings,-110,caesars,,,3
2978674,10919,Jacoby Brissett,passyds,225.5,-111,draftkings,-113,draftkings,,,3
2978653,15357,Trevor Lawrence,passyds,226.5,-111,draftkings,-113,draftkings,,,3
2978665,16886,C.J. Stroud,passyds,236.5,-111,draftkings,-113,draftkings,,,2
2978645,12483,Josh Allen,passyds,239.5,-111,draftkings,-113,draftkings,,,3
2978649,11839,Patrick Mahomes,passyds,235.5,-113,draftkings,-111,draftkings,,,3
2978674,15834,Brock Purdy,passyds,237.5,-111,draftkings,-113,draftkings,,,3
2978683,5971,Matthew Stafford,passyds,243.5,-112,draftkings,-112,draftkings,,,3
2978678,17037,Tyler Shough,passyds,253.5,-111,draftkings,-113,draftkings,,,3
2978656,10729,Jared Goff,passyds,258.5,-113,draftkings,-111,draftkings,,,3
2978392,11008,Dak Prescott,passyds,266.5,-111,draftkings,-113,draftkings,,,3
2978649,15872,Malik Willis,passtd,0.5,-200,caesars,161,caesars,,,3
2978658,14442,Joe Burrow,passtd,1.5,-103,caesars,-111,draftkings,,,3
2978686,14416,Jalen Hurts,passtd,1.5,133,caesars,-157,draftkings,,,3
2978392,12561,Lamar Jackson,passtd,1.5,-145,caesars,123,draftkings,,,3
2978653,17673,Drake Maye,passtd,1.5,148,caesars,-180,draftkings,,,3
2978642,12619,Baker Mayfield,passtd,1.5,142,caesars,-176,caesars,,,3
2978658,14442,Joe Burrow,intsthrown,0.5,-127,caesars,101,draftkings,,,2
2978686,14416,Jalen Hurts,intsthrown,0.5,126,draftkings,-148,caesars,,,2
2978392,12561,Lamar Jackson,intsthrown,0.5,133,draftkings,-170,draftkings,,,2
2978653,17673,Drake Maye,intsthrown,0.5,-134,draftkings,107,caesars,,,2
2978642,12619,Baker Mayfield,intsthrown,0.5,-118,caesars,-106,draftkings,,,2
2978649,15872,Malik Willis,intsthrown,0.5,-136,draftkings,107,draftkings,,,2
2978649,19309,Chris Bell,recs,1.5,-137,draftkings,112,fanduel,,,3
2978645,15876,James Cook,recs,1.5,-154,fanduel,128,draftkings,,,3
2978666,19313,Malachi Fields,recs,2.5,151,caesars,-186,draftkings,,,3
2978645,18445,Omarion Hampton,recs,1.5,-148,fanduel,128,draftkings,,,3
2978653,18517,TreVeyon Henderson,recs,1.5,-102,fanduel,-116,draftkings,,,3
2978662,14458,Jerry Jeudy,recs,1.5,-132,fanduel,101,caesars,,,2
2978649,19240,Emmett Johnson,recs,1.5,-102,draftkings,-124,draftkings,,,3
2978642,11763,Aaron Jones,recs,1.5,-188,fanduel,,,,,1
2978672,11863,Cooper Kupp,recs,2.5,124,fanduel,-148,draftkings,,,3
2978665,18449,Woody Marks,recs,1.5,-148,fanduel,124,draftkings,,,3
2978642,17763,Jalen McMillan,recs,1.5,120,fanduel,-124,draftkings,,,3
2978666,14510,Darnell Mooney,recs,1.5,100,fanduel,-112,draftkings,,,3
2978392,10994,Chris Moore,recs,1.5,100,fanduel,-121,draftkings,,,3
2978658,11698,Samaje Perine,recs,1.5,-125,caesars,-104,fanduel,,,2
2978666,13590,Tony Pollard,recs,1.5,144,fanduel,-167,draftkings,,,3
2978666,12616,Calvin Ridley,recs,1.5,127,draftkings,-148,fanduel,,,3
2978666,18514,Cam Skattebo,recs,2.5,166,caesars,-185,draftkings,,,3
2978649,15831,Tyquan Thornton,recs,1.5,117,caesars,-145,draftkings,,,3
2978653,18524,Bhayshul Tuten,recs,1.5,-114,draftkings,-108,fanduel,,,3
2978665,16847,Jared Wayne,recs,1.5,154,fanduel,-163,draftkings,,,3
2978642,16895,Jordan Addison,recs,3.5,130,draftkings,154,fanduel,,,3
2978672,17811,AJ Barner,recs,2.5,-122,draftkings,-104,draftkings,,,3
2978683,11805,Evan Engram,recs,2.5,-120,draftkings,-105,caesars,,,3
2978658,12764,Mike Gesicki,recs,2.5,-116,draftkings,-108,draftkings,,,3
2978645,18478,Tre' Harris,recs,2.5,-132,draftkings,108,fanduel,,,3
2978674,17674,Marvin Harrison,recs,2.5,120,draftkings,-153,draftkings,,,3
2978666,18503,Gunnar Helm,recs,2.5,-114,fanduel,-110,draftkings,,,3
2978392,13427,Justice Hill,recs,2.5,148,caesars,-184,draftkings,,,3
2978653,11861,Mack Hollins,recs,3.5,145,caesars,132,draftkings,,,3
2978642,19320,Ted Hurst,recs,2.5,135,caesars,-156,draftkings,,,3
2978642,17784,Bucky Irving,recs,2.5,-114,fanduel,100,draftkings,,,3
2978645,16899,Quentin Johnston,recs,3.5,139,caesars,-165,draftkings,,,3
2978662,18516,Quinshon Judkins,recs,2.5,106,fanduel,-122,draftkings,,,3
2978686,19231,Makai Lemon,recs,2.5,101,draftkings,-128,draftkings,,,3
2978653,15372,Rhamondre Stevenson,recs,2.5,104,draftkings,-133,draftkings,,,3
2978653,17017,Brenton Strange,recs,3.5,137,draftkings,134,fanduel,,,3
2978686,16658,Dontayvion Wicks,recs,3.5,140,fanduel,-159,draftkings,,,3
2978392,15306,Javonte Williams,recs,2.5,-150,caesars,126,draftkings,,,3
2978649,16661,De'Von Achane,recs,3.5,-122,fanduel,-102,draftkings,,,3
2978665,8627,Keenan Allen,recs,3.5,-107,draftkings,-102,fanduel,,,3
2978658,16934,Chase Brown,recs,3.5,116,draftkings,-137,caesars,,,3
2978662,19242,KC Concepcion,recs,3.5,-129,draftkings,101,draftkings,,,3
2978672,10133,Stefon Diggs,recs,4.5,137,caesars,130,fanduel,,,3
2978642,18549,Emeka Egbuka,recs,4.5,129,caesars,125,draftkings,,,3
2978683,18497,Terrance Ferguson,recs,3.5,-143,caesars,112,fanduel,,,2
2978392,17974,Ryan Flournoy,recs,3.5,107,caesars,-132,draftkings,,,3
2978642,11718,Chris Godwin,recs,3.5,126,draftkings,-159,caesars,,,3
2978665,16932,Xavier Hutchinson,recs,3.5,119,draftkings,-136,fanduel,,,3
2978666,16033,Isaiah Likely,recs,4.5,138,caesars,125,draftkings,,,3
2978653,13517,Jakobi Meyers,recs,3.5,105,draftkings,-130,fanduel,,,3
2978686,11429,Kalif Raymond,recs,3.5,148,caesars,-180,fanduel,,,2
2978666,15838,Wan'Dale Robinson,recs,3.5,109,draftkings,-125,fanduel,,,2
2978678,16694,Tre Tucker,recs,3.5,-106,caesars,-114,draftkings,,,3
2978649,15909,Kenneth Walker,recs,3.5,120,fanduel,-138,draftkings,,,3
2978658,15984,Jaylen Warren,recs,3.5,-114,fanduel,-114,fanduel,,,2
2978649,17687,Xavier Worthy,recs,3.5,-114,fanduel,-108,draftkings,,,3
2978678,17693,Brock Bowers,recs,4.5,-102,fanduel,-112,draftkings,,,3
2978662,17976,Jalen Coker,recs,5.5,133,caesars,122,draftkings,,,3
2978649,8783,Travis Kelce,recs,4.5,-102,fanduel,-119,draftkings,,,3
2978645,16697,Dalton Kincaid,recs,4.5,112,caesars,-136,draftkings,,,3
2978662,18547,Tetairoa McMillan,recs,4.5,-113,draftkings,-102,fanduel,,,3
2978666,17704,Malik Nabers,recs,4.5,-107,caesars,-114,fanduel,,,3
2978678,17975,Devaughn Vele,recs,4.5,128,caesars,-153,draftkings,,,3
2978665,18534,Tyler Warren,recs,4.5,-120,draftkings,104,fanduel,,,3
2978653,16690,Parker Washington,recs,5.5,134,caesars,119,draftkings,,,3
2978683,9455,Davante Adams,recs,5.5,-129,caesars,104,draftkings,,,3
2978642,14509,Justin Jefferson,recs,5.5,-132,draftkings,105,draftkings,,,3
2978678,15895,Chris Olave,recs,6.5,116,caesars,128,fanduel,,,3
2978392,15853,George Pickens,recs,5.5,117,caesars,-141,draftkings,,,3
2978665,12514,Dalton Schultz,recs,5.5,109,caesars,-125,draftkings,,,3
2978658,15183,Ja'Marr Chase,recs,6.5,-111,draftkings,-108,fanduel,,,3
2978392,14411,CeeDee Lamb,recs,6.5,-122,draftkings,-103,draftkings,,,3
2978656,15332,Amon-Ra St. Brown,recs,7.5,130,fanduel,-150,draftkings,,,3
2978642,15222,Kenny Gainwell,rushrec,32.5,-118,fanduel,-110,fanduel,,,1
2978674,19235,Jeremiyah Love,rushrec,55.5,-114,fanduel,-114,fanduel,,,1
2978665,13556,David Montgomery,rushrec,60.5,-114,fanduel,-111,draftkings,,,2
2978683,15807,Kyren Williams,rushrec,71.5,-114,fanduel,-114,fanduel,,,1
2978656,15810,Breece Hall,rushrec,84.5,-111,draftkings,-113,fanduel,,,2
2978686,12507,Saquon Barkley,rushrec,90.5,-113,draftkings,-113,draftkings,,,2
2978662,15242,Chuba Hubbard,rushrec,90.5,-113,draftkings,-112,draftkings,,,2
2978678,18487,Ashton Jeanty,rushrec,97.5,-112,draftkings,-114,draftkings,,,2
2978392,10819,Derrick Henry,rushrec,107.5,-111,draftkings,-114,fanduel,,,2
2978665,14455,Jonathan Taylor,rushrec,107.5,-112,draftkings,-114,draftkings,,,2
2978656,16808,Jahmyr Gibbs,rushrec,128.5,-112,draftkings,-114,draftkings,,,2
2978666,13590,Tony Pollard,recyds,6.5,-109,caesars,-104,draftkings,,,3
2978653,18517,TreVeyon Henderson,recyds,9.5,-109,caesars,-110,draftkings,,,3
2978653,18524,Bhayshul Tuten,recyds,9.5,-111,draftkings,-113,draftkings,,,3
2978649,19240,Emmett Johnson,recyds,10.5,-110,draftkings,-111,draftkings,,,3
2978645,15876,James Cook,recyds,11.5,-111,draftkings,-110,caesars,,,3
2978645,18445,Omarion Hampton,recyds,11.5,-110,caesars,-106,draftkings,,,3
2978665,18449,Woody Marks,recyds,12.5,-111,draftkings,-113,draftkings,,,3
2978666,18514,Cam Skattebo,recyds,12.5,-111,draftkings,-113,draftkings,,,3
2978665,16847,Jared Wayne,recyds,13.5,-114,draftkings,-109,draftkings,,,3
2978662,18516,Quinshon Judkins,recyds,13.5,-110,draftkings,-110,caesars,,,3
2978392,13427,Justice Hill,recyds,13.5,-112,draftkings,-111,draftkings,,,3
2978642,11763,Aaron Jones,recyds,13.5,-114,fanduel,-114,fanduel,,,2
2978642,17763,Jalen McMillan,recyds,14.5,-111,draftkings,-112,caesars,,,2
2978666,12616,Calvin Ridley,recyds,14.5,-110,draftkings,-114,draftkings,,,3
2978653,15372,Rhamondre Stevenson,recyds,14.5,-107,draftkings,-114,fanduel,,,3
2978642,17784,Bucky Irving,recyds,16.5,-109,draftkings,-113,caesars,,,3
2978392,15306,Javonte Williams,recyds,16.5,-108,caesars,-108,draftkings,,,3
2978666,14510,Darnell Mooney,recyds,18.5,-109,draftkings,-112,caesars,,,3
2978649,15831,Tyquan Thornton,recyds,20.5,-108,draftkings,-114,fanduel,,,3
2978392,10994,Chris Moore,recyds,21.5,-109,draftkings,-114,fanduel,,,3
2978666,18503,Gunnar Helm,recyds,21.5,-114,fanduel,-108,draftkings,,,3
2978662,14458,Jerry Jeudy,recyds,20.5,-114,fanduel,-114,fanduel,,,2
2978672,17811,AJ Barner,recyds,21.5,-114,fanduel,-109,draftkings,,,3
2978683,11805,Evan Engram,recyds,21.5,-113,draftkings,-108,draftkings,,,3
2978672,11863,Cooper Kupp,recyds,21.5,-108,draftkings,-114,fanduel,,,3
2978658,16934,Chase Brown,recyds,21.5,-114,fanduel,-108,draftkings,,,3
2978649,19309,Chris Bell,recyds,22.5,-109,draftkings,-114,fanduel,,,3
2978642,19320,Ted Hurst,recyds,24.5,-113,draftkings,-111,draftkings,,,3
2978686,19231,Makai Lemon,recyds,24.5,-114,draftkings,-110,draftkings,,,3
2978649,15909,Kenneth Walker,recyds,23.5,-110,caesars,-110,draftkings,,,3
2978666,19313,Malachi Fields,recyds,23.5,-112,draftkings,-112,draftkings,,,3
2978658,12764,Mike Gesicki,recyds,24.5,-110,draftkings,-114,draftkings,,,3
2978658,15984,Jaylen Warren,recyds,23.5,-114,fanduel,-114,fanduel,,,2
2978686,11429,Kalif Raymond,recyds,24.5,-114,fanduel,,,,,1
2978649,16661,De'Von Achane,recyds,27.5,-109,draftkings,-114,fanduel,,,3
2978653,17017,Brenton Strange,recyds,27.5,-111,draftkings,-110,caesars,,,3
2978674,17674,Marvin Harrison,recyds,30.5,-110,draftkings,-110,caesars,,,2
2978666,15838,Wan'Dale Robinson,recyds,31.5,-110,draftkings,-114,draftkings,,,2
2978392,17974,Ryan Flournoy,recyds,30.5,-114,draftkings,-110,draftkings,,,3
2978645,18478,Tre' Harris,recyds,31.5,-112,draftkings,-111,draftkings,,,3
2978665,8627,Keenan Allen,recyds,33.5,-112,draftkings,-109,draftkings,,,3
2978662,19242,KC Concepcion,recyds,33.5,-110,draftkings,-114,draftkings,,,3
2978653,11861,Mack Hollins,recyds,34.5,-112,caesars,-111,draftkings,,,3
2978653,13517,Jakobi Meyers,recyds,35.5,-109,draftkings,-113,caesars,,,3
2978672,10133,Stefon Diggs,recyds,36.5,-113,draftkings,-111,draftkings,,,3
2978645,16899,Quentin Johnston,recyds,35.5,-110,draftkings,-114,draftkings,,,3
2978642,16895,Jordan Addison,recyds,36.5,-110,draftkings,-105,caesars,,,3
2978642,11718,Chris Godwin,recyds,35.5,-112,draftkings,-110,draftkings,,,3
2978649,17687,Xavier Worthy,recyds,37.5,-110,draftkings,-111,draftkings,,,3
2978665,16932,Xavier Hutchinson,recyds,39.5,-110,draftkings,-114,draftkings,,,3
2978666,16033,Isaiah Likely,recyds,40.5,-113,draftkings,-111,draftkings,,,3
2978678,16694,Tre Tucker,recyds,40.5,-114,draftkings,-110,draftkings,,,3
2978686,16658,Dontayvion Wicks,recyds,41.5,-112,draftkings,-112,draftkings,,,3
2978665,18534,Tyler Warren,recyds,46.5,-111,draftkings,-113,draftkings,,,3
2978678,17975,Devaughn Vele,recyds,48.5,-112,draftkings,-112,draftkings,,,3
2978678,17693,Brock Bowers,recyds,49.5,-113,draftkings,-111,draftkings,,,3
2978642,18549,Emeka Egbuka,recyds,48.5,-112,draftkings,-112,draftkings,,,3
2978683,18497,Terrance Ferguson,recyds,49.5,-114,fanduel,-114,fanduel,,,2
2978665,12514,Dalton Schultz,recyds,51.5,-110,draftkings,-114,draftkings,,,3
2978649,8783,Travis Kelce,recyds,52.5,-110,draftkings,-114,draftkings,,,3
2978645,16697,Dalton Kincaid,recyds,56.5,-114,draftkings,-110,draftkings,,,3
2978666,17704,Malik Nabers,recyds,56.5,-111,draftkings,-113,draftkings,,,3
2978662,17976,Jalen Coker,recyds,60.5,-110,caesars,-112,draftkings,,,3
2978662,18547,Tetairoa McMillan,recyds,61.5,-112,draftkings,-110,draftkings,,,3
2978392,15853,George Pickens,recyds,62.5,-112,caesars,-111,draftkings,,,3
2978653,16690,Parker Washington,recyds,62.5,-110,draftkings,-114,draftkings,,,3
2978642,14509,Justin Jefferson,recyds,69.5,-114,fanduel,-109,draftkings,,,3
2978658,15183,Ja'Marr Chase,recyds,75.5,-112,draftkings,-110,draftkings,,,3
2978683,9455,Davante Adams,recyds,75.5,-112,draftkings,-112,draftkings,,,3
2978656,15332,Amon-Ra St. Brown,recyds,79.5,-110,draftkings,-114,draftkings,,,3
2978678,15895,Chris Olave,recyds,78.5,-113,draftkings,-110,draftkings,,,3
2978392,14411,CeeDee Lamb,recyds,82.5,-110,draftkings,-114,draftkings,,,3
2978662,19242,KC Concepcion,rushyds,5.5,-102,fanduel,-128,fanduel,,,1
2978658,14442,Joe Burrow,rushyds,6.5,-104,draftkings,-114,fanduel,,,3
2978392,17091,Emari Demercado,rushyds,8.5,-104,draftkings,-114,fanduel,,,2
2978392,13427,Justice Hill,rushyds,14.5,-113,caesars,-114,fanduel,,,2
2978642,12619,Baker Mayfield,rushyds,16.5,-108,draftkings,-110,caesars,,,3
2978658,11698,Samaje Perine,rushyds,14.5,-108,draftkings,-112,caesars,,,3
2978653,16933,Chris Rodriguez,rushyds,20.5,-109,draftkings,-114,fanduel,,,3
2978686,14416,Jalen Hurts,rushyds,24.5,-110,draftkings,-114,fanduel,,,3
2978649,19240,Emmett Johnson,rushyds,25.5,-110,draftkings,-114,draftkings,,,3
2978653,17673,Drake Maye,rushyds,25.5,-113,draftkings,-110,caesars,,,3
2978665,18449,Woody Marks,rushyds,28.5,-110,caesars,-112,draftkings,,,3
2978649,15872,Malik Willis,rushyds,33.5,-114,fanduel,-109,draftkings,,,3
2978653,15372,Rhamondre Stevenson,rushyds,38.5,-114,draftkings,-109,draftkings,,,3
2978392,12561,Lamar Jackson,rushyds,40.5,-110,draftkings,-107,caesars,,,3
2978653,18517,TreVeyon Henderson,rushyds,40.5,-109,draftkings,-114,fanduel,,,3
2978683,17690,Blake Corum,rushyds,46.5,-114,draftkings,-110,draftkings,,,3
2978666,13590,Tony Pollard,rushyds,49.5,-110,draftkings,-107,caesars,,,3
2978653,18524,Bhayshul Tuten,rushyds,53.5,-113,draftkings,-111,draftkings,,,3
2978642,17784,Bucky Irving,rushyds,57.5,-110,draftkings,-114,draftkings,,,3
2978674,11690,Christian McCaffrey,rushyds,57.5,-112,draftkings,-112,draftkings,,,3
2978666,18514,Cam Skattebo,rushyds,57.5,-110,draftkings,-112,draftkings,,,3
2978658,15984,Jaylen Warren,rushyds,58.5,-113,draftkings,-111,draftkings,,,3
2978392,15306,Javonte Williams,rushyds,59.5,-108,caesars,-114,draftkings,,,3
2978649,16661,De'Von Achane,rushyds,60.5,-112,draftkings,-112,draftkings,,,3
2978645,18445,Omarion Hampton,rushyds,61.5,-109,draftkings,-113,caesars,,,3
2978642,11763,Aaron Jones,rushyds,61.5,-108,caesars,-110,draftkings,,,3
2978662,18516,Quinshon Judkins,rushyds,59.5,-113,caesars,-110,draftkings,,,3
2978658,16934,Chase Brown,rushyds,63.5,-113,draftkings,-109,draftkings,,,3
2978645,15876,James Cook,rushyds,79.5,-111,draftkings,-112,draftkings,,,3
2978649,15909,Kenneth Walker,rushyds,84.5,-114,draftkings,-110,draftkings,,,3
2978683,5971,Matthew Stafford,longrush,0.5,-124,draftkings,-105,draftkings,,,1
2978666,10037,Jameis Winston,longrush,4.5,-127,draftkings,-102,draftkings,,,1
2978666,16997,Cam Ward,longrush,7.5,-125,draftkings,-104,draftkings,,,1
2978665,13491,Daniel Jones,longrush,8.5,-110,draftkings,-118,draftkings,,,1
2978678,17037,Tyler Shough,longrush,8.5,-126,draftkings,-103,draftkings,,,1
2978665,16886,C.J. Stroud,longrush,9.5,-105,draftkings,-124,draftkings,,,1
2978642,15222,Kenny Gainwell,longrush,9.5,-103,draftkings,-126,draftkings,,,1
2978645,14446,Justin Herbert,longrush,9.5,-116,draftkings,-112,draftkings,,,2
2978653,15357,Trevor Lawrence,longrush,9.5,-128,draftkings,-101,draftkings,,,1
2978666,16941,Tyjae Spears,longrush,9.5,-119,draftkings,-109,draftkings,,,1
2978672,18811,Jacory Croskey-Merritt,longrush,10.5,-121,draftkings,-107,draftkings,,,1
2978674,19235,Jeremiyah Love,longrush,11.5,-108,draftkings,-120,draftkings,,,1
2978649,11839,Patrick Mahomes,longrush,11.5,-103,draftkings,-126,draftkings,,,1
2978665,13556,David Montgomery,longrush,12.5,-116,draftkings,-111,draftkings,,,1
2978645,12483,Josh Allen,longrush,13.5,-125,draftkings,-104,draftkings,,,1
2978683,15807,Kyren Williams,longrush,13.5,-116,draftkings,-112,draftkings,,,1
2978678,18487,Ashton Jeanty,longrush,14.5,-108,draftkings,-117,draftkings,,,1
2978686,12507,Saquon Barkley,longrush,16.5,-105,draftkings,-123,draftkings,,,1
2978665,14455,Jonathan Taylor,longrush,16.5,-114,draftkings,-113,draftkings,,,1
2978392,10819,Derrick Henry,longrush,19.5,-110,draftkings,-117,draftkings,,,1
2978649,15512,Riley Patterson,kickpts,4.5,-118,draftkings,-108,draftkings,,,1
2978674,17107,Chad Ryland,kickpts,5.5,-122,draftkings,-104,draftkings,,,1
2978678,12842,Daniel Carlson,kickpts,6.5,-139,draftkings,109,draftkings,,,1
2978642,14254,Chase McLaughlin,kickpts,6.5,-103,draftkings,-124,draftkings,,,1
2978642,17922,Will Reichard,kickpts,6.5,102,draftkings,-130,draftkings,,,1
2978392,18742,Tyler Loop,kickpts,7.5,-136,draftkings,107,draftkings,,,1
2978658,15383,Evan McPherson,kickpts,7.5,-103,draftkings,-120,draftkings,,,1
2978683,17921,Harrison Mevis,kickpts,7.5,-112,draftkings,-111,draftkings,,,1
2978672,10157,Jason Myers,kickpts,7.5,-107,draftkings,-119,draftkings,,,1
2978649,11783,Harrison Butker,kickpts,8.5,100,draftkings,-128,draftkings,,,1
2978674,12582,Eddy Pineiro,kickpts,8.5,-107,draftkings,-119,draftkings,,,1
2978656,16808,Jahmyr Gibbs,firsttd,,,,,,310,draftkings,3
2978665,14455,Jonathan Taylor,firsttd,,,,,,380,caesars,3
2978392,10819,Derrick Henry,firsttd,,,,,,400,caesars,3
2978672,16654,Jaxon Smith-Njigba,firsttd,,,,,,550,draftkings,3
2978662,15242,Chuba Hubbard,firsttd,,,,,,490,fanduel,3
2978686,14394,D'Andre Swift,firsttd,,,,,,500,caesars,3
2978686,12507,Saquon Barkley,firsttd,,,,,,500,caesars,3
2978645,12483,Josh Allen,firsttd,,,,,,575,caesars,3
2978683,15807,Kyren Williams,firsttd,,,,,,575,caesars,3
2978665,13556,David Montgomery,firsttd,,,,,,550,fanduel,3
2978678,18487,Ashton Jeanty,firsttd,,,,,,550,fanduel,3
2978672,19299,Jadarian Price,firsttd,,,,,,750,fanduel,3
2978656,15810,Breece Hall,firsttd,,,,,,700,draftkings,3
2978649,16963,Rashee Rice,firsttd,,,,,,750,caesars,3
2978678,15385,Travis Etienne,firsttd,,,,,,750,fanduel,3
2978686,15406,DeVonta Smith,firsttd,,,,,,950,fanduel,3
2978683,14418,J.K. Dobbins,firsttd,,,,,,700,fanduel,3
2978658,14506,Tee Higgins,firsttd,,,,,,900,draftkings,3
2978656,15849,Jameson Williams,firsttd,,,,,,1000,draftkings,3
2978656,17033,Sam LaPorta,firsttd,,,,,,1100,fanduel,3
2978392,12559,Mark Andrews,firsttd,,,,,,1000,fanduel,3
2978674,19235,Jeremiyah Love,firsttd,,,,,,1100,fanduel,3
2978672,18811,Jacory Croskey-Merritt,firsttd,,,,,,1100,fanduel,3
2978645,12477,DJ Moore,firsttd,,,,,,1000,fanduel,3
2978683,15404,Jaylen Waddle,firsttd,,,,,,1200,draftkings,3
2978392,15210,Rashod Bateman,firsttd,,,,,,1100,draftkings,3
2978662,19298,Denzel Boston,firsttd,,,,,,1200,draftkings,3
2978658,13424,DK Metcalf,firsttd,,,,,,1200,draftkings,3
2978686,18520,Kyle Monangai,firsttd,,,,,,1100,caesars,2
2978645,15892,Khalil Shakir,firsttd,,,,,,1300,fanduel,3
2978665,16689,Josh Downs,firsttd,,,,,,1400,caesars,3
2978674,15976,Tyler Allgeier,firsttd,,,,,,1100,draftkings,3
2978678,14630,Juwan Johnson,firsttd,,,,,,1400,fanduel,3
2978665,16795,Kayshon Boutte,firsttd,,,,,,1500,fanduel,3
2978662,18472,Harold Fannin,firsttd,,,,,,1300,fanduel,3
2978666,16941,Tyjae Spears,firsttd,,,,,,1300,draftkings,2
2978672,16560,Rashid Shaheed,firsttd,,,,,,1500,draftkings,3
2978656,15829,Garrett Wilson,firsttd,,,,,,1400,fanduel,3
2978642,15222,Kenny Gainwell,firsttd,,,,,,1500,fanduel,3
2978683,12586,Courtland Sutton,firsttd,,,,,,1400,fanduel,3
2978666,16997,Cam Ward,firsttd,,,,,,1800,fanduel,3
2978665,18555,Jaylin Noel,firsttd,,,,,,2000,fanduel,3
2978642,13610,T.J. Hockenson,firsttd,,,,,,1600,fanduel,3
2978674,15902,Trey McBride,firsttd,,,,,,1600,draftkings,3
2978672,13536,Terry McLaurin,firsttd,,,,,,1800,draftkings,3
2978653,10735,Hunter Henry,firsttd,,,,,,1500,draftkings,3
2978653,17716,Brian Thomas,firsttd,,,,,,1500,draftkings,3
2978678,17037,Tyler Shough,firsttd,,,,,,1500,fanduel,3
2978662,11712,Deshaun Watson,firsttd,,,,,,1800,fanduel,3
2978672,15802,Rachaad White,firsttd,,,,,,1600,draftkings,3
2978674,15834,Brock Purdy,firsttd,,,,,,1600,fanduel,3
2978666,19268,Carnell Tate,firsttd,,,,,,1500,caesars,3
2978653,15357,Trevor Lawrence,firsttd,,,,,,1600,caesars,3
2978642,13613,Kyler Murray,firsttd,,,,,,1800,draftkings,3
2978645,17724,Ladd McConkey,firsttd,,,,,,1600,draftkings,3
2978662,10215,Darren Waller,firsttd,,,,,,2000,draftkings,3
2978658,15267,Pat Freiermuth,firsttd,,,,,,1750,caesars,3
2978686,18548,Luther Burden,firsttd,,,,,,1800,draftkings,3
2978686,18460,Colston Loveland,firsttd,,,,,,2000,draftkings,3
2978653,16027,Romeo Doubs,firsttd,,,,,,1600,draftkings,3
2978392,15947,Jake Ferguson,firsttd,,,,,,2100,caesars,3
2978642,16032,Cade Otton,firsttd,,,,,,1900,caesars,3
2978649,11839,Patrick Mahomes,firsttd,,,,,,1750,caesars,3
2978656,17702,Braelon Allen,firsttd,,,,,,2000,fanduel,3
2978686,17020,Rome Odunze,firsttd,,,,,,2200,draftkings,3
2978649,17863,Malik Washington,firsttd,,,,,,2200,draftkings,3
2978656,17668,Adonai Mitchell,firsttd,,,,,,2000,draftkings,3
2978683,14463,Colby Parkinson,firsttd,,,,,,1900,draftkings,3
2978662,16807,Bryce Young,firsttd,,,,,,2000,fanduel,3
2978674,16957,Michael Wilson,firsttd,,,,,,2200,draftkings,3
2978666,10037,Jameis Winston,firsttd,,,,,,2100,caesars,3
2978683,16995,Bo Nix,firsttd,,,,,,2200,draftkings,3
2978683,18562,Pat Bryant,firsttd,,,,,,2200,draftkings,3
2978678,19319,Bryce Lance,firsttd,,,,,,2500,fanduel,3
2978645,18481,Oronde Gadsden,firsttd,,,,,,2100,caesars,3
2978653,16751,DeMario Douglas,firsttd,,,,,,2300,caesars,3
2978392,18567,LaJohntay Wester,firsttd,,,,,,2500,draftkings,3
2978649,15459,Noah Gray,firsttd,,,,,,3000,draftkings,3
2978678,19300,Mike Washington,firsttd,,,,,,2200,draftkings,3
2978662,15371,Tommy Tremble,firsttd,,,,,,3000,draftkings,3
2978665,10739,Laquon Treadwell,firsttd,,,,,,3500,draftkings,3
2978665,13522,Darius Slayton,firsttd,,,,,,3500,draftkings,3
2978642,14376,Jauan Jennings,firsttd,,,,,,3000,draftkings,3
2978686,12316,Johnny Mundt,firsttd,,,,,,2700,fanduel,3
2978645,17732,Keon Coleman,firsttd,,,,,,2300,caesars,3
2978662,14370,AJ Dillon,firsttd,,,,,,3500,fanduel,3
2978672,10074,Marcus Mariota,firsttd,,,,,,3000,fanduel,3
2978683,17719,Troy Franklin,firsttd,,,,,,4500,draftkings,3
2978645,13466,Dawson Knox,firsttd,,,,,,2700,caesars,3
2978662,17734,Xavier Legette,firsttd,,,,,,2500,draftkings,3
2978665,16886,C.J. Stroud,firsttd,,,,,,4000,draftkings,3
2978656,17977,Isaiah Williams,firsttd,,,,,,3000,draftkings,3
2978649,15891,Greg Dulcich,firsttd,,,,,,2800,draftkings,3
2978658,19335,Eli Heidenreich,firsttd,,,,,,4500,draftkings,3
2978665,13491,Daniel Jones,firsttd,,,,,,2800,draftkings,2
2978642,13786,Josh Oliver,firsttd,,,,,,3000,draftkings,3
2978672,18540,Elijah Arroyo,firsttd,,,,,,3000,draftkings,3
2978672,17772,Tory Horton,firsttd,,,,,,3500,draftkings,3
2978666,18552,Elic Ayomanor,firsttd,,,,,,2800,draftkings,3
2978645,14446,Justin Herbert,firsttd,,,,,,3000,draftkings,3
2978645,16810,Keaton Mitchell,firsttd,,,,,,3300,fanduel,3
2978672,19237,Antonio Williams,firsttd,,,,,,3500,draftkings,3
2978678,18457,Jack Bech,firsttd,,,,,,3500,draftkings,3
2978674,11847,Kendrick Bourne,firsttd,,,,,,4500,fanduel,2
2978674,8930,Kyle Juszczyk,firsttd,,,,,,4000,draftkings,3
2978686,14436,Cole Kmet,firsttd,,,,,,3500,draftkings,3
2978662,16069,John Metchie,firsttd,,,,,,4500,draftkings,3
2978392,11008,Dak Prescott,firsttd,,,,,,3000,draftkings,3
2978392,17728,Devontez Walker,firsttd,,,,,,4000,draftkings,3
2978672,12490,Sam Darnold,firsttd,,,,,,3000,caesars,3
2978665,13854,Ashton Dulin,firsttd,,,,,,5000,draftkings,3
2978674,13418,KhaDarel Hodge,firsttd,,,,,,3000,draftkings,3
2978666,18641,Chimere Dike,firsttd,,,,,,8000,draftkings,3
2978658,18841,Ke'Shawn Williams,firsttd,,,,,,12000,draftkings,2
2978662,17319,Jaleel McLaughlin,firsttd,,,,,,10000,fanduel,3
2978653,10126,Ameer Abdullah,firsttd,,,,,,4000,draftkings,3
2978683,15229,Tutu Atwell,firsttd,,,,,,8000,draftkings,3
2978674,10919,Jacoby Brissett,firsttd,,,,,,5000,draftkings,3
2978666,15921,Julius Chestnut,firsttd,,,,,,4500,fanduel,3
2978683,16849,Marvin Mims,firsttd,,,,,,8000,draftkings,3
2978649,18550,Jalen Royals,firsttd,,,,,,5000,draftkings,3
2978683,17467,Xavier Smith,firsttd,,,,,,5000,draftkings,3
2978656,15681,Brock Wright,firsttd,,,,,,4000,draftkings,3
2978392,12807,Durham Smythe,firsttd,,,,,,4000,fanduel,3
2978674,18647,Jordan Watkins,firsttd,,,,,,10000,draftkings,3
2978656,8743,Geno Smith,firsttd,,,,,,4000,fanduel,3
2978665,13822,Foster Moreau,firsttd,,,,,,5000,fanduel,3
2978674,18485,Jordan James,firsttd,,,,,,10000,draftkings,3
2978653,19321,Josh Cameron,firsttd,,,,,,5500,draftkings,3
2978653,18578,Travis Hunter,firsttd,,,,,,5000,fanduel,3
2978683,17030,Davis Allen,firsttd,,,,,,5000,draftkings,3
2978672,15289,John Bates,firsttd,,,,,,6000,draftkings,3
2978649,19322,Kevin Coleman,firsttd,,,,,,7000,draftkings,3
2978665,19303,Seth McGowan,firsttd,,,,,,5000,fanduel,3
2978656,17584,Jacob Saylors,firsttd,,,,,,10000,fanduel,3
2978665,12196,Mo Alie-Cox,firsttd,,,,,,5000,draftkings,3
2978678,19432,Malik Benson,firsttd,,,,,,6500,draftkings,3
2978686,18958,Darius Cooper,firsttd,,,,,,5000,draftkings,3
2978665,18443,DJ Giddens,firsttd,,,,,,5000,fanduel,3
2978686,16772,Roschon Johnson,firsttd,,,,,,6500,draftkings,3
2978653,16931,Cameron Latu,firsttd,,,,,,5000,draftkings,3
2978649,17894,Jared Wiley,firsttd,,,,,,7000,draftkings,3
2978653,19126,Kyle Williams,firsttd,,,,,,5500,draftkings,3
2978392,13894,KaVontae Turpin,firsttd,,,,,,9000,draftkings,3
2978666,16036,Daniel Bellinger,firsttd,,,,,,6500,draftkings,2
2978686,13502,Hollywood Brown,firsttd,,,,,,5000,fanduel,3
2978653,18889,Efton Chism,firsttd,,,,,,7000,draftkings,3
2978642,19430,Max Bredeson,firsttd,,,,,,8500,caesars,3
2978658,18519,Tahj Brooks,firsttd,,,,,,13000,draftkings,3
2978653,15460,Quintin Morris,firsttd,,,,,,10000,fanduel,3
2978658,4307,Aaron Rodgers,firsttd,,,,,,7000,draftkings,3
2978662,17330,Brycen Tremayne,firsttd,,,,,,7000,draftkings,3
2978678,15922,Dareke Young,firsttd,,,,,,6500,draftkings,3
2978653,18532,Corey Kiner,firsttd,,,,,,7000,fanduel,3
2978678,8057,Kirk Cousins,firsttd,,,,,,8500,caesars,3
2978392,19364,Matthew Hibner,firsttd,,,,,,7000,draftkings,3
2978686,15280,Elijah Moore,firsttd,,,,,,7000,caesars,3
2978678,12858,Ian Thomas,firsttd,,,,,,7500,draftkings,3
2978649,16010,Jalen Tolbert,firsttd,,,,,,5500,draftkings,3
2978672,17235,Brady Russell,firsttd,,,,,,11000,draftkings,3
2978662,15310,Tylan Wallace,firsttd,,,,,,8000,draftkings,3
2978653,14844,Reggie Gilliam,firsttd,,,,,,11000,draftkings,3
2978662,17777,Malachi Corley,firsttd,,,,,,8000,draftkings,3
2978656,10729,Jared Goff,firsttd,,,,,,8000,fanduel,3
2978662,19608,Carsen Ryan,firsttd,,,,,,12000,draftkings,3
2978683,5971,Matthew Stafford,firsttd,,,,,,10000,fanduel,3
2978674,16959,Elijah Higgins,firsttd,,,,,,10000,fanduel,3
2978656,17057,Isaiah Davis,firsttd,,,,,,8500,caesars,3
2978392,16855,Luke Schoonmaker,firsttd,,,,,,9000,draftkings,3
2978665,17794,Cade Stover,firsttd,,,,,,8000,fanduel,3
2978392,19426,Josh Cuevas,firsttd,,,,,,9000,draftkings,3
2978645,12934,Marquez Valdes-Scantling,firsttd,,,,,,8000,caesars,3
2978683,16992,Nate Adkins,firsttd,,,,,,10000,draftkings,3
2978656,14246,Tom Kennedy,firsttd,,,,,,12000,draftkings,3
2978656,15918,Tay Martin,firsttd,,,,,,9000,draftkings,3
2978672,17820,Luke McCaffrey,firsttd,,,,,,12000,draftkings,3
2978672,18160,Colson Yankoff,firsttd,,,,,,9000,draftkings,3
2978656,15821,Jelani Woods,firsttd,,,,,,8000,draftkings,3
2978674,15246,Hunter Long,firsttd,,,,,,8500,caesars,3
2978642,19452,Bauer Sharp,firsttd,,,,,,12000,draftkings,3
2978658,15467,Ben Skowronek,firsttd,,,,,,11000,draftkings,3
2978649,16744,Nikko Remigio,firsttd,,,,,,11000,draftkings,3
2978686,16337,Britain Covey,firsttd,,,,,,8500,caesars,3
2978645,13806,Alec Ingold,firsttd,,,,,,10000,fanduel,3
2978642,16282,Ko Kieft,firsttd,,,,,,9000,draftkings,3
2978678,18263,Treyton Welch,firsttd,,,,,,8500,caesars,3
2978392,19989,Camden Brown,firsttd,,,,,,13000,draftkings,3
2978674,14636,Devin Duvernay,firsttd,,,,,,16000,draftkings,3
2978642,18573,Gavin Bartholomew,firsttd,,,,,,10000,fanduel,3
2978665,18300,British Brooks,firsttd,,,,,,13000,draftkings,3
2978642,16720,Payne Durham,firsttd,,,,,,9000,draftkings,3
2978653,19349,Tanner Koziol,firsttd,,,,,,8000,draftkings,1
2978658,19451,Riley Nowakowski,firsttd,,,,,,11000,draftkings,3
2978683,19278,Max Klare,firsttd,,,,,,10000,fanduel,3
2978656,19668,Malik McClain,firsttd,,,,,,10000,fanduel,2
2978674,15559,Simi Fehoko,firsttd,,,,,,11000,draftkings,3
2978666,18301,David Martin-Robinson,firsttd,,,,,,14000,draftkings,3
2978649,19681,Seydou Traore,firsttd,,,,,,11000,draftkings,3
2978656,16808,Jahmyr Gibbs,anytd,,,,,,-325,caesars,3
2978392,10819,Derrick Henry,anytd,,,,,,-250,fanduel,3
2978665,14455,Jonathan Taylor,anytd,,,,,,-160,fanduel,3
2978645,12483,Josh Allen,anytd,,,,,,-135,draftkings,3
2978686,14394,D'Andre Swift,anytd,,,,,,-120,draftkings,3
2978686,12507,Saquon Barkley,anytd,,,,,,-118,caesars,3
2978662,15242,Chuba Hubbard,anytd,,,,,,-130,draftkings,3
2978683,15807,Kyren Williams,anytd,,,,,,-120,fanduel,3
2978678,18487,Ashton Jeanty,anytd,,,,,,-115,fanduel,3
2978672,16654,Jaxon Smith-Njigba,anytd,,,,,,100,fanduel,3
2978656,15810,Breece Hall,anytd,,,,,,100,fanduel,3
2978665,13556,David Montgomery,anytd,,,,,,-105,draftkings,3
2978649,16963,Rashee Rice,anytd,,,,,,130,draftkings,3
2978392,16919,Zay Flowers,anytd,,,,,,106,caesars,1
2978392,12559,Mark Andrews,anytd,,,,,,125,draftkings,3
2978672,19299,Jadarian Price,anytd,,,,,,155,fanduel,3
2978683,14418,J.K. Dobbins,anytd,,,,,,130,fanduel,3
2978674,19235,Jeremiyah Love,anytd,,,,,,165,fanduel,3
2978683,16790,Puka Nacua,anytd,,,,,,128,caesars,1
2978678,15385,Travis Etienne,anytd,,,,,,140,draftkings,3
2978658,14506,Tee Higgins,anytd,,,,,,180,draftkings,3
2978392,15210,Rashod Bateman,anytd,,,,,,146,caesars,3
2978686,15406,DeVonta Smith,anytd,,,,,,175,fanduel,3
2978674,15976,Tyler Allgeier,anytd,,,,,,180,fanduel,3
2978656,15849,Jameson Williams,anytd,,,,,,180,draftkings,3
2978674,15902,Trey McBride,anytd,,,,,,200,draftkings,3
2978645,12477,DJ Moore,anytd,,,,,,165,draftkings,3
2978656,17033,Sam LaPorta,anytd,,,,,,190,fanduel,3
2978656,15829,Garrett Wilson,anytd,,,,,,190,fanduel,3
2978686,16705,Tank Bigsby,anytd,,,,,,171,caesars,1
2978662,19298,Denzel Boston,anytd,,,,,,220,fanduel,3
2978658,13424,DK Metcalf,anytd,,,,,,200,draftkings,3
2978686,18520,Kyle Monangai,anytd,,,,,,192,caesars,2
2978645,15892,Khalil Shakir,anytd,,,,,,200,fanduel,3
2978666,16941,Tyjae Spears,anytd,,,,,,330,draftkings,2
2978683,15404,Jaylen Waddle,anytd,,,,,,205,draftkings,3
2978645,17724,Ladd McConkey,anytd,,,,,,210,draftkings,3
2978672,18811,Jacory Croskey-Merritt,anytd,,,,,,230,fanduel,3
2978653,10735,Hunter Henry,anytd,,,,,,245,draftkings,3
2978665,16795,Kayshon Boutte,anytd,,,,,,275,draftkings,3
2978642,19234,Demond Claiborne,anytd,,,,,,230,caesars,1
2978662,18472,Harold Fannin,anytd,,,,,,260,fanduel,3
2978665,16689,Josh Downs,anytd,,,,,,290,draftkings,3
2978683,12586,Courtland Sutton,anytd,,,,,,250,fanduel,3
2978642,15222,Kenny Gainwell,anytd,,,,,,300,fanduel,3
2978672,15802,Rachaad White,anytd,,,,,,350,fanduel,3
2978678,14630,Juwan Johnson,anytd,,,,,,280,fanduel,3
2978645,18481,Oronde Gadsden,anytd,,,,,,280,fanduel,3
2978653,16027,Romeo Doubs,anytd,,,,,,280,fanduel,3
2978656,17668,Adonai Mitchell,anytd,,,,,,330,fanduel,3
2978674,15834,Brock Purdy,anytd,,,,,,280,draftkings,3
2978649,17863,Malik Washington,anytd,,,,,,320,draftkings,3
2978653,17716,Brian Thomas,anytd,,,,,,275,draftkings,3
2978392,15947,Jake Ferguson,anytd,,,,,,265,draftkings,3
2978656,17702,Braelon Allen,anytd,,,,,,290,fanduel,3
2978392,18567,LaJohntay Wester,anytd,,,,,,340,draftkings,3
2978674,16957,Michael Wilson,anytd,,,,,,320,draftkings,3
2978672,16560,Rashid Shaheed,anytd,,,,,,320,fanduel,3
2978672,13536,Terry McLaurin,anytd,,,,,,370,draftkings,3
2978678,17037,Tyler Shough,anytd,,,,,,310,fanduel,3
2978642,13610,T.J. Hockenson,anytd,,,,,,320,fanduel,3
2978665,18555,Jaylin Noel,anytd,,,,,,390,fanduel,3
2978662,11712,Deshaun Watson,anytd,,,,,,390,fanduel,3
2978653,15357,Trevor Lawrence,anytd,,,,,,295,draftkings,3
2978686,18548,Luther Burden,anytd,,,,,,360,fanduel,3
2978683,14463,Colby Parkinson,anytd,,,,,,360,draftkings,3
2978662,10215,Darren Waller,anytd,,,,,,360,draftkings,3
2978649,11839,Patrick Mahomes,anytd,,,,,,330,fanduel,3
2978686,17802,Will Shipley,anytd,,,,,,305,caesars,1
2978666,16997,Cam Ward,anytd,,,,,,430,fanduel,3
2978658,15267,Pat Freiermuth,anytd,,,,,,370,draftkings,3
2978666,19268,Carnell Tate,anytd,,,,,,340,draftkings,3
2978686,18460,Colston Loveland,anytd,,,,,,400,draftkings,3
2978642,13613,Kyler Murray,anytd,,,,,,380,draftkings,3
2978649,19343,Caleb Douglas,anytd,,,,,,340,caesars,1
2978683,18562,Pat Bryant,anytd,,,,,,425,draftkings,3
2978653,16751,DeMario Douglas,anytd,,,,,,400,draftkings,3
2978642,16032,Cade Otton,anytd,,,,,,380,fanduel,3
2978645,17732,Keon Coleman,anytd,,,,,,390,draftkings,3
2978686,17020,Rome Odunze,anytd,,,,,,470,fanduel,3
2978662,16807,Bryce Young,anytd,,,,,,470,fanduel,3
2978649,15891,Greg Dulcich,anytd,,,,,,400,draftkings,3
2978645,16810,Keaton Mitchell,anytd,,,,,,600,fanduel,3
2978683,16995,Bo Nix,anytd,,,,,,450,draftkings,3
2978665,10739,Laquon Treadwell,anytd,,,,,,750,draftkings,3
2978645,14446,Justin Herbert,anytd,,,,,,500,draftkings,3
2978662,14370,AJ Dillon,anytd,,,,,,750,fanduel,3
2978672,10074,Marcus Mariota,anytd,,,,,,750,fanduel,3
2978678,19300,Mike Washington,anytd,,,,,,470,fanduel,3
2978656,17977,Isaiah Williams,anytd,,,,,,450,draftkings,3
2978392,17728,Devontez Walker,anytd,,,,,,750,draftkings,3
2978649,15459,Noah Gray,anytd,,,,,,650,draftkings,3
2978674,11847,Kendrick Bourne,anytd,,,,,,750,fanduel,2
2978658,19335,Eli Heidenreich,anytd,,,,,,700,draftkings,3
2978672,16042,Chig Okonkwo,anytd,,,,,,450,caesars,1
2978666,10037,Jameis Winston,anytd,,,,,,500,draftkings,3
2978678,19319,Bryce Lance,anytd,,,,,,550,fanduel,3
2978662,17734,Xavier Legette,anytd,,,,,,550,draftkings,3
2978392,11008,Dak Prescott,anytd,,,,,,550,draftkings,3
2978674,8930,Kyle Juszczyk,anytd,,,,,,850,draftkings,3
2978645,13466,Dawson Knox,anytd,,,,,,500,draftkings,3
2978665,13522,Darius Slayton,anytd,,,,,,700,draftkings,3
2978665,13491,Daniel Jones,anytd,,,,,,700,draftkings,3
2978662,15371,Tommy Tremble,anytd,,,,,,650,draftkings,3
2978642,13786,Josh Oliver,anytd,,,,,,750,draftkings,3
2978683,17719,Troy Franklin,anytd,,,,,,900,draftkings,3
2978642,14376,Jauan Jennings,anytd,,,,,,650,draftkings,3
2978662,16069,John Metchie,anytd,,,,,,800,draftkings,3
2978666,18552,Elic Ayomanor,anytd,,,,,,700,fanduel,3
2978686,12316,Johnny Mundt,anytd,,,,,,650,fanduel,3
2978678,18457,Jack Bech,anytd,,,,,,700,draftkings,3
2978674,13418,KhaDarel Hodge,anytd,,,,,,625,caesars,3
2978665,16886,C.J. Stroud,anytd,,,,,,1000,draftkings,3
2978683,15229,Tutu Atwell,anytd,,,,,,2000,draftkings,3
2978674,10919,Jacoby Brissett,anytd,,,,,,750,draftkings,3
2978649,19322,Kevin Coleman,anytd,,,,,,1200,draftkings,3
2978665,19303,Seth McGowan,anytd,,,,,,950,fanduel,3
2978683,17467,Xavier Smith,anytd,,,,,,900,draftkings,3
2978656,8743,Geno Smith,anytd,,,,,,800,fanduel,3
2978672,19237,Antonio Williams,anytd,,,,,,750,draftkings,3
2978392,12807,Durham Smythe,anytd,,,,,,750,draftkings,3
2978672,18540,Elijah Arroyo,anytd,,,,,,700,draftkings,3
2978686,13502,Hollywood Brown,anytd,,,,,,1500,fanduel,3
2978672,12490,Sam Darnold,anytd,,,,,,750,draftkings,3
2978665,13854,Ashton Dulin,anytd,,,,,,1400,draftkings,3
2978672,17772,Tory Horton,anytd,,,,,,750,draftkings,3
2978674,18485,Jordan James,anytd,,,,,,2000,fanduel,3
2978686,14436,Cole Kmet,anytd,,,,,,750,draftkings,3
2978683,16849,Marvin Mims,anytd,,,,,,1000,draftkings,3
2978674,18647,Jordan Watkins,anytd,,,,,,2200,draftkings,3
2978658,18841,Ke'Shawn Williams,anytd,,,,,,1800,fanduel,2
2978653,10126,Ameer Abdullah,anytd,,,,,,950,fanduel,3
2978656,15681,Brock Wright,anytd,,,,,,900,draftkings,3
2978653,19126,Kyle Williams,anytd,,,,,,1000,fanduel,3
2978662,17319,Jaleel McLaughlin,anytd,,,,,,2000,fanduel,3
2978683,17030,Davis Allen,anytd,,,,,,1000,draftkings,3
2978653,16931,Cameron Latu,anytd,,,,,,1000,draftkings,3
2978392,13894,KaVontae Turpin,anytd,,,,,,1000,draftkings,3
2978672,15289,John Bates,anytd,,,,,,1800,draftkings,3
2978392,19364,Matthew Hibner,anytd,,,,,,1500,draftkings,3
2978653,18578,Travis Hunter,anytd,,,,,,1100,fanduel,3
2978665,13822,Foster Moreau,anytd,,,,,,1100,draftkings,3
2978649,16010,Jalen Tolbert,anytd,,,,,,900,draftkings,3
2978666,18641,Chimere Dike,anytd,,,,,,1100,draftkings,3
2978666,15921,Julius Chestnut,anytd,,,,,,1300,fanduel,3
2978686,16772,Roschon Johnson,anytd,,,,,,1600,draftkings,3
2978649,18550,Jalen Royals,anytd,,,,,,1100,draftkings,3
2978656,17584,Jacob Saylors,anytd,,,,,,2500,fanduel,3
2978653,19321,Josh Cameron,anytd,,,,,,1300,draftkings,3
2978678,19432,Malik Benson,anytd,,,,,,1100,draftkings,3
2978665,18443,DJ Giddens,anytd,,,,,,1000,draftkings,3
2978653,18889,Efton Chism,anytd,,,,,,1400,draftkings,3
2978686,18958,Darius Cooper,anytd,,,,,,1200,draftkings,3
2978658,4307,Aaron Rodgers,anytd,,,,,,1500,draftkings,3
2978649,17894,Jared Wiley,anytd,,,,,,1500,draftkings,3
2978678,15922,Dareke Young,anytd,,,,,,1100,draftkings,3
2978666,16036,Daniel Bellinger,anytd,,,,,,1800,draftkings,2
2978678,12858,Ian Thomas,anytd,,,,,,1600,draftkings,3
2978662,17330,Brycen Tremayne,anytd,,,,,,1700,draftkings,3
2978645,12934,Marquez Valdes-Scantling,anytd,,,,,,1300,draftkings,3
2978665,12196,Mo Alie-Cox,anytd,,,,,,1300,draftkings,3
2978658,18519,Tahj Brooks,anytd,,,,,,3500,draftkings,3
2978678,8057,Kirk Cousins,anytd,,,,,,2000,fanduel,3
2978678,17818,Dylan Laube,anytd,,,,,,1200,caesars,1
2978674,15246,Hunter Long,anytd,,,,,,1500,draftkings,3
2978656,17057,Isaiah Davis,anytd,,,,,,1900,fanduel,3
2978653,18532,Corey Kiner,anytd,,,,,,1800,fanduel,3
2978392,19426,Josh Cuevas,anytd,,,,,,2200,draftkings,3
2978653,15460,Quintin Morris,anytd,,,,,,2200,fanduel,3
2978392,16855,Luke Schoonmaker,anytd,,,,,,1600,draftkings,3
2978642,19430,Max Bredeson,anytd,,,,,,2200,draftkings,3
2978662,17777,Malachi Corley,anytd,,,,,,1800,draftkings,3
2978649,20084,DJ Herman,anytd,,,,,,1600,caesars,1
2978674,16959,Elijah Higgins,anytd,,,,,,2200,fanduel,3
2978662,15310,Tylan Wallace,anytd,,,,,,1800,draftkings,3
2978686,16337,Britain Covey,anytd,,,,,,2200,fanduel,3
2978656,10729,Jared Goff,anytd,,,,,,1700,fanduel,3
2978656,14246,Tom Kennedy,anytd,,,,,,1700,draftkings,3
2978656,15918,Tay Martin,anytd,,,,,,2200,draftkings,3
2978686,15280,Elijah Moore,anytd,,,,,,1700,draftkings,3
2978665,17794,Cade Stover,anytd,,,,,,1900,draftkings,3
2978656,15821,Jelani Woods,anytd,,,,,,1700,fanduel,3
2978653,14844,Reggie Gilliam,anytd,,,,,,3000,draftkings,3
2978672,17820,Luke McCaffrey,anytd,,,,,,2200,draftkings,3
2978672,18160,Colson Yankoff,anytd,,,,,,2500,draftkings,3
2978683,16992,Nate Adkins,anytd,,,,,,2500,draftkings,3
2978645,13806,Alec Ingold,anytd,,,,,,2000,draftkings,3
2978649,16744,Nikko Remigio,anytd,,,,,,1800,draftkings,3
2978683,5971,Matthew Stafford,anytd,,,,,,2200,fanduel,3
2978662,19608,Carsen Ryan,anytd,,,,,,4000,draftkings,3
2978656,19668,Malik McClain,anytd,,,,,,2700,fanduel,3
2978392,19989,Camden Brown,anytd,,,,,,2500,draftkings,3
2978672,17235,Brady Russell,anytd,,,,,,3500,draftkings,3
2978658,15467,Ben Skowronek,anytd,,,,,,2500,draftkings,3
2978642,16282,Ko Kieft,anytd,,,,,,2500,fanduel,3
2978642,19452,Bauer Sharp,anytd,,,,,,3000,draftkings,3
2978678,18263,Treyton Welch,anytd,,,,,,2200,draftkings,3
2978674,14636,Devin Duvernay,anytd,,,,,,3000,draftkings,3
2978642,16720,Payne Durham,anytd,,,,,,2500,draftkings,3
2978653,19349,Tanner Koziol,anytd,,,,,,2200,draftkings,2
2978683,19278,Max Klare,anytd,,,,,,2800,draftkings,3
2978665,18300,British Brooks,anytd,,,,,,3500,draftkings,3
2978658,19451,Riley Nowakowski,anytd,,,,,,3500,draftkings,3
2978649,19681,Seydou Traore,anytd,,,,,,2700,fanduel,3
2978666,15245,Kylen Granson,anytd,,,,,,2300,caesars,1
2978674,15559,Simi Fehoko,anytd,,,,,,2700,fanduel,3
2978642,18573,Gavin Bartholomew,anytd,,,,,,3000,fanduel,3
2978666,18301,David Martin-Robinson,anytd,,,,,,4000,draftkings,3
2978674,11690,Christian McCaffrey,lasttd,,,,,,440,fanduel,3
2978649,15909,Kenneth Walker,lasttd,,,,,,430,fanduel,3
2978658,16934,Chase Brown,lasttd,,,,,,575,caesars,3
2978645,15876,James Cook,lasttd,,,,,,550,fanduel,3
2978642,11763,Aaron Jones,lasttd,,,,,,550,draftkings,3
2978666,18514,Cam Skattebo,lasttd,,,,,,525,caesars,2
2978666,13590,Tony Pollard,lasttd,,,,,,625,caesars,3
2978392,15306,Javonte Williams,lasttd,,,,,,600,fanduel,3
2978658,14657,Rico Dowdle,lasttd,,,,,,700,caesars,2
2978662,18516,Quinshon Judkins,lasttd,,,,,,650,caesars,3
2978658,15984,Jaylen Warren,lasttd,,,,,,625,caesars,3
2978649,16661,De'Von Achane,lasttd,,,,,,700,draftkings,3
2978683,9455,Davante Adams,lasttd,,,,,,675,caesars,3
2978658,15183,Ja'Marr Chase,lasttd,,,,,,750,draftkings,3
2978645,18445,Omarion Hampton,lasttd,,,,,,700,draftkings,3
2978656,15332,Amon-Ra St. Brown,lasttd,,,,,,700,fanduel,2
2978642,17784,Bucky Irving,lasttd,,,,,,750,fanduel,3
2978686,14416,Jalen Hurts,lasttd,,,,,,800,draftkings,3
2978642,14509,Justin Jefferson,lasttd,,,,,,800,draftkings,3
2978678,11732,Alvin Kamara,lasttd,,,,,,850,caesars,3
2978392,14411,CeeDee Lamb,lasttd,,,,,,800,caesars,3
2978678,15895,Chris Olave,lasttd,,,,,,850,fanduel,3
2978653,15372,Rhamondre Stevenson,lasttd,,,,,,900,draftkings,3
2978672,17593,Emanuel Wilson,lasttd,,,,,,1000,caesars,3
2978678,17693,Brock Bowers,lasttd,,,,,,1000,caesars,3
2978662,18547,Tetairoa McMillan,lasttd,,,,,,950,caesars,3
2978666,17704,Malik Nabers,lasttd,,,,,,1000,caesars,2
2978653,18524,Bhayshul Tuten,lasttd,,,,,,900,draftkings,3
2978653,16690,Parker Washington,lasttd,,,,,,950,fanduel,3
2978653,18517,TreVeyon Henderson,lasttd,,,,,,1000,draftkings,3
2978649,8783,Travis Kelce,lasttd,,,,,,1000,draftkings,3
2978392,15853,George Pickens,lasttd,,,,,,1000,fanduel,3
2978665,12514,Dalton Schultz,lasttd,,,,,,1000,fanduel,3
2978662,17976,Jalen Coker,lasttd,,,,,,1100,draftkings,3
2978674,9253,Mike Evans,lasttd,,,,,,1000,draftkings,3
2978683,18497,Terrance Ferguson,lasttd,,,,,,1200,draftkings,3
2978665,18449,Woody Marks,lasttd,,,,,,1200,fanduel,3
2978674,13429,Deebo Samuel,lasttd,,,,,,1300,draftkings,3
2978665,18534,Tyler Warren,lasttd,,,,,,1000,draftkings,3
2978642,16895,Jordan Addison,lasttd,,,,,,1400,draftkings,3
2978642,18549,Emeka Egbuka,lasttd,,,,,,1100,draftkings,3
2978672,17968,George Holani,lasttd,,,,,,1500,fanduel,3
2978674,11892,George Kittle,lasttd,,,,,,1200,draftkings,3
2978649,17687,Xavier Worthy,lasttd,,,,,,1200,draftkings,3
2978674,19607,Kaelon Black,lasttd,,,,,,1300,fanduel,3
2978683,17690,Blake Corum,lasttd,,,,,,1300,draftkings,3
2978672,10133,Stefon Diggs,lasttd,,,,,,1500,draftkings,3
2978392,12561,Lamar Jackson,lasttd,,,,,,1300,fanduel,3
2978649,19240,Emmett Johnson,lasttd,,,,,,1600,fanduel,3
2978666,16033,Isaiah Likely,lasttd,,,,,,1200,draftkings,3
2978653,13517,Jakobi Meyers,lasttd,,,,,,1200,draftkings,2
2978653,16933,Chris Rodriguez,lasttd,,,,,,1300,draftkings,3
2978678,16694,Tre Tucker,lasttd,,,,,,1300,fanduel,3
2978683,19241,Jonah Coleman,lasttd,,,,,,1500,draftkings,3
2978683,18522,RJ Harvey,lasttd,,,,,,1300,draftkings,3
2978683,10854,Tyler Higbee,lasttd,,,,,,2500,draftkings,3
2978665,16932,Xavier Hutchinson,lasttd,,,,,,1500,caesars,3
2978645,16899,Quentin Johnston,lasttd,,,,,,1300,draftkings,3
2978645,16697,Dalton Kincaid,lasttd,,,,,,1400,caesars,3
2978653,17673,Drake Maye,lasttd,,,,,,1300,draftkings,3
2978678,16666,Michael Mayer,lasttd,,,,,,1800,draftkings,3
2978658,14378,Michael Pittman,lasttd,,,,,,1500,draftkings,3
2978649,15872,Malik Willis,lasttd,,,,,,1400,draftkings,3
2978658,17043,Roman Wilson,lasttd,,,,,,2000,draftkings,3
2978665,8627,Keenan Allen,lasttd,,,,,,1500,fanduel,3
2978672,17811,AJ Barner,lasttd,,,,,,1400,draftkings,3
2978662,19242,KC Concepcion,lasttd,,,,,,1500,draftkings,3
2978683,11805,Evan Engram,lasttd,,,,,,1600,draftkings,3
2978642,11718,Chris Godwin,lasttd,,,,,,1500,draftkings,3
2978653,17017,Brenton Strange,lasttd,,,,,,1500,draftkings,3
2978678,17975,Devaughn Vele,lasttd,,,,,,1500,caesars,3
2978686,16658,Dontayvion Wicks,lasttd,,,,,,1600,fanduel,3
2978674,17674,Marvin Harrison,lasttd,,,,,,1700,draftkings,3
2978653,11861,Mack Hollins,lasttd,,,,,,1500,draftkings,2
2978658,11698,Samaje Perine,lasttd,,,,,,1600,draftkings,3
2978666,15838,Wan'Dale Robinson,lasttd,,,,,,1800,draftkings,2
2978658,19263,Germie Bernard,lasttd,,,,,,2000,draftkings,3
2978649,18450,Ollie Gordon,lasttd,,,,,,2500,draftkings,3
2978666,18503,Gunnar Helm,lasttd,,,,,,1750,caesars,3
2978642,19320,Ted Hurst,lasttd,,,,,,1600,draftkings,3
2978672,11863,Cooper Kupp,lasttd,,,,,,1700,caesars,3
2978678,16025,Jalen Nailor,lasttd,,,,,,1700,caesars,3
2978656,19279,Kenyon Sadiq,lasttd,,,,,,1750,caesars,2
2978649,17800,Jaylen Wright,lasttd,,,,,,3000,draftkings,3
2978666,18518,Nicholas Singleton,lasttd,,,,,,2500,draftkings,3
2978678,13426,Noah Fant,lasttd,,,,,,3000,draftkings,3
2978392,17974,Ryan Flournoy,lasttd,,,,,,2000,draftkings,3
2978658,12764,Mike Gesicki,lasttd,,,,,,2000,caesars,3
2978645,18478,Tre' Harris,lasttd,,,,,,2000,draftkings,3
2978392,13427,Justice Hill,lasttd,,,,,,2500,draftkings,3
2978662,14458,Jerry Jeudy,lasttd,,,,,,2000,draftkings,3
2978642,12619,Baker Mayfield,lasttd,,,,,,3000,draftkings,3
2978642,17763,Jalen McMillan,lasttd,,,,,,2800,draftkings,3
2978392,10994,Chris Moore,lasttd,,,,,,2500,draftkings,3
2978656,18642,Isaac TeSlaa,lasttd,,,,,,2200,caesars,2
2978649,15831,Tyquan Thornton,lasttd,,,,,,2500,draftkings,3
2978658,16889,Darnell Washington,lasttd,,,,,,3500,draftkings,3
2978686,11429,Kalif Raymond,lasttd,,,,,,2100,caesars,2
2978666,13449,Devin Singletary,lasttd,,,,,,2000,caesars,3
2978672,17833,Ben Sinnott,lasttd,,,,,,2800,draftkings,3
2978392,17091,Emari Demercado,lasttd,,,,,,2900,caesars,3
2978666,19313,Malachi Fields,lasttd,,,,,,2000,draftkings,3
2978645,13587,Ty Johnson,lasttd,,,,,,2200,caesars,3
2978686,19231,Makai Lemon,lasttd,,,,,,2000,draftkings,3
2978645,15447,Joshua Palmer,lasttd,,,,,,2200,draftkings,3
2978649,19309,Chris Bell,lasttd,,,,,,2300,caesars,3
2978653,19448,Nate Boerkircher,lasttd,,,,,,3000,draftkings,3
2978658,14442,Joe Burrow,lasttd,,,,,,3000,draftkings,3
2978666,15468,Najee Harris,lasttd,,,,,,2300,caesars,2
2978658,19247,Dohnte Meyers,lasttd,,,,,,3500,draftkings,3
2978683,17081,Konata Mumpfield,lasttd,,,,,,3000,draftkings,3
2978653,19348,Eli Raridon,lasttd,,,,,,4000,draftkings,3
2978662,18526,Raheim Sanders,lasttd,,,,,,2300,caesars,3
2978666,14510,Darnell Mooney,lasttd,,,,,,2700,fanduel,3
2978666,12616,Calvin Ridley,lasttd,,,,,,2800,draftkings,3
2978656,15996,Jeremy Ruckert,lasttd,,,,,,3000,caesars,2
2978658,13809,Drew Sample,lasttd,,,,,,2800,caesars,3
2978683,14541,Adam Trautman,lasttd,,,,,,3000,draftkings,3
2978656,17760,Sione Vaki,lasttd,,,,,,2900,caesars,2
2978672,15274,Dyami Brown,lasttd,,,,,,2800,draftkings,3
2978642,16728,Sean Tucker,lasttd,,,,,,3000,draftkings,3
2978658,17696,Erick All,lasttd,,,,,,3500,fanduel,3
2978653,18476,LeQuint Allen,lasttd,,,,,,5500,fanduel,3
2978672,18533,Kaytron Allen,lasttd,,,,,,3300,fanduel,3
2978674,17008,Jacob Cowing,lasttd,,,,,,3000,draftkings,3
2978662,18545,Mitchell Evans,lasttd,,,,,,4500,draftkings,3
2978674,15566,Luke Farrell,lasttd,,,,,,4500,fanduel,3
2978642,18484,Tez Johnson,lasttd,,,,,,3500,draftkings,3
2978666,17021,Theo Johnson,lasttd,,,,,,4500,draftkings,3
2978642,18307,Kameron Johnson,lasttd,,,,,,4000,draftkings,3
2978649,19450,Will Kacmarek,lasttd,,,,,,4500,draftkings,3
2978662,17748,Ja'Tavion Sanders,lasttd,,,,,,4500,draftkings,3
2978665,16847,Jared Wayne,lasttd,,,,,,3500,fanduel,3
2978645,19251,Skyler Bell,lasttd,,,,,,4500,fanduel,3
2978645,17792,Ray Davis,lasttd,,,,,,4000,caesars,3
2978392,17000,Hunter Luepke,lasttd,,,,,,6000,draftkings,3
2978392,19310,Elijah Sarratt,lasttd,,,,,,4500,draftkings,3
2978649,18529,Brashard Smith,lasttd,,,,,,5500,fanduel,3
2978392,17908,Brevyn Spann-Ford,lasttd,,,,,,6000,draftkings,3
2978666,17967,Tyrone Tracy,lasttd,,,,,,5500,fanduel,3
2978645,17821,Kimani Vidal,lasttd,,,,,,4000,caesars,2
2978662,17130,Blake Whiteheart,lasttd,,,,,,6500,draftkings,3
2978672,15896,Treylon Burks,lasttd,,,,,,5000,draftkings,2
2978672,18643,Jaylin Lane,lasttd,,,,,,6000,draftkings,3
2978645,19318,Brenen Thompson,lasttd,,,,,,4000,draftkings,3
2978653,19898,CJ Williams,lasttd,,,,,,4500,draftkings,3
2978645,18538,Jackson Hawes,lasttd,,,,,,5000,draftkings,3
2978672,18968,Nick Kallerup,lasttd,,,,,,5500,fanduel,3
2978642,19095,Myles Price,lasttd,,,,,,5500,draftkings,3
2978658,19447,Colbie Young,lasttd,,,,,,7000,fanduel,3
2978392,17026,Rasheen Ali,lasttd,,,,,,8500,caesars,3
2978678,18544,Oscar Delp,lasttd,,,,,,5000,draftkings,3
2978649,17271,Ryan Miller,lasttd,,,,,,5500,draftkings,3
2978392,16937,Jonathan Mingo,lasttd,,,,,,9000,draftkings,3
2978665,16277,Drew Ogletree,lasttd,,,,,,6000,draftkings,3
2978672,11897,Eric Saubert,lasttd,,,,,,5500,fanduel,3
2978666,9255,Odell Beckham,lasttd,,,,,,6000,caesars,3
2978662,18502,Isaiah Bond,lasttd,,,,,,6600,caesars,3
2978649,18542,Jake Briningstool,lasttd,,,,,,7000,fanduel,3
2978683,19363,Dallen Bentley,lasttd,,,,,,6000,draftkings,3
2978642,18553,Tai Felton,lasttd,,,,,,10000,fanduel,3
2978678,19336,Barion Brown,lasttd,,,,,,7000,fanduel,3
2978656,12809,Tyler Conklin,lasttd,,,,,,7000,caesars,2
2978665,19352,Marlin Klein,lasttd,,,,,,8000,fanduel,3
2978656,18480,Jackson Meeks,lasttd,,,,,,7500,caesars,2
2978658,19340,Kaden Wetjen,lasttd,,,,,,9000,draftkings,3
2978674,17010,Brayden Willis,lasttd,,,,,,10000,fanduel,3
2978665,19315,Deion Burks,lasttd,,,,,,8000,fanduel,3
2978683,13565,Lil'Jordan Humphrey,lasttd,,,,,,7500,draftkings,3
2978686,17218,E.J. Jenkins,lasttd,,,,,,8000,fanduel,3
2978686,18938,Jahdae Walker,lasttd,,,,,,8000,caesars,2
2978662,10468,Michael Burton,lasttd,,,,,,10000,fanduel,3
2978645,16939,Derius Davis,lasttd,,,,,,10000,draftkings,3
2978649,19631,Cyrus Allen,lasttd,,,,,,10000,fanduel,3
2978683,19316,CJ Daniels,lasttd,,,,,,9000,draftkings,3
2978649,19276,Justin Joly,lasttd,,,,,,8000,draftkings,3
2978665,15369,Brevin Jordan,lasttd,,,,,,10000,draftkings,3
2978674,16105,Bam Knight,lasttd,,,,,,12000,draftkings,3
2978666,10033,Chris Manhertz,lasttd,,,,,,10000,fanduel,3
2978678,15916,Connor Heyward,lasttd,,,,,,10000,fanduel,2
2978645,18906,Keleki Latu,lasttd,,,,,,10000,fanduel,3
2978658,12389,Robert Tonyan,lasttd,,,,,,10000,fanduel,3
2978656,13713,Andrew Beck,lasttd,,,,,,10000,fanduel,2
2978674,17185,Jalen Brooks,lasttd,,,,,,12000,draftkings,3
2978666,12298,Patrick Ricard,lasttd,,,,,,11000,draftkings,3
2978658,19258,Jack Endries,lasttd,,,,,,10000,draftkings,3
2978662,15324,Feleipe Franks,lasttd,,,,,,10000,draftkings,3
2978686,19357,Sam Roush,lasttd,,,,,,10000,fanduel,2
2978686,19259,Zavion Thomas,lasttd,,,,,,10000,fanduel,2
2978672,10074,Marcus Mariota,comp,17.5,105,draftkings,-133,draftkings,,,2
2978666,16997,Cam Ward,comp,17.5,-111,draftkings,-112,caesars,,,2
2978662,11712,Deshaun Watson,comp,18.5,101,caesars,-126,draftkings,,,2
2978666,10037,Jameis Winston,comp,17.5,-106,draftkings,-109,caesars,,,2
2978672,12490,Sam Darnold,comp,18.5,-127,draftkings,100,draftkings,,,2
2978642,13613,Kyler Murray,comp,19.5,100,draftkings,-128,draftkings,,,2
2978645,14446,Justin Herbert,comp,20.5,105,draftkings,-103,caesars,,,2
2978653,15357,Trevor Lawrence,comp,20.5,102,draftkings,-130,draftkings,,,2
2978662,16807,Bryce Young,comp,19.5,-126,draftkings,100,caesars,,,2
2978645,12483,Josh Allen,comp,20.5,-106,draftkings,-120,draftkings,,,2
2978678,8057,Kirk Cousins,comp,20.5,-116,draftkings,-108,draftkings,,,2
2978665,13491,Daniel Jones,comp,21.5,-102,caesars,-123,draftkings,,,2
2978649,11839,Patrick Mahomes,comp,21.5,-115,draftkings,-111,draftkings,,,2
2978683,16995,Bo Nix,comp,21.5,101,caesars,-127,draftkings,,,2
2978674,15834,Brock Purdy,comp,20.5,-122,draftkings,-102,draftkings,,,2
2978656,8743,Geno Smith,comp,21.5,102,draftkings,-128,draftkings,,,2
2978683,5971,Matthew Stafford,comp,20.5,-131,draftkings,103,draftkings,,,2
2978665,16886,C.J. Stroud,comp,20.5,-125,caesars,105,draftkings,,,2
2978674,10919,Jacoby Brissett,comp,21.5,-122,draftkings,-105,draftkings,,,2
2978678,17037,Tyler Shough,comp,22.5,105,draftkings,100,caesars,,,2
2978656,10729,Jared Goff,comp,23.5,-107,draftkings,-117,draftkings,,,2
2978658,4307,Aaron Rodgers,comp,22.5,101,caesars,-125,draftkings,,,2
2978392,11008,Dak Prescott,comp,25.5,-110,draftkings,-113,draftkings,,,2
2978686,14416,Jalen Hurts,passatt,27.5,-110,draftkings,-113,caesars,,,2
2978649,15872,Malik Willis,passatt,27.5,-117,draftkings,-109,draftkings,,,2
2978392,12561,Lamar Jackson,passatt,28.5,-102,draftkings,-122,draftkings,,,2
2978653,17673,Drake Maye,passatt,30.5,-119,draftkings,-107,draftkings,,,2
2978642,12619,Baker Mayfield,passatt,31.5,102,caesars,-121,draftkings,,,2
2978658,14442,Joe Burrow,passatt,35.5,101,caesars,-126,draftkings,,,2
2978649,15872,Malik Willis,passyds,178.5,-111,draftkings,-113,draftkings,,,3
2978686,14416,Jalen Hurts,passyds,218.5,-113,draftkings,-111,draftkings,,,3
2978642,12619,Baker Mayfield,passyds,218.5,-111,draftkings,-113,draftkings,,,3
2978653,17673,Drake Maye,passyds,219.5,-110,draftkings,-114,draftkings,,,2
2978392,12561,Lamar Jackson,passyds,240.5,-111,draftkings,-113,draftkings,,,3
2978658,14442,Joe Burrow,passyds,255.5,-112,draftkings,-112,draftkings,,,3
2978672,10074,Marcus Mariota,passtd,0.5,-171,draftkings,152,fanduel,,,3
2978666,16997,Cam Ward,passtd,0.5,-187,draftkings,161,caesars,,,3
2978666,10037,Jameis Winston,passtd,0.5,-244,draftkings,191,caesars,,,3
2978645,12483,Josh Allen,passtd,1.5,-145,caesars,124,draftkings,,,3
2978674,10919,Jacoby Brissett,passtd,1.5,182,fanduel,-230,caesars,,,3
2978678,8057,Kirk Cousins,passtd,1.5,146,fanduel,-173,draftkings,,,3
2978672,12490,Sam Darnold,passtd,1.5,101,caesars,-124,caesars,,,3
2978656,10729,Jared Goff,passtd,1.5,-200,fanduel,162,draftkings,,,3
2978645,14446,Justin Herbert,passtd,1.5,140,caesars,-173,draftkings,,,3
2978665,13491,Daniel Jones,passtd,1.5,163,draftkings,-205,caesars,,,3
2978653,15357,Trevor Lawrence,passtd,1.5,-108,caesars,-113,draftkings,,,3
2978649,11839,Patrick Mahomes,passtd,1.5,-193,draftkings,165,caesars,,,3
2978642,13613,Kyler Murray,passtd,1.5,139,draftkings,-170,caesars,,,3
2978683,16995,Bo Nix,passtd,1.5,132,caesars,-164,caesars,,,3
2978392,11008,Dak Prescott,passtd,1.5,-141,caesars,122,draftkings,,,3
2978674,15834,Brock Purdy,passtd,1.5,-157,draftkings,134,caesars,,,3
2978658,4307,Aaron Rodgers,passtd,1.5,172,draftkings,-218,caesars,,,3
2978678,17037,Tyler Shough,passtd,1.5,108,caesars,-132,caesars,,,3
2978656,8743,Geno Smith,passtd,1.5,152,caesars,-182,draftkings,,,3
2978683,5971,Matthew Stafford,passtd,1.5,-112,caesars,-110,caesars,,,3
2978665,16886,C.J. Stroud,passtd,1.5,128,fanduel,-154,caesars,,,3
2978662,11712,Deshaun Watson,passtd,1.5,186,draftkings,-218,caesars,,,3
2978662,16807,Bryce Young,passtd,1.5,116,caesars,-143,caesars,,,3
2978645,12483,Josh Allen,intsthrown,0.5,121,draftkings,-154,draftkings,,,2
2978678,8057,Kirk Cousins,intsthrown,0.5,-126,draftkings,101,caesars,,,2
2978672,12490,Sam Darnold,intsthrown,0.5,104,draftkings,-130,draftkings,,,1
2978656,10729,Jared Goff,intsthrown,0.5,118,draftkings,-150,draftkings,,,2
2978645,14446,Justin Herbert,intsthrown,0.5,-122,caesars,101,draftkings,,,2
2978665,13491,Daniel Jones,intsthrown,0.5,-126,draftkings,-101,draftkings,,,2
2978653,15357,Trevor Lawrence,intsthrown,0.5,-120,draftkings,-106,draftkings,,,2
2978649,11839,Patrick Mahomes,intsthrown,0.5,132,draftkings,-169,draftkings,,,2
2978672,10074,Marcus Mariota,intsthrown,0.5,-165,draftkings,129,draftkings,,,1
2978642,13613,Kyler Murray,intsthrown,0.5,-134,draftkings,109,caesars,,,2
2978683,16995,Bo Nix,intsthrown,0.5,-121,draftkings,-106,draftkings,,,2
2978392,11008,Dak Prescott,intsthrown,0.5,-107,draftkings,-115,caesars,,,2
2978658,4307,Aaron Rodgers,intsthrown,0.5,-114,draftkings,-112,draftkings,,,2
2978678,17037,Tyler Shough,intsthrown,0.5,101,draftkings,-129,draftkings,,,2
2978656,8743,Geno Smith,intsthrown,0.5,-121,caesars,-102,draftkings,,,2
2978683,5971,Matthew Stafford,intsthrown,0.5,-111,draftkings,-115,draftkings,,,2
2978665,16886,C.J. Stroud,intsthrown,0.5,-103,draftkings,-124,draftkings,,,2
2978666,16997,Cam Ward,intsthrown,0.5,-121,draftkings,-105,draftkings,,,2
2978662,11712,Deshaun Watson,intsthrown,0.5,-121,draftkings,-102,draftkings,,,2
2978666,10037,Jameis Winston,intsthrown,0.5,-173,caesars,140,draftkings,,,2
2978662,16807,Bryce Young,intsthrown,0.5,112,draftkings,-139,caesars,,,2
2978666,18552,Elic Ayomanor,recs,1.5,120,draftkings,-148,fanduel,,,3
2978642,15222,Kenny Gainwell,recs,2.5,161,caesars,120,fanduel,,,3
2978392,10819,Derrick Henry,recs,1.5,128,draftkings,-154,fanduel,,,3
2978642,14376,Jauan Jennings,recs,1.5,106,fanduel,-132,draftkings,,,3
2978662,17734,Xavier Legette,recs,1.5,117,draftkings,-150,draftkings,,,2
2978665,13556,David Montgomery,recs,1.5,106,fanduel,-126,draftkings,,,3
2978642,13786,Josh Oliver,recs,1.5,116,draftkings,-148,draftkings,,,3
2978665,13522,Darius Slayton,recs,1.5,131,draftkings,-154,fanduel,,,3
2978665,10739,Laquon Treadwell,recs,1.5,126,draftkings,-159,caesars,,,3
2978662,15371,Tommy Tremble,recs,1.5,-122,draftkings,104,fanduel,,,3
2978392,18567,LaJohntay Wester,recs,1.5,-157,caesars,133,draftkings,,,3
2978686,12507,Saquon Barkley,recs,2.5,118,caesars,-149,draftkings,,,3
2978674,11847,Kendrick Bourne,recs,2.5,116,fanduel,-145,draftkings,,,2
2978665,16795,Kayshon Boutte,recs,2.5,-111,draftkings,-104,fanduel,,,3
2978683,18562,Pat Bryant,recs,2.5,-107,draftkings,-112,fanduel,,,3
2978653,16751,DeMario Douglas,recs,3.5,145,caesars,136,draftkings,,,3
2978649,15891,Greg Dulcich,recs,2.5,122,draftkings,-154,draftkings,,,3
2978656,15810,Breece Hall,recs,3.5,135,draftkings,-160,fanduel,,,3
2978662,15242,Chuba Hubbard,recs,2.5,113,draftkings,-139,caesars,,,3
2978674,19235,Jeremiyah Love,recs,2.5,-109,draftkings,-114,fanduel,,,3
2978686,18460,Colston Loveland,recs,3.5,148,caesars,-174,fanduel,,,2
2978665,18555,Jaylin Noel,recs,2.5,123,draftkings,-140,fanduel,,,3
2978686,17020,Rome Odunze,recs,2.5,-102,fanduel,-129,caesars,,,2
2978642,16032,Cade Otton,recs,3.5,143,caesars,132,draftkings,,,3
2978672,16560,Rashid Shaheed,recs,2.5,108,draftkings,-138,draftkings,,,3
2978665,14455,Jonathan Taylor,recs,3.5,139,caesars,140,fanduel,,,3
2978653,17716,Brian Thomas,recs,3.5,147,caesars,-177,draftkings,,,3
2978662,10215,Darren Waller,recs,2.5,119,draftkings,-146,fanduel,,,3
2978683,15807,Kyren Williams,recs,2.5,127,caesars,-166,fanduel,,,2
2978392,15210,Rashod Bateman,recs,3.5,112,fanduel,-132,draftkings,,,3
2978662,19298,Denzel Boston,recs,3.5,100,draftkings,-106,fanduel,,,3
2978686,18548,Luther Burden,recs,3.5,104,caesars,-136,fanduel,,,2
2978653,16027,Romeo Doubs,recs,3.5,120,fanduel,-144,draftkings,,,3
2978662,18472,Harold Fannin,recs,3.5,-120,draftkings,106,fanduel,,,3
2978392,15947,Jake Ferguson,recs,3.5,-118,fanduel,101,draftkings,,,3
2978658,15267,Pat Freiermuth,recs,3.5,-138,fanduel,109,draftkings,,,3
2978645,18481,Oronde Gadsden,recs,3.5,112,fanduel,-128,draftkings,,,3
2978653,10735,Hunter Henry,recs,4.5,140,caesars,124,fanduel,,,3
2978642,13610,T.J. Hockenson,recs,3.5,-111,caesars,-105,draftkings,,,3
2978678,18487,Ashton Jeanty,recs,3.5,-144,fanduel,122,draftkings,,,3
2978678,14630,Juwan Johnson,recs,3.5,109,draftkings,-130,fanduel,,,3
2978672,13536,Terry McLaurin,recs,3.5,103,draftkings,-127,caesars,,,3
2978656,17668,Adonai Mitchell,recs,3.5,-118,draftkings,-102,fanduel,,,3
2978645,12477,DJ Moore,recs,3.5,-125,draftkings,106,fanduel,,,3
2978645,15892,Khalil Shakir,recs,4.5,130,caesars,128,fanduel,,,3
2978683,12586,Courtland Sutton,recs,3.5,104,draftkings,-133,draftkings,,,3
2978666,19268,Carnell Tate,recs,3.5,114,draftkings,-140,fanduel,,,3
2978649,17863,Malik Washington,recs,3.5,-103,draftkings,-123,draftkings,,,3
2978656,15849,Jameson Williams,recs,3.5,-140,draftkings,113,caesars,,,3
2978674,16957,Michael Wilson,recs,4.5,145,caesars,121,draftkings,,,3
2978392,12559,Mark Andrews,recs,4.5,119,caesars,-142,draftkings,,,3
2978665,16689,Josh Downs,recs,4.5,-121,draftkings,-104,fanduel,,,3
2978656,16808,Jahmyr Gibbs,recs,4.5,108,draftkings,-130,fanduel,,,3
2978658,14506,Tee Higgins,recs,4.5,113,draftkings,-140,fanduel,,,3
2978656,17033,Sam LaPorta,recs,4.5,-111,draftkings,-114,fanduel,,,3
2978645,17724,Ladd McConkey,recs,4.5,-118,fanduel,-101,draftkings,,,3
2978658,13424,DK Metcalf,recs,4.5,110,draftkings,-130,fanduel,,,3
2978649,16963,Rashee Rice,recs,4.5,120,caesars,-147,draftkings,,,3
2978683,15404,Jaylen Waddle,recs,5.5,135,caesars,116,fanduel,,,3
2978686,15406,DeVonta Smith,recs,5.5,-120,draftkings,-104,draftkings,,,3
2978656,15829,Garrett Wilson,recs,5.5,-108,draftkings,-114,fanduel,,,3
2978674,15902,Trey McBride,recs,7.5,117,caesars,-146,draftkings,,,3
2978672,16654,Jaxon Smith-Njigba,recs,6.5,-112,fanduel,101,draftkings,,,3
2978658,11698,Samaje Perine,rushrec,25.5,-113,fanduel,-115,fanduel,,,1
2978392,13427,Justice Hill,rushrec,31.5,-114,fanduel,-114,fanduel,,,1
2978649,19240,Emmett Johnson,rushrec,40.5,-111,draftkings,-114,fanduel,,,2
2978662,19242,KC Concepcion,rushrec,41.5,-118,fanduel,-110,fanduel,,,1
2978665,18449,Woody Marks,rushrec,44.5,-110,draftkings,-113,fanduel,,,2
2978653,18517,TreVeyon Henderson,rushrec,54.5,-111,draftkings,-115,draftkings,,,2
2978653,15372,Rhamondre Stevenson,rushrec,56.5,-114,fanduel,-110,draftkings,,,2
2978666,13590,Tony Pollard,rushrec,60.5,-111,draftkings,-113,fanduel,,,2
2978653,18524,Bhayshul Tuten,rushrec,68.5,-111,draftkings,-114,fanduel,,,2
2978642,17784,Bucky Irving,rushrec,78.5,-110,draftkings,-114,fanduel,,,2
2978666,18514,Cam Skattebo,rushrec,73.5,-114,fanduel,-111,draftkings,,,2
2978645,18445,Omarion Hampton,rushrec,76.5,-112,draftkings,-111,draftkings,,,2
2978662,18516,Quinshon Judkins,rushrec,77.5,-112,draftkings,-111,draftkings,,,2
2978392,15306,Javonte Williams,rushrec,80.5,-114,draftkings,-112,draftkings,,,2
2978658,15984,Jaylen Warren,rushrec,85.5,-114,fanduel,-114,fanduel,,,1
2978658,16934,Chase Brown,rushrec,89.5,-112,draftkings,-112,draftkings,,,2
2978649,16661,De'Von Achane,rushrec,93.5,-111,draftkings,-114,draftkings,,,2
2978645,15876,James Cook,rushrec,95.5,-111,draftkings,-113,draftkings,,,2
2978649,15909,Kenneth Walker,rushrec,112.5,-111,draftkings,-111,draftkings,,,2
2978665,13556,David Montgomery,recyds,8.5,-114,draftkings,-107,draftkings,,,3
2978642,15222,Kenny Gainwell,recyds,11.5,-105,draftkings,-114,fanduel,,,3
2978392,10819,Derrick Henry,recyds,10.5,-114,fanduel,-106,draftkings,,,3
2978662,15371,Tommy Tremble,recyds,9.5,-114,fanduel,-109,draftkings,,,3
2978642,13786,Josh Oliver,recyds,11.5,-111,draftkings,-113,draftkings,,,3
2978662,17734,Xavier Legette,recyds,12.5,-108,draftkings,-116,draftkings,,,2
2978686,12507,Saquon Barkley,recyds,13.5,-113,caesars,-106,draftkings,,,3
2978683,15807,Kyren Williams,recyds,12.5,-114,fanduel,-113,caesars,,,2
2978642,14376,Jauan Jennings,recyds,14.5,-110,caesars,-108,draftkings,,,3
2978665,13522,Darius Slayton,recyds,15.5,-114,fanduel,-108,draftkings,,,3
2978666,18552,Elic Ayomanor,recyds,14.5,-113,draftkings,-110,draftkings,,,3
2978662,15242,Chuba Hubbard,recyds,15.5,108,fanduel,-109,draftkings,,,3
2978674,19235,Jeremiyah Love,recyds,14.5,-107,draftkings,-114,fanduel,,,3
2978665,10739,Laquon Treadwell,recyds,16.5,-112,draftkings,-112,draftkings,,,3
2978674,11847,Kendrick Bourne,recyds,19.5,-109,draftkings,-114,fanduel,,,2
2978392,18567,LaJohntay Wester,recyds,19.5,-109,draftkings,-113,draftkings,,,3
2978665,14455,Jonathan Taylor,recyds,22.5,-114,fanduel,-108,draftkings,,,3
2978656,15810,Breece Hall,recyds,21.5,-114,draftkings,-110,draftkings,,,3
2978662,10215,Darren Waller,recyds,20.5,-109,draftkings,-114,fanduel,,,3
2978678,18487,Ashton Jeanty,recyds,22.5,-109,draftkings,-113,caesars,,,3
2978649,15891,Greg Dulcich,recyds,22.5,-114,draftkings,-110,draftkings,,,3
2978683,18562,Pat Bryant,recyds,25.5,-111,draftkings,-110,draftkings,,,3
2978665,18555,Jaylin Noel,recyds,28.5,-110,draftkings,-114,draftkings,,,3
2978686,17020,Rome Odunze,recyds,25.5,-114,fanduel,-114,fanduel,,,2
2978672,16560,Rashid Shaheed,recyds,26.5,-111,draftkings,-111,draftkings,,,3
2978392,15947,Jake Ferguson,recyds,28.5,-114,draftkings,-110,draftkings,,,3
2978642,16032,Cade Otton,recyds,27.5,-109,draftkings,-114,fanduel,,,3
2978653,16751,DeMario Douglas,recyds,29.5,-114,draftkings,-110,draftkings,,,3
2978642,13610,T.J. Hockenson,recyds,30.5,-112,draftkings,-108,draftkings,,,3
2978686,18460,Colston Loveland,recyds,31.5,-114,fanduel,-114,fanduel,,,1
2978686,18548,Luther Burden,recyds,31.5,-113,caesars,-114,fanduel,,,2
2978656,16808,Jahmyr Gibbs,recyds,35.5,-113,caesars,-110,draftkings,,,3
2978678,14630,Juwan Johnson,recyds,35.5,-110,draftkings,-114,draftkings,,,3
2978658,15267,Pat Freiermuth,recyds,35.5,-109,draftkings,-111,caesars,,,3
2978645,18481,Oronde Gadsden,recyds,36.5,-114,fanduel,-109,draftkings,,,3
2978665,16795,Kayshon Boutte,recyds,37.5,-114,draftkings,-110,draftkings,,,3
2978666,19268,Carnell Tate,recyds,38.5,-114,fanduel,-109,draftkings,,,3
2978649,17863,Malik Washington,recyds,35.5,-114,fanduel,-110,draftkings,,,3
2978683,12586,Courtland Sutton,recyds,37.5,-113,draftkings,-109,draftkings,,,3
2978653,17716,Brian Thomas,recyds,37.5,-110,draftkings,-113,caesars,,,3
2978662,18472,Harold Fannin,recyds,37.5,-114,draftkings,-110,draftkings,,,3
2978392,12559,Mark Andrews,recyds,41.5,-112,draftkings,-112,draftkings,,,3
2978653,10735,Hunter Henry,recyds,43.5,-110,draftkings,-114,draftkings,,,3
2978645,15892,Khalil Shakir,recyds,40.5,-112,caesars,-110,draftkings,,,2
2978672,13536,Terry McLaurin,recyds,42.5,-109,draftkings,-113,draftkings,,,3
2978653,16027,Romeo Doubs,recyds,43.5,-112,draftkings,-112,draftkings,,,3
2978674,16957,Michael Wilson,recyds,45.5,-112,draftkings,-112,draftkings,,,3
2978392,15210,Rashod Bateman,recyds,46.5,-111,draftkings,-113,draftkings,,,3
2978662,19298,Denzel Boston,recyds,49.5,-112,draftkings,-112,draftkings,,,3
2978656,17033,Sam LaPorta,recyds,45.5,-111,draftkings,-110,draftkings,,,3
2978656,17668,Adonai Mitchell,recyds,49.5,-113,draftkings,-110,draftkings,,,3
2978645,12477,DJ Moore,recyds,49.5,-113,draftkings,-111,draftkings,,,3
2978649,16963,Rashee Rice,recyds,49.5,-110,draftkings,-114,fanduel,,,3
2978665,16689,Josh Downs,recyds,50.5,-111,draftkings,-113,draftkings,,,3
2978658,13424,DK Metcalf,recyds,52.5,-112,draftkings,-111,draftkings,,,3
2978656,15849,Jameson Williams,recyds,54.5,-114,draftkings,-110,draftkings,,,3
2978658,14506,Tee Higgins,recyds,54.5,-111,draftkings,-111,draftkings,,,3
2978645,17724,Ladd McConkey,recyds,55.5,-111,draftkings,-107,caesars,,,3
2978683,15404,Jaylen Waddle,recyds,57.5,-111,draftkings,-113,draftkings,,,3
2978656,15829,Garrett Wilson,recyds,66.5,-114,draftkings,-108,caesars,,,3
2978674,15902,Trey McBride,recyds,67.5,-113,draftkings,-111,draftkings,,,3
2978686,15406,DeVonta Smith,recyds,72.5,-112,draftkings,-112,draftkings,,,3
2978672,16654,Jaxon Smith-Njigba,recyds,91.5,-114,draftkings,-110,draftkings,,,3
2978658,4307,Aaron Rodgers,rushyds,0.5,-110,fanduel,-108,draftkings,,,3
2978683,5971,Matthew Stafford,rushyds,0.5,117,draftkings,-140,fanduel,,,2
2978666,10037,Jameis Winston,rushyds,7.5,-106,draftkings,-109,caesars,,,3
2978674,10919,Jacoby Brissett,rushyds,7.5,-114,fanduel,-107,draftkings,,,3
2978665,13491,Daniel Jones,rushyds,10.5,-114,fanduel,-109,draftkings,,,3
2978665,16886,C.J. Stroud,rushyds,10.5,-108,draftkings,-114,fanduel,,,3
2978666,16997,Cam Ward,rushyds,11.5,-114,fanduel,-109,draftkings,,,3
2978392,11008,Dak Prescott,rushyds,13.5,-106,draftkings,-114,fanduel,,,3
2978645,16810,Keaton Mitchell,rushyds,14.5,-114,fanduel,-107,draftkings,,,3
2978662,16807,Bryce Young,rushyds,15.5,-107,draftkings,-110,caesars,,,3
2978678,17037,Tyler Shough,rushyds,15.5,-112,caesars,-108,draftkings,,,3
2978653,15357,Trevor Lawrence,rushyds,16.5,-114,fanduel,-106,draftkings,,,3
2978683,16995,Bo Nix,rushyds,18.5,-109,draftkings,-110,caesars,,,3
2978649,11839,Patrick Mahomes,rushyds,18.5,-112,draftkings,-109,draftkings,,,3
2978642,15222,Kenny Gainwell,rushyds,19.5,-108,draftkings,-110,caesars,,,3
2978645,14446,Justin Herbert,rushyds,19.5,-109,draftkings,-113,draftkings,,,3
2978666,16941,Tyjae Spears,rushyds,22.5,-112,caesars,-108,draftkings,,,2
2978642,13613,Kyler Murray,rushyds,21.5,-107,draftkings,-114,fanduel,,,3
2978662,11712,Deshaun Watson,rushyds,26.5,-109,draftkings,-110,caesars,,,3
2978674,15976,Tyler Allgeier,rushyds,33.5,-114,draftkings,-110,draftkings,,,3
2978645,12483,Josh Allen,rushyds,34.5,-113,draftkings,-111,draftkings,,,3
2978674,19235,Jeremiyah Love,rushyds,38.5,-111,draftkings,-113,draftkings,,,3
2978672,18811,Jacory Croskey-Merritt,rushyds,39.5,-108,caesars,-110,draftkings,,,3
2978665,13556,David Montgomery,rushyds,48.5,-109,draftkings,-114,fanduel,,,3
2978683,14418,J.K. Dobbins,rushyds,50.5,-114,fanduel,-114,fanduel,,,2
2978683,15807,Kyren Williams,rushyds,54.5,-112,draftkings,-112,draftkings,,,3
2978656,15810,Breece Hall,rushyds,57.5,-114,draftkings,-110,draftkings,,,3
2978678,18487,Ashton Jeanty,rushyds,69.5,-113,draftkings,-111,draftkings,,,3
2978686,14394,D'Andre Swift,rushyds,68.5,-114,fanduel,-113,caesars,,,2
2978662,15242,Chuba Hubbard,rushyds,71.5,-110,draftkings,-114,draftkings,,,3
2978686,12507,Saquon Barkley,rushyds,73.5,-114,draftkings,-110,draftkings,,,3
2978665,14455,Jonathan Taylor,rushyds,81.5,-112,draftkings,-112,draftkings,,,3
2978656,16808,Jahmyr Gibbs,rushyds,87.5,-110,draftkings,-114,draftkings,,,3
2978392,10819,Derrick Henry,rushyds,90.5,-112,draftkings,-111,draftkings,,,3
2978653,16933,Chris Rodriguez,longrush,8.5,-118,draftkings,-110,draftkings,,,1
2978665,18449,Woody Marks,longrush,10.5,-109,draftkings,-118,draftkings,,,1
2978649,19240,Emmett Johnson,longrush,10.5,-124,draftkings,-105,draftkings,,,1
2978653,17673,Drake Maye,longrush,11.5,-114,draftkings,-113,draftkings,,,1
2978653,15372,Rhamondre Stevenson,longrush,11.5,-113,draftkings,-114,draftkings,,,1
2978683,17690,Blake Corum,longrush,12.5,-118,draftkings,-109,draftkings,,,1
2978653,18517,TreVeyon Henderson,longrush,12.5,-103,draftkings,-125,draftkings,,,1
2978666,13590,Tony Pollard,longrush,12.5,-116,draftkings,-111,draftkings,,,1
2978666,18514,Cam Skattebo,longrush,12.5,-105,draftkings,-124,draftkings,,,1
2978649,15872,Malik Willis,longrush,12.5,-122,draftkings,-106,draftkings,,,1
2978642,17784,Bucky Irving,longrush,13.5,-123,draftkings,-106,draftkings,,,1
2978642,11763,Aaron Jones,longrush,14.5,-101,draftkings,-127,draftkings,,,1
2978674,11690,Christian McCaffrey,longrush,13.5,-124,draftkings,-104,draftkings,,,1
2978653,18524,Bhayshul Tuten,longrush,13.5,-120,draftkings,-108,draftkings,,,1
2978658,15984,Jaylen Warren,longrush,13.5,-104,draftkings,-125,draftkings,,,1
2978392,15306,Javonte Williams,longrush,13.5,-106,draftkings,-123,draftkings,,,1
2978649,16661,De'Von Achane,longrush,14.5,-109,draftkings,-118,draftkings,,,1
2978658,16934,Chase Brown,longrush,14.5,-110,draftkings,-116,draftkings,,,1
2978645,18445,Omarion Hampton,longrush,14.5,-125,draftkings,104,caesars,,,2
2978645,15876,James Cook,longrush,17.5,-118,draftkings,-107,caesars,,,2
2978649,15909,Kenneth Walker,longrush,18.5,-123,draftkings,-106,draftkings,,,1
2978645,16226,Cameron Dicker,kickpts,5.5,-126,draftkings,100,caesars,,,2
2978672,18511,Drew Stevens,kickpts,5.5,-112,draftkings,-114,draftkings,,,1
2978392,17649,Brandon Aubrey,kickpts,6.5,-133,draftkings,104,draftkings,,,1
2978658,9646,Chris Boswell,kickpts,6.5,-120,draftkings,-106,draftkings,,,1
2978678,13673,Matt Gay,kickpts,6.5,-109,draftkings,-117,draftkings,,,1
2978665,18268,Spencer Shrader,kickpts,6.5,-126,draftkings,-101,draftkings,,,1
2978666,14172,Joey Slye,kickpts,6.5,-115,draftkings,-111,draftkings,,,1
2978653,18743,Andy Borregales,kickpts,7.5,109,draftkings,-139,draftkings,,,1
2978665,11031,Ka'imi Fairbairn,kickpts,7.5,102,draftkings,-130,draftkings,,,1
2978653,17926,Cam Little,kickpts,7.5,-104,draftkings,-123,draftkings,,,1
2978683,11309,Wil Lutz,kickpts,7.5,109,draftkings,-139,draftkings,,,1
2978666,18509,Dominic Zvada,kickpts,7.5,101,draftkings,-128,draftkings,,,1
2978645,14609,Tyler Bass,kickpts,8.5,106,draftkings,-136,draftkings,,,1
