pull_id,fetched_at_utc,game_id,player_id,player_name,team,opponent,market_slug,book_slug,line,over_price_american,under_price_american,moneyline_american,is_pregame,source_name
20260925T040447Z,2026-09-24 23:04:49.239385-05:00,2978656,16808,Jahmyr Gibbs,DET,NYJ,firsttd,draftkings,,,,310,True,rotowire
20260925T040447Z,2026-09-24 23:04:49.239385-05:00,2978656,16808,Jahmyr Gibbs,DET,NYJ,firsttd,fanduel,,,,260,True,rotowire
20260925T040447Z,2026-09-24 23:04:49.239385-05:00,2978656,16808,Jahmyr Gibbs,DET,NYJ,firsttd,caesars,,,,305,True,rotowire
20260925T040447Z,2026-09-24 23:04:49.239385-05:00,2978674,11690,Christian McCaffrey,SF,ARI,firsttd,draftkings,,,,300,True,rotowire
20260925T040447Z,2026-09-24 23:04:49.239385-05:00,2978674,11690,Christian McCaffrey,SF,ARI,firsttd,fanduel,,,,280,True,rotowire
20260925T040447Z,2026-09-24 23:04:49.239385-05:00,2978674,11690,Christian McCaffrey,SF,ARI,firsttd,caesars,,,,305,True,rotowire
20260925T040447Z,2026-09-24 23:04:49.239385-05:00,2978649,15909,Kenneth Walker,KC,@MIA,firsttd,draftkings,,,,340,True,rotowire
20260925T040447Z,2026-09-24 23:04:49.239385-05:00,2978649,15909,Kenneth Walker,KC,@MIA,firsttd,fanduel,,,,330,True,rotowire
20260925T040447Z,2026-09-24 23:04:49.239385-05:00,2978649,15909,Kenneth Walker,KC,@MIA,firsttd,caesars,,,,350,True,rotowire
20260925T040447Z,2026-09-24 23:04:49.239385-05:00,2978665,14455,Jonathan Taylor,IND,HOU,firsttd,draftkings,,,,350,True,rotowire
20260925T040447Z,2026-09-24 23:04:49.239385-05:00,2978665,14455,Jonathan Taylor,IND,HOU,firsttd,fanduel,,,,360,True,rotowire
20260925T040447Z,2026-09-24 23:04:49.239385-05:00,2978665,14455,Jonathan Taylor,IND,HOU,firsttd,caesars,,,,380,True,rotowire
20260925T040447Z,2026-09-24 23:04:49.239385-05:00,2978392,10819,Derrick Henry,BAL,@DAL,firsttd,draftkings,,,,360,True,rotowire
20260925T040447Z,2026-09-24 23:04:49.239385-05:00,2978392,10819,Derrick Henry,BAL,@DAL,firsttd,fanduel,,,,380,True,rotowire
20260925T040447Z,2026-09-24 23:04:49.239385-05:00,2978392,10819,Derrick Henry,BAL,@DAL,firsttd,caesars,,,,400,True,rotowire
20260925T040447Z,2026-09-24 23:04:49.239385-05:00,2978645,15876,James Cook,BUF,LAC,firsttd,draftkings,,,,400,True,rotowire
20260925T040447Z,2026-09-24 23:04:49.239385-05:00,2978645,15876,James Cook,BUF,LAC,firsttd,fanduel,,,,380,True,rotowire
20260925T040447Z,2026-09-24 23:04:49.239385-05:00,2978645,15876,James Cook,BUF,LAC,firsttd,caesars,,,,425,True,rotowire
20260925T040447Z,2026-09-24 23:04:49.239385-05:00,2978642,11763,Aaron Jones,MIN,@TB,firsttd,draftkings,,,,475,True,rotowire
20260925T040447Z,2026-09-24 23:04:49.239385-05:00,2978642,11763,Aaron Jones,MIN,@TB,firsttd,fanduel,,,,500,True,rotowire
20260925T040447Z,2026-09-24 23:04:49.239385-05:00,2978642,11763,Aaron Jones,MIN,@TB,firsttd,caesars,,,,500,True,rotowire
20260925T040447Z,2026-09-24 23:04:49.239385-05:00,2978658,16934,Chase Brown,CIN,@PIT,firsttd,draftkings,,,,475,True,rotowire
20260925T040447Z,2026-09-24 23:04:49.239385-05:00,2978658,16934,Chase Brown,CIN,@PIT,firsttd,fanduel,,,,490,True,rotowire
20260925T040447Z,2026-09-24 23:04:49.239385-05:00,2978658,16934,Chase Brown,CIN,@PIT,firsttd,caesars,,,,525,True,rotowire
20260925T040447Z,2026-09-24 23:04:49.239385-05:00,2978672,16654,Jaxon Smith-Njigba,SEA,@WAS,firsttd,draftkings,,,,550,True,rotowire
20260925T040447Z,2026-09-24 23:04:49.239385-05:00,2978672,16654,Jaxon Smith-Njigba,SEA,@WAS,firsttd,fanduel,,,,500,True,rotowire
20260925T040447Z,2026-09-24 23:04:49.239385-05:00,2978672,16654,Jaxon Smith-Njigba,SEA,@WAS,firsttd,caesars,,,,550,True,rotowire
20260925T040447Z,2026-09-24 23:04:49.239385-05:00,2978662,15242,Chuba Hubbard,CAR,@CLE,firsttd,draftkings,,,,450,True,rotowire
20260925T040447Z,2026-09-24 23:04:49.239385-05:00,2978662,15242,Chuba Hubbard,CAR,@CLE,firsttd,fanduel,,,,490,True,rotowire
20260925T040447Z,2026-09-24 23:04:49.239385-05:00,2978662,15242,Chuba Hubbard,CAR,@CLE,firsttd,caesars,,,,475,True,rotowire
20260925T040447Z,2026-09-24 23:04:49.239385-05:00,2978686,14394,D'Andre Swift,CHI,PHI,firsttd,draftkings,,,,475,True,rotowire
20260925T040447Z,2026-09-24 23:04:49.239385-05:00,2978686,14394,D'Andre Swift,CHI,PHI,firsttd,fanduel,,,,400,True,rotowire
20260925T040447Z,2026-09-24 23:04:49.239385-05:00,2978686,14394,D'Andre Swift,CHI,PHI,firsttd,caesars,,,,500,True,rotowire
20260925T040447Z,2026-09-24 23:04:49.239385-05:00,2978686,12507,Saquon Barkley,PHI,@CHI,firsttd,draftkings,,,,450,True,rotowire
20260925T040447Z,2026-09-24 23:04:49.239385-05:00,2978686,12507,Saquon Barkley,PHI,@CHI,firsttd,fanduel,,,,490,True,rotowire
20260925T040447Z,2026-09-24 23:04:49.239385-05:00,2978686,12507,Saquon Barkley,PHI,@CHI,firsttd,caesars,,,,500,True,rotowire
20260925T040447Z,2026-09-24 23:04:49.239385-05:00,2978666,18514,Cam Skattebo,NYG,TEN,firsttd,draftkings,,,,550,True,rotowire
20260925T040447Z,2026-09-24 23:04:49.239385-05:00,2978666,18514,Cam Skattebo,NYG,TEN,firsttd,fanduel,,,,480,True,rotowire
20260925T040447Z,2026-09-24 23:04:49.239385-05:00,2978666,18514,Cam Skattebo,NYG,TEN,firsttd,caesars,,,,550,True,rotowire
20260925T040447Z,2026-09-24 23:04:49.239385-05:00,2978645,12483,Josh Allen,BUF,LAC,firsttd,draftkings,,,,550,True,rotowire
20260925T040447Z,2026-09-24 23:04:49.239385-05:00,2978645,12483,Josh Allen,BUF,LAC,firsttd,fanduel,,,,550,True,rotowire
20260925T040447Z,2026-09-24 23:04:49.239385-05:00,2978645,12483,Josh Allen,BUF,LAC,firsttd,caesars,,,,575,True,rotowire
20260925T040447Z,2026-09-24 23:04:49.239385-05:00,2978683,15807,Kyren Williams,LAR,@DEN,firsttd,draftkings,,,,500,,rotowire
20260925T040447Z,2026-09-24 23:04:49.239385-05:00,2978683,15807,Kyren Williams,LAR,@DEN,firsttd,fanduel,,,,550,,rotowire
20260925T040447Z,2026-09-24 23:04:49.239385-05:00,2978683,15807,Kyren Williams,LAR,@DEN,firsttd,caesars,,,,575,,rotowire
20260925T040447Z,2026-09-24 23:04:49.239385-05:00,2978665,13556,David Montgomery,HOU,@IND,firsttd,draftkings,,,,500,True,rotowire
20260925T040447Z,2026-09-24 23:04:49.239385-05:00,2978665,13556,David Montgomery,HOU,@IND,firsttd,fanduel,,,,550,True,rotowire
20260925T040447Z,2026-09-24 23:04:49.239385-05:00,2978665,13556,David Montgomery,HOU,@IND,firsttd,caesars,,,,550,True,rotowire
20260925T040447Z,2026-09-24 23:04:49.239385-05:00,2978656,15332,Amon-Ra St. Brown,DET,NYJ,firsttd,draftkings,,,,500,True,rotowire
20260925T040447Z,2026-09-24 23:04:49.239385-05:00,2978656,15332,Amon-Ra St. Brown,DET,NYJ,firsttd,fanduel,,,,600,True,rotowire
20260925T040447Z,2026-09-24 23:04:49.239385-05:00,2978656,15332,Amon-Ra St. Brown,DET,NYJ,firsttd,caesars,,,,600,True,rotowire
20260925T040447Z,2026-09-24 23:04:49.239385-05:00,2978678,18487,Ashton Jeanty,LV,@NO,firsttd,draftkings,,,,475,True,rotowire
20260925T040447Z,2026-09-24 23:04:49.239385-05:00,2978678,18487,Ashton Jeanty,LV,@NO,firsttd,fanduel,,,,550,True,rotowire
20260925T040447Z,2026-09-24 23:04:49.239385-05:00,2978678,18487,Ashton Jeanty,LV,@NO,firsttd,caesars,,,,550,True,rotowire
20260925T040447Z,2026-09-24 23:04:49.239385-05:00,2978392,15306,Javonte Williams,DAL,BAL,firsttd,draftkings,,,,500,True,rotowire
20260925T040447Z,2026-09-24 23:04:49.239385-05:00,2978392,15306,Javonte Williams,DAL,BAL,firsttd,fanduel,,,,500,True,rotowire
20260925T040447Z,2026-09-24 23:04:49.239385-05:00,2978392,15306,Javonte Williams,DAL,BAL,firsttd,caesars,,,,550,True,rotowire
20260925T040447Z,2026-09-24 23:04:49.239385-05:00,2978658,15984,Jaylen Warren,PIT,CIN,firsttd,draftkings,,,,550,True,rotowire
20260925T040447Z,2026-09-24 23:04:49.239385-05:00,2978658,15984,Jaylen Warren,PIT,CIN,firsttd,fanduel,,,,600,True,rotowire
20260925T040447Z,2026-09-24 23:04:49.239385-05:00,2978658,15984,Jaylen Warren,PIT,CIN,firsttd,caesars,,,,625,True,rotowire
20260925T040447Z,2026-09-24 23:04:49.239385-05:00,2978658,15183,Ja'Marr Chase,CIN,@PIT,firsttd,draftkings,,,,700,True,rotowire
20260925T040447Z,2026-09-24 23:04:49.239385-05:00,2978658,15183,Ja'Marr Chase,CIN,@PIT,firsttd,fanduel,,,,650,True,rotowire
20260925T040447Z,2026-09-24 23:04:49.239385-05:00,2978658,15183,Ja'Marr Chase,CIN,@PIT,firsttd,caesars,,,,700,True,rotowire
20260925T040447Z,2026-09-24 23:04:49.239385-05:00,2978662,18516,Quinshon Judkins,CLE,CAR,firsttd,draftkings,,,,550,True,rotowire
20260925T040447Z,2026-09-24 23:04:49.239385-05:00,2978662,18516,Quinshon Judkins,CLE,CAR,firsttd,fanduel,,,,550,True,rotowire
20260925T040447Z,2026-09-24 23:04:49.239385-05:00,2978662,18516,Quinshon Judkins,CLE,CAR,firsttd,caesars,,,,600,True,rotowire
20260925T040447Z,2026-09-24 23:04:49.239385-05:00,2978666,13590,Tony Pollard,TEN,@NYG,firsttd,draftkings,,,,500,True,rotowire
20260925T040447Z,2026-09-24 23:04:49.239385-05:00,2978666,13590,Tony Pollard,TEN,@NYG,firsttd,fanduel,,,,550,True,rotowire
20260925T040447Z,2026-09-24 23:04:49.239385-05:00,2978666,13590,Tony Pollard,TEN,@NYG,firsttd,caesars,,,,575,True,rotowire
20260925T040447Z,2026-09-24 23:04:49.239385-05:00,2978686,14416,Jalen Hurts,PHI,@CHI,firsttd,draftkings,,,,750,True,rotowire
20260925T040447Z,2026-09-24 23:04:49.239385-05:00,2978686,14416,Jalen Hurts,PHI,@CHI,firsttd,fanduel,,,,750,True,rotowire
20260925T040447Z,2026-09-24 23:04:49.239385-05:00,2978686,14416,Jalen Hurts,PHI,@CHI,firsttd,caesars,,,,800,True,rotowire
20260925T040447Z,2026-09-24 23:04:49.239385-05:00,2978672,19299,Jadarian Price,SEA,@WAS,firsttd,draftkings,,,,700,True,rotowire
20260925T040447Z,2026-09-24 23:04:49.239385-05:00,2978672,19299,Jadarian Price,SEA,@WAS,firsttd,fanduel,,,,750,True,rotowire
20260925T040447Z,2026-09-24 23:04:49.239385-05:00,2978672,19299,Jadarian Price,SEA,@WAS,firsttd,caesars,,,,750,True,rotowire
20260925T040447Z,2026-09-24 23:04:49.239385-05:00,2978642,17784,Bucky Irving,TB,MIN,firsttd,draftkings,,,,650,True,rotowire
20260925T040447Z,2026-09-24 23:04:49.239385-05:00,2978642,17784,Bucky Irving,TB,MIN,firsttd,fanduel,,,,650,True,rotowire
20260925T040447Z,2026-09-24 23:04:49.239385-05:00,2978642,17784,Bucky Irving,TB,MIN,firsttd,caesars,,,,700,True,rotowire
20260925T040447Z,2026-09-24 23:04:49.239385-05:00,2978683,9455,Davante Adams,LAR,@DEN,firsttd,draftkings,,,,650,,rotowire
20260925T040447Z,2026-09-24 23:04:49.239385-05:00,2978683,9455,Davante Adams,LAR,@DEN,firsttd,fanduel,,,,700,,rotowire
20260925T040447Z,2026-09-24 23:04:49.239385-05:00,2978683,9455,Davante Adams,LAR,@DEN,firsttd,caesars,,,,700,,rotowire
20260925T040447Z,2026-09-24 23:04:49.239385-05:00,2978649,8783,Travis Kelce,KC,@MIA,firsttd,draftkings,,,,750,True,rotowire
20260925T040447Z,2026-09-24 23:04:49.239385-05:00,2978649,8783,Travis Kelce,KC,@MIA,firsttd,fanduel,,,,800,True,rotowire
20260925T040447Z,2026-09-24 23:04:49.239385-05:00,2978649,8783,Travis Kelce,KC,@MIA,firsttd,caesars,,,,800,True,rotowire
20260925T040447Z,2026-09-24 23:04:49.239385-05:00,2978645,18445,Omarion Hampton,LAC,@BUF,firsttd,draftkings,,,,550,True,rotowire
20260925T040447Z,2026-09-24 23:04:49.239385-05:00,2978645,18445,Omarion Hampton,LAC,@BUF,firsttd,fanduel,,,,700,True,rotowire
20260925T040447Z,2026-09-24 23:04:49.239385-05:00,2978645,18445,Omarion Hampton,LAC,@BUF,firsttd,caesars,,,,675,True,rotowire
20260925T040447Z,2026-09-24 23:04:49.239385-05:00,2978656,15810,Breece Hall,NYJ,@DET,firsttd,draftkings,,,,700,True,rotowire
20260925T040447Z,2026-09-24 23:04:49.239385-05:00,2978656,15810,Breece Hall,NYJ,@DET,firsttd,fanduel,,,,700,True,rotowire
20260925T040447Z,2026-09-24 23:04:49.239385-05:00,2978656,15810,Breece Hall,NYJ,@DET,firsttd,caesars,,,,700,True,rotowire
20260925T040447Z,2026-09-24 23:04:49.239385-05:00,2978649,16963,Rashee Rice,KC,@MIA,firsttd,draftkings,,,,700,True,rotowire
20260925T040447Z,2026-09-24 23:04:49.239385-05:00,2978649,16963,Rashee Rice,KC,@MIA,firsttd,fanduel,,,,700,True,rotowire
20260925T040447Z,2026-09-24 23:04:49.239385-05:00,2978649,16963,Rashee Rice,KC,@MIA,firsttd,caesars,,,,750,True,rotowire
20260925T040447Z,2026-09-24 23:04:49.239385-05:00,2978678,15385,Travis Etienne,NO,LV,firsttd,draftkings,,,,700,True,rotowire
20260925T040447Z,2026-09-24 23:04:49.239385-05:00,2978678,15385,Travis Etienne,NO,LV,firsttd,fanduel,,,,750,True,rotowire
20260925T040447Z,2026-09-24 23:04:49.239385-05:00,2978678,15385,Travis Etienne,NO,LV,firsttd,caesars,,,,750,True,rotowire
20260925T040447Z,2026-09-24 23:04:49.239385-05:00,2978649,16661,De'Von Achane,MIA,KC,firsttd,draftkings,,,,700,True,rotowire
20260925T040447Z,2026-09-24 23:04:49.239385-05:00,2978649,16661,De'Von Achane,MIA,KC,firsttd,fanduel,,,,800,True,rotowire
20260925T040447Z,2026-09-24 23:04:49.239385-05:00,2978649,16661,De'Von Achane,MIA,KC,firsttd,caesars,,,,750,True,rotowire
20260925T040447Z,2026-09-24 23:04:49.239385-05:00,2978653,18524,Bhayshul Tuten,JAX,NE,firsttd,draftkings,,,,700,True,rotowire
20260925T040447Z,2026-09-24 23:04:49.239385-05:00,2978653,18524,Bhayshul Tuten,JAX,NE,firsttd,fanduel,,,,800,True,rotowire
20260925T040447Z,2026-09-24 23:04:49.239385-05:00,2978653,18524,Bhayshul Tuten,JAX,NE,firsttd,caesars,,,,750,True,rotowire
20260925T040447Z,2026-09-24 23:04:49.239385-05:00,2978658,14657,Rico Dowdle,PIT,CIN,firsttd,draftkings,,,,650,True,rotowire
20260925T040447Z,2026-09-24 23:04:49.239385-05:00,2978658,14657,Rico Dowdle,PIT,CIN,firsttd,caesars,,,,700,True,rotowire
20260925T040447Z,2026-09-24 23:04:49.239385-05:00,2978686,15406,DeVonta Smith,PHI,@CHI,firsttd,draftkings,,,,900,True,rotowire
20260925T040447Z,2026-09-24 23:04:49.239385-05:00,2978686,15406,DeVonta Smith,PHI,@CHI,firsttd,fanduel,,,,950,True,rotowire
20260925T040447Z,2026-09-24 23:04:49.239385-05:00,2978686,15406,DeVonta Smith,PHI,@CHI,firsttd,caesars,,,,950,True,rotowire
20260925T040447Z,2026-09-24 23:04:49.239385-05:00,2978678,15895,Chris Olave,NO,LV,firsttd,draftkings,,,,750,True,rotowire
20260925T040447Z,2026-09-24 23:04:49.239385-05:00,2978678,15895,Chris Olave,NO,LV,firsttd,fanduel,,,,850,True,rotowire
20260925T040447Z,2026-09-24 23:04:49.239385-05:00,2978678,15895,Chris Olave,NO,LV,firsttd,caesars,,,,800,True,rotowire
20260925T040447Z,2026-09-24 23:04:49.239385-05:00,2978683,14418,J.K. Dobbins,DEN,LAR,firsttd,draftkings,,,,650,True,rotowire
20260925T040447Z,2026-09-24 23:04:49.239385-05:00,2978683,14418,J.K. Dobbins,DEN,LAR,firsttd,fanduel,,,,700,True,rotowire
20260925T040447Z,2026-09-24 23:04:49.239385-05:00,2978683,14418,J.K. Dobbins,DEN,LAR,firsttd,caesars,,,,700,True,rotowire
20260925T040447Z,2026-09-24 23:04:49.239385-05:00,2978658,14506,Tee Higgins,CIN,@PIT,firsttd,draftkings,,,,900,True,rotowire
20260925T040447Z,2026-09-24 23:04:49.239385-05:00,2978658,14506,Tee Higgins,CIN,@PIT,firsttd,fanduel,,,,850,True,rotowire
20260925T040447Z,2026-09-24 23:04:49.239385-05:00,2978658,14506,Tee Higgins,CIN,@PIT,firsttd,caesars,,,,900,True,rotowire
20260925T040447Z,2026-09-24 23:04:49.239385-05:00,2978662,18547,Tetairoa McMillan,CAR,@CLE,firsttd,draftkings,,,,950,True,rotowire
20260925T040447Z,2026-09-24 23:04:49.239385-05:00,2978662,18547,Tetairoa McMillan,CAR,@CLE,firsttd,fanduel,,,,1000,True,rotowire
20260925T040447Z,2026-09-24 23:04:49.239385-05:00,2978662,18547,Tetairoa McMillan,CAR,@CLE,firsttd,caesars,,,,1000,True,rotowire
20260925T040447Z,2026-09-24 23:04:49.239385-05:00,2978642,14509,Justin Jefferson,MIN,@TB,firsttd,draftkings,,,,900,True,rotowire
20260925T040447Z,2026-09-24 23:04:49.239385-05:00,2978642,14509,Justin Jefferson,MIN,@TB,firsttd,fanduel,,,,800,True,rotowire
20260925T040447Z,2026-09-24 23:04:49.239385-05:00,2978642,14509,Justin Jefferson,MIN,@TB,firsttd,caesars,,,,850,True,rotowire
20260925T040447Z,2026-09-24 23:04:49.239385-05:00,2978672,17593,Emanuel Wilson,SEA,@WAS,firsttd,draftkings,,,,950,True,rotowire
20260925T040447Z,2026-09-24 23:04:49.239385-05:00,2978672,17593,Emanuel Wilson,SEA,@WAS,firsttd,fanduel,,,,1000,True,rotowire
20260925T040447Z,2026-09-24 23:04:49.239385-05:00,2978672,17593,Emanuel Wilson,SEA,@WAS,firsttd,caesars,,,,1000,True,rotowire
20260925T040447Z,2026-09-24 23:04:49.239385-05:00,2978678,11732,Alvin Kamara,NO,LV,firsttd,draftkings,,,,750,True,rotowire
20260925T040447Z,2026-09-24 23:04:49.239385-05:00,2978678,11732,Alvin Kamara,NO,LV,firsttd,fanduel,,,,750,True,rotowire
20260925T040447Z,2026-09-24 23:04:49.239385-05:00,2978678,11732,Alvin Kamara,NO,LV,firsttd,caesars,,,,800,True,rotowire
20260925T040447Z,2026-09-24 23:04:49.239385-05:00,2978683,19241,Jonah Coleman,DEN,LAR,firsttd,draftkings,,,,1600,True,rotowire
20260925T040447Z,2026-09-24 23:04:49.239385-05:00,2978683,19241,Jonah Coleman,DEN,LAR,firsttd,fanduel,,,,1500,True,rotowire
20260925T040447Z,2026-09-24 23:04:49.239385-05:00,2978683,19241,Jonah Coleman,DEN,LAR,firsttd,caesars,,,,1500,True,rotowire
20260925T040447Z,2026-09-24 23:04:49.239385-05:00,2978674,9253,Mike Evans,SF,ARI,firsttd,draftkings,,,,900,True,rotowire
20260925T040447Z,2026-09-24 23:04:49.239385-05:00,2978674,9253,Mike Evans,SF,ARI,firsttd,fanduel,,,,900,True,rotowire
20260925T040447Z,2026-09-24 23:04:49.239385-05:00,2978674,9253,Mike Evans,SF,ARI,firsttd,caesars,,,,900,True,rotowire
20260925T040447Z,2026-09-24 23:04:49.239385-05:00,2978649,17687,Xavier Worthy,KC,@MIA,firsttd,draftkings,,,,900,True,rotowire
20260925T040447Z,2026-09-24 23:04:49.239385-05:00,2978649,17687,Xavier Worthy,KC,@MIA,firsttd,fanduel,,,,950,True,rotowire
20260925T040447Z,2026-09-24 23:04:49.239385-05:00,2978649,17687,Xavier Worthy,KC,@MIA,firsttd,caesars,,,,1000,True,rotowire
20260925T040447Z,2026-09-24 23:04:49.239385-05:00,2978653,16690,Parker Washington,JAX,NE,firsttd,draftkings,,,,1000,True,rotowire
20260925T040447Z,2026-09-24 23:04:49.239385-05:00,2978653,16690,Parker Washington,JAX,NE,firsttd,fanduel,,,,900,True,rotowire
20260925T040447Z,2026-09-24 23:04:49.239385-05:00,2978653,16690,Parker Washington,JAX,NE,firsttd,caesars,,,,950,True,rotowire
20260925T040447Z,2026-09-24 23:04:49.239385-05:00,2978666,17704,Malik Nabers,NYG,TEN,firsttd,draftkings,,,,1000,True,rotowire
20260925T040447Z,2026-09-24 23:04:49.239385-05:00,2978666,17704,Malik Nabers,NYG,TEN,firsttd,fanduel,,,,1000,True,rotowire
20260925T040447Z,2026-09-24 23:04:49.239385-05:00,2978666,17704,Malik Nabers,NYG,TEN,firsttd,caesars,,,,1000,True,rotowire
20260925T040447Z,2026-09-24 23:04:49.239385-05:00,2978665,12514,Dalton Schultz,HOU,@IND,firsttd,draftkings,,,,1000,True,rotowire
20260925T040447Z,2026-09-24 23:04:49.239385-05:00,2978665,12514,Dalton Schultz,HOU,@IND,firsttd,fanduel,,,,1200,True,rotowire
20260925T040447Z,2026-09-24 23:04:49.239385-05:00,2978665,12514,Dalton Schultz,HOU,@IND,firsttd,caesars,,,,1100,True,rotowire
20260925T040447Z,2026-09-24 23:04:49.239385-05:00,2978392,14411,CeeDee Lamb,DAL,BAL,firsttd,draftkings,,,,950,True,rotowire
20260925T040447Z,2026-09-24 23:04:49.239385-05:00,2978392,14411,CeeDee Lamb,DAL,BAL,firsttd,fanduel,,,,1000,True,rotowire
20260925T040447Z,2026-09-24 23:04:49.239385-05:00,2978392,14411,CeeDee Lamb,DAL,BAL,firsttd,caesars,,,,1000,True,rotowire
20260925T040447Z,2026-09-24 23:04:49.239385-05:00,2978656,15849,Jameson Williams,DET,NYJ,firsttd,draftkings,,,,1000,True,rotowire
20260925T040447Z,2026-09-24 23:04:49.239385-05:00,2978656,15849,Jameson Williams,DET,NYJ,firsttd,fanduel,,,,950,True,rotowire
20260925T040447Z,2026-09-24 23:04:49.239385-05:00,2978656,15849,Jameson Williams,DET,NYJ,firsttd,caesars,,,,1000,True,rotowire
20260925T040447Z,2026-09-24 23:04:49.239385-05:00,2978656,17033,Sam LaPorta,DET,NYJ,firsttd,draftkings,,,,1000,True,rotowire
20260925T040447Z,2026-09-24 23:04:49.239385-05:00,2978656,17033,Sam LaPorta,DET,NYJ,firsttd,fanduel,,,,1100,True,rotowire
20260925T040447Z,2026-09-24 23:04:49.239385-05:00,2978656,17033,Sam LaPorta,DET,NYJ,firsttd,caesars,,,,1000,True,rotowire
20260925T040447Z,2026-09-24 23:04:49.239385-05:00,2978674,11892,George Kittle,SF,ARI,firsttd,draftkings,,,,1000,True,rotowire
20260925T040447Z,2026-09-24 23:04:49.239385-05:00,2978674,11892,George Kittle,SF,ARI,firsttd,fanduel,,,,1000,True,rotowire
20260925T040447Z,2026-09-24 23:04:49.239385-05:00,2978674,11892,George Kittle,SF,ARI,firsttd,caesars,,,,1000,True,rotowire
20260925T040447Z,2026-09-24 23:04:49.239385-05:00,2978392,12559,Mark Andrews,BAL,@DAL,firsttd,draftkings,,,,950,True,rotowire
20260925T040447Z,2026-09-24 23:04:49.239385-05:00,2978392,12559,Mark Andrews,BAL,@DAL,firsttd,fanduel,,,,1000,True,rotowire
20260925T040447Z,2026-09-24 23:04:49.239385-05:00,2978392,12559,Mark Andrews,BAL,@DAL,firsttd,caesars,,,,1000,True,rotowire
20260925T040447Z,2026-09-24 23:04:49.239385-05:00,2978674,13429,Deebo Samuel,SF,ARI,firsttd,draftkings,,,,1200,True,rotowire
20260925T040447Z,2026-09-24 23:04:49.239385-05:00,2978674,13429,Deebo Samuel,SF,ARI,firsttd,fanduel,,,,1000,True,rotowire
20260925T040447Z,2026-09-24 23:04:49.239385-05:00,2978674,13429,Deebo Samuel,SF,ARI,firsttd,caesars,,,,1100,True,rotowire
20260925T040447Z,2026-09-24 23:04:49.239385-05:00,2978653,18517,TreVeyon Henderson,NE,@JAX,firsttd,draftkings,,,,900,True,rotowire
20260925T040447Z,2026-09-24 23:04:49.239385-05:00,2978653,18517,TreVeyon Henderson,NE,@JAX,firsttd,fanduel,,,,1000,True,rotowire
20260925T040447Z,2026-09-24 23:04:49.239385-05:00,2978653,18517,TreVeyon Henderson,NE,@JAX,firsttd,caesars,,,,1000,True,rotowire
20260925T040447Z,2026-09-24 23:04:49.239385-05:00,2978674,19235,Jeremiyah Love,ARI,@SF,firsttd,draftkings,,,,1000,True,rotowire
20260925T040447Z,2026-09-24 23:04:49.239385-05:00,2978674,19235,Jeremiyah Love,ARI,@SF,firsttd,fanduel,,,,1100,True,rotowire
20260925T040447Z,2026-09-24 23:04:49.239385-05:00,2978674,19235,Jeremiyah Love,ARI,@SF,firsttd,caesars,,,,1000,True,rotowire
20260925T040447Z,2026-09-24 23:04:49.239385-05:00,2978653,15372,Rhamondre Stevenson,NE,@JAX,firsttd,draftkings,,,,900,True,rotowire
20260925T040447Z,2026-09-24 23:04:49.239385-05:00,2978653,15372,Rhamondre Stevenson,NE,@JAX,firsttd,fanduel,,,,850,True,rotowire
20260925T040447Z,2026-09-24 23:04:49.239385-05:00,2978653,15372,Rhamondre Stevenson,NE,@JAX,firsttd,caesars,,,,900,True,rotowire
20260925T040447Z,2026-09-24 23:04:49.239385-05:00,2978672,18811,Jacory Croskey-Merritt,WAS,SEA,firsttd,draftkings,,,,850,True,rotowire
20260925T040447Z,2026-09-24 23:04:49.239385-05:00,2978672,18811,Jacory Croskey-Merritt,WAS,SEA,firsttd,fanduel,,,,1100,True,rotowire
20260925T040447Z,2026-09-24 23:04:49.239385-05:00,2978672,18811,Jacory Croskey-Merritt,WAS,SEA,firsttd,caesars,,,,1000,True,rotowire
20260925T040447Z,2026-09-24 23:04:49.239385-05:00,2978672,17811,AJ Barner,SEA,@WAS,firsttd,draftkings,,,,1400,True,rotowire
20260925T040447Z,2026-09-24 23:04:49.239385-05:00,2978672,17811,AJ Barner,SEA,@WAS,firsttd,fanduel,,,,1400,True,rotowire
20260925T040447Z,2026-09-24 23:04:49.239385-05:00,2978672,17811,AJ Barner,SEA,@WAS,firsttd,caesars,,,,1400,True,rotowire
20260925T040447Z,2026-09-24 23:04:49.239385-05:00,2978662,17976,Jalen Coker,CAR,@CLE,firsttd,draftkings,,,,1100,True,rotowire
20260925T040447Z,2026-09-24 23:04:49.239385-05:00,2978662,17976,Jalen Coker,CAR,@CLE,firsttd,fanduel,,,,1100,True,rotowire
20260925T040447Z,2026-09-24 23:04:49.239385-05:00,2978662,17976,Jalen Coker,CAR,@CLE,firsttd,caesars,,,,1100,True,rotowire
20260925T040447Z,2026-09-24 23:04:49.239385-05:00,2978645,12477,DJ Moore,BUF,LAC,firsttd,draftkings,,,,950,True,rotowire
20260925T040447Z,2026-09-24 23:04:49.239385-05:00,2978645,12477,DJ Moore,BUF,LAC,firsttd,fanduel,,,,1000,True,rotowire
20260925T040447Z,2026-09-24 23:04:49.239385-05:00,2978645,12477,DJ Moore,BUF,LAC,firsttd,caesars,,,,1000,True,rotowire
20260925T040447Z,2026-09-24 23:04:49.239385-05:00,2978672,17968,George Holani,SEA,@WAS,firsttd,draftkings,,,,1300,True,rotowire
20260925T040447Z,2026-09-24 23:04:49.239385-05:00,2978672,17968,George Holani,SEA,@WAS,firsttd,fanduel,,,,1500,True,rotowire
20260925T040447Z,2026-09-24 23:04:49.239385-05:00,2978672,17968,George Holani,SEA,@WAS,firsttd,caesars,,,,1500,True,rotowire
20260925T040447Z,2026-09-24 23:04:49.239385-05:00,2978653,16933,Chris Rodriguez,JAX,NE,firsttd,draftkings,,,,1200,True,rotowire
20260925T040447Z,2026-09-24 23:04:49.239385-05:00,2978653,16933,Chris Rodriguez,JAX,NE,firsttd,fanduel,,,,1300,True,rotowire
20260925T040447Z,2026-09-24 23:04:49.239385-05:00,2978653,16933,Chris Rodriguez,JAX,NE,firsttd,caesars,,,,1300,True,rotowire
20260925T040447Z,2026-09-24 23:04:49.239385-05:00,2978678,17693,Brock Bowers,LV,@NO,firsttd,draftkings,,,,1100,True,rotowire
20260925T040447Z,2026-09-24 23:04:49.239385-05:00,2978678,17693,Brock Bowers,LV,@NO,firsttd,fanduel,,,,1200,True,rotowire
20260925T040447Z,2026-09-24 23:04:49.239385-05:00,2978678,17693,Brock Bowers,LV,@NO,firsttd,caesars,,,,1200,True,rotowire
20260925T040447Z,2026-09-24 23:04:49.239385-05:00,2978683,15404,Jaylen Waddle,DEN,LAR,firsttd,draftkings,,,,1200,True,rotowire
20260925T040447Z,2026-09-24 23:04:49.239385-05:00,2978683,15404,Jaylen Waddle,DEN,LAR,firsttd,fanduel,,,,1100,True,rotowire
20260925T040447Z,2026-09-24 23:04:49.239385-05:00,2978683,15404,Jaylen Waddle,DEN,LAR,firsttd,caesars,,,,1200,True,rotowire
20260925T040447Z,2026-09-24 23:04:49.239385-05:00,2978392,15210,Rashod Bateman,BAL,@DAL,firsttd,draftkings,,,,1100,True,rotowire
20260925T040447Z,2026-09-24 23:04:49.239385-05:00,2978392,15210,Rashod Bateman,BAL,@DAL,firsttd,fanduel,,,,1100,True,rotowire
20260925T040447Z,2026-09-24 23:04:49.239385-05:00,2978392,15210,Rashod Bateman,BAL,@DAL,firsttd,caesars,,,,1100,True,rotowire
20260925T040447Z,2026-09-24 23:04:49.239385-05:00,2978665,18534,Tyler Warren,IND,HOU,firsttd,draftkings,,,,1200,True,rotowire
20260925T040447Z,2026-09-24 23:04:49.239385-05:00,2978665,18534,Tyler Warren,IND,HOU,firsttd,fanduel,,,,1100,True,rotowire
20260925T040447Z,2026-09-24 23:04:49.239385-05:00,2978665,18534,Tyler Warren,IND,HOU,firsttd,caesars,,,,1100,True,rotowire
20260925T040447Z,2026-09-24 23:04:49.239385-05:00,2978662,19298,Denzel Boston,CLE,CAR,firsttd,draftkings,,,,1200,True,rotowire
20260925T040447Z,2026-09-24 23:04:49.239385-05:00,2978662,19298,Denzel Boston,CLE,CAR,firsttd,fanduel,,,,1100,True,rotowire
20260925T040447Z,2026-09-24 23:04:49.239385-05:00,2978662,19298,Denzel Boston,CLE,CAR,firsttd,caesars,,,,1200,True,rotowire
20260925T040447Z,2026-09-24 23:04:49.239385-05:00,2978658,13424,DK Metcalf,PIT,CIN,firsttd,draftkings,,,,1200,True,rotowire
20260925T040447Z,2026-09-24 23:04:49.239385-05:00,2978658,13424,DK Metcalf,PIT,CIN,firsttd,fanduel,,,,1000,True,rotowire
20260925T040447Z,2026-09-24 23:04:49.239385-05:00,2978658,13424,DK Metcalf,PIT,CIN,firsttd,caesars,,,,1100,True,rotowire
20260925T040447Z,2026-09-24 23:04:49.239385-05:00,2978686,18520,Kyle Monangai,CHI,PHI,firsttd,draftkings,,,,1000,True,rotowire
20260925T040447Z,2026-09-24 23:04:49.239385-05:00,2978686,18520,Kyle Monangai,CHI,PHI,firsttd,caesars,,,,1100,True,rotowire
20260925T040447Z,2026-09-24 23:04:49.239385-05:00,2978686,16658,Dontayvion Wicks,PHI,@CHI,firsttd,draftkings,,,,1400,True,rotowire
20260925T040447Z,2026-09-24 23:04:49.239385-05:00,2978686,16658,Dontayvion Wicks,PHI,@CHI,firsttd,fanduel,,,,1600,True,rotowire
20260925T040447Z,2026-09-24 23:04:49.239385-05:00,2978686,16658,Dontayvion Wicks,PHI,@CHI,firsttd,caesars,,,,1600,True,rotowire
20260925T040447Z,2026-09-24 23:04:49.239385-05:00,2978392,15853,George Pickens,DAL,BAL,firsttd,draftkings,,,,1200,True,rotowire
20260925T040447Z,2026-09-24 23:04:49.239385-05:00,2978392,15853,George Pickens,DAL,BAL,firsttd,fanduel,,,,1200,True,rotowire
20260925T040447Z,2026-09-24 23:04:49.239385-05:00,2978392,15853,George Pickens,DAL,BAL,firsttd,caesars,,,,1200,True,rotowire
20260925T040447Z,2026-09-24 23:04:49.239385-05:00,2978642,18549,Emeka Egbuka,TB,MIN,firsttd,draftkings,,,,1200,True,rotowire
20260925T040447Z,2026-09-24 23:04:49.239385-05:00,2978642,18549,Emeka Egbuka,TB,MIN,firsttd,fanduel,,,,1200,True,rotowire
20260925T040447Z,2026-09-24 23:04:49.239385-05:00,2978642,18549,Emeka Egbuka,TB,MIN,firsttd,caesars,,,,1300,True,rotowire
20260925T040447Z,2026-09-24 23:04:49.239385-05:00,2978392,12561,Lamar Jackson,BAL,@DAL,firsttd,draftkings,,,,1200,True,rotowire
20260925T040447Z,2026-09-24 23:04:49.239385-05:00,2978392,12561,Lamar Jackson,BAL,@DAL,firsttd,fanduel,,,,1200,True,rotowire
20260925T040447Z,2026-09-24 23:04:49.239385-05:00,2978392,12561,Lamar Jackson,BAL,@DAL,firsttd,caesars,,,,1200,True,rotowire
20260925T040447Z,2026-09-24 23:04:49.239385-05:00,2978645,16697,Dalton Kincaid,BUF,LAC,firsttd,draftkings,,,,1100,True,rotowire
20260925T040447Z,2026-09-24 23:04:49.239385-05:00,2978645,16697,Dalton Kincaid,BUF,LAC,firsttd,fanduel,,,,1200,True,rotowire
20260925T040447Z,2026-09-24 23:04:49.239385-05:00,2978645,16697,Dalton Kincaid,BUF,LAC,firsttd,caesars,,,,1200,True,rotowire
20260925T040447Z,2026-09-24 23:04:49.239385-05:00,2978645,15892,Khalil Shakir,BUF,LAC,firsttd,draftkings,,,,1100,True,rotowire
20260925T040447Z,2026-09-24 23:04:49.239385-05:00,2978645,15892,Khalil Shakir,BUF,LAC,firsttd,fanduel,,,,1300,True,rotowire
20260925T040447Z,2026-09-24 23:04:49.239385-05:00,2978645,15892,Khalil Shakir,BUF,LAC,firsttd,caesars,,,,1200,True,rotowire
20260925T040447Z,2026-09-24 23:04:49.239385-05:00,2978665,16689,Josh Downs,IND,HOU,firsttd,draftkings,,,,1300,True,rotowire
20260925T040447Z,2026-09-24 23:04:49.239385-05:00,2978665,16689,Josh Downs,IND,HOU,firsttd,fanduel,,,,1300,True,rotowire
20260925T040447Z,2026-09-24 23:04:49.239385-05:00,2978665,16689,Josh Downs,IND,HOU,firsttd,caesars,,,,1400,True,rotowire
20260925T040447Z,2026-09-24 23:04:49.239385-05:00,2978674,15976,Tyler Allgeier,ARI,@SF,firsttd,draftkings,,,,1100,True,rotowire
20260925T040447Z,2026-09-24 23:04:49.239385-05:00,2978674,15976,Tyler Allgeier,ARI,@SF,firsttd,fanduel,,,,1000,True,rotowire
20260925T040447Z,2026-09-24 23:04:49.239385-05:00,2978674,15976,Tyler Allgeier,ARI,@SF,firsttd,caesars,,,,1100,True,rotowire
20260925T040447Z,2026-09-24 23:04:49.239385-05:00,2978678,14630,Juwan Johnson,NO,LV,firsttd,draftkings,,,,1200,True,rotowire
20260925T040447Z,2026-09-24 23:04:49.239385-05:00,2978678,14630,Juwan Johnson,NO,LV,firsttd,fanduel,,,,1400,True,rotowire
20260925T040447Z,2026-09-24 23:04:49.239385-05:00,2978678,14630,Juwan Johnson,NO,LV,firsttd,caesars,,,,1400,True,rotowire
20260925T040447Z,2026-09-24 23:04:49.239385-05:00,2978665,16795,Kayshon Boutte,HOU,@IND,firsttd,draftkings,,,,1400,True,rotowire
20260925T040447Z,2026-09-24 23:04:49.239385-05:00,2978665,16795,Kayshon Boutte,HOU,@IND,firsttd,fanduel,,,,1500,True,rotowire
20260925T040447Z,2026-09-24 23:04:49.239385-05:00,2978665,16795,Kayshon Boutte,HOU,@IND,firsttd,caesars,,,,1400,True,rotowire
20260925T040447Z,2026-09-24 23:04:49.239385-05:00,2978662,18472,Harold Fannin,CLE,CAR,firsttd,draftkings,,,,1200,True,rotowire
20260925T040447Z,2026-09-24 23:04:49.239385-05:00,2978662,18472,Harold Fannin,CLE,CAR,firsttd,fanduel,,,,1300,True,rotowire
20260925T040447Z,2026-09-24 23:04:49.239385-05:00,2978662,18472,Harold Fannin,CLE,CAR,firsttd,caesars,,,,1200,True,rotowire
20260925T040447Z,2026-09-24 23:04:49.239385-05:00,2978666,16033,Isaiah Likely,NYG,TEN,firsttd,draftkings,,,,1300,True,rotowire
20260925T040447Z,2026-09-24 23:04:49.239385-05:00,2978666,16033,Isaiah Likely,NYG,TEN,firsttd,fanduel,,,,1300,True,rotowire
20260925T040447Z,2026-09-24 23:04:49.239385-05:00,2978666,16033,Isaiah Likely,NYG,TEN,firsttd,caesars,,,,1300,True,rotowire
20260925T040447Z,2026-09-24 23:04:49.239385-05:00,2978665,18449,Woody Marks,HOU,@IND,firsttd,draftkings,,,,1200,True,rotowire
20260925T040447Z,2026-09-24 23:04:49.239385-05:00,2978665,18449,Woody Marks,HOU,@IND,firsttd,fanduel,,,,1300,True,rotowire
20260925T040447Z,2026-09-24 23:04:49.239385-05:00,2978665,18449,Woody Marks,HOU,@IND,firsttd,caesars,,,,1300,True,rotowire
20260925T040447Z,2026-09-24 23:04:49.239385-05:00,2978666,16941,Tyjae Spears,TEN,@NYG,firsttd,draftkings,,,,1300,True,rotowire
20260925T040447Z,2026-09-24 23:04:49.239385-05:00,2978666,16941,Tyjae Spears,TEN,@NYG,firsttd,caesars,,,,1300,True,rotowire
20260925T040447Z,2026-09-24 23:04:49.239385-05:00,2978683,18497,Terrance Ferguson,LAR,@DEN,firsttd,draftkings,,,,1300,,rotowire
20260925T040447Z,2026-09-24 23:04:49.239385-05:00,2978683,18497,Terrance Ferguson,LAR,@DEN,firsttd,fanduel,,,,1100,,rotowire
20260925T040447Z,2026-09-24 23:04:49.239385-05:00,2978683,18497,Terrance Ferguson,LAR,@DEN,firsttd,caesars,,,,1200,,rotowire
20260925T040447Z,2026-09-24 23:04:49.239385-05:00,2978672,16560,Rashid Shaheed,SEA,@WAS,firsttd,draftkings,,,,1500,True,rotowire
20260925T040447Z,2026-09-24 23:04:49.239385-05:00,2978672,16560,Rashid Shaheed,SEA,@WAS,firsttd,fanduel,,,,1400,True,rotowire
20260925T040447Z,2026-09-24 23:04:49.239385-05:00,2978672,16560,Rashid Shaheed,SEA,@WAS,firsttd,caesars,,,,1400,True,rotowire
20260925T040447Z,2026-09-24 23:04:49.239385-05:00,2978665,16932,Xavier Hutchinson,HOU,@IND,firsttd,draftkings,,,,1400,True,rotowire
20260925T040447Z,2026-09-24 23:04:49.239385-05:00,2978665,16932,Xavier Hutchinson,HOU,@IND,firsttd,fanduel,,,,1600,True,rotowire
20260925T040447Z,2026-09-24 23:04:49.239385-05:00,2978665,16932,Xavier Hutchinson,HOU,@IND,firsttd,caesars,,,,1600,True,rotowire
20260925T040447Z,2026-09-24 23:04:49.239385-05:00,2978656,15829,Garrett Wilson,NYJ,@DET,firsttd,draftkings,,,,1300,True,rotowire
20260925T040447Z,2026-09-24 23:04:49.239385-05:00,2978656,15829,Garrett Wilson,NYJ,@DET,firsttd,fanduel,,,,1400,True,rotowire
20260925T040447Z,2026-09-24 23:04:49.239385-05:00,2978656,15829,Garrett Wilson,NYJ,@DET,firsttd,caesars,,,,1300,True,rotowire
20260925T040447Z,2026-09-24 23:04:49.239385-05:00,2978642,15222,Kenny Gainwell,TB,MIN,firsttd,draftkings,,,,1200,True,rotowire
20260925T040447Z,2026-09-24 23:04:49.239385-05:00,2978642,15222,Kenny Gainwell,TB,MIN,firsttd,fanduel,,,,1500,True,rotowire
20260925T040447Z,2026-09-24 23:04:49.239385-05:00,2978642,15222,Kenny Gainwell,TB,MIN,firsttd,caesars,,,,1400,True,rotowire
20260925T040447Z,2026-09-24 23:04:49.239385-05:00,2978683,12586,Courtland Sutton,DEN,LAR,firsttd,draftkings,,,,1300,True,rotowire
20260925T040447Z,2026-09-24 23:04:49.239385-05:00,2978683,12586,Courtland Sutton,DEN,LAR,firsttd,fanduel,,,,1400,True,rotowire
20260925T040447Z,2026-09-24 23:04:49.239385-05:00,2978683,12586,Courtland Sutton,DEN,LAR,firsttd,caesars,,,,1400,True,rotowire
20260925T040447Z,2026-09-24 23:04:49.239385-05:00,2978642,16895,Jordan Addison,MIN,@TB,firsttd,draftkings,,,,1500,True,rotowire
20260925T040447Z,2026-09-24 23:04:49.239385-05:00,2978642,16895,Jordan Addison,MIN,@TB,firsttd,fanduel,,,,1200,True,rotowire
20260925T040447Z,2026-09-24 23:04:49.239385-05:00,2978642,16895,Jordan Addison,MIN,@TB,firsttd,caesars,,,,1400,True,rotowire
20260925T040447Z,2026-09-24 23:04:49.239385-05:00,2978666,16997,Cam Ward,TEN,@NYG,firsttd,draftkings,,,,1600,True,rotowire
20260925T040447Z,2026-09-24 23:04:49.239385-05:00,2978666,16997,Cam Ward,TEN,@NYG,firsttd,fanduel,,,,1800,True,rotowire
20260925T040447Z,2026-09-24 23:04:49.239385-05:00,2978666,16997,Cam Ward,TEN,@NYG,firsttd,caesars,,,,1700,True,rotowire
20260925T040447Z,2026-09-24 23:04:49.239385-05:00,2978683,17690,Blake Corum,LAR,@DEN,firsttd,draftkings,,,,1300,,rotowire
20260925T040447Z,2026-09-24 23:04:49.239385-05:00,2978683,17690,Blake Corum,LAR,@DEN,firsttd,fanduel,,,,1200,,rotowire
20260925T040447Z,2026-09-24 23:04:49.239385-05:00,2978683,17690,Blake Corum,LAR,@DEN,firsttd,caesars,,,,1300,,rotowire
20260925T040447Z,2026-09-24 23:04:49.239385-05:00,2978653,13517,Jakobi Meyers,JAX,NE,firsttd,draftkings,,,,1200,True,rotowire
20260925T040447Z,2026-09-24 23:04:49.239385-05:00,2978653,13517,Jakobi Meyers,JAX,NE,firsttd,fanduel,,,,1200,True,rotowire
20260925T040447Z,2026-09-24 23:04:49.239385-05:00,2978653,13517,Jakobi Meyers,JAX,NE,firsttd,caesars,,,,1300,True,rotowire
20260925T040447Z,2026-09-24 23:04:49.239385-05:00,2978678,16694,Tre Tucker,LV,@NO,firsttd,draftkings,,,,1600,True,rotowire
20260925T040447Z,2026-09-24 23:04:49.239385-05:00,2978678,16694,Tre Tucker,LV,@NO,firsttd,fanduel,,,,1500,True,rotowire
20260925T040447Z,2026-09-24 23:04:49.239385-05:00,2978678,16694,Tre Tucker,LV,@NO,firsttd,caesars,,,,1600,True,rotowire
20260925T040447Z,2026-09-24 23:04:49.239385-05:00,2978678,17975,Devaughn Vele,NO,LV,firsttd,draftkings,,,,1400,True,rotowire
20260925T040447Z,2026-09-24 23:04:49.239385-05:00,2978678,17975,Devaughn Vele,NO,LV,firsttd,fanduel,,,,1500,True,rotowire
20260925T040447Z,2026-09-24 23:04:49.239385-05:00,2978678,17975,Devaughn Vele,NO,LV,firsttd,caesars,,,,1500,True,rotowire
20260925T040447Z,2026-09-24 23:04:49.239385-05:00,2978665,18555,Jaylin Noel,HOU,@IND,firsttd,draftkings,,,,1900,True,rotowire
20260925T040447Z,2026-09-24 23:04:49.239385-05:00,2978665,18555,Jaylin Noel,HOU,@IND,firsttd,fanduel,,,,2000,True,rotowire
20260925T040447Z,2026-09-24 23:04:49.239385-05:00,2978665,18555,Jaylin Noel,HOU,@IND,firsttd,caesars,,,,1900,True,rotowire
20260925T040447Z,2026-09-24 23:04:49.239385-05:00,2978642,13610,T.J. Hockenson,MIN,@TB,firsttd,draftkings,,,,1500,True,rotowire
20260925T040447Z,2026-09-24 23:04:49.239385-05:00,2978642,13610,T.J. Hockenson,MIN,@TB,firsttd,fanduel,,,,1600,True,rotowire
20260925T040447Z,2026-09-24 23:04:49.239385-05:00,2978642,13610,T.J. Hockenson,MIN,@TB,firsttd,caesars,,,,1600,True,rotowire
20260925T040447Z,2026-09-24 23:04:49.239385-05:00,2978674,15902,Trey McBride,ARI,@SF,firsttd,draftkings,,,,1600,True,rotowire
20260925T040447Z,2026-09-24 23:04:49.239385-05:00,2978674,15902,Trey McBride,ARI,@SF,firsttd,fanduel,,,,1500,True,rotowire
20260925T040447Z,2026-09-24 23:04:49.239385-05:00,2978674,15902,Trey McBride,ARI,@SF,firsttd,caesars,,,,1500,True,rotowire
20260925T040447Z,2026-09-24 23:04:49.239385-05:00,2978672,13536,Terry McLaurin,WAS,SEA,firsttd,draftkings,,,,1800,True,rotowire
20260925T040447Z,2026-09-24 23:04:49.239385-05:00,2978672,13536,Terry McLaurin,WAS,SEA,firsttd,fanduel,,,,1600,True,rotowire
20260925T040447Z,2026-09-24 23:04:49.239385-05:00,2978672,13536,Terry McLaurin,WAS,SEA,firsttd,caesars,,,,1750,True,rotowire
20260925T040447Z,2026-09-24 23:04:49.239385-05:00,2978653,10735,Hunter Henry,NE,@JAX,firsttd,draftkings,,,,1500,True,rotowire
20260925T040447Z,2026-09-24 23:04:49.239385-05:00,2978653,10735,Hunter Henry,NE,@JAX,firsttd,fanduel,,,,1500,True,rotowire
20260925T040447Z,2026-09-24 23:04:49.239385-05:00,2978653,10735,Hunter Henry,NE,@JAX,firsttd,caesars,,,,1500,True,rotowire
20260925T040447Z,2026-09-24 23:04:49.239385-05:00,2978653,17716,Brian Thomas,JAX,NE,firsttd,draftkings,,,,1500,True,rotowire
20260925T040447Z,2026-09-24 23:04:49.239385-05:00,2978653,17716,Brian Thomas,JAX,NE,firsttd,fanduel,,,,1400,True,rotowire
20260925T040447Z,2026-09-24 23:04:49.239385-05:00,2978653,17716,Brian Thomas,JAX,NE,firsttd,caesars,,,,1400,True,rotowire
20260925T040447Z,2026-09-24 23:04:49.239385-05:00,2978678,17037,Tyler Shough,NO,LV,firsttd,draftkings,,,,1300,True,rotowire
20260925T040447Z,2026-09-24 23:04:49.239385-05:00,2978678,17037,Tyler Shough,NO,LV,firsttd,fanduel,,,,1500,True,rotowire
20260925T040447Z,2026-09-24 23:04:49.239385-05:00,2978678,17037,Tyler Shough,NO,LV,firsttd,caesars,,,,1400,True,rotowire
20260925T040447Z,2026-09-24 23:04:49.239385-05:00,2978672,11863,Cooper Kupp,SEA,@WAS,firsttd,draftkings,,,,1500,True,rotowire
20260925T040447Z,2026-09-24 23:04:49.239385-05:00,2978672,11863,Cooper Kupp,SEA,@WAS,firsttd,fanduel,,,,1400,True,rotowire
20260925T040447Z,2026-09-24 23:04:49.239385-05:00,2978672,11863,Cooper Kupp,SEA,@WAS,firsttd,caesars,,,,1600,True,rotowire
20260925T040447Z,2026-09-24 23:04:49.239385-05:00,2978662,11712,Deshaun Watson,CLE,CAR,firsttd,draftkings,,,,1600,True,rotowire
20260925T040447Z,2026-09-24 23:04:49.239385-05:00,2978662,11712,Deshaun Watson,CLE,CAR,firsttd,fanduel,,,,1800,True,rotowire
20260925T040447Z,2026-09-24 23:04:49.239385-05:00,2978662,11712,Deshaun Watson,CLE,CAR,firsttd,caesars,,,,1750,True,rotowire
20260925T040447Z,2026-09-24 23:04:49.239385-05:00,2978672,15802,Rachaad White,WAS,SEA,firsttd,draftkings,,,,1600,True,rotowire
20260925T040447Z,2026-09-24 23:04:49.239385-05:00,2978672,15802,Rachaad White,WAS,SEA,firsttd,fanduel,,,,1600,True,rotowire
20260925T040447Z,2026-09-24 23:04:49.239385-05:00,2978672,15802,Rachaad White,WAS,SEA,firsttd,caesars,,,,1600,True,rotowire
20260925T040447Z,2026-09-24 23:04:49.239385-05:00,2978674,15834,Brock Purdy,SF,ARI,firsttd,draftkings,,,,1400,True,rotowire
20260925T040447Z,2026-09-24 23:04:49.239385-05:00,2978674,15834,Brock Purdy,SF,ARI,firsttd,fanduel,,,,1600,True,rotowire
20260925T040447Z,2026-09-24 23:04:49.239385-05:00,2978674,15834,Brock Purdy,SF,ARI,firsttd,caesars,,,,1600,True,rotowire
20260925T040447Z,2026-09-24 23:04:49.239385-05:00,2978666,19268,Carnell Tate,TEN,@NYG,firsttd,draftkings,,,,1400,True,rotowire
20260925T040447Z,2026-09-24 23:04:49.239385-05:00,2978666,19268,Carnell Tate,TEN,@NYG,firsttd,fanduel,,,,1400,True,rotowire
20260925T040447Z,2026-09-24 23:04:49.239385-05:00,2978666,19268,Carnell Tate,TEN,@NYG,firsttd,caesars,,,,1500,True,rotowire
20260925T040447Z,2026-09-24 23:04:49.239385-05:00,2978653,15357,Trevor Lawrence,JAX,NE,firsttd,draftkings,,,,1500,True,rotowire
20260925T040447Z,2026-09-24 23:04:49.239385-05:00,2978653,15357,Trevor Lawrence,JAX,NE,firsttd,fanduel,,,,1500,True,rotowire
20260925T040447Z,2026-09-24 23:04:49.239385-05:00,2978653,15357,Trevor Lawrence,JAX,NE,firsttd,caesars,,,,1600,True,rotowire
20260925T040447Z,2026-09-24 23:04:49.239385-05:00,2978674,19607,Kaelon Black,SF,ARI,firsttd,draftkings,,,,1500,True,rotowire
20260925T040447Z,2026-09-24 23:04:49.239385-05:00,2978674,19607,Kaelon Black,SF,ARI,firsttd,fanduel,,,,1700,True,rotowire
20260925T040447Z,2026-09-24 23:04:49.239385-05:00,2978674,19607,Kaelon Black,SF,ARI,firsttd,caesars,,,,1600,True,rotowire
20260925T040447Z,2026-09-24 23:04:49.239385-05:00,2978653,17017,Brenton Strange,JAX,NE,firsttd,draftkings,,,,1500,True,rotowire
20260925T040447Z,2026-09-24 23:04:49.239385-05:00,2978653,17017,Brenton Strange,JAX,NE,firsttd,fanduel,,,,1600,True,rotowire
20260925T040447Z,2026-09-24 23:04:49.239385-05:00,2978653,17017,Brenton Strange,JAX,NE,firsttd,caesars,,,,1600,True,rotowire
20260925T040447Z,2026-09-24 23:04:49.239385-05:00,2978653,17673,Drake Maye,NE,@JAX,firsttd,draftkings,,,,1300,True,rotowire
20260925T040447Z,2026-09-24 23:04:49.239385-05:00,2978653,17673,Drake Maye,NE,@JAX,firsttd,fanduel,,,,1500,True,rotowire
20260925T040447Z,2026-09-24 23:04:49.239385-05:00,2978653,17673,Drake Maye,NE,@JAX,firsttd,caesars,,,,1500,True,rotowire
20260925T040447Z,2026-09-24 23:04:49.239385-05:00,2978658,11698,Samaje Perine,CIN,@PIT,firsttd,draftkings,,,,1700,True,rotowire
20260925T040447Z,2026-09-24 23:04:49.239385-05:00,2978658,11698,Samaje Perine,CIN,@PIT,firsttd,fanduel,,,,1800,True,rotowire
20260925T040447Z,2026-09-24 23:04:49.239385-05:00,2978658,11698,Samaje Perine,CIN,@PIT,firsttd,caesars,,,,1900,True,rotowire
20260925T040447Z,2026-09-24 23:04:49.239385-05:00,2978662,19242,KC Concepcion,CLE,CAR,firsttd,draftkings,,,,1600,True,rotowire
20260925T040447Z,2026-09-24 23:04:49.239385-05:00,2978662,19242,KC Concepcion,CLE,CAR,firsttd,fanduel,,,,1600,True,rotowire
20260925T040447Z,2026-09-24 23:04:49.239385-05:00,2978662,19242,KC Concepcion,CLE,CAR,firsttd,caesars,,,,1700,True,rotowire
20260925T040447Z,2026-09-24 23:04:49.239385-05:00,2978678,16666,Michael Mayer,LV,@NO,firsttd,draftkings,,,,2200,True,rotowire
20260925T040447Z,2026-09-24 23:04:49.239385-05:00,2978678,16666,Michael Mayer,LV,@NO,firsttd,fanduel,,,,1600,True,rotowire
20260925T040447Z,2026-09-24 23:04:49.239385-05:00,2978678,16666,Michael Mayer,LV,@NO,firsttd,caesars,,,,2000,True,rotowire
20260925T040447Z,2026-09-24 23:04:49.239385-05:00,2978665,8627,Keenan Allen,IND,HOU,firsttd,draftkings,,,,1600,True,rotowire
20260925T040447Z,2026-09-24 23:04:49.239385-05:00,2978665,8627,Keenan Allen,IND,HOU,firsttd,fanduel,,,,1500,True,rotowire
20260925T040447Z,2026-09-24 23:04:49.239385-05:00,2978665,8627,Keenan Allen,IND,HOU,firsttd,caesars,,,,1700,True,rotowire
20260925T040447Z,2026-09-24 23:04:49.239385-05:00,2978649,19240,Emmett Johnson,KC,@MIA,firsttd,draftkings,,,,2000,True,rotowire
20260925T040447Z,2026-09-24 23:04:49.239385-05:00,2978649,19240,Emmett Johnson,KC,@MIA,firsttd,fanduel,,,,1800,True,rotowire
20260925T040447Z,2026-09-24 23:04:49.239385-05:00,2978649,19240,Emmett Johnson,KC,@MIA,firsttd,caesars,,,,2100,True,rotowire
20260925T040447Z,2026-09-24 23:04:49.239385-05:00,2978649,15831,Tyquan Thornton,KC,@MIA,firsttd,draftkings,,,,2000,True,rotowire
20260925T040447Z,2026-09-24 23:04:49.239385-05:00,2978649,15831,Tyquan Thornton,KC,@MIA,firsttd,fanduel,,,,2000,True,rotowire
20260925T040447Z,2026-09-24 23:04:49.239385-05:00,2978649,15831,Tyquan Thornton,KC,@MIA,firsttd,caesars,,,,2000,True,rotowire
20260925T040447Z,2026-09-24 23:04:49.239385-05:00,2978642,13613,Kyler Murray,MIN,@TB,firsttd,draftkings,,,,1800,True,rotowire
20260925T040447Z,2026-09-24 23:04:49.239385-05:00,2978642,13613,Kyler Murray,MIN,@TB,firsttd,fanduel,,,,1600,True,rotowire
20260925T040447Z,2026-09-24 23:04:49.239385-05:00,2978642,13613,Kyler Murray,MIN,@TB,firsttd,caesars,,,,1750,True,rotowire
20260925T040447Z,2026-09-24 23:04:49.239385-05:00,2978645,17724,Ladd McConkey,LAC,@BUF,firsttd,draftkings,,,,1600,True,rotowire
20260925T040447Z,2026-09-24 23:04:49.239385-05:00,2978645,17724,Ladd McConkey,LAC,@BUF,firsttd,fanduel,,,,1600,True,rotowire
20260925T040447Z,2026-09-24 23:04:49.239385-05:00,2978645,17724,Ladd McConkey,LAC,@BUF,firsttd,caesars,,,,1600,True,rotowire
20260925T040447Z,2026-09-24 23:04:49.239385-05:00,2978662,10215,Darren Waller,CAR,@CLE,firsttd,draftkings,,,,2000,True,rotowire
20260925T040447Z,2026-09-24 23:04:49.239385-05:00,2978662,10215,Darren Waller,CAR,@CLE,firsttd,fanduel,,,,1600,True,rotowire
20260925T040447Z,2026-09-24 23:04:49.239385-05:00,2978662,10215,Darren Waller,CAR,@CLE,firsttd,caesars,,,,1900,True,rotowire
20260925T040447Z,2026-09-24 23:04:49.239385-05:00,2978642,11718,Chris Godwin,TB,MIN,firsttd,draftkings,,,,1700,True,rotowire
20260925T040447Z,2026-09-24 23:04:49.239385-05:00,2978642,11718,Chris Godwin,TB,MIN,firsttd,fanduel,,,,1500,True,rotowire
20260925T040447Z,2026-09-24 23:04:49.239385-05:00,2978642,11718,Chris Godwin,TB,MIN,firsttd,caesars,,,,1600,True,rotowire
20260925T040447Z,2026-09-24 23:04:49.239385-05:00,2978658,12764,Mike Gesicki,CIN,@PIT,firsttd,draftkings,,,,1900,True,rotowire
20260925T040447Z,2026-09-24 23:04:49.239385-05:00,2978658,12764,Mike Gesicki,CIN,@PIT,firsttd,fanduel,,,,1800,True,rotowire
20260925T040447Z,2026-09-24 23:04:49.239385-05:00,2978658,12764,Mike Gesicki,CIN,@PIT,firsttd,caesars,,,,2000,True,rotowire
20260925T040447Z,2026-09-24 23:04:49.239385-05:00,2978658,15267,Pat Freiermuth,PIT,CIN,firsttd,draftkings,,,,1700,True,rotowire
20260925T040447Z,2026-09-24 23:04:49.239385-05:00,2978658,15267,Pat Freiermuth,PIT,CIN,firsttd,fanduel,,,,1700,True,rotowire
20260925T040447Z,2026-09-24 23:04:49.239385-05:00,2978658,15267,Pat Freiermuth,PIT,CIN,firsttd,caesars,,,,1750,True,rotowire
20260925T040447Z,2026-09-24 23:04:49.239385-05:00,2978686,18548,Luther Burden,CHI,PHI,firsttd,draftkings,,,,1800,True,rotowire
20260925T040447Z,2026-09-24 23:04:49.239385-05:00,2978686,18548,Luther Burden,CHI,PHI,firsttd,fanduel,,,,1800,True,rotowire
20260925T040447Z,2026-09-24 23:04:49.239385-05:00,2978686,18548,Luther Burden,CHI,PHI,firsttd,caesars,,,,1800,True,rotowire
20260925T040447Z,2026-09-24 23:04:49.239385-05:00,2978672,10133,Stefon Diggs,WAS,SEA,firsttd,draftkings,,,,1800,True,rotowire
20260925T040447Z,2026-09-24 23:04:49.239385-05:00,2978672,10133,Stefon Diggs,WAS,SEA,firsttd,fanduel,,,,1900,True,rotowire
20260925T040447Z,2026-09-24 23:04:49.239385-05:00,2978672,10133,Stefon Diggs,WAS,SEA,firsttd,caesars,,,,1900,True,rotowire
20260925T040447Z,2026-09-24 23:04:49.239385-05:00,2978686,19231,Makai Lemon,PHI,@CHI,firsttd,draftkings,,,,2000,True,rotowire
20260925T040447Z,2026-09-24 23:04:49.239385-05:00,2978686,19231,Makai Lemon,PHI,@CHI,firsttd,fanduel,,,,2000,True,rotowire
20260925T040447Z,2026-09-24 23:04:49.239385-05:00,2978686,19231,Makai Lemon,PHI,@CHI,firsttd,caesars,,,,2100,True,rotowire
20260925T040447Z,2026-09-24 23:04:49.239385-05:00,2978686,18460,Colston Loveland,CHI,PHI,firsttd,draftkings,,,,2000,True,rotowire
20260925T040447Z,2026-09-24 23:04:49.239385-05:00,2978686,18460,Colston Loveland,CHI,PHI,firsttd,fanduel,,,,2000,True,rotowire
20260925T040447Z,2026-09-24 23:04:49.239385-05:00,2978686,18460,Colston Loveland,CHI,PHI,firsttd,caesars,,,,2000,True,rotowire
20260925T040447Z,2026-09-24 23:04:49.239385-05:00,2978653,16027,Romeo Doubs,NE,@JAX,firsttd,draftkings,,,,1600,True,rotowire
20260925T040447Z,2026-09-24 23:04:49.239385-05:00,2978653,16027,Romeo Doubs,NE,@JAX,firsttd,fanduel,,,,1600,True,rotowire
20260925T040447Z,2026-09-24 23:04:49.239385-05:00,2978653,16027,Romeo Doubs,NE,@JAX,firsttd,caesars,,,,1600,True,rotowire
20260925T040447Z,2026-09-24 23:04:49.239385-05:00,2978658,14378,Michael Pittman,PIT,CIN,firsttd,draftkings,,,,1700,True,rotowire
20260925T040447Z,2026-09-24 23:04:49.239385-05:00,2978658,14378,Michael Pittman,PIT,CIN,firsttd,fanduel,,,,1700,True,rotowire
20260925T040447Z,2026-09-24 23:04:49.239385-05:00,2978658,14378,Michael Pittman,PIT,CIN,firsttd,caesars,,,,1750,True,rotowire
20260925T040447Z,2026-09-24 23:04:49.239385-05:00,2978666,19313,Malachi Fields,NYG,TEN,firsttd,draftkings,,,,2000,True,rotowire
20260925T040447Z,2026-09-24 23:04:49.239385-05:00,2978666,19313,Malachi Fields,NYG,TEN,firsttd,fanduel,,,,2200,True,rotowire
20260925T040447Z,2026-09-24 23:04:49.239385-05:00,2978666,19313,Malachi Fields,NYG,TEN,firsttd,caesars,,,,2000,True,rotowire
20260925T040447Z,2026-09-24 23:04:49.239385-05:00,2978666,15838,Wan'Dale Robinson,TEN,@NYG,firsttd,draftkings,,,,1700,True,rotowire
20260925T040447Z,2026-09-24 23:04:49.239385-05:00,2978666,15838,Wan'Dale Robinson,TEN,@NYG,firsttd,fanduel,,,,1900,True,rotowire
20260925T040447Z,2026-09-24 23:04:49.239385-05:00,2978653,11861,Mack Hollins,NE,@JAX,firsttd,draftkings,,,,1900,True,rotowire
20260925T040447Z,2026-09-24 23:04:49.239385-05:00,2978653,11861,Mack Hollins,NE,@JAX,firsttd,fanduel,,,,1900,True,rotowire
20260925T040447Z,2026-09-24 23:04:49.239385-05:00,2978653,11861,Mack Hollins,NE,@JAX,firsttd,caesars,,,,2000,True,rotowire
20260925T040447Z,2026-09-24 23:04:49.239385-05:00,2978392,15947,Jake Ferguson,DAL,BAL,firsttd,draftkings,,,,2000,True,rotowire
20260925T040447Z,2026-09-24 23:04:49.239385-05:00,2978392,15947,Jake Ferguson,DAL,BAL,firsttd,fanduel,,,,1800,True,rotowire
20260925T040447Z,2026-09-24 23:04:49.239385-05:00,2978392,15947,Jake Ferguson,DAL,BAL,firsttd,caesars,,,,2100,True,rotowire
20260925T040447Z,2026-09-24 23:04:49.239385-05:00,2978642,16032,Cade Otton,TB,MIN,firsttd,draftkings,,,,1700,True,rotowire
20260925T040447Z,2026-09-24 23:04:49.239385-05:00,2978642,16032,Cade Otton,TB,MIN,firsttd,fanduel,,,,1800,True,rotowire
20260925T040447Z,2026-09-24 23:04:49.239385-05:00,2978642,16032,Cade Otton,TB,MIN,firsttd,caesars,,,,1900,True,rotowire
20260925T040447Z,2026-09-24 23:04:49.239385-05:00,2978662,14458,Jerry Jeudy,CLE,CAR,firsttd,draftkings,,,,2200,True,rotowire
20260925T040447Z,2026-09-24 23:04:49.239385-05:00,2978662,14458,Jerry Jeudy,CLE,CAR,firsttd,fanduel,,,,2000,True,rotowire
20260925T040447Z,2026-09-24 23:04:49.239385-05:00,2978662,14458,Jerry Jeudy,CLE,CAR,firsttd,caesars,,,,2200,True,rotowire
20260925T040447Z,2026-09-24 23:04:49.239385-05:00,2978649,11839,Patrick Mahomes,KC,@MIA,firsttd,draftkings,,,,1600,True,rotowire
20260925T040447Z,2026-09-24 23:04:49.239385-05:00,2978649,11839,Patrick Mahomes,KC,@MIA,firsttd,fanduel,,,,1700,True,rotowire
20260925T040447Z,2026-09-24 23:04:49.239385-05:00,2978649,11839,Patrick Mahomes,KC,@MIA,firsttd,caesars,,,,1750,True,rotowire
20260925T040447Z,2026-09-24 23:04:49.239385-05:00,2978656,17702,Braelon Allen,NYJ,@DET,firsttd,draftkings,,,,1800,True,rotowire
20260925T040447Z,2026-09-24 23:04:49.239385-05:00,2978656,17702,Braelon Allen,NYJ,@DET,firsttd,fanduel,,,,2000,True,rotowire
20260925T040447Z,2026-09-24 23:04:49.239385-05:00,2978656,17702,Braelon Allen,NYJ,@DET,firsttd,caesars,,,,1900,True,rotowire
20260925T040447Z,2026-09-24 23:04:49.239385-05:00,2978645,16899,Quentin Johnston,LAC,@BUF,firsttd,draftkings,,,,1900,True,rotowire
20260925T040447Z,2026-09-24 23:04:49.239385-05:00,2978645,16899,Quentin Johnston,LAC,@BUF,firsttd,fanduel,,,,2000,True,rotowire
20260925T040447Z,2026-09-24 23:04:49.239385-05:00,2978645,16899,Quentin Johnston,LAC,@BUF,firsttd,caesars,,,,2000,True,rotowire
20260925T040447Z,2026-09-24 23:04:49.239385-05:00,2978683,18522,RJ Harvey,DEN,LAR,firsttd,draftkings,,,,1500,True,rotowire
20260925T040447Z,2026-09-24 23:04:49.239385-05:00,2978683,18522,RJ Harvey,DEN,LAR,firsttd,fanduel,,,,1500,True,rotowire
20260925T040447Z,2026-09-24 23:04:49.239385-05:00,2978683,18522,RJ Harvey,DEN,LAR,firsttd,caesars,,,,1500,True,rotowire
20260925T040447Z,2026-09-24 23:04:49.239385-05:00,2978686,17020,Rome Odunze,CHI,PHI,firsttd,draftkings,,,,2200,True,rotowire
20260925T040447Z,2026-09-24 23:04:49.239385-05:00,2978686,17020,Rome Odunze,CHI,PHI,firsttd,fanduel,,,,2200,True,rotowire
20260925T040447Z,2026-09-24 23:04:49.239385-05:00,2978686,17020,Rome Odunze,CHI,PHI,firsttd,caesars,,,,2200,True,rotowire
20260925T040447Z,2026-09-24 23:04:49.239385-05:00,2978662,18526,Raheim Sanders,CLE,CAR,firsttd,draftkings,,,,2200,True,rotowire
20260925T040447Z,2026-09-24 23:04:49.239385-05:00,2978662,18526,Raheim Sanders,CLE,CAR,firsttd,fanduel,,,,3000,True,rotowire
20260925T040447Z,2026-09-24 23:04:49.239385-05:00,2978662,18526,Raheim Sanders,CLE,CAR,firsttd,caesars,,,,2500,True,rotowire
20260925T040447Z,2026-09-24 23:04:49.239385-05:00,2978649,15872,Malik Willis,MIA,KC,firsttd,draftkings,,,,1600,True,rotowire
20260925T040447Z,2026-09-24 23:04:49.239385-05:00,2978649,15872,Malik Willis,MIA,KC,firsttd,fanduel,,,,1800,True,rotowire
20260925T040447Z,2026-09-24 23:04:49.239385-05:00,2978649,15872,Malik Willis,MIA,KC,firsttd,caesars,,,,1800,True,rotowire
20260925T040447Z,2026-09-24 23:04:49.239385-05:00,2978649,17863,Malik Washington,MIA,KC,firsttd,draftkings,,,,2200,True,rotowire
20260925T040447Z,2026-09-24 23:04:49.239385-05:00,2978649,17863,Malik Washington,MIA,KC,firsttd,fanduel,,,,2000,True,rotowire
20260925T040447Z,2026-09-24 23:04:49.239385-05:00,2978649,17863,Malik Washington,MIA,KC,firsttd,caesars,,,,2200,True,rotowire
20260925T040447Z,2026-09-24 23:04:49.239385-05:00,2978645,13587,Ty Johnson,BUF,LAC,firsttd,draftkings,,,,2500,True,rotowire
20260925T040447Z,2026-09-24 23:04:49.239385-05:00,2978645,13587,Ty Johnson,BUF,LAC,firsttd,fanduel,,,,2500,True,rotowire
20260925T040447Z,2026-09-24 23:04:49.239385-05:00,2978645,13587,Ty Johnson,BUF,LAC,firsttd,caesars,,,,2600,True,rotowire
20260925T040447Z,2026-09-24 23:04:49.239385-05:00,2978683,11805,Evan Engram,DEN,LAR,firsttd,draftkings,,,,1700,True,rotowire
20260925T040447Z,2026-09-24 23:04:49.239385-05:00,2978683,11805,Evan Engram,DEN,LAR,firsttd,fanduel,,,,1600,True,rotowire
20260925T040447Z,2026-09-24 23:04:49.239385-05:00,2978683,11805,Evan Engram,DEN,LAR,firsttd,caesars,,,,1800,True,rotowire
20260925T040447Z,2026-09-24 23:04:49.239385-05:00,2978683,10854,Tyler Higbee,LAR,@DEN,firsttd,draftkings,,,,3000,,rotowire
20260925T040447Z,2026-09-24 23:04:49.239385-05:00,2978683,10854,Tyler Higbee,LAR,@DEN,firsttd,fanduel,,,,1600,,rotowire
20260925T040447Z,2026-09-24 23:04:49.239385-05:00,2978683,10854,Tyler Higbee,LAR,@DEN,firsttd,caesars,,,,2100,,rotowire
20260925T040447Z,2026-09-24 23:04:49.239385-05:00,2978642,19320,Ted Hurst,TB,MIN,firsttd,draftkings,,,,1700,True,rotowire
20260925T040447Z,2026-09-24 23:04:49.239385-05:00,2978642,19320,Ted Hurst,TB,MIN,firsttd,fanduel,,,,2000,True,rotowire
20260925T040447Z,2026-09-24 23:04:49.239385-05:00,2978642,19320,Ted Hurst,TB,MIN,firsttd,caesars,,,,2000,True,rotowire
20260925T040447Z,2026-09-24 23:04:49.239385-05:00,2978656,17668,Adonai Mitchell,NYJ,@DET,firsttd,draftkings,,,,2000,True,rotowire
20260925T040447Z,2026-09-24 23:04:49.239385-05:00,2978656,17668,Adonai Mitchell,NYJ,@DET,firsttd,fanduel,,,,2000,True,rotowire
20260925T040447Z,2026-09-24 23:04:49.239385-05:00,2978656,17668,Adonai Mitchell,NYJ,@DET,firsttd,caesars,,,,2000,True,rotowire
20260925T040447Z,2026-09-24 23:04:49.239385-05:00,2978683,14463,Colby Parkinson,LAR,@DEN,firsttd,draftkings,,,,1900,,rotowire
20260925T040447Z,2026-09-24 23:04:49.239385-05:00,2978683,14463,Colby Parkinson,LAR,@DEN,firsttd,fanduel,,,,1600,,rotowire
20260925T040447Z,2026-09-24 23:04:49.239385-05:00,2978683,14463,Colby Parkinson,LAR,@DEN,firsttd,caesars,,,,1800,,rotowire
20260925T040447Z,2026-09-24 23:04:49.239385-05:00,2978662,16807,Bryce Young,CAR,@CLE,firsttd,draftkings,,,,1600,True,rotowire
20260925T040447Z,2026-09-24 23:04:49.239385-05:00,2978662,16807,Bryce Young,CAR,@CLE,firsttd,fanduel,,,,2000,True,rotowire
20260925T040447Z,2026-09-24 23:04:49.239385-05:00,2978662,16807,Bryce Young,CAR,@CLE,firsttd,caesars,,,,2000,True,rotowire
20260925T040447Z,2026-09-24 23:04:49.239385-05:00,2978666,18503,Gunnar Helm,TEN,@NYG,firsttd,draftkings,,,,2000,True,rotowire
20260925T040447Z,2026-09-24 23:04:49.239385-05:00,2978666,18503,Gunnar Helm,TEN,@NYG,firsttd,fanduel,,,,2000,True,rotowire
20260925T040447Z,2026-09-24 23:04:49.239385-05:00,2978666,18503,Gunnar Helm,TEN,@NYG,firsttd,caesars,,,,2000,True,rotowire
20260925T040447Z,2026-09-24 23:04:49.239385-05:00,2978666,15468,Najee Harris,NYG,TEN,firsttd,draftkings,,,,3000,True,rotowire
20260925T040447Z,2026-09-24 23:04:49.239385-05:00,2978666,15468,Najee Harris,NYG,TEN,firsttd,fanduel,,,,2200,True,rotowire
20260925T040447Z,2026-09-24 23:04:49.239385-05:00,2978666,15468,Najee Harris,NYG,TEN,firsttd,caesars,,,,2500,True,rotowire
20260925T040447Z,2026-09-24 23:04:49.239385-05:00,2978674,16957,Michael Wilson,ARI,@SF,firsttd,draftkings,,,,2200,True,rotowire
20260925T040447Z,2026-09-24 23:04:49.239385-05:00,2978674,16957,Michael Wilson,ARI,@SF,firsttd,fanduel,,,,2000,True,rotowire
20260925T040447Z,2026-09-24 23:04:49.239385-05:00,2978674,16957,Michael Wilson,ARI,@SF,firsttd,caesars,,,,2000,True,rotowire
20260925T040447Z,2026-09-24 23:04:49.239385-05:00,2978666,10037,Jameis Winston,NYG,TEN,firsttd,draftkings,,,,1800,True,rotowire
20260925T040447Z,2026-09-24 23:04:49.239385-05:00,2978666,10037,Jameis Winston,NYG,TEN,firsttd,fanduel,,,,2000,True,rotowire
20260925T040447Z,2026-09-24 23:04:49.239385-05:00,2978666,10037,Jameis Winston,NYG,TEN,firsttd,caesars,,,,2100,True,rotowire
20260925T040447Z,2026-09-24 23:04:49.239385-05:00,2978656,17760,Sione Vaki,DET,NYJ,firsttd,draftkings,,,,3500,True,rotowire
20260925T040447Z,2026-09-24 23:04:49.239385-05:00,2978656,17760,Sione Vaki,DET,NYJ,firsttd,fanduel,,,,3000,True,rotowire
20260925T040447Z,2026-09-24 23:04:49.239385-05:00,2978656,17760,Sione Vaki,DET,NYJ,firsttd,caesars,,,,3000,True,rotowire
20260925T040447Z,2026-09-24 23:04:49.239385-05:00,2978683,16995,Bo Nix,DEN,LAR,firsttd,draftkings,,,,2200,True,rotowire
20260925T040447Z,2026-09-24 23:04:49.239385-05:00,2978683,16995,Bo Nix,DEN,LAR,firsttd,fanduel,,,,1900,True,rotowire
20260925T040447Z,2026-09-24 23:04:49.239385-05:00,2978683,16995,Bo Nix,DEN,LAR,firsttd,caesars,,,,2100,True,rotowire
20260925T040447Z,2026-09-24 23:04:49.239385-05:00,2978678,16025,Jalen Nailor,LV,@NO,firsttd,draftkings,,,,2000,True,rotowire
20260925T040447Z,2026-09-24 23:04:49.239385-05:00,2978678,16025,Jalen Nailor,LV,@NO,firsttd,fanduel,,,,2200,True,rotowire
20260925T040447Z,2026-09-24 23:04:49.239385-05:00,2978678,16025,Jalen Nailor,LV,@NO,firsttd,caesars,,,,2100,True,rotowire
20260925T040447Z,2026-09-24 23:04:49.239385-05:00,2978683,18562,Pat Bryant,DEN,LAR,firsttd,draftkings,,,,2200,True,rotowire
20260925T040447Z,2026-09-24 23:04:49.239385-05:00,2978683,18562,Pat Bryant,DEN,LAR,firsttd,fanduel,,,,1900,True,rotowire
20260925T040447Z,2026-09-24 23:04:49.239385-05:00,2978683,18562,Pat Bryant,DEN,LAR,firsttd,caesars,,,,2100,True,rotowire
20260925T040447Z,2026-09-24 23:04:49.239385-05:00,2978678,19319,Bryce Lance,NO,LV,firsttd,draftkings,,,,2200,True,rotowire
20260925T040447Z,2026-09-24 23:04:49.239385-05:00,2978678,19319,Bryce Lance,NO,LV,firsttd,fanduel,,,,2500,True,rotowire
20260925T040447Z,2026-09-24 23:04:49.239385-05:00,2978678,19319,Bryce Lance,NO,LV,firsttd,caesars,,,,2400,True,rotowire
20260925T040447Z,2026-09-24 23:04:49.239385-05:00,2978645,18481,Oronde Gadsden,LAC,@BUF,firsttd,draftkings,,,,2000,True,rotowire
20260925T040447Z,2026-09-24 23:04:49.239385-05:00,2978645,18481,Oronde Gadsden,LAC,@BUF,firsttd,fanduel,,,,1900,True,rotowire
20260925T040447Z,2026-09-24 23:04:49.239385-05:00,2978645,18481,Oronde Gadsden,LAC,@BUF,firsttd,caesars,,,,2100,True,rotowire
20260925T040447Z,2026-09-24 23:04:49.239385-05:00,2978658,17043,Roman Wilson,PIT,CIN,firsttd,draftkings,,,,2500,True,rotowire
20260925T040447Z,2026-09-24 23:04:49.239385-05:00,2978658,17043,Roman Wilson,PIT,CIN,firsttd,fanduel,,,,1700,True,rotowire
20260925T040447Z,2026-09-24 23:04:49.239385-05:00,2978658,17043,Roman Wilson,PIT,CIN,firsttd,caesars,,,,2200,True,rotowire
20260925T040447Z,2026-09-24 23:04:49.239385-05:00,2978642,17763,Jalen McMillan,TB,MIN,firsttd,draftkings,,,,2800,True,rotowire
20260925T040447Z,2026-09-24 23:04:49.239385-05:00,2978642,17763,Jalen McMillan,TB,MIN,firsttd,fanduel,,,,2500,True,rotowire
20260925T040447Z,2026-09-24 23:04:49.239385-05:00,2978642,17763,Jalen McMillan,TB,MIN,firsttd,caesars,,,,2800,True,rotowire
20260925T040447Z,2026-09-24 23:04:49.239385-05:00,2978642,12619,Baker Mayfield,TB,MIN,firsttd,draftkings,,,,2800,True,rotowire
20260925T040447Z,2026-09-24 23:04:49.239385-05:00,2978642,12619,Baker Mayfield,TB,MIN,firsttd,fanduel,,,,3000,True,rotowire
20260925T040447Z,2026-09-24 23:04:49.239385-05:00,2978642,12619,Baker Mayfield,TB,MIN,firsttd,caesars,,,,2900,True,rotowire
20260925T040447Z,2026-09-24 23:04:49.239385-05:00,2978653,16751,DeMario Douglas,NE,@JAX,firsttd,draftkings,,,,2200,True,rotowire
20260925T040447Z,2026-09-24 23:04:49.239385-05:00,2978653,16751,DeMario Douglas,NE,@JAX,firsttd,fanduel,,,,2200,True,rotowire
20260925T040447Z,2026-09-24 23:04:49.239385-05:00,2978653,16751,DeMario Douglas,NE,@JAX,firsttd,caesars,,,,2300,True,rotowire
20260925T040447Z,2026-09-24 23:04:49.239385-05:00,2978392,18567,LaJohntay Wester,BAL,@DAL,firsttd,draftkings,,,,2500,True,rotowire
20260925T040447Z,2026-09-24 23:04:49.239385-05:00,2978392,18567,LaJohntay Wester,BAL,@DAL,firsttd,fanduel,,,,1800,True,rotowire
20260925T040447Z,2026-09-24 23:04:49.239385-05:00,2978392,18567,LaJohntay Wester,BAL,@DAL,firsttd,caesars,,,,2300,True,rotowire
20260925T040447Z,2026-09-24 23:04:49.239385-05:00,2978649,15459,Noah Gray,KC,@MIA,firsttd,draftkings,,,,3000,True,rotowire
20260925T040447Z,2026-09-24 23:04:49.239385-05:00,2978649,15459,Noah Gray,KC,@MIA,firsttd,fanduel,,,,2200,True,rotowire
20260925T040447Z,2026-09-24 23:04:49.239385-05:00,2978649,15459,Noah Gray,KC,@MIA,firsttd,caesars,,,,2800,True,rotowire
20260925T040447Z,2026-09-24 23:04:49.239385-05:00,2978678,19300,Mike Washington,LV,@NO,firsttd,draftkings,,,,2200,True,rotowire
20260925T040447Z,2026-09-24 23:04:49.239385-05:00,2978678,19300,Mike Washington,LV,@NO,firsttd,fanduel,,,,2200,True,rotowire
20260925T040447Z,2026-09-24 23:04:49.239385-05:00,2978678,19300,Mike Washington,LV,@NO,firsttd,caesars,,,,2200,True,rotowire
20260925T040447Z,2026-09-24 23:04:49.239385-05:00,2978656,18642,Isaac TeSlaa,DET,NYJ,firsttd,draftkings,,,,2000,True,rotowire
20260925T040447Z,2026-09-24 23:04:49.239385-05:00,2978656,18642,Isaac TeSlaa,DET,NYJ,firsttd,fanduel,,,,2000,True,rotowire
20260925T040447Z,2026-09-24 23:04:49.239385-05:00,2978656,18642,Isaac TeSlaa,DET,NYJ,firsttd,caesars,,,,2200,True,rotowire
20260925T040447Z,2026-09-24 23:04:49.239385-05:00,2978666,13449,Devin Singletary,NYG,TEN,firsttd,draftkings,,,,2500,True,rotowire
20260925T040447Z,2026-09-24 23:04:49.239385-05:00,2978666,13449,Devin Singletary,NYG,TEN,firsttd,fanduel,,,,2200,True,rotowire
20260925T040447Z,2026-09-24 23:04:49.239385-05:00,2978666,13449,Devin Singletary,NYG,TEN,firsttd,caesars,,,,2300,True,rotowire
20260925T040447Z,2026-09-24 23:04:49.239385-05:00,2978662,15371,Tommy Tremble,CAR,@CLE,firsttd,draftkings,,,,3000,True,rotowire
20260925T040447Z,2026-09-24 23:04:49.239385-05:00,2978662,15371,Tommy Tremble,CAR,@CLE,firsttd,fanduel,,,,2700,True,rotowire
20260925T040447Z,2026-09-24 23:04:49.239385-05:00,2978662,15371,Tommy Tremble,CAR,@CLE,firsttd,caesars,,,,3000,True,rotowire
20260925T040447Z,2026-09-24 23:04:49.239385-05:00,2978392,10994,Chris Moore,BAL,@DAL,firsttd,draftkings,,,,2500,True,rotowire
20260925T040447Z,2026-09-24 23:04:49.239385-05:00,2978392,10994,Chris Moore,BAL,@DAL,firsttd,fanduel,,,,2000,True,rotowire
20260925T040447Z,2026-09-24 23:04:49.239385-05:00,2978392,10994,Chris Moore,BAL,@DAL,firsttd,caesars,,,,2400,True,rotowire
20260925T040447Z,2026-09-24 23:04:49.239385-05:00,2978674,17674,Marvin Harrison,ARI,@SF,firsttd,draftkings,,,,2500,True,rotowire
20260925T040447Z,2026-09-24 23:04:49.239385-05:00,2978674,17674,Marvin Harrison,ARI,@SF,firsttd,fanduel,,,,2200,True,rotowire
20260925T040447Z,2026-09-24 23:04:49.239385-05:00,2978674,17674,Marvin Harrison,ARI,@SF,firsttd,caesars,,,,2500,True,rotowire
20260925T040447Z,2026-09-24 23:04:49.239385-05:00,2978666,18518,Nicholas Singleton,TEN,@NYG,firsttd,draftkings,,,,3000,True,rotowire
20260925T040447Z,2026-09-24 23:04:49.239385-05:00,2978666,18518,Nicholas Singleton,TEN,@NYG,firsttd,fanduel,,,,2200,True,rotowire
20260925T040447Z,2026-09-24 23:04:49.239385-05:00,2978666,18518,Nicholas Singleton,TEN,@NYG,firsttd,caesars,,,,2700,True,rotowire
20260925T040447Z,2026-09-24 23:04:49.239385-05:00,2978678,13426,Noah Fant,NO,LV,firsttd,draftkings,,,,2800,True,rotowire
20260925T040447Z,2026-09-24 23:04:49.239385-05:00,2978678,13426,Noah Fant,NO,LV,firsttd,fanduel,,,,2700,True,rotowire
20260925T040447Z,2026-09-24 23:04:49.239385-05:00,2978678,13426,Noah Fant,NO,LV,firsttd,caesars,,,,3000,True,rotowire
20260925T040447Z,2026-09-24 23:04:49.239385-05:00,2978392,17974,Ryan Flournoy,DAL,BAL,firsttd,draftkings,,,,2500,True,rotowire
20260925T040447Z,2026-09-24 23:04:49.239385-05:00,2978392,17974,Ryan Flournoy,DAL,BAL,firsttd,fanduel,,,,2500,True,rotowire
20260925T040447Z,2026-09-24 23:04:49.239385-05:00,2978392,17974,Ryan Flournoy,DAL,BAL,firsttd,caesars,,,,2400,True,rotowire
20260925T040447Z,2026-09-24 23:04:49.239385-05:00,2978665,10739,Laquon Treadwell,IND,HOU,firsttd,draftkings,,,,3500,True,rotowire
20260925T040447Z,2026-09-24 23:04:49.239385-05:00,2978665,10739,Laquon Treadwell,IND,HOU,firsttd,fanduel,,,,2700,True,rotowire
20260925T040447Z,2026-09-24 23:04:49.239385-05:00,2978665,10739,Laquon Treadwell,IND,HOU,firsttd,caesars,,,,2900,True,rotowire
20260925T040447Z,2026-09-24 23:04:49.239385-05:00,2978666,12616,Calvin Ridley,TEN,@NYG,firsttd,draftkings,,,,3000,True,rotowire
20260925T040447Z,2026-09-24 23:04:49.239385-05:00,2978666,12616,Calvin Ridley,TEN,@NYG,firsttd,fanduel,,,,2700,True,rotowire
20260925T040447Z,2026-09-24 23:04:49.239385-05:00,2978666,12616,Calvin Ridley,TEN,@NYG,firsttd,caesars,,,,3000,True,rotowire
20260925T040447Z,2026-09-24 23:04:49.239385-05:00,2978645,15447,Joshua Palmer,BUF,LAC,firsttd,draftkings,,,,2000,True,rotowire
20260925T040447Z,2026-09-24 23:04:49.239385-05:00,2978645,15447,Joshua Palmer,BUF,LAC,firsttd,fanduel,,,,2000,True,rotowire
20260925T040447Z,2026-09-24 23:04:49.239385-05:00,2978645,15447,Joshua Palmer,BUF,LAC,firsttd,caesars,,,,2100,True,rotowire
20260925T040447Z,2026-09-24 23:04:49.239385-05:00,2978665,13522,Darius Slayton,IND,HOU,firsttd,draftkings,,,,3500,True,rotowire
20260925T040447Z,2026-09-24 23:04:49.239385-05:00,2978665,13522,Darius Slayton,IND,HOU,firsttd,fanduel,,,,2200,True,rotowire
20260925T040447Z,2026-09-24 23:04:49.239385-05:00,2978665,13522,Darius Slayton,IND,HOU,firsttd,caesars,,,,2600,True,rotowire
20260925T040447Z,2026-09-24 23:04:49.239385-05:00,2978665,16847,Jared Wayne,HOU,@IND,firsttd,draftkings,,,,3000,True,rotowire
20260925T040447Z,2026-09-24 23:04:49.239385-05:00,2978665,16847,Jared Wayne,HOU,@IND,firsttd,fanduel,,,,4500,True,rotowire
20260925T040447Z,2026-09-24 23:04:49.239385-05:00,2978665,16847,Jared Wayne,HOU,@IND,firsttd,caesars,,,,3500,True,rotowire
20260925T040447Z,2026-09-24 23:04:49.239385-05:00,2978642,14376,Jauan Jennings,MIN,@TB,firsttd,draftkings,,,,3000,True,rotowire
20260925T040447Z,2026-09-24 23:04:49.239385-05:00,2978642,14376,Jauan Jennings,MIN,@TB,firsttd,fanduel,,,,2200,True,rotowire
20260925T040447Z,2026-09-24 23:04:49.239385-05:00,2978642,14376,Jauan Jennings,MIN,@TB,firsttd,caesars,,,,2500,True,rotowire
20260925T040447Z,2026-09-24 23:04:49.239385-05:00,2978686,12316,Johnny Mundt,PHI,@CHI,firsttd,draftkings,,,,2500,True,rotowire
20260925T040447Z,2026-09-24 23:04:49.239385-05:00,2978686,12316,Johnny Mundt,PHI,@CHI,firsttd,fanduel,,,,2700,True,rotowire
20260925T040447Z,2026-09-24 23:04:49.239385-05:00,2978686,12316,Johnny Mundt,PHI,@CHI,firsttd,caesars,,,,2700,True,rotowire
20260925T040447Z,2026-09-24 23:04:49.239385-05:00,2978658,19263,Germie Bernard,PIT,CIN,firsttd,draftkings,,,,2500,True,rotowire
20260925T040447Z,2026-09-24 23:04:49.239385-05:00,2978658,19263,Germie Bernard,PIT,CIN,firsttd,fanduel,,,,2000,True,rotowire
20260925T040447Z,2026-09-24 23:04:49.239385-05:00,2978658,19263,Germie Bernard,PIT,CIN,firsttd,caesars,,,,2500,True,rotowire
20260925T040447Z,2026-09-24 23:04:49.239385-05:00,2978645,17732,Keon Coleman,BUF,LAC,firsttd,draftkings,,,,2000,True,rotowire
20260925T040447Z,2026-09-24 23:04:49.239385-05:00,2978645,17732,Keon Coleman,BUF,LAC,firsttd,fanduel,,,,2000,True,rotowire
20260925T040447Z,2026-09-24 23:04:49.239385-05:00,2978645,17732,Keon Coleman,BUF,LAC,firsttd,caesars,,,,2300,True,rotowire
20260925T040447Z,2026-09-24 23:04:49.239385-05:00,2978662,14370,AJ Dillon,CAR,@CLE,firsttd,draftkings,,,,2800,True,rotowire
20260925T040447Z,2026-09-24 23:04:49.239385-05:00,2978662,14370,AJ Dillon,CAR,@CLE,firsttd,fanduel,,,,3500,True,rotowire
20260925T040447Z,2026-09-24 23:04:49.239385-05:00,2978662,14370,AJ Dillon,CAR,@CLE,firsttd,caesars,,,,3000,True,rotowire
20260925T040447Z,2026-09-24 23:04:49.239385-05:00,2978672,10074,Marcus Mariota,WAS,SEA,firsttd,draftkings,,,,2800,True,rotowire
20260925T040447Z,2026-09-24 23:04:49.239385-05:00,2978672,10074,Marcus Mariota,WAS,SEA,firsttd,fanduel,,,,3000,True,rotowire
20260925T040447Z,2026-09-24 23:04:49.239385-05:00,2978672,10074,Marcus Mariota,WAS,SEA,firsttd,caesars,,,,2900,True,rotowire
20260925T040447Z,2026-09-24 23:04:49.239385-05:00,2978683,17719,Troy Franklin,DEN,LAR,firsttd,draftkings,,,,4500,True,rotowire
20260925T040447Z,2026-09-24 23:04:49.239385-05:00,2978683,17719,Troy Franklin,DEN,LAR,firsttd,fanduel,,,,3000,True,rotowire
20260925T040447Z,2026-09-24 23:04:49.239385-05:00,2978683,17719,Troy Franklin,DEN,LAR,firsttd,caesars,,,,3500,True,rotowire
20260925T040447Z,2026-09-24 23:04:49.239385-05:00,2978645,13466,Dawson Knox,BUF,LAC,firsttd,draftkings,,,,2500,True,rotowire
20260925T040447Z,2026-09-24 23:04:49.239385-05:00,2978645,13466,Dawson Knox,BUF,LAC,firsttd,fanduel,,,,2500,True,rotowire
20260925T040447Z,2026-09-24 23:04:49.239385-05:00,2978645,13466,Dawson Knox,BUF,LAC,firsttd,caesars,,,,2700,True,rotowire
20260925T040447Z,2026-09-24 23:04:49.239385-05:00,2978662,17734,Xavier Legette,CAR,@CLE,firsttd,draftkings,,,,2500,True,rotowire
20260925T040447Z,2026-09-24 23:04:49.239385-05:00,2978662,17734,Xavier Legette,CAR,@CLE,firsttd,fanduel,,,,2500,True,rotowire
20260925T040447Z,2026-09-24 23:04:49.239385-05:00,2978662,17734,Xavier Legette,CAR,@CLE,firsttd,caesars,,,,2400,True,rotowire
20260925T040447Z,2026-09-24 23:04:49.239385-05:00,2978686,11429,Kalif Raymond,CHI,PHI,firsttd,draftkings,,,,3000,True,rotowire
20260925T040447Z,2026-09-24 23:04:49.239385-05:00,2978686,11429,Kalif Raymond,CHI,PHI,firsttd,fanduel,,,,2200,True,rotowire
20260925T040447Z,2026-09-24 23:04:49.239385-05:00,2978686,11429,Kalif Raymond,CHI,PHI,firsttd,caesars,,,,2600,True,rotowire
20260925T040447Z,2026-09-24 23:04:49.239385-05:00,2978665,16886,C.J. Stroud,HOU,@IND,firsttd,draftkings,,,,4000,True,rotowire
20260925T040447Z,2026-09-24 23:04:49.239385-05:00,2978665,16886,C.J. Stroud,HOU,@IND,firsttd,fanduel,,,,3000,True,rotowire
20260925T040447Z,2026-09-24 23:04:49.239385-05:00,2978665,16886,C.J. Stroud,HOU,@IND,firsttd,caesars,,,,3300,True,rotowire
20260925T040447Z,2026-09-24 23:04:49.239385-05:00,2978656,19279,Kenyon Sadiq,NYJ,@DET,firsttd,draftkings,,,,2200,True,rotowire
20260925T040447Z,2026-09-24 23:04:49.239385-05:00,2978656,19279,Kenyon Sadiq,NYJ,@DET,firsttd,fanduel,,,,2500,True,rotowire
20260925T040447Z,2026-09-24 23:04:49.239385-05:00,2978656,19279,Kenyon Sadiq,NYJ,@DET,firsttd,caesars,,,,2600,True,rotowire
20260925T040447Z,2026-09-24 23:04:49.239385-05:00,2978392,13427,Justice Hill,BAL,@DAL,firsttd,draftkings,,,,2800,True,rotowire
20260925T040447Z,2026-09-24 23:04:49.239385-05:00,2978392,13427,Justice Hill,BAL,@DAL,firsttd,fanduel,,,,3000,True,rotowire
20260925T040447Z,2026-09-24 23:04:49.239385-05:00,2978392,13427,Justice Hill,BAL,@DAL,firsttd,caesars,,,,3000,True,rotowire
20260925T040447Z,2026-09-24 23:04:49.239385-05:00,2978658,14442,Joe Burrow,CIN,@PIT,firsttd,draftkings,,,,3500,True,rotowire
20260925T040447Z,2026-09-24 23:04:49.239385-05:00,2978658,14442,Joe Burrow,CIN,@PIT,firsttd,fanduel,,,,2700,True,rotowire
20260925T040447Z,2026-09-24 23:04:49.239385-05:00,2978658,14442,Joe Burrow,CIN,@PIT,firsttd,caesars,,,,3300,True,rotowire
20260925T040447Z,2026-09-24 23:04:49.239385-05:00,2978656,17977,Isaiah Williams,NYJ,@DET,firsttd,draftkings,,,,3000,True,rotowire
20260925T040447Z,2026-09-24 23:04:49.239385-05:00,2978656,17977,Isaiah Williams,NYJ,@DET,firsttd,fanduel,,,,2700,True,rotowire
20260925T040447Z,2026-09-24 23:04:49.239385-05:00,2978656,17977,Isaiah Williams,NYJ,@DET,firsttd,caesars,,,,3000,True,rotowire
20260925T040447Z,2026-09-24 23:04:49.239385-05:00,2978674,17008,Jacob Cowing,SF,ARI,firsttd,draftkings,,,,3000,True,rotowire
20260925T040447Z,2026-09-24 23:04:49.239385-05:00,2978674,17008,Jacob Cowing,SF,ARI,firsttd,fanduel,,,,2700,True,rotowire
20260925T040447Z,2026-09-24 23:04:49.239385-05:00,2978674,17008,Jacob Cowing,SF,ARI,firsttd,caesars,,,,2900,True,rotowire
20260925T040447Z,2026-09-24 23:04:49.239385-05:00,2978649,15891,Greg Dulcich,MIA,KC,firsttd,draftkings,,,,2800,True,rotowire
20260925T040447Z,2026-09-24 23:04:49.239385-05:00,2978649,15891,Greg Dulcich,MIA,KC,firsttd,fanduel,,,,2500,True,rotowire
20260925T040447Z,2026-09-24 23:04:49.239385-05:00,2978649,15891,Greg Dulcich,MIA,KC,firsttd,caesars,,,,2700,True,rotowire
20260925T040447Z,2026-09-24 23:04:49.239385-05:00,2978658,19335,Eli Heidenreich,PIT,CIN,firsttd,draftkings,,,,4500,True,rotowire
20260925T040447Z,2026-09-24 23:04:49.239385-05:00,2978658,19335,Eli Heidenreich,PIT,CIN,firsttd,fanduel,,,,2500,True,rotowire
20260925T040447Z,2026-09-24 23:04:49.239385-05:00,2978658,19335,Eli Heidenreich,PIT,CIN,firsttd,caesars,,,,3300,True,rotowire
20260925T040447Z,2026-09-24 23:04:49.239385-05:00,2978665,13491,Daniel Jones,IND,HOU,firsttd,draftkings,,,,2800,True,rotowire
20260925T040447Z,2026-09-24 23:04:49.239385-05:00,2978665,13491,Daniel Jones,IND,HOU,firsttd,fanduel,,,,2700,True,rotowire
20260925T040447Z,2026-09-24 23:04:49.239385-05:00,2978666,14510,Darnell Mooney,NYG,TEN,firsttd,draftkings,,,,2200,True,rotowire
20260925T040447Z,2026-09-24 23:04:49.239385-05:00,2978666,14510,Darnell Mooney,NYG,TEN,firsttd,fanduel,,,,2700,True,rotowire
20260925T040447Z,2026-09-24 23:04:49.239385-05:00,2978666,14510,Darnell Mooney,NYG,TEN,firsttd,caesars,,,,2700,True,rotowire
20260925T040447Z,2026-09-24 23:04:49.239385-05:00,2978642,13786,Josh Oliver,MIN,@TB,firsttd,draftkings,,,,3000,True,rotowire
20260925T040447Z,2026-09-24 23:04:49.239385-05:00,2978642,13786,Josh Oliver,MIN,@TB,firsttd,fanduel,,,,2500,True,rotowire
20260925T040447Z,2026-09-24 23:04:49.239385-05:00,2978642,13786,Josh Oliver,MIN,@TB,firsttd,caesars,,,,3000,True,rotowire
20260925T040447Z,2026-09-24 23:04:49.239385-05:00,2978672,18540,Elijah Arroyo,SEA,@WAS,firsttd,draftkings,,,,3000,True,rotowire
20260925T040447Z,2026-09-24 23:04:49.239385-05:00,2978672,18540,Elijah Arroyo,SEA,@WAS,firsttd,fanduel,,,,2700,True,rotowire
20260925T040447Z,2026-09-24 23:04:49.239385-05:00,2978672,18540,Elijah Arroyo,SEA,@WAS,firsttd,caesars,,,,3000,True,rotowire
20260925T040447Z,2026-09-24 23:04:49.239385-05:00,2978658,16889,Darnell Washington,PIT,CIN,firsttd,draftkings,,,,4000,True,rotowire
20260925T040447Z,2026-09-24 23:04:49.239385-05:00,2978658,16889,Darnell Washington,PIT,CIN,firsttd,fanduel,,,,3000,True,rotowire
20260925T040447Z,2026-09-24 23:04:49.239385-05:00,2978658,16889,Darnell Washington,PIT,CIN,firsttd,caesars,,,,3500,True,rotowire
20260925T040447Z,2026-09-24 23:04:49.239385-05:00,2978672,17772,Tory Horton,SEA,@WAS,firsttd,draftkings,,,,3500,True,rotowire
20260925T040447Z,2026-09-24 23:04:49.239385-05:00,2978672,17772,Tory Horton,SEA,@WAS,firsttd,fanduel,,,,2700,True,rotowire
20260925T040447Z,2026-09-24 23:04:49.239385-05:00,2978672,17772,Tory Horton,SEA,@WAS,firsttd,caesars,,,,3000,True,rotowire
20260925T040447Z,2026-09-24 23:04:49.239385-05:00,2978666,18552,Elic Ayomanor,TEN,@NYG,firsttd,draftkings,,,,2800,True,rotowire
20260925T040447Z,2026-09-24 23:04:49.239385-05:00,2978666,18552,Elic Ayomanor,TEN,@NYG,firsttd,fanduel,,,,2500,True,rotowire
20260925T040447Z,2026-09-24 23:04:49.239385-05:00,2978666,18552,Elic Ayomanor,TEN,@NYG,firsttd,caesars,,,,2800,True,rotowire
20260925T040447Z,2026-09-24 23:04:49.239385-05:00,2978645,14446,Justin Herbert,LAC,@BUF,firsttd,draftkings,,,,3000,True,rotowire
20260925T040447Z,2026-09-24 23:04:49.239385-05:00,2978645,14446,Justin Herbert,LAC,@BUF,firsttd,fanduel,,,,2700,True,rotowire
20260925T040447Z,2026-09-24 23:04:49.239385-05:00,2978645,14446,Justin Herbert,LAC,@BUF,firsttd,caesars,,,,2800,True,rotowire
20260925T040447Z,2026-09-24 23:04:49.239385-05:00,2978645,16810,Keaton Mitchell,LAC,@BUF,firsttd,draftkings,,,,3000,True,rotowire
20260925T040447Z,2026-09-24 23:04:49.239385-05:00,2978645,16810,Keaton Mitchell,LAC,@BUF,firsttd,fanduel,,,,3300,True,rotowire
20260925T040447Z,2026-09-24 23:04:49.239385-05:00,2978645,16810,Keaton Mitchell,LAC,@BUF,firsttd,caesars,,,,3300,True,rotowire
20260925T040447Z,2026-09-24 23:04:49.239385-05:00,2978672,19237,Antonio Williams,WAS,SEA,firsttd,draftkings,,,,3500,True,rotowire
20260925T040447Z,2026-09-24 23:04:49.239385-05:00,2978672,19237,Antonio Williams,WAS,SEA,firsttd,fanduel,,,,3000,True,rotowire
20260925T040447Z,2026-09-24 23:04:49.239385-05:00,2978672,19237,Antonio Williams,WAS,SEA,firsttd,caesars,,,,3000,True,rotowire
20260925T040447Z,2026-09-24 23:04:49.239385-05:00,2978642,16728,Sean Tucker,TB,MIN,firsttd,draftkings,,,,4500,True,rotowire
20260925T040447Z,2026-09-24 23:04:49.239385-05:00,2978642,16728,Sean Tucker,TB,MIN,firsttd,fanduel,,,,4500,True,rotowire
20260925T040447Z,2026-09-24 23:04:49.239385-05:00,2978642,16728,Sean Tucker,TB,MIN,firsttd,caesars,,,,4500,True,rotowire
20260925T040447Z,2026-09-24 23:04:49.239385-05:00,2978678,18457,Jack Bech,LV,@NO,firsttd,draftkings,,,,3500,True,rotowire
20260925T040447Z,2026-09-24 23:04:49.239385-05:00,2978678,18457,Jack Bech,LV,@NO,firsttd,fanduel,,,,3000,True,rotowire
20260925T040447Z,2026-09-24 23:04:49.239385-05:00,2978678,18457,Jack Bech,LV,@NO,firsttd,caesars,,,,3000,True,rotowire
20260925T040447Z,2026-09-24 23:04:49.239385-05:00,2978653,19448,Nate Boerkircher,JAX,NE,firsttd,draftkings,,,,3000,True,rotowire
20260925T040447Z,2026-09-24 23:04:49.239385-05:00,2978653,19448,Nate Boerkircher,JAX,NE,firsttd,fanduel,,,,3000,True,rotowire
20260925T040447Z,2026-09-24 23:04:49.239385-05:00,2978653,19448,Nate Boerkircher,JAX,NE,firsttd,caesars,,,,3300,True,rotowire
20260925T040447Z,2026-09-24 23:04:49.239385-05:00,2978674,11847,Kendrick Bourne,ARI,@SF,firsttd,draftkings,,,,3500,True,rotowire
20260925T040447Z,2026-09-24 23:04:49.239385-05:00,2978674,11847,Kendrick Bourne,ARI,@SF,firsttd,fanduel,,,,4500,True,rotowire
20260925T040447Z,2026-09-24 23:04:49.239385-05:00,2978645,18478,Tre' Harris,LAC,@BUF,firsttd,draftkings,,,,2800,True,rotowire
20260925T040447Z,2026-09-24 23:04:49.239385-05:00,2978645,18478,Tre' Harris,LAC,@BUF,firsttd,fanduel,,,,2700,True,rotowire
20260925T040447Z,2026-09-24 23:04:49.239385-05:00,2978645,18478,Tre' Harris,LAC,@BUF,firsttd,caesars,,,,2900,True,rotowire
20260925T040447Z,2026-09-24 23:04:49.239385-05:00,2978674,8930,Kyle Juszczyk,SF,ARI,firsttd,draftkings,,,,4000,True,rotowire
20260925T040447Z,2026-09-24 23:04:49.239385-05:00,2978674,8930,Kyle Juszczyk,SF,ARI,firsttd,fanduel,,,,2700,True,rotowire
20260925T040447Z,2026-09-24 23:04:49.239385-05:00,2978674,8930,Kyle Juszczyk,SF,ARI,firsttd,caesars,,,,3300,True,rotowire
20260925T040447Z,2026-09-24 23:04:49.239385-05:00,2978686,14436,Cole Kmet,CHI,PHI,firsttd,draftkings,,,,3500,True,rotowire
20260925T040447Z,2026-09-24 23:04:49.239385-05:00,2978686,14436,Cole Kmet,CHI,PHI,firsttd,fanduel,,,,2700,True,rotowire
20260925T040447Z,2026-09-24 23:04:49.239385-05:00,2978686,14436,Cole Kmet,CHI,PHI,firsttd,caesars,,,,3300,True,rotowire
20260925T040447Z,2026-09-24 23:04:49.239385-05:00,2978662,16069,John Metchie,CAR,@CLE,firsttd,draftkings,,,,4500,True,rotowire
20260925T040447Z,2026-09-24 23:04:49.239385-05:00,2978662,16069,John Metchie,CAR,@CLE,firsttd,fanduel,,,,2500,True,rotowire
20260925T040447Z,2026-09-24 23:04:49.239385-05:00,2978662,16069,John Metchie,CAR,@CLE,firsttd,caesars,,,,3300,True,rotowire
20260925T040447Z,2026-09-24 23:04:49.239385-05:00,2978392,11008,Dak Prescott,DAL,BAL,firsttd,draftkings,,,,3000,True,rotowire
20260925T040447Z,2026-09-24 23:04:49.239385-05:00,2978392,11008,Dak Prescott,DAL,BAL,firsttd,fanduel,,,,3000,True,rotowire
20260925T040447Z,2026-09-24 23:04:49.239385-05:00,2978392,11008,Dak Prescott,DAL,BAL,firsttd,caesars,,,,3000,True,rotowire
20260925T040447Z,2026-09-24 23:04:49.239385-05:00,2978658,13809,Drew Sample,CIN,@PIT,firsttd,draftkings,,,,2500,True,rotowire
20260925T040447Z,2026-09-24 23:04:49.239385-05:00,2978658,13809,Drew Sample,CIN,@PIT,firsttd,fanduel,,,,2700,True,rotowire
20260925T040447Z,2026-09-24 23:04:49.239385-05:00,2978658,13809,Drew Sample,CIN,@PIT,firsttd,caesars,,,,2700,True,rotowire
20260925T040447Z,2026-09-24 23:04:49.239385-05:00,2978666,17967,Tyrone Tracy,NYG,TEN,firsttd,draftkings,,,,5000,True,rotowire
20260925T040447Z,2026-09-24 23:04:49.239385-05:00,2978666,17967,Tyrone Tracy,NYG,TEN,firsttd,fanduel,,,,6000,True,rotowire
20260925T040447Z,2026-09-24 23:04:49.239385-05:00,2978666,17967,Tyrone Tracy,NYG,TEN,firsttd,caesars,,,,5500,True,rotowire
20260925T040447Z,2026-09-24 23:04:49.239385-05:00,2978392,17728,Devontez Walker,BAL,@DAL,firsttd,draftkings,,,,4000,True,rotowire
20260925T040447Z,2026-09-24 23:04:49.239385-05:00,2978392,17728,Devontez Walker,BAL,@DAL,firsttd,fanduel,,,,3500,True,rotowire
20260925T040447Z,2026-09-24 23:04:49.239385-05:00,2978392,17728,Devontez Walker,BAL,@DAL,firsttd,caesars,,,,4000,True,rotowire
20260925T040447Z,2026-09-24 23:04:49.239385-05:00,2978658,19247,Dohnte Meyers,CIN,@PIT,firsttd,draftkings,,,,4000,True,rotowire
20260925T040447Z,2026-09-24 23:04:49.239385-05:00,2978658,19247,Dohnte Meyers,CIN,@PIT,firsttd,fanduel,,,,2700,True,rotowire
20260925T040447Z,2026-09-24 23:04:49.239385-05:00,2978658,19247,Dohnte Meyers,CIN,@PIT,firsttd,caesars,,,,3300,True,rotowire
20260925T040447Z,2026-09-24 23:04:49.239385-05:00,2978672,12490,Sam Darnold,SEA,@WAS,firsttd,draftkings,,,,2800,True,rotowire
20260925T040447Z,2026-09-24 23:04:49.239385-05:00,2978672,12490,Sam Darnold,SEA,@WAS,firsttd,fanduel,,,,2700,True,rotowire
20260925T040447Z,2026-09-24 23:04:49.239385-05:00,2978672,12490,Sam Darnold,SEA,@WAS,firsttd,caesars,,,,3000,True,rotowire
20260925T040447Z,2026-09-24 23:04:49.239385-05:00,2978665,13854,Ashton Dulin,IND,HOU,firsttd,draftkings,,,,5000,True,rotowire
20260925T040447Z,2026-09-24 23:04:49.239385-05:00,2978665,13854,Ashton Dulin,IND,HOU,firsttd,fanduel,,,,2700,True,rotowire
20260925T040447Z,2026-09-24 23:04:49.239385-05:00,2978665,13854,Ashton Dulin,IND,HOU,firsttd,caesars,,,,3500,True,rotowire
20260925T040447Z,2026-09-24 23:04:49.239385-05:00,2978649,18450,Ollie Gordon,MIA,KC,firsttd,draftkings,,,,3500,True,rotowire
20260925T040447Z,2026-09-24 23:04:49.239385-05:00,2978649,18450,Ollie Gordon,MIA,KC,firsttd,fanduel,,,,2700,True,rotowire
20260925T040447Z,2026-09-24 23:04:49.239385-05:00,2978649,18450,Ollie Gordon,MIA,KC,firsttd,caesars,,,,3500,True,rotowire
20260925T040447Z,2026-09-24 23:04:49.239385-05:00,2978674,13418,KhaDarel Hodge,SF,ARI,firsttd,draftkings,,,,3000,True,rotowire
20260925T040447Z,2026-09-24 23:04:49.239385-05:00,2978674,13418,KhaDarel Hodge,SF,ARI,firsttd,fanduel,,,,2700,True,rotowire
20260925T040447Z,2026-09-24 23:04:49.239385-05:00,2978674,13418,KhaDarel Hodge,SF,ARI,firsttd,caesars,,,,3000,True,rotowire
20260925T040447Z,2026-09-24 23:04:49.239385-05:00,2978666,17021,Theo Johnson,NYG,TEN,firsttd,draftkings,,,,4500,True,rotowire
20260925T040447Z,2026-09-24 23:04:49.239385-05:00,2978666,17021,Theo Johnson,NYG,TEN,firsttd,fanduel,,,,2700,True,rotowire
20260925T040447Z,2026-09-24 23:04:49.239385-05:00,2978666,17021,Theo Johnson,NYG,TEN,firsttd,caesars,,,,3300,True,rotowire
20260925T040447Z,2026-09-24 23:04:49.239385-05:00,2978683,17081,Konata Mumpfield,LAR,@DEN,firsttd,draftkings,,,,3000,,rotowire
20260925T040447Z,2026-09-24 23:04:49.239385-05:00,2978683,17081,Konata Mumpfield,LAR,@DEN,firsttd,fanduel,,,,2700,,rotowire
20260925T040447Z,2026-09-24 23:04:49.239385-05:00,2978683,17081,Konata Mumpfield,LAR,@DEN,firsttd,caesars,,,,2900,,rotowire
20260925T040447Z,2026-09-24 23:04:49.239385-05:00,2978649,17800,Jaylen Wright,MIA,KC,firsttd,draftkings,,,,5000,True,rotowire
20260925T040447Z,2026-09-24 23:04:49.239385-05:00,2978649,17800,Jaylen Wright,MIA,KC,firsttd,fanduel,,,,2700,True,rotowire
20260925T040447Z,2026-09-24 23:04:49.239385-05:00,2978649,17800,Jaylen Wright,MIA,KC,firsttd,caesars,,,,4000,True,rotowire
20260925T040447Z,2026-09-24 23:04:49.239385-05:00,2978666,18641,Chimere Dike,TEN,@NYG,firsttd,draftkings,,,,8000,True,rotowire
20260925T040447Z,2026-09-24 23:04:49.239385-05:00,2978666,18641,Chimere Dike,TEN,@NYG,firsttd,fanduel,,,,3500,True,rotowire
20260925T040447Z,2026-09-24 23:04:49.239385-05:00,2978666,18641,Chimere Dike,TEN,@NYG,firsttd,caesars,,,,5000,True,rotowire
20260925T040447Z,2026-09-24 23:04:49.239385-05:00,2978658,19447,Colbie Young,CIN,@PIT,firsttd,draftkings,,,,6000,True,rotowire
20260925T040447Z,2026-09-24 23:04:49.239385-05:00,2978658,19447,Colbie Young,CIN,@PIT,firsttd,fanduel,,,,6000,True,rotowire
20260925T040447Z,2026-09-24 23:04:49.239385-05:00,2978658,19447,Colbie Young,CIN,@PIT,firsttd,caesars,,,,6600,True,rotowire
20260925T040447Z,2026-09-24 23:04:49.239385-05:00,2978662,18545,Mitchell Evans,CAR,@CLE,firsttd,draftkings,,,,4000,True,rotowire
20260925T040447Z,2026-09-24 23:04:49.239385-05:00,2978662,18545,Mitchell Evans,CAR,@CLE,firsttd,fanduel,,,,3500,True,rotowire
20260925T040447Z,2026-09-24 23:04:49.239385-05:00,2978662,18545,Mitchell Evans,CAR,@CLE,firsttd,caesars,,,,4000,True,rotowire
20260925T040447Z,2026-09-24 23:04:49.239385-05:00,2978674,15566,Luke Farrell,SF,ARI,firsttd,draftkings,,,,4500,True,rotowire
20260925T040447Z,2026-09-24 23:04:49.239385-05:00,2978674,15566,Luke Farrell,SF,ARI,firsttd,fanduel,,,,3500,True,rotowire
20260925T040447Z,2026-09-24 23:04:49.239385-05:00,2978674,15566,Luke Farrell,SF,ARI,firsttd,caesars,,,,4000,True,rotowire
20260925T040447Z,2026-09-24 23:04:49.239385-05:00,2978658,18841,Ke'Shawn Williams,CIN,@PIT,firsttd,draftkings,,,,12000,True,rotowire
20260925T040447Z,2026-09-24 23:04:49.239385-05:00,2978658,18841,Ke'Shawn Williams,CIN,@PIT,firsttd,fanduel,,,,6000,True,rotowire
20260925T040447Z,2026-09-24 23:04:49.239385-05:00,2978662,17319,Jaleel McLaughlin,CLE,CAR,firsttd,draftkings,,,,3500,True,rotowire
20260925T040447Z,2026-09-24 23:04:49.239385-05:00,2978662,17319,Jaleel McLaughlin,CLE,CAR,firsttd,fanduel,,,,10000,True,rotowire
20260925T040447Z,2026-09-24 23:04:49.239385-05:00,2978662,17319,Jaleel McLaughlin,CLE,CAR,firsttd,caesars,,,,4000,True,rotowire
20260925T040447Z,2026-09-24 23:04:49.239385-05:00,2978653,18476,LeQuint Allen,JAX,NE,firsttd,draftkings,,,,3500,True,rotowire
20260925T040447Z,2026-09-24 23:04:49.239385-05:00,2978653,18476,LeQuint Allen,JAX,NE,firsttd,fanduel,,,,5000,True,rotowire
20260925T040447Z,2026-09-24 23:04:49.239385-05:00,2978653,18476,LeQuint Allen,JAX,NE,firsttd,caesars,,,,4000,True,rotowire
20260925T040447Z,2026-09-24 23:04:49.239385-05:00,2978392,17091,Emari Demercado,DAL,BAL,firsttd,draftkings,,,,3500,True,rotowire
20260925T040447Z,2026-09-24 23:04:49.239385-05:00,2978392,17091,Emari Demercado,DAL,BAL,firsttd,fanduel,,,,3500,True,rotowire
20260925T040447Z,2026-09-24 23:04:49.239385-05:00,2978392,17091,Emari Demercado,DAL,BAL,firsttd,caesars,,,,3500,True,rotowire
20260925T040447Z,2026-09-24 23:04:49.239385-05:00,2978642,18484,Tez Johnson,TB,MIN,firsttd,draftkings,,,,4500,True,rotowire
20260925T040447Z,2026-09-24 23:04:49.239385-05:00,2978642,18484,Tez Johnson,TB,MIN,firsttd,fanduel,,,,3500,True,rotowire
20260925T040447Z,2026-09-24 23:04:49.239385-05:00,2978642,18484,Tez Johnson,TB,MIN,firsttd,caesars,,,,4000,True,rotowire
20260925T040447Z,2026-09-24 23:04:49.239385-05:00,2978645,17792,Ray Davis,BUF,LAC,firsttd,draftkings,,,,8000,True,rotowire
20260925T040447Z,2026-09-24 23:04:49.239385-05:00,2978645,17792,Ray Davis,BUF,LAC,firsttd,fanduel,,,,6000,True,rotowire
20260925T040447Z,2026-09-24 23:04:49.239385-05:00,2978645,17792,Ray Davis,BUF,LAC,firsttd,caesars,,,,6600,True,rotowire
20260925T040447Z,2026-09-24 23:04:49.239385-05:00,2978653,10126,Ameer Abdullah,JAX,NE,firsttd,draftkings,,,,4000,True,rotowire
20260925T040447Z,2026-09-24 23:04:49.239385-05:00,2978653,10126,Ameer Abdullah,JAX,NE,firsttd,fanduel,,,,3300,True,rotowire
20260925T040447Z,2026-09-24 23:04:49.239385-05:00,2978653,10126,Ameer Abdullah,JAX,NE,firsttd,caesars,,,,3500,True,rotowire
20260925T040447Z,2026-09-24 23:04:49.239385-05:00,2978658,17696,Erick All,CIN,@PIT,firsttd,draftkings,,,,3500,True,rotowire
20260925T040447Z,2026-09-24 23:04:49.239385-05:00,2978658,17696,Erick All,CIN,@PIT,firsttd,fanduel,,,,4000,True,rotowire
20260925T040447Z,2026-09-24 23:04:49.239385-05:00,2978658,17696,Erick All,CIN,@PIT,firsttd,caesars,,,,3500,True,rotowire
20260925T040447Z,2026-09-24 23:04:49.239385-05:00,2978683,15229,Tutu Atwell,LAR,@DEN,firsttd,draftkings,,,,8000,,rotowire
20260925T040447Z,2026-09-24 23:04:49.239385-05:00,2978683,15229,Tutu Atwell,LAR,@DEN,firsttd,fanduel,,,,6500,,rotowire
20260925T040447Z,2026-09-24 23:04:49.239385-05:00,2978683,15229,Tutu Atwell,LAR,@DEN,firsttd,caesars,,,,7500,,rotowire
20260925T040447Z,2026-09-24 23:04:49.239385-05:00,2978649,19309,Chris Bell,MIA,KC,firsttd,draftkings,,,,4000,True,rotowire
20260925T040447Z,2026-09-24 23:04:49.239385-05:00,2978649,19309,Chris Bell,MIA,KC,firsttd,fanduel,,,,3500,True,rotowire
20260925T040447Z,2026-09-24 23:04:49.239385-05:00,2978649,19309,Chris Bell,MIA,KC,firsttd,caesars,,,,4000,True,rotowire
20260925T040447Z,2026-09-24 23:04:49.239385-05:00,2978674,10919,Jacoby Brissett,ARI,@SF,firsttd,draftkings,,,,5000,True,rotowire
20260925T040447Z,2026-09-24 23:04:49.239385-05:00,2978674,10919,Jacoby Brissett,ARI,@SF,firsttd,fanduel,,,,3500,True,rotowire
20260925T040447Z,2026-09-24 23:04:49.239385-05:00,2978674,10919,Jacoby Brissett,ARI,@SF,firsttd,caesars,,,,4000,True,rotowire
20260925T040447Z,2026-09-24 23:04:49.239385-05:00,2978666,15921,Julius Chestnut,TEN,@NYG,firsttd,draftkings,,,,3000,True,rotowire
20260925T040447Z,2026-09-24 23:04:49.239385-05:00,2978666,15921,Julius Chestnut,TEN,@NYG,firsttd,fanduel,,,,4500,True,rotowire
20260925T040447Z,2026-09-24 23:04:49.239385-05:00,2978666,15921,Julius Chestnut,TEN,@NYG,firsttd,caesars,,,,4000,True,rotowire
20260925T040447Z,2026-09-24 23:04:49.239385-05:00,2978683,16849,Marvin Mims,DEN,LAR,firsttd,draftkings,,,,8000,True,rotowire
20260925T040447Z,2026-09-24 23:04:49.239385-05:00,2978683,16849,Marvin Mims,DEN,LAR,firsttd,fanduel,,,,3000,True,rotowire
20260925T040447Z,2026-09-24 23:04:49.239385-05:00,2978683,16849,Marvin Mims,DEN,LAR,firsttd,caesars,,,,4000,True,rotowire
20260925T040447Z,2026-09-24 23:04:49.239385-05:00,2978649,18550,Jalen Royals,KC,@MIA,firsttd,draftkings,,,,5000,True,rotowire
20260925T040447Z,2026-09-24 23:04:49.239385-05:00,2978649,18550,Jalen Royals,KC,@MIA,firsttd,fanduel,,,,3500,True,rotowire
20260925T040447Z,2026-09-24 23:04:49.239385-05:00,2978649,18550,Jalen Royals,KC,@MIA,firsttd,caesars,,,,4500,True,rotowire
20260925T040447Z,2026-09-24 23:04:49.239385-05:00,2978672,17833,Ben Sinnott,WAS,SEA,firsttd,draftkings,,,,3500,True,rotowire
20260925T040447Z,2026-09-24 23:04:49.239385-05:00,2978672,17833,Ben Sinnott,WAS,SEA,firsttd,fanduel,,,,3000,True,rotowire
20260925T040447Z,2026-09-24 23:04:49.239385-05:00,2978672,17833,Ben Sinnott,WAS,SEA,firsttd,caesars,,,,3000,True,rotowire
20260925T040447Z,2026-09-24 23:04:49.239385-05:00,2978683,17467,Xavier Smith,LAR,@DEN,firsttd,draftkings,,,,5000,,rotowire
20260925T040447Z,2026-09-24 23:04:49.239385-05:00,2978683,17467,Xavier Smith,LAR,@DEN,firsttd,fanduel,,,,4000,,rotowire
20260925T040447Z,2026-09-24 23:04:49.239385-05:00,2978683,17467,Xavier Smith,LAR,@DEN,firsttd,caesars,,,,5000,,rotowire
20260925T040447Z,2026-09-24 23:04:49.239385-05:00,2978683,14541,Adam Trautman,DEN,LAR,firsttd,draftkings,,,,4000,True,rotowire
20260925T040447Z,2026-09-24 23:04:49.239385-05:00,2978683,14541,Adam Trautman,DEN,LAR,firsttd,fanduel,,,,3000,True,rotowire
20260925T040447Z,2026-09-24 23:04:49.239385-05:00,2978683,14541,Adam Trautman,DEN,LAR,firsttd,caesars,,,,4000,True,rotowire
20260925T040447Z,2026-09-24 23:04:49.239385-05:00,2978656,15681,Brock Wright,DET,NYJ,firsttd,draftkings,,,,4000,True,rotowire
20260925T040447Z,2026-09-24 23:04:49.239385-05:00,2978656,15681,Brock Wright,DET,NYJ,firsttd,fanduel,,,,3300,True,rotowire
20260925T040447Z,2026-09-24 23:04:49.239385-05:00,2978656,15681,Brock Wright,DET,NYJ,firsttd,caesars,,,,4000,True,rotowire
20260925T040447Z,2026-09-24 23:04:49.239385-05:00,2978666,12298,Patrick Ricard,NYG,TEN,firsttd,draftkings,,,,11000,True,rotowire
20260925T040447Z,2026-09-24 23:04:49.239385-05:00,2978666,12298,Patrick Ricard,NYG,TEN,firsttd,fanduel,,,,10000,True,rotowire
20260925T040447Z,2026-09-24 23:04:49.239385-05:00,2978666,12298,Patrick Ricard,NYG,TEN,firsttd,caesars,,,,9500,True,rotowire
20260925T040447Z,2026-09-24 23:04:49.239385-05:00,2978672,11897,Eric Saubert,SEA,@WAS,firsttd,draftkings,,,,6000,True,rotowire
20260925T040447Z,2026-09-24 23:04:49.239385-05:00,2978672,11897,Eric Saubert,SEA,@WAS,firsttd,fanduel,,,,4500,True,rotowire
20260925T040447Z,2026-09-24 23:04:49.239385-05:00,2978672,11897,Eric Saubert,SEA,@WAS,firsttd,caesars,,,,5000,True,rotowire
20260925T040447Z,2026-09-24 23:04:49.239385-05:00,2978392,12807,Durham Smythe,BAL,@DAL,firsttd,draftkings,,,,3500,True,rotowire
20260925T040447Z,2026-09-24 23:04:49.239385-05:00,2978392,12807,Durham Smythe,BAL,@DAL,firsttd,fanduel,,,,4000,True,rotowire
20260925T040447Z,2026-09-24 23:04:49.239385-05:00,2978392,12807,Durham Smythe,BAL,@DAL,firsttd,caesars,,,,4000,True,rotowire
20260925T040447Z,2026-09-24 23:04:49.239385-05:00,2978392,19310,Elijah Sarratt,BAL,@DAL,firsttd,draftkings,,,,5000,True,rotowire
20260925T040447Z,2026-09-24 23:04:49.239385-05:00,2978392,19310,Elijah Sarratt,BAL,@DAL,firsttd,fanduel,,,,3500,True,rotowire
20260925T040447Z,2026-09-24 23:04:49.239385-05:00,2978392,19310,Elijah Sarratt,BAL,@DAL,firsttd,caesars,,,,4500,True,rotowire
20260925T040447Z,2026-09-24 23:04:49.239385-05:00,2978674,18647,Jordan Watkins,SF,ARI,firsttd,draftkings,,,,10000,True,rotowire
20260925T040447Z,2026-09-24 23:04:49.239385-05:00,2978674,18647,Jordan Watkins,SF,ARI,firsttd,fanduel,,,,8000,True,rotowire
20260925T040447Z,2026-09-24 23:04:49.239385-05:00,2978674,18647,Jordan Watkins,SF,ARI,firsttd,caesars,,,,8000,True,rotowire
20260925T040447Z,2026-09-24 23:04:49.239385-05:00,2978678,18544,Oscar Delp,NO,LV,firsttd,draftkings,,,,6000,True,rotowire
20260925T040447Z,2026-09-24 23:04:49.239385-05:00,2978678,18544,Oscar Delp,NO,LV,firsttd,fanduel,,,,5000,True,rotowire
20260925T040447Z,2026-09-24 23:04:49.239385-05:00,2978678,18544,Oscar Delp,NO,LV,firsttd,caesars,,,,5500,True,rotowire
20260925T040447Z,2026-09-24 23:04:49.239385-05:00,2978656,8743,Geno Smith,NYJ,@DET,firsttd,draftkings,,,,3500,True,rotowire
20260925T040447Z,2026-09-24 23:04:49.239385-05:00,2978656,8743,Geno Smith,NYJ,@DET,firsttd,fanduel,,,,4000,True,rotowire
20260925T040447Z,2026-09-24 23:04:49.239385-05:00,2978656,8743,Geno Smith,NYJ,@DET,firsttd,caesars,,,,4000,True,rotowire
20260925T040447Z,2026-09-24 23:04:49.239385-05:00,2978665,13822,Foster Moreau,HOU,@IND,firsttd,draftkings,,,,4500,True,rotowire
20260925T040447Z,2026-09-24 23:04:49.239385-05:00,2978665,13822,Foster Moreau,HOU,@IND,firsttd,fanduel,,,,5000,True,rotowire
20260925T040447Z,2026-09-24 23:04:49.239385-05:00,2978665,13822,Foster Moreau,HOU,@IND,firsttd,caesars,,,,4500,True,rotowire
20260925T040447Z,2026-09-24 23:04:49.239385-05:00,2978674,18485,Jordan James,SF,ARI,firsttd,draftkings,,,,10000,True,rotowire
20260925T040447Z,2026-09-24 23:04:49.239385-05:00,2978674,18485,Jordan James,SF,ARI,firsttd,fanduel,,,,10000,True,rotowire
20260925T040447Z,2026-09-24 23:04:49.239385-05:00,2978674,18485,Jordan James,SF,ARI,firsttd,caesars,,,,9000,True,rotowire
20260925T040447Z,2026-09-24 23:04:49.239385-05:00,2978672,15274,Dyami Brown,WAS,SEA,firsttd,draftkings,,,,3500,True,rotowire
20260925T040447Z,2026-09-24 23:04:49.239385-05:00,2978672,15274,Dyami Brown,WAS,SEA,firsttd,fanduel,,,,3500,True,rotowire
20260925T040447Z,2026-09-24 23:04:49.239385-05:00,2978672,15274,Dyami Brown,WAS,SEA,firsttd,caesars,,,,4000,True,rotowire
20260925T040447Z,2026-09-24 23:04:49.239385-05:00,2978653,19321,Josh Cameron,JAX,NE,firsttd,draftkings,,,,5500,True,rotowire
20260925T040447Z,2026-09-24 23:04:49.239385-05:00,2978653,19321,Josh Cameron,JAX,NE,firsttd,fanduel,,,,4500,True,rotowire
20260925T040447Z,2026-09-24 23:04:49.239385-05:00,2978653,19321,Josh Cameron,JAX,NE,firsttd,caesars,,,,5000,True,rotowire
20260925T040447Z,2026-09-24 23:04:49.239385-05:00,2978653,18578,Travis Hunter,JAX,NE,firsttd,draftkings,,,,4500,True,rotowire
20260925T040447Z,2026-09-24 23:04:49.239385-05:00,2978653,18578,Travis Hunter,JAX,NE,firsttd,fanduel,,,,5000,True,rotowire
20260925T040447Z,2026-09-24 23:04:49.239385-05:00,2978653,18578,Travis Hunter,JAX,NE,firsttd,caesars,,,,4500,True,rotowire
20260925T040447Z,2026-09-24 23:04:49.239385-05:00,2978672,18533,Kaytron Allen,WAS,SEA,firsttd,draftkings,,,,3500,True,rotowire
20260925T040447Z,2026-09-24 23:04:49.239385-05:00,2978672,18533,Kaytron Allen,WAS,SEA,firsttd,fanduel,,,,3500,True,rotowire
20260925T040447Z,2026-09-24 23:04:49.239385-05:00,2978672,18533,Kaytron Allen,WAS,SEA,firsttd,caesars,,,,3500,True,rotowire
20260925T040447Z,2026-09-24 23:04:49.239385-05:00,2978683,17030,Davis Allen,LAR,@DEN,firsttd,draftkings,,,,5000,,rotowire
20260925T040447Z,2026-09-24 23:04:49.239385-05:00,2978683,17030,Davis Allen,LAR,@DEN,firsttd,fanduel,,,,4000,,rotowire
20260925T040447Z,2026-09-24 23:04:49.239385-05:00,2978683,17030,Davis Allen,LAR,@DEN,firsttd,caesars,,,,4000,,rotowire
20260925T040447Z,2026-09-24 23:04:49.239385-05:00,2978672,15289,John Bates,WAS,SEA,firsttd,draftkings,,,,6000,True,rotowire
20260925T040447Z,2026-09-24 23:04:49.239385-05:00,2978672,15289,John Bates,WAS,SEA,firsttd,fanduel,,,,5000,True,rotowire
20260925T040447Z,2026-09-24 23:04:49.239385-05:00,2978672,15289,John Bates,WAS,SEA,firsttd,caesars,,,,5500,True,rotowire
20260925T040447Z,2026-09-24 23:04:49.239385-05:00,2978649,19322,Kevin Coleman,MIA,KC,firsttd,draftkings,,,,7000,True,rotowire
20260925T040447Z,2026-09-24 23:04:49.239385-05:00,2978649,19322,Kevin Coleman,MIA,KC,firsttd,fanduel,,,,5000,True,rotowire
20260925T040447Z,2026-09-24 23:04:49.239385-05:00,2978649,19322,Kevin Coleman,MIA,KC,firsttd,caesars,,,,6000,True,rotowire
20260925T040447Z,2026-09-24 23:04:49.239385-05:00,2978642,18307,Kameron Johnson,TB,MIN,firsttd,draftkings,,,,6000,True,rotowire
20260925T040447Z,2026-09-24 23:04:49.239385-05:00,2978642,18307,Kameron Johnson,TB,MIN,firsttd,fanduel,,,,3500,True,rotowire
20260925T040447Z,2026-09-24 23:04:49.239385-05:00,2978642,18307,Kameron Johnson,TB,MIN,firsttd,caesars,,,,4500,True,rotowire
20260925T040447Z,2026-09-24 23:04:49.239385-05:00,2978665,19303,Seth McGowan,IND,HOU,firsttd,draftkings,,,,3500,True,rotowire
20260925T040447Z,2026-09-24 23:04:49.239385-05:00,2978665,19303,Seth McGowan,IND,HOU,firsttd,fanduel,,,,5000,True,rotowire
20260925T040447Z,2026-09-24 23:04:49.239385-05:00,2978665,19303,Seth McGowan,IND,HOU,firsttd,caesars,,,,4500,True,rotowire
20260925T040447Z,2026-09-24 23:04:49.239385-05:00,2978653,19348,Eli Raridon,NE,@JAX,firsttd,draftkings,,,,4500,True,rotowire
20260925T040447Z,2026-09-24 23:04:49.239385-05:00,2978653,19348,Eli Raridon,NE,@JAX,firsttd,fanduel,,,,4000,True,rotowire
20260925T040447Z,2026-09-24 23:04:49.239385-05:00,2978653,19348,Eli Raridon,NE,@JAX,firsttd,caesars,,,,4500,True,rotowire
20260925T040447Z,2026-09-24 23:04:49.239385-05:00,2978662,17748,Ja'Tavion Sanders,CAR,@CLE,firsttd,draftkings,,,,5500,True,rotowire
20260925T040447Z,2026-09-24 23:04:49.239385-05:00,2978662,17748,Ja'Tavion Sanders,CAR,@CLE,firsttd,fanduel,,,,3500,True,rotowire
20260925T040447Z,2026-09-24 23:04:49.239385-05:00,2978662,17748,Ja'Tavion Sanders,CAR,@CLE,firsttd,caesars,,,,5000,True,rotowire
20260925T040447Z,2026-09-24 23:04:49.239385-05:00,2978656,17584,Jacob Saylors,DET,NYJ,firsttd,draftkings,,,,9000,True,rotowire
20260925T040447Z,2026-09-24 23:04:49.239385-05:00,2978656,17584,Jacob Saylors,DET,NYJ,firsttd,fanduel,,,,10000,True,rotowire
20260925T040447Z,2026-09-24 23:04:49.239385-05:00,2978656,17584,Jacob Saylors,DET,NYJ,firsttd,caesars,,,,8000,True,rotowire
20260925T040447Z,2026-09-24 23:04:49.239385-05:00,2978672,18643,Jaylin Lane,WAS,SEA,firsttd,draftkings,,,,12000,True,rotowire
20260925T040447Z,2026-09-24 23:04:49.239385-05:00,2978672,18643,Jaylin Lane,WAS,SEA,firsttd,fanduel,,,,5500,True,rotowire
20260925T040447Z,2026-09-24 23:04:49.239385-05:00,2978672,18643,Jaylin Lane,WAS,SEA,firsttd,caesars,,,,7500,True,rotowire
20260925T040447Z,2026-09-24 23:04:49.239385-05:00,2978665,12196,Mo Alie-Cox,IND,HOU,firsttd,draftkings,,,,5000,True,rotowire
20260925T040447Z,2026-09-24 23:04:49.239385-05:00,2978665,12196,Mo Alie-Cox,IND,HOU,firsttd,fanduel,,,,4500,True,rotowire
20260925T040447Z,2026-09-24 23:04:49.239385-05:00,2978665,12196,Mo Alie-Cox,IND,HOU,firsttd,caesars,,,,5000,True,rotowire
20260925T040447Z,2026-09-24 23:04:49.239385-05:00,2978645,17821,Kimani Vidal,LAC,@BUF,firsttd,draftkings,,,,6500,True,rotowire
20260925T040447Z,2026-09-24 23:04:49.239385-05:00,2978645,17821,Kimani Vidal,LAC,@BUF,firsttd,fanduel,,,,6500,True,rotowire
20260925T040447Z,2026-09-24 23:04:49.239385-05:00,2978645,17821,Kimani Vidal,LAC,@BUF,firsttd,caesars,,,,6000,True,rotowire
20260925T040447Z,2026-09-24 23:04:49.239385-05:00,2978649,18542,Jake Briningstool,KC,@MIA,firsttd,draftkings,,,,7000,True,rotowire
20260925T040447Z,2026-09-24 23:04:49.239385-05:00,2978649,18542,Jake Briningstool,KC,@MIA,firsttd,fanduel,,,,5500,True,rotowire
20260925T040447Z,2026-09-24 23:04:49.239385-05:00,2978649,18542,Jake Briningstool,KC,@MIA,firsttd,caesars,,,,6600,True,rotowire
20260925T040447Z,2026-09-24 23:04:49.239385-05:00,2978666,9255,Odell Beckham,NYG,TEN,firsttd,draftkings,,,,7000,True,rotowire
20260925T040447Z,2026-09-24 23:04:49.239385-05:00,2978666,9255,Odell Beckham,NYG,TEN,firsttd,fanduel,,,,7000,True,rotowire
20260925T040447Z,2026-09-24 23:04:49.239385-05:00,2978666,9255,Odell Beckham,NYG,TEN,firsttd,caesars,,,,7500,True,rotowire
20260925T040447Z,2026-09-24 23:04:49.239385-05:00,2978678,19336,Barion Brown,NO,LV,firsttd,draftkings,,,,11000,True,rotowire
20260925T040447Z,2026-09-24 23:04:49.239385-05:00,2978678,19336,Barion Brown,NO,LV,firsttd,fanduel,,,,6000,True,rotowire
20260925T040447Z,2026-09-24 23:04:49.239385-05:00,2978678,19336,Barion Brown,NO,LV,firsttd,caesars,,,,7500,True,rotowire
20260925T040447Z,2026-09-24 23:04:49.239385-05:00,2978645,19318,Brenen Thompson,LAC,@BUF,firsttd,draftkings,,,,6000,True,rotowire
20260925T040447Z,2026-09-24 23:04:49.239385-05:00,2978645,19318,Brenen Thompson,LAC,@BUF,firsttd,fanduel,,,,7000,True,rotowire
20260925T040447Z,2026-09-24 23:04:49.239385-05:00,2978645,19318,Brenen Thompson,LAC,@BUF,firsttd,caesars,,,,6600,True,rotowire
20260925T040447Z,2026-09-24 23:04:49.239385-05:00,2978645,19251,Skyler Bell,BUF,LAC,firsttd,draftkings,,,,4500,True,rotowire
20260925T040447Z,2026-09-24 23:04:49.239385-05:00,2978645,19251,Skyler Bell,BUF,LAC,firsttd,fanduel,,,,4000,True,rotowire
20260925T040447Z,2026-09-24 23:04:49.239385-05:00,2978645,19251,Skyler Bell,BUF,LAC,firsttd,caesars,,,,4500,True,rotowire
20260925T040447Z,2026-09-24 23:04:49.239385-05:00,2978678,19432,Malik Benson,LV,@NO,firsttd,draftkings,,,,6500,True,rotowire
20260925T040447Z,2026-09-24 23:04:49.239385-05:00,2978678,19432,Malik Benson,LV,@NO,firsttd,fanduel,,,,4500,True,rotowire
20260925T040447Z,2026-09-24 23:04:49.239385-05:00,2978678,19432,Malik Benson,LV,@NO,firsttd,caesars,,,,5500,True,rotowire
20260925T040447Z,2026-09-24 23:04:49.239385-05:00,2978686,18958,Darius Cooper,PHI,@CHI,firsttd,draftkings,,,,5000,True,rotowire
20260925T040447Z,2026-09-24 23:04:49.239385-05:00,2978686,18958,Darius Cooper,PHI,@CHI,firsttd,fanduel,,,,4000,True,rotowire
20260925T040447Z,2026-09-24 23:04:49.239385-05:00,2978686,18958,Darius Cooper,PHI,@CHI,firsttd,caesars,,,,4500,True,rotowire
20260925T040447Z,2026-09-24 23:04:49.239385-05:00,2978665,18443,DJ Giddens,IND,HOU,firsttd,draftkings,,,,4000,True,rotowire
20260925T040447Z,2026-09-24 23:04:49.239385-05:00,2978665,18443,DJ Giddens,IND,HOU,firsttd,fanduel,,,,5000,True,rotowire
20260925T040447Z,2026-09-24 23:04:49.239385-05:00,2978665,18443,DJ Giddens,IND,HOU,firsttd,caesars,,,,5000,True,rotowire
20260925T040447Z,2026-09-24 23:04:49.239385-05:00,2978645,18538,Jackson Hawes,BUF,LAC,firsttd,draftkings,,,,5000,True,rotowire
20260925T040447Z,2026-09-24 23:04:49.239385-05:00,2978645,18538,Jackson Hawes,BUF,LAC,firsttd,fanduel,,,,4000,True,rotowire
20260925T040447Z,2026-09-24 23:04:49.239385-05:00,2978645,18538,Jackson Hawes,BUF,LAC,firsttd,caesars,,,,5000,True,rotowire
20260925T040447Z,2026-09-24 23:04:49.239385-05:00,2978686,16772,Roschon Johnson,CHI,PHI,firsttd,draftkings,,,,6500,True,rotowire
20260925T040447Z,2026-09-24 23:04:49.239385-05:00,2978686,16772,Roschon Johnson,CHI,PHI,firsttd,fanduel,,,,4000,True,rotowire
20260925T040447Z,2026-09-24 23:04:49.239385-05:00,2978686,16772,Roschon Johnson,CHI,PHI,firsttd,caesars,,,,5500,True,rotowire
20260925T040447Z,2026-09-24 23:04:49.239385-05:00,2978653,16931,Cameron Latu,NE,@JAX,firsttd,draftkings,,,,5000,True,rotowire
20260925T040447Z,2026-09-24 23:04:49.239385-05:00,2978653,16931,Cameron Latu,NE,@JAX,firsttd,fanduel,,,,4000,True,rotowire
20260925T040447Z,2026-09-24 23:04:49.239385-05:00,2978653,16931,Cameron Latu,NE,@JAX,firsttd,caesars,,,,5000,True,rotowire
20260925T040447Z,2026-09-24 23:04:49.239385-05:00,2978656,15996,Jeremy Ruckert,NYJ,@DET,firsttd,draftkings,,,,4000,True,rotowire
20260925T040447Z,2026-09-24 23:04:49.239385-05:00,2978656,15996,Jeremy Ruckert,NYJ,@DET,firsttd,fanduel,,,,4500,True,rotowire
20260925T040447Z,2026-09-24 23:04:49.239385-05:00,2978656,15996,Jeremy Ruckert,NYJ,@DET,firsttd,caesars,,,,4500,True,rotowire
20260925T040447Z,2026-09-24 23:04:49.239385-05:00,2978662,17130,Blake Whiteheart,CLE,CAR,firsttd,draftkings,,,,8000,True,rotowire
20260925T040447Z,2026-09-24 23:04:49.239385-05:00,2978662,17130,Blake Whiteheart,CLE,CAR,firsttd,fanduel,,,,4500,True,rotowire
20260925T040447Z,2026-09-24 23:04:49.239385-05:00,2978662,17130,Blake Whiteheart,CLE,CAR,firsttd,caesars,,,,6000,True,rotowire
20260925T040447Z,2026-09-24 23:04:49.239385-05:00,2978649,17894,Jared Wiley,KC,@MIA,firsttd,draftkings,,,,7000,True,rotowire
20260925T040447Z,2026-09-24 23:04:49.239385-05:00,2978649,17894,Jared Wiley,KC,@MIA,firsttd,fanduel,,,,5500,True,rotowire
20260925T040447Z,2026-09-24 23:04:49.239385-05:00,2978649,17894,Jared Wiley,KC,@MIA,firsttd,caesars,,,,6000,True,rotowire
20260925T040447Z,2026-09-24 23:04:49.239385-05:00,2978653,19126,Kyle Williams,NE,@JAX,firsttd,draftkings,,,,5500,True,rotowire
20260925T040447Z,2026-09-24 23:04:49.239385-05:00,2978653,19126,Kyle Williams,NE,@JAX,firsttd,fanduel,,,,4500,True,rotowire
20260925T040447Z,2026-09-24 23:04:49.239385-05:00,2978653,19126,Kyle Williams,NE,@JAX,firsttd,caesars,,,,5000,True,rotowire
20260925T040447Z,2026-09-24 23:04:49.239385-05:00,2978392,13894,KaVontae Turpin,DAL,BAL,firsttd,draftkings,,,,9000,True,rotowire
20260925T040447Z,2026-09-24 23:04:49.239385-05:00,2978392,13894,KaVontae Turpin,DAL,BAL,firsttd,fanduel,,,,5000,True,rotowire
20260925T040447Z,2026-09-24 23:04:49.239385-05:00,2978392,13894,KaVontae Turpin,DAL,BAL,firsttd,caesars,,,,6000,True,rotowire
20260925T040447Z,2026-09-24 23:04:49.239385-05:00,2978658,19340,Kaden Wetjen,PIT,CIN,firsttd,draftkings,,,,12000,True,rotowire
20260925T040447Z,2026-09-24 23:04:49.239385-05:00,2978658,19340,Kaden Wetjen,PIT,CIN,firsttd,fanduel,,,,7500,True,rotowire
20260925T040447Z,2026-09-24 23:04:49.239385-05:00,2978658,19340,Kaden Wetjen,PIT,CIN,firsttd,caesars,,,,9500,True,rotowire
20260925T040447Z,2026-09-24 23:04:49.239385-05:00,2978666,16036,Daniel Bellinger,TEN,@NYG,firsttd,draftkings,,,,6500,True,rotowire
20260925T040447Z,2026-09-24 23:04:49.239385-05:00,2978666,16036,Daniel Bellinger,TEN,@NYG,firsttd,fanduel,,,,5000,True,rotowire
20260925T040447Z,2026-09-24 23:04:49.239385-05:00,2978686,13502,Hollywood Brown,PHI,@CHI,firsttd,draftkings,,,,4500,True,rotowire
20260925T040447Z,2026-09-24 23:04:49.239385-05:00,2978686,13502,Hollywood Brown,PHI,@CHI,firsttd,fanduel,,,,5000,True,rotowire
20260925T040447Z,2026-09-24 23:04:49.239385-05:00,2978686,13502,Hollywood Brown,PHI,@CHI,firsttd,caesars,,,,5000,True,rotowire
20260925T040447Z,2026-09-24 23:04:49.239385-05:00,2978653,18889,Efton Chism,NE,@JAX,firsttd,draftkings,,,,7000,True,rotowire
20260925T040447Z,2026-09-24 23:04:49.239385-05:00,2978653,18889,Efton Chism,NE,@JAX,firsttd,fanduel,,,,4500,True,rotowire
20260925T040447Z,2026-09-24 23:04:49.239385-05:00,2978653,18889,Efton Chism,NE,@JAX,firsttd,caesars,,,,6500,True,rotowire
20260925T040447Z,2026-09-24 23:04:49.239385-05:00,2978392,17000,Hunter Luepke,DAL,BAL,firsttd,draftkings,,,,7000,True,rotowire
20260925T040447Z,2026-09-24 23:04:49.239385-05:00,2978392,17000,Hunter Luepke,DAL,BAL,firsttd,fanduel,,,,7000,True,rotowire
20260925T040447Z,2026-09-24 23:04:49.239385-05:00,2978392,17000,Hunter Luepke,DAL,BAL,firsttd,caesars,,,,7000,True,rotowire
20260925T040447Z,2026-09-24 23:04:49.239385-05:00,2978642,19430,Max Bredeson,MIN,@TB,firsttd,draftkings,,,,8000,True,rotowire
20260925T040447Z,2026-09-24 23:04:49.239385-05:00,2978642,19430,Max Bredeson,MIN,@TB,firsttd,fanduel,,,,8000,True,rotowire
20260925T040447Z,2026-09-24 23:04:49.239385-05:00,2978642,19430,Max Bredeson,MIN,@TB,firsttd,caesars,,,,8500,True,rotowire
20260925T040447Z,2026-09-24 23:04:49.239385-05:00,2978658,18519,Tahj Brooks,CIN,@PIT,firsttd,draftkings,,,,13000,True,rotowire
20260925T040447Z,2026-09-24 23:04:49.239385-05:00,2978658,18519,Tahj Brooks,CIN,@PIT,firsttd,fanduel,,,,10000,True,rotowire
20260925T040447Z,2026-09-24 23:04:49.239385-05:00,2978658,18519,Tahj Brooks,CIN,@PIT,firsttd,caesars,,,,10000,True,rotowire
20260925T040447Z,2026-09-24 23:04:49.239385-05:00,2978672,15896,Treylon Burks,WAS,SEA,firsttd,draftkings,,,,7000,True,rotowire
20260925T040447Z,2026-09-24 23:04:49.239385-05:00,2978672,15896,Treylon Burks,WAS,SEA,firsttd,fanduel,,,,5500,True,rotowire
20260925T040447Z,2026-09-24 23:04:49.239385-05:00,2978672,15896,Treylon Burks,WAS,SEA,firsttd,caesars,,,,6600,True,rotowire
20260925T040447Z,2026-09-24 23:04:49.239385-05:00,2978672,18968,Nick Kallerup,SEA,@WAS,firsttd,draftkings,,,,6000,True,rotowire
20260925T040447Z,2026-09-24 23:04:49.239385-05:00,2978672,18968,Nick Kallerup,SEA,@WAS,firsttd,fanduel,,,,4500,True,rotowire
20260925T040447Z,2026-09-24 23:04:49.239385-05:00,2978672,18968,Nick Kallerup,SEA,@WAS,firsttd,caesars,,,,5500,True,rotowire
20260925T040447Z,2026-09-24 23:04:49.239385-05:00,2978653,15460,Quintin Morris,JAX,NE,firsttd,draftkings,,,,8000,True,rotowire
20260925T040447Z,2026-09-24 23:04:49.239385-05:00,2978653,15460,Quintin Morris,JAX,NE,firsttd,fanduel,,,,10000,True,rotowire
20260925T040447Z,2026-09-24 23:04:49.239385-05:00,2978653,15460,Quintin Morris,JAX,NE,firsttd,caesars,,,,9000,True,rotowire
20260925T040447Z,2026-09-24 23:04:49.239385-05:00,2978658,4307,Aaron Rodgers,PIT,CIN,firsttd,draftkings,,,,7000,True,rotowire
20260925T040447Z,2026-09-24 23:04:49.239385-05:00,2978658,4307,Aaron Rodgers,PIT,CIN,firsttd,fanduel,,,,4500,True,rotowire
20260925T040447Z,2026-09-24 23:04:49.239385-05:00,2978658,4307,Aaron Rodgers,PIT,CIN,firsttd,caesars,,,,5500,True,rotowire
20260925T040447Z,2026-09-24 23:04:49.239385-05:00,2978662,17330,Brycen Tremayne,CAR,@CLE,firsttd,draftkings,,,,7000,True,rotowire
20260925T040447Z,2026-09-24 23:04:49.239385-05:00,2978662,17330,Brycen Tremayne,CAR,@CLE,firsttd,fanduel,,,,4500,True,rotowire
20260925T040447Z,2026-09-24 23:04:49.239385-05:00,2978662,17330,Brycen Tremayne,CAR,@CLE,firsttd,caesars,,,,6600,True,rotowire
20260925T040447Z,2026-09-24 23:04:49.239385-05:00,2978653,19898,CJ Williams,JAX,NE,firsttd,draftkings,,,,4500,True,rotowire
20260925T040447Z,2026-09-24 23:04:49.239385-05:00,2978653,19898,CJ Williams,JAX,NE,firsttd,fanduel,,,,5000,True,rotowire
20260925T040447Z,2026-09-24 23:04:49.239385-05:00,2978653,19898,CJ Williams,JAX,NE,firsttd,caesars,,,,4500,True,rotowire
20260925T040447Z,2026-09-24 23:04:49.239385-05:00,2978674,17010,Brayden Willis,SF,ARI,firsttd,draftkings,,,,9000,True,rotowire
20260925T040447Z,2026-09-24 23:04:49.239385-05:00,2978674,17010,Brayden Willis,SF,ARI,firsttd,fanduel,,,,8000,True,rotowire
20260925T040447Z,2026-09-24 23:04:49.239385-05:00,2978674,17010,Brayden Willis,SF,ARI,firsttd,caesars,,,,9000,True,rotowire
20260925T040447Z,2026-09-24 23:04:49.239385-05:00,2978678,15922,Dareke Young,LV,@NO,firsttd,draftkings,,,,6500,True,rotowire
20260925T040447Z,2026-09-24 23:04:49.239385-05:00,2978678,15922,Dareke Young,LV,@NO,firsttd,fanduel,,,,4500,True,rotowire
20260925T040447Z,2026-09-24 23:04:49.239385-05:00,2978678,15922,Dareke Young,LV,@NO,firsttd,caesars,,,,6000,True,rotowire
20260925T040447Z,2026-09-24 23:04:49.239385-05:00,2978662,18502,Isaiah Bond,CLE,CAR,firsttd,draftkings,,,,10000,True,rotowire
20260925T040447Z,2026-09-24 23:04:49.239385-05:00,2978662,18502,Isaiah Bond,CLE,CAR,firsttd,fanduel,,,,6500,True,rotowire
20260925T040447Z,2026-09-24 23:04:49.239385-05:00,2978662,18502,Isaiah Bond,CLE,CAR,firsttd,caesars,,,,8000,True,rotowire
20260925T040447Z,2026-09-24 23:04:49.239385-05:00,2978653,18532,Corey Kiner,NE,@JAX,firsttd,draftkings,,,,6500,True,rotowire
20260925T040447Z,2026-09-24 23:04:49.239385-05:00,2978653,18532,Corey Kiner,NE,@JAX,firsttd,fanduel,,,,7000,True,rotowire
20260925T040447Z,2026-09-24 23:04:49.239385-05:00,2978653,18532,Corey Kiner,NE,@JAX,firsttd,caesars,,,,7000,True,rotowire
20260925T040447Z,2026-09-24 23:04:49.239385-05:00,2978642,19095,Myles Price,MIN,@TB,firsttd,draftkings,,,,11000,True,rotowire
20260925T040447Z,2026-09-24 23:04:49.239385-05:00,2978642,19095,Myles Price,MIN,@TB,firsttd,fanduel,,,,5500,True,rotowire
20260925T040447Z,2026-09-24 23:04:49.239385-05:00,2978642,19095,Myles Price,MIN,@TB,firsttd,caesars,,,,6600,True,rotowire
20260925T040447Z,2026-09-24 23:04:49.239385-05:00,2978649,19450,Will Kacmarek,MIA,KC,firsttd,draftkings,,,,7000,True,rotowire
20260925T040447Z,2026-09-24 23:04:49.239385-05:00,2978649,19450,Will Kacmarek,MIA,KC,firsttd,fanduel,,,,6000,True,rotowire
20260925T040447Z,2026-09-24 23:04:49.239385-05:00,2978649,19450,Will Kacmarek,MIA,KC,firsttd,caesars,,,,6600,True,rotowire
20260925T040447Z,2026-09-24 23:04:49.239385-05:00,2978678,8057,Kirk Cousins,LV,@NO,firsttd,draftkings,,,,8000,True,rotowire
20260925T040447Z,2026-09-24 23:04:49.239385-05:00,2978678,8057,Kirk Cousins,LV,@NO,firsttd,fanduel,,,,8000,True,rotowire
20260925T040447Z,2026-09-24 23:04:49.239385-05:00,2978678,8057,Kirk Cousins,LV,@NO,firsttd,caesars,,,,8500,True,rotowire
20260925T040447Z,2026-09-24 23:04:49.239385-05:00,2978392,19364,Matthew Hibner,BAL,@DAL,firsttd,draftkings,,,,7000,True,rotowire
20260925T040447Z,2026-09-24 23:04:49.239385-05:00,2978392,19364,Matthew Hibner,BAL,@DAL,firsttd,fanduel,,,,6500,True,rotowire
20260925T040447Z,2026-09-24 23:04:49.239385-05:00,2978392,19364,Matthew Hibner,BAL,@DAL,firsttd,caesars,,,,7000,True,rotowire
20260925T040447Z,2026-09-24 23:04:49.239385-05:00,2978686,15280,Elijah Moore,PHI,@CHI,firsttd,draftkings,,,,6500,True,rotowire
20260925T040447Z,2026-09-24 23:04:49.239385-05:00,2978686,15280,Elijah Moore,PHI,@CHI,firsttd,fanduel,,,,5000,True,rotowire
20260925T040447Z,2026-09-24 23:04:49.239385-05:00,2978686,15280,Elijah Moore,PHI,@CHI,firsttd,caesars,,,,7000,True,rotowire
20260925T040447Z,2026-09-24 23:04:49.239385-05:00,2978665,16277,Drew Ogletree,IND,HOU,firsttd,draftkings,,,,7000,True,rotowire
20260925T040447Z,2026-09-24 23:04:49.239385-05:00,2978665,16277,Drew Ogletree,IND,HOU,firsttd,fanduel,,,,5000,True,rotowire
20260925T040447Z,2026-09-24 23:04:49.239385-05:00,2978665,16277,Drew Ogletree,IND,HOU,firsttd,caesars,,,,6600,True,rotowire
20260925T040447Z,2026-09-24 23:04:49.239385-05:00,2978649,18529,Brashard Smith,KC,@MIA,firsttd,draftkings,,,,9000,True,rotowire
20260925T040447Z,2026-09-24 23:04:49.239385-05:00,2978649,18529,Brashard Smith,KC,@MIA,firsttd,fanduel,,,,10000,True,rotowire
20260925T040447Z,2026-09-24 23:04:49.239385-05:00,2978649,18529,Brashard Smith,KC,@MIA,firsttd,caesars,,,,9000,True,rotowire
20260925T040447Z,2026-09-24 23:04:49.239385-05:00,2978678,12858,Ian Thomas,LV,@NO,firsttd,draftkings,,,,7500,True,rotowire
20260925T040447Z,2026-09-24 23:04:49.239385-05:00,2978678,12858,Ian Thomas,LV,@NO,firsttd,fanduel,,,,6500,True,rotowire
20260925T040447Z,2026-09-24 23:04:49.239385-05:00,2978678,12858,Ian Thomas,LV,@NO,firsttd,caesars,,,,7000,True,rotowire
20260925T040447Z,2026-09-24 23:04:49.239385-05:00,2978649,16010,Jalen Tolbert,MIA,KC,firsttd,draftkings,,,,5500,True,rotowire
20260925T040447Z,2026-09-24 23:04:49.239385-05:00,2978649,16010,Jalen Tolbert,MIA,KC,firsttd,fanduel,,,,5000,True,rotowire
20260925T040447Z,2026-09-24 23:04:49.239385-05:00,2978649,16010,Jalen Tolbert,MIA,KC,firsttd,caesars,,,,5000,True,rotowire
20260925T040447Z,2026-09-24 23:04:49.239385-05:00,2978642,18553,Tai Felton,MIN,@TB,firsttd,draftkings,,,,8000,True,rotowire
20260925T040447Z,2026-09-24 23:04:49.239385-05:00,2978642,18553,Tai Felton,MIN,@TB,firsttd,fanduel,,,,10000,True,rotowire
20260925T040447Z,2026-09-24 23:04:49.239385-05:00,2978642,18553,Tai Felton,MIN,@TB,firsttd,caesars,,,,9500,True,rotowire
20260925T040447Z,2026-09-24 23:04:49.239385-05:00,2978672,17235,Brady Russell,SEA,@WAS,firsttd,draftkings,,,,11000,True,rotowire
20260925T040447Z,2026-09-24 23:04:49.239385-05:00,2978672,17235,Brady Russell,SEA,@WAS,firsttd,fanduel,,,,8000,True,rotowire
20260925T040447Z,2026-09-24 23:04:49.239385-05:00,2978672,17235,Brady Russell,SEA,@WAS,firsttd,caesars,,,,9500,True,rotowire
20260925T040447Z,2026-09-24 23:04:49.239385-05:00,2978662,15310,Tylan Wallace,CLE,CAR,firsttd,draftkings,,,,8000,True,rotowire
20260925T040447Z,2026-09-24 23:04:49.239385-05:00,2978662,15310,Tylan Wallace,CLE,CAR,firsttd,fanduel,,,,5500,True,rotowire
20260925T040447Z,2026-09-24 23:04:49.239385-05:00,2978662,15310,Tylan Wallace,CLE,CAR,firsttd,caesars,,,,7000,True,rotowire
20260925T040447Z,2026-09-24 23:04:49.239385-05:00,2978653,14844,Reggie Gilliam,NE,@JAX,firsttd,draftkings,,,,11000,True,rotowire
20260925T040447Z,2026-09-24 23:04:49.239385-05:00,2978653,14844,Reggie Gilliam,NE,@JAX,firsttd,fanduel,,,,7000,True,rotowire
20260925T040447Z,2026-09-24 23:04:49.239385-05:00,2978653,14844,Reggie Gilliam,NE,@JAX,firsttd,caesars,,,,9000,True,rotowire
20260925T040447Z,2026-09-24 23:04:49.239385-05:00,2978662,17777,Malachi Corley,CLE,CAR,firsttd,draftkings,,,,8000,True,rotowire
20260925T040447Z,2026-09-24 23:04:49.239385-05:00,2978662,17777,Malachi Corley,CLE,CAR,firsttd,fanduel,,,,6500,True,rotowire
20260925T040447Z,2026-09-24 23:04:49.239385-05:00,2978662,17777,Malachi Corley,CLE,CAR,firsttd,caesars,,,,8000,True,rotowire
20260925T040447Z,2026-09-24 23:04:49.239385-05:00,2978658,19258,Jack Endries,CIN,@PIT,firsttd,draftkings,,,,12000,True,rotowire
20260925T040447Z,2026-09-24 23:04:49.239385-05:00,2978658,19258,Jack Endries,CIN,@PIT,firsttd,fanduel,,,,10000,True,rotowire
20260925T040447Z,2026-09-24 23:04:49.239385-05:00,2978658,19258,Jack Endries,CIN,@PIT,firsttd,caesars,,,,10000,True,rotowire
20260925T040447Z,2026-09-24 23:04:49.239385-05:00,2978656,10729,Jared Goff,DET,NYJ,firsttd,draftkings,,,,6500,True,rotowire
20260925T040447Z,2026-09-24 23:04:49.239385-05:00,2978656,10729,Jared Goff,DET,NYJ,firsttd,fanduel,,,,8000,True,rotowire
20260925T040447Z,2026-09-24 23:04:49.239385-05:00,2978656,10729,Jared Goff,DET,NYJ,firsttd,caesars,,,,7000,True,rotowire
20260925T040447Z,2026-09-24 23:04:49.239385-05:00,2978665,19315,Deion Burks,IND,HOU,firsttd,draftkings,,,,8000,True,rotowire
20260925T040447Z,2026-09-24 23:04:49.239385-05:00,2978665,19315,Deion Burks,IND,HOU,firsttd,fanduel,,,,8000,True,rotowire
20260925T040447Z,2026-09-24 23:04:49.239385-05:00,2978665,19315,Deion Burks,IND,HOU,firsttd,caesars,,,,8500,True,rotowire
20260925T040447Z,2026-09-24 23:04:49.239385-05:00,2978662,19608,Carsen Ryan,CLE,CAR,firsttd,draftkings,,,,12000,True,rotowire
20260925T040447Z,2026-09-24 23:04:49.239385-05:00,2978662,19608,Carsen Ryan,CLE,CAR,firsttd,fanduel,,,,10000,True,rotowire
20260925T040447Z,2026-09-24 23:04:49.239385-05:00,2978662,19608,Carsen Ryan,CLE,CAR,firsttd,caesars,,,,10000,True,rotowire
20260925T040447Z,2026-09-24 23:04:49.239385-05:00,2978686,18938,Jahdae Walker,CHI,PHI,firsttd,draftkings,,,,8000,True,rotowire
20260925T040447Z,2026-09-24 23:04:49.239385-05:00,2978686,18938,Jahdae Walker,CHI,PHI,firsttd,fanduel,,,,8000,True,rotowire
20260925T040447Z,2026-09-24 23:04:49.239385-05:00,2978686,18938,Jahdae Walker,CHI,PHI,firsttd,caesars,,,,8500,True,rotowire
20260925T040447Z,2026-09-24 23:04:49.239385-05:00,2978392,17908,Brevyn Spann-Ford,DAL,BAL,firsttd,draftkings,,,,8000,True,rotowire
20260925T040447Z,2026-09-24 23:04:49.239385-05:00,2978392,17908,Brevyn Spann-Ford,DAL,BAL,firsttd,fanduel,,,,7000,True,rotowire
20260925T040447Z,2026-09-24 23:04:49.239385-05:00,2978392,17908,Brevyn Spann-Ford,DAL,BAL,firsttd,caesars,,,,8000,True,rotowire
20260925T040447Z,2026-09-24 23:04:49.239385-05:00,2978683,5971,Matthew Stafford,LAR,@DEN,firsttd,draftkings,,,,7000,,rotowire
20260925T040447Z,2026-09-24 23:04:49.239385-05:00,2978683,5971,Matthew Stafford,LAR,@DEN,firsttd,fanduel,,,,10000,,rotowire
20260925T040447Z,2026-09-24 23:04:49.239385-05:00,2978683,5971,Matthew Stafford,LAR,@DEN,firsttd,caesars,,,,9000,,rotowire
20260925T040447Z,2026-09-24 23:04:49.239385-05:00,2978674,16959,Elijah Higgins,ARI,@SF,firsttd,draftkings,,,,8000,True,rotowire
20260925T040447Z,2026-09-24 23:04:49.239385-05:00,2978674,16959,Elijah Higgins,ARI,@SF,firsttd,fanduel,,,,10000,True,rotowire
20260925T040447Z,2026-09-24 23:04:49.239385-05:00,2978674,16959,Elijah Higgins,ARI,@SF,firsttd,caesars,,,,9000,True,rotowire
20260925T040447Z,2026-09-24 23:04:49.239385-05:00,2978686,17218,E.J. Jenkins,PHI,@CHI,firsttd,draftkings,,,,7500,True,rotowire
20260925T040447Z,2026-09-24 23:04:49.239385-05:00,2978686,17218,E.J. Jenkins,PHI,@CHI,firsttd,fanduel,,,,8000,True,rotowire
20260925T040447Z,2026-09-24 23:04:49.239385-05:00,2978686,17218,E.J. Jenkins,PHI,@CHI,firsttd,caesars,,,,8000,True,rotowire
20260925T040447Z,2026-09-24 23:04:49.239385-05:00,2978656,17057,Isaiah Davis,NYJ,@DET,firsttd,draftkings,,,,8000,True,rotowire
20260925T040447Z,2026-09-24 23:04:49.239385-05:00,2978656,17057,Isaiah Davis,NYJ,@DET,firsttd,fanduel,,,,8000,True,rotowire
20260925T040447Z,2026-09-24 23:04:49.239385-05:00,2978656,17057,Isaiah Davis,NYJ,@DET,firsttd,caesars,,,,8500,True,rotowire
20260925T040447Z,2026-09-24 23:04:49.239385-05:00,2978392,16937,Jonathan Mingo,DAL,BAL,firsttd,draftkings,,,,11000,True,rotowire
20260925T040447Z,2026-09-24 23:04:49.239385-05:00,2978392,16937,Jonathan Mingo,DAL,BAL,firsttd,fanduel,,,,10000,True,rotowire
20260925T040447Z,2026-09-24 23:04:49.239385-05:00,2978392,16937,Jonathan Mingo,DAL,BAL,firsttd,caesars,,,,10000,True,rotowire
20260925T040447Z,2026-09-24 23:04:49.239385-05:00,2978392,16855,Luke Schoonmaker,DAL,BAL,firsttd,draftkings,,,,9000,True,rotowire
20260925T040447Z,2026-09-24 23:04:49.239385-05:00,2978392,16855,Luke Schoonmaker,DAL,BAL,firsttd,fanduel,,,,7000,True,rotowire
20260925T040447Z,2026-09-24 23:04:49.239385-05:00,2978392,16855,Luke Schoonmaker,DAL,BAL,firsttd,caesars,,,,8000,True,rotowire
20260925T040447Z,2026-09-24 23:04:49.239385-05:00,2978665,17794,Cade Stover,HOU,@IND,firsttd,draftkings,,,,7500,True,rotowire
20260925T040447Z,2026-09-24 23:04:49.239385-05:00,2978665,17794,Cade Stover,HOU,@IND,firsttd,fanduel,,,,8000,True,rotowire
20260925T040447Z,2026-09-24 23:04:49.239385-05:00,2978665,17794,Cade Stover,HOU,@IND,firsttd,caesars,,,,7500,True,rotowire
20260925T040447Z,2026-09-24 23:04:49.239385-05:00,2978649,19631,Cyrus Allen,KC,@MIA,firsttd,draftkings,,,,11000,True,rotowire
20260925T040447Z,2026-09-24 23:04:49.239385-05:00,2978649,19631,Cyrus Allen,KC,@MIA,firsttd,fanduel,,,,8000,True,rotowire
20260925T040447Z,2026-09-24 23:04:49.239385-05:00,2978649,19631,Cyrus Allen,KC,@MIA,firsttd,caesars,,,,10000,True,rotowire
20260925T040447Z,2026-09-24 23:04:49.239385-05:00,2978656,12809,Tyler Conklin,DET,NYJ,firsttd,draftkings,,,,9000,True,rotowire
20260925T040447Z,2026-09-24 23:04:49.239385-05:00,2978656,12809,Tyler Conklin,DET,NYJ,firsttd,fanduel,,,,7500,True,rotowire
20260925T040447Z,2026-09-24 23:04:49.239385-05:00,2978656,12809,Tyler Conklin,DET,NYJ,firsttd,caesars,,,,8500,True,rotowire
20260925T040447Z,2026-09-24 23:04:49.239385-05:00,2978392,19426,Josh Cuevas,BAL,@DAL,firsttd,draftkings,,,,9000,True,rotowire
20260925T040447Z,2026-09-24 23:04:49.239385-05:00,2978392,19426,Josh Cuevas,BAL,@DAL,firsttd,fanduel,,,,6500,True,rotowire
20260925T040447Z,2026-09-24 23:04:49.239385-05:00,2978392,19426,Josh Cuevas,BAL,@DAL,firsttd,caesars,,,,8000,True,rotowire
20260925T040447Z,2026-09-24 23:04:49.239385-05:00,2978645,16939,Derius Davis,LAC,@BUF,firsttd,draftkings,,,,16000,True,rotowire
20260925T040447Z,2026-09-24 23:04:49.239385-05:00,2978645,16939,Derius Davis,LAC,@BUF,firsttd,fanduel,,,,10000,True,rotowire
20260925T040447Z,2026-09-24 23:04:49.239385-05:00,2978645,16939,Derius Davis,LAC,@BUF,firsttd,caesars,,,,10000,True,rotowire
20260925T040447Z,2026-09-24 23:04:49.239385-05:00,2978665,19352,Marlin Klein,HOU,@IND,firsttd,draftkings,,,,8000,True,rotowire
20260925T040447Z,2026-09-24 23:04:49.239385-05:00,2978665,19352,Marlin Klein,HOU,@IND,firsttd,fanduel,,,,8000,True,rotowire
20260925T040447Z,2026-09-24 23:04:49.239385-05:00,2978665,19352,Marlin Klein,HOU,@IND,firsttd,caesars,,,,8000,True,rotowire
20260925T040447Z,2026-09-24 23:04:49.239385-05:00,2978645,12934,Marquez Valdes-Scantling,LAC,@BUF,firsttd,draftkings,,,,7500,True,rotowire
20260925T040447Z,2026-09-24 23:04:49.239385-05:00,2978645,12934,Marquez Valdes-Scantling,LAC,@BUF,firsttd,fanduel,,,,7000,True,rotowire
20260925T040447Z,2026-09-24 23:04:49.239385-05:00,2978645,12934,Marquez Valdes-Scantling,LAC,@BUF,firsttd,caesars,,,,8000,True,rotowire
20260925T040447Z,2026-09-24 23:04:49.239385-05:00,2978683,16992,Nate Adkins,DEN,LAR,firsttd,draftkings,,,,10000,True,rotowire
20260925T040447Z,2026-09-24 23:04:49.239385-05:00,2978683,16992,Nate Adkins,DEN,LAR,firsttd,fanduel,,,,8000,True,rotowire
20260925T040447Z,2026-09-24 23:04:49.239385-05:00,2978683,16992,Nate Adkins,DEN,LAR,firsttd,caesars,,,,9500,True,rotowire
20260925T040447Z,2026-09-24 23:04:49.239385-05:00,2978392,17026,Rasheen Ali,BAL,@DAL,firsttd,draftkings,,,,12000,True,rotowire
20260925T040447Z,2026-09-24 23:04:49.239385-05:00,2978392,17026,Rasheen Ali,BAL,@DAL,firsttd,fanduel,,,,10000,True,rotowire
20260925T040447Z,2026-09-24 23:04:49.239385-05:00,2978392,17026,Rasheen Ali,BAL,@DAL,firsttd,caesars,,,,10000,True,rotowire
20260925T040447Z,2026-09-24 23:04:49.239385-05:00,2978683,19363,Dallen Bentley,DEN,LAR,firsttd,draftkings,,,,7500,True,rotowire
20260925T040447Z,2026-09-24 23:04:49.239385-05:00,2978683,19363,Dallen Bentley,DEN,LAR,firsttd,fanduel,,,,6500,True,rotowire
20260925T040447Z,2026-09-24 23:04:49.239385-05:00,2978683,19363,Dallen Bentley,DEN,LAR,firsttd,caesars,,,,7500,True,rotowire
20260925T040447Z,2026-09-24 23:04:49.239385-05:00,2978656,14246,Tom Kennedy,DET,NYJ,firsttd,draftkings,,,,12000,True,rotowire
20260925T040447Z,2026-09-24 23:04:49.239385-05:00,2978656,14246,Tom Kennedy,DET,NYJ,firsttd,fanduel,,,,6500,True,rotowire
20260925T040447Z,2026-09-24 23:04:49.239385-05:00,2978656,14246,Tom Kennedy,DET,NYJ,firsttd,caesars,,,,8000,True,rotowire
20260925T040447Z,2026-09-24 23:04:49.239385-05:00,2978656,15918,Tay Martin,DET,NYJ,firsttd,draftkings,,,,9000,True,rotowire
20260925T040447Z,2026-09-24 23:04:49.239385-05:00,2978656,15918,Tay Martin,DET,NYJ,firsttd,fanduel,,,,6500,True,rotowire
20260925T040447Z,2026-09-24 23:04:49.239385-05:00,2978656,15918,Tay Martin,DET,NYJ,firsttd,caesars,,,,8000,True,rotowire
20260925T040447Z,2026-09-24 23:04:49.239385-05:00,2978672,17820,Luke McCaffrey,WAS,SEA,firsttd,draftkings,,,,12000,True,rotowire
20260925T040447Z,2026-09-24 23:04:49.239385-05:00,2978672,17820,Luke McCaffrey,WAS,SEA,firsttd,fanduel,,,,6500,True,rotowire
20260925T040447Z,2026-09-24 23:04:49.239385-05:00,2978672,17820,Luke McCaffrey,WAS,SEA,firsttd,caesars,,,,8500,True,rotowire
20260925T040447Z,2026-09-24 23:04:49.239385-05:00,2978672,18160,Colson Yankoff,WAS,SEA,firsttd,draftkings,,,,9000,True,rotowire
20260925T040447Z,2026-09-24 23:04:49.239385-05:00,2978672,18160,Colson Yankoff,WAS,SEA,firsttd,fanduel,,,,6500,True,rotowire
20260925T040447Z,2026-09-24 23:04:49.239385-05:00,2978672,18160,Colson Yankoff,WAS,SEA,firsttd,caesars,,,,7500,True,rotowire
20260925T040447Z,2026-09-24 23:04:49.239385-05:00,2978678,15916,Connor Heyward,LV,@NO,firsttd,draftkings,,,,7500,True,rotowire
20260925T040447Z,2026-09-24 23:04:49.239385-05:00,2978678,15916,Connor Heyward,LV,@NO,firsttd,fanduel,,,,10000,True,rotowire
20260925T040447Z,2026-09-24 23:04:49.239385-05:00,2978678,15916,Connor Heyward,LV,@NO,firsttd,caesars,,,,9000,True,rotowire
20260925T040447Z,2026-09-24 23:04:49.239385-05:00,2978656,15821,Jelani Woods,NYJ,@DET,firsttd,draftkings,,,,8000,True,rotowire
20260925T040447Z,2026-09-24 23:04:49.239385-05:00,2978656,15821,Jelani Woods,NYJ,@DET,firsttd,fanduel,,,,8000,True,rotowire
20260925T040447Z,2026-09-24 23:04:49.239385-05:00,2978656,15821,Jelani Woods,NYJ,@DET,firsttd,caesars,,,,8000,True,rotowire
20260925T040447Z,2026-09-24 23:04:49.239385-05:00,2978662,15324,Feleipe Franks,CAR,@CLE,firsttd,draftkings,,,,15000,True,rotowire
20260925T040447Z,2026-09-24 23:04:49.239385-05:00,2978662,15324,Feleipe Franks,CAR,@CLE,firsttd,fanduel,,,,10000,True,rotowire
20260925T040447Z,2026-09-24 23:04:49.239385-05:00,2978662,15324,Feleipe Franks,CAR,@CLE,firsttd,caesars,,,,10000,True,rotowire
20260925T040447Z,2026-09-24 23:04:49.239385-05:00,2978674,15246,Hunter Long,ARI,@SF,firsttd,draftkings,,,,8000,True,rotowire
20260925T040447Z,2026-09-24 23:04:49.239385-05:00,2978674,15246,Hunter Long,ARI,@SF,firsttd,fanduel,,,,8000,True,rotowire
20260925T040447Z,2026-09-24 23:04:49.239385-05:00,2978674,15246,Hunter Long,ARI,@SF,firsttd,caesars,,,,8500,True,rotowire
20260925T040447Z,2026-09-24 23:04:49.239385-05:00,2978642,19452,Bauer Sharp,TB,MIN,firsttd,draftkings,,,,12000,True,rotowire
20260925T040447Z,2026-09-24 23:04:49.239385-05:00,2978642,19452,Bauer Sharp,TB,MIN,firsttd,fanduel,,,,8000,True,rotowire
20260925T040447Z,2026-09-24 23:04:49.239385-05:00,2978642,19452,Bauer Sharp,TB,MIN,firsttd,caesars,,,,10000,True,rotowire
20260925T040447Z,2026-09-24 23:04:49.239385-05:00,2978662,10468,Michael Burton,CLE,CAR,firsttd,draftkings,,,,8000,True,rotowire
20260925T040447Z,2026-09-24 23:04:49.239385-05:00,2978662,10468,Michael Burton,CLE,CAR,firsttd,fanduel,,,,10000,True,rotowire
20260925T040447Z,2026-09-24 23:04:49.239385-05:00,2978662,10468,Michael Burton,CLE,CAR,firsttd,caesars,,,,10000,True,rotowire
20260925T040447Z,2026-09-24 23:04:49.239385-05:00,2978658,15467,Ben Skowronek,PIT,CIN,firsttd,draftkings,,,,11000,True,rotowire
20260925T040447Z,2026-09-24 23:04:49.239385-05:00,2978658,15467,Ben Skowronek,PIT,CIN,firsttd,fanduel,,,,8000,True,rotowire
20260925T040447Z,2026-09-24 23:04:49.239385-05:00,2978658,15467,Ben Skowronek,PIT,CIN,firsttd,caesars,,,,10000,True,rotowire
20260925T040447Z,2026-09-24 23:04:49.239385-05:00,2978649,16744,Nikko Remigio,KC,@MIA,firsttd,draftkings,,,,11000,True,rotowire
20260925T040447Z,2026-09-24 23:04:49.239385-05:00,2978649,16744,Nikko Remigio,KC,@MIA,firsttd,fanduel,,,,10000,True,rotowire
20260925T040447Z,2026-09-24 23:04:49.239385-05:00,2978649,16744,Nikko Remigio,KC,@MIA,firsttd,caesars,,,,10000,True,rotowire
20260925T040447Z,2026-09-24 23:04:49.239385-05:00,2978686,16337,Britain Covey,PHI,@CHI,firsttd,draftkings,,,,8000,True,rotowire
20260925T040447Z,2026-09-24 23:04:49.239385-05:00,2978686,16337,Britain Covey,PHI,@CHI,firsttd,fanduel,,,,8000,True,rotowire
20260925T040447Z,2026-09-24 23:04:49.239385-05:00,2978686,16337,Britain Covey,PHI,@CHI,firsttd,caesars,,,,8500,True,rotowire
20260925T040447Z,2026-09-24 23:04:49.239385-05:00,2978645,13806,Alec Ingold,LAC,@BUF,firsttd,draftkings,,,,9000,True,rotowire
20260925T040447Z,2026-09-24 23:04:49.239385-05:00,2978645,13806,Alec Ingold,LAC,@BUF,firsttd,fanduel,,,,10000,True,rotowire
20260925T040447Z,2026-09-24 23:04:49.239385-05:00,2978645,13806,Alec Ingold,LAC,@BUF,firsttd,caesars,,,,10000,True,rotowire
20260925T040447Z,2026-09-24 23:04:49.239385-05:00,2978642,16282,Ko Kieft,TB,MIN,firsttd,draftkings,,,,9000,True,rotowire
20260925T040447Z,2026-09-24 23:04:49.239385-05:00,2978642,16282,Ko Kieft,TB,MIN,firsttd,fanduel,,,,8000,True,rotowire
20260925T040447Z,2026-09-24 23:04:49.239385-05:00,2978642,16282,Ko Kieft,TB,MIN,firsttd,caesars,,,,9000,True,rotowire
20260925T040447Z,2026-09-24 23:04:49.239385-05:00,2978656,18480,Jackson Meeks,DET,NYJ,firsttd,draftkings,,,,9000,True,rotowire
20260925T040447Z,2026-09-24 23:04:49.239385-05:00,2978656,18480,Jackson Meeks,DET,NYJ,firsttd,fanduel,,,,7500,True,rotowire
20260925T040447Z,2026-09-24 23:04:49.239385-05:00,2978656,18480,Jackson Meeks,DET,NYJ,firsttd,caesars,,,,9000,True,rotowire
20260925T040447Z,2026-09-24 23:04:49.239385-05:00,2978678,18263,Treyton Welch,NO,LV,firsttd,draftkings,,,,8000,True,rotowire
20260925T040447Z,2026-09-24 23:04:49.239385-05:00,2978678,18263,Treyton Welch,NO,LV,firsttd,fanduel,,,,7500,True,rotowire
20260925T040447Z,2026-09-24 23:04:49.239385-05:00,2978678,18263,Treyton Welch,NO,LV,firsttd,caesars,,,,8500,True,rotowire
20260925T040447Z,2026-09-24 23:04:49.239385-05:00,2978392,19989,Camden Brown,DAL,BAL,firsttd,draftkings,,,,13000,True,rotowire
20260925T040447Z,2026-09-24 23:04:49.239385-05:00,2978392,19989,Camden Brown,DAL,BAL,firsttd,fanduel,,,,10000,True,rotowire
20260925T040447Z,2026-09-24 23:04:49.239385-05:00,2978392,19989,Camden Brown,DAL,BAL,firsttd,caesars,,,,10000,True,rotowire
20260925T040447Z,2026-09-24 23:04:49.239385-05:00,2978674,14636,Devin Duvernay,ARI,@SF,firsttd,draftkings,,,,16000,True,rotowire
20260925T040447Z,2026-09-24 23:04:49.239385-05:00,2978674,14636,Devin Duvernay,ARI,@SF,firsttd,fanduel,,,,10000,True,rotowire
20260925T040447Z,2026-09-24 23:04:49.239385-05:00,2978674,14636,Devin Duvernay,ARI,@SF,firsttd,caesars,,,,10000,True,rotowire
20260925T040447Z,2026-09-24 23:04:49.239385-05:00,2978642,18573,Gavin Bartholomew,MIN,@TB,firsttd,draftkings,,,,9000,True,rotowire
20260925T040447Z,2026-09-24 23:04:49.239385-05:00,2978642,18573,Gavin Bartholomew,MIN,@TB,firsttd,fanduel,,,,10000,True,rotowire
20260925T040447Z,2026-09-24 23:04:49.239385-05:00,2978642,18573,Gavin Bartholomew,MIN,@TB,firsttd,caesars,,,,10000,True,rotowire
20260925T040447Z,2026-09-24 23:04:49.239385-05:00,2978665,18300,British Brooks,HOU,@IND,firsttd,draftkings,,,,13000,True,rotowire
20260925T040447Z,2026-09-24 23:04:49.239385-05:00,2978665,18300,British Brooks,HOU,@IND,firsttd,fanduel,,,,10000,True,rotowire
20260925T040447Z,2026-09-24 23:04:49.239385-05:00,2978665,18300,British Brooks,HOU,@IND,firsttd,caesars,,,,10000,True,rotowire
20260925T040447Z,2026-09-24 23:04:49.239385-05:00,2978642,16720,Payne Durham,TB,MIN,firsttd,draftkings,,,,9000,True,rotowire
20260925T040447Z,2026-09-24 23:04:49.239385-05:00,2978642,16720,Payne Durham,TB,MIN,firsttd,fanduel,,,,8000,True,rotowire
20260925T040447Z,2026-09-24 23:04:49.239385-05:00,2978642,16720,Payne Durham,TB,MIN,firsttd,caesars,,,,9000,True,rotowire
20260925T040447Z,2026-09-24 23:04:49.239385-05:00,2978683,13565,Lil'Jordan Humphrey,DEN,LAR,firsttd,draftkings,,,,9000,True,rotowire
20260925T040447Z,2026-09-24 23:04:49.239385-05:00,2978683,13565,Lil'Jordan Humphrey,DEN,LAR,firsttd,fanduel,,,,8000,True,rotowire
20260925T040447Z,2026-09-24 23:04:49.239385-05:00,2978683,13565,Lil'Jordan Humphrey,DEN,LAR,firsttd,caesars,,,,8500,True,rotowire
20260925T040447Z,2026-09-24 23:04:49.239385-05:00,2978665,15369,Brevin Jordan,HOU,@IND,firsttd,draftkings,,,,12000,True,rotowire
20260925T040447Z,2026-09-24 23:04:49.239385-05:00,2978665,15369,Brevin Jordan,HOU,@IND,firsttd,fanduel,,,,8000,True,rotowire
20260925T040447Z,2026-09-24 23:04:49.239385-05:00,2978665,15369,Brevin Jordan,HOU,@IND,firsttd,caesars,,,,9500,True,rotowire
20260925T040447Z,2026-09-24 23:04:49.239385-05:00,2978653,19349,Tanner Koziol,JAX,NE,firsttd,draftkings,,,,8000,True,rotowire
20260925T040447Z,2026-09-24 23:04:49.239385-05:00,2978649,17271,Ryan Miller,MIA,KC,firsttd,draftkings,,,,10000,True,rotowire
20260925T040447Z,2026-09-24 23:04:49.239385-05:00,2978649,17271,Ryan Miller,MIA,KC,firsttd,fanduel,,,,8000,True,rotowire
20260925T040447Z,2026-09-24 23:04:49.239385-05:00,2978649,17271,Ryan Miller,MIA,KC,firsttd,caesars,,,,10000,True,rotowire
20260925T040447Z,2026-09-24 23:04:49.239385-05:00,2978658,19451,Riley Nowakowski,PIT,CIN,firsttd,draftkings,,,,11000,True,rotowire
20260925T040447Z,2026-09-24 23:04:49.239385-05:00,2978658,19451,Riley Nowakowski,PIT,CIN,firsttd,fanduel,,,,8000,True,rotowire
20260925T040447Z,2026-09-24 23:04:49.239385-05:00,2978658,19451,Riley Nowakowski,PIT,CIN,firsttd,caesars,,,,9500,True,rotowire
20260925T040447Z,2026-09-24 23:04:49.239385-05:00,2978686,19357,Sam Roush,CHI,PHI,firsttd,draftkings,,,,11000,True,rotowire
20260925T040447Z,2026-09-24 23:04:49.239385-05:00,2978686,19357,Sam Roush,CHI,PHI,firsttd,fanduel,,,,10000,True,rotowire
20260925T040447Z,2026-09-24 23:04:49.239385-05:00,2978686,19357,Sam Roush,CHI,PHI,firsttd,caesars,,,,10000,True,rotowire
20260925T040447Z,2026-09-24 23:04:49.239385-05:00,2978658,12389,Robert Tonyan,PIT,CIN,firsttd,draftkings,,,,12000,True,rotowire
20260925T040447Z,2026-09-24 23:04:49.239385-05:00,2978658,12389,Robert Tonyan,PIT,CIN,firsttd,fanduel,,,,10000,True,rotowire
20260925T040447Z,2026-09-24 23:04:49.239385-05:00,2978658,12389,Robert Tonyan,PIT,CIN,firsttd,caesars,,,,10000,True,rotowire
20260925T040447Z,2026-09-24 23:04:49.239385-05:00,2978656,13713,Andrew Beck,NYJ,@DET,firsttd,draftkings,,,,9000,True,rotowire
20260925T040447Z,2026-09-24 23:04:49.239385-05:00,2978656,13713,Andrew Beck,NYJ,@DET,firsttd,fanduel,,,,10000,True,rotowire
20260925T040447Z,2026-09-24 23:04:49.239385-05:00,2978656,13713,Andrew Beck,NYJ,@DET,firsttd,caesars,,,,10000,True,rotowire
20260925T040447Z,2026-09-24 23:04:49.239385-05:00,2978683,19278,Max Klare,LAR,@DEN,firsttd,draftkings,,,,9000,,rotowire
20260925T040447Z,2026-09-24 23:04:49.239385-05:00,2978683,19278,Max Klare,LAR,@DEN,firsttd,fanduel,,,,10000,,rotowire
20260925T040447Z,2026-09-24 23:04:49.239385-05:00,2978683,19278,Max Klare,LAR,@DEN,firsttd,caesars,,,,10000,,rotowire
20260925T040447Z,2026-09-24 23:04:49.239385-05:00,2978666,10033,Chris Manhertz,NYG,TEN,firsttd,draftkings,,,,9000,True,rotowire
20260925T040447Z,2026-09-24 23:04:49.239385-05:00,2978666,10033,Chris Manhertz,NYG,TEN,firsttd,fanduel,,,,10000,True,rotowire
20260925T040447Z,2026-09-24 23:04:49.239385-05:00,2978666,10033,Chris Manhertz,NYG,TEN,firsttd,caesars,,,,9500,True,rotowire
20260925T040447Z,2026-09-24 23:04:49.239385-05:00,2978656,19668,Malik McClain,NYJ,@DET,firsttd,draftkings,,,,9000,True,rotowire
20260925T040447Z,2026-09-24 23:04:49.239385-05:00,2978656,19668,Malik McClain,NYJ,@DET,firsttd,fanduel,,,,10000,True,rotowire
20260925T040447Z,2026-09-24 23:04:49.239385-05:00,2978674,16105,Bam Knight,ARI,@SF,firsttd,draftkings,,,,19000,True,rotowire
20260925T040447Z,2026-09-24 23:04:49.239385-05:00,2978674,16105,Bam Knight,ARI,@SF,firsttd,fanduel,,,,10000,True,rotowire
20260925T040447Z,2026-09-24 23:04:49.239385-05:00,2978674,16105,Bam Knight,ARI,@SF,firsttd,caesars,,,,10000,True,rotowire
20260925T040447Z,2026-09-24 23:04:49.239385-05:00,2978674,17185,Jalen Brooks,ARI,@SF,firsttd,draftkings,,,,20000,True,rotowire
20260925T040447Z,2026-09-24 23:04:49.239385-05:00,2978674,17185,Jalen Brooks,ARI,@SF,firsttd,fanduel,,,,10000,True,rotowire
20260925T040447Z,2026-09-24 23:04:49.239385-05:00,2978674,17185,Jalen Brooks,ARI,@SF,firsttd,caesars,,,,10000,True,rotowire
20260925T040447Z,2026-09-24 23:04:49.239385-05:00,2978683,19316,CJ Daniels,LAR,@DEN,firsttd,draftkings,,,,12000,,rotowire
20260925T040447Z,2026-09-24 23:04:49.239385-05:00,2978683,19316,CJ Daniels,LAR,@DEN,firsttd,fanduel,,,,10000,,rotowire
20260925T040447Z,2026-09-24 23:04:49.239385-05:00,2978683,19316,CJ Daniels,LAR,@DEN,firsttd,caesars,,,,10000,,rotowire
20260925T040447Z,2026-09-24 23:04:49.239385-05:00,2978674,15559,Simi Fehoko,ARI,@SF,firsttd,draftkings,,,,11000,True,rotowire
20260925T040447Z,2026-09-24 23:04:49.239385-05:00,2978674,15559,Simi Fehoko,ARI,@SF,firsttd,fanduel,,,,10000,True,rotowire
20260925T040447Z,2026-09-24 23:04:49.239385-05:00,2978674,15559,Simi Fehoko,ARI,@SF,firsttd,caesars,,,,10000,True,rotowire
20260925T040447Z,2026-09-24 23:04:49.239385-05:00,2978649,19276,Justin Joly,MIA,KC,firsttd,draftkings,,,,10000,True,rotowire
20260925T040447Z,2026-09-24 23:04:49.239385-05:00,2978649,19276,Justin Joly,MIA,KC,firsttd,fanduel,,,,10000,True,rotowire
20260925T040447Z,2026-09-24 23:04:49.239385-05:00,2978649,19276,Justin Joly,MIA,KC,firsttd,caesars,,,,10000,True,rotowire
20260925T040447Z,2026-09-24 23:04:49.239385-05:00,2978645,18906,Keleki Latu,BUF,LAC,firsttd,draftkings,,,,12000,True,rotowire
20260925T040447Z,2026-09-24 23:04:49.239385-05:00,2978645,18906,Keleki Latu,BUF,LAC,firsttd,fanduel,,,,10000,True,rotowire
20260925T040447Z,2026-09-24 23:04:49.239385-05:00,2978645,18906,Keleki Latu,BUF,LAC,firsttd,caesars,,,,10000,True,rotowire
20260925T040447Z,2026-09-24 23:04:49.239385-05:00,2978666,18301,David Martin-Robinson,TEN,@NYG,firsttd,draftkings,,,,14000,True,rotowire
20260925T040447Z,2026-09-24 23:04:49.239385-05:00,2978666,18301,David Martin-Robinson,TEN,@NYG,firsttd,fanduel,,,,10000,True,rotowire
20260925T040447Z,2026-09-24 23:04:49.239385-05:00,2978666,18301,David Martin-Robinson,TEN,@NYG,firsttd,caesars,,,,10000,True,rotowire
20260925T040447Z,2026-09-24 23:04:49.239385-05:00,2978686,19259,Zavion Thomas,CHI,PHI,firsttd,fanduel,,,,10000,True,rotowire
20260925T040447Z,2026-09-24 23:04:49.239385-05:00,2978686,19259,Zavion Thomas,CHI,PHI,firsttd,caesars,,,,10000,True,rotowire
20260925T040447Z,2026-09-24 23:04:49.239385-05:00,2978649,19681,Seydou Traore,MIA,KC,firsttd,draftkings,,,,11000,True,rotowire
20260925T040447Z,2026-09-24 23:04:49.239385-05:00,2978649,19681,Seydou Traore,MIA,KC,firsttd,fanduel,,,,10000,True,rotowire
20260925T040447Z,2026-09-24 23:04:49.239385-05:00,2978649,19681,Seydou Traore,MIA,KC,firsttd,caesars,,,,10000,True,rotowire
20260925T040447Z,2026-09-24 23:04:49.239385-05:00,2978656,16808,Jahmyr Gibbs,DET,NYJ,anytd,draftkings,,,,-340,True,rotowire
20260925T040447Z,2026-09-24 23:04:49.239385-05:00,2978656,16808,Jahmyr Gibbs,DET,NYJ,anytd,fanduel,,,,-360,True,rotowire
20260925T040447Z,2026-09-24 23:04:49.239385-05:00,2978656,16808,Jahmyr Gibbs,DET,NYJ,anytd,caesars,,,,-325,True,rotowire
20260925T040447Z,2026-09-24 23:04:49.239385-05:00,2978674,11690,Christian McCaffrey,SF,ARI,anytd,draftkings,,,,-275,True,rotowire
20260925T040447Z,2026-09-24 23:04:49.239385-05:00,2978674,11690,Christian McCaffrey,SF,ARI,anytd,fanduel,,,,-280,True,rotowire
20260925T040447Z,2026-09-24 23:04:49.239385-05:00,2978674,11690,Christian McCaffrey,SF,ARI,anytd,caesars,,,,-280,True,rotowire
20260925T040447Z,2026-09-24 23:04:49.239385-05:00,2978392,10819,Derrick Henry,BAL,@DAL,anytd,draftkings,,,,-260,True,rotowire
20260925T040447Z,2026-09-24 23:04:49.239385-05:00,2978392,10819,Derrick Henry,BAL,@DAL,anytd,fanduel,,,,-250,True,rotowire
20260925T040447Z,2026-09-24 23:04:49.239385-05:00,2978392,10819,Derrick Henry,BAL,@DAL,anytd,caesars,,,,-250,True,rotowire
20260925T040447Z,2026-09-24 23:04:49.239385-05:00,2978649,15909,Kenneth Walker,KC,@MIA,anytd,draftkings,,,,-220,True,rotowire
20260925T040447Z,2026-09-24 23:04:49.239385-05:00,2978649,15909,Kenneth Walker,KC,@MIA,anytd,fanduel,,,,-220,True,rotowire
20260925T040447Z,2026-09-24 23:04:49.239385-05:00,2978649,15909,Kenneth Walker,KC,@MIA,anytd,caesars,,,,-235,True,rotowire
20260925T040447Z,2026-09-24 23:04:49.239385-05:00,2978645,15876,James Cook,BUF,LAC,anytd,draftkings,,,,-190,True,rotowire
20260925T040447Z,2026-09-24 23:04:49.239385-05:00,2978645,15876,James Cook,BUF,LAC,anytd,fanduel,,,,-190,True,rotowire
20260925T040447Z,2026-09-24 23:04:49.239385-05:00,2978645,15876,James Cook,BUF,LAC,anytd,caesars,,,,-190,True,rotowire
20260925T040447Z,2026-09-24 23:04:49.239385-05:00,2978392,15306,Javonte Williams,DAL,BAL,anytd,draftkings,,,,-175,True,rotowire
20260925T040447Z,2026-09-24 23:04:49.239385-05:00,2978392,15306,Javonte Williams,DAL,BAL,anytd,fanduel,,,,-175,True,rotowire
20260925T040447Z,2026-09-24 23:04:49.239385-05:00,2978392,15306,Javonte Williams,DAL,BAL,anytd,caesars,,,,-170,True,rotowire
20260925T040447Z,2026-09-24 23:04:49.239385-05:00,2978665,14455,Jonathan Taylor,IND,HOU,anytd,draftkings,,,,-165,True,rotowire
20260925T040447Z,2026-09-24 23:04:49.239385-05:00,2978665,14455,Jonathan Taylor,IND,HOU,anytd,fanduel,,,,-160,True,rotowire
20260925T040447Z,2026-09-24 23:04:49.239385-05:00,2978665,14455,Jonathan Taylor,IND,HOU,anytd,caesars,,,,-164,True,rotowire
20260925T040447Z,2026-09-24 23:04:49.239385-05:00,2978645,12483,Josh Allen,BUF,LAC,anytd,draftkings,,,,-135,True,rotowire
20260925T040447Z,2026-09-24 23:04:49.239385-05:00,2978645,12483,Josh Allen,BUF,LAC,anytd,fanduel,,,,-140,True,rotowire
20260925T040447Z,2026-09-24 23:04:49.239385-05:00,2978645,12483,Josh Allen,BUF,LAC,anytd,caesars,,,,-139,True,rotowire
20260925T040447Z,2026-09-24 23:04:49.239385-05:00,2978686,14394,D'Andre Swift,CHI,PHI,anytd,draftkings,,,,-120,True,rotowire
20260925T040447Z,2026-09-24 23:04:49.239385-05:00,2978686,14394,D'Andre Swift,CHI,PHI,anytd,fanduel,,,,-155,True,rotowire
20260925T040447Z,2026-09-24 23:04:49.239385-05:00,2978686,14394,D'Andre Swift,CHI,PHI,anytd,caesars,,,,-129,True,rotowire
20260925T040447Z,2026-09-24 23:04:49.239385-05:00,2978642,11763,Aaron Jones,MIN,@TB,anytd,draftkings,,,,-115,True,rotowire
20260925T040447Z,2026-09-24 23:04:49.239385-05:00,2978642,11763,Aaron Jones,MIN,@TB,anytd,fanduel,,,,-120,True,rotowire
20260925T040447Z,2026-09-24 23:04:49.239385-05:00,2978642,11763,Aaron Jones,MIN,@TB,anytd,caesars,,,,-121,True,rotowire
20260925T040447Z,2026-09-24 23:04:49.239385-05:00,2978686,12507,Saquon Barkley,PHI,@CHI,anytd,draftkings,,,,-125,True,rotowire
20260925T040447Z,2026-09-24 23:04:49.239385-05:00,2978686,12507,Saquon Barkley,PHI,@CHI,anytd,fanduel,,,,-120,True,rotowire
20260925T040447Z,2026-09-24 23:04:49.239385-05:00,2978686,12507,Saquon Barkley,PHI,@CHI,anytd,caesars,,,,-118,True,rotowire
20260925T040447Z,2026-09-24 23:04:49.239385-05:00,2978658,16934,Chase Brown,CIN,@PIT,anytd,draftkings,,,,-110,True,rotowire
20260925T040447Z,2026-09-24 23:04:49.239385-05:00,2978658,16934,Chase Brown,CIN,@PIT,anytd,fanduel,,,,-115,True,rotowire
20260925T040447Z,2026-09-24 23:04:49.239385-05:00,2978658,16934,Chase Brown,CIN,@PIT,anytd,caesars,,,,-115,True,rotowire
20260925T040447Z,2026-09-24 23:04:49.239385-05:00,2978662,15242,Chuba Hubbard,CAR,@CLE,anytd,draftkings,,,,-130,True,rotowire
20260925T040447Z,2026-09-24 23:04:49.239385-05:00,2978662,15242,Chuba Hubbard,CAR,@CLE,anytd,fanduel,,,,-130,True,rotowire
20260925T040447Z,2026-09-24 23:04:49.239385-05:00,2978662,15242,Chuba Hubbard,CAR,@CLE,anytd,caesars,,,,-132,True,rotowire
20260925T040447Z,2026-09-24 23:04:49.239385-05:00,2978656,15332,Amon-Ra St. Brown,DET,NYJ,anytd,draftkings,,,,-125,True,rotowire
20260925T040447Z,2026-09-24 23:04:49.239385-05:00,2978656,15332,Amon-Ra St. Brown,DET,NYJ,anytd,fanduel,,,,-125,True,rotowire
20260925T040447Z,2026-09-24 23:04:49.239385-05:00,2978656,15332,Amon-Ra St. Brown,DET,NYJ,anytd,caesars,,,,-130,True,rotowire
20260925T040447Z,2026-09-24 23:04:49.239385-05:00,2978683,15807,Kyren Williams,LAR,@DEN,anytd,draftkings,,,,-130,,rotowire
20260925T040447Z,2026-09-24 23:04:49.239385-05:00,2978683,15807,Kyren Williams,LAR,@DEN,anytd,fanduel,,,,-120,,rotowire
20260925T040447Z,2026-09-24 23:04:49.239385-05:00,2978683,15807,Kyren Williams,LAR,@DEN,anytd,caesars,,,,-121,,rotowire
20260925T040447Z,2026-09-24 23:04:49.239385-05:00,2978645,18445,Omarion Hampton,LAC,@BUF,anytd,draftkings,,,,-125,True,rotowire
20260925T040447Z,2026-09-24 23:04:49.239385-05:00,2978645,18445,Omarion Hampton,LAC,@BUF,anytd,fanduel,,,,-120,True,rotowire
20260925T040447Z,2026-09-24 23:04:49.239385-05:00,2978645,18445,Omarion Hampton,LAC,@BUF,anytd,caesars,,,,-124,True,rotowire
20260925T040447Z,2026-09-24 23:04:49.239385-05:00,2978678,18487,Ashton Jeanty,LV,@NO,anytd,draftkings,,,,-125,True,rotowire
20260925T040447Z,2026-09-24 23:04:49.239385-05:00,2978678,18487,Ashton Jeanty,LV,@NO,anytd,fanduel,,,,-115,True,rotowire
20260925T040447Z,2026-09-24 23:04:49.239385-05:00,2978678,18487,Ashton Jeanty,LV,@NO,anytd,caesars,,,,-124,True,rotowire
20260925T040447Z,2026-09-24 23:04:49.239385-05:00,2978672,16654,Jaxon Smith-Njigba,SEA,@WAS,anytd,draftkings,,,,-110,True,rotowire
20260925T040447Z,2026-09-24 23:04:49.239385-05:00,2978672,16654,Jaxon Smith-Njigba,SEA,@WAS,anytd,fanduel,,,,100,True,rotowire
20260925T040447Z,2026-09-24 23:04:49.239385-05:00,2978672,16654,Jaxon Smith-Njigba,SEA,@WAS,anytd,caesars,,,,-105,True,rotowire
20260925T040447Z,2026-09-24 23:04:49.239385-05:00,2978658,15984,Jaylen Warren,PIT,CIN,anytd,draftkings,,,,110,True,rotowire
20260925T040447Z,2026-09-24 23:04:49.239385-05:00,2978658,15984,Jaylen Warren,PIT,CIN,anytd,fanduel,,,,105,True,rotowire
20260925T040447Z,2026-09-24 23:04:49.239385-05:00,2978658,15984,Jaylen Warren,PIT,CIN,anytd,caesars,,,,107,True,rotowire
20260925T040447Z,2026-09-24 23:04:49.239385-05:00,2978656,15810,Breece Hall,NYJ,@DET,anytd,draftkings,,,,-105,True,rotowire
20260925T040447Z,2026-09-24 23:04:49.239385-05:00,2978656,15810,Breece Hall,NYJ,@DET,anytd,fanduel,,,,100,True,rotowire
20260925T040447Z,2026-09-24 23:04:49.239385-05:00,2978656,15810,Breece Hall,NYJ,@DET,anytd,caesars,,,,-104,True,rotowire
20260925T040447Z,2026-09-24 23:04:49.239385-05:00,2978665,13556,David Montgomery,HOU,@IND,anytd,draftkings,,,,-105,True,rotowire
20260925T040447Z,2026-09-24 23:04:49.239385-05:00,2978665,13556,David Montgomery,HOU,@IND,anytd,fanduel,,,,-110,True,rotowire
20260925T040447Z,2026-09-24 23:04:49.239385-05:00,2978665,13556,David Montgomery,HOU,@IND,anytd,caesars,,,,-105,True,rotowire
20260925T040447Z,2026-09-24 23:04:49.239385-05:00,2978649,16661,De'Von Achane,MIA,KC,anytd,draftkings,,,,105,True,rotowire
20260925T040447Z,2026-09-24 23:04:49.239385-05:00,2978649,16661,De'Von Achane,MIA,KC,anytd,fanduel,,,,110,True,rotowire
20260925T040447Z,2026-09-24 23:04:49.239385-05:00,2978649,16661,De'Von Achane,MIA,KC,anytd,caesars,,,,107,True,rotowire
20260925T040447Z,2026-09-24 23:04:49.239385-05:00,2978666,18514,Cam Skattebo,NYG,TEN,anytd,draftkings,,,,115,True,rotowire
20260925T040447Z,2026-09-24 23:04:49.239385-05:00,2978666,18514,Cam Skattebo,NYG,TEN,anytd,fanduel,,,,100,True,rotowire
20260925T040447Z,2026-09-24 23:04:49.239385-05:00,2978666,18514,Cam Skattebo,NYG,TEN,anytd,caesars,,,,106,True,rotowire
20260925T040447Z,2026-09-24 23:04:49.239385-05:00,2978683,9455,Davante Adams,LAR,@DEN,anytd,draftkings,,,,100,,rotowire
20260925T040447Z,2026-09-24 23:04:49.239385-05:00,2978683,9455,Davante Adams,LAR,@DEN,anytd,fanduel,,,,105,,rotowire
20260925T040447Z,2026-09-24 23:04:49.239385-05:00,2978683,9455,Davante Adams,LAR,@DEN,anytd,caesars,,,,107,,rotowire
20260925T040447Z,2026-09-24 23:04:49.239385-05:00,2978649,16963,Rashee Rice,KC,@MIA,anytd,draftkings,,,,130,True,rotowire
20260925T040447Z,2026-09-24 23:04:49.239385-05:00,2978649,16963,Rashee Rice,KC,@MIA,anytd,fanduel,,,,115,True,rotowire
20260925T040447Z,2026-09-24 23:04:49.239385-05:00,2978649,16963,Rashee Rice,KC,@MIA,anytd,caesars,,,,126,True,rotowire
20260925T040447Z,2026-09-24 23:04:49.239385-05:00,2978662,18516,Quinshon Judkins,CLE,CAR,anytd,draftkings,,,,100,True,rotowire
20260925T040447Z,2026-09-24 23:04:49.239385-05:00,2978662,18516,Quinshon Judkins,CLE,CAR,anytd,fanduel,,,,100,True,rotowire
20260925T040447Z,2026-09-24 23:04:49.239385-05:00,2978662,18516,Quinshon Judkins,CLE,CAR,anytd,caesars,,,,100,True,rotowire
20260925T040447Z,2026-09-24 23:04:49.239385-05:00,2978658,15183,Ja'Marr Chase,CIN,@PIT,anytd,draftkings,,,,135,True,rotowire
20260925T040447Z,2026-09-24 23:04:49.239385-05:00,2978658,15183,Ja'Marr Chase,CIN,@PIT,anytd,fanduel,,,,115,True,rotowire
20260925T040447Z,2026-09-24 23:04:49.239385-05:00,2978658,15183,Ja'Marr Chase,CIN,@PIT,anytd,caesars,,,,122,True,rotowire
20260925T040447Z,2026-09-24 23:04:49.239385-05:00,2978392,16919,Zay Flowers,BAL,@DAL,anytd,caesars,,,,106,True,rotowire
20260925T040447Z,2026-09-24 23:04:49.239385-05:00,2978649,8783,Travis Kelce,KC,@MIA,anytd,draftkings,,,,130,True,rotowire
20260925T040447Z,2026-09-24 23:04:49.239385-05:00,2978649,8783,Travis Kelce,KC,@MIA,anytd,fanduel,,,,130,True,rotowire
20260925T040447Z,2026-09-24 23:04:49.239385-05:00,2978649,8783,Travis Kelce,KC,@MIA,anytd,caesars,,,,134,True,rotowire
20260925T040447Z,2026-09-24 23:04:49.239385-05:00,2978392,14411,CeeDee Lamb,DAL,BAL,anytd,draftkings,,,,110,True,rotowire
20260925T040447Z,2026-09-24 23:04:49.239385-05:00,2978392,14411,CeeDee Lamb,DAL,BAL,anytd,fanduel,,,,115,True,rotowire
20260925T040447Z,2026-09-24 23:04:49.239385-05:00,2978392,14411,CeeDee Lamb,DAL,BAL,anytd,caesars,,,,115,True,rotowire
20260925T040447Z,2026-09-24 23:04:49.239385-05:00,2978642,17784,Bucky Irving,TB,MIN,anytd,draftkings,,,,130,True,rotowire
20260925T040447Z,2026-09-24 23:04:49.239385-05:00,2978642,17784,Bucky Irving,TB,MIN,anytd,fanduel,,,,130,True,rotowire
20260925T040447Z,2026-09-24 23:04:49.239385-05:00,2978642,17784,Bucky Irving,TB,MIN,anytd,caesars,,,,128,True,rotowire
20260925T040447Z,2026-09-24 23:04:49.239385-05:00,2978392,12559,Mark Andrews,BAL,@DAL,anytd,draftkings,,,,125,True,rotowire
20260925T040447Z,2026-09-24 23:04:49.239385-05:00,2978392,12559,Mark Andrews,BAL,@DAL,anytd,fanduel,,,,115,True,rotowire
20260925T040447Z,2026-09-24 23:04:49.239385-05:00,2978392,12559,Mark Andrews,BAL,@DAL,anytd,caesars,,,,119,True,rotowire
20260925T040447Z,2026-09-24 23:04:49.239385-05:00,2978672,19299,Jadarian Price,SEA,@WAS,anytd,draftkings,,,,140,True,rotowire
20260925T040447Z,2026-09-24 23:04:49.239385-05:00,2978672,19299,Jadarian Price,SEA,@WAS,anytd,fanduel,,,,155,True,rotowire
20260925T040447Z,2026-09-24 23:04:49.239385-05:00,2978672,19299,Jadarian Price,SEA,@WAS,anytd,caesars,,,,145,True,rotowire
20260925T040447Z,2026-09-24 23:04:49.239385-05:00,2978658,14657,Rico Dowdle,PIT,CIN,anytd,draftkings,,,,120,True,rotowire
20260925T040447Z,2026-09-24 23:04:49.239385-05:00,2978658,14657,Rico Dowdle,PIT,CIN,anytd,caesars,,,,121,True,rotowire
20260925T040447Z,2026-09-24 23:04:49.239385-05:00,2978683,14418,J.K. Dobbins,DEN,LAR,anytd,draftkings,,,,120,True,rotowire
20260925T040447Z,2026-09-24 23:04:49.239385-05:00,2978683,14418,J.K. Dobbins,DEN,LAR,anytd,fanduel,,,,130,True,rotowire
20260925T040447Z,2026-09-24 23:04:49.239385-05:00,2978683,14418,J.K. Dobbins,DEN,LAR,anytd,caesars,,,,126,True,rotowire
20260925T040447Z,2026-09-24 23:04:49.239385-05:00,2978674,9253,Mike Evans,SF,ARI,anytd,draftkings,,,,150,True,rotowire
20260925T040447Z,2026-09-24 23:04:49.239385-05:00,2978674,9253,Mike Evans,SF,ARI,anytd,fanduel,,,,140,True,rotowire
20260925T040447Z,2026-09-24 23:04:49.239385-05:00,2978674,9253,Mike Evans,SF,ARI,anytd,caesars,,,,146,True,rotowire
20260925T040447Z,2026-09-24 23:04:49.239385-05:00,2978666,13590,Tony Pollard,TEN,@NYG,anytd,draftkings,,,,125,True,rotowire
20260925T040447Z,2026-09-24 23:04:49.239385-05:00,2978666,13590,Tony Pollard,TEN,@NYG,anytd,fanduel,,,,130,True,rotowire
20260925T040447Z,2026-09-24 23:04:49.239385-05:00,2978666,13590,Tony Pollard,TEN,@NYG,anytd,caesars,,,,132,True,rotowire
20260925T040447Z,2026-09-24 23:04:49.239385-05:00,2978683,19241,Jonah Coleman,DEN,LAR,anytd,draftkings,,,,300,True,rotowire
20260925T040447Z,2026-09-24 23:04:49.239385-05:00,2978683,19241,Jonah Coleman,DEN,LAR,anytd,fanduel,,,,310,True,rotowire
20260925T040447Z,2026-09-24 23:04:49.239385-05:00,2978683,19241,Jonah Coleman,DEN,LAR,anytd,caesars,,,,285,True,rotowire
20260925T040447Z,2026-09-24 23:04:49.239385-05:00,2978686,14416,Jalen Hurts,PHI,@CHI,anytd,draftkings,,,,155,True,rotowire
20260925T040447Z,2026-09-24 23:04:49.239385-05:00,2978686,14416,Jalen Hurts,PHI,@CHI,anytd,fanduel,,,,145,True,rotowire
20260925T040447Z,2026-09-24 23:04:49.239385-05:00,2978686,14416,Jalen Hurts,PHI,@CHI,anytd,caesars,,,,143,True,rotowire
20260925T040447Z,2026-09-24 23:04:49.239385-05:00,2978678,15895,Chris Olave,NO,LV,anytd,draftkings,,,,140,True,rotowire
20260925T040447Z,2026-09-24 23:04:49.239385-05:00,2978678,15895,Chris Olave,NO,LV,anytd,fanduel,,,,150,True,rotowire
20260925T040447Z,2026-09-24 23:04:49.239385-05:00,2978678,15895,Chris Olave,NO,LV,anytd,caesars,,,,144,True,rotowire
20260925T040447Z,2026-09-24 23:04:49.239385-05:00,2978674,19235,Jeremiyah Love,ARI,@SF,anytd,draftkings,,,,150,True,rotowire
20260925T040447Z,2026-09-24 23:04:49.239385-05:00,2978674,19235,Jeremiyah Love,ARI,@SF,anytd,fanduel,,,,165,True,rotowire
20260925T040447Z,2026-09-24 23:04:49.239385-05:00,2978674,19235,Jeremiyah Love,ARI,@SF,anytd,caesars,,,,149,True,rotowire
20260925T040447Z,2026-09-24 23:04:49.239385-05:00,2978683,16790,Puka Nacua,LAR,@DEN,anytd,caesars,,,,128,,rotowire
20260925T040447Z,2026-09-24 23:04:49.239385-05:00,2978653,18524,Bhayshul Tuten,JAX,NE,anytd,draftkings,,,,130,True,rotowire
20260925T040447Z,2026-09-24 23:04:49.239385-05:00,2978653,18524,Bhayshul Tuten,JAX,NE,anytd,fanduel,,,,150,True,rotowire
20260925T040447Z,2026-09-24 23:04:49.239385-05:00,2978653,18524,Bhayshul Tuten,JAX,NE,anytd,caesars,,,,128,True,rotowire
20260925T040447Z,2026-09-24 23:04:49.239385-05:00,2978678,15385,Travis Etienne,NO,LV,anytd,draftkings,,,,140,True,rotowire
20260925T040447Z,2026-09-24 23:04:49.239385-05:00,2978678,15385,Travis Etienne,NO,LV,anytd,fanduel,,,,140,True,rotowire
20260925T040447Z,2026-09-24 23:04:49.239385-05:00,2978678,15385,Travis Etienne,NO,LV,anytd,caesars,,,,138,True,rotowire
20260925T040447Z,2026-09-24 23:04:49.239385-05:00,2978678,11732,Alvin Kamara,NO,LV,anytd,draftkings,,,,145,True,rotowire
20260925T040447Z,2026-09-24 23:04:49.239385-05:00,2978678,11732,Alvin Kamara,NO,LV,anytd,fanduel,,,,150,True,rotowire
20260925T040447Z,2026-09-24 23:04:49.239385-05:00,2978678,11732,Alvin Kamara,NO,LV,anytd,caesars,,,,153,True,rotowire
20260925T040447Z,2026-09-24 23:04:49.239385-05:00,2978674,11892,George Kittle,SF,ARI,anytd,draftkings,,,,180,True,rotowire
20260925T040447Z,2026-09-24 23:04:49.239385-05:00,2978674,11892,George Kittle,SF,ARI,anytd,fanduel,,,,165,True,rotowire
20260925T040447Z,2026-09-24 23:04:49.239385-05:00,2978674,11892,George Kittle,SF,ARI,anytd,caesars,,,,167,True,rotowire
20260925T040447Z,2026-09-24 23:04:49.239385-05:00,2978658,14506,Tee Higgins,CIN,@PIT,anytd,draftkings,,,,180,True,rotowire
20260925T040447Z,2026-09-24 23:04:49.239385-05:00,2978658,14506,Tee Higgins,CIN,@PIT,anytd,fanduel,,,,170,True,rotowire
20260925T040447Z,2026-09-24 23:04:49.239385-05:00,2978658,14506,Tee Higgins,CIN,@PIT,anytd,caesars,,,,174,True,rotowire
20260925T040447Z,2026-09-24 23:04:49.239385-05:00,2978392,15210,Rashod Bateman,BAL,@DAL,anytd,draftkings,,,,140,True,rotowire
20260925T040447Z,2026-09-24 23:04:49.239385-05:00,2978392,15210,Rashod Bateman,BAL,@DAL,anytd,fanduel,,,,145,True,rotowire
20260925T040447Z,2026-09-24 23:04:49.239385-05:00,2978392,15210,Rashod Bateman,BAL,@DAL,anytd,caesars,,,,146,True,rotowire
20260925T040447Z,2026-09-24 23:04:49.239385-05:00,2978653,15372,Rhamondre Stevenson,NE,@JAX,anytd,draftkings,,,,150,True,rotowire
20260925T040447Z,2026-09-24 23:04:49.239385-05:00,2978653,15372,Rhamondre Stevenson,NE,@JAX,anytd,fanduel,,,,140,True,rotowire
20260925T040447Z,2026-09-24 23:04:49.239385-05:00,2978653,15372,Rhamondre Stevenson,NE,@JAX,anytd,caesars,,,,147,True,rotowire
20260925T040447Z,2026-09-24 23:04:49.239385-05:00,2978642,14509,Justin Jefferson,MIN,@TB,anytd,draftkings,,,,150,True,rotowire
20260925T040447Z,2026-09-24 23:04:49.239385-05:00,2978642,14509,Justin Jefferson,MIN,@TB,anytd,fanduel,,,,150,True,rotowire
20260925T040447Z,2026-09-24 23:04:49.239385-05:00,2978642,14509,Justin Jefferson,MIN,@TB,anytd,caesars,,,,151,True,rotowire
20260925T040447Z,2026-09-24 23:04:49.239385-05:00,2978686,15406,DeVonta Smith,PHI,@CHI,anytd,draftkings,,,,170,True,rotowire
20260925T040447Z,2026-09-24 23:04:49.239385-05:00,2978686,15406,DeVonta Smith,PHI,@CHI,anytd,fanduel,,,,175,True,rotowire
20260925T040447Z,2026-09-24 23:04:49.239385-05:00,2978686,15406,DeVonta Smith,PHI,@CHI,anytd,caesars,,,,169,True,rotowire
20260925T040447Z,2026-09-24 23:04:49.239385-05:00,2978674,15976,Tyler Allgeier,ARI,@SF,anytd,draftkings,,,,175,True,rotowire
20260925T040447Z,2026-09-24 23:04:49.239385-05:00,2978674,15976,Tyler Allgeier,ARI,@SF,anytd,fanduel,,,,180,True,rotowire
20260925T040447Z,2026-09-24 23:04:49.239385-05:00,2978674,15976,Tyler Allgeier,ARI,@SF,anytd,caesars,,,,180,True,rotowire
20260925T040447Z,2026-09-24 23:04:49.239385-05:00,2978656,15849,Jameson Williams,DET,NYJ,anytd,draftkings,,,,180,True,rotowire
20260925T040447Z,2026-09-24 23:04:49.239385-05:00,2978656,15849,Jameson Williams,DET,NYJ,anytd,fanduel,,,,160,True,rotowire
20260925T040447Z,2026-09-24 23:04:49.239385-05:00,2978656,15849,Jameson Williams,DET,NYJ,anytd,caesars,,,,173,True,rotowire
20260925T040447Z,2026-09-24 23:04:49.239385-05:00,2978649,17687,Xavier Worthy,KC,@MIA,anytd,draftkings,,,,170,True,rotowire
20260925T040447Z,2026-09-24 23:04:49.239385-05:00,2978649,17687,Xavier Worthy,KC,@MIA,anytd,fanduel,,,,175,True,rotowire
20260925T040447Z,2026-09-24 23:04:49.239385-05:00,2978649,17687,Xavier Worthy,KC,@MIA,anytd,caesars,,,,173,True,rotowire
20260925T040447Z,2026-09-24 23:04:49.239385-05:00,2978653,18517,TreVeyon Henderson,NE,@JAX,anytd,draftkings,,,,165,True,rotowire
20260925T040447Z,2026-09-24 23:04:49.239385-05:00,2978653,18517,TreVeyon Henderson,NE,@JAX,anytd,fanduel,,,,170,True,rotowire
20260925T040447Z,2026-09-24 23:04:49.239385-05:00,2978653,18517,TreVeyon Henderson,NE,@JAX,anytd,caesars,,,,172,True,rotowire
20260925T040447Z,2026-09-24 23:04:49.239385-05:00,2978645,16697,Dalton Kincaid,BUF,LAC,anytd,draftkings,,,,185,True,rotowire
20260925T040447Z,2026-09-24 23:04:49.239385-05:00,2978645,16697,Dalton Kincaid,BUF,LAC,anytd,fanduel,,,,195,True,rotowire
20260925T040447Z,2026-09-24 23:04:49.239385-05:00,2978645,16697,Dalton Kincaid,BUF,LAC,anytd,caesars,,,,189,True,rotowire
20260925T040447Z,2026-09-24 23:04:49.239385-05:00,2978392,15853,George Pickens,DAL,BAL,anytd,draftkings,,,,150,True,rotowire
20260925T040447Z,2026-09-24 23:04:49.239385-05:00,2978392,15853,George Pickens,DAL,BAL,anytd,fanduel,,,,155,True,rotowire
20260925T040447Z,2026-09-24 23:04:49.239385-05:00,2978392,15853,George Pickens,DAL,BAL,anytd,caesars,,,,150,True,rotowire
20260925T040447Z,2026-09-24 23:04:49.239385-05:00,2978653,16690,Parker Washington,JAX,NE,anytd,draftkings,,,,160,True,rotowire
20260925T040447Z,2026-09-24 23:04:49.239385-05:00,2978653,16690,Parker Washington,JAX,NE,anytd,fanduel,,,,165,True,rotowire
20260925T040447Z,2026-09-24 23:04:49.239385-05:00,2978653,16690,Parker Washington,JAX,NE,anytd,caesars,,,,162,True,rotowire
20260925T040447Z,2026-09-24 23:04:49.239385-05:00,2978672,17593,Emanuel Wilson,SEA,@WAS,anytd,draftkings,,,,210,True,rotowire
20260925T040447Z,2026-09-24 23:04:49.239385-05:00,2978672,17593,Emanuel Wilson,SEA,@WAS,anytd,fanduel,,,,230,True,rotowire
20260925T040447Z,2026-09-24 23:04:49.239385-05:00,2978672,17593,Emanuel Wilson,SEA,@WAS,anytd,caesars,,,,205,True,rotowire
20260925T040447Z,2026-09-24 23:04:49.239385-05:00,2978662,18547,Tetairoa McMillan,CAR,@CLE,anytd,draftkings,,,,180,True,rotowire
20260925T040447Z,2026-09-24 23:04:49.239385-05:00,2978662,18547,Tetairoa McMillan,CAR,@CLE,anytd,fanduel,,,,185,True,rotowire
20260925T040447Z,2026-09-24 23:04:49.239385-05:00,2978662,18547,Tetairoa McMillan,CAR,@CLE,anytd,caesars,,,,173,True,rotowire
20260925T040447Z,2026-09-24 23:04:49.239385-05:00,2978674,13429,Deebo Samuel,SF,ARI,anytd,draftkings,,,,200,True,rotowire
20260925T040447Z,2026-09-24 23:04:49.239385-05:00,2978674,13429,Deebo Samuel,SF,ARI,anytd,fanduel,,,,165,True,rotowire
20260925T040447Z,2026-09-24 23:04:49.239385-05:00,2978674,13429,Deebo Samuel,SF,ARI,anytd,caesars,,,,180,True,rotowire
20260925T040447Z,2026-09-24 23:04:49.239385-05:00,2978674,15902,Trey McBride,ARI,@SF,anytd,draftkings,,,,200,True,rotowire
20260925T040447Z,2026-09-24 23:04:49.239385-05:00,2978674,15902,Trey McBride,ARI,@SF,anytd,fanduel,,,,195,True,rotowire
20260925T040447Z,2026-09-24 23:04:49.239385-05:00,2978674,15902,Trey McBride,ARI,@SF,anytd,caesars,,,,191,True,rotowire
20260925T040447Z,2026-09-24 23:04:49.239385-05:00,2978645,12477,DJ Moore,BUF,LAC,anytd,draftkings,,,,165,True,rotowire
20260925T040447Z,2026-09-24 23:04:49.239385-05:00,2978645,12477,DJ Moore,BUF,LAC,anytd,fanduel,,,,160,True,rotowire
20260925T040447Z,2026-09-24 23:04:49.239385-05:00,2978645,12477,DJ Moore,BUF,LAC,anytd,caesars,,,,162,True,rotowire
20260925T040447Z,2026-09-24 23:04:49.239385-05:00,2978392,12561,Lamar Jackson,BAL,@DAL,anytd,draftkings,,,,185,True,rotowire
20260925T040447Z,2026-09-24 23:04:49.239385-05:00,2978392,12561,Lamar Jackson,BAL,@DAL,anytd,fanduel,,,,200,True,rotowire
20260925T040447Z,2026-09-24 23:04:49.239385-05:00,2978392,12561,Lamar Jackson,BAL,@DAL,anytd,caesars,,,,188,True,rotowire
20260925T040447Z,2026-09-24 23:04:49.239385-05:00,2978656,17033,Sam LaPorta,DET,NYJ,anytd,draftkings,,,,175,True,rotowire
20260925T040447Z,2026-09-24 23:04:49.239385-05:00,2978656,17033,Sam LaPorta,DET,NYJ,anytd,fanduel,,,,190,True,rotowire
20260925T040447Z,2026-09-24 23:04:49.239385-05:00,2978656,17033,Sam LaPorta,DET,NYJ,anytd,caesars,,,,186,True,rotowire
20260925T040447Z,2026-09-24 23:04:49.239385-05:00,2978656,15829,Garrett Wilson,NYJ,@DET,anytd,draftkings,,,,170,True,rotowire
20260925T040447Z,2026-09-24 23:04:49.239385-05:00,2978656,15829,Garrett Wilson,NYJ,@DET,anytd,fanduel,,,,190,True,rotowire
20260925T040447Z,2026-09-24 23:04:49.239385-05:00,2978656,15829,Garrett Wilson,NYJ,@DET,anytd,caesars,,,,173,True,rotowire
20260925T040447Z,2026-09-24 23:04:49.239385-05:00,2978686,16705,Tank Bigsby,PHI,@CHI,anytd,caesars,,,,171,True,rotowire
20260925T040447Z,2026-09-24 23:04:49.239385-05:00,2978662,19298,Denzel Boston,CLE,CAR,anytd,draftkings,,,,175,True,rotowire
20260925T040447Z,2026-09-24 23:04:49.239385-05:00,2978662,19298,Denzel Boston,CLE,CAR,anytd,fanduel,,,,220,True,rotowire
20260925T040447Z,2026-09-24 23:04:49.239385-05:00,2978662,19298,Denzel Boston,CLE,CAR,anytd,caesars,,,,198,True,rotowire
20260925T040447Z,2026-09-24 23:04:49.239385-05:00,2978665,12514,Dalton Schultz,HOU,@IND,anytd,draftkings,,,,195,True,rotowire
20260925T040447Z,2026-09-24 23:04:49.239385-05:00,2978665,12514,Dalton Schultz,HOU,@IND,anytd,fanduel,,,,210,True,rotowire
20260925T040447Z,2026-09-24 23:04:49.239385-05:00,2978665,12514,Dalton Schultz,HOU,@IND,anytd,caesars,,,,200,True,rotowire
20260925T040447Z,2026-09-24 23:04:49.239385-05:00,2978662,17976,Jalen Coker,CAR,@CLE,anytd,draftkings,,,,210,True,rotowire
20260925T040447Z,2026-09-24 23:04:49.239385-05:00,2978662,17976,Jalen Coker,CAR,@CLE,anytd,fanduel,,,,220,True,rotowire
20260925T040447Z,2026-09-24 23:04:49.239385-05:00,2978662,17976,Jalen Coker,CAR,@CLE,anytd,caesars,,,,205,True,rotowire
20260925T040447Z,2026-09-24 23:04:49.239385-05:00,2978658,13424,DK Metcalf,PIT,CIN,anytd,draftkings,,,,200,True,rotowire
20260925T040447Z,2026-09-24 23:04:49.239385-05:00,2978658,13424,DK Metcalf,PIT,CIN,anytd,fanduel,,,,190,True,rotowire
20260925T040447Z,2026-09-24 23:04:49.239385-05:00,2978658,13424,DK Metcalf,PIT,CIN,anytd,caesars,,,,199,True,rotowire
20260925T040447Z,2026-09-24 23:04:49.239385-05:00,2978686,18520,Kyle Monangai,CHI,PHI,anytd,draftkings,,,,190,True,rotowire
20260925T040447Z,2026-09-24 23:04:49.239385-05:00,2978686,18520,Kyle Monangai,CHI,PHI,anytd,caesars,,,,192,True,rotowire
20260925T040447Z,2026-09-24 23:04:49.239385-05:00,2978645,15892,Khalil Shakir,BUF,LAC,anytd,draftkings,,,,195,True,rotowire
20260925T040447Z,2026-09-24 23:04:49.239385-05:00,2978645,15892,Khalil Shakir,BUF,LAC,anytd,fanduel,,,,200,True,rotowire
20260925T040447Z,2026-09-24 23:04:49.239385-05:00,2978645,15892,Khalil Shakir,BUF,LAC,anytd,caesars,,,,200,True,rotowire
20260925T040447Z,2026-09-24 23:04:49.239385-05:00,2978666,16941,Tyjae Spears,TEN,@NYG,anytd,draftkings,,,,330,True,rotowire
20260925T040447Z,2026-09-24 23:04:49.239385-05:00,2978666,16941,Tyjae Spears,TEN,@NYG,anytd,caesars,,,,305,True,rotowire
20260925T040447Z,2026-09-24 23:04:49.239385-05:00,2978683,15404,Jaylen Waddle,DEN,LAR,anytd,draftkings,,,,205,True,rotowire
20260925T040447Z,2026-09-24 23:04:49.239385-05:00,2978683,15404,Jaylen Waddle,DEN,LAR,anytd,fanduel,,,,195,True,rotowire
20260925T040447Z,2026-09-24 23:04:49.239385-05:00,2978683,15404,Jaylen Waddle,DEN,LAR,anytd,caesars,,,,195,True,rotowire
20260925T040447Z,2026-09-24 23:04:49.239385-05:00,2978683,18497,Terrance Ferguson,LAR,@DEN,anytd,draftkings,,,,210,,rotowire
20260925T040447Z,2026-09-24 23:04:49.239385-05:00,2978683,18497,Terrance Ferguson,LAR,@DEN,anytd,fanduel,,,,195,,rotowire
20260925T040447Z,2026-09-24 23:04:49.239385-05:00,2978683,18497,Terrance Ferguson,LAR,@DEN,anytd,caesars,,,,200,,rotowire
20260925T040447Z,2026-09-24 23:04:49.239385-05:00,2978645,17724,Ladd McConkey,LAC,@BUF,anytd,draftkings,,,,210,True,rotowire
20260925T040447Z,2026-09-24 23:04:49.239385-05:00,2978645,17724,Ladd McConkey,LAC,@BUF,anytd,fanduel,,,,210,True,rotowire
20260925T040447Z,2026-09-24 23:04:49.239385-05:00,2978645,17724,Ladd McConkey,LAC,@BUF,anytd,caesars,,,,205,True,rotowire
20260925T040447Z,2026-09-24 23:04:49.239385-05:00,2978653,16933,Chris Rodriguez,JAX,NE,anytd,draftkings,,,,240,True,rotowire
20260925T040447Z,2026-09-24 23:04:49.239385-05:00,2978653,16933,Chris Rodriguez,JAX,NE,anytd,fanduel,,,,240,True,rotowire
20260925T040447Z,2026-09-24 23:04:49.239385-05:00,2978653,16933,Chris Rodriguez,JAX,NE,anytd,caesars,,,,235,True,rotowire
20260925T040447Z,2026-09-24 23:04:49.239385-05:00,2978678,17693,Brock Bowers,LV,@NO,anytd,draftkings,,,,205,True,rotowire
20260925T040447Z,2026-09-24 23:04:49.239385-05:00,2978678,17693,Brock Bowers,LV,@NO,anytd,fanduel,,,,210,True,rotowire
20260925T040447Z,2026-09-24 23:04:49.239385-05:00,2978678,17693,Brock Bowers,LV,@NO,anytd,caesars,,,,210,True,rotowire
20260925T040447Z,2026-09-24 23:04:49.239385-05:00,2978642,18549,Emeka Egbuka,TB,MIN,anytd,draftkings,,,,240,True,rotowire
20260925T040447Z,2026-09-24 23:04:49.239385-05:00,2978642,18549,Emeka Egbuka,TB,MIN,anytd,fanduel,,,,240,True,rotowire
20260925T040447Z,2026-09-24 23:04:49.239385-05:00,2978642,18549,Emeka Egbuka,TB,MIN,anytd,caesars,,,,235,True,rotowire
20260925T040447Z,2026-09-24 23:04:49.239385-05:00,2978672,18811,Jacory Croskey-Merritt,WAS,SEA,anytd,draftkings,,,,205,True,rotowire
20260925T040447Z,2026-09-24 23:04:49.239385-05:00,2978672,18811,Jacory Croskey-Merritt,WAS,SEA,anytd,fanduel,,,,230,True,rotowire
20260925T040447Z,2026-09-24 23:04:49.239385-05:00,2978672,18811,Jacory Croskey-Merritt,WAS,SEA,anytd,caesars,,,,215,True,rotowire
20260925T040447Z,2026-09-24 23:04:49.239385-05:00,2978665,18449,Woody Marks,HOU,@IND,anytd,draftkings,,,,225,True,rotowire
20260925T040447Z,2026-09-24 23:04:49.239385-05:00,2978665,18449,Woody Marks,HOU,@IND,anytd,fanduel,,,,250,True,rotowire
20260925T040447Z,2026-09-24 23:04:49.239385-05:00,2978665,18449,Woody Marks,HOU,@IND,anytd,caesars,,,,230,True,rotowire
20260925T040447Z,2026-09-24 23:04:49.239385-05:00,2978672,17968,George Holani,SEA,@WAS,anytd,draftkings,,,,295,True,rotowire
20260925T040447Z,2026-09-24 23:04:49.239385-05:00,2978672,17968,George Holani,SEA,@WAS,anytd,fanduel,,,,370,True,rotowire
20260925T040447Z,2026-09-24 23:04:49.239385-05:00,2978672,17968,George Holani,SEA,@WAS,anytd,caesars,,,,290,True,rotowire
20260925T040447Z,2026-09-24 23:04:49.239385-05:00,2978666,17704,Malik Nabers,NYG,TEN,anytd,draftkings,,,,210,True,rotowire
20260925T040447Z,2026-09-24 23:04:49.239385-05:00,2978666,17704,Malik Nabers,NYG,TEN,anytd,fanduel,,,,220,True,rotowire
20260925T040447Z,2026-09-24 23:04:49.239385-05:00,2978666,17704,Malik Nabers,NYG,TEN,anytd,caesars,,,,215,True,rotowire
20260925T040447Z,2026-09-24 23:04:49.239385-05:00,2978672,17811,AJ Barner,SEA,@WAS,anytd,draftkings,,,,310,True,rotowire
20260925T040447Z,2026-09-24 23:04:49.239385-05:00,2978672,17811,AJ Barner,SEA,@WAS,anytd,fanduel,,,,320,True,rotowire
20260925T040447Z,2026-09-24 23:04:49.239385-05:00,2978672,17811,AJ Barner,SEA,@WAS,anytd,caesars,,,,300,True,rotowire
20260925T040447Z,2026-09-24 23:04:49.239385-05:00,2978653,13517,Jakobi Meyers,JAX,NE,anytd,draftkings,,,,220,True,rotowire
20260925T040447Z,2026-09-24 23:04:49.239385-05:00,2978653,13517,Jakobi Meyers,JAX,NE,anytd,fanduel,,,,240,True,rotowire
20260925T040447Z,2026-09-24 23:04:49.239385-05:00,2978653,13517,Jakobi Meyers,JAX,NE,anytd,caesars,,,,230,True,rotowire
20260925T040447Z,2026-09-24 23:04:49.239385-05:00,2978665,18534,Tyler Warren,IND,HOU,anytd,draftkings,,,,235,True,rotowire
20260925T040447Z,2026-09-24 23:04:49.239385-05:00,2978665,18534,Tyler Warren,IND,HOU,anytd,fanduel,,,,220,True,rotowire
20260925T040447Z,2026-09-24 23:04:49.239385-05:00,2978665,18534,Tyler Warren,IND,HOU,anytd,caesars,,,,225,True,rotowire
20260925T040447Z,2026-09-24 23:04:49.239385-05:00,2978683,17690,Blake Corum,LAR,@DEN,anytd,draftkings,,,,270,,rotowire
20260925T040447Z,2026-09-24 23:04:49.239385-05:00,2978683,17690,Blake Corum,LAR,@DEN,anytd,fanduel,,,,240,,rotowire
20260925T040447Z,2026-09-24 23:04:49.239385-05:00,2978683,17690,Blake Corum,LAR,@DEN,anytd,caesars,,,,245,,rotowire
20260925T040447Z,2026-09-24 23:04:49.239385-05:00,2978653,10735,Hunter Henry,NE,@JAX,anytd,draftkings,,,,245,True,rotowire
20260925T040447Z,2026-09-24 23:04:49.239385-05:00,2978653,10735,Hunter Henry,NE,@JAX,anytd,fanduel,,,,230,True,rotowire
20260925T040447Z,2026-09-24 23:04:49.239385-05:00,2978653,10735,Hunter Henry,NE,@JAX,anytd,caesars,,,,235,True,rotowire
20260925T040447Z,2026-09-24 23:04:49.239385-05:00,2978665,16795,Kayshon Boutte,HOU,@IND,anytd,draftkings,,,,275,True,rotowire
20260925T040447Z,2026-09-24 23:04:49.239385-05:00,2978665,16795,Kayshon Boutte,HOU,@IND,anytd,fanduel,,,,270,True,rotowire
20260925T040447Z,2026-09-24 23:04:49.239385-05:00,2978665,16795,Kayshon Boutte,HOU,@IND,anytd,caesars,,,,265,True,rotowire
20260925T040447Z,2026-09-24 23:04:49.239385-05:00,2978642,19234,Demond Claiborne,MIN,@TB,anytd,caesars,,,,230,True,rotowire
20260925T040447Z,2026-09-24 23:04:49.239385-05:00,2978653,17673,Drake Maye,NE,@JAX,anytd,draftkings,,,,255,True,rotowire
20260925T040447Z,2026-09-24 23:04:49.239385-05:00,2978653,17673,Drake Maye,NE,@JAX,anytd,fanduel,,,,260,True,rotowire
20260925T040447Z,2026-09-24 23:04:49.239385-05:00,2978653,17673,Drake Maye,NE,@JAX,anytd,caesars,,,,260,True,rotowire
20260925T040447Z,2026-09-24 23:04:49.239385-05:00,2978662,18472,Harold Fannin,CLE,CAR,anytd,draftkings,,,,245,True,rotowire
20260925T040447Z,2026-09-24 23:04:49.239385-05:00,2978662,18472,Harold Fannin,CLE,CAR,anytd,fanduel,,,,260,True,rotowire
20260925T040447Z,2026-09-24 23:04:49.239385-05:00,2978662,18472,Harold Fannin,CLE,CAR,anytd,caesars,,,,250,True,rotowire
20260925T040447Z,2026-09-24 23:04:49.239385-05:00,2978665,16689,Josh Downs,IND,HOU,anytd,draftkings,,,,290,True,rotowire
20260925T040447Z,2026-09-24 23:04:49.239385-05:00,2978665,16689,Josh Downs,IND,HOU,anytd,fanduel,,,,270,True,rotowire
20260925T040447Z,2026-09-24 23:04:49.239385-05:00,2978665,16689,Josh Downs,IND,HOU,anytd,caesars,,,,260,True,rotowire
20260925T040447Z,2026-09-24 23:04:49.239385-05:00,2978683,12586,Courtland Sutton,DEN,LAR,anytd,draftkings,,,,245,True,rotowire
20260925T040447Z,2026-09-24 23:04:49.239385-05:00,2978683,12586,Courtland Sutton,DEN,LAR,anytd,fanduel,,,,250,True,rotowire
20260925T040447Z,2026-09-24 23:04:49.239385-05:00,2978683,12586,Courtland Sutton,DEN,LAR,anytd,caesars,,,,245,True,rotowire
20260925T040447Z,2026-09-24 23:04:49.239385-05:00,2978642,15222,Kenny Gainwell,TB,MIN,anytd,draftkings,,,,265,True,rotowire
20260925T040447Z,2026-09-24 23:04:49.239385-05:00,2978642,15222,Kenny Gainwell,TB,MIN,anytd,fanduel,,,,300,True,rotowire
20260925T040447Z,2026-09-24 23:04:49.239385-05:00,2978642,15222,Kenny Gainwell,TB,MIN,anytd,caesars,,,,275,True,rotowire
20260925T040447Z,2026-09-24 23:04:49.239385-05:00,2978678,17975,Devaughn Vele,NO,LV,anytd,draftkings,,,,295,True,rotowire
20260925T040447Z,2026-09-24 23:04:49.239385-05:00,2978678,17975,Devaughn Vele,NO,LV,anytd,fanduel,,,,300,True,rotowire
20260925T040447Z,2026-09-24 23:04:49.239385-05:00,2978678,17975,Devaughn Vele,NO,LV,anytd,caesars,,,,280,True,rotowire
20260925T040447Z,2026-09-24 23:04:49.239385-05:00,2978672,15802,Rachaad White,WAS,SEA,anytd,draftkings,,,,340,True,rotowire
20260925T040447Z,2026-09-24 23:04:49.239385-05:00,2978672,15802,Rachaad White,WAS,SEA,anytd,fanduel,,,,350,True,rotowire
20260925T040447Z,2026-09-24 23:04:49.239385-05:00,2978672,15802,Rachaad White,WAS,SEA,anytd,caesars,,,,340,True,rotowire
20260925T040447Z,2026-09-24 23:04:49.239385-05:00,2978678,14630,Juwan Johnson,NO,LV,anytd,draftkings,,,,265,True,rotowire
20260925T040447Z,2026-09-24 23:04:49.239385-05:00,2978678,14630,Juwan Johnson,NO,LV,anytd,fanduel,,,,280,True,rotowire
20260925T040447Z,2026-09-24 23:04:49.239385-05:00,2978678,14630,Juwan Johnson,NO,LV,anytd,caesars,,,,275,True,rotowire
20260925T040447Z,2026-09-24 23:04:49.239385-05:00,2978678,16694,Tre Tucker,LV,@NO,anytd,draftkings,,,,285,True,rotowire
20260925T040447Z,2026-09-24 23:04:49.239385-05:00,2978678,16694,Tre Tucker,LV,@NO,anytd,fanduel,,,,300,True,rotowire
20260925T040447Z,2026-09-24 23:04:49.239385-05:00,2978678,16694,Tre Tucker,LV,@NO,anytd,caesars,,,,280,True,rotowire
20260925T040447Z,2026-09-24 23:04:49.239385-05:00,2978686,16658,Dontayvion Wicks,PHI,@CHI,anytd,draftkings,,,,300,True,rotowire
20260925T040447Z,2026-09-24 23:04:49.239385-05:00,2978686,16658,Dontayvion Wicks,PHI,@CHI,anytd,fanduel,,,,330,True,rotowire
20260925T040447Z,2026-09-24 23:04:49.239385-05:00,2978686,16658,Dontayvion Wicks,PHI,@CHI,anytd,caesars,,,,300,True,rotowire
20260925T040447Z,2026-09-24 23:04:49.239385-05:00,2978645,18481,Oronde Gadsden,LAC,@BUF,anytd,draftkings,,,,270,True,rotowire
20260925T040447Z,2026-09-24 23:04:49.239385-05:00,2978645,18481,Oronde Gadsden,LAC,@BUF,anytd,fanduel,,,,280,True,rotowire
20260925T040447Z,2026-09-24 23:04:49.239385-05:00,2978645,18481,Oronde Gadsden,LAC,@BUF,anytd,caesars,,,,280,True,rotowire
20260925T040447Z,2026-09-24 23:04:49.239385-05:00,2978653,16027,Romeo Doubs,NE,@JAX,anytd,draftkings,,,,270,True,rotowire
20260925T040447Z,2026-09-24 23:04:49.239385-05:00,2978653,16027,Romeo Doubs,NE,@JAX,anytd,fanduel,,,,280,True,rotowire
20260925T040447Z,2026-09-24 23:04:49.239385-05:00,2978653,16027,Romeo Doubs,NE,@JAX,anytd,caesars,,,,270,True,rotowire
20260925T040447Z,2026-09-24 23:04:49.239385-05:00,2978683,18522,RJ Harvey,DEN,LAR,anytd,draftkings,,,,295,True,rotowire
20260925T040447Z,2026-09-24 23:04:49.239385-05:00,2978683,18522,RJ Harvey,DEN,LAR,anytd,fanduel,,,,310,True,rotowire
20260925T040447Z,2026-09-24 23:04:49.239385-05:00,2978683,18522,RJ Harvey,DEN,LAR,anytd,caesars,,,,285,True,rotowire
20260925T040447Z,2026-09-24 23:04:49.239385-05:00,2978649,19240,Emmett Johnson,KC,@MIA,anytd,draftkings,,,,340,True,rotowire
20260925T040447Z,2026-09-24 23:04:49.239385-05:00,2978649,19240,Emmett Johnson,KC,@MIA,anytd,fanduel,,,,350,True,rotowire
20260925T040447Z,2026-09-24 23:04:49.239385-05:00,2978649,19240,Emmett Johnson,KC,@MIA,anytd,caesars,,,,340,True,rotowire
20260925T040447Z,2026-09-24 23:04:49.239385-05:00,2978656,17668,Adonai Mitchell,NYJ,@DET,anytd,draftkings,,,,285,True,rotowire
20260925T040447Z,2026-09-24 23:04:49.239385-05:00,2978656,17668,Adonai Mitchell,NYJ,@DET,anytd,fanduel,,,,330,True,rotowire
20260925T040447Z,2026-09-24 23:04:49.239385-05:00,2978656,17668,Adonai Mitchell,NYJ,@DET,anytd,caesars,,,,300,True,rotowire
20260925T040447Z,2026-09-24 23:04:49.239385-05:00,2978674,15834,Brock Purdy,SF,ARI,anytd,draftkings,,,,280,True,rotowire
20260925T040447Z,2026-09-24 23:04:49.239385-05:00,2978674,15834,Brock Purdy,SF,ARI,anytd,fanduel,,,,250,True,rotowire
20260925T040447Z,2026-09-24 23:04:49.239385-05:00,2978674,15834,Brock Purdy,SF,ARI,anytd,caesars,,,,270,True,rotowire
20260925T040447Z,2026-09-24 23:04:49.239385-05:00,2978649,17863,Malik Washington,MIA,KC,anytd,draftkings,,,,320,True,rotowire
20260925T040447Z,2026-09-24 23:04:49.239385-05:00,2978649,17863,Malik Washington,MIA,KC,anytd,fanduel,,,,310,True,rotowire
20260925T040447Z,2026-09-24 23:04:49.239385-05:00,2978649,17863,Malik Washington,MIA,KC,anytd,caesars,,,,305,True,rotowire
20260925T040447Z,2026-09-24 23:04:49.239385-05:00,2978653,17716,Brian Thomas,JAX,NE,anytd,draftkings,,,,275,True,rotowire
20260925T040447Z,2026-09-24 23:04:49.239385-05:00,2978653,17716,Brian Thomas,JAX,NE,anytd,fanduel,,,,270,True,rotowire
20260925T040447Z,2026-09-24 23:04:49.239385-05:00,2978653,17716,Brian Thomas,JAX,NE,anytd,caesars,,,,270,True,rotowire
20260925T040447Z,2026-09-24 23:04:49.239385-05:00,2978392,15947,Jake Ferguson,DAL,BAL,anytd,draftkings,,,,265,True,rotowire
20260925T040447Z,2026-09-24 23:04:49.239385-05:00,2978392,15947,Jake Ferguson,DAL,BAL,anytd,fanduel,,,,260,True,rotowire
20260925T040447Z,2026-09-24 23:04:49.239385-05:00,2978392,15947,Jake Ferguson,DAL,BAL,anytd,caesars,,,,265,True,rotowire
20260925T040447Z,2026-09-24 23:04:49.239385-05:00,2978674,19607,Kaelon Black,SF,ARI,anytd,draftkings,,,,265,True,rotowire
20260925T040447Z,2026-09-24 23:04:49.239385-05:00,2978674,19607,Kaelon Black,SF,ARI,anytd,fanduel,,,,280,True,rotowire
20260925T040447Z,2026-09-24 23:04:49.239385-05:00,2978674,19607,Kaelon Black,SF,ARI,anytd,caesars,,,,270,True,rotowire
20260925T040447Z,2026-09-24 23:04:49.239385-05:00,2978642,16895,Jordan Addison,MIN,@TB,anytd,draftkings,,,,280,True,rotowire
20260925T040447Z,2026-09-24 23:04:49.239385-05:00,2978642,16895,Jordan Addison,MIN,@TB,anytd,fanduel,,,,260,True,rotowire
20260925T040447Z,2026-09-24 23:04:49.239385-05:00,2978642,16895,Jordan Addison,MIN,@TB,anytd,caesars,,,,270,True,rotowire
20260925T040447Z,2026-09-24 23:04:49.239385-05:00,2978656,17702,Braelon Allen,NYJ,@DET,anytd,draftkings,,,,280,True,rotowire
20260925T040447Z,2026-09-24 23:04:49.239385-05:00,2978656,17702,Braelon Allen,NYJ,@DET,anytd,fanduel,,,,290,True,rotowire
20260925T040447Z,2026-09-24 23:04:49.239385-05:00,2978656,17702,Braelon Allen,NYJ,@DET,anytd,caesars,,,,290,True,rotowire
20260925T040447Z,2026-09-24 23:04:49.239385-05:00,2978665,16932,Xavier Hutchinson,HOU,@IND,anytd,draftkings,,,,295,True,rotowire
20260925T040447Z,2026-09-24 23:04:49.239385-05:00,2978665,16932,Xavier Hutchinson,HOU,@IND,anytd,fanduel,,,,320,True,rotowire
20260925T040447Z,2026-09-24 23:04:49.239385-05:00,2978665,16932,Xavier Hutchinson,HOU,@IND,anytd,caesars,,,,295,True,rotowire
20260925T040447Z,2026-09-24 23:04:49.239385-05:00,2978645,16899,Quentin Johnston,LAC,@BUF,anytd,draftkings,,,,270,True,rotowire
20260925T040447Z,2026-09-24 23:04:49.239385-05:00,2978645,16899,Quentin Johnston,LAC,@BUF,anytd,fanduel,,,,270,True,rotowire
20260925T040447Z,2026-09-24 23:04:49.239385-05:00,2978645,16899,Quentin Johnston,LAC,@BUF,anytd,caesars,,,,265,True,rotowire
20260925T040447Z,2026-09-24 23:04:49.239385-05:00,2978666,16033,Isaiah Likely,NYG,TEN,anytd,draftkings,,,,300,True,rotowire
20260925T040447Z,2026-09-24 23:04:49.239385-05:00,2978666,16033,Isaiah Likely,NYG,TEN,anytd,fanduel,,,,310,True,rotowire
20260925T040447Z,2026-09-24 23:04:49.239385-05:00,2978666,16033,Isaiah Likely,NYG,TEN,anytd,caesars,,,,295,True,rotowire
20260925T040447Z,2026-09-24 23:04:49.239385-05:00,2978392,18567,LaJohntay Wester,BAL,@DAL,anytd,draftkings,,,,340,True,rotowire
20260925T040447Z,2026-09-24 23:04:49.239385-05:00,2978392,18567,LaJohntay Wester,BAL,@DAL,anytd,fanduel,,,,270,True,rotowire
20260925T040447Z,2026-09-24 23:04:49.239385-05:00,2978392,18567,LaJohntay Wester,BAL,@DAL,anytd,caesars,,,,305,True,rotowire
20260925T040447Z,2026-09-24 23:04:49.239385-05:00,2978674,16957,Michael Wilson,ARI,@SF,anytd,draftkings,,,,320,True,rotowire
20260925T040447Z,2026-09-24 23:04:49.239385-05:00,2978674,16957,Michael Wilson,ARI,@SF,anytd,fanduel,,,,300,True,rotowire
20260925T040447Z,2026-09-24 23:04:49.239385-05:00,2978674,16957,Michael Wilson,ARI,@SF,anytd,caesars,,,,295,True,rotowire
20260925T040447Z,2026-09-24 23:04:49.239385-05:00,2978649,15872,Malik Willis,MIA,KC,anytd,draftkings,,,,275,True,rotowire
20260925T040447Z,2026-09-24 23:04:49.239385-05:00,2978649,15872,Malik Willis,MIA,KC,anytd,fanduel,,,,290,True,rotowire
20260925T040447Z,2026-09-24 23:04:49.239385-05:00,2978649,15872,Malik Willis,MIA,KC,anytd,caesars,,,,285,True,rotowire
20260925T040447Z,2026-09-24 23:04:49.239385-05:00,2978662,19242,KC Concepcion,CLE,CAR,anytd,draftkings,,,,310,True,rotowire
20260925T040447Z,2026-09-24 23:04:49.239385-05:00,2978662,19242,KC Concepcion,CLE,CAR,anytd,fanduel,,,,330,True,rotowire
20260925T040447Z,2026-09-24 23:04:49.239385-05:00,2978662,19242,KC Concepcion,CLE,CAR,anytd,caesars,,,,305,True,rotowire
20260925T040447Z,2026-09-24 23:04:49.239385-05:00,2978658,11698,Samaje Perine,CIN,@PIT,anytd,draftkings,,,,400,True,rotowire
20260925T040447Z,2026-09-24 23:04:49.239385-05:00,2978658,11698,Samaje Perine,CIN,@PIT,anytd,fanduel,,,,400,True,rotowire
20260925T040447Z,2026-09-24 23:04:49.239385-05:00,2978658,11698,Samaje Perine,CIN,@PIT,anytd,caesars,,,,375,True,rotowire
20260925T040447Z,2026-09-24 23:04:49.239385-05:00,2978672,16560,Rashid Shaheed,SEA,@WAS,anytd,draftkings,,,,300,True,rotowire
20260925T040447Z,2026-09-24 23:04:49.239385-05:00,2978672,16560,Rashid Shaheed,SEA,@WAS,anytd,fanduel,,,,320,True,rotowire
20260925T040447Z,2026-09-24 23:04:49.239385-05:00,2978672,16560,Rashid Shaheed,SEA,@WAS,anytd,caesars,,,,290,True,rotowire
20260925T040447Z,2026-09-24 23:04:49.239385-05:00,2978653,17017,Brenton Strange,JAX,NE,anytd,draftkings,,,,285,True,rotowire
20260925T040447Z,2026-09-24 23:04:49.239385-05:00,2978653,17017,Brenton Strange,JAX,NE,anytd,fanduel,,,,290,True,rotowire
20260925T040447Z,2026-09-24 23:04:49.239385-05:00,2978653,17017,Brenton Strange,JAX,NE,anytd,caesars,,,,285,True,rotowire
20260925T040447Z,2026-09-24 23:04:49.239385-05:00,2978672,13536,Terry McLaurin,WAS,SEA,anytd,draftkings,,,,370,True,rotowire
20260925T040447Z,2026-09-24 23:04:49.239385-05:00,2978672,13536,Terry McLaurin,WAS,SEA,anytd,fanduel,,,,330,True,rotowire
20260925T040447Z,2026-09-24 23:04:49.239385-05:00,2978672,13536,Terry McLaurin,WAS,SEA,anytd,caesars,,,,330,True,rotowire
20260925T040447Z,2026-09-24 23:04:49.239385-05:00,2978678,17037,Tyler Shough,NO,LV,anytd,draftkings,,,,295,True,rotowire
20260925T040447Z,2026-09-24 23:04:49.239385-05:00,2978678,17037,Tyler Shough,NO,LV,anytd,fanduel,,,,310,True,rotowire
20260925T040447Z,2026-09-24 23:04:49.239385-05:00,2978678,17037,Tyler Shough,NO,LV,anytd,caesars,,,,290,True,rotowire
20260925T040447Z,2026-09-24 23:04:49.239385-05:00,2978642,13610,T.J. Hockenson,MIN,@TB,anytd,draftkings,,,,290,True,rotowire
20260925T040447Z,2026-09-24 23:04:49.239385-05:00,2978642,13610,T.J. Hockenson,MIN,@TB,anytd,fanduel,,,,320,True,rotowire
20260925T040447Z,2026-09-24 23:04:49.239385-05:00,2978642,13610,T.J. Hockenson,MIN,@TB,anytd,caesars,,,,305,True,rotowire
20260925T040447Z,2026-09-24 23:04:49.239385-05:00,2978678,16666,Michael Mayer,LV,@NO,anytd,draftkings,,,,380,True,rotowire
20260925T040447Z,2026-09-24 23:04:49.239385-05:00,2978678,16666,Michael Mayer,LV,@NO,anytd,fanduel,,,,340,True,rotowire
20260925T040447Z,2026-09-24 23:04:49.239385-05:00,2978678,16666,Michael Mayer,LV,@NO,anytd,caesars,,,,350,True,rotowire
20260925T040447Z,2026-09-24 23:04:49.239385-05:00,2978665,18555,Jaylin Noel,HOU,@IND,anytd,draftkings,,,,360,True,rotowire
20260925T040447Z,2026-09-24 23:04:49.239385-05:00,2978665,18555,Jaylin Noel,HOU,@IND,anytd,fanduel,,,,390,True,rotowire
20260925T040447Z,2026-09-24 23:04:49.239385-05:00,2978665,18555,Jaylin Noel,HOU,@IND,anytd,caesars,,,,360,True,rotowire
20260925T040447Z,2026-09-24 23:04:49.239385-05:00,2978645,13587,Ty Johnson,BUF,LAC,anytd,draftkings,,,,450,True,rotowire
20260925T040447Z,2026-09-24 23:04:49.239385-05:00,2978645,13587,Ty Johnson,BUF,LAC,anytd,fanduel,,,,430,True,rotowire
20260925T040447Z,2026-09-24 23:04:49.239385-05:00,2978645,13587,Ty Johnson,BUF,LAC,anytd,caesars,,,,425,True,rotowire
20260925T040447Z,2026-09-24 23:04:49.239385-05:00,2978662,11712,Deshaun Watson,CLE,CAR,anytd,draftkings,,,,340,True,rotowire
20260925T040447Z,2026-09-24 23:04:49.239385-05:00,2978662,11712,Deshaun Watson,CLE,CAR,anytd,fanduel,,,,390,True,rotowire
20260925T040447Z,2026-09-24 23:04:49.239385-05:00,2978662,11712,Deshaun Watson,CLE,CAR,anytd,caesars,,,,330,True,rotowire
20260925T040447Z,2026-09-24 23:04:49.239385-05:00,2978642,11718,Chris Godwin,TB,MIN,anytd,draftkings,,,,330,True,rotowire
20260925T040447Z,2026-09-24 23:04:49.239385-05:00,2978642,11718,Chris Godwin,TB,MIN,anytd,fanduel,,,,330,True,rotowire
20260925T040447Z,2026-09-24 23:04:49.239385-05:00,2978642,11718,Chris Godwin,TB,MIN,anytd,caesars,,,,305,True,rotowire
20260925T040447Z,2026-09-24 23:04:49.239385-05:00,2978672,11863,Cooper Kupp,SEA,@WAS,anytd,draftkings,,,,360,True,rotowire
20260925T040447Z,2026-09-24 23:04:49.239385-05:00,2978672,11863,Cooper Kupp,SEA,@WAS,anytd,fanduel,,,,350,True,rotowire
20260925T040447Z,2026-09-24 23:04:49.239385-05:00,2978672,11863,Cooper Kupp,SEA,@WAS,anytd,caesars,,,,350,True,rotowire
20260925T040447Z,2026-09-24 23:04:49.239385-05:00,2978653,15357,Trevor Lawrence,JAX,NE,anytd,draftkings,,,,295,True,rotowire
20260925T040447Z,2026-09-24 23:04:49.239385-05:00,2978653,15357,Trevor Lawrence,JAX,NE,anytd,fanduel,,,,290,True,rotowire
20260925T040447Z,2026-09-24 23:04:49.239385-05:00,2978653,15357,Trevor Lawrence,JAX,NE,anytd,caesars,,,,290,True,rotowire
20260925T040447Z,2026-09-24 23:04:49.239385-05:00,2978649,15831,Tyquan Thornton,KC,@MIA,anytd,draftkings,,,,425,True,rotowire
20260925T040447Z,2026-09-24 23:04:49.239385-05:00,2978649,15831,Tyquan Thornton,KC,@MIA,anytd,fanduel,,,,450,True,rotowire
20260925T040447Z,2026-09-24 23:04:49.239385-05:00,2978649,15831,Tyquan Thornton,KC,@MIA,anytd,caesars,,,,400,True,rotowire
20260925T040447Z,2026-09-24 23:04:49.239385-05:00,2978686,18548,Luther Burden,CHI,PHI,anytd,draftkings,,,,350,True,rotowire
20260925T040447Z,2026-09-24 23:04:49.239385-05:00,2978686,18548,Luther Burden,CHI,PHI,anytd,fanduel,,,,360,True,rotowire
20260925T040447Z,2026-09-24 23:04:49.239385-05:00,2978686,18548,Luther Burden,CHI,PHI,anytd,caesars,,,,350,True,rotowire
20260925T040447Z,2026-09-24 23:04:49.239385-05:00,2978674,17674,Marvin Harrison,ARI,@SF,anytd,draftkings,,,,400,True,rotowire
20260925T040447Z,2026-09-24 23:04:49.239385-05:00,2978674,17674,Marvin Harrison,ARI,@SF,anytd,fanduel,,,,360,True,rotowire
20260925T040447Z,2026-09-24 23:04:49.239385-05:00,2978674,17674,Marvin Harrison,ARI,@SF,anytd,caesars,,,,375,True,rotowire
20260925T040447Z,2026-09-24 23:04:49.239385-05:00,2978683,10854,Tyler Higbee,LAR,@DEN,anytd,draftkings,,,,550,,rotowire
20260925T040447Z,2026-09-24 23:04:49.239385-05:00,2978683,10854,Tyler Higbee,LAR,@DEN,anytd,fanduel,,,,300,,rotowire
20260925T040447Z,2026-09-24 23:04:49.239385-05:00,2978683,10854,Tyler Higbee,LAR,@DEN,anytd,caesars,,,,390,,rotowire
20260925T040447Z,2026-09-24 23:04:49.239385-05:00,2978683,14463,Colby Parkinson,LAR,@DEN,anytd,draftkings,,,,360,,rotowire
20260925T040447Z,2026-09-24 23:04:49.239385-05:00,2978683,14463,Colby Parkinson,LAR,@DEN,anytd,fanduel,,,,300,,rotowire
20260925T040447Z,2026-09-24 23:04:49.239385-05:00,2978683,14463,Colby Parkinson,LAR,@DEN,anytd,caesars,,,,330,,rotowire
20260925T040447Z,2026-09-24 23:04:49.239385-05:00,2978658,14378,Michael Pittman,PIT,CIN,anytd,draftkings,,,,350,True,rotowire
20260925T040447Z,2026-09-24 23:04:49.239385-05:00,2978658,14378,Michael Pittman,PIT,CIN,anytd,fanduel,,,,350,True,rotowire
20260925T040447Z,2026-09-24 23:04:49.239385-05:00,2978658,14378,Michael Pittman,PIT,CIN,anytd,caesars,,,,340,True,rotowire
20260925T040447Z,2026-09-24 23:04:49.239385-05:00,2978662,10215,Darren Waller,CAR,@CLE,anytd,draftkings,,,,360,True,rotowire
20260925T040447Z,2026-09-24 23:04:49.239385-05:00,2978662,10215,Darren Waller,CAR,@CLE,anytd,fanduel,,,,320,True,rotowire
20260925T040447Z,2026-09-24 23:04:49.239385-05:00,2978662,10215,Darren Waller,CAR,@CLE,anytd,caesars,,,,325,True,rotowire
20260925T040447Z,2026-09-24 23:04:49.239385-05:00,2978649,11839,Patrick Mahomes,KC,@MIA,anytd,draftkings,,,,310,True,rotowire
20260925T040447Z,2026-09-24 23:04:49.239385-05:00,2978649,11839,Patrick Mahomes,KC,@MIA,anytd,fanduel,,,,330,True,rotowire
20260925T040447Z,2026-09-24 23:04:49.239385-05:00,2978649,11839,Patrick Mahomes,KC,@MIA,anytd,caesars,,,,305,True,rotowire
20260925T040447Z,2026-09-24 23:04:49.239385-05:00,2978686,17802,Will Shipley,PHI,@CHI,anytd,caesars,,,,305,True,rotowire
20260925T040447Z,2026-09-24 23:04:49.239385-05:00,2978392,17974,Ryan Flournoy,DAL,BAL,anytd,draftkings,,,,370,True,rotowire
20260925T040447Z,2026-09-24 23:04:49.239385-05:00,2978392,17974,Ryan Flournoy,DAL,BAL,anytd,fanduel,,,,380,True,rotowire
20260925T040447Z,2026-09-24 23:04:49.239385-05:00,2978392,17974,Ryan Flournoy,DAL,BAL,anytd,caesars,,,,370,True,rotowire
20260925T040447Z,2026-09-24 23:04:49.239385-05:00,2978658,12764,Mike Gesicki,CIN,@PIT,anytd,draftkings,,,,425,True,rotowire
20260925T040447Z,2026-09-24 23:04:49.239385-05:00,2978658,12764,Mike Gesicki,CIN,@PIT,anytd,fanduel,,,,430,True,rotowire
20260925T040447Z,2026-09-24 23:04:49.239385-05:00,2978658,12764,Mike Gesicki,CIN,@PIT,anytd,caesars,,,,400,True,rotowire
20260925T040447Z,2026-09-24 23:04:49.239385-05:00,2978666,16997,Cam Ward,TEN,@NYG,anytd,draftkings,,,,425,True,rotowire
20260925T040447Z,2026-09-24 23:04:49.239385-05:00,2978666,16997,Cam Ward,TEN,@NYG,anytd,fanduel,,,,430,True,rotowire
20260925T040447Z,2026-09-24 23:04:49.239385-05:00,2978666,16997,Cam Ward,TEN,@NYG,anytd,caesars,,,,400,True,rotowire
20260925T040447Z,2026-09-24 23:04:49.239385-05:00,2978658,15267,Pat Freiermuth,PIT,CIN,anytd,draftkings,,,,370,True,rotowire
20260925T040447Z,2026-09-24 23:04:49.239385-05:00,2978658,15267,Pat Freiermuth,PIT,CIN,anytd,fanduel,,,,350,True,rotowire
20260925T040447Z,2026-09-24 23:04:49.239385-05:00,2978658,15267,Pat Freiermuth,PIT,CIN,anytd,caesars,,,,360,True,rotowire
20260925T040447Z,2026-09-24 23:04:49.239385-05:00,2978392,13427,Justice Hill,BAL,@DAL,anytd,draftkings,,,,500,True,rotowire
20260925T040447Z,2026-09-24 23:04:49.239385-05:00,2978392,13427,Justice Hill,BAL,@DAL,anytd,fanduel,,,,500,True,rotowire
20260925T040447Z,2026-09-24 23:04:49.239385-05:00,2978392,13427,Justice Hill,BAL,@DAL,anytd,caesars,,,,500,True,rotowire
20260925T040447Z,2026-09-24 23:04:49.239385-05:00,2978653,11861,Mack Hollins,NE,@JAX,anytd,draftkings,,,,340,True,rotowire
20260925T040447Z,2026-09-24 23:04:49.239385-05:00,2978653,11861,Mack Hollins,NE,@JAX,anytd,fanduel,,,,340,True,rotowire
20260925T040447Z,2026-09-24 23:04:49.239385-05:00,2978653,11861,Mack Hollins,NE,@JAX,anytd,caesars,,,,330,True,rotowire
20260925T040447Z,2026-09-24 23:04:49.239385-05:00,2978392,10994,Chris Moore,BAL,@DAL,anytd,draftkings,,,,390,True,rotowire
20260925T040447Z,2026-09-24 23:04:49.239385-05:00,2978392,10994,Chris Moore,BAL,@DAL,anytd,fanduel,,,,320,True,rotowire
20260925T040447Z,2026-09-24 23:04:49.239385-05:00,2978392,10994,Chris Moore,BAL,@DAL,anytd,caesars,,,,350,True,rotowire
20260925T040447Z,2026-09-24 23:04:49.239385-05:00,2978666,19268,Carnell Tate,TEN,@NYG,anytd,draftkings,,,,340,True,rotowire
20260925T040447Z,2026-09-24 23:04:49.239385-05:00,2978666,19268,Carnell Tate,TEN,@NYG,anytd,fanduel,,,,340,True,rotowire
20260925T040447Z,2026-09-24 23:04:49.239385-05:00,2978666,19268,Carnell Tate,TEN,@NYG,anytd,caesars,,,,330,True,rotowire
20260925T040447Z,2026-09-24 23:04:49.239385-05:00,2978665,8627,Keenan Allen,IND,HOU,anytd,draftkings,,,,330,True,rotowire
20260925T040447Z,2026-09-24 23:04:49.239385-05:00,2978665,8627,Keenan Allen,IND,HOU,anytd,fanduel,,,,340,True,rotowire
20260925T040447Z,2026-09-24 23:04:49.239385-05:00,2978665,8627,Keenan Allen,IND,HOU,anytd,caesars,,,,330,True,rotowire
20260925T040447Z,2026-09-24 23:04:49.239385-05:00,2978672,10133,Stefon Diggs,WAS,SEA,anytd,draftkings,,,,370,True,rotowire
20260925T040447Z,2026-09-24 23:04:49.239385-05:00,2978672,10133,Stefon Diggs,WAS,SEA,anytd,fanduel,,,,360,True,rotowire
20260925T040447Z,2026-09-24 23:04:49.239385-05:00,2978672,10133,Stefon Diggs,WAS,SEA,anytd,caesars,,,,360,True,rotowire
20260925T040447Z,2026-09-24 23:04:49.239385-05:00,2978666,19313,Malachi Fields,NYG,TEN,anytd,draftkings,,,,500,True,rotowire
20260925T040447Z,2026-09-24 23:04:49.239385-05:00,2978666,19313,Malachi Fields,NYG,TEN,anytd,fanduel,,,,550,True,rotowire
20260925T040447Z,2026-09-24 23:04:49.239385-05:00,2978666,19313,Malachi Fields,NYG,TEN,anytd,caesars,,,,475,True,rotowire
20260925T040447Z,2026-09-24 23:04:49.239385-05:00,2978642,19320,Ted Hurst,TB,MIN,anytd,draftkings,,,,350,True,rotowire
20260925T040447Z,2026-09-24 23:04:49.239385-05:00,2978642,19320,Ted Hurst,TB,MIN,anytd,fanduel,,,,430,True,rotowire
20260925T040447Z,2026-09-24 23:04:49.239385-05:00,2978642,19320,Ted Hurst,TB,MIN,anytd,caesars,,,,380,True,rotowire
20260925T040447Z,2026-09-24 23:04:49.239385-05:00,2978686,18460,Colston Loveland,CHI,PHI,anytd,draftkings,,,,400,True,rotowire
20260925T040447Z,2026-09-24 23:04:49.239385-05:00,2978686,18460,Colston Loveland,CHI,PHI,anytd,fanduel,,,,400,True,rotowire
20260925T040447Z,2026-09-24 23:04:49.239385-05:00,2978686,18460,Colston Loveland,CHI,PHI,anytd,caesars,,,,390,True,rotowire
20260925T040447Z,2026-09-24 23:04:49.239385-05:00,2978642,13613,Kyler Murray,MIN,@TB,anytd,draftkings,,,,380,True,rotowire
20260925T040447Z,2026-09-24 23:04:49.239385-05:00,2978642,13613,Kyler Murray,MIN,@TB,anytd,fanduel,,,,340,True,rotowire
20260925T040447Z,2026-09-24 23:04:49.239385-05:00,2978642,13613,Kyler Murray,MIN,@TB,anytd,caesars,,,,350,True,rotowire
20260925T040447Z,2026-09-24 23:04:49.239385-05:00,2978645,18478,Tre' Harris,LAC,@BUF,anytd,draftkings,,,,425,True,rotowire
20260925T040447Z,2026-09-24 23:04:49.239385-05:00,2978645,18478,Tre' Harris,LAC,@BUF,anytd,fanduel,,,,410,True,rotowire
20260925T040447Z,2026-09-24 23:04:49.239385-05:00,2978645,18478,Tre' Harris,LAC,@BUF,anytd,caesars,,,,400,True,rotowire
20260925T040447Z,2026-09-24 23:04:49.239385-05:00,2978649,19343,Caleb Douglas,MIA,KC,anytd,caesars,,,,340,True,rotowire
20260925T040447Z,2026-09-24 23:04:49.239385-05:00,2978683,11805,Evan Engram,DEN,LAR,anytd,draftkings,,,,350,True,rotowire
20260925T040447Z,2026-09-24 23:04:49.239385-05:00,2978683,11805,Evan Engram,DEN,LAR,anytd,fanduel,,,,340,True,rotowire
20260925T040447Z,2026-09-24 23:04:49.239385-05:00,2978683,11805,Evan Engram,DEN,LAR,anytd,caesars,,,,340,True,rotowire
20260925T040447Z,2026-09-24 23:04:49.239385-05:00,2978656,19279,Kenyon Sadiq,NYJ,@DET,anytd,draftkings,,,,360,True,rotowire
20260925T040447Z,2026-09-24 23:04:49.239385-05:00,2978656,19279,Kenyon Sadiq,NYJ,@DET,anytd,fanduel,,,,400,True,rotowire
20260925T040447Z,2026-09-24 23:04:49.239385-05:00,2978656,19279,Kenyon Sadiq,NYJ,@DET,anytd,caesars,,,,375,True,rotowire
20260925T040447Z,2026-09-24 23:04:49.239385-05:00,2978658,17043,Roman Wilson,PIT,CIN,anytd,draftkings,,,,370,True,rotowire
20260925T040447Z,2026-09-24 23:04:49.239385-05:00,2978658,17043,Roman Wilson,PIT,CIN,anytd,fanduel,,,,350,True,rotowire
20260925T040447Z,2026-09-24 23:04:49.239385-05:00,2978658,17043,Roman Wilson,PIT,CIN,anytd,caesars,,,,360,True,rotowire
20260925T040447Z,2026-09-24 23:04:49.239385-05:00,2978683,18562,Pat Bryant,DEN,LAR,anytd,draftkings,,,,425,True,rotowire
20260925T040447Z,2026-09-24 23:04:49.239385-05:00,2978683,18562,Pat Bryant,DEN,LAR,anytd,fanduel,,,,360,True,rotowire
20260925T040447Z,2026-09-24 23:04:49.239385-05:00,2978683,18562,Pat Bryant,DEN,LAR,anytd,caesars,,,,380,True,rotowire
20260925T040447Z,2026-09-24 23:04:49.239385-05:00,2978653,16751,DeMario Douglas,NE,@JAX,anytd,draftkings,,,,400,True,rotowire
20260925T040447Z,2026-09-24 23:04:49.239385-05:00,2978653,16751,DeMario Douglas,NE,@JAX,anytd,fanduel,,,,390,True,rotowire
20260925T040447Z,2026-09-24 23:04:49.239385-05:00,2978653,16751,DeMario Douglas,NE,@JAX,anytd,caesars,,,,380,True,rotowire
20260925T040447Z,2026-09-24 23:04:49.239385-05:00,2978686,19231,Makai Lemon,PHI,@CHI,anytd,draftkings,,,,475,True,rotowire
20260925T040447Z,2026-09-24 23:04:49.239385-05:00,2978686,19231,Makai Lemon,PHI,@CHI,anytd,fanduel,,,,480,True,rotowire
20260925T040447Z,2026-09-24 23:04:49.239385-05:00,2978686,19231,Makai Lemon,PHI,@CHI,anytd,caesars,,,,450,True,rotowire
20260925T040447Z,2026-09-24 23:04:49.239385-05:00,2978642,16032,Cade Otton,TB,MIN,anytd,draftkings,,,,360,True,rotowire
20260925T040447Z,2026-09-24 23:04:49.239385-05:00,2978642,16032,Cade Otton,TB,MIN,anytd,fanduel,,,,380,True,rotowire
20260925T040447Z,2026-09-24 23:04:49.239385-05:00,2978642,16032,Cade Otton,TB,MIN,anytd,caesars,,,,375,True,rotowire
20260925T040447Z,2026-09-24 23:04:49.239385-05:00,2978656,17760,Sione Vaki,DET,NYJ,anytd,draftkings,,,,650,True,rotowire
20260925T040447Z,2026-09-24 23:04:49.239385-05:00,2978656,17760,Sione Vaki,DET,NYJ,anytd,fanduel,,,,650,True,rotowire
20260925T040447Z,2026-09-24 23:04:49.239385-05:00,2978656,17760,Sione Vaki,DET,NYJ,anytd,caesars,,,,625,True,rotowire
20260925T040447Z,2026-09-24 23:04:49.239385-05:00,2978645,17732,Keon Coleman,BUF,LAC,anytd,draftkings,,,,390,True,rotowire
20260925T040447Z,2026-09-24 23:04:49.239385-05:00,2978645,17732,Keon Coleman,BUF,LAC,anytd,fanduel,,,,370,True,rotowire
20260925T040447Z,2026-09-24 23:04:49.239385-05:00,2978645,17732,Keon Coleman,BUF,LAC,anytd,caesars,,,,375,True,rotowire
20260925T040447Z,2026-09-24 23:04:49.239385-05:00,2978678,16025,Jalen Nailor,LV,@NO,anytd,draftkings,,,,390,True,rotowire
20260925T040447Z,2026-09-24 23:04:49.239385-05:00,2978678,16025,Jalen Nailor,LV,@NO,anytd,fanduel,,,,410,True,rotowire
20260925T040447Z,2026-09-24 23:04:49.239385-05:00,2978678,16025,Jalen Nailor,LV,@NO,anytd,caesars,,,,400,True,rotowire
20260925T040447Z,2026-09-24 23:04:49.239385-05:00,2978686,17020,Rome Odunze,CHI,PHI,anytd,draftkings,,,,450,True,rotowire
20260925T040447Z,2026-09-24 23:04:49.239385-05:00,2978686,17020,Rome Odunze,CHI,PHI,anytd,fanduel,,,,470,True,rotowire
20260925T040447Z,2026-09-24 23:04:49.239385-05:00,2978686,17020,Rome Odunze,CHI,PHI,anytd,caesars,,,,450,True,rotowire
20260925T040447Z,2026-09-24 23:04:49.239385-05:00,2978645,15447,Joshua Palmer,BUF,LAC,anytd,draftkings,,,,370,True,rotowire
20260925T040447Z,2026-09-24 23:04:49.239385-05:00,2978645,15447,Joshua Palmer,BUF,LAC,anytd,fanduel,,,,370,True,rotowire
20260925T040447Z,2026-09-24 23:04:49.239385-05:00,2978645,15447,Joshua Palmer,BUF,LAC,anytd,caesars,,,,375,True,rotowire
20260925T040447Z,2026-09-24 23:04:49.239385-05:00,2978662,16807,Bryce Young,CAR,@CLE,anytd,draftkings,,,,370,True,rotowire
20260925T040447Z,2026-09-24 23:04:49.239385-05:00,2978662,16807,Bryce Young,CAR,@CLE,anytd,fanduel,,,,470,True,rotowire
20260925T040447Z,2026-09-24 23:04:49.239385-05:00,2978662,16807,Bryce Young,CAR,@CLE,anytd,caesars,,,,400,True,rotowire
20260925T040447Z,2026-09-24 23:04:49.239385-05:00,2978649,15891,Greg Dulcich,MIA,KC,anytd,draftkings,,,,400,True,rotowire
20260925T040447Z,2026-09-24 23:04:49.239385-05:00,2978649,15891,Greg Dulcich,MIA,KC,anytd,fanduel,,,,380,True,rotowire
20260925T040447Z,2026-09-24 23:04:49.239385-05:00,2978649,15891,Greg Dulcich,MIA,KC,anytd,caesars,,,,380,True,rotowire
20260925T040447Z,2026-09-24 23:04:49.239385-05:00,2978662,14458,Jerry Jeudy,CLE,CAR,anytd,draftkings,,,,475,True,rotowire
20260925T040447Z,2026-09-24 23:04:49.239385-05:00,2978662,14458,Jerry Jeudy,CLE,CAR,anytd,fanduel,,,,450,True,rotowire
20260925T040447Z,2026-09-24 23:04:49.239385-05:00,2978662,14458,Jerry Jeudy,CLE,CAR,anytd,caesars,,,,425,True,rotowire
20260925T040447Z,2026-09-24 23:04:49.239385-05:00,2978645,16810,Keaton Mitchell,LAC,@BUF,anytd,draftkings,,,,450,True,rotowire
20260925T040447Z,2026-09-24 23:04:49.239385-05:00,2978645,16810,Keaton Mitchell,LAC,@BUF,anytd,fanduel,,,,600,True,rotowire
20260925T040447Z,2026-09-24 23:04:49.239385-05:00,2978645,16810,Keaton Mitchell,LAC,@BUF,anytd,caesars,,,,425,True,rotowire
20260925T040447Z,2026-09-24 23:04:49.239385-05:00,2978683,16995,Bo Nix,DEN,LAR,anytd,draftkings,,,,450,True,rotowire
20260925T040447Z,2026-09-24 23:04:49.239385-05:00,2978683,16995,Bo Nix,DEN,LAR,anytd,fanduel,,,,440,True,rotowire
20260925T040447Z,2026-09-24 23:04:49.239385-05:00,2978683,16995,Bo Nix,DEN,LAR,anytd,caesars,,,,425,True,rotowire
20260925T040447Z,2026-09-24 23:04:49.239385-05:00,2978666,15468,Najee Harris,NYG,TEN,anytd,draftkings,,,,700,True,rotowire
20260925T040447Z,2026-09-24 23:04:49.239385-05:00,2978666,15468,Najee Harris,NYG,TEN,anytd,fanduel,,,,650,True,rotowire
20260925T040447Z,2026-09-24 23:04:49.239385-05:00,2978666,15468,Najee Harris,NYG,TEN,anytd,caesars,,,,550,True,rotowire
20260925T040447Z,2026-09-24 23:04:49.239385-05:00,2978656,18642,Isaac TeSlaa,DET,NYJ,anytd,draftkings,,,,425,True,rotowire
20260925T040447Z,2026-09-24 23:04:49.239385-05:00,2978656,18642,Isaac TeSlaa,DET,NYJ,anytd,fanduel,,,,430,True,rotowire
20260925T040447Z,2026-09-24 23:04:49.239385-05:00,2978656,18642,Isaac TeSlaa,DET,NYJ,anytd,caesars,,,,400,True,rotowire
20260925T040447Z,2026-09-24 23:04:49.239385-05:00,2978665,10739,Laquon Treadwell,IND,HOU,anytd,draftkings,,,,750,True,rotowire
20260925T040447Z,2026-09-24 23:04:49.239385-05:00,2978665,10739,Laquon Treadwell,IND,HOU,anytd,fanduel,,,,700,True,rotowire
20260925T040447Z,2026-09-24 23:04:49.239385-05:00,2978665,10739,Laquon Treadwell,IND,HOU,anytd,caesars,,,,650,True,rotowire
20260925T040447Z,2026-09-24 23:04:49.239385-05:00,2978662,18526,Raheim Sanders,CLE,CAR,anytd,draftkings,,,,475,True,rotowire
20260925T040447Z,2026-09-24 23:04:49.239385-05:00,2978662,18526,Raheim Sanders,CLE,CAR,anytd,fanduel,,,,650,True,rotowire
20260925T040447Z,2026-09-24 23:04:49.239385-05:00,2978662,18526,Raheim Sanders,CLE,CAR,anytd,caesars,,,,500,True,rotowire
20260925T040447Z,2026-09-24 23:04:49.239385-05:00,2978666,15838,Wan'Dale Robinson,TEN,@NYG,anytd,draftkings,,,,450,True,rotowire
20260925T040447Z,2026-09-24 23:04:49.239385-05:00,2978666,15838,Wan'Dale Robinson,TEN,@NYG,anytd,fanduel,,,,440,True,rotowire
20260925T040447Z,2026-09-24 23:04:49.239385-05:00,2978658,19263,Germie Bernard,PIT,CIN,anytd,draftkings,,,,500,True,rotowire
20260925T040447Z,2026-09-24 23:04:49.239385-05:00,2978658,19263,Germie Bernard,PIT,CIN,anytd,fanduel,,,,410,True,rotowire
20260925T040447Z,2026-09-24 23:04:49.239385-05:00,2978658,19263,Germie Bernard,PIT,CIN,anytd,caesars,,,,450,True,rotowire
20260925T040447Z,2026-09-24 23:04:49.239385-05:00,2978645,14446,Justin Herbert,LAC,@BUF,anytd,draftkings,,,,500,True,rotowire
20260925T040447Z,2026-09-24 23:04:49.239385-05:00,2978645,14446,Justin Herbert,LAC,@BUF,anytd,fanduel,,,,480,True,rotowire
20260925T040447Z,2026-09-24 23:04:49.239385-05:00,2978645,14446,Justin Herbert,LAC,@BUF,anytd,caesars,,,,450,True,rotowire
20260925T040447Z,2026-09-24 23:04:49.239385-05:00,2978662,14370,AJ Dillon,CAR,@CLE,anytd,draftkings,,,,600,True,rotowire
20260925T040447Z,2026-09-24 23:04:49.239385-05:00,2978662,14370,AJ Dillon,CAR,@CLE,anytd,fanduel,,,,750,True,rotowire
20260925T040447Z,2026-09-24 23:04:49.239385-05:00,2978662,14370,AJ Dillon,CAR,@CLE,anytd,caesars,,,,600,True,rotowire
20260925T040447Z,2026-09-24 23:04:49.239385-05:00,2978666,18503,Gunnar Helm,TEN,@NYG,anytd,draftkings,,,,425,True,rotowire
20260925T040447Z,2026-09-24 23:04:49.239385-05:00,2978666,18503,Gunnar Helm,TEN,@NYG,anytd,fanduel,,,,500,True,rotowire
20260925T040447Z,2026-09-24 23:04:49.239385-05:00,2978666,18503,Gunnar Helm,TEN,@NYG,anytd,caesars,,,,425,True,rotowire
20260925T040447Z,2026-09-24 23:04:49.239385-05:00,2978672,10074,Marcus Mariota,WAS,SEA,anytd,draftkings,,,,650,True,rotowire
20260925T040447Z,2026-09-24 23:04:49.239385-05:00,2978672,10074,Marcus Mariota,WAS,SEA,anytd,fanduel,,,,750,True,rotowire
20260925T040447Z,2026-09-24 23:04:49.239385-05:00,2978672,10074,Marcus Mariota,WAS,SEA,anytd,caesars,,,,675,True,rotowire
20260925T040447Z,2026-09-24 23:04:49.239385-05:00,2978678,19300,Mike Washington,LV,@NO,anytd,draftkings,,,,450,True,rotowire
20260925T040447Z,2026-09-24 23:04:49.239385-05:00,2978678,19300,Mike Washington,LV,@NO,anytd,fanduel,,,,470,True,rotowire
20260925T040447Z,2026-09-24 23:04:49.239385-05:00,2978678,19300,Mike Washington,LV,@NO,anytd,caesars,,,,425,True,rotowire
20260925T040447Z,2026-09-24 23:04:49.239385-05:00,2978656,17977,Isaiah Williams,NYJ,@DET,anytd,draftkings,,,,450,True,rotowire
20260925T040447Z,2026-09-24 23:04:49.239385-05:00,2978656,17977,Isaiah Williams,NYJ,@DET,anytd,fanduel,,,,450,True,rotowire
20260925T040447Z,2026-09-24 23:04:49.239385-05:00,2978656,17977,Isaiah Williams,NYJ,@DET,anytd,caesars,,,,425,True,rotowire
20260925T040447Z,2026-09-24 23:04:49.239385-05:00,2978649,18450,Ollie Gordon,MIA,KC,anytd,draftkings,,,,650,True,rotowire
20260925T040447Z,2026-09-24 23:04:49.239385-05:00,2978649,18450,Ollie Gordon,MIA,KC,anytd,fanduel,,,,430,True,rotowire
20260925T040447Z,2026-09-24 23:04:49.239385-05:00,2978649,18450,Ollie Gordon,MIA,KC,anytd,caesars,,,,525,True,rotowire
20260925T040447Z,2026-09-24 23:04:49.239385-05:00,2978392,17728,Devontez Walker,BAL,@DAL,anytd,draftkings,,,,750,True,rotowire
20260925T040447Z,2026-09-24 23:04:49.239385-05:00,2978392,17728,Devontez Walker,BAL,@DAL,anytd,fanduel,,,,700,True,rotowire
20260925T040447Z,2026-09-24 23:04:49.239385-05:00,2978392,17728,Devontez Walker,BAL,@DAL,anytd,caesars,,,,675,True,rotowire
20260925T040447Z,2026-09-24 23:04:49.239385-05:00,2978649,17800,Jaylen Wright,MIA,KC,anytd,draftkings,,,,800,True,rotowire
20260925T040447Z,2026-09-24 23:04:49.239385-05:00,2978649,17800,Jaylen Wright,MIA,KC,anytd,fanduel,,,,430,True,rotowire
20260925T040447Z,2026-09-24 23:04:49.239385-05:00,2978649,17800,Jaylen Wright,MIA,KC,anytd,caesars,,,,600,True,rotowire
20260925T040447Z,2026-09-24 23:04:49.239385-05:00,2978642,12619,Baker Mayfield,TB,MIN,anytd,draftkings,,,,700,True,rotowire
20260925T040447Z,2026-09-24 23:04:49.239385-05:00,2978642,12619,Baker Mayfield,TB,MIN,anytd,fanduel,,,,650,True,rotowire
20260925T040447Z,2026-09-24 23:04:49.239385-05:00,2978642,12619,Baker Mayfield,TB,MIN,anytd,caesars,,,,600,True,rotowire
20260925T040447Z,2026-09-24 23:04:49.239385-05:00,2978649,15459,Noah Gray,KC,@MIA,anytd,draftkings,,,,650,True,rotowire
20260925T040447Z,2026-09-24 23:04:49.239385-05:00,2978649,15459,Noah Gray,KC,@MIA,anytd,fanduel,,,,550,True,rotowire
20260925T040447Z,2026-09-24 23:04:49.239385-05:00,2978649,15459,Noah Gray,KC,@MIA,anytd,caesars,,,,575,True,rotowire
20260925T040447Z,2026-09-24 23:04:49.239385-05:00,2978674,11847,Kendrick Bourne,ARI,@SF,anytd,draftkings,,,,600,True,rotowire
20260925T040447Z,2026-09-24 23:04:49.239385-05:00,2978674,11847,Kendrick Bourne,ARI,@SF,anytd,fanduel,,,,750,True,rotowire
20260925T040447Z,2026-09-24 23:04:49.239385-05:00,2978658,19335,Eli Heidenreich,PIT,CIN,anytd,draftkings,,,,700,True,rotowire
20260925T040447Z,2026-09-24 23:04:49.239385-05:00,2978658,19335,Eli Heidenreich,PIT,CIN,anytd,fanduel,,,,600,True,rotowire
20260925T040447Z,2026-09-24 23:04:49.239385-05:00,2978658,19335,Eli Heidenreich,PIT,CIN,anytd,caesars,,,,650,True,rotowire
20260925T040447Z,2026-09-24 23:04:49.239385-05:00,2978672,16042,Chig Okonkwo,WAS,SEA,anytd,caesars,,,,450,True,rotowire
20260925T040447Z,2026-09-24 23:04:49.239385-05:00,2978666,18518,Nicholas Singleton,TEN,@NYG,anytd,draftkings,,,,850,True,rotowire
20260925T040447Z,2026-09-24 23:04:49.239385-05:00,2978666,18518,Nicholas Singleton,TEN,@NYG,anytd,fanduel,,,,500,True,rotowire
20260925T040447Z,2026-09-24 23:04:49.239385-05:00,2978666,18518,Nicholas Singleton,TEN,@NYG,anytd,caesars,,,,575,True,rotowire
20260925T040447Z,2026-09-24 23:04:49.239385-05:00,2978666,10037,Jameis Winston,NYG,TEN,anytd,draftkings,,,,500,True,rotowire
20260925T040447Z,2026-09-24 23:04:49.239385-05:00,2978666,10037,Jameis Winston,NYG,TEN,anytd,fanduel,,,,500,True,rotowire
20260925T040447Z,2026-09-24 23:04:49.239385-05:00,2978666,10037,Jameis Winston,NYG,TEN,anytd,caesars,,,,475,True,rotowire
20260925T040447Z,2026-09-24 23:04:49.239385-05:00,2978678,19319,Bryce Lance,NO,LV,anytd,draftkings,,,,500,True,rotowire
20260925T040447Z,2026-09-24 23:04:49.239385-05:00,2978678,19319,Bryce Lance,NO,LV,anytd,fanduel,,,,550,True,rotowire
20260925T040447Z,2026-09-24 23:04:49.239385-05:00,2978678,19319,Bryce Lance,NO,LV,anytd,caesars,,,,500,True,rotowire
20260925T040447Z,2026-09-24 23:04:49.239385-05:00,2978674,17008,Jacob Cowing,SF,ARI,anytd,draftkings,,,,600,True,rotowire
20260925T040447Z,2026-09-24 23:04:49.239385-05:00,2978674,17008,Jacob Cowing,SF,ARI,anytd,fanduel,,,,600,True,rotowire
20260925T040447Z,2026-09-24 23:04:49.239385-05:00,2978674,17008,Jacob Cowing,SF,ARI,anytd,caesars,,,,575,True,rotowire
20260925T040447Z,2026-09-24 23:04:49.239385-05:00,2978392,17091,Emari Demercado,DAL,BAL,anytd,draftkings,,,,600,True,rotowire
20260925T040447Z,2026-09-24 23:04:49.239385-05:00,2978392,17091,Emari Demercado,DAL,BAL,anytd,fanduel,,,,650,True,rotowire
20260925T040447Z,2026-09-24 23:04:49.239385-05:00,2978392,17091,Emari Demercado,DAL,BAL,anytd,caesars,,,,600,True,rotowire
20260925T040447Z,2026-09-24 23:04:49.239385-05:00,2978642,17763,Jalen McMillan,TB,MIN,anytd,draftkings,,,,650,True,rotowire
20260925T040447Z,2026-09-24 23:04:49.239385-05:00,2978642,17763,Jalen McMillan,TB,MIN,anytd,fanduel,,,,550,True,rotowire
20260925T040447Z,2026-09-24 23:04:49.239385-05:00,2978642,17763,Jalen McMillan,TB,MIN,anytd,caesars,,,,575,True,rotowire
20260925T040447Z,2026-09-24 23:04:49.239385-05:00,2978662,17734,Xavier Legette,CAR,@CLE,anytd,draftkings,,,,550,True,rotowire
20260925T040447Z,2026-09-24 23:04:49.239385-05:00,2978662,17734,Xavier Legette,CAR,@CLE,anytd,fanduel,,,,550,True,rotowire
20260925T040447Z,2026-09-24 23:04:49.239385-05:00,2978662,17734,Xavier Legette,CAR,@CLE,anytd,caesars,,,,500,True,rotowire
20260925T040447Z,2026-09-24 23:04:49.239385-05:00,2978392,11008,Dak Prescott,DAL,BAL,anytd,draftkings,,,,550,True,rotowire
20260925T040447Z,2026-09-24 23:04:49.239385-05:00,2978392,11008,Dak Prescott,DAL,BAL,anytd,fanduel,,,,500,True,rotowire
20260925T040447Z,2026-09-24 23:04:49.239385-05:00,2978392,11008,Dak Prescott,DAL,BAL,anytd,caesars,,,,500,True,rotowire
20260925T040447Z,2026-09-24 23:04:49.239385-05:00,2978666,13449,Devin Singletary,NYG,TEN,anytd,draftkings,,,,550,True,rotowire
20260925T040447Z,2026-09-24 23:04:49.239385-05:00,2978666,13449,Devin Singletary,NYG,TEN,anytd,fanduel,,,,600,True,rotowire
20260925T040447Z,2026-09-24 23:04:49.239385-05:00,2978666,13449,Devin Singletary,NYG,TEN,anytd,caesars,,,,550,True,rotowire
20260925T040447Z,2026-09-24 23:04:49.239385-05:00,2978674,8930,Kyle Juszczyk,SF,ARI,anytd,draftkings,,,,850,True,rotowire
20260925T040447Z,2026-09-24 23:04:49.239385-05:00,2978674,8930,Kyle Juszczyk,SF,ARI,anytd,fanduel,,,,600,True,rotowire
20260925T040447Z,2026-09-24 23:04:49.239385-05:00,2978674,8930,Kyle Juszczyk,SF,ARI,anytd,caesars,,,,675,True,rotowire
20260925T040447Z,2026-09-24 23:04:49.239385-05:00,2978645,13466,Dawson Knox,BUF,LAC,anytd,draftkings,,,,500,True,rotowire
20260925T040447Z,2026-09-24 23:04:49.239385-05:00,2978645,13466,Dawson Knox,BUF,LAC,anytd,fanduel,,,,500,True,rotowire
20260925T040447Z,2026-09-24 23:04:49.239385-05:00,2978645,13466,Dawson Knox,BUF,LAC,anytd,caesars,,,,500,True,rotowire
20260925T040447Z,2026-09-24 23:04:49.239385-05:00,2978686,11429,Kalif Raymond,CHI,PHI,anytd,draftkings,,,,550,True,rotowire
20260925T040447Z,2026-09-24 23:04:49.239385-05:00,2978686,11429,Kalif Raymond,CHI,PHI,anytd,fanduel,,,,500,True,rotowire
20260925T040447Z,2026-09-24 23:04:49.239385-05:00,2978686,11429,Kalif Raymond,CHI,PHI,anytd,caesars,,,,500,True,rotowire
20260925T040447Z,2026-09-24 23:04:49.239385-05:00,2978665,13522,Darius Slayton,IND,HOU,anytd,draftkings,,,,700,True,rotowire
20260925T040447Z,2026-09-24 23:04:49.239385-05:00,2978665,13522,Darius Slayton,IND,HOU,anytd,fanduel,,,,550,True,rotowire
20260925T040447Z,2026-09-24 23:04:49.239385-05:00,2978665,13522,Darius Slayton,IND,HOU,anytd,caesars,,,,575,True,rotowire
20260925T040447Z,2026-09-24 23:04:49.239385-05:00,2978649,19309,Chris Bell,MIA,KC,anytd,draftkings,,,,600,True,rotowire
20260925T040447Z,2026-09-24 23:04:49.239385-05:00,2978649,19309,Chris Bell,MIA,KC,anytd,fanduel,,,,650,True,rotowire
20260925T040447Z,2026-09-24 23:04:49.239385-05:00,2978649,19309,Chris Bell,MIA,KC,anytd,caesars,,,,600,True,rotowire
20260925T040447Z,2026-09-24 23:04:49.239385-05:00,2978665,13491,Daniel Jones,IND,HOU,anytd,draftkings,,,,700,True,rotowire
20260925T040447Z,2026-09-24 23:04:49.239385-05:00,2978665,13491,Daniel Jones,IND,HOU,anytd,fanduel,,,,650,True,rotowire
20260925T040447Z,2026-09-24 23:04:49.239385-05:00,2978665,13491,Daniel Jones,IND,HOU,anytd,caesars,,,,625,True,rotowire
20260925T040447Z,2026-09-24 23:04:49.239385-05:00,2978656,18535,Mason Taylor,NYJ,@DET,anytd,caesars,,,,525,True,rotowire
20260925T040447Z,2026-09-24 23:04:49.239385-05:00,2978662,15371,Tommy Tremble,CAR,@CLE,anytd,draftkings,,,,650,True,rotowire
20260925T040447Z,2026-09-24 23:04:49.239385-05:00,2978662,15371,Tommy Tremble,CAR,@CLE,anytd,fanduel,,,,650,True,rotowire
20260925T040447Z,2026-09-24 23:04:49.239385-05:00,2978662,15371,Tommy Tremble,CAR,@CLE,anytd,caesars,,,,625,True,rotowire
20260925T040447Z,2026-09-24 23:04:49.239385-05:00,2978642,13786,Josh Oliver,MIN,@TB,anytd,draftkings,,,,750,True,rotowire
20260925T040447Z,2026-09-24 23:04:49.239385-05:00,2978642,13786,Josh Oliver,MIN,@TB,anytd,fanduel,,,,600,True,rotowire
20260925T040447Z,2026-09-24 23:04:49.239385-05:00,2978642,13786,Josh Oliver,MIN,@TB,anytd,caesars,,,,650,True,rotowire
20260925T040447Z,2026-09-24 23:04:49.239385-05:00,2978683,17719,Troy Franklin,DEN,LAR,anytd,draftkings,,,,900,True,rotowire
20260925T040447Z,2026-09-24 23:04:49.239385-05:00,2978683,17719,Troy Franklin,DEN,LAR,anytd,fanduel,,,,700,True,rotowire
20260925T040447Z,2026-09-24 23:04:49.239385-05:00,2978683,17719,Troy Franklin,DEN,LAR,anytd,caesars,,,,700,True,rotowire
20260925T040447Z,2026-09-24 23:04:49.239385-05:00,2978642,14376,Jauan Jennings,MIN,@TB,anytd,draftkings,,,,650,True,rotowire
20260925T040447Z,2026-09-24 23:04:49.239385-05:00,2978642,14376,Jauan Jennings,MIN,@TB,anytd,fanduel,,,,550,True,rotowire
20260925T040447Z,2026-09-24 23:04:49.239385-05:00,2978642,14376,Jauan Jennings,MIN,@TB,anytd,caesars,,,,550,True,rotowire
20260925T040447Z,2026-09-24 23:04:49.239385-05:00,2978662,16069,John Metchie,CAR,@CLE,anytd,draftkings,,,,800,True,rotowire
20260925T040447Z,2026-09-24 23:04:49.239385-05:00,2978662,16069,John Metchie,CAR,@CLE,anytd,fanduel,,,,550,True,rotowire
20260925T040447Z,2026-09-24 23:04:49.239385-05:00,2978662,16069,John Metchie,CAR,@CLE,anytd,caesars,,,,625,True,rotowire
20260925T040447Z,2026-09-24 23:04:49.239385-05:00,2978683,17081,Konata Mumpfield,LAR,@DEN,anytd,draftkings,,,,650,,rotowire
20260925T040447Z,2026-09-24 23:04:49.239385-05:00,2978683,17081,Konata Mumpfield,LAR,@DEN,anytd,fanduel,,,,550,,rotowire
20260925T040447Z,2026-09-24 23:04:49.239385-05:00,2978683,17081,Konata Mumpfield,LAR,@DEN,anytd,caesars,,,,600,,rotowire
20260925T040447Z,2026-09-24 23:04:49.239385-05:00,2978665,16847,Jared Wayne,HOU,@IND,anytd,draftkings,,,,800,True,rotowire
20260925T040447Z,2026-09-24 23:04:49.239385-05:00,2978665,16847,Jared Wayne,HOU,@IND,anytd,fanduel,,,,950,True,rotowire
20260925T040447Z,2026-09-24 23:04:49.239385-05:00,2978665,16847,Jared Wayne,HOU,@IND,anytd,caesars,,,,800,True,rotowire
20260925T040447Z,2026-09-24 23:04:49.239385-05:00,2978678,13426,Noah Fant,NO,LV,anytd,draftkings,,,,650,True,rotowire
20260925T040447Z,2026-09-24 23:04:49.239385-05:00,2978678,13426,Noah Fant,NO,LV,anytd,fanduel,,,,650,True,rotowire
20260925T040447Z,2026-09-24 23:04:49.239385-05:00,2978678,13426,Noah Fant,NO,LV,anytd,caesars,,,,650,True,rotowire
20260925T040447Z,2026-09-24 23:04:49.239385-05:00,2978666,18552,Elic Ayomanor,TEN,@NYG,anytd,draftkings,,,,600,True,rotowire
20260925T040447Z,2026-09-24 23:04:49.239385-05:00,2978666,18552,Elic Ayomanor,TEN,@NYG,anytd,fanduel,,,,700,True,rotowire
20260925T040447Z,2026-09-24 23:04:49.239385-05:00,2978666,18552,Elic Ayomanor,TEN,@NYG,anytd,caesars,,,,600,True,rotowire
20260925T040447Z,2026-09-24 23:04:49.239385-05:00,2978642,16728,Sean Tucker,TB,MIN,anytd,draftkings,,,,950,True,rotowire
20260925T040447Z,2026-09-24 23:04:49.239385-05:00,2978642,16728,Sean Tucker,TB,MIN,anytd,fanduel,,,,850,True,rotowire
20260925T040447Z,2026-09-24 23:04:49.239385-05:00,2978642,16728,Sean Tucker,TB,MIN,anytd,caesars,,,,800,True,rotowire
20260925T040447Z,2026-09-24 23:04:49.239385-05:00,2978686,12316,Johnny Mundt,PHI,@CHI,anytd,draftkings,,,,600,True,rotowire
20260925T040447Z,2026-09-24 23:04:49.239385-05:00,2978686,12316,Johnny Mundt,PHI,@CHI,anytd,fanduel,,,,650,True,rotowire
20260925T040447Z,2026-09-24 23:04:49.239385-05:00,2978686,12316,Johnny Mundt,PHI,@CHI,anytd,caesars,,,,600,True,rotowire
20260925T040447Z,2026-09-24 23:04:49.239385-05:00,2978658,16889,Darnell Washington,PIT,CIN,anytd,draftkings,,,,650,True,rotowire
20260925T040447Z,2026-09-24 23:04:49.239385-05:00,2978658,16889,Darnell Washington,PIT,CIN,anytd,fanduel,,,,700,True,rotowire
20260925T040447Z,2026-09-24 23:04:49.239385-05:00,2978658,16889,Darnell Washington,PIT,CIN,anytd,caesars,,,,650,True,rotowire
20260925T040447Z,2026-09-24 23:04:49.239385-05:00,2978678,18457,Jack Bech,LV,@NO,anytd,draftkings,,,,700,True,rotowire
20260925T040447Z,2026-09-24 23:04:49.239385-05:00,2978678,18457,Jack Bech,LV,@NO,anytd,fanduel,,,,700,True,rotowire
20260925T040447Z,2026-09-24 23:04:49.239385-05:00,2978678,18457,Jack Bech,LV,@NO,anytd,caesars,,,,675,True,rotowire
20260925T040447Z,2026-09-24 23:04:49.239385-05:00,2978658,14442,Joe Burrow,CIN,@PIT,anytd,draftkings,,,,650,True,rotowire
20260925T040447Z,2026-09-24 23:04:49.239385-05:00,2978658,14442,Joe Burrow,CIN,@PIT,anytd,fanduel,,,,650,True,rotowire
20260925T040447Z,2026-09-24 23:04:49.239385-05:00,2978658,14442,Joe Burrow,CIN,@PIT,anytd,caesars,,,,650,True,rotowire
20260925T040447Z,2026-09-24 23:04:49.239385-05:00,2978674,13418,KhaDarel Hodge,SF,ARI,anytd,draftkings,,,,600,True,rotowire
20260925T040447Z,2026-09-24 23:04:49.239385-05:00,2978674,13418,KhaDarel Hodge,SF,ARI,anytd,fanduel,,,,600,True,rotowire
20260925T040447Z,2026-09-24 23:04:49.239385-05:00,2978674,13418,KhaDarel Hodge,SF,ARI,anytd,caesars,,,,625,True,rotowire
20260925T040447Z,2026-09-24 23:04:49.239385-05:00,2978666,14510,Darnell Mooney,NYG,TEN,anytd,draftkings,,,,600,True,rotowire
20260925T040447Z,2026-09-24 23:04:49.239385-05:00,2978666,14510,Darnell Mooney,NYG,TEN,anytd,fanduel,,,,800,True,rotowire
20260925T040447Z,2026-09-24 23:04:49.239385-05:00,2978666,14510,Darnell Mooney,NYG,TEN,anytd,caesars,,,,625,True,rotowire
20260925T040447Z,2026-09-24 23:04:49.239385-05:00,2978666,12616,Calvin Ridley,TEN,@NYG,anytd,draftkings,,,,850,True,rotowire
20260925T040447Z,2026-09-24 23:04:49.239385-05:00,2978666,12616,Calvin Ridley,TEN,@NYG,anytd,fanduel,,,,750,True,rotowire
20260925T040447Z,2026-09-24 23:04:49.239385-05:00,2978666,12616,Calvin Ridley,TEN,@NYG,anytd,caesars,,,,750,True,rotowire
20260925T040447Z,2026-09-24 23:04:49.239385-05:00,2978658,13809,Drew Sample,CIN,@PIT,anytd,draftkings,,,,600,True,rotowire
20260925T040447Z,2026-09-24 23:04:49.239385-05:00,2978658,13809,Drew Sample,CIN,@PIT,anytd,fanduel,,,,700,True,rotowire
20260925T040447Z,2026-09-24 23:04:49.239385-05:00,2978658,13809,Drew Sample,CIN,@PIT,anytd,caesars,,,,650,True,rotowire
20260925T040447Z,2026-09-24 23:04:49.239385-05:00,2978672,17833,Ben Sinnott,WAS,SEA,anytd,draftkings,,,,800,True,rotowire
20260925T040447Z,2026-09-24 23:04:49.239385-05:00,2978672,17833,Ben Sinnott,WAS,SEA,anytd,fanduel,,,,600,True,rotowire
20260925T040447Z,2026-09-24 23:04:49.239385-05:00,2978672,17833,Ben Sinnott,WAS,SEA,anytd,caesars,,,,650,True,rotowire
20260925T040447Z,2026-09-24 23:04:49.239385-05:00,2978665,16886,C.J. Stroud,HOU,@IND,anytd,draftkings,,,,1000,True,rotowire
20260925T040447Z,2026-09-24 23:04:49.239385-05:00,2978665,16886,C.J. Stroud,HOU,@IND,anytd,fanduel,,,,700,True,rotowire
20260925T040447Z,2026-09-24 23:04:49.239385-05:00,2978665,16886,C.J. Stroud,HOU,@IND,anytd,caesars,,,,700,True,rotowire
20260925T040447Z,2026-09-24 23:04:49.239385-05:00,2978653,19448,Nate Boerkircher,JAX,NE,anytd,draftkings,,,,700,True,rotowire
20260925T040447Z,2026-09-24 23:04:49.239385-05:00,2978653,19448,Nate Boerkircher,JAX,NE,anytd,fanduel,,,,700,True,rotowire
20260925T040447Z,2026-09-24 23:04:49.239385-05:00,2978653,19448,Nate Boerkircher,JAX,NE,anytd,caesars,,,,700,True,rotowire
20260925T040447Z,2026-09-24 23:04:49.239385-05:00,2978683,15229,Tutu Atwell,LAR,@DEN,anytd,draftkings,,,,2000,,rotowire
20260925T040447Z,2026-09-24 23:04:49.239385-05:00,2978683,15229,Tutu Atwell,LAR,@DEN,anytd,fanduel,,,,1600,,rotowire
20260925T040447Z,2026-09-24 23:04:49.239385-05:00,2978683,15229,Tutu Atwell,LAR,@DEN,anytd,caesars,,,,1600,,rotowire
20260925T040447Z,2026-09-24 23:04:49.239385-05:00,2978674,10919,Jacoby Brissett,ARI,@SF,anytd,draftkings,,,,750,True,rotowire
20260925T040447Z,2026-09-24 23:04:49.239385-05:00,2978674,10919,Jacoby Brissett,ARI,@SF,anytd,fanduel,,,,700,True,rotowire
20260925T040447Z,2026-09-24 23:04:49.239385-05:00,2978674,10919,Jacoby Brissett,ARI,@SF,anytd,caesars,,,,700,True,rotowire
20260925T040447Z,2026-09-24 23:04:49.239385-05:00,2978649,19322,Kevin Coleman,MIA,KC,anytd,draftkings,,,,1200,True,rotowire
20260925T040447Z,2026-09-24 23:04:49.239385-05:00,2978649,19322,Kevin Coleman,MIA,KC,anytd,fanduel,,,,900,True,rotowire
20260925T040447Z,2026-09-24 23:04:49.239385-05:00,2978649,19322,Kevin Coleman,MIA,KC,anytd,caesars,,,,950,True,rotowire
20260925T040447Z,2026-09-24 23:04:49.239385-05:00,2978674,15566,Luke Farrell,SF,ARI,anytd,draftkings,,,,900,True,rotowire
20260925T040447Z,2026-09-24 23:04:49.239385-05:00,2978674,15566,Luke Farrell,SF,ARI,anytd,fanduel,,,,900,True,rotowire
20260925T040447Z,2026-09-24 23:04:49.239385-05:00,2978674,15566,Luke Farrell,SF,ARI,anytd,caesars,,,,850,True,rotowire
20260925T040447Z,2026-09-24 23:04:49.239385-05:00,2978665,19303,Seth McGowan,IND,HOU,anytd,draftkings,,,,650,True,rotowire
20260925T040447Z,2026-09-24 23:04:49.239385-05:00,2978665,19303,Seth McGowan,IND,HOU,anytd,fanduel,,,,950,True,rotowire
20260925T040447Z,2026-09-24 23:04:49.239385-05:00,2978665,19303,Seth McGowan,IND,HOU,anytd,caesars,,,,750,True,rotowire
20260925T040447Z,2026-09-24 23:04:49.239385-05:00,2978658,19247,Dohnte Meyers,CIN,@PIT,anytd,draftkings,,,,850,True,rotowire
20260925T040447Z,2026-09-24 23:04:49.239385-05:00,2978658,19247,Dohnte Meyers,CIN,@PIT,anytd,fanduel,,,,700,True,rotowire
20260925T040447Z,2026-09-24 23:04:49.239385-05:00,2978658,19247,Dohnte Meyers,CIN,@PIT,anytd,caesars,,,,700,True,rotowire
20260925T040447Z,2026-09-24 23:04:49.239385-05:00,2978392,19310,Elijah Sarratt,BAL,@DAL,anytd,draftkings,,,,1000,True,rotowire
20260925T040447Z,2026-09-24 23:04:49.239385-05:00,2978392,19310,Elijah Sarratt,BAL,@DAL,anytd,fanduel,,,,700,True,rotowire
20260925T040447Z,2026-09-24 23:04:49.239385-05:00,2978392,19310,Elijah Sarratt,BAL,@DAL,anytd,caesars,,,,750,True,rotowire
20260925T040447Z,2026-09-24 23:04:49.239385-05:00,2978683,17467,Xavier Smith,LAR,@DEN,anytd,draftkings,,,,900,,rotowire
20260925T040447Z,2026-09-24 23:04:49.239385-05:00,2978683,17467,Xavier Smith,LAR,@DEN,anytd,fanduel,,,,850,,rotowire
20260925T040447Z,2026-09-24 23:04:49.239385-05:00,2978683,17467,Xavier Smith,LAR,@DEN,anytd,caesars,,,,850,,rotowire
20260925T040447Z,2026-09-24 23:04:49.239385-05:00,2978656,8743,Geno Smith,NYJ,@DET,anytd,draftkings,,,,700,True,rotowire
20260925T040447Z,2026-09-24 23:04:49.239385-05:00,2978656,8743,Geno Smith,NYJ,@DET,anytd,fanduel,,,,800,True,rotowire
20260925T040447Z,2026-09-24 23:04:49.239385-05:00,2978656,8743,Geno Smith,NYJ,@DET,anytd,caesars,,,,700,True,rotowire
20260925T040447Z,2026-09-24 23:04:49.239385-05:00,2978666,17967,Tyrone Tracy,NYG,TEN,anytd,draftkings,,,,1000,True,rotowire
20260925T040447Z,2026-09-24 23:04:49.239385-05:00,2978666,17967,Tyrone Tracy,NYG,TEN,anytd,fanduel,,,,1800,True,rotowire
20260925T040447Z,2026-09-24 23:04:49.239385-05:00,2978666,17967,Tyrone Tracy,NYG,TEN,anytd,caesars,,,,1200,True,rotowire
20260925T040447Z,2026-09-24 23:04:49.239385-05:00,2978683,14541,Adam Trautman,DEN,LAR,anytd,draftkings,,,,800,True,rotowire
20260925T040447Z,2026-09-24 23:04:49.239385-05:00,2978683,14541,Adam Trautman,DEN,LAR,anytd,fanduel,,,,650,True,rotowire
20260925T040447Z,2026-09-24 23:04:49.239385-05:00,2978683,14541,Adam Trautman,DEN,LAR,anytd,caesars,,,,700,True,rotowire
20260925T040447Z,2026-09-24 23:04:49.239385-05:00,2978645,17821,Kimani Vidal,LAC,@BUF,anytd,draftkings,,,,1100,True,rotowire
20260925T040447Z,2026-09-24 23:04:49.239385-05:00,2978645,17821,Kimani Vidal,LAC,@BUF,anytd,fanduel,,,,1100,True,rotowire
20260925T040447Z,2026-09-24 23:04:49.239385-05:00,2978645,17821,Kimani Vidal,LAC,@BUF,anytd,caesars,,,,900,True,rotowire
20260925T040447Z,2026-09-24 23:04:49.239385-05:00,2978672,19237,Antonio Williams,WAS,SEA,anytd,draftkings,,,,750,True,rotowire
20260925T040447Z,2026-09-24 23:04:49.239385-05:00,2978672,19237,Antonio Williams,WAS,SEA,anytd,fanduel,,,,650,True,rotowire
20260925T040447Z,2026-09-24 23:04:49.239385-05:00,2978672,19237,Antonio Williams,WAS,SEA,anytd,caesars,,,,675,True,rotowire
20260925T040447Z,2026-09-24 23:04:49.239385-05:00,2978392,12807,Durham Smythe,BAL,@DAL,anytd,draftkings,,,,750,True,rotowire
20260925T040447Z,2026-09-24 23:04:49.239385-05:00,2978392,12807,Durham Smythe,BAL,@DAL,anytd,fanduel,,,,700,True,rotowire
20260925T040447Z,2026-09-24 23:04:49.239385-05:00,2978392,12807,Durham Smythe,BAL,@DAL,anytd,caesars,,,,700,True,rotowire
20260925T040447Z,2026-09-24 23:04:49.239385-05:00,2978672,18540,Elijah Arroyo,SEA,@WAS,anytd,draftkings,,,,700,True,rotowire
20260925T040447Z,2026-09-24 23:04:49.239385-05:00,2978672,18540,Elijah Arroyo,SEA,@WAS,anytd,fanduel,,,,700,True,rotowire
20260925T040447Z,2026-09-24 23:04:49.239385-05:00,2978672,18540,Elijah Arroyo,SEA,@WAS,anytd,caesars,,,,700,True,rotowire
20260925T040447Z,2026-09-24 23:04:49.239385-05:00,2978686,13502,Hollywood Brown,PHI,@CHI,anytd,draftkings,,,,1100,True,rotowire
20260925T040447Z,2026-09-24 23:04:49.239385-05:00,2978686,13502,Hollywood Brown,PHI,@CHI,anytd,fanduel,,,,1500,True,rotowire
20260925T040447Z,2026-09-24 23:04:49.239385-05:00,2978686,13502,Hollywood Brown,PHI,@CHI,anytd,caesars,,,,1200,True,rotowire
20260925T040447Z,2026-09-24 23:04:49.239385-05:00,2978672,12490,Sam Darnold,SEA,@WAS,anytd,draftkings,,,,750,True,rotowire
20260925T040447Z,2026-09-24 23:04:49.239385-05:00,2978672,12490,Sam Darnold,SEA,@WAS,anytd,fanduel,,,,750,True,rotowire
20260925T040447Z,2026-09-24 23:04:49.239385-05:00,2978672,12490,Sam Darnold,SEA,@WAS,anytd,caesars,,,,750,True,rotowire
20260925T040447Z,2026-09-24 23:04:49.239385-05:00,2978665,13854,Ashton Dulin,IND,HOU,anytd,draftkings,,,,1400,True,rotowire
20260925T040447Z,2026-09-24 23:04:49.239385-05:00,2978665,13854,Ashton Dulin,IND,HOU,anytd,fanduel,,,,700,True,rotowire
20260925T040447Z,2026-09-24 23:04:49.239385-05:00,2978665,13854,Ashton Dulin,IND,HOU,anytd,caesars,,,,850,True,rotowire
20260925T040447Z,2026-09-24 23:04:49.239385-05:00,2978672,17772,Tory Horton,SEA,@WAS,anytd,draftkings,,,,750,True,rotowire
20260925T040447Z,2026-09-24 23:04:49.239385-05:00,2978672,17772,Tory Horton,SEA,@WAS,anytd,fanduel,,,,700,True,rotowire
20260925T040447Z,2026-09-24 23:04:49.239385-05:00,2978672,17772,Tory Horton,SEA,@WAS,anytd,caesars,,,,700,True,rotowire
20260925T040447Z,2026-09-24 23:04:49.239385-05:00,2978674,18485,Jordan James,SF,ARI,anytd,draftkings,,,,1800,True,rotowire
20260925T040447Z,2026-09-24 23:04:49.239385-05:00,2978674,18485,Jordan James,SF,ARI,anytd,fanduel,,,,2000,True,rotowire
20260925T040447Z,2026-09-24 23:04:49.239385-05:00,2978674,18485,Jordan James,SF,ARI,anytd,caesars,,,,1500,True,rotowire
20260925T040447Z,2026-09-24 23:04:49.239385-05:00,2978642,18484,Tez Johnson,TB,MIN,anytd,draftkings,,,,950,True,rotowire
20260925T040447Z,2026-09-24 23:04:49.239385-05:00,2978642,18484,Tez Johnson,TB,MIN,anytd,fanduel,,,,850,True,rotowire
20260925T040447Z,2026-09-24 23:04:49.239385-05:00,2978642,18484,Tez Johnson,TB,MIN,anytd,caesars,,,,850,True,rotowire
20260925T040447Z,2026-09-24 23:04:49.239385-05:00,2978686,14436,Cole Kmet,CHI,PHI,anytd,draftkings,,,,750,True,rotowire
20260925T040447Z,2026-09-24 23:04:49.239385-05:00,2978686,14436,Cole Kmet,CHI,PHI,anytd,fanduel,,,,700,True,rotowire
20260925T040447Z,2026-09-24 23:04:49.239385-05:00,2978686,14436,Cole Kmet,CHI,PHI,anytd,caesars,,,,700,True,rotowire
20260925T040447Z,2026-09-24 23:04:49.239385-05:00,2978683,16849,Marvin Mims,DEN,LAR,anytd,draftkings,,,,1000,True,rotowire
20260925T040447Z,2026-09-24 23:04:49.239385-05:00,2978683,16849,Marvin Mims,DEN,LAR,anytd,fanduel,,,,700,True,rotowire
20260925T040447Z,2026-09-24 23:04:49.239385-05:00,2978683,16849,Marvin Mims,DEN,LAR,anytd,caesars,,,,750,True,rotowire
20260925T040447Z,2026-09-24 23:04:49.239385-05:00,2978653,19348,Eli Raridon,NE,@JAX,anytd,draftkings,,,,900,True,rotowire
20260925T040447Z,2026-09-24 23:04:49.239385-05:00,2978653,19348,Eli Raridon,NE,@JAX,anytd,fanduel,,,,800,True,rotowire
20260925T040447Z,2026-09-24 23:04:49.239385-05:00,2978653,19348,Eli Raridon,NE,@JAX,anytd,caesars,,,,800,True,rotowire
20260925T040447Z,2026-09-24 23:04:49.239385-05:00,2978674,18647,Jordan Watkins,SF,ARI,anytd,draftkings,,,,2200,True,rotowire
20260925T040447Z,2026-09-24 23:04:49.239385-05:00,2978674,18647,Jordan Watkins,SF,ARI,anytd,fanduel,,,,2000,True,rotowire
20260925T040447Z,2026-09-24 23:04:49.239385-05:00,2978674,18647,Jordan Watkins,SF,ARI,anytd,caesars,,,,1750,True,rotowire
20260925T040447Z,2026-09-24 23:04:49.239385-05:00,2978658,18841,Ke'Shawn Williams,CIN,@PIT,anytd,draftkings,,,,1700,True,rotowire
20260925T040447Z,2026-09-24 23:04:49.239385-05:00,2978658,18841,Ke'Shawn Williams,CIN,@PIT,anytd,fanduel,,,,1800,True,rotowire
20260925T040447Z,2026-09-24 23:04:49.239385-05:00,2978653,18476,LeQuint Allen,JAX,NE,anytd,draftkings,,,,750,True,rotowire
20260925T040447Z,2026-09-24 23:04:49.239385-05:00,2978653,18476,LeQuint Allen,JAX,NE,anytd,fanduel,,,,1400,True,rotowire
20260925T040447Z,2026-09-24 23:04:49.239385-05:00,2978653,18476,LeQuint Allen,JAX,NE,anytd,caesars,,,,850,True,rotowire
20260925T040447Z,2026-09-24 23:04:49.239385-05:00,2978645,17792,Ray Davis,BUF,LAC,anytd,draftkings,,,,1100,True,rotowire
20260925T040447Z,2026-09-24 23:04:49.239385-05:00,2978645,17792,Ray Davis,BUF,LAC,anytd,fanduel,,,,1000,True,rotowire
20260925T040447Z,2026-09-24 23:04:49.239385-05:00,2978645,17792,Ray Davis,BUF,LAC,anytd,caesars,,,,1000,True,rotowire
20260925T040447Z,2026-09-24 23:04:49.239385-05:00,2978653,10126,Ameer Abdullah,JAX,NE,anytd,draftkings,,,,800,True,rotowire
20260925T040447Z,2026-09-24 23:04:49.239385-05:00,2978653,10126,Ameer Abdullah,JAX,NE,anytd,fanduel,,,,950,True,rotowire
20260925T040447Z,2026-09-24 23:04:49.239385-05:00,2978653,10126,Ameer Abdullah,JAX,NE,anytd,caesars,,,,750,True,rotowire
20260925T040447Z,2026-09-24 23:04:49.239385-05:00,2978672,15274,Dyami Brown,WAS,SEA,anytd,draftkings,,,,800,True,rotowire
20260925T040447Z,2026-09-24 23:04:49.239385-05:00,2978672,15274,Dyami Brown,WAS,SEA,anytd,fanduel,,,,800,True,rotowire
20260925T040447Z,2026-09-24 23:04:49.239385-05:00,2978672,15274,Dyami Brown,WAS,SEA,anytd,caesars,,,,800,True,rotowire
20260925T040447Z,2026-09-24 23:04:49.239385-05:00,2978656,15996,Jeremy Ruckert,NYJ,@DET,anytd,draftkings,,,,750,True,rotowire
20260925T040447Z,2026-09-24 23:04:49.239385-05:00,2978656,15996,Jeremy Ruckert,NYJ,@DET,anytd,fanduel,,,,750,True,rotowire
20260925T040447Z,2026-09-24 23:04:49.239385-05:00,2978656,15996,Jeremy Ruckert,NYJ,@DET,anytd,caesars,,,,750,True,rotowire
20260925T040447Z,2026-09-24 23:04:49.239385-05:00,2978656,15681,Brock Wright,DET,NYJ,anytd,draftkings,,,,900,True,rotowire
20260925T040447Z,2026-09-24 23:04:49.239385-05:00,2978656,15681,Brock Wright,DET,NYJ,anytd,fanduel,,,,750,True,rotowire
20260925T040447Z,2026-09-24 23:04:49.239385-05:00,2978656,15681,Brock Wright,DET,NYJ,anytd,caesars,,,,850,True,rotowire
20260925T040447Z,2026-09-24 23:04:49.239385-05:00,2978666,17021,Theo Johnson,NYG,TEN,anytd,draftkings,,,,1100,True,rotowire
20260925T040447Z,2026-09-24 23:04:49.239385-05:00,2978666,17021,Theo Johnson,NYG,TEN,anytd,fanduel,,,,900,True,rotowire
20260925T040447Z,2026-09-24 23:04:49.239385-05:00,2978666,17021,Theo Johnson,NYG,TEN,anytd,caesars,,,,850,True,rotowire
20260925T040447Z,2026-09-24 23:04:49.239385-05:00,2978653,19126,Kyle Williams,NE,@JAX,anytd,draftkings,,,,950,True,rotowire
20260925T040447Z,2026-09-24 23:04:49.239385-05:00,2978653,19126,Kyle Williams,NE,@JAX,anytd,fanduel,,,,1000,True,rotowire
20260925T040447Z,2026-09-24 23:04:49.239385-05:00,2978653,19126,Kyle Williams,NE,@JAX,anytd,caesars,,,,950,True,rotowire
20260925T040447Z,2026-09-24 23:04:49.239385-05:00,2978658,19447,Colbie Young,CIN,@PIT,anytd,draftkings,,,,1400,True,rotowire
20260925T040447Z,2026-09-24 23:04:49.239385-05:00,2978658,19447,Colbie Young,CIN,@PIT,anytd,fanduel,,,,1800,True,rotowire
20260925T040447Z,2026-09-24 23:04:49.239385-05:00,2978658,19447,Colbie Young,CIN,@PIT,anytd,caesars,,,,1300,True,rotowire
20260925T040447Z,2026-09-24 23:04:49.239385-05:00,2978662,17319,Jaleel McLaughlin,CLE,CAR,anytd,draftkings,,,,850,True,rotowire
20260925T040447Z,2026-09-24 23:04:49.239385-05:00,2978662,17319,Jaleel McLaughlin,CLE,CAR,anytd,fanduel,,,,2000,True,rotowire
20260925T040447Z,2026-09-24 23:04:49.239385-05:00,2978662,17319,Jaleel McLaughlin,CLE,CAR,anytd,caesars,,,,1000,True,rotowire
20260925T040447Z,2026-09-24 23:04:49.239385-05:00,2978658,17696,Erick All,CIN,@PIT,anytd,draftkings,,,,800,True,rotowire
20260925T040447Z,2026-09-24 23:04:49.239385-05:00,2978658,17696,Erick All,CIN,@PIT,anytd,fanduel,,,,1000,True,rotowire
20260925T040447Z,2026-09-24 23:04:49.239385-05:00,2978658,17696,Erick All,CIN,@PIT,anytd,caesars,,,,800,True,rotowire
20260925T040447Z,2026-09-24 23:04:49.239385-05:00,2978683,17030,Davis Allen,LAR,@DEN,anytd,draftkings,,,,1000,,rotowire
20260925T040447Z,2026-09-24 23:04:49.239385-05:00,2978683,17030,Davis Allen,LAR,@DEN,anytd,fanduel,,,,800,,rotowire
20260925T040447Z,2026-09-24 23:04:49.239385-05:00,2978683,17030,Davis Allen,LAR,@DEN,anytd,caesars,,,,850,,rotowire
20260925T040447Z,2026-09-24 23:04:49.239385-05:00,2978653,16931,Cameron Latu,NE,@JAX,anytd,draftkings,,,,1000,True,rotowire
20260925T040447Z,2026-09-24 23:04:49.239385-05:00,2978653,16931,Cameron Latu,NE,@JAX,anytd,fanduel,,,,800,True,rotowire
20260925T040447Z,2026-09-24 23:04:49.239385-05:00,2978653,16931,Cameron Latu,NE,@JAX,anytd,caesars,,,,900,True,rotowire
20260925T040447Z,2026-09-24 23:04:49.239385-05:00,2978662,18545,Mitchell Evans,CAR,@CLE,anytd,draftkings,,,,1000,True,rotowire
20260925T040447Z,2026-09-24 23:04:49.239385-05:00,2978662,18545,Mitchell Evans,CAR,@CLE,anytd,fanduel,,,,900,True,rotowire
20260925T040447Z,2026-09-24 23:04:49.239385-05:00,2978662,18545,Mitchell Evans,CAR,@CLE,anytd,caesars,,,,900,True,rotowire
20260925T040447Z,2026-09-24 23:04:49.239385-05:00,2978392,13894,KaVontae Turpin,DAL,BAL,anytd,draftkings,,,,1000,True,rotowire
20260925T040447Z,2026-09-24 23:04:49.239385-05:00,2978392,13894,KaVontae Turpin,DAL,BAL,anytd,fanduel,,,,850,True,rotowire
20260925T040447Z,2026-09-24 23:04:49.239385-05:00,2978392,13894,KaVontae Turpin,DAL,BAL,anytd,caesars,,,,900,True,rotowire
20260925T040447Z,2026-09-24 23:04:49.239385-05:00,2978672,15289,John Bates,WAS,SEA,anytd,draftkings,,,,1800,True,rotowire
20260925T040447Z,2026-09-24 23:04:49.239385-05:00,2978672,15289,John Bates,WAS,SEA,anytd,fanduel,,,,1200,True,rotowire
20260925T040447Z,2026-09-24 23:04:49.239385-05:00,2978672,15289,John Bates,WAS,SEA,anytd,caesars,,,,1200,True,rotowire
20260925T040447Z,2026-09-24 23:04:49.239385-05:00,2978645,19251,Skyler Bell,BUF,LAC,anytd,draftkings,,,,850,True,rotowire
20260925T040447Z,2026-09-24 23:04:49.239385-05:00,2978645,19251,Skyler Bell,BUF,LAC,anytd,fanduel,,,,900,True,rotowire
20260925T040447Z,2026-09-24 23:04:49.239385-05:00,2978645,19251,Skyler Bell,BUF,LAC,anytd,caesars,,,,850,True,rotowire
20260925T040447Z,2026-09-24 23:04:49.239385-05:00,2978392,19364,Matthew Hibner,BAL,@DAL,anytd,draftkings,,,,1500,True,rotowire
20260925T040447Z,2026-09-24 23:04:49.239385-05:00,2978392,19364,Matthew Hibner,BAL,@DAL,anytd,fanduel,,,,1300,True,rotowire
20260925T040447Z,2026-09-24 23:04:49.239385-05:00,2978392,19364,Matthew Hibner,BAL,@DAL,anytd,caesars,,,,1300,True,rotowire
20260925T040447Z,2026-09-24 23:04:49.239385-05:00,2978653,18578,Travis Hunter,JAX,NE,anytd,draftkings,,,,1000,True,rotowire
20260925T040447Z,2026-09-24 23:04:49.239385-05:00,2978653,18578,Travis Hunter,JAX,NE,anytd,fanduel,,,,1100,True,rotowire
20260925T040447Z,2026-09-24 23:04:49.239385-05:00,2978653,18578,Travis Hunter,JAX,NE,anytd,caesars,,,,1000,True,rotowire
20260925T040447Z,2026-09-24 23:04:49.239385-05:00,2978642,18307,Kameron Johnson,TB,MIN,anytd,draftkings,,,,1100,True,rotowire
20260925T040447Z,2026-09-24 23:04:49.239385-05:00,2978642,18307,Kameron Johnson,TB,MIN,anytd,fanduel,,,,850,True,rotowire
20260925T040447Z,2026-09-24 23:04:49.239385-05:00,2978642,18307,Kameron Johnson,TB,MIN,anytd,caesars,,,,900,True,rotowire
20260925T040447Z,2026-09-24 23:04:49.239385-05:00,2978665,13822,Foster Moreau,HOU,@IND,anytd,draftkings,,,,1100,True,rotowire
20260925T040447Z,2026-09-24 23:04:49.239385-05:00,2978665,13822,Foster Moreau,HOU,@IND,anytd,fanduel,,,,1100,True,rotowire
20260925T040447Z,2026-09-24 23:04:49.239385-05:00,2978665,13822,Foster Moreau,HOU,@IND,anytd,caesars,,,,950,True,rotowire
20260925T040447Z,2026-09-24 23:04:49.239385-05:00,2978649,18529,Brashard Smith,KC,@MIA,anytd,draftkings,,,,1400,True,rotowire
20260925T040447Z,2026-09-24 23:04:49.239385-05:00,2978649,18529,Brashard Smith,KC,@MIA,anytd,fanduel,,,,1900,True,rotowire
20260925T040447Z,2026-09-24 23:04:49.239385-05:00,2978649,18529,Brashard Smith,KC,@MIA,anytd,caesars,,,,1200,True,rotowire
20260925T040447Z,2026-09-24 23:04:49.239385-05:00,2978649,16010,Jalen Tolbert,MIA,KC,anytd,draftkings,,,,900,True,rotowire
20260925T040447Z,2026-09-24 23:04:49.239385-05:00,2978649,16010,Jalen Tolbert,MIA,KC,anytd,fanduel,,,,900,True,rotowire
20260925T040447Z,2026-09-24 23:04:49.239385-05:00,2978649,16010,Jalen Tolbert,MIA,KC,anytd,caesars,,,,850,True,rotowire
20260925T040447Z,2026-09-24 23:04:49.239385-05:00,2978666,18641,Chimere Dike,TEN,@NYG,anytd,draftkings,,,,1100,True,rotowire
20260925T040447Z,2026-09-24 23:04:49.239385-05:00,2978666,18641,Chimere Dike,TEN,@NYG,anytd,fanduel,,,,1100,True,rotowire
20260925T040447Z,2026-09-24 23:04:49.239385-05:00,2978666,18641,Chimere Dike,TEN,@NYG,anytd,caesars,,,,1000,True,rotowire
20260925T040447Z,2026-09-24 23:04:49.239385-05:00,2978672,18533,Kaytron Allen,WAS,SEA,anytd,draftkings,,,,950,True,rotowire
20260925T040447Z,2026-09-24 23:04:49.239385-05:00,2978672,18533,Kaytron Allen,WAS,SEA,anytd,fanduel,,,,1000,True,rotowire
20260925T040447Z,2026-09-24 23:04:49.239385-05:00,2978672,18533,Kaytron Allen,WAS,SEA,anytd,caesars,,,,950,True,rotowire
20260925T040447Z,2026-09-24 23:04:49.239385-05:00,2978666,15921,Julius Chestnut,TEN,@NYG,anytd,draftkings,,,,900,True,rotowire
20260925T040447Z,2026-09-24 23:04:49.239385-05:00,2978666,15921,Julius Chestnut,TEN,@NYG,anytd,fanduel,,,,1300,True,rotowire
20260925T040447Z,2026-09-24 23:04:49.239385-05:00,2978666,15921,Julius Chestnut,TEN,@NYG,anytd,caesars,,,,1000,True,rotowire
20260925T040447Z,2026-09-24 23:04:49.239385-05:00,2978645,18538,Jackson Hawes,BUF,LAC,anytd,draftkings,,,,1000,True,rotowire
20260925T040447Z,2026-09-24 23:04:49.239385-05:00,2978645,18538,Jackson Hawes,BUF,LAC,anytd,fanduel,,,,900,True,rotowire
20260925T040447Z,2026-09-24 23:04:49.239385-05:00,2978645,18538,Jackson Hawes,BUF,LAC,anytd,caesars,,,,900,True,rotowire
20260925T040447Z,2026-09-24 23:04:49.239385-05:00,2978686,16772,Roschon Johnson,CHI,PHI,anytd,draftkings,,,,1600,True,rotowire
20260925T040447Z,2026-09-24 23:04:49.239385-05:00,2978686,16772,Roschon Johnson,CHI,PHI,anytd,fanduel,,,,900,True,rotowire
20260925T040447Z,2026-09-24 23:04:49.239385-05:00,2978686,16772,Roschon Johnson,CHI,PHI,anytd,caesars,,,,1200,True,rotowire
20260925T040447Z,2026-09-24 23:04:49.239385-05:00,2978649,18550,Jalen Royals,KC,@MIA,anytd,draftkings,,,,1100,True,rotowire
20260925T040447Z,2026-09-24 23:04:49.239385-05:00,2978649,18550,Jalen Royals,KC,@MIA,anytd,fanduel,,,,900,True,rotowire
20260925T040447Z,2026-09-24 23:04:49.239385-05:00,2978649,18550,Jalen Royals,KC,@MIA,anytd,caesars,,,,1000,True,rotowire
20260925T040447Z,2026-09-24 23:04:49.239385-05:00,2978662,17748,Ja'Tavion Sanders,CAR,@CLE,anytd,draftkings,,,,1400,True,rotowire
20260925T040447Z,2026-09-24 23:04:49.239385-05:00,2978662,17748,Ja'Tavion Sanders,CAR,@CLE,anytd,fanduel,,,,900,True,rotowire
20260925T040447Z,2026-09-24 23:04:49.239385-05:00,2978662,17748,Ja'Tavion Sanders,CAR,@CLE,anytd,caesars,,,,1000,True,rotowire
20260925T040447Z,2026-09-24 23:04:49.239385-05:00,2978656,17584,Jacob Saylors,DET,NYJ,anytd,draftkings,,,,2200,True,rotowire
20260925T040447Z,2026-09-24 23:04:49.239385-05:00,2978656,17584,Jacob Saylors,DET,NYJ,anytd,fanduel,,,,2500,True,rotowire
20260925T040447Z,2026-09-24 23:04:49.239385-05:00,2978656,17584,Jacob Saylors,DET,NYJ,anytd,caesars,,,,1750,True,rotowire
20260925T040447Z,2026-09-24 23:04:49.239385-05:00,2978645,19318,Brenen Thompson,LAC,@BUF,anytd,draftkings,,,,1100,True,rotowire
20260925T040447Z,2026-09-24 23:04:49.239385-05:00,2978645,19318,Brenen Thompson,LAC,@BUF,anytd,fanduel,,,,1200,True,rotowire
20260925T040447Z,2026-09-24 23:04:49.239385-05:00,2978645,19318,Brenen Thompson,LAC,@BUF,anytd,caesars,,,,1100,True,rotowire
20260925T040447Z,2026-09-24 23:04:49.239385-05:00,2978653,19321,Josh Cameron,JAX,NE,anytd,draftkings,,,,1300,True,rotowire
20260925T040447Z,2026-09-24 23:04:49.239385-05:00,2978653,19321,Josh Cameron,JAX,NE,anytd,fanduel,,,,1100,True,rotowire
20260925T040447Z,2026-09-24 23:04:49.239385-05:00,2978653,19321,Josh Cameron,JAX,NE,anytd,caesars,,,,1100,True,rotowire
20260925T040447Z,2026-09-24 23:04:49.239385-05:00,2978678,18544,Oscar Delp,NO,LV,anytd,draftkings,,,,1400,True,rotowire
20260925T040447Z,2026-09-24 23:04:49.239385-05:00,2978678,18544,Oscar Delp,NO,LV,anytd,fanduel,,,,1400,True,rotowire
20260925T040447Z,2026-09-24 23:04:49.239385-05:00,2978678,18544,Oscar Delp,NO,LV,anytd,caesars,,,,1200,True,rotowire
20260925T040447Z,2026-09-24 23:04:49.239385-05:00,2978678,19432,Malik Benson,LV,@NO,anytd,draftkings,,,,1100,True,rotowire
20260925T040447Z,2026-09-24 23:04:49.239385-05:00,2978678,19432,Malik Benson,LV,@NO,anytd,fanduel,,,,1000,True,rotowire
20260925T040447Z,2026-09-24 23:04:49.239385-05:00,2978678,19432,Malik Benson,LV,@NO,anytd,caesars,,,,1000,True,rotowire
20260925T040447Z,2026-09-24 23:04:49.239385-05:00,2978665,18443,DJ Giddens,IND,HOU,anytd,draftkings,,,,1000,True,rotowire
20260925T040447Z,2026-09-24 23:04:49.239385-05:00,2978665,18443,DJ Giddens,IND,HOU,anytd,fanduel,,,,950,True,rotowire
20260925T040447Z,2026-09-24 23:04:49.239385-05:00,2978665,18443,DJ Giddens,IND,HOU,anytd,caesars,,,,950,True,rotowire
20260925T040447Z,2026-09-24 23:04:49.239385-05:00,2978678,15916,Connor Heyward,LV,@NO,anytd,draftkings,,,,1900,True,rotowire
20260925T040447Z,2026-09-24 23:04:49.239385-05:00,2978678,15916,Connor Heyward,LV,@NO,anytd,fanduel,,,,2200,True,rotowire
20260925T040447Z,2026-09-24 23:04:49.239385-05:00,2978678,15916,Connor Heyward,LV,@NO,anytd,caesars,,,,2000,True,rotowire
20260925T040447Z,2026-09-24 23:04:49.239385-05:00,2978672,18643,Jaylin Lane,WAS,SEA,anytd,draftkings,,,,1800,True,rotowire
20260925T040447Z,2026-09-24 23:04:49.239385-05:00,2978672,18643,Jaylin Lane,WAS,SEA,anytd,fanduel,,,,1400,True,rotowire
20260925T040447Z,2026-09-24 23:04:49.239385-05:00,2978672,18643,Jaylin Lane,WAS,SEA,anytd,caesars,,,,1500,True,rotowire
20260925T040447Z,2026-09-24 23:04:49.239385-05:00,2978672,15896,Treylon Burks,WAS,SEA,anytd,draftkings,,,,1800,True,rotowire
20260925T040447Z,2026-09-24 23:04:49.239385-05:00,2978672,15896,Treylon Burks,WAS,SEA,anytd,fanduel,,,,1400,True,rotowire
20260925T040447Z,2026-09-24 23:04:49.239385-05:00,2978672,15896,Treylon Burks,WAS,SEA,anytd,caesars,,,,1500,True,rotowire
20260925T040447Z,2026-09-24 23:04:49.239385-05:00,2978653,18889,Efton Chism,NE,@JAX,anytd,draftkings,,,,1400,True,rotowire
20260925T040447Z,2026-09-24 23:04:49.239385-05:00,2978653,18889,Efton Chism,NE,@JAX,anytd,fanduel,,,,1000,True,rotowire
20260925T040447Z,2026-09-24 23:04:49.239385-05:00,2978653,18889,Efton Chism,NE,@JAX,anytd,caesars,,,,1100,True,rotowire
20260925T040447Z,2026-09-24 23:04:49.239385-05:00,2978686,18958,Darius Cooper,PHI,@CHI,anytd,draftkings,,,,1200,True,rotowire
20260925T040447Z,2026-09-24 23:04:49.239385-05:00,2978686,18958,Darius Cooper,PHI,@CHI,anytd,fanduel,,,,1100,True,rotowire
20260925T040447Z,2026-09-24 23:04:49.239385-05:00,2978686,18958,Darius Cooper,PHI,@CHI,anytd,caesars,,,,1100,True,rotowire
20260925T040447Z,2026-09-24 23:04:49.239385-05:00,2978649,19450,Will Kacmarek,MIA,KC,anytd,draftkings,,,,1100,True,rotowire
20260925T040447Z,2026-09-24 23:04:49.239385-05:00,2978649,19450,Will Kacmarek,MIA,KC,anytd,fanduel,,,,1000,True,rotowire
20260925T040447Z,2026-09-24 23:04:49.239385-05:00,2978649,19450,Will Kacmarek,MIA,KC,anytd,caesars,,,,1000,True,rotowire
20260925T040447Z,2026-09-24 23:04:49.239385-05:00,2978658,4307,Aaron Rodgers,PIT,CIN,anytd,draftkings,,,,1500,True,rotowire
20260925T040447Z,2026-09-24 23:04:49.239385-05:00,2978658,4307,Aaron Rodgers,PIT,CIN,anytd,fanduel,,,,1000,True,rotowire
20260925T040447Z,2026-09-24 23:04:49.239385-05:00,2978658,4307,Aaron Rodgers,PIT,CIN,anytd,caesars,,,,1200,True,rotowire
20260925T040447Z,2026-09-24 23:04:49.239385-05:00,2978392,17908,Brevyn Spann-Ford,DAL,BAL,anytd,draftkings,,,,1500,True,rotowire
20260925T040447Z,2026-09-24 23:04:49.239385-05:00,2978392,17908,Brevyn Spann-Ford,DAL,BAL,anytd,fanduel,,,,1400,True,rotowire
20260925T040447Z,2026-09-24 23:04:49.239385-05:00,2978392,17908,Brevyn Spann-Ford,DAL,BAL,anytd,caesars,,,,1400,True,rotowire
20260925T040447Z,2026-09-24 23:04:49.239385-05:00,2978649,17894,Jared Wiley,KC,@MIA,anytd,draftkings,,,,1500,True,rotowire
20260925T040447Z,2026-09-24 23:04:49.239385-05:00,2978649,17894,Jared Wiley,KC,@MIA,anytd,fanduel,,,,1500,True,rotowire
20260925T040447Z,2026-09-24 23:04:49.239385-05:00,2978649,17894,Jared Wiley,KC,@MIA,anytd,caesars,,,,1500,True,rotowire
20260925T040447Z,2026-09-24 23:04:49.239385-05:00,2978678,15922,Dareke Young,LV,@NO,anytd,draftkings,,,,1100,True,rotowire
20260925T040447Z,2026-09-24 23:04:49.239385-05:00,2978678,15922,Dareke Young,LV,@NO,anytd,fanduel,,,,1000,True,rotowire
20260925T040447Z,2026-09-24 23:04:49.239385-05:00,2978678,15922,Dareke Young,LV,@NO,anytd,caesars,,,,1000,True,rotowire
20260925T040447Z,2026-09-24 23:04:49.239385-05:00,2978672,11897,Eric Saubert,SEA,@WAS,anytd,draftkings,,,,1600,True,rotowire
20260925T040447Z,2026-09-24 23:04:49.239385-05:00,2978672,11897,Eric Saubert,SEA,@WAS,anytd,fanduel,,,,1400,True,rotowire
20260925T040447Z,2026-09-24 23:04:49.239385-05:00,2978672,11897,Eric Saubert,SEA,@WAS,anytd,caesars,,,,1300,True,rotowire
20260925T040447Z,2026-09-24 23:04:49.239385-05:00,2978392,17000,Hunter Luepke,DAL,BAL,anytd,draftkings,,,,1400,True,rotowire
20260925T040447Z,2026-09-24 23:04:49.239385-05:00,2978392,17000,Hunter Luepke,DAL,BAL,anytd,fanduel,,,,1200,True,rotowire
20260925T040447Z,2026-09-24 23:04:49.239385-05:00,2978392,17000,Hunter Luepke,DAL,BAL,anytd,caesars,,,,1200,True,rotowire
20260925T040447Z,2026-09-24 23:04:49.239385-05:00,2978666,16036,Daniel Bellinger,TEN,@NYG,anytd,draftkings,,,,1800,True,rotowire
20260925T040447Z,2026-09-24 23:04:49.239385-05:00,2978666,16036,Daniel Bellinger,TEN,@NYG,anytd,fanduel,,,,1600,True,rotowire
20260925T040447Z,2026-09-24 23:04:49.239385-05:00,2978674,17010,Brayden Willis,SF,ARI,anytd,draftkings,,,,1900,True,rotowire
20260925T040447Z,2026-09-24 23:04:49.239385-05:00,2978674,17010,Brayden Willis,SF,ARI,anytd,fanduel,,,,1900,True,rotowire
20260925T040447Z,2026-09-24 23:04:49.239385-05:00,2978674,17010,Brayden Willis,SF,ARI,anytd,caesars,,,,2000,True,rotowire
20260925T040447Z,2026-09-24 23:04:49.239385-05:00,2978645,16939,Derius Davis,LAC,@BUF,anytd,draftkings,,,,2500,True,rotowire
20260925T040447Z,2026-09-24 23:04:49.239385-05:00,2978645,16939,Derius Davis,LAC,@BUF,anytd,fanduel,,,,2200,True,rotowire
20260925T040447Z,2026-09-24 23:04:49.239385-05:00,2978645,16939,Derius Davis,LAC,@BUF,anytd,caesars,,,,1900,True,rotowire
20260925T040447Z,2026-09-24 23:04:49.239385-05:00,2978678,12858,Ian Thomas,LV,@NO,anytd,draftkings,,,,1600,True,rotowire
20260925T040447Z,2026-09-24 23:04:49.239385-05:00,2978678,12858,Ian Thomas,LV,@NO,anytd,fanduel,,,,1600,True,rotowire
20260925T040447Z,2026-09-24 23:04:49.239385-05:00,2978678,12858,Ian Thomas,LV,@NO,anytd,caesars,,,,1500,True,rotowire
20260925T040447Z,2026-09-24 23:04:49.239385-05:00,2978662,17330,Brycen Tremayne,CAR,@CLE,anytd,draftkings,,,,1700,True,rotowire
20260925T040447Z,2026-09-24 23:04:49.239385-05:00,2978662,17330,Brycen Tremayne,CAR,@CLE,anytd,fanduel,,,,1100,True,rotowire
20260925T040447Z,2026-09-24 23:04:49.239385-05:00,2978662,17330,Brycen Tremayne,CAR,@CLE,anytd,caesars,,,,1300,True,rotowire
20260925T040447Z,2026-09-24 23:04:49.239385-05:00,2978645,12934,Marquez Valdes-Scantling,LAC,@BUF,anytd,draftkings,,,,1300,True,rotowire
20260925T040447Z,2026-09-24 23:04:49.239385-05:00,2978645,12934,Marquez Valdes-Scantling,LAC,@BUF,anytd,fanduel,,,,1200,True,rotowire
20260925T040447Z,2026-09-24 23:04:49.239385-05:00,2978645,12934,Marquez Valdes-Scantling,LAC,@BUF,anytd,caesars,,,,1100,True,rotowire
20260925T040447Z,2026-09-24 23:04:49.239385-05:00,2978653,19898,CJ Williams,JAX,NE,anytd,draftkings,,,,1200,True,rotowire
20260925T040447Z,2026-09-24 23:04:49.239385-05:00,2978653,19898,CJ Williams,JAX,NE,anytd,fanduel,,,,1100,True,rotowire
20260925T040447Z,2026-09-24 23:04:49.239385-05:00,2978653,19898,CJ Williams,JAX,NE,anytd,caesars,,,,1100,True,rotowire
20260925T040447Z,2026-09-24 23:04:49.239385-05:00,2978649,18542,Jake Briningstool,KC,@MIA,anytd,draftkings,,,,1600,True,rotowire
20260925T040447Z,2026-09-24 23:04:49.239385-05:00,2978649,18542,Jake Briningstool,KC,@MIA,anytd,fanduel,,,,1500,True,rotowire
20260925T040447Z,2026-09-24 23:04:49.239385-05:00,2978649,18542,Jake Briningstool,KC,@MIA,anytd,caesars,,,,1500,True,rotowire
20260925T040447Z,2026-09-24 23:04:49.239385-05:00,2978662,17130,Blake Whiteheart,CLE,CAR,anytd,draftkings,,,,2000,True,rotowire
20260925T040447Z,2026-09-24 23:04:49.239385-05:00,2978662,17130,Blake Whiteheart,CLE,CAR,anytd,fanduel,,,,1200,True,rotowire
20260925T040447Z,2026-09-24 23:04:49.239385-05:00,2978662,17130,Blake Whiteheart,CLE,CAR,anytd,caesars,,,,1400,True,rotowire
20260925T040447Z,2026-09-24 23:04:49.239385-05:00,2978665,12196,Mo Alie-Cox,IND,HOU,anytd,draftkings,,,,1300,True,rotowire
20260925T040447Z,2026-09-24 23:04:49.239385-05:00,2978665,12196,Mo Alie-Cox,IND,HOU,anytd,fanduel,,,,1300,True,rotowire
20260925T040447Z,2026-09-24 23:04:49.239385-05:00,2978665,12196,Mo Alie-Cox,IND,HOU,anytd,caesars,,,,1200,True,rotowire
20260925T040447Z,2026-09-24 23:04:49.239385-05:00,2978666,12298,Patrick Ricard,NYG,TEN,anytd,draftkings,,,,4000,True,rotowire
20260925T040447Z,2026-09-24 23:04:49.239385-05:00,2978666,12298,Patrick Ricard,NYG,TEN,anytd,fanduel,,,,4000,True,rotowire
20260925T040447Z,2026-09-24 23:04:49.239385-05:00,2978666,12298,Patrick Ricard,NYG,TEN,anytd,caesars,,,,3300,True,rotowire
20260925T040447Z,2026-09-24 23:04:49.239385-05:00,2978658,18519,Tahj Brooks,CIN,@PIT,anytd,draftkings,,,,3500,True,rotowire
20260925T040447Z,2026-09-24 23:04:49.239385-05:00,2978658,18519,Tahj Brooks,CIN,@PIT,anytd,fanduel,,,,2700,True,rotowire
20260925T040447Z,2026-09-24 23:04:49.239385-05:00,2978658,18519,Tahj Brooks,CIN,@PIT,anytd,caesars,,,,2400,True,rotowire
20260925T040447Z,2026-09-24 23:04:49.239385-05:00,2978678,8057,Kirk Cousins,LV,@NO,anytd,draftkings,,,,1800,True,rotowire
20260925T040447Z,2026-09-24 23:04:49.239385-05:00,2978678,8057,Kirk Cousins,LV,@NO,anytd,fanduel,,,,2000,True,rotowire
20260925T040447Z,2026-09-24 23:04:49.239385-05:00,2978678,8057,Kirk Cousins,LV,@NO,anytd,caesars,,,,1750,True,rotowire
20260925T040447Z,2026-09-24 23:04:49.239385-05:00,2978678,17818,Dylan Laube,LV,@NO,anytd,caesars,,,,1200,True,rotowire
20260925T040447Z,2026-09-24 23:04:49.239385-05:00,2978674,15246,Hunter Long,ARI,@SF,anytd,draftkings,,,,1500,True,rotowire
20260925T040447Z,2026-09-24 23:04:49.239385-05:00,2978674,15246,Hunter Long,ARI,@SF,anytd,fanduel,,,,1200,True,rotowire
20260925T040447Z,2026-09-24 23:04:49.239385-05:00,2978674,15246,Hunter Long,ARI,@SF,anytd,caesars,,,,1300,True,rotowire
20260925T040447Z,2026-09-24 23:04:49.239385-05:00,2978678,19336,Barion Brown,NO,LV,anytd,draftkings,,,,1400,True,rotowire
20260925T040447Z,2026-09-24 23:04:49.239385-05:00,2978678,19336,Barion Brown,NO,LV,anytd,fanduel,,,,1600,True,rotowire
20260925T040447Z,2026-09-24 23:04:49.239385-05:00,2978678,19336,Barion Brown,NO,LV,anytd,caesars,,,,1400,True,rotowire
20260925T040447Z,2026-09-24 23:04:49.239385-05:00,2978392,16937,Jonathan Mingo,DAL,BAL,anytd,draftkings,,,,2200,True,rotowire
20260925T040447Z,2026-09-24 23:04:49.239385-05:00,2978392,16937,Jonathan Mingo,DAL,BAL,anytd,fanduel,,,,2000,True,rotowire
20260925T040447Z,2026-09-24 23:04:49.239385-05:00,2978392,16937,Jonathan Mingo,DAL,BAL,anytd,caesars,,,,2000,True,rotowire
20260925T040447Z,2026-09-24 23:04:49.239385-05:00,2978666,9255,Odell Beckham,NYG,TEN,anytd,draftkings,,,,2200,True,rotowire
20260925T040447Z,2026-09-24 23:04:49.239385-05:00,2978666,9255,Odell Beckham,NYG,TEN,anytd,fanduel,,,,1800,True,rotowire
20260925T040447Z,2026-09-24 23:04:49.239385-05:00,2978666,9255,Odell Beckham,NYG,TEN,anytd,caesars,,,,1800,True,rotowire
20260925T040447Z,2026-09-24 23:04:49.239385-05:00,2978656,17057,Isaiah Davis,NYJ,@DET,anytd,draftkings,,,,1800,True,rotowire
20260925T040447Z,2026-09-24 23:04:49.239385-05:00,2978656,17057,Isaiah Davis,NYJ,@DET,anytd,fanduel,,,,1900,True,rotowire
20260925T040447Z,2026-09-24 23:04:49.239385-05:00,2978656,17057,Isaiah Davis,NYJ,@DET,anytd,caesars,,,,1700,True,rotowire
20260925T040447Z,2026-09-24 23:04:49.239385-05:00,2978653,18532,Corey Kiner,NE,@JAX,anytd,draftkings,,,,1500,True,rotowire
20260925T040447Z,2026-09-24 23:04:49.239385-05:00,2978653,18532,Corey Kiner,NE,@JAX,anytd,fanduel,,,,1800,True,rotowire
20260925T040447Z,2026-09-24 23:04:49.239385-05:00,2978653,18532,Corey Kiner,NE,@JAX,anytd,caesars,,,,1500,True,rotowire
20260925T040447Z,2026-09-24 23:04:49.239385-05:00,2978662,18502,Isaiah Bond,CLE,CAR,anytd,draftkings,,,,2200,True,rotowire
20260925T040447Z,2026-09-24 23:04:49.239385-05:00,2978662,18502,Isaiah Bond,CLE,CAR,anytd,fanduel,,,,1700,True,rotowire
20260925T040447Z,2026-09-24 23:04:49.239385-05:00,2978662,18502,Isaiah Bond,CLE,CAR,anytd,caesars,,,,1800,True,rotowire
20260925T040447Z,2026-09-24 23:04:49.239385-05:00,2978392,19426,Josh Cuevas,BAL,@DAL,anytd,draftkings,,,,2200,True,rotowire
20260925T040447Z,2026-09-24 23:04:49.239385-05:00,2978392,19426,Josh Cuevas,BAL,@DAL,anytd,fanduel,,,,1300,True,rotowire
20260925T040447Z,2026-09-24 23:04:49.239385-05:00,2978392,19426,Josh Cuevas,BAL,@DAL,anytd,caesars,,,,1600,True,rotowire
20260925T040447Z,2026-09-24 23:04:49.239385-05:00,2978642,18553,Tai Felton,MIN,@TB,anytd,draftkings,,,,1900,True,rotowire
20260925T040447Z,2026-09-24 23:04:49.239385-05:00,2978642,18553,Tai Felton,MIN,@TB,anytd,fanduel,,,,3500,True,rotowire
20260925T040447Z,2026-09-24 23:04:49.239385-05:00,2978642,18553,Tai Felton,MIN,@TB,anytd,caesars,,,,2100,True,rotowire
20260925T040447Z,2026-09-24 23:04:49.239385-05:00,2978653,15460,Quintin Morris,JAX,NE,anytd,draftkings,,,,2000,True,rotowire
20260925T040447Z,2026-09-24 23:04:49.239385-05:00,2978653,15460,Quintin Morris,JAX,NE,anytd,fanduel,,,,2200,True,rotowire
20260925T040447Z,2026-09-24 23:04:49.239385-05:00,2978653,15460,Quintin Morris,JAX,NE,anytd,caesars,,,,1800,True,rotowire
20260925T040447Z,2026-09-24 23:04:49.239385-05:00,2978642,19095,Myles Price,MIN,@TB,anytd,draftkings,,,,1400,True,rotowire
20260925T040447Z,2026-09-24 23:04:49.239385-05:00,2978642,19095,Myles Price,MIN,@TB,anytd,fanduel,,,,1400,True,rotowire
20260925T040447Z,2026-09-24 23:04:49.239385-05:00,2978642,19095,Myles Price,MIN,@TB,anytd,caesars,,,,1300,True,rotowire
20260925T040447Z,2026-09-24 23:04:49.239385-05:00,2978392,16855,Luke Schoonmaker,DAL,BAL,anytd,draftkings,,,,1600,True,rotowire
20260925T040447Z,2026-09-24 23:04:49.239385-05:00,2978392,16855,Luke Schoonmaker,DAL,BAL,anytd,fanduel,,,,1400,True,rotowire
20260925T040447Z,2026-09-24 23:04:49.239385-05:00,2978392,16855,Luke Schoonmaker,DAL,BAL,anytd,caesars,,,,1400,True,rotowire
20260925T040447Z,2026-09-24 23:04:49.239385-05:00,2978392,17026,Rasheen Ali,BAL,@DAL,anytd,draftkings,,,,2200,True,rotowire
20260925T040447Z,2026-09-24 23:04:49.239385-05:00,2978392,17026,Rasheen Ali,BAL,@DAL,anytd,fanduel,,,,2200,True,rotowire
20260925T040447Z,2026-09-24 23:04:49.239385-05:00,2978392,17026,Rasheen Ali,BAL,@DAL,anytd,caesars,,,,2200,True,rotowire
20260925T040447Z,2026-09-24 23:04:49.239385-05:00,2978642,19430,Max Bredeson,MIN,@TB,anytd,draftkings,,,,2200,True,rotowire
20260925T040447Z,2026-09-24 23:04:49.239385-05:00,2978642,19430,Max Bredeson,MIN,@TB,anytd,fanduel,,,,1900,True,rotowire
20260925T040447Z,2026-09-24 23:04:49.239385-05:00,2978642,19430,Max Bredeson,MIN,@TB,anytd,caesars,,,,2100,True,rotowire
20260925T040447Z,2026-09-24 23:04:49.239385-05:00,2978662,17777,Malachi Corley,CLE,CAR,anytd,draftkings,,,,1800,True,rotowire
20260925T040447Z,2026-09-24 23:04:49.239385-05:00,2978662,17777,Malachi Corley,CLE,CAR,anytd,fanduel,,,,1700,True,rotowire
20260925T040447Z,2026-09-24 23:04:49.239385-05:00,2978662,17777,Malachi Corley,CLE,CAR,anytd,caesars,,,,1750,True,rotowire
20260925T040447Z,2026-09-24 23:04:49.239385-05:00,2978649,20084,DJ Herman,MIA,KC,anytd,caesars,,,,1600,True,rotowire
20260925T040447Z,2026-09-24 23:04:49.239385-05:00,2978674,16959,Elijah Higgins,ARI,@SF,anytd,draftkings,,,,1400,True,rotowire
20260925T040447Z,2026-09-24 23:04:49.239385-05:00,2978674,16959,Elijah Higgins,ARI,@SF,anytd,fanduel,,,,2200,True,rotowire
20260925T040447Z,2026-09-24 23:04:49.239385-05:00,2978674,16959,Elijah Higgins,ARI,@SF,anytd,caesars,,,,1500,True,rotowire
20260925T040447Z,2026-09-24 23:04:49.239385-05:00,2978672,18968,Nick Kallerup,SEA,@WAS,anytd,draftkings,,,,1600,True,rotowire
20260925T040447Z,2026-09-24 23:04:49.239385-05:00,2978672,18968,Nick Kallerup,SEA,@WAS,anytd,fanduel,,,,1400,True,rotowire
20260925T040447Z,2026-09-24 23:04:49.239385-05:00,2978672,18968,Nick Kallerup,SEA,@WAS,anytd,caesars,,,,1400,True,rotowire
20260925T040447Z,2026-09-24 23:04:49.239385-05:00,2978662,15310,Tylan Wallace,CLE,CAR,anytd,draftkings,,,,1800,True,rotowire
20260925T040447Z,2026-09-24 23:04:49.239385-05:00,2978662,15310,Tylan Wallace,CLE,CAR,anytd,fanduel,,,,1500,True,rotowire
20260925T040447Z,2026-09-24 23:04:49.239385-05:00,2978662,15310,Tylan Wallace,CLE,CAR,anytd,caesars,,,,1500,True,rotowire
20260925T040447Z,2026-09-24 23:04:49.239385-05:00,2978658,19340,Kaden Wetjen,PIT,CIN,anytd,draftkings,,,,3000,True,rotowire
20260925T040447Z,2026-09-24 23:04:49.239385-05:00,2978658,19340,Kaden Wetjen,PIT,CIN,anytd,fanduel,,,,2000,True,rotowire
20260925T040447Z,2026-09-24 23:04:49.239385-05:00,2978658,19340,Kaden Wetjen,PIT,CIN,anytd,caesars,,,,2100,True,rotowire
20260925T040447Z,2026-09-24 23:04:49.239385-05:00,2978649,19631,Cyrus Allen,KC,@MIA,anytd,draftkings,,,,1900,True,rotowire
20260925T040447Z,2026-09-24 23:04:49.239385-05:00,2978649,19631,Cyrus Allen,KC,@MIA,anytd,fanduel,,,,2200,True,rotowire
20260925T040447Z,2026-09-24 23:04:49.239385-05:00,2978649,19631,Cyrus Allen,KC,@MIA,anytd,caesars,,,,2000,True,rotowire
20260925T040447Z,2026-09-24 23:04:49.239385-05:00,2978686,16337,Britain Covey,PHI,@CHI,anytd,draftkings,,,,1500,True,rotowire
20260925T040447Z,2026-09-24 23:04:49.239385-05:00,2978686,16337,Britain Covey,PHI,@CHI,anytd,fanduel,,,,2200,True,rotowire
20260925T040447Z,2026-09-24 23:04:49.239385-05:00,2978686,16337,Britain Covey,PHI,@CHI,anytd,caesars,,,,1700,True,rotowire
20260925T040447Z,2026-09-24 23:04:49.239385-05:00,2978656,10729,Jared Goff,DET,NYJ,anytd,draftkings,,,,1600,True,rotowire
20260925T040447Z,2026-09-24 23:04:49.239385-05:00,2978656,10729,Jared Goff,DET,NYJ,anytd,fanduel,,,,1700,True,rotowire
20260925T040447Z,2026-09-24 23:04:49.239385-05:00,2978656,10729,Jared Goff,DET,NYJ,anytd,caesars,,,,1500,True,rotowire
20260925T040447Z,2026-09-24 23:04:49.239385-05:00,2978656,14246,Tom Kennedy,DET,NYJ,anytd,draftkings,,,,1700,True,rotowire
20260925T040447Z,2026-09-24 23:04:49.239385-05:00,2978656,14246,Tom Kennedy,DET,NYJ,anytd,fanduel,,,,1500,True,rotowire
20260925T040447Z,2026-09-24 23:04:49.239385-05:00,2978656,14246,Tom Kennedy,DET,NYJ,anytd,caesars,,,,1600,True,rotowire
20260925T040447Z,2026-09-24 23:04:49.239385-05:00,2978656,15918,Tay Martin,DET,NYJ,anytd,draftkings,,,,2200,True,rotowire
20260925T040447Z,2026-09-24 23:04:49.239385-05:00,2978656,15918,Tay Martin,DET,NYJ,anytd,fanduel,,,,1500,True,rotowire
20260925T040447Z,2026-09-24 23:04:49.239385-05:00,2978656,15918,Tay Martin,DET,NYJ,anytd,caesars,,,,1800,True,rotowire
20260925T040447Z,2026-09-24 23:04:49.239385-05:00,2978656,18480,Jackson Meeks,DET,NYJ,anytd,draftkings,,,,1600,True,rotowire
20260925T040447Z,2026-09-24 23:04:49.239385-05:00,2978656,18480,Jackson Meeks,DET,NYJ,anytd,fanduel,,,,1600,True,rotowire
20260925T040447Z,2026-09-24 23:04:49.239385-05:00,2978656,18480,Jackson Meeks,DET,NYJ,anytd,caesars,,,,1500,True,rotowire
20260925T040447Z,2026-09-24 23:04:49.239385-05:00,2978686,15280,Elijah Moore,PHI,@CHI,anytd,draftkings,,,,1700,True,rotowire
20260925T040447Z,2026-09-24 23:04:49.239385-05:00,2978686,15280,Elijah Moore,PHI,@CHI,anytd,fanduel,,,,1500,True,rotowire
20260925T040447Z,2026-09-24 23:04:49.239385-05:00,2978686,15280,Elijah Moore,PHI,@CHI,anytd,caesars,,,,1500,True,rotowire
20260925T040447Z,2026-09-24 23:04:49.239385-05:00,2978665,16277,Drew Ogletree,IND,HOU,anytd,draftkings,,,,1800,True,rotowire
20260925T040447Z,2026-09-24 23:04:49.239385-05:00,2978665,16277,Drew Ogletree,IND,HOU,anytd,fanduel,,,,1500,True,rotowire
20260925T040447Z,2026-09-24 23:04:49.239385-05:00,2978665,16277,Drew Ogletree,IND,HOU,anytd,caesars,,,,1600,True,rotowire
20260925T040447Z,2026-09-24 23:04:49.239385-05:00,2978665,17794,Cade Stover,HOU,@IND,anytd,draftkings,,,,1900,True,rotowire
20260925T040447Z,2026-09-24 23:04:49.239385-05:00,2978665,17794,Cade Stover,HOU,@IND,anytd,fanduel,,,,1600,True,rotowire
20260925T040447Z,2026-09-24 23:04:49.239385-05:00,2978665,17794,Cade Stover,HOU,@IND,anytd,caesars,,,,1500,True,rotowire
20260925T040447Z,2026-09-24 23:04:49.239385-05:00,2978656,15821,Jelani Woods,NYJ,@DET,anytd,draftkings,,,,1500,True,rotowire
20260925T040447Z,2026-09-24 23:04:49.239385-05:00,2978656,15821,Jelani Woods,NYJ,@DET,anytd,fanduel,,,,1700,True,rotowire
20260925T040447Z,2026-09-24 23:04:49.239385-05:00,2978656,15821,Jelani Woods,NYJ,@DET,anytd,caesars,,,,1600,True,rotowire
20260925T040447Z,2026-09-24 23:04:49.239385-05:00,2978683,19363,Dallen Bentley,DEN,LAR,anytd,draftkings,,,,1600,True,rotowire
20260925T040447Z,2026-09-24 23:04:49.239385-05:00,2978683,19363,Dallen Bentley,DEN,LAR,anytd,fanduel,,,,1700,True,rotowire
20260925T040447Z,2026-09-24 23:04:49.239385-05:00,2978683,19363,Dallen Bentley,DEN,LAR,anytd,caesars,,,,1600,True,rotowire
20260925T040447Z,2026-09-24 23:04:49.239385-05:00,2978656,12809,Tyler Conklin,DET,NYJ,anytd,draftkings,,,,2000,True,rotowire
20260925T040447Z,2026-09-24 23:04:49.239385-05:00,2978656,12809,Tyler Conklin,DET,NYJ,anytd,fanduel,,,,1600,True,rotowire
20260925T040447Z,2026-09-24 23:04:49.239385-05:00,2978656,12809,Tyler Conklin,DET,NYJ,anytd,caesars,,,,1600,True,rotowire
20260925T040447Z,2026-09-24 23:04:49.239385-05:00,2978658,19258,Jack Endries,CIN,@PIT,anytd,draftkings,,,,3500,True,rotowire
20260925T040447Z,2026-09-24 23:04:49.239385-05:00,2978658,19258,Jack Endries,CIN,@PIT,anytd,fanduel,,,,3000,True,rotowire
20260925T040447Z,2026-09-24 23:04:49.239385-05:00,2978658,19258,Jack Endries,CIN,@PIT,anytd,caesars,,,,3000,True,rotowire
20260925T040447Z,2026-09-24 23:04:49.239385-05:00,2978653,14844,Reggie Gilliam,NE,@JAX,anytd,draftkings,,,,3000,True,rotowire
20260925T040447Z,2026-09-24 23:04:49.239385-05:00,2978653,14844,Reggie Gilliam,NE,@JAX,anytd,fanduel,,,,1600,True,rotowire
20260925T040447Z,2026-09-24 23:04:49.239385-05:00,2978653,14844,Reggie Gilliam,NE,@JAX,anytd,caesars,,,,1800,True,rotowire
20260925T040447Z,2026-09-24 23:04:49.239385-05:00,2978665,19352,Marlin Klein,HOU,@IND,anytd,draftkings,,,,2200,True,rotowire
20260925T040447Z,2026-09-24 23:04:49.239385-05:00,2978665,19352,Marlin Klein,HOU,@IND,anytd,fanduel,,,,2200,True,rotowire
20260925T040447Z,2026-09-24 23:04:49.239385-05:00,2978665,19352,Marlin Klein,HOU,@IND,anytd,caesars,,,,2000,True,rotowire
20260925T040447Z,2026-09-24 23:04:49.239385-05:00,2978672,17820,Luke McCaffrey,WAS,SEA,anytd,draftkings,,,,2200,True,rotowire
20260925T040447Z,2026-09-24 23:04:49.239385-05:00,2978672,17820,Luke McCaffrey,WAS,SEA,anytd,fanduel,,,,1600,True,rotowire
20260925T040447Z,2026-09-24 23:04:49.239385-05:00,2978672,17820,Luke McCaffrey,WAS,SEA,anytd,caesars,,,,1600,True,rotowire
20260925T040447Z,2026-09-24 23:04:49.239385-05:00,2978649,17271,Ryan Miller,MIA,KC,anytd,draftkings,,,,1800,True,rotowire
20260925T040447Z,2026-09-24 23:04:49.239385-05:00,2978649,17271,Ryan Miller,MIA,KC,anytd,fanduel,,,,1600,True,rotowire
20260925T040447Z,2026-09-24 23:04:49.239385-05:00,2978649,17271,Ryan Miller,MIA,KC,anytd,caesars,,,,1700,True,rotowire
20260925T040447Z,2026-09-24 23:04:49.239385-05:00,2978672,18160,Colson Yankoff,WAS,SEA,anytd,draftkings,,,,2500,True,rotowire
20260925T040447Z,2026-09-24 23:04:49.239385-05:00,2978672,18160,Colson Yankoff,WAS,SEA,anytd,fanduel,,,,1600,True,rotowire
20260925T040447Z,2026-09-24 23:04:49.239385-05:00,2978672,18160,Colson Yankoff,WAS,SEA,anytd,caesars,,,,1750,True,rotowire
20260925T040447Z,2026-09-24 23:04:49.239385-05:00,2978683,16992,Nate Adkins,DEN,LAR,anytd,draftkings,,,,2500,True,rotowire
20260925T040447Z,2026-09-24 23:04:49.239385-05:00,2978683,16992,Nate Adkins,DEN,LAR,anytd,fanduel,,,,2000,True,rotowire
20260925T040447Z,2026-09-24 23:04:49.239385-05:00,2978683,16992,Nate Adkins,DEN,LAR,anytd,caesars,,,,2000,True,rotowire
20260925T040447Z,2026-09-24 23:04:49.239385-05:00,2978686,17218,E.J. Jenkins,PHI,@CHI,anytd,draftkings,,,,2000,True,rotowire
20260925T040447Z,2026-09-24 23:04:49.239385-05:00,2978686,17218,E.J. Jenkins,PHI,@CHI,anytd,fanduel,,,,2200,True,rotowire
20260925T040447Z,2026-09-24 23:04:49.239385-05:00,2978686,17218,E.J. Jenkins,PHI,@CHI,anytd,caesars,,,,2000,True,rotowire
20260925T040447Z,2026-09-24 23:04:49.239385-05:00,2978645,13806,Alec Ingold,LAC,@BUF,anytd,draftkings,,,,2000,True,rotowire
20260925T040447Z,2026-09-24 23:04:49.239385-05:00,2978645,13806,Alec Ingold,LAC,@BUF,anytd,fanduel,,,,1900,True,rotowire
20260925T040447Z,2026-09-24 23:04:49.239385-05:00,2978645,13806,Alec Ingold,LAC,@BUF,anytd,caesars,,,,1750,True,rotowire
20260925T040447Z,2026-09-24 23:04:49.239385-05:00,2978649,16744,Nikko Remigio,KC,@MIA,anytd,draftkings,,,,1800,True,rotowire
20260925T040447Z,2026-09-24 23:04:49.239385-05:00,2978649,16744,Nikko Remigio,KC,@MIA,anytd,fanduel,,,,1700,True,rotowire
20260925T040447Z,2026-09-24 23:04:49.239385-05:00,2978649,16744,Nikko Remigio,KC,@MIA,anytd,caesars,,,,1700,True,rotowire
20260925T040447Z,2026-09-24 23:04:49.239385-05:00,2978683,5971,Matthew Stafford,LAR,@DEN,anytd,draftkings,,,,2000,,rotowire
20260925T040447Z,2026-09-24 23:04:49.239385-05:00,2978683,5971,Matthew Stafford,LAR,@DEN,anytd,fanduel,,,,2200,,rotowire
20260925T040447Z,2026-09-24 23:04:49.239385-05:00,2978683,5971,Matthew Stafford,LAR,@DEN,anytd,caesars,,,,2000,,rotowire
20260925T040447Z,2026-09-24 23:04:49.239385-05:00,2978686,18938,Jahdae Walker,CHI,PHI,anytd,draftkings,,,,2200,True,rotowire
20260925T040447Z,2026-09-24 23:04:49.239385-05:00,2978686,18938,Jahdae Walker,CHI,PHI,anytd,fanduel,,,,2200,True,rotowire
20260925T040447Z,2026-09-24 23:04:49.239385-05:00,2978686,18938,Jahdae Walker,CHI,PHI,anytd,caesars,,,,2000,True,rotowire
20260925T040447Z,2026-09-24 23:04:49.239385-05:00,2978662,19608,Carsen Ryan,CLE,CAR,anytd,draftkings,,,,4000,True,rotowire
20260925T040447Z,2026-09-24 23:04:49.239385-05:00,2978662,19608,Carsen Ryan,CLE,CAR,anytd,fanduel,,,,3500,True,rotowire
20260925T040447Z,2026-09-24 23:04:49.239385-05:00,2978662,19608,Carsen Ryan,CLE,CAR,anytd,caesars,,,,3300,True,rotowire
20260925T040447Z,2026-09-24 23:04:49.239385-05:00,2978656,19668,Malik McClain,NYJ,@DET,anytd,draftkings,,,,1800,True,rotowire
20260925T040447Z,2026-09-24 23:04:49.239385-05:00,2978656,19668,Malik McClain,NYJ,@DET,anytd,fanduel,,,,2700,True,rotowire
20260925T040447Z,2026-09-24 23:04:49.239385-05:00,2978656,19668,Malik McClain,NYJ,@DET,anytd,caesars,,,,2100,True,rotowire
20260925T040447Z,2026-09-24 23:04:49.239385-05:00,2978392,19989,Camden Brown,DAL,BAL,anytd,draftkings,,,,2500,True,rotowire
20260925T040447Z,2026-09-24 23:04:49.239385-05:00,2978392,19989,Camden Brown,DAL,BAL,anytd,fanduel,,,,2000,True,rotowire
20260925T040447Z,2026-09-24 23:04:49.239385-05:00,2978392,19989,Camden Brown,DAL,BAL,anytd,caesars,,,,2100,True,rotowire
20260925T040447Z,2026-09-24 23:04:49.239385-05:00,2978672,17235,Brady Russell,SEA,@WAS,anytd,draftkings,,,,3500,True,rotowire
20260925T040447Z,2026-09-24 23:04:49.239385-05:00,2978672,17235,Brady Russell,SEA,@WAS,anytd,fanduel,,,,2700,True,rotowire
20260925T040447Z,2026-09-24 23:04:49.239385-05:00,2978672,17235,Brady Russell,SEA,@WAS,anytd,caesars,,,,2600,True,rotowire
20260925T040447Z,2026-09-24 23:04:49.239385-05:00,2978658,15467,Ben Skowronek,PIT,CIN,anytd,draftkings,,,,2500,True,rotowire
20260925T040447Z,2026-09-24 23:04:49.239385-05:00,2978658,15467,Ben Skowronek,PIT,CIN,anytd,fanduel,,,,2000,True,rotowire
20260925T040447Z,2026-09-24 23:04:49.239385-05:00,2978658,15467,Ben Skowronek,PIT,CIN,anytd,caesars,,,,2100,True,rotowire
20260925T040447Z,2026-09-24 23:04:49.239385-05:00,2978642,16282,Ko Kieft,TB,MIN,anytd,draftkings,,,,2200,True,rotowire
20260925T040447Z,2026-09-24 23:04:49.239385-05:00,2978642,16282,Ko Kieft,TB,MIN,anytd,fanduel,,,,2500,True,rotowire
20260925T040447Z,2026-09-24 23:04:49.239385-05:00,2978642,16282,Ko Kieft,TB,MIN,anytd,caesars,,,,2200,True,rotowire
20260925T040447Z,2026-09-24 23:04:49.239385-05:00,2978642,19452,Bauer Sharp,TB,MIN,anytd,draftkings,,,,3000,True,rotowire
20260925T040447Z,2026-09-24 23:04:49.239385-05:00,2978642,19452,Bauer Sharp,TB,MIN,anytd,fanduel,,,,2500,True,rotowire
20260925T040447Z,2026-09-24 23:04:49.239385-05:00,2978642,19452,Bauer Sharp,TB,MIN,anytd,caesars,,,,2300,True,rotowire
20260925T040447Z,2026-09-24 23:04:49.239385-05:00,2978678,18263,Treyton Welch,NO,LV,anytd,draftkings,,,,2200,True,rotowire
20260925T040447Z,2026-09-24 23:04:49.239385-05:00,2978678,18263,Treyton Welch,NO,LV,anytd,fanduel,,,,1900,True,rotowire
20260925T040447Z,2026-09-24 23:04:49.239385-05:00,2978678,18263,Treyton Welch,NO,LV,anytd,caesars,,,,2000,True,rotowire
20260925T040447Z,2026-09-24 23:04:49.239385-05:00,2978674,14636,Devin Duvernay,ARI,@SF,anytd,draftkings,,,,3000,True,rotowire
20260925T040447Z,2026-09-24 23:04:49.239385-05:00,2978674,14636,Devin Duvernay,ARI,@SF,anytd,fanduel,,,,2700,True,rotowire
20260925T040447Z,2026-09-24 23:04:49.239385-05:00,2978674,14636,Devin Duvernay,ARI,@SF,anytd,caesars,,,,2500,True,rotowire
20260925T040447Z,2026-09-24 23:04:49.239385-05:00,2978665,19315,Deion Burks,IND,HOU,anytd,draftkings,,,,2200,True,rotowire
20260925T040447Z,2026-09-24 23:04:49.239385-05:00,2978665,19315,Deion Burks,IND,HOU,anytd,fanduel,,,,2200,True,rotowire
20260925T040447Z,2026-09-24 23:04:49.239385-05:00,2978665,19315,Deion Burks,IND,HOU,anytd,caesars,,,,2100,True,rotowire
20260925T040447Z,2026-09-24 23:04:49.239385-05:00,2978662,10468,Michael Burton,CLE,CAR,anytd,draftkings,,,,2500,True,rotowire
20260925T040447Z,2026-09-24 23:04:49.239385-05:00,2978662,10468,Michael Burton,CLE,CAR,anytd,fanduel,,,,4500,True,rotowire
20260925T040447Z,2026-09-24 23:04:49.239385-05:00,2978662,10468,Michael Burton,CLE,CAR,anytd,caesars,,,,2800,True,rotowire
20260925T040447Z,2026-09-24 23:04:49.239385-05:00,2978656,13713,Andrew Beck,NYJ,@DET,anytd,draftkings,,,,2200,True,rotowire
20260925T040447Z,2026-09-24 23:04:49.239385-05:00,2978656,13713,Andrew Beck,NYJ,@DET,anytd,fanduel,,,,3000,True,rotowire
20260925T040447Z,2026-09-24 23:04:49.239385-05:00,2978656,13713,Andrew Beck,NYJ,@DET,anytd,caesars,,,,2300,True,rotowire
20260925T040447Z,2026-09-24 23:04:49.239385-05:00,2978674,17185,Jalen Brooks,ARI,@SF,anytd,draftkings,,,,5000,True,rotowire
20260925T040447Z,2026-09-24 23:04:49.239385-05:00,2978674,17185,Jalen Brooks,ARI,@SF,anytd,fanduel,,,,6000,True,rotowire
20260925T040447Z,2026-09-24 23:04:49.239385-05:00,2978674,17185,Jalen Brooks,ARI,@SF,anytd,caesars,,,,4000,True,rotowire
20260925T040447Z,2026-09-24 23:04:49.239385-05:00,2978642,16720,Payne Durham,TB,MIN,anytd,draftkings,,,,2500,True,rotowire
20260925T040447Z,2026-09-24 23:04:49.239385-05:00,2978642,16720,Payne Durham,TB,MIN,anytd,fanduel,,,,2000,True,rotowire
20260925T040447Z,2026-09-24 23:04:49.239385-05:00,2978642,16720,Payne Durham,TB,MIN,anytd,caesars,,,,2200,True,rotowire
20260925T040447Z,2026-09-24 23:04:49.239385-05:00,2978683,13565,Lil'Jordan Humphrey,DEN,LAR,anytd,draftkings,,,,2200,True,rotowire
20260925T040447Z,2026-09-24 23:04:49.239385-05:00,2978683,13565,Lil'Jordan Humphrey,DEN,LAR,anytd,fanduel,,,,2000,True,rotowire
20260925T040447Z,2026-09-24 23:04:49.239385-05:00,2978683,13565,Lil'Jordan Humphrey,DEN,LAR,anytd,caesars,,,,2000,True,rotowire
20260925T040447Z,2026-09-24 23:04:49.239385-05:00,2978653,19349,Tanner Koziol,JAX,NE,anytd,draftkings,,,,2200,True,rotowire
20260925T040447Z,2026-09-24 23:04:49.239385-05:00,2978653,19349,Tanner Koziol,JAX,NE,anytd,caesars,,,,2000,True,rotowire
20260925T040447Z,2026-09-24 23:04:49.239385-05:00,2978686,19357,Sam Roush,CHI,PHI,anytd,draftkings,,,,3500,True,rotowire
20260925T040447Z,2026-09-24 23:04:49.239385-05:00,2978686,19357,Sam Roush,CHI,PHI,anytd,fanduel,,,,3000,True,rotowire
20260925T040447Z,2026-09-24 23:04:49.239385-05:00,2978686,19357,Sam Roush,CHI,PHI,anytd,caesars,,,,2600,True,rotowire
20260925T040447Z,2026-09-24 23:04:49.239385-05:00,2978683,19278,Max Klare,LAR,@DEN,anytd,draftkings,,,,2800,,rotowire
20260925T040447Z,2026-09-24 23:04:49.239385-05:00,2978683,19278,Max Klare,LAR,@DEN,anytd,fanduel,,,,2200,,rotowire
20260925T040447Z,2026-09-24 23:04:49.239385-05:00,2978683,19278,Max Klare,LAR,@DEN,anytd,caesars,,,,2100,,rotowire
20260925T040447Z,2026-09-24 23:04:49.239385-05:00,2978665,18300,British Brooks,HOU,@IND,anytd,draftkings,,,,3500,True,rotowire
20260925T040447Z,2026-09-24 23:04:49.239385-05:00,2978665,18300,British Brooks,HOU,@IND,anytd,fanduel,,,,3000,True,rotowire
20260925T040447Z,2026-09-24 23:04:49.239385-05:00,2978665,18300,British Brooks,HOU,@IND,anytd,caesars,,,,2800,True,rotowire
20260925T040447Z,2026-09-24 23:04:49.239385-05:00,2978683,19316,CJ Daniels,LAR,@DEN,anytd,draftkings,,,,3000,,rotowire
20260925T040447Z,2026-09-24 23:04:49.239385-05:00,2978683,19316,CJ Daniels,LAR,@DEN,anytd,fanduel,,,,2200,,rotowire
20260925T040447Z,2026-09-24 23:04:49.239385-05:00,2978683,19316,CJ Daniels,LAR,@DEN,anytd,caesars,,,,2200,,rotowire
20260925T040447Z,2026-09-24 23:04:49.239385-05:00,2978665,15369,Brevin Jordan,HOU,@IND,anytd,draftkings,,,,3500,True,rotowire
20260925T040447Z,2026-09-24 23:04:49.239385-05:00,2978665,15369,Brevin Jordan,HOU,@IND,anytd,fanduel,,,,2200,True,rotowire
20260925T040447Z,2026-09-24 23:04:49.239385-05:00,2978665,15369,Brevin Jordan,HOU,@IND,anytd,caesars,,,,2400,True,rotowire
20260925T040447Z,2026-09-24 23:04:49.239385-05:00,2978674,16105,Bam Knight,ARI,@SF,anytd,draftkings,,,,3000,True,rotowire
20260925T040447Z,2026-09-24 23:04:49.239385-05:00,2978674,16105,Bam Knight,ARI,@SF,anytd,fanduel,,,,3000,True,rotowire
20260925T040447Z,2026-09-24 23:04:49.239385-05:00,2978674,16105,Bam Knight,ARI,@SF,anytd,caesars,,,,2900,True,rotowire
20260925T040447Z,2026-09-24 23:04:49.239385-05:00,2978658,19451,Riley Nowakowski,PIT,CIN,anytd,draftkings,,,,3500,True,rotowire
20260925T040447Z,2026-09-24 23:04:49.239385-05:00,2978658,19451,Riley Nowakowski,PIT,CIN,anytd,fanduel,,,,2200,True,rotowire
20260925T040447Z,2026-09-24 23:04:49.239385-05:00,2978658,19451,Riley Nowakowski,PIT,CIN,anytd,caesars,,,,2600,True,rotowire
20260925T040447Z,2026-09-24 23:04:49.239385-05:00,2978658,12389,Robert Tonyan,PIT,CIN,anytd,draftkings,,,,3500,True,rotowire
20260925T040447Z,2026-09-24 23:04:49.239385-05:00,2978658,12389,Robert Tonyan,PIT,CIN,anytd,fanduel,,,,4000,True,rotowire
20260925T040447Z,2026-09-24 23:04:49.239385-05:00,2978658,12389,Robert Tonyan,PIT,CIN,anytd,caesars,,,,3300,True,rotowire
20260925T040447Z,2026-09-24 23:04:49.239385-05:00,2978649,19681,Seydou Traore,MIA,KC,anytd,draftkings,,,,2500,True,rotowire
20260925T040447Z,2026-09-24 23:04:49.239385-05:00,2978649,19681,Seydou Traore,MIA,KC,anytd,fanduel,,,,2700,True,rotowire
20260925T040447Z,2026-09-24 23:04:49.239385-05:00,2978649,19681,Seydou Traore,MIA,KC,anytd,caesars,,,,2600,True,rotowire
20260925T040447Z,2026-09-24 23:04:49.239385-05:00,2978666,15245,Kylen Granson,TEN,@NYG,anytd,caesars,,,,2300,True,rotowire
20260925T040447Z,2026-09-24 23:04:49.239385-05:00,2978662,15324,Feleipe Franks,CAR,@CLE,anytd,draftkings,,,,3500,True,rotowire
20260925T040447Z,2026-09-24 23:04:49.239385-05:00,2978662,15324,Feleipe Franks,CAR,@CLE,anytd,fanduel,,,,3000,True,rotowire
20260925T040447Z,2026-09-24 23:04:49.239385-05:00,2978662,15324,Feleipe Franks,CAR,@CLE,anytd,caesars,,,,3000,True,rotowire
20260925T040447Z,2026-09-24 23:04:49.239385-05:00,2978653,19365,Tanner Arkin,NE,@JAX,anytd,caesars,,,,2900,True,rotowire
20260925T040447Z,2026-09-24 23:04:49.239385-05:00,2978674,15559,Simi Fehoko,ARI,@SF,anytd,draftkings,,,,2500,True,rotowire
20260925T040447Z,2026-09-24 23:04:49.239385-05:00,2978674,15559,Simi Fehoko,ARI,@SF,anytd,fanduel,,,,2700,True,rotowire
20260925T040447Z,2026-09-24 23:04:49.239385-05:00,2978674,15559,Simi Fehoko,ARI,@SF,anytd,caesars,,,,2500,True,rotowire
20260925T040447Z,2026-09-24 23:04:49.239385-05:00,2978686,19259,Zavion Thomas,CHI,PHI,anytd,draftkings,,,,2500,True,rotowire
20260925T040447Z,2026-09-24 23:04:49.239385-05:00,2978686,19259,Zavion Thomas,CHI,PHI,anytd,fanduel,,,,4000,True,rotowire
20260925T040447Z,2026-09-24 23:04:49.239385-05:00,2978686,19259,Zavion Thomas,CHI,PHI,anytd,caesars,,,,2800,True,rotowire
20260925T040447Z,2026-09-24 23:04:49.239385-05:00,2978649,19276,Justin Joly,MIA,KC,anytd,draftkings,,,,2800,True,rotowire
20260925T040447Z,2026-09-24 23:04:49.239385-05:00,2978649,19276,Justin Joly,MIA,KC,anytd,fanduel,,,,2700,True,rotowire
20260925T040447Z,2026-09-24 23:04:49.239385-05:00,2978649,19276,Justin Joly,MIA,KC,anytd,caesars,,,,2700,True,rotowire
20260925T040447Z,2026-09-24 23:04:49.239385-05:00,2978642,18573,Gavin Bartholomew,MIN,@TB,anytd,draftkings,,,,2800,True,rotowire
20260925T040447Z,2026-09-24 23:04:49.239385-05:00,2978642,18573,Gavin Bartholomew,MIN,@TB,anytd,fanduel,,,,3000,True,rotowire
20260925T040447Z,2026-09-24 23:04:49.239385-05:00,2978642,18573,Gavin Bartholomew,MIN,@TB,anytd,caesars,,,,2900,True,rotowire
20260925T040447Z,2026-09-24 23:04:49.239385-05:00,2978645,18906,Keleki Latu,BUF,LAC,anytd,draftkings,,,,3000,True,rotowire
20260925T040447Z,2026-09-24 23:04:49.239385-05:00,2978645,18906,Keleki Latu,BUF,LAC,anytd,fanduel,,,,3000,True,rotowire
20260925T040447Z,2026-09-24 23:04:49.239385-05:00,2978645,18906,Keleki Latu,BUF,LAC,anytd,caesars,,,,2900,True,rotowire
20260925T040447Z,2026-09-24 23:04:49.239385-05:00,2978666,10033,Chris Manhertz,NYG,TEN,anytd,draftkings,,,,3000,True,rotowire
20260925T040447Z,2026-09-24 23:04:49.239385-05:00,2978666,10033,Chris Manhertz,NYG,TEN,anytd,fanduel,,,,4000,True,rotowire
20260925T040447Z,2026-09-24 23:04:49.239385-05:00,2978666,10033,Chris Manhertz,NYG,TEN,anytd,caesars,,,,3300,True,rotowire
20260925T040447Z,2026-09-24 23:04:49.239385-05:00,2978666,18301,David Martin-Robinson,TEN,@NYG,anytd,draftkings,,,,4000,True,rotowire
20260925T040447Z,2026-09-24 23:04:49.239385-05:00,2978666,18301,David Martin-Robinson,TEN,@NYG,anytd,fanduel,,,,3300,True,rotowire
20260925T040447Z,2026-09-24 23:04:49.239385-05:00,2978666,18301,David Martin-Robinson,TEN,@NYG,anytd,caesars,,,,3300,True,rotowire
20260925T040447Z,2026-09-24 23:04:49.239385-05:00,2978656,16808,Jahmyr Gibbs,DET,NYJ,lasttd,fanduel,,,,330,True,rotowire
20260925T040447Z,2026-09-24 23:04:49.239385-05:00,2978656,16808,Jahmyr Gibbs,DET,NYJ,lasttd,caesars,,,,305,True,rotowire
20260925T040447Z,2026-09-24 23:04:49.239385-05:00,2978674,11690,Christian McCaffrey,SF,ARI,lasttd,draftkings,,,,370,True,rotowire
20260925T040447Z,2026-09-24 23:04:49.239385-05:00,2978674,11690,Christian McCaffrey,SF,ARI,lasttd,fanduel,,,,440,True,rotowire
20260925T040447Z,2026-09-24 23:04:49.239385-05:00,2978674,11690,Christian McCaffrey,SF,ARI,lasttd,caesars,,,,390,True,rotowire
20260925T040447Z,2026-09-24 23:04:49.239385-05:00,2978665,14455,Jonathan Taylor,IND,HOU,lasttd,draftkings,,,,400,True,rotowire
20260925T040447Z,2026-09-24 23:04:49.239385-05:00,2978665,14455,Jonathan Taylor,IND,HOU,lasttd,fanduel,,,,480,True,rotowire
20260925T040447Z,2026-09-24 23:04:49.239385-05:00,2978665,14455,Jonathan Taylor,IND,HOU,lasttd,caesars,,,,425,True,rotowire
20260925T040447Z,2026-09-24 23:04:49.239385-05:00,2978649,15909,Kenneth Walker,KC,@MIA,lasttd,draftkings,,,,400,True,rotowire
20260925T040447Z,2026-09-24 23:04:49.239385-05:00,2978649,15909,Kenneth Walker,KC,@MIA,lasttd,fanduel,,,,430,True,rotowire
20260925T040447Z,2026-09-24 23:04:49.239385-05:00,2978649,15909,Kenneth Walker,KC,@MIA,lasttd,caesars,,,,425,True,rotowire
20260925T040447Z,2026-09-24 23:04:49.239385-05:00,2978392,10819,Derrick Henry,BAL,@DAL,lasttd,draftkings,,,,425,True,rotowire
20260925T040447Z,2026-09-24 23:04:49.239385-05:00,2978392,10819,Derrick Henry,BAL,@DAL,lasttd,fanduel,,,,500,True,rotowire
20260925T040447Z,2026-09-24 23:04:49.239385-05:00,2978392,10819,Derrick Henry,BAL,@DAL,lasttd,caesars,,,,475,True,rotowire
20260925T040447Z,2026-09-24 23:04:49.239385-05:00,2978686,14394,D'Andre Swift,CHI,PHI,lasttd,fanduel,,,,450,True,rotowire
20260925T040447Z,2026-09-24 23:04:49.239385-05:00,2978686,14394,D'Andre Swift,CHI,PHI,lasttd,caesars,,,,475,True,rotowire
20260925T040447Z,2026-09-24 23:04:49.239385-05:00,2978686,12507,Saquon Barkley,PHI,@CHI,lasttd,draftkings,,,,500,True,rotowire
20260925T040447Z,2026-09-24 23:04:49.239385-05:00,2978686,12507,Saquon Barkley,PHI,@CHI,lasttd,fanduel,,,,550,True,rotowire
20260925T040447Z,2026-09-24 23:04:49.239385-05:00,2978686,12507,Saquon Barkley,PHI,@CHI,lasttd,caesars,,,,525,True,rotowire
20260925T040447Z,2026-09-24 23:04:49.239385-05:00,2978658,16934,Chase Brown,CIN,@PIT,lasttd,draftkings,,,,500,True,rotowire
20260925T040447Z,2026-09-24 23:04:49.239385-05:00,2978658,16934,Chase Brown,CIN,@PIT,lasttd,fanduel,,,,550,True,rotowire
20260925T040447Z,2026-09-24 23:04:49.239385-05:00,2978658,16934,Chase Brown,CIN,@PIT,lasttd,caesars,,,,575,True,rotowire
20260925T040447Z,2026-09-24 23:04:49.239385-05:00,2978645,15876,James Cook,BUF,LAC,lasttd,draftkings,,,,500,True,rotowire
20260925T040447Z,2026-09-24 23:04:49.239385-05:00,2978645,15876,James Cook,BUF,LAC,lasttd,fanduel,,,,550,True,rotowire
20260925T040447Z,2026-09-24 23:04:49.239385-05:00,2978645,15876,James Cook,BUF,LAC,lasttd,caesars,,,,525,True,rotowire
20260925T040447Z,2026-09-24 23:04:49.239385-05:00,2978662,15242,Chuba Hubbard,CAR,@CLE,lasttd,draftkings,,,,500,True,rotowire
20260925T040447Z,2026-09-24 23:04:49.239385-05:00,2978662,15242,Chuba Hubbard,CAR,@CLE,lasttd,fanduel,,,,500,True,rotowire
20260925T040447Z,2026-09-24 23:04:49.239385-05:00,2978662,15242,Chuba Hubbard,CAR,@CLE,lasttd,caesars,,,,500,True,rotowire
20260925T040447Z,2026-09-24 23:04:49.239385-05:00,2978678,18487,Ashton Jeanty,LV,@NO,lasttd,draftkings,,,,500,True,rotowire
20260925T040447Z,2026-09-24 23:04:49.239385-05:00,2978678,18487,Ashton Jeanty,LV,@NO,lasttd,fanduel,,,,500,True,rotowire
20260925T040447Z,2026-09-24 23:04:49.239385-05:00,2978678,18487,Ashton Jeanty,LV,@NO,lasttd,caesars,,,,525,True,rotowire
20260925T040447Z,2026-09-24 23:04:49.239385-05:00,2978642,11763,Aaron Jones,MIN,@TB,lasttd,draftkings,,,,550,True,rotowire
20260925T040447Z,2026-09-24 23:04:49.239385-05:00,2978642,11763,Aaron Jones,MIN,@TB,lasttd,fanduel,,,,500,True,rotowire
20260925T040447Z,2026-09-24 23:04:49.239385-05:00,2978642,11763,Aaron Jones,MIN,@TB,lasttd,caesars,,,,525,True,rotowire
20260925T040447Z,2026-09-24 23:04:49.239385-05:00,2978666,18514,Cam Skattebo,NYG,TEN,lasttd,fanduel,,,,500,True,rotowire
20260925T040447Z,2026-09-24 23:04:49.239385-05:00,2978666,18514,Cam Skattebo,NYG,TEN,lasttd,caesars,,,,525,True,rotowire
20260925T040447Z,2026-09-24 23:04:49.239385-05:00,2978683,15807,Kyren Williams,LAR,@DEN,lasttd,draftkings,,,,500,,rotowire
20260925T040447Z,2026-09-24 23:04:49.239385-05:00,2978683,15807,Kyren Williams,LAR,@DEN,lasttd,fanduel,,,,550,,rotowire
20260925T040447Z,2026-09-24 23:04:49.239385-05:00,2978683,15807,Kyren Williams,LAR,@DEN,lasttd,caesars,,,,575,,rotowire
20260925T040447Z,2026-09-24 23:04:49.239385-05:00,2978665,13556,David Montgomery,HOU,@IND,lasttd,draftkings,,,,550,True,rotowire
20260925T040447Z,2026-09-24 23:04:49.239385-05:00,2978665,13556,David Montgomery,HOU,@IND,lasttd,fanduel,,,,550,True,rotowire
20260925T040447Z,2026-09-24 23:04:49.239385-05:00,2978665,13556,David Montgomery,HOU,@IND,lasttd,caesars,,,,575,True,rotowire
20260925T040447Z,2026-09-24 23:04:49.239385-05:00,2978666,13590,Tony Pollard,TEN,@NYG,lasttd,draftkings,,,,550,True,rotowire
20260925T040447Z,2026-09-24 23:04:49.239385-05:00,2978666,13590,Tony Pollard,TEN,@NYG,lasttd,fanduel,,,,600,True,rotowire
20260925T040447Z,2026-09-24 23:04:49.239385-05:00,2978666,13590,Tony Pollard,TEN,@NYG,lasttd,caesars,,,,625,True,rotowire
20260925T040447Z,2026-09-24 23:04:49.239385-05:00,2978672,16654,Jaxon Smith-Njigba,SEA,@WAS,lasttd,draftkings,,,,550,True,rotowire
20260925T040447Z,2026-09-24 23:04:49.239385-05:00,2978672,16654,Jaxon Smith-Njigba,SEA,@WAS,lasttd,fanduel,,,,650,True,rotowire
20260925T040447Z,2026-09-24 23:04:49.239385-05:00,2978672,16654,Jaxon Smith-Njigba,SEA,@WAS,lasttd,caesars,,,,625,True,rotowire
20260925T040447Z,2026-09-24 23:04:49.239385-05:00,2978392,15306,Javonte Williams,DAL,BAL,lasttd,draftkings,,,,550,True,rotowire
20260925T040447Z,2026-09-24 23:04:49.239385-05:00,2978392,15306,Javonte Williams,DAL,BAL,lasttd,fanduel,,,,600,True,rotowire
20260925T040447Z,2026-09-24 23:04:49.239385-05:00,2978392,15306,Javonte Williams,DAL,BAL,lasttd,caesars,,,,575,True,rotowire
20260925T040447Z,2026-09-24 23:04:49.239385-05:00,2978645,12483,Josh Allen,BUF,LAC,lasttd,draftkings,,,,600,True,rotowire
20260925T040447Z,2026-09-24 23:04:49.239385-05:00,2978645,12483,Josh Allen,BUF,LAC,lasttd,fanduel,,,,600,True,rotowire
20260925T040447Z,2026-09-24 23:04:49.239385-05:00,2978645,12483,Josh Allen,BUF,LAC,lasttd,caesars,,,,625,True,rotowire
20260925T040447Z,2026-09-24 23:04:49.239385-05:00,2978658,14657,Rico Dowdle,PIT,CIN,lasttd,draftkings,,,,600,True,rotowire
20260925T040447Z,2026-09-24 23:04:49.239385-05:00,2978658,14657,Rico Dowdle,PIT,CIN,lasttd,caesars,,,,700,True,rotowire
20260925T040447Z,2026-09-24 23:04:49.239385-05:00,2978662,18516,Quinshon Judkins,CLE,CAR,lasttd,draftkings,,,,600,True,rotowire
20260925T040447Z,2026-09-24 23:04:49.239385-05:00,2978662,18516,Quinshon Judkins,CLE,CAR,lasttd,fanduel,,,,600,True,rotowire
20260925T040447Z,2026-09-24 23:04:49.239385-05:00,2978662,18516,Quinshon Judkins,CLE,CAR,lasttd,caesars,,,,650,True,rotowire
20260925T040447Z,2026-09-24 23:04:49.239385-05:00,2978658,15984,Jaylen Warren,PIT,CIN,lasttd,draftkings,,,,600,True,rotowire
20260925T040447Z,2026-09-24 23:04:49.239385-05:00,2978658,15984,Jaylen Warren,PIT,CIN,lasttd,fanduel,,,,600,True,rotowire
20260925T040447Z,2026-09-24 23:04:49.239385-05:00,2978658,15984,Jaylen Warren,PIT,CIN,lasttd,caesars,,,,625,True,rotowire
20260925T040447Z,2026-09-24 23:04:49.239385-05:00,2978649,16661,De'Von Achane,MIA,KC,lasttd,draftkings,,,,700,True,rotowire
20260925T040447Z,2026-09-24 23:04:49.239385-05:00,2978649,16661,De'Von Achane,MIA,KC,lasttd,fanduel,,,,650,True,rotowire
20260925T040447Z,2026-09-24 23:04:49.239385-05:00,2978649,16661,De'Von Achane,MIA,KC,lasttd,caesars,,,,700,True,rotowire
20260925T040447Z,2026-09-24 23:04:49.239385-05:00,2978683,9455,Davante Adams,LAR,@DEN,lasttd,draftkings,,,,650,,rotowire
20260925T040447Z,2026-09-24 23:04:49.239385-05:00,2978683,9455,Davante Adams,LAR,@DEN,lasttd,fanduel,,,,650,,rotowire
20260925T040447Z,2026-09-24 23:04:49.239385-05:00,2978683,9455,Davante Adams,LAR,@DEN,lasttd,caesars,,,,675,,rotowire
20260925T040447Z,2026-09-24 23:04:49.239385-05:00,2978658,15183,Ja'Marr Chase,CIN,@PIT,lasttd,draftkings,,,,750,True,rotowire
20260925T040447Z,2026-09-24 23:04:49.239385-05:00,2978658,15183,Ja'Marr Chase,CIN,@PIT,lasttd,fanduel,,,,650,True,rotowire
20260925T040447Z,2026-09-24 23:04:49.239385-05:00,2978658,15183,Ja'Marr Chase,CIN,@PIT,lasttd,caesars,,,,700,True,rotowire
20260925T040447Z,2026-09-24 23:04:49.239385-05:00,2978645,18445,Omarion Hampton,LAC,@BUF,lasttd,draftkings,,,,700,True,rotowire
20260925T040447Z,2026-09-24 23:04:49.239385-05:00,2978645,18445,Omarion Hampton,LAC,@BUF,lasttd,fanduel,,,,650,True,rotowire
20260925T040447Z,2026-09-24 23:04:49.239385-05:00,2978645,18445,Omarion Hampton,LAC,@BUF,lasttd,caesars,,,,700,True,rotowire
20260925T040447Z,2026-09-24 23:04:49.239385-05:00,2978672,19299,Jadarian Price,SEA,@WAS,lasttd,draftkings,,,,700,True,rotowire
20260925T040447Z,2026-09-24 23:04:49.239385-05:00,2978672,19299,Jadarian Price,SEA,@WAS,lasttd,fanduel,,,,650,True,rotowire
20260925T040447Z,2026-09-24 23:04:49.239385-05:00,2978672,19299,Jadarian Price,SEA,@WAS,lasttd,caesars,,,,700,True,rotowire
20260925T040447Z,2026-09-24 23:04:49.239385-05:00,2978656,15332,Amon-Ra St. Brown,DET,NYJ,lasttd,fanduel,,,,700,True,rotowire
20260925T040447Z,2026-09-24 23:04:49.239385-05:00,2978656,15332,Amon-Ra St. Brown,DET,NYJ,lasttd,caesars,,,,675,True,rotowire
20260925T040447Z,2026-09-24 23:04:49.239385-05:00,2978642,17784,Bucky Irving,TB,MIN,lasttd,draftkings,,,,700,True,rotowire
20260925T040447Z,2026-09-24 23:04:49.239385-05:00,2978642,17784,Bucky Irving,TB,MIN,lasttd,fanduel,,,,750,True,rotowire
20260925T040447Z,2026-09-24 23:04:49.239385-05:00,2978642,17784,Bucky Irving,TB,MIN,lasttd,caesars,,,,750,True,rotowire
20260925T040447Z,2026-09-24 23:04:49.239385-05:00,2978683,14418,J.K. Dobbins,DEN,LAR,lasttd,draftkings,,,,750,True,rotowire
20260925T040447Z,2026-09-24 23:04:49.239385-05:00,2978683,14418,J.K. Dobbins,DEN,LAR,lasttd,fanduel,,,,750,True,rotowire
20260925T040447Z,2026-09-24 23:04:49.239385-05:00,2978683,14418,J.K. Dobbins,DEN,LAR,lasttd,caesars,,,,800,True,rotowire
20260925T040447Z,2026-09-24 23:04:49.239385-05:00,2978678,15385,Travis Etienne,NO,LV,lasttd,draftkings,,,,800,True,rotowire
20260925T040447Z,2026-09-24 23:04:49.239385-05:00,2978678,15385,Travis Etienne,NO,LV,lasttd,fanduel,,,,750,True,rotowire
20260925T040447Z,2026-09-24 23:04:49.239385-05:00,2978678,15385,Travis Etienne,NO,LV,lasttd,caesars,,,,800,True,rotowire
20260925T040447Z,2026-09-24 23:04:49.239385-05:00,2978656,15810,Breece Hall,NYJ,@DET,lasttd,fanduel,,,,750,True,rotowire
20260925T040447Z,2026-09-24 23:04:49.239385-05:00,2978656,15810,Breece Hall,NYJ,@DET,lasttd,caesars,,,,750,True,rotowire
20260925T040447Z,2026-09-24 23:04:49.239385-05:00,2978686,14416,Jalen Hurts,PHI,@CHI,lasttd,draftkings,,,,800,True,rotowire
20260925T040447Z,2026-09-24 23:04:49.239385-05:00,2978686,14416,Jalen Hurts,PHI,@CHI,lasttd,fanduel,,,,750,True,rotowire
20260925T040447Z,2026-09-24 23:04:49.239385-05:00,2978686,14416,Jalen Hurts,PHI,@CHI,lasttd,caesars,,,,800,True,rotowire
20260925T040447Z,2026-09-24 23:04:49.239385-05:00,2978642,14509,Justin Jefferson,MIN,@TB,lasttd,draftkings,,,,800,True,rotowire
20260925T040447Z,2026-09-24 23:04:49.239385-05:00,2978642,14509,Justin Jefferson,MIN,@TB,lasttd,fanduel,,,,750,True,rotowire
20260925T040447Z,2026-09-24 23:04:49.239385-05:00,2978642,14509,Justin Jefferson,MIN,@TB,lasttd,caesars,,,,800,True,rotowire
20260925T040447Z,2026-09-24 23:04:49.239385-05:00,2978678,11732,Alvin Kamara,NO,LV,lasttd,draftkings,,,,750,True,rotowire
20260925T040447Z,2026-09-24 23:04:49.239385-05:00,2978678,11732,Alvin Kamara,NO,LV,lasttd,fanduel,,,,800,True,rotowire
20260925T040447Z,2026-09-24 23:04:49.239385-05:00,2978678,11732,Alvin Kamara,NO,LV,lasttd,caesars,,,,850,True,rotowire
20260925T040447Z,2026-09-24 23:04:49.239385-05:00,2978392,14411,CeeDee Lamb,DAL,BAL,lasttd,draftkings,,,,750,True,rotowire
20260925T040447Z,2026-09-24 23:04:49.239385-05:00,2978392,14411,CeeDee Lamb,DAL,BAL,lasttd,fanduel,,,,750,True,rotowire
20260925T040447Z,2026-09-24 23:04:49.239385-05:00,2978392,14411,CeeDee Lamb,DAL,BAL,lasttd,caesars,,,,800,True,rotowire
20260925T040447Z,2026-09-24 23:04:49.239385-05:00,2978678,15895,Chris Olave,NO,LV,lasttd,draftkings,,,,750,True,rotowire
20260925T040447Z,2026-09-24 23:04:49.239385-05:00,2978678,15895,Chris Olave,NO,LV,lasttd,fanduel,,,,850,True,rotowire
20260925T040447Z,2026-09-24 23:04:49.239385-05:00,2978678,15895,Chris Olave,NO,LV,lasttd,caesars,,,,800,True,rotowire
20260925T040447Z,2026-09-24 23:04:49.239385-05:00,2978653,15372,Rhamondre Stevenson,NE,@JAX,lasttd,draftkings,,,,900,True,rotowire
20260925T040447Z,2026-09-24 23:04:49.239385-05:00,2978653,15372,Rhamondre Stevenson,NE,@JAX,lasttd,fanduel,,,,800,True,rotowire
20260925T040447Z,2026-09-24 23:04:49.239385-05:00,2978653,15372,Rhamondre Stevenson,NE,@JAX,lasttd,caesars,,,,900,True,rotowire
20260925T040447Z,2026-09-24 23:04:49.239385-05:00,2978392,12559,Mark Andrews,BAL,@DAL,lasttd,draftkings,,,,950,True,rotowire
20260925T040447Z,2026-09-24 23:04:49.239385-05:00,2978392,12559,Mark Andrews,BAL,@DAL,lasttd,fanduel,,,,850,True,rotowire
20260925T040447Z,2026-09-24 23:04:49.239385-05:00,2978392,12559,Mark Andrews,BAL,@DAL,lasttd,caesars,,,,950,True,rotowire
20260925T040447Z,2026-09-24 23:04:49.239385-05:00,2978649,16963,Rashee Rice,KC,@MIA,lasttd,draftkings,,,,1000,True,rotowire
20260925T040447Z,2026-09-24 23:04:49.239385-05:00,2978649,16963,Rashee Rice,KC,@MIA,lasttd,fanduel,,,,850,True,rotowire
20260925T040447Z,2026-09-24 23:04:49.239385-05:00,2978649,16963,Rashee Rice,KC,@MIA,lasttd,caesars,,,,950,True,rotowire
20260925T040447Z,2026-09-24 23:04:49.239385-05:00,2978672,17593,Emanuel Wilson,SEA,@WAS,lasttd,draftkings,,,,850,True,rotowire
20260925T040447Z,2026-09-24 23:04:49.239385-05:00,2978672,17593,Emanuel Wilson,SEA,@WAS,lasttd,fanduel,,,,950,True,rotowire
20260925T040447Z,2026-09-24 23:04:49.239385-05:00,2978672,17593,Emanuel Wilson,SEA,@WAS,lasttd,caesars,,,,1000,True,rotowire
20260925T040447Z,2026-09-24 23:04:49.239385-05:00,2978678,17693,Brock Bowers,LV,@NO,lasttd,draftkings,,,,900,True,rotowire
20260925T040447Z,2026-09-24 23:04:49.239385-05:00,2978678,17693,Brock Bowers,LV,@NO,lasttd,fanduel,,,,950,True,rotowire
20260925T040447Z,2026-09-24 23:04:49.239385-05:00,2978678,17693,Brock Bowers,LV,@NO,lasttd,caesars,,,,1000,True,rotowire
20260925T040447Z,2026-09-24 23:04:49.239385-05:00,2978658,14506,Tee Higgins,CIN,@PIT,lasttd,draftkings,,,,900,True,rotowire
20260925T040447Z,2026-09-24 23:04:49.239385-05:00,2978658,14506,Tee Higgins,CIN,@PIT,lasttd,fanduel,,,,900,True,rotowire
20260925T040447Z,2026-09-24 23:04:49.239385-05:00,2978658,14506,Tee Higgins,CIN,@PIT,lasttd,caesars,,,,950,True,rotowire
20260925T040447Z,2026-09-24 23:04:49.239385-05:00,2978674,19235,Jeremiyah Love,ARI,@SF,lasttd,draftkings,,,,900,True,rotowire
20260925T040447Z,2026-09-24 23:04:49.239385-05:00,2978674,19235,Jeremiyah Love,ARI,@SF,lasttd,fanduel,,,,900,True,rotowire
20260925T040447Z,2026-09-24 23:04:49.239385-05:00,2978674,19235,Jeremiyah Love,ARI,@SF,lasttd,caesars,,,,950,True,rotowire
20260925T040447Z,2026-09-24 23:04:49.239385-05:00,2978674,15902,Trey McBride,ARI,@SF,lasttd,draftkings,,,,900,True,rotowire
20260925T040447Z,2026-09-24 23:04:49.239385-05:00,2978674,15902,Trey McBride,ARI,@SF,lasttd,fanduel,,,,900,True,rotowire
20260925T040447Z,2026-09-24 23:04:49.239385-05:00,2978674,15902,Trey McBride,ARI,@SF,lasttd,caesars,,,,1000,True,rotowire
20260925T040447Z,2026-09-24 23:04:49.239385-05:00,2978662,18547,Tetairoa McMillan,CAR,@CLE,lasttd,draftkings,,,,900,True,rotowire
20260925T040447Z,2026-09-24 23:04:49.239385-05:00,2978662,18547,Tetairoa McMillan,CAR,@CLE,lasttd,fanduel,,,,900,True,rotowire
20260925T040447Z,2026-09-24 23:04:49.239385-05:00,2978662,18547,Tetairoa McMillan,CAR,@CLE,lasttd,caesars,,,,950,True,rotowire
20260925T040447Z,2026-09-24 23:04:49.239385-05:00,2978658,13424,DK Metcalf,PIT,CIN,lasttd,draftkings,,,,1000,True,rotowire
20260925T040447Z,2026-09-24 23:04:49.239385-05:00,2978658,13424,DK Metcalf,PIT,CIN,lasttd,fanduel,,,,900,True,rotowire
20260925T040447Z,2026-09-24 23:04:49.239385-05:00,2978658,13424,DK Metcalf,PIT,CIN,lasttd,caesars,,,,1000,True,rotowire
20260925T040447Z,2026-09-24 23:04:49.239385-05:00,2978666,17704,Malik Nabers,NYG,TEN,lasttd,fanduel,,,,900,True,rotowire
20260925T040447Z,2026-09-24 23:04:49.239385-05:00,2978666,17704,Malik Nabers,NYG,TEN,lasttd,caesars,,,,1000,True,rotowire
20260925T040447Z,2026-09-24 23:04:49.239385-05:00,2978686,15406,DeVonta Smith,PHI,@CHI,lasttd,draftkings,,,,900,True,rotowire
20260925T040447Z,2026-09-24 23:04:49.239385-05:00,2978686,15406,DeVonta Smith,PHI,@CHI,lasttd,fanduel,,,,900,True,rotowire
20260925T040447Z,2026-09-24 23:04:49.239385-05:00,2978686,15406,DeVonta Smith,PHI,@CHI,lasttd,caesars,,,,950,True,rotowire
20260925T040447Z,2026-09-24 23:04:49.239385-05:00,2978653,18524,Bhayshul Tuten,JAX,NE,lasttd,draftkings,,,,900,True,rotowire
20260925T040447Z,2026-09-24 23:04:49.239385-05:00,2978653,18524,Bhayshul Tuten,JAX,NE,lasttd,fanduel,,,,900,True,rotowire
20260925T040447Z,2026-09-24 23:04:49.239385-05:00,2978653,18524,Bhayshul Tuten,JAX,NE,lasttd,caesars,,,,900,True,rotowire
20260925T040447Z,2026-09-24 23:04:49.239385-05:00,2978653,16690,Parker Washington,JAX,NE,lasttd,draftkings,,,,900,True,rotowire
20260925T040447Z,2026-09-24 23:04:49.239385-05:00,2978653,16690,Parker Washington,JAX,NE,lasttd,fanduel,,,,950,True,rotowire
20260925T040447Z,2026-09-24 23:04:49.239385-05:00,2978653,16690,Parker Washington,JAX,NE,lasttd,caesars,,,,950,True,rotowire
20260925T040447Z,2026-09-24 23:04:49.239385-05:00,2978662,19298,Denzel Boston,CLE,CAR,lasttd,draftkings,,,,950,True,rotowire
20260925T040447Z,2026-09-24 23:04:49.239385-05:00,2978662,19298,Denzel Boston,CLE,CAR,lasttd,fanduel,,,,1000,True,rotowire
20260925T040447Z,2026-09-24 23:04:49.239385-05:00,2978662,19298,Denzel Boston,CLE,CAR,lasttd,caesars,,,,1000,True,rotowire
20260925T040447Z,2026-09-24 23:04:49.239385-05:00,2978653,18517,TreVeyon Henderson,NE,@JAX,lasttd,draftkings,,,,1000,True,rotowire
20260925T040447Z,2026-09-24 23:04:49.239385-05:00,2978653,18517,TreVeyon Henderson,NE,@JAX,lasttd,fanduel,,,,950,True,rotowire
20260925T040447Z,2026-09-24 23:04:49.239385-05:00,2978653,18517,TreVeyon Henderson,NE,@JAX,lasttd,caesars,,,,1000,True,rotowire
20260925T040447Z,2026-09-24 23:04:49.239385-05:00,2978649,8783,Travis Kelce,KC,@MIA,lasttd,draftkings,,,,1000,True,rotowire
20260925T040447Z,2026-09-24 23:04:49.239385-05:00,2978649,8783,Travis Kelce,KC,@MIA,lasttd,fanduel,,,,950,True,rotowire
20260925T040447Z,2026-09-24 23:04:49.239385-05:00,2978649,8783,Travis Kelce,KC,@MIA,lasttd,caesars,,,,1000,True,rotowire
20260925T040447Z,2026-09-24 23:04:49.239385-05:00,2978392,15853,George Pickens,DAL,BAL,lasttd,draftkings,,,,950,True,rotowire
20260925T040447Z,2026-09-24 23:04:49.239385-05:00,2978392,15853,George Pickens,DAL,BAL,lasttd,fanduel,,,,1000,True,rotowire
20260925T040447Z,2026-09-24 23:04:49.239385-05:00,2978392,15853,George Pickens,DAL,BAL,lasttd,caesars,,,,1000,True,rotowire
20260925T040447Z,2026-09-24 23:04:49.239385-05:00,2978665,12514,Dalton Schultz,HOU,@IND,lasttd,draftkings,,,,950,True,rotowire
20260925T040447Z,2026-09-24 23:04:49.239385-05:00,2978665,12514,Dalton Schultz,HOU,@IND,lasttd,fanduel,,,,1000,True,rotowire
20260925T040447Z,2026-09-24 23:04:49.239385-05:00,2978665,12514,Dalton Schultz,HOU,@IND,lasttd,caesars,,,,1000,True,rotowire
20260925T040447Z,2026-09-24 23:04:49.239385-05:00,2978674,15976,Tyler Allgeier,ARI,@SF,lasttd,draftkings,,,,1100,True,rotowire
20260925T040447Z,2026-09-24 23:04:49.239385-05:00,2978674,15976,Tyler Allgeier,ARI,@SF,lasttd,fanduel,,,,1000,True,rotowire
20260925T040447Z,2026-09-24 23:04:49.239385-05:00,2978674,15976,Tyler Allgeier,ARI,@SF,lasttd,caesars,,,,1000,True,rotowire
20260925T040447Z,2026-09-24 23:04:49.239385-05:00,2978392,15210,Rashod Bateman,BAL,@DAL,lasttd,draftkings,,,,1100,True,rotowire
20260925T040447Z,2026-09-24 23:04:49.239385-05:00,2978392,15210,Rashod Bateman,BAL,@DAL,lasttd,fanduel,,,,1000,True,rotowire
20260925T040447Z,2026-09-24 23:04:49.239385-05:00,2978392,15210,Rashod Bateman,BAL,@DAL,lasttd,caesars,,,,1000,True,rotowire
20260925T040447Z,2026-09-24 23:04:49.239385-05:00,2978662,17976,Jalen Coker,CAR,@CLE,lasttd,draftkings,,,,1100,True,rotowire
20260925T040447Z,2026-09-24 23:04:49.239385-05:00,2978662,17976,Jalen Coker,CAR,@CLE,lasttd,fanduel,,,,1000,True,rotowire
20260925T040447Z,2026-09-24 23:04:49.239385-05:00,2978662,17976,Jalen Coker,CAR,@CLE,lasttd,caesars,,,,1000,True,rotowire
20260925T040447Z,2026-09-24 23:04:49.239385-05:00,2978672,18811,Jacory Croskey-Merritt,WAS,SEA,lasttd,draftkings,,,,1000,True,rotowire
20260925T040447Z,2026-09-24 23:04:49.239385-05:00,2978672,18811,Jacory Croskey-Merritt,WAS,SEA,lasttd,fanduel,,,,1100,True,rotowire
20260925T040447Z,2026-09-24 23:04:49.239385-05:00,2978672,18811,Jacory Croskey-Merritt,WAS,SEA,lasttd,caesars,,,,1100,True,rotowire
20260925T040447Z,2026-09-24 23:04:49.239385-05:00,2978674,9253,Mike Evans,SF,ARI,lasttd,draftkings,,,,1000,True,rotowire
20260925T040447Z,2026-09-24 23:04:49.239385-05:00,2978674,9253,Mike Evans,SF,ARI,lasttd,fanduel,,,,1000,True,rotowire
20260925T040447Z,2026-09-24 23:04:49.239385-05:00,2978674,9253,Mike Evans,SF,ARI,lasttd,caesars,,,,1000,True,rotowire
20260925T040447Z,2026-09-24 23:04:49.239385-05:00,2978683,18497,Terrance Ferguson,LAR,@DEN,lasttd,draftkings,,,,1200,,rotowire
20260925T040447Z,2026-09-24 23:04:49.239385-05:00,2978683,18497,Terrance Ferguson,LAR,@DEN,lasttd,fanduel,,,,1000,,rotowire
20260925T040447Z,2026-09-24 23:04:49.239385-05:00,2978683,18497,Terrance Ferguson,LAR,@DEN,lasttd,caesars,,,,1100,,rotowire
20260925T040447Z,2026-09-24 23:04:49.239385-05:00,2978665,18449,Woody Marks,HOU,@IND,lasttd,draftkings,,,,1000,True,rotowire
20260925T040447Z,2026-09-24 23:04:49.239385-05:00,2978665,18449,Woody Marks,HOU,@IND,lasttd,fanduel,,,,1200,True,rotowire
20260925T040447Z,2026-09-24 23:04:49.239385-05:00,2978665,18449,Woody Marks,HOU,@IND,lasttd,caesars,,,,1100,True,rotowire
20260925T040447Z,2026-09-24 23:04:49.239385-05:00,2978645,17724,Ladd McConkey,LAC,@BUF,lasttd,draftkings,,,,1100,True,rotowire
20260925T040447Z,2026-09-24 23:04:49.239385-05:00,2978645,17724,Ladd McConkey,LAC,@BUF,lasttd,fanduel,,,,1000,True,rotowire
20260925T040447Z,2026-09-24 23:04:49.239385-05:00,2978645,17724,Ladd McConkey,LAC,@BUF,lasttd,caesars,,,,1100,True,rotowire
20260925T040447Z,2026-09-24 23:04:49.239385-05:00,2978674,13429,Deebo Samuel,SF,ARI,lasttd,draftkings,,,,1300,True,rotowire
20260925T040447Z,2026-09-24 23:04:49.239385-05:00,2978674,13429,Deebo Samuel,SF,ARI,lasttd,fanduel,,,,1000,True,rotowire
20260925T040447Z,2026-09-24 23:04:49.239385-05:00,2978674,13429,Deebo Samuel,SF,ARI,lasttd,caesars,,,,1200,True,rotowire
20260925T040447Z,2026-09-24 23:04:49.239385-05:00,2978683,15404,Jaylen Waddle,DEN,LAR,lasttd,draftkings,,,,1000,True,rotowire
20260925T040447Z,2026-09-24 23:04:49.239385-05:00,2978683,15404,Jaylen Waddle,DEN,LAR,lasttd,fanduel,,,,1000,True,rotowire
20260925T040447Z,2026-09-24 23:04:49.239385-05:00,2978683,15404,Jaylen Waddle,DEN,LAR,lasttd,caesars,,,,1000,True,rotowire
20260925T040447Z,2026-09-24 23:04:49.239385-05:00,2978665,18534,Tyler Warren,IND,HOU,lasttd,draftkings,,,,1000,True,rotowire
20260925T040447Z,2026-09-24 23:04:49.239385-05:00,2978665,18534,Tyler Warren,IND,HOU,lasttd,fanduel,,,,1000,True,rotowire
20260925T040447Z,2026-09-24 23:04:49.239385-05:00,2978665,18534,Tyler Warren,IND,HOU,lasttd,caesars,,,,1000,True,rotowire
20260925T040447Z,2026-09-24 23:04:49.239385-05:00,2978656,15849,Jameson Williams,DET,NYJ,lasttd,fanduel,,,,1100,True,rotowire
20260925T040447Z,2026-09-24 23:04:49.239385-05:00,2978656,15849,Jameson Williams,DET,NYJ,lasttd,caesars,,,,1000,True,rotowire
20260925T040447Z,2026-09-24 23:04:49.239385-05:00,2978656,15829,Garrett Wilson,NYJ,@DET,lasttd,fanduel,,,,1000,True,rotowire
20260925T040447Z,2026-09-24 23:04:49.239385-05:00,2978656,15829,Garrett Wilson,NYJ,@DET,lasttd,caesars,,,,1000,True,rotowire
20260925T040447Z,2026-09-24 23:04:49.239385-05:00,2978642,16895,Jordan Addison,MIN,@TB,lasttd,draftkings,,,,1400,True,rotowire
20260925T040447Z,2026-09-24 23:04:49.239385-05:00,2978642,16895,Jordan Addison,MIN,@TB,lasttd,fanduel,,,,1100,True,rotowire
20260925T040447Z,2026-09-24 23:04:49.239385-05:00,2978642,16895,Jordan Addison,MIN,@TB,lasttd,caesars,,,,1200,True,rotowire
20260925T040447Z,2026-09-24 23:04:49.239385-05:00,2978642,18549,Emeka Egbuka,TB,MIN,lasttd,draftkings,,,,1100,True,rotowire
20260925T040447Z,2026-09-24 23:04:49.239385-05:00,2978642,18549,Emeka Egbuka,TB,MIN,lasttd,fanduel,,,,1100,True,rotowire
20260925T040447Z,2026-09-24 23:04:49.239385-05:00,2978642,18549,Emeka Egbuka,TB,MIN,lasttd,caesars,,,,1100,True,rotowire
20260925T040447Z,2026-09-24 23:04:49.239385-05:00,2978662,18472,Harold Fannin,CLE,CAR,lasttd,draftkings,,,,1100,True,rotowire
20260925T040447Z,2026-09-24 23:04:49.239385-05:00,2978662,18472,Harold Fannin,CLE,CAR,lasttd,fanduel,,,,1100,True,rotowire
20260925T040447Z,2026-09-24 23:04:49.239385-05:00,2978662,18472,Harold Fannin,CLE,CAR,lasttd,caesars,,,,1100,True,rotowire
20260925T040447Z,2026-09-24 23:04:49.239385-05:00,2978653,10735,Hunter Henry,NE,@JAX,lasttd,draftkings,,,,1100,True,rotowire
20260925T040447Z,2026-09-24 23:04:49.239385-05:00,2978653,10735,Hunter Henry,NE,@JAX,lasttd,fanduel,,,,1100,True,rotowire
20260925T040447Z,2026-09-24 23:04:49.239385-05:00,2978653,10735,Hunter Henry,NE,@JAX,lasttd,caesars,,,,1200,True,rotowire
20260925T040447Z,2026-09-24 23:04:49.239385-05:00,2978672,17968,George Holani,SEA,@WAS,lasttd,draftkings,,,,1100,True,rotowire
20260925T040447Z,2026-09-24 23:04:49.239385-05:00,2978672,17968,George Holani,SEA,@WAS,lasttd,fanduel,,,,1500,True,rotowire
20260925T040447Z,2026-09-24 23:04:49.239385-05:00,2978672,17968,George Holani,SEA,@WAS,lasttd,caesars,,,,1300,True,rotowire
20260925T040447Z,2026-09-24 23:04:49.239385-05:00,2978674,11892,George Kittle,SF,ARI,lasttd,draftkings,,,,1200,True,rotowire
20260925T040447Z,2026-09-24 23:04:49.239385-05:00,2978674,11892,George Kittle,SF,ARI,lasttd,fanduel,,,,1100,True,rotowire
20260925T040447Z,2026-09-24 23:04:49.239385-05:00,2978674,11892,George Kittle,SF,ARI,lasttd,caesars,,,,1100,True,rotowire
20260925T040447Z,2026-09-24 23:04:49.239385-05:00,2978645,12477,DJ Moore,BUF,LAC,lasttd,draftkings,,,,1300,True,rotowire
20260925T040447Z,2026-09-24 23:04:49.239385-05:00,2978645,12477,DJ Moore,BUF,LAC,lasttd,fanduel,,,,1100,True,rotowire
20260925T040447Z,2026-09-24 23:04:49.239385-05:00,2978645,12477,DJ Moore,BUF,LAC,lasttd,caesars,,,,1200,True,rotowire
20260925T040447Z,2026-09-24 23:04:49.239385-05:00,2978674,15834,Brock Purdy,SF,ARI,lasttd,draftkings,,,,1500,True,rotowire
20260925T040447Z,2026-09-24 23:04:49.239385-05:00,2978674,15834,Brock Purdy,SF,ARI,lasttd,fanduel,,,,1100,True,rotowire
20260925T040447Z,2026-09-24 23:04:49.239385-05:00,2978674,15834,Brock Purdy,SF,ARI,lasttd,caesars,,,,1400,True,rotowire
20260925T040447Z,2026-09-24 23:04:49.239385-05:00,2978666,16941,Tyjae Spears,TEN,@NYG,lasttd,draftkings,,,,1100,True,rotowire
20260925T040447Z,2026-09-24 23:04:49.239385-05:00,2978666,16941,Tyjae Spears,TEN,@NYG,lasttd,caesars,,,,1200,True,rotowire
20260925T040447Z,2026-09-24 23:04:49.239385-05:00,2978649,17687,Xavier Worthy,KC,@MIA,lasttd,draftkings,,,,1200,True,rotowire
20260925T040447Z,2026-09-24 23:04:49.239385-05:00,2978649,17687,Xavier Worthy,KC,@MIA,lasttd,fanduel,,,,1100,True,rotowire
20260925T040447Z,2026-09-24 23:04:49.239385-05:00,2978649,17687,Xavier Worthy,KC,@MIA,lasttd,caesars,,,,1100,True,rotowire
20260925T040447Z,2026-09-24 23:04:49.239385-05:00,2978674,19607,Kaelon Black,SF,ARI,lasttd,draftkings,,,,1200,True,rotowire
20260925T040447Z,2026-09-24 23:04:49.239385-05:00,2978674,19607,Kaelon Black,SF,ARI,lasttd,fanduel,,,,1300,True,rotowire
20260925T040447Z,2026-09-24 23:04:49.239385-05:00,2978674,19607,Kaelon Black,SF,ARI,lasttd,caesars,,,,1300,True,rotowire
20260925T040447Z,2026-09-24 23:04:49.239385-05:00,2978665,16795,Kayshon Boutte,HOU,@IND,lasttd,draftkings,,,,1300,True,rotowire
20260925T040447Z,2026-09-24 23:04:49.239385-05:00,2978665,16795,Kayshon Boutte,HOU,@IND,lasttd,fanduel,,,,1200,True,rotowire
20260925T040447Z,2026-09-24 23:04:49.239385-05:00,2978665,16795,Kayshon Boutte,HOU,@IND,lasttd,caesars,,,,1200,True,rotowire
20260925T040447Z,2026-09-24 23:04:49.239385-05:00,2978683,17690,Blake Corum,LAR,@DEN,lasttd,draftkings,,,,1300,,rotowire
20260925T040447Z,2026-09-24 23:04:49.239385-05:00,2978683,17690,Blake Corum,LAR,@DEN,lasttd,fanduel,,,,1200,,rotowire
20260925T040447Z,2026-09-24 23:04:49.239385-05:00,2978683,17690,Blake Corum,LAR,@DEN,lasttd,caesars,,,,1300,,rotowire
20260925T040447Z,2026-09-24 23:04:49.239385-05:00,2978672,10133,Stefon Diggs,WAS,SEA,lasttd,draftkings,,,,1500,True,rotowire
20260925T040447Z,2026-09-24 23:04:49.239385-05:00,2978672,10133,Stefon Diggs,WAS,SEA,lasttd,fanduel,,,,1200,True,rotowire
20260925T040447Z,2026-09-24 23:04:49.239385-05:00,2978672,10133,Stefon Diggs,WAS,SEA,lasttd,caesars,,,,1500,True,rotowire
20260925T040447Z,2026-09-24 23:04:49.239385-05:00,2978665,16689,Josh Downs,IND,HOU,lasttd,draftkings,,,,1300,True,rotowire
20260925T040447Z,2026-09-24 23:04:49.239385-05:00,2978665,16689,Josh Downs,IND,HOU,lasttd,fanduel,,,,1200,True,rotowire
20260925T040447Z,2026-09-24 23:04:49.239385-05:00,2978665,16689,Josh Downs,IND,HOU,lasttd,caesars,,,,1300,True,rotowire
20260925T040447Z,2026-09-24 23:04:49.239385-05:00,2978642,15222,Kenny Gainwell,TB,MIN,lasttd,draftkings,,,,1300,True,rotowire
20260925T040447Z,2026-09-24 23:04:49.239385-05:00,2978642,15222,Kenny Gainwell,TB,MIN,lasttd,fanduel,,,,1200,True,rotowire
20260925T040447Z,2026-09-24 23:04:49.239385-05:00,2978642,15222,Kenny Gainwell,TB,MIN,lasttd,caesars,,,,1300,True,rotowire
20260925T040447Z,2026-09-24 23:04:49.239385-05:00,2978392,12561,Lamar Jackson,BAL,@DAL,lasttd,draftkings,,,,1200,True,rotowire
20260925T040447Z,2026-09-24 23:04:49.239385-05:00,2978392,12561,Lamar Jackson,BAL,@DAL,lasttd,fanduel,,,,1300,True,rotowire
20260925T040447Z,2026-09-24 23:04:49.239385-05:00,2978392,12561,Lamar Jackson,BAL,@DAL,lasttd,caesars,,,,1300,True,rotowire
20260925T040447Z,2026-09-24 23:04:49.239385-05:00,2978649,19240,Emmett Johnson,KC,@MIA,lasttd,draftkings,,,,1200,True,rotowire
20260925T040447Z,2026-09-24 23:04:49.239385-05:00,2978649,19240,Emmett Johnson,KC,@MIA,lasttd,fanduel,,,,1600,True,rotowire
20260925T040447Z,2026-09-24 23:04:49.239385-05:00,2978649,19240,Emmett Johnson,KC,@MIA,lasttd,caesars,,,,1600,True,rotowire
20260925T040447Z,2026-09-24 23:04:49.239385-05:00,2978656,17033,Sam LaPorta,DET,NYJ,lasttd,fanduel,,,,1200,True,rotowire
20260925T040447Z,2026-09-24 23:04:49.239385-05:00,2978656,17033,Sam LaPorta,DET,NYJ,lasttd,caesars,,,,1200,True,rotowire
20260925T040447Z,2026-09-24 23:04:49.239385-05:00,2978666,16033,Isaiah Likely,NYG,TEN,lasttd,draftkings,,,,1200,True,rotowire
20260925T040447Z,2026-09-24 23:04:49.239385-05:00,2978666,16033,Isaiah Likely,NYG,TEN,lasttd,fanduel,,,,1200,True,rotowire
20260925T040447Z,2026-09-24 23:04:49.239385-05:00,2978666,16033,Isaiah Likely,NYG,TEN,lasttd,caesars,,,,1200,True,rotowire
20260925T040447Z,2026-09-24 23:04:49.239385-05:00,2978686,18460,Colston Loveland,CHI,PHI,lasttd,fanduel,,,,1200,True,rotowire
20260925T040447Z,2026-09-24 23:04:49.239385-05:00,2978686,18460,Colston Loveland,CHI,PHI,lasttd,caesars,,,,1400,True,rotowire
20260925T040447Z,2026-09-24 23:04:49.239385-05:00,2978672,13536,Terry McLaurin,WAS,SEA,lasttd,draftkings,,,,1400,True,rotowire
20260925T040447Z,2026-09-24 23:04:49.239385-05:00,2978672,13536,Terry McLaurin,WAS,SEA,lasttd,fanduel,,,,1200,True,rotowire
20260925T040447Z,2026-09-24 23:04:49.239385-05:00,2978672,13536,Terry McLaurin,WAS,SEA,lasttd,caesars,,,,1300,True,rotowire
20260925T040447Z,2026-09-24 23:04:49.239385-05:00,2978653,13517,Jakobi Meyers,JAX,NE,lasttd,draftkings,,,,1200,True,rotowire
20260925T040447Z,2026-09-24 23:04:49.239385-05:00,2978653,13517,Jakobi Meyers,JAX,NE,lasttd,fanduel,,,,1200,True,rotowire
20260925T040447Z,2026-09-24 23:04:49.239385-05:00,2978653,16933,Chris Rodriguez,JAX,NE,lasttd,draftkings,,,,1300,True,rotowire
20260925T040447Z,2026-09-24 23:04:49.239385-05:00,2978653,16933,Chris Rodriguez,JAX,NE,lasttd,fanduel,,,,1200,True,rotowire
20260925T040447Z,2026-09-24 23:04:49.239385-05:00,2978653,16933,Chris Rodriguez,JAX,NE,lasttd,caesars,,,,1300,True,rotowire
20260925T040447Z,2026-09-24 23:04:49.239385-05:00,2978683,12586,Courtland Sutton,DEN,LAR,lasttd,draftkings,,,,1200,True,rotowire
20260925T040447Z,2026-09-24 23:04:49.239385-05:00,2978683,12586,Courtland Sutton,DEN,LAR,lasttd,fanduel,,,,1200,True,rotowire
20260925T040447Z,2026-09-24 23:04:49.239385-05:00,2978683,12586,Courtland Sutton,DEN,LAR,lasttd,caesars,,,,1200,True,rotowire
20260925T040447Z,2026-09-24 23:04:49.239385-05:00,2978666,19268,Carnell Tate,TEN,@NYG,lasttd,draftkings,,,,1300,True,rotowire
20260925T040447Z,2026-09-24 23:04:49.239385-05:00,2978666,19268,Carnell Tate,TEN,@NYG,lasttd,fanduel,,,,1200,True,rotowire
20260925T040447Z,2026-09-24 23:04:49.239385-05:00,2978666,19268,Carnell Tate,TEN,@NYG,lasttd,caesars,,,,1300,True,rotowire
20260925T040447Z,2026-09-24 23:04:49.239385-05:00,2978678,16694,Tre Tucker,LV,@NO,lasttd,draftkings,,,,1200,True,rotowire
20260925T040447Z,2026-09-24 23:04:49.239385-05:00,2978678,16694,Tre Tucker,LV,@NO,lasttd,fanduel,,,,1300,True,rotowire
20260925T040447Z,2026-09-24 23:04:49.239385-05:00,2978678,16694,Tre Tucker,LV,@NO,lasttd,caesars,,,,1300,True,rotowire
20260925T040447Z,2026-09-24 23:04:49.239385-05:00,2978656,17702,Braelon Allen,NYJ,@DET,lasttd,fanduel,,,,1300,True,rotowire
20260925T040447Z,2026-09-24 23:04:49.239385-05:00,2978656,17702,Braelon Allen,NYJ,@DET,lasttd,caesars,,,,1500,True,rotowire
20260925T040447Z,2026-09-24 23:04:49.239385-05:00,2978686,18548,Luther Burden,CHI,PHI,lasttd,fanduel,,,,1300,True,rotowire
20260925T040447Z,2026-09-24 23:04:49.239385-05:00,2978686,18548,Luther Burden,CHI,PHI,lasttd,caesars,,,,1400,True,rotowire
20260925T040447Z,2026-09-24 23:04:49.239385-05:00,2978683,19241,Jonah Coleman,DEN,LAR,lasttd,draftkings,,,,1500,True,rotowire
20260925T040447Z,2026-09-24 23:04:49.239385-05:00,2978683,19241,Jonah Coleman,DEN,LAR,lasttd,fanduel,,,,1300,True,rotowire
20260925T040447Z,2026-09-24 23:04:49.239385-05:00,2978683,19241,Jonah Coleman,DEN,LAR,lasttd,caesars,,,,1400,True,rotowire
20260925T040447Z,2026-09-24 23:04:49.239385-05:00,2978653,16027,Romeo Doubs,NE,@JAX,lasttd,draftkings,,,,1300,True,rotowire
20260925T040447Z,2026-09-24 23:04:49.239385-05:00,2978653,16027,Romeo Doubs,NE,@JAX,lasttd,fanduel,,,,1300,True,rotowire
20260925T040447Z,2026-09-24 23:04:49.239385-05:00,2978653,16027,Romeo Doubs,NE,@JAX,lasttd,caesars,,,,1300,True,rotowire
20260925T040447Z,2026-09-24 23:04:49.239385-05:00,2978392,15947,Jake Ferguson,DAL,BAL,lasttd,draftkings,,,,1700,True,rotowire
20260925T040447Z,2026-09-24 23:04:49.239385-05:00,2978392,15947,Jake Ferguson,DAL,BAL,lasttd,fanduel,,,,1300,True,rotowire
20260925T040447Z,2026-09-24 23:04:49.239385-05:00,2978392,15947,Jake Ferguson,DAL,BAL,lasttd,caesars,,,,1500,True,rotowire
20260925T040447Z,2026-09-24 23:04:49.239385-05:00,2978645,18481,Oronde Gadsden,LAC,@BUF,lasttd,draftkings,,,,1400,True,rotowire
20260925T040447Z,2026-09-24 23:04:49.239385-05:00,2978645,18481,Oronde Gadsden,LAC,@BUF,lasttd,fanduel,,,,1300,True,rotowire
20260925T040447Z,2026-09-24 23:04:49.239385-05:00,2978645,18481,Oronde Gadsden,LAC,@BUF,lasttd,caesars,,,,1400,True,rotowire
20260925T040447Z,2026-09-24 23:04:49.239385-05:00,2978683,18522,RJ Harvey,DEN,LAR,lasttd,draftkings,,,,1300,True,rotowire
20260925T040447Z,2026-09-24 23:04:49.239385-05:00,2978683,18522,RJ Harvey,DEN,LAR,lasttd,fanduel,,,,1300,True,rotowire
20260925T040447Z,2026-09-24 23:04:49.239385-05:00,2978683,18522,RJ Harvey,DEN,LAR,lasttd,caesars,,,,1300,True,rotowire
20260925T040447Z,2026-09-24 23:04:49.239385-05:00,2978683,10854,Tyler Higbee,LAR,@DEN,lasttd,draftkings,,,,2500,,rotowire
20260925T040447Z,2026-09-24 23:04:49.239385-05:00,2978683,10854,Tyler Higbee,LAR,@DEN,lasttd,fanduel,,,,1300,,rotowire
20260925T040447Z,2026-09-24 23:04:49.239385-05:00,2978683,10854,Tyler Higbee,LAR,@DEN,lasttd,caesars,,,,2000,,rotowire
20260925T040447Z,2026-09-24 23:04:49.239385-05:00,2978642,13610,T.J. Hockenson,MIN,@TB,lasttd,draftkings,,,,1300,True,rotowire
20260925T040447Z,2026-09-24 23:04:49.239385-05:00,2978642,13610,T.J. Hockenson,MIN,@TB,lasttd,fanduel,,,,1300,True,rotowire
20260925T040447Z,2026-09-24 23:04:49.239385-05:00,2978642,13610,T.J. Hockenson,MIN,@TB,lasttd,caesars,,,,1400,True,rotowire
20260925T040447Z,2026-09-24 23:04:49.239385-05:00,2978665,16932,Xavier Hutchinson,HOU,@IND,lasttd,draftkings,,,,1300,True,rotowire
20260925T040447Z,2026-09-24 23:04:49.239385-05:00,2978665,16932,Xavier Hutchinson,HOU,@IND,lasttd,fanduel,,,,1400,True,rotowire
20260925T040447Z,2026-09-24 23:04:49.239385-05:00,2978665,16932,Xavier Hutchinson,HOU,@IND,lasttd,caesars,,,,1500,True,rotowire
20260925T040447Z,2026-09-24 23:04:49.239385-05:00,2978678,14630,Juwan Johnson,NO,LV,lasttd,draftkings,,,,1300,True,rotowire
20260925T040447Z,2026-09-24 23:04:49.239385-05:00,2978678,14630,Juwan Johnson,NO,LV,lasttd,fanduel,,,,1300,True,rotowire
20260925T040447Z,2026-09-24 23:04:49.239385-05:00,2978678,14630,Juwan Johnson,NO,LV,lasttd,caesars,,,,1300,True,rotowire
20260925T040447Z,2026-09-24 23:04:49.239385-05:00,2978645,16899,Quentin Johnston,LAC,@BUF,lasttd,draftkings,,,,1300,True,rotowire
20260925T040447Z,2026-09-24 23:04:49.239385-05:00,2978645,16899,Quentin Johnston,LAC,@BUF,lasttd,fanduel,,,,1300,True,rotowire
20260925T040447Z,2026-09-24 23:04:49.239385-05:00,2978645,16899,Quentin Johnston,LAC,@BUF,lasttd,caesars,,,,1300,True,rotowire
20260925T040447Z,2026-09-24 23:04:49.239385-05:00,2978645,16697,Dalton Kincaid,BUF,LAC,lasttd,draftkings,,,,1300,True,rotowire
20260925T040447Z,2026-09-24 23:04:49.239385-05:00,2978645,16697,Dalton Kincaid,BUF,LAC,lasttd,fanduel,,,,1300,True,rotowire
20260925T040447Z,2026-09-24 23:04:49.239385-05:00,2978645,16697,Dalton Kincaid,BUF,LAC,lasttd,caesars,,,,1400,True,rotowire
20260925T040447Z,2026-09-24 23:04:49.239385-05:00,2978653,17673,Drake Maye,NE,@JAX,lasttd,draftkings,,,,1300,True,rotowire
20260925T040447Z,2026-09-24 23:04:49.239385-05:00,2978653,17673,Drake Maye,NE,@JAX,lasttd,fanduel,,,,1300,True,rotowire
20260925T040447Z,2026-09-24 23:04:49.239385-05:00,2978653,17673,Drake Maye,NE,@JAX,lasttd,caesars,,,,1300,True,rotowire
20260925T040447Z,2026-09-24 23:04:49.239385-05:00,2978678,16666,Michael Mayer,LV,@NO,lasttd,draftkings,,,,1800,True,rotowire
20260925T040447Z,2026-09-24 23:04:49.239385-05:00,2978678,16666,Michael Mayer,LV,@NO,lasttd,fanduel,,,,1300,True,rotowire
20260925T040447Z,2026-09-24 23:04:49.239385-05:00,2978678,16666,Michael Mayer,LV,@NO,lasttd,caesars,,,,1500,True,rotowire
20260925T040447Z,2026-09-24 23:04:49.239385-05:00,2978683,14463,Colby Parkinson,LAR,@DEN,lasttd,draftkings,,,,1800,,rotowire
20260925T040447Z,2026-09-24 23:04:49.239385-05:00,2978683,14463,Colby Parkinson,LAR,@DEN,lasttd,fanduel,,,,1300,,rotowire
20260925T040447Z,2026-09-24 23:04:49.239385-05:00,2978683,14463,Colby Parkinson,LAR,@DEN,lasttd,caesars,,,,1700,,rotowire
20260925T040447Z,2026-09-24 23:04:49.239385-05:00,2978658,14378,Michael Pittman,PIT,CIN,lasttd,draftkings,,,,1500,True,rotowire
20260925T040447Z,2026-09-24 23:04:49.239385-05:00,2978658,14378,Michael Pittman,PIT,CIN,lasttd,fanduel,,,,1300,True,rotowire
20260925T040447Z,2026-09-24 23:04:49.239385-05:00,2978658,14378,Michael Pittman,PIT,CIN,lasttd,caesars,,,,1500,True,rotowire
20260925T040447Z,2026-09-24 23:04:49.239385-05:00,2978645,15892,Khalil Shakir,BUF,LAC,lasttd,draftkings,,,,1400,True,rotowire
20260925T040447Z,2026-09-24 23:04:49.239385-05:00,2978645,15892,Khalil Shakir,BUF,LAC,lasttd,fanduel,,,,1300,True,rotowire
20260925T040447Z,2026-09-24 23:04:49.239385-05:00,2978645,15892,Khalil Shakir,BUF,LAC,lasttd,caesars,,,,1300,True,rotowire
20260925T040447Z,2026-09-24 23:04:49.239385-05:00,2978678,17037,Tyler Shough,NO,LV,lasttd,draftkings,,,,1400,True,rotowire
20260925T040447Z,2026-09-24 23:04:49.239385-05:00,2978678,17037,Tyler Shough,NO,LV,lasttd,fanduel,,,,1300,True,rotowire
20260925T040447Z,2026-09-24 23:04:49.239385-05:00,2978678,17037,Tyler Shough,NO,LV,lasttd,caesars,,,,1300,True,rotowire
20260925T040447Z,2026-09-24 23:04:49.239385-05:00,2978649,17863,Malik Washington,MIA,KC,lasttd,draftkings,,,,1500,True,rotowire
20260925T040447Z,2026-09-24 23:04:49.239385-05:00,2978649,17863,Malik Washington,MIA,KC,lasttd,fanduel,,,,1300,True,rotowire
20260925T040447Z,2026-09-24 23:04:49.239385-05:00,2978649,17863,Malik Washington,MIA,KC,lasttd,caesars,,,,1500,True,rotowire
20260925T040447Z,2026-09-24 23:04:49.239385-05:00,2978672,15802,Rachaad White,WAS,SEA,lasttd,draftkings,,,,1500,True,rotowire
20260925T040447Z,2026-09-24 23:04:49.239385-05:00,2978672,15802,Rachaad White,WAS,SEA,lasttd,fanduel,,,,1300,True,rotowire
20260925T040447Z,2026-09-24 23:04:49.239385-05:00,2978672,15802,Rachaad White,WAS,SEA,lasttd,caesars,,,,1500,True,rotowire
20260925T040447Z,2026-09-24 23:04:49.239385-05:00,2978649,15872,Malik Willis,MIA,KC,lasttd,draftkings,,,,1400,True,rotowire
20260925T040447Z,2026-09-24 23:04:49.239385-05:00,2978649,15872,Malik Willis,MIA,KC,lasttd,fanduel,,,,1300,True,rotowire
20260925T040447Z,2026-09-24 23:04:49.239385-05:00,2978649,15872,Malik Willis,MIA,KC,lasttd,caesars,,,,1400,True,rotowire
20260925T040447Z,2026-09-24 23:04:49.239385-05:00,2978674,16957,Michael Wilson,ARI,@SF,lasttd,draftkings,,,,1400,True,rotowire
20260925T040447Z,2026-09-24 23:04:49.239385-05:00,2978674,16957,Michael Wilson,ARI,@SF,lasttd,fanduel,,,,1300,True,rotowire
20260925T040447Z,2026-09-24 23:04:49.239385-05:00,2978674,16957,Michael Wilson,ARI,@SF,lasttd,caesars,,,,1400,True,rotowire
20260925T040447Z,2026-09-24 23:04:49.239385-05:00,2978658,17043,Roman Wilson,PIT,CIN,lasttd,draftkings,,,,2000,True,rotowire
20260925T040447Z,2026-09-24 23:04:49.239385-05:00,2978658,17043,Roman Wilson,PIT,CIN,lasttd,fanduel,,,,1300,True,rotowire
20260925T040447Z,2026-09-24 23:04:49.239385-05:00,2978658,17043,Roman Wilson,PIT,CIN,lasttd,caesars,,,,1600,True,rotowire
20260925T040447Z,2026-09-24 23:04:49.239385-05:00,2978665,8627,Keenan Allen,IND,HOU,lasttd,draftkings,,,,1400,True,rotowire
20260925T040447Z,2026-09-24 23:04:49.239385-05:00,2978665,8627,Keenan Allen,IND,HOU,lasttd,fanduel,,,,1500,True,rotowire
20260925T040447Z,2026-09-24 23:04:49.239385-05:00,2978665,8627,Keenan Allen,IND,HOU,lasttd,caesars,,,,1500,True,rotowire
20260925T040447Z,2026-09-24 23:04:49.239385-05:00,2978672,17811,AJ Barner,SEA,@WAS,lasttd,draftkings,,,,1400,True,rotowire
20260925T040447Z,2026-09-24 23:04:49.239385-05:00,2978672,17811,AJ Barner,SEA,@WAS,lasttd,fanduel,,,,1400,True,rotowire
20260925T040447Z,2026-09-24 23:04:49.239385-05:00,2978672,17811,AJ Barner,SEA,@WAS,lasttd,caesars,,,,1400,True,rotowire
20260925T040447Z,2026-09-24 23:04:49.239385-05:00,2978662,19242,KC Concepcion,CLE,CAR,lasttd,draftkings,,,,1500,True,rotowire
20260925T040447Z,2026-09-24 23:04:49.239385-05:00,2978662,19242,KC Concepcion,CLE,CAR,lasttd,fanduel,,,,1400,True,rotowire
20260925T040447Z,2026-09-24 23:04:49.239385-05:00,2978662,19242,KC Concepcion,CLE,CAR,lasttd,caesars,,,,1500,True,rotowire
20260925T040447Z,2026-09-24 23:04:49.239385-05:00,2978649,15891,Greg Dulcich,MIA,KC,lasttd,draftkings,,,,1600,True,rotowire
20260925T040447Z,2026-09-24 23:04:49.239385-05:00,2978649,15891,Greg Dulcich,MIA,KC,lasttd,fanduel,,,,1400,True,rotowire
20260925T040447Z,2026-09-24 23:04:49.239385-05:00,2978649,15891,Greg Dulcich,MIA,KC,lasttd,caesars,,,,1600,True,rotowire
20260925T040447Z,2026-09-24 23:04:49.239385-05:00,2978683,11805,Evan Engram,DEN,LAR,lasttd,draftkings,,,,1600,True,rotowire
20260925T040447Z,2026-09-24 23:04:49.239385-05:00,2978683,11805,Evan Engram,DEN,LAR,lasttd,fanduel,,,,1400,True,rotowire
20260925T040447Z,2026-09-24 23:04:49.239385-05:00,2978683,11805,Evan Engram,DEN,LAR,lasttd,caesars,,,,1500,True,rotowire
20260925T040447Z,2026-09-24 23:04:49.239385-05:00,2978658,15267,Pat Freiermuth,PIT,CIN,lasttd,draftkings,,,,1600,True,rotowire
20260925T040447Z,2026-09-24 23:04:49.239385-05:00,2978658,15267,Pat Freiermuth,PIT,CIN,lasttd,fanduel,,,,1400,True,rotowire
20260925T040447Z,2026-09-24 23:04:49.239385-05:00,2978658,15267,Pat Freiermuth,PIT,CIN,lasttd,caesars,,,,1500,True,rotowire
20260925T040447Z,2026-09-24 23:04:49.239385-05:00,2978642,11718,Chris Godwin,TB,MIN,lasttd,draftkings,,,,1500,True,rotowire
20260925T040447Z,2026-09-24 23:04:49.239385-05:00,2978642,11718,Chris Godwin,TB,MIN,lasttd,fanduel,,,,1400,True,rotowire
20260925T040447Z,2026-09-24 23:04:49.239385-05:00,2978642,11718,Chris Godwin,TB,MIN,lasttd,caesars,,,,1500,True,rotowire
20260925T040447Z,2026-09-24 23:04:49.239385-05:00,2978653,15357,Trevor Lawrence,JAX,NE,lasttd,draftkings,,,,1600,True,rotowire
20260925T040447Z,2026-09-24 23:04:49.239385-05:00,2978653,15357,Trevor Lawrence,JAX,NE,lasttd,fanduel,,,,1400,True,rotowire
20260925T040447Z,2026-09-24 23:04:49.239385-05:00,2978653,15357,Trevor Lawrence,JAX,NE,lasttd,caesars,,,,1500,True,rotowire
20260925T040447Z,2026-09-24 23:04:49.239385-05:00,2978672,16560,Rashid Shaheed,SEA,@WAS,lasttd,draftkings,,,,1400,True,rotowire
20260925T040447Z,2026-09-24 23:04:49.239385-05:00,2978672,16560,Rashid Shaheed,SEA,@WAS,lasttd,fanduel,,,,1500,True,rotowire
20260925T040447Z,2026-09-24 23:04:49.239385-05:00,2978672,16560,Rashid Shaheed,SEA,@WAS,lasttd,caesars,,,,1500,True,rotowire
20260925T040447Z,2026-09-24 23:04:49.239385-05:00,2978653,17017,Brenton Strange,JAX,NE,lasttd,draftkings,,,,1500,True,rotowire
20260925T040447Z,2026-09-24 23:04:49.239385-05:00,2978653,17017,Brenton Strange,JAX,NE,lasttd,fanduel,,,,1400,True,rotowire
20260925T040447Z,2026-09-24 23:04:49.239385-05:00,2978653,17017,Brenton Strange,JAX,NE,lasttd,caesars,,,,1400,True,rotowire
20260925T040447Z,2026-09-24 23:04:49.239385-05:00,2978653,17716,Brian Thomas,JAX,NE,lasttd,draftkings,,,,1400,True,rotowire
20260925T040447Z,2026-09-24 23:04:49.239385-05:00,2978653,17716,Brian Thomas,JAX,NE,lasttd,fanduel,,,,1400,True,rotowire
20260925T040447Z,2026-09-24 23:04:49.239385-05:00,2978653,17716,Brian Thomas,JAX,NE,lasttd,caesars,,,,1400,True,rotowire
20260925T040447Z,2026-09-24 23:04:49.239385-05:00,2978678,17975,Devaughn Vele,NO,LV,lasttd,draftkings,,,,1400,True,rotowire
20260925T040447Z,2026-09-24 23:04:49.239385-05:00,2978678,17975,Devaughn Vele,NO,LV,lasttd,fanduel,,,,1400,True,rotowire
20260925T040447Z,2026-09-24 23:04:49.239385-05:00,2978678,17975,Devaughn Vele,NO,LV,lasttd,caesars,,,,1500,True,rotowire
20260925T040447Z,2026-09-24 23:04:49.239385-05:00,2978662,10215,Darren Waller,CAR,@CLE,lasttd,draftkings,,,,1700,True,rotowire
20260925T040447Z,2026-09-24 23:04:49.239385-05:00,2978662,10215,Darren Waller,CAR,@CLE,lasttd,fanduel,,,,1400,True,rotowire
20260925T040447Z,2026-09-24 23:04:49.239385-05:00,2978662,10215,Darren Waller,CAR,@CLE,lasttd,caesars,,,,1500,True,rotowire
20260925T040447Z,2026-09-24 23:04:49.239385-05:00,2978662,11712,Deshaun Watson,CLE,CAR,lasttd,draftkings,,,,1400,True,rotowire
20260925T040447Z,2026-09-24 23:04:49.239385-05:00,2978662,11712,Deshaun Watson,CLE,CAR,lasttd,fanduel,,,,1600,True,rotowire
20260925T040447Z,2026-09-24 23:04:49.239385-05:00,2978662,11712,Deshaun Watson,CLE,CAR,lasttd,caesars,,,,1600,True,rotowire
20260925T040447Z,2026-09-24 23:04:49.239385-05:00,2978686,16658,Dontayvion Wicks,PHI,@CHI,lasttd,draftkings,,,,1400,True,rotowire
20260925T040447Z,2026-09-24 23:04:49.239385-05:00,2978686,16658,Dontayvion Wicks,PHI,@CHI,lasttd,fanduel,,,,1600,True,rotowire
20260925T040447Z,2026-09-24 23:04:49.239385-05:00,2978686,16658,Dontayvion Wicks,PHI,@CHI,lasttd,caesars,,,,1600,True,rotowire
20260925T040447Z,2026-09-24 23:04:49.239385-05:00,2978683,18562,Pat Bryant,DEN,LAR,lasttd,draftkings,,,,1900,True,rotowire
20260925T040447Z,2026-09-24 23:04:49.239385-05:00,2978683,18562,Pat Bryant,DEN,LAR,lasttd,fanduel,,,,1500,True,rotowire
20260925T040447Z,2026-09-24 23:04:49.239385-05:00,2978683,18562,Pat Bryant,DEN,LAR,lasttd,caesars,,,,1800,True,rotowire
20260925T040447Z,2026-09-24 23:04:49.239385-05:00,2978674,17674,Marvin Harrison,ARI,@SF,lasttd,draftkings,,,,1700,True,rotowire
20260925T040447Z,2026-09-24 23:04:49.239385-05:00,2978674,17674,Marvin Harrison,ARI,@SF,lasttd,fanduel,,,,1500,True,rotowire
20260925T040447Z,2026-09-24 23:04:49.239385-05:00,2978674,17674,Marvin Harrison,ARI,@SF,lasttd,caesars,,,,1700,True,rotowire
20260925T040447Z,2026-09-24 23:04:49.239385-05:00,2978653,11861,Mack Hollins,NE,@JAX,lasttd,draftkings,,,,1500,True,rotowire
20260925T040447Z,2026-09-24 23:04:49.239385-05:00,2978653,11861,Mack Hollins,NE,@JAX,lasttd,fanduel,,,,1500,True,rotowire
20260925T040447Z,2026-09-24 23:04:49.239385-05:00,2978656,17668,Adonai Mitchell,NYJ,@DET,lasttd,fanduel,,,,1500,True,rotowire
20260925T040447Z,2026-09-24 23:04:49.239385-05:00,2978656,17668,Adonai Mitchell,NYJ,@DET,lasttd,caesars,,,,1500,True,rotowire
20260925T040447Z,2026-09-24 23:04:49.239385-05:00,2978642,13613,Kyler Murray,MIN,@TB,lasttd,fanduel,,,,1500,True,rotowire
20260925T040447Z,2026-09-24 23:04:49.239385-05:00,2978642,13613,Kyler Murray,MIN,@TB,lasttd,caesars,,,,1600,True,rotowire
20260925T040447Z,2026-09-24 23:04:49.239385-05:00,2978665,18555,Jaylin Noel,HOU,@IND,lasttd,draftkings,,,,1600,True,rotowire
20260925T040447Z,2026-09-24 23:04:49.239385-05:00,2978665,18555,Jaylin Noel,HOU,@IND,lasttd,fanduel,,,,1500,True,rotowire
20260925T040447Z,2026-09-24 23:04:49.239385-05:00,2978665,18555,Jaylin Noel,HOU,@IND,lasttd,caesars,,,,1600,True,rotowire
20260925T040447Z,2026-09-24 23:04:49.239385-05:00,2978642,16032,Cade Otton,TB,MIN,lasttd,draftkings,,,,1600,True,rotowire
20260925T040447Z,2026-09-24 23:04:49.239385-05:00,2978642,16032,Cade Otton,TB,MIN,lasttd,fanduel,,,,1500,True,rotowire
20260925T040447Z,2026-09-24 23:04:49.239385-05:00,2978642,16032,Cade Otton,TB,MIN,lasttd,caesars,,,,1600,True,rotowire
20260925T040447Z,2026-09-24 23:04:49.239385-05:00,2978658,11698,Samaje Perine,CIN,@PIT,lasttd,draftkings,,,,1600,True,rotowire
20260925T040447Z,2026-09-24 23:04:49.239385-05:00,2978658,11698,Samaje Perine,CIN,@PIT,lasttd,fanduel,,,,1500,True,rotowire
20260925T040447Z,2026-09-24 23:04:49.239385-05:00,2978658,11698,Samaje Perine,CIN,@PIT,lasttd,caesars,,,,1600,True,rotowire
20260925T040447Z,2026-09-24 23:04:49.239385-05:00,2978666,15838,Wan'Dale Robinson,TEN,@NYG,lasttd,draftkings,,,,1800,True,rotowire
20260925T040447Z,2026-09-24 23:04:49.239385-05:00,2978666,15838,Wan'Dale Robinson,TEN,@NYG,lasttd,fanduel,,,,1500,True,rotowire
20260925T040447Z,2026-09-24 23:04:49.239385-05:00,2978666,16997,Cam Ward,TEN,@NYG,lasttd,draftkings,,,,1600,True,rotowire
20260925T040447Z,2026-09-24 23:04:49.239385-05:00,2978666,16997,Cam Ward,TEN,@NYG,lasttd,fanduel,,,,1500,True,rotowire
20260925T040447Z,2026-09-24 23:04:49.239385-05:00,2978666,16997,Cam Ward,TEN,@NYG,lasttd,caesars,,,,1600,True,rotowire
20260925T040447Z,2026-09-24 23:04:49.239385-05:00,2978658,19263,Germie Bernard,PIT,CIN,lasttd,draftkings,,,,2000,True,rotowire
20260925T040447Z,2026-09-24 23:04:49.239385-05:00,2978658,19263,Germie Bernard,PIT,CIN,lasttd,fanduel,,,,1600,True,rotowire
20260925T040447Z,2026-09-24 23:04:49.239385-05:00,2978658,19263,Germie Bernard,PIT,CIN,lasttd,caesars,,,,2000,True,rotowire
20260925T040447Z,2026-09-24 23:04:49.239385-05:00,2978649,18450,Ollie Gordon,MIA,KC,lasttd,draftkings,,,,2500,True,rotowire
20260925T040447Z,2026-09-24 23:04:49.239385-05:00,2978649,18450,Ollie Gordon,MIA,KC,lasttd,fanduel,,,,1600,True,rotowire
20260925T040447Z,2026-09-24 23:04:49.239385-05:00,2978649,18450,Ollie Gordon,MIA,KC,lasttd,caesars,,,,2300,True,rotowire
20260925T040447Z,2026-09-24 23:04:49.239385-05:00,2978666,18503,Gunnar Helm,TEN,@NYG,lasttd,draftkings,,,,1700,True,rotowire
20260925T040447Z,2026-09-24 23:04:49.239385-05:00,2978666,18503,Gunnar Helm,TEN,@NYG,lasttd,fanduel,,,,1600,True,rotowire
20260925T040447Z,2026-09-24 23:04:49.239385-05:00,2978666,18503,Gunnar Helm,TEN,@NYG,lasttd,caesars,,,,1750,True,rotowire
20260925T040447Z,2026-09-24 23:04:49.239385-05:00,2978642,19320,Ted Hurst,TB,MIN,lasttd,draftkings,,,,1600,True,rotowire
20260925T040447Z,2026-09-24 23:04:49.239385-05:00,2978642,19320,Ted Hurst,TB,MIN,lasttd,fanduel,,,,1600,True,rotowire
20260925T040447Z,2026-09-24 23:04:49.239385-05:00,2978642,19320,Ted Hurst,TB,MIN,lasttd,caesars,,,,1600,True,rotowire
20260925T040447Z,2026-09-24 23:04:49.239385-05:00,2978672,11863,Cooper Kupp,SEA,@WAS,lasttd,draftkings,,,,1600,True,rotowire
20260925T040447Z,2026-09-24 23:04:49.239385-05:00,2978672,11863,Cooper Kupp,SEA,@WAS,lasttd,fanduel,,,,1600,True,rotowire
20260925T040447Z,2026-09-24 23:04:49.239385-05:00,2978672,11863,Cooper Kupp,SEA,@WAS,lasttd,caesars,,,,1700,True,rotowire
20260925T040447Z,2026-09-24 23:04:49.239385-05:00,2978649,11839,Patrick Mahomes,KC,@MIA,lasttd,draftkings,,,,1700,True,rotowire
20260925T040447Z,2026-09-24 23:04:49.239385-05:00,2978649,11839,Patrick Mahomes,KC,@MIA,lasttd,fanduel,,,,1600,True,rotowire
20260925T040447Z,2026-09-24 23:04:49.239385-05:00,2978649,11839,Patrick Mahomes,KC,@MIA,lasttd,caesars,,,,1750,True,rotowire
20260925T040447Z,2026-09-24 23:04:49.239385-05:00,2978678,16025,Jalen Nailor,LV,@NO,lasttd,draftkings,,,,1600,True,rotowire
20260925T040447Z,2026-09-24 23:04:49.239385-05:00,2978678,16025,Jalen Nailor,LV,@NO,lasttd,fanduel,,,,1600,True,rotowire
20260925T040447Z,2026-09-24 23:04:49.239385-05:00,2978678,16025,Jalen Nailor,LV,@NO,lasttd,caesars,,,,1700,True,rotowire
20260925T040447Z,2026-09-24 23:04:49.239385-05:00,2978656,19279,Kenyon Sadiq,NYJ,@DET,lasttd,fanduel,,,,1600,True,rotowire
20260925T040447Z,2026-09-24 23:04:49.239385-05:00,2978656,19279,Kenyon Sadiq,NYJ,@DET,lasttd,caesars,,,,1750,True,rotowire
20260925T040447Z,2026-09-24 23:04:49.239385-05:00,2978392,18567,LaJohntay Wester,BAL,@DAL,lasttd,draftkings,,,,2000,True,rotowire
20260925T040447Z,2026-09-24 23:04:49.239385-05:00,2978392,18567,LaJohntay Wester,BAL,@DAL,lasttd,fanduel,,,,1600,True,rotowire
20260925T040447Z,2026-09-24 23:04:49.239385-05:00,2978392,18567,LaJohntay Wester,BAL,@DAL,lasttd,caesars,,,,2000,True,rotowire
20260925T040447Z,2026-09-24 23:04:49.239385-05:00,2978656,17977,Isaiah Williams,NYJ,@DET,lasttd,fanduel,,,,1600,True,rotowire
20260925T040447Z,2026-09-24 23:04:49.239385-05:00,2978656,17977,Isaiah Williams,NYJ,@DET,lasttd,caesars,,,,2000,True,rotowire
20260925T040447Z,2026-09-24 23:04:49.239385-05:00,2978666,10037,Jameis Winston,NYG,TEN,lasttd,fanduel,,,,1600,True,rotowire
20260925T040447Z,2026-09-24 23:04:49.239385-05:00,2978666,10037,Jameis Winston,NYG,TEN,lasttd,caesars,,,,1700,True,rotowire
20260925T040447Z,2026-09-24 23:04:49.239385-05:00,2978649,17800,Jaylen Wright,MIA,KC,lasttd,draftkings,,,,3000,True,rotowire
20260925T040447Z,2026-09-24 23:04:49.239385-05:00,2978649,17800,Jaylen Wright,MIA,KC,lasttd,fanduel,,,,1600,True,rotowire
20260925T040447Z,2026-09-24 23:04:49.239385-05:00,2978649,17800,Jaylen Wright,MIA,KC,lasttd,caesars,,,,2700,True,rotowire
20260925T040447Z,2026-09-24 23:04:49.239385-05:00,2978662,16807,Bryce Young,CAR,@CLE,lasttd,draftkings,,,,1600,True,rotowire
20260925T040447Z,2026-09-24 23:04:49.239385-05:00,2978662,16807,Bryce Young,CAR,@CLE,lasttd,fanduel,,,,1700,True,rotowire
20260925T040447Z,2026-09-24 23:04:49.239385-05:00,2978662,16807,Bryce Young,CAR,@CLE,lasttd,caesars,,,,1750,True,rotowire
20260925T040447Z,2026-09-24 23:04:49.239385-05:00,2978653,16751,DeMario Douglas,NE,@JAX,lasttd,draftkings,,,,1800,True,rotowire
20260925T040447Z,2026-09-24 23:04:49.239385-05:00,2978653,16751,DeMario Douglas,NE,@JAX,lasttd,fanduel,,,,1700,True,rotowire
20260925T040447Z,2026-09-24 23:04:49.239385-05:00,2978653,16751,DeMario Douglas,NE,@JAX,lasttd,caesars,,,,1800,True,rotowire
20260925T040447Z,2026-09-24 23:04:49.239385-05:00,2978686,17020,Rome Odunze,CHI,PHI,lasttd,fanduel,,,,1700,True,rotowire
20260925T040447Z,2026-09-24 23:04:49.239385-05:00,2978686,17020,Rome Odunze,CHI,PHI,lasttd,caesars,,,,1800,True,rotowire
20260925T040447Z,2026-09-24 23:04:49.239385-05:00,2978666,18518,Nicholas Singleton,TEN,@NYG,lasttd,draftkings,,,,2500,True,rotowire
20260925T040447Z,2026-09-24 23:04:49.239385-05:00,2978666,18518,Nicholas Singleton,TEN,@NYG,lasttd,fanduel,,,,1700,True,rotowire
20260925T040447Z,2026-09-24 23:04:49.239385-05:00,2978666,18518,Nicholas Singleton,TEN,@NYG,lasttd,caesars,,,,2200,True,rotowire
20260925T040447Z,2026-09-24 23:04:49.239385-05:00,2978678,19300,Mike Washington,LV,@NO,lasttd,draftkings,,,,1900,True,rotowire
20260925T040447Z,2026-09-24 23:04:49.239385-05:00,2978678,19300,Mike Washington,LV,@NO,lasttd,fanduel,,,,1700,True,rotowire
20260925T040447Z,2026-09-24 23:04:49.239385-05:00,2978678,19300,Mike Washington,LV,@NO,lasttd,caesars,,,,2000,True,rotowire
20260925T040447Z,2026-09-24 23:04:49.239385-05:00,2978678,13426,Noah Fant,NO,LV,lasttd,draftkings,,,,3000,True,rotowire
20260925T040447Z,2026-09-24 23:04:49.239385-05:00,2978678,13426,Noah Fant,NO,LV,lasttd,fanduel,,,,2200,True,rotowire
20260925T040447Z,2026-09-24 23:04:49.239385-05:00,2978678,13426,Noah Fant,NO,LV,lasttd,caesars,,,,2700,True,rotowire
20260925T040447Z,2026-09-24 23:04:49.239385-05:00,2978392,17974,Ryan Flournoy,DAL,BAL,lasttd,draftkings,,,,2000,True,rotowire
20260925T040447Z,2026-09-24 23:04:49.239385-05:00,2978392,17974,Ryan Flournoy,DAL,BAL,lasttd,fanduel,,,,2000,True,rotowire
20260925T040447Z,2026-09-24 23:04:49.239385-05:00,2978392,17974,Ryan Flournoy,DAL,BAL,lasttd,caesars,,,,2000,True,rotowire
20260925T040447Z,2026-09-24 23:04:49.239385-05:00,2978658,12764,Mike Gesicki,CIN,@PIT,lasttd,draftkings,,,,1900,True,rotowire
20260925T040447Z,2026-09-24 23:04:49.239385-05:00,2978658,12764,Mike Gesicki,CIN,@PIT,lasttd,fanduel,,,,1900,True,rotowire
20260925T040447Z,2026-09-24 23:04:49.239385-05:00,2978658,12764,Mike Gesicki,CIN,@PIT,lasttd,caesars,,,,2000,True,rotowire
20260925T040447Z,2026-09-24 23:04:49.239385-05:00,2978645,18478,Tre' Harris,LAC,@BUF,lasttd,draftkings,,,,2000,True,rotowire
20260925T040447Z,2026-09-24 23:04:49.239385-05:00,2978645,18478,Tre' Harris,LAC,@BUF,lasttd,fanduel,,,,1900,True,rotowire
20260925T040447Z,2026-09-24 23:04:49.239385-05:00,2978645,18478,Tre' Harris,LAC,@BUF,lasttd,caesars,,,,2000,True,rotowire
20260925T040447Z,2026-09-24 23:04:49.239385-05:00,2978645,14446,Justin Herbert,LAC,@BUF,lasttd,draftkings,,,,2200,True,rotowire
20260925T040447Z,2026-09-24 23:04:49.239385-05:00,2978645,14446,Justin Herbert,LAC,@BUF,lasttd,fanduel,,,,2200,True,rotowire
20260925T040447Z,2026-09-24 23:04:49.239385-05:00,2978645,14446,Justin Herbert,LAC,@BUF,lasttd,caesars,,,,2400,True,rotowire
20260925T040447Z,2026-09-24 23:04:49.239385-05:00,2978392,13427,Justice Hill,BAL,@DAL,lasttd,draftkings,,,,2500,True,rotowire
20260925T040447Z,2026-09-24 23:04:49.239385-05:00,2978392,13427,Justice Hill,BAL,@DAL,lasttd,fanduel,,,,2200,True,rotowire
20260925T040447Z,2026-09-24 23:04:49.239385-05:00,2978392,13427,Justice Hill,BAL,@DAL,lasttd,caesars,,,,2400,True,rotowire
20260925T040447Z,2026-09-24 23:04:49.239385-05:00,2978662,14458,Jerry Jeudy,CLE,CAR,lasttd,draftkings,,,,2000,True,rotowire
20260925T040447Z,2026-09-24 23:04:49.239385-05:00,2978662,14458,Jerry Jeudy,CLE,CAR,lasttd,fanduel,,,,1800,True,rotowire
20260925T040447Z,2026-09-24 23:04:49.239385-05:00,2978662,14458,Jerry Jeudy,CLE,CAR,lasttd,caesars,,,,2000,True,rotowire
20260925T040447Z,2026-09-24 23:04:49.239385-05:00,2978678,19319,Bryce Lance,NO,LV,lasttd,draftkings,,,,2500,True,rotowire
20260925T040447Z,2026-09-24 23:04:49.239385-05:00,2978678,19319,Bryce Lance,NO,LV,lasttd,fanduel,,,,2200,True,rotowire
20260925T040447Z,2026-09-24 23:04:49.239385-05:00,2978678,19319,Bryce Lance,NO,LV,lasttd,caesars,,,,2300,True,rotowire
20260925T040447Z,2026-09-24 23:04:49.239385-05:00,2978642,12619,Baker Mayfield,TB,MIN,lasttd,draftkings,,,,3000,True,rotowire
20260925T040447Z,2026-09-24 23:04:49.239385-05:00,2978642,12619,Baker Mayfield,TB,MIN,lasttd,fanduel,,,,2200,True,rotowire
20260925T040447Z,2026-09-24 23:04:49.239385-05:00,2978642,12619,Baker Mayfield,TB,MIN,lasttd,caesars,,,,2600,True,rotowire
20260925T040447Z,2026-09-24 23:04:49.239385-05:00,2978642,17763,Jalen McMillan,TB,MIN,lasttd,draftkings,,,,2800,True,rotowire
20260925T040447Z,2026-09-24 23:04:49.239385-05:00,2978642,17763,Jalen McMillan,TB,MIN,lasttd,fanduel,,,,1900,True,rotowire
20260925T040447Z,2026-09-24 23:04:49.239385-05:00,2978642,17763,Jalen McMillan,TB,MIN,lasttd,caesars,,,,2300,True,rotowire
20260925T040447Z,2026-09-24 23:04:49.239385-05:00,2978645,16810,Keaton Mitchell,LAC,@BUF,lasttd,draftkings,,,,2000,True,rotowire
20260925T040447Z,2026-09-24 23:04:49.239385-05:00,2978645,16810,Keaton Mitchell,LAC,@BUF,lasttd,fanduel,,,,2200,True,rotowire
20260925T040447Z,2026-09-24 23:04:49.239385-05:00,2978645,16810,Keaton Mitchell,LAC,@BUF,lasttd,caesars,,,,2400,True,rotowire
20260925T040447Z,2026-09-24 23:04:49.239385-05:00,2978392,10994,Chris Moore,BAL,@DAL,lasttd,draftkings,,,,2500,True,rotowire
20260925T040447Z,2026-09-24 23:04:49.239385-05:00,2978392,10994,Chris Moore,BAL,@DAL,lasttd,fanduel,,,,1900,True,rotowire
20260925T040447Z,2026-09-24 23:04:49.239385-05:00,2978392,10994,Chris Moore,BAL,@DAL,lasttd,caesars,,,,2300,True,rotowire
20260925T040447Z,2026-09-24 23:04:49.239385-05:00,2978642,13786,Josh Oliver,MIN,@TB,lasttd,draftkings,,,,3000,True,rotowire
20260925T040447Z,2026-09-24 23:04:49.239385-05:00,2978642,13786,Josh Oliver,MIN,@TB,lasttd,fanduel,,,,2200,True,rotowire
20260925T040447Z,2026-09-24 23:04:49.239385-05:00,2978642,13786,Josh Oliver,MIN,@TB,lasttd,caesars,,,,2500,True,rotowire
20260925T040447Z,2026-09-24 23:04:49.239385-05:00,2978656,18642,Isaac TeSlaa,DET,NYJ,lasttd,fanduel,,,,2000,True,rotowire
20260925T040447Z,2026-09-24 23:04:49.239385-05:00,2978656,18642,Isaac TeSlaa,DET,NYJ,lasttd,caesars,,,,2200,True,rotowire
20260925T040447Z,2026-09-24 23:04:49.239385-05:00,2978649,15831,Tyquan Thornton,KC,@MIA,lasttd,draftkings,,,,2500,True,rotowire
20260925T040447Z,2026-09-24 23:04:49.239385-05:00,2978649,15831,Tyquan Thornton,KC,@MIA,lasttd,fanduel,,,,2200,True,rotowire
20260925T040447Z,2026-09-24 23:04:49.239385-05:00,2978649,15831,Tyquan Thornton,KC,@MIA,lasttd,caesars,,,,2300,True,rotowire
20260925T040447Z,2026-09-24 23:04:49.239385-05:00,2978658,16889,Darnell Washington,PIT,CIN,lasttd,draftkings,,,,3500,True,rotowire
20260925T040447Z,2026-09-24 23:04:49.239385-05:00,2978658,16889,Darnell Washington,PIT,CIN,lasttd,fanduel,,,,2200,True,rotowire
20260925T040447Z,2026-09-24 23:04:49.239385-05:00,2978658,16889,Darnell Washington,PIT,CIN,lasttd,caesars,,,,2700,True,rotowire
20260925T040447Z,2026-09-24 23:04:49.239385-05:00,2978662,17734,Xavier Legette,CAR,@CLE,lasttd,draftkings,,,,2200,True,rotowire
20260925T040447Z,2026-09-24 23:04:49.239385-05:00,2978662,17734,Xavier Legette,CAR,@CLE,lasttd,fanduel,,,,1900,True,rotowire
20260925T040447Z,2026-09-24 23:04:49.239385-05:00,2978662,17734,Xavier Legette,CAR,@CLE,lasttd,caesars,,,,2200,True,rotowire
20260925T040447Z,2026-09-24 23:04:49.239385-05:00,2978662,16069,John Metchie,CAR,@CLE,lasttd,draftkings,,,,3000,True,rotowire
20260925T040447Z,2026-09-24 23:04:49.239385-05:00,2978662,16069,John Metchie,CAR,@CLE,lasttd,fanduel,,,,1900,True,rotowire
20260925T040447Z,2026-09-24 23:04:49.239385-05:00,2978662,16069,John Metchie,CAR,@CLE,lasttd,caesars,,,,2600,True,rotowire
20260925T040447Z,2026-09-24 23:04:49.239385-05:00,2978683,16995,Bo Nix,DEN,LAR,lasttd,draftkings,,,,2200,True,rotowire
20260925T040447Z,2026-09-24 23:04:49.239385-05:00,2978683,16995,Bo Nix,DEN,LAR,lasttd,fanduel,,,,1900,True,rotowire
20260925T040447Z,2026-09-24 23:04:49.239385-05:00,2978683,16995,Bo Nix,DEN,LAR,lasttd,caesars,,,,2000,True,rotowire
20260925T040447Z,2026-09-24 23:04:49.239385-05:00,2978686,11429,Kalif Raymond,CHI,PHI,lasttd,fanduel,,,,1900,True,rotowire
20260925T040447Z,2026-09-24 23:04:49.239385-05:00,2978686,11429,Kalif Raymond,CHI,PHI,lasttd,caesars,,,,2100,True,rotowire
20260925T040447Z,2026-09-24 23:04:49.239385-05:00,2978666,13449,Devin Singletary,NYG,TEN,lasttd,draftkings,,,,1900,True,rotowire
20260925T040447Z,2026-09-24 23:04:49.239385-05:00,2978666,13449,Devin Singletary,NYG,TEN,lasttd,fanduel,,,,1900,True,rotowire
20260925T040447Z,2026-09-24 23:04:49.239385-05:00,2978666,13449,Devin Singletary,NYG,TEN,lasttd,caesars,,,,2000,True,rotowire
20260925T040447Z,2026-09-24 23:04:49.239385-05:00,2978672,17833,Ben Sinnott,WAS,SEA,lasttd,draftkings,,,,2800,True,rotowire
20260925T040447Z,2026-09-24 23:04:49.239385-05:00,2978672,17833,Ben Sinnott,WAS,SEA,lasttd,fanduel,,,,1900,True,rotowire
20260925T040447Z,2026-09-24 23:04:49.239385-05:00,2978672,17833,Ben Sinnott,WAS,SEA,lasttd,caesars,,,,2600,True,rotowire
20260925T040447Z,2026-09-24 23:04:49.239385-05:00,2978672,19237,Antonio Williams,WAS,SEA,lasttd,draftkings,,,,2800,True,rotowire
20260925T040447Z,2026-09-24 23:04:49.239385-05:00,2978672,19237,Antonio Williams,WAS,SEA,lasttd,fanduel,,,,1900,True,rotowire
20260925T040447Z,2026-09-24 23:04:49.239385-05:00,2978672,19237,Antonio Williams,WAS,SEA,lasttd,caesars,,,,2700,True,rotowire
20260925T040447Z,2026-09-24 23:04:49.239385-05:00,2978666,18552,Elic Ayomanor,TEN,@NYG,lasttd,draftkings,,,,2000,True,rotowire
20260925T040447Z,2026-09-24 23:04:49.239385-05:00,2978666,18552,Elic Ayomanor,TEN,@NYG,lasttd,fanduel,,,,2200,True,rotowire
20260925T040447Z,2026-09-24 23:04:49.239385-05:00,2978666,18552,Elic Ayomanor,TEN,@NYG,lasttd,caesars,,,,2300,True,rotowire
20260925T040447Z,2026-09-24 23:04:49.239385-05:00,2978678,18457,Jack Bech,LV,@NO,lasttd,draftkings,,,,2800,True,rotowire
20260925T040447Z,2026-09-24 23:04:49.239385-05:00,2978678,18457,Jack Bech,LV,@NO,lasttd,fanduel,,,,2500,True,rotowire
20260925T040447Z,2026-09-24 23:04:49.239385-05:00,2978678,18457,Jack Bech,LV,@NO,lasttd,caesars,,,,2600,True,rotowire
20260925T040447Z,2026-09-24 23:04:49.239385-05:00,2978674,11847,Kendrick Bourne,ARI,@SF,lasttd,draftkings,,,,2500,True,rotowire
20260925T040447Z,2026-09-24 23:04:49.239385-05:00,2978674,11847,Kendrick Bourne,ARI,@SF,lasttd,fanduel,,,,2700,True,rotowire
20260925T040447Z,2026-09-24 23:04:49.239385-05:00,2978674,10919,Jacoby Brissett,ARI,@SF,lasttd,draftkings,,,,3500,True,rotowire
20260925T040447Z,2026-09-24 23:04:49.239385-05:00,2978674,10919,Jacoby Brissett,ARI,@SF,lasttd,fanduel,,,,2700,True,rotowire
20260925T040447Z,2026-09-24 23:04:49.239385-05:00,2978674,10919,Jacoby Brissett,ARI,@SF,lasttd,caesars,,,,3300,True,rotowire
20260925T040447Z,2026-09-24 23:04:49.239385-05:00,2978645,17732,Keon Coleman,BUF,LAC,lasttd,draftkings,,,,2500,True,rotowire
20260925T040447Z,2026-09-24 23:04:49.239385-05:00,2978645,17732,Keon Coleman,BUF,LAC,lasttd,fanduel,,,,2000,True,rotowire
20260925T040447Z,2026-09-24 23:04:49.239385-05:00,2978645,17732,Keon Coleman,BUF,LAC,lasttd,caesars,,,,2300,True,rotowire
20260925T040447Z,2026-09-24 23:04:49.239385-05:00,2978392,17091,Emari Demercado,DAL,BAL,lasttd,draftkings,,,,2800,True,rotowire
20260925T040447Z,2026-09-24 23:04:49.239385-05:00,2978392,17091,Emari Demercado,DAL,BAL,lasttd,fanduel,,,,2700,True,rotowire
20260925T040447Z,2026-09-24 23:04:49.239385-05:00,2978392,17091,Emari Demercado,DAL,BAL,lasttd,caesars,,,,2900,True,rotowire
20260925T040447Z,2026-09-24 23:04:49.239385-05:00,2978666,19313,Malachi Fields,NYG,TEN,lasttd,draftkings,,,,2000,True,rotowire
20260925T040447Z,2026-09-24 23:04:49.239385-05:00,2978666,19313,Malachi Fields,NYG,TEN,lasttd,fanduel,,,,2000,True,rotowire
20260925T040447Z,2026-09-24 23:04:49.239385-05:00,2978666,19313,Malachi Fields,NYG,TEN,lasttd,caesars,,,,2000,True,rotowire
20260925T040447Z,2026-09-24 23:04:49.239385-05:00,2978649,15459,Noah Gray,KC,@MIA,lasttd,draftkings,,,,3000,True,rotowire
20260925T040447Z,2026-09-24 23:04:49.239385-05:00,2978649,15459,Noah Gray,KC,@MIA,lasttd,fanduel,,,,2700,True,rotowire
20260925T040447Z,2026-09-24 23:04:49.239385-05:00,2978649,15459,Noah Gray,KC,@MIA,lasttd,caesars,,,,2800,True,rotowire
20260925T040447Z,2026-09-24 23:04:49.239385-05:00,2978658,19335,Eli Heidenreich,PIT,CIN,lasttd,draftkings,,,,2800,True,rotowire
20260925T040447Z,2026-09-24 23:04:49.239385-05:00,2978658,19335,Eli Heidenreich,PIT,CIN,lasttd,fanduel,,,,2000,True,rotowire
20260925T040447Z,2026-09-24 23:04:49.239385-05:00,2978658,19335,Eli Heidenreich,PIT,CIN,lasttd,caesars,,,,2600,True,rotowire
20260925T040447Z,2026-09-24 23:04:49.239385-05:00,2978642,14376,Jauan Jennings,MIN,@TB,lasttd,draftkings,,,,2500,True,rotowire
20260925T040447Z,2026-09-24 23:04:49.239385-05:00,2978642,14376,Jauan Jennings,MIN,@TB,lasttd,fanduel,,,,2000,True,rotowire
20260925T040447Z,2026-09-24 23:04:49.239385-05:00,2978642,14376,Jauan Jennings,MIN,@TB,lasttd,caesars,,,,2300,True,rotowire
20260925T040447Z,2026-09-24 23:04:49.239385-05:00,2978645,13587,Ty Johnson,BUF,LAC,lasttd,draftkings,,,,2000,True,rotowire
20260925T040447Z,2026-09-24 23:04:49.239385-05:00,2978645,13587,Ty Johnson,BUF,LAC,lasttd,fanduel,,,,2000,True,rotowire
20260925T040447Z,2026-09-24 23:04:49.239385-05:00,2978645,13587,Ty Johnson,BUF,LAC,lasttd,caesars,,,,2200,True,rotowire
20260925T040447Z,2026-09-24 23:04:49.239385-05:00,2978686,19231,Makai Lemon,PHI,@CHI,lasttd,draftkings,,,,2000,True,rotowire
20260925T040447Z,2026-09-24 23:04:49.239385-05:00,2978686,19231,Makai Lemon,PHI,@CHI,lasttd,fanduel,,,,2000,True,rotowire
20260925T040447Z,2026-09-24 23:04:49.239385-05:00,2978686,19231,Makai Lemon,PHI,@CHI,lasttd,caesars,,,,2000,True,rotowire
20260925T040447Z,2026-09-24 23:04:49.239385-05:00,2978645,15447,Joshua Palmer,BUF,LAC,lasttd,draftkings,,,,2200,True,rotowire
20260925T040447Z,2026-09-24 23:04:49.239385-05:00,2978645,15447,Joshua Palmer,BUF,LAC,lasttd,fanduel,,,,2000,True,rotowire
20260925T040447Z,2026-09-24 23:04:49.239385-05:00,2978645,15447,Joshua Palmer,BUF,LAC,lasttd,caesars,,,,2200,True,rotowire
20260925T040447Z,2026-09-24 23:04:49.239385-05:00,2978392,11008,Dak Prescott,DAL,BAL,lasttd,draftkings,,,,3000,True,rotowire
20260925T040447Z,2026-09-24 23:04:49.239385-05:00,2978392,11008,Dak Prescott,DAL,BAL,lasttd,fanduel,,,,2700,True,rotowire
20260925T040447Z,2026-09-24 23:04:49.239385-05:00,2978392,11008,Dak Prescott,DAL,BAL,lasttd,caesars,,,,3000,True,rotowire
20260925T040447Z,2026-09-24 23:04:49.239385-05:00,2978665,13522,Darius Slayton,IND,HOU,lasttd,draftkings,,,,2500,True,rotowire
20260925T040447Z,2026-09-24 23:04:49.239385-05:00,2978665,13522,Darius Slayton,IND,HOU,lasttd,fanduel,,,,2000,True,rotowire
20260925T040447Z,2026-09-24 23:04:49.239385-05:00,2978665,13522,Darius Slayton,IND,HOU,lasttd,caesars,,,,2500,True,rotowire
20260925T040447Z,2026-09-24 23:04:49.239385-05:00,2978649,19309,Chris Bell,MIA,KC,lasttd,draftkings,,,,2200,True,rotowire
20260925T040447Z,2026-09-24 23:04:49.239385-05:00,2978649,19309,Chris Bell,MIA,KC,lasttd,fanduel,,,,2200,True,rotowire
20260925T040447Z,2026-09-24 23:04:49.239385-05:00,2978649,19309,Chris Bell,MIA,KC,lasttd,caesars,,,,2300,True,rotowire
20260925T040447Z,2026-09-24 23:04:49.239385-05:00,2978653,19448,Nate Boerkircher,JAX,NE,lasttd,draftkings,,,,3000,True,rotowire
20260925T040447Z,2026-09-24 23:04:49.239385-05:00,2978653,19448,Nate Boerkircher,JAX,NE,lasttd,fanduel,,,,3000,True,rotowire
20260925T040447Z,2026-09-24 23:04:49.239385-05:00,2978653,19448,Nate Boerkircher,JAX,NE,lasttd,caesars,,,,3000,True,rotowire
20260925T040447Z,2026-09-24 23:04:49.239385-05:00,2978658,14442,Joe Burrow,CIN,@PIT,lasttd,draftkings,,,,3000,True,rotowire
20260925T040447Z,2026-09-24 23:04:49.239385-05:00,2978658,14442,Joe Burrow,CIN,@PIT,lasttd,fanduel,,,,2200,True,rotowire
20260925T040447Z,2026-09-24 23:04:49.239385-05:00,2978658,14442,Joe Burrow,CIN,@PIT,lasttd,caesars,,,,2900,True,rotowire
20260925T040447Z,2026-09-24 23:04:49.239385-05:00,2978662,14370,AJ Dillon,CAR,@CLE,lasttd,draftkings,,,,2200,True,rotowire
20260925T040447Z,2026-09-24 23:04:49.239385-05:00,2978662,14370,AJ Dillon,CAR,@CLE,lasttd,fanduel,,,,2200,True,rotowire
20260925T040447Z,2026-09-24 23:04:49.239385-05:00,2978662,14370,AJ Dillon,CAR,@CLE,lasttd,caesars,,,,2500,True,rotowire
20260925T040447Z,2026-09-24 23:04:49.239385-05:00,2978666,15468,Najee Harris,NYG,TEN,lasttd,fanduel,,,,2200,True,rotowire
20260925T040447Z,2026-09-24 23:04:49.239385-05:00,2978666,15468,Najee Harris,NYG,TEN,lasttd,caesars,,,,2300,True,rotowire
20260925T040447Z,2026-09-24 23:04:49.239385-05:00,2978665,13491,Daniel Jones,IND,HOU,lasttd,fanduel,,,,2200,True,rotowire
20260925T040447Z,2026-09-24 23:04:49.239385-05:00,2978665,13491,Daniel Jones,IND,HOU,lasttd,caesars,,,,2800,True,rotowire
20260925T040447Z,2026-09-24 23:04:49.239385-05:00,2978645,13466,Dawson Knox,BUF,LAC,lasttd,draftkings,,,,2800,True,rotowire
20260925T040447Z,2026-09-24 23:04:49.239385-05:00,2978645,13466,Dawson Knox,BUF,LAC,lasttd,fanduel,,,,3000,True,rotowire
20260925T040447Z,2026-09-24 23:04:49.239385-05:00,2978645,13466,Dawson Knox,BUF,LAC,lasttd,caesars,,,,3000,True,rotowire
20260925T040447Z,2026-09-24 23:04:49.239385-05:00,2978653,16931,Cameron Latu,NE,@JAX,lasttd,draftkings,,,,3500,True,rotowire
20260925T040447Z,2026-09-24 23:04:49.239385-05:00,2978653,16931,Cameron Latu,NE,@JAX,lasttd,fanduel,,,,3000,True,rotowire
20260925T040447Z,2026-09-24 23:04:49.239385-05:00,2978653,16931,Cameron Latu,NE,@JAX,lasttd,caesars,,,,3300,True,rotowire
20260925T040447Z,2026-09-24 23:04:49.239385-05:00,2978672,10074,Marcus Mariota,WAS,SEA,lasttd,draftkings,,,,2200,True,rotowire
20260925T040447Z,2026-09-24 23:04:49.239385-05:00,2978672,10074,Marcus Mariota,WAS,SEA,lasttd,fanduel,,,,2500,True,rotowire
20260925T040447Z,2026-09-24 23:04:49.239385-05:00,2978672,10074,Marcus Mariota,WAS,SEA,lasttd,caesars,,,,2600,True,rotowire
20260925T040447Z,2026-09-24 23:04:49.239385-05:00,2978658,19247,Dohnte Meyers,CIN,@PIT,lasttd,draftkings,,,,3500,True,rotowire
20260925T040447Z,2026-09-24 23:04:49.239385-05:00,2978658,19247,Dohnte Meyers,CIN,@PIT,lasttd,fanduel,,,,2200,True,rotowire
20260925T040447Z,2026-09-24 23:04:49.239385-05:00,2978658,19247,Dohnte Meyers,CIN,@PIT,lasttd,caesars,,,,3300,True,rotowire
20260925T040447Z,2026-09-24 23:04:49.239385-05:00,2978683,17081,Konata Mumpfield,LAR,@DEN,lasttd,draftkings,,,,3000,,rotowire
20260925T040447Z,2026-09-24 23:04:49.239385-05:00,2978683,17081,Konata Mumpfield,LAR,@DEN,lasttd,fanduel,,,,2200,,rotowire
20260925T040447Z,2026-09-24 23:04:49.239385-05:00,2978683,17081,Konata Mumpfield,LAR,@DEN,lasttd,caesars,,,,2800,,rotowire
20260925T040447Z,2026-09-24 23:04:49.239385-05:00,2978653,19348,Eli Raridon,NE,@JAX,lasttd,draftkings,,,,4000,True,rotowire
20260925T040447Z,2026-09-24 23:04:49.239385-05:00,2978653,19348,Eli Raridon,NE,@JAX,lasttd,fanduel,,,,3000,True,rotowire
20260925T040447Z,2026-09-24 23:04:49.239385-05:00,2978653,19348,Eli Raridon,NE,@JAX,lasttd,caesars,,,,3500,True,rotowire
20260925T040447Z,2026-09-24 23:04:49.239385-05:00,2978662,18526,Raheim Sanders,CLE,CAR,lasttd,draftkings,,,,2200,True,rotowire
20260925T040447Z,2026-09-24 23:04:49.239385-05:00,2978662,18526,Raheim Sanders,CLE,CAR,lasttd,fanduel,,,,2200,True,rotowire
20260925T040447Z,2026-09-24 23:04:49.239385-05:00,2978662,18526,Raheim Sanders,CLE,CAR,lasttd,caesars,,,,2300,True,rotowire
20260925T040447Z,2026-09-24 23:04:49.239385-05:00,2978662,15371,Tommy Tremble,CAR,@CLE,lasttd,draftkings,,,,2500,True,rotowire
20260925T040447Z,2026-09-24 23:04:49.239385-05:00,2978662,15371,Tommy Tremble,CAR,@CLE,lasttd,fanduel,,,,2200,True,rotowire
20260925T040447Z,2026-09-24 23:04:49.239385-05:00,2978662,15371,Tommy Tremble,CAR,@CLE,lasttd,caesars,,,,2500,True,rotowire
20260925T040447Z,2026-09-24 23:04:49.239385-05:00,2978672,18540,Elijah Arroyo,SEA,@WAS,lasttd,draftkings,,,,2500,True,rotowire
20260925T040447Z,2026-09-24 23:04:49.239385-05:00,2978672,18540,Elijah Arroyo,SEA,@WAS,lasttd,fanduel,,,,3000,True,rotowire
20260925T040447Z,2026-09-24 23:04:49.239385-05:00,2978672,18540,Elijah Arroyo,SEA,@WAS,lasttd,caesars,,,,2900,True,rotowire
20260925T040447Z,2026-09-24 23:04:49.239385-05:00,2978653,19321,Josh Cameron,JAX,NE,lasttd,draftkings,,,,5500,True,rotowire
20260925T040447Z,2026-09-24 23:04:49.239385-05:00,2978653,19321,Josh Cameron,JAX,NE,lasttd,fanduel,,,,4500,True,rotowire
20260925T040447Z,2026-09-24 23:04:49.239385-05:00,2978653,19321,Josh Cameron,JAX,NE,lasttd,caesars,,,,5000,True,rotowire
20260925T040447Z,2026-09-24 23:04:49.239385-05:00,2978683,17719,Troy Franklin,DEN,LAR,lasttd,draftkings,,,,3000,True,rotowire
20260925T040447Z,2026-09-24 23:04:49.239385-05:00,2978683,17719,Troy Franklin,DEN,LAR,lasttd,fanduel,,,,2500,True,rotowire
20260925T040447Z,2026-09-24 23:04:49.239385-05:00,2978683,17719,Troy Franklin,DEN,LAR,lasttd,caesars,,,,2800,True,rotowire
20260925T040447Z,2026-09-24 23:04:49.239385-05:00,2978665,19303,Seth McGowan,IND,HOU,lasttd,draftkings,,,,2500,True,rotowire
20260925T040447Z,2026-09-24 23:04:49.239385-05:00,2978665,19303,Seth McGowan,IND,HOU,lasttd,fanduel,,,,2700,True,rotowire
20260925T040447Z,2026-09-24 23:04:49.239385-05:00,2978665,19303,Seth McGowan,IND,HOU,lasttd,caesars,,,,3000,True,rotowire
20260925T040447Z,2026-09-24 23:04:49.239385-05:00,2978683,16849,Marvin Mims,DEN,LAR,lasttd,draftkings,,,,4000,True,rotowire
20260925T040447Z,2026-09-24 23:04:49.239385-05:00,2978683,16849,Marvin Mims,DEN,LAR,lasttd,fanduel,,,,2500,True,rotowire
20260925T040447Z,2026-09-24 23:04:49.239385-05:00,2978683,16849,Marvin Mims,DEN,LAR,lasttd,caesars,,,,3500,True,rotowire
20260925T040447Z,2026-09-24 23:04:49.239385-05:00,2978666,14510,Darnell Mooney,NYG,TEN,lasttd,draftkings,,,,2500,True,rotowire
20260925T040447Z,2026-09-24 23:04:49.239385-05:00,2978666,14510,Darnell Mooney,NYG,TEN,lasttd,fanduel,,,,2700,True,rotowire
20260925T040447Z,2026-09-24 23:04:49.239385-05:00,2978666,14510,Darnell Mooney,NYG,TEN,lasttd,caesars,,,,2700,True,rotowire
20260925T040447Z,2026-09-24 23:04:49.239385-05:00,2978686,12316,Johnny Mundt,PHI,@CHI,lasttd,draftkings,,,,2500,True,rotowire
20260925T040447Z,2026-09-24 23:04:49.239385-05:00,2978686,12316,Johnny Mundt,PHI,@CHI,lasttd,fanduel,,,,2700,True,rotowire
20260925T040447Z,2026-09-24 23:04:49.239385-05:00,2978686,12316,Johnny Mundt,PHI,@CHI,lasttd,caesars,,,,2700,True,rotowire
20260925T040447Z,2026-09-24 23:04:49.239385-05:00,2978666,12616,Calvin Ridley,TEN,@NYG,lasttd,draftkings,,,,2800,True,rotowire
20260925T040447Z,2026-09-24 23:04:49.239385-05:00,2978666,12616,Calvin Ridley,TEN,@NYG,lasttd,fanduel,,,,2500,True,rotowire
20260925T040447Z,2026-09-24 23:04:49.239385-05:00,2978666,12616,Calvin Ridley,TEN,@NYG,lasttd,caesars,,,,2600,True,rotowire
20260925T040447Z,2026-09-24 23:04:49.239385-05:00,2978658,4307,Aaron Rodgers,PIT,CIN,lasttd,draftkings,,,,6500,True,rotowire
20260925T040447Z,2026-09-24 23:04:49.239385-05:00,2978658,4307,Aaron Rodgers,PIT,CIN,lasttd,fanduel,,,,3500,True,rotowire
20260925T040447Z,2026-09-24 23:04:49.239385-05:00,2978658,4307,Aaron Rodgers,PIT,CIN,lasttd,caesars,,,,4500,True,rotowire
20260925T040447Z,2026-09-24 23:04:49.239385-05:00,2978656,15996,Jeremy Ruckert,NYJ,@DET,lasttd,fanduel,,,,2500,True,rotowire
20260925T040447Z,2026-09-24 23:04:49.239385-05:00,2978656,15996,Jeremy Ruckert,NYJ,@DET,lasttd,caesars,,,,3000,True,rotowire
20260925T040447Z,2026-09-24 23:04:49.239385-05:00,2978658,13809,Drew Sample,CIN,@PIT,lasttd,draftkings,,,,2500,True,rotowire
20260925T040447Z,2026-09-24 23:04:49.239385-05:00,2978658,13809,Drew Sample,CIN,@PIT,lasttd,fanduel,,,,2700,True,rotowire
20260925T040447Z,2026-09-24 23:04:49.239385-05:00,2978658,13809,Drew Sample,CIN,@PIT,lasttd,caesars,,,,2800,True,rotowire
20260925T040447Z,2026-09-24 23:04:49.239385-05:00,2978656,8743,Geno Smith,NYJ,@DET,lasttd,fanduel,,,,3500,True,rotowire
20260925T040447Z,2026-09-24 23:04:49.239385-05:00,2978656,8743,Geno Smith,NYJ,@DET,lasttd,caesars,,,,3500,True,rotowire
20260925T040447Z,2026-09-24 23:04:49.239385-05:00,2978392,12807,Durham Smythe,BAL,@DAL,lasttd,draftkings,,,,4000,True,rotowire
20260925T040447Z,2026-09-24 23:04:49.239385-05:00,2978392,12807,Durham Smythe,BAL,@DAL,lasttd,fanduel,,,,3300,True,rotowire
20260925T040447Z,2026-09-24 23:04:49.239385-05:00,2978392,12807,Durham Smythe,BAL,@DAL,lasttd,caesars,,,,3500,True,rotowire
20260925T040447Z,2026-09-24 23:04:49.239385-05:00,2978683,14541,Adam Trautman,DEN,LAR,lasttd,draftkings,,,,3000,True,rotowire
20260925T040447Z,2026-09-24 23:04:49.239385-05:00,2978683,14541,Adam Trautman,DEN,LAR,lasttd,fanduel,,,,2500,True,rotowire
20260925T040447Z,2026-09-24 23:04:49.239385-05:00,2978683,14541,Adam Trautman,DEN,LAR,lasttd,caesars,,,,2800,True,rotowire
20260925T040447Z,2026-09-24 23:04:49.239385-05:00,2978392,13894,KaVontae Turpin,DAL,BAL,lasttd,draftkings,,,,5000,True,rotowire
20260925T040447Z,2026-09-24 23:04:49.239385-05:00,2978392,13894,KaVontae Turpin,DAL,BAL,lasttd,fanduel,,,,3300,True,rotowire
20260925T040447Z,2026-09-24 23:04:49.239385-05:00,2978392,13894,KaVontae Turpin,DAL,BAL,lasttd,caesars,,,,4000,True,rotowire
20260925T040447Z,2026-09-24 23:04:49.239385-05:00,2978656,17760,Sione Vaki,DET,NYJ,lasttd,fanduel,,,,2500,True,rotowire
20260925T040447Z,2026-09-24 23:04:49.239385-05:00,2978656,17760,Sione Vaki,DET,NYJ,lasttd,caesars,,,,2900,True,rotowire
20260925T040447Z,2026-09-24 23:04:49.239385-05:00,2978392,17728,Devontez Walker,BAL,@DAL,lasttd,draftkings,,,,3500,True,rotowire
20260925T040447Z,2026-09-24 23:04:49.239385-05:00,2978392,17728,Devontez Walker,BAL,@DAL,lasttd,fanduel,,,,3500,True,rotowire
20260925T040447Z,2026-09-24 23:04:49.239385-05:00,2978392,17728,Devontez Walker,BAL,@DAL,lasttd,caesars,,,,4000,True,rotowire
20260925T040447Z,2026-09-24 23:04:49.239385-05:00,2978653,19126,Kyle Williams,NE,@JAX,lasttd,draftkings,,,,3500,True,rotowire
20260925T040447Z,2026-09-24 23:04:49.239385-05:00,2978653,19126,Kyle Williams,NE,@JAX,lasttd,fanduel,,,,3500,True,rotowire
20260925T040447Z,2026-09-24 23:04:49.239385-05:00,2978653,19126,Kyle Williams,NE,@JAX,lasttd,caesars,,,,3500,True,rotowire
20260925T040447Z,2026-09-24 23:04:49.239385-05:00,2978656,15681,Brock Wright,DET,NYJ,lasttd,fanduel,,,,3500,True,rotowire
20260925T040447Z,2026-09-24 23:04:49.239385-05:00,2978656,15681,Brock Wright,DET,NYJ,lasttd,caesars,,,,4000,True,rotowire
20260925T040447Z,2026-09-24 23:04:49.239385-05:00,2978672,15274,Dyami Brown,WAS,SEA,lasttd,draftkings,,,,2800,True,rotowire
20260925T040447Z,2026-09-24 23:04:49.239385-05:00,2978672,15274,Dyami Brown,WAS,SEA,lasttd,fanduel,,,,2700,True,rotowire
20260925T040447Z,2026-09-24 23:04:49.239385-05:00,2978672,15274,Dyami Brown,WAS,SEA,lasttd,caesars,,,,2800,True,rotowire
20260925T040447Z,2026-09-24 23:04:49.239385-05:00,2978649,19322,Kevin Coleman,MIA,KC,lasttd,draftkings,,,,3500,True,rotowire
20260925T040447Z,2026-09-24 23:04:49.239385-05:00,2978649,19322,Kevin Coleman,MIA,KC,lasttd,fanduel,,,,2700,True,rotowire
20260925T040447Z,2026-09-24 23:04:49.239385-05:00,2978649,19322,Kevin Coleman,MIA,KC,lasttd,caesars,,,,3300,True,rotowire
20260925T040447Z,2026-09-24 23:04:49.239385-05:00,2978672,12490,Sam Darnold,SEA,@WAS,lasttd,draftkings,,,,2800,True,rotowire
20260925T040447Z,2026-09-24 23:04:49.239385-05:00,2978672,12490,Sam Darnold,SEA,@WAS,lasttd,fanduel,,,,2700,True,rotowire
20260925T040447Z,2026-09-24 23:04:49.239385-05:00,2978672,12490,Sam Darnold,SEA,@WAS,lasttd,caesars,,,,2900,True,rotowire
20260925T040447Z,2026-09-24 23:04:49.239385-05:00,2978665,13854,Ashton Dulin,IND,HOU,lasttd,draftkings,,,,5500,True,rotowire
20260925T040447Z,2026-09-24 23:04:49.239385-05:00,2978665,13854,Ashton Dulin,IND,HOU,lasttd,fanduel,,,,2700,True,rotowire
20260925T040447Z,2026-09-24 23:04:49.239385-05:00,2978665,13854,Ashton Dulin,IND,HOU,lasttd,caesars,,,,4000,True,rotowire
20260925T040447Z,2026-09-24 23:04:49.239385-05:00,2978665,18443,DJ Giddens,IND,HOU,lasttd,draftkings,,,,3500,True,rotowire
20260925T040447Z,2026-09-24 23:04:49.239385-05:00,2978665,18443,DJ Giddens,IND,HOU,lasttd,fanduel,,,,2700,True,rotowire
20260925T040447Z,2026-09-24 23:04:49.239385-05:00,2978665,18443,DJ Giddens,IND,HOU,lasttd,caesars,,,,3500,True,rotowire
20260925T040447Z,2026-09-24 23:04:49.239385-05:00,2978672,17772,Tory Horton,SEA,@WAS,lasttd,draftkings,,,,3000,True,rotowire
20260925T040447Z,2026-09-24 23:04:49.239385-05:00,2978672,17772,Tory Horton,SEA,@WAS,lasttd,fanduel,,,,2700,True,rotowire
20260925T040447Z,2026-09-24 23:04:49.239385-05:00,2978672,17772,Tory Horton,SEA,@WAS,lasttd,caesars,,,,3000,True,rotowire
20260925T040447Z,2026-09-24 23:04:49.239385-05:00,2978686,16772,Roschon Johnson,CHI,PHI,lasttd,fanduel,,,,2700,True,rotowire
20260925T040447Z,2026-09-24 23:04:49.239385-05:00,2978686,14436,Cole Kmet,CHI,PHI,lasttd,fanduel,,,,2700,True,rotowire
20260925T040447Z,2026-09-24 23:04:49.239385-05:00,2978686,14436,Cole Kmet,CHI,PHI,lasttd,caesars,,,,2900,True,rotowire
20260925T040447Z,2026-09-24 23:04:49.239385-05:00,2978665,16886,C.J. Stroud,HOU,@IND,lasttd,draftkings,,,,3500,True,rotowire
20260925T040447Z,2026-09-24 23:04:49.239385-05:00,2978665,16886,C.J. Stroud,HOU,@IND,lasttd,fanduel,,,,2700,True,rotowire
20260925T040447Z,2026-09-24 23:04:49.239385-05:00,2978665,16886,C.J. Stroud,HOU,@IND,lasttd,caesars,,,,3000,True,rotowire
20260925T040447Z,2026-09-24 23:04:49.239385-05:00,2978649,16010,Jalen Tolbert,MIA,KC,lasttd,draftkings,,,,3000,True,rotowire
20260925T040447Z,2026-09-24 23:04:49.239385-05:00,2978649,16010,Jalen Tolbert,MIA,KC,lasttd,fanduel,,,,2700,True,rotowire
20260925T040447Z,2026-09-24 23:04:49.239385-05:00,2978649,16010,Jalen Tolbert,MIA,KC,lasttd,caesars,,,,3000,True,rotowire
20260925T040447Z,2026-09-24 23:04:49.239385-05:00,2978665,10739,Laquon Treadwell,IND,HOU,lasttd,draftkings,,,,3000,True,rotowire
20260925T040447Z,2026-09-24 23:04:49.239385-05:00,2978665,10739,Laquon Treadwell,IND,HOU,lasttd,fanduel,,,,2700,True,rotowire
20260925T040447Z,2026-09-24 23:04:49.239385-05:00,2978665,10739,Laquon Treadwell,IND,HOU,lasttd,caesars,,,,3000,True,rotowire
20260925T040447Z,2026-09-24 23:04:49.239385-05:00,2978642,16728,Sean Tucker,TB,MIN,lasttd,draftkings,,,,3000,True,rotowire
20260925T040447Z,2026-09-24 23:04:49.239385-05:00,2978642,16728,Sean Tucker,TB,MIN,lasttd,fanduel,,,,2700,True,rotowire
20260925T040447Z,2026-09-24 23:04:49.239385-05:00,2978642,16728,Sean Tucker,TB,MIN,lasttd,caesars,,,,3000,True,rotowire
20260925T040447Z,2026-09-24 23:04:49.239385-05:00,2978658,17696,Erick All,CIN,@PIT,lasttd,draftkings,,,,2800,True,rotowire
20260925T040447Z,2026-09-24 23:04:49.239385-05:00,2978658,17696,Erick All,CIN,@PIT,lasttd,fanduel,,,,3500,True,rotowire
20260925T040447Z,2026-09-24 23:04:49.239385-05:00,2978658,17696,Erick All,CIN,@PIT,lasttd,caesars,,,,3500,True,rotowire
20260925T040447Z,2026-09-24 23:04:49.239385-05:00,2978653,18476,LeQuint Allen,JAX,NE,lasttd,draftkings,,,,2800,True,rotowire
20260925T040447Z,2026-09-24 23:04:49.239385-05:00,2978653,18476,LeQuint Allen,JAX,NE,lasttd,fanduel,,,,5500,True,rotowire
20260925T040447Z,2026-09-24 23:04:49.239385-05:00,2978653,18476,LeQuint Allen,JAX,NE,lasttd,caesars,,,,4000,True,rotowire
20260925T040447Z,2026-09-24 23:04:49.239385-05:00,2978674,13418,KhaDarel Hodge,SF,ARI,lasttd,draftkings,,,,2800,True,rotowire
20260925T040447Z,2026-09-24 23:04:49.239385-05:00,2978674,13418,KhaDarel Hodge,SF,ARI,lasttd,fanduel,,,,3000,True,rotowire
20260925T040447Z,2026-09-24 23:04:49.239385-05:00,2978674,13418,KhaDarel Hodge,SF,ARI,lasttd,caesars,,,,3000,True,rotowire
20260925T040447Z,2026-09-24 23:04:49.239385-05:00,2978653,10126,Ameer Abdullah,JAX,NE,lasttd,draftkings,,,,3000,True,rotowire
20260925T040447Z,2026-09-24 23:04:49.239385-05:00,2978653,10126,Ameer Abdullah,JAX,NE,lasttd,fanduel,,,,4000,True,rotowire
20260925T040447Z,2026-09-24 23:04:49.239385-05:00,2978653,10126,Ameer Abdullah,JAX,NE,lasttd,caesars,,,,3500,True,rotowire
20260925T040447Z,2026-09-24 23:04:49.239385-05:00,2978672,18533,Kaytron Allen,WAS,SEA,lasttd,draftkings,,,,3000,True,rotowire
20260925T040447Z,2026-09-24 23:04:49.239385-05:00,2978672,18533,Kaytron Allen,WAS,SEA,lasttd,fanduel,,,,3300,True,rotowire
20260925T040447Z,2026-09-24 23:04:49.239385-05:00,2978672,18533,Kaytron Allen,WAS,SEA,lasttd,caesars,,,,3300,True,rotowire
20260925T040447Z,2026-09-24 23:04:49.239385-05:00,2978666,15921,Julius Chestnut,TEN,@NYG,lasttd,draftkings,,,,3000,True,rotowire
20260925T040447Z,2026-09-24 23:04:49.239385-05:00,2978666,15921,Julius Chestnut,TEN,@NYG,lasttd,fanduel,,,,4000,True,rotowire
20260925T040447Z,2026-09-24 23:04:49.239385-05:00,2978666,15921,Julius Chestnut,TEN,@NYG,lasttd,caesars,,,,4000,True,rotowire
20260925T040447Z,2026-09-24 23:04:49.239385-05:00,2978674,17008,Jacob Cowing,SF,ARI,lasttd,draftkings,,,,3000,True,rotowire
20260925T040447Z,2026-09-24 23:04:49.239385-05:00,2978674,17008,Jacob Cowing,SF,ARI,lasttd,fanduel,,,,3000,True,rotowire
20260925T040447Z,2026-09-24 23:04:49.239385-05:00,2978674,17008,Jacob Cowing,SF,ARI,lasttd,caesars,,,,3000,True,rotowire
20260925T040447Z,2026-09-24 23:04:49.239385-05:00,2978662,18545,Mitchell Evans,CAR,@CLE,lasttd,draftkings,,,,4500,True,rotowire
20260925T040447Z,2026-09-24 23:04:49.239385-05:00,2978662,18545,Mitchell Evans,CAR,@CLE,lasttd,fanduel,,,,3000,True,rotowire
20260925T040447Z,2026-09-24 23:04:49.239385-05:00,2978662,18545,Mitchell Evans,CAR,@CLE,lasttd,caesars,,,,4000,True,rotowire
20260925T040447Z,2026-09-24 23:04:49.239385-05:00,2978674,15566,Luke Farrell,SF,ARI,lasttd,draftkings,,,,4000,True,rotowire
20260925T040447Z,2026-09-24 23:04:49.239385-05:00,2978674,15566,Luke Farrell,SF,ARI,lasttd,fanduel,,,,4500,True,rotowire
20260925T040447Z,2026-09-24 23:04:49.239385-05:00,2978674,15566,Luke Farrell,SF,ARI,lasttd,caesars,,,,4500,True,rotowire
20260925T040447Z,2026-09-24 23:04:49.239385-05:00,2978653,18578,Travis Hunter,JAX,NE,lasttd,fanduel,,,,4000,True,rotowire
20260925T040447Z,2026-09-24 23:04:49.239385-05:00,2978653,18578,Travis Hunter,JAX,NE,lasttd,caesars,,,,4000,True,rotowire
20260925T040447Z,2026-09-24 23:04:49.239385-05:00,2978642,18484,Tez Johnson,TB,MIN,lasttd,draftkings,,,,3500,True,rotowire
20260925T040447Z,2026-09-24 23:04:49.239385-05:00,2978642,18484,Tez Johnson,TB,MIN,lasttd,fanduel,,,,3000,True,rotowire
20260925T040447Z,2026-09-24 23:04:49.239385-05:00,2978642,18484,Tez Johnson,TB,MIN,lasttd,caesars,,,,3300,True,rotowire
20260925T040447Z,2026-09-24 23:04:49.239385-05:00,2978666,17021,Theo Johnson,NYG,TEN,lasttd,draftkings,,,,4500,True,rotowire
20260925T040447Z,2026-09-24 23:04:49.239385-05:00,2978666,17021,Theo Johnson,NYG,TEN,lasttd,fanduel,,,,3000,True,rotowire
20260925T040447Z,2026-09-24 23:04:49.239385-05:00,2978666,17021,Theo Johnson,NYG,TEN,lasttd,caesars,,,,3300,True,rotowire
20260925T040447Z,2026-09-24 23:04:49.239385-05:00,2978642,18307,Kameron Johnson,TB,MIN,lasttd,draftkings,,,,4000,True,rotowire
20260925T040447Z,2026-09-24 23:04:49.239385-05:00,2978642,18307,Kameron Johnson,TB,MIN,lasttd,fanduel,,,,3000,True,rotowire
20260925T040447Z,2026-09-24 23:04:49.239385-05:00,2978642,18307,Kameron Johnson,TB,MIN,lasttd,caesars,,,,3500,True,rotowire
20260925T040447Z,2026-09-24 23:04:49.239385-05:00,2978674,8930,Kyle Juszczyk,SF,ARI,lasttd,draftkings,,,,4000,True,rotowire
20260925T040447Z,2026-09-24 23:04:49.239385-05:00,2978674,8930,Kyle Juszczyk,SF,ARI,lasttd,fanduel,,,,3000,True,rotowire
20260925T040447Z,2026-09-24 23:04:49.239385-05:00,2978674,8930,Kyle Juszczyk,SF,ARI,lasttd,caesars,,,,3500,True,rotowire
20260925T040447Z,2026-09-24 23:04:49.239385-05:00,2978649,19450,Will Kacmarek,MIA,KC,lasttd,draftkings,,,,4500,True,rotowire
20260925T040447Z,2026-09-24 23:04:49.239385-05:00,2978649,19450,Will Kacmarek,MIA,KC,lasttd,fanduel,,,,3000,True,rotowire
20260925T040447Z,2026-09-24 23:04:49.239385-05:00,2978649,19450,Will Kacmarek,MIA,KC,lasttd,caesars,,,,4000,True,rotowire
20260925T040447Z,2026-09-24 23:04:49.239385-05:00,2978662,17319,Jaleel McLaughlin,CLE,CAR,lasttd,draftkings,,,,3000,True,rotowire
20260925T040447Z,2026-09-24 23:04:49.239385-05:00,2978662,17319,Jaleel McLaughlin,CLE,CAR,lasttd,fanduel,,,,7000,True,rotowire
20260925T040447Z,2026-09-24 23:04:49.239385-05:00,2978662,17319,Jaleel McLaughlin,CLE,CAR,lasttd,caesars,,,,4500,True,rotowire
20260925T040447Z,2026-09-24 23:04:49.239385-05:00,2978662,17748,Ja'Tavion Sanders,CAR,@CLE,lasttd,draftkings,,,,4500,True,rotowire
20260925T040447Z,2026-09-24 23:04:49.239385-05:00,2978662,17748,Ja'Tavion Sanders,CAR,@CLE,lasttd,fanduel,,,,3000,True,rotowire
20260925T040447Z,2026-09-24 23:04:49.239385-05:00,2978662,17748,Ja'Tavion Sanders,CAR,@CLE,lasttd,caesars,,,,4000,True,rotowire
20260925T040447Z,2026-09-24 23:04:49.239385-05:00,2978683,17467,Xavier Smith,LAR,@DEN,lasttd,draftkings,,,,3500,,rotowire
20260925T040447Z,2026-09-24 23:04:49.239385-05:00,2978683,17467,Xavier Smith,LAR,@DEN,lasttd,fanduel,,,,3000,,rotowire
20260925T040447Z,2026-09-24 23:04:49.239385-05:00,2978683,17467,Xavier Smith,LAR,@DEN,lasttd,caesars,,,,3500,,rotowire
20260925T040447Z,2026-09-24 23:04:49.239385-05:00,2978665,16847,Jared Wayne,HOU,@IND,lasttd,draftkings,,,,3000,True,rotowire
20260925T040447Z,2026-09-24 23:04:49.239385-05:00,2978665,16847,Jared Wayne,HOU,@IND,lasttd,fanduel,,,,3500,True,rotowire
20260925T040447Z,2026-09-24 23:04:49.239385-05:00,2978665,16847,Jared Wayne,HOU,@IND,lasttd,caesars,,,,3300,True,rotowire
20260925T040447Z,2026-09-24 23:04:49.239385-05:00,2978683,17030,Davis Allen,LAR,@DEN,lasttd,draftkings,,,,4500,,rotowire
20260925T040447Z,2026-09-24 23:04:49.239385-05:00,2978683,17030,Davis Allen,LAR,@DEN,lasttd,fanduel,,,,3300,,rotowire
20260925T040447Z,2026-09-24 23:04:49.239385-05:00,2978683,17030,Davis Allen,LAR,@DEN,lasttd,caesars,,,,4000,,rotowire
20260925T040447Z,2026-09-24 23:04:49.239385-05:00,2978678,19432,Malik Benson,LV,@NO,lasttd,draftkings,,,,4000,True,rotowire
20260925T040447Z,2026-09-24 23:04:49.239385-05:00,2978678,19432,Malik Benson,LV,@NO,lasttd,fanduel,,,,3300,True,rotowire
20260925T040447Z,2026-09-24 23:04:49.239385-05:00,2978678,19432,Malik Benson,LV,@NO,lasttd,caesars,,,,4000,True,rotowire
20260925T040447Z,2026-09-24 23:04:49.239385-05:00,2978666,18641,Chimere Dike,TEN,@NYG,lasttd,draftkings,,,,4000,True,rotowire
20260925T040447Z,2026-09-24 23:04:49.239385-05:00,2978666,18641,Chimere Dike,TEN,@NYG,lasttd,fanduel,,,,3300,True,rotowire
20260925T040447Z,2026-09-24 23:04:49.239385-05:00,2978666,18641,Chimere Dike,TEN,@NYG,lasttd,caesars,,,,4000,True,rotowire
20260925T040447Z,2026-09-24 23:04:49.239385-05:00,2978665,13822,Foster Moreau,HOU,@IND,lasttd,draftkings,,,,4000,True,rotowire
20260925T040447Z,2026-09-24 23:04:49.239385-05:00,2978665,13822,Foster Moreau,HOU,@IND,lasttd,fanduel,,,,3300,True,rotowire
20260925T040447Z,2026-09-24 23:04:49.239385-05:00,2978665,13822,Foster Moreau,HOU,@IND,lasttd,caesars,,,,3500,True,rotowire
20260925T040447Z,2026-09-24 23:04:49.239385-05:00,2978678,15922,Dareke Young,LV,@NO,lasttd,fanduel,,,,3300,True,rotowire
20260925T040447Z,2026-09-24 23:04:49.239385-05:00,2978678,15922,Dareke Young,LV,@NO,lasttd,caesars,,,,4000,True,rotowire
20260925T040447Z,2026-09-24 23:04:49.239385-05:00,2978645,19251,Skyler Bell,BUF,LAC,lasttd,draftkings,,,,3500,True,rotowire
20260925T040447Z,2026-09-24 23:04:49.239385-05:00,2978645,19251,Skyler Bell,BUF,LAC,lasttd,fanduel,,,,4500,True,rotowire
20260925T040447Z,2026-09-24 23:04:49.239385-05:00,2978645,19251,Skyler Bell,BUF,LAC,lasttd,caesars,,,,4000,True,rotowire
20260925T040447Z,2026-09-24 23:04:49.239385-05:00,2978653,18889,Efton Chism,NE,@JAX,lasttd,draftkings,,,,5000,True,rotowire
20260925T040447Z,2026-09-24 23:04:49.239385-05:00,2978653,18889,Efton Chism,NE,@JAX,lasttd,fanduel,,,,3500,True,rotowire
20260925T040447Z,2026-09-24 23:04:49.239385-05:00,2978653,18889,Efton Chism,NE,@JAX,lasttd,caesars,,,,5000,True,rotowire
20260925T040447Z,2026-09-24 23:04:49.239385-05:00,2978645,17792,Ray Davis,BUF,LAC,lasttd,draftkings,,,,3500,True,rotowire
20260925T040447Z,2026-09-24 23:04:49.239385-05:00,2978645,17792,Ray Davis,BUF,LAC,lasttd,fanduel,,,,3500,True,rotowire
20260925T040447Z,2026-09-24 23:04:49.239385-05:00,2978645,17792,Ray Davis,BUF,LAC,lasttd,caesars,,,,4000,True,rotowire
20260925T040447Z,2026-09-24 23:04:49.239385-05:00,2978653,14844,Reggie Gilliam,NE,@JAX,lasttd,draftkings,,,,9000,True,rotowire
20260925T040447Z,2026-09-24 23:04:49.239385-05:00,2978653,14844,Reggie Gilliam,NE,@JAX,lasttd,fanduel,,,,5000,True,rotowire
20260925T040447Z,2026-09-24 23:04:49.239385-05:00,2978653,14844,Reggie Gilliam,NE,@JAX,lasttd,caesars,,,,7000,True,rotowire
20260925T040447Z,2026-09-24 23:04:49.239385-05:00,2978656,10729,Jared Goff,DET,NYJ,lasttd,fanduel,,,,6000,True,rotowire
20260925T040447Z,2026-09-24 23:04:49.239385-05:00,2978656,10729,Jared Goff,DET,NYJ,lasttd,caesars,,,,6600,True,rotowire
20260925T040447Z,2026-09-24 23:04:49.239385-05:00,2978653,18532,Corey Kiner,NE,@JAX,lasttd,draftkings,,,,5000,True,rotowire
20260925T040447Z,2026-09-24 23:04:49.239385-05:00,2978653,18532,Corey Kiner,NE,@JAX,lasttd,fanduel,,,,5500,True,rotowire
20260925T040447Z,2026-09-24 23:04:49.239385-05:00,2978653,18532,Corey Kiner,NE,@JAX,lasttd,caesars,,,,6000,True,rotowire
20260925T040447Z,2026-09-24 23:04:49.239385-05:00,2978674,15246,Hunter Long,ARI,@SF,lasttd,draftkings,,,,4500,True,rotowire
20260925T040447Z,2026-09-24 23:04:49.239385-05:00,2978674,15246,Hunter Long,ARI,@SF,lasttd,fanduel,,,,3500,True,rotowire
20260925T040447Z,2026-09-24 23:04:49.239385-05:00,2978674,15246,Hunter Long,ARI,@SF,lasttd,caesars,,,,4000,True,rotowire
20260925T040447Z,2026-09-24 23:04:49.239385-05:00,2978392,17000,Hunter Luepke,DAL,BAL,lasttd,draftkings,,,,6000,True,rotowire
20260925T040447Z,2026-09-24 23:04:49.239385-05:00,2978392,17000,Hunter Luepke,DAL,BAL,lasttd,fanduel,,,,5000,True,rotowire
20260925T040447Z,2026-09-24 23:04:49.239385-05:00,2978392,17000,Hunter Luepke,DAL,BAL,lasttd,caesars,,,,6000,True,rotowire
20260925T040447Z,2026-09-24 23:04:49.239385-05:00,2978392,19310,Elijah Sarratt,BAL,@DAL,lasttd,draftkings,,,,4500,True,rotowire
20260925T040447Z,2026-09-24 23:04:49.239385-05:00,2978392,19310,Elijah Sarratt,BAL,@DAL,lasttd,fanduel,,,,3500,True,rotowire
20260925T040447Z,2026-09-24 23:04:49.239385-05:00,2978392,19310,Elijah Sarratt,BAL,@DAL,lasttd,caesars,,,,4000,True,rotowire
20260925T040447Z,2026-09-24 23:04:49.239385-05:00,2978392,16855,Luke Schoonmaker,DAL,BAL,lasttd,draftkings,,,,6500,True,rotowire
20260925T040447Z,2026-09-24 23:04:49.239385-05:00,2978392,16855,Luke Schoonmaker,DAL,BAL,lasttd,fanduel,,,,5500,True,rotowire
20260925T040447Z,2026-09-24 23:04:49.239385-05:00,2978392,16855,Luke Schoonmaker,DAL,BAL,lasttd,caesars,,,,6500,True,rotowire
20260925T040447Z,2026-09-24 23:04:49.239385-05:00,2978649,18529,Brashard Smith,KC,@MIA,lasttd,draftkings,,,,3500,True,rotowire
20260925T040447Z,2026-09-24 23:04:49.239385-05:00,2978649,18529,Brashard Smith,KC,@MIA,lasttd,fanduel,,,,5500,True,rotowire
20260925T040447Z,2026-09-24 23:04:49.239385-05:00,2978649,18529,Brashard Smith,KC,@MIA,lasttd,caesars,,,,5000,True,rotowire
20260925T040447Z,2026-09-24 23:04:49.239385-05:00,2978392,17908,Brevyn Spann-Ford,DAL,BAL,lasttd,draftkings,,,,6000,True,rotowire
20260925T040447Z,2026-09-24 23:04:49.239385-05:00,2978392,17908,Brevyn Spann-Ford,DAL,BAL,lasttd,fanduel,,,,5500,True,rotowire
20260925T040447Z,2026-09-24 23:04:49.239385-05:00,2978392,17908,Brevyn Spann-Ford,DAL,BAL,lasttd,caesars,,,,6000,True,rotowire
20260925T040447Z,2026-09-24 23:04:49.239385-05:00,2978666,17967,Tyrone Tracy,NYG,TEN,lasttd,draftkings,,,,3500,True,rotowire
20260925T040447Z,2026-09-24 23:04:49.239385-05:00,2978666,17967,Tyrone Tracy,NYG,TEN,lasttd,fanduel,,,,5500,True,rotowire
20260925T040447Z,2026-09-24 23:04:49.239385-05:00,2978666,17967,Tyrone Tracy,NYG,TEN,lasttd,caesars,,,,4500,True,rotowire
20260925T040447Z,2026-09-24 23:04:49.239385-05:00,2978662,17330,Brycen Tremayne,CAR,@CLE,lasttd,draftkings,,,,6500,True,rotowire
20260925T040447Z,2026-09-24 23:04:49.239385-05:00,2978662,17330,Brycen Tremayne,CAR,@CLE,lasttd,fanduel,,,,3500,True,rotowire
20260925T040447Z,2026-09-24 23:04:49.239385-05:00,2978662,17330,Brycen Tremayne,CAR,@CLE,lasttd,caesars,,,,5000,True,rotowire
20260925T040447Z,2026-09-24 23:04:49.239385-05:00,2978645,17821,Kimani Vidal,LAC,@BUF,lasttd,fanduel,,,,3500,True,rotowire
20260925T040447Z,2026-09-24 23:04:49.239385-05:00,2978645,17821,Kimani Vidal,LAC,@BUF,lasttd,caesars,,,,4000,True,rotowire
20260925T040447Z,2026-09-24 23:04:49.239385-05:00,2978662,17130,Blake Whiteheart,CLE,CAR,lasttd,draftkings,,,,6500,True,rotowire
20260925T040447Z,2026-09-24 23:04:49.239385-05:00,2978662,17130,Blake Whiteheart,CLE,CAR,lasttd,fanduel,,,,3500,True,rotowire
20260925T040447Z,2026-09-24 23:04:49.239385-05:00,2978662,17130,Blake Whiteheart,CLE,CAR,lasttd,caesars,,,,5000,True,rotowire
20260925T040447Z,2026-09-24 23:04:49.239385-05:00,2978665,12196,Mo Alie-Cox,IND,HOU,lasttd,draftkings,,,,4500,True,rotowire
20260925T040447Z,2026-09-24 23:04:49.239385-05:00,2978665,12196,Mo Alie-Cox,IND,HOU,lasttd,fanduel,,,,4000,True,rotowire
20260925T040447Z,2026-09-24 23:04:49.239385-05:00,2978665,12196,Mo Alie-Cox,IND,HOU,lasttd,caesars,,,,4500,True,rotowire
20260925T040447Z,2026-09-24 23:04:49.239385-05:00,2978672,15289,John Bates,WAS,SEA,lasttd,draftkings,,,,7000,True,rotowire
20260925T040447Z,2026-09-24 23:04:49.239385-05:00,2978672,15289,John Bates,WAS,SEA,lasttd,fanduel,,,,4000,True,rotowire
20260925T040447Z,2026-09-24 23:04:49.239385-05:00,2978672,15289,John Bates,WAS,SEA,lasttd,caesars,,,,5500,True,rotowire
20260925T040447Z,2026-09-24 23:04:49.239385-05:00,2978686,13502,Hollywood Brown,PHI,@CHI,lasttd,draftkings,,,,4000,True,rotowire
20260925T040447Z,2026-09-24 23:04:49.239385-05:00,2978686,13502,Hollywood Brown,PHI,@CHI,lasttd,fanduel,,,,6000,True,rotowire
20260925T040447Z,2026-09-24 23:04:49.239385-05:00,2978686,13502,Hollywood Brown,PHI,@CHI,lasttd,caesars,,,,5000,True,rotowire
20260925T040447Z,2026-09-24 23:04:49.239385-05:00,2978672,15896,Treylon Burks,WAS,SEA,lasttd,draftkings,,,,5000,True,rotowire
20260925T040447Z,2026-09-24 23:04:49.239385-05:00,2978672,15896,Treylon Burks,WAS,SEA,lasttd,fanduel,,,,4000,True,rotowire
20260925T040447Z,2026-09-24 23:04:49.239385-05:00,2978686,18958,Darius Cooper,PHI,@CHI,lasttd,fanduel,,,,4000,True,rotowire
20260925T040447Z,2026-09-24 23:04:49.239385-05:00,2978686,18958,Darius Cooper,PHI,@CHI,lasttd,caesars,,,,4500,True,rotowire
20260925T040447Z,2026-09-24 23:04:49.239385-05:00,2978392,19426,Josh Cuevas,BAL,@DAL,lasttd,draftkings,,,,8000,True,rotowire
20260925T040447Z,2026-09-24 23:04:49.239385-05:00,2978392,19426,Josh Cuevas,BAL,@DAL,lasttd,fanduel,,,,7000,True,rotowire
20260925T040447Z,2026-09-24 23:04:49.239385-05:00,2978392,19426,Josh Cuevas,BAL,@DAL,lasttd,caesars,,,,7500,True,rotowire
20260925T040447Z,2026-09-24 23:04:49.239385-05:00,2978674,16959,Elijah Higgins,ARI,@SF,lasttd,draftkings,,,,5500,True,rotowire
20260925T040447Z,2026-09-24 23:04:49.239385-05:00,2978674,16959,Elijah Higgins,ARI,@SF,lasttd,fanduel,,,,6500,True,rotowire
20260925T040447Z,2026-09-24 23:04:49.239385-05:00,2978674,16959,Elijah Higgins,ARI,@SF,lasttd,caesars,,,,7000,True,rotowire
20260925T040447Z,2026-09-24 23:04:49.239385-05:00,2978672,18643,Jaylin Lane,WAS,SEA,lasttd,draftkings,,,,6000,True,rotowire
20260925T040447Z,2026-09-24 23:04:49.239385-05:00,2978672,18643,Jaylin Lane,WAS,SEA,lasttd,fanduel,,,,4000,True,rotowire
20260925T040447Z,2026-09-24 23:04:49.239385-05:00,2978672,18643,Jaylin Lane,WAS,SEA,lasttd,caesars,,,,5500,True,rotowire
20260925T040447Z,2026-09-24 23:04:49.239385-05:00,2978649,18550,Jalen Royals,KC,@MIA,lasttd,draftkings,,,,4000,True,rotowire
20260925T040447Z,2026-09-24 23:04:49.239385-05:00,2978649,18550,Jalen Royals,KC,@MIA,lasttd,fanduel,,,,4000,True,rotowire
20260925T040447Z,2026-09-24 23:04:49.239385-05:00,2978649,18550,Jalen Royals,KC,@MIA,lasttd,caesars,,,,4500,True,rotowire
20260925T040447Z,2026-09-24 23:04:49.239385-05:00,2978645,19318,Brenen Thompson,LAC,@BUF,lasttd,draftkings,,,,4000,True,rotowire
20260925T040447Z,2026-09-24 23:04:49.239385-05:00,2978645,19318,Brenen Thompson,LAC,@BUF,lasttd,fanduel,,,,4000,True,rotowire
20260925T040447Z,2026-09-24 23:04:49.239385-05:00,2978645,19318,Brenen Thompson,LAC,@BUF,lasttd,caesars,,,,4000,True,rotowire
20260925T040447Z,2026-09-24 23:04:49.239385-05:00,2978645,12934,Marquez Valdes-Scantling,LAC,@BUF,lasttd,fanduel,,,,4000,True,rotowire
20260925T040447Z,2026-09-24 23:04:49.239385-05:00,2978653,19898,CJ Williams,JAX,NE,lasttd,draftkings,,,,4500,True,rotowire
20260925T040447Z,2026-09-24 23:04:49.239385-05:00,2978653,19898,CJ Williams,JAX,NE,lasttd,fanduel,,,,4000,True,rotowire
20260925T040447Z,2026-09-24 23:04:49.239385-05:00,2978653,19898,CJ Williams,JAX,NE,lasttd,caesars,,,,4500,True,rotowire
20260925T040447Z,2026-09-24 23:04:49.239385-05:00,2978645,18538,Jackson Hawes,BUF,LAC,lasttd,draftkings,,,,5000,True,rotowire
20260925T040447Z,2026-09-24 23:04:49.239385-05:00,2978645,18538,Jackson Hawes,BUF,LAC,lasttd,fanduel,,,,4500,True,rotowire
20260925T040447Z,2026-09-24 23:04:49.239385-05:00,2978645,18538,Jackson Hawes,BUF,LAC,lasttd,caesars,,,,4500,True,rotowire
20260925T040447Z,2026-09-24 23:04:49.239385-05:00,2978672,18968,Nick Kallerup,SEA,@WAS,lasttd,draftkings,,,,4500,True,rotowire
20260925T040447Z,2026-09-24 23:04:49.239385-05:00,2978672,18968,Nick Kallerup,SEA,@WAS,lasttd,fanduel,,,,5500,True,rotowire
20260925T040447Z,2026-09-24 23:04:49.239385-05:00,2978672,18968,Nick Kallerup,SEA,@WAS,lasttd,caesars,,,,5500,True,rotowire
20260925T040447Z,2026-09-24 23:04:49.239385-05:00,2978672,17820,Luke McCaffrey,WAS,SEA,lasttd,draftkings,,,,8000,True,rotowire
20260925T040447Z,2026-09-24 23:04:49.239385-05:00,2978672,17820,Luke McCaffrey,WAS,SEA,lasttd,fanduel,,,,4500,True,rotowire
20260925T040447Z,2026-09-24 23:04:49.239385-05:00,2978642,19095,Myles Price,MIN,@TB,lasttd,draftkings,,,,5500,True,rotowire
20260925T040447Z,2026-09-24 23:04:49.239385-05:00,2978642,19095,Myles Price,MIN,@TB,lasttd,fanduel,,,,4500,True,rotowire
20260925T040447Z,2026-09-24 23:04:49.239385-05:00,2978642,19095,Myles Price,MIN,@TB,lasttd,caesars,,,,5000,True,rotowire
20260925T040447Z,2026-09-24 23:04:49.239385-05:00,2978649,16744,Nikko Remigio,KC,@MIA,lasttd,draftkings,,,,7500,True,rotowire
20260925T040447Z,2026-09-24 23:04:49.239385-05:00,2978649,16744,Nikko Remigio,KC,@MIA,lasttd,fanduel,,,,4500,True,rotowire
20260925T040447Z,2026-09-24 23:04:49.239385-05:00,2978649,16744,Nikko Remigio,KC,@MIA,lasttd,caesars,,,,7500,True,rotowire
20260925T040447Z,2026-09-24 23:04:49.239385-05:00,2978649,17894,Jared Wiley,KC,@MIA,lasttd,draftkings,,,,4500,True,rotowire
20260925T040447Z,2026-09-24 23:04:49.239385-05:00,2978649,17894,Jared Wiley,KC,@MIA,lasttd,fanduel,,,,7000,True,rotowire
20260925T040447Z,2026-09-24 23:04:49.239385-05:00,2978649,17894,Jared Wiley,KC,@MIA,lasttd,caesars,,,,6500,True,rotowire
20260925T040447Z,2026-09-24 23:04:49.239385-05:00,2978672,18160,Colson Yankoff,WAS,SEA,lasttd,draftkings,,,,8000,True,rotowire
20260925T040447Z,2026-09-24 23:04:49.239385-05:00,2978672,18160,Colson Yankoff,WAS,SEA,lasttd,fanduel,,,,4500,True,rotowire
20260925T040447Z,2026-09-24 23:04:49.239385-05:00,2978672,18160,Colson Yankoff,WAS,SEA,lasttd,caesars,,,,6600,True,rotowire
20260925T040447Z,2026-09-24 23:04:49.239385-05:00,2978658,19447,Colbie Young,CIN,@PIT,lasttd,draftkings,,,,4500,True,rotowire
20260925T040447Z,2026-09-24 23:04:49.239385-05:00,2978658,19447,Colbie Young,CIN,@PIT,lasttd,fanduel,,,,7000,True,rotowire
20260925T040447Z,2026-09-24 23:04:49.239385-05:00,2978658,19447,Colbie Young,CIN,@PIT,lasttd,caesars,,,,6000,True,rotowire
20260925T040447Z,2026-09-24 23:04:49.239385-05:00,2978392,17026,Rasheen Ali,BAL,@DAL,lasttd,draftkings,,,,7000,True,rotowire
20260925T040447Z,2026-09-24 23:04:49.239385-05:00,2978392,17026,Rasheen Ali,BAL,@DAL,lasttd,fanduel,,,,8000,True,rotowire
20260925T040447Z,2026-09-24 23:04:49.239385-05:00,2978392,17026,Rasheen Ali,BAL,@DAL,lasttd,caesars,,,,8500,True,rotowire
20260925T040447Z,2026-09-24 23:04:49.239385-05:00,2978666,16036,Daniel Bellinger,TEN,@NYG,lasttd,draftkings,,,,5500,True,rotowire
20260925T040447Z,2026-09-24 23:04:49.239385-05:00,2978666,16036,Daniel Bellinger,TEN,@NYG,lasttd,fanduel,,,,5000,True,rotowire
20260925T040447Z,2026-09-24 23:04:49.239385-05:00,2978678,8057,Kirk Cousins,LV,@NO,lasttd,draftkings,,,,6000,True,rotowire
20260925T040447Z,2026-09-24 23:04:49.239385-05:00,2978678,8057,Kirk Cousins,LV,@NO,lasttd,fanduel,,,,8000,True,rotowire
20260925T040447Z,2026-09-24 23:04:49.239385-05:00,2978678,8057,Kirk Cousins,LV,@NO,lasttd,caesars,,,,7500,True,rotowire
20260925T040447Z,2026-09-24 23:04:49.239385-05:00,2978678,18544,Oscar Delp,NO,LV,lasttd,draftkings,,,,5000,True,rotowire
20260925T040447Z,2026-09-24 23:04:49.239385-05:00,2978678,18544,Oscar Delp,NO,LV,lasttd,fanduel,,,,5000,True,rotowire
20260925T040447Z,2026-09-24 23:04:49.239385-05:00,2978678,18544,Oscar Delp,NO,LV,lasttd,caesars,,,,5000,True,rotowire
20260925T040447Z,2026-09-24 23:04:49.239385-05:00,2978642,16720,Payne Durham,TB,MIN,lasttd,draftkings,,,,8000,True,rotowire
20260925T040447Z,2026-09-24 23:04:49.239385-05:00,2978642,16720,Payne Durham,TB,MIN,lasttd,fanduel,,,,7500,True,rotowire
20260925T040447Z,2026-09-24 23:04:49.239385-05:00,2978642,16720,Payne Durham,TB,MIN,lasttd,caesars,,,,7500,True,rotowire
20260925T040447Z,2026-09-24 23:04:49.239385-05:00,2978674,18485,Jordan James,SF,ARI,lasttd,draftkings,,,,5000,True,rotowire
20260925T040447Z,2026-09-24 23:04:49.239385-05:00,2978674,18485,Jordan James,SF,ARI,lasttd,fanduel,,,,8000,True,rotowire
20260925T040447Z,2026-09-24 23:04:49.239385-05:00,2978674,18485,Jordan James,SF,ARI,lasttd,caesars,,,,6600,True,rotowire
20260925T040447Z,2026-09-24 23:04:49.239385-05:00,2978649,17271,Ryan Miller,MIA,KC,lasttd,draftkings,,,,5500,True,rotowire
20260925T040447Z,2026-09-24 23:04:49.239385-05:00,2978649,17271,Ryan Miller,MIA,KC,lasttd,fanduel,,,,5000,True,rotowire
20260925T040447Z,2026-09-24 23:04:49.239385-05:00,2978649,17271,Ryan Miller,MIA,KC,lasttd,caesars,,,,5500,True,rotowire
20260925T040447Z,2026-09-24 23:04:49.239385-05:00,2978392,16937,Jonathan Mingo,DAL,BAL,lasttd,draftkings,,,,9000,True,rotowire
20260925T040447Z,2026-09-24 23:04:49.239385-05:00,2978392,16937,Jonathan Mingo,DAL,BAL,lasttd,fanduel,,,,8000,True,rotowire
20260925T040447Z,2026-09-24 23:04:49.239385-05:00,2978392,16937,Jonathan Mingo,DAL,BAL,lasttd,caesars,,,,8500,True,rotowire
20260925T040447Z,2026-09-24 23:04:49.239385-05:00,2978665,16277,Drew Ogletree,IND,HOU,lasttd,draftkings,,,,6000,True,rotowire
20260925T040447Z,2026-09-24 23:04:49.239385-05:00,2978665,16277,Drew Ogletree,IND,HOU,lasttd,fanduel,,,,5000,True,rotowire
20260925T040447Z,2026-09-24 23:04:49.239385-05:00,2978665,16277,Drew Ogletree,IND,HOU,lasttd,caesars,,,,5500,True,rotowire
20260925T040447Z,2026-09-24 23:04:49.239385-05:00,2978672,11897,Eric Saubert,SEA,@WAS,lasttd,draftkings,,,,5000,True,rotowire
20260925T040447Z,2026-09-24 23:04:49.239385-05:00,2978672,11897,Eric Saubert,SEA,@WAS,lasttd,fanduel,,,,5500,True,rotowire
20260925T040447Z,2026-09-24 23:04:49.239385-05:00,2978672,11897,Eric Saubert,SEA,@WAS,lasttd,caesars,,,,5000,True,rotowire
20260925T040447Z,2026-09-24 23:04:49.239385-05:00,2978642,19452,Bauer Sharp,TB,MIN,lasttd,draftkings,,,,9000,True,rotowire
20260925T040447Z,2026-09-24 23:04:49.239385-05:00,2978642,19452,Bauer Sharp,TB,MIN,lasttd,fanduel,,,,8000,True,rotowire
20260925T040447Z,2026-09-24 23:04:49.239385-05:00,2978642,19452,Bauer Sharp,TB,MIN,lasttd,caesars,,,,9000,True,rotowire
20260925T040447Z,2026-09-24 23:04:49.239385-05:00,2978665,17794,Cade Stover,HOU,@IND,lasttd,draftkings,,,,6000,True,rotowire
20260925T040447Z,2026-09-24 23:04:49.239385-05:00,2978665,17794,Cade Stover,HOU,@IND,lasttd,fanduel,,,,5000,True,rotowire
20260925T040447Z,2026-09-24 23:04:49.239385-05:00,2978665,17794,Cade Stover,HOU,@IND,lasttd,caesars,,,,5500,True,rotowire
20260925T040447Z,2026-09-24 23:04:49.239385-05:00,2978662,15310,Tylan Wallace,CLE,CAR,lasttd,draftkings,,,,5500,True,rotowire
20260925T040447Z,2026-09-24 23:04:49.239385-05:00,2978662,15310,Tylan Wallace,CLE,CAR,lasttd,fanduel,,,,5000,True,rotowire
20260925T040447Z,2026-09-24 23:04:49.239385-05:00,2978662,15310,Tylan Wallace,CLE,CAR,lasttd,caesars,,,,5500,True,rotowire
20260925T040447Z,2026-09-24 23:04:49.239385-05:00,2978666,9255,Odell Beckham,NYG,TEN,lasttd,draftkings,,,,5500,True,rotowire
20260925T040447Z,2026-09-24 23:04:49.239385-05:00,2978666,9255,Odell Beckham,NYG,TEN,lasttd,fanduel,,,,5500,True,rotowire
20260925T040447Z,2026-09-24 23:04:49.239385-05:00,2978666,9255,Odell Beckham,NYG,TEN,lasttd,caesars,,,,6000,True,rotowire
20260925T040447Z,2026-09-24 23:04:49.239385-05:00,2978662,18502,Isaiah Bond,CLE,CAR,lasttd,draftkings,,,,6500,True,rotowire
20260925T040447Z,2026-09-24 23:04:49.239385-05:00,2978662,18502,Isaiah Bond,CLE,CAR,lasttd,fanduel,,,,5500,True,rotowire
20260925T040447Z,2026-09-24 23:04:49.239385-05:00,2978662,18502,Isaiah Bond,CLE,CAR,lasttd,caesars,,,,6600,True,rotowire
20260925T040447Z,2026-09-24 23:04:49.239385-05:00,2978649,18542,Jake Briningstool,KC,@MIA,lasttd,draftkings,,,,5500,True,rotowire
20260925T040447Z,2026-09-24 23:04:49.239385-05:00,2978649,18542,Jake Briningstool,KC,@MIA,lasttd,fanduel,,,,7000,True,rotowire
20260925T040447Z,2026-09-24 23:04:49.239385-05:00,2978649,18542,Jake Briningstool,KC,@MIA,lasttd,caesars,,,,6600,True,rotowire
20260925T040447Z,2026-09-24 23:04:49.239385-05:00,2978662,17777,Malachi Corley,CLE,CAR,lasttd,draftkings,,,,6000,True,rotowire
20260925T040447Z,2026-09-24 23:04:49.239385-05:00,2978662,17777,Malachi Corley,CLE,CAR,lasttd,fanduel,,,,5500,True,rotowire
20260925T040447Z,2026-09-24 23:04:49.239385-05:00,2978662,17777,Malachi Corley,CLE,CAR,lasttd,caesars,,,,6000,True,rotowire
20260925T040447Z,2026-09-24 23:04:49.239385-05:00,2978678,12858,Ian Thomas,LV,@NO,lasttd,fanduel,,,,5500,True,rotowire
20260925T040447Z,2026-09-24 23:04:49.239385-05:00,2978678,12858,Ian Thomas,LV,@NO,lasttd,caesars,,,,6500,True,rotowire
20260925T040447Z,2026-09-24 23:04:49.239385-05:00,2978656,15821,Jelani Woods,NYJ,@DET,lasttd,fanduel,,,,5500,True,rotowire
20260925T040447Z,2026-09-24 23:04:49.239385-05:00,2978656,15821,Jelani Woods,NYJ,@DET,lasttd,caesars,,,,6000,True,rotowire
20260925T040447Z,2026-09-24 23:04:49.239385-05:00,2978683,15229,Tutu Atwell,LAR,@DEN,lasttd,draftkings,,,,6500,,rotowire
20260925T040447Z,2026-09-24 23:04:49.239385-05:00,2978683,15229,Tutu Atwell,LAR,@DEN,lasttd,fanduel,,,,6000,,rotowire
20260925T040447Z,2026-09-24 23:04:49.239385-05:00,2978683,15229,Tutu Atwell,LAR,@DEN,lasttd,caesars,,,,7000,,rotowire
20260925T040447Z,2026-09-24 23:04:49.239385-05:00,2978683,19363,Dallen Bentley,DEN,LAR,lasttd,draftkings,,,,6000,True,rotowire
20260925T040447Z,2026-09-24 23:04:49.239385-05:00,2978683,19363,Dallen Bentley,DEN,LAR,lasttd,fanduel,,,,6000,True,rotowire
20260925T040447Z,2026-09-24 23:04:49.239385-05:00,2978683,19363,Dallen Bentley,DEN,LAR,lasttd,caesars,,,,6000,True,rotowire
20260925T040447Z,2026-09-24 23:04:49.239385-05:00,2978686,16337,Britain Covey,PHI,@CHI,lasttd,draftkings,,,,6000,True,rotowire
20260925T040447Z,2026-09-24 23:04:49.239385-05:00,2978686,16337,Britain Covey,PHI,@CHI,lasttd,fanduel,,,,7500,True,rotowire
20260925T040447Z,2026-09-24 23:04:49.239385-05:00,2978686,16337,Britain Covey,PHI,@CHI,lasttd,caesars,,,,7000,True,rotowire
20260925T040447Z,2026-09-24 23:04:49.239385-05:00,2978642,18553,Tai Felton,MIN,@TB,lasttd,draftkings,,,,6000,True,rotowire
20260925T040447Z,2026-09-24 23:04:49.239385-05:00,2978642,18553,Tai Felton,MIN,@TB,lasttd,fanduel,,,,10000,True,rotowire
20260925T040447Z,2026-09-24 23:04:49.239385-05:00,2978642,18553,Tai Felton,MIN,@TB,lasttd,caesars,,,,8500,True,rotowire
20260925T040447Z,2026-09-24 23:04:49.239385-05:00,2978645,13806,Alec Ingold,LAC,@BUF,lasttd,draftkings,,,,7500,True,rotowire
20260925T040447Z,2026-09-24 23:04:49.239385-05:00,2978645,13806,Alec Ingold,LAC,@BUF,lasttd,fanduel,,,,6000,True,rotowire
20260925T040447Z,2026-09-24 23:04:49.239385-05:00,2978645,13806,Alec Ingold,LAC,@BUF,lasttd,caesars,,,,7000,True,rotowire
20260925T040447Z,2026-09-24 23:04:49.239385-05:00,2978686,15280,Elijah Moore,PHI,@CHI,lasttd,fanduel,,,,6000,True,rotowire
20260925T040447Z,2026-09-24 23:04:49.239385-05:00,2978686,15280,Elijah Moore,PHI,@CHI,lasttd,caesars,,,,6000,True,rotowire
20260925T040447Z,2026-09-24 23:04:49.239385-05:00,2978653,15460,Quintin Morris,JAX,NE,lasttd,draftkings,,,,6500,True,rotowire
20260925T040447Z,2026-09-24 23:04:49.239385-05:00,2978653,15460,Quintin Morris,JAX,NE,lasttd,fanduel,,,,10000,True,rotowire
20260925T040447Z,2026-09-24 23:04:49.239385-05:00,2978653,15460,Quintin Morris,JAX,NE,lasttd,caesars,,,,8500,True,rotowire
20260925T040447Z,2026-09-24 23:04:49.239385-05:00,2978658,15467,Ben Skowronek,PIT,CIN,lasttd,draftkings,,,,9000,True,rotowire
20260925T040447Z,2026-09-24 23:04:49.239385-05:00,2978658,15467,Ben Skowronek,PIT,CIN,lasttd,fanduel,,,,6000,True,rotowire
20260925T040447Z,2026-09-24 23:04:49.239385-05:00,2978658,15467,Ben Skowronek,PIT,CIN,lasttd,caesars,,,,9000,True,rotowire
20260925T040447Z,2026-09-24 23:04:49.239385-05:00,2978658,18841,Ke'Shawn Williams,CIN,@PIT,lasttd,draftkings,,,,6000,True,rotowire
20260925T040447Z,2026-09-24 23:04:49.239385-05:00,2978658,18841,Ke'Shawn Williams,CIN,@PIT,lasttd,fanduel,,,,7000,True,rotowire
20260925T040447Z,2026-09-24 23:04:49.239385-05:00,2978642,19430,Max Bredeson,MIN,@TB,lasttd,fanduel,,,,6500,True,rotowire
20260925T040447Z,2026-09-24 23:04:49.239385-05:00,2978642,19430,Max Bredeson,MIN,@TB,lasttd,caesars,,,,7000,True,rotowire
20260925T040447Z,2026-09-24 23:04:49.239385-05:00,2978678,19336,Barion Brown,NO,LV,lasttd,draftkings,,,,6500,True,rotowire
20260925T040447Z,2026-09-24 23:04:49.239385-05:00,2978678,19336,Barion Brown,NO,LV,lasttd,fanduel,,,,7000,True,rotowire
20260925T040447Z,2026-09-24 23:04:49.239385-05:00,2978678,19336,Barion Brown,NO,LV,lasttd,caesars,,,,6600,True,rotowire
20260925T040447Z,2026-09-24 23:04:49.239385-05:00,2978656,12809,Tyler Conklin,DET,NYJ,lasttd,fanduel,,,,6500,True,rotowire
20260925T040447Z,2026-09-24 23:04:49.239385-05:00,2978656,12809,Tyler Conklin,DET,NYJ,lasttd,caesars,,,,7000,True,rotowire
20260925T040447Z,2026-09-24 23:04:49.239385-05:00,2978665,19352,Marlin Klein,HOU,@IND,lasttd,draftkings,,,,6500,True,rotowire
20260925T040447Z,2026-09-24 23:04:49.239385-05:00,2978665,19352,Marlin Klein,HOU,@IND,lasttd,fanduel,,,,8000,True,rotowire
20260925T040447Z,2026-09-24 23:04:49.239385-05:00,2978665,19352,Marlin Klein,HOU,@IND,lasttd,caesars,,,,7500,True,rotowire
20260925T040447Z,2026-09-24 23:04:49.239385-05:00,2978656,18480,Jackson Meeks,DET,NYJ,lasttd,fanduel,,,,6500,True,rotowire
20260925T040447Z,2026-09-24 23:04:49.239385-05:00,2978656,18480,Jackson Meeks,DET,NYJ,lasttd,caesars,,,,7500,True,rotowire
20260925T040447Z,2026-09-24 23:04:49.239385-05:00,2978658,19340,Kaden Wetjen,PIT,CIN,lasttd,draftkings,,,,9000,True,rotowire
20260925T040447Z,2026-09-24 23:04:49.239385-05:00,2978658,19340,Kaden Wetjen,PIT,CIN,lasttd,fanduel,,,,6500,True,rotowire
20260925T040447Z,2026-09-24 23:04:49.239385-05:00,2978658,19340,Kaden Wetjen,PIT,CIN,lasttd,caesars,,,,7500,True,rotowire
20260925T040447Z,2026-09-24 23:04:49.239385-05:00,2978674,17010,Brayden Willis,SF,ARI,lasttd,draftkings,,,,6500,True,rotowire
20260925T040447Z,2026-09-24 23:04:49.239385-05:00,2978674,17010,Brayden Willis,SF,ARI,lasttd,fanduel,,,,10000,True,rotowire
20260925T040447Z,2026-09-24 23:04:49.239385-05:00,2978674,17010,Brayden Willis,SF,ARI,lasttd,caesars,,,,8500,True,rotowire
20260925T040447Z,2026-09-24 23:04:49.239385-05:00,2978683,16992,Nate Adkins,DEN,LAR,lasttd,draftkings,,,,8000,True,rotowire
20260925T040447Z,2026-09-24 23:04:49.239385-05:00,2978683,16992,Nate Adkins,DEN,LAR,lasttd,fanduel,,,,7000,True,rotowire
20260925T040447Z,2026-09-24 23:04:49.239385-05:00,2978683,16992,Nate Adkins,DEN,LAR,lasttd,caesars,,,,7500,True,rotowire
20260925T040447Z,2026-09-24 23:04:49.239385-05:00,2978665,19315,Deion Burks,IND,HOU,lasttd,draftkings,,,,7000,True,rotowire
20260925T040447Z,2026-09-24 23:04:49.239385-05:00,2978665,19315,Deion Burks,IND,HOU,lasttd,fanduel,,,,8000,True,rotowire
20260925T040447Z,2026-09-24 23:04:49.239385-05:00,2978665,19315,Deion Burks,IND,HOU,lasttd,caesars,,,,8000,True,rotowire
20260925T040447Z,2026-09-24 23:04:49.239385-05:00,2978392,19364,Matthew Hibner,BAL,@DAL,lasttd,draftkings,,,,7500,True,rotowire
20260925T040447Z,2026-09-24 23:04:49.239385-05:00,2978392,19364,Matthew Hibner,BAL,@DAL,lasttd,fanduel,,,,7000,True,rotowire
20260925T040447Z,2026-09-24 23:04:49.239385-05:00,2978392,19364,Matthew Hibner,BAL,@DAL,lasttd,caesars,,,,7500,True,rotowire
20260925T040447Z,2026-09-24 23:04:49.239385-05:00,2978683,13565,Lil'Jordan Humphrey,DEN,LAR,lasttd,draftkings,,,,7500,True,rotowire
20260925T040447Z,2026-09-24 23:04:49.239385-05:00,2978683,13565,Lil'Jordan Humphrey,DEN,LAR,lasttd,fanduel,,,,7000,True,rotowire
20260925T040447Z,2026-09-24 23:04:49.239385-05:00,2978683,13565,Lil'Jordan Humphrey,DEN,LAR,lasttd,caesars,,,,7500,True,rotowire
20260925T040447Z,2026-09-24 23:04:49.239385-05:00,2978686,17218,E.J. Jenkins,PHI,@CHI,lasttd,draftkings,,,,7000,True,rotowire
20260925T040447Z,2026-09-24 23:04:49.239385-05:00,2978686,17218,E.J. Jenkins,PHI,@CHI,lasttd,fanduel,,,,8000,True,rotowire
20260925T040447Z,2026-09-24 23:04:49.239385-05:00,2978686,17218,E.J. Jenkins,PHI,@CHI,lasttd,caesars,,,,8000,True,rotowire
20260925T040447Z,2026-09-24 23:04:49.239385-05:00,2978656,14246,Tom Kennedy,DET,NYJ,lasttd,fanduel,,,,7000,True,rotowire
20260925T040447Z,2026-09-24 23:04:49.239385-05:00,2978656,14246,Tom Kennedy,DET,NYJ,lasttd,caesars,,,,7000,True,rotowire
20260925T040447Z,2026-09-24 23:04:49.239385-05:00,2978656,15918,Tay Martin,DET,NYJ,lasttd,fanduel,,,,7000,True,rotowire
20260925T040447Z,2026-09-24 23:04:49.239385-05:00,2978656,15918,Tay Martin,DET,NYJ,lasttd,caesars,,,,7000,True,rotowire
20260925T040447Z,2026-09-24 23:04:49.239385-05:00,2978658,19451,Riley Nowakowski,PIT,CIN,lasttd,draftkings,,,,9000,True,rotowire
20260925T040447Z,2026-09-24 23:04:49.239385-05:00,2978658,19451,Riley Nowakowski,PIT,CIN,lasttd,fanduel,,,,7000,True,rotowire
20260925T040447Z,2026-09-24 23:04:49.239385-05:00,2978658,19451,Riley Nowakowski,PIT,CIN,lasttd,caesars,,,,9000,True,rotowire
20260925T040447Z,2026-09-24 23:04:49.239385-05:00,2978683,5971,Matthew Stafford,LAR,@DEN,lasttd,draftkings,,,,7000,,rotowire
20260925T040447Z,2026-09-24 23:04:49.239385-05:00,2978683,5971,Matthew Stafford,LAR,@DEN,lasttd,fanduel,,,,8000,,rotowire
20260925T040447Z,2026-09-24 23:04:49.239385-05:00,2978683,5971,Matthew Stafford,LAR,@DEN,lasttd,caesars,,,,8000,,rotowire
20260925T040447Z,2026-09-24 23:04:49.239385-05:00,2978686,18938,Jahdae Walker,CHI,PHI,lasttd,fanduel,,,,7000,True,rotowire
20260925T040447Z,2026-09-24 23:04:49.239385-05:00,2978686,18938,Jahdae Walker,CHI,PHI,lasttd,caesars,,,,8000,True,rotowire
20260925T040447Z,2026-09-24 23:04:49.239385-05:00,2978674,18647,Jordan Watkins,SF,ARI,lasttd,draftkings,,,,7000,True,rotowire
20260925T040447Z,2026-09-24 23:04:49.239385-05:00,2978674,18647,Jordan Watkins,SF,ARI,lasttd,fanduel,,,,10000,True,rotowire
20260925T040447Z,2026-09-24 23:04:49.239385-05:00,2978674,18647,Jordan Watkins,SF,ARI,lasttd,caesars,,,,8500,True,rotowire
20260925T040447Z,2026-09-24 23:04:49.239385-05:00,2978658,18519,Tahj Brooks,CIN,@PIT,lasttd,draftkings,,,,8000,True,rotowire
20260925T040447Z,2026-09-24 23:04:49.239385-05:00,2978658,18519,Tahj Brooks,CIN,@PIT,lasttd,fanduel,,,,7500,True,rotowire
20260925T040447Z,2026-09-24 23:04:49.239385-05:00,2978658,18519,Tahj Brooks,CIN,@PIT,lasttd,caesars,,,,8000,True,rotowire
20260925T040447Z,2026-09-24 23:04:49.239385-05:00,2978662,10468,Michael Burton,CLE,CAR,lasttd,draftkings,,,,7500,True,rotowire
20260925T040447Z,2026-09-24 23:04:49.239385-05:00,2978662,10468,Michael Burton,CLE,CAR,lasttd,fanduel,,,,10000,True,rotowire
20260925T040447Z,2026-09-24 23:04:49.239385-05:00,2978662,10468,Michael Burton,CLE,CAR,lasttd,caesars,,,,10000,True,rotowire
20260925T040447Z,2026-09-24 23:04:49.239385-05:00,2978645,16939,Derius Davis,LAC,@BUF,lasttd,draftkings,,,,10000,True,rotowire
20260925T040447Z,2026-09-24 23:04:49.239385-05:00,2978645,16939,Derius Davis,LAC,@BUF,lasttd,fanduel,,,,7500,True,rotowire
20260925T040447Z,2026-09-24 23:04:49.239385-05:00,2978645,16939,Derius Davis,LAC,@BUF,lasttd,caesars,,,,8500,True,rotowire
20260925T040447Z,2026-09-24 23:04:49.239385-05:00,2978656,17057,Isaiah Davis,NYJ,@DET,lasttd,fanduel,,,,7500,True,rotowire
20260925T040447Z,2026-09-24 23:04:49.239385-05:00,2978656,17057,Isaiah Davis,NYJ,@DET,lasttd,caesars,,,,9000,True,rotowire
20260925T040447Z,2026-09-24 23:04:49.239385-05:00,2978674,15559,Simi Fehoko,ARI,@SF,lasttd,draftkings,,,,7500,True,rotowire
20260925T040447Z,2026-09-24 23:04:49.239385-05:00,2978674,15559,Simi Fehoko,ARI,@SF,lasttd,fanduel,,,,8000,True,rotowire
20260925T040447Z,2026-09-24 23:04:49.239385-05:00,2978674,15559,Simi Fehoko,ARI,@SF,lasttd,caesars,,,,8500,True,rotowire
20260925T040447Z,2026-09-24 23:04:49.239385-05:00,2978678,18263,Treyton Welch,NO,LV,lasttd,draftkings,,,,7500,True,rotowire
20260925T040447Z,2026-09-24 23:04:49.239385-05:00,2978678,18263,Treyton Welch,NO,LV,lasttd,fanduel,,,,7500,True,rotowire
20260925T040447Z,2026-09-24 23:04:49.239385-05:00,2978678,18263,Treyton Welch,NO,LV,lasttd,caesars,,,,7500,True,rotowire
20260925T040447Z,2026-09-24 23:04:49.239385-05:00,2978649,19631,Cyrus Allen,KC,@MIA,lasttd,draftkings,,,,8000,True,rotowire
20260925T040447Z,2026-09-24 23:04:49.239385-05:00,2978649,19631,Cyrus Allen,KC,@MIA,lasttd,fanduel,,,,10000,True,rotowire
20260925T040447Z,2026-09-24 23:04:49.239385-05:00,2978649,19631,Cyrus Allen,KC,@MIA,lasttd,caesars,,,,10000,True,rotowire
20260925T040447Z,2026-09-24 23:04:49.239385-05:00,2978642,18573,Gavin Bartholomew,MIN,@TB,lasttd,draftkings,,,,8000,True,rotowire
20260925T040447Z,2026-09-24 23:04:49.239385-05:00,2978642,18573,Gavin Bartholomew,MIN,@TB,lasttd,fanduel,,,,10000,True,rotowire
20260925T040447Z,2026-09-24 23:04:49.239385-05:00,2978642,18573,Gavin Bartholomew,MIN,@TB,lasttd,caesars,,,,9500,True,rotowire
20260925T040447Z,2026-09-24 23:04:49.239385-05:00,2978665,18300,British Brooks,HOU,@IND,lasttd,draftkings,,,,9000,True,rotowire
20260925T040447Z,2026-09-24 23:04:49.239385-05:00,2978665,18300,British Brooks,HOU,@IND,lasttd,fanduel,,,,8000,True,rotowire
20260925T040447Z,2026-09-24 23:04:49.239385-05:00,2978665,18300,British Brooks,HOU,@IND,lasttd,caesars,,,,10000,True,rotowire
20260925T040447Z,2026-09-24 23:04:49.239385-05:00,2978392,19989,Camden Brown,DAL,BAL,lasttd,draftkings,,,,9000,True,rotowire
20260925T040447Z,2026-09-24 23:04:49.239385-05:00,2978392,19989,Camden Brown,DAL,BAL,lasttd,fanduel,,,,8000,True,rotowire
20260925T040447Z,2026-09-24 23:04:49.239385-05:00,2978392,19989,Camden Brown,DAL,BAL,lasttd,caesars,,,,9000,True,rotowire
20260925T040447Z,2026-09-24 23:04:49.239385-05:00,2978683,19316,CJ Daniels,LAR,@DEN,lasttd,draftkings,,,,9000,,rotowire
20260925T040447Z,2026-09-24 23:04:49.239385-05:00,2978683,19316,CJ Daniels,LAR,@DEN,lasttd,fanduel,,,,8000,,rotowire
20260925T040447Z,2026-09-24 23:04:49.239385-05:00,2978683,19316,CJ Daniels,LAR,@DEN,lasttd,caesars,,,,8500,,rotowire
20260925T040447Z,2026-09-24 23:04:49.239385-05:00,2978674,14636,Devin Duvernay,ARI,@SF,lasttd,draftkings,,,,9000,True,rotowire
20260925T040447Z,2026-09-24 23:04:49.239385-05:00,2978674,14636,Devin Duvernay,ARI,@SF,lasttd,fanduel,,,,8000,True,rotowire
20260925T040447Z,2026-09-24 23:04:49.239385-05:00,2978674,14636,Devin Duvernay,ARI,@SF,lasttd,caesars,,,,9000,True,rotowire
20260925T040447Z,2026-09-24 23:04:49.239385-05:00,2978649,19276,Justin Joly,MIA,KC,lasttd,draftkings,,,,8000,True,rotowire
20260925T040447Z,2026-09-24 23:04:49.239385-05:00,2978649,19276,Justin Joly,MIA,KC,lasttd,fanduel,,,,8000,True,rotowire
20260925T040447Z,2026-09-24 23:04:49.239385-05:00,2978649,19276,Justin Joly,MIA,KC,lasttd,caesars,,,,8000,True,rotowire
20260925T040447Z,2026-09-24 23:04:49.239385-05:00,2978665,15369,Brevin Jordan,HOU,@IND,lasttd,draftkings,,,,10000,True,rotowire
20260925T040447Z,2026-09-24 23:04:49.239385-05:00,2978665,15369,Brevin Jordan,HOU,@IND,lasttd,fanduel,,,,8000,True,rotowire
20260925T040447Z,2026-09-24 23:04:49.239385-05:00,2978665,15369,Brevin Jordan,HOU,@IND,lasttd,caesars,,,,9500,True,rotowire
20260925T040447Z,2026-09-24 23:04:49.239385-05:00,2978642,16282,Ko Kieft,TB,MIN,lasttd,fanduel,,,,8000,True,rotowire
20260925T040447Z,2026-09-24 23:04:49.239385-05:00,2978642,16282,Ko Kieft,TB,MIN,lasttd,caesars,,,,9000,True,rotowire
20260925T040447Z,2026-09-24 23:04:49.239385-05:00,2978683,19278,Max Klare,LAR,@DEN,lasttd,draftkings,,,,9000,,rotowire
20260925T040447Z,2026-09-24 23:04:49.239385-05:00,2978683,19278,Max Klare,LAR,@DEN,lasttd,fanduel,,,,8000,,rotowire
20260925T040447Z,2026-09-24 23:04:49.239385-05:00,2978683,19278,Max Klare,LAR,@DEN,lasttd,caesars,,,,8500,,rotowire
20260925T040447Z,2026-09-24 23:04:49.239385-05:00,2978674,16105,Bam Knight,ARI,@SF,lasttd,draftkings,,,,12000,True,rotowire
20260925T040447Z,2026-09-24 23:04:49.239385-05:00,2978674,16105,Bam Knight,ARI,@SF,lasttd,fanduel,,,,8000,True,rotowire
20260925T040447Z,2026-09-24 23:04:49.239385-05:00,2978674,16105,Bam Knight,ARI,@SF,lasttd,caesars,,,,10000,True,rotowire
20260925T040447Z,2026-09-24 23:04:49.239385-05:00,2978653,19349,Tanner Koziol,JAX,NE,lasttd,draftkings,,,,8000,True,rotowire
20260925T040447Z,2026-09-24 23:04:49.239385-05:00,2978666,10033,Chris Manhertz,NYG,TEN,lasttd,draftkings,,,,8000,True,rotowire
20260925T040447Z,2026-09-24 23:04:49.239385-05:00,2978666,10033,Chris Manhertz,NYG,TEN,lasttd,fanduel,,,,10000,True,rotowire
20260925T040447Z,2026-09-24 23:04:49.239385-05:00,2978666,10033,Chris Manhertz,NYG,TEN,lasttd,caesars,,,,10000,True,rotowire
20260925T040447Z,2026-09-24 23:04:49.239385-05:00,2978656,19668,Malik McClain,NYJ,@DET,lasttd,fanduel,,,,8000,True,rotowire
20260925T040447Z,2026-09-24 23:04:49.239385-05:00,2978649,19681,Seydou Traore,MIA,KC,lasttd,draftkings,,,,9000,True,rotowire
20260925T040447Z,2026-09-24 23:04:49.239385-05:00,2978649,19681,Seydou Traore,MIA,KC,lasttd,fanduel,,,,8000,True,rotowire
20260925T040447Z,2026-09-24 23:04:49.239385-05:00,2978649,19681,Seydou Traore,MIA,KC,lasttd,caesars,,,,9000,True,rotowire
20260925T040447Z,2026-09-24 23:04:49.239385-05:00,2978678,15916,Connor Heyward,LV,@NO,lasttd,fanduel,,,,10000,True,rotowire
20260925T040447Z,2026-09-24 23:04:49.239385-05:00,2978678,15916,Connor Heyward,LV,@NO,lasttd,caesars,,,,9000,True,rotowire
20260925T040447Z,2026-09-24 23:04:49.239385-05:00,2978645,18906,Keleki Latu,BUF,LAC,lasttd,draftkings,,,,9000,True,rotowire
20260925T040447Z,2026-09-24 23:04:49.239385-05:00,2978645,18906,Keleki Latu,BUF,LAC,lasttd,fanduel,,,,10000,True,rotowire
20260925T040447Z,2026-09-24 23:04:49.239385-05:00,2978645,18906,Keleki Latu,BUF,LAC,lasttd,caesars,,,,10000,True,rotowire
20260925T040447Z,2026-09-24 23:04:49.239385-05:00,2978658,12389,Robert Tonyan,PIT,CIN,lasttd,draftkings,,,,9000,True,rotowire
20260925T040447Z,2026-09-24 23:04:49.239385-05:00,2978658,12389,Robert Tonyan,PIT,CIN,lasttd,fanduel,,,,10000,True,rotowire
20260925T040447Z,2026-09-24 23:04:49.239385-05:00,2978658,12389,Robert Tonyan,PIT,CIN,lasttd,caesars,,,,9500,True,rotowire
20260925T040447Z,2026-09-24 23:04:49.239385-05:00,2978656,13713,Andrew Beck,NYJ,@DET,lasttd,fanduel,,,,10000,True,rotowire
20260925T040447Z,2026-09-24 23:04:49.239385-05:00,2978656,13713,Andrew Beck,NYJ,@DET,lasttd,caesars,,,,9500,True,rotowire
20260925T040447Z,2026-09-24 23:04:49.239385-05:00,2978674,17185,Jalen Brooks,ARI,@SF,lasttd,draftkings,,,,12000,True,rotowire
20260925T040447Z,2026-09-24 23:04:49.239385-05:00,2978674,17185,Jalen Brooks,ARI,@SF,lasttd,fanduel,,,,10000,True,rotowire
20260925T040447Z,2026-09-24 23:04:49.239385-05:00,2978674,17185,Jalen Brooks,ARI,@SF,lasttd,caesars,,,,9500,True,rotowire
20260925T040447Z,2026-09-24 23:04:49.239385-05:00,2978666,12298,Patrick Ricard,NYG,TEN,lasttd,draftkings,,,,11000,True,rotowire
20260925T040447Z,2026-09-24 23:04:49.239385-05:00,2978666,12298,Patrick Ricard,NYG,TEN,lasttd,fanduel,,,,10000,True,rotowire
20260925T040447Z,2026-09-24 23:04:49.239385-05:00,2978666,12298,Patrick Ricard,NYG,TEN,lasttd,caesars,,,,9500,True,rotowire
20260925T040447Z,2026-09-24 23:04:49.239385-05:00,2978662,19608,Carsen Ryan,CLE,CAR,lasttd,draftkings,,,,12000,True,rotowire
20260925T040447Z,2026-09-24 23:04:49.239385-05:00,2978662,19608,Carsen Ryan,CLE,CAR,lasttd,fanduel,,,,10000,True,rotowire
20260925T040447Z,2026-09-24 23:04:49.239385-05:00,2978662,19608,Carsen Ryan,CLE,CAR,lasttd,caesars,,,,9500,True,rotowire
20260925T040447Z,2026-09-24 23:04:49.239385-05:00,2978656,17584,Jacob Saylors,DET,NYJ,lasttd,fanduel,,,,10000,True,rotowire
20260925T040447Z,2026-09-24 23:04:49.239385-05:00,2978656,17584,Jacob Saylors,DET,NYJ,lasttd,caesars,,,,9500,True,rotowire
20260925T040447Z,2026-09-24 23:04:49.239385-05:00,2978658,19258,Jack Endries,CIN,@PIT,lasttd,draftkings,,,,10000,True,rotowire
20260925T040447Z,2026-09-24 23:04:49.239385-05:00,2978658,19258,Jack Endries,CIN,@PIT,lasttd,fanduel,,,,10000,True,rotowire
20260925T040447Z,2026-09-24 23:04:49.239385-05:00,2978658,19258,Jack Endries,CIN,@PIT,lasttd,caesars,,,,10000,True,rotowire
20260925T040447Z,2026-09-24 23:04:49.239385-05:00,2978662,15324,Feleipe Franks,CAR,@CLE,lasttd,draftkings,,,,10000,True,rotowire
20260925T040447Z,2026-09-24 23:04:49.239385-05:00,2978662,15324,Feleipe Franks,CAR,@CLE,lasttd,fanduel,,,,10000,True,rotowire
20260925T040447Z,2026-09-24 23:04:49.239385-05:00,2978662,15324,Feleipe Franks,CAR,@CLE,lasttd,caesars,,,,10000,True,rotowire
20260925T040447Z,2026-09-24 23:04:49.239385-05:00,2978666,18301,David Martin-Robinson,TEN,@NYG,lasttd,draftkings,,,,11000,True,rotowire
20260925T040447Z,2026-09-24 23:04:49.239385-05:00,2978666,18301,David Martin-Robinson,TEN,@NYG,lasttd,fanduel,,,,10000,True,rotowire
20260925T040447Z,2026-09-24 23:04:49.239385-05:00,2978666,18301,David Martin-Robinson,TEN,@NYG,lasttd,caesars,,,,10000,True,rotowire
20260925T040447Z,2026-09-24 23:04:49.239385-05:00,2978686,19357,Sam Roush,CHI,PHI,lasttd,fanduel,,,,10000,True,rotowire
20260925T040447Z,2026-09-24 23:04:49.239385-05:00,2978686,19357,Sam Roush,CHI,PHI,lasttd,caesars,,,,10000,True,rotowire
20260925T040447Z,2026-09-24 23:04:49.239385-05:00,2978672,17235,Brady Russell,SEA,@WAS,lasttd,draftkings,,,,10000,True,rotowire
20260925T040447Z,2026-09-24 23:04:49.239385-05:00,2978672,17235,Brady Russell,SEA,@WAS,lasttd,fanduel,,,,10000,True,rotowire
20260925T040447Z,2026-09-24 23:04:49.239385-05:00,2978672,17235,Brady Russell,SEA,@WAS,lasttd,caesars,,,,10000,True,rotowire
20260925T040447Z,2026-09-24 23:04:49.239385-05:00,2978686,19259,Zavion Thomas,CHI,PHI,lasttd,fanduel,,,,10000,True,rotowire
20260925T040447Z,2026-09-24 23:04:49.239385-05:00,2978686,19259,Zavion Thomas,CHI,PHI,lasttd,caesars,,,,10000,True,rotowire
20260925T040447Z,2026-09-24 23:04:49.239385-05:00,2978672,10074,Marcus Mariota,WAS,SEA,comp,draftkings,17.5,105,-133,,True,rotowire
20260925T040447Z,2026-09-24 23:04:49.239385-05:00,2978672,10074,Marcus Mariota,WAS,SEA,comp,caesars,17.5,103,-136,,True,rotowire
20260925T040447Z,2026-09-24 23:04:49.239385-05:00,2978649,15872,Malik Willis,MIA,KC,comp,draftkings,16.5,-127,101,,True,rotowire
20260925T040447Z,2026-09-24 23:04:49.239385-05:00,2978649,15872,Malik Willis,MIA,KC,comp,caesars,16.5,-130,-103,,True,rotowire
20260925T040447Z,2026-09-24 23:04:49.239385-05:00,2978686,14416,Jalen Hurts,PHI,@CHI,comp,draftkings,17.5,-121,-104,,True,rotowire
20260925T040447Z,2026-09-24 23:04:49.239385-05:00,2978686,14416,Jalen Hurts,PHI,@CHI,comp,caesars,17.5,-132,100,,True,rotowire
20260925T040447Z,2026-09-24 23:04:49.239385-05:00,2978666,16997,Cam Ward,TEN,@NYG,comp,draftkings,17.5,-111,-115,,True,rotowire
20260925T040447Z,2026-09-24 23:04:49.239385-05:00,2978666,16997,Cam Ward,TEN,@NYG,comp,caesars,17.5,-118,-112,,True,rotowire
20260925T040447Z,2026-09-24 23:04:49.239385-05:00,2978662,11712,Deshaun Watson,CLE,CAR,comp,draftkings,18.5,-101,-126,,True,rotowire
20260925T040447Z,2026-09-24 23:04:49.239385-05:00,2978662,11712,Deshaun Watson,CLE,CAR,comp,caesars,18.5,101,-134,,True,rotowire
20260925T040447Z,2026-09-24 23:04:49.239385-05:00,2978666,10037,Jameis Winston,NYG,TEN,comp,draftkings,17.5,-106,-120,,True,rotowire
20260925T040447Z,2026-09-24 23:04:49.239385-05:00,2978666,10037,Jameis Winston,NYG,TEN,comp,caesars,17.5,-121,-109,,True,rotowire
20260925T040447Z,2026-09-24 23:04:49.239385-05:00,2978672,12490,Sam Darnold,SEA,@WAS,comp,draftkings,18.5,-127,100,,True,rotowire
20260925T040447Z,2026-09-24 23:04:49.239385-05:00,2978672,12490,Sam Darnold,SEA,@WAS,comp,caesars,18.5,-129,-103,,True,rotowire
20260925T040447Z,2026-09-24 23:04:49.239385-05:00,2978392,12561,Lamar Jackson,BAL,@DAL,comp,draftkings,19.5,-103,-123,,True,rotowire
20260925T040447Z,2026-09-24 23:04:49.239385-05:00,2978392,12561,Lamar Jackson,BAL,@DAL,comp,caesars,19.5,-106,-125,,True,rotowire
20260925T040447Z,2026-09-24 23:04:49.239385-05:00,2978642,13613,Kyler Murray,MIN,@TB,comp,draftkings,19.5,100,-128,,True,rotowire
20260925T040447Z,2026-09-24 23:04:49.239385-05:00,2978642,13613,Kyler Murray,MIN,@TB,comp,caesars,19.5,-102,-130,,True,rotowire
20260925T040447Z,2026-09-24 23:04:49.239385-05:00,2978645,14446,Justin Herbert,LAC,@BUF,comp,draftkings,20.5,105,-135,,True,rotowire
20260925T040447Z,2026-09-24 23:04:49.239385-05:00,2978645,14446,Justin Herbert,LAC,@BUF,comp,caesars,19.5,-129,-103,,True,rotowire
20260925T040447Z,2026-09-24 23:04:49.239385-05:00,2978653,15357,Trevor Lawrence,JAX,NE,comp,draftkings,20.5,102,-130,,True,rotowire
20260925T040447Z,2026-09-24 23:04:49.239385-05:00,2978653,15357,Trevor Lawrence,JAX,NE,comp,caesars,20.5,102,-134,,True,rotowire
20260925T040447Z,2026-09-24 23:04:49.239385-05:00,2978653,17673,Drake Maye,NE,@JAX,comp,draftkings,19.5,-127,100,,True,rotowire
20260925T040447Z,2026-09-24 23:04:49.239385-05:00,2978653,17673,Drake Maye,NE,@JAX,comp,caesars,19.5,-127,-105,,True,rotowire
20260925T040447Z,2026-09-24 23:04:49.239385-05:00,2978642,12619,Baker Mayfield,TB,MIN,comp,draftkings,20.5,100,-127,,True,rotowire
20260925T040447Z,2026-09-24 23:04:49.239385-05:00,2978642,12619,Baker Mayfield,TB,MIN,comp,caesars,20.5,106,-139,,True,rotowire
20260925T040447Z,2026-09-24 23:04:49.239385-05:00,2978662,16807,Bryce Young,CAR,@CLE,comp,draftkings,19.5,-126,-101,,True,rotowire
20260925T040447Z,2026-09-24 23:04:49.239385-05:00,2978662,16807,Bryce Young,CAR,@CLE,comp,caesars,19.5,-132,100,,True,rotowire
20260925T040447Z,2026-09-24 23:04:49.239385-05:00,2978645,12483,Josh Allen,BUF,LAC,comp,draftkings,20.5,-106,-120,,True,rotowire
20260925T040447Z,2026-09-24 23:04:49.239385-05:00,2978645,12483,Josh Allen,BUF,LAC,comp,caesars,20.5,-109,-121,,True,rotowire
20260925T040447Z,2026-09-24 23:04:49.239385-05:00,2978678,8057,Kirk Cousins,LV,@NO,comp,draftkings,20.5,-116,-108,,True,rotowire
20260925T040447Z,2026-09-24 23:04:49.239385-05:00,2978678,8057,Kirk Cousins,LV,@NO,comp,caesars,20.5,-118,-113,,True,rotowire
20260925T040447Z,2026-09-24 23:04:49.239385-05:00,2978665,13491,Daniel Jones,IND,HOU,comp,draftkings,21.5,-103,-123,,True,rotowire
20260925T040447Z,2026-09-24 23:04:49.239385-05:00,2978665,13491,Daniel Jones,IND,HOU,comp,caesars,21.5,-102,-130,,True,rotowire
20260925T040447Z,2026-09-24 23:04:49.239385-05:00,2978649,11839,Patrick Mahomes,KC,@MIA,comp,draftkings,21.5,-115,-111,,True,rotowire
20260925T040447Z,2026-09-24 23:04:49.239385-05:00,2978649,11839,Patrick Mahomes,KC,@MIA,comp,caesars,21.5,-117,-114,,True,rotowire
20260925T040447Z,2026-09-24 23:04:49.239385-05:00,2978683,16995,Bo Nix,DEN,LAR,comp,draftkings,21.5,100,-127,,True,rotowire
20260925T040447Z,2026-09-24 23:04:49.239385-05:00,2978683,16995,Bo Nix,DEN,LAR,comp,caesars,21.5,101,-134,,True,rotowire
20260925T040447Z,2026-09-24 23:04:49.239385-05:00,2978674,15834,Brock Purdy,SF,ARI,comp,draftkings,20.5,-122,-102,,True,rotowire
20260925T040447Z,2026-09-24 23:04:49.239385-05:00,2978674,15834,Brock Purdy,SF,ARI,comp,caesars,20.5,-129,-103,,True,rotowire
20260925T040447Z,2026-09-24 23:04:49.239385-05:00,2978656,8743,Geno Smith,NYJ,@DET,comp,draftkings,21.5,102,-128,,True,rotowire
20260925T040447Z,2026-09-24 23:04:49.239385-05:00,2978656,8743,Geno Smith,NYJ,@DET,comp,caesars,21.5,102,-136,,True,rotowire
20260925T040447Z,2026-09-24 23:04:49.239385-05:00,2978683,5971,Matthew Stafford,LAR,@DEN,comp,draftkings,20.5,-131,103,,,rotowire
20260925T040447Z,2026-09-24 23:04:49.239385-05:00,2978683,5971,Matthew Stafford,LAR,@DEN,comp,caesars,20.5,-132,100,,,rotowire
20260925T040447Z,2026-09-24 23:04:49.239385-05:00,2978665,16886,C.J. Stroud,HOU,@IND,comp,draftkings,20.5,-134,105,,True,rotowire
20260925T040447Z,2026-09-24 23:04:49.239385-05:00,2978665,16886,C.J. Stroud,HOU,@IND,comp,caesars,20.5,-125,-106,,True,rotowire
20260925T040447Z,2026-09-24 23:04:49.239385-05:00,2978674,10919,Jacoby Brissett,ARI,@SF,comp,draftkings,21.5,-122,-105,,True,rotowire
20260925T040447Z,2026-09-24 23:04:49.239385-05:00,2978674,10919,Jacoby Brissett,ARI,@SF,comp,caesars,21.5,-122,-108,,True,rotowire
20260925T040447Z,2026-09-24 23:04:49.239385-05:00,2978678,17037,Tyler Shough,NO,LV,comp,draftkings,22.5,105,-133,,True,rotowire
20260925T040447Z,2026-09-24 23:04:49.239385-05:00,2978678,17037,Tyler Shough,NO,LV,comp,caesars,21.5,-132,100,,True,rotowire
20260925T040447Z,2026-09-24 23:04:49.239385-05:00,2978656,10729,Jared Goff,DET,NYJ,comp,draftkings,23.5,-107,-117,,True,rotowire
20260925T040447Z,2026-09-24 23:04:49.239385-05:00,2978656,10729,Jared Goff,DET,NYJ,comp,caesars,23.5,-107,-124,,True,rotowire
20260925T040447Z,2026-09-24 23:04:49.239385-05:00,2978658,4307,Aaron Rodgers,PIT,CIN,comp,draftkings,22.5,-102,-125,,True,rotowire
20260925T040447Z,2026-09-24 23:04:49.239385-05:00,2978658,4307,Aaron Rodgers,PIT,CIN,comp,caesars,22.5,101,-134,,True,rotowire
20260925T040447Z,2026-09-24 23:04:49.239385-05:00,2978658,14442,Joe Burrow,CIN,@PIT,comp,draftkings,23.5,-101,-126,,True,rotowire
20260925T040447Z,2026-09-24 23:04:49.239385-05:00,2978658,14442,Joe Burrow,CIN,@PIT,comp,caesars,23.5,-106,-125,,True,rotowire
20260925T040447Z,2026-09-24 23:04:49.239385-05:00,2978392,11008,Dak Prescott,DAL,BAL,comp,draftkings,25.5,-110,-113,,True,rotowire
20260925T040447Z,2026-09-24 23:04:49.239385-05:00,2978392,11008,Dak Prescott,DAL,BAL,comp,caesars,25.5,-110,-120,,True,rotowire
20260925T040447Z,2026-09-24 23:04:49.239385-05:00,2978686,14416,Jalen Hurts,PHI,@CHI,passatt,draftkings,27.5,-110,-116,,True,rotowire
20260925T040447Z,2026-09-24 23:04:49.239385-05:00,2978686,14416,Jalen Hurts,PHI,@CHI,passatt,caesars,27.5,-118,-113,,True,rotowire
20260925T040447Z,2026-09-24 23:04:49.239385-05:00,2978649,15872,Malik Willis,MIA,KC,passatt,draftkings,27.5,-117,-109,,True,rotowire
20260925T040447Z,2026-09-24 23:04:49.239385-05:00,2978649,15872,Malik Willis,MIA,KC,passatt,caesars,27.5,-121,-110,,True,rotowire
20260925T040447Z,2026-09-24 23:04:49.239385-05:00,2978672,12490,Sam Darnold,SEA,@WAS,passatt,draftkings,28.5,-101,-126,,True,rotowire
20260925T040447Z,2026-09-24 23:04:49.239385-05:00,2978672,12490,Sam Darnold,SEA,@WAS,passatt,caesars,28.5,-105,-127,,True,rotowire
20260925T040447Z,2026-09-24 23:04:49.239385-05:00,2978392,12561,Lamar Jackson,BAL,@DAL,passatt,draftkings,28.5,-102,-122,,True,rotowire
20260925T040447Z,2026-09-24 23:04:49.239385-05:00,2978392,12561,Lamar Jackson,BAL,@DAL,passatt,caesars,28.5,-108,-124,,True,rotowire
20260925T040447Z,2026-09-24 23:04:49.239385-05:00,2978645,12483,Josh Allen,BUF,LAC,passatt,draftkings,30.5,-102,-125,,True,rotowire
20260925T040447Z,2026-09-24 23:04:49.239385-05:00,2978645,12483,Josh Allen,BUF,LAC,passatt,caesars,30.5,103,-136,,True,rotowire
20260925T040447Z,2026-09-24 23:04:49.239385-05:00,2978672,10074,Marcus Mariota,WAS,SEA,passatt,draftkings,30.5,-101,-127,,True,rotowire
20260925T040447Z,2026-09-24 23:04:49.239385-05:00,2978672,10074,Marcus Mariota,WAS,SEA,passatt,caesars,29.5,-122,-108,,True,rotowire
20260925T040447Z,2026-09-24 23:04:49.239385-05:00,2978662,11712,Deshaun Watson,CLE,CAR,passatt,draftkings,29.5,-106,-120,,True,rotowire
20260925T040447Z,2026-09-24 23:04:49.239385-05:00,2978662,11712,Deshaun Watson,CLE,CAR,passatt,caesars,29.5,-109,-121,,True,rotowire
20260925T040447Z,2026-09-24 23:04:49.239385-05:00,2978645,14446,Justin Herbert,LAC,@BUF,passatt,draftkings,31.5,-101,-126,,True,rotowire
20260925T040447Z,2026-09-24 23:04:49.239385-05:00,2978645,14446,Justin Herbert,LAC,@BUF,passatt,caesars,30.5,-124,-107,,True,rotowire
20260925T040447Z,2026-09-24 23:04:49.239385-05:00,2978649,11839,Patrick Mahomes,KC,@MIA,passatt,draftkings,30.5,-125,-102,,True,rotowire
20260925T040447Z,2026-09-24 23:04:49.239385-05:00,2978649,11839,Patrick Mahomes,KC,@MIA,passatt,caesars,30.5,-120,-110,,True,rotowire
20260925T040447Z,2026-09-24 23:04:49.239385-05:00,2978653,17673,Drake Maye,NE,@JAX,passatt,draftkings,30.5,-119,-107,,True,rotowire
20260925T040447Z,2026-09-24 23:04:49.239385-05:00,2978653,17673,Drake Maye,NE,@JAX,passatt,caesars,30.5,-120,-112,,True,rotowire
20260925T040447Z,2026-09-24 23:04:49.239385-05:00,2978642,12619,Baker Mayfield,TB,MIN,passatt,draftkings,31.5,-105,-121,,True,rotowire
20260925T040447Z,2026-09-24 23:04:49.239385-05:00,2978642,12619,Baker Mayfield,TB,MIN,passatt,caesars,31.5,102,-134,,True,rotowire
20260925T040447Z,2026-09-24 23:04:49.239385-05:00,2978642,13613,Kyler Murray,MIN,@TB,passatt,draftkings,30.5,-112,-114,,True,rotowire
20260925T040447Z,2026-09-24 23:04:49.239385-05:00,2978642,13613,Kyler Murray,MIN,@TB,passatt,caesars,30.5,-109,-121,,True,rotowire
20260925T040447Z,2026-09-24 23:04:49.239385-05:00,2978674,15834,Brock Purdy,SF,ARI,passatt,draftkings,31.5,100,-127,,True,rotowire
20260925T040447Z,2026-09-24 23:04:49.239385-05:00,2978674,15834,Brock Purdy,SF,ARI,passatt,caesars,31.5,102,-134,,True,rotowire
20260925T040447Z,2026-09-24 23:04:49.239385-05:00,2978666,10037,Jameis Winston,NYG,TEN,passatt,draftkings,30.5,-102,-125,,True,rotowire
20260925T040447Z,2026-09-24 23:04:49.239385-05:00,2978666,10037,Jameis Winston,NYG,TEN,passatt,caesars,30.5,-108,-122,,True,rotowire
20260925T040447Z,2026-09-24 23:04:49.239385-05:00,2978678,8057,Kirk Cousins,LV,@NO,passatt,draftkings,31.5,-120,-104,,True,rotowire
20260925T040447Z,2026-09-24 23:04:49.239385-05:00,2978678,8057,Kirk Cousins,LV,@NO,passatt,caesars,31.5,-121,-109,,True,rotowire
20260925T040447Z,2026-09-24 23:04:49.239385-05:00,2978653,15357,Trevor Lawrence,JAX,NE,passatt,draftkings,32.5,-116,-110,,True,rotowire
20260925T040447Z,2026-09-24 23:04:49.239385-05:00,2978653,15357,Trevor Lawrence,JAX,NE,passatt,caesars,32.5,-121,-110,,True,rotowire
20260925T040447Z,2026-09-24 23:04:49.239385-05:00,2978666,16997,Cam Ward,TEN,@NYG,passatt,draftkings,31.5,-121,-105,,True,rotowire
20260925T040447Z,2026-09-24 23:04:49.239385-05:00,2978666,16997,Cam Ward,TEN,@NYG,passatt,caesars,31.5,-111,-121,,True,rotowire
20260925T040447Z,2026-09-24 23:04:49.239385-05:00,2978674,10919,Jacoby Brissett,ARI,@SF,passatt,draftkings,33.5,-101,-126,,True,rotowire
20260925T040447Z,2026-09-24 23:04:49.239385-05:00,2978674,10919,Jacoby Brissett,ARI,@SF,passatt,caesars,33.5,100,-132,,True,rotowire
20260925T040447Z,2026-09-24 23:04:49.239385-05:00,2978656,10729,Jared Goff,DET,NYJ,passatt,draftkings,33.5,-109,-117,,True,rotowire
20260925T040447Z,2026-09-24 23:04:49.239385-05:00,2978656,10729,Jared Goff,DET,NYJ,passatt,caesars,33.5,-105,-127,,True,rotowire
20260925T040447Z,2026-09-24 23:04:49.239385-05:00,2978665,13491,Daniel Jones,IND,HOU,passatt,draftkings,32.5,-114,-112,,True,rotowire
20260925T040447Z,2026-09-24 23:04:49.239385-05:00,2978665,13491,Daniel Jones,IND,HOU,passatt,caesars,32.5,-110,-121,,True,rotowire
20260925T040447Z,2026-09-24 23:04:49.239385-05:00,2978678,17037,Tyler Shough,NO,LV,passatt,draftkings,33.5,-103,-120,,True,rotowire
20260925T040447Z,2026-09-24 23:04:49.239385-05:00,2978678,17037,Tyler Shough,NO,LV,passatt,caesars,33.5,104,-137,,True,rotowire
20260925T040447Z,2026-09-24 23:04:49.239385-05:00,2978656,8743,Geno Smith,NYJ,@DET,passatt,draftkings,32.5,-111,-113,,True,rotowire
20260925T040447Z,2026-09-24 23:04:49.239385-05:00,2978656,8743,Geno Smith,NYJ,@DET,passatt,caesars,32.5,-115,-115,,True,rotowire
20260925T040447Z,2026-09-24 23:04:49.239385-05:00,2978665,16886,C.J. Stroud,HOU,@IND,passatt,draftkings,32.5,-118,-108,,True,rotowire
20260925T040447Z,2026-09-24 23:04:49.239385-05:00,2978665,16886,C.J. Stroud,HOU,@IND,passatt,caesars,32.5,-115,-115,,True,rotowire
20260925T040447Z,2026-09-24 23:04:49.239385-05:00,2978662,16807,Bryce Young,CAR,@CLE,passatt,draftkings,33.5,-103,-120,,True,rotowire
20260925T040447Z,2026-09-24 23:04:49.239385-05:00,2978662,16807,Bryce Young,CAR,@CLE,passatt,caesars,33.5,103,-136,,True,rotowire
20260925T040447Z,2026-09-24 23:04:49.239385-05:00,2978683,16995,Bo Nix,DEN,LAR,passatt,draftkings,33.5,-108,-115,,True,rotowire
20260925T040447Z,2026-09-24 23:04:49.239385-05:00,2978683,16995,Bo Nix,DEN,LAR,passatt,caesars,33.5,-110,-120,,True,rotowire
20260925T040447Z,2026-09-24 23:04:49.239385-05:00,2978683,5971,Matthew Stafford,LAR,@DEN,passatt,draftkings,33.5,-125,100,,,rotowire
20260925T040447Z,2026-09-24 23:04:49.239385-05:00,2978683,5971,Matthew Stafford,LAR,@DEN,passatt,caesars,34.5,102,-136,,,rotowire
20260925T040447Z,2026-09-24 23:04:49.239385-05:00,2978658,14442,Joe Burrow,CIN,@PIT,passatt,draftkings,35.5,-101,-126,,True,rotowire
20260925T040447Z,2026-09-24 23:04:49.239385-05:00,2978658,14442,Joe Burrow,CIN,@PIT,passatt,caesars,35.5,101,-134,,True,rotowire
20260925T040447Z,2026-09-24 23:04:49.239385-05:00,2978658,4307,Aaron Rodgers,PIT,CIN,passatt,draftkings,35.5,-108,-118,,True,rotowire
20260925T040447Z,2026-09-24 23:04:49.239385-05:00,2978658,4307,Aaron Rodgers,PIT,CIN,passatt,caesars,35.5,-106,-125,,True,rotowire
20260925T040447Z,2026-09-24 23:04:49.239385-05:00,2978392,11008,Dak Prescott,DAL,BAL,passatt,draftkings,36.5,-115,-111,,True,rotowire
20260925T040447Z,2026-09-24 23:04:49.239385-05:00,2978392,11008,Dak Prescott,DAL,BAL,passatt,caesars,36.5,-108,-122,,True,rotowire
20260925T040447Z,2026-09-24 23:04:49.239385-05:00,2978672,10074,Marcus Mariota,WAS,SEA,passyds,draftkings,169.5,-111,-113,,True,rotowire
20260925T040447Z,2026-09-24 23:04:49.239385-05:00,2978672,10074,Marcus Mariota,WAS,SEA,passyds,fanduel,172.5,-114,-114,,True,rotowire
20260925T040447Z,2026-09-24 23:04:49.239385-05:00,2978672,10074,Marcus Mariota,WAS,SEA,passyds,caesars,171.5,-114,-115,,True,rotowire
20260925T040447Z,2026-09-24 23:04:49.239385-05:00,2978649,15872,Malik Willis,MIA,KC,passyds,draftkings,178.5,-111,-113,,True,rotowire
20260925T040447Z,2026-09-24 23:04:49.239385-05:00,2978649,15872,Malik Willis,MIA,KC,passyds,fanduel,177.5,-114,-114,,True,rotowire
20260925T040447Z,2026-09-24 23:04:49.239385-05:00,2978649,15872,Malik Willis,MIA,KC,passyds,caesars,176.5,-115,-113,,True,rotowire
20260925T040447Z,2026-09-24 23:04:49.239385-05:00,2978666,16997,Cam Ward,TEN,@NYG,passyds,draftkings,184.5,-110,-114,,True,rotowire
20260925T040447Z,2026-09-24 23:04:49.239385-05:00,2978666,16997,Cam Ward,TEN,@NYG,passyds,fanduel,191.5,-114,-114,,True,rotowire
20260925T040447Z,2026-09-24 23:04:49.239385-05:00,2978666,16997,Cam Ward,TEN,@NYG,passyds,caesars,188.5,-114,-115,,True,rotowire
20260925T040447Z,2026-09-24 23:04:49.239385-05:00,2978662,11712,Deshaun Watson,CLE,CAR,passyds,draftkings,191.5,-113,-111,,True,rotowire
20260925T040447Z,2026-09-24 23:04:49.239385-05:00,2978662,11712,Deshaun Watson,CLE,CAR,passyds,fanduel,190.5,-114,-114,,True,rotowire
20260925T040447Z,2026-09-24 23:04:49.239385-05:00,2978662,11712,Deshaun Watson,CLE,CAR,passyds,caesars,190.5,-114,-115,,True,rotowire
20260925T040447Z,2026-09-24 23:04:49.239385-05:00,2978666,10037,Jameis Winston,NYG,TEN,passyds,draftkings,203.5,-113,-111,,True,rotowire
20260925T040447Z,2026-09-24 23:04:49.239385-05:00,2978666,10037,Jameis Winston,NYG,TEN,passyds,fanduel,206.5,-114,-114,,True,rotowire
20260925T040447Z,2026-09-24 23:04:49.239385-05:00,2978666,10037,Jameis Winston,NYG,TEN,passyds,caesars,204.5,-113,-115,,True,rotowire
20260925T040447Z,2026-09-24 23:04:49.239385-05:00,2978642,13613,Kyler Murray,MIN,@TB,passyds,draftkings,208.5,-112,-112,,True,rotowire
20260925T040447Z,2026-09-24 23:04:49.239385-05:00,2978642,13613,Kyler Murray,MIN,@TB,passyds,fanduel,209.5,-114,-114,,True,rotowire
20260925T040447Z,2026-09-24 23:04:49.239385-05:00,2978642,13613,Kyler Murray,MIN,@TB,passyds,caesars,209.5,-115,-114,,True,rotowire
20260925T040447Z,2026-09-24 23:04:49.239385-05:00,2978678,8057,Kirk Cousins,LV,@NO,passyds,draftkings,212.5,-111,-113,,True,rotowire
20260925T040447Z,2026-09-24 23:04:49.239385-05:00,2978678,8057,Kirk Cousins,LV,@NO,passyds,fanduel,211.5,-114,-114,,True,rotowire
20260925T040447Z,2026-09-24 23:04:49.239385-05:00,2978678,8057,Kirk Cousins,LV,@NO,passyds,caesars,211.5,-114,-114,,True,rotowire
20260925T040447Z,2026-09-24 23:04:49.239385-05:00,2978683,16995,Bo Nix,DEN,LAR,passyds,draftkings,210.5,-112,-112,,True,rotowire
20260925T040447Z,2026-09-24 23:04:49.239385-05:00,2978683,16995,Bo Nix,DEN,LAR,passyds,fanduel,211.5,-114,-114,,True,rotowire
20260925T040447Z,2026-09-24 23:04:49.239385-05:00,2978683,16995,Bo Nix,DEN,LAR,passyds,caesars,211.5,-114,-114,,True,rotowire
20260925T040447Z,2026-09-24 23:04:49.239385-05:00,2978686,14416,Jalen Hurts,PHI,@CHI,passyds,draftkings,218.5,-113,-111,,True,rotowire
20260925T040447Z,2026-09-24 23:04:49.239385-05:00,2978686,14416,Jalen Hurts,PHI,@CHI,passyds,fanduel,218.5,-114,-114,,True,rotowire
20260925T040447Z,2026-09-24 23:04:49.239385-05:00,2978686,14416,Jalen Hurts,PHI,@CHI,passyds,caesars,217.5,-115,-114,,True,rotowire
20260925T040447Z,2026-09-24 23:04:49.239385-05:00,2978665,13491,Daniel Jones,IND,HOU,passyds,draftkings,218.5,-113,-111,,True,rotowire
20260925T040447Z,2026-09-24 23:04:49.239385-05:00,2978665,13491,Daniel Jones,IND,HOU,passyds,fanduel,218.5,-114,-114,,True,rotowire
20260925T040447Z,2026-09-24 23:04:49.239385-05:00,2978665,13491,Daniel Jones,IND,HOU,passyds,caesars,217.5,-114,-115,,True,rotowire
20260925T040447Z,2026-09-24 23:04:49.239385-05:00,2978642,12619,Baker Mayfield,TB,MIN,passyds,draftkings,218.5,-111,-113,,True,rotowire
20260925T040447Z,2026-09-24 23:04:49.239385-05:00,2978642,12619,Baker Mayfield,TB,MIN,passyds,fanduel,216.5,-114,-114,,True,rotowire
20260925T040447Z,2026-09-24 23:04:49.239385-05:00,2978642,12619,Baker Mayfield,TB,MIN,passyds,caesars,216.5,-113,-115,,True,rotowire
20260925T040447Z,2026-09-24 23:04:49.239385-05:00,2978662,16807,Bryce Young,CAR,@CLE,passyds,draftkings,225.5,-113,-111,,True,rotowire
20260925T040447Z,2026-09-24 23:04:49.239385-05:00,2978662,16807,Bryce Young,CAR,@CLE,passyds,fanduel,223.5,-114,-114,,True,rotowire
20260925T040447Z,2026-09-24 23:04:49.239385-05:00,2978662,16807,Bryce Young,CAR,@CLE,passyds,caesars,223.5,-114,-115,,True,rotowire
20260925T040447Z,2026-09-24 23:04:49.239385-05:00,2978653,17673,Drake Maye,NE,@JAX,passyds,draftkings,219.5,-110,-114,,True,rotowire
20260925T040447Z,2026-09-24 23:04:49.239385-05:00,2978653,17673,Drake Maye,NE,@JAX,passyds,caesars,218.5,-114,-114,,True,rotowire
20260925T040447Z,2026-09-24 23:04:49.239385-05:00,2978672,12490,Sam Darnold,SEA,@WAS,passyds,draftkings,222.5,-112,-111,,True,rotowire
20260925T040447Z,2026-09-24 23:04:49.239385-05:00,2978672,12490,Sam Darnold,SEA,@WAS,passyds,fanduel,222.5,-114,-114,,True,rotowire
20260925T040447Z,2026-09-24 23:04:49.239385-05:00,2978672,12490,Sam Darnold,SEA,@WAS,passyds,caesars,222.5,-115,-113,,True,rotowire
20260925T040447Z,2026-09-24 23:04:49.239385-05:00,2978658,4307,Aaron Rodgers,PIT,CIN,passyds,draftkings,219.5,-114,-110,,True,rotowire
20260925T040447Z,2026-09-24 23:04:49.239385-05:00,2978658,4307,Aaron Rodgers,PIT,CIN,passyds,fanduel,220.5,-114,-114,,True,rotowire
20260925T040447Z,2026-09-24 23:04:49.239385-05:00,2978658,4307,Aaron Rodgers,PIT,CIN,passyds,caesars,219.5,-114,-115,,True,rotowire
20260925T040447Z,2026-09-24 23:04:49.239385-05:00,2978645,14446,Justin Herbert,LAC,@BUF,passyds,draftkings,225.5,-111,-113,,True,rotowire
20260925T040447Z,2026-09-24 23:04:49.239385-05:00,2978645,14446,Justin Herbert,LAC,@BUF,passyds,fanduel,224.5,-114,-114,,True,rotowire
20260925T040447Z,2026-09-24 23:04:49.239385-05:00,2978645,14446,Justin Herbert,LAC,@BUF,passyds,caesars,224.5,-114,-114,,True,rotowire
20260925T040447Z,2026-09-24 23:04:49.239385-05:00,2978656,8743,Geno Smith,NYJ,@DET,passyds,draftkings,224.5,-113,-111,,True,rotowire
20260925T040447Z,2026-09-24 23:04:49.239385-05:00,2978656,8743,Geno Smith,NYJ,@DET,passyds,fanduel,223.5,-114,-114,,True,rotowire
20260925T040447Z,2026-09-24 23:04:49.239385-05:00,2978656,8743,Geno Smith,NYJ,@DET,passyds,caesars,223.5,-122,-110,,True,rotowire
20260925T040447Z,2026-09-24 23:04:49.239385-05:00,2978674,10919,Jacoby Brissett,ARI,@SF,passyds,draftkings,224.5,-111,-113,,True,rotowire
20260925T040447Z,2026-09-24 23:04:49.239385-05:00,2978674,10919,Jacoby Brissett,ARI,@SF,passyds,fanduel,225.5,-114,-114,,True,rotowire
20260925T040447Z,2026-09-24 23:04:49.239385-05:00,2978674,10919,Jacoby Brissett,ARI,@SF,passyds,caesars,224.5,-114,-114,,True,rotowire
20260925T040447Z,2026-09-24 23:04:49.239385-05:00,2978653,15357,Trevor Lawrence,JAX,NE,passyds,draftkings,226.5,-111,-113,,True,rotowire
20260925T040447Z,2026-09-24 23:04:49.239385-05:00,2978653,15357,Trevor Lawrence,JAX,NE,passyds,fanduel,223.5,-114,-114,,True,rotowire
20260925T040447Z,2026-09-24 23:04:49.239385-05:00,2978653,15357,Trevor Lawrence,JAX,NE,passyds,caesars,224.5,-115,-113,,True,rotowire
20260925T040447Z,2026-09-24 23:04:49.239385-05:00,2978665,16886,C.J. Stroud,HOU,@IND,passyds,draftkings,236.5,-111,-113,,True,rotowire
20260925T040447Z,2026-09-24 23:04:49.239385-05:00,2978665,16886,C.J. Stroud,HOU,@IND,passyds,caesars,236.5,-115,-114,,True,rotowire
20260925T040447Z,2026-09-24 23:04:49.239385-05:00,2978645,12483,Josh Allen,BUF,LAC,passyds,draftkings,239.5,-111,-113,,True,rotowire
20260925T040447Z,2026-09-24 23:04:49.239385-05:00,2978645,12483,Josh Allen,BUF,LAC,passyds,fanduel,238.5,-114,-114,,True,rotowire
20260925T040447Z,2026-09-24 23:04:49.239385-05:00,2978645,12483,Josh Allen,BUF,LAC,passyds,caesars,238.5,-114,-114,,True,rotowire
20260925T040447Z,2026-09-24 23:04:49.239385-05:00,2978649,11839,Patrick Mahomes,KC,@MIA,passyds,draftkings,235.5,-113,-111,,True,rotowire
20260925T040447Z,2026-09-24 23:04:49.239385-05:00,2978649,11839,Patrick Mahomes,KC,@MIA,passyds,fanduel,235.5,-114,-114,,True,rotowire
20260925T040447Z,2026-09-24 23:04:49.239385-05:00,2978649,11839,Patrick Mahomes,KC,@MIA,passyds,caesars,235.5,-115,-114,,True,rotowire
20260925T040447Z,2026-09-24 23:04:49.239385-05:00,2978674,15834,Brock Purdy,SF,ARI,passyds,draftkings,236.5,-111,-113,,True,rotowire
20260925T040447Z,2026-09-24 23:04:49.239385-05:00,2978674,15834,Brock Purdy,SF,ARI,passyds,fanduel,237.5,-114,-114,,True,rotowire
20260925T040447Z,2026-09-24 23:04:49.239385-05:00,2978674,15834,Brock Purdy,SF,ARI,passyds,caesars,236.5,-114,-115,,True,rotowire
20260925T040447Z,2026-09-24 23:04:49.239385-05:00,2978392,12561,Lamar Jackson,BAL,@DAL,passyds,draftkings,240.5,-111,-113,,True,rotowire
20260925T040447Z,2026-09-24 23:04:49.239385-05:00,2978392,12561,Lamar Jackson,BAL,@DAL,passyds,fanduel,239.5,-114,-114,,True,rotowire
20260925T040447Z,2026-09-24 23:04:49.239385-05:00,2978392,12561,Lamar Jackson,BAL,@DAL,passyds,caesars,239.5,-114,-114,,True,rotowire
20260925T040447Z,2026-09-24 23:04:49.239385-05:00,2978683,5971,Matthew Stafford,LAR,@DEN,passyds,draftkings,241.5,-112,-112,,,rotowire
20260925T040447Z,2026-09-24 23:04:49.239385-05:00,2978683,5971,Matthew Stafford,LAR,@DEN,passyds,fanduel,243.5,-114,-114,,,rotowire
20260925T040447Z,2026-09-24 23:04:49.239385-05:00,2978683,5971,Matthew Stafford,LAR,@DEN,passyds,caesars,242.5,-114,-115,,,rotowire
20260925T040447Z,2026-09-24 23:04:49.239385-05:00,2978678,17037,Tyler Shough,NO,LV,passyds,draftkings,253.5,-111,-113,,True,rotowire
20260925T040447Z,2026-09-24 23:04:49.239385-05:00,2978678,17037,Tyler Shough,NO,LV,passyds,fanduel,252.5,-114,-114,,True,rotowire
20260925T040447Z,2026-09-24 23:04:49.239385-05:00,2978678,17037,Tyler Shough,NO,LV,passyds,caesars,251.5,-114,-114,,True,rotowire
20260925T040447Z,2026-09-24 23:04:49.239385-05:00,2978658,14442,Joe Burrow,CIN,@PIT,passyds,draftkings,255.5,-112,-112,,True,rotowire
20260925T040447Z,2026-09-24 23:04:49.239385-05:00,2978658,14442,Joe Burrow,CIN,@PIT,passyds,fanduel,253.5,-114,-114,,True,rotowire
20260925T040447Z,2026-09-24 23:04:49.239385-05:00,2978658,14442,Joe Burrow,CIN,@PIT,passyds,caesars,254.5,-113,-115,,True,rotowire
20260925T040447Z,2026-09-24 23:04:49.239385-05:00,2978656,10729,Jared Goff,DET,NYJ,passyds,draftkings,258.5,-113,-111,,True,rotowire
20260925T040447Z,2026-09-24 23:04:49.239385-05:00,2978656,10729,Jared Goff,DET,NYJ,passyds,fanduel,258.5,-114,-114,,True,rotowire
20260925T040447Z,2026-09-24 23:04:49.239385-05:00,2978656,10729,Jared Goff,DET,NYJ,passyds,caesars,258.5,-113,-115,,True,rotowire
20260925T040447Z,2026-09-24 23:04:49.239385-05:00,2978392,11008,Dak Prescott,DAL,BAL,passyds,draftkings,266.5,-111,-113,,True,rotowire
20260925T040447Z,2026-09-24 23:04:49.239385-05:00,2978392,11008,Dak Prescott,DAL,BAL,passyds,fanduel,263.5,-114,-114,,True,rotowire
20260925T040447Z,2026-09-24 23:04:49.239385-05:00,2978392,11008,Dak Prescott,DAL,BAL,passyds,caesars,264.5,-115,-114,,True,rotowire
20260925T040447Z,2026-09-24 23:04:49.239385-05:00,2978672,10074,Marcus Mariota,WAS,SEA,passtd,draftkings,0.5,-171,134,,True,rotowire
20260925T040447Z,2026-09-24 23:04:49.239385-05:00,2978672,10074,Marcus Mariota,WAS,SEA,passtd,fanduel,0.5,-205,152,,True,rotowire
20260925T040447Z,2026-09-24 23:04:49.239385-05:00,2978672,10074,Marcus Mariota,WAS,SEA,passtd,caesars,0.5,-190,151,,True,rotowire
20260925T040447Z,2026-09-24 23:04:49.239385-05:00,2978666,16997,Cam Ward,TEN,@NYG,passtd,draftkings,0.5,-187,149,,True,rotowire
20260925T040447Z,2026-09-24 23:04:49.239385-05:00,2978666,16997,Cam Ward,TEN,@NYG,passtd,fanduel,0.5,-210,154,,True,rotowire
20260925T040447Z,2026-09-24 23:04:49.239385-05:00,2978666,16997,Cam Ward,TEN,@NYG,passtd,caesars,0.5,-200,161,,True,rotowire
20260925T040447Z,2026-09-24 23:04:49.239385-05:00,2978649,15872,Malik Willis,MIA,KC,passtd,draftkings,0.5,-205,159,,True,rotowire
20260925T040447Z,2026-09-24 23:04:49.239385-05:00,2978649,15872,Malik Willis,MIA,KC,passtd,fanduel,0.5,-210,154,,True,rotowire
20260925T040447Z,2026-09-24 23:04:49.239385-05:00,2978649,15872,Malik Willis,MIA,KC,passtd,caesars,0.5,-200,161,,True,rotowire
20260925T040447Z,2026-09-24 23:04:49.239385-05:00,2978666,10037,Jameis Winston,NYG,TEN,passtd,draftkings,0.5,-244,188,,True,rotowire
20260925T040447Z,2026-09-24 23:04:49.239385-05:00,2978666,10037,Jameis Winston,NYG,TEN,passtd,fanduel,0.5,-260,188,,True,rotowire
20260925T040447Z,2026-09-24 23:04:49.239385-05:00,2978666,10037,Jameis Winston,NYG,TEN,passtd,caesars,0.5,-245,191,,True,rotowire
20260925T040447Z,2026-09-24 23:04:49.239385-05:00,2978645,12483,Josh Allen,BUF,LAC,passtd,draftkings,1.5,-158,124,,True,rotowire
20260925T040447Z,2026-09-24 23:04:49.239385-05:00,2978645,12483,Josh Allen,BUF,LAC,passtd,fanduel,1.5,-152,114,,True,rotowire
20260925T040447Z,2026-09-24 23:04:49.239385-05:00,2978645,12483,Josh Allen,BUF,LAC,passtd,caesars,1.5,-145,121,,True,rotowire
20260925T040447Z,2026-09-24 23:04:49.239385-05:00,2978674,10919,Jacoby Brissett,ARI,@SF,passtd,draftkings,1.5,181,-234,,True,rotowire
20260925T040447Z,2026-09-24 23:04:49.239385-05:00,2978674,10919,Jacoby Brissett,ARI,@SF,passtd,fanduel,1.5,182,-250,,True,rotowire
20260925T040447Z,2026-09-24 23:04:49.239385-05:00,2978674,10919,Jacoby Brissett,ARI,@SF,passtd,caesars,1.5,181,-230,,True,rotowire
20260925T040447Z,2026-09-24 23:04:49.239385-05:00,2978658,14442,Joe Burrow,CIN,@PIT,passtd,draftkings,1.5,-114,-111,,True,rotowire
20260925T040447Z,2026-09-24 23:04:49.239385-05:00,2978658,14442,Joe Burrow,CIN,@PIT,passtd,fanduel,1.5,-104,-128,,True,rotowire
20260925T040447Z,2026-09-24 23:04:49.239385-05:00,2978658,14442,Joe Burrow,CIN,@PIT,passtd,caesars,1.5,-103,-121,,True,rotowire
20260925T040447Z,2026-09-24 23:04:49.239385-05:00,2978678,8057,Kirk Cousins,LV,@NO,passtd,draftkings,1.5,135,-173,,True,rotowire
20260925T040447Z,2026-09-24 23:04:49.239385-05:00,2978678,8057,Kirk Cousins,LV,@NO,passtd,fanduel,1.5,146,-198,,True,rotowire
20260925T040447Z,2026-09-24 23:04:49.239385-05:00,2978678,8057,Kirk Cousins,LV,@NO,passtd,caesars,1.5,143,-176,,True,rotowire
20260925T040447Z,2026-09-24 23:04:49.239385-05:00,2978672,12490,Sam Darnold,SEA,@WAS,passtd,draftkings,1.5,-101,-127,,True,rotowire
20260925T040447Z,2026-09-24 23:04:49.239385-05:00,2978672,12490,Sam Darnold,SEA,@WAS,passtd,fanduel,1.5,-102,-130,,True,rotowire
20260925T040447Z,2026-09-24 23:04:49.239385-05:00,2978672,12490,Sam Darnold,SEA,@WAS,passtd,caesars,1.5,101,-124,,True,rotowire
20260925T040447Z,2026-09-24 23:04:49.239385-05:00,2978656,10729,Jared Goff,DET,NYJ,passtd,draftkings,1.5,-208,162,,True,rotowire
20260925T040447Z,2026-09-24 23:04:49.239385-05:00,2978656,10729,Jared Goff,DET,NYJ,passtd,fanduel,1.5,-200,148,,True,rotowire
20260925T040447Z,2026-09-24 23:04:49.239385-05:00,2978656,10729,Jared Goff,DET,NYJ,passtd,caesars,1.5,-205,162,,True,rotowire
20260925T040447Z,2026-09-24 23:04:49.239385-05:00,2978645,14446,Justin Herbert,LAC,@BUF,passtd,draftkings,1.5,135,-173,,True,rotowire
20260925T040447Z,2026-09-24 23:04:49.239385-05:00,2978645,14446,Justin Herbert,LAC,@BUF,passtd,fanduel,1.5,130,-174,,True,rotowire
20260925T040447Z,2026-09-24 23:04:49.239385-05:00,2978645,14446,Justin Herbert,LAC,@BUF,passtd,caesars,1.5,140,-173,,True,rotowire
20260925T040447Z,2026-09-24 23:04:49.239385-05:00,2978686,14416,Jalen Hurts,PHI,@CHI,passtd,draftkings,1.5,123,-157,,True,rotowire
20260925T040447Z,2026-09-24 23:04:49.239385-05:00,2978686,14416,Jalen Hurts,PHI,@CHI,passtd,fanduel,1.5,132,-178,,True,rotowire
20260925T040447Z,2026-09-24 23:04:49.239385-05:00,2978686,14416,Jalen Hurts,PHI,@CHI,passtd,caesars,1.5,133,-164,,True,rotowire
20260925T040447Z,2026-09-24 23:04:49.239385-05:00,2978392,12561,Lamar Jackson,BAL,@DAL,passtd,draftkings,1.5,-158,123,,True,rotowire
20260925T040447Z,2026-09-24 23:04:49.239385-05:00,2978392,12561,Lamar Jackson,BAL,@DAL,passtd,fanduel,1.5,-146,110,,True,rotowire
20260925T040447Z,2026-09-24 23:04:49.239385-05:00,2978392,12561,Lamar Jackson,BAL,@DAL,passtd,caesars,1.5,-145,119,,True,rotowire
20260925T040447Z,2026-09-24 23:04:49.239385-05:00,2978665,13491,Daniel Jones,IND,HOU,passtd,draftkings,1.5,163,-210,,True,rotowire
20260925T040447Z,2026-09-24 23:04:49.239385-05:00,2978665,13491,Daniel Jones,IND,HOU,passtd,fanduel,1.5,154,-210,,True,rotowire
20260925T040447Z,2026-09-24 23:04:49.239385-05:00,2978665,13491,Daniel Jones,IND,HOU,passtd,caesars,1.5,162,-205,,True,rotowire
20260925T040447Z,2026-09-24 23:04:49.239385-05:00,2978653,15357,Trevor Lawrence,JAX,NE,passtd,draftkings,1.5,-109,-113,,True,rotowire
20260925T040447Z,2026-09-24 23:04:49.239385-05:00,2978653,15357,Trevor Lawrence,JAX,NE,passtd,fanduel,1.5,-112,-118,,True,rotowire
20260925T040447Z,2026-09-24 23:04:49.239385-05:00,2978653,15357,Trevor Lawrence,JAX,NE,passtd,caesars,1.5,-108,-114,,True,rotowire
20260925T040447Z,2026-09-24 23:04:49.239385-05:00,2978649,11839,Patrick Mahomes,KC,@MIA,passtd,draftkings,1.5,-193,150,,True,rotowire
20260925T040447Z,2026-09-24 23:04:49.239385-05:00,2978649,11839,Patrick Mahomes,KC,@MIA,passtd,fanduel,1.5,-215,158,,True,rotowire
20260925T040447Z,2026-09-24 23:04:49.239385-05:00,2978649,11839,Patrick Mahomes,KC,@MIA,passtd,caesars,1.5,-209,165,,True,rotowire
20260925T040447Z,2026-09-24 23:04:49.239385-05:00,2978653,17673,Drake Maye,NE,@JAX,passtd,draftkings,1.5,141,-180,,True,rotowire
20260925T040447Z,2026-09-24 23:04:49.239385-05:00,2978653,17673,Drake Maye,NE,@JAX,passtd,fanduel,1.5,140,-188,,True,rotowire
20260925T040447Z,2026-09-24 23:04:49.239385-05:00,2978653,17673,Drake Maye,NE,@JAX,passtd,caesars,1.5,148,-182,,True,rotowire
20260925T040447Z,2026-09-24 23:04:49.239385-05:00,2978642,12619,Baker Mayfield,TB,MIN,passtd,draftkings,1.5,138,-177,,True,rotowire
20260925T040447Z,2026-09-24 23:04:49.239385-05:00,2978642,12619,Baker Mayfield,TB,MIN,passtd,fanduel,1.5,140,-188,,True,rotowire
20260925T040447Z,2026-09-24 23:04:49.239385-05:00,2978642,12619,Baker Mayfield,TB,MIN,passtd,caesars,1.5,142,-176,,True,rotowire
20260925T040447Z,2026-09-24 23:04:49.239385-05:00,2978642,13613,Kyler Murray,MIN,@TB,passtd,draftkings,1.5,139,-178,,True,rotowire
20260925T040447Z,2026-09-24 23:04:49.239385-05:00,2978642,13613,Kyler Murray,MIN,@TB,passtd,fanduel,1.5,132,-178,,True,rotowire
20260925T040447Z,2026-09-24 23:04:49.239385-05:00,2978642,13613,Kyler Murray,MIN,@TB,passtd,caesars,1.5,138,-170,,True,rotowire
20260925T040447Z,2026-09-24 23:04:49.239385-05:00,2978683,16995,Bo Nix,DEN,LAR,passtd,draftkings,1.5,131,-167,,True,rotowire
20260925T040447Z,2026-09-24 23:04:49.239385-05:00,2978683,16995,Bo Nix,DEN,LAR,passtd,fanduel,1.5,128,-172,,True,rotowire
20260925T040447Z,2026-09-24 23:04:49.239385-05:00,2978683,16995,Bo Nix,DEN,LAR,passtd,caesars,1.5,132,-164,,True,rotowire
20260925T040447Z,2026-09-24 23:04:49.239385-05:00,2978392,11008,Dak Prescott,DAL,BAL,passtd,draftkings,1.5,-151,122,,True,rotowire
20260925T040447Z,2026-09-24 23:04:49.239385-05:00,2978392,11008,Dak Prescott,DAL,BAL,passtd,fanduel,1.5,-144,108,,True,rotowire
20260925T040447Z,2026-09-24 23:04:49.239385-05:00,2978392,11008,Dak Prescott,DAL,BAL,passtd,caesars,1.5,-141,115,,True,rotowire
20260925T040447Z,2026-09-24 23:04:49.239385-05:00,2978674,15834,Brock Purdy,SF,ARI,passtd,draftkings,1.5,-157,123,,True,rotowire
20260925T040447Z,2026-09-24 23:04:49.239385-05:00,2978674,15834,Brock Purdy,SF,ARI,passtd,fanduel,1.5,-174,132,,True,rotowire
20260925T040447Z,2026-09-24 23:04:49.239385-05:00,2978674,15834,Brock Purdy,SF,ARI,passtd,caesars,1.5,-170,134,,True,rotowire
20260925T040447Z,2026-09-24 23:04:49.239385-05:00,2978658,4307,Aaron Rodgers,PIT,CIN,passtd,draftkings,1.5,172,-222,,True,rotowire
20260925T040447Z,2026-09-24 23:04:49.239385-05:00,2978658,4307,Aaron Rodgers,PIT,CIN,passtd,fanduel,1.5,162,-220,,True,rotowire
20260925T040447Z,2026-09-24 23:04:49.239385-05:00,2978658,4307,Aaron Rodgers,PIT,CIN,passtd,caesars,1.5,172,-218,,True,rotowire
20260925T040447Z,2026-09-24 23:04:49.239385-05:00,2978678,17037,Tyler Shough,NO,LV,passtd,draftkings,1.5,106,-133,,True,rotowire
20260925T040447Z,2026-09-24 23:04:49.239385-05:00,2978678,17037,Tyler Shough,NO,LV,passtd,fanduel,1.5,106,-140,,True,rotowire
20260925T040447Z,2026-09-24 23:04:49.239385-05:00,2978678,17037,Tyler Shough,NO,LV,passtd,caesars,1.5,108,-132,,True,rotowire
20260925T040447Z,2026-09-24 23:04:49.239385-05:00,2978656,8743,Geno Smith,NYJ,@DET,passtd,draftkings,1.5,144,-182,,True,rotowire
20260925T040447Z,2026-09-24 23:04:49.239385-05:00,2978656,8743,Geno Smith,NYJ,@DET,passtd,fanduel,1.5,146,-198,,True,rotowire
20260925T040447Z,2026-09-24 23:04:49.239385-05:00,2978656,8743,Geno Smith,NYJ,@DET,passtd,caesars,1.5,152,-190,,True,rotowire
20260925T040447Z,2026-09-24 23:04:49.239385-05:00,2978683,5971,Matthew Stafford,LAR,@DEN,passtd,draftkings,1.5,-113,-112,,,rotowire
20260925T040447Z,2026-09-24 23:04:49.239385-05:00,2978683,5971,Matthew Stafford,LAR,@DEN,passtd,fanduel,1.5,-114,-114,,,rotowire
20260925T040447Z,2026-09-24 23:04:49.239385-05:00,2978683,5971,Matthew Stafford,LAR,@DEN,passtd,caesars,1.5,-112,-110,,,rotowire
20260925T040447Z,2026-09-24 23:04:49.239385-05:00,2978665,16886,C.J. Stroud,HOU,@IND,passtd,draftkings,1.5,126,-162,,True,rotowire
20260925T040447Z,2026-09-24 23:04:49.239385-05:00,2978665,16886,C.J. Stroud,HOU,@IND,passtd,fanduel,1.5,128,-172,,True,rotowire
20260925T040447Z,2026-09-24 23:04:49.239385-05:00,2978665,16886,C.J. Stroud,HOU,@IND,passtd,caesars,1.5,126,-154,,True,rotowire
20260925T040447Z,2026-09-24 23:04:49.239385-05:00,2978662,11712,Deshaun Watson,CLE,CAR,passtd,draftkings,1.5,186,-241,,True,rotowire
20260925T040447Z,2026-09-24 23:04:49.239385-05:00,2978662,11712,Deshaun Watson,CLE,CAR,passtd,fanduel,1.5,168,-230,,True,rotowire
20260925T040447Z,2026-09-24 23:04:49.239385-05:00,2978662,11712,Deshaun Watson,CLE,CAR,passtd,caesars,1.5,175,-218,,True,rotowire
20260925T040447Z,2026-09-24 23:04:49.239385-05:00,2978662,16807,Bryce Young,CAR,@CLE,passtd,draftkings,1.5,114,-145,,True,rotowire
20260925T040447Z,2026-09-24 23:04:49.239385-05:00,2978662,16807,Bryce Young,CAR,@CLE,passtd,fanduel,1.5,114,-152,,True,rotowire
20260925T040447Z,2026-09-24 23:04:49.239385-05:00,2978662,16807,Bryce Young,CAR,@CLE,passtd,caesars,1.5,116,-143,,True,rotowire
20260925T040447Z,2026-09-24 23:04:49.239385-05:00,2978645,12483,Josh Allen,BUF,LAC,intsthrown,draftkings,0.5,121,-154,,True,rotowire
20260925T040447Z,2026-09-24 23:04:49.239385-05:00,2978645,12483,Josh Allen,BUF,LAC,intsthrown,caesars,0.5,121,-159,,True,rotowire
20260925T040447Z,2026-09-24 23:04:49.239385-05:00,2978658,14442,Joe Burrow,CIN,@PIT,intsthrown,draftkings,0.5,-129,101,,True,rotowire
20260925T040447Z,2026-09-24 23:04:49.239385-05:00,2978658,14442,Joe Burrow,CIN,@PIT,intsthrown,caesars,0.5,-127,-103,,True,rotowire
20260925T040447Z,2026-09-24 23:04:49.239385-05:00,2978678,8057,Kirk Cousins,LV,@NO,intsthrown,draftkings,0.5,-126,-101,,True,rotowire
20260925T040447Z,2026-09-24 23:04:49.239385-05:00,2978678,8057,Kirk Cousins,LV,@NO,intsthrown,caesars,0.5,-132,101,,True,rotowire
20260925T040447Z,2026-09-24 23:04:49.239385-05:00,2978672,12490,Sam Darnold,SEA,@WAS,intsthrown,draftkings,0.5,104,-130,,True,rotowire
20260925T040447Z,2026-09-24 23:04:49.239385-05:00,2978656,10729,Jared Goff,DET,NYJ,intsthrown,draftkings,0.5,118,-150,,True,rotowire
20260925T040447Z,2026-09-24 23:04:49.239385-05:00,2978656,10729,Jared Goff,DET,NYJ,intsthrown,caesars,0.5,116,-152,,True,rotowire
20260925T040447Z,2026-09-24 23:04:49.239385-05:00,2978645,14446,Justin Herbert,LAC,@BUF,intsthrown,draftkings,0.5,-126,101,,True,rotowire
20260925T040447Z,2026-09-24 23:04:49.239385-05:00,2978645,14446,Justin Herbert,LAC,@BUF,intsthrown,caesars,0.5,-122,-107,,True,rotowire
20260925T040447Z,2026-09-24 23:04:49.239385-05:00,2978686,14416,Jalen Hurts,PHI,@CHI,intsthrown,draftkings,0.5,126,-161,,True,rotowire
20260925T040447Z,2026-09-24 23:04:49.239385-05:00,2978686,14416,Jalen Hurts,PHI,@CHI,intsthrown,caesars,0.5,113,-148,,True,rotowire
20260925T040447Z,2026-09-24 23:04:49.239385-05:00,2978392,12561,Lamar Jackson,BAL,@DAL,intsthrown,draftkings,0.5,133,-170,,True,rotowire
20260925T040447Z,2026-09-24 23:04:49.239385-05:00,2978392,12561,Lamar Jackson,BAL,@DAL,intsthrown,caesars,0.5,130,-170,,True,rotowire
20260925T040447Z,2026-09-24 23:04:49.239385-05:00,2978665,13491,Daniel Jones,IND,HOU,intsthrown,draftkings,0.5,-126,-101,,True,rotowire
20260925T040447Z,2026-09-24 23:04:49.239385-05:00,2978665,13491,Daniel Jones,IND,HOU,intsthrown,caesars,0.5,-127,-103,,True,rotowire
20260925T040447Z,2026-09-24 23:04:49.239385-05:00,2978653,15357,Trevor Lawrence,JAX,NE,intsthrown,draftkings,0.5,-120,-106,,True,rotowire
20260925T040447Z,2026-09-24 23:04:49.239385-05:00,2978653,15357,Trevor Lawrence,JAX,NE,intsthrown,caesars,0.5,-121,-109,,True,rotowire
20260925T040447Z,2026-09-24 23:04:49.239385-05:00,2978649,11839,Patrick Mahomes,KC,@MIA,intsthrown,draftkings,0.5,132,-169,,True,rotowire
20260925T040447Z,2026-09-24 23:04:49.239385-05:00,2978649,11839,Patrick Mahomes,KC,@MIA,intsthrown,caesars,0.5,131,-173,,True,rotowire
20260925T040447Z,2026-09-24 23:04:49.239385-05:00,2978672,10074,Marcus Mariota,WAS,SEA,intsthrown,draftkings,0.5,-165,129,,True,rotowire
20260925T040447Z,2026-09-24 23:04:49.239385-05:00,2978653,17673,Drake Maye,NE,@JAX,intsthrown,draftkings,0.5,-134,106,,True,rotowire
20260925T040447Z,2026-09-24 23:04:49.239385-05:00,2978653,17673,Drake Maye,NE,@JAX,intsthrown,caesars,0.5,-139,107,,True,rotowire
20260925T040447Z,2026-09-24 23:04:49.239385-05:00,2978642,12619,Baker Mayfield,TB,MIN,intsthrown,draftkings,0.5,-121,-106,,True,rotowire
20260925T040447Z,2026-09-24 23:04:49.239385-05:00,2978642,12619,Baker Mayfield,TB,MIN,intsthrown,caesars,0.5,-118,-110,,True,rotowire
20260925T040447Z,2026-09-24 23:04:49.239385-05:00,2978642,13613,Kyler Murray,MIN,@TB,intsthrown,draftkings,0.5,-134,107,,True,rotowire
20260925T040447Z,2026-09-24 23:04:49.239385-05:00,2978642,13613,Kyler Murray,MIN,@TB,intsthrown,caesars,0.5,-141,109,,True,rotowire
20260925T040447Z,2026-09-24 23:04:49.239385-05:00,2978683,16995,Bo Nix,DEN,LAR,intsthrown,draftkings,0.5,-121,-106,,True,rotowire
20260925T040447Z,2026-09-24 23:04:49.239385-05:00,2978683,16995,Bo Nix,DEN,LAR,intsthrown,caesars,0.5,-121,-109,,True,rotowire
20260925T040447Z,2026-09-24 23:04:49.239385-05:00,2978392,11008,Dak Prescott,DAL,BAL,intsthrown,draftkings,0.5,-107,-119,,True,rotowire
20260925T040447Z,2026-09-24 23:04:49.239385-05:00,2978392,11008,Dak Prescott,DAL,BAL,intsthrown,caesars,0.5,-114,-115,,True,rotowire
20260925T040447Z,2026-09-24 23:04:49.239385-05:00,2978658,4307,Aaron Rodgers,PIT,CIN,intsthrown,draftkings,0.5,-114,-112,,True,rotowire
20260925T040447Z,2026-09-24 23:04:49.239385-05:00,2978658,4307,Aaron Rodgers,PIT,CIN,intsthrown,caesars,0.5,-114,-115,,True,rotowire
20260925T040447Z,2026-09-24 23:04:49.239385-05:00,2978678,17037,Tyler Shough,NO,LV,intsthrown,draftkings,0.5,101,-129,,True,rotowire
20260925T040447Z,2026-09-24 23:04:49.239385-05:00,2978678,17037,Tyler Shough,NO,LV,intsthrown,caesars,0.5,101,-132,,True,rotowire
20260925T040447Z,2026-09-24 23:04:49.239385-05:00,2978656,8743,Geno Smith,NYJ,@DET,intsthrown,draftkings,0.5,-125,-102,,True,rotowire
20260925T040447Z,2026-09-24 23:04:49.239385-05:00,2978656,8743,Geno Smith,NYJ,@DET,intsthrown,caesars,0.5,-121,-109,,True,rotowire
20260925T040447Z,2026-09-24 23:04:49.239385-05:00,2978683,5971,Matthew Stafford,LAR,@DEN,intsthrown,draftkings,0.5,-111,-115,,,rotowire
20260925T040447Z,2026-09-24 23:04:49.239385-05:00,2978683,5971,Matthew Stafford,LAR,@DEN,intsthrown,caesars,0.5,-113,-117,,,rotowire
20260925T040447Z,2026-09-24 23:04:49.239385-05:00,2978665,16886,C.J. Stroud,HOU,@IND,intsthrown,draftkings,0.5,-103,-124,,True,rotowire
20260925T040447Z,2026-09-24 23:04:49.239385-05:00,2978665,16886,C.J. Stroud,HOU,@IND,intsthrown,caesars,0.5,-106,-124,,True,rotowire
20260925T040447Z,2026-09-24 23:04:49.239385-05:00,2978666,16997,Cam Ward,TEN,@NYG,intsthrown,draftkings,0.5,-121,-105,,True,rotowire
20260925T040447Z,2026-09-24 23:04:49.239385-05:00,2978666,16997,Cam Ward,TEN,@NYG,intsthrown,caesars,0.5,-122,-107,,True,rotowire
20260925T040447Z,2026-09-24 23:04:49.239385-05:00,2978662,11712,Deshaun Watson,CLE,CAR,intsthrown,draftkings,0.5,-121,-102,,True,rotowire
20260925T040447Z,2026-09-24 23:04:49.239385-05:00,2978662,11712,Deshaun Watson,CLE,CAR,intsthrown,caesars,0.5,-121,-109,,True,rotowire
20260925T040447Z,2026-09-24 23:04:49.239385-05:00,2978649,15872,Malik Willis,MIA,KC,intsthrown,draftkings,0.5,-136,107,,True,rotowire
20260925T040447Z,2026-09-24 23:04:49.239385-05:00,2978649,15872,Malik Willis,MIA,KC,intsthrown,caesars,0.5,-139,107,,True,rotowire
20260925T040447Z,2026-09-24 23:04:49.239385-05:00,2978666,10037,Jameis Winston,NYG,TEN,intsthrown,draftkings,0.5,-180,140,,True,rotowire
20260925T040447Z,2026-09-24 23:04:49.239385-05:00,2978666,10037,Jameis Winston,NYG,TEN,intsthrown,caesars,0.5,-173,132,,True,rotowire
20260925T040447Z,2026-09-24 23:04:49.239385-05:00,2978662,16807,Bryce Young,CAR,@CLE,intsthrown,draftkings,0.5,112,-143,,True,rotowire
20260925T040447Z,2026-09-24 23:04:49.239385-05:00,2978662,16807,Bryce Young,CAR,@CLE,intsthrown,caesars,0.5,106,-139,,True,rotowire
20260925T040447Z,2026-09-24 23:04:49.239385-05:00,2978666,18552,Elic Ayomanor,TEN,@NYG,recs,draftkings,1.5,120,-153,,True,rotowire
20260925T040447Z,2026-09-24 23:04:49.239385-05:00,2978666,18552,Elic Ayomanor,TEN,@NYG,recs,fanduel,1.5,112,-148,,True,rotowire
20260925T040447Z,2026-09-24 23:04:49.239385-05:00,2978666,18552,Elic Ayomanor,TEN,@NYG,recs,caesars,1.5,114,-148,,True,rotowire
20260925T040447Z,2026-09-24 23:04:49.239385-05:00,2978649,19309,Chris Bell,MIA,KC,recs,draftkings,1.5,-137,108,,True,rotowire
20260925T040447Z,2026-09-24 23:04:49.239385-05:00,2978649,19309,Chris Bell,MIA,KC,recs,fanduel,1.5,-146,112,,True,rotowire
20260925T040447Z,2026-09-24 23:04:49.239385-05:00,2978649,19309,Chris Bell,MIA,KC,recs,caesars,1.5,-141,109,,True,rotowire
20260925T040447Z,2026-09-24 23:04:49.239385-05:00,2978645,15876,James Cook,BUF,LAC,recs,draftkings,1.5,-164,128,,True,rotowire
20260925T040447Z,2026-09-24 23:04:49.239385-05:00,2978645,15876,James Cook,BUF,LAC,recs,fanduel,1.5,-154,116,,True,rotowire
20260925T040447Z,2026-09-24 23:04:49.239385-05:00,2978645,15876,James Cook,BUF,LAC,recs,caesars,1.5,-162,124,,True,rotowire
20260925T040447Z,2026-09-24 23:04:49.239385-05:00,2978666,19313,Malachi Fields,NYG,TEN,recs,draftkings,2.5,148,-186,,True,rotowire
20260925T040447Z,2026-09-24 23:04:49.239385-05:00,2978666,19313,Malachi Fields,NYG,TEN,recs,fanduel,2.5,144,-194,,True,rotowire
20260925T040447Z,2026-09-24 23:04:49.239385-05:00,2978666,19313,Malachi Fields,NYG,TEN,recs,caesars,2.5,151,-200,,True,rotowire
20260925T040447Z,2026-09-24 23:04:49.239385-05:00,2978642,15222,Kenny Gainwell,TB,MIN,recs,draftkings,2.5,139,-179,,True,rotowire
20260925T040447Z,2026-09-24 23:04:49.239385-05:00,2978642,15222,Kenny Gainwell,TB,MIN,recs,fanduel,1.5,-160,120,,True,rotowire
20260925T040447Z,2026-09-24 23:04:49.239385-05:00,2978642,15222,Kenny Gainwell,TB,MIN,recs,caesars,2.5,161,-213,,True,rotowire
20260925T040447Z,2026-09-24 23:04:49.239385-05:00,2978645,18445,Omarion Hampton,LAC,@BUF,recs,draftkings,1.5,-161,128,,True,rotowire
20260925T040447Z,2026-09-24 23:04:49.239385-05:00,2978645,18445,Omarion Hampton,LAC,@BUF,recs,fanduel,1.5,-148,112,,True,rotowire
20260925T040447Z,2026-09-24 23:04:49.239385-05:00,2978645,18445,Omarion Hampton,LAC,@BUF,recs,caesars,1.5,-157,119,,True,rotowire
20260925T040447Z,2026-09-24 23:04:49.239385-05:00,2978653,18517,TreVeyon Henderson,NE,@JAX,recs,draftkings,1.5,-110,-116,,True,rotowire
20260925T040447Z,2026-09-24 23:04:49.239385-05:00,2978653,18517,TreVeyon Henderson,NE,@JAX,recs,fanduel,1.5,-102,-130,,True,rotowire
20260925T040447Z,2026-09-24 23:04:49.239385-05:00,2978653,18517,TreVeyon Henderson,NE,@JAX,recs,caesars,1.5,-110,-120,,True,rotowire
20260925T040447Z,2026-09-24 23:04:49.239385-05:00,2978392,10819,Derrick Henry,BAL,@DAL,recs,draftkings,1.5,128,-164,,True,rotowire
20260925T040447Z,2026-09-24 23:04:49.239385-05:00,2978392,10819,Derrick Henry,BAL,@DAL,recs,fanduel,1.5,116,-154,,True,rotowire
20260925T040447Z,2026-09-24 23:04:49.239385-05:00,2978392,10819,Derrick Henry,BAL,@DAL,recs,caesars,1.5,125,-157,,True,rotowire
20260925T040447Z,2026-09-24 23:04:49.239385-05:00,2978642,14376,Jauan Jennings,MIN,@TB,recs,draftkings,1.5,103,-132,,True,rotowire
20260925T040447Z,2026-09-24 23:04:49.239385-05:00,2978642,14376,Jauan Jennings,MIN,@TB,recs,fanduel,1.5,106,-140,,True,rotowire
20260925T040447Z,2026-09-24 23:04:49.239385-05:00,2978642,14376,Jauan Jennings,MIN,@TB,recs,caesars,1.5,103,-134,,True,rotowire
20260925T040447Z,2026-09-24 23:04:49.239385-05:00,2978662,14458,Jerry Jeudy,CLE,CAR,recs,fanduel,1.5,-132,100,,True,rotowire
20260925T040447Z,2026-09-24 23:04:49.239385-05:00,2978662,14458,Jerry Jeudy,CLE,CAR,recs,caesars,1.5,-132,101,,True,rotowire
20260925T040447Z,2026-09-24 23:04:49.239385-05:00,2978649,19240,Emmett Johnson,KC,@MIA,recs,draftkings,1.5,-102,-124,,True,rotowire
20260925T040447Z,2026-09-24 23:04:49.239385-05:00,2978649,19240,Emmett Johnson,KC,@MIA,recs,fanduel,1.5,-102,-130,,True,rotowire
20260925T040447Z,2026-09-24 23:04:49.239385-05:00,2978649,19240,Emmett Johnson,KC,@MIA,recs,caesars,1.5,-105,-125,,True,rotowire
20260925T040447Z,2026-09-24 23:04:49.239385-05:00,2978642,11763,Aaron Jones,MIN,@TB,recs,fanduel,1.5,-188,,,True,rotowire
20260925T040447Z,2026-09-24 23:04:49.239385-05:00,2978672,11863,Cooper Kupp,SEA,@WAS,recs,draftkings,2.5,116,-148,,True,rotowire
20260925T040447Z,2026-09-24 23:04:49.239385-05:00,2978672,11863,Cooper Kupp,SEA,@WAS,recs,fanduel,2.5,124,-166,,True,rotowire
20260925T040447Z,2026-09-24 23:04:49.239385-05:00,2978672,11863,Cooper Kupp,SEA,@WAS,recs,caesars,2.5,120,-157,,True,rotowire
20260925T040447Z,2026-09-24 23:04:49.239385-05:00,2978662,17734,Xavier Legette,CAR,@CLE,recs,draftkings,1.5,117,-150,,True,rotowire
20260925T040447Z,2026-09-24 23:04:49.239385-05:00,2978662,17734,Xavier Legette,CAR,@CLE,recs,caesars,1.5,114,-150,,True,rotowire
20260925T040447Z,2026-09-24 23:04:49.239385-05:00,2978665,18449,Woody Marks,HOU,@IND,recs,draftkings,1.5,-159,124,,True,rotowire
20260925T040447Z,2026-09-24 23:04:49.239385-05:00,2978665,18449,Woody Marks,HOU,@IND,recs,fanduel,1.5,-148,112,,True,rotowire
20260925T040447Z,2026-09-24 23:04:49.239385-05:00,2978665,18449,Woody Marks,HOU,@IND,recs,caesars,1.5,-152,117,,True,rotowire
20260925T040447Z,2026-09-24 23:04:49.239385-05:00,2978642,17763,Jalen McMillan,TB,MIN,recs,draftkings,1.5,-103,-124,,True,rotowire
20260925T040447Z,2026-09-24 23:04:49.239385-05:00,2978642,17763,Jalen McMillan,TB,MIN,recs,fanduel,1.5,120,-160,,True,rotowire
20260925T040447Z,2026-09-24 23:04:49.239385-05:00,2978642,17763,Jalen McMillan,TB,MIN,recs,caesars,1.5,110,-143,,True,rotowire
20260925T040447Z,2026-09-24 23:04:49.239385-05:00,2978665,13556,David Montgomery,HOU,@IND,recs,draftkings,1.5,-102,-126,,True,rotowire
20260925T040447Z,2026-09-24 23:04:49.239385-05:00,2978665,13556,David Montgomery,HOU,@IND,recs,fanduel,1.5,106,-140,,True,rotowire
20260925T040447Z,2026-09-24 23:04:49.239385-05:00,2978665,13556,David Montgomery,HOU,@IND,recs,caesars,1.5,100,-130,,True,rotowire
20260925T040447Z,2026-09-24 23:04:49.239385-05:00,2978666,14510,Darnell Mooney,NYG,TEN,recs,draftkings,1.5,-114,-112,,True,rotowire
20260925T040447Z,2026-09-24 23:04:49.239385-05:00,2978666,14510,Darnell Mooney,NYG,TEN,recs,fanduel,1.5,100,-132,,True,rotowire
20260925T040447Z,2026-09-24 23:04:49.239385-05:00,2978666,14510,Darnell Mooney,NYG,TEN,recs,caesars,1.5,-107,-122,,True,rotowire
20260925T040447Z,2026-09-24 23:04:49.239385-05:00,2978392,10994,Chris Moore,BAL,@DAL,recs,draftkings,1.5,-106,-121,,True,rotowire
20260925T040447Z,2026-09-24 23:04:49.239385-05:00,2978392,10994,Chris Moore,BAL,@DAL,recs,fanduel,1.5,100,-132,,True,rotowire
20260925T040447Z,2026-09-24 23:04:49.239385-05:00,2978392,10994,Chris Moore,BAL,@DAL,recs,caesars,1.5,100,-130,,True,rotowire
20260925T040447Z,2026-09-24 23:04:49.239385-05:00,2978642,13786,Josh Oliver,MIN,@TB,recs,draftkings,1.5,116,-148,,True,rotowire
20260925T040447Z,2026-09-24 23:04:49.239385-05:00,2978642,13786,Josh Oliver,MIN,@TB,recs,fanduel,1.5,114,-148,,True,rotowire
20260925T040447Z,2026-09-24 23:04:49.239385-05:00,2978642,13786,Josh Oliver,MIN,@TB,recs,caesars,1.5,114,-150,,True,rotowire
20260925T040447Z,2026-09-24 23:04:49.239385-05:00,2978658,11698,Samaje Perine,CIN,@PIT,recs,fanduel,1.5,-128,-104,,True,rotowire
20260925T040447Z,2026-09-24 23:04:49.239385-05:00,2978658,11698,Samaje Perine,CIN,@PIT,recs,caesars,1.5,-125,-104,,True,rotowire
20260925T040447Z,2026-09-24 23:04:49.239385-05:00,2978666,13590,Tony Pollard,TEN,@NYG,recs,draftkings,1.5,131,-167,,True,rotowire
20260925T040447Z,2026-09-24 23:04:49.239385-05:00,2978666,13590,Tony Pollard,TEN,@NYG,recs,fanduel,1.5,144,-194,,True,rotowire
20260925T040447Z,2026-09-24 23:04:49.239385-05:00,2978666,13590,Tony Pollard,TEN,@NYG,recs,caesars,1.5,131,-173,,True,rotowire
20260925T040447Z,2026-09-24 23:04:49.239385-05:00,2978666,12616,Calvin Ridley,TEN,@NYG,recs,draftkings,1.5,127,-162,,True,rotowire
20260925T040447Z,2026-09-24 23:04:49.239385-05:00,2978666,12616,Calvin Ridley,TEN,@NYG,recs,fanduel,1.5,112,-148,,True,rotowire
20260925T040447Z,2026-09-24 23:04:49.239385-05:00,2978666,12616,Calvin Ridley,TEN,@NYG,recs,caesars,1.5,117,-152,,True,rotowire
20260925T040447Z,2026-09-24 23:04:49.239385-05:00,2978666,18514,Cam Skattebo,NYG,TEN,recs,draftkings,2.5,144,-185,,True,rotowire
20260925T040447Z,2026-09-24 23:04:49.239385-05:00,2978666,18514,Cam Skattebo,NYG,TEN,recs,fanduel,2.5,154,-210,,True,rotowire
20260925T040447Z,2026-09-24 23:04:49.239385-05:00,2978666,18514,Cam Skattebo,NYG,TEN,recs,caesars,2.5,166,-225,,True,rotowire
20260925T040447Z,2026-09-24 23:04:49.239385-05:00,2978665,13522,Darius Slayton,IND,HOU,recs,draftkings,1.5,131,-167,,True,rotowire
20260925T040447Z,2026-09-24 23:04:49.239385-05:00,2978665,13522,Darius Slayton,IND,HOU,recs,fanduel,1.5,116,-154,,True,rotowire
20260925T040447Z,2026-09-24 23:04:49.239385-05:00,2978665,13522,Darius Slayton,IND,HOU,recs,caesars,1.5,118,-160,,True,rotowire
20260925T040447Z,2026-09-24 23:04:49.239385-05:00,2978649,15831,Tyquan Thornton,KC,@MIA,recs,draftkings,1.5,114,-145,,True,rotowire
20260925T040447Z,2026-09-24 23:04:49.239385-05:00,2978649,15831,Tyquan Thornton,KC,@MIA,recs,fanduel,1.5,116,-154,,True,rotowire
20260925T040447Z,2026-09-24 23:04:49.239385-05:00,2978649,15831,Tyquan Thornton,KC,@MIA,recs,caesars,1.5,117,-154,,True,rotowire
20260925T040447Z,2026-09-24 23:04:49.239385-05:00,2978665,10739,Laquon Treadwell,IND,HOU,recs,draftkings,1.5,126,-162,,True,rotowire
20260925T040447Z,2026-09-24 23:04:49.239385-05:00,2978665,10739,Laquon Treadwell,IND,HOU,recs,fanduel,1.5,124,-166,,True,rotowire
20260925T040447Z,2026-09-24 23:04:49.239385-05:00,2978665,10739,Laquon Treadwell,IND,HOU,recs,caesars,1.5,121,-159,,True,rotowire
20260925T040447Z,2026-09-24 23:04:49.239385-05:00,2978662,15371,Tommy Tremble,CAR,@CLE,recs,draftkings,1.5,-122,-105,,True,rotowire
20260925T040447Z,2026-09-24 23:04:49.239385-05:00,2978662,15371,Tommy Tremble,CAR,@CLE,recs,fanduel,1.5,-138,104,,True,rotowire
20260925T040447Z,2026-09-24 23:04:49.239385-05:00,2978662,15371,Tommy Tremble,CAR,@CLE,recs,caesars,1.5,-127,-103,,True,rotowire
20260925T040447Z,2026-09-24 23:04:49.239385-05:00,2978653,18524,Bhayshul Tuten,JAX,NE,recs,draftkings,1.5,-114,-111,,True,rotowire
20260925T040447Z,2026-09-24 23:04:49.239385-05:00,2978653,18524,Bhayshul Tuten,JAX,NE,recs,fanduel,1.5,-122,-108,,True,rotowire
20260925T040447Z,2026-09-24 23:04:49.239385-05:00,2978653,18524,Bhayshul Tuten,JAX,NE,recs,caesars,1.5,-122,-108,,True,rotowire
20260925T040447Z,2026-09-24 23:04:49.239385-05:00,2978665,16847,Jared Wayne,HOU,@IND,recs,draftkings,1.5,127,-163,,True,rotowire
20260925T040447Z,2026-09-24 23:04:49.239385-05:00,2978665,16847,Jared Wayne,HOU,@IND,recs,fanduel,1.5,154,-210,,True,rotowire
20260925T040447Z,2026-09-24 23:04:49.239385-05:00,2978665,16847,Jared Wayne,HOU,@IND,recs,caesars,1.5,142,-190,,True,rotowire
20260925T040447Z,2026-09-24 23:04:49.239385-05:00,2978392,18567,LaJohntay Wester,BAL,@DAL,recs,draftkings,1.5,-169,133,,True,rotowire
20260925T040447Z,2026-09-24 23:04:49.239385-05:00,2978392,18567,LaJohntay Wester,BAL,@DAL,recs,fanduel,1.5,-158,118,,True,rotowire
20260925T040447Z,2026-09-24 23:04:49.239385-05:00,2978392,18567,LaJohntay Wester,BAL,@DAL,recs,caesars,1.5,-157,119,,True,rotowire
20260925T040447Z,2026-09-24 23:04:49.239385-05:00,2978642,16895,Jordan Addison,MIN,@TB,recs,draftkings,3.5,130,-166,,True,rotowire
20260925T040447Z,2026-09-24 23:04:49.239385-05:00,2978642,16895,Jordan Addison,MIN,@TB,recs,fanduel,2.5,-210,154,,True,rotowire
20260925T040447Z,2026-09-24 23:04:49.239385-05:00,2978642,16895,Jordan Addison,MIN,@TB,recs,caesars,3.5,121,-159,,True,rotowire
20260925T040447Z,2026-09-24 23:04:49.239385-05:00,2978686,12507,Saquon Barkley,PHI,@CHI,recs,draftkings,2.5,117,-149,,True,rotowire
20260925T040447Z,2026-09-24 23:04:49.239385-05:00,2978686,12507,Saquon Barkley,PHI,@CHI,recs,fanduel,2.5,116,-154,,True,rotowire
20260925T040447Z,2026-09-24 23:04:49.239385-05:00,2978686,12507,Saquon Barkley,PHI,@CHI,recs,caesars,2.5,118,-154,,True,rotowire
20260925T040447Z,2026-09-24 23:04:49.239385-05:00,2978672,17811,AJ Barner,SEA,@WAS,recs,draftkings,2.5,-122,-104,,True,rotowire
20260925T040447Z,2026-09-24 23:04:49.239385-05:00,2978672,17811,AJ Barner,SEA,@WAS,recs,fanduel,2.5,-128,-104,,True,rotowire
20260925T040447Z,2026-09-24 23:04:49.239385-05:00,2978672,17811,AJ Barner,SEA,@WAS,recs,caesars,2.5,-122,-107,,True,rotowire
20260925T040447Z,2026-09-24 23:04:49.239385-05:00,2978674,11847,Kendrick Bourne,ARI,@SF,recs,draftkings,2.5,114,-145,,True,rotowire
20260925T040447Z,2026-09-24 23:04:49.239385-05:00,2978674,11847,Kendrick Bourne,ARI,@SF,recs,fanduel,2.5,116,-154,,True,rotowire
20260925T040447Z,2026-09-24 23:04:49.239385-05:00,2978665,16795,Kayshon Boutte,HOU,@IND,recs,draftkings,2.5,-111,-115,,True,rotowire
20260925T040447Z,2026-09-24 23:04:49.239385-05:00,2978665,16795,Kayshon Boutte,HOU,@IND,recs,fanduel,2.5,-128,-104,,True,rotowire
20260925T040447Z,2026-09-24 23:04:49.239385-05:00,2978665,16795,Kayshon Boutte,HOU,@IND,recs,caesars,2.5,-122,-108,,True,rotowire
20260925T040447Z,2026-09-24 23:04:49.239385-05:00,2978683,18562,Pat Bryant,DEN,LAR,recs,draftkings,2.5,-107,-119,,True,rotowire
20260925T040447Z,2026-09-24 23:04:49.239385-05:00,2978683,18562,Pat Bryant,DEN,LAR,recs,fanduel,2.5,-118,-112,,True,rotowire
20260925T040447Z,2026-09-24 23:04:49.239385-05:00,2978683,18562,Pat Bryant,DEN,LAR,recs,caesars,2.5,-117,-112,,True,rotowire
20260925T040447Z,2026-09-24 23:04:49.239385-05:00,2978653,16751,DeMario Douglas,NE,@JAX,recs,draftkings,2.5,-174,136,,True,rotowire
20260925T040447Z,2026-09-24 23:04:49.239385-05:00,2978653,16751,DeMario Douglas,NE,@JAX,recs,fanduel,2.5,-172,128,,True,rotowire
20260925T040447Z,2026-09-24 23:04:49.239385-05:00,2978653,16751,DeMario Douglas,NE,@JAX,recs,caesars,3.5,145,-193,,True,rotowire
20260925T040447Z,2026-09-24 23:04:49.239385-05:00,2978649,15891,Greg Dulcich,MIA,KC,recs,draftkings,2.5,122,-154,,True,rotowire
20260925T040447Z,2026-09-24 23:04:49.239385-05:00,2978649,15891,Greg Dulcich,MIA,KC,recs,fanduel,2.5,122,-162,,True,rotowire
20260925T040447Z,2026-09-24 23:04:49.239385-05:00,2978649,15891,Greg Dulcich,MIA,KC,recs,caesars,2.5,121,-159,,True,rotowire
20260925T040447Z,2026-09-24 23:04:49.239385-05:00,2978683,11805,Evan Engram,DEN,LAR,recs,draftkings,2.5,-120,-107,,True,rotowire
20260925T040447Z,2026-09-24 23:04:49.239385-05:00,2978683,11805,Evan Engram,DEN,LAR,recs,fanduel,2.5,-122,-108,,True,rotowire
20260925T040447Z,2026-09-24 23:04:49.239385-05:00,2978683,11805,Evan Engram,DEN,LAR,recs,caesars,2.5,-125,-105,,True,rotowire
20260925T040447Z,2026-09-24 23:04:49.239385-05:00,2978658,12764,Mike Gesicki,CIN,@PIT,recs,draftkings,2.5,-116,-108,,True,rotowire
20260925T040447Z,2026-09-24 23:04:49.239385-05:00,2978658,12764,Mike Gesicki,CIN,@PIT,recs,fanduel,2.5,-122,-108,,True,rotowire
20260925T040447Z,2026-09-24 23:04:49.239385-05:00,2978658,12764,Mike Gesicki,CIN,@PIT,recs,caesars,2.5,-122,-108,,True,rotowire
20260925T040447Z,2026-09-24 23:04:49.239385-05:00,2978656,15810,Breece Hall,NYJ,@DET,recs,draftkings,3.5,135,-172,,True,rotowire
20260925T040447Z,2026-09-24 23:04:49.239385-05:00,2978656,15810,Breece Hall,NYJ,@DET,recs,fanduel,3.5,120,-160,,True,rotowire
20260925T040447Z,2026-09-24 23:04:49.239385-05:00,2978656,15810,Breece Hall,NYJ,@DET,recs,caesars,3.5,129,-170,,True,rotowire
20260925T040447Z,2026-09-24 23:04:49.239385-05:00,2978645,18478,Tre' Harris,LAC,@BUF,recs,draftkings,2.5,-132,103,,True,rotowire
20260925T040447Z,2026-09-24 23:04:49.239385-05:00,2978645,18478,Tre' Harris,LAC,@BUF,recs,fanduel,2.5,-144,108,,True,rotowire
20260925T040447Z,2026-09-24 23:04:49.239385-05:00,2978645,18478,Tre' Harris,LAC,@BUF,recs,caesars,2.5,-132,101,,True,rotowire
20260925T040447Z,2026-09-24 23:04:49.239385-05:00,2978674,17674,Marvin Harrison,ARI,@SF,recs,draftkings,2.5,120,-153,,True,rotowire
20260925T040447Z,2026-09-24 23:04:49.239385-05:00,2978674,17674,Marvin Harrison,ARI,@SF,recs,fanduel,2.5,116,-154,,True,rotowire
20260925T040447Z,2026-09-24 23:04:49.239385-05:00,2978674,17674,Marvin Harrison,ARI,@SF,recs,caesars,2.5,119,-154,,True,rotowire
20260925T040447Z,2026-09-24 23:04:49.239385-05:00,2978666,18503,Gunnar Helm,TEN,@NYG,recs,draftkings,2.5,-116,-110,,True,rotowire
20260925T040447Z,2026-09-24 23:04:49.239385-05:00,2978666,18503,Gunnar Helm,TEN,@NYG,recs,fanduel,2.5,-114,-114,,True,rotowire
20260925T040447Z,2026-09-24 23:04:49.239385-05:00,2978666,18503,Gunnar Helm,TEN,@NYG,recs,caesars,2.5,-117,-113,,True,rotowire
20260925T040447Z,2026-09-24 23:04:49.239385-05:00,2978392,13427,Justice Hill,BAL,@DAL,recs,draftkings,2.5,144,-184,,True,rotowire
20260925T040447Z,2026-09-24 23:04:49.239385-05:00,2978392,13427,Justice Hill,BAL,@DAL,recs,fanduel,2.5,140,-188,,True,rotowire
20260925T040447Z,2026-09-24 23:04:49.239385-05:00,2978392,13427,Justice Hill,BAL,@DAL,recs,caesars,2.5,148,-197,,True,rotowire
20260925T040447Z,2026-09-24 23:04:49.239385-05:00,2978653,11861,Mack Hollins,NE,@JAX,recs,draftkings,2.5,-169,132,,True,rotowire
20260925T040447Z,2026-09-24 23:04:49.239385-05:00,2978653,11861,Mack Hollins,NE,@JAX,recs,fanduel,2.5,-172,128,,True,rotowire
20260925T040447Z,2026-09-24 23:04:49.239385-05:00,2978653,11861,Mack Hollins,NE,@JAX,recs,caesars,3.5,145,-193,,True,rotowire
20260925T040447Z,2026-09-24 23:04:49.239385-05:00,2978662,15242,Chuba Hubbard,CAR,@CLE,recs,draftkings,2.5,113,-145,,True,rotowire
20260925T040447Z,2026-09-24 23:04:49.239385-05:00,2978662,15242,Chuba Hubbard,CAR,@CLE,recs,fanduel,2.5,106,-140,,True,rotowire
20260925T040447Z,2026-09-24 23:04:49.239385-05:00,2978662,15242,Chuba Hubbard,CAR,@CLE,recs,caesars,2.5,106,-139,,True,rotowire
20260925T040447Z,2026-09-24 23:04:49.239385-05:00,2978642,19320,Ted Hurst,TB,MIN,recs,draftkings,2.5,122,-156,,True,rotowire
20260925T040447Z,2026-09-24 23:04:49.239385-05:00,2978642,19320,Ted Hurst,TB,MIN,recs,fanduel,2.5,120,-160,,True,rotowire
20260925T040447Z,2026-09-24 23:04:49.239385-05:00,2978642,19320,Ted Hurst,TB,MIN,recs,caesars,2.5,135,-190,,True,rotowire
20260925T040447Z,2026-09-24 23:04:49.239385-05:00,2978642,17784,Bucky Irving,TB,MIN,recs,draftkings,2.5,-128,100,,True,rotowire
20260925T040447Z,2026-09-24 23:04:49.239385-05:00,2978642,17784,Bucky Irving,TB,MIN,recs,fanduel,2.5,-114,-114,,True,rotowire
20260925T040447Z,2026-09-24 23:04:49.239385-05:00,2978642,17784,Bucky Irving,TB,MIN,recs,caesars,2.5,-125,-105,,True,rotowire
20260925T040447Z,2026-09-24 23:04:49.239385-05:00,2978645,16899,Quentin Johnston,LAC,@BUF,recs,draftkings,3.5,129,-165,,True,rotowire
20260925T040447Z,2026-09-24 23:04:49.239385-05:00,2978645,16899,Quentin Johnston,LAC,@BUF,recs,fanduel,3.5,132,-178,,True,rotowire
20260925T040447Z,2026-09-24 23:04:49.239385-05:00,2978645,16899,Quentin Johnston,LAC,@BUF,recs,caesars,3.5,139,-182,,True,rotowire
20260925T040447Z,2026-09-24 23:04:49.239385-05:00,2978662,18516,Quinshon Judkins,CLE,CAR,recs,draftkings,2.5,-104,-122,,True,rotowire
20260925T040447Z,2026-09-24 23:04:49.239385-05:00,2978662,18516,Quinshon Judkins,CLE,CAR,recs,fanduel,2.5,106,-140,,True,rotowire
20260925T040447Z,2026-09-24 23:04:49.239385-05:00,2978662,18516,Quinshon Judkins,CLE,CAR,recs,caesars,2.5,103,-134,,True,rotowire
20260925T040447Z,2026-09-24 23:04:49.239385-05:00,2978686,19231,Makai Lemon,PHI,@CHI,recs,draftkings,2.5,101,-128,,True,rotowire
20260925T040447Z,2026-09-24 23:04:49.239385-05:00,2978686,19231,Makai Lemon,PHI,@CHI,recs,fanduel,2.5,-102,-130,,True,rotowire
20260925T040447Z,2026-09-24 23:04:49.239385-05:00,2978686,19231,Makai Lemon,PHI,@CHI,recs,caesars,2.5,101,-132,,True,rotowire
20260925T040447Z,2026-09-24 23:04:49.239385-05:00,2978674,19235,Jeremiyah Love,ARI,@SF,recs,draftkings,2.5,-109,-116,,True,rotowire
20260925T040447Z,2026-09-24 23:04:49.239385-05:00,2978674,19235,Jeremiyah Love,ARI,@SF,recs,fanduel,2.5,-114,-114,,True,rotowire
20260925T040447Z,2026-09-24 23:04:49.239385-05:00,2978674,19235,Jeremiyah Love,ARI,@SF,recs,caesars,2.5,-109,-120,,True,rotowire
20260925T040447Z,2026-09-24 23:04:49.239385-05:00,2978686,18460,Colston Loveland,CHI,PHI,recs,fanduel,3.5,130,-174,,True,rotowire
20260925T040447Z,2026-09-24 23:04:49.239385-05:00,2978686,18460,Colston Loveland,CHI,PHI,recs,caesars,3.5,148,-197,,True,rotowire
20260925T040447Z,2026-09-24 23:04:49.239385-05:00,2978665,18555,Jaylin Noel,HOU,@IND,recs,draftkings,2.5,123,-158,,True,rotowire
20260925T040447Z,2026-09-24 23:04:49.239385-05:00,2978665,18555,Jaylin Noel,HOU,@IND,recs,fanduel,2.5,106,-140,,True,rotowire
20260925T040447Z,2026-09-24 23:04:49.239385-05:00,2978665,18555,Jaylin Noel,HOU,@IND,recs,caesars,2.5,109,-141,,True,rotowire
20260925T040447Z,2026-09-24 23:04:49.239385-05:00,2978686,17020,Rome Odunze,CHI,PHI,recs,fanduel,2.5,-102,-130,,True,rotowire
20260925T040447Z,2026-09-24 23:04:49.239385-05:00,2978686,17020,Rome Odunze,CHI,PHI,recs,caesars,2.5,-102,-129,,True,rotowire
20260925T040447Z,2026-09-24 23:04:49.239385-05:00,2978642,16032,Cade Otton,TB,MIN,recs,draftkings,2.5,-169,132,,True,rotowire
20260925T040447Z,2026-09-24 23:04:49.239385-05:00,2978642,16032,Cade Otton,TB,MIN,recs,fanduel,3.5,134,-180,,True,rotowire
20260925T040447Z,2026-09-24 23:04:49.239385-05:00,2978642,16032,Cade Otton,TB,MIN,recs,caesars,3.5,143,-190,,True,rotowire
20260925T040447Z,2026-09-24 23:04:49.239385-05:00,2978672,16560,Rashid Shaheed,SEA,@WAS,recs,draftkings,2.5,108,-138,,True,rotowire
20260925T040447Z,2026-09-24 23:04:49.239385-05:00,2978672,16560,Rashid Shaheed,SEA,@WAS,recs,fanduel,2.5,106,-140,,True,rotowire
20260925T040447Z,2026-09-24 23:04:49.239385-05:00,2978672,16560,Rashid Shaheed,SEA,@WAS,recs,caesars,2.5,106,-139,,True,rotowire
20260925T040447Z,2026-09-24 23:04:49.239385-05:00,2978653,15372,Rhamondre Stevenson,NE,@JAX,recs,draftkings,2.5,104,-133,,True,rotowire
20260925T040447Z,2026-09-24 23:04:49.239385-05:00,2978653,15372,Rhamondre Stevenson,NE,@JAX,recs,fanduel,2.5,102,-136,,True,rotowire
20260925T040447Z,2026-09-24 23:04:49.239385-05:00,2978653,15372,Rhamondre Stevenson,NE,@JAX,recs,caesars,2.5,104,-136,,True,rotowire
20260925T040447Z,2026-09-24 23:04:49.239385-05:00,2978653,17017,Brenton Strange,JAX,NE,recs,draftkings,3.5,137,-174,,True,rotowire
20260925T040447Z,2026-09-24 23:04:49.239385-05:00,2978653,17017,Brenton Strange,JAX,NE,recs,fanduel,2.5,-180,134,,True,rotowire
20260925T040447Z,2026-09-24 23:04:49.239385-05:00,2978653,17017,Brenton Strange,JAX,NE,recs,caesars,3.5,137,-179,,True,rotowire
20260925T040447Z,2026-09-24 23:04:49.239385-05:00,2978665,14455,Jonathan Taylor,IND,HOU,recs,draftkings,3.5,130,-166,,True,rotowire
20260925T040447Z,2026-09-24 23:04:49.239385-05:00,2978665,14455,Jonathan Taylor,IND,HOU,recs,fanduel,2.5,-188,140,,True,rotowire
20260925T040447Z,2026-09-24 23:04:49.239385-05:00,2978665,14455,Jonathan Taylor,IND,HOU,recs,caesars,3.5,139,-182,,True,rotowire
20260925T040447Z,2026-09-24 23:04:49.239385-05:00,2978653,17716,Brian Thomas,JAX,NE,recs,draftkings,3.5,139,-177,,True,rotowire
20260925T040447Z,2026-09-24 23:04:49.239385-05:00,2978653,17716,Brian Thomas,JAX,NE,recs,fanduel,3.5,140,-188,,True,rotowire
20260925T040447Z,2026-09-24 23:04:49.239385-05:00,2978653,17716,Brian Thomas,JAX,NE,recs,caesars,3.5,147,-193,,True,rotowire
20260925T040447Z,2026-09-24 23:04:49.239385-05:00,2978662,10215,Darren Waller,CAR,@CLE,recs,draftkings,2.5,119,-152,,True,rotowire
20260925T040447Z,2026-09-24 23:04:49.239385-05:00,2978662,10215,Darren Waller,CAR,@CLE,recs,fanduel,2.5,110,-146,,True,rotowire
20260925T040447Z,2026-09-24 23:04:49.239385-05:00,2978662,10215,Darren Waller,CAR,@CLE,recs,caesars,2.5,115,-160,,True,rotowire
20260925T040447Z,2026-09-24 23:04:49.239385-05:00,2978686,16658,Dontayvion Wicks,PHI,@CHI,recs,draftkings,3.5,124,-159,,True,rotowire
20260925T040447Z,2026-09-24 23:04:49.239385-05:00,2978686,16658,Dontayvion Wicks,PHI,@CHI,recs,fanduel,3.5,140,-188,,True,rotowire
20260925T040447Z,2026-09-24 23:04:49.239385-05:00,2978686,16658,Dontayvion Wicks,PHI,@CHI,recs,caesars,3.5,136,-179,,True,rotowire
20260925T040447Z,2026-09-24 23:04:49.239385-05:00,2978392,15306,Javonte Williams,DAL,BAL,recs,draftkings,2.5,-161,126,,True,rotowire
20260925T040447Z,2026-09-24 23:04:49.239385-05:00,2978392,15306,Javonte Williams,DAL,BAL,recs,fanduel,2.5,-154,116,,True,rotowire
20260925T040447Z,2026-09-24 23:04:49.239385-05:00,2978392,15306,Javonte Williams,DAL,BAL,recs,caesars,2.5,-150,110,,True,rotowire
20260925T040447Z,2026-09-24 23:04:49.239385-05:00,2978683,15807,Kyren Williams,LAR,@DEN,recs,fanduel,2.5,124,-166,,,rotowire
20260925T040447Z,2026-09-24 23:04:49.239385-05:00,2978683,15807,Kyren Williams,LAR,@DEN,recs,caesars,2.5,127,-170,,,rotowire
20260925T040447Z,2026-09-24 23:04:49.239385-05:00,2978649,16661,De'Von Achane,MIA,KC,recs,draftkings,3.5,-125,-102,,True,rotowire
20260925T040447Z,2026-09-24 23:04:49.239385-05:00,2978649,16661,De'Von Achane,MIA,KC,recs,fanduel,3.5,-122,-106,,True,rotowire
20260925T040447Z,2026-09-24 23:04:49.239385-05:00,2978649,16661,De'Von Achane,MIA,KC,recs,caesars,3.5,-125,-105,,True,rotowire
20260925T040447Z,2026-09-24 23:04:49.239385-05:00,2978665,8627,Keenan Allen,IND,HOU,recs,draftkings,3.5,-107,-120,,True,rotowire
20260925T040447Z,2026-09-24 23:04:49.239385-05:00,2978665,8627,Keenan Allen,IND,HOU,recs,fanduel,3.5,-130,-102,,True,rotowire
20260925T040447Z,2026-09-24 23:04:49.239385-05:00,2978665,8627,Keenan Allen,IND,HOU,recs,caesars,3.5,-118,-110,,True,rotowire
20260925T040447Z,2026-09-24 23:04:49.239385-05:00,2978392,15210,Rashod Bateman,BAL,@DAL,recs,draftkings,3.5,104,-132,,True,rotowire
20260925T040447Z,2026-09-24 23:04:49.239385-05:00,2978392,15210,Rashod Bateman,BAL,@DAL,recs,fanduel,3.5,112,-148,,True,rotowire
20260925T040447Z,2026-09-24 23:04:49.239385-05:00,2978392,15210,Rashod Bateman,BAL,@DAL,recs,caesars,3.5,106,-137,,True,rotowire
20260925T040447Z,2026-09-24 23:04:49.239385-05:00,2978662,19298,Denzel Boston,CLE,CAR,recs,draftkings,3.5,100,-127,,True,rotowire
20260925T040447Z,2026-09-24 23:04:49.239385-05:00,2978662,19298,Denzel Boston,CLE,CAR,recs,fanduel,3.5,-125,-106,,True,rotowire
20260925T040447Z,2026-09-24 23:04:49.239385-05:00,2978662,19298,Denzel Boston,CLE,CAR,recs,caesars,3.5,-109,-121,,True,rotowire
20260925T040447Z,2026-09-24 23:04:49.239385-05:00,2978658,16934,Chase Brown,CIN,@PIT,recs,draftkings,3.5,116,-149,,True,rotowire
20260925T040447Z,2026-09-24 23:04:49.239385-05:00,2978658,16934,Chase Brown,CIN,@PIT,recs,fanduel,3.5,106,-140,,True,rotowire
20260925T040447Z,2026-09-24 23:04:49.239385-05:00,2978658,16934,Chase Brown,CIN,@PIT,recs,caesars,3.5,105,-137,,True,rotowire
20260925T040447Z,2026-09-24 23:04:49.239385-05:00,2978686,18548,Luther Burden,CHI,PHI,recs,fanduel,3.5,102,-136,,True,rotowire
20260925T040447Z,2026-09-24 23:04:49.239385-05:00,2978686,18548,Luther Burden,CHI,PHI,recs,caesars,3.5,104,-136,,True,rotowire
20260925T040447Z,2026-09-24 23:04:49.239385-05:00,2978662,19242,KC Concepcion,CLE,CAR,recs,draftkings,3.5,-129,101,,True,rotowire
20260925T040447Z,2026-09-24 23:04:49.239385-05:00,2978662,19242,KC Concepcion,CLE,CAR,recs,fanduel,3.5,-132,100,,True,rotowire
20260925T040447Z,2026-09-24 23:04:49.239385-05:00,2978662,19242,KC Concepcion,CLE,CAR,recs,caesars,3.5,-129,-102,,True,rotowire
20260925T040447Z,2026-09-24 23:04:49.239385-05:00,2978672,10133,Stefon Diggs,WAS,SEA,recs,draftkings,3.5,-148,116,,True,rotowire
20260925T040447Z,2026-09-24 23:04:49.239385-05:00,2978672,10133,Stefon Diggs,WAS,SEA,recs,fanduel,3.5,-174,130,,True,rotowire
20260925T040447Z,2026-09-24 23:04:49.239385-05:00,2978672,10133,Stefon Diggs,WAS,SEA,recs,caesars,4.5,137,-179,,True,rotowire
20260925T040447Z,2026-09-24 23:04:49.239385-05:00,2978653,16027,Romeo Doubs,NE,@JAX,recs,draftkings,3.5,113,-144,,True,rotowire
20260925T040447Z,2026-09-24 23:04:49.239385-05:00,2978653,16027,Romeo Doubs,NE,@JAX,recs,fanduel,3.5,120,-160,,True,rotowire
20260925T040447Z,2026-09-24 23:04:49.239385-05:00,2978653,16027,Romeo Doubs,NE,@JAX,recs,caesars,3.5,114,-150,,True,rotowire
20260925T040447Z,2026-09-24 23:04:49.239385-05:00,2978642,18549,Emeka Egbuka,TB,MIN,recs,draftkings,3.5,-160,125,,True,rotowire
20260925T040447Z,2026-09-24 23:04:49.239385-05:00,2978642,18549,Emeka Egbuka,TB,MIN,recs,fanduel,4.5,118,-158,,True,rotowire
20260925T040447Z,2026-09-24 23:04:49.239385-05:00,2978642,18549,Emeka Egbuka,TB,MIN,recs,caesars,4.5,129,-170,,True,rotowire
20260925T040447Z,2026-09-24 23:04:49.239385-05:00,2978662,18472,Harold Fannin,CLE,CAR,recs,draftkings,3.5,-120,-106,,True,rotowire
20260925T040447Z,2026-09-24 23:04:49.239385-05:00,2978662,18472,Harold Fannin,CLE,CAR,recs,fanduel,3.5,-140,106,,True,rotowire
20260925T040447Z,2026-09-24 23:04:49.239385-05:00,2978662,18472,Harold Fannin,CLE,CAR,recs,caesars,3.5,-136,104,,True,rotowire
20260925T040447Z,2026-09-24 23:04:49.239385-05:00,2978392,15947,Jake Ferguson,DAL,BAL,recs,draftkings,3.5,-129,101,,True,rotowire
20260925T040447Z,2026-09-24 23:04:49.239385-05:00,2978392,15947,Jake Ferguson,DAL,BAL,recs,fanduel,3.5,-118,-108,,True,rotowire
20260925T040447Z,2026-09-24 23:04:49.239385-05:00,2978392,15947,Jake Ferguson,DAL,BAL,recs,caesars,3.5,-118,-110,,True,rotowire
20260925T040447Z,2026-09-24 23:04:49.239385-05:00,2978683,18497,Terrance Ferguson,LAR,@DEN,recs,fanduel,3.5,-146,112,,,rotowire
20260925T040447Z,2026-09-24 23:04:49.239385-05:00,2978683,18497,Terrance Ferguson,LAR,@DEN,recs,caesars,3.5,-143,110,,,rotowire
20260925T040447Z,2026-09-24 23:04:49.239385-05:00,2978392,17974,Ryan Flournoy,DAL,BAL,recs,draftkings,3.5,104,-132,,True,rotowire
20260925T040447Z,2026-09-24 23:04:49.239385-05:00,2978392,17974,Ryan Flournoy,DAL,BAL,recs,fanduel,3.5,104,-138,,True,rotowire
20260925T040447Z,2026-09-24 23:04:49.239385-05:00,2978392,17974,Ryan Flournoy,DAL,BAL,recs,caesars,3.5,107,-139,,True,rotowire
20260925T040447Z,2026-09-24 23:04:49.239385-05:00,2978658,15267,Pat Freiermuth,PIT,CIN,recs,draftkings,3.5,-139,109,,True,rotowire
20260925T040447Z,2026-09-24 23:04:49.239385-05:00,2978658,15267,Pat Freiermuth,PIT,CIN,recs,fanduel,3.5,-138,104,,True,rotowire
20260925T040447Z,2026-09-24 23:04:49.239385-05:00,2978658,15267,Pat Freiermuth,PIT,CIN,recs,caesars,3.5,-139,107,,True,rotowire
20260925T040447Z,2026-09-24 23:04:49.239385-05:00,2978645,18481,Oronde Gadsden,LAC,@BUF,recs,draftkings,3.5,100,-128,,True,rotowire
20260925T040447Z,2026-09-24 23:04:49.239385-05:00,2978645,18481,Oronde Gadsden,LAC,@BUF,recs,fanduel,3.5,112,-148,,True,rotowire
20260925T040447Z,2026-09-24 23:04:49.239385-05:00,2978645,18481,Oronde Gadsden,LAC,@BUF,recs,caesars,3.5,108,-145,,True,rotowire
20260925T040447Z,2026-09-24 23:04:49.239385-05:00,2978642,11718,Chris Godwin,TB,MIN,recs,draftkings,3.5,126,-161,,True,rotowire
20260925T040447Z,2026-09-24 23:04:49.239385-05:00,2978642,11718,Chris Godwin,TB,MIN,recs,fanduel,3.5,120,-160,,True,rotowire
20260925T040447Z,2026-09-24 23:04:49.239385-05:00,2978642,11718,Chris Godwin,TB,MIN,recs,caesars,3.5,121,-159,,True,rotowire
20260925T040447Z,2026-09-24 23:04:49.239385-05:00,2978653,10735,Hunter Henry,NE,@JAX,recs,draftkings,4.5,128,-163,,True,rotowire
20260925T040447Z,2026-09-24 23:04:49.239385-05:00,2978653,10735,Hunter Henry,NE,@JAX,recs,fanduel,3.5,-166,124,,True,rotowire
20260925T040447Z,2026-09-24 23:04:49.239385-05:00,2978653,10735,Hunter Henry,NE,@JAX,recs,caesars,4.5,140,-190,,True,rotowire
20260925T040447Z,2026-09-24 23:04:49.239385-05:00,2978642,13610,T.J. Hockenson,MIN,@TB,recs,draftkings,3.5,-121,-105,,True,rotowire
20260925T040447Z,2026-09-24 23:04:49.239385-05:00,2978642,13610,T.J. Hockenson,MIN,@TB,recs,fanduel,3.5,-112,-118,,True,rotowire
20260925T040447Z,2026-09-24 23:04:49.239385-05:00,2978642,13610,T.J. Hockenson,MIN,@TB,recs,caesars,3.5,-111,-121,,True,rotowire
20260925T040447Z,2026-09-24 23:04:49.239385-05:00,2978665,16932,Xavier Hutchinson,HOU,@IND,recs,draftkings,3.5,119,-151,,True,rotowire
20260925T040447Z,2026-09-24 23:04:49.239385-05:00,2978665,16932,Xavier Hutchinson,HOU,@IND,recs,fanduel,3.5,102,-136,,True,rotowire
20260925T040447Z,2026-09-24 23:04:49.239385-05:00,2978665,16932,Xavier Hutchinson,HOU,@IND,recs,caesars,3.5,110,-143,,True,rotowire
20260925T040447Z,2026-09-24 23:04:49.239385-05:00,2978678,18487,Ashton Jeanty,LV,@NO,recs,draftkings,3.5,-155,122,,True,rotowire
20260925T040447Z,2026-09-24 23:04:49.239385-05:00,2978678,18487,Ashton Jeanty,LV,@NO,recs,fanduel,3.5,-144,108,,True,rotowire
20260925T040447Z,2026-09-24 23:04:49.239385-05:00,2978678,18487,Ashton Jeanty,LV,@NO,recs,caesars,3.5,-145,112,,True,rotowire
20260925T040447Z,2026-09-24 23:04:49.239385-05:00,2978678,14630,Juwan Johnson,NO,LV,recs,draftkings,3.5,109,-138,,True,rotowire
20260925T040447Z,2026-09-24 23:04:49.239385-05:00,2978678,14630,Juwan Johnson,NO,LV,recs,fanduel,3.5,-102,-130,,True,rotowire
20260925T040447Z,2026-09-24 23:04:49.239385-05:00,2978678,14630,Juwan Johnson,NO,LV,recs,caesars,3.5,102,-134,,True,rotowire
20260925T040447Z,2026-09-24 23:04:49.239385-05:00,2978666,16033,Isaiah Likely,NYG,TEN,recs,draftkings,3.5,-159,125,,True,rotowire
20260925T040447Z,2026-09-24 23:04:49.239385-05:00,2978666,16033,Isaiah Likely,NYG,TEN,recs,fanduel,3.5,-154,116,,True,rotowire
20260925T040447Z,2026-09-24 23:04:49.239385-05:00,2978666,16033,Isaiah Likely,NYG,TEN,recs,caesars,4.5,138,-182,,True,rotowire
20260925T040447Z,2026-09-24 23:04:49.239385-05:00,2978672,13536,Terry McLaurin,WAS,SEA,recs,draftkings,3.5,103,-131,,True,rotowire
20260925T040447Z,2026-09-24 23:04:49.239385-05:00,2978672,13536,Terry McLaurin,WAS,SEA,recs,fanduel,3.5,100,-132,,True,rotowire
20260925T040447Z,2026-09-24 23:04:49.239385-05:00,2978672,13536,Terry McLaurin,WAS,SEA,recs,caesars,3.5,-103,-127,,True,rotowire
20260925T040447Z,2026-09-24 23:04:49.239385-05:00,2978653,13517,Jakobi Meyers,JAX,NE,recs,draftkings,3.5,105,-132,,True,rotowire
20260925T040447Z,2026-09-24 23:04:49.239385-05:00,2978653,13517,Jakobi Meyers,JAX,NE,recs,fanduel,3.5,-102,-130,,True,rotowire
20260925T040447Z,2026-09-24 23:04:49.239385-05:00,2978653,13517,Jakobi Meyers,JAX,NE,recs,caesars,3.5,101,-132,,True,rotowire
20260925T040447Z,2026-09-24 23:04:49.239385-05:00,2978656,17668,Adonai Mitchell,NYJ,@DET,recs,draftkings,3.5,-118,-108,,True,rotowire
20260925T040447Z,2026-09-24 23:04:49.239385-05:00,2978656,17668,Adonai Mitchell,NYJ,@DET,recs,fanduel,3.5,-130,-102,,True,rotowire
20260925T040447Z,2026-09-24 23:04:49.239385-05:00,2978656,17668,Adonai Mitchell,NYJ,@DET,recs,caesars,3.5,-127,-107,,True,rotowire
20260925T040447Z,2026-09-24 23:04:49.239385-05:00,2978645,12477,DJ Moore,BUF,LAC,recs,draftkings,3.5,-125,-102,,True,rotowire
20260925T040447Z,2026-09-24 23:04:49.239385-05:00,2978645,12477,DJ Moore,BUF,LAC,recs,fanduel,3.5,-140,106,,True,rotowire
20260925T040447Z,2026-09-24 23:04:49.239385-05:00,2978645,12477,DJ Moore,BUF,LAC,recs,caesars,3.5,-136,104,,True,rotowire
20260925T040447Z,2026-09-24 23:04:49.239385-05:00,2978686,11429,Kalif Raymond,CHI,PHI,recs,fanduel,3.5,134,-180,,True,rotowire
20260925T040447Z,2026-09-24 23:04:49.239385-05:00,2978686,11429,Kalif Raymond,CHI,PHI,recs,caesars,3.5,148,-197,,True,rotowire
20260925T040447Z,2026-09-24 23:04:49.239385-05:00,2978666,15838,Wan'Dale Robinson,TEN,@NYG,recs,draftkings,3.5,109,-139,,True,rotowire
20260925T040447Z,2026-09-24 23:04:49.239385-05:00,2978666,15838,Wan'Dale Robinson,TEN,@NYG,recs,fanduel,3.5,-106,-125,,True,rotowire
20260925T040447Z,2026-09-24 23:04:49.239385-05:00,2978645,15892,Khalil Shakir,BUF,LAC,recs,draftkings,4.5,117,-150,,True,rotowire
20260925T040447Z,2026-09-24 23:04:49.239385-05:00,2978645,15892,Khalil Shakir,BUF,LAC,recs,fanduel,3.5,-172,128,,True,rotowire
20260925T040447Z,2026-09-24 23:04:49.239385-05:00,2978645,15892,Khalil Shakir,BUF,LAC,recs,caesars,4.5,130,-170,,True,rotowire
20260925T040447Z,2026-09-24 23:04:49.239385-05:00,2978683,12586,Courtland Sutton,DEN,LAR,recs,draftkings,3.5,104,-133,,True,rotowire
20260925T040447Z,2026-09-24 23:04:49.239385-05:00,2978683,12586,Courtland Sutton,DEN,LAR,recs,fanduel,3.5,102,-136,,True,rotowire
20260925T040447Z,2026-09-24 23:04:49.239385-05:00,2978683,12586,Courtland Sutton,DEN,LAR,recs,caesars,3.5,102,-135,,True,rotowire
20260925T040447Z,2026-09-24 23:04:49.239385-05:00,2978666,19268,Carnell Tate,TEN,@NYG,recs,draftkings,3.5,114,-146,,True,rotowire
20260925T040447Z,2026-09-24 23:04:49.239385-05:00,2978666,19268,Carnell Tate,TEN,@NYG,recs,fanduel,3.5,106,-140,,True,rotowire
20260925T040447Z,2026-09-24 23:04:49.239385-05:00,2978666,19268,Carnell Tate,TEN,@NYG,recs,caesars,3.5,109,-141,,True,rotowire
20260925T040447Z,2026-09-24 23:04:49.239385-05:00,2978678,16694,Tre Tucker,LV,@NO,recs,draftkings,3.5,-112,-114,,True,rotowire
20260925T040447Z,2026-09-24 23:04:49.239385-05:00,2978678,16694,Tre Tucker,LV,@NO,recs,fanduel,3.5,-108,-122,,True,rotowire
20260925T040447Z,2026-09-24 23:04:49.239385-05:00,2978678,16694,Tre Tucker,LV,@NO,recs,caesars,3.5,-106,-124,,True,rotowire
20260925T040447Z,2026-09-24 23:04:49.239385-05:00,2978649,15909,Kenneth Walker,KC,@MIA,recs,draftkings,3.5,109,-138,,True,rotowire
20260925T040447Z,2026-09-24 23:04:49.239385-05:00,2978649,15909,Kenneth Walker,KC,@MIA,recs,fanduel,3.5,120,-160,,True,rotowire
20260925T040447Z,2026-09-24 23:04:49.239385-05:00,2978649,15909,Kenneth Walker,KC,@MIA,recs,caesars,3.5,114,-150,,True,rotowire
20260925T040447Z,2026-09-24 23:04:49.239385-05:00,2978658,15984,Jaylen Warren,PIT,CIN,recs,fanduel,3.5,-114,-114,,True,rotowire
20260925T040447Z,2026-09-24 23:04:49.239385-05:00,2978658,15984,Jaylen Warren,PIT,CIN,recs,caesars,3.5,-115,-114,,True,rotowire
20260925T040447Z,2026-09-24 23:04:49.239385-05:00,2978649,17863,Malik Washington,MIA,KC,recs,draftkings,3.5,-103,-123,,True,rotowire
20260925T040447Z,2026-09-24 23:04:49.239385-05:00,2978649,17863,Malik Washington,MIA,KC,recs,fanduel,3.5,-106,-125,,True,rotowire
20260925T040447Z,2026-09-24 23:04:49.239385-05:00,2978649,17863,Malik Washington,MIA,KC,recs,caesars,3.5,-106,-124,,True,rotowire
20260925T040447Z,2026-09-24 23:04:49.239385-05:00,2978656,15849,Jameson Williams,DET,NYJ,recs,draftkings,3.5,-140,110,,True,rotowire
20260925T040447Z,2026-09-24 23:04:49.239385-05:00,2978656,15849,Jameson Williams,DET,NYJ,recs,fanduel,3.5,-148,112,,True,rotowire
20260925T040447Z,2026-09-24 23:04:49.239385-05:00,2978656,15849,Jameson Williams,DET,NYJ,recs,caesars,3.5,-148,113,,True,rotowire
20260925T040447Z,2026-09-24 23:04:49.239385-05:00,2978674,16957,Michael Wilson,ARI,@SF,recs,draftkings,3.5,-153,121,,True,rotowire
20260925T040447Z,2026-09-24 23:04:49.239385-05:00,2978674,16957,Michael Wilson,ARI,@SF,recs,fanduel,3.5,-148,112,,True,rotowire
20260925T040447Z,2026-09-24 23:04:49.239385-05:00,2978674,16957,Michael Wilson,ARI,@SF,recs,caesars,4.5,145,-193,,True,rotowire
20260925T040447Z,2026-09-24 23:04:49.239385-05:00,2978649,17687,Xavier Worthy,KC,@MIA,recs,draftkings,3.5,-118,-108,,True,rotowire
20260925T040447Z,2026-09-24 23:04:49.239385-05:00,2978649,17687,Xavier Worthy,KC,@MIA,recs,fanduel,3.5,-114,-114,,True,rotowire
20260925T040447Z,2026-09-24 23:04:49.239385-05:00,2978649,17687,Xavier Worthy,KC,@MIA,recs,caesars,3.5,-117,-112,,True,rotowire
20260925T040447Z,2026-09-24 23:04:49.239385-05:00,2978392,12559,Mark Andrews,BAL,@DAL,recs,draftkings,4.5,113,-142,,True,rotowire
20260925T040447Z,2026-09-24 23:04:49.239385-05:00,2978392,12559,Mark Andrews,BAL,@DAL,recs,fanduel,4.5,118,-158,,True,rotowire
20260925T040447Z,2026-09-24 23:04:49.239385-05:00,2978392,12559,Mark Andrews,BAL,@DAL,recs,caesars,4.5,119,-157,,True,rotowire
20260925T040447Z,2026-09-24 23:04:49.239385-05:00,2978678,17693,Brock Bowers,LV,@NO,recs,draftkings,4.5,-112,-112,,True,rotowire
20260925T040447Z,2026-09-24 23:04:49.239385-05:00,2978678,17693,Brock Bowers,LV,@NO,recs,fanduel,4.5,-102,-130,,True,rotowire
20260925T040447Z,2026-09-24 23:04:49.239385-05:00,2978678,17693,Brock Bowers,LV,@NO,recs,caesars,4.5,-104,-125,,True,rotowire
20260925T040447Z,2026-09-24 23:04:49.239385-05:00,2978662,17976,Jalen Coker,CAR,@CLE,recs,draftkings,4.5,-156,122,,True,rotowire
20260925T040447Z,2026-09-24 23:04:49.239385-05:00,2978662,17976,Jalen Coker,CAR,@CLE,recs,fanduel,5.5,130,-174,,True,rotowire
20260925T040447Z,2026-09-24 23:04:49.239385-05:00,2978662,17976,Jalen Coker,CAR,@CLE,recs,caesars,5.5,133,-176,,True,rotowire
20260925T040447Z,2026-09-24 23:04:49.239385-05:00,2978665,16689,Josh Downs,IND,HOU,recs,draftkings,4.5,-121,-106,,True,rotowire
20260925T040447Z,2026-09-24 23:04:49.239385-05:00,2978665,16689,Josh Downs,IND,HOU,recs,fanduel,4.5,-128,-104,,True,rotowire
20260925T040447Z,2026-09-24 23:04:49.239385-05:00,2978665,16689,Josh Downs,IND,HOU,recs,caesars,4.5,-124,-105,,True,rotowire
20260925T040447Z,2026-09-24 23:04:49.239385-05:00,2978656,16808,Jahmyr Gibbs,DET,NYJ,recs,draftkings,4.5,108,-138,,True,rotowire
20260925T040447Z,2026-09-24 23:04:49.239385-05:00,2978656,16808,Jahmyr Gibbs,DET,NYJ,recs,fanduel,4.5,-102,-130,,True,rotowire
20260925T040447Z,2026-09-24 23:04:49.239385-05:00,2978656,16808,Jahmyr Gibbs,DET,NYJ,recs,caesars,4.5,-102,-130,,True,rotowire
20260925T040447Z,2026-09-24 23:04:49.239385-05:00,2978658,14506,Tee Higgins,CIN,@PIT,recs,draftkings,4.5,113,-143,,True,rotowire
20260925T040447Z,2026-09-24 23:04:49.239385-05:00,2978658,14506,Tee Higgins,CIN,@PIT,recs,fanduel,4.5,106,-140,,True,rotowire
20260925T040447Z,2026-09-24 23:04:49.239385-05:00,2978658,14506,Tee Higgins,CIN,@PIT,recs,caesars,4.5,110,-143,,True,rotowire
20260925T040447Z,2026-09-24 23:04:49.239385-05:00,2978649,8783,Travis Kelce,KC,@MIA,recs,draftkings,4.5,-107,-119,,True,rotowire
20260925T040447Z,2026-09-24 23:04:49.239385-05:00,2978649,8783,Travis Kelce,KC,@MIA,recs,fanduel,4.5,-102,-130,,True,rotowire
20260925T040447Z,2026-09-24 23:04:49.239385-05:00,2978649,8783,Travis Kelce,KC,@MIA,recs,caesars,4.5,-108,-121,,True,rotowire
20260925T040447Z,2026-09-24 23:04:49.239385-05:00,2978645,16697,Dalton Kincaid,BUF,LAC,recs,draftkings,4.5,109,-136,,True,rotowire
20260925T040447Z,2026-09-24 23:04:49.239385-05:00,2978645,16697,Dalton Kincaid,BUF,LAC,recs,fanduel,4.5,106,-140,,True,rotowire
20260925T040447Z,2026-09-24 23:04:49.239385-05:00,2978645,16697,Dalton Kincaid,BUF,LAC,recs,caesars,4.5,112,-145,,True,rotowire
20260925T040447Z,2026-09-24 23:04:49.239385-05:00,2978656,17033,Sam LaPorta,DET,NYJ,recs,draftkings,4.5,-111,-115,,True,rotowire
20260925T040447Z,2026-09-24 23:04:49.239385-05:00,2978656,17033,Sam LaPorta,DET,NYJ,recs,fanduel,4.5,-114,-114,,True,rotowire
20260925T040447Z,2026-09-24 23:04:49.239385-05:00,2978656,17033,Sam LaPorta,DET,NYJ,recs,caesars,4.5,-115,-114,,True,rotowire
20260925T040447Z,2026-09-24 23:04:49.239385-05:00,2978645,17724,Ladd McConkey,LAC,@BUF,recs,draftkings,4.5,-126,-101,,True,rotowire
20260925T040447Z,2026-09-24 23:04:49.239385-05:00,2978645,17724,Ladd McConkey,LAC,@BUF,recs,fanduel,4.5,-118,-112,,True,rotowire
20260925T040447Z,2026-09-24 23:04:49.239385-05:00,2978645,17724,Ladd McConkey,LAC,@BUF,recs,caesars,4.5,-125,-107,,True,rotowire
20260925T040447Z,2026-09-24 23:04:49.239385-05:00,2978662,18547,Tetairoa McMillan,CAR,@CLE,recs,draftkings,4.5,-113,-112,,True,rotowire
20260925T040447Z,2026-09-24 23:04:49.239385-05:00,2978662,18547,Tetairoa McMillan,CAR,@CLE,recs,fanduel,4.5,-130,-102,,True,rotowire
20260925T040447Z,2026-09-24 23:04:49.239385-05:00,2978662,18547,Tetairoa McMillan,CAR,@CLE,recs,caesars,4.5,-127,-103,,True,rotowire
20260925T040447Z,2026-09-24 23:04:49.239385-05:00,2978658,13424,DK Metcalf,PIT,CIN,recs,draftkings,4.5,110,-140,,True,rotowire
20260925T040447Z,2026-09-24 23:04:49.239385-05:00,2978658,13424,DK Metcalf,PIT,CIN,recs,fanduel,4.5,-102,-130,,True,rotowire
20260925T040447Z,2026-09-24 23:04:49.239385-05:00,2978658,13424,DK Metcalf,PIT,CIN,recs,caesars,4.5,104,-136,,True,rotowire
20260925T040447Z,2026-09-24 23:04:49.239385-05:00,2978666,17704,Malik Nabers,NYG,TEN,recs,draftkings,4.5,-108,-118,,True,rotowire
20260925T040447Z,2026-09-24 23:04:49.239385-05:00,2978666,17704,Malik Nabers,NYG,TEN,recs,fanduel,4.5,-114,-114,,True,rotowire
20260925T040447Z,2026-09-24 23:04:49.239385-05:00,2978666,17704,Malik Nabers,NYG,TEN,recs,caesars,4.5,-107,-122,,True,rotowire
20260925T040447Z,2026-09-24 23:04:49.239385-05:00,2978649,16963,Rashee Rice,KC,@MIA,recs,draftkings,4.5,115,-147,,True,rotowire
20260925T040447Z,2026-09-24 23:04:49.239385-05:00,2978649,16963,Rashee Rice,KC,@MIA,recs,fanduel,4.5,118,-158,,True,rotowire
20260925T040447Z,2026-09-24 23:04:49.239385-05:00,2978649,16963,Rashee Rice,KC,@MIA,recs,caesars,4.5,120,-157,,True,rotowire
20260925T040447Z,2026-09-24 23:04:49.239385-05:00,2978678,17975,Devaughn Vele,NO,LV,recs,draftkings,4.5,120,-153,,True,rotowire
20260925T040447Z,2026-09-24 23:04:49.239385-05:00,2978678,17975,Devaughn Vele,NO,LV,recs,fanduel,4.5,124,-166,,True,rotowire
20260925T040447Z,2026-09-24 23:04:49.239385-05:00,2978678,17975,Devaughn Vele,NO,LV,recs,caesars,4.5,128,-170,,True,rotowire
20260925T040447Z,2026-09-24 23:04:49.239385-05:00,2978683,15404,Jaylen Waddle,DEN,LAR,recs,draftkings,4.5,-143,112,,True,rotowire
20260925T040447Z,2026-09-24 23:04:49.239385-05:00,2978683,15404,Jaylen Waddle,DEN,LAR,recs,fanduel,4.5,-154,116,,True,rotowire
20260925T040447Z,2026-09-24 23:04:49.239385-05:00,2978683,15404,Jaylen Waddle,DEN,LAR,recs,caesars,5.5,135,-179,,True,rotowire
20260925T040447Z,2026-09-24 23:04:49.239385-05:00,2978665,18534,Tyler Warren,IND,HOU,recs,draftkings,4.5,-120,-106,,True,rotowire
20260925T040447Z,2026-09-24 23:04:49.239385-05:00,2978665,18534,Tyler Warren,IND,HOU,recs,fanduel,4.5,-138,104,,True,rotowire
20260925T040447Z,2026-09-24 23:04:49.239385-05:00,2978665,18534,Tyler Warren,IND,HOU,recs,caesars,4.5,-130,100,,True,rotowire
20260925T040447Z,2026-09-24 23:04:49.239385-05:00,2978653,16690,Parker Washington,JAX,NE,recs,draftkings,4.5,-151,119,,True,rotowire
20260925T040447Z,2026-09-24 23:04:49.239385-05:00,2978653,16690,Parker Washington,JAX,NE,recs,fanduel,4.5,-148,112,,True,rotowire
20260925T040447Z,2026-09-24 23:04:49.239385-05:00,2978653,16690,Parker Washington,JAX,NE,recs,caesars,5.5,134,-165,,True,rotowire
20260925T040447Z,2026-09-24 23:04:49.239385-05:00,2978683,9455,Davante Adams,LAR,@DEN,recs,draftkings,5.5,-132,104,,,rotowire
20260925T040447Z,2026-09-24 23:04:49.239385-05:00,2978683,9455,Davante Adams,LAR,@DEN,recs,fanduel,5.5,-130,-102,,,rotowire
20260925T040447Z,2026-09-24 23:04:49.239385-05:00,2978683,9455,Davante Adams,LAR,@DEN,recs,caesars,5.5,-129,-102,,,rotowire
20260925T040447Z,2026-09-24 23:04:49.239385-05:00,2978642,14509,Justin Jefferson,MIN,@TB,recs,draftkings,5.5,-132,105,,True,rotowire
20260925T040447Z,2026-09-24 23:04:49.239385-05:00,2978642,14509,Justin Jefferson,MIN,@TB,recs,fanduel,5.5,-132,100,,True,rotowire
20260925T040447Z,2026-09-24 23:04:49.239385-05:00,2978642,14509,Justin Jefferson,MIN,@TB,recs,caesars,5.5,-136,104,,True,rotowire
20260925T040447Z,2026-09-24 23:04:49.239385-05:00,2978678,15895,Chris Olave,NO,LV,recs,draftkings,6.5,115,-144,,True,rotowire
20260925T040447Z,2026-09-24 23:04:49.239385-05:00,2978678,15895,Chris Olave,NO,LV,recs,fanduel,5.5,-172,128,,True,rotowire
20260925T040447Z,2026-09-24 23:04:49.239385-05:00,2978678,15895,Chris Olave,NO,LV,recs,caesars,6.5,116,-152,,True,rotowire
20260925T040447Z,2026-09-24 23:04:49.239385-05:00,2978392,15853,George Pickens,DAL,BAL,recs,draftkings,5.5,111,-141,,True,rotowire
20260925T040447Z,2026-09-24 23:04:49.239385-05:00,2978392,15853,George Pickens,DAL,BAL,recs,fanduel,5.5,112,-148,,True,rotowire
20260925T040447Z,2026-09-24 23:04:49.239385-05:00,2978392,15853,George Pickens,DAL,BAL,recs,caesars,5.5,117,-152,,True,rotowire
20260925T040447Z,2026-09-24 23:04:49.239385-05:00,2978665,12514,Dalton Schultz,HOU,@IND,recs,draftkings,5.5,-102,-125,,True,rotowire
20260925T040447Z,2026-09-24 23:04:49.239385-05:00,2978665,12514,Dalton Schultz,HOU,@IND,recs,fanduel,5.5,106,-140,,True,rotowire
20260925T040447Z,2026-09-24 23:04:49.239385-05:00,2978665,12514,Dalton Schultz,HOU,@IND,recs,caesars,5.5,109,-141,,True,rotowire
20260925T040447Z,2026-09-24 23:04:49.239385-05:00,2978686,15406,DeVonta Smith,PHI,@CHI,recs,draftkings,5.5,-120,-104,,True,rotowire
20260925T040447Z,2026-09-24 23:04:49.239385-05:00,2978686,15406,DeVonta Smith,PHI,@CHI,recs,fanduel,5.5,-122,-108,,True,rotowire
20260925T040447Z,2026-09-24 23:04:49.239385-05:00,2978686,15406,DeVonta Smith,PHI,@CHI,recs,caesars,5.5,-120,-109,,True,rotowire
20260925T040447Z,2026-09-24 23:04:49.239385-05:00,2978656,15829,Garrett Wilson,NYJ,@DET,recs,draftkings,5.5,-108,-118,,True,rotowire
20260925T040447Z,2026-09-24 23:04:49.239385-05:00,2978656,15829,Garrett Wilson,NYJ,@DET,recs,fanduel,5.5,-114,-114,,True,rotowire
20260925T040447Z,2026-09-24 23:04:49.239385-05:00,2978656,15829,Garrett Wilson,NYJ,@DET,recs,caesars,5.5,-110,-118,,True,rotowire
20260925T040447Z,2026-09-24 23:04:49.239385-05:00,2978658,15183,Ja'Marr Chase,CIN,@PIT,recs,draftkings,6.5,-111,-115,,True,rotowire
20260925T040447Z,2026-09-24 23:04:49.239385-05:00,2978658,15183,Ja'Marr Chase,CIN,@PIT,recs,fanduel,6.5,-122,-108,,True,rotowire
20260925T040447Z,2026-09-24 23:04:49.239385-05:00,2978658,15183,Ja'Marr Chase,CIN,@PIT,recs,caesars,6.5,-117,-113,,True,rotowire
20260925T040447Z,2026-09-24 23:04:49.239385-05:00,2978392,14411,CeeDee Lamb,DAL,BAL,recs,draftkings,6.5,-122,-103,,True,rotowire
20260925T040447Z,2026-09-24 23:04:49.239385-05:00,2978392,14411,CeeDee Lamb,DAL,BAL,recs,fanduel,6.5,-128,-104,,True,rotowire
20260925T040447Z,2026-09-24 23:04:49.239385-05:00,2978392,14411,CeeDee Lamb,DAL,BAL,recs,caesars,6.5,-122,-108,,True,rotowire
20260925T040447Z,2026-09-24 23:04:49.239385-05:00,2978674,15902,Trey McBride,ARI,@SF,recs,draftkings,7.5,115,-146,,True,rotowire
20260925T040447Z,2026-09-24 23:04:49.239385-05:00,2978674,15902,Trey McBride,ARI,@SF,recs,fanduel,7.5,112,-148,,True,rotowire
20260925T040447Z,2026-09-24 23:04:49.239385-05:00,2978674,15902,Trey McBride,ARI,@SF,recs,caesars,7.5,117,-154,,True,rotowire
20260925T040447Z,2026-09-24 23:04:49.239385-05:00,2978672,16654,Jaxon Smith-Njigba,SEA,@WAS,recs,draftkings,6.5,-129,101,,True,rotowire
20260925T040447Z,2026-09-24 23:04:49.239385-05:00,2978672,16654,Jaxon Smith-Njigba,SEA,@WAS,recs,fanduel,6.5,-112,-118,,True,rotowire
20260925T040447Z,2026-09-24 23:04:49.239385-05:00,2978672,16654,Jaxon Smith-Njigba,SEA,@WAS,recs,caesars,6.5,-118,-110,,True,rotowire
20260925T040447Z,2026-09-24 23:04:49.239385-05:00,2978656,15332,Amon-Ra St. Brown,DET,NYJ,recs,draftkings,7.5,117,-150,,True,rotowire
20260925T040447Z,2026-09-24 23:04:49.239385-05:00,2978656,15332,Amon-Ra St. Brown,DET,NYJ,recs,fanduel,7.5,130,-174,,True,rotowire
20260925T040447Z,2026-09-24 23:04:49.239385-05:00,2978656,15332,Amon-Ra St. Brown,DET,NYJ,recs,caesars,7.5,129,-170,,True,rotowire
20260925T040447Z,2026-09-24 23:04:49.239385-05:00,2978658,11698,Samaje Perine,CIN,@PIT,rushrec,fanduel,25.5,-113,-115,,True,rotowire
20260925T040447Z,2026-09-24 23:04:49.239385-05:00,2978642,15222,Kenny Gainwell,TB,MIN,rushrec,fanduel,32.5,-118,-110,,True,rotowire
20260925T040447Z,2026-09-24 23:04:49.239385-05:00,2978392,13427,Justice Hill,BAL,@DAL,rushrec,fanduel,31.5,-114,-114,,True,rotowire
20260925T040447Z,2026-09-24 23:04:49.239385-05:00,2978649,19240,Emmett Johnson,KC,@MIA,rushrec,draftkings,40.5,-111,-115,,True,rotowire
20260925T040447Z,2026-09-24 23:04:49.239385-05:00,2978649,19240,Emmett Johnson,KC,@MIA,rushrec,fanduel,39.5,-114,-114,,True,rotowire
20260925T040447Z,2026-09-24 23:04:49.239385-05:00,2978662,19242,KC Concepcion,CLE,CAR,rushrec,fanduel,41.5,-118,-110,,True,rotowire
20260925T040447Z,2026-09-24 23:04:49.239385-05:00,2978665,18449,Woody Marks,HOU,@IND,rushrec,draftkings,44.5,-110,-116,,True,rotowire
20260925T040447Z,2026-09-24 23:04:49.239385-05:00,2978665,18449,Woody Marks,HOU,@IND,rushrec,fanduel,41.5,-115,-113,,True,rotowire
20260925T040447Z,2026-09-24 23:04:49.239385-05:00,2978653,18517,TreVeyon Henderson,NE,@JAX,rushrec,draftkings,53.5,-111,-115,,True,rotowire
20260925T040447Z,2026-09-24 23:04:49.239385-05:00,2978653,18517,TreVeyon Henderson,NE,@JAX,rushrec,fanduel,54.5,-113,-115,,True,rotowire
20260925T040447Z,2026-09-24 23:04:49.239385-05:00,2978653,15372,Rhamondre Stevenson,NE,@JAX,rushrec,draftkings,55.5,-116,-110,,True,rotowire
20260925T040447Z,2026-09-24 23:04:49.239385-05:00,2978653,15372,Rhamondre Stevenson,NE,@JAX,rushrec,fanduel,56.5,-114,-114,,True,rotowire
20260925T040447Z,2026-09-24 23:04:49.239385-05:00,2978674,19235,Jeremiyah Love,ARI,@SF,rushrec,fanduel,55.5,-114,-114,,True,rotowire
20260925T040447Z,2026-09-24 23:04:49.239385-05:00,2978666,13590,Tony Pollard,TEN,@NYG,rushrec,draftkings,60.5,-111,-115,,True,rotowire
20260925T040447Z,2026-09-24 23:04:49.239385-05:00,2978666,13590,Tony Pollard,TEN,@NYG,rushrec,fanduel,57.5,-115,-113,,True,rotowire
20260925T040447Z,2026-09-24 23:04:49.239385-05:00,2978665,13556,David Montgomery,HOU,@IND,rushrec,draftkings,60.5,-115,-111,,True,rotowire
20260925T040447Z,2026-09-24 23:04:49.239385-05:00,2978665,13556,David Montgomery,HOU,@IND,rushrec,fanduel,59.5,-114,-114,,True,rotowire
20260925T040447Z,2026-09-24 23:04:49.239385-05:00,2978653,18524,Bhayshul Tuten,JAX,NE,rushrec,draftkings,68.5,-111,-115,,True,rotowire
20260925T040447Z,2026-09-24 23:04:49.239385-05:00,2978653,18524,Bhayshul Tuten,JAX,NE,rushrec,fanduel,66.5,-114,-114,,True,rotowire
20260925T040447Z,2026-09-24 23:04:49.239385-05:00,2978642,17784,Bucky Irving,TB,MIN,rushrec,draftkings,78.5,-110,-115,,True,rotowire
20260925T040447Z,2026-09-24 23:04:49.239385-05:00,2978642,17784,Bucky Irving,TB,MIN,rushrec,fanduel,76.5,-114,-114,,True,rotowire
20260925T040447Z,2026-09-24 23:04:49.239385-05:00,2978666,18514,Cam Skattebo,NYG,TEN,rushrec,draftkings,73.5,-115,-111,,True,rotowire
20260925T040447Z,2026-09-24 23:04:49.239385-05:00,2978666,18514,Cam Skattebo,NYG,TEN,rushrec,fanduel,73.5,-114,-114,,True,rotowire
20260925T040447Z,2026-09-24 23:04:49.239385-05:00,2978683,15807,Kyren Williams,LAR,@DEN,rushrec,fanduel,71.5,-114,-114,,,rotowire
20260925T040447Z,2026-09-24 23:04:49.239385-05:00,2978645,18445,Omarion Hampton,LAC,@BUF,rushrec,draftkings,76.5,-112,-111,,True,rotowire
20260925T040447Z,2026-09-24 23:04:49.239385-05:00,2978645,18445,Omarion Hampton,LAC,@BUF,rushrec,fanduel,76.5,-114,-114,,True,rotowire
20260925T040447Z,2026-09-24 23:04:49.239385-05:00,2978662,18516,Quinshon Judkins,CLE,CAR,rushrec,draftkings,77.5,-112,-111,,True,rotowire
20260925T040447Z,2026-09-24 23:04:49.239385-05:00,2978662,18516,Quinshon Judkins,CLE,CAR,rushrec,fanduel,76.5,-114,-114,,True,rotowire
20260925T040447Z,2026-09-24 23:04:49.239385-05:00,2978392,15306,Javonte Williams,DAL,BAL,rushrec,draftkings,80.5,-114,-112,,True,rotowire
20260925T040447Z,2026-09-24 23:04:49.239385-05:00,2978392,15306,Javonte Williams,DAL,BAL,rushrec,fanduel,79.5,-114,-114,,True,rotowire
20260925T040447Z,2026-09-24 23:04:49.239385-05:00,2978656,15810,Breece Hall,NYJ,@DET,rushrec,draftkings,84.5,-111,-115,,True,rotowire
20260925T040447Z,2026-09-24 23:04:49.239385-05:00,2978656,15810,Breece Hall,NYJ,@DET,rushrec,fanduel,83.5,-115,-113,,True,rotowire
20260925T040447Z,2026-09-24 23:04:49.239385-05:00,2978658,15984,Jaylen Warren,PIT,CIN,rushrec,fanduel,85.5,-114,-114,,True,rotowire
20260925T040447Z,2026-09-24 23:04:49.239385-05:00,2978658,16934,Chase Brown,CIN,@PIT,rushrec,draftkings,88.5,-112,-112,,True,rotowire
20260925T040447Z,2026-09-24 23:04:49.239385-05:00,2978658,16934,Chase Brown,CIN,@PIT,rushrec,fanduel,89.5,-115,-113,,True,rotowire
20260925T040447Z,2026-09-24 23:04:49.239385-05:00,2978686,12507,Saquon Barkley,PHI,@CHI,rushrec,draftkings,90.5,-113,-113,,True,rotowire
20260925T040447Z,2026-09-24 23:04:49.239385-05:00,2978686,12507,Saquon Barkley,PHI,@CHI,rushrec,fanduel,89.5,-114,-114,,True,rotowire
20260925T040447Z,2026-09-24 23:04:49.239385-05:00,2978662,15242,Chuba Hubbard,CAR,@CLE,rushrec,draftkings,90.5,-113,-112,,True,rotowire
20260925T040447Z,2026-09-24 23:04:49.239385-05:00,2978662,15242,Chuba Hubbard,CAR,@CLE,rushrec,fanduel,89.5,-114,-114,,True,rotowire
20260925T040447Z,2026-09-24 23:04:49.239385-05:00,2978649,16661,De'Von Achane,MIA,KC,rushrec,draftkings,93.5,-111,-114,,True,rotowire
20260925T040447Z,2026-09-24 23:04:49.239385-05:00,2978649,16661,De'Von Achane,MIA,KC,rushrec,fanduel,91.5,-114,-114,,True,rotowire
20260925T040447Z,2026-09-24 23:04:49.239385-05:00,2978645,15876,James Cook,BUF,LAC,rushrec,draftkings,95.5,-111,-113,,True,rotowire
20260925T040447Z,2026-09-24 23:04:49.239385-05:00,2978645,15876,James Cook,BUF,LAC,rushrec,fanduel,94.5,-114,-114,,True,rotowire
20260925T040447Z,2026-09-24 23:04:49.239385-05:00,2978678,18487,Ashton Jeanty,LV,@NO,rushrec,draftkings,97.5,-112,-114,,True,rotowire
20260925T040447Z,2026-09-24 23:04:49.239385-05:00,2978678,18487,Ashton Jeanty,LV,@NO,rushrec,fanduel,95.5,-113,-115,,True,rotowire
20260925T040447Z,2026-09-24 23:04:49.239385-05:00,2978392,10819,Derrick Henry,BAL,@DAL,rushrec,draftkings,107.5,-111,-115,,True,rotowire
20260925T040447Z,2026-09-24 23:04:49.239385-05:00,2978392,10819,Derrick Henry,BAL,@DAL,rushrec,fanduel,105.5,-114,-114,,True,rotowire
20260925T040447Z,2026-09-24 23:04:49.239385-05:00,2978665,14455,Jonathan Taylor,IND,HOU,rushrec,draftkings,106.5,-112,-114,,True,rotowire
20260925T040447Z,2026-09-24 23:04:49.239385-05:00,2978665,14455,Jonathan Taylor,IND,HOU,rushrec,fanduel,107.5,-114,-114,,True,rotowire
20260925T040447Z,2026-09-24 23:04:49.239385-05:00,2978649,15909,Kenneth Walker,KC,@MIA,rushrec,draftkings,112.5,-111,-111,,True,rotowire
20260925T040447Z,2026-09-24 23:04:49.239385-05:00,2978649,15909,Kenneth Walker,KC,@MIA,rushrec,fanduel,109.5,-114,-114,,True,rotowire
20260925T040447Z,2026-09-24 23:04:49.239385-05:00,2978656,16808,Jahmyr Gibbs,DET,NYJ,rushrec,draftkings,124.5,-112,-114,,True,rotowire
20260925T040447Z,2026-09-24 23:04:49.239385-05:00,2978656,16808,Jahmyr Gibbs,DET,NYJ,rushrec,fanduel,128.5,-114,-114,,True,rotowire
20260925T040447Z,2026-09-24 23:04:49.239385-05:00,2978666,13590,Tony Pollard,TEN,@NYG,recyds,draftkings,5.5,-121,-104,,True,rotowire
20260925T040447Z,2026-09-24 23:04:49.239385-05:00,2978666,13590,Tony Pollard,TEN,@NYG,recyds,fanduel,6.5,-114,-114,,True,rotowire
20260925T040447Z,2026-09-24 23:04:49.239385-05:00,2978666,13590,Tony Pollard,TEN,@NYG,recyds,caesars,6.5,-109,-120,,True,rotowire
20260925T040447Z,2026-09-24 23:04:49.239385-05:00,2978653,18517,TreVeyon Henderson,NE,@JAX,recyds,draftkings,8.5,-114,-110,,True,rotowire
20260925T040447Z,2026-09-24 23:04:49.239385-05:00,2978653,18517,TreVeyon Henderson,NE,@JAX,recyds,fanduel,9.5,-114,-114,,True,rotowire
20260925T040447Z,2026-09-24 23:04:49.239385-05:00,2978653,18517,TreVeyon Henderson,NE,@JAX,recyds,caesars,9.5,-109,-120,,True,rotowire
20260925T040447Z,2026-09-24 23:04:49.239385-05:00,2978665,13556,David Montgomery,HOU,@IND,recyds,draftkings,8.5,-114,-107,,True,rotowire
20260925T040447Z,2026-09-24 23:04:49.239385-05:00,2978665,13556,David Montgomery,HOU,@IND,recyds,fanduel,7.5,-114,-114,,True,rotowire
20260925T040447Z,2026-09-24 23:04:49.239385-05:00,2978665,13556,David Montgomery,HOU,@IND,recyds,caesars,8.5,-115,-113,,True,rotowire
20260925T040447Z,2026-09-24 23:04:49.239385-05:00,2978653,18524,Bhayshul Tuten,JAX,NE,recyds,draftkings,9.5,-111,-113,,True,rotowire
20260925T040447Z,2026-09-24 23:04:49.239385-05:00,2978653,18524,Bhayshul Tuten,JAX,NE,recyds,fanduel,9.5,-114,-114,,True,rotowire
20260925T040447Z,2026-09-24 23:04:49.239385-05:00,2978653,18524,Bhayshul Tuten,JAX,NE,recyds,caesars,9.5,-114,-114,,True,rotowire
20260925T040447Z,2026-09-24 23:04:49.239385-05:00,2978642,15222,Kenny Gainwell,TB,MIN,recyds,draftkings,11.5,-105,-119,,True,rotowire
20260925T040447Z,2026-09-24 23:04:49.239385-05:00,2978642,15222,Kenny Gainwell,TB,MIN,recyds,fanduel,9.5,-114,-114,,True,rotowire
20260925T040447Z,2026-09-24 23:04:49.239385-05:00,2978642,15222,Kenny Gainwell,TB,MIN,recyds,caesars,10.5,-114,-114,,True,rotowire
20260925T040447Z,2026-09-24 23:04:49.239385-05:00,2978392,10819,Derrick Henry,BAL,@DAL,recyds,draftkings,9.5,-118,-106,,True,rotowire
20260925T040447Z,2026-09-24 23:04:49.239385-05:00,2978392,10819,Derrick Henry,BAL,@DAL,recyds,fanduel,10.5,-114,-114,,True,rotowire
20260925T040447Z,2026-09-24 23:04:49.239385-05:00,2978392,10819,Derrick Henry,BAL,@DAL,recyds,caesars,9.5,-118,-110,,True,rotowire
20260925T040447Z,2026-09-24 23:04:49.239385-05:00,2978649,19240,Emmett Johnson,KC,@MIA,recyds,draftkings,10.5,-110,-111,,True,rotowire
20260925T040447Z,2026-09-24 23:04:49.239385-05:00,2978649,19240,Emmett Johnson,KC,@MIA,recyds,fanduel,10.5,-114,-114,,True,rotowire
20260925T040447Z,2026-09-24 23:04:49.239385-05:00,2978649,19240,Emmett Johnson,KC,@MIA,recyds,caesars,10.5,-112,-118,,True,rotowire
20260925T040447Z,2026-09-24 23:04:49.239385-05:00,2978662,15371,Tommy Tremble,CAR,@CLE,recyds,draftkings,9.5,-115,-109,,True,rotowire
20260925T040447Z,2026-09-24 23:04:49.239385-05:00,2978662,15371,Tommy Tremble,CAR,@CLE,recyds,fanduel,9.5,-114,-114,,True,rotowire
20260925T040447Z,2026-09-24 23:04:49.239385-05:00,2978662,15371,Tommy Tremble,CAR,@CLE,recyds,caesars,9.5,-114,-114,,True,rotowire
20260925T040447Z,2026-09-24 23:04:49.239385-05:00,2978645,15876,James Cook,BUF,LAC,recyds,draftkings,11.5,-111,-113,,True,rotowire
20260925T040447Z,2026-09-24 23:04:49.239385-05:00,2978645,15876,James Cook,BUF,LAC,recyds,fanduel,10.5,-114,-114,,True,rotowire
20260925T040447Z,2026-09-24 23:04:49.239385-05:00,2978645,15876,James Cook,BUF,LAC,recyds,caesars,10.5,-120,-110,,True,rotowire
20260925T040447Z,2026-09-24 23:04:49.239385-05:00,2978645,18445,Omarion Hampton,LAC,@BUF,recyds,draftkings,10.5,-118,-106,,True,rotowire
20260925T040447Z,2026-09-24 23:04:49.239385-05:00,2978645,18445,Omarion Hampton,LAC,@BUF,recyds,fanduel,11.5,-114,-114,,True,rotowire
20260925T040447Z,2026-09-24 23:04:49.239385-05:00,2978645,18445,Omarion Hampton,LAC,@BUF,recyds,caesars,11.5,-110,-120,,True,rotowire
20260925T040447Z,2026-09-24 23:04:49.239385-05:00,2978665,18449,Woody Marks,HOU,@IND,recyds,draftkings,12.5,-111,-113,,True,rotowire
20260925T040447Z,2026-09-24 23:04:49.239385-05:00,2978665,18449,Woody Marks,HOU,@IND,recyds,fanduel,10.5,-114,-114,,True,rotowire
20260925T040447Z,2026-09-24 23:04:49.239385-05:00,2978665,18449,Woody Marks,HOU,@IND,recyds,caesars,10.5,-114,-114,,True,rotowire
20260925T040447Z,2026-09-24 23:04:49.239385-05:00,2978642,13786,Josh Oliver,MIN,@TB,recyds,draftkings,10.5,-111,-113,,True,rotowire
20260925T040447Z,2026-09-24 23:04:49.239385-05:00,2978642,13786,Josh Oliver,MIN,@TB,recyds,fanduel,11.5,-114,-114,,True,rotowire
20260925T040447Z,2026-09-24 23:04:49.239385-05:00,2978642,13786,Josh Oliver,MIN,@TB,recyds,caesars,10.5,-113,-117,,True,rotowire
20260925T040447Z,2026-09-24 23:04:49.239385-05:00,2978662,17734,Xavier Legette,CAR,@CLE,recyds,draftkings,12.5,-108,-116,,True,rotowire
20260925T040447Z,2026-09-24 23:04:49.239385-05:00,2978662,17734,Xavier Legette,CAR,@CLE,recyds,caesars,12.5,-113,-117,,True,rotowire
20260925T040447Z,2026-09-24 23:04:49.239385-05:00,2978666,18514,Cam Skattebo,NYG,TEN,recyds,draftkings,12.5,-111,-113,,True,rotowire
20260925T040447Z,2026-09-24 23:04:49.239385-05:00,2978666,18514,Cam Skattebo,NYG,TEN,recyds,fanduel,11.5,-114,-114,,True,rotowire
20260925T040447Z,2026-09-24 23:04:49.239385-05:00,2978666,18514,Cam Skattebo,NYG,TEN,recyds,caesars,11.5,-115,-114,,True,rotowire
20260925T040447Z,2026-09-24 23:04:49.239385-05:00,2978665,16847,Jared Wayne,HOU,@IND,recyds,draftkings,13.5,-114,-109,,True,rotowire
20260925T040447Z,2026-09-24 23:04:49.239385-05:00,2978665,16847,Jared Wayne,HOU,@IND,recyds,fanduel,13.5,-114,-114,,True,rotowire
20260925T040447Z,2026-09-24 23:04:49.239385-05:00,2978665,16847,Jared Wayne,HOU,@IND,recyds,caesars,13.5,-114,-114,,True,rotowire
20260925T040447Z,2026-09-24 23:04:49.239385-05:00,2978686,12507,Saquon Barkley,PHI,@CHI,recyds,draftkings,12.5,-119,-106,,True,rotowire
20260925T040447Z,2026-09-24 23:04:49.239385-05:00,2978686,12507,Saquon Barkley,PHI,@CHI,recyds,fanduel,13.5,-114,-114,,True,rotowire
20260925T040447Z,2026-09-24 23:04:49.239385-05:00,2978686,12507,Saquon Barkley,PHI,@CHI,recyds,caesars,13.5,-113,-117,,True,rotowire
20260925T040447Z,2026-09-24 23:04:49.239385-05:00,2978662,18516,Quinshon Judkins,CLE,CAR,recyds,draftkings,13.5,-110,-114,,True,rotowire
20260925T040447Z,2026-09-24 23:04:49.239385-05:00,2978662,18516,Quinshon Judkins,CLE,CAR,recyds,fanduel,12.5,-114,-114,,True,rotowire
20260925T040447Z,2026-09-24 23:04:49.239385-05:00,2978662,18516,Quinshon Judkins,CLE,CAR,recyds,caesars,12.5,-118,-110,,True,rotowire
20260925T040447Z,2026-09-24 23:04:49.239385-05:00,2978683,15807,Kyren Williams,LAR,@DEN,recyds,fanduel,12.5,-114,-114,,,rotowire
20260925T040447Z,2026-09-24 23:04:49.239385-05:00,2978683,15807,Kyren Williams,LAR,@DEN,recyds,caesars,12.5,-115,-113,,,rotowire
20260925T040447Z,2026-09-24 23:04:49.239385-05:00,2978392,13427,Justice Hill,BAL,@DAL,recyds,draftkings,13.5,-112,-111,,True,rotowire
20260925T040447Z,2026-09-24 23:04:49.239385-05:00,2978392,13427,Justice Hill,BAL,@DAL,recyds,fanduel,13.5,-114,-114,,True,rotowire
20260925T040447Z,2026-09-24 23:04:49.239385-05:00,2978392,13427,Justice Hill,BAL,@DAL,recyds,caesars,13.5,-114,-115,,True,rotowire
20260925T040447Z,2026-09-24 23:04:49.239385-05:00,2978642,14376,Jauan Jennings,MIN,@TB,recyds,draftkings,13.5,-116,-108,,True,rotowire
20260925T040447Z,2026-09-24 23:04:49.239385-05:00,2978642,14376,Jauan Jennings,MIN,@TB,recyds,fanduel,14.5,-114,-114,,True,rotowire
20260925T040447Z,2026-09-24 23:04:49.239385-05:00,2978642,14376,Jauan Jennings,MIN,@TB,recyds,caesars,14.5,-110,-118,,True,rotowire
20260925T040447Z,2026-09-24 23:04:49.239385-05:00,2978642,11763,Aaron Jones,MIN,@TB,recyds,fanduel,13.5,-114,-114,,True,rotowire
20260925T040447Z,2026-09-24 23:04:49.239385-05:00,2978642,11763,Aaron Jones,MIN,@TB,recyds,caesars,13.5,-114,-115,,True,rotowire
20260925T040447Z,2026-09-24 23:04:49.239385-05:00,2978642,17763,Jalen McMillan,TB,MIN,recyds,draftkings,14.5,-111,-113,,True,rotowire
20260925T040447Z,2026-09-24 23:04:49.239385-05:00,2978642,17763,Jalen McMillan,TB,MIN,recyds,caesars,13.5,-117,-112,,True,rotowire
20260925T040447Z,2026-09-24 23:04:49.239385-05:00,2978666,12616,Calvin Ridley,TEN,@NYG,recyds,draftkings,13.5,-110,-114,,True,rotowire
20260925T040447Z,2026-09-24 23:04:49.239385-05:00,2978666,12616,Calvin Ridley,TEN,@NYG,recyds,fanduel,14.5,-114,-114,,True,rotowire
20260925T040447Z,2026-09-24 23:04:49.239385-05:00,2978666,12616,Calvin Ridley,TEN,@NYG,recyds,caesars,14.5,-114,-114,,True,rotowire
20260925T040447Z,2026-09-24 23:04:49.239385-05:00,2978665,13522,Darius Slayton,IND,HOU,recyds,draftkings,13.5,-116,-108,,True,rotowire
20260925T040447Z,2026-09-24 23:04:49.239385-05:00,2978665,13522,Darius Slayton,IND,HOU,recyds,fanduel,15.5,-114,-114,,True,rotowire
20260925T040447Z,2026-09-24 23:04:49.239385-05:00,2978665,13522,Darius Slayton,IND,HOU,recyds,caesars,14.5,-115,-114,,True,rotowire
20260925T040447Z,2026-09-24 23:04:49.239385-05:00,2978653,15372,Rhamondre Stevenson,NE,@JAX,recyds,draftkings,14.5,-107,-117,,True,rotowire
20260925T040447Z,2026-09-24 23:04:49.239385-05:00,2978653,15372,Rhamondre Stevenson,NE,@JAX,recyds,fanduel,14.5,-114,-114,,True,rotowire
20260925T040447Z,2026-09-24 23:04:49.239385-05:00,2978653,15372,Rhamondre Stevenson,NE,@JAX,recyds,caesars,14.5,-110,-118,,True,rotowire
20260925T040447Z,2026-09-24 23:04:49.239385-05:00,2978666,18552,Elic Ayomanor,TEN,@NYG,recyds,draftkings,14.5,-113,-110,,True,rotowire
20260925T040447Z,2026-09-24 23:04:49.239385-05:00,2978666,18552,Elic Ayomanor,TEN,@NYG,recyds,fanduel,14.5,-114,-114,,True,rotowire
20260925T040447Z,2026-09-24 23:04:49.239385-05:00,2978666,18552,Elic Ayomanor,TEN,@NYG,recyds,caesars,14.5,-118,-110,,True,rotowire
20260925T040447Z,2026-09-24 23:04:49.239385-05:00,2978662,15242,Chuba Hubbard,CAR,@CLE,recyds,draftkings,14.5,-115,-109,,True,rotowire
20260925T040447Z,2026-09-24 23:04:49.239385-05:00,2978662,15242,Chuba Hubbard,CAR,@CLE,recyds,fanduel,15.5,108,-140,,True,rotowire
20260925T040447Z,2026-09-24 23:04:49.239385-05:00,2978662,15242,Chuba Hubbard,CAR,@CLE,recyds,caesars,14.5,-114,-115,,True,rotowire
20260925T040447Z,2026-09-24 23:04:49.239385-05:00,2978642,17784,Bucky Irving,TB,MIN,recyds,draftkings,16.5,-109,-115,,True,rotowire
20260925T040447Z,2026-09-24 23:04:49.239385-05:00,2978642,17784,Bucky Irving,TB,MIN,recyds,fanduel,14.5,-114,-114,,True,rotowire
20260925T040447Z,2026-09-24 23:04:49.239385-05:00,2978642,17784,Bucky Irving,TB,MIN,recyds,caesars,15.5,-115,-113,,True,rotowire
20260925T040447Z,2026-09-24 23:04:49.239385-05:00,2978674,19235,Jeremiyah Love,ARI,@SF,recyds,draftkings,14.5,-107,-117,,True,rotowire
20260925T040447Z,2026-09-24 23:04:49.239385-05:00,2978674,19235,Jeremiyah Love,ARI,@SF,recyds,fanduel,14.5,-114,-114,,True,rotowire
20260925T040447Z,2026-09-24 23:04:49.239385-05:00,2978674,19235,Jeremiyah Love,ARI,@SF,recyds,caesars,14.5,-113,-115,,True,rotowire
20260925T040447Z,2026-09-24 23:04:49.239385-05:00,2978665,10739,Laquon Treadwell,IND,HOU,recyds,draftkings,16.5,-112,-112,,True,rotowire
20260925T040447Z,2026-09-24 23:04:49.239385-05:00,2978665,10739,Laquon Treadwell,IND,HOU,recyds,fanduel,16.5,-114,-114,,True,rotowire
20260925T040447Z,2026-09-24 23:04:49.239385-05:00,2978665,10739,Laquon Treadwell,IND,HOU,recyds,caesars,16.5,-112,-117,,True,rotowire
20260925T040447Z,2026-09-24 23:04:49.239385-05:00,2978392,15306,Javonte Williams,DAL,BAL,recyds,draftkings,16.5,-116,-108,,True,rotowire
20260925T040447Z,2026-09-24 23:04:49.239385-05:00,2978392,15306,Javonte Williams,DAL,BAL,recyds,fanduel,16.5,-114,-114,,True,rotowire
20260925T040447Z,2026-09-24 23:04:49.239385-05:00,2978392,15306,Javonte Williams,DAL,BAL,recyds,caesars,16.5,-108,-125,,True,rotowire
20260925T040447Z,2026-09-24 23:04:49.239385-05:00,2978666,14510,Darnell Mooney,NYG,TEN,recyds,draftkings,18.5,-109,-115,,True,rotowire
20260925T040447Z,2026-09-24 23:04:49.239385-05:00,2978666,14510,Darnell Mooney,NYG,TEN,recyds,fanduel,17.5,-114,-114,,True,rotowire
20260925T040447Z,2026-09-24 23:04:49.239385-05:00,2978666,14510,Darnell Mooney,NYG,TEN,recyds,caesars,17.5,-118,-112,,True,rotowire
20260925T040447Z,2026-09-24 23:04:49.239385-05:00,2978649,15831,Tyquan Thornton,KC,@MIA,recyds,draftkings,20.5,-108,-116,,True,rotowire
20260925T040447Z,2026-09-24 23:04:49.239385-05:00,2978649,15831,Tyquan Thornton,KC,@MIA,recyds,fanduel,19.5,-114,-114,,True,rotowire
20260925T040447Z,2026-09-24 23:04:49.239385-05:00,2978649,15831,Tyquan Thornton,KC,@MIA,recyds,caesars,19.5,-114,-114,,True,rotowire
20260925T040447Z,2026-09-24 23:04:49.239385-05:00,2978674,11847,Kendrick Bourne,ARI,@SF,recyds,draftkings,19.5,-109,-115,,True,rotowire
20260925T040447Z,2026-09-24 23:04:49.239385-05:00,2978674,11847,Kendrick Bourne,ARI,@SF,recyds,fanduel,18.5,-114,-114,,True,rotowire
20260925T040447Z,2026-09-24 23:04:49.239385-05:00,2978392,10994,Chris Moore,BAL,@DAL,recyds,draftkings,21.5,-109,-116,,True,rotowire
20260925T040447Z,2026-09-24 23:04:49.239385-05:00,2978392,10994,Chris Moore,BAL,@DAL,recyds,fanduel,21.5,-114,-114,,True,rotowire
20260925T040447Z,2026-09-24 23:04:49.239385-05:00,2978392,10994,Chris Moore,BAL,@DAL,recyds,caesars,21.5,-114,-114,,True,rotowire
20260925T040447Z,2026-09-24 23:04:49.239385-05:00,2978392,18567,LaJohntay Wester,BAL,@DAL,recyds,draftkings,19.5,-109,-113,,True,rotowire
20260925T040447Z,2026-09-24 23:04:49.239385-05:00,2978392,18567,LaJohntay Wester,BAL,@DAL,recyds,fanduel,18.5,-114,-114,,True,rotowire
20260925T040447Z,2026-09-24 23:04:49.239385-05:00,2978392,18567,LaJohntay Wester,BAL,@DAL,recyds,caesars,18.5,-114,-114,,True,rotowire
20260925T040447Z,2026-09-24 23:04:49.239385-05:00,2978666,18503,Gunnar Helm,TEN,@NYG,recyds,draftkings,21.5,-116,-108,,True,rotowire
20260925T040447Z,2026-09-24 23:04:49.239385-05:00,2978666,18503,Gunnar Helm,TEN,@NYG,recyds,fanduel,21.5,-114,-114,,True,rotowire
20260925T040447Z,2026-09-24 23:04:49.239385-05:00,2978666,18503,Gunnar Helm,TEN,@NYG,recyds,caesars,21.5,-114,-114,,True,rotowire
20260925T040447Z,2026-09-24 23:04:49.239385-05:00,2978662,14458,Jerry Jeudy,CLE,CAR,recyds,fanduel,20.5,-114,-114,,True,rotowire
20260925T040447Z,2026-09-24 23:04:49.239385-05:00,2978662,14458,Jerry Jeudy,CLE,CAR,recyds,caesars,20.5,-114,-114,,True,rotowire
20260925T040447Z,2026-09-24 23:04:49.239385-05:00,2978665,14455,Jonathan Taylor,IND,HOU,recyds,draftkings,22.5,-116,-108,,True,rotowire
20260925T040447Z,2026-09-24 23:04:49.239385-05:00,2978665,14455,Jonathan Taylor,IND,HOU,recyds,fanduel,21.5,-114,-114,,True,rotowire
20260925T040447Z,2026-09-24 23:04:49.239385-05:00,2978665,14455,Jonathan Taylor,IND,HOU,recyds,caesars,22.5,-115,-114,,True,rotowire
20260925T040447Z,2026-09-24 23:04:49.239385-05:00,2978672,17811,AJ Barner,SEA,@WAS,recyds,draftkings,20.5,-115,-109,,True,rotowire
20260925T040447Z,2026-09-24 23:04:49.239385-05:00,2978672,17811,AJ Barner,SEA,@WAS,recyds,fanduel,21.5,-114,-114,,True,rotowire
20260925T040447Z,2026-09-24 23:04:49.239385-05:00,2978672,17811,AJ Barner,SEA,@WAS,recyds,caesars,21.5,-114,-114,,True,rotowire
20260925T040447Z,2026-09-24 23:04:49.239385-05:00,2978683,11805,Evan Engram,DEN,LAR,recyds,draftkings,20.5,-113,-108,,True,rotowire
20260925T040447Z,2026-09-24 23:04:49.239385-05:00,2978683,11805,Evan Engram,DEN,LAR,recyds,fanduel,21.5,-114,-114,,True,rotowire
20260925T040447Z,2026-09-24 23:04:49.239385-05:00,2978683,11805,Evan Engram,DEN,LAR,recyds,caesars,21.5,-115,-113,,True,rotowire
20260925T040447Z,2026-09-24 23:04:49.239385-05:00,2978656,15810,Breece Hall,NYJ,@DET,recyds,draftkings,21.5,-114,-110,,True,rotowire
20260925T040447Z,2026-09-24 23:04:49.239385-05:00,2978656,15810,Breece Hall,NYJ,@DET,recyds,fanduel,21.5,-114,-114,,True,rotowire
20260925T040447Z,2026-09-24 23:04:49.239385-05:00,2978656,15810,Breece Hall,NYJ,@DET,recyds,caesars,21.5,-117,-113,,True,rotowire
20260925T040447Z,2026-09-24 23:04:49.239385-05:00,2978672,11863,Cooper Kupp,SEA,@WAS,recyds,draftkings,21.5,-108,-116,,True,rotowire
20260925T040447Z,2026-09-24 23:04:49.239385-05:00,2978672,11863,Cooper Kupp,SEA,@WAS,recyds,fanduel,21.5,-114,-114,,True,rotowire
20260925T040447Z,2026-09-24 23:04:49.239385-05:00,2978672,11863,Cooper Kupp,SEA,@WAS,recyds,caesars,21.5,-110,-118,,True,rotowire
20260925T040447Z,2026-09-24 23:04:49.239385-05:00,2978662,10215,Darren Waller,CAR,@CLE,recyds,draftkings,20.5,-109,-115,,True,rotowire
20260925T040447Z,2026-09-24 23:04:49.239385-05:00,2978662,10215,Darren Waller,CAR,@CLE,recyds,fanduel,20.5,-114,-114,,True,rotowire
20260925T040447Z,2026-09-24 23:04:49.239385-05:00,2978662,10215,Darren Waller,CAR,@CLE,recyds,caesars,20.5,-113,-117,,True,rotowire
20260925T040447Z,2026-09-24 23:04:49.239385-05:00,2978658,16934,Chase Brown,CIN,@PIT,recyds,draftkings,21.5,-116,-108,,True,rotowire
20260925T040447Z,2026-09-24 23:04:49.239385-05:00,2978658,16934,Chase Brown,CIN,@PIT,recyds,fanduel,21.5,-114,-114,,True,rotowire
20260925T040447Z,2026-09-24 23:04:49.239385-05:00,2978658,16934,Chase Brown,CIN,@PIT,recyds,caesars,21.5,-117,-113,,True,rotowire
20260925T040447Z,2026-09-24 23:04:49.239385-05:00,2978678,18487,Ashton Jeanty,LV,@NO,recyds,draftkings,22.5,-109,-114,,True,rotowire
20260925T040447Z,2026-09-24 23:04:49.239385-05:00,2978678,18487,Ashton Jeanty,LV,@NO,recyds,fanduel,21.5,-114,-114,,True,rotowire
20260925T040447Z,2026-09-24 23:04:49.239385-05:00,2978678,18487,Ashton Jeanty,LV,@NO,recyds,caesars,21.5,-115,-113,,True,rotowire
20260925T040447Z,2026-09-24 23:04:49.239385-05:00,2978649,19309,Chris Bell,MIA,KC,recyds,draftkings,22.5,-109,-115,,True,rotowire
20260925T040447Z,2026-09-24 23:04:49.239385-05:00,2978649,19309,Chris Bell,MIA,KC,recyds,fanduel,22.5,-114,-114,,True,rotowire
20260925T040447Z,2026-09-24 23:04:49.239385-05:00,2978649,19309,Chris Bell,MIA,KC,recyds,caesars,22.5,-114,-115,,True,rotowire
20260925T040447Z,2026-09-24 23:04:49.239385-05:00,2978649,15891,Greg Dulcich,MIA,KC,recyds,draftkings,22.5,-114,-110,,True,rotowire
20260925T040447Z,2026-09-24 23:04:49.239385-05:00,2978649,15891,Greg Dulcich,MIA,KC,recyds,fanduel,22.5,-114,-114,,True,rotowire
20260925T040447Z,2026-09-24 23:04:49.239385-05:00,2978649,15891,Greg Dulcich,MIA,KC,recyds,caesars,22.5,-114,-114,,True,rotowire
20260925T040447Z,2026-09-24 23:04:49.239385-05:00,2978642,19320,Ted Hurst,TB,MIN,recyds,draftkings,22.5,-113,-111,,True,rotowire
20260925T040447Z,2026-09-24 23:04:49.239385-05:00,2978642,19320,Ted Hurst,TB,MIN,recyds,fanduel,24.5,-114,-114,,True,rotowire
20260925T040447Z,2026-09-24 23:04:49.239385-05:00,2978642,19320,Ted Hurst,TB,MIN,recyds,caesars,23.5,-114,-114,,True,rotowire
20260925T040447Z,2026-09-24 23:04:49.239385-05:00,2978686,19231,Makai Lemon,PHI,@CHI,recyds,draftkings,22.5,-114,-110,,True,rotowire
20260925T040447Z,2026-09-24 23:04:49.239385-05:00,2978686,19231,Makai Lemon,PHI,@CHI,recyds,fanduel,24.5,-114,-114,,True,rotowire
20260925T040447Z,2026-09-24 23:04:49.239385-05:00,2978686,19231,Makai Lemon,PHI,@CHI,recyds,caesars,23.5,-117,-113,,True,rotowire
20260925T040447Z,2026-09-24 23:04:49.239385-05:00,2978649,15909,Kenneth Walker,KC,@MIA,recyds,draftkings,23.5,-114,-110,,True,rotowire
20260925T040447Z,2026-09-24 23:04:49.239385-05:00,2978649,15909,Kenneth Walker,KC,@MIA,recyds,fanduel,22.5,-114,-114,,True,rotowire
20260925T040447Z,2026-09-24 23:04:49.239385-05:00,2978649,15909,Kenneth Walker,KC,@MIA,recyds,caesars,23.5,-110,-118,,True,rotowire
20260925T040447Z,2026-09-24 23:04:49.239385-05:00,2978666,19313,Malachi Fields,NYG,TEN,recyds,draftkings,23.5,-112,-112,,True,rotowire
20260925T040447Z,2026-09-24 23:04:49.239385-05:00,2978666,19313,Malachi Fields,NYG,TEN,recyds,fanduel,23.5,-114,-114,,True,rotowire
20260925T040447Z,2026-09-24 23:04:49.239385-05:00,2978666,19313,Malachi Fields,NYG,TEN,recyds,caesars,23.5,-114,-114,,True,rotowire
20260925T040447Z,2026-09-24 23:04:49.239385-05:00,2978658,12764,Mike Gesicki,CIN,@PIT,recyds,draftkings,24.5,-110,-114,,True,rotowire
20260925T040447Z,2026-09-24 23:04:49.239385-05:00,2978658,12764,Mike Gesicki,CIN,@PIT,recyds,fanduel,23.5,-114,-114,,True,rotowire
20260925T040447Z,2026-09-24 23:04:49.239385-05:00,2978658,12764,Mike Gesicki,CIN,@PIT,recyds,caesars,23.5,-114,-114,,True,rotowire
20260925T040447Z,2026-09-24 23:04:49.239385-05:00,2978658,15984,Jaylen Warren,PIT,CIN,recyds,fanduel,23.5,-114,-114,,True,rotowire
20260925T040447Z,2026-09-24 23:04:49.239385-05:00,2978658,15984,Jaylen Warren,PIT,CIN,recyds,caesars,23.5,-115,-114,,True,rotowire
20260925T040447Z,2026-09-24 23:04:49.239385-05:00,2978683,18562,Pat Bryant,DEN,LAR,recyds,draftkings,25.5,-111,-110,,True,rotowire
20260925T040447Z,2026-09-24 23:04:49.239385-05:00,2978683,18562,Pat Bryant,DEN,LAR,recyds,fanduel,24.5,-114,-114,,True,rotowire
20260925T040447Z,2026-09-24 23:04:49.239385-05:00,2978683,18562,Pat Bryant,DEN,LAR,recyds,caesars,24.5,-118,-112,,True,rotowire
20260925T040447Z,2026-09-24 23:04:49.239385-05:00,2978665,18555,Jaylin Noel,HOU,@IND,recyds,draftkings,28.5,-110,-114,,True,rotowire
20260925T040447Z,2026-09-24 23:04:49.239385-05:00,2978665,18555,Jaylin Noel,HOU,@IND,recyds,fanduel,27.5,-114,-114,,True,rotowire
20260925T040447Z,2026-09-24 23:04:49.239385-05:00,2978665,18555,Jaylin Noel,HOU,@IND,recyds,caesars,27.5,-113,-115,,True,rotowire
20260925T040447Z,2026-09-24 23:04:49.239385-05:00,2978686,11429,Kalif Raymond,CHI,PHI,recyds,fanduel,24.5,-114,,,True,rotowire
20260925T040447Z,2026-09-24 23:04:49.239385-05:00,2978649,16661,De'Von Achane,MIA,KC,recyds,draftkings,27.5,-109,-115,,True,rotowire
20260925T040447Z,2026-09-24 23:04:49.239385-05:00,2978649,16661,De'Von Achane,MIA,KC,recyds,fanduel,26.5,-114,-114,,True,rotowire
20260925T040447Z,2026-09-24 23:04:49.239385-05:00,2978649,16661,De'Von Achane,MIA,KC,recyds,caesars,26.5,-113,-115,,True,rotowire
20260925T040447Z,2026-09-24 23:04:49.239385-05:00,2978686,17020,Rome Odunze,CHI,PHI,recyds,fanduel,25.5,-114,-114,,True,rotowire
20260925T040447Z,2026-09-24 23:04:49.239385-05:00,2978686,17020,Rome Odunze,CHI,PHI,recyds,caesars,25.5,-114,-114,,True,rotowire
20260925T040447Z,2026-09-24 23:04:49.239385-05:00,2978672,16560,Rashid Shaheed,SEA,@WAS,recyds,draftkings,26.5,-111,-111,,True,rotowire
20260925T040447Z,2026-09-24 23:04:49.239385-05:00,2978672,16560,Rashid Shaheed,SEA,@WAS,recyds,fanduel,26.5,-114,-114,,True,rotowire
20260925T040447Z,2026-09-24 23:04:49.239385-05:00,2978672,16560,Rashid Shaheed,SEA,@WAS,recyds,caesars,26.5,-114,-114,,True,rotowire
20260925T040447Z,2026-09-24 23:04:49.239385-05:00,2978653,17017,Brenton Strange,JAX,NE,recyds,draftkings,26.5,-111,-112,,True,rotowire
20260925T040447Z,2026-09-24 23:04:49.239385-05:00,2978653,17017,Brenton Strange,JAX,NE,recyds,fanduel,27.5,-114,-114,,True,rotowire
20260925T040447Z,2026-09-24 23:04:49.239385-05:00,2978653,17017,Brenton Strange,JAX,NE,recyds,caesars,26.5,-118,-110,,True,rotowire
20260925T040447Z,2026-09-24 23:04:49.239385-05:00,2978392,15947,Jake Ferguson,DAL,BAL,recyds,draftkings,28.5,-114,-110,,True,rotowire
20260925T040447Z,2026-09-24 23:04:49.239385-05:00,2978392,15947,Jake Ferguson,DAL,BAL,recyds,fanduel,28.5,-114,-114,,True,rotowire
20260925T040447Z,2026-09-24 23:04:49.239385-05:00,2978392,15947,Jake Ferguson,DAL,BAL,recyds,caesars,28.5,-114,-115,,True,rotowire
20260925T040447Z,2026-09-24 23:04:49.239385-05:00,2978642,16032,Cade Otton,TB,MIN,recyds,draftkings,27.5,-109,-115,,True,rotowire
20260925T040447Z,2026-09-24 23:04:49.239385-05:00,2978642,16032,Cade Otton,TB,MIN,recyds,fanduel,27.5,-114,-114,,True,rotowire
20260925T040447Z,2026-09-24 23:04:49.239385-05:00,2978642,16032,Cade Otton,TB,MIN,recyds,caesars,27.5,-112,-118,,True,rotowire
20260925T040447Z,2026-09-24 23:04:49.239385-05:00,2978653,16751,DeMario Douglas,NE,@JAX,recyds,draftkings,29.5,-114,-110,,True,rotowire
20260925T040447Z,2026-09-24 23:04:49.239385-05:00,2978653,16751,DeMario Douglas,NE,@JAX,recyds,fanduel,28.5,-114,-114,,True,rotowire
20260925T040447Z,2026-09-24 23:04:49.239385-05:00,2978653,16751,DeMario Douglas,NE,@JAX,recyds,caesars,29.5,-115,-114,,True,rotowire
20260925T040447Z,2026-09-24 23:04:49.239385-05:00,2978674,17674,Marvin Harrison,ARI,@SF,recyds,draftkings,30.5,-110,-114,,True,rotowire
20260925T040447Z,2026-09-24 23:04:49.239385-05:00,2978674,17674,Marvin Harrison,ARI,@SF,recyds,caesars,30.5,-121,-110,,True,rotowire
20260925T040447Z,2026-09-24 23:04:49.239385-05:00,2978666,15838,Wan'Dale Robinson,TEN,@NYG,recyds,draftkings,28.5,-110,-114,,True,rotowire
20260925T040447Z,2026-09-24 23:04:49.239385-05:00,2978666,15838,Wan'Dale Robinson,TEN,@NYG,recyds,fanduel,31.5,-114,-114,,True,rotowire
20260925T040447Z,2026-09-24 23:04:49.239385-05:00,2978392,17974,Ryan Flournoy,DAL,BAL,recyds,draftkings,30.5,-114,-110,,True,rotowire
20260925T040447Z,2026-09-24 23:04:49.239385-05:00,2978392,17974,Ryan Flournoy,DAL,BAL,recyds,fanduel,29.5,-114,-114,,True,rotowire
20260925T040447Z,2026-09-24 23:04:49.239385-05:00,2978392,17974,Ryan Flournoy,DAL,BAL,recyds,caesars,29.5,-118,-112,,True,rotowire
20260925T040447Z,2026-09-24 23:04:49.239385-05:00,2978645,18478,Tre' Harris,LAC,@BUF,recyds,draftkings,29.5,-112,-111,,True,rotowire
20260925T040447Z,2026-09-24 23:04:49.239385-05:00,2978645,18478,Tre' Harris,LAC,@BUF,recyds,fanduel,31.5,-114,-114,,True,rotowire
20260925T040447Z,2026-09-24 23:04:49.239385-05:00,2978645,18478,Tre' Harris,LAC,@BUF,recyds,caesars,30.5,-114,-115,,True,rotowire
20260925T040447Z,2026-09-24 23:04:49.239385-05:00,2978642,13610,T.J. Hockenson,MIN,@TB,recyds,draftkings,30.5,-112,-108,,True,rotowire
20260925T040447Z,2026-09-24 23:04:49.239385-05:00,2978642,13610,T.J. Hockenson,MIN,@TB,recyds,fanduel,30.5,-114,-114,,True,rotowire
20260925T040447Z,2026-09-24 23:04:49.239385-05:00,2978642,13610,T.J. Hockenson,MIN,@TB,recyds,caesars,30.5,-115,-114,,True,rotowire
20260925T040447Z,2026-09-24 23:04:49.239385-05:00,2978686,18460,Colston Loveland,CHI,PHI,recyds,fanduel,31.5,-114,-114,,True,rotowire
20260925T040447Z,2026-09-24 23:04:49.239385-05:00,2978686,18548,Luther Burden,CHI,PHI,recyds,fanduel,31.5,-114,-114,,True,rotowire
20260925T040447Z,2026-09-24 23:04:49.239385-05:00,2978686,18548,Luther Burden,CHI,PHI,recyds,caesars,31.5,-113,-115,,True,rotowire
20260925T040447Z,2026-09-24 23:04:49.239385-05:00,2978665,8627,Keenan Allen,IND,HOU,recyds,draftkings,33.5,-112,-109,,True,rotowire
20260925T040447Z,2026-09-24 23:04:49.239385-05:00,2978665,8627,Keenan Allen,IND,HOU,recyds,fanduel,32.5,-114,-114,,True,rotowire
20260925T040447Z,2026-09-24 23:04:49.239385-05:00,2978665,8627,Keenan Allen,IND,HOU,recyds,caesars,33.5,-113,-115,,True,rotowire
20260925T040447Z,2026-09-24 23:04:49.239385-05:00,2978662,19242,KC Concepcion,CLE,CAR,recyds,draftkings,32.5,-110,-114,,True,rotowire
20260925T040447Z,2026-09-24 23:04:49.239385-05:00,2978662,19242,KC Concepcion,CLE,CAR,recyds,fanduel,33.5,-114,-114,,True,rotowire
20260925T040447Z,2026-09-24 23:04:49.239385-05:00,2978662,19242,KC Concepcion,CLE,CAR,recyds,caesars,33.5,-114,-114,,True,rotowire
20260925T040447Z,2026-09-24 23:04:49.239385-05:00,2978656,16808,Jahmyr Gibbs,DET,NYJ,recyds,draftkings,32.5,-114,-110,,True,rotowire
20260925T040447Z,2026-09-24 23:04:49.239385-05:00,2978656,16808,Jahmyr Gibbs,DET,NYJ,recyds,fanduel,35.5,-114,-114,,True,rotowire
20260925T040447Z,2026-09-24 23:04:49.239385-05:00,2978656,16808,Jahmyr Gibbs,DET,NYJ,recyds,caesars,34.5,-113,-115,,True,rotowire
20260925T040447Z,2026-09-24 23:04:49.239385-05:00,2978653,11861,Mack Hollins,NE,@JAX,recyds,draftkings,34.5,-113,-111,,True,rotowire
20260925T040447Z,2026-09-24 23:04:49.239385-05:00,2978653,11861,Mack Hollins,NE,@JAX,recyds,fanduel,33.5,-114,-114,,True,rotowire
20260925T040447Z,2026-09-24 23:04:49.239385-05:00,2978653,11861,Mack Hollins,NE,@JAX,recyds,caesars,34.5,-112,-117,,True,rotowire
20260925T040447Z,2026-09-24 23:04:49.239385-05:00,2978678,14630,Juwan Johnson,NO,LV,recyds,draftkings,35.5,-110,-114,,True,rotowire
20260925T040447Z,2026-09-24 23:04:49.239385-05:00,2978678,14630,Juwan Johnson,NO,LV,recyds,fanduel,35.5,-114,-114,,True,rotowire
20260925T040447Z,2026-09-24 23:04:49.239385-05:00,2978678,14630,Juwan Johnson,NO,LV,recyds,caesars,35.5,-112,-117,,True,rotowire
20260925T040447Z,2026-09-24 23:04:49.239385-05:00,2978653,13517,Jakobi Meyers,JAX,NE,recyds,draftkings,35.5,-109,-114,,True,rotowire
20260925T040447Z,2026-09-24 23:04:49.239385-05:00,2978653,13517,Jakobi Meyers,JAX,NE,recyds,fanduel,34.5,-114,-114,,True,rotowire
20260925T040447Z,2026-09-24 23:04:49.239385-05:00,2978653,13517,Jakobi Meyers,JAX,NE,recyds,caesars,34.5,-115,-113,,True,rotowire
20260925T040447Z,2026-09-24 23:04:49.239385-05:00,2978672,10133,Stefon Diggs,WAS,SEA,recyds,draftkings,36.5,-113,-111,,True,rotowire
20260925T040447Z,2026-09-24 23:04:49.239385-05:00,2978672,10133,Stefon Diggs,WAS,SEA,recyds,fanduel,34.5,-114,-114,,True,rotowire
20260925T040447Z,2026-09-24 23:04:49.239385-05:00,2978672,10133,Stefon Diggs,WAS,SEA,recyds,caesars,35.5,-113,-117,,True,rotowire
20260925T040447Z,2026-09-24 23:04:49.239385-05:00,2978658,15267,Pat Freiermuth,PIT,CIN,recyds,draftkings,35.5,-109,-115,,True,rotowire
20260925T040447Z,2026-09-24 23:04:49.239385-05:00,2978658,15267,Pat Freiermuth,PIT,CIN,recyds,fanduel,35.5,-114,-114,,True,rotowire
20260925T040447Z,2026-09-24 23:04:49.239385-05:00,2978658,15267,Pat Freiermuth,PIT,CIN,recyds,caesars,35.5,-120,-111,,True,rotowire
20260925T040447Z,2026-09-24 23:04:49.239385-05:00,2978645,18481,Oronde Gadsden,LAC,@BUF,recyds,draftkings,36.5,-115,-109,,True,rotowire
20260925T040447Z,2026-09-24 23:04:49.239385-05:00,2978645,18481,Oronde Gadsden,LAC,@BUF,recyds,fanduel,35.5,-114,-114,,True,rotowire
20260925T040447Z,2026-09-24 23:04:49.239385-05:00,2978645,18481,Oronde Gadsden,LAC,@BUF,recyds,caesars,35.5,-120,-112,,True,rotowire
20260925T040447Z,2026-09-24 23:04:49.239385-05:00,2978645,16899,Quentin Johnston,LAC,@BUF,recyds,draftkings,35.5,-110,-114,,True,rotowire
20260925T040447Z,2026-09-24 23:04:49.239385-05:00,2978645,16899,Quentin Johnston,LAC,@BUF,recyds,fanduel,35.5,-114,-114,,True,rotowire
20260925T040447Z,2026-09-24 23:04:49.239385-05:00,2978645,16899,Quentin Johnston,LAC,@BUF,recyds,caesars,35.5,-114,-114,,True,rotowire
20260925T040447Z,2026-09-24 23:04:49.239385-05:00,2978642,16895,Jordan Addison,MIN,@TB,recyds,draftkings,36.5,-110,-114,,True,rotowire
20260925T040447Z,2026-09-24 23:04:49.239385-05:00,2978642,16895,Jordan Addison,MIN,@TB,recyds,fanduel,36.5,-114,-114,,True,rotowire
20260925T040447Z,2026-09-24 23:04:49.239385-05:00,2978642,16895,Jordan Addison,MIN,@TB,recyds,caesars,36.5,-127,-105,,True,rotowire
20260925T040447Z,2026-09-24 23:04:49.239385-05:00,2978665,16795,Kayshon Boutte,HOU,@IND,recyds,draftkings,35.5,-114,-110,,True,rotowire
20260925T040447Z,2026-09-24 23:04:49.239385-05:00,2978665,16795,Kayshon Boutte,HOU,@IND,recyds,fanduel,37.5,-114,-114,,True,rotowire
20260925T040447Z,2026-09-24 23:04:49.239385-05:00,2978665,16795,Kayshon Boutte,HOU,@IND,recyds,caesars,36.5,-115,-114,,True,rotowire
20260925T040447Z,2026-09-24 23:04:49.239385-05:00,2978642,11718,Chris Godwin,TB,MIN,recyds,draftkings,35.5,-112,-110,,True,rotowire
20260925T040447Z,2026-09-24 23:04:49.239385-05:00,2978642,11718,Chris Godwin,TB,MIN,recyds,fanduel,35.5,-114,-114,,True,rotowire
20260925T040447Z,2026-09-24 23:04:49.239385-05:00,2978642,11718,Chris Godwin,TB,MIN,recyds,caesars,35.5,-114,-114,,True,rotowire
20260925T040447Z,2026-09-24 23:04:49.239385-05:00,2978666,19268,Carnell Tate,TEN,@NYG,recyds,draftkings,36.5,-115,-109,,True,rotowire
20260925T040447Z,2026-09-24 23:04:49.239385-05:00,2978666,19268,Carnell Tate,TEN,@NYG,recyds,fanduel,38.5,-114,-114,,True,rotowire
20260925T040447Z,2026-09-24 23:04:49.239385-05:00,2978666,19268,Carnell Tate,TEN,@NYG,recyds,caesars,37.5,-114,-115,,True,rotowire
20260925T040447Z,2026-09-24 23:04:49.239385-05:00,2978649,17863,Malik Washington,MIA,KC,recyds,draftkings,35.5,-115,-110,,True,rotowire
20260925T040447Z,2026-09-24 23:04:49.239385-05:00,2978649,17863,Malik Washington,MIA,KC,recyds,fanduel,35.5,-114,-114,,True,rotowire
20260925T040447Z,2026-09-24 23:04:49.239385-05:00,2978649,17863,Malik Washington,MIA,KC,recyds,caesars,35.5,-114,-114,,True,rotowire
20260925T040447Z,2026-09-24 23:04:49.239385-05:00,2978649,17687,Xavier Worthy,KC,@MIA,recyds,draftkings,37.5,-110,-111,,True,rotowire
20260925T040447Z,2026-09-24 23:04:49.239385-05:00,2978649,17687,Xavier Worthy,KC,@MIA,recyds,fanduel,37.5,-114,-114,,True,rotowire
20260925T040447Z,2026-09-24 23:04:49.239385-05:00,2978649,17687,Xavier Worthy,KC,@MIA,recyds,caesars,37.5,-121,-111,,True,rotowire
20260925T040447Z,2026-09-24 23:04:49.239385-05:00,2978683,12586,Courtland Sutton,DEN,LAR,recyds,draftkings,37.5,-113,-109,,True,rotowire
20260925T040447Z,2026-09-24 23:04:49.239385-05:00,2978683,12586,Courtland Sutton,DEN,LAR,recyds,fanduel,36.5,-114,-114,,True,rotowire
20260925T040447Z,2026-09-24 23:04:49.239385-05:00,2978683,12586,Courtland Sutton,DEN,LAR,recyds,caesars,37.5,-113,-117,,True,rotowire
20260925T040447Z,2026-09-24 23:04:49.239385-05:00,2978653,17716,Brian Thomas,JAX,NE,recyds,draftkings,37.5,-110,-114,,True,rotowire
20260925T040447Z,2026-09-24 23:04:49.239385-05:00,2978653,17716,Brian Thomas,JAX,NE,recyds,fanduel,36.5,-114,-114,,True,rotowire
20260925T040447Z,2026-09-24 23:04:49.239385-05:00,2978653,17716,Brian Thomas,JAX,NE,recyds,caesars,36.5,-117,-113,,True,rotowire
20260925T040447Z,2026-09-24 23:04:49.239385-05:00,2978662,18472,Harold Fannin,CLE,CAR,recyds,draftkings,37.5,-114,-110,,True,rotowire
20260925T040447Z,2026-09-24 23:04:49.239385-05:00,2978662,18472,Harold Fannin,CLE,CAR,recyds,fanduel,37.5,-114,-114,,True,rotowire
20260925T040447Z,2026-09-24 23:04:49.239385-05:00,2978662,18472,Harold Fannin,CLE,CAR,recyds,caesars,37.5,-114,-115,,True,rotowire
20260925T040447Z,2026-09-24 23:04:49.239385-05:00,2978665,16932,Xavier Hutchinson,HOU,@IND,recyds,draftkings,39.5,-110,-114,,True,rotowire
20260925T040447Z,2026-09-24 23:04:49.239385-05:00,2978665,16932,Xavier Hutchinson,HOU,@IND,recyds,fanduel,38.5,-114,-114,,True,rotowire
20260925T040447Z,2026-09-24 23:04:49.239385-05:00,2978665,16932,Xavier Hutchinson,HOU,@IND,recyds,caesars,39.5,-114,-114,,True,rotowire
20260925T040447Z,2026-09-24 23:04:49.239385-05:00,2978392,12559,Mark Andrews,BAL,@DAL,recyds,draftkings,39.5,-112,-112,,True,rotowire
20260925T040447Z,2026-09-24 23:04:49.239385-05:00,2978392,12559,Mark Andrews,BAL,@DAL,recyds,fanduel,41.5,-114,-114,,True,rotowire
20260925T040447Z,2026-09-24 23:04:49.239385-05:00,2978392,12559,Mark Andrews,BAL,@DAL,recyds,caesars,40.5,-115,-114,,True,rotowire
20260925T040447Z,2026-09-24 23:04:49.239385-05:00,2978653,10735,Hunter Henry,NE,@JAX,recyds,draftkings,43.5,-110,-114,,True,rotowire
20260925T040447Z,2026-09-24 23:04:49.239385-05:00,2978653,10735,Hunter Henry,NE,@JAX,recyds,fanduel,41.5,-114,-114,,True,rotowire
20260925T040447Z,2026-09-24 23:04:49.239385-05:00,2978653,10735,Hunter Henry,NE,@JAX,recyds,caesars,41.5,-113,-115,,True,rotowire
20260925T040447Z,2026-09-24 23:04:49.239385-05:00,2978666,16033,Isaiah Likely,NYG,TEN,recyds,draftkings,40.5,-113,-111,,True,rotowire
20260925T040447Z,2026-09-24 23:04:49.239385-05:00,2978666,16033,Isaiah Likely,NYG,TEN,recyds,fanduel,40.5,-114,-114,,True,rotowire
20260925T040447Z,2026-09-24 23:04:49.239385-05:00,2978666,16033,Isaiah Likely,NYG,TEN,recyds,caesars,40.5,-113,-115,,True,rotowire
20260925T040447Z,2026-09-24 23:04:49.239385-05:00,2978645,15892,Khalil Shakir,BUF,LAC,recyds,draftkings,39.5,-114,-110,,True,rotowire
20260925T040447Z,2026-09-24 23:04:49.239385-05:00,2978645,15892,Khalil Shakir,BUF,LAC,recyds,caesars,40.5,-112,-117,,True,rotowire
20260925T040447Z,2026-09-24 23:04:49.239385-05:00,2978678,16694,Tre Tucker,LV,@NO,recyds,draftkings,40.5,-114,-110,,True,rotowire
20260925T040447Z,2026-09-24 23:04:49.239385-05:00,2978678,16694,Tre Tucker,LV,@NO,recyds,fanduel,40.5,-114,-114,,True,rotowire
20260925T040447Z,2026-09-24 23:04:49.239385-05:00,2978678,16694,Tre Tucker,LV,@NO,recyds,caesars,40.5,-114,-114,,True,rotowire
20260925T040447Z,2026-09-24 23:04:49.239385-05:00,2978686,16658,Dontayvion Wicks,PHI,@CHI,recyds,draftkings,41.5,-112,-112,,True,rotowire
20260925T040447Z,2026-09-24 23:04:49.239385-05:00,2978686,16658,Dontayvion Wicks,PHI,@CHI,recyds,fanduel,41.5,-114,-114,,True,rotowire
20260925T040447Z,2026-09-24 23:04:49.239385-05:00,2978686,16658,Dontayvion Wicks,PHI,@CHI,recyds,caesars,41.5,-113,-117,,True,rotowire
20260925T040447Z,2026-09-24 23:04:49.239385-05:00,2978672,13536,Terry McLaurin,WAS,SEA,recyds,draftkings,41.5,-109,-113,,True,rotowire
20260925T040447Z,2026-09-24 23:04:49.239385-05:00,2978672,13536,Terry McLaurin,WAS,SEA,recyds,fanduel,42.5,-114,-114,,True,rotowire
20260925T040447Z,2026-09-24 23:04:49.239385-05:00,2978672,13536,Terry McLaurin,WAS,SEA,recyds,caesars,42.5,-115,-113,,True,rotowire
20260925T040447Z,2026-09-24 23:04:49.239385-05:00,2978653,16027,Romeo Doubs,NE,@JAX,recyds,draftkings,43.5,-112,-112,,True,rotowire
20260925T040447Z,2026-09-24 23:04:49.239385-05:00,2978653,16027,Romeo Doubs,NE,@JAX,recyds,fanduel,42.5,-114,-114,,True,rotowire
20260925T040447Z,2026-09-24 23:04:49.239385-05:00,2978653,16027,Romeo Doubs,NE,@JAX,recyds,caesars,43.5,-112,-117,,True,rotowire
20260925T040447Z,2026-09-24 23:04:49.239385-05:00,2978665,18534,Tyler Warren,IND,HOU,recyds,draftkings,42.5,-111,-113,,True,rotowire
20260925T040447Z,2026-09-24 23:04:49.239385-05:00,2978665,18534,Tyler Warren,IND,HOU,recyds,fanduel,46.5,-114,-114,,True,rotowire
20260925T040447Z,2026-09-24 23:04:49.239385-05:00,2978665,18534,Tyler Warren,IND,HOU,recyds,caesars,45.5,-114,-114,,True,rotowire
20260925T040447Z,2026-09-24 23:04:49.239385-05:00,2978674,16957,Michael Wilson,ARI,@SF,recyds,draftkings,45.5,-112,-112,,True,rotowire
20260925T040447Z,2026-09-24 23:04:49.239385-05:00,2978674,16957,Michael Wilson,ARI,@SF,recyds,fanduel,44.5,-114,-114,,True,rotowire
20260925T040447Z,2026-09-24 23:04:49.239385-05:00,2978674,16957,Michael Wilson,ARI,@SF,recyds,caesars,44.5,-114,-114,,True,rotowire
20260925T040447Z,2026-09-24 23:04:49.239385-05:00,2978392,15210,Rashod Bateman,BAL,@DAL,recyds,draftkings,46.5,-111,-113,,True,rotowire
20260925T040447Z,2026-09-24 23:04:49.239385-05:00,2978392,15210,Rashod Bateman,BAL,@DAL,recyds,fanduel,43.5,-114,-114,,True,rotowire
20260925T040447Z,2026-09-24 23:04:49.239385-05:00,2978392,15210,Rashod Bateman,BAL,@DAL,recyds,caesars,44.5,-115,-114,,True,rotowire
20260925T040447Z,2026-09-24 23:04:49.239385-05:00,2978662,19298,Denzel Boston,CLE,CAR,recyds,draftkings,49.5,-112,-112,,True,rotowire
20260925T040447Z,2026-09-24 23:04:49.239385-05:00,2978662,19298,Denzel Boston,CLE,CAR,recyds,fanduel,48.5,-114,-114,,True,rotowire
20260925T040447Z,2026-09-24 23:04:49.239385-05:00,2978662,19298,Denzel Boston,CLE,CAR,recyds,caesars,49.5,-114,-115,,True,rotowire
20260925T040447Z,2026-09-24 23:04:49.239385-05:00,2978656,17033,Sam LaPorta,DET,NYJ,recyds,draftkings,45.5,-111,-110,,True,rotowire
20260925T040447Z,2026-09-24 23:04:49.239385-05:00,2978656,17033,Sam LaPorta,DET,NYJ,recyds,fanduel,45.5,-114,-114,,True,rotowire
20260925T040447Z,2026-09-24 23:04:49.239385-05:00,2978656,17033,Sam LaPorta,DET,NYJ,recyds,caesars,45.5,-112,-117,,True,rotowire
20260925T040447Z,2026-09-24 23:04:49.239385-05:00,2978656,17668,Adonai Mitchell,NYJ,@DET,recyds,draftkings,49.5,-113,-110,,True,rotowire
20260925T040447Z,2026-09-24 23:04:49.239385-05:00,2978656,17668,Adonai Mitchell,NYJ,@DET,recyds,fanduel,47.5,-114,-114,,True,rotowire
20260925T040447Z,2026-09-24 23:04:49.239385-05:00,2978656,17668,Adonai Mitchell,NYJ,@DET,recyds,caesars,48.5,-121,-110,,True,rotowire
20260925T040447Z,2026-09-24 23:04:49.239385-05:00,2978645,12477,DJ Moore,BUF,LAC,recyds,draftkings,47.5,-113,-111,,True,rotowire
20260925T040447Z,2026-09-24 23:04:49.239385-05:00,2978645,12477,DJ Moore,BUF,LAC,recyds,fanduel,49.5,-114,-114,,True,rotowire
20260925T040447Z,2026-09-24 23:04:49.239385-05:00,2978645,12477,DJ Moore,BUF,LAC,recyds,caesars,48.5,-113,-115,,True,rotowire
20260925T040447Z,2026-09-24 23:04:49.239385-05:00,2978649,16963,Rashee Rice,KC,@MIA,recyds,draftkings,49.5,-110,-115,,True,rotowire
20260925T040447Z,2026-09-24 23:04:49.239385-05:00,2978649,16963,Rashee Rice,KC,@MIA,recyds,fanduel,48.5,-114,-114,,True,rotowire
20260925T040447Z,2026-09-24 23:04:49.239385-05:00,2978649,16963,Rashee Rice,KC,@MIA,recyds,caesars,48.5,-110,-122,,True,rotowire
20260925T040447Z,2026-09-24 23:04:49.239385-05:00,2978678,17975,Devaughn Vele,NO,LV,recyds,draftkings,48.5,-112,-112,,True,rotowire
20260925T040447Z,2026-09-24 23:04:49.239385-05:00,2978678,17975,Devaughn Vele,NO,LV,recyds,fanduel,48.5,-114,-114,,True,rotowire
20260925T040447Z,2026-09-24 23:04:49.239385-05:00,2978678,17975,Devaughn Vele,NO,LV,recyds,caesars,48.5,-113,-115,,True,rotowire
20260925T040447Z,2026-09-24 23:04:49.239385-05:00,2978678,17693,Brock Bowers,LV,@NO,recyds,draftkings,48.5,-113,-111,,True,rotowire
20260925T040447Z,2026-09-24 23:04:49.239385-05:00,2978678,17693,Brock Bowers,LV,@NO,recyds,fanduel,49.5,-114,-114,,True,rotowire
20260925T040447Z,2026-09-24 23:04:49.239385-05:00,2978678,17693,Brock Bowers,LV,@NO,recyds,caesars,49.5,-114,-114,,True,rotowire
20260925T040447Z,2026-09-24 23:04:49.239385-05:00,2978665,16689,Josh Downs,IND,HOU,recyds,draftkings,48.5,-111,-113,,True,rotowire
20260925T040447Z,2026-09-24 23:04:49.239385-05:00,2978665,16689,Josh Downs,IND,HOU,recyds,fanduel,50.5,-114,-114,,True,rotowire
20260925T040447Z,2026-09-24 23:04:49.239385-05:00,2978665,16689,Josh Downs,IND,HOU,recyds,caesars,49.5,-113,-115,,True,rotowire
20260925T040447Z,2026-09-24 23:04:49.239385-05:00,2978642,18549,Emeka Egbuka,TB,MIN,recyds,draftkings,48.5,-112,-112,,True,rotowire
20260925T040447Z,2026-09-24 23:04:49.239385-05:00,2978642,18549,Emeka Egbuka,TB,MIN,recyds,fanduel,48.5,-114,-114,,True,rotowire
20260925T040447Z,2026-09-24 23:04:49.239385-05:00,2978642,18549,Emeka Egbuka,TB,MIN,recyds,caesars,48.5,-114,-114,,True,rotowire
20260925T040447Z,2026-09-24 23:04:49.239385-05:00,2978683,18497,Terrance Ferguson,LAR,@DEN,recyds,fanduel,49.5,-114,-114,,,rotowire
20260925T040447Z,2026-09-24 23:04:49.239385-05:00,2978683,18497,Terrance Ferguson,LAR,@DEN,recyds,caesars,49.5,-114,-115,,,rotowire
20260925T040447Z,2026-09-24 23:04:49.239385-05:00,2978665,12514,Dalton Schultz,HOU,@IND,recyds,draftkings,51.5,-110,-114,,True,rotowire
20260925T040447Z,2026-09-24 23:04:49.239385-05:00,2978665,12514,Dalton Schultz,HOU,@IND,recyds,fanduel,50.5,-114,-114,,True,rotowire
20260925T040447Z,2026-09-24 23:04:49.239385-05:00,2978665,12514,Dalton Schultz,HOU,@IND,recyds,caesars,50.5,-112,-117,,True,rotowire
20260925T040447Z,2026-09-24 23:04:49.239385-05:00,2978649,8783,Travis Kelce,KC,@MIA,recyds,draftkings,52.5,-110,-114,,True,rotowire
20260925T040447Z,2026-09-24 23:04:49.239385-05:00,2978649,8783,Travis Kelce,KC,@MIA,recyds,fanduel,51.5,-114,-114,,True,rotowire
20260925T040447Z,2026-09-24 23:04:49.239385-05:00,2978649,8783,Travis Kelce,KC,@MIA,recyds,caesars,51.5,-115,-114,,True,rotowire
20260925T040447Z,2026-09-24 23:04:49.239385-05:00,2978658,13424,DK Metcalf,PIT,CIN,recyds,draftkings,51.5,-112,-111,,True,rotowire
20260925T040447Z,2026-09-24 23:04:49.239385-05:00,2978658,13424,DK Metcalf,PIT,CIN,recyds,fanduel,52.5,-114,-114,,True,rotowire
20260925T040447Z,2026-09-24 23:04:49.239385-05:00,2978658,13424,DK Metcalf,PIT,CIN,recyds,caesars,51.5,-114,-115,,True,rotowire
20260925T040447Z,2026-09-24 23:04:49.239385-05:00,2978656,15849,Jameson Williams,DET,NYJ,recyds,draftkings,51.5,-114,-110,,True,rotowire
20260925T040447Z,2026-09-24 23:04:49.239385-05:00,2978656,15849,Jameson Williams,DET,NYJ,recyds,fanduel,54.5,-114,-114,,True,rotowire
20260925T040447Z,2026-09-24 23:04:49.239385-05:00,2978656,15849,Jameson Williams,DET,NYJ,recyds,caesars,52.5,-114,-114,,True,rotowire
20260925T040447Z,2026-09-24 23:04:49.239385-05:00,2978658,14506,Tee Higgins,CIN,@PIT,recyds,draftkings,54.5,-111,-111,,True,rotowire
20260925T040447Z,2026-09-24 23:04:49.239385-05:00,2978658,14506,Tee Higgins,CIN,@PIT,recyds,fanduel,53.5,-114,-114,,True,rotowire
20260925T040447Z,2026-09-24 23:04:49.239385-05:00,2978658,14506,Tee Higgins,CIN,@PIT,recyds,caesars,54.5,-113,-115,,True,rotowire
20260925T040447Z,2026-09-24 23:04:49.239385-05:00,2978645,17724,Ladd McConkey,LAC,@BUF,recyds,draftkings,55.5,-111,-113,,True,rotowire
20260925T040447Z,2026-09-24 23:04:49.239385-05:00,2978645,17724,Ladd McConkey,LAC,@BUF,recyds,fanduel,55.5,-114,-114,,True,rotowire
20260925T040447Z,2026-09-24 23:04:49.239385-05:00,2978645,17724,Ladd McConkey,LAC,@BUF,recyds,caesars,55.5,-127,-107,,True,rotowire
20260925T040447Z,2026-09-24 23:04:49.239385-05:00,2978645,16697,Dalton Kincaid,BUF,LAC,recyds,draftkings,56.5,-114,-110,,True,rotowire
20260925T040447Z,2026-09-24 23:04:49.239385-05:00,2978645,16697,Dalton Kincaid,BUF,LAC,recyds,fanduel,56.5,-114,-114,,True,rotowire
20260925T040447Z,2026-09-24 23:04:49.239385-05:00,2978645,16697,Dalton Kincaid,BUF,LAC,recyds,caesars,56.5,-115,-113,,True,rotowire
20260925T040447Z,2026-09-24 23:04:49.239385-05:00,2978666,17704,Malik Nabers,NYG,TEN,recyds,draftkings,56.5,-111,-113,,True,rotowire
20260925T040447Z,2026-09-24 23:04:49.239385-05:00,2978666,17704,Malik Nabers,NYG,TEN,recyds,fanduel,56.5,-114,-114,,True,rotowire
20260925T040447Z,2026-09-24 23:04:49.239385-05:00,2978666,17704,Malik Nabers,NYG,TEN,recyds,caesars,55.5,-112,-120,,True,rotowire
20260925T040447Z,2026-09-24 23:04:49.239385-05:00,2978683,15404,Jaylen Waddle,DEN,LAR,recyds,draftkings,56.5,-111,-113,,True,rotowire
20260925T040447Z,2026-09-24 23:04:49.239385-05:00,2978683,15404,Jaylen Waddle,DEN,LAR,recyds,fanduel,57.5,-114,-114,,True,rotowire
20260925T040447Z,2026-09-24 23:04:49.239385-05:00,2978683,15404,Jaylen Waddle,DEN,LAR,recyds,caesars,56.5,-115,-114,,True,rotowire
20260925T040447Z,2026-09-24 23:04:49.239385-05:00,2978662,17976,Jalen Coker,CAR,@CLE,recyds,draftkings,60.5,-112,-112,,True,rotowire
20260925T040447Z,2026-09-24 23:04:49.239385-05:00,2978662,17976,Jalen Coker,CAR,@CLE,recyds,fanduel,59.5,-114,-114,,True,rotowire
20260925T040447Z,2026-09-24 23:04:49.239385-05:00,2978662,17976,Jalen Coker,CAR,@CLE,recyds,caesars,60.5,-110,-121,,True,rotowire
20260925T040447Z,2026-09-24 23:04:49.239385-05:00,2978662,18547,Tetairoa McMillan,CAR,@CLE,recyds,draftkings,60.5,-112,-110,,True,rotowire
20260925T040447Z,2026-09-24 23:04:49.239385-05:00,2978662,18547,Tetairoa McMillan,CAR,@CLE,recyds,fanduel,61.5,-114,-114,,True,rotowire
20260925T040447Z,2026-09-24 23:04:49.239385-05:00,2978662,18547,Tetairoa McMillan,CAR,@CLE,recyds,caesars,60.5,-113,-117,,True,rotowire
20260925T040447Z,2026-09-24 23:04:49.239385-05:00,2978392,15853,George Pickens,DAL,BAL,recyds,draftkings,62.5,-113,-111,,True,rotowire
20260925T040447Z,2026-09-24 23:04:49.239385-05:00,2978392,15853,George Pickens,DAL,BAL,recyds,fanduel,59.5,-114,-114,,True,rotowire
20260925T040447Z,2026-09-24 23:04:49.239385-05:00,2978392,15853,George Pickens,DAL,BAL,recyds,caesars,60.5,-112,-117,,True,rotowire
20260925T040447Z,2026-09-24 23:04:49.239385-05:00,2978653,16690,Parker Washington,JAX,NE,recyds,draftkings,62.5,-110,-114,,True,rotowire
20260925T040447Z,2026-09-24 23:04:49.239385-05:00,2978653,16690,Parker Washington,JAX,NE,recyds,fanduel,61.5,-114,-114,,True,rotowire
20260925T040447Z,2026-09-24 23:04:49.239385-05:00,2978653,16690,Parker Washington,JAX,NE,recyds,caesars,61.5,-115,-114,,True,rotowire
20260925T040447Z,2026-09-24 23:04:49.239385-05:00,2978656,15829,Garrett Wilson,NYJ,@DET,recyds,draftkings,66.5,-114,-110,,True,rotowire
20260925T040447Z,2026-09-24 23:04:49.239385-05:00,2978656,15829,Garrett Wilson,NYJ,@DET,recyds,fanduel,66.5,-114,-114,,True,rotowire
20260925T040447Z,2026-09-24 23:04:49.239385-05:00,2978656,15829,Garrett Wilson,NYJ,@DET,recyds,caesars,66.5,-122,-108,,True,rotowire
20260925T040447Z,2026-09-24 23:04:49.239385-05:00,2978674,15902,Trey McBride,ARI,@SF,recyds,draftkings,67.5,-113,-111,,True,rotowire
20260925T040447Z,2026-09-24 23:04:49.239385-05:00,2978674,15902,Trey McBride,ARI,@SF,recyds,fanduel,67.5,-114,-114,,True,rotowire
20260925T040447Z,2026-09-24 23:04:49.239385-05:00,2978674,15902,Trey McBride,ARI,@SF,recyds,caesars,67.5,-115,-113,,True,rotowire
20260925T040447Z,2026-09-24 23:04:49.239385-05:00,2978642,14509,Justin Jefferson,MIN,@TB,recyds,draftkings,68.5,-115,-109,,True,rotowire
20260925T040447Z,2026-09-24 23:04:49.239385-05:00,2978642,14509,Justin Jefferson,MIN,@TB,recyds,fanduel,68.5,-114,-114,,True,rotowire
20260925T040447Z,2026-09-24 23:04:49.239385-05:00,2978642,14509,Justin Jefferson,MIN,@TB,recyds,caesars,69.5,-115,-113,,True,rotowire
20260925T040447Z,2026-09-24 23:04:49.239385-05:00,2978686,15406,DeVonta Smith,PHI,@CHI,recyds,draftkings,71.5,-112,-112,,True,rotowire
20260925T040447Z,2026-09-24 23:04:49.239385-05:00,2978686,15406,DeVonta Smith,PHI,@CHI,recyds,fanduel,72.5,-114,-114,,True,rotowire
20260925T040447Z,2026-09-24 23:04:49.239385-05:00,2978686,15406,DeVonta Smith,PHI,@CHI,recyds,caesars,72.5,-114,-114,,True,rotowire
20260925T040447Z,2026-09-24 23:04:49.239385-05:00,2978658,15183,Ja'Marr Chase,CIN,@PIT,recyds,draftkings,75.5,-112,-110,,True,rotowire
20260925T040447Z,2026-09-24 23:04:49.239385-05:00,2978658,15183,Ja'Marr Chase,CIN,@PIT,recyds,fanduel,74.5,-114,-114,,True,rotowire
20260925T040447Z,2026-09-24 23:04:49.239385-05:00,2978658,15183,Ja'Marr Chase,CIN,@PIT,recyds,caesars,74.5,-114,-114,,True,rotowire
20260925T040447Z,2026-09-24 23:04:49.239385-05:00,2978683,9455,Davante Adams,LAR,@DEN,recyds,draftkings,75.5,-112,-112,,,rotowire
20260925T040447Z,2026-09-24 23:04:49.239385-05:00,2978683,9455,Davante Adams,LAR,@DEN,recyds,fanduel,75.5,-114,-114,,,rotowire
20260925T040447Z,2026-09-24 23:04:49.239385-05:00,2978683,9455,Davante Adams,LAR,@DEN,recyds,caesars,75.5,-115,-114,,,rotowire
20260925T040447Z,2026-09-24 23:04:49.239385-05:00,2978656,15332,Amon-Ra St. Brown,DET,NYJ,recyds,draftkings,79.5,-110,-114,,True,rotowire
20260925T040447Z,2026-09-24 23:04:49.239385-05:00,2978656,15332,Amon-Ra St. Brown,DET,NYJ,recyds,fanduel,75.5,-114,-114,,True,rotowire
20260925T040447Z,2026-09-24 23:04:49.239385-05:00,2978656,15332,Amon-Ra St. Brown,DET,NYJ,recyds,caesars,76.5,-115,-114,,True,rotowire
20260925T040447Z,2026-09-24 23:04:49.239385-05:00,2978678,15895,Chris Olave,NO,LV,recyds,draftkings,78.5,-113,-110,,True,rotowire
20260925T040447Z,2026-09-24 23:04:49.239385-05:00,2978678,15895,Chris Olave,NO,LV,recyds,fanduel,76.5,-114,-114,,True,rotowire
20260925T040447Z,2026-09-24 23:04:49.239385-05:00,2978678,15895,Chris Olave,NO,LV,recyds,caesars,77.5,-117,-113,,True,rotowire
20260925T040447Z,2026-09-24 23:04:49.239385-05:00,2978392,14411,CeeDee Lamb,DAL,BAL,recyds,draftkings,82.5,-110,-114,,True,rotowire
20260925T040447Z,2026-09-24 23:04:49.239385-05:00,2978392,14411,CeeDee Lamb,DAL,BAL,recyds,fanduel,82.5,-114,-114,,True,rotowire
20260925T040447Z,2026-09-24 23:04:49.239385-05:00,2978392,14411,CeeDee Lamb,DAL,BAL,recyds,caesars,82.5,-113,-115,,True,rotowire
20260925T040447Z,2026-09-24 23:04:49.239385-05:00,2978672,16654,Jaxon Smith-Njigba,SEA,@WAS,recyds,draftkings,91.5,-114,-110,,True,rotowire
20260925T040447Z,2026-09-24 23:04:49.239385-05:00,2978672,16654,Jaxon Smith-Njigba,SEA,@WAS,recyds,fanduel,90.5,-114,-114,,True,rotowire
20260925T040447Z,2026-09-24 23:04:49.239385-05:00,2978672,16654,Jaxon Smith-Njigba,SEA,@WAS,recyds,caesars,90.5,-114,-115,,True,rotowire
20260925T040447Z,2026-09-24 23:04:49.239385-05:00,2978658,4307,Aaron Rodgers,PIT,CIN,rushyds,draftkings,0.5,-116,-108,,True,rotowire
20260925T040447Z,2026-09-24 23:04:49.239385-05:00,2978658,4307,Aaron Rodgers,PIT,CIN,rushyds,fanduel,0.5,-110,-118,,True,rotowire
20260925T040447Z,2026-09-24 23:04:49.239385-05:00,2978658,4307,Aaron Rodgers,PIT,CIN,rushyds,caesars,0.5,-114,-115,,True,rotowire
20260925T040447Z,2026-09-24 23:04:49.239385-05:00,2978683,5971,Matthew Stafford,LAR,@DEN,rushyds,draftkings,0.5,117,-147,,,rotowire
20260925T040447Z,2026-09-24 23:04:49.239385-05:00,2978683,5971,Matthew Stafford,LAR,@DEN,rushyds,fanduel,0.5,108,-140,,,rotowire
20260925T040447Z,2026-09-24 23:04:49.239385-05:00,2978662,19242,KC Concepcion,CLE,CAR,rushyds,fanduel,5.5,-102,-128,,True,rotowire
20260925T040447Z,2026-09-24 23:04:49.239385-05:00,2978658,14442,Joe Burrow,CIN,@PIT,rushyds,draftkings,6.5,-104,-121,,True,rotowire
20260925T040447Z,2026-09-24 23:04:49.239385-05:00,2978658,14442,Joe Burrow,CIN,@PIT,rushyds,fanduel,5.5,-114,-114,,True,rotowire
20260925T040447Z,2026-09-24 23:04:49.239385-05:00,2978658,14442,Joe Burrow,CIN,@PIT,rushyds,caesars,5.5,-114,-115,,True,rotowire
20260925T040447Z,2026-09-24 23:04:49.239385-05:00,2978666,10037,Jameis Winston,NYG,TEN,rushyds,draftkings,7.5,-106,-119,,True,rotowire
20260925T040447Z,2026-09-24 23:04:49.239385-05:00,2978666,10037,Jameis Winston,NYG,TEN,rushyds,fanduel,5.5,-114,-114,,True,rotowire
20260925T040447Z,2026-09-24 23:04:49.239385-05:00,2978666,10037,Jameis Winston,NYG,TEN,rushyds,caesars,5.5,-121,-109,,True,rotowire
20260925T040447Z,2026-09-24 23:04:49.239385-05:00,2978674,10919,Jacoby Brissett,ARI,@SF,rushyds,draftkings,7.5,-117,-107,,True,rotowire
20260925T040447Z,2026-09-24 23:04:49.239385-05:00,2978674,10919,Jacoby Brissett,ARI,@SF,rushyds,fanduel,7.5,-114,-114,,True,rotowire
20260925T040447Z,2026-09-24 23:04:49.239385-05:00,2978674,10919,Jacoby Brissett,ARI,@SF,rushyds,caesars,7.5,-115,-114,,True,rotowire
20260925T040447Z,2026-09-24 23:04:49.239385-05:00,2978392,17091,Emari Demercado,DAL,BAL,rushyds,draftkings,8.5,-104,-120,,True,rotowire
20260925T040447Z,2026-09-24 23:04:49.239385-05:00,2978392,17091,Emari Demercado,DAL,BAL,rushyds,fanduel,7.5,-114,-114,,True,rotowire
20260925T040447Z,2026-09-24 23:04:49.239385-05:00,2978665,13491,Daniel Jones,IND,HOU,rushyds,draftkings,10.5,-115,-109,,True,rotowire
20260925T040447Z,2026-09-24 23:04:49.239385-05:00,2978665,13491,Daniel Jones,IND,HOU,rushyds,fanduel,9.5,-114,-114,,True,rotowire
20260925T040447Z,2026-09-24 23:04:49.239385-05:00,2978665,13491,Daniel Jones,IND,HOU,rushyds,caesars,9.5,-118,-110,,True,rotowire
20260925T040447Z,2026-09-24 23:04:49.239385-05:00,2978665,16886,C.J. Stroud,HOU,@IND,rushyds,draftkings,10.5,-108,-117,,True,rotowire
20260925T040447Z,2026-09-24 23:04:49.239385-05:00,2978665,16886,C.J. Stroud,HOU,@IND,rushyds,fanduel,9.5,-114,-114,,True,rotowire
20260925T040447Z,2026-09-24 23:04:49.239385-05:00,2978665,16886,C.J. Stroud,HOU,@IND,rushyds,caesars,9.5,-114,-114,,True,rotowire
20260925T040447Z,2026-09-24 23:04:49.239385-05:00,2978666,16997,Cam Ward,TEN,@NYG,rushyds,draftkings,11.5,-115,-109,,True,rotowire
20260925T040447Z,2026-09-24 23:04:49.239385-05:00,2978666,16997,Cam Ward,TEN,@NYG,rushyds,fanduel,11.5,-114,-114,,True,rotowire
20260925T040447Z,2026-09-24 23:04:49.239385-05:00,2978666,16997,Cam Ward,TEN,@NYG,rushyds,caesars,11.5,-120,-110,,True,rotowire
20260925T040447Z,2026-09-24 23:04:49.239385-05:00,2978392,11008,Dak Prescott,DAL,BAL,rushyds,draftkings,13.5,-106,-118,,True,rotowire
20260925T040447Z,2026-09-24 23:04:49.239385-05:00,2978392,11008,Dak Prescott,DAL,BAL,rushyds,fanduel,12.5,-114,-114,,True,rotowire
20260925T040447Z,2026-09-24 23:04:49.239385-05:00,2978392,11008,Dak Prescott,DAL,BAL,rushyds,caesars,12.5,-115,-114,,True,rotowire
20260925T040447Z,2026-09-24 23:04:49.239385-05:00,2978645,16810,Keaton Mitchell,LAC,@BUF,rushyds,draftkings,13.5,-117,-107,,True,rotowire
20260925T040447Z,2026-09-24 23:04:49.239385-05:00,2978645,16810,Keaton Mitchell,LAC,@BUF,rushyds,fanduel,14.5,-114,-114,,True,rotowire
20260925T040447Z,2026-09-24 23:04:49.239385-05:00,2978645,16810,Keaton Mitchell,LAC,@BUF,rushyds,caesars,14.5,-115,-113,,True,rotowire
20260925T040447Z,2026-09-24 23:04:49.239385-05:00,2978662,16807,Bryce Young,CAR,@CLE,rushyds,draftkings,15.5,-107,-117,,True,rotowire
20260925T040447Z,2026-09-24 23:04:49.239385-05:00,2978662,16807,Bryce Young,CAR,@CLE,rushyds,fanduel,14.5,-114,-114,,True,rotowire
20260925T040447Z,2026-09-24 23:04:49.239385-05:00,2978662,16807,Bryce Young,CAR,@CLE,rushyds,caesars,14.5,-120,-110,,True,rotowire
20260925T040447Z,2026-09-24 23:04:49.239385-05:00,2978392,13427,Justice Hill,BAL,@DAL,rushyds,fanduel,14.5,-114,-114,,True,rotowire
20260925T040447Z,2026-09-24 23:04:49.239385-05:00,2978392,13427,Justice Hill,BAL,@DAL,rushyds,caesars,14.5,-113,-115,,True,rotowire
20260925T040447Z,2026-09-24 23:04:49.239385-05:00,2978642,12619,Baker Mayfield,TB,MIN,rushyds,draftkings,16.5,-108,-117,,True,rotowire
20260925T040447Z,2026-09-24 23:04:49.239385-05:00,2978642,12619,Baker Mayfield,TB,MIN,rushyds,fanduel,16.5,-114,-114,,True,rotowire
20260925T040447Z,2026-09-24 23:04:49.239385-05:00,2978642,12619,Baker Mayfield,TB,MIN,rushyds,caesars,16.5,-118,-110,,True,rotowire
20260925T040447Z,2026-09-24 23:04:49.239385-05:00,2978658,11698,Samaje Perine,CIN,@PIT,rushyds,draftkings,14.5,-108,-116,,True,rotowire
20260925T040447Z,2026-09-24 23:04:49.239385-05:00,2978658,11698,Samaje Perine,CIN,@PIT,rushyds,fanduel,14.5,-114,-114,,True,rotowire
20260925T040447Z,2026-09-24 23:04:49.239385-05:00,2978658,11698,Samaje Perine,CIN,@PIT,rushyds,caesars,14.5,-117,-112,,True,rotowire
20260925T040447Z,2026-09-24 23:04:49.239385-05:00,2978678,17037,Tyler Shough,NO,LV,rushyds,draftkings,15.5,-116,-108,,True,rotowire
20260925T040447Z,2026-09-24 23:04:49.239385-05:00,2978678,17037,Tyler Shough,NO,LV,rushyds,fanduel,14.5,-114,-114,,True,rotowire
20260925T040447Z,2026-09-24 23:04:49.239385-05:00,2978678,17037,Tyler Shough,NO,LV,rushyds,caesars,15.5,-112,-117,,True,rotowire
20260925T040447Z,2026-09-24 23:04:49.239385-05:00,2978653,15357,Trevor Lawrence,JAX,NE,rushyds,draftkings,15.5,-116,-106,,True,rotowire
20260925T040447Z,2026-09-24 23:04:49.239385-05:00,2978653,15357,Trevor Lawrence,JAX,NE,rushyds,fanduel,16.5,-114,-114,,True,rotowire
20260925T040447Z,2026-09-24 23:04:49.239385-05:00,2978653,15357,Trevor Lawrence,JAX,NE,rushyds,caesars,16.5,-115,-114,,True,rotowire
20260925T040447Z,2026-09-24 23:04:49.239385-05:00,2978683,16995,Bo Nix,DEN,LAR,rushyds,draftkings,18.5,-109,-115,,True,rotowire
20260925T040447Z,2026-09-24 23:04:49.239385-05:00,2978683,16995,Bo Nix,DEN,LAR,rushyds,fanduel,16.5,-114,-114,,True,rotowire
20260925T040447Z,2026-09-24 23:04:49.239385-05:00,2978683,16995,Bo Nix,DEN,LAR,rushyds,caesars,17.5,-118,-110,,True,rotowire
20260925T040447Z,2026-09-24 23:04:49.239385-05:00,2978649,11839,Patrick Mahomes,KC,@MIA,rushyds,draftkings,18.5,-112,-109,,True,rotowire
20260925T040447Z,2026-09-24 23:04:49.239385-05:00,2978649,11839,Patrick Mahomes,KC,@MIA,rushyds,fanduel,17.5,-114,-114,,True,rotowire
20260925T040447Z,2026-09-24 23:04:49.239385-05:00,2978649,11839,Patrick Mahomes,KC,@MIA,rushyds,caesars,17.5,-118,-110,,True,rotowire
20260925T040447Z,2026-09-24 23:04:49.239385-05:00,2978642,15222,Kenny Gainwell,TB,MIN,rushyds,draftkings,18.5,-108,-116,,True,rotowire
20260925T040447Z,2026-09-24 23:04:49.239385-05:00,2978642,15222,Kenny Gainwell,TB,MIN,rushyds,fanduel,19.5,-114,-114,,True,rotowire
20260925T040447Z,2026-09-24 23:04:49.239385-05:00,2978642,15222,Kenny Gainwell,TB,MIN,rushyds,caesars,18.5,-118,-110,,True,rotowire
20260925T040447Z,2026-09-24 23:04:49.239385-05:00,2978645,14446,Justin Herbert,LAC,@BUF,rushyds,draftkings,19.5,-109,-113,,True,rotowire
20260925T040447Z,2026-09-24 23:04:49.239385-05:00,2978645,14446,Justin Herbert,LAC,@BUF,rushyds,fanduel,19.5,-114,-114,,True,rotowire
20260925T040447Z,2026-09-24 23:04:49.239385-05:00,2978645,14446,Justin Herbert,LAC,@BUF,rushyds,caesars,19.5,-113,-115,,True,rotowire
20260925T040447Z,2026-09-24 23:04:49.239385-05:00,2978653,16933,Chris Rodriguez,JAX,NE,rushyds,draftkings,20.5,-109,-115,,True,rotowire
20260925T040447Z,2026-09-24 23:04:49.239385-05:00,2978653,16933,Chris Rodriguez,JAX,NE,rushyds,fanduel,20.5,-114,-114,,True,rotowire
20260925T040447Z,2026-09-24 23:04:49.239385-05:00,2978653,16933,Chris Rodriguez,JAX,NE,rushyds,caesars,20.5,-112,-117,,True,rotowire
20260925T040447Z,2026-09-24 23:04:49.239385-05:00,2978666,16941,Tyjae Spears,TEN,@NYG,rushyds,draftkings,21.5,-116,-108,,True,rotowire
20260925T040447Z,2026-09-24 23:04:49.239385-05:00,2978666,16941,Tyjae Spears,TEN,@NYG,rushyds,caesars,22.5,-112,-117,,True,rotowire
20260925T040447Z,2026-09-24 23:04:49.239385-05:00,2978642,13613,Kyler Murray,MIN,@TB,rushyds,draftkings,21.5,-107,-117,,True,rotowire
20260925T040447Z,2026-09-24 23:04:49.239385-05:00,2978642,13613,Kyler Murray,MIN,@TB,rushyds,fanduel,20.5,-114,-114,,True,rotowire
20260925T040447Z,2026-09-24 23:04:49.239385-05:00,2978642,13613,Kyler Murray,MIN,@TB,rushyds,caesars,21.5,-110,-120,,True,rotowire
20260925T040447Z,2026-09-24 23:04:49.239385-05:00,2978686,14416,Jalen Hurts,PHI,@CHI,rushyds,draftkings,24.5,-110,-115,,True,rotowire
20260925T040447Z,2026-09-24 23:04:49.239385-05:00,2978686,14416,Jalen Hurts,PHI,@CHI,rushyds,fanduel,24.5,-114,-114,,True,rotowire
20260925T040447Z,2026-09-24 23:04:49.239385-05:00,2978686,14416,Jalen Hurts,PHI,@CHI,rushyds,caesars,24.5,-114,-114,,True,rotowire
20260925T040447Z,2026-09-24 23:04:49.239385-05:00,2978649,19240,Emmett Johnson,KC,@MIA,rushyds,draftkings,25.5,-110,-114,,True,rotowire
20260925T040447Z,2026-09-24 23:04:49.239385-05:00,2978649,19240,Emmett Johnson,KC,@MIA,rushyds,fanduel,24.5,-114,-114,,True,rotowire
20260925T040447Z,2026-09-24 23:04:49.239385-05:00,2978649,19240,Emmett Johnson,KC,@MIA,rushyds,caesars,25.5,-111,-115,,True,rotowire
20260925T040447Z,2026-09-24 23:04:49.239385-05:00,2978653,17673,Drake Maye,NE,@JAX,rushyds,draftkings,25.5,-113,-111,,True,rotowire
20260925T040447Z,2026-09-24 23:04:49.239385-05:00,2978653,17673,Drake Maye,NE,@JAX,rushyds,fanduel,25.5,-114,-114,,True,rotowire
20260925T040447Z,2026-09-24 23:04:49.239385-05:00,2978653,17673,Drake Maye,NE,@JAX,rushyds,caesars,25.5,-118,-110,,True,rotowire
20260925T040447Z,2026-09-24 23:04:49.239385-05:00,2978662,11712,Deshaun Watson,CLE,CAR,rushyds,draftkings,26.5,-109,-115,,True,rotowire
20260925T040447Z,2026-09-24 23:04:49.239385-05:00,2978662,11712,Deshaun Watson,CLE,CAR,rushyds,fanduel,25.5,-114,-114,,True,rotowire
20260925T040447Z,2026-09-24 23:04:49.239385-05:00,2978662,11712,Deshaun Watson,CLE,CAR,rushyds,caesars,25.5,-118,-110,,True,rotowire
20260925T040447Z,2026-09-24 23:04:49.239385-05:00,2978665,18449,Woody Marks,HOU,@IND,rushyds,draftkings,28.5,-112,-112,,True,rotowire
20260925T040447Z,2026-09-24 23:04:49.239385-05:00,2978665,18449,Woody Marks,HOU,@IND,rushyds,fanduel,27.5,-114,-114,,True,rotowire
20260925T040447Z,2026-09-24 23:04:49.239385-05:00,2978665,18449,Woody Marks,HOU,@IND,rushyds,caesars,28.5,-110,-118,,True,rotowire
20260925T040447Z,2026-09-24 23:04:49.239385-05:00,2978674,15976,Tyler Allgeier,ARI,@SF,rushyds,draftkings,32.5,-114,-110,,True,rotowire
20260925T040447Z,2026-09-24 23:04:49.239385-05:00,2978674,15976,Tyler Allgeier,ARI,@SF,rushyds,fanduel,33.5,-114,-114,,True,rotowire
20260925T040447Z,2026-09-24 23:04:49.239385-05:00,2978674,15976,Tyler Allgeier,ARI,@SF,rushyds,caesars,31.5,-115,-113,,True,rotowire
20260925T040447Z,2026-09-24 23:04:49.239385-05:00,2978645,12483,Josh Allen,BUF,LAC,rushyds,draftkings,34.5,-113,-111,,True,rotowire
20260925T040447Z,2026-09-24 23:04:49.239385-05:00,2978645,12483,Josh Allen,BUF,LAC,rushyds,fanduel,32.5,-114,-114,,True,rotowire
20260925T040447Z,2026-09-24 23:04:49.239385-05:00,2978645,12483,Josh Allen,BUF,LAC,rushyds,caesars,33.5,-117,-112,,True,rotowire
20260925T040447Z,2026-09-24 23:04:49.239385-05:00,2978649,15872,Malik Willis,MIA,KC,rushyds,draftkings,33.5,-115,-109,,True,rotowire
20260925T040447Z,2026-09-24 23:04:49.239385-05:00,2978649,15872,Malik Willis,MIA,KC,rushyds,fanduel,33.5,-114,-114,,True,rotowire
20260925T040447Z,2026-09-24 23:04:49.239385-05:00,2978649,15872,Malik Willis,MIA,KC,rushyds,caesars,33.5,-118,-110,,True,rotowire
20260925T040447Z,2026-09-24 23:04:49.239385-05:00,2978653,15372,Rhamondre Stevenson,NE,@JAX,rushyds,draftkings,37.5,-114,-109,,True,rotowire
20260925T040447Z,2026-09-24 23:04:49.239385-05:00,2978653,15372,Rhamondre Stevenson,NE,@JAX,rushyds,fanduel,37.5,-114,-114,,True,rotowire
20260925T040447Z,2026-09-24 23:04:49.239385-05:00,2978653,15372,Rhamondre Stevenson,NE,@JAX,rushyds,caesars,38.5,-115,-113,,True,rotowire
20260925T040447Z,2026-09-24 23:04:49.239385-05:00,2978674,19235,Jeremiyah Love,ARI,@SF,rushyds,draftkings,38.5,-111,-113,,True,rotowire
20260925T040447Z,2026-09-24 23:04:49.239385-05:00,2978674,19235,Jeremiyah Love,ARI,@SF,rushyds,fanduel,37.5,-114,-114,,True,rotowire
20260925T040447Z,2026-09-24 23:04:49.239385-05:00,2978674,19235,Jeremiyah Love,ARI,@SF,rushyds,caesars,38.5,-112,-118,,True,rotowire
20260925T040447Z,2026-09-24 23:04:49.239385-05:00,2978672,18811,Jacory Croskey-Merritt,WAS,SEA,rushyds,draftkings,38.5,-114,-110,,True,rotowire
20260925T040447Z,2026-09-24 23:04:49.239385-05:00,2978672,18811,Jacory Croskey-Merritt,WAS,SEA,rushyds,fanduel,39.5,-114,-114,,True,rotowire
20260925T040447Z,2026-09-24 23:04:49.239385-05:00,2978672,18811,Jacory Croskey-Merritt,WAS,SEA,rushyds,caesars,39.5,-108,-125,,True,rotowire
20260925T040447Z,2026-09-24 23:04:49.239385-05:00,2978392,12561,Lamar Jackson,BAL,@DAL,rushyds,draftkings,40.5,-110,-114,,True,rotowire
20260925T040447Z,2026-09-24 23:04:49.239385-05:00,2978392,12561,Lamar Jackson,BAL,@DAL,rushyds,fanduel,38.5,-114,-114,,True,rotowire
20260925T040447Z,2026-09-24 23:04:49.239385-05:00,2978392,12561,Lamar Jackson,BAL,@DAL,rushyds,caesars,39.5,-125,-107,,True,rotowire
20260925T040447Z,2026-09-24 23:04:49.239385-05:00,2978653,18517,TreVeyon Henderson,NE,@JAX,rushyds,draftkings,40.5,-109,-115,,True,rotowire
20260925T040447Z,2026-09-24 23:04:49.239385-05:00,2978653,18517,TreVeyon Henderson,NE,@JAX,rushyds,fanduel,39.5,-114,-114,,True,rotowire
20260925T040447Z,2026-09-24 23:04:49.239385-05:00,2978653,18517,TreVeyon Henderson,NE,@JAX,rushyds,caesars,40.5,-112,-117,,True,rotowire
20260925T040447Z,2026-09-24 23:04:49.239385-05:00,2978683,17690,Blake Corum,LAR,@DEN,rushyds,draftkings,46.5,-114,-110,,,rotowire
20260925T040447Z,2026-09-24 23:04:49.239385-05:00,2978683,17690,Blake Corum,LAR,@DEN,rushyds,fanduel,46.5,-114,-114,,,rotowire
20260925T040447Z,2026-09-24 23:04:49.239385-05:00,2978683,17690,Blake Corum,LAR,@DEN,rushyds,caesars,46.5,-120,-112,,,rotowire
20260925T040447Z,2026-09-24 23:04:49.239385-05:00,2978665,13556,David Montgomery,HOU,@IND,rushyds,draftkings,48.5,-109,-115,,True,rotowire
20260925T040447Z,2026-09-24 23:04:49.239385-05:00,2978665,13556,David Montgomery,HOU,@IND,rushyds,fanduel,48.5,-114,-114,,True,rotowire
20260925T040447Z,2026-09-24 23:04:49.239385-05:00,2978665,13556,David Montgomery,HOU,@IND,rushyds,caesars,48.5,-113,-115,,True,rotowire
20260925T040447Z,2026-09-24 23:04:49.239385-05:00,2978666,13590,Tony Pollard,TEN,@NYG,rushyds,draftkings,49.5,-110,-114,,True,rotowire
20260925T040447Z,2026-09-24 23:04:49.239385-05:00,2978666,13590,Tony Pollard,TEN,@NYG,rushyds,fanduel,47.5,-114,-114,,True,rotowire
20260925T040447Z,2026-09-24 23:04:49.239385-05:00,2978666,13590,Tony Pollard,TEN,@NYG,rushyds,caesars,48.5,-125,-107,,True,rotowire
20260925T040447Z,2026-09-24 23:04:49.239385-05:00,2978683,14418,J.K. Dobbins,DEN,LAR,rushyds,fanduel,50.5,-114,-114,,True,rotowire
20260925T040447Z,2026-09-24 23:04:49.239385-05:00,2978683,14418,J.K. Dobbins,DEN,LAR,rushyds,caesars,50.5,-114,-114,,True,rotowire
20260925T040447Z,2026-09-24 23:04:49.239385-05:00,2978653,18524,Bhayshul Tuten,JAX,NE,rushyds,draftkings,53.5,-113,-111,,True,rotowire
20260925T040447Z,2026-09-24 23:04:49.239385-05:00,2978653,18524,Bhayshul Tuten,JAX,NE,rushyds,fanduel,52.5,-114,-114,,True,rotowire
20260925T040447Z,2026-09-24 23:04:49.239385-05:00,2978653,18524,Bhayshul Tuten,JAX,NE,rushyds,caesars,53.5,-114,-114,,True,rotowire
20260925T040447Z,2026-09-24 23:04:49.239385-05:00,2978683,15807,Kyren Williams,LAR,@DEN,rushyds,draftkings,52.5,-112,-112,,,rotowire
20260925T040447Z,2026-09-24 23:04:49.239385-05:00,2978683,15807,Kyren Williams,LAR,@DEN,rushyds,fanduel,54.5,-114,-114,,,rotowire
20260925T040447Z,2026-09-24 23:04:49.239385-05:00,2978683,15807,Kyren Williams,LAR,@DEN,rushyds,caesars,53.5,-120,-112,,,rotowire
20260925T040447Z,2026-09-24 23:04:49.239385-05:00,2978656,15810,Breece Hall,NYJ,@DET,rushyds,draftkings,57.5,-114,-110,,True,rotowire
20260925T040447Z,2026-09-24 23:04:49.239385-05:00,2978656,15810,Breece Hall,NYJ,@DET,rushyds,fanduel,57.5,-114,-114,,True,rotowire
20260925T040447Z,2026-09-24 23:04:49.239385-05:00,2978656,15810,Breece Hall,NYJ,@DET,rushyds,caesars,57.5,-117,-112,,True,rotowire
20260925T040447Z,2026-09-24 23:04:49.239385-05:00,2978642,17784,Bucky Irving,TB,MIN,rushyds,draftkings,57.5,-110,-114,,True,rotowire
20260925T040447Z,2026-09-24 23:04:49.239385-05:00,2978642,17784,Bucky Irving,TB,MIN,rushyds,fanduel,57.5,-114,-114,,True,rotowire
20260925T040447Z,2026-09-24 23:04:49.239385-05:00,2978642,17784,Bucky Irving,TB,MIN,rushyds,caesars,57.5,-112,-117,,True,rotowire
20260925T040447Z,2026-09-24 23:04:49.239385-05:00,2978674,11690,Christian McCaffrey,SF,ARI,rushyds,draftkings,57.5,-112,-112,,True,rotowire
20260925T040447Z,2026-09-24 23:04:49.239385-05:00,2978674,11690,Christian McCaffrey,SF,ARI,rushyds,fanduel,55.5,-114,-114,,True,rotowire
20260925T040447Z,2026-09-24 23:04:49.239385-05:00,2978674,11690,Christian McCaffrey,SF,ARI,rushyds,caesars,56.5,-113,-117,,True,rotowire
20260925T040447Z,2026-09-24 23:04:49.239385-05:00,2978666,18514,Cam Skattebo,NYG,TEN,rushyds,draftkings,57.5,-110,-112,,True,rotowire
20260925T040447Z,2026-09-24 23:04:49.239385-05:00,2978666,18514,Cam Skattebo,NYG,TEN,rushyds,fanduel,57.5,-114,-114,,True,rotowire
20260925T040447Z,2026-09-24 23:04:49.239385-05:00,2978666,18514,Cam Skattebo,NYG,TEN,rushyds,caesars,57.5,-117,-112,,True,rotowire
20260925T040447Z,2026-09-24 23:04:49.239385-05:00,2978658,15984,Jaylen Warren,PIT,CIN,rushyds,draftkings,57.5,-113,-111,,True,rotowire
20260925T040447Z,2026-09-24 23:04:49.239385-05:00,2978658,15984,Jaylen Warren,PIT,CIN,rushyds,fanduel,57.5,-114,-114,,True,rotowire
20260925T040447Z,2026-09-24 23:04:49.239385-05:00,2978658,15984,Jaylen Warren,PIT,CIN,rushyds,caesars,58.5,-113,-115,,True,rotowire
20260925T040447Z,2026-09-24 23:04:49.239385-05:00,2978392,15306,Javonte Williams,DAL,BAL,rushyds,draftkings,59.5,-110,-114,,True,rotowire
20260925T040447Z,2026-09-24 23:04:49.239385-05:00,2978392,15306,Javonte Williams,DAL,BAL,rushyds,fanduel,58.5,-114,-114,,True,rotowire
20260925T040447Z,2026-09-24 23:04:49.239385-05:00,2978392,15306,Javonte Williams,DAL,BAL,rushyds,caesars,59.5,-108,-125,,True,rotowire
20260925T040447Z,2026-09-24 23:04:49.239385-05:00,2978649,16661,De'Von Achane,MIA,KC,rushyds,draftkings,60.5,-112,-112,,True,rotowire
20260925T040447Z,2026-09-24 23:04:49.239385-05:00,2978649,16661,De'Von Achane,MIA,KC,rushyds,fanduel,59.5,-114,-114,,True,rotowire
20260925T040447Z,2026-09-24 23:04:49.239385-05:00,2978649,16661,De'Von Achane,MIA,KC,rushyds,caesars,60.5,-113,-117,,True,rotowire
20260925T040447Z,2026-09-24 23:04:49.239385-05:00,2978645,18445,Omarion Hampton,LAC,@BUF,rushyds,draftkings,61.5,-109,-115,,True,rotowire
20260925T040447Z,2026-09-24 23:04:49.239385-05:00,2978645,18445,Omarion Hampton,LAC,@BUF,rushyds,fanduel,60.5,-114,-114,,True,rotowire
20260925T040447Z,2026-09-24 23:04:49.239385-05:00,2978645,18445,Omarion Hampton,LAC,@BUF,rushyds,caesars,61.5,-117,-113,,True,rotowire
20260925T040447Z,2026-09-24 23:04:49.239385-05:00,2978642,11763,Aaron Jones,MIN,@TB,rushyds,draftkings,61.5,-113,-110,,True,rotowire
20260925T040447Z,2026-09-24 23:04:49.239385-05:00,2978642,11763,Aaron Jones,MIN,@TB,rushyds,fanduel,59.5,-114,-114,,True,rotowire
20260925T040447Z,2026-09-24 23:04:49.239385-05:00,2978642,11763,Aaron Jones,MIN,@TB,rushyds,caesars,60.5,-108,-125,,True,rotowire
20260925T040447Z,2026-09-24 23:04:49.239385-05:00,2978662,18516,Quinshon Judkins,CLE,CAR,rushyds,draftkings,59.5,-114,-110,,True,rotowire
20260925T040447Z,2026-09-24 23:04:49.239385-05:00,2978662,18516,Quinshon Judkins,CLE,CAR,rushyds,fanduel,59.5,-114,-114,,True,rotowire
20260925T040447Z,2026-09-24 23:04:49.239385-05:00,2978662,18516,Quinshon Judkins,CLE,CAR,rushyds,caesars,59.5,-113,-115,,True,rotowire
20260925T040447Z,2026-09-24 23:04:49.239385-05:00,2978658,16934,Chase Brown,CIN,@PIT,rushyds,draftkings,62.5,-113,-109,,True,rotowire
20260925T040447Z,2026-09-24 23:04:49.239385-05:00,2978658,16934,Chase Brown,CIN,@PIT,rushyds,fanduel,63.5,-114,-114,,True,rotowire
20260925T040447Z,2026-09-24 23:04:49.239385-05:00,2978658,16934,Chase Brown,CIN,@PIT,rushyds,caesars,63.5,-113,-115,,True,rotowire
20260925T040447Z,2026-09-24 23:04:49.239385-05:00,2978678,18487,Ashton Jeanty,LV,@NO,rushyds,draftkings,69.5,-113,-111,,True,rotowire
20260925T040447Z,2026-09-24 23:04:49.239385-05:00,2978678,18487,Ashton Jeanty,LV,@NO,rushyds,fanduel,68.5,-114,-114,,True,rotowire
20260925T040447Z,2026-09-24 23:04:49.239385-05:00,2978678,18487,Ashton Jeanty,LV,@NO,rushyds,caesars,69.5,-114,-114,,True,rotowire
20260925T040447Z,2026-09-24 23:04:49.239385-05:00,2978686,14394,D'Andre Swift,CHI,PHI,rushyds,fanduel,68.5,-114,-114,,True,rotowire
20260925T040447Z,2026-09-24 23:04:49.239385-05:00,2978686,14394,D'Andre Swift,CHI,PHI,rushyds,caesars,68.5,-115,-113,,True,rotowire
20260925T040447Z,2026-09-24 23:04:49.239385-05:00,2978662,15242,Chuba Hubbard,CAR,@CLE,rushyds,draftkings,71.5,-110,-114,,True,rotowire
20260925T040447Z,2026-09-24 23:04:49.239385-05:00,2978662,15242,Chuba Hubbard,CAR,@CLE,rushyds,fanduel,71.5,-114,-114,,True,rotowire
20260925T040447Z,2026-09-24 23:04:49.239385-05:00,2978662,15242,Chuba Hubbard,CAR,@CLE,rushyds,caesars,71.5,-114,-115,,True,rotowire
20260925T040447Z,2026-09-24 23:04:49.239385-05:00,2978686,12507,Saquon Barkley,PHI,@CHI,rushyds,draftkings,73.5,-114,-110,,True,rotowire
20260925T040447Z,2026-09-24 23:04:49.239385-05:00,2978686,12507,Saquon Barkley,PHI,@CHI,rushyds,fanduel,71.5,-114,-114,,True,rotowire
20260925T040447Z,2026-09-24 23:04:49.239385-05:00,2978686,12507,Saquon Barkley,PHI,@CHI,rushyds,caesars,72.5,-117,-113,,True,rotowire
20260925T040447Z,2026-09-24 23:04:49.239385-05:00,2978645,15876,James Cook,BUF,LAC,rushyds,draftkings,78.5,-111,-112,,True,rotowire
20260925T040447Z,2026-09-24 23:04:49.239385-05:00,2978645,15876,James Cook,BUF,LAC,rushyds,fanduel,79.5,-114,-114,,True,rotowire
20260925T040447Z,2026-09-24 23:04:49.239385-05:00,2978645,15876,James Cook,BUF,LAC,rushyds,caesars,79.5,-115,-113,,True,rotowire
20260925T040447Z,2026-09-24 23:04:49.239385-05:00,2978665,14455,Jonathan Taylor,IND,HOU,rushyds,draftkings,78.5,-112,-112,,True,rotowire
20260925T040447Z,2026-09-24 23:04:49.239385-05:00,2978665,14455,Jonathan Taylor,IND,HOU,rushyds,fanduel,81.5,-114,-114,,True,rotowire
20260925T040447Z,2026-09-24 23:04:49.239385-05:00,2978665,14455,Jonathan Taylor,IND,HOU,rushyds,caesars,80.5,-114,-115,,True,rotowire
20260925T040447Z,2026-09-24 23:04:49.239385-05:00,2978649,15909,Kenneth Walker,KC,@MIA,rushyds,draftkings,84.5,-114,-110,,True,rotowire
20260925T040447Z,2026-09-24 23:04:49.239385-05:00,2978649,15909,Kenneth Walker,KC,@MIA,rushyds,fanduel,82.5,-114,-114,,True,rotowire
20260925T040447Z,2026-09-24 23:04:49.239385-05:00,2978649,15909,Kenneth Walker,KC,@MIA,rushyds,caesars,84.5,-114,-114,,True,rotowire
20260925T040447Z,2026-09-24 23:04:49.239385-05:00,2978656,16808,Jahmyr Gibbs,DET,NYJ,rushyds,draftkings,87.5,-110,-114,,True,rotowire
20260925T040447Z,2026-09-24 23:04:49.239385-05:00,2978656,16808,Jahmyr Gibbs,DET,NYJ,rushyds,fanduel,87.5,-114,-114,,True,rotowire
20260925T040447Z,2026-09-24 23:04:49.239385-05:00,2978656,16808,Jahmyr Gibbs,DET,NYJ,rushyds,caesars,87.5,-115,-114,,True,rotowire
20260925T040447Z,2026-09-24 23:04:49.239385-05:00,2978392,10819,Derrick Henry,BAL,@DAL,rushyds,draftkings,90.5,-112,-111,,True,rotowire
20260925T040447Z,2026-09-24 23:04:49.239385-05:00,2978392,10819,Derrick Henry,BAL,@DAL,rushyds,fanduel,89.5,-114,-114,,True,rotowire
20260925T040447Z,2026-09-24 23:04:49.239385-05:00,2978392,10819,Derrick Henry,BAL,@DAL,rushyds,caesars,90.5,-114,-114,,True,rotowire
20260925T040447Z,2026-09-24 23:04:49.239385-05:00,2978683,5971,Matthew Stafford,LAR,@DEN,longrush,draftkings,0.5,-124,-105,,,rotowire
20260925T040447Z,2026-09-24 23:04:49.239385-05:00,2978666,10037,Jameis Winston,NYG,TEN,longrush,draftkings,4.5,-127,-102,,True,rotowire
20260925T040447Z,2026-09-24 23:04:49.239385-05:00,2978666,16997,Cam Ward,TEN,@NYG,longrush,draftkings,7.5,-125,-104,,True,rotowire
20260925T040447Z,2026-09-24 23:04:49.239385-05:00,2978665,13491,Daniel Jones,IND,HOU,longrush,draftkings,8.5,-110,-118,,True,rotowire
20260925T040447Z,2026-09-24 23:04:49.239385-05:00,2978653,16933,Chris Rodriguez,JAX,NE,longrush,draftkings,8.5,-118,-110,,True,rotowire
20260925T040447Z,2026-09-24 23:04:49.239385-05:00,2978678,17037,Tyler Shough,NO,LV,longrush,draftkings,8.5,-126,-103,,True,rotowire
20260925T040447Z,2026-09-24 23:04:49.239385-05:00,2978665,16886,C.J. Stroud,HOU,@IND,longrush,draftkings,9.5,-105,-124,,True,rotowire
20260925T040447Z,2026-09-24 23:04:49.239385-05:00,2978642,15222,Kenny Gainwell,TB,MIN,longrush,draftkings,9.5,-103,-126,,True,rotowire
20260925T040447Z,2026-09-24 23:04:49.239385-05:00,2978645,14446,Justin Herbert,LAC,@BUF,longrush,draftkings,9.5,-116,-112,,True,rotowire
20260925T040447Z,2026-09-24 23:04:49.239385-05:00,2978645,14446,Justin Herbert,LAC,@BUF,longrush,caesars,9.5,-118,-113,,True,rotowire
20260925T040447Z,2026-09-24 23:04:49.239385-05:00,2978653,15357,Trevor Lawrence,JAX,NE,longrush,draftkings,9.5,-128,-101,,True,rotowire
20260925T040447Z,2026-09-24 23:04:49.239385-05:00,2978665,18449,Woody Marks,HOU,@IND,longrush,draftkings,10.5,-109,-118,,True,rotowire
20260925T040447Z,2026-09-24 23:04:49.239385-05:00,2978666,16941,Tyjae Spears,TEN,@NYG,longrush,draftkings,9.5,-119,-109,,True,rotowire
20260925T040447Z,2026-09-24 23:04:49.239385-05:00,2978672,18811,Jacory Croskey-Merritt,WAS,SEA,longrush,draftkings,10.5,-121,-107,,True,rotowire
20260925T040447Z,2026-09-24 23:04:49.239385-05:00,2978649,19240,Emmett Johnson,KC,@MIA,longrush,draftkings,10.5,-124,-105,,True,rotowire
20260925T040447Z,2026-09-24 23:04:49.239385-05:00,2978674,19235,Jeremiyah Love,ARI,@SF,longrush,draftkings,11.5,-108,-120,,True,rotowire
20260925T040447Z,2026-09-24 23:04:49.239385-05:00,2978649,11839,Patrick Mahomes,KC,@MIA,longrush,draftkings,11.5,-103,-126,,True,rotowire
20260925T040447Z,2026-09-24 23:04:49.239385-05:00,2978653,17673,Drake Maye,NE,@JAX,longrush,draftkings,11.5,-114,-113,,True,rotowire
20260925T040447Z,2026-09-24 23:04:49.239385-05:00,2978653,15372,Rhamondre Stevenson,NE,@JAX,longrush,draftkings,11.5,-113,-114,,True,rotowire
20260925T040447Z,2026-09-24 23:04:49.239385-05:00,2978683,17690,Blake Corum,LAR,@DEN,longrush,draftkings,12.5,-118,-109,,,rotowire
20260925T040447Z,2026-09-24 23:04:49.239385-05:00,2978653,18517,TreVeyon Henderson,NE,@JAX,longrush,draftkings,12.5,-103,-125,,True,rotowire
20260925T040447Z,2026-09-24 23:04:49.239385-05:00,2978665,13556,David Montgomery,HOU,@IND,longrush,draftkings,12.5,-116,-111,,True,rotowire
20260925T040447Z,2026-09-24 23:04:49.239385-05:00,2978666,13590,Tony Pollard,TEN,@NYG,longrush,draftkings,12.5,-116,-111,,True,rotowire
20260925T040447Z,2026-09-24 23:04:49.239385-05:00,2978666,18514,Cam Skattebo,NYG,TEN,longrush,draftkings,12.5,-105,-124,,True,rotowire
20260925T040447Z,2026-09-24 23:04:49.239385-05:00,2978649,15872,Malik Willis,MIA,KC,longrush,draftkings,12.5,-122,-106,,True,rotowire
20260925T040447Z,2026-09-24 23:04:49.239385-05:00,2978645,12483,Josh Allen,BUF,LAC,longrush,draftkings,13.5,-125,-104,,True,rotowire
20260925T040447Z,2026-09-24 23:04:49.239385-05:00,2978642,17784,Bucky Irving,TB,MIN,longrush,draftkings,13.5,-123,-106,,True,rotowire
20260925T040447Z,2026-09-24 23:04:49.239385-05:00,2978642,11763,Aaron Jones,MIN,@TB,longrush,draftkings,14.5,-101,-127,,True,rotowire
20260925T040447Z,2026-09-24 23:04:49.239385-05:00,2978674,11690,Christian McCaffrey,SF,ARI,longrush,draftkings,13.5,-124,-104,,True,rotowire
20260925T040447Z,2026-09-24 23:04:49.239385-05:00,2978653,18524,Bhayshul Tuten,JAX,NE,longrush,draftkings,13.5,-120,-108,,True,rotowire
20260925T040447Z,2026-09-24 23:04:49.239385-05:00,2978658,15984,Jaylen Warren,PIT,CIN,longrush,draftkings,13.5,-104,-125,,True,rotowire
20260925T040447Z,2026-09-24 23:04:49.239385-05:00,2978392,15306,Javonte Williams,DAL,BAL,longrush,draftkings,13.5,-106,-123,,True,rotowire
20260925T040447Z,2026-09-24 23:04:49.239385-05:00,2978683,15807,Kyren Williams,LAR,@DEN,longrush,draftkings,13.5,-116,-112,,,rotowire
20260925T040447Z,2026-09-24 23:04:49.239385-05:00,2978649,16661,De'Von Achane,MIA,KC,longrush,draftkings,14.5,-109,-118,,True,rotowire
20260925T040447Z,2026-09-24 23:04:49.239385-05:00,2978658,16934,Chase Brown,CIN,@PIT,longrush,draftkings,14.5,-110,-116,,True,rotowire
20260925T040447Z,2026-09-24 23:04:49.239385-05:00,2978645,18445,Omarion Hampton,LAC,@BUF,longrush,draftkings,14.5,-125,-103,,True,rotowire
20260925T040447Z,2026-09-24 23:04:49.239385-05:00,2978645,18445,Omarion Hampton,LAC,@BUF,longrush,caesars,14.5,-137,104,,True,rotowire
20260925T040447Z,2026-09-24 23:04:49.239385-05:00,2978678,18487,Ashton Jeanty,LV,@NO,longrush,draftkings,14.5,-108,-117,,True,rotowire
20260925T040447Z,2026-09-24 23:04:49.239385-05:00,2978686,12507,Saquon Barkley,PHI,@CHI,longrush,draftkings,16.5,-105,-123,,True,rotowire
20260925T040447Z,2026-09-24 23:04:49.239385-05:00,2978665,14455,Jonathan Taylor,IND,HOU,longrush,draftkings,16.5,-114,-113,,True,rotowire
20260925T040447Z,2026-09-24 23:04:49.239385-05:00,2978645,15876,James Cook,BUF,LAC,longrush,draftkings,17.5,-118,-109,,True,rotowire
20260925T040447Z,2026-09-24 23:04:49.239385-05:00,2978645,15876,James Cook,BUF,LAC,longrush,caesars,17.5,-124,-107,,True,rotowire
20260925T040447Z,2026-09-24 23:04:49.239385-05:00,2978392,10819,Derrick Henry,BAL,@DAL,longrush,draftkings,19.5,-110,-117,,True,rotowire
20260925T040447Z,2026-09-24 23:04:49.239385-05:00,2978649,15909,Kenneth Walker,KC,@MIA,longrush,draftkings,18.5,-123,-106,,True,rotowire
20260925T040447Z,2026-09-24 23:04:49.239385-05:00,2978649,15512,Riley Patterson,MIA,KC,kickpts,draftkings,4.5,-118,-108,,True,rotowire
20260925T040447Z,2026-09-24 23:04:49.239385-05:00,2978645,16226,Cameron Dicker,LAC,@BUF,kickpts,draftkings,5.5,-126,-101,,True,rotowire
20260925T040447Z,2026-09-24 23:04:49.239385-05:00,2978645,16226,Cameron Dicker,LAC,@BUF,kickpts,caesars,5.5,-129,100,,True,rotowire
20260925T040447Z,2026-09-24 23:04:49.239385-05:00,2978674,17107,Chad Ryland,ARI,@SF,kickpts,draftkings,5.5,-122,-104,,True,rotowire
20260925T040447Z,2026-09-24 23:04:49.239385-05:00,2978672,18511,Drew Stevens,WAS,SEA,kickpts,draftkings,5.5,-112,-114,,True,rotowire
20260925T040447Z,2026-09-24 23:04:49.239385-05:00,2978392,17649,Brandon Aubrey,DAL,BAL,kickpts,draftkings,6.5,-133,104,,True,rotowire
20260925T040447Z,2026-09-24 23:04:49.239385-05:00,2978658,9646,Chris Boswell,PIT,CIN,kickpts,draftkings,6.5,-120,-106,,True,rotowire
20260925T040447Z,2026-09-24 23:04:49.239385-05:00,2978678,12842,Daniel Carlson,NO,LV,kickpts,draftkings,6.5,-139,109,,True,rotowire
20260925T040447Z,2026-09-24 23:04:49.239385-05:00,2978678,13673,Matt Gay,LV,@NO,kickpts,draftkings,6.5,-109,-117,,True,rotowire
20260925T040447Z,2026-09-24 23:04:49.239385-05:00,2978642,14254,Chase McLaughlin,TB,MIN,kickpts,draftkings,6.5,-103,-124,,True,rotowire
20260925T040447Z,2026-09-24 23:04:49.239385-05:00,2978642,17922,Will Reichard,MIN,@TB,kickpts,draftkings,6.5,102,-130,,True,rotowire
20260925T040447Z,2026-09-24 23:04:49.239385-05:00,2978665,18268,Spencer Shrader,IND,HOU,kickpts,draftkings,6.5,-126,-101,,True,rotowire
20260925T040447Z,2026-09-24 23:04:49.239385-05:00,2978666,14172,Joey Slye,TEN,@NYG,kickpts,draftkings,6.5,-115,-111,,True,rotowire
20260925T040447Z,2026-09-24 23:04:49.239385-05:00,2978653,18743,Andy Borregales,NE,@JAX,kickpts,draftkings,7.5,109,-139,,True,rotowire
20260925T040447Z,2026-09-24 23:04:49.239385-05:00,2978665,11031,Ka'imi Fairbairn,HOU,@IND,kickpts,draftkings,7.5,102,-130,,True,rotowire
20260925T040447Z,2026-09-24 23:04:49.239385-05:00,2978653,17926,Cam Little,JAX,NE,kickpts,draftkings,7.5,-104,-123,,True,rotowire
20260925T040447Z,2026-09-24 23:04:49.239385-05:00,2978392,18742,Tyler Loop,BAL,@DAL,kickpts,draftkings,7.5,-136,107,,True,rotowire
20260925T040447Z,2026-09-24 23:04:49.239385-05:00,2978683,11309,Wil Lutz,DEN,LAR,kickpts,draftkings,7.5,109,-139,,True,rotowire
20260925T040447Z,2026-09-24 23:04:49.239385-05:00,2978658,15383,Evan McPherson,CIN,@PIT,kickpts,draftkings,7.5,-103,-120,,True,rotowire
20260925T040447Z,2026-09-24 23:04:49.239385-05:00,2978683,17921,Harrison Mevis,LAR,@DEN,kickpts,draftkings,7.5,-112,-111,,,rotowire
20260925T040447Z,2026-09-24 23:04:49.239385-05:00,2978672,10157,Jason Myers,SEA,@WAS,kickpts,draftkings,7.5,-107,-119,,True,rotowire
20260925T040447Z,2026-09-24 23:04:49.239385-05:00,2978666,18509,Dominic Zvada,NYG,TEN,kickpts,draftkings,7.5,101,-128,,True,rotowire
20260925T040447Z,2026-09-24 23:04:49.239385-05:00,2978645,14609,Tyler Bass,BUF,LAC,kickpts,draftkings,8.5,106,-136,,True,rotowire
20260925T040447Z,2026-09-24 23:04:49.239385-05:00,2978649,11783,Harrison Butker,KC,@MIA,kickpts,draftkings,8.5,100,-128,,True,rotowire
20260925T040447Z,2026-09-24 23:04:49.239385-05:00,2978674,12582,Eddy Pineiro,SF,ARI,kickpts,draftkings,8.5,-107,-119,,True,rotowire
