player_id,player_display_name,local_path,source_url,width,sha256,bytes,content_type,downloaded_at_utc,status
00-0023459,Aaron Rodgers,lake/gold/nfl/player_photos/00-0023459.png,"https://static.www.nfl.com/image/upload/f_auto,q_auto/league/dypvakakxhccxs67tb0y",200,4a6a7bd4db6ab5d812d131813746857133303a6faa51b1da6122efa4f31ba511,8177,image/png,2026-09-25T01:00:28.264158+00:00,ok
00-0025565,Nick Folk,lake/gold/nfl/player_photos/00-0025565.png,"https://static.www.nfl.com/image/upload/f_auto,q_auto/league/qf6vaghxuoxqw0pyrvg3",200,6be588f65339e85397a5df2b5f9eb4878a5d6c948aa663f22f0dc16dea49663b,8424,image/png,2026-09-25T01:00:28.279613+00:00,ok
00-0026190,Calais Campbell,lake/gold/nfl/player_photos/00-0026190.png,"https://static.www.nfl.com/image/upload/f_auto,q_auto/league/ekkaync0yveo2cwxlljr",200,2d062285f123f6a14bdddad517deea3722abb8fc0c269457cecddd45ca94dc65,8827,image/png,2026-09-25T01:00:40.033359+00:00,ok
00-0026498,Matthew Stafford,lake/gold/nfl/player_photos/00-0026498.png,"https://static.www.nfl.com/image/upload/f_auto,q_auto/league/jwpkjfrkzufdyh8u1mg7",200,7338f5df9c3d8f91b9c195211b85a4c46ecef67467062770a246685167a454e4,9270,image/png,2026-09-25T01:00:19.538918+00:00,ok
00-0027857,Trent Williams,lake/gold/nfl/player_photos/00-0027857.png,"https://static.www.nfl.com/image/upload/f_auto,q_auto/league/esqu9k1my3po3yxxkcjs",200,a88260002b052fb2481570bc2a8228fe6dc8204369ca4ddd97b53ce79a1ce183,9153,image/png,2026-09-25T01:00:38.524634+00:00,ok
00-0027940,Von Miller,lake/gold/nfl/player_photos/00-0027940.png,"https://static.www.nfl.com/image/upload/f_auto,q_auto/league/cqkgo6uw5ha7bjajkewf",200,312360af7f71ea7df0a4b5ae5e54f27176136c5643707f70e7d96a43377c3943,8298,image/png,2026-09-25T01:00:38.387116+00:00,ok
00-0027962,Cameron Jordan,lake/gold/nfl/player_photos/00-0027962.png,"https://static.www.nfl.com/image/upload/f_auto,q_auto/league/eauqz3xbdtl0wfoy71da",200,1d1abc4015a264b381f7658880bc1a929ea9240c949bff9f58199355120c8b35,10414,image/png,2026-09-25T01:00:46.192880+00:00,ok
00-0027969,Cameron Heyward,lake/gold/nfl/player_photos/00-0027969.png,"https://static.www.nfl.com/image/upload/f_auto,q_auto/league/vfql05jp29d2pltrlwqz",200,605df8df9ebc60524e55f14f4d6a36b6d65257a02dbf83cdfa36655c5ae037b7,9537,image/png,2026-09-25T01:00:40.097989+00:00,ok
00-0029604,Kirk Cousins,lake/gold/nfl/player_photos/00-0029604.png,"https://static.www.nfl.com/image/upload/f_auto,q_auto/league/za7cynvpwlsro1tsaijk",200,f29a51ccca699fde66184e159f593c58adf02e1958e0db0d5c02e2d035e34243,7763,image/png,2026-09-25T01:00:19.588446+00:00,ok
00-0029606,Harrison Smith,lake/gold/nfl/player_photos/00-0029606.png,"https://static.www.nfl.com/image/upload/f_auto,q_auto/league/kadw1bk0cxsarjrwbdrq",200,ead5354bb5ee82f0b536c8e495d516df1b803f5a575ee6a436824beb0cdc310c,8245,image/png,2026-09-25T01:00:40.361029+00:00,ok
00-0029607,Demario Davis,lake/gold/nfl/player_photos/00-0029607.png,"https://static.www.nfl.com/image/upload/f_auto,q_auto/league/xfig8nml2gmofychoe3z",200,9cdea39ed275f399f12e7dbd011ebbbdd453081d7eda408e486d699a45ce42ad,8687,image/png,2026-09-25T01:00:40.248905+00:00,ok
00-0029692,Bryan Anger,lake/gold/nfl/player_photos/00-0029692.png,"https://static.www.nfl.com/image/upload/f_auto,q_auto/league/e1fozrp2fhprrkheqt0x",200,9beb53a02877a6c818f3caa6c7f040d98640907167f232431c0721e1306a5564,7754,image/png,2026-09-25T01:00:28.331478+00:00,ok
00-0029714,Andrew DePaola,lake/gold/nfl/player_photos/00-0029714.png,"https://static.www.nfl.com/image/upload/f_auto,q_auto/league/zvvseyjneba7ehms6pd9",200,3765f0e520c934751704324e97b314f17285bb0e2328bd2d5ccba9a2f0cee254,8312,image/png,2026-09-25T01:00:28.209215+00:00,ok
00-0029892,Kyle Juszczyk,lake/gold/nfl/player_photos/00-0029892.png,"https://static.www.nfl.com/image/upload/f_auto,q_auto/league/tsejiiddtouukwyyqr9q",200,56e5fa4eb97fc8212eb444ec455ff6ec99b77d40435252eac79576e233142fad,8628,image/png,2026-09-25T01:00:25.701450+00:00,ok
00-0030070,John Jenkins,lake/gold/nfl/player_photos/00-0030070.png,"https://static.www.nfl.com/image/upload/f_auto,q_auto/league/l2na4hvtcq7nfp7svxar",200,0710af8b9cb7d9d546732d6020d1e189347d8abf4e10e54216d90003bb6ae592,8596,image/png,2026-09-25T01:00:25.687350+00:00,ok
00-0030092,Sam Martin,lake/gold/nfl/player_photos/00-0030092.png,"https://static.www.nfl.com/image/upload/f_auto,q_auto/league/edhegnq9rbphynrogxzh",200,d2a1a15709902056e6a89ef6755b3cc19bb95bdc5d18230772bef4838fdb0bac,8202,image/png,2026-09-25T01:00:28.262908+00:00,ok
00-0030140,Tress Way,lake/gold/nfl/player_photos/00-0030140.png,"https://static.www.nfl.com/image/upload/f_auto,q_auto/league/u61eijcazx9o4lb0lwp3",200,8dbacef64af7fbd055026952c1a92e515b56a75c71594f75fd09370a83cd81a6,8892,image/png,2026-09-25T01:00:19.568453+00:00,ok
00-0030279,Keenan Allen,lake/gold/nfl/player_photos/00-0030279.png,"https://static.www.nfl.com/image/upload/f_auto,q_auto/league/ri267r6lzfwarh89hsn6",200,9a8ff1f30ec87a874478b31b87f20c673042f91712c7057c06afd33344432666,9264,image/png,2026-09-25T01:00:28.336468+00:00,ok
00-0030294,Tony Jefferson,lake/gold/nfl/player_photos/00-0030294.png,"https://static.www.nfl.com/image/upload/f_auto,q_auto/league/frazimtiuk4fsvlghusz",200,cf0b5a3cd55d0a3adfe0d116e353c4f8fd6e41c0849af33ac1791a16d792e167,8151,image/png,2026-09-25T01:00:46.633198+00:00,ok
00-0030506,Travis Kelce,lake/gold/nfl/player_photos/00-0030506.png,"https://static.www.nfl.com/image/upload/f_auto,q_auto/league/dpxovcfku6ud2aohgf6a",200,7529f4a944d5bed8c4598f35bb45437482245ddd8d756e73598a93e829845804,7503,image/png,2026-09-25T01:00:19.591794+00:00,ok
00-0030561,Lane Johnson,lake/gold/nfl/player_photos/00-0030561.png,"https://static.www.nfl.com/image/upload/f_auto,q_auto/league/xanvacjbb9x1hcslyvsl",200,ef0c0a662d30d50dd2a8daf9dbbb527dd20285304ce8febc1cc3e8981aac1635,8302,image/png,2026-09-25T01:00:25.678000+00:00,ok
00-0030565,Geno Smith,lake/gold/nfl/player_photos/00-0030565.png,"https://static.www.nfl.com/image/upload/f_auto,q_auto/league/zppfqqcyjfma14jjif3a",200,d12ee8dbd5d4900fd28c502466e5431cf11b68ae88246f5b72be3fd8aa961a9f,7581,image/png,2026-09-25T01:00:19.590444+00:00,ok
00-0031040,Khalil Mack,lake/gold/nfl/player_photos/00-0031040.png,"https://static.www.nfl.com/image/upload/f_auto,q_auto/league/t9j95jylmjpevgbkvmqn",200,985a2db3240c587299ddfb860d6630d48fe6e905a00ea555dab4c77bbe543670,8904,image/png,2026-09-25T01:00:40.310686+00:00,ok
00-0031054,DaQuan Jones,lake/gold/nfl/player_photos/00-0031054.png,"https://static.www.nfl.com/image/upload/f_auto,q_auto/league/w7qkicdj6v0figbmfp0u",200,1274b7aee25e7a14dcb41250f9fd5c6c90a9ae98132519926e17f0e7a38295d8,8437,image/png,2026-09-25T01:00:25.753949+00:00,ok
00-0031136,Chris Boswell,lake/gold/nfl/player_photos/00-0031136.png,"https://static.www.nfl.com/image/upload/f_auto,q_auto/league/rxbnhvnfjmheuryvdmuf",200,b25996e987acde967c28d28153a21dc238fd477e5743d8f37682e515f205b3bb,8569,image/png,2026-09-25T01:00:19.542987+00:00,ok
00-0031203,Cairo Santos,lake/gold/nfl/player_photos/00-0031203.png,"https://static.www.nfl.com/image/upload/f_auto,q_auto/league/tz5ecjri52gwpoo9s7be",200,35ce30348dd3bdd6be8e6702dc08e3a317d1d179fe2335b0a555cd3bbd5db612,8662,image/png,2026-09-25T01:00:19.559449+00:00,ok
00-0031270,Shelby Harris,lake/gold/nfl/player_photos/00-0031270.png,"https://static.www.nfl.com/image/upload/f_auto,q_auto/league/r1lxhltzhpkmfdocupum",200,edca5fe22bc303b835465aa666b6b6c3ec7004ca55ec9049d797d19dbee1c4b0,8420,image/png,2026-09-25T01:00:25.749349+00:00,ok
00-0031279,Jake Matthews,lake/gold/nfl/player_photos/00-0031279.png,"https://static.www.nfl.com/image/upload/f_auto,q_auto/league/hoifz7uqrpjm5g2mlyaa",200,7b7b0bf6aa3f48dc734022ff55cf734d81de5afd8c183579a8e69e5697bd671b,7850,image/png,2026-09-25T01:00:28.271530+00:00,ok
00-0031330,Morgan Moses,lake/gold/nfl/player_photos/00-0031330.png,"https://static.www.nfl.com/image/upload/f_auto,q_auto/league/xuuf1lrkv3altipbgfjk",200,f13cc728d9bd95a3e1b9312b3e7b604401f8f69e123e50acca67e243220e2167,8014,image/png,2026-09-25T01:00:19.701767+00:00,ok
00-0031360,Kyle Van Noy,lake/gold/nfl/player_photos/00-0031360.png,"https://static.www.nfl.com/image/upload/f_auto,q_auto/league/kxj2hipcguahh4l60vaa",200,a4c15d593aa337856ede98a4db70f47c3be6d8559a33823d04acbae202011625,9308,image/png,2026-09-25T01:00:40.362152+00:00,ok
00-0031364,Jadeveon Clowney,lake/gold/nfl/player_photos/00-0031364.png,"https://static.www.nfl.com/image/upload/f_auto,q_auto/league/iururnv6x8iuzepggwvt",200,0ec3da742d9921419e5ba207c0d85f962143e00b0871311dce70612c9b90f87a,9212,image/png,2026-09-25T01:00:40.432713+00:00,ok
00-0031381,Davante Adams,lake/gold/nfl/player_photos/00-0031381.png,"https://static.www.nfl.com/image/upload/f_auto,q_auto/league/tdzluk4xau3arxqk9zsl",200,7334dfec3f4f120a89b721f18a0d244f16aed5225887e93564e56011b66f8dd0,8325,image/png,2026-09-25T01:00:19.621218+00:00,ok
00-0031388,Aaron Donald,lake/gold/nfl/player_photos/00-0031388.png,"https://static.www.nfl.com/image/private/f_auto,q_auto/league/gou42dathlyc1rfn4pga",200,700bf1a805425ae233d5e109f2f43c4f433fa9ca904614d40d4c431f6c31b616,6041984,image/png,2026-09-25T01:00:52.930321+00:00,ok
00-0031408,Mike Evans,lake/gold/nfl/player_photos/00-0031408.png,"https://static.www.nfl.com/image/upload/f_auto,q_auto/league/zc4ujpmndyxrbiyyjomz",200,8eedacaf21779a3130bac70bc28262f67cdbb395541a95d05f1f3cd6e172ffdb,8525,image/png,2026-09-25T01:00:28.194824+00:00,ok
00-0031411,DeMarcus Lawrence,lake/gold/nfl/player_photos/00-0031411.png,"https://static.www.nfl.com/image/upload/f_auto,q_auto/league/yo0w88bzr0s9qrnmadeq",200,2344abe56421b0677684e20beb25f5783fb2b8dd17c1f40da593753042760a33,7876,image/png,2026-09-25T01:00:40.297841+00:00,ok
00-0031492,Jason Myers,lake/gold/nfl/player_photos/00-0031492.png,"https://static.www.nfl.com/image/upload/f_auto,q_auto/league/zcd7q9loflr0t5bsvzig",200,b9f3cfcc657a12f21e21b9b072ecc0089ca236b0c28ddeb2e190bc3b91a8fe9b,8109,image/png,2026-09-25T01:00:28.417745+00:00,ok
00-0031503,Jameis Winston,lake/gold/nfl/player_photos/00-0031503.png,"https://static.www.nfl.com/image/upload/f_auto,q_auto/league/e5qyxnibbyawi0pvfpjl",200,d26aa57eb9745818ac9808ac8d39bc6c47f43725ce49281be0823abd792f4a8f,7724,image/png,2026-09-25T01:00:38.537246+00:00,ok
00-0031565,Danielle Hunter,lake/gold/nfl/player_photos/00-0031565.png,"https://static.www.nfl.com/image/upload/f_auto,q_auto/league/l4qdgo10becu0f3zgmyj",200,855bd9cf9729a600687f84b7fcf744bf4ff8ef8883b7b4ec638d7d6e3b878ba0,8745,image/png,2026-09-25T01:00:40.290217+00:00,ok
00-0031576,Za'Darius Smith,lake/gold/nfl/player_photos/00-0031576.png,"https://static.www.nfl.com/image/upload/f_auto,q_auto/league/l5t51lcflhhfvxhr1sx3",200,9983554f6112cab087fc4295ccd2da18a76634f2e0de730e44d38d4d7a173920,10277,image/png,2026-09-25T01:00:46.617296+00:00,ok
00-0031583,Grady Jarrett,lake/gold/nfl/player_photos/00-0031583.png,"https://static.www.nfl.com/image/upload/f_auto,q_auto/league/cchbtgvedcufwteb6dip",200,61bb3bf592663caafc66fe541c9e605d6fcac33283a16ad28524141aa1abc3c8,8939,image/png,2026-09-25T01:00:40.352082+00:00,ok
00-0031588,Stefon Diggs,lake/gold/nfl/player_photos/00-0031588.png,"https://static.www.nfl.com/image/upload/f_auto,q_auto/league/cemcexmscsarpvwhafln",200,24a56b83dec214ef67b53d13799f8c3b95704d9273519683795666257e4f280f,8720,image/png,2026-09-25T01:00:19.544516+00:00,ok
00-0031610,Darren Waller,lake/gold/nfl/player_photos/00-0031610.png,"https://static.www.nfl.com/image/upload/f_auto,q_auto/league/loyehiyzcu2lexjk7plq",200,7efb7a6fcbf62f06a9b4e28fd6e5ed8366c0ba84be34287816ea0ab8a9ed5047,10191,image/png,2026-09-25T01:00:19.535818+00:00,ok
00-0031898,Alex Singleton,lake/gold/nfl/player_photos/00-0031898.png,"https://static.www.nfl.com/image/upload/f_auto,q_auto/league/majblawsimvtv3k2xd6j",200,df7f0d759e26bc0a700a145bbca4e2f6d422fc329dc0173645314ca80bd52c39,8341,image/png,2026-09-25T01:00:46.694785+00:00,ok
00-0031933,Leonard Williams,lake/gold/nfl/player_photos/00-0031933.png,"https://static.www.nfl.com/image/upload/f_auto,q_auto/league/jhaogtinjeyrwbjsvbl4",200,ea80032e059244df15be09302f70d464773926bd1203455712d3d79b000ef79e,8772,image/png,2026-09-25T01:00:46.643076+00:00,ok
00-0031957,Rakeem Nunez-Roches,lake/gold/nfl/player_photos/00-0031957.png,"https://static.www.nfl.com/image/upload/f_auto,q_auto/league/udm7hafj1u08xj2blkta",200,86346fd9e5ea8fabd62912cf090be081165616bdcefddf00b9c8298e876a61b8,7484,image/png,2026-09-25T01:00:40.495259+00:00,ok
00-0032065,Bradley Pinion,lake/gold/nfl/player_photos/00-0032065.png,"https://static.www.nfl.com/image/upload/f_auto,q_auto/league/xx5dvt7efcoyiwbhrjrq",200,9c86883518d8984412f34461d7d19e33baf93bcfae0600f9552e8a946a2b9832,8190,image/png,2026-09-25T01:00:28.393662+00:00,ok
00-0032071,Trent Brown,lake/gold/nfl/player_photos/00-0032071.png,"https://static.www.nfl.com/image/upload/f_auto,q_auto/league/cszhfhjysj4e5hm4vbwk",200,90171d3a338673afcf8495066f30a67271cec503c99472b79aa885d88902dc78,8590,image/png,2026-09-25T01:00:19.612786+00:00,ok
00-0032104,Ameer Abdullah,lake/gold/nfl/player_photos/00-0032104.png,"https://static.www.nfl.com/image/upload/f_auto,q_auto/league/k8teyeiqchljlm0h5te4",200,397a08a9d9a4c02158119fe3d6cbfa07b96721578fd77b077716e7c2c5fc8054,9813,image/png,2026-09-25T01:00:28.469016+00:00,ok
00-0032146,Bud Dupree,lake/gold/nfl/player_photos/00-0032146.png,"https://static.www.nfl.com/image/upload/f_auto,q_auto/league/cooz0t9nynyj7cfe1gac",200,add8296ab2ded9000ea96578540a9994d2bcaa51a8fe9160bb0e6c119376b75e,9319,image/png,2026-09-25T01:00:46.913973+00:00,ok
00-0032164,Arik Armstead,lake/gold/nfl/player_photos/00-0032164.png,"https://static.www.nfl.com/image/upload/f_auto,q_auto/league/z6e5xcslnlyaz2egeke3",200,88bbb4985150bbbe23f148245ff4d04312674d90276e112957db9042f526ec2f,9124,image/png,2026-09-25T01:00:28.574543+00:00,ok
00-0032265,Mario Edwards,lake/gold/nfl/player_photos/00-0032265.png,"https://static.www.nfl.com/image/upload/f_auto,q_auto/league/cia50revbealvw5biusr",200,d4e4de15276e1eef3a6e632feddd54d1156e6bac95bdacf0f778f5c76d57916e,8883,image/png,2026-09-25T01:00:40.441702+00:00,ok
00-0032268,Marcus Mariota,lake/gold/nfl/player_photos/00-0032268.png,"https://static.www.nfl.com/image/upload/f_auto,q_auto/league/grx6m1fmu1odltjo3y31",200,03fea80831b53546bd1a7472cdcf1a674b83b22174c6d127d7fa4239eb6af292,8758,image/png,2026-09-25T01:00:26.062655+00:00,ok
00-0032378,DeForest Buckner,lake/gold/nfl/player_photos/00-0032378.png,"https://static.www.nfl.com/image/upload/f_auto,q_auto/league/kww3dh6mlqepwp26wxeo",200,679fc95f0bfd097ede6d9fa03699ffb361eed8c45b167c9aedfcf81e79abf49c,8732,image/png,2026-09-25T01:00:46.873679+00:00,ok
00-0032387,Jarran Reed,lake/gold/nfl/player_photos/00-0032387.png,"https://static.www.nfl.com/image/upload/f_auto,q_auto/league/td7umxhgwkswls8rutk0",200,edb2144437d2c4932f4113b2c2e7dc3411eca61cb1a4756dc50ef5f81c758b26,8931,image/png,2026-09-25T01:00:40.355168+00:00,ok
00-0032392,Austin Hooper,lake/gold/nfl/player_photos/00-0032392.png,"https://static.www.nfl.com/image/upload/f_auto,q_auto/league/dd0j9ccd8fxokl48alzg",200,0d41b6e1979abf1384f3bd122555f2bd085bd34e12deb05eb08dd1f0b2a3a2f6,8127,image/png,2026-09-25T01:00:38.575338+00:00,ok
00-0032398,Chris Moore,lake/gold/nfl/player_photos/00-0032398.png,"https://static.www.nfl.com/image/upload/f_auto,q_auto/league/o0s29hnpztyxqotqdx8h",200,b17ebe67c1920b03b05183f3d98189972c76aac4430eabaadd70075627618655,8502,image/png,2026-09-25T01:00:19.741917+00:00,ok
00-0032424,DJ Reader,lake/gold/nfl/player_photos/00-0032424.png,"https://static.www.nfl.com/image/upload/f_auto,q_auto/league/k3fzivhgxscqaprr71by",200,54e11dd10bf36b6df4b84ac06b040c2d7c9ef9d3b0500914eb6d5f747c5be17c,9373,image/png,2026-09-25T01:00:28.564233+00:00,ok
00-0032445,Ted Karras,lake/gold/nfl/player_photos/00-0032445.png,"https://static.www.nfl.com/image/upload/f_auto,q_auto/league/jhxynr5fgpdtmkygyp4z",200,bc4f9e6b36e9fb3ac18c70772640321fe372bea8b9a3669206ed1b1109edd8ac,8125,image/png,2026-09-25T01:00:38.745203+00:00,ok
00-0032464,Kalif Raymond,lake/gold/nfl/player_photos/00-0032464.png,"https://static.www.nfl.com/image/upload/f_auto,q_auto/league/dpdv6dm0almcbjdppizx",200,dd776e2ce02ff8bc677f4b9c1e2675775ada8f2e9a1254be7fdbbbbc32d87587,7747,image/png,2026-09-25T01:00:19.707060+00:00,ok
00-0032569,Wil Lutz,lake/gold/nfl/player_photos/00-0032569.png,"https://static.www.nfl.com/image/upload/f_auto,q_auto/league/vcglg5vsgbiyggwibgy0",200,5474bf213fafc96b892469d89346bb44ebeb74d364f5f702878890376ed62e52,8440,image/png,2026-09-25T01:00:19.775351+00:00,ok
00-0032701,Jake Brendel,lake/gold/nfl/player_photos/00-0032701.png,"https://static.www.nfl.com/image/upload/f_auto,q_auto/league/kmzgxqcnngnaoichwdm7",200,eade71880d2267aada1f304204449a9464214b9b7c3c0e676ac4af861b068d71,8741,image/png,2026-09-25T01:00:19.646668+00:00,ok
00-0032726,Ka'imi Fairbairn,lake/gold/nfl/player_photos/00-0032726.png,"https://static.www.nfl.com/image/upload/f_auto,q_auto/league/nbrs7doetqydf2rzhjjl",200,daf955df2e0018933016c518406eddfc51bb7de77265862d4df6b2dc71297bc1,7558,image/png,2026-09-25T01:00:19.747193+00:00,ok
00-0032753,Luke Rhodes,lake/gold/nfl/player_photos/00-0032753.png,"https://static.www.nfl.com/image/upload/f_auto,q_auto/league/pvnnjrqgkwh2bq2pqvsj",200,0beaf068e295770b995e33cdd46bcf11da8c8d33d7f562d769321b8ad6133305,9114,image/png,2026-09-25T01:00:19.733917+00:00,ok
00-0032759,Sheldon Rankins,lake/gold/nfl/player_photos/00-0032759.png,"https://static.www.nfl.com/image/upload/f_auto,q_auto/league/fql7vunf3y9uladcpt4r",200,1230fda1bbc1de05c4089b60da73e4eea7cd515e58ecb9aee98773df1043def7,9098,image/png,2026-09-25T01:00:40.308249+00:00,ok
00-0032762,Chris Jones,lake/gold/nfl/player_photos/00-0032762.png,"https://static.www.nfl.com/image/upload/f_auto,q_auto/league/oxaqzhq5bvdoqfcvgy3g",200,db141f43b2dc0093d282801b432eda001066f33ffc0fcd4ca2b1801647fd5c92,7165,image/png,2026-09-25T01:00:46.903876+00:00,ok
00-0032764,Derrick Henry,lake/gold/nfl/player_photos/00-0032764.png,"https://static.www.nfl.com/image/upload/f_auto,q_auto/league/tm79x0iknqg6hms3ypyt",200,a2d0a3cfd3847adf9af0de769ffba0496145eaf0bed752c0150d8b92ec12cc37,8470,image/png,2026-09-25T01:00:19.677086+00:00,ok
00-0032775,Demarcus Robinson,lake/gold/nfl/player_photos/00-0032775.png,"https://static.www.nfl.com/image/upload/f_auto,q_auto/league/cokassoz2z7hb4wk2krh",200,590509046f9c95a9a931db7957b04b3d688394c33a1e4599945012cbbb04d888,9655,image/png,2026-09-25T01:00:28.463900+00:00,ok
00-0032889,A'Shawn Robinson,lake/gold/nfl/player_photos/00-0032889.png,"https://static.www.nfl.com/image/upload/f_auto,q_auto/league/xmh5jhuoelkynsubtjrz",200,cbde6571ac32260d5dcdd1b9218af195b1fbc4cd2397f031b25d637f3fdfd54d,7918,image/png,2026-09-25T01:00:46.901708+00:00,ok
00-0032943,Riley Dixon,lake/gold/nfl/player_photos/00-0032943.png,"https://static.www.nfl.com/image/upload/f_auto,q_auto/league/wcwfdojcfj0i6y1rb5jn",200,3ead2acf661e2c490b085329f3134bb967eb03c6f167b4c9da0eebfb388c0a86,8454,image/png,2026-09-25T01:00:25.820555+00:00,ok
00-0032950,Carson Wentz,lake/gold/nfl/player_photos/00-0032950.png,"https://static.www.nfl.com/image/upload/f_auto,q_auto/league/vuolixdvigc8axelug66",200,bbe938fce1b28cfa8f0a49d447f90bb375e7cca056428022742a546a1e03fb2f,8555,image/png,2026-09-25T01:00:19.727225+00:00,ok
00-0032951,Laquon Treadwell,lake/gold/nfl/player_photos/00-0032951.png,"https://static.www.nfl.com/image/upload/f_auto,q_auto/league/xspi3oy2wlnszorzn6vk",200,0fde3d07791b487bddc0cfc2d610c005d4572d384a817621c575991fd13f5ffe,8461,image/png,2026-09-25T01:00:28.722452+00:00,ok
00-0032965,Ronnie Stanley,lake/gold/nfl/player_photos/00-0032965.png,"https://static.www.nfl.com/image/upload/f_auto,q_auto/league/j91t0jvkrdhfmeoeeryr",200,d0396963b5acba900de732d66c4f352e10e4b07ed533793426296c53c6979d0d,8121,image/png,2026-09-25T01:00:19.813515+00:00,ok
00-0033038,Eric Murray,lake/gold/nfl/player_photos/00-0033038.png,"https://static.www.nfl.com/image/upload/f_auto,q_auto/league/azsral4artrpwkjhh7cy",200,2823996ada7be94dc95f5d7190adaab789eb405b9bb5fbb34a8202020a6611a4,8850,image/png,2026-09-25T01:00:46.946169+00:00,ok
00-0033051,David Onyemata,lake/gold/nfl/player_photos/00-0033051.png,"https://static.www.nfl.com/image/upload/f_auto,q_auto/league/tl0jr4mxarpbmvu3tho9",200,636a9fa369bd298e44e006791e928c21aaea5c8ee0dd9c1063cf7f49156f2968,9031,image/png,2026-09-25T01:00:40.439269+00:00,ok
00-0033055,Jalen Ramsey,lake/gold/nfl/player_photos/00-0033055.png,"https://static.www.nfl.com/image/upload/f_auto,q_auto/league/pjozgun3xstol72jfoow",200,822f4debe0695dae59047552d9eee24212515aabbed1a3e895719e27b3a67b49,10543,image/png,2026-09-25T01:00:40.483479+00:00,ok
00-0033077,Dak Prescott,lake/gold/nfl/player_photos/00-0033077.png,"https://static.www.nfl.com/image/upload/f_auto,q_auto/league/yvscmqq1qki8zfsemmcd",200,1f8bce701858a53b1f22f7051ab7a2a93ac3ecad45d6ba5bdadc73cae5ac1c69,7366,image/png,2026-09-25T01:00:19.777319+00:00,ok
00-0033090,Hunter Henry,lake/gold/nfl/player_photos/00-0033090.png,"https://static.www.nfl.com/image/upload/f_auto,q_auto/league/cvlunbqgztudbhjrug7l",200,75597af4b38c0c43fd3f5de2b125546d1087c6efae00df6d2962155912a6844d,8232,image/png,2026-09-25T01:00:19.752402+00:00,ok
00-0033093,Jonathan Bullard,lake/gold/nfl/player_photos/00-0033093.png,"https://static.www.nfl.com/image/upload/f_auto,q_auto/league/xbebftotzf6hrqfrfnah",200,92dc6905912a960a7afbf2884fd32353259681aac3c3eeed923fd5d95eddf96d,8300,image/png,2026-09-25T01:00:40.704304+00:00,ok
00-0033106,Jared Goff,lake/gold/nfl/player_photos/00-0033106.png,"https://static.www.nfl.com/image/upload/f_auto,q_auto/league/kaicbot8qhzrvddilbtp",200,7173877e776fb108eaf77cfe16c9344c1459f072cb505b69a4e0ec6c87b6dea3,7874,image/png,2026-09-25T01:00:19.732183+00:00,ok
00-0033109,Javon Hargrave,lake/gold/nfl/player_photos/00-0033109.png,"https://static.www.nfl.com/image/upload/f_auto,q_auto/league/lfk4hghl74egnyztqxbn",200,ff2a0970040d6ad3925ec5e761206163ffdd2c4db003b12c7e15707b413a25fe,9091,image/png,2026-09-25T01:00:19.778696+00:00,ok
00-0033110,Tyler Higbee,lake/gold/nfl/player_photos/00-0033110.png,"https://static.www.nfl.com/image/upload/f_auto,q_auto/league/x1d4osiefibd04df6gow",200,ae24f2dc33610c37383fb3628d1391d2093e38493b7388e15e5689c65f08c9e7,8851,image/png,2026-09-25T01:00:19.791466+00:00,ok
00-0033119,Jacoby Brissett,lake/gold/nfl/player_photos/00-0033119.png,"https://static.www.nfl.com/image/upload/f_auto,q_auto/league/qjswiunczrn5xmdiqhlz",200,f4c3b28e6a91265ee56202b1d8d4a8734aded7851960eac660a939afc1718c1c,8747,image/png,2026-09-25T01:00:19.824018+00:00,ok
00-0033120,Kenny Clark,lake/gold/nfl/player_photos/00-0033120.png,"https://static.www.nfl.com/image/upload/f_auto,q_auto/league/nigxygewltiq49894pkt",200,9968694f7b5be4e54d97a4be2f67da0e82571f84145f5ac9c8d488d85e65de18,7833,image/png,2026-09-25T01:00:40.664422+00:00,ok
00-0033131,Maliek Collins,lake/gold/nfl/player_photos/00-0033131.png,"https://static.www.nfl.com/image/upload/f_auto,q_auto/league/tjyv74ytq62fprrfnjrv",200,e2e0b3d1e9569ddf83b1c11189736caf6031eeb66a4c74967af8a84617b62b13,8803,image/png,2026-09-25T01:00:46.934460+00:00,ok
00-0033132,Kevin Byard,lake/gold/nfl/player_photos/00-0033132.png,"https://static.www.nfl.com/image/upload/f_auto,q_auto/league/b11d1p9hvxgvobcqaiud",200,f9907666d73fe205e1d3575a09a1cf425fe0abcacb68a5c0928a6e5bf47066f9,7705,image/png,2026-09-25T01:00:40.616257+00:00,ok
00-0033246,Johnny Mundt,lake/gold/nfl/player_photos/00-0033246.png,"https://static.www.nfl.com/image/upload/f_auto,q_auto/league/gbsnomwbzavt5124vvaz",200,5b5b203870eec3e6f755ed5cd7d312929f7703754929c37b4a122a3378667933,7776,image/png,2026-09-25T01:00:38.612983+00:00,ok
00-0033260,Thomas Hennessy,lake/gold/nfl/player_photos/00-0033260.png,"https://static.www.nfl.com/image/upload/f_auto,q_auto/league/dzwef96yf2ovfdcppbmo",200,99d8956081251dcb41f571a0ec387bd709647cbc93981bc9dc943960ab20f72e,7787,image/png,2026-09-25T01:00:25.743022+00:00,ok
00-0033269,Rigoberto Sanchez,lake/gold/nfl/player_photos/00-0033269.png,"https://static.www.nfl.com/image/upload/f_auto,q_auto/league/i3hjsasd97k3y3z0inc6",200,9f41aedb711503651f3ab2052df23b0a240bb20f65629514f4481cef81c38043,8465,image/png,2026-09-25T01:00:28.843247+00:00,ok
00-0033280,Christian McCaffrey,lake/gold/nfl/player_photos/00-0033280.png,"https://static.www.nfl.com/image/upload/f_auto,q_auto/league/st82s2ytyzanatcmkqck",200,59f104e2390e9b13c0a1e4f996cc105cbc6863df013057d2ceeb389bfa75c79b,8440,image/png,2026-09-25T01:00:28.616914+00:00,ok
00-0033281,Marlon Humphrey,lake/gold/nfl/player_photos/00-0033281.png,"https://static.www.nfl.com/image/upload/f_auto,q_auto/league/zru6ellib9fzob6zq5c3",200,a5699eeec534d83fac281d60c670962a4b1a88606c078143c9adac4ffd6f2d9a,8292,image/png,2026-09-25T01:00:40.701885+00:00,ok
00-0033288,George Kittle,lake/gold/nfl/player_photos/00-0033288.png,"https://static.www.nfl.com/image/upload/f_auto,q_auto/league/vkicdglglkyukgyxtmpx",200,dc7307a8dfe48d3e7a44203caca4e6da40a90c1be12f02a8083b2e9968f6cebd,9232,image/png,2026-09-25T01:00:19.846755+00:00,ok
00-0033290,Jermaine Eluemunor,lake/gold/nfl/player_photos/00-0033290.png,"https://static.www.nfl.com/image/upload/f_auto,q_auto/league/xqlquhcisz9ykfedvele",200,842b14ce86906e5c81f67f4b843c362ab6fc339700e98d97cf14f5b1d3b2763a,7841,image/png,2026-09-25T01:00:19.824443+00:00,ok
00-0033293,Aaron Jones,lake/gold/nfl/player_photos/00-0033293.png,"https://static.www.nfl.com/image/upload/f_auto,q_auto/league/bktkfvgfwujkdbzkcfim",200,445f70447b0833f427af82b9986b0548b185a25c597bdc5eb0fdeed1339f5c4c,10008,image/png,2026-09-25T01:00:19.893598+00:00,ok
00-0033294,Chuck Clark,lake/gold/nfl/player_photos/00-0033294.png,"https://static.www.nfl.com/image/upload/f_auto,q_auto/league/zysqspeckaavbcyduzmz",200,d4e7d040fd21387ee6d61c2da12676c2fcec2fb48dc562511d3dffd39580f6de,8121,image/png,2026-09-25T01:00:40.623571+00:00,ok
00-0033297,D.J. Jones,lake/gold/nfl/player_photos/00-0033297.png,"https://static.www.nfl.com/image/upload/f_auto,q_auto/league/ft4g8bxpn85mshqvp4lj",200,ce2e815d7549555c1cbfa6b13c15ef7cace267a6784751b03d3e488a36a563a5,9677,image/png,2026-09-25T01:00:40.653221+00:00,ok
00-0033303,Harrison Butker,lake/gold/nfl/player_photos/00-0033303.png,"https://static.www.nfl.com/image/upload/f_auto,q_auto/league/yphf8avl8ji0ncdohabz",200,32d7ea87d0d0efa5e22f49664313f993a447d0c52298febe05881004ca7671e2,7768,image/png,2026-09-25T01:00:28.855238+00:00,ok
00-0033307,Kendrick Bourne,lake/gold/nfl/player_photos/00-0033307.png,"https://static.www.nfl.com/image/upload/f_auto,q_auto/league/yzfa94cmhpcqamrwzdzk",200,7f0787607185c4465149068ae2c8ab2be9077f74170ef33e931f27ef280a411c,8551,image/png,2026-09-25T01:00:19.918641+00:00,ok
00-0033319,Nick Mullens,lake/gold/nfl/player_photos/00-0033319.png,"https://static.www.nfl.com/image/upload/f_auto,q_auto/league/haxwyajgngz6quuyqg19",200,bde69e426fb395d5001020e5177727bdf8030e52267e517f49b133649620ddbd,8282,image/png,2026-09-25T01:00:28.718828+00:00,ok
00-0033336,Eric Wilson,lake/gold/nfl/player_photos/00-0033336.png,"https://static.www.nfl.com/image/upload/f_auto,q_auto/league/xp5tifhe6rxrdz4rsm2f",200,83b05594294a224af9772d6bbe2ffec1c8f4e52003282c453b11ef56c322678b,8824,image/png,2026-09-25T01:00:40.710759+00:00,ok
00-0033376,Patrick Ricard,lake/gold/nfl/player_photos/00-0033376.png,"https://static.www.nfl.com/image/upload/f_auto,q_auto/league/nm7ezh46zd5bdxaxz6a9",200,814c1f696a6ada5d85667d8e790127d3433cbe262199f909f15896410d83c631,8149,image/png,2026-09-25T01:00:20.020532+00:00,ok
00-0033381,Adam Butler,lake/gold/nfl/player_photos/00-0033381.png,"https://static.www.nfl.com/image/upload/f_auto,q_auto/league/lhf00svlch3ueul8msuq",200,cf2a7244d71258ae219ada29f1ab47ae620d6f796a11be8078e346edd2b315b5,8731,image/png,2026-09-25T01:00:40.722188+00:00,ok
00-0033523,Jonathan Allen,lake/gold/nfl/player_photos/00-0033523.png,"https://static.www.nfl.com/image/upload/f_auto,q_auto/league/pkrndcps9i443i4wyshq",200,091b2ae8d7ac0e5500423cf2b5317876a041a4adf2f0f7b8fb62fb1074f8c88f,9326,image/png,2026-09-25T01:00:46.942153+00:00,ok
00-0033526,Samaje Perine,lake/gold/nfl/player_photos/00-0033526.png,"https://static.www.nfl.com/image/upload/f_auto,q_auto/league/fllwhcdovol5i7xxahf6",200,e6d209b8e565822c2fe194d010d12728c6a5524c1ece4d0a6df5328dcde1a130,8050,image/png,2026-09-25T01:00:29.714320+00:00,ok
00-0033537,Deshaun Watson,lake/gold/nfl/player_photos/00-0033537.png,"https://static.www.nfl.com/image/private/f_auto,q_auto/league/otfs2docj6eahaebo5xn",200,8109340215b9dffaaffb4642dd8fd55b5f95afc9ed542329cb32d3955d2a467f,454529,image/png,2026-09-25T01:00:29.324692+00:00,ok
00-0033546,Dalvin Tomlinson,lake/gold/nfl/player_photos/00-0033546.png,"https://static.www.nfl.com/image/upload/f_auto,q_auto/league/r3vkktytoghvtrua64hg",200,62702733552a1a14ff72577bdd5886ee1302685f0fad647cfd0eecb4bb5207b5,9932,image/png,2026-09-25T01:00:47.205519+00:00,ok
00-0033551,Rasul Douglas,lake/gold/nfl/player_photos/00-0033551.png,"https://static.www.nfl.com/image/upload/f_auto,q_auto/league/f2ac9dmdbhc6rvgllcbt",200,18e6a45c9572648a4c27408e7fd6d47546814f926c8257ccefc0a2632ce89448,9767,image/png,2026-09-25T01:00:40.772184+00:00,ok
00-0033555,Mack Hollins,lake/gold/nfl/player_photos/00-0033555.png,"https://static.www.nfl.com/image/upload/f_auto,q_auto/league/qbz7whjzsittudcecezw",200,30094d5f3b357a299c29a767eb8d3eddd40b277cae151601b2e9bd8f418dcb8f,7831,image/png,2026-09-25T01:00:29.001968+00:00,ok
00-0033576,Eric Saubert,lake/gold/nfl/player_photos/00-0033576.png,"https://static.www.nfl.com/image/upload/f_auto,q_auto/league/czzieyox5rht6ae3g5tx",200,d44c37a5b4f3348d7e54fb86d50051d47e2a0c0ab7ae773f870c92f7d393a1da,9360,image/png,2026-09-25T01:00:19.898326+00:00,ok
00-0033579,Xavier Woods,lake/gold/nfl/player_photos/00-0033579.png,"https://static.www.nfl.com/image/upload/f_auto,q_auto/league/of7kdkfale5fnuz6u8gr",200,7fcdde412bb63e352a63d48df2864dbf7b30cef05d1d4ab096c00e65a51dce12,8513,image/png,2026-09-25T01:00:25.834415+00:00,ok
00-0033662,Cooper Rush,lake/gold/nfl/player_photos/00-0033662.png,"https://static.www.nfl.com/image/upload/f_auto,q_auto/league/mwrtykpswz7nbfisqlmj",200,a2f08d1598869844fee50422eade5f2e7ec2d0c9e36d4cb1e543a8387d7d7db7,7860,image/png,2026-09-25T01:00:19.957504+00:00,ok
00-0033676,Elijah Wilkinson,lake/gold/nfl/player_photos/00-0033676.png,"https://static.www.nfl.com/image/upload/f_auto,q_auto/league/q24grx1dxcv83l2nmayx",200,00f0ed97adf810f6d69835b71bd6d7398067083fbf8a238cc0130a767e5d8295,8531,image/png,2026-09-25T01:00:29.011047+00:00,ok
00-0033729,Cameron Johnston,lake/gold/nfl/player_photos/00-0033729.png,"https://static.www.nfl.com/image/upload/f_auto,q_auto/league/ppcxjnntytozgd78mhzz",200,c8833c0c647bc2793b61c24f713846dad7578e7f51de4dfed2fa543e2ba63be2,8642,image/png,2026-09-25T01:00:19.966405+00:00,ok
00-0033787,Jake Elliott,lake/gold/nfl/player_photos/00-0033787.png,"https://static.www.nfl.com/image/upload/f_auto,q_auto/league/gxy1mhbnz1p2nufkg8qz",200,849da27c23b11e7f8a07eb9b6c161a194ab03e940625bb20db37927f2d126cfc,7498,image/png,2026-09-25T01:00:29.008135+00:00,ok
00-0033858,Jonnu Smith,lake/gold/nfl/player_photos/00-0033858.png,"https://static.www.nfl.com/image/upload/f_auto,q_auto/league/egd6llghj3n5wfdrqacw",200,1ac8829868d332e09fe9f456e58c885613f09a0f853fa9b7faf7b395eb664f7d,8897,image/png,2026-09-25T01:00:19.950775+00:00,ok
00-0033860,Davon Godchaux,lake/gold/nfl/player_photos/00-0033860.png,"https://static.www.nfl.com/image/upload/f_auto,q_auto/league/mldp5xpbggcf9iacij1s",200,bdd4055723d6272a97607fb7d77463caa76b02cda89e9b0d669bc4f1b7f5ae46,8091,image/png,2026-09-25T01:00:30.299712+00:00,ok
00-0033870,Solomon Thomas,lake/gold/nfl/player_photos/00-0033870.png,"https://static.www.nfl.com/image/upload/f_auto,q_auto/league/zgn4b0p7ezoqdqpto9lb",200,3666caf5f1d0ba1b5fea3a0c478a71b9de2d725bfb801365c0b525496dd078e7,8372,image/png,2026-09-25T01:00:38.744057+00:00,ok
00-0033873,Patrick Mahomes,lake/gold/nfl/player_photos/00-0033873.png,"https://static.www.nfl.com/image/upload/f_auto,q_auto/league/wdckwtob1lybvkmxnf7p",200,58c3c56fb2823628251289b0754e34d958f1f7d822ebc9c2984e41d3f06f45cf,7901,image/png,2026-09-25T01:00:29.007158+00:00,ok
00-0033876,Derek Barnett,lake/gold/nfl/player_photos/00-0033876.png,"https://static.www.nfl.com/image/upload/f_auto,q_auto/league/eh9ienpeakbbr9mw4vlm",200,feea65fb3e8cc40a68e972792bd29f5056a27e813482cd972d1f172395e9b5dc,7584,image/png,2026-09-25T01:00:45.967064+00:00,ok
00-0033877,Malik Hooker,lake/gold/nfl/player_photos/00-0033877.png,"https://static.www.nfl.com/image/upload/f_auto,q_auto/league/qxcbwkhiboobkz1xj68c",200,92a9fb8a4f1d6c6f00dbbf0c2dfd802c3c0576d561dd70a46aa4e67c10b56570,8644,image/png,2026-09-25T01:00:40.728806+00:00,ok
00-0033881,Evan Engram,lake/gold/nfl/player_photos/00-0033881.png,"https://static.www.nfl.com/image/upload/f_auto,q_auto/league/nucl2dxmpvhlywhyro8o",200,3574cfe91283881ef8d579e56eff432da6d24c6dd5fe49888c402f8649a2a9c7,7696,image/png,2026-09-25T01:00:19.929462+00:00,ok
00-0033885,David Njoku,lake/gold/nfl/player_photos/00-0033885.png,"https://static.www.nfl.com/image/upload/f_auto,q_auto/league/y4g1iayqrbrhdvkqywpx",200,ce648f9385dce1172c7360233bc10b0de4c524ec419de823cd049b495ce3d175,8313,image/png,2026-09-25T01:00:20.006323+00:00,ok
00-0033886,T.J. Watt,lake/gold/nfl/player_photos/00-0033886.png,"https://static.www.nfl.com/image/upload/f_auto,q_auto/league/aywegy4gpj1d32vrl67u",200,05bf4d5986ca6b95d4c27964f5be6fe23063a4bfafbb50f31bd23099172ba4ca,9001,image/png,2026-09-25T01:00:47.302949+00:00,ok
00-0033890,Budda Baker,lake/gold/nfl/player_photos/00-0033890.png,"https://static.www.nfl.com/image/upload/f_auto,q_auto/league/tpr5aphfvgckzecyr5rd",200,802d798d1ad98ac81465791fd0f290132b41e0393354179f0a2b08cbfbd720b3,8904,image/png,2026-09-25T01:00:40.779460+00:00,ok
00-0033906,Alvin Kamara,lake/gold/nfl/player_photos/00-0033906.png,"https://static.www.nfl.com/image/upload/f_auto,q_auto/league/yxebpuskandivlh2iil4",200,f7599dd7c62520e18bd64c2d311b5aea4f4e8f49ce459862b49033e94bd57719,8634,image/png,2026-09-25T01:00:38.747271+00:00,ok
00-0033908,Cooper Kupp,lake/gold/nfl/player_photos/00-0033908.png,"https://static.www.nfl.com/image/upload/f_auto,q_auto/league/kjixprihktsfog6wx9sq",200,175bc46958bf8f2d3fd45c4c3ddb5cadf16df5fb434684e288f3c85be2e14fbf,8724,image/png,2026-09-25T01:00:19.943076+00:00,ok
00-0033914,Alex Anzalone,lake/gold/nfl/player_photos/00-0033914.png,"https://static.www.nfl.com/image/upload/f_auto,q_auto/league/ltqvhzvqdxxtl1phtrgi",200,24494b5f5ac3850f0b589a7270f20dde264f46d49c25a577ac583405d45604dc,23938,image/png,2026-09-25T01:00:40.804243+00:00,ok
00-0033918,Fabian Moreau,lake/gold/nfl/player_photos/00-0033918.png,"https://static.www.nfl.com/image/upload/f_auto,q_auto/league/osj1pbe8mj5f7h47l2op",200,e48908b2d1815d4d53a0eab6bde9cbec96b3584dad9d1763fa0c01b9554a12a4,8054,image/png,2026-09-25T01:00:25.819763+00:00,ok
00-0033921,Chris Godwin Jr.,lake/gold/nfl/player_photos/00-0033921.png,"https://static.www.nfl.com/image/upload/f_auto,q_auto/league/ilkheljdx4hbjpisulke",200,cd2fe7f6d582bf6abd2d2a3a6855b9eac896613af19fd4af063b096e4efc1f21,8674,image/png,2026-09-25T01:00:19.944681+00:00,ok
00-0033928,Jourdan Lewis,lake/gold/nfl/player_photos/00-0033928.png,"https://static.www.nfl.com/image/upload/f_auto,q_auto/league/pfd9esqxpi8xgedprdls",200,82467e6a40a974342969305c26266dfc15680cd9c903989f111aaaab93fc5344,8570,image/png,2026-09-25T01:00:40.714586+00:00,ok
00-0033935,Trey Hendrickson,lake/gold/nfl/player_photos/00-0033935.png,"https://static.www.nfl.com/image/upload/f_auto,q_auto/league/ck1pofe4hwbbowzhb8uh",200,12d90b42c0c2c61d5579e8abfdf5b940ee0a7566131f31e5aaba567985910f45,8847,image/png,2026-09-25T01:00:47.179037+00:00,ok
00-0033941,Rayshawn Jenkins,lake/gold/nfl/player_photos/00-0033941.png,"https://static.www.nfl.com/image/upload/f_auto,q_auto/league/e3tppqrhd6bpipfn2k4z",200,47538b4f2d4a92d393c8d1f2ba0b3122b167199d9bb1226fe071e9d30b9cba74,9858,image/png,2026-09-25T01:00:40.865476+00:00,ok
00-0033945,Samson Ebukam,lake/gold/nfl/player_photos/00-0033945.png,"https://static.www.nfl.com/image/upload/f_auto,q_auto/league/cmoytuhhkqslhcpulq5e",200,9c928a1b20b56dd1ffb8eb3e70ebb686ee2ac8fa2fcb2d2b420e6a293f66620d,8474,image/png,2026-09-25T01:00:40.837629+00:00,ok
00-0033952,Grover Stewart,lake/gold/nfl/player_photos/00-0033952.png,"https://static.www.nfl.com/image/upload/f_auto,q_auto/league/hevbchcmeeujuwjcyjqv",200,3a1175af7c326de5282f51e8496f444fe851a1c9026489b74c18da2958129ab3,9160,image/png,2026-09-25T01:00:40.930182+00:00,ok
00-0033964,Al-Quadin Muhammad,lake/gold/nfl/player_photos/00-0033964.png,"https://static.www.nfl.com/image/upload/f_auto,q_auto/league/wlookhzmglrxdjx43l8n",200,5c3ca081e4fe63a3725922b4d68c4592b1dca42d981821034d19926aba729d8d,8288,image/png,2026-09-25T01:00:40.934066+00:00,ok
00-0034091,George Odum,lake/gold/nfl/player_photos/00-0034091.png,"https://static.www.nfl.com/image/upload/f_auto,q_auto/league/watelqvhccitomv8ntny",200,0b845dfdb62f4b616b4068be8f4cfe6c59513c3d830ee468d20162a505bf81f4,8545,image/png,2026-09-25T01:00:19.980906+00:00,ok
00-0034112,Austin Schlottmann,lake/gold/nfl/player_photos/00-0034112.png,"https://static.www.nfl.com/image/upload/f_auto,q_auto/league/afwyxpln2lcv4uhf1mvd",200,a6ae925ed3228c26cb049eeba643166d1a8876feaed42587a8d8b2e7f9ec3f2a,8841,image/png,2026-09-25T01:00:25.860793+00:00,ok
00-0034158,Brian O'Neill,lake/gold/nfl/player_photos/00-0034158.png,"https://static.www.nfl.com/image/upload/f_auto,q_auto/league/ouq6nfernugv9rsvcvwm",200,7d6f58a3e7b687505625b03adeda153ba2d0334d7f05b5924796052eecbed2ef,10302,image/png,2026-09-25T01:00:30.116938+00:00,ok
00-0034160,Michael Dickson,lake/gold/nfl/player_photos/00-0034160.png,"https://static.www.nfl.com/image/upload/f_auto,q_auto/league/apjm64xahlm5hjmoxul7",200,b0c2831ee4968f4946953c880e4418edd33232b4f96090ff989687fee424da87,8171,image/png,2026-09-25T01:00:29.281015+00:00,ok
00-0034161,Daniel Carlson,lake/gold/nfl/player_photos/00-0034161.png,"https://static.www.nfl.com/image/upload/f_auto,q_auto/league/gsvj7rtvqwbwdeho8whf",200,2b348c7c8521a0daf9513616f321a0c4cc0c258faae2057975b56775a388bb8d,7890,image/png,2026-09-25T01:00:29.387836+00:00,ok
00-0034162,J.K. Scott,lake/gold/nfl/player_photos/00-0034162.png,"https://static.www.nfl.com/image/upload/f_auto,q_auto/league/yayikawhfng99cqrosax",200,4932a3fe98c577a4e6a79911878950464f40c1586d97404ced7b9cd63127d671,7940,image/png,2026-09-25T01:00:29.372425+00:00,ok
00-0034163,Jacob Martin,lake/gold/nfl/player_photos/00-0034163.png,"https://static.www.nfl.com/image/upload/f_auto,q_auto/league/iq7og8epwftb1wl8aghd",200,dfb44ad29770a68f7bae8a7a01fa3c5f258b075412b270f8e1d839de9cbb4e91,8754,image/png,2026-09-25T01:00:47.155638+00:00,ok
00-0034173,Eddy Pineiro,lake/gold/nfl/player_photos/00-0034173.png,"https://static.www.nfl.com/image/upload/f_auto,q_auto/league/v3vtl2t4dfzkueanjfwc",200,8008ce07e5f3c4fd6faebc23031d2aaf62643fdf88c88ba0ed724ccbbde67178,9152,image/png,2026-09-25T01:00:29.226844+00:00,ok
00-0034234,Poona Ford,lake/gold/nfl/player_photos/00-0034234.png,"https://static.www.nfl.com/image/upload/f_auto,q_auto/league/emckafsx5psbs9pjhhpe",200,269e7884438ac842e739bf95407c12f84e8a7f8c5619d0b9cdbaa5ed79fe12ee,9392,image/png,2026-09-25T01:00:25.864167+00:00,ok
00-0034248,Elijah Campbell,lake/gold/nfl/player_photos/00-0034248.png,"https://static.www.nfl.com/image/upload/f_auto,q_auto/league/qyz7zre7auvk1ilrfs70",200,d3662a715864c077401d625d995730e7bf050558d711a4b2f28bd53d2ee19693,8056,image/png,2026-09-25T01:00:20.008488+00:00,ok
00-0034275,Foley Fatukasi,lake/gold/nfl/player_photos/00-0034275.png,"https://static.www.nfl.com/image/upload/f_auto,q_auto/league/ttcdigwndhyvmhvgof25",200,f5b14e215412193a01869bcd35075c39f9ff761a25cfbc5a89fa7c975ccc979b,8500,image/png,2026-09-25T01:00:29.445552+00:00,ok
00-0034278,Tremon Smith,lake/gold/nfl/player_photos/00-0034278.png,"https://static.www.nfl.com/image/upload/f_auto,q_auto/league/pva3iicdybaabrrws0sg",200,108b76bd019d96f204a7dc6effe07e3e5b4321ee3babf7d56bd0c6564c8f5573,9700,image/png,2026-09-25T01:00:19.995108+00:00,ok
00-0034285,Zach Sieler,lake/gold/nfl/player_photos/00-0034285.png,"https://static.www.nfl.com/image/upload/f_auto,q_auto/league/s5sel5udu4qvmi9jgryz",200,b16ff864c90a753006cb4921b778c01295a320597b9c717cc6d91d223b112373,8737,image/png,2026-09-25T01:00:41.090193+00:00,ok
00-0034302,Frankie Luvu,lake/gold/nfl/player_photos/00-0034302.png,"https://static.www.nfl.com/image/upload/f_auto,q_auto/league/a42s7i0njohztuhxz13p",200,a2705e235e55a9444fdca39bf3de6223ed1789d279503ff4c4e2d7be5f0d30b9,9366,image/png,2026-09-25T01:00:40.929003+00:00,ok
00-0034320,Kentavius Street,lake/gold/nfl/player_photos/00-0034320.png,"https://static.www.nfl.com/image/upload/f_auto,q_auto/league/svrbvbjq34qrfuqohfkf",200,fc7448e3ad691064be288d8373d623e7275a9b3f9e07d5a64c2636b1af0f8ab9,8596,image/png,2026-09-25T01:00:47.129874+00:00,ok
00-0034333,Daron Payne,lake/gold/nfl/player_photos/00-0034333.png,"https://static.www.nfl.com/image/upload/f_auto,q_auto/league/fyaqgxzjicgbmrethav3",200,2394bf87409db87017fdc5ec9a105a2d4387d515a8a39aab0bad156e69f4de30,9488,image/png,2026-09-25T01:00:41.137970+00:00,ok
00-0034348,Courtland Sutton,lake/gold/nfl/player_photos/00-0034348.png,"https://static.www.nfl.com/image/upload/f_auto,q_auto/league/kqwmqcrlrwmqcvfuguhs",200,64ebad3d6e723c487937bee8234d9a2daee8f6b536af9b692e4e2cbe77f7738d,8277,image/png,2026-09-25T01:00:29.536737+00:00,ok
00-0034350,Uchenna Nwosu,lake/gold/nfl/player_photos/00-0034350.png,"https://static.www.nfl.com/image/upload/f_auto,q_auto/league/eovri4ccfixdbtikxbyg",200,5424c785a634dd67d43e16af28123ba80957b6c36b945281d9fca00bd2fd54c6,9047,image/png,2026-09-25T01:00:41.131090+00:00,ok
00-0034351,Dallas Goedert,lake/gold/nfl/player_photos/00-0034351.png,"https://static.www.nfl.com/image/upload/f_auto,q_auto/league/bafepstxu7vvxb9v5vua",200,318d991b77f3d9499ffcecca85d21544607dd7e205f142706d1a3646ac7c7ec3,9192,image/png,2026-09-25T01:00:29.503664+00:00,ok
00-0034356,Donte Jackson,lake/gold/nfl/player_photos/00-0034356.png,"https://static.www.nfl.com/image/upload/f_auto,q_auto/league/ptrcpfheqfuuyiqexmsq",200,ef8d46ccec1d29e6ec828ea5d2c55c76d400f17e9e23628504f89503628b56f8,9691,image/png,2026-09-25T01:00:41.083782+00:00,ok
00-0034361,Justin Reid,lake/gold/nfl/player_photos/00-0034361.png,"https://static.www.nfl.com/image/upload/f_auto,q_auto/league/ysi7vrkwfhei6adamgb3",200,9dc21673998c09beecd57d888cfd7b6ae477f0c071cb0cd63f8896fb7a21500e,10198,image/png,2026-09-25T01:00:47.221415+00:00,ok
00-0034365,Ian Thomas,lake/gold/nfl/player_photos/00-0034365.png,"https://static.www.nfl.com/image/upload/f_auto,q_auto/league/gvpwnq0mjefjlekgzxro",200,84290d893eac75dd61d461e99dfeeacf93bf6c373d59d5b1662e583977a3021a,9791,image/png,2026-09-25T01:00:38.751836+00:00,ok
00-0034373,Dorance Armstrong,lake/gold/nfl/player_photos/00-0034373.png,"https://static.www.nfl.com/image/upload/f_auto,q_auto/league/iccauovlxlztcx36jitr",200,15f922a05db933add8c507dc03074afb8d9a1625827c00800cb90a542e506df9,8630,image/png,2026-09-25T01:00:25.906309+00:00,ok
00-0034376,Taron Johnson,lake/gold/nfl/player_photos/00-0034376.png,"https://static.www.nfl.com/image/upload/f_auto,q_auto/league/ga88tpaiiaafgcecjboi",200,426096ffc8bbcb950ac1e8fdb4e0508957dae8958f3215e3fae94c74aae6eeca,9008,image/png,2026-09-25T01:00:41.096344+00:00,ok
00-0034377,Avonte Maddox,lake/gold/nfl/player_photos/00-0034377.png,"https://static.www.nfl.com/image/upload/f_auto,q_auto/league/j2guzeu1ggx5opajjl3h",200,4f7a1dde910c5493f2b5e58274cbf985d2b204ab6825e636ddde4b70a5640a9e,9371,image/png,2026-09-25T01:00:41.320100+00:00,ok
00-0034381,Josh Sweat,lake/gold/nfl/player_photos/00-0034381.png,"https://static.www.nfl.com/image/upload/f_auto,q_auto/league/mfeq6gxl0uurxjsqdbos",200,4f6558b8d737bf787a1814b6aeb7ca13a4bbf7277d15e025c2652106f51e7300,8637,image/png,2026-09-25T01:00:47.137254+00:00,ok
00-0034383,Dalton Schultz,lake/gold/nfl/player_photos/00-0034383.png,"https://static.www.nfl.com/image/upload/f_auto,q_auto/league/ym8sbkev8l4scnrc0vd8",200,5a5d883ad17928d1a86d29a12690f47f3ef703d06648dc3a0480bad258103888,8299,image/png,2026-09-25T01:00:29.520900+00:00,ok
00-0034384,D.J. Reed,lake/gold/nfl/player_photos/00-0034384.png,"https://static.www.nfl.com/image/upload/f_auto,q_auto/league/haxt1fpxhgnobin0d5sx",200,5b8192215f3fcdf20e7c5d09c1178908f395dabbf657db76b1be237fd5c56413,7867,image/png,2026-09-25T01:00:47.304740+00:00,ok
00-0034391,Siran Neal,lake/gold/nfl/player_photos/00-0034391.png,"https://static.www.nfl.com/image/upload/f_auto,q_auto/league/bwesbjwrbjpycetidb2q",200,dd5bea8ea78794d25e3ae1f644428e3f1588c1108f0e3f0f25ddf6fb6e1b2a72,8845,image/png,2026-09-25T01:00:29.550761+00:00,ok
00-0034397,Tim Settle,lake/gold/nfl/player_photos/00-0034397.png,"https://static.www.nfl.com/image/upload/f_auto,q_auto/league/pfxye4tf9lojvyeud1d9",200,6916d5063aef8a2fa54dd44620c88a957805c1f30adb0cc3d731128468f05311,10325,image/png,2026-09-25T01:00:20.015240+00:00,ok
00-0034413,Foye Oluokun,lake/gold/nfl/player_photos/00-0034413.png,"https://static.www.nfl.com/image/private/f_auto,q_auto/league/ldsewkhf1k2uxwcud0bj",200,cef8dcdd42321b85eeee8b05f045e721dbfa361bde3e5020a3943164b4692790,4065126,image/png,2026-09-25T01:00:31.088957+00:00,ok
00-0034419,Braxton Berrios,lake/gold/nfl/player_photos/00-0034419.png,"https://static.www.nfl.com/image/upload/f_auto,q_auto/league/striwxmn9t0ixherw7l8",200,1140e51985d7ff3962eac794f1c319d38e93dff4668118673fcc4493367247ea,8603,image/png,2026-09-25T01:00:29.619150+00:00,ok
00-0034429,Jordan Mailata,lake/gold/nfl/player_photos/00-0034429.png,"https://static.www.nfl.com/image/upload/f_auto,q_auto/league/al7gzhilxxfwtflukyei",200,9ece8fe5cdd64da7c234bafedeeff918c1d4f589d12c230139abf11858e0e68c,8808,image/png,2026-09-25T01:00:20.053514+00:00,ok
00-0034431,Zaire Franklin,lake/gold/nfl/player_photos/00-0034431.png,"https://static.www.nfl.com/image/upload/f_auto,q_auto/league/k59qf7qnigqhlxw2652h",200,38666816ac6837f64358e49298aab08f549be788f0ad807aa365daf6cba554fb,9189,image/png,2026-09-25T01:00:47.422016+00:00,ok
00-0034437,Logan Cooke,lake/gold/nfl/player_photos/00-0034437.png,"https://static.www.nfl.com/image/upload/f_auto,q_auto/league/qy2pmeevxy1jndpdq1ai",200,ade005505e7e6008909cc755ada698e2bc82c201674f57f0ca051d847d65546d,8280,image/png,2026-09-25T01:00:29.719598+00:00,ok
00-0034446,Jalen Davis,lake/gold/nfl/player_photos/00-0034446.png,"https://static.www.nfl.com/image/upload/f_auto,q_auto/league/lspbj6tc3afry1certf6",200,9b3e74d5323805f0c614f91568126eed3a4d044d78f945620110bc064132817d,7702,image/png,2026-09-25T01:00:41.238583+00:00,ok
00-0034465,Jeremy Reaves,lake/gold/nfl/player_photos/00-0034465.png,"https://static.www.nfl.com/image/upload/f_auto,q_auto/league/kwmtxcogvel516q4ws86",200,f4faab81380e717a9e1655792b245f9af111e234577bdd6c2a629d3ee650ca97,8327,image/png,2026-09-25T01:00:41.142773+00:00,ok
00-0034473,Dennis Gardeck,lake/gold/nfl/player_photos/00-0034473.png,"https://static.www.nfl.com/image/upload/f_auto,q_auto/league/wmk2eix7vcc9aglty2ga",200,8a85f0171f96897d46fc8be0224c62bb12d80dc93dec4cbb1322352a9a8b13c7,8900,image/png,2026-09-25T01:00:47.468753+00:00,ok
00-0034485,Jonathan Owens,lake/gold/nfl/player_photos/00-0034485.png,"https://static.www.nfl.com/image/upload/f_auto,q_auto/league/myxiqs2nqxdlw2pi8rbd",200,b735780cf059abe1e6ac83c076b21f9aa4eefa6cf7be39080f58582d22135f56,8071,image/png,2026-09-25T01:00:20.087109+00:00,ok
00-0034573,Charvarius Ward,lake/gold/nfl/player_photos/00-0034573.png,"https://static.www.nfl.com/image/upload/f_auto,q_auto/league/x2fesww60ua3fkxk2lyc",200,61b4a6ff10e6583ff9edb7dfd131d42cdd92d466054faf4da1b6311e6bb6cb47,8401,image/png,2026-09-25T01:00:41.136058+00:00,ok
00-0034613,Tanner Hudson,lake/gold/nfl/player_photos/00-0034613.png,"https://static.www.nfl.com/image/upload/f_auto,q_auto/league/pyl2bpjw0vy4idcseama",200,77bcf7c0bc886cd40489ec173f00650c793993f78446b69460c93ac2776384cd,7761,image/png,2026-09-25T01:00:20.038786+00:00,ok
00-0034639,Mike Ford,lake/gold/nfl/player_photos/00-0034639.png,"https://static.www.nfl.com/image/upload/f_auto,q_auto/league/b3k1q0kl0mc7d0t8xkka",200,64ef8310bb383278677c6d3dafe3acefe58014df3fe5bb6385f83d314db77713,9567,image/png,2026-09-25T01:00:41.246630+00:00,ok
00-0034657,Matt Dickerson,lake/gold/nfl/player_photos/00-0034657.png,"https://static.www.nfl.com/image/upload/f_auto,q_auto/league/gtdzbosdflkvbsm8rwiv",200,583bb2aabd29c716983c173d0e6c007df6200f89052e1a42c01821a7204cb51a,8592,image/png,2026-09-25T01:00:41.361764+00:00,ok
00-0034673,Tremaine Edmunds,lake/gold/nfl/player_photos/00-0034673.png,"https://static.www.nfl.com/image/upload/f_auto,q_auto/league/oel5uugavzbyitnjlw7f",200,047d625ff0c709d28f35710adad7462467734f744f6a3052781b7dde52b780d5,9275,image/png,2026-09-25T01:00:41.321928+00:00,ok
00-0034675,Jessie Bates,lake/gold/nfl/player_photos/00-0034675.png,"https://static.www.nfl.com/image/upload/f_auto,q_auto/league/eego6d6svadhqg1dyacg",200,5de8e18825381806e3e66f4b3b1c593802fcb20192cbb084a89e7a5d86b044d8,7804,image/png,2026-09-25T01:00:29.744031+00:00,ok
00-0034720,Robert Spillane,lake/gold/nfl/player_photos/00-0034720.png,"https://static.www.nfl.com/image/upload/f_auto,q_auto/league/xdchysme8chq50omxcui",200,b601a87c77e33f6d8f0b489e6fab8e86bbc736db3579e830bdd4ceeb265eb345,8178,image/png,2026-09-25T01:00:47.436352+00:00,ok
00-0034721,Corey Bojorquez,lake/gold/nfl/player_photos/00-0034721.png,"https://static.www.nfl.com/image/private/f_auto,q_auto/league/eiuli9dmspe6d4cwwa00",200,3c328abd0562753d2a6ce3085d65032fb2355e29a8d5499fa3da3bd434ca28aa,5559164,image/png,2026-09-25T01:00:33.080157+00:00,ok
00-0034752,Orlando Brown,lake/gold/nfl/player_photos/00-0034752.png,"https://static.www.nfl.com/image/private/f_auto,q_auto/league/icuytojhzdm0dqxoebo4",200,5ea82904df0062a499d66340c9b65cc99df5d2fb79e783547d6f004270bdaa5c,3344337,image/png,2026-09-25T01:00:28.034911+00:00,ok
00-0034753,Mark Andrews,lake/gold/nfl/player_photos/00-0034753.png,"https://static.www.nfl.com/image/upload/f_auto,q_auto/league/u4xzz7tclch0tpzm9hhz",200,3762cebb50b218f05999af6e29219a6d0766704bb393b52f3d63e3fee4bb096a,8330,image/png,2026-09-25T01:00:29.687107+00:00,ok
00-0034754,Oren Burks,lake/gold/nfl/player_photos/00-0034754.png,"https://static.www.nfl.com/image/upload/f_auto,q_auto/league/uicl91cysjtnfqev9mjt",200,926f3e22415d4e1e13443fb8d7ce19f602d502aa8e8ad9b5ad17c66cee822f46,7806,image/png,2026-09-25T01:00:20.080019+00:00,ok
00-0034760,Nathan Shepherd,lake/gold/nfl/player_photos/00-0034760.png,"https://static.www.nfl.com/image/upload/f_auto,q_auto/league/sl9b2jgyvmo5yn0vglok",200,35d03f3150aa456ba47d1830ce6b24bbccc271f8a9e81c8bea102f6b9699fc2e,9337,image/png,2026-09-25T01:00:47.444335+00:00,ok
00-0034771,Mason Rudolph,lake/gold/nfl/player_photos/00-0034771.png,"https://static.www.nfl.com/image/upload/f_auto,q_auto/league/oadtxde6hxz1jgrs618o",200,50ae6f2b06ac82a7ca8316493aede27ac8f6edcf5721e53347e5cb300dce98b6,8805,image/png,2026-09-25T01:00:38.734563+00:00,ok
00-0034773,Vita Vea,lake/gold/nfl/player_photos/00-0034773.png,"https://static.www.nfl.com/image/upload/f_auto,q_auto/league/dbumwcqqltdqv9pxkno0",200,c8631440d036a7650b3594169631fa23a418f02638f9f5cc3140bf9b1b645009,8270,image/png,2026-09-25T01:00:41.316217+00:00,ok
00-0034778,Carlton Davis III,lake/gold/nfl/player_photos/00-0034778.png,"https://static.www.nfl.com/image/upload/f_auto,q_auto/league/pzbrbbwgymysharir2ms",200,6fd2f989e7f5a7ba490a84c8f790511bb71c1fd256225d82d8eb7ff5f0e191a5,7387,image/png,2026-09-25T01:00:29.998326+00:00,ok
00-0034782,Harrison Phillips,lake/gold/nfl/player_photos/00-0034782.png,"https://static.www.nfl.com/image/upload/f_auto,q_auto/league/znophhdzukalwuwsx6vx",200,4c87c49660375dccec05d039c97ec8b628eebfbf31d0fd714784f5e1feb5a1ab,8348,image/png,2026-09-25T01:00:41.523873+00:00,ok
00-0034790,Derwin James,lake/gold/nfl/player_photos/00-0034790.png,"https://static.www.nfl.com/image/upload/f_auto,q_auto/league/z9au0ajgcwoeozfdu0ec",200,2a9116cf5d3e296684ef7c2c92fe6e0a5f50dca7ab1f40a562276985ad7a877b,8467,image/png,2026-09-25T01:00:47.527599+00:00,ok
00-0034794,Jason Sanders,lake/gold/nfl/player_photos/00-0034794.png,"https://static.www.nfl.com/image/upload/f_auto,q_auto/league/k3ldptfygihmqgl2eir6",200,1b81630f0f68ce67788b810772c915c67614a39c662d8d6eaeb9d1503586dcac,7948,image/png,2026-09-25T01:00:20.193196+00:00,ok
00-0034796,Lamar Jackson,lake/gold/nfl/player_photos/00-0034796.png,"https://static.www.nfl.com/image/upload/f_auto,q_auto/league/eno6s5qzl9grbfbfwhoa",200,305aa8afcbb81046d460e95c4725b5414a3bb5eaf1c73e5d8a648685273f9eb6,8641,image/png,2026-09-25T01:00:29.896864+00:00,ok
00-0034798,Durham Smythe,lake/gold/nfl/player_photos/00-0034798.png,"https://static.www.nfl.com/image/upload/f_auto,q_auto/league/pwcuy1ntmris98x8xmxi",200,53a74178e98e498494444100e45ffff7d71efa99e1b9c48a4e31ca99efa1faa4,8548,image/png,2026-09-25T01:00:20.164380+00:00,ok
00-0034800,B.J. Hill,lake/gold/nfl/player_photos/00-0034800.png,"https://static.www.nfl.com/image/upload/f_auto,q_auto/league/t5d3t2wt1goqgv5njdqa",200,17abfbe36baa7673b56a058cf62d3ded6ea8992d98bb4b869a414c914a37c651,8034,image/png,2026-09-25T01:00:30.044688+00:00,ok
00-0034801,Josh Woods,lake/gold/nfl/player_photos/00-0034801.png,"https://static.www.nfl.com/image/upload/f_auto,q_auto/league/p6wltly2bismav4hvfvb",200,dc98e190197c2778fc4ca456b2f0f5cac56b8fc6d567c5acd2a947c26c8b3cc5,7099,image/png,2026-09-25T01:00:29.898710+00:00,ok
00-0034805,John Franklin-Myers,lake/gold/nfl/player_photos/00-0034805.png,"https://static.www.nfl.com/image/upload/f_auto,q_auto/league/ixfyxejxsfgffbgd7in2",200,0dab752a294790b41365edd9036607e208d560d5bdd71bb1c24fde3fa9259919,8101,image/png,2026-09-25T01:00:47.612489+00:00,ok
00-0034807,Ogbo Okoronkwo,lake/gold/nfl/player_photos/00-0034807.png,"https://static.www.nfl.com/image/upload/f_auto,q_auto/league/qbhwpvb59fmyguz8ttg0",200,491ec93b7f70603293ebf0a0d7f74eab5523d50e717a9a42b2c1d851dfe1dc50,8839,image/png,2026-09-25T01:00:29.899088+00:00,ok
00-0034810,Sebastian Joseph-Day,lake/gold/nfl/player_photos/00-0034810.png,"https://static.www.nfl.com/image/upload/f_auto,q_auto/league/y9ic1jqwhgcy75hdnptt",200,4c7a49288b2c88b3621c376baf53514353d86f147c7ac11632ad286af41d7c79,10504,image/png,2026-09-25T01:00:30.045632+00:00,ok
00-0034815,Fred Warner,lake/gold/nfl/player_photos/00-0034815.png,"https://static.www.nfl.com/image/upload/f_auto,q_auto/league/zmse3qgt0x2mqiuiuiu7",200,22910ca9043aa9748503e7bff43d815377adb0e120f1efa30d2bfcc0ac8a2b53,8528,image/png,2026-09-25T01:00:47.582833+00:00,ok
00-0034825,Arden Key,lake/gold/nfl/player_photos/00-0034825.png,"https://static.www.nfl.com/image/upload/f_auto,q_auto/league/mcd06fmoc92zmekuyxeg",200,b43e6ce535ada666fbcecc6f078c007fd60391db7f3cbacaa57e7d4aeb4cd13f,9219,image/png,2026-09-25T01:00:41.482016+00:00,ok
00-0034827,DJ Moore,lake/gold/nfl/player_photos/00-0034827.png,"https://static.www.nfl.com/image/upload/f_auto,q_auto/league/lsavpxtqoqu25emwcnvy",200,334ec0c473f1ec8173b9e54279d88b6338025117f67318d67667166ad92954ac,7637,image/png,2026-09-25T01:00:30.069784+00:00,ok
00-0034829,Mike Gesicki,lake/gold/nfl/player_photos/00-0034829.png,"https://static.www.nfl.com/image/upload/f_auto,q_auto/league/dykckg6we3cnw9yhpggi",200,520be8e8f01174779f390422dc83d49a571a461edee355b0f469ed3e8a864df2,7846,image/png,2026-09-25T01:00:20.154922+00:00,ok
00-0034832,Bradley Chubb,lake/gold/nfl/player_photos/00-0034832.png,"https://static.www.nfl.com/image/upload/f_auto,q_auto/league/k65yb752vk1uq7sweetl",200,1990bfb7b2cc57ea133593db4b771ee8ceaeb7710ca311be4346257727ba8880,7811,image/png,2026-09-25T01:00:47.575875+00:00,ok
00-0034837,Calvin Ridley,lake/gold/nfl/player_photos/00-0034837.png,"https://static.www.nfl.com/image/upload/f_auto,q_auto/league/zrv8bjm7zdtboyka2jvr",200,c35f2b9ada986bc672b01d616d053ff5ef896fa93cf2c97038441d6fcb343dec,8084,image/png,2026-09-25T01:00:38.860708+00:00,ok
00-0034843,Mike Hughes,lake/gold/nfl/player_photos/00-0034843.png,"https://static.www.nfl.com/image/upload/f_auto,q_auto/league/tncrybucqelrcrsgumds",200,cc0de735c049b9a26f76e2d6c9bc82c41f377402ce00b85a3964022a67d861d8,8256,image/png,2026-09-25T01:00:47.714891+00:00,ok
00-0034844,Saquon Barkley,lake/gold/nfl/player_photos/00-0034844.png,"https://static.www.nfl.com/image/upload/f_auto,q_auto/league/qcayrzjpura2zydszonh",200,78c7c4e46e16e977f22cf0b2bba3cae9e2ec6c1847e813e0c464ca446a1de436,8414,image/png,2026-09-25T01:00:30.611220+00:00,ok
00-0034847,Mike McGlinchey,lake/gold/nfl/player_photos/00-0034847.png,"https://static.www.nfl.com/image/upload/f_auto,q_auto/league/fddsmma8dpk7kqufb6f1",200,977666aa54ebff6511b524e04315cb83ad607aeb9d7796bfe4d719824d16e975,7803,image/png,2026-09-25T01:00:26.950323+00:00,ok
00-0034854,KhaDarel Hodge,lake/gold/nfl/player_photos/00-0034854.png,"https://static.www.nfl.com/image/upload/f_auto,q_auto/league/mozew14dow474cun5eqp",200,7f5fbc5de587cbe1a63ef7875b3ab394576f89a116417cfdcd5d5488008fecf3,8700,image/png,2026-09-25T01:00:20.198244+00:00,ok
00-0034855,Baker Mayfield,lake/gold/nfl/player_photos/00-0034855.png,"https://static.www.nfl.com/image/upload/f_auto,q_auto/league/gjb8e69jtt1ffqf1afue",200,d26d0e8226cdcc20e8ae7e044612d499fcbaa565f7bbad5d0f1afa6aa0d21ce9,8004,image/png,2026-09-25T01:00:20.180410+00:00,ok
00-0034856,Denzel Ward,lake/gold/nfl/player_photos/00-0034856.png,"https://static.www.nfl.com/image/upload/f_auto,q_auto/league/mmp5gacrbeeolrsgg5wm",200,338b9cd9fbe41be83e3751396df246a9e46ac13c032f9cafa16165223c273a3d,8772,image/png,2026-09-25T01:00:47.648815+00:00,ok
00-0034857,Josh Allen,lake/gold/nfl/player_photos/00-0034857.png,"https://static.www.nfl.com/image/upload/f_auto,q_auto/league/mjwbioajzldkq1vzoz2d",200,0759c4f088865f2499a5edc43b02245806125435f3654b0a6322272dcd369333,7752,image/png,2026-09-25T01:00:20.117829+00:00,ok
00-0034869,Sam Darnold,lake/gold/nfl/player_photos/00-0034869.png,"https://static.www.nfl.com/image/upload/f_auto,q_auto/league/fyay8vruj0cqmhopufzk",200,f8e8184755a0503b2773f34a3d76821809a78b2bb27692f57a35709a0101710f,8574,image/png,2026-09-25T01:00:30.616183+00:00,ok
00-0034874,Roquan Smith,lake/gold/nfl/player_photos/00-0034874.png,"https://static.www.nfl.com/image/upload/f_auto,q_auto/league/hfsdx9xzvyknsdm7bysy",200,d8c8b7b02388d4b012c395ce1ba78ccc27031ca9d9f9b0a0cbff31bdd177af28,8582,image/png,2026-09-25T01:00:47.746379+00:00,ok
00-0034941,Mitch Wishnowsky,lake/gold/nfl/player_photos/00-0034941.png,"https://static.www.nfl.com/image/upload/f_auto,q_auto/league/kjifuyh2rm6dygczcv4f",200,9a76d43fe1b7271397ad012c75c2409f094100d5991cccd5e02d239ed785dd34,8529,image/png,2026-09-25T01:00:30.712978+00:00,ok
00-0034959,Andrew Beck,lake/gold/nfl/player_photos/00-0034959.png,"https://static.www.nfl.com/image/upload/f_auto,q_auto/league/zv8xb3nfxamq7sqa1xqt",200,dcb5cdb92cf91486771e995ebf4232d5c5ed58713e44f9e52b2e6d7867a157e0,8039,image/png,2026-09-25T01:00:25.856952+00:00,ok
00-0034960,Jakobi Meyers,lake/gold/nfl/player_photos/00-0034960.png,"https://static.www.nfl.com/image/upload/f_auto,q_auto/league/zrs4ij8mvw7wr1uujwew",200,4823994f0a1b01cf3e452df2af94b57ad7a493a343fed2a87013b0dad1752bf5,10193,image/png,2026-09-25T01:00:30.672850+00:00,ok
00-0034967,Rashan Gary,lake/gold/nfl/player_photos/00-0034967.png,"https://static.www.nfl.com/image/upload/f_auto,q_auto/league/ew8xw9vqpcmeily0m3fk",200,b498ffa02bd682e054e414df03504ca92e3ca4a6ad99936fd4f7b5690f96130e,9160,image/png,2026-09-25T01:00:47.658101+00:00,ok
00-0034973,Maxx Crosby,lake/gold/nfl/player_photos/00-0034973.png,"https://static.www.nfl.com/image/upload/f_auto,q_auto/league/r9gqe3lrjstj55ydljhk",200,5ff6b34e0bc4c51132fd6ace4cbb51f4b1e1fe280207a87b6d02ccf3298e8acf,9318,image/png,2026-09-25T01:00:47.681950+00:00,ok
00-0034974,Julian Love,lake/gold/nfl/player_photos/00-0034974.png,"https://static.www.nfl.com/image/upload/f_auto,q_auto/league/l2tncxut7ssqo0ilamxq",200,74de4a6a4eef4c5151f61dc718c66dc2f2ce49d139eecd833b14c95bbdc3b392,8621,image/png,2026-09-25T01:00:47.802893+00:00,ok
00-0034975,Justice Hill,lake/gold/nfl/player_photos/00-0034975.png,"https://static.www.nfl.com/image/upload/f_auto,q_auto/league/fuodbrwvianete2gy5ag",200,c6732accceae1a69de221c12452c77d3059e173ef59fd320169e32dbd5bfb3ee,8263,image/png,2026-09-25T01:00:20.165205+00:00,ok
00-0034981,Foster Moreau,lake/gold/nfl/player_photos/00-0034981.png,"https://static.www.nfl.com/image/upload/f_auto,q_auto/league/daymhftrwf00siu0iviy",200,30b4272296ace6c814b2662c9bf16f6043709f64a4cb17e2d96c36daa6bd626f,8683,image/png,2026-09-25T01:00:30.607119+00:00,ok
00-0034982,Dre Greenlaw,lake/gold/nfl/player_photos/00-0034982.png,"https://static.www.nfl.com/image/upload/f_auto,q_auto/league/jtvcc2vtczop90dkl4wd",200,60058b61e5d815edc3acdef50ba6e9613525436fa218f0900c35cf343dcc3e97,10391,image/png,2026-09-25T01:00:41.475013+00:00,ok
00-0034993,Marcus Epps,lake/gold/nfl/player_photos/00-0034993.png,"https://static.www.nfl.com/image/upload/f_auto,q_auto/league/mlmepu3ng2uaqlo4sqhx",200,7a1c7f59ec65831574a8a074db7ea2b044a34f9c17f18947289db0b83cd3b68d,7692,image/png,2026-09-25T01:00:47.937662+00:00,ok
00-0035021,Ashton Dulin,lake/gold/nfl/player_photos/00-0035021.png,"https://static.www.nfl.com/image/upload/f_auto,q_auto/league/ux55cx0r9iwqwmfmaip6",200,8c63723b3be9bf0813b89730951ab2fa31bb350bb1333adc2959611243c565c8,9892,image/png,2026-09-25T01:00:30.678338+00:00,ok
00-0035125,Alec Ingold,lake/gold/nfl/player_photos/00-0035125.png,"https://static.www.nfl.com/image/upload/f_auto,q_auto/league/saqgxmq3xrr68byket0r",200,51b06640d1ca4aad6f0d018aaf60e1db8ce3ac1236fa654b68bcef858c5ac28d,8722,image/png,2026-09-25T01:00:30.716939+00:00,ok
00-0035133,Keisean Nixon,lake/gold/nfl/player_photos/00-0035133.png,"https://static.www.nfl.com/image/upload/f_auto,q_auto/league/ousxob0dqjxxmcalq8aa",200,13f00d86a260122610a2eda873fef7deb7f95d4e3f8c97000d94773b2756877a,9921,image/png,2026-09-25T01:00:41.520706+00:00,ok
00-0035144,Mack Wilson,lake/gold/nfl/player_photos/00-0035144.png,"https://static.www.nfl.com/image/upload/f_auto,q_auto/league/zjazfilpr7k2agiwqpxn",200,c0a3576cdc4aa10ddd9a1aa59bc29327a92094ab90b118944e74fa147b643442,7477,image/png,2026-09-25T01:00:47.963220+00:00,ok
00-0035156,Jack Fox,lake/gold/nfl/player_photos/00-0035156.png,"https://static.www.nfl.com/image/upload/f_auto,q_auto/league/iwfepgslxhtx236z6faz",200,f4b7fac4263cc7258843b2344d544f909ce0d60b49319b59ad998f6ad3757f68,8470,image/png,2026-09-25T01:00:30.602125+00:00,ok
00-0035166,Azeez Al-Shaair,lake/gold/nfl/player_photos/00-0035166.png,"https://static.www.nfl.com/image/upload/f_auto,q_auto/league/s03mktbhybon2whnvytl",200,050fe39054bb727fe23232a455cb9b029ec08941432f7e42a0ac7caa63b9e1f2,8372,image/png,2026-09-25T01:00:47.903085+00:00,ok
00-0035190,AJ Cole,lake/gold/nfl/player_photos/00-0035190.png,"https://static.www.nfl.com/image/upload/f_auto,q_auto/league/t6ah2u0wptbb8n22tehr",200,db2cf5f793e6ab5b193c6953a4b81237414c848157425c0ef7b0853340ed316a,8690,image/png,2026-09-25T01:00:20.137571+00:00,ok
00-0035192,Joey Slye,lake/gold/nfl/player_photos/00-0035192.png,"https://static.www.nfl.com/image/upload/f_auto,q_auto/league/qyugyvvddildncveryob",200,e883f417b07264b8cb8e184a5f85274f1f2a1c6a6a5aa3f5aabd090d19d07b02,8669,image/png,2026-09-25T01:00:20.229472+00:00,ok
00-0035202,Del'Shawn Phillips,lake/gold/nfl/player_photos/00-0035202.png,"https://static.www.nfl.com/image/upload/f_auto,q_auto/league/plnsixu8jpozw1grxuvc",200,360f836955cf189d32647f2e30158735b8e8d68614f2fbd4e34998f869834448,9060,image/png,2026-09-25T01:00:47.845196+00:00,ok
00-0035208,Olamide Zaccheaus,lake/gold/nfl/player_photos/00-0035208.png,"https://static.www.nfl.com/image/upload/f_auto,q_auto/league/zsnzd30ysrewgufbv06y",200,5a4f7bb010e1a712f78a177b7cbc859f9302ac178af6190bb05e6209705becc0,8046,image/png,2026-09-25T01:00:20.216513+00:00,ok
00-0035227,P.J. Locke,lake/gold/nfl/player_photos/00-0035227.png,"https://static.www.nfl.com/image/upload/f_auto,q_auto/league/fzkqg3cd4aa4sfjy4rlx",200,3d05d995e2bf7b7017bed10cf0631691429c19b573ed2051c08efe380595fa9a,8525,image/png,2026-09-25T01:00:47.892481+00:00,ok
00-0035228,Kyler Murray,lake/gold/nfl/player_photos/00-0035228.png,"https://static.www.nfl.com/image/upload/f_auto,q_auto/league/btfruyf33adgnjzpcuen",200,94affdbce0098da69be1932f4edf8ddd045c7e2d4df99b749bd5d10a76f21e84,9063,image/png,2026-09-25T01:00:30.620503+00:00,ok
00-0035229,T.J. Hockenson,lake/gold/nfl/player_photos/00-0035229.png,"https://static.www.nfl.com/image/upload/f_auto,q_auto/league/rs8o65x0u0n9xzde0fd6",200,d0e8388666984f2e9f7062ac2a0ee28c16ce698c9476ffa10d012b5e10759b72,10294,image/png,2026-09-25T01:00:20.181601+00:00,ok
00-0035230,Ed Oliver,lake/gold/nfl/player_photos/00-0035230.png,"https://static.www.nfl.com/image/upload/f_auto,q_auto/league/wqmheiax6xnk7pvcdzav",200,49ba66169f3e8f439db065dee6820522158e9a608e1c0507649a63d662a7fa63,8216,image/png,2026-09-25T01:00:48.198447+00:00,ok
00-0035234,Tytus Howard,lake/gold/nfl/player_photos/00-0035234.png,"https://static.www.nfl.com/image/upload/f_auto,q_auto/league/dsxhasekno62of0prulo",200,c4274cf4d84f85d37bfaf784d15e3297ddee49abaf373e1fabff7dfcf58995d3,8858,image/png,2026-09-25T01:00:30.615134+00:00,ok
00-0035236,Byron Murphy,lake/gold/nfl/player_photos/00-0035236.png,"https://static.www.nfl.com/image/upload/f_auto,q_auto/league/secfzfwznyhcgiow4rvq",200,2ca29410da9048a02fb2a860528cd0138615df155a30db6536e699048f8839f4,10595,image/png,2026-09-25T01:00:41.480701+00:00,ok
00-0035240,Jahlani Tavai,lake/gold/nfl/player_photos/00-0035240.png,"https://static.www.nfl.com/image/upload/f_auto,q_auto/league/srlewkb9utcfby1x0bhh",200,d482ef3e1f7293e6abc51d70a96468265b65be85cdd68863b63801e60e4f2115,10432,image/png,2026-09-25T01:00:41.519664+00:00,ok
00-0035248,Zach Allen,lake/gold/nfl/player_photos/00-0035248.png,"https://static.www.nfl.com/image/upload/f_auto,q_auto/league/ywtnmev7mxnkh1yhbrgx",200,1f50a6d387ba9590714473f48f37d35af81aa1a3931eeaf225840fd30c4ddd09,8845,image/png,2026-09-25T01:00:41.410952+00:00,ok
00-0035249,Josh Oliver,lake/gold/nfl/player_photos/00-0035249.png,"https://static.www.nfl.com/image/upload/f_auto,q_auto/league/awdb5xedlbq0ebpptgzb",200,000e2efc72a1dd960117844ef2c38e83a20605ba93ca90a9d44242c93fe1db7c,8675,image/png,2026-09-25T01:00:31.589968+00:00,ok
00-0035250,Devin Singletary,lake/gold/nfl/player_photos/00-0035250.png,"https://static.www.nfl.com/image/upload/f_auto,q_auto/league/xy2r2msxjqneml2c1cdc",200,e798ffd2aa5e948f985b859ea6d77aff943b6bb0874b49f9cee63e1d269bcadf,8239,image/png,2026-09-25T01:00:20.196268+00:00,ok
00-0035253,C.J. Gardner-Johnson,lake/gold/nfl/player_photos/00-0035253.png,"https://static.www.nfl.com/image/upload/f_auto,q_auto/league/pvzkbh5j3zlna7pkywx6",200,054f04a185a0d4070b73beb2051ca157ba4a1a1be81b4ce912dbd83e9c2359e4,8836,image/png,2026-09-25T01:00:47.945351+00:00,ok
00-0035254,Anthony Nelson,lake/gold/nfl/player_photos/00-0035254.png,"https://static.www.nfl.com/image/upload/f_auto,q_auto/league/b6hjuuemwgsh8q7lmadz",200,5b1aff88f3b539af45ad9493c76f1b559b7df270bc2e0f2132b9da4b14c6870f,7708,image/png,2026-09-25T01:00:20.183594+00:00,ok
00-0035258,Hjalte Froholdt,lake/gold/nfl/player_photos/00-0035258.png,"https://static.www.nfl.com/image/upload/f_auto,q_auto/league/ylkuycgg5mlekrd0e7uy",200,12dc5258791b093397286d6edb1d516793f4b4296f2c0ee4ebfa52782bf79d36,7963,image/png,2026-09-25T01:00:31.786726+00:00,ok
00-0035261,Tony Pollard,lake/gold/nfl/player_photos/00-0035261.png,"https://static.www.nfl.com/image/upload/f_auto,q_auto/league/mb2xdrqiys6ktlcuah2n",200,867e19cb52045904ec316c865604fe32ab4ab8804d64c0662249fd5c98c07199,8448,image/png,2026-09-25T01:00:31.422784+00:00,ok
00-0035262,Drue Tranquill,lake/gold/nfl/player_photos/00-0035262.png,"https://static.www.nfl.com/image/upload/f_auto,q_auto/league/l8faaklzbj7o6moxy0di",200,f13453505acd720aac2ccbf56c53f87e0720ffeb862f42923c86f91e56cfeb9b,8182,image/png,2026-09-25T01:00:47.961915+00:00,ok
00-0035269,Matt Gay,lake/gold/nfl/player_photos/00-0035269.png,"https://static.www.nfl.com/image/upload/f_auto,q_auto/league/opglxpqmhu21eydoyvg2",200,401ddc969a97b064d5d6dda16ba1d7d7f71948dc7e4c95fdd8f99057ec69f802,8770,image/png,2026-09-25T01:00:31.558150+00:00,ok
00-0035272,Andrew Van Ginkel,lake/gold/nfl/player_photos/00-0035272.png,"https://static.www.nfl.com/image/upload/f_auto,q_auto/league/vbpdlib647tcpzz59wyt",200,a1423e799bdf24372344ee547d52fa0a4c687e4db8997405e36116ab97a1854c,9502,image/png,2026-09-25T01:00:47.992264+00:00,ok
00-0035276,Blake Cashman,lake/gold/nfl/player_photos/00-0035276.png,"https://static.www.nfl.com/image/upload/f_auto,q_auto/league/mvui8tjkoewkupyncbok",200,da8eb4772f74285fe09eb76e7e7b10d1bacb3f86e9de680c4f88d59297891214,8288,image/png,2026-09-25T01:00:48.396047+00:00,ok
00-0035277,Mike Jackson,lake/gold/nfl/player_photos/00-0035277.png,"https://static.www.nfl.com/image/upload/f_auto,q_auto/league/ohcl41cpchr9fjoktlj6",200,8002938595702219cb53031acde3e317f00c586bd606a9eb4ed9f861c0c9e6eb,7453,image/png,2026-09-25T01:00:20.253631+00:00,ok
00-0035279,Charles Omenihu,lake/gold/nfl/player_photos/00-0035279.png,"https://static.www.nfl.com/image/upload/f_auto,q_auto/league/epsvk3cdkn7m24ak0wsy",200,655744cd974acd87384137ba7a0210af9586c47f6c9cc3ab04c04cf4a526c9ca,8800,image/png,2026-09-25T01:00:41.713387+00:00,ok
00-0035280,Jake Bailey,lake/gold/nfl/player_photos/00-0035280.png,"https://static.www.nfl.com/image/upload/f_auto,q_auto/league/loghcplmv69wosiqlopr",200,b003b699e89b36f84fb51d14bfb5c241a92c541f1fa3a44d68b23b93b4dd03e6,8654,image/png,2026-09-25T01:00:20.218128+00:00,ok
00-0035286,Cole Holcomb,lake/gold/nfl/player_photos/00-0035286.png,"https://static.www.nfl.com/image/upload/f_auto,q_auto/league/tze6n0gu18n71jassqte",200,32c8133d55f4359c39ef9b58cb08a36ea5a1c8fa706cfa12eb9ccb4cd3bd7361,8751,image/png,2026-09-25T01:00:20.278628+00:00,ok
00-0035316,Kaden Elliss,lake/gold/nfl/player_photos/00-0035316.png,"https://static.www.nfl.com/image/upload/f_auto,q_auto/league/lndj0awmhdulawkcjgua",200,b0804e245dbed4b7e097f9067d01aa753abfbd7cdd59e7f7e1190283f5bc21af,7856,image/png,2026-09-25T01:00:48.010131+00:00,ok
00-0035357,Cam Lewis,lake/gold/nfl/player_photos/00-0035357.png,"https://static.www.nfl.com/image/upload/f_auto,q_auto/league/daximpzohtbyuaxvak82",200,07d6c80451bb30ed797233d0f15e8fd4854a85936489192c6d227f10f93bac82,8291,image/png,2026-09-25T01:00:31.361994+00:00,ok
00-0035358,Chase McLaughlin,lake/gold/nfl/player_photos/00-0035358.png,"https://static.www.nfl.com/image/upload/f_auto,q_auto/league/enkzsuyzk232mbq5oe4w",200,9f7d663918ff06bb42d6bb3a38b584917495a1007c52adb749943c19dc950703,8089,image/png,2026-09-25T01:00:31.393146+00:00,ok
00-0035363,Joe Giles-Harris,lake/gold/nfl/player_photos/00-0035363.png,"https://static.www.nfl.com/image/upload/f_auto,q_auto/league/y9vh7yn88tehcffsx90f",200,09d08c720171b9ef95c31fe16918d4c205b80794b2266754151f6934a73bcc47,8558,image/png,2026-09-25T01:00:48.058745+00:00,ok
00-0035378,Andrew Wingard,lake/gold/nfl/player_photos/00-0035378.png,"https://static.www.nfl.com/image/upload/f_auto,q_auto/league/lueoe3vqsknnvax0gnmf",200,f8d419329a105b41e6e87a76f49e2c37eb60eb5e9d06948230be5694dce23374,10313,image/png,2026-09-25T01:00:41.709835+00:00,ok
00-0035386,T.J. Edwards,lake/gold/nfl/player_photos/00-0035386.png,"https://static.www.nfl.com/image/upload/f_auto,q_auto/league/tqu3uz4nzkcq4crcepj3",200,07527029f95cefa15cdcc9ac7571b3efec99d587fb650e0b4b7bfb2e542694f2,8855,image/png,2026-09-25T01:00:41.820243+00:00,ok
00-0035402,Carl Granderson,lake/gold/nfl/player_photos/00-0035402.png,"https://static.www.nfl.com/image/upload/f_auto,q_auto/league/bhudfgndbvogastdhvb7",200,de7e7c5272e9e93ea894b0cc25c32e4766b355f1ab60f33a86d4c8a479dfa055,9109,image/png,2026-09-25T01:00:48.126420+00:00,ok
00-0035406,Lil'Jordan Humphrey,lake/gold/nfl/player_photos/00-0035406.png,"https://static.www.nfl.com/image/upload/f_auto,q_auto/league/otxrvkflhixz9akhmfqq",200,35fb72c73505589964df167a915346a8fe0c7a5edb26011748ffd0ab00c6ea90,9096,image/png,2026-09-25T01:00:26.073552+00:00,ok
00-0035409,Shy Tuttle,lake/gold/nfl/player_photos/00-0035409.png,"https://static.www.nfl.com/image/upload/f_auto,q_auto/league/lcio402os2qzxmchbvvw",200,1023a806419b277f02cb665dcff847708e178b042adba83ddd99a0ece1c42c7a,10501,image/png,2026-09-25T01:00:31.430448+00:00,ok
00-0035413,Luke Gifford,lake/gold/nfl/player_photos/00-0035413.png,"https://static.www.nfl.com/image/upload/f_auto,q_auto/league/w1bg0aqsnbulotbxfstd",200,480e9d65b9bffbeb6f195a1af26f1250651f4601494d1e2baf589c0ca8402d01,8635,image/png,2026-09-25T01:00:38.759081+00:00,ok
00-0035500,Greg Dortch,lake/gold/nfl/player_photos/00-0035500.png,"https://static.www.nfl.com/image/upload/f_auto,q_auto/league/pylafoddjiqh4rhjlhpf",200,2e8db1167fc6a869f5b4e213c9c208362b79182bb3969863a3e9886fa4371f8d,9245,image/png,2026-09-25T01:00:48.077100+00:00,ok
00-0035525,Devin Bush,lake/gold/nfl/player_photos/00-0035525.png,"https://static.www.nfl.com/image/upload/f_auto,q_auto/league/yn9buon12abtkbrm9cqm",200,cab72e9437141bdac6b75a823e024b299f2213f22832ca7f907cc354376ae437,11527,image/png,2026-09-25T01:00:31.580995+00:00,ok
00-0035526,Elgton Jenkins,lake/gold/nfl/player_photos/00-0035526.png,"https://static.www.nfl.com/image/upload/f_auto,q_auto/league/am4um8hjfero03sgxrgn",200,8d71019f54d5be583109b40b10f65d4fdd017444d339576bd97d61b595a85b92,9289,image/png,2026-09-25T01:00:20.310227+00:00,ok
00-0035544,Tom Kennedy,lake/gold/nfl/player_photos/00-0035544.png,"https://static.www.nfl.com/image/upload/f_auto,q_auto/league/cbpuzvde5zqalmkjo0dv",200,fda66da230717cf09a29cf53bf2fdfd6037cf7ba44299204362b65e7fd176391,8508,image/png,2026-09-25T01:00:31.390700+00:00,ok
00-0035588,Garrett Bradbury,lake/gold/nfl/player_photos/00-0035588.png,"https://static.www.nfl.com/image/upload/f_auto,q_auto/league/lpe4jgum1im7luvecrc4",200,9bf8247cccdb02aa11e87ede3ab61835961f0b36df12c63d03989a438b584a9e,8764,image/png,2026-09-25T01:00:31.431671+00:00,ok
00-0035594,Travis Homer,lake/gold/nfl/player_photos/00-0035594.png,"https://static.www.nfl.com/image/upload/f_auto,q_auto/league/dyyclvfaagspov2ydf3i",200,13ee7ca9a291c8d983a8d16f6bcfe582e217b495eba87656a85e839525e8ab69,8404,image/png,2026-09-25T01:00:38.803797+00:00,ok
00-0035617,Troy Reeder,lake/gold/nfl/player_photos/00-0035617.png,"https://static.www.nfl.com/image/upload/f_auto,q_auto/league/laiuwnorvmneuwvav61k",200,31c34ad1fc512f6f85ff70a40b41fec2640c6ee03f988f8ac1699cca4565501d,8527,image/png,2026-09-25T01:00:26.078862+00:00,ok
00-0035630,Chris Lindstrom,lake/gold/nfl/player_photos/00-0035630.png,"https://static.www.nfl.com/image/upload/f_auto,q_auto/league/ej9vnjijinovikapg3nz",200,51bf7b0302ee1bc20bd55906dce9cea29d8a46d3bafc4d89d38ebb14f1678997,9109,image/png,2026-09-25T01:00:20.338999+00:00,ok
00-0035631,Drew Sample,lake/gold/nfl/player_photos/00-0035631.png,"https://static.www.nfl.com/image/upload/f_auto,q_auto/league/mmxrr2k7gdfowqpyxtr7",200,887eead200991f67b8f71c9ce36ed83035b3c80529cc89a7ecbdcbf0e2006a97,8059,image/png,2026-09-25T01:00:31.479308+00:00,ok
00-0035632,Amani Hooker,lake/gold/nfl/player_photos/00-0035632.png,"https://static.www.nfl.com/image/upload/f_auto,q_auto/league/h2jriwibpvmgdc33zsjc",200,78c2f7944fc8d35c1aad42ad336f194c6bdd5e8ad75237f6953c05050ea279f0,8293,image/png,2026-09-25T01:00:41.784852+00:00,ok
00-0035636,L.J. Collier,lake/gold/nfl/player_photos/00-0035636.png,"https://static.www.nfl.com/image/private/f_auto,q_auto/league/i39nt3smr30rgznvlal3",200,db4d59e12678762409f900449eefff3fe0cf86c1b6a3d6066f9700708f5a58f6,4827221,image/png,2026-09-25T01:00:21.271322+00:00,ok
00-0035637,Rock Ya-Sin,lake/gold/nfl/player_photos/00-0035637.png,"https://static.www.nfl.com/image/upload/f_auto,q_auto/league/llibqv3euvevt5m4ftnj",200,291ae0399a1b70ed4e825c0f690360f340f2f64d89be93e299056d784e23ee59,8150,image/png,2026-09-25T01:00:48.095718+00:00,ok
00-0035640,DK Metcalf,lake/gold/nfl/player_photos/00-0035640.png,"https://static.www.nfl.com/image/upload/f_auto,q_auto/league/kxql4sjfelubhxawu2zh",200,08b065da543ec87d8449ad4d5c666ff7a21926f937062bb8687f3162ce992109,10375,image/png,2026-09-25T01:00:31.411534+00:00,ok
00-0035642,Josh Hines-Allen,lake/gold/nfl/player_photos/00-0035642.png,"https://static.www.nfl.com/image/upload/f_auto,q_auto/league/q8vaxyizpzrlwlhsthvl",200,cdfc6586aa30b335c25346bcfee9811aa3224422a47ec8d35060c856e7932724,8421,image/png,2026-09-25T01:00:41.664565+00:00,ok
00-0035643,Jeffery Simmons,lake/gold/nfl/player_photos/00-0035643.png,"https://static.www.nfl.com/image/upload/f_auto,q_auto/league/lt545qfibz7n9jlqyqov",200,beccaeacc17e98683c8d7a4ed34c7081d6498a8374b4e1a02a17d060db3661a0,8030,image/png,2026-09-25T01:00:41.661969+00:00,ok
00-0035644,Noah Fant,lake/gold/nfl/player_photos/00-0035644.png,"https://static.www.nfl.com/image/upload/f_auto,q_auto/league/lijnonbrcmplvkcb5kqv",200,00ca2303782ca891d233be65905d2e35ac2ab11e0ed313ef6462f77dd3171d1e,8213,image/png,2026-09-25T01:00:20.316164+00:00,ok
00-0035647,Montez Sweat,lake/gold/nfl/player_photos/00-0035647.png,"https://static.www.nfl.com/image/upload/f_auto,q_auto/league/lmaq9dyixaolzxleqb5e",200,9de6e04a98b6295602ff5667cb6ce4ed8984b3461ee4681ad92083dfd39ab7e1,8330,image/png,2026-09-25T01:00:41.711997+00:00,ok
00-0035659,Terry McLaurin,lake/gold/nfl/player_photos/00-0035659.png,"https://static.www.nfl.com/image/upload/f_auto,q_auto/league/tmfl2zruajmkrtcg4zxp",200,208565679942d74635e85fa78273680431f0862991df739cd05644d06346e409,8314,image/png,2026-09-25T01:00:20.380745+00:00,ok
00-0035662,Marquise Brown,lake/gold/nfl/player_photos/00-0035662.png,"https://static.www.nfl.com/image/upload/f_auto,q_auto/league/shkjxggufymydgp6wk3p",200,95e39eb96d05382db0e502d89649ea07ca3f8d9615da499a0e5d93504ae1e9ad,7677,image/png,2026-09-25T01:00:26.038221+00:00,ok
00-0035667,Greg Gaines,lake/gold/nfl/player_photos/00-0035667.png,"https://static.www.nfl.com/image/upload/f_auto,q_auto/league/zo3aqstf8ng4tju17tid",200,73bcb2e5990aee1db268bd3f3e3e662fefd7dbe6805f1a46695f8336e9e36752,8578,image/png,2026-09-25T01:00:48.203493+00:00,ok
00-0035669,Nick Scott,lake/gold/nfl/player_photos/00-0035669.png,"https://static.www.nfl.com/image/upload/f_auto,q_auto/league/rxmve4vvejz6looxumrw",200,e909b8e7d17806fdc130e8af153598fba0ee7a037113635570d48fa5d1b6d73d,7552,image/png,2026-09-25T01:00:48.269821+00:00,ok
00-0035672,Cody Barton,lake/gold/nfl/player_photos/00-0035672.png,"https://static.www.nfl.com/image/upload/f_auto,q_auto/league/gdsui5swyoiuqadewwob",200,3604aac463c52b0671a4adc037975fe27e2b568c12be88685ace0253ae930d5d,8474,image/png,2026-09-25T01:00:41.821758+00:00,ok
00-0035674,Jerry Tillery,lake/gold/nfl/player_photos/00-0035674.png,"https://static.www.nfl.com/image/upload/f_auto,q_auto/league/cyu9a5fqoidiujclm8dy",200,5cae903a1b5d61b76eebf0e49baf90a2416599cfdbe44dfdc66f9be904385cfc,10046,image/png,2026-09-25T01:00:48.232206+00:00,ok
00-0035676,A.J. Brown,lake/gold/nfl/player_photos/00-0035676.png,"https://static.www.nfl.com/image/upload/f_auto,q_auto/league/qfhvjyssf0lwsh0kienp",200,42129259941e3b21abc0bac1a308de28823585d8a84f58c57cee03a2414ec562,9184,image/png,2026-09-25T01:00:31.368880+00:00,ok
00-0035678,Dre'Mont Jones,lake/gold/nfl/player_photos/00-0035678.png,"https://static.www.nfl.com/image/upload/f_auto,q_auto/league/srvoexno6ilcwzm11vgv",200,3732b171994b7e72cca926ef7d0f4fe112072716614f4371a529ca46a2b3bb67,8288,image/png,2026-09-25T01:00:41.825964+00:00,ok
00-0035680,Quincy Williams,lake/gold/nfl/player_photos/00-0035680.png,"https://static.www.nfl.com/image/upload/f_auto,q_auto/league/ukxxxlah4iappss0ro9e",200,bfbe0e96bae00ccf87e2ec8b66a7ecad0e5bc757fd67ba0bbb2d58930feb49e2,8995,image/png,2026-09-25T01:00:41.864440+00:00,ok
00-0035683,Dexter Lawrence,lake/gold/nfl/player_photos/00-0035683.png,"https://static.www.nfl.com/image/upload/f_auto,q_auto/league/nhk41gu7prupza1wda8v",200,0268ba732921fe512fde9c2b20842f2239bd1e1e8edaa054e0db3b87d6575037,8552,image/png,2026-09-25T01:00:41.782394+00:00,ok
00-0035685,David Montgomery,lake/gold/nfl/player_photos/00-0035685.png,"https://static.www.nfl.com/image/upload/f_auto,q_auto/league/csz0c9roa4pqsccothxg",200,ef2e003786f2c933fef3555745b0173d3fd755a694abb4e8fa0f9d16f27fe664,7776,image/png,2026-09-25T01:00:31.421131+00:00,ok
00-0035687,Bobby Okereke,lake/gold/nfl/player_photos/00-0035687.png,"https://static.www.nfl.com/image/upload/f_auto,q_auto/league/q5gc9nwmikqcyza7m3ku",200,824c849d4a558cfd48e6195f2a8214e6c95f883a3e4953d9a76c89495e36b6b5,8075,image/png,2026-09-25T01:00:48.280717+00:00,ok
00-0035689,Dawson Knox,lake/gold/nfl/player_photos/00-0035689.png,"https://static.www.nfl.com/image/upload/f_auto,q_auto/league/k8bi9ppahwfmoxs8ij4w",200,6cf01deea2a5d6e966adb9e1f49df4804cd230e283afefe1d50d280e11d2691c,8877,image/png,2026-09-25T01:00:20.381461+00:00,ok
00-0035692,Clelin Ferrell,lake/gold/nfl/player_photos/00-0035692.png,"https://static.www.nfl.com/image/upload/f_auto,q_auto/league/rit24n5qbvlrxdv6w9fq",200,6b891b425a05011c194ee5bd627d4a391b48a98804eb62ef7e87ee64a797ac17,8995,image/png,2026-09-25T01:00:20.359450+00:00,ok
00-0035699,Jamel Dean,lake/gold/nfl/player_photos/00-0035699.png,"https://static.www.nfl.com/image/upload/f_auto,q_auto/league/i14xz1t5kffhey7aas39",200,30861161820fe9126e997e0a98f71f916df5365b54b7fa95bb13be8a0d7f1f7a,8658,image/png,2026-09-25T01:00:41.873776+00:00,ok
00-0035702,Dalton Risner,lake/gold/nfl/player_photos/00-0035702.png,"https://static.www.nfl.com/image/upload/f_auto,q_auto/league/egrb3digghpyj13effdb",200,2eb2f2c3f5ddd9fded7a7f630f272ec929116d41337d42f4f631143ce0df6ed6,8336,image/png,2026-09-25T01:00:26.076071+00:00,ok
00-0035704,Drew Lock,lake/gold/nfl/player_photos/00-0035704.png,"https://static.www.nfl.com/image/upload/f_auto,q_auto/league/vdixnkk1uglfpwowalf8",200,7ef7388118ae5c680d0b4d93c420b8e6272284d787c522d8e1fc7b87a67bd241,8051,image/png,2026-09-25T01:00:31.466757+00:00,ok
00-0035705,Jalen Thompson,lake/gold/nfl/player_photos/00-0035705.png,"https://static.www.nfl.com/image/upload/f_auto,q_auto/league/dlsbnnvfzsmnqh3c05ah",200,b6398ebe8201d734310932e4b18fbe05293b08a537ef802679af43c58026fdc9,8466,image/png,2026-09-25T01:00:41.876302+00:00,ok
00-0035707,Devin White,lake/gold/nfl/player_photos/00-0035707.png,"https://static.www.nfl.com/image/upload/f_auto,q_auto/league/oqv87a7jn67zgnlplnbp",200,0d6c23b5339b80d880d55d9e58bd549ae714eb6825fc78006881ce178318a0a5,8559,image/png,2026-09-25T01:00:48.286504+00:00,ok
00-0035710,Daniel Jones,lake/gold/nfl/player_photos/00-0035710.png,"https://static.www.nfl.com/image/upload/f_auto,q_auto/league/ohvvctuykzwrpqer7xgl",200,1f55f1b98262e75b107478bea5de1b24e0279c741a9b2fc375925b926833b09a,7976,image/png,2026-09-25T01:00:20.349170+00:00,ok
00-0035713,Brian Burns,lake/gold/nfl/player_photos/00-0035713.png,"https://static.www.nfl.com/image/upload/f_auto,q_auto/league/glmrmpqkmsc0jiyicmlg",200,b56c8485a10936d89003db2727348f997903fecbee77d9b9cc638b78a825d141,9216,image/png,2026-09-25T01:00:41.942219+00:00,ok
00-0035717,Nick Bosa,lake/gold/nfl/player_photos/00-0035717.png,"https://static.www.nfl.com/image/upload/f_auto,q_auto/league/c7grjmvod7lnrfz4ordx",200,c69e4b368a2b2b9d8ace1be41495c931ee17c4f38a54b7a0462d8560ccaa6e8d,9064,image/png,2026-09-25T01:00:41.867455+00:00,ok
00-0035718,Quinnen Williams,lake/gold/nfl/player_photos/00-0035718.png,"https://static.www.nfl.com/image/upload/f_auto,q_auto/league/lijqxjhytjakehnusgmn",200,c87568a3274358d5a32b717c5acf53e1c6aab34fd3068a8700a422ee48cb9dce,8605,image/png,2026-09-25T01:00:41.781496+00:00,ok
00-0035719,Deebo Samuel Sr.,lake/gold/nfl/player_photos/00-0035719.png,"https://static.www.nfl.com/image/upload/f_auto,q_auto/league/ntgyhqg6hq7fanhhsqiw",200,5489618dc409299620b8b4f2b4c4f70c0bfccaa655750e9480f983f4191c7806,8848,image/png,2026-09-25T01:00:20.447237+00:00,ok
00-0035763,Malcolm Roach,lake/gold/nfl/player_photos/00-0035763.png,"https://static.www.nfl.com/image/upload/f_auto,q_auto/league/oxcd8veodm7hkiualglu",200,15a69866aecc427fde830e4230d3dbc650de9c3af775012f59519f708a274d06,9555,image/png,2026-09-25T01:00:42.093586+00:00,ok
00-0035795,James Pierre,lake/gold/nfl/player_photos/00-0035795.png,"https://static.www.nfl.com/image/upload/f_auto,q_auto/league/ejlisynlop21gglz3zbh",200,0e085fca690f18f6d7fcfd7fc6e648479462a88427236a9d45719f32c14baebf,8817,image/png,2026-09-25T01:00:48.399020+00:00,ok
00-0035821,Corliss Waitman,lake/gold/nfl/player_photos/00-0035821.png,"https://static.www.nfl.com/image/upload/f_auto,q_auto/league/tob4qaxxwhpmnalutnk8",200,92c634fcf8ae3cc827f52862ef6488be7600af1e5c5f4b8cd40f830d0462cc37,9228,image/png,2026-09-25T01:00:20.353602+00:00,ok
00-0035827,Ross Matiscik,lake/gold/nfl/player_photos/00-0035827.png,"https://static.www.nfl.com/image/upload/f_auto,q_auto/league/xpeopg39g2uqbfu71hai",200,b862f09277ec4af4bc2bef70af5eb4d3f55bb44533850afc5ee0f01cc080bca2,8487,image/png,2026-09-25T01:00:31.838015+00:00,ok
00-0035859,Blake Gillikin,lake/gold/nfl/player_photos/00-0035859.png,"https://static.www.nfl.com/image/upload/f_auto,q_auto/league/pgasxtghfviimlj55tn0",200,8620c183d5e0b87b8865ecda5914267c7d9c089fc21ef294b175c861b53c3d83,8729,image/png,2026-09-25T01:00:20.400091+00:00,ok
00-0035889,Tommy Townsend,lake/gold/nfl/player_photos/00-0035889.png,"https://static.www.nfl.com/image/upload/f_auto,q_auto/league/zwolwrghzfucwck0bwld",200,2e036a2ae78f54406727b5bf9928f3e39b7263e4e36d1ad92662f02b3a979c79,10552,image/png,2026-09-25T01:00:20.398126+00:00,ok
00-0035891,Cody White,lake/gold/nfl/player_photos/00-0035891.png,"https://static.www.nfl.com/image/upload/f_auto,q_auto/league/qaxlehtrp722qleo48sc",200,8ab317ee45dd165c05507d42d98586854f500caf20a0a7f445aa6564e96c12e0,7643,image/png,2026-09-25T01:00:20.407318+00:00,ok
00-0035900,Cole Christiansen,lake/gold/nfl/player_photos/00-0035900.png,"https://static.www.nfl.com/image/upload/f_auto,q_auto/league/x74ojmotlufzvz8jmetl",200,0e6e473e869ff955a92b993aca9353ae70309678456613832b319dc42c665447,8123,image/png,2026-09-25T01:00:26.052075+00:00,ok
00-0035933,Michael Hoecht,lake/gold/nfl/player_photos/00-0035933.png,"https://static.www.nfl.com/image/upload/f_auto,q_auto/league/jc7u6udenysloew1b4sx",200,24e039f2abb056eca110c583ca0f2053e683ec5dfde8a7b162944e19784177c4,8470,image/png,2026-09-25T01:00:48.277318+00:00,ok
00-0036036,Terence Steele,lake/gold/nfl/player_photos/00-0036036.png,"https://static.www.nfl.com/image/upload/f_auto,q_auto/league/ezmoh6joqsserp3ogcqc",200,c432bdcdd3b6f22cefb70662d4e56b264d2d131b1f8961d25b386cf7363e2eff,7632,image/png,2026-09-25T01:00:20.423451+00:00,ok
00-0036037,Sam Franklin Jr.,lake/gold/nfl/player_photos/00-0036037.png,"https://static.www.nfl.com/image/upload/f_auto,q_auto/league/djoisg0rjwm8t8dlskvn",200,b7e82687010fe4d1ea94149a953cdde8c93c2784455b01d6c556c790e2979a12,7644,image/png,2026-09-25T01:00:20.432604+00:00,ok
00-0036040,Juwan Johnson,lake/gold/nfl/player_photos/00-0036040.png,"https://static.www.nfl.com/image/upload/f_auto,q_auto/league/ahzqkvhjot6lygwr4ccb",200,b6877e72d2beb251a4080779fbb118f853d2374eb069780d0c2a53a602a460ba,7625,image/png,2026-09-25T01:00:20.495769+00:00,ok
00-0036081,Broderick Washington,lake/gold/nfl/player_photos/00-0036081.png,"https://static.www.nfl.com/image/upload/f_auto,q_auto/league/p5tkzkh6v2hda70lwojk",200,6ad64c083270a003c5a98fea14bd5eec532df8c3d58bcfd8dd0a2d4ba8c417d2,8296,image/png,2026-09-25T01:00:20.488168+00:00,ok
00-0036124,Khalil Dorsey,lake/gold/nfl/player_photos/00-0036124.png,"https://static.www.nfl.com/image/upload/f_auto,q_auto/league/fuzzcdksr4hobrl1rdhv",200,273242918709db923c88aa9ffa74f4150f69340061edc3c7415c8f03a153b372,12763,image/png,2026-09-25T01:00:20.473481+00:00,ok
00-0036132,Ben Bredeson,lake/gold/nfl/player_photos/00-0036132.png,"https://static.www.nfl.com/image/upload/f_auto,q_auto/league/nkygbtdxvxhluyjumvxu",200,ec9d74492eca298ab5209f0ffbdd3facd53d73c164176d370b48c9c8f3351cca,7816,image/png,2026-09-25T01:00:38.712567+00:00,ok
00-0036139,Rico Dowdle,lake/gold/nfl/player_photos/00-0036139.png,"https://static.www.nfl.com/image/upload/f_auto,q_auto/league/mx2bxccuzmdvzbksypws",200,feec76213971ada916e8a15773fd16b9df635425ca56870480c4c137c875626f,9581,image/png,2026-09-25T01:00:20.537233+00:00,ok
00-0036157,Kristian Welch,lake/gold/nfl/player_photos/00-0036157.png,"https://static.www.nfl.com/image/upload/f_auto,q_auto/league/iqibbhzklifflirfqvoq",200,7ab141932d02f40cdd0451c02774158c9e7e7bc70ec9469f0a7ef8ee34fc8f9d,8307,image/png,2026-09-25T01:00:31.823693+00:00,ok
00-0036158,J.K. Dobbins,lake/gold/nfl/player_photos/00-0036158.png,"https://static.www.nfl.com/image/upload/f_auto,q_auto/league/cevotvl3ho5h1mioruyg",200,7a449f20714fe9e55d4e2309cdb4b5ffc09eda44a7366d2d8611fa105daa9d2e,8381,image/png,2026-09-25T01:00:31.914838+00:00,ok
00-0036159,Joshua Uche,lake/gold/nfl/player_photos/00-0036159.png,"https://static.www.nfl.com/image/upload/f_auto,q_auto/league/dtuiphmwezecyapeyefe",200,996e5c66b77b7849c61e36d77ac03b3915ec60a93e1e1284c72b5052c06c7c1c,8221,image/png,2026-09-25T01:00:42.110691+00:00,ok
00-0036162,Tyler Bass,lake/gold/nfl/player_photos/00-0036162.png,"https://static.www.nfl.com/image/upload/f_auto,q_auto/league/rwidgp7jp8vxhssi7und",200,e6515d56be87493f71845e938d5fbd2720fb07a868d96f02cd326e9cc7f5691f,7785,image/png,2026-09-25T01:00:31.781956+00:00,ok
00-0036171,Aaron Brewer,lake/gold/nfl/player_photos/00-0036171.png,"https://static.www.nfl.com/image/upload/f_auto,q_auto/league/hg1utha1cygi0y3r45od",200,e42e267958369ca965af38d2ac7ec453353dd7691674017adabd7b9b31135480,8880,image/png,2026-09-25T01:00:31.813005+00:00,ok
00-0036181,Teair Tart,lake/gold/nfl/player_photos/00-0036181.png,"https://static.www.nfl.com/image/upload/f_auto,q_auto/league/jwqcxtrsle2q9edshwsx",200,03943926c1483d2118d5fc6aefdb3a6704203cba723c552c209f0511728092ca,9524,image/png,2026-09-25T01:00:48.391006+00:00,ok
00-0036187,Reggie Gilliam,lake/gold/nfl/player_photos/00-0036187.png,"https://static.www.nfl.com/image/upload/f_auto,q_auto/league/jjntivnnkczvlclkiwwm",200,79624b35d7289b46973bee82ee411c463856a8b2d670496730f80850998ca4f6,8530,image/png,2026-09-25T01:00:26.064517+00:00,ok
00-0036192,A.J. Epenesa,lake/gold/nfl/player_photos/00-0036192.png,"https://static.www.nfl.com/image/upload/f_auto,q_auto/league/hprr0vl8ruh0veetztij",200,50c9dbc357e87f6fbba0104fce33b70035ed6e2646090f701a33ec91083ff80a,8241,image/png,2026-09-25T01:00:42.162216+00:00,ok
00-0036193,Anfernee Jennings,lake/gold/nfl/player_photos/00-0036193.png,"https://static.www.nfl.com/image/upload/f_auto,q_auto/league/zgnsugvthxpb48ulv89u",200,909baa45a56125fad55499dbf58842154c76a8a1a82e9185d5e92e5c16588f37,9010,image/png,2026-09-25T01:00:48.265698+00:00,ok
00-0036204,LaCale London,lake/gold/nfl/player_photos/00-0036204.png,"https://static.www.nfl.com/image/upload/f_auto,q_auto/league/lnztywmpyzddwtm0tymo",200,b9f1e614fee767d7ceb6b79fc67272072d3fecff64ede080dbfb3385f0ba5dbd,8320,image/png,2026-09-25T01:00:42.104544+00:00,ok
00-0036220,Derrick Brown,lake/gold/nfl/player_photos/00-0036220.png,"https://static.www.nfl.com/image/upload/f_auto,q_auto/league/xgaxvkpcxh41dyttf3sb",200,8c81f42e8f68f6254da19ca6b6264affa6b6a1355097ffbbed425348c1e52039,8271,image/png,2026-09-25T01:00:42.144198+00:00,ok
00-0036221,Brandon Jones,lake/gold/nfl/player_photos/00-0036221.png,"https://static.www.nfl.com/image/upload/f_auto,q_auto/league/vsc57i9kmaaquegceqtt",200,4075a0c1b1fa00012d8264386bf97640789b132370e0a96f89b92c1e8b879f84,8807,image/png,2026-09-25T01:00:42.094772+00:00,ok
00-0036222,Isaiah Rodgers,lake/gold/nfl/player_photos/00-0036222.png,"https://static.www.nfl.com/image/upload/f_auto,q_auto/league/ukadn9uyrajapqo6gxuj",200,051f779ee3ed05040fbecdbc47e08a384ac7bc5791bdfa597f62828062e512ce,8443,image/png,2026-09-25T01:00:42.073741+00:00,ok
00-0036223,Jonathan Taylor,lake/gold/nfl/player_photos/00-0036223.png,"https://static.www.nfl.com/image/upload/f_auto,q_auto/league/yw46ky6akdm7h7siofu8",200,6c24978aac281c15e92d7640143d6061030f92da8bb75c44bd6d44e6aac15570,9674,image/png,2026-09-25T01:00:20.548324+00:00,ok
00-0036231,Kyle Dugger,lake/gold/nfl/player_photos/00-0036231.png,"https://static.www.nfl.com/image/upload/f_auto,q_auto/league/azhrudd22sxdaxaiwy2k",200,ce2af2a0e20a2f4672d579d1068a0007091faf09ba0cd633e51bf534a80902d3,9459,image/png,2026-09-25T01:00:42.214520+00:00,ok
00-0036244,Colby Parkinson,lake/gold/nfl/player_photos/00-0036244.png,"https://static.www.nfl.com/image/upload/f_auto,q_auto/league/qsyrgtfjj06wryahnxc9",200,c5cf41af7a99ee33f048e3949711abf62128f023729db11f21226808bae1c5a3,7955,image/png,2026-09-25T01:00:20.509024+00:00,ok
00-0036246,Jon Runyan,lake/gold/nfl/player_photos/00-0036246.png,"https://static.www.nfl.com/image/upload/f_auto,q_auto/league/kauh0olqkhebxe8gf1if",200,be0588c32da3255a9f0eaeed4c3af69c0a4458b1daf30ba729289a5c1925ba98,9200,image/png,2026-09-25T01:00:31.831321+00:00,ok
00-0036248,Austin Jackson,lake/gold/nfl/player_photos/00-0036248.png,"https://static.www.nfl.com/image/upload/f_auto,q_auto/league/wvam7fcwgxhanox55sbh",200,17680a20e5ea4d41a3775f1f69d352b8671adb069bfa45103432567a3ec50a29,8571,image/png,2026-09-25T01:00:31.779743+00:00,ok
00-0036252,Michael Pittman,lake/gold/nfl/player_photos/00-0036252.png,"https://static.www.nfl.com/image/upload/f_auto,q_auto/league/q1ythn05kwcmdr4mwzll",200,5c8e27d5763b77600de2ddd7d5c7fb16f02375a8b6d47013b8cc7f39851d5550,8146,image/png,2026-09-25T01:00:20.535214+00:00,ok
00-0036253,Julian Blackmon,lake/gold/nfl/player_photos/00-0036253.png,"https://static.www.nfl.com/image/upload/f_auto,q_auto/league/szgvamjf2lv2ggswkobd",200,a000c150996525a62a8993371224222e0da9d585be7d08e7170210b84cd32a10,9636,image/png,2026-09-25T01:00:48.313018+00:00,ok
00-0036259,Jauan Jennings,lake/gold/nfl/player_photos/00-0036259.png,"https://static.www.nfl.com/image/upload/f_auto,q_auto/league/ben8kbygzzlid6ltmdum",200,0bac26af3f226f064884b3e287fc6266af351c3291e79c34238f7e883208013e,8869,image/png,2026-09-25T01:00:31.985941+00:00,ok
00-0036260,Javon Kinlaw,lake/gold/nfl/player_photos/00-0036260.png,"https://static.www.nfl.com/image/upload/f_auto,q_auto/league/jxqkukux4rgfpp5eekyo",200,8615ce491b12a8c7563ef59ff9fc0b0db820f33269d56f2888dfdeb167557f8c,8849,image/png,2026-09-25T01:00:42.196800+00:00,ok
00-0036262,DaVon Hamilton,lake/gold/nfl/player_photos/00-0036262.png,"https://static.www.nfl.com/image/upload/f_auto,q_auto/league/td7ok6b8m35zy2bnlvta",200,5ac287cd4d60104c4e2c1b885005056a1ed5af546143c35fefb2a862a6963429,9273,image/png,2026-09-25T01:00:48.363944+00:00,ok
00-0036264,Jordan Love,lake/gold/nfl/player_photos/00-0036264.png,"https://static.www.nfl.com/image/upload/f_auto,q_auto/league/thz8stjkbjwddxqnozi5",200,eba655324d0b90f88b51758fd9188d8b016d0a269ea69f814925d6d3ca0f1ab3,8649,image/png,2026-09-25T01:00:31.981392+00:00,ok
00-0036265,AJ Dillon,lake/gold/nfl/player_photos/00-0036265.png,"https://static.www.nfl.com/image/upload/f_auto,q_auto/league/imxxt8yrbrxptoxr1hw5",200,98cd30d6a1aaec4e2f4a6887d6c65cf3bf86aa02ca434b0050e8e7f3e2fb75c7,7423,image/png,2026-09-25T01:00:20.648728+00:00,ok
00-0036266,Jordan Elliott,lake/gold/nfl/player_photos/00-0036266.png,"https://static.www.nfl.com/image/upload/f_auto,q_auto/league/zimdvramufcajq5c3noc",200,032dcad9eb08b8d02189ad50c6dd24e79365a79cc1529905c9b01b2b5680c477,8371,image/png,2026-09-25T01:00:31.982753+00:00,ok
00-0036272,Ben Bartch,lake/gold/nfl/player_photos/00-0036272.png,"https://static.www.nfl.com/image/upload/f_auto,q_auto/league/mayvzeezztsx4l0gbpa5",200,d2d40e76cd09423262c21eddf118f927b4b9f2a2b4789ce84970f91834ad1ca3,8509,image/png,2026-09-25T01:00:31.917198+00:00,ok
00-0036275,D'Andre Swift,lake/gold/nfl/player_photos/00-0036275.png,"https://static.www.nfl.com/image/upload/f_auto,q_auto/league/owpmwzoilitcodc6cmxo",200,538d81e88ddd2ce67dcb1eb9eab33cfca9fd95ebac4e46a66ce34ff753619c23,8357,image/png,2026-09-25T01:00:20.527980+00:00,ok
00-0036280,Malik Harrison,lake/gold/nfl/player_photos/00-0036280.png,"https://static.www.nfl.com/image/upload/f_auto,q_auto/league/kzsfzm1m9ekyqtulq9ot",200,f0b4f8df9ea7cb2306ee5c5500ae59ee7c7feb564d52d27c77b4ca6176d5edfa,9664,image/png,2026-09-25T01:00:20.552132+00:00,ok
00-0036281,C.J. Henderson,lake/gold/nfl/player_photos/00-0036281.png,"https://static.www.nfl.com/image/upload/f_auto,q_auto/league/mlbq9cpapxfoabj7fsvt",200,8539323af7b97cafa70f52fc6a36ad37497a24d8324c090970142c1fa5aa9897,8698,image/png,2026-09-25T01:00:48.432729+00:00,ok
00-0036282,Grant Delpit,lake/gold/nfl/player_photos/00-0036282.png,"https://static.www.nfl.com/image/upload/f_auto,q_auto/league/p1pfbn04h6myuuvvgvgr",200,6e0054dd8bf8bbecf38bc0778a4fdc8bee3cca10e494463c311edaf73e55823d,9273,image/png,2026-09-25T01:00:42.297827+00:00,ok
00-0036285,A.J. Terrell,lake/gold/nfl/player_photos/00-0036285.png,"https://static.www.nfl.com/image/upload/f_auto,q_auto/league/plww5syeocezywkpgpmg",200,91b54582c50369e81c07b5269b2a631f2fe7f2bd2569419a90e6b3aab9f52199,8368,image/png,2026-09-25T01:00:20.621749+00:00,ok
00-0036286,K'Lavon Chaisson,lake/gold/nfl/player_photos/00-0036286.png,"https://static.www.nfl.com/image/upload/f_auto,q_auto/league/gc9qqj4piwlwse4spobk",200,7cbcd94d7ec26251e028405f933c6523c9d11539b4395410390a7d1e4b7f667d,7158,image/png,2026-09-25T01:00:42.228317+00:00,ok
00-0036287,Noah Igbinoghene,lake/gold/nfl/player_photos/00-0036287.png,"https://static.www.nfl.com/image/upload/f_auto,q_auto/league/gnhpvwecmtmrv3clqwi1",200,cbef3df8f263fa11b41dcee6c54008fbf64ba9cf189db073d14349601653de63,8493,image/png,2026-09-25T01:00:46.116849+00:00,ok
00-0036290,Cole Kmet,lake/gold/nfl/player_photos/00-0036290.png,"https://static.www.nfl.com/image/upload/f_auto,q_auto/league/ysnui8mzlu2fo70ub0yt",200,c698028caf24460996b2cb163df3cbac54b103d318ba0eebd298b742df21da0c,8041,image/png,2026-09-25T01:00:20.563515+00:00,ok
00-0036292,Jaylon Johnson,lake/gold/nfl/player_photos/00-0036292.png,"https://static.www.nfl.com/image/upload/f_auto,q_auto/league/ooazlgwwseozyduthxn6",200,a135199445808f66d612b13580296a1a6bbc65b6ca4e3e1b7bd21ded859f787d,8365,image/png,2026-09-25T01:00:48.535162+00:00,ok
00-0036293,Jeremy Chinn,lake/gold/nfl/player_photos/00-0036293.png,"https://static.www.nfl.com/image/upload/f_auto,q_auto/league/qdvollzto5i4xs6q9gov",200,0bbcbc0a2057d2fc8b3af11d9d44be1286caf155973e81bdbc8adf3882a2b274,7943,image/png,2026-09-25T01:00:48.340910+00:00,ok
00-0036298,Akeem Davis-Gaither,lake/gold/nfl/player_photos/00-0036298.png,"https://static.www.nfl.com/image/upload/f_auto,q_auto/league/cxiu4fzpikl8lhpvooza",200,5600001c86d41a5ad4e9a355f558ce1995adffc3733cf839e5e9405d39916b41,8780,image/png,2026-09-25T01:00:42.218726+00:00,ok
00-0036302,Jaylinn Hawkins,lake/gold/nfl/player_photos/00-0036302.png,"https://static.www.nfl.com/image/upload/f_auto,q_auto/league/wll7vcwwhv4izv6klkg6",200,108d0043989a85219cf3770217e69ad44c2c652bed9783d01e7f0c826b2e5417,7937,image/png,2026-09-25T01:00:48.502917+00:00,ok
00-0036305,Trevis Gipson,lake/gold/nfl/player_photos/00-0036305.png,"https://static.www.nfl.com/image/upload/f_auto,q_auto/league/p5qxxhu4ecnzjcfva9b0",200,87ef6f21180fd8942deb03b85b0e6f657000f8d3d80eb7906a8694b4f0f2df83,8245,image/png,2026-09-25T01:00:42.165714+00:00,ok
00-0036309,Darnell Mooney,lake/gold/nfl/player_photos/00-0036309.png,"https://static.www.nfl.com/image/upload/f_auto,q_auto/league/eaejonwaflt9drrs9ika",200,4f15e903dbccc00b7f2f06bdfacbed040dcf5e48c5b19dbf55a18f27bfa42dee,7396,image/png,2026-09-25T01:00:32.133303+00:00,ok
00-0036313,Braden Mann,lake/gold/nfl/player_photos/00-0036313.png,"https://static.www.nfl.com/image/upload/f_auto,q_auto/league/eizeojehmxkvvfahj1tk",200,38e76223df327b0259af483acd9119dc780efed93700c056f6a78d34ddda7376,8185,image/png,2026-09-25T01:00:20.635393+00:00,ok
00-0036321,Chase Young,lake/gold/nfl/player_photos/00-0036321.png,"https://static.www.nfl.com/image/upload/f_auto,q_auto/league/ueic3ypcpfldmbymzhrc",200,40f194791d15e77a174891facf75289d9be1457271fcf10bae5a635137330a6d,9946,image/png,2026-09-25T01:00:42.239185+00:00,ok
00-0036322,Justin Jefferson,lake/gold/nfl/player_photos/00-0036322.png,"https://static.www.nfl.com/image/upload/f_auto,q_auto/league/htjevkugzk6ietrjysny",200,af76ab7620aa367e7c11fb8b4328fb2115900c65e7e6cd6d9e64c2426af2cebd,7977,image/png,2026-09-25T01:00:31.939256+00:00,ok
00-0036323,Patrick Queen,lake/gold/nfl/player_photos/00-0036323.png,"https://static.www.nfl.com/image/upload/f_auto,q_auto/league/hvbmd1y24q3eoky2jl8i",200,bb7310a48ac586e7dd78ae0b3b4f418c489f3ade919dbb5cf74d64b62e9c5e48,10263,image/png,2026-09-25T01:00:48.418796+00:00,ok
00-0036325,Robert Hunt,lake/gold/nfl/player_photos/00-0036325.png,"https://static.www.nfl.com/image/upload/f_auto,q_auto/league/ra3z68izmkp21mgbr6a2",200,606e5cb9b552b8ba10d8ae83ea6374b067acf76b9c75b44e2f0027269a25ee76,8997,image/png,2026-09-25T01:00:31.987258+00:00,ok
00-0036329,Ashtyn Davis,lake/gold/nfl/player_photos/00-0036329.png,"https://static.www.nfl.com/image/upload/f_auto,q_auto/league/e0ppdz8rxegnsmgkj31q",200,1bad4133f67db5ad7d9f58e0fd3cf112e3c1194be04ad318a0256c639ce2d89c,8976,image/png,2026-09-25T01:00:20.601865+00:00,ok
00-0036331,Devin Duvernay,lake/gold/nfl/player_photos/00-0036331.png,"https://static.www.nfl.com/image/upload/f_auto,q_auto/league/tj3t166iwsxbnyzxcyyl",200,2d1608a473a48de3133dc8728a029f4ba868385dd02a2822a1fb29a1307423a8,8807,image/png,2026-09-25T01:00:20.647610+00:00,ok
00-0036333,Alex Highsmith,lake/gold/nfl/player_photos/00-0036333.png,"https://static.www.nfl.com/image/upload/f_auto,q_auto/league/vfi0umrpljsc0cn3vqle",200,b1aec57be12c527a2e705540b8666f1a7c679a855b98033b7fb7bb5fb808463b,9055,image/png,2026-09-25T01:00:48.552117+00:00,ok
00-0036335,D.J. Wonnum,lake/gold/nfl/player_photos/00-0036335.png,"https://static.www.nfl.com/image/upload/f_auto,q_auto/league/ajj965d0f6fmtfprrsgo",200,4ee822b34b48679e417afd7e746bcaa4593460c2bca8ae2f9c07570dec8f063d,8236,image/png,2026-09-25T01:00:42.127671+00:00,ok
00-0036337,James Lynch,lake/gold/nfl/player_photos/00-0036337.png,"https://static.www.nfl.com/image/upload/f_auto,q_auto/league/mmgzvvsxc3nffzkzyidq",200,dc145898a69a5e155b1fa0f2e51b448fd810fd892cd7acd594f9ece75491c3a0,8913,image/png,2026-09-25T01:00:48.599962+00:00,ok
00-0036338,Troy Dye,lake/gold/nfl/player_photos/00-0036338.png,"https://static.www.nfl.com/image/upload/f_auto,q_auto/league/gfdhupqzscbwdyhvowq4",200,a5a596b7551ba5073c05daa023608c6dd28230b7072291f7d4ea5e8f55051672,8499,image/png,2026-09-25T01:00:42.349773+00:00,ok
00-0036339,Kevin Dotson,lake/gold/nfl/player_photos/00-0036339.png,"https://static.www.nfl.com/image/upload/f_auto,q_auto/league/bpsw4ieqbgop8jnqalw9",200,24fd95192f3938404bde9e186bd545129ba53ea9977de4d4456079fc301c233a,9442,image/png,2026-09-25T01:00:33.210405+00:00,ok
00-0036341,Khalid Kareem,lake/gold/nfl/player_photos/00-0036341.png,"https://static.www.nfl.com/image/upload/f_auto,q_auto/league/nwpg39gki6cqnwtl2s39",200,9266b698a451e28921c2545c2fe11f9044b142c8fcc119f6d5770d426d1b6e60,8264,image/png,2026-09-25T01:00:32.095819+00:00,ok
00-0036347,Blake Brandel,lake/gold/nfl/player_photos/00-0036347.png,"https://static.www.nfl.com/image/upload/f_auto,q_auto/league/pahzsehwe1mplzelu3wl",200,8470c1bcddad0a687d4575d480cbc353e3dace67b6adf23cda5a7a9062b1e0cd,9669,image/png,2026-09-25T01:00:20.683937+00:00,ok
00-0036348,Josh Metellus,lake/gold/nfl/player_photos/00-0036348.png,"https://static.www.nfl.com/image/upload/f_auto,q_auto/league/gmb2ahv4eq0jphammw2h",200,66d30a192a67e4ad9ca3aebbb18f8c8a63bd7e7b3ef3f2f9b3e419abb3152749,9275,image/png,2026-09-25T01:00:42.348767+00:00,ok
00-0036349,Kam Curl,lake/gold/nfl/player_photos/00-0036349.png,"https://static.www.nfl.com/image/upload/f_auto,q_auto/league/b57yoekpyop58abtiilz",200,0114536eef2af92ca36e7a09cc2c983ba7d2c8233320ac59c1261ddd2dc4c8b1,8198,image/png,2026-09-25T01:00:20.663967+00:00,ok
00-0036355,Justin Herbert,lake/gold/nfl/player_photos/00-0036355.png,"https://static.www.nfl.com/image/upload/f_auto,q_auto/league/jnkspnntgebegzp4ghve",200,b0fa02ef484fe2dccd40f484ad282141e68e368e24bb9000feb94f8f4bfc7927,9073,image/png,2026-09-25T01:00:20.687945+00:00,ok
00-0036356,Isaiah Simmons,lake/gold/nfl/player_photos/00-0036356.png,"https://static.www.nfl.com/image/upload/f_auto,q_auto/league/mf9tbatcc933o8rzfuy5",200,9e48e3748c75acbf124be159752d09dcf56d09c349fc1d5a8dcbdbfe39fd6b5b,7279,image/png,2026-09-25T01:00:32.179057+00:00,ok
00-0036358,CeeDee Lamb,lake/gold/nfl/player_photos/00-0036358.png,"https://static.www.nfl.com/image/upload/f_auto,q_auto/league/mbblzwtynxr15ovzkevi",200,3d84a9e8833c696a860ad4b9cfc3f22a69d2c8293e693fc3b05551bc2b8f2afe,9790,image/png,2026-09-25T01:00:21.098100+00:00,ok
00-0036362,Willie Gay Jr.,lake/gold/nfl/player_photos/00-0036362.png,"https://static.www.nfl.com/image/upload/f_auto,q_auto/league/vf0j6vpgfr1vg5wsd7uh",200,891de1c577c467eaaee6cff7158ec3be474e67e621f930dc310de61d9c9b8931,8322,image/png,2026-09-25T01:00:42.352781+00:00,ok
00-0036366,Neville Gallimore,lake/gold/nfl/player_photos/00-0036366.png,"https://static.www.nfl.com/image/upload/f_auto,q_auto/league/py87zsmepp3roc7eytqf",200,cb82154b03f30c5c5a72ae77e5a428c18a1bf990fdb2e32e77081635b0f16464,8277,image/png,2026-09-25T01:00:48.549998+00:00,ok
00-0036374,L'Jarius Sneed,lake/gold/nfl/player_photos/00-0036374.png,"https://static.www.nfl.com/image/upload/f_auto,q_auto/league/nsynaztffdtywelcfch2",200,008de3916d0d001a887bc84b840d97aea7128a6312a679ae32f1dff6fd10e6fc,8040,image/png,2026-09-25T01:00:48.577228+00:00,ok
00-0036375,Amik Robertson,lake/gold/nfl/player_photos/00-0036375.png,"https://static.www.nfl.com/image/upload/f_auto,q_auto/league/giptmuhxwq2ugaaettbg",200,acee141b3e49f19b2f4bc3f5c28f19889c3aa20b5c22ffc13af18e6b6863b914,8711,image/png,2026-09-25T01:00:48.651075+00:00,ok
00-0036378,Michael Danna,lake/gold/nfl/player_photos/00-0036378.png,"https://static.www.nfl.com/image/upload/f_auto,q_auto/league/brbpgu0xj2w0egcy5pid",200,a76c3be9a946f550d4d3290a1c5e9ffcba4e7dce0ac737432bff22cea9a779ca,9075,image/png,2026-09-25T01:00:51.649911+00:00,ok
00-0036380,Alohi Gilman,lake/gold/nfl/player_photos/00-0036380.png,"https://static.www.nfl.com/image/upload/f_auto,q_auto/league/hjfezaosf4mpowfzltjt",200,37889929a77c6473216a9fb4884e5d1158f8688d2081db16cc4b8e1a5445bf12,9201,image/png,2026-09-25T01:00:42.424705+00:00,ok
00-0036386,Andrew Thomas,lake/gold/nfl/player_photos/00-0036386.png,"https://static.www.nfl.com/image/upload/f_auto,q_auto/league/yvwuonp6lhw7ougn7q16",200,6493dbc3c97a51159138883049330a161f12e73623ade7acf5bc67f8e63007cc,8210,image/png,2026-09-25T01:00:32.395578+00:00,ok
00-0036388,Xavier McKinney,lake/gold/nfl/player_photos/00-0036388.png,"https://static.www.nfl.com/image/upload/f_auto,q_auto/league/qhxnlik9ekqnbuxqbvpz",200,0747a37d34c9385851bde1ec9636c37a136b75ed5db7aa29088bab04a802c417,10122,image/png,2026-09-25T01:00:42.441764+00:00,ok
00-0036389,Jalen Hurts,lake/gold/nfl/player_photos/00-0036389.png,"https://static.www.nfl.com/image/upload/f_auto,q_auto/league/xow5yvxjeqa6witmofmp",200,dcfb2da2d03e4bd6282aa8f101c8a91e849ee82b5a2e0861c0248a37053c0d2d,7437,image/png,2026-09-25T01:00:32.328051+00:00,ok
00-0036406,Tristan Wirfs,lake/gold/nfl/player_photos/00-0036406.png,"https://static.www.nfl.com/image/upload/f_auto,q_auto/league/j1gwbrodzkkdaqlpyqml",200,99c6d96f628276e2572bb4c956fb2fc50953c36972b36eb232f8dd7ba2db428c,9099,image/png,2026-09-25T01:00:32.587827+00:00,ok
00-0036407,Jerry Jeudy,lake/gold/nfl/player_photos/00-0036407.png,"https://static.www.nfl.com/image/upload/f_auto,q_auto/league/szca1v9butuqkjs7ekpm",200,1a840c3c8864ad1fa93eddaf099a9234df6034c28f23f83b506b29888ea5183e,8889,image/png,2026-09-25T01:00:20.795552+00:00,ok
00-0036409,Jordyn Brooks,lake/gold/nfl/player_photos/00-0036409.png,"https://static.www.nfl.com/image/upload/f_auto,q_auto/league/mgg8dnwaoqrzpgmzyah7",200,f6bdf9d42bb962cc9413eea564ef13adcdcbd1d9e6e739df6b2a0dba74bd3a41,9498,image/png,2026-09-25T01:00:42.265038+00:00,ok
00-0036410,Tee Higgins,lake/gold/nfl/player_photos/00-0036410.png,"https://static.www.nfl.com/image/upload/f_auto,q_auto/league/gpwtyv3viwy9q4ewderl",200,8fe39c4b3311ae45d645bf6a9152870a71a13330e4bb45664778eb95e38467ed,7909,image/png,2026-09-25T01:00:21.145777+00:00,ok
00-0036411,Antoine Winfield Jr.,lake/gold/nfl/player_photos/00-0036411.png,"https://static.www.nfl.com/image/upload/f_auto,q_auto/league/wn2vlv6eyc9str0ak0fx",200,b2dd99b3da9d6fc6dbd7b3fb1f393906fc7d18547053aab666a6a7aa9218b1dd,8715,image/png,2026-09-25T01:00:42.278776+00:00,ok
00-0036416,Kristian Fulton,lake/gold/nfl/player_photos/00-0036416.png,"https://static.www.nfl.com/image/upload/f_auto,q_auto/league/p2mzp2kljdubgj6sgzau",200,b49d5c524de995bc8030c22c1e45e265fc86e3a3f662a190b64ccc9884d08c3f,9040,image/png,2026-09-25T01:00:42.446838+00:00,ok
00-0036418,Zack Baun,lake/gold/nfl/player_photos/00-0036418.png,"https://static.www.nfl.com/image/upload/f_auto,q_auto/league/dhostt4bqph1utq56oxc",200,3703c3c7863ba2fd4cf184048e42482dcd19939628a34f23cb2008030381ae35,7803,image/png,2026-09-25T01:00:48.562861+00:00,ok
00-0036421,Terrell Burgess,lake/gold/nfl/player_photos/00-0036421.png,"https://static.www.nfl.com/image/upload/f_auto,q_auto/league/fx86rlxeudmniz1btxrq",200,1f989469f673ae06a9441de5f1bfd77d086f08b6ff1eb428ec90e4fe66a8a42a,8214,image/png,2026-09-25T01:00:26.070254+00:00,ok
00-0036422,Adam Trautman,lake/gold/nfl/player_photos/00-0036422.png,"https://static.www.nfl.com/image/upload/f_auto,q_auto/league/bqsgkwkfolczyrxmdp1j",200,5420cac07afe1d57b1615f932ae7472b25fe1dae0892da8747d589848b3f2e6b,8107,image/png,2026-09-25T01:00:20.830693+00:00,ok
00-0036425,DeeJay Dallas,lake/gold/nfl/player_photos/00-0036425.png,"https://static.www.nfl.com/image/upload/f_auto,q_auto/league/qrvemj4m3g2mqlbgy352",200,93014001d626697218b0f05712387fc8a5fb2f24c5f94f4cc7af395ce44fa961,10889,image/png,2026-09-25T01:00:32.287001+00:00,ok
00-0036428,Justin Strnad,lake/gold/nfl/player_photos/00-0036428.png,"https://static.www.nfl.com/image/upload/f_auto,q_auto/league/mlrmzoeod0ocotxp2nam",200,2ae19199acb0215dcd78811dfa9ca2ff2ea68f05ed52c147a0ed257a78c5500f,8459,image/png,2026-09-25T01:00:48.615406+00:00,ok
00-0036429,Charlie Woerner,lake/gold/nfl/player_photos/00-0036429.png,"https://static.www.nfl.com/image/upload/f_auto,q_auto/league/tuzldnhk23mvsapfejqd",200,e47c7e121fa893eeac40324ca28058247bb252ed29f6151e44146b0cb799c891,7835,image/png,2026-09-25T01:00:26.096669+00:00,ok
00-0036442,Joe Burrow,lake/gold/nfl/player_photos/00-0036442.png,"https://static.www.nfl.com/image/upload/f_auto,q_auto/league/gnnvcgui1cijybukk2w7",200,00a77077a61281a0d0e6e82858bd04fa63779ca2a9d1e1ec88c631fbb04c36f2,9138,image/png,2026-09-25T01:00:32.939369+00:00,ok
00-0036443,Rex Sunahara,lake/gold/nfl/player_photos/00-0036443.png,"https://static.www.nfl.com/image/upload/f_auto,q_auto/league/lf7vil8wv3cqyumtczbr",200,4aec6c26b24598e183dae8a0e550e8edcd570bc691d15de298466891b195bad2,8660,image/png,2026-09-25T01:00:33.066193+00:00,ok
00-0036463,Chris Blair,lake/gold/nfl/player_photos/00-0036463.png,"https://static.www.nfl.com/image/upload/f_auto,q_auto/league/gfkhv6k1wr45fnhl0p1d",200,b4b09ab5a2977e8076bf08c5966c0b891c4c973df81190745798aa5af7384ab0,8781,image/png,2026-09-25T01:00:33.008044+00:00,ok
00-0036479,Kwity Paye,lake/gold/nfl/player_photos/00-0036479.png,"https://static.www.nfl.com/image/upload/f_auto,q_auto/league/ejgftgdqggikc5u1xqme",200,82b60f370ce49e4cb39bcbe350f1befb20daa970937e790292c430400ee70d6d,9505,image/png,2026-09-25T01:00:48.712396+00:00,ok
00-0036480,Dayo Odeyingbo,lake/gold/nfl/player_photos/00-0036480.png,"https://static.www.nfl.com/image/upload/f_auto,q_auto/league/h0brx6vrdusdxl6fkxgv",200,8ff2b855c68bd155c57c6b043a8fc473eda03895e20624827ada21729e7430ef,8716,image/png,2026-09-25T01:00:48.622238+00:00,ok
00-0036500,Jamien Sherwood,lake/gold/nfl/player_photos/00-0036500.png,"https://static.www.nfl.com/image/upload/f_auto,q_auto/league/mbax9jdlzp7cxh0hyuow",200,7c1d53a5a90b224902fd7a7e687992655829c7bdc4e0cd6005719a1bf40dd8b3,8355,image/png,2026-09-25T01:00:48.701824+00:00,ok
00-0036501,Michael Carter II,lake/gold/nfl/player_photos/00-0036501.png,"https://static.www.nfl.com/image/upload/f_auto,q_auto/league/a7yskzasxy1hjvyqql1t",200,26e74f4440a4f92be61be00c1f000444c6f2a451f4b9af18e0dcae7aa250d8bd,8266,image/png,2026-09-25T01:00:20.885790+00:00,ok
00-0036550,Rashod Bateman,lake/gold/nfl/player_photos/00-0036550.png,"https://static.www.nfl.com/image/upload/f_auto,q_auto/league/gtktmsfcxc1eijwpwzyq",200,9ebe2fa339a1270a50fe59e953352abd529cef7f52452ca35269c9d4e7326e6e,7919,image/png,2026-09-25T01:00:20.855123+00:00,ok
00-0036554,Nico Collins,lake/gold/nfl/player_photos/00-0036554.png,"https://static.www.nfl.com/image/upload/f_auto,q_auto/league/fguybjrn1kwflxm5szwq",200,267e265624f64ed611c20013ec92d3c89e51bb4757896d290a97e1498d762bad,8466,image/png,2026-09-25T01:00:20.860391+00:00,ok
00-0036555,Chuba Hubbard,lake/gold/nfl/player_photos/00-0036555.png,"https://static.www.nfl.com/image/upload/f_auto,q_auto/league/rzsvnt0pxsaize2ndhxm",200,8c58b30794a048f98e7a5af6291b4dc490950183a0424ebed73969c1db5403f6,8296,image/png,2026-09-25T01:00:20.946800+00:00,ok
00-0036557,Jaylon Moore,lake/gold/nfl/player_photos/00-0036557.png,"https://static.www.nfl.com/image/upload/f_auto,q_auto/league/cpsudx7fxgxdjmtfvahj",200,1aabd3fab1d3a0eeda0bfb9d1bea036726facbc98563b21d884c742f18e51976,8545,image/png,2026-09-25T01:00:20.956545+00:00,ok
00-0036563,Deommodore Lenoir,lake/gold/nfl/player_photos/00-0036563.png,"https://static.www.nfl.com/image/upload/f_auto,q_auto/league/ozfx4033owzfliip24v2",200,49a02cd483fd0d0fcf02b6fbed84cce2af493e7e75afc0b0ab5145b11fc4c56d,9744,image/png,2026-09-25T01:00:48.679549+00:00,ok
00-0036564,Talanoa Hufanga,lake/gold/nfl/player_photos/00-0036564.png,"https://static.www.nfl.com/image/upload/f_auto,q_auto/league/i1jjyltv64sihzzrr04t",200,0f678a13fc750f2a73a16b68bc05214a1d721eafd7ca4fbb26885641a5d41b29,8127,image/png,2026-09-25T01:00:42.480346+00:00,ok
00-0036568,Roy Lopez,lake/gold/nfl/player_photos/00-0036568.png,"https://static.www.nfl.com/image/upload/f_auto,q_auto/league/xpaoovz7dmco8nzhtxh4",200,9e429ed7e862e6b1eb46f225b47737c1a29cf3abe5ddde1ffbe8b396da446b05,9346,image/png,2026-09-25T01:00:48.677602+00:00,ok
00-0036587,Ar'Darius Washington,lake/gold/nfl/player_photos/00-0036587.png,"https://static.www.nfl.com/image/upload/f_auto,q_auto/league/ptjh8ufk5zfpdc0yrpeq",200,1ea502e68d7e714c8ddac73a714ce3bd7937ac0308e45a4dad49346f47a0389e,7937,image/png,2026-09-25T01:00:42.467564+00:00,ok
00-0036590,Quintin Morris,lake/gold/nfl/player_photos/00-0036590.png,"https://static.www.nfl.com/image/upload/f_auto,q_auto/league/auqtvapzdtpdxg6myw6b",200,9286628ea062d777b8b6c8d98f31fe0d4c5bea436667b5e84639e57d16d7d299,9113,image/png,2026-09-25T01:00:20.908906+00:00,ok
00-0036603,Alaric Jackson,lake/gold/nfl/player_photos/00-0036603.png,"https://static.www.nfl.com/image/upload/f_auto,q_auto/league/p7eblgie3na4hjdl6pzb",200,c2c6429d31f7e43d74d893a6d3ba7686192ddf3f3fdf3ab0070a61e80e84ad2f,7871,image/png,2026-09-25T01:00:32.995185+00:00,ok
00-0036613,Jaylen Waddle,lake/gold/nfl/player_photos/00-0036613.png,"https://static.www.nfl.com/image/upload/f_auto,q_auto/league/gkh7m1jedon9mwn5jlf1",200,f3016fdd591b5c1b32aa6ae36a74824202bf6ff15f1542c41808673718c76f8e,8328,image/png,2026-09-25T01:00:20.920995+00:00,ok
00-0036617,Asante Samuel Jr.,lake/gold/nfl/player_photos/00-0036617.png,"https://static.www.nfl.com/image/upload/f_auto,q_auto/league/pqualt9wauuhcaop7tqm",200,7fee7b77d6c727bb97df49ded86b4b3338559342350ff6de9307f9d4976d17c2,8656,image/png,2026-09-25T01:00:42.414086+00:00,ok
00-0036621,Nick Bolton,lake/gold/nfl/player_photos/00-0036621.png,"https://static.www.nfl.com/image/upload/f_auto,q_auto/league/pgkezol12laags229maz",200,e2ec1d74cd227f76cc4abf95b50764f5e0c53998182bd49562f5412ff08c1866,9986,image/png,2026-09-25T01:00:48.879019+00:00,ok
00-0036622,Josh Myers,lake/gold/nfl/player_photos/00-0036622.png,"https://static.www.nfl.com/image/upload/f_auto,q_auto/league/kx5vub7ru2srpow2dxnu",200,ca6bf6b7888b4054656f89c6c0711a46aec286c77edd27e2b4c64d24ca088d4b,8704,image/png,2026-09-25T01:00:20.957559+00:00,ok
00-0036623,Creed Humphrey,lake/gold/nfl/player_photos/00-0036623.png,"https://static.www.nfl.com/image/upload/f_auto,q_auto/league/avv8nnqnrgv3os85v9zm",200,2807e0baa14414f620d360825a5fb7b41028ba8a3df92bf9754d4735fe3b99c3,8768,image/png,2026-09-25T01:00:20.943908+00:00,ok
00-0036624,Alim McNeill,lake/gold/nfl/player_photos/00-0036624.png,"https://static.www.nfl.com/image/upload/f_auto,q_auto/league/ugdqnlqg8btovqnkzqpw",200,fa1638ba3facc59b9af5ec6f6e972cea70108186258b261806ecbe6d4b6601d2,8733,image/png,2026-09-25T01:00:48.976736+00:00,ok
00-0036625,Benjamin St-Juste,lake/gold/nfl/player_photos/00-0036625.png,"https://static.www.nfl.com/image/upload/f_auto,q_auto/league/kaebn8lqtuhjgcoywxuz",200,e84488261df0cc22ca8e72386070ade6d1a05078249a1839bb960fff9704a139,8407,image/png,2026-09-25T01:00:32.997824+00:00,ok
00-0036626,Dyami Brown,lake/gold/nfl/player_photos/00-0036626.png,"https://static.www.nfl.com/image/upload/f_auto,q_auto/league/addv9eheok1jj7amfkpb",200,00efbd5a595ff9929cdb9e27ddd1d2b5b1c2ee76b1793f6bc14697dd000e681b,9967,image/png,2026-09-25T01:00:33.070945+00:00,ok
00-0036628,John Bates,lake/gold/nfl/player_photos/00-0036628.png,"https://static.www.nfl.com/image/upload/f_auto,q_auto/league/sqaiwpind6kk4ns4acql",200,d98be1003189f493e1f64d132a3d02f474f9123bef564ffbe39d8eadd3e548a8,8088,image/png,2026-09-25T01:00:32.990847+00:00,ok
00-0036629,Camryn Bynum,lake/gold/nfl/player_photos/00-0036629.png,"https://static.www.nfl.com/image/upload/f_auto,q_auto/league/rncq5z5bfhigx2atid7k",200,abe0c55276cfa79a531be967c939bc44f8892a03e86700ce9cbe2e3d4777a38d,8193,image/png,2026-09-25T01:00:42.503534+00:00,ok
00-0036637,Noah Gray,lake/gold/nfl/player_photos/00-0036637.png,"https://static.www.nfl.com/image/upload/f_auto,q_auto/league/bpmlguml8jth2rbdfyp5",200,2e40f8926f5dd1838a60bce7243fdb947af008a5784340ba94fd53c163f61735,8288,image/png,2026-09-25T01:00:21.314612+00:00,ok
00-0036642,Tedarrell Slaton,lake/gold/nfl/player_photos/00-0036642.png,"https://static.www.nfl.com/image/upload/f_auto,q_auto/league/oktzavt6whxgvr6ukmhl",200,18bd7bc0b9b8c125cccf6690f9e693b118066e35f113bddfee6911d1db4ece41,10049,image/png,2026-09-25T01:00:33.074629+00:00,ok
00-0036646,Simi Fehoko,lake/gold/nfl/player_photos/00-0036646.png,"https://static.www.nfl.com/image/upload/f_auto,q_auto/league/eep30drknwucjdj6tivh",200,960df3b179aca7aa21e4a4417ce182a9d44fb32983ab6817460f0624e514342f,8588,image/png,2026-09-25T01:00:21.265559+00:00,ok
00-0036648,Nick Niemann,lake/gold/nfl/player_photos/00-0036648.png,"https://static.www.nfl.com/image/upload/f_auto,q_auto/league/bstd7dnklbftscfbhskq",200,f37aed001b9a8d2e80410cc5b35781d92a20b17793ebd6e5542923696815b272,8822,image/png,2026-09-25T01:00:21.337414+00:00,ok
00-0036658,Isaiah McDuffie,lake/gold/nfl/player_photos/00-0036658.png,"https://static.www.nfl.com/image/upload/f_auto,q_auto/league/fjcqgmefc4u0plwp92mq",200,a454975e97049b5ba5a59bb4dc63298b937a319037dbbe5f243bbd8b3650e8f3,7920,image/png,2026-09-25T01:00:33.075815+00:00,ok
00-0036660,Trey Smith,lake/gold/nfl/player_photos/00-0036660.png,"https://static.www.nfl.com/image/upload/f_auto,q_auto/league/skoecv9k14idjai4ok42",200,66c8950342f8e176c9e37e577e187f565d29cf7ae71df9a6f0460939272bccbc,8543,image/png,2026-09-25T01:00:21.317049+00:00,ok
00-0036677,Zayne Anderson,lake/gold/nfl/player_photos/00-0036677.png,"https://static.www.nfl.com/image/upload/f_auto,q_auto/league/j8agcdgo4ezgvn4vhw7u",200,bf7f48f296965c24dc1ebee449f59df0c2ee493de5f5309b5a6548c40bb9735e,8533,image/png,2026-09-25T01:00:48.950656+00:00,ok
00-0036682,Malik Herring,lake/gold/nfl/player_photos/00-0036682.png,"https://static.www.nfl.com/image/upload/f_auto,q_auto/league/dnbfwozdcnftk7agxywc",200,ebc2be3680dabbfb1ab0a308bf324f7ca9f887762776fd570a2a537ce3c41d6b,8347,image/png,2026-09-25T01:00:21.353208+00:00,ok
00-0036683,Devon Key,lake/gold/nfl/player_photos/00-0036683.png,"https://static.www.nfl.com/image/upload/f_auto,q_auto/league/efu0kj0lyprsgahy1met",200,75e8c0cb6bd0200c7e57a0314cb6230d3783cfc3e48f9e140af393a2e1946332,8555,image/png,2026-09-25T01:00:33.069880+00:00,ok
00-0036727,Adam Prentice,lake/gold/nfl/player_photos/00-0036727.png,"https://static.www.nfl.com/image/upload/f_auto,q_auto/league/xuvyqidnso9ga1dfefoy",200,4dbe5ee14e7b1e6c731a13e478ef8925314ac7701339aa8ba19eeb32bf86c2ab,8109,image/png,2026-09-25T01:00:26.306869+00:00,ok
00-0036728,Curtis Robinson,lake/gold/nfl/player_photos/00-0036728.png,"https://static.www.nfl.com/image/upload/f_auto,q_auto/league/yzam37nstuqvqm0cgzmv",200,4d2e463e43976ccf35fc32184f9f57c6b252213ce2e86cf03ab9e81aa18a74a7,8351,image/png,2026-09-25T01:00:26.237912+00:00,ok
00-0036736,Kayode Awosika,lake/gold/nfl/player_photos/00-0036736.png,"https://static.www.nfl.com/image/upload/f_auto,q_auto/league/gk8c2nrg4czmvjy2by3a",200,7b79a9cb3d47242cb01b5c900fad9e2568869a773683c6a23d71a395df53a9a5,9046,image/png,2026-09-25T01:00:38.817936+00:00,ok
00-0036754,Brock Wright,lake/gold/nfl/player_photos/00-0036754.png,"https://static.www.nfl.com/image/upload/f_auto,q_auto/league/ghmaeofuj87fm97yhvcp",200,3336106834fe6270695040a602012473a7745d4d45235469c2da337584e35977,7856,image/png,2026-09-25T01:00:33.004174+00:00,ok
00-0036813,Christian Elliss,lake/gold/nfl/player_photos/00-0036813.png,"https://static.www.nfl.com/image/upload/f_auto,q_auto/league/yprcwubcfyocxn2pwpf8",200,503dcd0fd56bb198319396213a110a884f2d749281232f7ab2c1c5f996b64ed9,7610,image/png,2026-09-25T01:00:42.497743+00:00,ok
00-0036816,Riley Patterson,lake/gold/nfl/player_photos/00-0036816.png,"https://static.www.nfl.com/image/upload/f_auto,q_auto/league/xjg7x98iyq5hlgjc62ot",200,c603adc9e512855bc67675a918e171a92ae45f2e0a43c216ade17f1481810cc0,8081,image/png,2026-09-25T01:00:21.295751+00:00,ok
00-0036825,Feleipe Franks,lake/gold/nfl/player_photos/00-0036825.png,"https://static.www.nfl.com/image/upload/f_auto,q_auto/league/nbn1wxlh6los4y2am3ro",200,d03d4af4477a75b2e08eff6a41076f913bcbf85ecbb37435073ed450948cba57,8688,image/png,2026-09-25T01:00:21.312857+00:00,ok
00-0036844,Garret Wallow,lake/gold/nfl/player_photos/00-0036844.png,"https://static.www.nfl.com/image/upload/f_auto,q_auto/league/swmlsjwctjetibjmhqxs",200,096b4aef8664e695d936c03228a84bd80edc580d8c43248ccafcad0c5f267392,8173,image/png,2026-09-25T01:00:48.786821+00:00,ok
00-0036849,Tutu Atwell,lake/gold/nfl/player_photos/00-0036849.png,"https://static.www.nfl.com/image/upload/f_auto,q_auto/league/tl2aa9ucbtcwhr1yk3tf",200,f66f958657639e8453c85fa7d8c676d283f2aba1bb2914156f0b6785d034cf6f,8631,image/png,2026-09-25T01:00:38.959405+00:00,ok
00-0036854,Evan McPherson,lake/gold/nfl/player_photos/00-0036854.png,"https://static.www.nfl.com/image/upload/f_auto,q_auto/league/t6fs7i54i4n7xjiayoz0",200,8bf96a58a753d32c4a5362dbd9b2cf39f09946cd095a066cd3d702160c156c46,7673,image/png,2026-09-25T01:00:21.274516+00:00,ok
00-0036862,Ben Skowronek,lake/gold/nfl/player_photos/00-0036862.png,"https://static.www.nfl.com/image/upload/f_auto,q_auto/league/etozk8ja4u8lpjcvvo6l",200,18c9b6240ebceefd05b0cf5df9fe1dafc6d03718b6b74f2c55dfa6f14a131f21,10081,image/png,2026-09-25T01:00:38.943659+00:00,ok
00-0036867,Chris Rumph II,lake/gold/nfl/player_photos/00-0036867.png,"https://static.www.nfl.com/image/upload/f_auto,q_auto/league/ayrvlbmyxlvek7afcioc",200,6816dc51675cf84bb67207f05f43c5d22549db626103258bd7cd374278673dad,10448,image/png,2026-09-25T01:00:21.283944+00:00,ok
00-0036874,Pat Surtain II,lake/gold/nfl/player_photos/00-0036874.png,"https://static.www.nfl.com/image/upload/f_auto,q_auto/league/soec8zk3n5jvxvywq1gm",200,3926b719083e445fb8c936bf6e5db85c21cfaeb91da09a989058df036b2f9299,7590,image/png,2026-09-25T01:00:21.330724+00:00,ok
00-0036875,Rhamondre Stevenson,lake/gold/nfl/player_photos/00-0036875.png,"https://static.www.nfl.com/image/upload/f_auto,q_auto/league/zmpuirvuw4r04inxth5i",200,bb0be3d456c7acae68350594c69b2a1a1060de08af0be9e43e6fefeb4b418e27,8746,image/png,2026-09-25T01:00:21.294760+00:00,ok
00-0036880,Penei Sewell,lake/gold/nfl/player_photos/00-0036880.png,"https://static.www.nfl.com/image/upload/f_auto,q_auto/league/g1g0qefvafsm8hxjpiyy",200,41cd2ba0305e2e540c7f670b8fdaf49d42f3141200bff92938a834cce409b25f,8748,image/png,2026-09-25T01:00:33.010415+00:00,ok
00-0036883,Tommy Togiai,lake/gold/nfl/player_photos/00-0036883.png,"https://static.www.nfl.com/image/upload/f_auto,q_auto/league/wwcsyhxr0fsthd6g7yyo",200,7015cf9615b501619f89afa0f0d4242b6275f3d69e8d9acbdeb74f3b97b42d48,8681,image/png,2026-09-25T01:00:48.876876+00:00,ok
00-0036887,Luke Farrell,lake/gold/nfl/player_photos/00-0036887.png,"https://static.www.nfl.com/image/upload/f_auto,q_auto/league/kdq2zratulrdsv4ykugy",200,487252445d7c016b651da235f897ac4164c210c41b44e066629be18cc39f6210,8946,image/png,2026-09-25T01:00:21.263938+00:00,ok
00-0036888,Damar Hamlin,lake/gold/nfl/player_photos/00-0036888.png,"https://static.www.nfl.com/image/upload/f_auto,q_auto/league/k7mdv3garedeitxksnya",200,188aacafc8a091cb44d78e1e2989935756a7a8da82538bf5863002a9dc24e0e3,8983,image/png,2026-09-25T01:00:48.911181+00:00,ok
00-0036893,Najee Harris,lake/gold/nfl/player_photos/00-0036893.png,"https://static.www.nfl.com/image/upload/f_auto,q_auto/league/grfxgbvqnzz40r7rdtvk",200,26e388ab41b690f6725bc910eb37d2f8a537b39d18eaed64d0a0bff4390007e8,10100,image/png,2026-09-25T01:00:26.210012+00:00,ok
00-0036894,Pat Freiermuth,lake/gold/nfl/player_photos/00-0036894.png,"https://static.www.nfl.com/image/upload/f_auto,q_auto/league/pyrdsypgggjshiaygkr7",200,46b43b17e24ccc8dfecc0195c271ffc04fad762eba87111ebf2d356c4a4a644d,8477,image/png,2026-09-25T01:00:21.283477+00:00,ok
00-0036900,Ja'Marr Chase,lake/gold/nfl/player_photos/00-0036900.png,"https://static.www.nfl.com/image/upload/f_auto,q_auto/league/qya3dtjb5kgofcuj2tuw",200,d3ecbbfc750c4ca71450c9e07ddccdb53a015b9b6dfe9992bc515e8ac0851215,7779,image/png,2026-09-25T01:00:21.383146+00:00,ok
00-0036901,Eric Stokes,lake/gold/nfl/player_photos/00-0036901.png,"https://static.www.nfl.com/image/upload/f_auto,q_auto/league/q7fnhbnyadsru3swpgdf",200,a31174ad6531cd2c3d819f47e09a3e1ca815eca598039a06358844b14d740c39,9209,image/png,2026-09-25T01:00:48.882799+00:00,ok
00-0036903,Bobby Brown III,lake/gold/nfl/player_photos/00-0036903.png,"https://static.www.nfl.com/image/upload/f_auto,q_auto/league/f3fspidlfqws3asws3gw",200,ae072f17a637f3150f29309c785c4bfc756a07718baa0832405da7c6a894a6e2,11538,image/png,2026-09-25T01:00:21.371918+00:00,ok
00-0036905,Larry Borom,lake/gold/nfl/player_photos/00-0036905.png,"https://static.www.nfl.com/image/upload/f_auto,q_auto/league/xc2m1opfa6lte7bg0ir6",200,a218cd2827cd3f213a61289c98affb99b25f3f9f9ea6b2969db6f27ee2dd3f8a,8303,image/png,2026-09-25T01:00:26.388038+00:00,ok
00-0036909,Khyiris Tonga,lake/gold/nfl/player_photos/00-0036909.png,"https://static.www.nfl.com/image/upload/f_auto,q_auto/league/qawteneplarbtnworkic",200,969d144b7f3ca2fa9bb6864803476b1075b901ee4f510b8f89f15b4342fb0661,9128,image/png,2026-09-25T01:00:42.610248+00:00,ok
00-0036912,DeVonta Smith,lake/gold/nfl/player_photos/00-0036912.png,"https://static.www.nfl.com/image/upload/f_auto,q_auto/league/k724kq3hyv7jc0y9s03x",200,f362dbfd25717634045d7afb62cf5170bb5293545792a82df625679a7a44e319,7964,image/png,2026-09-25T01:00:32.971196+00:00,ok
00-0036914,Greg Rousseau,lake/gold/nfl/player_photos/00-0036914.png,"https://static.www.nfl.com/image/upload/f_auto,q_auto/league/bezzackpgrvijtqh6hta",200,ad0fc27749167af84ebdcd80636c45f538d5fee487ad0fae6d81734a5e034ce1,8248,image/png,2026-09-25T01:00:21.433348+00:00,ok
00-0036916,Milton Williams,lake/gold/nfl/player_photos/00-0036916.png,"https://static.www.nfl.com/image/upload/f_auto,q_auto/league/z9vmyi95sty3i0u6uwld",200,297205437b054132cce2baf35f1452b16f5cdb57361e384127bc9281a0520465,7930,image/png,2026-09-25T01:00:21.438897+00:00,ok
00-0036919,Kenny Gainwell,lake/gold/nfl/player_photos/00-0036919.png,"https://static.www.nfl.com/image/upload/f_auto,q_auto/league/eo62l8ec8e3lzt86ihth",200,5e9b222d9f1430b316cd6f4cdf2208abe4a22d14bb0681dfb52d2920ee2fc97b,7977,image/png,2026-09-25T01:00:32.981391+00:00,ok
00-0036922,Patrick Johnson,lake/gold/nfl/player_photos/00-0036922.png,"https://static.www.nfl.com/image/upload/f_auto,q_auto/league/qtngv13hh6rm4kfc52jt",200,1196d83b1087b4e98bd1d9f96652ac95c7464314ab5f5cbf155792d5b795cf1a,8758,image/png,2026-09-25T01:00:33.484249+00:00,ok
00-0036927,Pete Werner,lake/gold/nfl/player_photos/00-0036927.png,"https://static.www.nfl.com/image/upload/f_auto,q_auto/league/uhwx126ajhgmovxxlphm",200,17c2c2a10e535618a0884e07f4037c18385a87e68906997741a77e315b385d8c,7919,image/png,2026-09-25T01:00:42.611735+00:00,ok
00-0036933,Zaven Collins,lake/gold/nfl/player_photos/00-0036933.png,"https://static.www.nfl.com/image/upload/f_auto,q_auto/league/jmd2hu4swlzcpuqsln69",200,063802e435945fbda640803e6fca91a1a735bf410c4d157a4443a8b3b164f92a,8738,image/png,2026-09-25T01:00:42.786695+00:00,ok
00-0036934,Jaelan Phillips,lake/gold/nfl/player_photos/00-0036934.png,"https://static.www.nfl.com/image/upload/f_auto,q_auto/league/mgufa4byoe8onfjsuiq1",200,5346cb03aa7a84b316a1e96cdfcf5e455ba2beb5f5a72724b176acbbd672874e,7221,image/png,2026-09-25T01:00:42.548667+00:00,ok
00-0036937,Paulson Adebo,lake/gold/nfl/player_photos/00-0036937.png,"https://static.www.nfl.com/image/upload/f_auto,q_auto/league/yft8adxhq7go3eqd8d9k",200,d542a7d11b279dd96cde7c0412248c2073be5b196327a1c62992df4d96e265b2,8832,image/png,2026-09-25T01:00:42.645836+00:00,ok
00-0036940,Odafe Oweh,lake/gold/nfl/player_photos/00-0036940.png,"https://static.www.nfl.com/image/upload/f_auto,q_auto/league/lxeaoe3u7srngnwlyyon",200,39add1a8394e1f4bc5ca2de041361b74dc0247fd558c5c96efbaf0bfcca93e15,8654,image/png,2026-09-25T01:00:42.797524+00:00,ok
00-0036941,Andre Cisco,lake/gold/nfl/player_photos/00-0036941.png,"https://static.www.nfl.com/image/upload/f_auto,q_auto/league/sdk8jvmv30mvetujj7bs",200,362c148fdf93f839fe34d5a8a9a025b5f42e07da2a3f2ee2f2dcfe281d26065d,7482,image/png,2026-09-25T01:00:42.812448+00:00,ok
00-0036942,Osa Odighizuwa,lake/gold/nfl/player_photos/00-0036942.png,"https://static.www.nfl.com/image/upload/f_auto,q_auto/league/qselmahxlopzx8spnchw",200,90f3ca796a7197dbbba06e7d970b79af4262f2435e025a02e9435a9193c9f219,9636,image/png,2026-09-25T01:00:42.672038+00:00,ok
00-0036943,Mitchell Fraboni,lake/gold/nfl/player_photos/00-0036943.png,"https://static.www.nfl.com/image/upload/f_auto,q_auto/league/csvbeqtitr9ixpgdt0fu",200,d17ca971a04a64bde0bf335617e160760c7d76eb1f1ec5e96ae17bc10181d9eb,8057,image/png,2026-09-25T01:00:33.490600+00:00,ok
00-0036944,Jaycee Horn,lake/gold/nfl/player_photos/00-0036944.png,"https://static.www.nfl.com/image/upload/f_auto,q_auto/league/fmqur86wgh5craixy3yd",200,4da5836ef329a27a4e8e29c2cd4c1ad92a2b5ea9582e9e024f75fa03d7f7c758,9156,image/png,2026-09-25T01:00:48.943076+00:00,ok
00-0036962,Tre'von Moehrig,lake/gold/nfl/player_photos/00-0036962.png,"https://static.www.nfl.com/image/upload/f_auto,q_auto/league/cyprwi2vzj1a3oitgseo",200,aee4bd2fc488f49a1a13032bda41cd96a9f0388e9263c1bc2a7bd18d4a2e2970,8734,image/png,2026-09-25T01:00:42.847779+00:00,ok
00-0036963,Amon-Ra St. Brown,lake/gold/nfl/player_photos/00-0036963.png,"https://static.www.nfl.com/image/upload/f_auto,q_auto/league/fd8nwhm6pvxfyzphzl6i",200,bfa3526949ba055d1c4d711672c06b4cbcbc7894f1cf823a7dc1f120ffe01d8e,8474,image/png,2026-09-25T01:00:21.479979+00:00,ok
00-0036964,Derrick Barnes,lake/gold/nfl/player_photos/00-0036964.png,"https://static.www.nfl.com/image/upload/f_auto,q_auto/league/bh66oqiavycebvryiy96",200,9a52eb37a7f5d2901b8294c8c6db1c68abe5f13babcd65b091877989a9834c04,8265,image/png,2026-09-25T01:00:48.778254+00:00,ok
00-0036970,Kyle Pitts,lake/gold/nfl/player_photos/00-0036970.png,"https://static.www.nfl.com/image/upload/f_auto,q_auto/league/xczipzxvytnmvgznhhb4",200,1e12482b745689c2b88dd6ed1a6554527fbb49feaadcce02a3b09837b00adfe0,7777,image/png,2026-09-25T01:00:33.290743+00:00,ok
00-0036971,Trevor Lawrence,lake/gold/nfl/player_photos/00-0036971.png,"https://static.www.nfl.com/image/upload/f_auto,q_auto/league/k9uzdernqkx7oquy7dkg",200,9707b0f8ec76db9ba0d0349bcbfc2471e686cfa2ea8a7cdb5aa2ff1af5f94f2a,9476,image/png,2026-09-25T01:00:21.509372+00:00,ok
00-0036972,Mac Jones,lake/gold/nfl/player_photos/00-0036972.png,"https://static.www.nfl.com/image/upload/f_auto,q_auto/league/mbdwfwiuhl0ib5ajtmzq",200,62c8c1d928bd3850243b8f8979283c4896743697adca90a5e02a4a5a57648df9,9042,image/png,2026-09-25T01:00:39.086614+00:00,ok
00-0036973,Travis Etienne,lake/gold/nfl/player_photos/00-0036973.png,"https://static.www.nfl.com/image/upload/f_auto,q_auto/league/pwko5dybmjie8qqo4qz2",200,5b39baec517d8e3fb26f26d8791cfcd4ebbee713bdff41259431cd4fa0389c3f,8418,image/png,2026-09-25T01:00:21.502456+00:00,ok
00-0036974,Tyson Campbell,lake/gold/nfl/player_photos/00-0036974.png,"https://static.www.nfl.com/image/upload/f_auto,q_auto/league/qhtmkkoqakioplm2vfrw",200,5f47ea183c13ecde9d773caf17bdbde12dca4a2f7a21e463ca4ed63af7e4ccd6,8281,image/png,2026-09-25T01:00:42.788194+00:00,ok
00-0036976,Spencer Brown,lake/gold/nfl/player_photos/00-0036976.png,"https://static.www.nfl.com/image/upload/f_auto,q_auto/league/q2lsfuxunzzgso9rtldu",200,eee8635140266a2513f681e8462e03ab72f5892e48e6dfee5c5561f7fb4455a4,8533,image/png,2026-09-25T01:00:26.216727+00:00,ok
00-0036979,Alijah Vera-Tucker,lake/gold/nfl/player_photos/00-0036979.png,"https://static.www.nfl.com/image/upload/f_auto,q_auto/league/a2hlyjd2geiy1mdiugug",200,6f93253b7ee5616347eb85b87e1197af8f0185e3e64eb7e68fa39af8d77028bc,8669,image/png,2026-09-25T01:00:21.483945+00:00,ok
00-0036981,Christian Barmore,lake/gold/nfl/player_photos/00-0036981.png,"https://static.www.nfl.com/image/upload/f_auto,q_auto/league/r2qnczxwkpqhk8is5jkv",200,5f048dd8eb555e318575efdc201103418724dbedc58494586c5ed59831e4fcfd,8905,image/png,2026-09-25T01:00:48.937364+00:00,ok
00-0036982,Chauncey Golston,lake/gold/nfl/player_photos/00-0036982.png,"https://static.www.nfl.com/image/upload/f_auto,q_auto/league/zgkpz7ctgzyjxxa2zzqe",200,75d65636acda185032b0a560cf89cea1a7239385d96dbaceed5e2b794e3308dd,7888,image/png,2026-09-25T01:00:42.809939+00:00,ok
00-0036985,Robert Hainsey,lake/gold/nfl/player_photos/00-0036985.png,"https://static.www.nfl.com/image/upload/f_auto,q_auto/league/umagumf4xf5ubalpckut",200,99fb8726e150f213929f0db259bcc406431d59c88a7e38d6f3559145b8129982,9282,image/png,2026-09-25T01:00:33.430733+00:00,ok
00-0036986,Nahshon Wright,lake/gold/nfl/player_photos/00-0036986.png,"https://static.www.nfl.com/image/upload/f_auto,q_auto/league/pma5y3ixotctzzyqxygd",200,fd7fd7c3aaadc2a3351d439430f8465cb7727c2b9c9bc028a2199591e56a9a78,8059,image/png,2026-09-25T01:00:21.515897+00:00,ok
00-0036987,Brandon Stephens,lake/gold/nfl/player_photos/00-0036987.png,"https://static.www.nfl.com/image/upload/f_auto,q_auto/league/t0nxkzyr4wnpanuxjxhg",200,d4953084f23bcf4d5d0c895bfb58882e3913fc8fc2841c0464a4f9d24d094406,7062,image/png,2026-09-25T01:00:46.233522+00:00,ok
00-0036988,Josh Palmer,lake/gold/nfl/player_photos/00-0036988.png,"https://static.www.nfl.com/image/upload/f_auto,q_auto/league/woswdfrtxnsfgzsjvsxx",200,9d0578e25aa0ef34aa9fb2cedeb4cc1ca97a766d379b36d06dee2709ec6cf397,7565,image/png,2026-09-25T01:00:21.465945+00:00,ok
00-0036989,Malcolm Koonce,lake/gold/nfl/player_photos/00-0036989.png,"https://static.www.nfl.com/image/upload/f_auto,q_auto/league/cujkqhjibrywjodwgfyp",200,3398faa5de9394312afe2981832b27ca8c43a07e5686c18f650ad2b026e0be27,8673,image/png,2026-09-25T01:00:48.965771+00:00,ok
00-0036990,Divine Deablo,lake/gold/nfl/player_photos/00-0036990.png,"https://static.www.nfl.com/image/upload/f_auto,q_auto/league/epymgfknvbi0vbygiv4j",200,4a91dc13f318a98e4998706e2b5beccc28947ef96e35078647284866cc66b481,8264,image/png,2026-09-25T01:00:49.034997+00:00,ok
00-0036992,Elijah Molden,lake/gold/nfl/player_photos/00-0036992.png,"https://static.www.nfl.com/image/upload/f_auto,q_auto/league/hz9saur2at7u0n9nl9ly",200,73a6eeb0ce65cca92860b6fd0706205e9e0a130b0a56697a3f5fafb8028a94a6,9583,image/png,2026-09-25T01:00:49.012775+00:00,ok
00-0036994,Ernest Jones,lake/gold/nfl/player_photos/00-0036994.png,"https://static.www.nfl.com/image/upload/f_auto,q_auto/league/zn0pz6okty7vbj5ryryt",200,bb605840fd6cdb20d4bf2fcd89c0a1cb39df83b5f59e1d8da37d238b38a77b9e,8147,image/png,2026-09-25T01:00:49.028586+00:00,ok
00-0036995,Baron Browning,lake/gold/nfl/player_photos/00-0036995.png,"https://static.www.nfl.com/image/upload/f_auto,q_auto/league/wc0wkbhogzdxgaik9fh5",200,06cabb226942ede363662f321f0fe2bc56193c0bc5766c30c2b2957412466495,9866,image/png,2026-09-25T01:00:39.000873+00:00,ok
00-0036996,Greg Newsome II,lake/gold/nfl/player_photos/00-0036996.png,"https://static.www.nfl.com/image/upload/f_auto,q_auto/league/zyfy3onrys9i6ounvai8",200,cb39a9613858ee5423ece326579baa01561a8c1fc1696c20f6a6a7ca419ae204,10229,image/png,2026-09-25T01:00:49.052319+00:00,ok
00-0036997,Javonte Williams,lake/gold/nfl/player_photos/00-0036997.png,"https://static.www.nfl.com/image/upload/f_auto,q_auto/league/xvwroirev2kie6oiphtz",200,dae986c7c3eb5ee5cc0f897fd3acf13d956f59fc0bf6829fbb780eb2199cfad0,9667,image/png,2026-09-25T01:00:21.533839+00:00,ok
00-0036998,Jevon Holland,lake/gold/nfl/player_photos/00-0036998.png,"https://static.www.nfl.com/image/upload/f_auto,q_auto/league/z5pg2azijnijyvqexm4r",200,56dfa364269e21688440e23d5fa618c72b2fe2cfd8463530b54ed05f9e0d1710,9812,image/png,2026-09-25T01:00:42.792306+00:00,ok
00-0037002,Landon Dickerson,lake/gold/nfl/player_photos/00-0037002.png,"https://static.www.nfl.com/image/upload/f_auto,q_auto/league/zkgccdubnxvforo1xaqt",200,c8f8ba53c99a7da10aa19c6b906ad5dd452bb50d30891d9e9ab6aecbc937d6e7,9758,image/png,2026-09-25T01:00:33.484001+00:00,ok
00-0037003,Chazz Surratt,lake/gold/nfl/player_photos/00-0037003.png,"https://static.www.nfl.com/image/upload/f_auto,q_auto/league/l01b7cc2rfwfkigdhzvg",200,73e9c68b4f9123a9362abfc822cb19c8a20831f4ed9e354a16ca86b70693108b,8325,image/png,2026-09-25T01:00:21.548913+00:00,ok
00-0037004,Hunter Long,lake/gold/nfl/player_photos/00-0037004.png,"https://static.www.nfl.com/image/upload/f_auto,q_auto/league/wlj6sdfj5qcy8bt2qyxb",200,07461c95194625fb972a0e49f7d7ec175b349569432a85eb1e029eb703fd7f28,8316,image/png,2026-09-25T01:00:33.357411+00:00,ok
00-0037005,Tommy Tremble,lake/gold/nfl/player_photos/00-0037005.png,"https://static.www.nfl.com/image/upload/f_auto,q_auto/league/t7wjikfv09d3o1q7wjdx",200,d55c64f157181fa6d5e97b0bbc6b5b951ba7d2a9d25d3930faa0d1e51fe348fa,9252,image/png,2026-09-25T01:00:33.271892+00:00,ok
00-0037009,Rashawn Slater,lake/gold/nfl/player_photos/00-0037009.png,"https://static.www.nfl.com/image/upload/f_auto,q_auto/league/tnryoyowiu6amxx3zthf",200,56ce6e01c845a801771a213da584158c5de1a11b59f952e11f804099bd3bcbcd,9070,image/png,2026-09-25T01:00:21.538162+00:00,ok
00-0037034,Dee Alford,lake/gold/nfl/player_photos/00-0037034.png,"https://static.www.nfl.com/image/upload/f_auto,q_auto/league/mgi0d5fd1huslr3kfqg1",200,7f386aff1fe10e0ce4dca4dd0321c01dff66349ddd6ed251bd804c9242816580,8583,image/png,2026-09-25T01:00:21.474136+00:00,ok
00-0037073,Jordan Davis,lake/gold/nfl/player_photos/00-0037073.png,"https://static.www.nfl.com/image/upload/f_auto,q_auto/league/zkvksjepfrmpdwdph1ps",200,4f53f848c281c3a53aa73f9e05ceaef58ea12fa8a159f33e597715e120205da2,10156,image/png,2026-09-25T01:00:49.119069+00:00,ok
00-0037074,Quay Walker,lake/gold/nfl/player_photos/00-0037074.png,"https://static.www.nfl.com/image/upload/f_auto,q_auto/league/bqhumgranhitojob30mp",200,174bab0daa305c7e23b0cdebcad1a5d1abdda7c34ccf1360778dd0e6617880a4,8510,image/png,2026-09-25T01:00:49.162725+00:00,ok
00-0037075,Devonte Wyatt,lake/gold/nfl/player_photos/00-0037075.png,"https://static.www.nfl.com/image/upload/f_auto,q_auto/league/q9pxapmh1kbfsrymwbvs",200,11851cd7fbe5bdff93823f1474146a34b4d13933d3d601a995bd6a085aadcbe8,10744,image/png,2026-09-25T01:00:49.203143+00:00,ok
00-0037076,Sean Rhyan,lake/gold/nfl/player_photos/00-0037076.png,"https://static.www.nfl.com/image/upload/f_auto,q_auto/league/mvgxrodidjbgfh5reaig",200,fd4c31f59e8504936ad895f595b110425211ac84f901c44738c5b83d682752f0,11933,image/png,2026-09-25T01:00:33.483090+00:00,ok
00-0037079,Riq Woolen,lake/gold/nfl/player_photos/00-0037079.png,"https://static.www.nfl.com/image/upload/f_auto,q_auto/league/aodr0vp93fzhdsff9fzj",200,be92311b5a807628fc9a996a96a22440e597033bb2a0a865f1f46995c62a1128,8578,image/png,2026-09-25T01:00:42.739093+00:00,ok
00-0037081,Braxton Jones,lake/gold/nfl/player_photos/00-0037081.png,"https://static.www.nfl.com/image/upload/f_auto,q_auto/league/stxk7iiyyth2cs4hzm8r",200,2288b45cd0805d16d53ea8a95f474e8d45d26e9cc4cec475145d961c7738ae9d,9046,image/png,2026-09-25T01:00:38.953427+00:00,ok
00-0037082,Dominique Robinson,lake/gold/nfl/player_photos/00-0037082.png,"https://static.www.nfl.com/image/upload/f_auto,q_auto/league/nalbxnwyiyh32j3g6fml",200,e5677ee1ca7abaf5497734a6f937854e7453f25c6666b8264324309b7928c393,7977,image/png,2026-09-25T01:00:42.911204+00:00,ok
00-0037083,Kingsley Enagbare,lake/gold/nfl/player_photos/00-0037083.png,"https://static.www.nfl.com/image/upload/f_auto,q_auto/league/rvftdj3wurrbmoaikpxd",200,2fdcfab7c878dc5f7ccdba0da28dcd268c700d62c2b0ae28b71048059edd83fa,8167,image/png,2026-09-25T01:00:49.263985+00:00,ok
00-0037085,Tyler Badie,lake/gold/nfl/player_photos/00-0037085.png,"https://static.www.nfl.com/image/upload/f_auto,q_auto/league/ghhul5piv9vzeih6atsj",200,2373e3165d15062f5066a77238fbe09ca83f8171990c663cd31001154bbad9b8,7518,image/png,2026-09-25T01:00:39.163818+00:00,ok
00-0037091,Bo Melton,lake/gold/nfl/player_photos/00-0037091.png,"https://static.www.nfl.com/image/upload/f_auto,q_auto/league/d7hxvsyeufobjykcxhls",200,e0581d96a562543addde9464eaf532b642641fa3c8480dff0e319abb58c2dce1,9455,image/png,2026-09-25T01:00:33.308577+00:00,ok
00-0037093,Dareke Young,lake/gold/nfl/player_photos/00-0037093.png,"https://static.www.nfl.com/image/upload/f_auto,q_auto/league/xd0585sr1fy1wpry0ued",200,9e3b598f1df04ff41c8568014d6c4a9d7abad9123b240ccf3afb3f1993a1d7fc,8698,image/png,2026-09-25T01:00:21.501705+00:00,ok
00-0037094,Jonathan Ford,lake/gold/nfl/player_photos/00-0037094.png,"https://static.www.nfl.com/image/upload/f_auto,q_auto/league/xvjepsl8u5unzc5qc8fu",200,772057c160006912e85fb85b702caff590ad690352e17eb4772f09b46a72c1c6,10952,image/png,2026-09-25T01:00:49.267899+00:00,ok
00-0037096,Elijah Hicks,lake/gold/nfl/player_photos/00-0037096.png,"https://static.www.nfl.com/image/upload/f_auto,q_auto/league/derzi6ubb6maw5nokejr",200,9004f3e814263a2cd97a4040b2f8c6bc2780224383df7b796242342f329b6a81,9188,image/png,2026-09-25T01:00:21.564043+00:00,ok
00-0037109,Jack Sanborn,lake/gold/nfl/player_photos/00-0037109.png,"https://static.www.nfl.com/image/upload/f_auto,q_auto/league/uo386zqnsqbvqzqbm7t2",200,dabe3a811ebe23c8e30e5e3fb5321766db7cb908775bd903b918a3f2183877ec,8287,image/png,2026-09-25T01:00:26.412218+00:00,ok
00-0037129,Josh Blackwell,lake/gold/nfl/player_photos/00-0037129.png,"https://static.www.nfl.com/image/upload/f_auto,q_auto/league/w95cwi511mgmeimkgzyg",200,3c154ea673f9bf95afcbd69dd287c5d83194fc0ecb2877c7e6e7882d8b3e3205,8457,image/png,2026-09-25T01:00:21.548320+00:00,ok
00-0037130,Reed Blankenship,lake/gold/nfl/player_photos/00-0037130.png,"https://static.www.nfl.com/image/upload/f_auto,q_auto/league/qbrxcx1jmwabwtdwco3o",200,7330d8e7d698fac0b31ae0344db2fb7b30b789e98b9801455dd71bf4f58efaeb,8539,image/png,2026-09-25T01:00:49.191710+00:00,ok
00-0037132,Britain Covey,lake/gold/nfl/player_photos/00-0037132.png,"https://static.www.nfl.com/image/upload/f_auto,q_auto/league/jgvgr3prtme8ua28bfxi",200,ad2b5a50d163caf2bd9facb9d65473b0ad53327d1c508b29a16e3791cbebfd32,7527,image/png,2026-09-25T01:00:21.585831+00:00,ok
00-0037137,Josh Jobe,lake/gold/nfl/player_photos/00-0037137.png,"https://static.www.nfl.com/image/upload/f_auto,q_auto/league/df0ybhz5czunkbhgdefc",200,eb978d65b45680be72dff5700d63866eb41bf1d52e0ed95a2a70e0719ff6e345,8216,image/png,2026-09-25T01:00:42.861489+00:00,ok
00-0037155,Tony Adams,lake/gold/nfl/player_photos/00-0037155.png,"https://static.www.nfl.com/image/upload/f_auto,q_auto/league/bhgovss7uhkszgbrfxd6",200,29eff86e4d1c6d81ff5b73edf9289958f6e441d4c0cc08d6853280745639e6da,8605,image/png,2026-09-25T01:00:33.550867+00:00,ok
00-0037157,Bam Knight,lake/gold/nfl/player_photos/00-0037157.png,"https://static.www.nfl.com/image/upload/f_auto,q_auto/league/mjxnlzlnnwlfqayeybut",200,ed9a9e68966395f670f2a1e5cab0330c3b6a0ca00658998b46121d0601d05851,7799,image/png,2026-09-25T01:00:39.096439+00:00,ok
00-0037179,Jeremiah Moon,lake/gold/nfl/player_photos/00-0037179.png,"https://static.www.nfl.com/image/upload/f_auto,q_auto/league/x2he3hockgnqfmxlxctw",200,9fdc42f821bfd236ce53003e307f9e056def114d2ab64e8631865bbe49f532de,8530,image/png,2026-09-25T01:00:21.642030+00:00,ok
00-0037190,Sauce Gardner,lake/gold/nfl/player_photos/00-0037190.png,"https://static.www.nfl.com/image/upload/f_auto,q_auto/league/h89jaonhmvvdoitmldkq",200,46d24700db200fbd26e7ada33d312c703d1496b2e9b2924dd6b1c1ddedc518d2,10559,image/png,2026-09-25T01:00:49.254439+00:00,ok
00-0037191,Trent McDuffie,lake/gold/nfl/player_photos/00-0037191.png,"https://static.www.nfl.com/image/upload/f_auto,q_auto/league/xaq30zfwnliekwqzoank",200,c4e4275cfb60ff24d91380740b4c6d8a50dbbdb78020f4da624cad06f59c2812,8731,image/png,2026-09-25T01:00:42.815356+00:00,ok
00-0037192,George Karlaftis,lake/gold/nfl/player_photos/00-0037192.png,"https://static.www.nfl.com/image/upload/f_auto,q_auto/league/deudgtxl8ofjcz8zpzzi",200,f1de26012b6b227a6f010f1190af3cf47e7bca5e6ac2a55014555265d1ed90fe,8237,image/png,2026-09-25T01:00:33.440092+00:00,ok
00-0037193,Bryan Cook,lake/gold/nfl/player_photos/00-0037193.png,"https://static.www.nfl.com/image/upload/f_auto,q_auto/league/xxpisha7qj3jkovuprcs",200,eaff2cd2d16bbd2bb2b82728a5709b47b813e478940dea22567660ad5f1bccaf,8515,image/png,2026-09-25T01:00:49.261681+00:00,ok
00-0037195,Jaylen Watson,lake/gold/nfl/player_photos/00-0037195.png,"https://static.www.nfl.com/image/upload/f_auto,q_auto/league/k3ayxrquehkikudpu0e4",200,42a7cc811ad72e06aad23f826b127bb7efd250d81f84318ee7bc04d37cbc6619,7831,image/png,2026-09-25T01:00:42.848258+00:00,ok
00-0037196,Rasheed Walker,lake/gold/nfl/player_photos/00-0037196.png,"https://static.www.nfl.com/image/upload/f_auto,q_auto/league/w2jnttphyffiuxov70o3",200,d94417be16a49a25ef4e207c8943d1b7112ec77f495c25ff1051d0330586c010,8382,image/png,2026-09-25T01:00:21.595982+00:00,ok
00-0037208,Jack Cochrane,lake/gold/nfl/player_photos/00-0037208.png,"https://static.www.nfl.com/image/upload/f_auto,q_auto/league/oayygmhoisjcedhuqm23",200,ad187db656819834641fdcec6de3e4c315686f9d53d394adb727b0cde103e32e,7501,image/png,2026-09-25T01:00:43.032761+00:00,ok
00-0037224,Cameron Dicker,lake/gold/nfl/player_photos/00-0037224.png,"https://static.www.nfl.com/image/upload/f_auto,q_auto/league/fvkop13kntnwv3amucpf",200,fe7396b04aa10080d940da98eb304f7df19c61d60a9985b4139f05829484de63,8865,image/png,2026-09-25T01:00:21.652213+00:00,ok
00-0037228,Jaylen Warren,lake/gold/nfl/player_photos/00-0037228.png,"https://static.www.nfl.com/image/upload/f_auto,q_auto/league/dkiteytgnxar1mpaxcxv",200,39acee450523c53de09a6b228d13d3f2d59fbd17ff741971dfd8eed105971423,10247,image/png,2026-09-25T01:00:33.494705+00:00,ok
00-0037231,Kevin Austin Jr.,lake/gold/nfl/player_photos/00-0037231.png,"https://static.www.nfl.com/image/upload/f_auto,q_auto/league/fh2yaqaxkornxeb7d9ie",200,e66bd074675f60867b0bf0f2109589b27ee94f01f17dbfc125360ea05675901b,7779,image/png,2026-09-25T01:00:26.574099+00:00,ok
00-0037235,Travon Walker,lake/gold/nfl/player_photos/00-0037235.png,"https://static.www.nfl.com/image/upload/f_auto,q_auto/league/hqxxsws12bmy1jyw6ocj",200,107564774d4e8e0863da056d1d67f91b080d4b1125a7b756af0374026990bacb,8528,image/png,2026-09-25T01:00:49.175932+00:00,ok
00-0037236,Aidan Hutchinson,lake/gold/nfl/player_photos/00-0037236.png,"https://static.www.nfl.com/image/upload/f_auto,q_auto/league/gmeczjok2lmjftb6mfof",200,0ab9232ecb75f8c84759f7089ea9cd07ddb693a51a2ee8749f854f641a40be75,8060,image/png,2026-09-25T01:00:43.036133+00:00,ok
00-0037237,Derek Stingley Jr.,lake/gold/nfl/player_photos/00-0037237.png,"https://static.www.nfl.com/image/upload/f_auto,q_auto/league/wkzinciyrrmsqdlda8lj",200,98b8916730a4cd23243bef5cba7499574b265b002f4afffa8ff0879676ff804e,9592,image/png,2026-09-25T01:00:49.303519+00:00,ok
00-0037238,Drake London,lake/gold/nfl/player_photos/00-0037238.png,"https://static.www.nfl.com/image/upload/f_auto,q_auto/league/mcllowcfrmmdeo4zy3g1",200,87ab088faa944fe026b4d0b1868406956d397b15b51e42d2cdcbf78182e46e5e,8992,image/png,2026-09-25T01:00:33.391374+00:00,ok
00-0037239,Chris Olave,lake/gold/nfl/player_photos/00-0037239.png,"https://static.www.nfl.com/image/upload/f_auto,q_auto/league/onmxufsprtvglhejg94o",200,6c291a523398dbf6183f4febe1c12a4e942ae95c91a6c2612d6d72c51d5842ff,8439,image/png,2026-09-25T01:00:33.441826+00:00,ok
00-0037240,Jameson Williams,lake/gold/nfl/player_photos/00-0037240.png,"https://static.www.nfl.com/image/upload/f_auto,q_auto/league/byiptqggtglvy5qrw5wp",200,28ad2e166690226bab963ac7412f2d4bab1524551131a84a04677c77dd2918d0,9275,image/png,2026-09-25T01:00:33.493086+00:00,ok
00-0037244,Devin Lloyd,lake/gold/nfl/player_photos/00-0037244.png,"https://static.www.nfl.com/image/upload/f_auto,q_auto/league/hbva85h6axjaiiiiwjfv",200,f63e2d1a59e207633bd01686346b0e628294b4334f8d3d1399f153b11f53413d,8236,image/png,2026-09-25T01:00:49.323876+00:00,ok
00-0037246,Jalen Pitre,lake/gold/nfl/player_photos/00-0037246.png,"https://static.www.nfl.com/image/upload/f_auto,q_auto/league/brjf4opiqlbzp5q0wjcj",200,06e2210185b8e142fd43362e7fee679e267de178e17bd68b5e6f9af47e61c6d3,9837,image/png,2026-09-25T01:00:49.360473+00:00,ok
00-0037247,George Pickens,lake/gold/nfl/player_photos/00-0037247.png,"https://static.www.nfl.com/image/upload/f_auto,q_auto/league/cbpyykoguf7rsxezqzvk",200,1a8e59fca0ab99ac3fe29b27e951a5511f6f099366126b16e5d2ef524aa12768,8635,image/png,2026-09-25T01:00:33.560469+00:00,ok
00-0037248,James Cook,lake/gold/nfl/player_photos/00-0037248.png,"https://static.www.nfl.com/image/upload/f_auto,q_auto/league/anjbznqb9i21wzcgrtbs",200,6e30dccbe5deb3efc64c01f861e65c73b464ca826979646459f1c5abd718806f,8483,image/png,2026-09-25T01:00:21.672467+00:00,ok
00-0037249,Nik Bonitto,lake/gold/nfl/player_photos/00-0037249.png,"https://static.www.nfl.com/image/upload/f_auto,q_auto/league/azxinmsmz9kacbwfdfex",200,eb006e448509a68318eafef5fe5345461f66989a775b8b6abd5ac202cf5193ee,8993,image/png,2026-09-25T01:00:49.358922+00:00,ok
00-0037250,Martin Emerson,lake/gold/nfl/player_photos/00-0037250.png,"https://static.www.nfl.com/image/upload/f_auto,q_auto/league/va7yfx0xoniri3fuxr0u",200,ecb01b44d87e1cbc5c138a58e3fff74f394401f394e46fe63e9e0e7f624c73bc,9132,image/png,2026-09-25T01:00:42.965113+00:00,ok
00-0037252,Greg Dulcich,lake/gold/nfl/player_photos/00-0037252.png,"https://static.www.nfl.com/image/upload/f_auto,q_auto/league/kw4cwgjl4kywh6le4sfh",200,d09438f81678422dc3e5adfe9a6f9cc9fc220d8945e6b3331d13c2df63b57c66,10594,image/png,2026-09-25T01:00:33.563728+00:00,ok
00-0037253,Marcus Jones,lake/gold/nfl/player_photos/00-0037253.png,"https://static.www.nfl.com/image/upload/f_auto,q_auto/league/eteesniqc4caawrpbfuh",200,dbeefe70d0bde0502b8c0df319aab76a808ffada2f1b3fa0d2ec68b4717fd454,8177,image/png,2026-09-25T01:01:10.378657+00:00,ok
00-0037254,Terrel Bernard,lake/gold/nfl/player_photos/00-0037254.png,"https://static.www.nfl.com/image/upload/f_auto,q_auto/league/rhs6gmpfig52ziimyzls",200,c5c4b382a3751f373c42d0a65c66064ba20472f7d5ccb0ae440966d5fbb0cf91,8196,image/png,2026-09-25T01:00:49.442747+00:00,ok
00-0037256,Rachaad White,lake/gold/nfl/player_photos/00-0037256.png,"https://static.www.nfl.com/image/upload/f_auto,q_auto/league/wtdhs50gcl2p6vngsnre",200,390e756d9e94b12a63783b23c92fa4956cdaaa17f7f9822e3154a84a53cdefda,9531,image/png,2026-09-25T01:00:33.679226+00:00,ok
00-0037261,Khalil Shakir,lake/gold/nfl/player_photos/00-0037261.png,"https://static.www.nfl.com/image/upload/f_auto,q_auto/league/syvp3hficobwcsim3i9v",200,36e707bda354a7bc1d37be2240d95f2d9d8ce2f67ecf9d880deed9214c5b4417,8518,image/png,2026-09-25T01:00:21.646344+00:00,ok
00-0037262,Thomas Booker,lake/gold/nfl/player_photos/00-0037262.png,"https://static.www.nfl.com/image/upload/f_auto,q_auto/league/awrlnfwnvv3ehlnbe4cp",200,d98939dae736323c55dae8b451846f3504af6f4ef0e1f0bc2202924b8b90edd6,9085,image/png,2026-09-25T01:00:49.392091+00:00,ok
00-0037263,Tyler Allgeier,lake/gold/nfl/player_photos/00-0037263.png,"https://static.www.nfl.com/image/upload/f_auto,q_auto/league/sp9lhhmpv4qy3xy2msxd",200,e592831df785f9141acc2ec9bc47842d665c551e0fcd9102e6c3bc46a30d49d7,9283,image/png,2026-09-25T01:00:21.708171+00:00,ok
00-0037268,Zyon McCollum,lake/gold/nfl/player_photos/00-0037268.png,"https://static.www.nfl.com/image/upload/f_auto,q_auto/league/tx9thnuxhb2uqzbl0dgb",200,0e3e3a8051be9fc271a2f6cdc6bc288817abf0d2660b8bac53d1499edd57a9ba,8585,image/png,2026-09-25T01:00:49.487513+00:00,ok
00-0037270,Otito Ogbonnia,lake/gold/nfl/player_photos/00-0037270.png,"https://static.www.nfl.com/image/upload/f_auto,q_auto/league/oyayc8mxpu7grfwqgzrz",200,53d5738bc0921ee2a951c3add8f9d67d393c55a0caa1a8b7ef33069f51502cfd,9228,image/png,2026-09-25T01:01:10.407791+00:00,ok
00-0037271,D'Marco Jackson,lake/gold/nfl/player_photos/00-0037271.png,"https://static.www.nfl.com/image/upload/f_auto,q_auto/league/bwbialh78nao9svr8jqn",200,c017d30dd297cf4e067834e083b5f4b93aeed97a52df7b1632c26ee166b42e0a,9299,image/png,2026-09-25T01:00:49.449395+00:00,ok
00-0037275,DaRon Bland,lake/gold/nfl/player_photos/00-0037275.png,"https://static.www.nfl.com/image/upload/f_auto,q_auto/league/z07adznf3gtvfusy8azb",200,c065dab39f2de0defa39ec9a917ee64c14d13a12147cd8bb0cc329f8f300add0,8456,image/png,2026-09-25T01:00:43.169859+00:00,ok
00-0037284,Matt Araiza,lake/gold/nfl/player_photos/00-0037284.png,"https://static.www.nfl.com/image/upload/f_auto,q_auto/league/tmtvevrgg8lziqewdhtv",200,e713b51836f3c6352656d7b16a141647c3c486e94f908bc006078064ede78279,8033,image/png,2026-09-25T01:00:33.830997+00:00,ok
00-0037287,Vederian Lowe,lake/gold/nfl/player_photos/00-0037287.png,"https://static.www.nfl.com/image/upload/f_auto,q_auto/league/ihqeka8g0xhjacqhkj0i",200,575847e33f269903debaa18cf92753fe6fc4ff2db46ce41439ce64d4a3b8ad7c,9103,image/png,2026-09-25T01:00:26.331976+00:00,ok
00-0037288,Christian Benford,lake/gold/nfl/player_photos/00-0037288.png,"https://static.www.nfl.com/image/upload/f_auto,q_auto/league/kxucquiz77lhp8rn1nni",200,cdb77f0ba0e216ff7d1ca6862db4c7aada4381759c02061ee08b564dcfc1b17b,7800,image/png,2026-09-25T01:00:49.434577+00:00,ok
00-0037289,Malcolm Rodriguez,lake/gold/nfl/player_photos/00-0037289.png,"https://static.www.nfl.com/image/upload/f_auto,q_auto/league/sovw0sc0bm1xltqv2zmb",200,a24c971be33d59deffecde9d448794d37ae064554f87917f6ba2bf6f723ba95c,8557,image/png,2026-09-25T01:00:49.346513+00:00,ok
00-0037291,Jalen Nailor,lake/gold/nfl/player_photos/00-0037291.png,"https://static.www.nfl.com/image/upload/f_auto,q_auto/league/nojopyt8hxuwycxyaokb",200,ba2b1a35bb5b48f0b3cf79f89a289f603e4aab22eb4d55eb99307fa31352f53c,9201,image/png,2026-09-25T01:00:21.727473+00:00,ok
00-0037292,Andrew Ogletree,lake/gold/nfl/player_photos/00-0037292.png,"https://static.www.nfl.com/image/upload/f_auto,q_auto/league/wvcrk0ygv3coprxj4cnt",200,a41b6d29b809c6dcc7808d358758e52dc0aa1fb7e6c4f4a87e21e273b19cdebb,9511,image/png,2026-09-25T01:00:21.665182+00:00,ok
00-0037301,Theo Jackson,lake/gold/nfl/player_photos/00-0037301.png,"https://static.www.nfl.com/image/upload/f_auto,q_auto/league/bn0zvntbfmhw7yki2xr4",200,ef083f0e410b428f1b991d01fdb1af6afef0dd93b338e0152c692789fe8a0093,8429,image/png,2026-09-25T01:00:43.026359+00:00,ok
00-0037304,Connor Heyward,lake/gold/nfl/player_photos/00-0037304.png,"https://static.www.nfl.com/image/upload/f_auto,q_auto/league/nbbhxtutzvbj0ejljyyp",200,d97cf0412a38a718b6aa6e16bc66b38dd60570057fc9df5f54199530967e859b,11359,image/png,2026-09-25T01:00:21.682560+00:00,ok
00-0037310,James Houston,lake/gold/nfl/player_photos/00-0037310.png,"https://static.www.nfl.com/image/upload/f_auto,q_auto/league/zmjl8vpdr8fjeefnsnec",200,1b7b4de699328bd8a4c1aca876c2c42f18eb197281aad9437044f06418f4f814,9432,image/png,2026-09-25T01:00:34.827059+00:00,ok
00-0037313,Montaric Brown,lake/gold/nfl/player_photos/00-0037313.png,"https://static.www.nfl.com/image/upload/f_auto,q_auto/league/jslgwquwwlbotxr8f1jz",200,0a723b546be41b9c1dd5996664cb4fe11f042b7dbd5b8ae4e2f98f7b9ba27a80,9208,image/png,2026-09-25T01:00:49.545065+00:00,ok
00-0037317,Nick Muse,lake/gold/nfl/player_photos/00-0037317.png,"https://static.www.nfl.com/image/upload/f_auto,q_auto/league/cdidnsvt1we5d7ffnjbo",200,dbd95d33f29362d6ef1ab46a51acc7e4ce4eceaa44a3e5b24b4d0048fda9b3e4,7605,image/png,2026-09-25T01:00:21.695192+00:00,ok
00-0037323,Rodney Thomas,lake/gold/nfl/player_photos/00-0037323.png,"https://static.www.nfl.com/image/upload/f_auto,q_auto/league/rmch7ilcol08gczhpwp6",200,d8f1b82dcf31135a734a5ecfcb649622be3f04733d31ba6870ace9050a818db7,8452,image/png,2026-09-25T01:00:33.680958+00:00,ok
00-0037380,Kaden Davis,lake/gold/nfl/player_photos/00-0037380.png,"https://static.www.nfl.com/image/upload/f_auto,q_auto/league/j4pxqpw02oztmctolcdr",200,c3237a62615bd3c4a8fd95fee438aab4ae6147e2b1b43ef4e87a7b6555f048ba,7322,image/png,2026-09-25T01:00:33.679898+00:00,ok
00-0037384,Ja'Quan McMillian,lake/gold/nfl/player_photos/00-0037384.png,"https://static.www.nfl.com/image/upload/f_auto,q_auto/league/kpgabuesfqci0swbrkem",200,c52583fb217c24c48c24ce7eda2c8a89c6c74502051edfea1c3d7fddafed8cf8,7736,image/png,2026-09-25T01:00:43.192048+00:00,ok
00-0037428,Alec Anderson,lake/gold/nfl/player_photos/00-0037428.png,"https://static.www.nfl.com/image/upload/f_auto,q_auto/league/frlusanzfnfuvcgjc05a",200,c9f62b83061c868469ce7f95b09ac927db663ebf64e274623e447d50e65a8153,7860,image/png,2026-09-25T01:00:21.770865+00:00,ok
00-0037457,Jake Hansen,lake/gold/nfl/player_photos/00-0037457.png,"https://static.www.nfl.com/image/upload/f_auto,q_auto/league/i0pe7wrwhctzokn1kurk",200,d9f9bfa7613f424d11f1784028e8506ac8b84e23c9349e2bd1916b26ac0eea15,8880,image/png,2026-09-25T01:00:43.115098+00:00,ok
00-0037480,Dylan Cook,lake/gold/nfl/player_photos/00-0037480.png,"https://static.www.nfl.com/image/upload/f_auto,q_auto/league/nj4lwx2zcxnzg6kn3tu5",200,438d42af8cb724306427eea6f081a5433ba01a32cbc5ca13736055475b67506a,9200,image/png,2026-09-25T01:00:21.705235+00:00,ok
00-0037500,Ryan Wright,lake/gold/nfl/player_photos/00-0037500.png,"https://static.www.nfl.com/image/upload/f_auto,q_auto/league/g8j6r8d2ut2a2ln6i3c6",200,79925154ed67e5ad79b0f4dc2d385afb3ab67c9f9b9d727c8bb639de00b8b282,8109,image/png,2026-09-25T01:00:33.683209+00:00,ok
00-0037512,Isaiah Pola-Mao,lake/gold/nfl/player_photos/00-0037512.png,"https://static.www.nfl.com/image/upload/f_auto,q_auto/league/iv2fsbkqbciaglpqrlbd",200,188bda80f7b0ed571fc4fdee81e0509f62896a7c8beef1f50c3f58ef228b3457,7401,image/png,2026-09-25T01:00:49.533178+00:00,ok
00-0037524,Tay Martin,lake/gold/nfl/player_photos/00-0037524.png,"https://static.www.nfl.com/image/upload/f_auto,q_auto/league/ttdp5v9tl0zqmb0dmmuv",200,0c90a57d9bbea44b8b225981b2a1e74945868c39cea68acfbb01dca990561cbb,8903,image/png,2026-09-25T01:00:21.746429+00:00,ok
00-0037525,Jordan Mason,lake/gold/nfl/player_photos/00-0037525.png,"https://static.www.nfl.com/image/upload/f_auto,q_auto/league/qeeucinnxl8mpzaw23hc",200,1e0e8bb4ab11a6621ab0287e0f7ff0c1524935621df2387775139a9ac91bfb6e,9259,image/png,2026-09-25T01:00:21.798704+00:00,ok
00-0037526,Marcelino McCrary-Ball,lake/gold/nfl/player_photos/00-0037526.png,"https://static.www.nfl.com/image/upload/f_auto,q_auto/league/fs8k5b7zyglt1zg9q5zd",200,df2952cd9d64096c85d60d913f68190caffe90b0ca57cec0bee30ac36e1c2e40,9819,image/png,2026-09-25T01:00:49.621517+00:00,ok
00-0037527,Segun Olubi,lake/gold/nfl/player_photos/00-0037527.png,"https://static.www.nfl.com/image/upload/f_auto,q_auto/league/wdbdm4wqfnxyot962sco",200,0f245239e69099bcac5c8ac19c6186d0f488974bfab3104c1c2274ff9fdee9fb,9520,image/png,2026-09-25T01:00:21.728732+00:00,ok
00-0037545,Rashid Shaheed,lake/gold/nfl/player_photos/00-0037545.png,"https://static.www.nfl.com/image/upload/f_auto,q_auto/league/ku2naisfbxmzgagxojnm",200,929fd452f997b40344758205a11a46233210a21e7c9a270ca202924e62ff3dac,9801,image/png,2026-09-25T01:00:21.791581+00:00,ok
00-0037547,Daniel Whelan,lake/gold/nfl/player_photos/00-0037547.png,"https://static.www.nfl.com/image/upload/f_auto,q_auto/league/sbt08fmtztaze2rm3cef",200,b84aac2477401874ac09b4a22bff2bfcde8cbf94b3a9e3fc6f595beea8e11261,8769,image/png,2026-09-25T01:00:21.762970+00:00,ok
00-0037557,Ronnie Rivers,lake/gold/nfl/player_photos/00-0037557.png,"https://static.www.nfl.com/image/upload/f_auto,q_auto/league/t9l7jhs1jw1joy8jpxee",200,965e4dbde80eaa9b09ab8b70c84b0dddec94d1e18d3665e82d548d286a7712fe,8925,image/png,2026-09-25T01:00:33.826713+00:00,ok
00-0037561,Markquese Bell,lake/gold/nfl/player_photos/00-0037561.png,"https://static.www.nfl.com/image/upload/f_auto,q_auto/league/wdantov1g2bbtjf4chpx",200,f479e16f3f46a11338f1c7b76bb20e9a7a39b6c868800893f5dd718b6230c0ec,7231,image/png,2026-09-25T01:00:49.424109+00:00,ok
00-0037587,Nate Landman,lake/gold/nfl/player_photos/00-0037587.png,"https://static.www.nfl.com/image/upload/f_auto,q_auto/league/w44rpubxjijvxv0pkfnh",200,89ea596c8fe2af031e6961b90ac1b9e2fe337ec875eb01b2fbedc78909b56374,8170,image/png,2026-09-25T01:00:33.824236+00:00,ok
00-0037594,Julius Chestnut,lake/gold/nfl/player_photos/00-0037594.png,"https://static.www.nfl.com/image/upload/f_auto,q_auto/league/bkhv6hpjogvs5b31wwrs",200,686a6d9bad44d2c901357d3f4f89c9929c20ad9b1e3867fc69006a00a9542e4e,8623,image/png,2026-09-25T01:00:38.990927+00:00,ok
00-0037596,Jack Gibbens,lake/gold/nfl/player_photos/00-0037596.png,"https://static.www.nfl.com/image/upload/f_auto,q_auto/league/cbl2jymi5wc5wxctu1es",200,808dabdc77018b26952f4035e16d795e126013bd3b2257c1a5eab8f26e72fe6f,8844,image/png,2026-09-25T01:00:49.567310+00:00,ok
00-0037611,Kayvon Thibodeaux,lake/gold/nfl/player_photos/00-0037611.png,"https://static.www.nfl.com/image/upload/f_auto,q_auto/league/zva5gqbt2nauteuxlcao",200,5a109bc2f514a70137654b23e6a020463662cf6fe9556c0d5a12fe2692e5cdea,8548,image/png,2026-09-25T01:00:43.279906+00:00,ok
00-0037614,John Metchie III,lake/gold/nfl/player_photos/00-0037614.png,"https://static.www.nfl.com/image/upload/f_auto,q_auto/league/nsjpnskeldxzbzckpfgg",200,fb769f319e3197a3854c3aa6be75cd1215b10304ff5421cc97c47ac7ab935e6d,9716,image/png,2026-09-25T01:00:26.415332+00:00,ok
00-0037615,Nakobe Dean,lake/gold/nfl/player_photos/00-0037615.png,"https://static.www.nfl.com/image/upload/f_auto,q_auto/league/cyowdu41yhyzblsz2aam",200,4d35a06518e67e98d90e97987da4b4f0ff6a14101baf35be67e1b6ff4bc17223,9158,image/png,2026-09-25T01:00:43.271690+00:00,ok
00-0037616,Nick Cross,lake/gold/nfl/player_photos/00-0037616.png,"https://static.www.nfl.com/image/upload/f_auto,q_auto/league/kk6rwopeqnomepo0lc9f",200,0578127bea38353144467786f836365d503059e042e628ac01a0d8bacf4add81,8989,image/png,2026-09-25T01:00:43.254837+00:00,ok
00-0037663,Jermaine Johnson II,lake/gold/nfl/player_photos/00-0037663.png,"https://static.www.nfl.com/image/upload/f_auto,q_auto/league/jj3gmudznyutylbkkqbu",200,374c8bfdec48965b8ba46486d1d19783cda9123b483d2859a767d33f972f6b81,8788,image/png,2026-09-25T01:00:43.288381+00:00,ok
00-0037664,Alec Pierce,lake/gold/nfl/player_photos/00-0037664.png,"https://static.www.nfl.com/image/upload/f_auto,q_auto/league/qcg9t51wgp3hicavmkmy",200,e1ef131788896ad398c7104bbb15fb071d10ea9b44d349f075872ef25c768e51,8925,image/png,2026-09-25T01:00:33.724316+00:00,ok
00-0037665,Sam Williams,lake/gold/nfl/player_photos/00-0037665.png,"https://static.www.nfl.com/image/upload/f_auto,q_auto/league/dffnhnfk8qloazleesuj",200,f50a942d97644b478a316f140df23adf23cc06ee7f77d60a02e73bb064be5783,7774,image/png,2026-09-25T01:00:43.276159+00:00,ok
00-0037686,Tucker Addington,lake/gold/nfl/player_photos/00-0037686.png,"https://static.www.nfl.com/image/upload/f_auto,q_auto/league/weswfyqcc51q4zgjtgmq",200,5b464f349b56c6c74eb71062e606eefe8c1680cc8a879dae8731d12a373e93b7,7923,image/png,2026-09-25T01:00:33.912248+00:00,ok
00-0037692,Brandon Aubrey,lake/gold/nfl/player_photos/00-0037692.png,"https://static.www.nfl.com/image/upload/f_auto,q_auto/league/bgwg06zmyohjxvzznbf6",200,2869dc815ffe5018d980094a4e20f4e8d1f3215e5a2401c3361be9fd5d78d72a,8060,image/png,2026-09-25T01:00:21.880825+00:00,ok
00-0037740,Garrett Wilson,lake/gold/nfl/player_photos/00-0037740.png,"https://static.www.nfl.com/image/upload/f_auto,q_auto/league/upxwxmhdd8xluztgqwhe",200,2c00aa4b6e8bf9e1406560e0e236eac43c4cd1304276403fdc0700337e7fe438,7853,image/png,2026-09-25T01:00:33.936879+00:00,ok
00-0037741,Jahan Dotson,lake/gold/nfl/player_photos/00-0037741.png,"https://static.www.nfl.com/image/upload/f_auto,q_auto/league/gwuibfw7ljxudxtldcvh",200,6ce63bf4bad16084472a84e4900beec4e3c35fec2387f02777328780909efc94,8312,image/png,2026-09-25T01:00:21.838851+00:00,ok
00-0037742,Treylon Burks,lake/gold/nfl/player_photos/00-0037742.png,"https://static.www.nfl.com/image/upload/f_auto,q_auto/league/bmozbzdxgnnwdniuvgnn",200,a469545bca97cf70feed6e1736a4264a11438211f9e4f43f40cc815a17644f08,9609,image/png,2026-09-25T01:00:38.987360+00:00,ok
00-0037743,Daxton Hill,lake/gold/nfl/player_photos/00-0037743.png,"https://static.www.nfl.com/image/upload/f_auto,q_auto/league/onw9ijbhtrdvjqpi0toh",200,d8bd3c04bdfd5c6bd18214d016e3ff9345bea3013f0a4691b9b0cf1085aac9f5,7678,image/png,2026-09-25T01:00:43.265063+00:00,ok
00-0037744,Trey McBride,lake/gold/nfl/player_photos/00-0037744.png,"https://static.www.nfl.com/image/upload/f_auto,q_auto/league/psasp10nn5pcvkli9kil",200,357adc4b68cdec930ba30480d08c9cf3d7bea8c22c7ceb06fc73f701eb050e03,8623,image/png,2026-09-25T01:00:21.867314+00:00,ok
00-0037746,Brian Robinson,lake/gold/nfl/player_photos/00-0037746.png,"https://static.www.nfl.com/image/upload/f_auto,q_auto/league/n1xhex1ytisxcbcggqu7",200,1716e8f19275f7bb702d1af1455e17f9f5131ea589de9cfbb6303b584f3f1c79,8234,image/png,2026-09-25T01:00:33.930047+00:00,ok
00-0037752,Tycen Anderson,lake/gold/nfl/player_photos/00-0037752.png,"https://static.www.nfl.com/image/upload/f_auto,q_auto/league/bcj31sdowvuw6gqh5zzj",200,9fbd57c3bc543b379bd3af8e37b33d8f7ddb848c434364fe9fdd97051de3530a,7616,image/png,2026-09-25T01:00:33.937572+00:00,ok
00-0037753,Cam Taylor-Britt,lake/gold/nfl/player_photos/00-0037753.png,"https://static.www.nfl.com/image/upload/f_auto,q_auto/league/zco7tr0hv4kxfytolltt",200,5fc41556dfc7fbd02f2d1f04619df38e5bcbd272cdb139e2275edf778c555248,8702,image/png,2026-09-25T01:00:51.707657+00:00,ok
00-0037756,Travis Jones,lake/gold/nfl/player_photos/00-0037756.png,"https://static.www.nfl.com/image/upload/f_auto,q_auto/league/wm1f5uddgq3xmivgmrkz",200,2a0e0a4d6aba985b8082f0214681d56fdd153509a6ad1353c6f1edcc1efa0268,9056,image/png,2026-09-25T01:00:43.303493+00:00,ok
00-0037758,Cordale Flott,lake/gold/nfl/player_photos/00-0037758.png,"https://static.www.nfl.com/image/upload/f_auto,q_auto/league/dk8b5dpa5fflut1j4ynl",200,e7a522ddc50824c977b42404440071ba97ce862f482c66cf8378899bdc813560,7876,image/png,2026-09-25T01:00:43.413618+00:00,ok
00-0037799,Dondrea Tillman,lake/gold/nfl/player_photos/00-0037799.png,"https://static.www.nfl.com/image/upload/f_auto,q_auto/league/rqo88erhkag4dfighxdw",200,310fa17294ff39be13e93ef500eb6415234c5fc15a47d827bb95ee8f937f7399,8774,image/png,2026-09-25T01:00:43.415648+00:00,ok
00-0037801,KaVontae Turpin,lake/gold/nfl/player_photos/00-0037801.png,"https://static.www.nfl.com/image/upload/f_auto,q_auto/league/tayjlp1hgmm6rewgl1k4",200,b6da2f7dcffff411ddecca35a8253e8cb2993c79b8fea7d767735004f3c4f3e6,9439,image/png,2026-09-25T01:00:21.887530+00:00,ok
00-0037805,Jeremy Ruckert,lake/gold/nfl/player_photos/00-0037805.png,"https://static.www.nfl.com/image/upload/f_auto,q_auto/league/bcqcta7r1uee3rqhejdh",200,bc91fc7dd4583faecc400790eb4bdae89f2fe941868d6a23612e055d1b68d72c,7903,image/png,2026-09-25T01:00:33.934005+00:00,ok
00-0037809,Chig Okonkwo,lake/gold/nfl/player_photos/00-0037809.png,"https://static.www.nfl.com/image/upload/f_auto,q_auto/league/pzcez6pi9tpdqkmjjnzk",200,18dcfba871b307ee6bcb289c5412200c5eac424d7bae0ff47e43017c8963f32b,10338,image/png,2026-09-25T01:00:33.829204+00:00,ok
00-0037812,Abraham Lucas,lake/gold/nfl/player_photos/00-0037812.png,"https://static.www.nfl.com/image/upload/f_auto,q_auto/league/uuarey3oymnwrxezyp4d",200,86d7b801725596c37b34e1c4c3a16613d5cf7133b754994ae55f1a6b4ce3b67c,8789,image/png,2026-09-25T01:00:33.962592+00:00,ok
00-0037814,Luke Fortner,lake/gold/nfl/player_photos/00-0037814.png,"https://static.www.nfl.com/image/upload/f_auto,q_auto/league/lir08woankvv1ri6vpdr",200,138c441c0d15a484d10a1629d17b508982e4067b57cc2e61fedc1dd6347640d5,8132,image/png,2026-09-25T01:00:26.443163+00:00,ok
00-0037815,Cameron Thomas,lake/gold/nfl/player_photos/00-0037815.png,"https://static.www.nfl.com/image/upload/f_auto,q_auto/league/utrucssevq1dvqtxu3eh",200,7dcc42f0331c9ad1ad27b7f9fccf2e30c79f990ab753bcf75963801c83659c44,8312,image/png,2026-09-25T01:00:49.465894+00:00,ok
00-0037816,Romeo Doubs,lake/gold/nfl/player_photos/00-0037816.png,"https://static.www.nfl.com/image/upload/f_auto,q_auto/league/yxvzijmgwyyigljxfmyb",200,f28193e253688f645b01050d4ecea875635074cf37c7de812dd0fd79f2a339a8,8754,image/png,2026-09-25T01:00:34.153499+00:00,ok
00-0037817,Zach Bako-Bewele,lake/gold/nfl/player_photos/00-0037817.png,"https://static.www.nfl.com/image/upload/f_auto,q_auto/league/rciezth8ldzcpq7yqbde",200,c71239b2d7048f147204b1e7474a3e7b76e1a49a3d5cae56ffe257f2fd66f84f,8483,image/png,2026-09-25T01:00:34.154159+00:00,ok
00-0037818,Zion Johnson,lake/gold/nfl/player_photos/00-0037818.png,"https://static.www.nfl.com/image/upload/f_auto,q_auto/league/no0uoh39lwbf4kzp4zfj",200,052edd1ceec64c1c7e8bc2df371146c2b1c396d706e62ebf24493811248155dd,8074,image/png,2026-09-25T01:00:34.187339+00:00,ok
00-0037819,Leo Chenal,lake/gold/nfl/player_photos/00-0037819.png,"https://static.www.nfl.com/image/upload/f_auto,q_auto/league/vjl1lsaotcqcxkhm2std",200,4f3a54942a69b92bc57c2677891bba07b19b62ac4797069526bb5d39b20b8461,8318,image/png,2026-09-25T01:00:49.720706+00:00,ok
00-0037823,Christian Harris,lake/gold/nfl/player_photos/00-0037823.png,"https://static.www.nfl.com/image/upload/f_auto,q_auto/league/ffkftfaaph6bcd0v1d4n",200,91408c81a14c617ba87114cbeb2056302c7f99aaf2d0e28c439e6c8ab7ae8509,9856,image/png,2026-09-25T01:00:26.416207+00:00,ok
00-0037825,Tyler Linderbaum,lake/gold/nfl/player_photos/00-0037825.png,"https://static.www.nfl.com/image/upload/f_auto,q_auto/league/fh4i4wf9f4nslburymqu",200,402f289423ce0fcfd8aa9ecaac12cac644582e6fcebafb7186ae23f22eed4778,8649,image/png,2026-09-25T01:00:26.336584+00:00,ok
00-0037829,Spencer Burford,lake/gold/nfl/player_photos/00-0037829.png,"https://static.www.nfl.com/image/upload/f_auto,q_auto/league/wtff3ynyk6usevyirayk",200,1395a273f9a595eb86803d78ee7b6f4eba5d550c05e1eae97554287389f812d0,9314,image/png,2026-09-25T01:00:26.287977+00:00,ok
00-0037834,Brock Purdy,lake/gold/nfl/player_photos/00-0037834.png,"https://static.www.nfl.com/image/upload/f_auto,q_auto/league/xs2fyj1sqdgwvt9ihbri",200,eb1c5186b6be593850d53e60a8821d6f48fb7ddc80ba881d9985ab7bccefb171,7908,image/png,2026-09-25T01:00:21.920492+00:00,ok
00-0037838,Isaiah Likely,lake/gold/nfl/player_photos/00-0037838.png,"https://static.www.nfl.com/image/upload/f_auto,q_auto/league/b1pahldt9ixp9lssxi2d",200,7f430cd69c0bbbaa085e1235e38226e4e36cc3944691ada81adcb5fd7926feb6,9918,image/png,2026-09-25T01:00:21.899778+00:00,ok
00-0037839,Cobie Durant,lake/gold/nfl/player_photos/00-0037839.png,"https://static.www.nfl.com/image/upload/f_auto,q_auto/league/oeeeljrjnb0mvvzi6csj",200,acd6c9c5dcb8e819fa7a66b3a61a7605b323df806c35bfe6fca658537519cd89,7717,image/png,2026-09-25T01:00:43.478915+00:00,ok
00-0037840,Kyren Williams,lake/gold/nfl/player_photos/00-0037840.png,"https://static.www.nfl.com/image/upload/f_auto,q_auto/league/xti3pek6rmojqchakxpy",200,c1af54e493c81fa515c7cf15e8e2f05e0bcc9b18a40800e48a4091af1184853d,9042,image/png,2026-09-25T01:00:34.035323+00:00,ok
00-0037841,Quentin Lake,lake/gold/nfl/player_photos/00-0037841.png,"https://static.www.nfl.com/image/upload/f_auto,q_auto/league/qktbfevtbxiyrw9ekk72",200,c2b2cb8ecac19c6d265efa55257af8a78087e49348fd03f982247a2a5de662ca,7777,image/png,2026-09-25T01:00:49.897875+00:00,ok
00-0037843,Daniel Hardy,lake/gold/nfl/player_photos/00-0037843.png,"https://static.www.nfl.com/image/upload/f_auto,q_auto/league/z0xxyyeoreq9hcnvllfv",200,217433a14520c3cf476362801d2ccaa2ec3fe6da06e3989be42bbf2d8d5c047a,13865,image/png,2026-09-25T01:00:34.231002+00:00,ok
00-0038038,Kyle Hamilton,lake/gold/nfl/player_photos/00-0038038.png,"https://static.www.nfl.com/image/upload/f_auto,q_auto/league/cshtattblpge9ngjve9a",200,8c6f8d05502c8e537d0f456e6926f3fb5cc727405f799a98058c587ec9dbeff0,7888,image/png,2026-09-25T01:00:43.318512+00:00,ok
00-0038039,Jack Jones,lake/gold/nfl/player_photos/00-0038039.png,"https://static.www.nfl.com/image/upload/f_auto,q_auto/v1787861967/league/ah12ltwvgwl9few2ktqj",200,f528f9bf02966c4c16e683a2e9f57c909c58ee59fa229d9c27a9988c74c55d13,8225,image/png,2026-09-25T01:00:43.542241+00:00,ok
00-0038041,Jake Ferguson,lake/gold/nfl/player_photos/00-0038041.png,"https://static.www.nfl.com/image/upload/f_auto,q_auto/league/xpykb0tbosfwsn6dqstb",200,53a0085839cd8629dcd974dbc3156b190e0f629bf714870fc713d07ff5e4e82b,7552,image/png,2026-09-25T01:00:21.897506+00:00,ok
00-0038046,Charlie Kolar,lake/gold/nfl/player_photos/00-0038046.png,"https://static.www.nfl.com/image/upload/f_auto,q_auto/league/g75ws8vkqz9cqwifhcy7",200,2844f477e521ed582df667326e770dbbb8d07b94818e3e412294759f913bcaa8,9036,image/png,2026-09-25T01:00:21.932190+00:00,ok
00-0038090,Skyy Moore,lake/gold/nfl/player_photos/00-0038090.png,"https://static.www.nfl.com/image/upload/f_auto,q_auto/league/id9k0aylvgyq8lulabe3",200,b45d0200794ca4b78d9af3b3a00a961b717a48494678352e50121c6b10806675,8880,image/png,2026-09-25T01:00:21.902618+00:00,ok
00-0038094,Jordan Stout,lake/gold/nfl/player_photos/00-0038094.png,"https://static.www.nfl.com/image/upload/f_auto,q_auto/league/eeftrwsh0aigc7r22goy",200,4609a7bd9528591e82af1c9f39cddcdb1d6e65c9aec98278874aa471562e53d2,8568,image/png,2026-09-25T01:00:34.228572+00:00,ok
00-0038101,Akayleb Evans,lake/gold/nfl/player_photos/00-0038101.png,"https://static.www.nfl.com/image/upload/f_auto,q_auto/league/nhqsqcicvneknjeivzrd",200,56983e17f3a939e12fca1ed11c19defecf69b1be3a8d04d4eeacfddb449e9d86,9323,image/png,2026-09-25T01:00:46.135585+00:00,ok
00-0038102,Kenny Pickett,lake/gold/nfl/player_photos/00-0038102.png,"https://static.www.nfl.com/image/upload/f_auto,q_auto/league/gw6lyiuevyuspfkglnmj",200,c98aeee9c0a99849ec64b3ca8ca448d06fec2b184800851c7645d2c732084614,8297,image/png,2026-09-25T01:00:34.113109+00:00,ok
00-0038104,Tyquan Thornton,lake/gold/nfl/player_photos/00-0038104.png,"https://static.www.nfl.com/image/upload/f_auto,q_auto/league/bjqzuempyiwxe0hl7e5a",200,dbcd7442ca2f19d94bf8b3273bc693e89f2db5726c31bed341c8728a0dabca9f,8215,image/png,2026-09-25T01:00:34.237007+00:00,ok
00-0038106,Eyioma Uwazurike,lake/gold/nfl/player_photos/00-0038106.png,"https://static.www.nfl.com/image/upload/f_auto,q_auto/league/xrpjuwqmhwjnovlj1kd8",200,778ff79bd80d9b8e4fe24ba16e7fda96a9494a304bbf8b0c563d11a9d92163d8,9108,image/png,2026-09-25T01:00:43.652241+00:00,ok
00-0038112,Cam Jurgens,lake/gold/nfl/player_photos/00-0038112.png,"https://static.www.nfl.com/image/upload/f_auto,q_auto/league/j2vljio1hfmqcwj3pd5m",200,53f379eeaea3acfed61436a838b61f7ab09be704f2a4c223395e981364336773,9122,image/png,2026-09-25T01:00:34.246869+00:00,ok
00-0038115,Daniel Bellinger,lake/gold/nfl/player_photos/00-0038115.png,"https://static.www.nfl.com/image/upload/f_auto,q_auto/league/nvabdu88h2cvroeygabo",200,987827e7695e84a9f10c991ac2b2294ab91fcab26ed6ef6d63ebe2c77ffbb0b3,8704,image/png,2026-09-25T01:00:21.914943+00:00,ok
00-0038116,Arnold Ebiketie,lake/gold/nfl/player_photos/00-0038116.png,"https://static.www.nfl.com/image/upload/f_auto,q_auto/league/w5sjq8cj5tdar5ttlll7",200,6fdebb629a063b8fcfb9efa5e92035a6186f0b60f2c3bf50ab683db8015a8c0c,8527,image/png,2026-09-25T01:00:49.711732+00:00,ok
00-0038117,Wan'Dale Robinson,lake/gold/nfl/player_photos/00-0038117.png,"https://static.www.nfl.com/image/upload/f_auto,q_auto/league/yzcvyhmilvxedfjfjglc",200,48012e2f0d9781f809bc47c8ffb964bba88e3f84c057872e947ff26b4565cda1,8601,image/png,2026-09-25T01:00:21.934029+00:00,ok
00-0038120,Breece Hall,lake/gold/nfl/player_photos/00-0038120.png,"https://static.www.nfl.com/image/upload/f_auto,q_auto/league/i01xtqbfajfq68lb6orh",200,87e492f330ac56f66237b344ca2d8197004c19deb4ab0c0d4fe900ed8e2c7453,7561,image/png,2026-09-25T01:00:34.265828+00:00,ok
00-0038121,Alontae Taylor,lake/gold/nfl/player_photos/00-0038121.png,"https://static.www.nfl.com/image/upload/f_auto,q_auto/league/avogci7ghtzxoxdcdtnx",200,15485b36a4012b3008bf276f001c6eae6226223d429132db1ded36e7905ef42d,9001,image/png,2026-09-25T01:00:43.482738+00:00,ok
00-0038123,Dane Belton,lake/gold/nfl/player_photos/00-0038123.png,"https://static.www.nfl.com/image/upload/f_auto,q_auto/league/iiss6ltg2ajuabrisoqw",200,5b2deb801b4c01e08bff26703f311c944f026b7856933fddf16dc8c4792034aa,7496,image/png,2026-09-25T01:00:43.699566+00:00,ok
00-0038124,Christian Watson,lake/gold/nfl/player_photos/00-0038124.png,"https://static.www.nfl.com/image/upload/f_auto,q_auto/league/tumeg4d32sirkab2xzu5",200,84d005f93707ad19649925c76e79430c99f0cfbde04359e6ff32c77d70f72fac,8581,image/png,2026-09-25T01:00:21.978937+00:00,ok
00-0038125,Roger McCreary,lake/gold/nfl/player_photos/00-0038125.png,"https://static.www.nfl.com/image/upload/f_auto,q_auto/league/elq9ou82mtnczfos63em",200,d737ce3d5aedf9c4e9fc9473afaaadc7c501b014bdda765e74a49d7031dc1d63,8577,image/png,2026-09-25T01:00:49.636868+00:00,ok
00-0038127,Logan Hall,lake/gold/nfl/player_photos/00-0038127.png,"https://static.www.nfl.com/image/upload/f_auto,q_auto/league/k96urywunaosfsjayoyk",200,bd2f2f08108df1510929356510572efb9c7fdf3b391a9f82ab1a04edd7731710,8685,image/png,2026-09-25T01:00:46.125839+00:00,ok
00-0038128,Malik Willis,lake/gold/nfl/player_photos/00-0038128.png,"https://static.www.nfl.com/image/upload/f_auto,q_auto/league/txvgdbwbryzyyqq6gfet",200,c1fe59d8c495f34f420804a997035504f5237c0f5bd08d3a4f707af3beae956c,9863,image/png,2026-09-25T01:00:34.373400+00:00,ok
00-0038129,Cade Otton,lake/gold/nfl/player_photos/00-0038129.png,"https://static.www.nfl.com/image/upload/f_auto,q_auto/league/yanr6h9aplae3jyzimf7",200,5d56877374870e67a4d44f463d546a054fce35b4830f1217e90de39b0ace4651,8305,image/png,2026-09-25T01:00:22.043943+00:00,ok
00-0038133,Boye Mafe,lake/gold/nfl/player_photos/00-0038133.png,"https://static.www.nfl.com/image/upload/f_auto,q_auto/league/fkiu8drhb66rzmqjeg7w",200,3bdc6a42bf95dbb248dfdd324b7cd00b37aa80dfc1300390f8e3ca1a6978ec3c,8719,image/png,2026-09-25T01:00:49.766662+00:00,ok
00-0038134,Kenneth Walker III,lake/gold/nfl/player_photos/00-0038134.png,"https://static.www.nfl.com/image/upload/f_auto,q_auto/league/vk6nruaqdewdglofcwwg",200,a2270584864cb80185e25045d195341c86005d60bf70209f44f719ab159148e8,7522,image/png,2026-09-25T01:00:34.244489+00:00,ok
00-0038135,Jaquan Brisker,lake/gold/nfl/player_photos/00-0038135.png,"https://static.www.nfl.com/image/upload/f_auto,q_auto/league/ng47khcomgkkfrmelstp",200,0386c3132f540e1b98be861a4e21a2f4b2a7595369bad2660d10e650de0c621d,8857,image/png,2026-09-25T01:00:43.743020+00:00,ok
00-0038359,Xavier Smith,lake/gold/nfl/player_photos/00-0038359.png,"https://static.www.nfl.com/image/upload/f_auto,q_auto/league/hqvwpitewijx8bjrcofe",200,dfcbb95f009ca8fc18dd1ed1f0770668449a50074d5285a43a42793cce58e98a,8176,image/png,2026-09-25T01:00:34.349725+00:00,ok
00-0038360,Alex Ward,lake/gold/nfl/player_photos/00-0038360.png,"https://static.www.nfl.com/image/upload/f_auto,q_auto/league/libjdgzvuq7q57noway9",200,f0c23c2d2672b9878c8a681bafd71a665c7f86aad2c3d083007391f7382e7c77,8467,image/png,2026-09-25T01:00:22.015262+00:00,ok
00-0038366,Tanner Ingle,lake/gold/nfl/player_photos/00-0038366.png,"https://static.www.nfl.com/image/upload/f_auto,q_auto/league/vzeuylllstdp5udwxgzq",200,cbc986ef836af0f878ea9d27568aba1792e9fac79ad365241e7a76bec4b676a6,8239,image/png,2026-09-25T01:00:26.334608+00:00,ok
00-0038386,Jalen Carter,lake/gold/nfl/player_photos/00-0038386.png,"https://static.www.nfl.com/image/upload/f_auto,q_auto/league/lzctlmzr184bc1mix5qs",200,8a89815b2e0591f9ba6543930047a384fbbe34fb1b195ebfbee09ed9c81fafa8,9567,image/png,2026-09-25T01:00:49.761913+00:00,ok
00-0038387,Colby Wooden,lake/gold/nfl/player_photos/00-0038387.png,"https://static.www.nfl.com/image/upload/f_auto,q_auto/league/vexyqlme1a5f74sqktzs",200,7cc7f646943e594d8db95115621e2c3315ee625e1654e0b68393031f3e7529a2,8457,image/png,2026-09-25T01:00:43.698901+00:00,ok
00-0038393,Dontayvion Wicks,lake/gold/nfl/player_photos/00-0038393.png,"https://static.www.nfl.com/image/upload/f_auto,q_auto/league/v1lt8kpvkn0qw5elyaoz",200,993888fc650de9fca150788c341c95549e6257542e0d9b08330f210d5da85f3e,10109,image/png,2026-09-25T01:00:34.224757+00:00,ok
00-0038398,Karl Brooks,lake/gold/nfl/player_photos/00-0038398.png,"https://static.www.nfl.com/image/upload/f_auto,q_auto/league/ymjmzn6ayhfpkdrtydyd",200,9e283006d67093367bc1d773c99496faa4c661627e8bc19309eb9ced651e6ecb,8962,image/png,2026-09-25T01:00:43.530331+00:00,ok
00-0038399,Zaire Barnes,lake/gold/nfl/player_photos/00-0038399.png,"https://static.www.nfl.com/image/upload/f_auto,q_auto/league/jnyarp6uvues6avvg9xa",200,5bd2867eb90691313c557d1699d5cc8222f784252f4c0d84f3113d538247b9d6,9028,image/png,2026-09-25T01:00:22.042065+00:00,ok
00-0038412,Moro Ojomo,lake/gold/nfl/player_photos/00-0038412.png,"https://static.www.nfl.com/image/upload/f_auto,q_auto/league/pifqoqquxxvoqwah8khm",200,a4c43522a1cf835c9007f676aaa23ff56df8bb56383de26c0e9cffc6713d2064,8833,image/png,2026-09-25T01:00:43.651064+00:00,ok
00-0038416,Tyson Bagent,lake/gold/nfl/player_photos/00-0038416.png,"https://static.www.nfl.com/image/upload/f_auto,q_auto/league/ymimvligfyrucu0v3p6a",200,73bfadf536d07ce50ddc7bdb39537d584249a5992b1e4bd2b21af0e4151bd18f,8301,image/png,2026-09-25T01:00:26.732630+00:00,ok
00-0038428,Andre Szmyt,lake/gold/nfl/player_photos/00-0038428.png,"https://static.www.nfl.com/image/upload/f_auto,q_auto/league/tkah6glpysuyq2a54gts",200,aaeb31e81cba272ec9711ed81a1bcc8f2bf4861b6968a3c6fc2d3e73b450d55f,8340,image/png,2026-09-25T01:00:22.065791+00:00,ok
00-0038429,Liam Anderson,lake/gold/nfl/player_photos/00-0038429.png,"https://static.www.nfl.com/image/upload/f_auto,q_auto/league/qvbfvhlmnbuuyccpdwsv",200,6cc7ffb6f4d2bc42a22b27475262fd10ff438ac10ee5cc97a1f30d53b6200f7e,8272,image/png,2026-09-25T01:00:39.215590+00:00,ok
00-0038454,Keaton Mitchell,lake/gold/nfl/player_photos/00-0038454.png,"https://static.www.nfl.com/image/upload/f_auto,q_auto/league/ztciwwpbyaffmckwrzdk",200,f247b702b689fdab53d8a24eb542dcca8d991a3ea8d60258d31b500add414bdb,9002,image/png,2026-09-25T01:00:22.079163+00:00,ok
00-0038463,Brenton Cox Jr.,lake/gold/nfl/player_photos/00-0038463.png,"https://static.www.nfl.com/image/upload/f_auto,q_auto/league/gip2rjldcyryxybsioer",200,477bddff9f2ef98f93bf4bcb0576d08a299177ec63fc7e683810310a45064ec7,10070,image/png,2026-09-25T01:00:34.256958+00:00,ok
00-0038488,Brady Russell,lake/gold/nfl/player_photos/00-0038488.png,"https://static.www.nfl.com/image/upload/f_auto,q_auto/league/vfz3osmr3fgeoyu5us80",200,9ec90a419086db452d6dd44ffb234f9d3c3c3358ea26ead72f23bcbb6e2c8bca,9778,image/png,2026-09-25T01:00:34.365843+00:00,ok
00-0038489,Ben VanSumeren,lake/gold/nfl/player_photos/00-0038489.png,"https://static.www.nfl.com/image/upload/f_auto,q_auto/league/ncnb1nwr2b1usus557xy",200,d9af4d2c6845c74932861af89ac4eae8b96d9437a3eacea3600550fef2320b00,7996,image/png,2026-09-25T01:00:22.184008+00:00,ok
00-0038493,Claudin Cherelus,lake/gold/nfl/player_photos/00-0038493.png,"https://static.www.nfl.com/image/upload/f_auto,q_auto/league/nrqd1waoajdyblwerius",200,72fd4241b97ac9bd136a1a98de078e7731b101f4c69e2ca645ee9dd063cff0aa,8227,image/png,2026-09-25T01:00:34.370471+00:00,ok
00-0038504,Trenton Simpson,lake/gold/nfl/player_photos/00-0038504.png,"https://static.www.nfl.com/image/upload/f_auto,q_auto/league/hoi5uajg40os0xa1odi9",200,a00f40847c6f2e286d5f90ceea3fec151a86c7c9303a6212d7ec7b1c625a0be8,8092,image/png,2026-09-25T01:00:49.823702+00:00,ok
00-0038505,Tavius Robinson,lake/gold/nfl/player_photos/00-0038505.png,"https://static.www.nfl.com/image/upload/f_auto,q_auto/league/mmvqyuqlg73zp0jwydxr",200,829c5cce9fd59258aa08a425f3dadc028ad754a84d7709333061d822f8b5d5e9,9725,image/png,2026-09-25T01:00:43.647426+00:00,ok
00-0038514,Truman Jones,lake/gold/nfl/player_photos/00-0038514.png,"https://static.www.nfl.com/image/upload/f_auto,q_auto/league/zhhugc4ahcrbbpbsufqr",200,66b95a635b248b955245e3daef02783bdadbebca688fd12795cfdb1e3ebe548c,9173,image/png,2026-09-25T01:00:39.218582+00:00,ok
00-0038519,Nikko Remigio,lake/gold/nfl/player_photos/00-0038519.png,"https://static.www.nfl.com/image/upload/f_auto,q_auto/league/n6b1tsy32fswbd0xgsim",200,a947ef089e30f79cbc3a9c1344a1dcf9beff6e257c2734cc1e4e0c50e989cd11,7757,image/png,2026-09-25T01:00:34.459524+00:00,ok
00-0038521,Reese Taylor,lake/gold/nfl/player_photos/00-0038521.png,"https://static.www.nfl.com/image/upload/f_auto,q_auto/league/sgzl6u9ggxuea9qcbveg",200,3a088925f8ba065c42532b09954f8aa4dafd140fdab733f3adc374497294be35,9877,image/png,2026-09-25T01:00:26.569750+00:00,ok
00-0038540,Paris Johnson Jr.,lake/gold/nfl/player_photos/00-0038540.png,"https://static.www.nfl.com/image/upload/f_auto,q_auto/league/fto9oiuqts9esmpl7dxf",200,6a0089da447062a8681d92ce73a47ab90978dcf8bc3808405d84478a3053c62d,9945,image/png,2026-09-25T01:00:34.554640+00:00,ok
00-0038541,Tyree Wilson,lake/gold/nfl/player_photos/00-0038541.png,"https://static.www.nfl.com/image/upload/f_auto,q_auto/league/ildmh1dcqbamtixdpgse",200,67452bc94d3d33ec7dcf0904af0c1a675dc7f1ff8bd39d154dcd2344b81559ba,8141,image/png,2026-09-25T01:00:49.771356+00:00,ok
00-0038542,Bijan Robinson,lake/gold/nfl/player_photos/00-0038542.png,"https://static.www.nfl.com/image/upload/f_auto,q_auto/league/esii5yb8yn9edboi4mlq",200,1c62bb4f503ed2cb348600cb043751c228110761da8d0de3f3e203df1bf63e40,8468,image/png,2026-09-25T01:00:22.118588+00:00,ok
00-0038543,Jaxon Smith-Njigba,lake/gold/nfl/player_photos/00-0038543.png,"https://static.www.nfl.com/image/upload/f_auto,q_auto/league/yx1xjrupbqdknnjaq4a6",200,88aacfb9018d9448065f7f5e9269f9ad95d72c2bbf71e465e7d3dfc9c404e16e,8400,image/png,2026-09-25T01:00:22.120321+00:00,ok
00-0038544,Quentin Johnston,lake/gold/nfl/player_photos/00-0038544.png,"https://static.www.nfl.com/image/upload/f_auto,q_auto/league/lyvsrjh4mjb4dqwp6shm",200,260ce973755977544ea2680905068515328579278d6692f8f42660580e75033b,8371,image/png,2026-09-25T01:00:23.198600+00:00,ok
00-0038546,Myles Murphy,lake/gold/nfl/player_photos/00-0038546.png,"https://static.www.nfl.com/image/upload/f_auto,q_auto/league/byrxunn2xpvxelbxlnh5",200,046b9f5bfa6e225a24d1131ff029b314bee14934473c4d402f063da5e08237d6,8318,image/png,2026-09-25T01:00:43.794467+00:00,ok
00-0038547,Luke Schoonmaker,lake/gold/nfl/player_photos/00-0038547.png,"https://static.www.nfl.com/image/upload/f_auto,q_auto/league/g1slhy5joxxfeudlzrh9",200,18f68ba1ed59522c4ee2bbe2575383e60650bb7c86ec3ab4e48f05e20054d3a5,7808,image/png,2026-09-25T01:00:34.482752+00:00,ok
00-0038548,O'Cyrus Torrence,lake/gold/nfl/player_photos/00-0038548.png,"https://static.www.nfl.com/image/upload/f_auto,q_auto/league/bkbuobkm9dwoyprlaasp",200,4afe0a353310a951c150181c14339cf376c817419c03ba742faaffc4c5088e02,8031,image/png,2026-09-25T01:00:34.534523+00:00,ok
00-0038549,DJ Turner II,lake/gold/nfl/player_photos/00-0038549.png,"https://static.www.nfl.com/image/upload/f_auto,q_auto/league/nijmaqsa0uggtjzmpzgy",200,01ea5d835f658430abfb23e2eba3b8e1df0b77889114ae33e790a287e7373fbb,8472,image/png,2026-09-25T01:00:22.200691+00:00,ok
00-0038551,Kendre Miller,lake/gold/nfl/player_photos/00-0038551.png,"https://static.www.nfl.com/image/upload/f_auto,q_auto/league/vclaomtslw55smksopku",200,6d4fcc496bc555fe1203d7602377663eca5b06f4d1e3552ef4b1b17a70158729,7789,image/png,2026-09-25T01:00:22.129616+00:00,ok
00-0038552,Riley Moss,lake/gold/nfl/player_photos/00-0038552.png,"https://static.www.nfl.com/image/upload/f_auto,q_auto/league/o8jxuxi7vqa9kxt0rawn",200,74d97e746175e9ceecda050012f83812fad24b9bbfb59aff6c78a1689606484f,8589,image/png,2026-09-25T01:00:43.795979+00:00,ok
00-0038553,Daiyan Henley,lake/gold/nfl/player_photos/00-0038553.png,"https://static.www.nfl.com/image/upload/f_auto,q_auto/league/jl1rn08ci17wub2xok8a",200,f0e05df5ca5491e32c07a19d9c65c8504c71bb1ffb933383330fe90329229bb1,8536,image/png,2026-09-25T01:00:49.743128+00:00,ok
00-0038554,Ji'Ayir Brown,lake/gold/nfl/player_photos/00-0038554.png,"https://static.www.nfl.com/image/upload/f_auto,q_auto/league/gmgewszcsvxdb63dmqby",200,618360eba5a5ec973d2588a88c996845613fa70c4d1a320255bfe3c2a30661d1,8838,image/png,2026-09-25T01:00:43.849460+00:00,ok
00-0038555,Tank Bigsby,lake/gold/nfl/player_photos/00-0038555.png,"https://static.www.nfl.com/image/upload/f_auto,q_auto/league/vfkdjfpiyrcuzahrmfvn",200,9a8e479404f5801a1aa8247f9267eeb4474c3d277f7a529e52f87295158e27c4,8774,image/png,2026-09-25T01:00:22.163655+00:00,ok
00-0038556,DeMarvion Overshown,lake/gold/nfl/player_photos/00-0038556.png,"https://static.www.nfl.com/image/upload/f_auto,q_auto/league/dxo0ebmthyvvgwfqqbbj",200,2e80e772478252e9a93097e24c4b968659316d13a4691311525a9311ec0fcc3d,9175,image/png,2026-09-25T01:00:43.860230+00:00,ok
00-0038557,Dorian Williams,lake/gold/nfl/player_photos/00-0038557.png,"https://static.www.nfl.com/image/upload/f_auto,q_auto/league/fsslbcbp87yehsofpwg1",200,92e074d395d67efc6a03840b9c6777906c22ebf775f22b1e288464b4b98c8eeb,9412,image/png,2026-09-25T01:00:49.740425+00:00,ok
00-0038558,Darnell Washington,lake/gold/nfl/player_photos/00-0038558.png,"https://static.www.nfl.com/image/upload/f_auto,q_auto/league/inwx7uipfktapaump5pj",200,dd58e993373f08c23f7383ea19ca2dc09a7e18f3ec8f1b1a15509af0a957114b,10095,image/png,2026-09-25T01:00:22.110843+00:00,ok
00-0038559,Michael Wilson,lake/gold/nfl/player_photos/00-0038559.png,"https://static.www.nfl.com/image/upload/f_auto,q_auto/league/hm2b9z4zujjmbiyldh8n",200,6c3f63fe89574495d0668c375ff3bf814ed875d2002c8e628126064bb44466e4,8097,image/png,2026-09-25T01:00:34.432151+00:00,ok
00-0038560,Jordan Battle,lake/gold/nfl/player_photos/00-0038560.png,"https://static.www.nfl.com/image/upload/f_auto,q_auto/league/iydwxwxig8e2godjx070",200,c68c54b4d01b0713b9a996d9b183ce41616474af6ed2e20a926841cecb4f9333,7937,image/png,2026-09-25T01:00:49.802199+00:00,ok
00-0038563,Tre Tucker,lake/gold/nfl/player_photos/00-0038563.png,"https://static.www.nfl.com/image/upload/f_auto,q_auto/league/hazzk3hrcequzosdgzgv",200,f445821834f4eb77c1c363e9c4c979e573e196389c5a5d05e56e6c460f9bb724,9160,image/png,2026-09-25T01:00:22.203804+00:00,ok
00-0038564,Cameron Latu,lake/gold/nfl/player_photos/00-0038564.png,"https://static.www.nfl.com/image/upload/f_auto,q_auto/league/hquihmithkmhoncvkqwt",200,e26ba98d30c3c65f33f00a8cd814e334082fb22271a5f40435dd2e91acbe4781,7957,image/png,2026-09-25T01:00:26.678424+00:00,ok
00-0038565,Mekhi Blackmon,lake/gold/nfl/player_photos/00-0038565.png,"https://static.www.nfl.com/image/upload/f_auto,q_auto/league/wrzakzdbmugca60xbidc",200,1a57bb6f693392c884b83e182de0aa56401b6043c92b49c41a53195f84903a71,8794,image/png,2026-09-25T01:00:51.718495+00:00,ok
00-0038567,Chad Ryland,lake/gold/nfl/player_photos/00-0038567.png,"https://static.www.nfl.com/image/upload/f_auto,q_auto/league/gbfzwbzdl9wj582nh5g9",200,c732fff00844e867a1ce82e084eb73546823b6da8c6240233d3ba1d643d18534,7966,image/png,2026-09-25T01:00:22.206878+00:00,ok
00-0038570,Ventrell Miller,lake/gold/nfl/player_photos/00-0038570.png,"https://static.www.nfl.com/image/upload/f_auto,q_auto/league/gmxgq1mjnbdjjpcggamn",200,501f0a8577a4c1118453e6c1cbc0ae3b13389a5880fb39ab65c48941ab0d47d7,9287,image/png,2026-09-25T01:00:49.812936+00:00,ok
00-0038573,Derius Davis,lake/gold/nfl/player_photos/00-0038573.png,"https://static.www.nfl.com/image/upload/f_auto,q_auto/league/ykmeihbr6903smvblzgc",200,8dd20ff956d1b4e6fe065bfe2e3c2e4a0bc5830cf45ed2e048b070bb2da5c93f,8661,image/png,2026-09-25T01:00:22.227250+00:00,ok
00-0038574,Isaiah McGuire,lake/gold/nfl/player_photos/00-0038574.png,"https://static.www.nfl.com/image/upload/f_auto,q_auto/league/bgay7c5onbqadb4qjguc",200,871501a132715b5182eb152fa7ba34e740dc8d9b5c85eef97d53f2f84aab80c3,10204,image/png,2026-09-25T01:00:44.120608+00:00,ok
00-0038577,Nick Herbig,lake/gold/nfl/player_photos/00-0038577.png,"https://static.www.nfl.com/image/upload/f_auto,q_auto/league/ox9fpvzppbe9uyqvnp2q",200,26d330e40425718b012beb28e84cb2f3e9d8445beec8a067b64e615e349e9337,7705,image/png,2026-09-25T01:00:43.966812+00:00,ok
00-0038578,Jay Ward,lake/gold/nfl/player_photos/00-0038578.png,"https://static.www.nfl.com/image/upload/f_auto,q_auto/league/dwljd5ukdc8pzy3l5vju",200,a859c462120c8cf8561990e2fbfc1210114262fa33de307e582f4e871617878b,9371,image/png,2026-09-25T01:00:39.363625+00:00,ok
00-0038580,Yasir Abdullah,lake/gold/nfl/player_photos/00-0038580.png,"https://static.www.nfl.com/image/upload/f_auto,q_auto/league/ok0dts6vzdwn8owisv08",200,239a5814ba207b3e294fb37691af5efd2b28e4f6b2f78462ce7082e8f86581e2,9173,image/png,2026-09-25T01:00:39.274078+00:00,ok
00-0038588,Jordan Howden,lake/gold/nfl/player_photos/00-0038588.png,"https://static.www.nfl.com/image/upload/f_auto,q_auto/league/x87djeswtkpxvuvyw5xh",200,5a101770c03967783dd4c74bf74cdbece9888a58d661eabdd294392f9fa96fcb,8845,image/png,2026-09-25T01:00:34.540476+00:00,ok
00-0038596,Antonio Johnson,lake/gold/nfl/player_photos/00-0038596.png,"https://static.www.nfl.com/image/upload/f_auto,q_auto/league/rrxemukb8b2to7ba2g56",200,f6ac28cab802bc976cc91702c7ad3b2c5f285a5368216688bd8c4ec3218562d6,9387,image/png,2026-09-25T01:00:49.745599+00:00,ok
00-0038597,Chase Brown,lake/gold/nfl/player_photos/00-0038597.png,"https://static.www.nfl.com/image/upload/f_auto,q_auto/league/tch3y6jlj7khvyi9jg0c",200,d0ff0556465a0e4b949cd9c53733235d40a3c547c3d5c3eb1459ce7ed7fd1c2e,8347,image/png,2026-09-25T01:00:22.307104+00:00,ok
00-0038599,Henry To'oTo'o,lake/gold/nfl/player_photos/00-0038599.png,"https://static.www.nfl.com/image/upload/f_auto,q_auto/league/epsdr0zqlm2vrhizwama",200,4510543a32b800b0b3e5bd3f856e25c6adbe00a1b3faccffd0d685bc75f055a7,7742,image/png,2026-09-25T01:00:34.619844+00:00,ok
00-0038603,Rob Beal Jr.,lake/gold/nfl/player_photos/00-0038603.png,"https://static.www.nfl.com/image/upload/f_auto,q_auto/league/clzzji0rtncdzzxhtpux",200,615f954afbff3731dbc834839ce28e9f10e9c059a3ad6bbdb363a595d920ecb0,8351,image/png,2026-09-25T01:00:34.628330+00:00,ok
00-0038605,JL Skinner,lake/gold/nfl/player_photos/00-0038605.png,"https://static.www.nfl.com/image/upload/f_auto,q_auto/league/dvlcjuzhtjxgfnnbcxjv",200,92a313f342a469c3e79f4d39c3177ed1c1a4f337d2f412f3604c40915ef83098,8493,image/png,2026-09-25T01:00:22.297539+00:00,ok
00-0038606,Parker Washington,lake/gold/nfl/player_photos/00-0038606.png,"https://static.www.nfl.com/image/upload/f_auto,q_auto/league/yn0hc5xrz5nqeccg8two",200,ef94562e71f157fd74c7e4cb50f0e0d27286e993d2f0f7c4daedf6e63d0e1b86,8894,image/png,2026-09-25T01:00:22.307550+00:00,ok
00-0038608,Kayshon Boutte,lake/gold/nfl/player_photos/00-0038608.png,"https://static.www.nfl.com/image/upload/f_auto,q_auto/league/mg4icjqhwhnc5uobmau5",200,30131c5916a9b045b988d4a9d0603ba89622376820a951c08e562d57fb03a298,7608,image/png,2026-09-25T01:00:34.533029+00:00,ok
00-0038611,Chris Rodriguez Jr.,lake/gold/nfl/player_photos/00-0038611.png,"https://static.www.nfl.com/image/upload/f_auto,q_auto/league/pknd5uajvpvfd8c744im",200,2be7623cdc3d04a1566a1391da021c913228103ddcd8ffaca2549652136a3e02,10185,image/png,2026-09-25T01:00:22.318849+00:00,ok
00-0038618,Xavier Hutchinson,lake/gold/nfl/player_photos/00-0038618.png,"https://static.www.nfl.com/image/upload/f_auto,q_auto/league/n5baiu6sg9wh3xhhewkd",200,60ddc4799a57125dfdfd80dc0307e160892073366ca9f4e121d4f55a1029601a,10765,image/png,2026-09-25T01:00:34.722173+00:00,ok
00-0038619,Andrei Iosivas,lake/gold/nfl/player_photos/00-0038619.png,"https://static.www.nfl.com/image/upload/f_auto,q_auto/league/xhrvbt81iohroyftuyj2",200,d5162b3867d8769e88e8dfaf2eeace45cf6b5876d40716c296a985a478072a1a,8575,image/png,2026-09-25T01:00:22.283557+00:00,ok
00-0038620,Erick Hallett,lake/gold/nfl/player_photos/00-0038620.png,"https://static.www.nfl.com/image/upload/f_auto,q_auto/league/hnpxgdu65sr9w51rkp6g",200,61b7582f1f5ee561f257d0912b3f197da495df1cc8c9500bf41c279bb979f5a9,8495,image/png,2026-09-25T01:00:39.354012+00:00,ok
00-0038621,DeMario Douglas,lake/gold/nfl/player_photos/00-0038621.png,"https://static.www.nfl.com/image/upload/f_auto,q_auto/league/cm9vnzqu5phlmsocjwgc",200,0b44cc552ada40cb0a1d7b4db40c7b7119e745a2d710c0cfd5f6b072f50c6564,9738,image/png,2026-09-25T01:00:22.757095+00:00,ok
00-0038623,Dante Stills,lake/gold/nfl/player_photos/00-0038623.png,"https://static.www.nfl.com/image/upload/f_auto,q_auto/league/xmtckml9zzgrv1r04anq",200,ae33d7879ad7a5678d9d6582c856c19b9db71fe356b0dfe06da6bdeb54dab0f2,8299,image/png,2026-09-25T01:00:43.858853+00:00,ok
00-0038625,Dee Winters,lake/gold/nfl/player_photos/00-0038625.png,"https://static.www.nfl.com/image/upload/f_auto,q_auto/league/xlebnylgre4ogpnnl4na",200,4f6738f0196eac43c012bfa581edf59cced55acf9ecca6cf7586d324b76af352,9315,image/png,2026-09-25T01:00:49.903789+00:00,ok
00-0038628,DeMarcco Hellams,lake/gold/nfl/player_photos/00-0038628.png,"https://static.www.nfl.com/image/upload/f_auto,q_auto/league/qg0hfg5iv3zc6hn07dzt",200,27cc228191ae4a2519c877017413ea0414b879b4bd12b5492fac249ab76d1add,8779,image/png,2026-09-25T01:00:34.648242+00:00,ok
00-0038629,Jovaughn Gwyn,lake/gold/nfl/player_photos/00-0038629.png,"https://static.www.nfl.com/image/upload/f_auto,q_auto/league/tm2hlsk9mv702qczciho",200,066f45adffa0ea5a4c7554bd4777ff453eca7185c213b72edd109a8c49834cb8,10438,image/png,2026-09-25T01:00:34.538966+00:00,ok
00-0038640,Jalen Brooks,lake/gold/nfl/player_photos/00-0038640.png,"https://static.www.nfl.com/image/upload/f_auto,q_auto/league/xeg0tvg6klf0afgddkq6",200,eb6fed0baed95fe543508989cfad88ebb6141e37caaf5066e4390e01d65aab90,8135,image/png,2026-09-25T01:00:26.509689+00:00,ok
00-0038642,D.J. Ivey,lake/gold/nfl/player_photos/00-0038642.png,"https://static.www.nfl.com/image/upload/f_auto,q_auto/league/bgycp6whsc4bd61aumsq",200,524583827cc9494fca738ed28d70903cd7a37614cafcd877c3f7106c15e4aa5d,8143,image/png,2026-09-25T01:00:26.801962+00:00,ok
00-0038643,Brayden Willis,lake/gold/nfl/player_photos/00-0038643.png,"https://static.www.nfl.com/image/upload/f_auto,q_auto/league/sdifjifrgrvunhiigdub",200,d43daa0fb92bb1d49284ed5c1abba4b0f0e55834da691409cb1d39be56491b69,8990,image/png,2026-09-25T01:00:26.804161+00:00,ok
00-0038645,Spencer Anderson,lake/gold/nfl/player_photos/00-0038645.png,"https://static.www.nfl.com/image/upload/f_auto,q_auto/league/gtpey4tnh0dkqjlux3gz",200,b949f9364e64112e948ca50e769d8ade777bf85af39289a5cb02aa22975559ed,10794,image/png,2026-09-25T01:00:39.275958+00:00,ok
00-0038653,Cory Durden,lake/gold/nfl/player_photos/00-0038653.png,"https://static.www.nfl.com/image/upload/f_auto,q_auto/league/ov0j6k2wckanqkayqxhj",200,4d8747e7546a0426b5f1bb532429a21dc04f5c6efa4cf861a1182fe2c477fd83,8534,image/png,2026-09-25T01:00:34.709831+00:00,ok
00-0038660,Trevor Nowaske,lake/gold/nfl/player_photos/00-0038660.png,"https://static.www.nfl.com/image/upload/f_auto,q_auto/league/m65qtbao0n91lg4gprrp",200,c897dd6efc8d98fbbe5ec52b20a97ecdc0d9bfd67f517fb76fd818bc1f61d304,8098,image/png,2026-09-25T01:00:49.934856+00:00,ok
00-0038685,Chris Brooks,lake/gold/nfl/player_photos/00-0038685.png,"https://static.www.nfl.com/image/upload/f_auto,q_auto/league/ityat7ltppdxe9t0imjd",200,7c2a9e791272b36e3ca314341bf149d4f310b7c269f418e15380b93043321fd7,8517,image/png,2026-09-25T01:00:34.713558+00:00,ok
00-0038705,Emari Demercado,lake/gold/nfl/player_photos/00-0038705.png,"https://static.www.nfl.com/image/upload/f_auto,q_auto/league/wu0sm9ttr4aiugi9fquf",200,21dd37ff018cbb0dffb4e4105f3f6ea11af3951674b7f84a2fcf913440f657a7,8599,image/png,2026-09-25T01:00:34.725092+00:00,ok
00-0038710,Blake Whiteheart,lake/gold/nfl/player_photos/00-0038710.png,"https://static.www.nfl.com/image/upload/f_auto,q_auto/league/senw8edxu2ovkg1dbdxs",200,ff0740ffb2e70481874f2b4ff01dfbfa090234be2c81abbbec1955d836f10e24,8878,image/png,2026-09-25T01:00:22.321064+00:00,ok
00-0038711,Mohamoud Diabate,lake/gold/nfl/player_photos/00-0038711.png,"https://static.www.nfl.com/image/upload/f_auto,q_auto/league/to8prswizs9iqvpqqbay",200,f233c59cec857c5710947bb79dc23dcde6289a74df1a7b379311883a4d607bab,9266,image/png,2026-09-25T01:00:22.353527+00:00,ok
00-0038715,Ronnie Hickman Jr.,lake/gold/nfl/player_photos/00-0038715.png,"https://static.www.nfl.com/image/upload/f_auto,q_auto/league/ds24p7j86p9mwshsjvbu",200,b945d5ce20cf15ecaf36e80cc098a5f3f2f5f4a6557d539d057b801427866496,9228,image/png,2026-09-25T01:00:22.320373+00:00,ok
00-0038728,Jared Wayne,lake/gold/nfl/player_photos/00-0038728.png,"https://static.www.nfl.com/image/upload/f_auto,q_auto/league/ykhrjnmqsqyprplhy6pl",200,e93d5c5e1539b20772aa5a764058d11ba1ff0308f3ae948316d98cf86b6d9086,9311,image/png,2026-09-25T01:00:34.730835+00:00,ok
00-0038738,Hunter Luepke,lake/gold/nfl/player_photos/00-0038738.png,"https://static.www.nfl.com/image/upload/f_auto,q_auto/league/m28qafff4o5vb3aaumiv",200,22e41079e3c52d5d549bdc3cdd1b22a32613f4b4919fb859c5e712e794f7c3db,7480,image/png,2026-09-25T01:00:34.832136+00:00,ok
00-0038742,Tyrus Wheat,lake/gold/nfl/player_photos/00-0038742.png,"https://static.www.nfl.com/image/upload/f_auto,q_auto/league/krmcu6sltcvyy6ddisn7",200,bd215362970a9280c46f11c6c59e337382e3c5992cbdffe5603fceaca36ff018,8895,image/png,2026-09-25T01:00:39.268171+00:00,ok
00-0038764,Patrick O'Connell,lake/gold/nfl/player_photos/00-0038764.png,"https://static.www.nfl.com/image/upload/f_auto,q_auto/league/s5wok0ocqr8yc86xhucm",200,2a997e2565e0f5d9135999e3e1b6f2a17f77702eeec87d089bfacfe6d56f0899,8557,image/png,2026-09-25T01:00:50.003035+00:00,ok
00-0038778,Jalen Redmond,lake/gold/nfl/player_photos/00-0038778.png,"https://static.www.nfl.com/image/upload/f_auto,q_auto/league/y4m9ssdlqb8i7zgmo7tl",200,a986b62a156cf3757fa93a629ef6c7b24ebef5fe6822880dac02915a0da6ec03,8774,image/png,2026-09-25T01:00:43.942155+00:00,ok
00-0038782,Eku Leota,lake/gold/nfl/player_photos/00-0038782.png,"https://static.www.nfl.com/image/upload/f_auto,q_auto/league/yj4vx0pliwqrimhyeiyw",200,b4265f53fa3089bb101ffaef98e64040072cb0b2f2ccf1691c2c16ae16fada9f,9134,image/png,2026-09-25T01:00:50.030957+00:00,ok
00-0038783,Nate Adkins,lake/gold/nfl/player_photos/00-0038783.png,"https://static.www.nfl.com/image/upload/f_auto,q_auto/league/hedaw0ksq5qdzp9uhe3w",200,919d429647c2f5ba0ba233b70efef8872e6cbece76fb968a449b45fa99780bfe,7650,image/png,2026-09-25T01:00:22.364895+00:00,ok
00-0038791,Thomas Incoom,lake/gold/nfl/player_photos/00-0038791.png,"https://static.www.nfl.com/image/upload/f_auto,q_auto/league/rcrh2zr9mxex16czv1eo",200,104086f291156fa6aee8a1a5d0ffc1968d107094921a0f603ae8e5506e41c79c,9498,image/png,2026-09-25T01:00:44.194714+00:00,ok
00-0038794,Jaleel McLaughlin,lake/gold/nfl/player_photos/00-0038794.png,"https://static.www.nfl.com/image/upload/f_auto,q_auto/league/jlzkji7mfkcmkyz2tygj",200,4ca0ee552cb15d6dfc2f2c9c81356fccf0c243c263e4c274d4d3cabd75b244cf,9714,image/png,2026-09-25T01:00:26.909191+00:00,ok
00-0038797,Emanuel Wilson,lake/gold/nfl/player_photos/00-0038797.png,"https://static.www.nfl.com/image/upload/f_auto,q_auto/league/uorruvczsxzvffpbxu8z",200,f9cafc0319c89306d28f193c936a3d13c5826e54da3c7c616636c4928ab2e03d,9232,image/png,2026-09-25T01:00:34.843166+00:00,ok
00-0038807,Ivan Pace Jr.,lake/gold/nfl/player_photos/00-0038807.png,"https://static.www.nfl.com/image/upload/f_auto,q_auto/league/til1eiumoueha3mnindj",200,7d616d92d71b448dea7500a844140dc1cd9243254dad290b08fe2199c263ed93,8922,image/png,2026-09-25T01:00:22.367894+00:00,ok
00-0038820,Christian Izien,lake/gold/nfl/player_photos/00-0038820.png,"https://static.www.nfl.com/image/upload/f_auto,q_auto/league/mgnzlvalqatapemmfbao",200,af0a67e1d3d730f6dfe9dcf6d0528eb8072f215cb1ba444344ab4f458fdebae4,7892,image/png,2026-09-25T01:00:26.697005+00:00,ok
00-0038824,Ryan Miller,lake/gold/nfl/player_photos/00-0038824.png,"https://static.www.nfl.com/image/upload/f_auto,q_auto/league/cyn2sjaozsadlvgarg6p",200,38a6e111260d5ec7d4378d21c1a87987b43c44d10413d77e20faed19229d5db8,8224,image/png,2026-09-25T01:00:26.735136+00:00,ok
00-0038840,Brycen Tremayne,lake/gold/nfl/player_photos/00-0038840.png,"https://static.www.nfl.com/image/upload/f_auto,q_auto/league/isc094ihkf69vzrlkiql",200,f35cea6ba23a244c90f070a47e8e52d999aac5e098b976bcd24ff5cc32378bb4,8579,image/png,2026-09-25T01:00:22.411439+00:00,ok
00-0038866,AJ Finley,lake/gold/nfl/player_photos/00-0038866.png,"https://static.www.nfl.com/image/upload/f_auto,q_auto/league/zqvnq3t2f3ayg5rnmzld",200,9c665ebf915cb68e5126cda14fbca8855394b61a73e91b0e9618e98d85836c80,7952,image/png,2026-09-25T01:00:26.902467+00:00,ok
00-0038896,Jacob Saylors,lake/gold/nfl/player_photos/00-0038896.png,"https://static.www.nfl.com/image/upload/f_auto,q_auto/league/wunm6abfmikwaewmwkp7",200,7e2f1bf919149573fdc4c6e829afca0c17fd4127ab49309140ef1cd3579a3e56,8092,image/png,2026-09-25T01:00:34.715146+00:00,ok
00-0038922,Drake Thomas,lake/gold/nfl/player_photos/00-0038922.png,"https://static.www.nfl.com/image/upload/f_auto,q_auto/league/rmsrwh97imnsmq3lw1xm",200,1096bdd2b9ca2432ebd8f9e162427712b7e8a3a59c7eb27fb84c08e8f3b9358a,8823,image/png,2026-09-25T01:00:44.108372+00:00,ok
00-0038933,Dalton Kincaid,lake/gold/nfl/player_photos/00-0038933.png,"https://static.www.nfl.com/image/upload/f_auto,q_auto/league/z7k857flehljboaixj8m",200,a4db7b06983f6f01e4ad7d78991bf58cf9acf40b326d237d702accafaee531cb,7347,image/png,2026-09-25T01:00:34.888268+00:00,ok
00-0038935,Brenton Strange,lake/gold/nfl/player_photos/00-0038935.png,"https://static.www.nfl.com/image/upload/f_auto,q_auto/league/devxzxwf1sfficgncggm",200,c8dd1a82ac07bf8a1a04f904781609dda21262a135725fd0210a50f11b76b4f9,8924,image/png,2026-09-25T01:00:34.731897+00:00,ok
00-0038936,Juice Scruggs,lake/gold/nfl/player_photos/00-0038936.png,"https://static.www.nfl.com/image/upload/f_auto,q_auto/league/ni0rm2lbpplykzufmm5q",200,b5d843fd67c52410725f273c25eec9119c1027f385cab45ffb121a0423f0d1dd,7870,image/png,2026-09-25T01:00:26.935435+00:00,ok
00-0038940,Tyler Lacy,lake/gold/nfl/player_photos/00-0038940.png,"https://static.www.nfl.com/image/upload/f_auto,q_auto/league/k0vshmovqi55f4nwuiaf",200,b35545a5f10661722ed59822dc6eaa54cb61ff51f606b08f709fe0dc7da4e5f0,8189,image/png,2026-09-25T01:00:44.069682+00:00,ok
00-0038976,Marvin Mims Jr.,lake/gold/nfl/player_photos/00-0038976.png,"https://static.www.nfl.com/image/upload/f_auto,q_auto/league/zbdjtph5xplbf4yocz0l",200,145af4335e2aa8cef6dc7f21fa2241269c0a00dca95301869c0b16632973e8b9,8634,image/png,2026-09-25T01:00:22.362552+00:00,ok
00-0038978,Byron Young,lake/gold/nfl/player_photos/00-0038978.png,"https://static.www.nfl.com/image/upload/f_auto,q_auto/league/zkjuhizs7now7kfwp9s3",200,b7403b9e2ec691b9b32c215bd5b81e99695276df1ebdcecc2afeb74c4ed78e2a,9055,image/png,2026-09-25T01:00:44.074914+00:00,ok
00-0038980,Zach Harrison,lake/gold/nfl/player_photos/00-0038980.png,"https://static.www.nfl.com/image/upload/f_auto,q_auto/league/jph76ryj7fn3yqi5c2yg",200,9364b85beac1c4c44d7023f286442e0a3887ff938017d7c1747af1aff6f8a492,7827,image/png,2026-09-25T01:00:39.423828+00:00,ok
00-0038984,Kei'Trel Clark,lake/gold/nfl/player_photos/00-0038984.png,"https://static.www.nfl.com/image/upload/f_auto,q_auto/league/mcmz4ef4fvvoqapbf8rf",200,303ebc8d035b870a8156ef4edf3b36c8e3623c9dca2d9e86c22d1a91f70c5c4c,9806,image/png,2026-09-25T01:00:50.012958+00:00,ok
00-0038986,Nic Jones,lake/gold/nfl/player_photos/00-0038986.png,"https://static.www.nfl.com/image/upload/f_auto,q_auto/league/ph6swp4bcjab60k3zlmw",200,cec489a9d9210c520a1cdad07f7f16c5486668889128f5782ce03d49935fb9eb,8079,image/png,2026-09-25T01:00:46.143696+00:00,ok
00-0038994,Jordan Addison,lake/gold/nfl/player_photos/00-0038994.png,"https://static.www.nfl.com/image/upload/f_auto,q_auto/league/mi4lzk9gvjrvo6rwdf1e",200,2da5c07d9ac5295d6e7120b0be716c8c6571c43a459924d0da7852090347e12e,9289,image/png,2026-09-25T01:00:22.470405+00:00,ok
00-0038996,Tucker Kraft,lake/gold/nfl/player_photos/00-0038996.png,"https://static.www.nfl.com/image/upload/f_auto,q_auto/league/n6vu44jbq31rydoaadaq",200,152c0e06f2e8f3e71a8fcc9a4b06ed87a5aea86d8c0564b08f60cd1809518174,8424,image/png,2026-09-25T01:00:22.441185+00:00,ok
00-0038997,Josh Downs,lake/gold/nfl/player_photos/00-0038997.png,"https://static.www.nfl.com/image/upload/f_auto,q_auto/league/z3wahaxpmc6d5lcxgh60",200,f79b988739f020bb88b4a500074b7a117d184b4160ee06f5ed8c4bf0a0b15ea6,8239,image/png,2026-09-25T01:00:34.734147+00:00,ok
00-0039000,Deonte Banks,lake/gold/nfl/player_photos/00-0039000.png,"https://static.www.nfl.com/image/upload/f_auto,q_auto/league/pskti493swphojhbve0c",200,1121609645063cd5eaf0b5d75dbece2bd1ab8c5a4a17cedb5b9032803e3d9488,8055,image/png,2026-09-25T01:00:44.160570+00:00,ok
00-0039001,Tyler Steen,lake/gold/nfl/player_photos/00-0039001.png,"https://static.www.nfl.com/image/upload/f_auto,q_auto/league/vql0qqvuq0eqkaolcqep",200,841175819fb4c910a70f57d7db8ac720b6e6b4b6f8796e394cad107a22b9ff95,8418,image/png,2026-09-25T01:00:39.471009+00:00,ok
00-0039002,Sydney Brown,lake/gold/nfl/player_photos/00-0039002.png,"https://static.www.nfl.com/image/upload/f_auto,q_auto/league/c9jtw4rbs1inmf2mwjlc",200,d5b868d27daa91c90ce5dfe420213dc48385cf54c30c38cb2de98cb0c0e7f7e2,8316,image/png,2026-09-25T01:00:44.024183+00:00,ok
00-0039006,Felix Anudike-Uzomah,lake/gold/nfl/player_photos/00-0039006.png,"https://static.www.nfl.com/image/upload/f_auto,q_auto/league/exgukbhcnyzn7sntq0jk",200,37b5b3da7fff48f9c2a89e25068ed0fb98394284ab673e2b9eaec732dcac683d,8087,image/png,2026-09-25T01:00:44.116071+00:00,ok
00-0039013,Nolan Smith,lake/gold/nfl/player_photos/00-0039013.png,"https://static.www.nfl.com/image/upload/f_auto,q_auto/league/mutic3dzmrlfruwqlgcb",200,7340ea9f5e84d83a156ede35c3102337ddaa8954da63a64962d62f07b3ab71f8,7910,image/png,2026-09-25T01:00:44.135237+00:00,ok
00-0039018,Jack Campbell,lake/gold/nfl/player_photos/00-0039018.png,"https://static.www.nfl.com/image/upload/f_auto,q_auto/league/gxyqaufhu1wgnomrm8ic",200,121ddb50c4c14b632ff01769b9ba25e98d1e5163c07ddfa4e463faea38547498,7919,image/png,2026-09-25T01:00:50.115710+00:00,ok
00-0039020,Anthony Bradford,lake/gold/nfl/player_photos/00-0039020.png,"https://static.www.nfl.com/image/upload/f_auto,q_auto/league/g2bf69loozhlnsfoxsjv",200,edd6dc054de14a0cb8be9f7ee44b3a16f1ad94d84b856b6f84806b27b200a63a,8778,image/png,2026-09-25T01:00:34.913175+00:00,ok
00-0039021,Roschon Johnson,lake/gold/nfl/player_photos/00-0039021.png,"https://static.www.nfl.com/image/upload/f_auto,q_auto/league/xbham6uvckkshpntb8oj",200,b9f8e85eff678b4a158b585b053ca3a890d5ae7d83ed3231723a51bdf59a69ef,8976,image/png,2026-09-25T01:00:22.405419+00:00,ok
00-0039031,Adetomiwa Adebawore,lake/gold/nfl/player_photos/00-0039031.png,"https://static.www.nfl.com/image/upload/f_auto,q_auto/league/k4jeqt29qhkxivumi4d7",200,26da885a0d6f38d9163a99c77e74fc40f9165d537dd8e46937a64932819373a4,8277,image/png,2026-09-25T01:00:22.447549+00:00,ok
00-0039032,Tyjae Spears,lake/gold/nfl/player_photos/00-0039032.png,"https://static.www.nfl.com/image/upload/f_auto,q_auto/league/pkly3nkohty1tuijtwty",200,d20c22dacfcd9519723bf49f21abf9da4466de15ef186d09fbe212c3d0fe0a33,9190,image/png,2026-09-25T01:00:35.013416+00:00,ok
00-0039040,De'Von Achane,lake/gold/nfl/player_photos/00-0039040.png,"https://static.www.nfl.com/image/upload/f_auto,q_auto/league/xk1xwio0bryfxo1ylweu",200,05257dcd6e7e3ebfac668fde040a6bf72153a6e45a4a3f6d08ffe13bcd45c8d7,8682,image/png,2026-09-25T01:00:22.503362+00:00,ok
00-0039041,Elijah Higgins,lake/gold/nfl/player_photos/00-0039041.png,"https://static.www.nfl.com/image/upload/f_auto,q_auto/league/qgvtaa0gekopg4ad6vqe",200,97776b208d49536a7c4e4670a54dd8b532a6e8376d41454d727e9f893b360198,8584,image/png,2026-09-25T01:00:39.396866+00:00,ok
00-0039047,Derick Hall,lake/gold/nfl/player_photos/00-0039047.png,"https://static.www.nfl.com/image/upload/f_auto,q_auto/league/pblbd65bo6myp030qbes",200,2ce24bd7d6350628642d4ac166c10a941a6bb97754e9174abbf0634d657ee047,8676,image/png,2026-09-25T01:00:50.022334+00:00,ok
00-0039048,Matthew Bergeron,lake/gold/nfl/player_photos/00-0039048.png,"https://static.www.nfl.com/image/upload/f_auto,q_auto/league/hy3t6flxp3ryvd3ntoum",200,b5cd621d87c1811820259564e2a92e6d052d622db2d22e08bdb5233e55a7c3ac,9297,image/png,2026-09-25T01:00:34.974726+00:00,ok
00-0039049,SirVocea Dennis,lake/gold/nfl/player_photos/00-0039049.png,"https://static.www.nfl.com/image/upload/f_auto,q_auto/league/jcqpqpizmzp5fotauj38",200,6eb733e5c1a062cbf73cf63d3e8f06da981a35a9cea6de58d832098459cba4d2,8093,image/png,2026-09-25T01:00:35.000429+00:00,ok
00-0039059,Ethan Evans,lake/gold/nfl/player_photos/00-0039059.png,"https://static.www.nfl.com/image/upload/f_auto,q_auto/league/by1ttgtdiqwd3a2pdbl5",200,c0dd1579f30de8962967d17aa11d6d7299408f1ffd5f0363a5cf9d2ccb1908e2,8671,image/png,2026-09-25T01:00:22.488466+00:00,ok
00-0039061,Desjuan Johnson,lake/gold/nfl/player_photos/00-0039061.png,"https://static.www.nfl.com/image/upload/f_auto,q_auto/league/qj7pup9mp0owqeocx98x",200,cb013eb33ba9249aafa756c3bc5432f7e29010b3cd7890a87ff26e54d5d70264,9502,image/png,2026-09-25T01:00:49.952766+00:00,ok
00-0039062,Jonathan Mingo,lake/gold/nfl/player_photos/00-0039062.png,"https://static.www.nfl.com/image/upload/f_auto,q_auto/league/u2b8s2s0ix5hntyg3eog",200,2b6e9d07290529bf7b3cafc56f968fcabc4ccffcfba47f40447c78d8c3ecad43,8465,image/png,2026-09-25T01:00:22.445638+00:00,ok
00-0039063,Calijah Kancey,lake/gold/nfl/player_photos/00-0039063.png,"https://static.www.nfl.com/image/upload/f_auto,q_auto/league/b84aoobgsdbufhfiqgti",200,2b988f4a1881572e5ce95010c95b6aa60f5c45df9c9365b6429ee4fce4795d28,7376,image/png,2026-09-25T01:00:44.153711+00:00,ok
00-0039064,Zay Flowers,lake/gold/nfl/player_photos/00-0039064.png,"https://static.www.nfl.com/image/upload/f_auto,q_auto/league/xzhto2dejy2pflkfx40c",200,df47206566ed14f07cea0836ff1a5028b9df37e0b675b74c41c3c04ffa4a69c7,8747,image/png,2026-09-25T01:00:22.493047+00:00,ok
00-0039065,Sam LaPorta,lake/gold/nfl/player_photos/00-0039065.png,"https://static.www.nfl.com/image/upload/f_auto,q_auto/league/wxlk7ysg2nfq6h6ntdcu",200,24591ad327052386a7c64bb1117f039c47b56559cead4159b0c872edce649603,8106,image/png,2026-09-25T01:00:35.052697+00:00,ok
00-0039066,Michael Mayer,lake/gold/nfl/player_photos/00-0039066.png,"https://static.www.nfl.com/image/upload/f_auto,q_auto/league/twnkr9uq1phvukxb5jmh",200,5495b651785b03b24089c66227983bd1f5e93cc23e00c670d12a1d03fdf6d5df,9459,image/png,2026-09-25T01:00:22.462395+00:00,ok
00-0039067,Rashee Rice,lake/gold/nfl/player_photos/00-0039067.png,"https://static.www.nfl.com/image/upload/f_auto,q_auto/league/qhkbqrydjeur8zvrrmfl",200,8a4df3a90e876b59059c0dbf6ee9561ba0693605ee7f97e5c2dc9a48cb348c1a,7863,image/png,2026-09-25T01:00:22.545725+00:00,ok
00-0039068,Yaya Diaby,lake/gold/nfl/player_photos/00-0039068.png,"https://static.www.nfl.com/image/upload/f_auto,q_auto/league/bwd4lm9x9djpggqdyyhr",200,34885e90a623c5eef0a764e2e266597bb4dd477f6d274766adae984d6aab7315,8220,image/png,2026-09-25T01:00:35.072066+00:00,ok
00-0039070,Gervon Dexter Sr.,lake/gold/nfl/player_photos/00-0039070.png,"https://static.www.nfl.com/image/private/f_auto,q_auto/league/vj6m4qixxhqmufrr5ilo",200,41b7732f40017ff3d75fda442b299d77108f05c76510cc7a1c001d9ae019ed6e,5773017,image/png,2026-09-25T01:00:25.868970+00:00,ok
00-0039071,Tyrique Stevenson,lake/gold/nfl/player_photos/00-0039071.png,"https://static.www.nfl.com/image/upload/f_auto,q_auto/league/l0xpg0hpxsepfootn0sq",200,d3d9e79c8ceb8150b2923abea207196036a0280067dce87e09bb790890e5a959,7894,image/png,2026-09-25T01:00:50.044107+00:00,ok
00-0039074,Davis Allen,lake/gold/nfl/player_photos/00-0039074.png,"https://static.www.nfl.com/image/upload/f_auto,q_auto/league/iweydtcrfchsl3mt6jtd",200,0f7392cf7ef8c6d2fbb1193e7a65925252dcf9ab71bdbb3d3723b51eeb13789f,7816,image/png,2026-09-25T01:00:35.157467+00:00,ok
00-0039075,Puka Nacua,lake/gold/nfl/player_photos/00-0039075.png,"https://static.www.nfl.com/image/upload/f_auto,q_auto/league/ipy6qw7hdygdfc8k86ba",200,b947d42f877d8f7b1660e99c64a64032101f9e8a73788b7ad15f58f207b3f88b,8512,image/png,2026-09-25T01:00:22.582107+00:00,ok
00-0039077,Warren McClendon Jr.,lake/gold/nfl/player_photos/00-0039077.png,"https://static.www.nfl.com/image/private/f_auto,q_auto/league/v6l1ydwiawpfcldcb7if",200,7309b3acdd60e839d0942b9fd751ef0b54300a86331ddabef5cd6be694f99196,5011818,image/png,2026-09-25T01:00:24.262997+00:00,ok
00-0039107,Stetson Bennett,lake/gold/nfl/player_photos/00-0039107.png,"https://static.www.nfl.com/image/upload/f_auto,q_auto/league/s0eo3fstv6rkitzbefzu",200,43fafbacf94e022ad3531a3e7aced7d1fd69a57b6648934a468a5774391112a4,7946,image/png,2026-09-25T01:00:35.178683+00:00,ok
00-0039108,Will Anderson Jr.,lake/gold/nfl/player_photos/00-0039108.png,"https://static.www.nfl.com/image/upload/f_auto,q_auto/league/ar9k2r2btzzb10zc0xja",200,bf89e5d1ace5097c47c72700fb3de9df3c64d955b2af95f0c87b7c4f30d41026,9391,image/png,2026-09-25T01:00:35.048000+00:00,ok
00-0039110,Keeanu Benton,lake/gold/nfl/player_photos/00-0039110.png,"https://static.www.nfl.com/image/upload/f_auto,q_auto/league/gmc2bdwzpvi0bkklmpjw",200,dcf10a24a9074856aef0fd734f572d2195831e2cb69b34960aaf5b3e517a672b,10445,image/png,2026-09-25T01:00:35.049189+00:00,ok
00-0039111,Tuli Tuipulotu,lake/gold/nfl/player_photos/00-0039111.png,"https://static.www.nfl.com/image/upload/f_auto,q_auto/league/u2qqrqzzi3yawzxmbrxs",200,0b79a27319916fbb7d3bc1182aeac2f9daf27194d43cd51f7f2ecd6d9ac73471,9429,image/png,2026-09-25T01:00:50.076939+00:00,ok
00-0039112,Lukas Van Ness,lake/gold/nfl/player_photos/00-0039112.png,"https://static.www.nfl.com/image/upload/f_auto,q_auto/league/qxrs2r7nvy9k6hlkqvyb",200,3dc25a3e7bcfa1afa574fedeadc5dbf5d8366e0f3f87de6d41d2710646899ece,8273,image/png,2026-09-25T01:00:50.207157+00:00,ok
00-0039137,Byron Young,lake/gold/nfl/player_photos/00-0039137.png,"https://static.www.nfl.com/image/upload/f_auto,q_auto/league/dwybonqyn3rrvi94yw9r",200,1cb372e6a987383a28981506ef409d1972bb0e2295e93b4651a02672fab4e5d3,8081,image/png,2026-09-25T01:00:44.247563+00:00,ok
00-0039138,Kobie Turner,lake/gold/nfl/player_photos/00-0039138.png,"https://static.www.nfl.com/image/upload/f_auto,q_auto/league/lallpvcrevuemqxzmyuu",200,3513695bb86a36a5ed241701ca2ca305f143f435fc9f7a771176b665887ead6b,8454,image/png,2026-09-25T01:00:50.120837+00:00,ok
00-0039139,Jahmyr Gibbs,lake/gold/nfl/player_photos/00-0039139.png,"https://static.www.nfl.com/image/upload/f_auto,q_auto/league/cursejnmmp1i9hnxihkj",200,48c318b40d226029070884904d24d58634966e20e63380e3239428e111379cd6,8024,image/png,2026-09-25T01:00:22.571903+00:00,ok
00-0039142,Will McDonald IV,lake/gold/nfl/player_photos/00-0039142.png,"https://static.www.nfl.com/image/private/f_auto,q_auto/league/nw8aiicw9bjhxaqwbeo9",200,5092750e92926092c1a30276321db8a8b6ad9a69d3f5b06b18162d0676e427a2,3339914,image/png,2026-09-25T01:00:36.783400+00:00,ok
00-0039145,Joe Tippmann,lake/gold/nfl/player_photos/00-0039145.png,"https://static.www.nfl.com/image/upload/f_auto,q_auto/league/q8sbzzwjkyb42gn9shb3",200,e7f21698afe112c8e658d3209be299f35f7d1ceccbb05a7961cb9befc40bf415,10172,image/png,2026-09-25T01:00:39.530222+00:00,ok
00-0039146,Jayden Reed,lake/gold/nfl/player_photos/00-0039146.png,"https://static.www.nfl.com/image/upload/f_auto,q_auto/league/uhb95fij1uo92ymqxpmg",200,bba0bba3d8c3293350e51b77913ae746df4416607b51c9102f400300c34a8bf1,10089,image/png,2026-09-25T01:00:35.072533+00:00,ok
00-0039147,Christian Gonzalez,lake/gold/nfl/player_photos/00-0039147.png,"https://static.www.nfl.com/image/upload/f_auto,q_auto/league/iua1eh08ixdlgp2qisst",200,dfd08e6efbed612806b22e9f0773f28640d47d1f2f7a62810248a400f0be01f8,7486,image/png,2026-09-25T01:00:44.063836+00:00,ok
00-0039148,Keion White,lake/gold/nfl/player_photos/00-0039148.png,"https://static.www.nfl.com/image/upload/f_auto,q_auto/league/wkq3kmgtrqxsndffclam",200,c0fde1ff984667507129318c5a0046702f3bcce4e232ab9d6e911fe005ce286d,8562,image/png,2026-09-25T01:00:50.110363+00:00,ok
00-0039149,Quan Martin,lake/gold/nfl/player_photos/00-0039149.png,"https://static.www.nfl.com/image/upload/f_auto,q_auto/league/mqvepjtbymevlwn2c7qj",200,249853abf45588c250ace564c976c8a74459cc3e0b2b3d16f71f79886f3f0f4d,8621,image/png,2026-09-25T01:00:44.199155+00:00,ok
00-0039150,Bryce Young,lake/gold/nfl/player_photos/00-0039150.png,"https://static.www.nfl.com/image/upload/f_auto,q_auto/league/vcvhmxvxw2a3armle0af",200,b9abbfb3403ca4d2d6a80dc8ae64bc9d3b7590beb0597ec4f9dd9e9e99e9c229,8624,image/png,2026-09-25T01:00:35.162028+00:00,ok
00-0039151,Emmanuel Forbes,lake/gold/nfl/player_photos/00-0039151.png,"https://static.www.nfl.com/image/upload/f_auto,q_auto/league/zuqfigu7eadzoeo0uymt",200,7205aadd4852e7b9b0abdae8fbcbf188da7cc0747ab08d9fceb60af3bb47a3e7,8444,image/png,2026-09-25T01:00:52.190711+00:00,ok
00-0039156,Julius Brents,lake/gold/nfl/player_photos/00-0039156.png,"https://static.www.nfl.com/image/upload/f_auto,q_auto/league/chqdioyasofpjnu25iqi",200,8e5f070e4a79772be95a467291a1ee5e2b2175871d57746b35132249c85a2678,10083,image/png,2026-09-25T01:00:50.185183+00:00,ok
00-0039157,Cody Mauch,lake/gold/nfl/player_photos/00-0039157.png,"https://static.www.nfl.com/image/upload/f_auto,q_auto/league/iiowsvokfyvctjsarkvl",200,117a3ee1a3a0c94809fe61bd0e2d14bfd73c09204c2832a3576b2c00d733eef4,10164,image/png,2026-09-25T01:00:22.632453+00:00,ok
00-0039163,C.J. Stroud,lake/gold/nfl/player_photos/00-0039163.png,"https://static.www.nfl.com/image/upload/f_auto,q_auto/league/tt4zrtxlhifaljhj0rn7",200,36725cbb17578d1dd7d5593ba0c9ffd7fb75a04dad81a15b6557a2250789aa9b,8485,image/png,2026-09-25T01:00:22.667953+00:00,ok
00-0039169,Devon Witherspoon,lake/gold/nfl/player_photos/00-0039169.png,"https://static.www.nfl.com/image/upload/f_auto,q_auto/league/po6rkbe4pjei7hycg2nu",200,cce40cf405d6de5c26be172ef878073c33a4ebd07db9acc0d9c694e3f39f5753,8386,image/png,2026-09-25T01:00:50.134786+00:00,ok
00-0039172,Jake Bates,lake/gold/nfl/player_photos/00-0039172.png,"https://static.www.nfl.com/image/upload/f_auto,q_auto/league/umhfee7ax7r8gjdt8okb",200,053e93a6052abdacead7dc4795bdd218a2989ba8bb1067f6e1c5a22f690a2273,8189,image/png,2026-09-25T01:00:35.179389+00:00,ok
00-0039176,Basil Okoye,lake/gold/nfl/player_photos/00-0039176.png,"https://static.www.nfl.com/image/upload/f_auto,q_auto/league/g0bc8uf6fx9g6myyswi5",200,e4f9dc60c5fd7577e3154b29ff542970660a82da74517319e2a0c90fab7faa91,8865,image/png,2026-09-25T01:00:35.231135+00:00,ok
00-0039232,Nate Wiggins,lake/gold/nfl/player_photos/00-0039232.png,"https://static.www.nfl.com/image/upload/f_auto,q_auto/league/fz9g7jofrkejlgowugfk",200,f685ca6fab8ddeee701ef8bb4fc4c6c6214ef919e998d1d3533b752a193fb0ba,9606,image/png,2026-09-25T01:00:50.118246+00:00,ok
00-0039233,Roger Rosengarten,lake/gold/nfl/player_photos/00-0039233.png,"https://static.www.nfl.com/image/upload/f_auto,q_auto/league/r8abyo2ewvwlbcvm5qry",200,f051e123214e0c040a76ee976794036709a93453da5fb90207f9ea1c0e5b34c0,9284,image/png,2026-09-25T01:00:39.563957+00:00,ok
00-0039234,T.J. Tampa,lake/gold/nfl/player_photos/00-0039234.png,"https://static.www.nfl.com/image/upload/f_auto,q_auto/league/poanrufasprugy1q1ulq",200,a9305d78d564a7e9a19ca3ff94870ac07e4fa681d68436484aa1363202ae9002,8851,image/png,2026-09-25T01:00:35.227698+00:00,ok
00-0039272,Donovan Jennings,lake/gold/nfl/player_photos/00-0039272.png,"https://static.www.nfl.com/image/upload/f_auto,q_auto/league/nv3cyilbj4znjy7bayvk",200,aad3b8805c3dac1868e12f950dcd5ab231765738d356693bce9d4464b5384baa,8857,image/png,2026-09-25T01:00:22.611973+00:00,ok
00-0039284,Braiden McGregor,lake/gold/nfl/player_photos/00-0039284.png,"https://static.www.nfl.com/image/upload/f_auto,q_auto/league/tc4o7s8ocmov9dbmjq16",200,b12c84f54fdfa590bb7cdd932dfacd95c6c60fbd8c8b587b92c6e367354f34d3,8278,image/png,2026-09-25T01:00:22.635852+00:00,ok
00-0039299,George Holani,lake/gold/nfl/player_photos/00-0039299.png,"https://static.www.nfl.com/image/upload/f_auto,q_auto/league/pgwvv5qhcmnwf3tomy1a",200,2874bcd67e86d5d7841aca27f6ede814c56731f49eb7a951ba971848d4db5c25,8207,image/png,2026-09-25T01:00:22.707122+00:00,ok
00-0039309,Byron Murphy II,lake/gold/nfl/player_photos/00-0039309.png,"https://static.www.nfl.com/image/upload/f_auto,q_auto/league/xeq70yetr8qznbkjjiye",200,336018d55c05169ff84a83838893daea7edb10582d6e974d1c120974e31ffa8e,9246,image/png,2026-09-25T01:00:35.242826+00:00,ok
00-0039313,Swayze Bozeman,lake/gold/nfl/player_photos/00-0039313.png,"https://static.www.nfl.com/image/upload/f_auto,q_auto/league/r2307pspo2ove0hhocvd",200,e98f9a3be8a524f83e2dbc65a68c6531ba9ca32c70b4b396c95e1ca66f42e1ca,8058,image/png,2026-09-25T01:00:35.249378+00:00,ok
00-0039323,Ryan Rehkow,lake/gold/nfl/player_photos/00-0039323.png,"https://static.www.nfl.com/image/upload/f_auto,q_auto/league/c0eiplwe2c9m46zhmcq8",200,bf9fc3e8cb3cf04b595dbf0474c00fca4faef110d5c9fc843f357753120393dd,7858,image/png,2026-09-25T01:00:35.297634+00:00,ok
00-0039324,Christian Roland-Wallace,lake/gold/nfl/player_photos/00-0039324.png,"https://static.www.nfl.com/image/upload/f_auto,q_auto/league/foy9ykwmm3vcqgfviowz",200,4db07066681d799013c51db8cd037b389d297a4b2b40c3135c9972461498c0ec,7844,image/png,2026-09-25T01:00:46.226067+00:00,ok
00-0039337,Malik Nabers,lake/gold/nfl/player_photos/00-0039337.png,"https://static.www.nfl.com/image/upload/f_auto,q_auto/league/w3edoyyuomqlovvp9ixc",200,d9c71523d7790cb3869c24d1a0f3c9aea1e6bc2d5bc402109b33508d342a1b52,8316,image/png,2026-09-25T01:00:22.685908+00:00,ok
00-0039340,Laiatu Latu,lake/gold/nfl/player_photos/00-0039340.png,"https://static.www.nfl.com/image/upload/f_auto,q_auto/league/xiuokdmqrzzfn0dseqxw",200,76388b1f8996ed3bb3080767821128fb0d8a037eee1d44ccbfb56456e55ac82b,8442,image/png,2026-09-25T01:00:44.252684+00:00,ok
00-0039342,Xavier Legette,lake/gold/nfl/player_photos/00-0039342.png,"https://static.www.nfl.com/image/upload/f_auto,q_auto/league/yoyxkitrdqbkhyqncy5p",200,ae7e2a29991a7812722476739b1d10c1a3592b0196194eea0a0496886ba4b6b1,9030,image/png,2026-09-25T01:00:22.730007+00:00,ok
00-0039343,Kamari Lassiter,lake/gold/nfl/player_photos/00-0039343.png,"https://static.www.nfl.com/image/upload/f_auto,q_auto/league/uu606e3mutdzuzclkl7w",200,743f94a8e0cd2c953ba6119e708a0515671822e3e5d6d0c7649bc386362ed546,10589,image/png,2026-09-25T01:00:50.202724+00:00,ok
00-0039344,Jonathon Brooks,lake/gold/nfl/player_photos/00-0039344.png,"https://static.www.nfl.com/image/upload/f_auto,q_auto/league/txl39rwjrs2fkm1shtxh",200,67f053b4edf830424a879bf06d1d6c5151235c0517675c3eadb82a6b6caf1b20,9408,image/png,2026-09-25T01:00:35.297101+00:00,ok
00-0039345,Renardo Green,lake/gold/nfl/player_photos/00-0039345.png,"https://static.www.nfl.com/image/upload/f_auto,q_auto/league/g1au1f2gkeo8wbexmvpk",200,61973814b1679494566ecd342e69a4c77f2e7c8b97ece458077188525d0459e3,9499,image/png,2026-09-25T01:00:50.318722+00:00,ok
00-0039349,DJ Glaze,lake/gold/nfl/player_photos/00-0039349.png,"https://static.www.nfl.com/image/upload/f_auto,q_auto/league/ypxzwxzy64kiigpmue1y",200,23d0e7eca37a8c061642b039bbd0ff6c589b8017069c6efa1fb450df49936cac,8769,image/png,2026-09-25T01:00:26.807708+00:00,ok
00-0039353,Jarrian Jones,lake/gold/nfl/player_photos/00-0039353.png,"https://static.www.nfl.com/image/upload/f_auto,q_auto/league/zauu0tt26tt32qevyvtm",200,ed756d290939b1d16147f41d396c4b2eb20903830d72af0131102016a853c6e8,8528,image/png,2026-09-25T01:00:51.664943+00:00,ok
00-0039357,Decamerion Richardson,lake/gold/nfl/player_photos/00-0039357.png,"https://static.www.nfl.com/image/upload/f_auto,q_auto/league/glaqpoapm3t8ponuj55p",200,5738c322510eb026aa3fa3f0744cd7ad29ae7d3ab9c76bfe9b3ad1269cf8e948,8465,image/png,2026-09-25T01:00:22.703512+00:00,ok
00-0039359,Cade Stover,lake/gold/nfl/player_photos/00-0039359.png,"https://static.www.nfl.com/image/upload/f_auto,q_auto/league/ur3ihcg0rkeqbfiksj5y",200,a3ca255127e1bcfc326e2ab23731a49a5e7f3b1e3cd184143de0713365dbe3c8,8331,image/png,2026-09-25T01:00:22.715114+00:00,ok
00-0039360,Malik Mustapha,lake/gold/nfl/player_photos/00-0039360.png,"https://static.www.nfl.com/image/upload/f_auto,q_auto/league/pufbixooejmh540h5qhi",200,336e5bdc6a84c25daa09def2088160c69c5055ce98441c87a18362ed524c3ab6,9216,image/png,2026-09-25T01:00:44.441973+00:00,ok
00-0039361,Bucky Irving,lake/gold/nfl/player_photos/00-0039361.png,"https://static.www.nfl.com/image/upload/f_auto,q_auto/league/vkc00rvnix3f2b96vkwo",200,c2e52a4b531839c8fa3de3fc2f8d7205cd4ad1d8d38803d6b35bd8d7c9a55f91,8054,image/png,2026-09-25T01:00:22.713729+00:00,ok
00-0039364,Sione Vaki,lake/gold/nfl/player_photos/00-0039364.png,"https://static.www.nfl.com/image/upload/f_auto,q_auto/league/abqcluf2gbejhiyjjtoz",200,ab26b773c151f44dd02c3dd5451f4633f9202950801088c1a55df1638310f6b9,8639,image/png,2026-09-25T01:00:22.782338+00:00,ok
00-0039365,Jacob Cowing,lake/gold/nfl/player_photos/00-0039365.png,"https://static.www.nfl.com/image/upload/f_auto,q_auto/league/uarciagmnzmyzs102dv6",200,e83acd79ea7752a4e3bb28c84a63166140fb0400b8e195a3c1d6a2e34c4b42b9,8486,image/png,2026-09-25T01:00:35.413188+00:00,ok
00-0039366,Tarheeb Still,lake/gold/nfl/player_photos/00-0039366.png,"https://static.www.nfl.com/image/upload/f_auto,q_auto/league/q1y35mhd4laqikbiuq5e",200,e932fb1239dc162afaabf7122dcbf234b99c6b2b49fbe88eb1a12039a742d128,7454,image/png,2026-09-25T01:00:44.309186+00:00,ok
00-0039368,Jordan Magee,lake/gold/nfl/player_photos/00-0039368.png,"https://static.www.nfl.com/image/upload/f_auto,q_auto/league/smdokbnjckcbpc9yfxwt",200,ed0f2de167835e732cce177da20994314e8d876da827d313a122bd0c9c569afd,8962,image/png,2026-09-25T01:00:35.365754+00:00,ok
00-0039369,Cam Hart,lake/gold/nfl/player_photos/00-0039369.png,"https://static.www.nfl.com/image/upload/f_auto,q_auto/league/khd8lmp7idmluahgvk3u",200,2d08bcd8d2f3200eecdef7db12967e2bee409f1d72f04162287c0727c9867e79,8451,image/png,2026-09-25T01:00:50.303031+00:00,ok
00-0039371,Kris Abrams-Draine,lake/gold/nfl/player_photos/00-0039371.png,"https://static.www.nfl.com/image/upload/f_auto,q_auto/league/hc2oebsxs7vx7ydwiozy",200,b3e6cebff4d10b82cffda5eb24edbedb5ff058dd0b95365bba9e0a82cfd48b62,8334,image/png,2026-09-25T01:00:22.777158+00:00,ok
00-0039372,Jarvis Brownlee Jr.,lake/gold/nfl/player_photos/00-0039372.png,"https://static.www.nfl.com/image/upload/f_auto,q_auto/league/u9vm18mpoxmzhukikjy2",200,786569bbbaf906abb5dea6372d3a24e8c9a1854bf4a1b3659ec1ca3d9638ce34,7727,image/png,2026-09-25T01:00:22.836463+00:00,ok
00-0039374,Tommy Eichenberg,lake/gold/nfl/player_photos/00-0039374.png,"https://static.www.nfl.com/image/upload/f_auto,q_auto/league/nzujkx5ycu6leuz2ctie",200,308cca47dd12124e5d67b8df666f9182ac43069fd9f8a802efda740cc97e7e25,8414,image/png,2026-09-25T01:00:46.118224+00:00,ok
00-0039377,Jaylon Carlies,lake/gold/nfl/player_photos/00-0039377.png,"https://static.www.nfl.com/image/upload/f_auto,q_auto/league/vomau8la4suhjwkjwl7w",200,426e6a5f8ff12e5de6248afada01d351429b1baf1dec2155b61fe8b74cd7d04c,8433,image/png,2026-09-25T01:00:46.231906+00:00,ok
00-0039380,Chau Smith-Wade,lake/gold/nfl/player_photos/00-0039380.png,"https://static.www.nfl.com/image/upload/f_auto,q_auto/league/hkbpogql05pnyegi6itv",200,b0852cb457f343d91fb8fe6ac0eb3982fe5f308ef6922f2427ede95835c4910a,9234,image/png,2026-09-25T01:00:50.315473+00:00,ok
00-0039384,Tyrone Tracy Jr.,lake/gold/nfl/player_photos/00-0039384.png,"https://static.www.nfl.com/image/upload/f_auto,q_auto/league/b9nje50lohbprf06xoom",200,72c50666791d019bd3560abb7ac929730b498dbcb843f0cca3af626028f8bc8e,8256,image/png,2026-09-25T01:00:35.457943+00:00,ok
00-0039391,Kimani Vidal,lake/gold/nfl/player_photos/00-0039391.png,"https://static.www.nfl.com/image/upload/f_auto,q_auto/league/tqdctdun0bv60d5ziwtl",200,ee71dd98ce403a5323481ba414065342eb960e72e624c94cbfa9eaec4acb9ed4,8905,image/png,2026-09-25T01:00:39.402267+00:00,ok
00-0039395,Jamal Hill,lake/gold/nfl/player_photos/00-0039395.png,"https://static.www.nfl.com/image/upload/f_auto,q_auto/league/wmxibtpnomcoopmuv8fi",200,9a0933e2ac9beb25d8d4e05d57a8ef3bb252e422849871ce5e9150270509d5f3,8837,image/png,2026-09-25T01:00:39.513168+00:00,ok
00-0039404,Will Reichard,lake/gold/nfl/player_photos/00-0039404.png,"https://static.www.nfl.com/image/upload/f_auto,q_auto/league/wv1h4umuddkfss96uutw",200,4f2afec58d72dc34ce1dab25d187a8a5577ba86cd2d0a9f0d441fdf2c4370e94,8655,image/png,2026-09-25T01:00:35.452241+00:00,ok
00-0039406,Nathaniel Watson,lake/gold/nfl/player_photos/00-0039406.png,"https://static.www.nfl.com/image/upload/f_auto,q_auto/league/imp6cipge01zacx6g4tr",200,33379328fe7b0b6cd4479994e6393688e9540781b455001e3bf5bb17c703923a,8517,image/png,2026-09-25T01:00:22.953342+00:00,ok
00-0039407,Dylan Laube,lake/gold/nfl/player_photos/00-0039407.png,"https://static.www.nfl.com/image/upload/f_auto,q_auto/league/lpizdza73bgksstymv5t",200,506c7c1e8abcd5187842496c1af682b63f86e97d64808f8bae61b79e5e51bcaa,7930,image/png,2026-09-25T01:00:22.789545+00:00,ok
00-0039409,Cam Little,lake/gold/nfl/player_photos/00-0039409.png,"https://static.www.nfl.com/image/upload/f_auto,q_auto/league/mc9goepr7mglrx6ek1fi",200,9844fa662c883a7b6fc00127097df08134367dd75f449de581964bc828e47b2f,8276,image/png,2026-09-25T01:00:35.464552+00:00,ok
00-0039410,Ryan Flournoy,lake/gold/nfl/player_photos/00-0039410.png,"https://static.www.nfl.com/image/upload/f_auto,q_auto/league/tqwq3cgpqu7j9hzoyicx",200,c6eefb19f692efaa7b7a977a68b25864faef1e7c1f63b2d6a402f88883159c76,7309,image/png,2026-09-25T01:00:35.580307+00:00,ok
00-0039412,Javontae Jean-Baptiste,lake/gold/nfl/player_photos/00-0039412.png,"https://static.www.nfl.com/image/upload/f_auto,q_auto/league/bmal2stgfn8j8hdlrhe4",200,f06ee1b16bb191b6934a0783ca05c4a14bae3453e9eb5ee2e7e70cc0f7e776b0,8902,image/png,2026-09-25T01:00:50.370011+00:00,ok
00-0039417,Myles Harden,lake/gold/nfl/player_photos/00-0039417.png,"https://static.www.nfl.com/image/upload/f_auto,q_auto/league/ycg3egdmvp3kelvkiqrl",200,dfe75eb295f0247b2323bcf70f519074e51fe0e260960ed1939dadcec7fd990d,8923,image/png,2026-09-25T01:00:50.340873+00:00,ok
00-0039421,Levi Drake Rodriguez,lake/gold/nfl/player_photos/00-0039421.png,"https://static.www.nfl.com/image/upload/f_auto,q_auto/league/omsedg4telmr0fvhhegj",200,833e670325356975a8d84ae19460710f8850fae9f28ccb4666ea2ffc04180d9e,9677,image/png,2026-09-25T01:00:50.218489+00:00,ok
00-0039423,Jonah Laulu,lake/gold/nfl/player_photos/00-0039423.png,"https://static.www.nfl.com/image/upload/f_auto,q_auto/league/kxxw0cwdafdxbsvh5un9",200,f1be3f6f8c5ed913cd2fe3b1205721511a298e97e1f35c8f83f34eef890c26f3,9350,image/png,2026-09-25T01:00:50.378302+00:00,ok
00-0039424,Devaughn Vele,lake/gold/nfl/player_photos/00-0039424.png,"https://static.www.nfl.com/image/upload/f_auto,q_auto/league/fa3dwsu8nxzkbf2knczm",200,a5c49ec8a8afe3c85e5a8cc2e4a008e5b51922765053814e033da87cdd8b1cfa,8721,image/png,2026-09-25T01:00:22.930956+00:00,ok
00-0039430,James Williams,lake/gold/nfl/player_photos/00-0039430.png,"https://static.www.nfl.com/image/upload/f_auto,q_auto/league/r31rpfa1ju3bqddeuhom",200,6fcc88b33fdf65982db569fab477c11ff393c5f07c5b003d76cf3f3e0f99b2a7,9302,image/png,2026-09-25T01:00:44.273502+00:00,ok
00-0039431,Jowon Briggs,lake/gold/nfl/player_photos/00-0039431.png,"https://static.www.nfl.com/image/upload/f_auto,q_auto/league/wbqozrnxtjjuf3nwv760",200,f5b975a28130ba775be0a38718d805fbecc0003d35f5fb431c976a9c4891b28a,8736,image/png,2026-09-25T01:00:51.853220+00:00,ok
00-0039433,Marcus Harris,lake/gold/nfl/player_photos/00-0039433.png,"https://static.www.nfl.com/image/upload/f_auto,q_auto/league/uekrrvgronz3fkb957hf",200,f419a854df204d2278ff75a4f58bcea93e3aad70cd3eebaba09aa3d686b656b1,9758,image/png,2026-09-25T01:00:50.494101+00:00,ok
00-0039451,Isaiah Williams,lake/gold/nfl/player_photos/00-0039451.png,"https://static.www.nfl.com/image/upload/f_auto,q_auto/league/rj2etltwzmlxyz1cfkeo",200,74a0b27be133659514d84cd5b840fc25583bae1f37ad58f98c6d00b6f3471636,7631,image/png,2026-09-25T01:00:35.461998+00:00,ok
00-0039460,Carl Jones,lake/gold/nfl/player_photos/00-0039460.png,"https://static.www.nfl.com/image/upload/f_auto,q_auto/league/l4vvhcbssti8qvjhxigf",200,0fc4e49a4b9f22c6f818798beed27de48b5606ed3f1f1ac3d33bb388983ed719,9778,image/png,2026-09-25T01:00:35.574477+00:00,ok
00-0039471,Frank Gore Jr.,lake/gold/nfl/player_photos/00-0039471.png,"https://static.www.nfl.com/image/upload/f_auto,q_auto/league/qzf7faowlqoh5nengpq5",200,b8631b04d6e1d11c566881a81681c7407748c52dac47790fb11551ccf3ab839c,8593,image/png,2026-09-25T01:00:23.589176+00:00,ok
00-0039491,Jalen Coker,lake/gold/nfl/player_photos/00-0039491.png,"https://static.www.nfl.com/image/upload/f_auto,q_auto/league/yynz8rxen6tsvhojggiv",200,1e6bb0f11014c97b799e9ae7f932b4513a94454dd7d7b347bd30d770265f4e45,9419,image/png,2026-09-25T01:00:22.941819+00:00,ok
00-0039498,Harrison Mevis,lake/gold/nfl/player_photos/00-0039498.png,"https://static.www.nfl.com/image/upload/f_auto,q_auto/league/yjmtai1e4eqbsw2yk6mh",200,fe3a8223e3628d81cc57534514700ed6ac558009257ad8f8606f828d292ec78c,8331,image/png,2026-09-25T01:00:22.945935+00:00,ok
00-0039515,Winston Reid,lake/gold/nfl/player_photos/00-0039515.png,"https://static.www.nfl.com/image/upload/f_auto,q_auto/league/pdh6lfhfcihybfqdrodo",200,5d2e13e84073b8aae1ec5b7e5414c55f783024c8dbd7d84d03e25c16935b6e51,8321,image/png,2026-09-25T01:00:39.629929+00:00,ok
00-0039518,Treyton Welch,lake/gold/nfl/player_photos/00-0039518.png,"https://static.www.nfl.com/image/upload/f_auto,q_auto/league/rutsetwerjfsym9ohqrs",200,e98030d881356dfb27c988871724bcaacc894619463504722a02e1cfc19df6ca,8896,image/png,2026-09-25T01:00:23.053876+00:00,ok
00-0039530,Brevyn Spann-Ford,lake/gold/nfl/player_photos/00-0039530.png,"https://static.www.nfl.com/image/upload/f_auto,q_auto/league/sko2pmuqociwa92ep1ad",200,4cc3034c685cafdaacd70e961a15fe77bf4c7c4d16755c6955067bbe66010447,7820,image/png,2026-09-25T01:00:22.936779+00:00,ok
00-0039532,Julius Wood,lake/gold/nfl/player_photos/00-0039532.png,"https://static.www.nfl.com/image/upload/f_auto,q_auto/league/e50jl0exy2q6atfsh34o",200,9d14407e5d4aa36c359ec908a138efcb927c4dd2d67cb59d10c54e7b713efbac,8901,image/png,2026-09-25T01:00:26.938983+00:00,ok
00-0039576,Spencer Shrader,lake/gold/nfl/player_photos/00-0039576.png,"https://static.www.nfl.com/image/upload/f_auto,q_auto/league/upbporhm1frqfpgalfrk",200,6c85258d1823a89f5ba8e9250a385af096e8c4240a1f7b92d5585568d94dc724,8636,image/png,2026-09-25T01:00:35.544727+00:00,ok
00-0039589,Kameron Johnson,lake/gold/nfl/player_photos/00-0039589.png,"https://static.www.nfl.com/image/upload/f_auto,q_auto/league/ms7auybbkq1nwbd2ev0d",200,c9a67bcaad2a76b09f734a3573e130eb4d2b9450262af0498a6c3b7aabb8102a,9048,image/png,2026-09-25T01:00:23.546967+00:00,ok
00-0039603,British Brooks,lake/gold/nfl/player_photos/00-0039603.png,"https://static.www.nfl.com/image/upload/f_auto,q_auto/league/jethzcwj6oeitvdprnk8",200,92cd8b8a82d64c1992b83dbd1e46648e2615e86085c8cb05801a63812c9e1c89,8278,image/png,2026-09-25T01:00:39.515046+00:00,ok
00-0039622,Isaiah Stalbird,lake/gold/nfl/player_photos/00-0039622.png,"https://static.www.nfl.com/image/upload/f_auto,q_auto/league/g3vz4uuympfirjuvbr2r",200,9ede62e472125d953b49b8f7f0fdb13874e309ee38f1fc0f3543de77e6a9e0c4,7937,image/png,2026-09-25T01:00:22.991235+00:00,ok
00-0039632,PJ Jules,lake/gold/nfl/player_photos/00-0039632.png,"https://static.www.nfl.com/image/upload/f_auto,q_auto/league/ypmhoannzlvxolhoalkc",200,e395fbb3f4e999bc3cc8c6bea2e29978e85dd83632b881ab8ed74e0241689d9e,8290,image/png,2026-09-25T01:00:39.467291+00:00,ok
00-0039634,Austin McNamara,lake/gold/nfl/player_photos/00-0039634.png,"https://static.www.nfl.com/image/upload/f_auto,q_auto/league/tu0cvxj9l141hhpcr5mh",200,e370227286dc20cbc31734e137870cbe4e75584da5e145d65781610b1d1eefd1,7576,image/png,2026-09-25T01:00:22.999176+00:00,ok
00-0039660,Thomas Harper,lake/gold/nfl/player_photos/00-0039660.png,"https://static.www.nfl.com/image/upload/f_auto,q_auto/league/gndkodhyidctgvcqy1bk",200,5ad74acea611a35c011bc5b117985dd54a7c989a49ad81459b2b32bc60823a78,8834,image/png,2026-09-25T01:00:50.346895+00:00,ok
00-0039681,Tyler Owens,lake/gold/nfl/player_photos/00-0039681.png,"https://static.www.nfl.com/image/upload/f_auto,q_auto/league/rxf3jhkiysfn1vi91kvv",200,56f0de78e608d6c8b575f1352ac1455c35b20ae6a3959d49065155ee522eb850,10639,image/png,2026-09-25T01:00:35.628230+00:00,ok
00-0039686,Colson Yankoff,lake/gold/nfl/player_photos/00-0039686.png,"https://static.www.nfl.com/image/upload/f_auto,q_auto/league/cgsxdjqy6l2zuqaftbd6",200,720865eae8a69db04f4955bf8a7d376911c76eac927350837a790e9e54954c03,9264,image/png,2026-09-25T01:00:35.709714+00:00,ok
00-0039692,Dell Pettus,lake/gold/nfl/player_photos/00-0039692.png,"https://static.www.nfl.com/image/upload/f_auto,q_auto/league/irmi15lyy3l28z6s0wgx",200,92b3c5bff866d7c77ec685622002638368ae96a2c0b0fe0ba439855185ed30da,8050,image/png,2026-09-25T01:00:44.375565+00:00,ok
00-0039718,Bo Richter,lake/gold/nfl/player_photos/00-0039718.png,"https://static.www.nfl.com/image/upload/f_auto,q_auto/league/kbhux5tafk9i4lqkcmtn",200,b5d5aae663254b8c23055efdee559524c7c07db47d0541432ad57ac69c2306ce,8629,image/png,2026-09-25T01:00:27.224761+00:00,ok
00-0039725,Jayden Price,lake/gold/nfl/player_photos/00-0039725.png,"https://static.www.nfl.com/image/upload/f_auto,q_auto/league/yfemio1ucnbfx2zmoopk",200,a7d8964a7dd6aa565fad430bb7395de993b87ec39d8d1d4f9b27ef26437f4eef,8208,image/png,2026-09-25T01:00:39.598661+00:00,ok
00-0039731,JC Latham,lake/gold/nfl/player_photos/00-0039731.png,"https://static.www.nfl.com/image/upload/f_auto,q_auto/league/smrxlm1rtszojndj3wvu",200,1acca472f6f5997fae292d9974c75454ee068e0371c3789db5aeeb768204895c,8673,image/png,2026-09-25T01:00:23.034792+00:00,ok
00-0039732,Bo Nix,lake/gold/nfl/player_photos/00-0039732.png,"https://static.www.nfl.com/image/upload/f_auto,q_auto/league/zvo9xatffmqn9lnukpgk",200,a9fff050c4b36ad7103b408f7ca675cd9a88d42225510eba4aeb7c0681725314,8357,image/png,2026-09-25T01:00:35.575695+00:00,ok
00-0039733,Ruke Orhorhoro,lake/gold/nfl/player_photos/00-0039733.png,"https://static.www.nfl.com/image/upload/f_auto,q_auto/league/oeufrmiwlvyce7vggwrx",200,b50a5b4d774b6fdb8dadfd573018478d5971645bd8d62f8b0f10b360db990f34,8486,image/png,2026-09-25T01:00:44.376207+00:00,ok
00-0039734,Braden Fiske,lake/gold/nfl/player_photos/00-0039734.png,"https://static.www.nfl.com/image/upload/f_auto,q_auto/league/nepcpkxlqw0mvpwrgvh8",200,619152d60c3a89ad77531acebaf4fe6696a7cb5a98a675001d7312afd75d8aed,8538,image/png,2026-09-25T01:00:50.347714+00:00,ok
00-0039735,Jackson Powers-Johnson,lake/gold/nfl/player_photos/00-0039735.png,"https://static.www.nfl.com/image/upload/f_auto,q_auto/league/o2lpxcphdigzwbjr12jh",200,1b614dc76b5ba6eb363493f56668ee74022fdb098aaba76a0176a4930b191e91,8613,image/png,2026-09-25T01:00:35.726088+00:00,ok
00-0039738,Blake Corum,lake/gold/nfl/player_photos/00-0039738.png,"https://static.www.nfl.com/image/upload/f_auto,q_auto/league/axzqbqjkrbwfzodwwakq",200,70a3c0cd141219919661bc2d24c5a3c290a07beb63cb43bad67448131089e9d4,8501,image/png,2026-09-25T01:00:35.720899+00:00,ok
00-0039739,Roman Wilson,lake/gold/nfl/player_photos/00-0039739.png,"https://static.www.nfl.com/image/upload/f_auto,q_auto/league/xuhjoscmhmmsutbvfmrs",200,12aa4a4b0a1aa4828bc826de98881bafa67bad8bf06a5fb9d057d388703e9b23,8684,image/png,2026-09-25T01:00:35.682818+00:00,ok
00-0039740,Jalyx Hunt,lake/gold/nfl/player_photos/00-0039740.png,"https://static.www.nfl.com/image/upload/f_auto,q_auto/league/uymi2mf5vbfkxopurlby",200,9e6ee1d755c6ad1fa077e730f58a8e44f03424e157c4085304971992419b3fe7,8260,image/png,2026-09-25T01:00:44.337725+00:00,ok
00-0039741,Payton Wilson,lake/gold/nfl/player_photos/00-0039741.png,"https://static.www.nfl.com/image/upload/f_auto,q_auto/league/zgvgobg9xpibsa2sofyw",200,e5733c52096c8adef045b49a20ea2549d5fcf69c3fdaf6375ac44d06215230a3,9265,image/png,2026-09-25T01:00:44.405125+00:00,ok
00-0039745,Tory Taylor,lake/gold/nfl/player_photos/00-0039745.png,"https://static.www.nfl.com/image/upload/f_auto,q_auto/league/fvmwdsbi4nkpw9hfm4qj",200,d73f943ca07d37df82652c7a6155532111439845a3ceebfae485eb5dabb1f3b0,9767,image/png,2026-09-25T01:00:35.835676+00:00,ok
00-0039746,Will Shipley,lake/gold/nfl/player_photos/00-0039746.png,"https://static.www.nfl.com/image/upload/f_auto,q_auto/league/pvpaepncsdfgzdubkuhg",200,d0487d33e041c491682d08789d6e0bbbab86c3309b2c36a073d2454864aedc47,8265,image/png,2026-09-25T01:00:22.977412+00:00,ok
00-0039749,Tyler Davis,lake/gold/nfl/player_photos/00-0039749.png,"https://static.www.nfl.com/image/upload/f_auto,q_auto/league/ych0dv47y4jomyxybenf",200,74d44a4c4ba1f99d38b01a9f7be2e2a1680af2ac37cf143612f441cf1de920a3,8269,image/png,2026-09-25T01:00:44.339036+00:00,ok
00-0039751,Jordan Whittington,lake/gold/nfl/player_photos/00-0039751.png,"https://static.www.nfl.com/image/upload/f_auto,q_auto/league/enqcg1lgjkuk0hqz3qjc",200,846c1972455d458fc717a153c44102fc2f18729cd9daf0b01a43156d4c148812,8285,image/png,2026-09-25T01:00:35.993448+00:00,ok
00-0039752,Cedric Johnson,lake/gold/nfl/player_photos/00-0039752.png,"https://static.www.nfl.com/image/upload/f_auto,q_auto/league/yi5naoq2xpx34pwpt25y",200,6972e8e14de0b4d2f339cb2871208c1d6c8d48cb539e57c808ba531a0254d15f,7659,image/png,2026-09-25T01:00:44.517848+00:00,ok
00-0039763,Joe Andreessen,lake/gold/nfl/player_photos/00-0039763.png,"https://static.www.nfl.com/image/upload/f_auto,q_auto/league/cj03pufi2spczomlja71",200,437115c773766186966a492ed11e26ff9d5dbfa3b71685074483786243be1bf3,8632,image/png,2026-09-25T01:00:35.954326+00:00,ok
00-0039770,Charles Woods,lake/gold/nfl/player_photos/00-0039770.png,"https://static.www.nfl.com/image/upload/f_auto,q_auto/league/wwypndzfrfidulshfdog",200,b04deef7a7f1694591378deaf116e8d99e2aa9c8252d07ee8c4cb69e57c7344e,7328,image/png,2026-09-25T01:00:44.470654+00:00,ok
00-0039772,Josh Wallace,lake/gold/nfl/player_photos/00-0039772.png,"https://static.www.nfl.com/image/upload/f_auto,q_auto/league/rl9xt27qup1xfmv1h1gc",200,24a1a0eb07a04ebf4ff2d4485e4db18af4786ce23502dd7017626bb5efa5e947,8129,image/png,2026-09-25T01:00:46.224328+00:00,ok
00-0039774,Omar Speights,lake/gold/nfl/player_photos/00-0039774.png,"https://static.www.nfl.com/image/upload/f_auto,q_auto/league/tbz3cgrfkc8yjsxkjhxe",200,483de66c58d4e288ed63318c456a7977b56d3c943d4583197ec2f8bbf625eaad,8007,image/png,2026-09-25T01:00:44.361514+00:00,ok
00-0039776,Jaylen McCollough,lake/gold/nfl/player_photos/00-0039776.png,"https://static.www.nfl.com/image/upload/f_auto,q_auto/league/g4k2pwpoyaethnwwerpy",200,f6bf0191a679ab64231a7a94c7b3669362d3d5264fb93940a85a488bd3ad724d,8098,image/png,2026-09-25T01:00:50.283326+00:00,ok
00-0039789,Qwan'tez Stiggers,lake/gold/nfl/player_photos/00-0039789.png,"https://static.www.nfl.com/image/upload/f_auto,q_auto/league/yiiqa5sbaclz4bvnpvul",200,2d1616d3ba7801b48b2d6de703e27f1065b6c03a7fedab2c963cb20091f3ce4d,7470,image/png,2026-09-25T01:00:35.876470+00:00,ok
00-0039790,Olumuyiwa Fashanu,lake/gold/nfl/player_photos/00-0039790.png,"https://static.www.nfl.com/image/upload/f_auto,q_auto/league/clf1wkkpzzsrnffv8wew",200,96c683022e6a85c0bf2994b3bda9d6fd80e3a79d4c4fe1d1759c25a141df694d,8406,image/png,2026-09-25T01:00:23.197535+00:00,ok
00-0039792,Devontez Walker,lake/gold/nfl/player_photos/00-0039792.png,"https://static.www.nfl.com/image/upload/f_auto,q_auto/league/x3x3k5ispk44ms0f7vrv",200,c62521f8c4a68a09b868279acec2cd3c3c71cb92632ed8feaef0d831eef03cb7,8230,image/png,2026-09-25T01:00:39.628562+00:00,ok
00-0039793,AJ Barner,lake/gold/nfl/player_photos/00-0039793.png,"https://static.www.nfl.com/image/upload/f_auto,q_auto/league/i0esiguve9if4ts5mm1q",200,22760b87f10d48732ec875f9993eb4265ed1a6e07f9c474aee7bc360db3e0291,9451,image/png,2026-09-25T01:00:24.233144+00:00,ok
00-0039794,Braelon Allen,lake/gold/nfl/player_photos/00-0039794.png,"https://static.www.nfl.com/image/upload/f_auto,q_auto/league/fmpzgmfjmcbrv1gmqbdn",200,bc393af3f150dcb39a597c126160863e2b87877668a684ecae221d8ad270d3ae,8397,image/png,2026-09-25T01:00:24.319706+00:00,ok
00-0039795,Nehemiah Pritchett,lake/gold/nfl/player_photos/00-0039795.png,"https://static.www.nfl.com/image/upload/f_auto,q_auto/league/zxtribbeeejhqlt43dmj",200,4f45713ef8a3e338d5e2cf7c951c8b6b7865b7f08a7ac5fa1483d226a9d04d8a,9659,image/png,2026-09-25T01:00:50.435471+00:00,ok
00-0039796,Rasheen Ali,lake/gold/nfl/player_photos/00-0039796.png,"https://static.www.nfl.com/image/upload/f_auto,q_auto/league/zwjrkzu3ia3cfrwgotqt",200,9a8f1d5dca8845fc24f6277d52028326372312abaa2f866d7ec4abcd762beeb0,8193,image/png,2026-09-25T01:00:23.290011+00:00,ok
00-0039798,Isaiah Davis,lake/gold/nfl/player_photos/00-0039798.png,"https://static.www.nfl.com/image/upload/f_auto,q_auto/league/x6r9a5xhtaklbvnqmtw7",200,0cc0e1d49ba70bc1d6bff2df4cf68b4a032d9616cc006ca5c2c2b7b88ccc24ae,9231,image/png,2026-09-25T01:00:39.579141+00:00,ok
00-0039807,Max Melton,lake/gold/nfl/player_photos/00-0039807.png,"https://static.www.nfl.com/image/upload/f_auto,q_auto/league/xaapgpd73nebdqnztyp1",200,75452ce98724940883e0fa68f9cec6e95c402e321037d12ecdda80eacd821906,10742,image/png,2026-09-25T01:00:50.548491+00:00,ok
00-0039809,Jonah Elliss,lake/gold/nfl/player_photos/00-0039809.png,"https://static.www.nfl.com/image/upload/f_auto,q_auto/league/f3dukr2ntse8qnsyhu3b",200,f159bed16eb24e7deb78d11590e3cac8512a4b44441353f990186e886b9ccde5,8215,image/png,2026-09-25T01:00:50.560084+00:00,ok
00-0039811,MarShawn Lloyd,lake/gold/nfl/player_photos/00-0039811.png,"https://static.www.nfl.com/image/upload/f_auto,q_auto/league/xp8sd4enimuk4zd0aqgu",200,d1de8f387358213b9965b2fb23aa79059036ff35ecf182a48e454c927dcc821c,9356,image/png,2026-09-25T01:00:24.290397+00:00,ok
00-0039812,Ty'Ron Hopper,lake/gold/nfl/player_photos/00-0039812.png,"https://static.www.nfl.com/image/upload/f_auto,q_auto/league/taqdlsfufqh99ucbl5zm",200,6d442f276dfa0e8359cbebf36d54c6c273ec55440a046c5b3e4dbc91a058b98f,10637,image/png,2026-09-25T01:00:39.711915+00:00,ok
00-0039813,Evan Williams,lake/gold/nfl/player_photos/00-0039813.png,"https://static.www.nfl.com/image/upload/f_auto,q_auto/league/g3utgsouys3kewppbnb5",200,ecf500c2501bd4232cc856a8bef4be880bfd0355304bc75a1469cc9b0ac5d730,11279,image/png,2026-09-25T01:00:50.483181+00:00,ok
00-0039814,Erick All,lake/gold/nfl/player_photos/00-0039814.png,"https://static.www.nfl.com/image/upload/f_auto,q_auto/league/ifkhcxze7lnxkpzjvsmk",200,71d08f26e0bb8699bde1b81f575d6ebc960aae37d360e028608cb96611e5d633,8257,image/png,2026-09-25T01:00:27.246986+00:00,ok
00-0039816,Anthony Gould,lake/gold/nfl/player_photos/00-0039816.png,"https://static.www.nfl.com/image/upload/f_auto,q_auto/league/irctulz9pij3tzpokih0",200,e7c8b2430026c662123aab1834ab8130a9791afaa9525a08ae416f835ad335db,8899,image/png,2026-09-25T01:00:27.244256+00:00,ok
00-0039817,Jacob Monk,lake/gold/nfl/player_photos/00-0039817.png,"https://static.www.nfl.com/image/upload/f_auto,q_auto/league/njxl8msuzdym9x8egkcl",200,0eb2989f48ebaa762a71cb885ca8d9caae317debd85e70ae18df10e397784863,9588,image/png,2026-09-25T01:00:27.166100+00:00,ok
00-0039821,Andru Phillips,lake/gold/nfl/player_photos/00-0039821.png,"https://static.www.nfl.com/image/upload/f_auto,q_auto/league/kh3iigah1t49ywg0scb9",200,c250fc5597aa6dcb2f44b134e91bbe4c948429d2ca019bd19b8a69346419c22c,8615,image/png,2026-09-25T01:00:44.478924+00:00,ok
00-0039825,Jaden Hicks,lake/gold/nfl/player_photos/00-0039825.png,"https://static.www.nfl.com/image/upload/f_auto,q_auto/league/kg90d5bciznpqbpafke4",200,c698a6747645c80ae9e139eb7ba7cace5f5752279eebb08179cd2bd124ce38af,9067,image/png,2026-09-25T01:00:44.528921+00:00,ok
00-0039826,Jeremiah Trotter Jr.,lake/gold/nfl/player_photos/00-0039826.png,"https://static.www.nfl.com/image/upload/f_auto,q_auto/league/fbgpf6iqljasd4h1miw2",200,431fe1c5998b3b3c80ebc5e0a5b4ed328f00d550e10e098fcc9ac69645e32148,8129,image/png,2026-09-25T01:00:24.283520+00:00,ok
00-0039829,Darius Muasau,lake/gold/nfl/player_photos/00-0039829.png,"https://static.www.nfl.com/image/upload/f_auto,q_auto/league/howdtlbkf2poenfnyejl",200,b7349a0ce5e7a4481797abaeefa7e0680938cb254d321f5fdb538aef904883b7,8300,image/png,2026-09-25T01:00:39.743247+00:00,ok
00-0039831,Kamal Hadden,lake/gold/nfl/player_photos/00-0039831.png,"https://static.www.nfl.com/image/upload/f_auto,q_auto/league/j3ty1m9rac4bqcysjwqp",200,29b741ae506130ec6c8a40540101225219159cb4d778e02b5d0fb084677c968e,8708,image/png,2026-09-25T01:00:35.912770+00:00,ok
00-0039834,Kamren Kinchens,lake/gold/nfl/player_photos/00-0039834.png,"https://static.www.nfl.com/image/upload/f_auto,q_auto/league/fnxdjnzzmmihkv0p2efc",200,09a2251614df694dad3d1934137df5116f8caeb909f567c16cd3a4c07a63ca10,7995,image/png,2026-09-25T01:00:50.459471+00:00,ok
00-0039835,Justin Eboigbe,lake/gold/nfl/player_photos/00-0039835.png,"https://static.www.nfl.com/image/upload/f_auto,q_auto/league/vayynevqkczp1ziitvkm",200,6c14635c17f2752d6f6a7c35dc4f1ec07ceff3388c6dd55222a24d2483707287,8284,image/png,2026-09-25T01:00:50.660903+00:00,ok
00-0039837,Bralen Trice,lake/gold/nfl/player_photos/00-0039837.png,"https://static.www.nfl.com/image/upload/f_auto,q_auto/league/pvzpzvnhrtxxyhwhedq7",200,c65c09d856d990dee4929f8cc3fb1147e497cf1debbb0e6287084766499561dd,9871,image/png,2026-09-25T01:00:44.533202+00:00,ok
00-0039838,Calen Bullock,lake/gold/nfl/player_photos/00-0039838.png,"https://static.www.nfl.com/image/upload/f_auto,q_auto/league/dp7ntdi5yxyhikjjsojs",200,2f84f5db332176e90d4f46b03b0afc4fd60d7d6ec888b18eb975e111fe5ef62f,8718,image/png,2026-09-25T01:00:50.562683+00:00,ok
00-0039840,Austin Booker,lake/gold/nfl/player_photos/00-0039840.png,"https://static.www.nfl.com/image/upload/f_auto,q_auto/league/s5th0pr4mxfyrdrnlm79",200,88b6667286bd9c0a397f4a7ad3eee7c01b74ba6b3b137792ffc58c1645f5ed12,10184,image/png,2026-09-25T01:00:44.663477+00:00,ok
00-0039841,Cooper DeJean,lake/gold/nfl/player_photos/00-0039841.png,"https://static.www.nfl.com/image/upload/f_auto,q_auto/league/aifrssmqxtoiydq9r1uo",200,27ea7feb83079f680650a069c79025d8a0dbecbcf01648b6f93e35a9d59a4255,8435,image/png,2026-09-25T01:00:50.453672+00:00,ok
00-0039842,Michael Jerrell,lake/gold/nfl/player_photos/00-0039842.png,"https://static.www.nfl.com/image/upload/f_auto,q_auto/league/j4ccmkx7sv3yjjt8ymzy",200,65a894de77693806d73977546630a72844580edf6d17f97d672d8bd8e4aad0c1,8887,image/png,2026-09-25T01:00:27.218264+00:00,ok
00-0039844,Kingsley Suamataia,lake/gold/nfl/player_photos/00-0039844.png,"https://static.www.nfl.com/image/upload/f_auto,q_auto/league/qsrtrpvdbnrhjgoqck5x",200,a6aa401c66356d380d34283b28f9c6bef6802b940f7aa6d2100f7a1dc34a80c7,8967,image/png,2026-09-25T01:00:39.704566+00:00,ok
00-0039846,Tykee Smith,lake/gold/nfl/player_photos/00-0039846.png,"https://static.www.nfl.com/image/upload/f_auto,q_auto/league/thib1riuixa3whhe6ohv",200,af96609f8a5280a45eaf27413ac81d740bade0ab477c26ccf66c9522de175c60,7768,image/png,2026-09-25T01:00:44.593253+00:00,ok
00-0039847,Theo Johnson,lake/gold/nfl/player_photos/00-0039847.png,"https://static.www.nfl.com/image/upload/f_auto,q_auto/league/fv2jbzlocr1o3ahkru43",200,ea9200c741c97c4bca90c278c475a1182fc0056f95ff305136749f0126f5c10f,9448,image/png,2026-09-25T01:00:23.293142+00:00,ok
00-0039849,Marvin Harrison Jr.,lake/gold/nfl/player_photos/00-0039849.png,"https://static.www.nfl.com/image/upload/f_auto,q_auto/league/hwpoo1icpnh8emjvqaii",200,26a6736264f84e305c76cf3fd3230f3eef0f7ea79e8941e0c087721e090aea5a,9295,image/png,2026-09-25T01:00:23.264251+00:00,ok
00-0039850,Edgerrin Cooper,lake/gold/nfl/player_photos/00-0039850.png,"https://static.www.nfl.com/image/upload/f_auto,q_auto/league/acedii0jqmzxqm5lqtn8",200,7963c335b92080d6d9ae7e746f674bb2f57252200ff3c751cacf92e9dcfc2595,9280,image/png,2026-09-25T01:00:50.663188+00:00,ok
00-0039851,Drake Maye,lake/gold/nfl/player_photos/00-0039851.png,"https://static.www.nfl.com/image/upload/f_auto,q_auto/league/s1nmoon2xnrc3bnyulv4",200,15ab96b8d9883fc8aed5d4fcfa0b8755a4aedba190037629ec7d9fbec0292971,8063,image/png,2026-09-25T01:00:35.910803+00:00,ok
00-0039852,Jared Verse,lake/gold/nfl/player_photos/00-0039852.png,"https://static.www.nfl.com/image/upload/f_auto,q_auto/league/cpa5qqc59ndeg6timqmf",200,c259107b51a46d7d55b04acbd65b4f7e3681a57808b424a8dfc36ac720f67514,8425,image/png,2026-09-25T01:00:44.580038+00:00,ok
00-0039854,Darius Robinson,lake/gold/nfl/player_photos/00-0039854.png,"https://static.www.nfl.com/image/upload/f_auto,q_auto/league/hctx4lm0ru8shpgb4vkc",200,b2ddb5f077c1e18e890256d8d2509633b26c8592b3410b997bf9731af963fe2c,9967,image/png,2026-09-25T01:00:44.609220+00:00,ok
00-0039858,Cedric Gray,lake/gold/nfl/player_photos/00-0039858.png,"https://static.www.nfl.com/image/upload/f_auto,q_auto/league/y5zs5kaw54mz5cyajpbw",200,f49b9f3e8e5521b203fc74a03e9d0ba270a059e93c64acb18bcc53fedbbf02a4,9203,image/png,2026-09-25T01:00:51.885837+00:00,ok
00-0039859,Brandon Dorlus,lake/gold/nfl/player_photos/00-0039859.png,"https://static.www.nfl.com/image/upload/f_auto,q_auto/league/ijybsgxpvngj5wzlcupl",200,9f36ea31beb735a44d9cea7cb88d7ff0e2cd53dc5f4c245715970a58bf0a5c0c,9281,image/png,2026-09-25T01:00:50.920983+00:00,ok
00-0039860,Kool-Aid McKinstry,lake/gold/nfl/player_photos/00-0039860.png,"https://static.www.nfl.com/image/upload/f_auto,q_auto/league/n0yip0zx9i25jbwugzmo",200,33994998b9b901af22fb19f855899f79dec7d4e7bea7c59b3d4ed78f6c4f2606,9400,image/png,2026-09-25T01:00:50.676415+00:00,ok
00-0039861,Tyler Nubin,lake/gold/nfl/player_photos/00-0039861.png,"https://static.www.nfl.com/image/upload/f_auto,q_auto/league/wu3phjekllc6yybgarbl",200,acb038c6512f8399e048a5203d99871d8954ae802ecc07bb6c649cbbd23f0f58,8202,image/png,2026-09-25T01:00:50.512621+00:00,ok
00-0039867,Javon Bullard,lake/gold/nfl/player_photos/00-0039867.png,"https://static.www.nfl.com/image/upload/f_auto,q_auto/league/wmpfeci7b5hm44zkjgvb",200,c94231362a1a5e2b4e726adfd159176bed59acc7e5a13c6ceabdcbcd37dc0e2b,9742,image/png,2026-09-25T01:00:50.683992+00:00,ok
00-0039868,Troy Franklin,lake/gold/nfl/player_photos/00-0039868.png,"https://static.www.nfl.com/image/upload/f_auto,q_auto/league/wgfbgxjntyqzojpizgaj",200,cc08f161240f7a0193a8afac0085b568929ec62c7e3ef9afc6d5b0ef9715cee3,10329,image/png,2026-09-25T01:00:24.314171+00:00,ok
00-0039871,Troy Fautanu,lake/gold/nfl/player_photos/00-0039871.png,"https://static.www.nfl.com/image/upload/f_auto,q_auto/league/zdtvqdenhcfetm9tpmwh",200,e81e64fa6376c83f79918f1459c41c5f3266e1f74b5a614f74bf96a7fd1d7aff,9392,image/png,2026-09-25T01:00:27.245731+00:00,ok
00-0039872,Cole Bishop,lake/gold/nfl/player_photos/00-0039872.png,"https://static.www.nfl.com/image/upload/f_auto,q_auto/league/kjvkuqb6ghv0ydbsoows",200,18e826fff3d3ced816729b7d347a63ec165fb96c3e870b03f5daf94505ba0221,7071,image/png,2026-09-25T01:00:50.575773+00:00,ok
00-0039873,DeWayne Carter,lake/gold/nfl/player_photos/00-0039873.png,"https://static.www.nfl.com/image/upload/f_auto,q_auto/league/somthlvcx5v20nqmu85n",200,332e8612a682e42f5fc29802d413ee582dfe594df14422b5a74b3e1eacc552e7,8984,image/png,2026-09-25T01:00:44.688491+00:00,ok
00-0039874,Jaylen Wright,lake/gold/nfl/player_photos/00-0039874.png,"https://static.www.nfl.com/image/upload/f_auto,q_auto/league/feeuommtlmpvuxvtb1zt",200,e653f93ec442b6b98c5fb0709594f1a2f957e4838a3723e4421e57dca13ed4e3,8772,image/png,2026-09-25T01:00:35.987750+00:00,ok
00-0039875,Ray Davis,lake/gold/nfl/player_photos/00-0039875.png,"https://static.www.nfl.com/image/upload/f_auto,q_auto/league/xibwzhrl6q5xkgh3utug",200,602c89763870c119cc89b2024b3a378009ae520d3e8f5f990492469745efabe0,8589,image/png,2026-09-25T01:00:23.344240+00:00,ok
00-0039879,Javon Solomon,lake/gold/nfl/player_photos/00-0039879.png,"https://static.www.nfl.com/image/upload/f_auto,q_auto/league/sjftmvhxpsr0zvtqywnt",200,d983f86dd8d21afd00e62451da0326b24c753cbf148ccc23c100d8f05a84f291,8890,image/png,2026-09-25T01:00:50.738553+00:00,ok
00-0039880,Malik Washington,lake/gold/nfl/player_photos/00-0039880.png,"https://static.www.nfl.com/image/upload/f_auto,q_auto/league/dmaiwnmaal9nrwfskl28",200,0a4388d0ef712ec23dd88b9594725e1a648b24f375c99e5cc0beb7878c334310,8342,image/png,2026-09-25T01:00:23.345093+00:00,ok
00-0039886,T'Vondre Sweat,lake/gold/nfl/player_photos/00-0039886.png,"https://static.www.nfl.com/image/upload/f_auto,q_auto/league/hmlpzjhnttorvhshijgn",200,68e5cb94979e28cc68bffc70b3cb769aaff9c747aa01aac6bc76a65a90bacbcd,10089,image/png,2026-09-25T01:00:24.733020+00:00,ok
00-0039888,Quinyon Mitchell,lake/gold/nfl/player_photos/00-0039888.png,"https://static.www.nfl.com/image/upload/f_auto,q_auto/league/hfhzawkrobxrfuohtp50",200,1d71d702d416b251b1270ff23b7623546c4cacc12fb1dfe50729e17296f2f098,7586,image/png,2026-09-25T01:00:50.613762+00:00,ok
00-0039889,Maason Smith,lake/gold/nfl/player_photos/00-0039889.png,"https://static.www.nfl.com/image/upload/f_auto,q_auto/league/eskiw0i3z6cashics66w",200,a5ed876c4d437efe7f7947e2f30b071a95488f1f81abcb045a6bb16c8890bc1e,8695,image/png,2026-09-25T01:00:44.730423+00:00,ok
00-0039890,Adonai Mitchell,lake/gold/nfl/player_photos/00-0039890.png,"https://static.www.nfl.com/image/upload/f_auto,q_auto/league/hwwacoa3pqapd7pgahfx",200,b0362220795787aef16205b16bc776c2cdeb58adcaee9bfd7089f959d05485e0,9082,image/png,2026-09-25T01:00:35.834661+00:00,ok
00-0039893,Brian Thomas Jr.,lake/gold/nfl/player_photos/00-0039893.png,"https://static.www.nfl.com/image/upload/f_auto,q_auto/league/plnekkriys4cm11rnxwl",200,bd07e7ef38b723cb91c5d1379073895b0890f0936b4015ee0dc30c1b59125dae,10424,image/png,2026-09-25T01:00:35.843731+00:00,ok
00-0039894,Xavier Worthy,lake/gold/nfl/player_photos/00-0039894.png,"https://static.www.nfl.com/image/upload/f_auto,q_auto/league/u6fmnffwteccoxn3uguq",200,7495ae58a006b7520f7a26580e22c5670a8829623c8dd2d21200481abf3c8664,7028,image/png,2026-09-25T01:00:24.744574+00:00,ok
00-0039897,Joe Alt,lake/gold/nfl/player_photos/00-0039897.png,"https://static.www.nfl.com/image/upload/f_auto,q_auto/league/hul7ydlbropij2fjhvvy",200,e96f7ff99d6ea5340278c5fefc81e390d482538fd0bb8a91f9a1d453bfd48356,8368,image/png,2026-09-25T01:00:35.925565+00:00,ok
00-0039898,Mike Sainristil,lake/gold/nfl/player_photos/00-0039898.png,"https://static.www.nfl.com/image/upload/f_auto,q_auto/league/eftoaweovfwayhiyjg6q",200,286d96349af99616eb8a48469edc6ae418f3a562a63a9db6d9e35529b1e0a392,9414,image/png,2026-09-25T01:00:50.854056+00:00,ok
00-0039899,Patrick Paul,lake/gold/nfl/player_photos/00-0039899.png,"https://static.www.nfl.com/image/upload/f_auto,q_auto/league/gjp4mxqdh4gs2cyktdva",200,c3e668b7728df0c34d1e9c28b2d9fe456757efc5d904bfd3f9e3bb9ca33e45d6,10011,image/png,2026-09-25T01:00:23.819800+00:00,ok
00-0039901,Keon Coleman,lake/gold/nfl/player_photos/00-0039901.png,"https://static.www.nfl.com/image/upload/f_auto,q_auto/league/cm7g87waetksjouyjgvg",200,ad168cec97837ab7928f86a5158c8001ed0bdb7e55357b8740659643e27b3a6c,18423,image/png,2026-09-25T01:00:35.914989+00:00,ok
00-0039904,Jordan Morgan,lake/gold/nfl/player_photos/00-0039904.png,"https://static.www.nfl.com/image/upload/f_auto,q_auto/league/sdes0pavbicaj47bfjis",200,0d7777ba8d8b5d5c33658b0f6184059013b9de7706d3b2151bd45bb5853f3696,11148,image/png,2026-09-25T01:00:36.005247+00:00,ok
00-0039905,Graham Barton,lake/gold/nfl/player_photos/00-0039905.png,"https://static.www.nfl.com/image/upload/f_auto,q_auto/league/jbvrm3jvgbcjjc1yd5qx",200,a2df596e39cfb1200d926552660d36c1529da10cfc6fbea1132a0ff66129ebb8,8838,image/png,2026-09-25T01:00:27.230231+00:00,ok
00-0039908,Kris Jenkins,lake/gold/nfl/player_photos/00-0039908.png,"https://static.www.nfl.com/image/upload/f_auto,q_auto/league/nuyy0laahr8mf5dojflu",200,bdb607cf15950665387000185056ca0c21b5f435a9536384cfaa3f14e355500e,7822,image/png,2026-09-25T01:00:50.628060+00:00,ok
00-0039910,Jayden Daniels,lake/gold/nfl/player_photos/00-0039910.png,"https://static.www.nfl.com/image/upload/f_auto,q_auto/league/gfz8k5onuqjrche9ogqc",200,760bb1ba9ff18c7e22a291222a0e9fe42f0df1703a98ec34e9cf2ee6175d543f,7606,image/png,2026-09-25T01:00:24.515221+00:00,ok
00-0039911,Chop Robinson,lake/gold/nfl/player_photos/00-0039911.png,"https://static.www.nfl.com/image/upload/f_auto,q_auto/league/qcf7mpwkznoaqj6viijj",200,86f431ebd0ee563a2fca3d218d8326a9e23334cb0fcb98248c1c769174daea43,9458,image/png,2026-09-25T01:00:50.775070+00:00,ok
00-0039912,Ben Sinnott,lake/gold/nfl/player_photos/00-0039912.png,"https://static.www.nfl.com/image/upload/f_auto,q_auto/league/ilkrv6dqajndnlsbmv8f",200,b0673da264eb2a7e7e8f856a01f84d087e522502aaaa4e05205406dcad19c42d,8509,image/png,2026-09-25T01:00:27.279265+00:00,ok
00-0039913,Brandon Coleman,lake/gold/nfl/player_photos/00-0039913.png,"https://static.www.nfl.com/image/upload/f_auto,q_auto/league/knxy90rm9gohdrwufodf",200,dbcaf65f5fea519bfd1fd7e6da7efcac777ce3291791024e4afa82fa9b46983e,9575,image/png,2026-09-25T01:00:36.059214+00:00,ok
00-0039915,Ladd McConkey,lake/gold/nfl/player_photos/00-0039915.png,"https://static.www.nfl.com/image/upload/f_auto,q_auto/league/q2sk7yforrkiusvruo1o",200,e043c02a4dd288ffe4c0092f9d629ef8ede6946309e9feea880d92047dfb4e92,8291,image/png,2026-09-25T01:00:24.630855+00:00,ok
00-0039918,Caleb Williams,lake/gold/nfl/player_photos/00-0039918.png,"https://static.www.nfl.com/image/upload/f_auto,q_auto/league/h4qs11kutwiw7whekmyt",200,5e3022f7da0bb52c0912e797baec3cc6470a8ad478831f532e6bd9808cf7bb69,8930,image/png,2026-09-25T01:00:35.997691+00:00,ok
00-0039919,Rome Odunze,lake/gold/nfl/player_photos/00-0039919.png,"https://static.www.nfl.com/image/upload/f_auto,q_auto/league/niewdl2p2325kpohbw9v",200,cdeb054a17e3921534efdc7681a82deda284056a228874afbb12ae80648412a1,8330,image/png,2026-09-25T01:00:24.638997+00:00,ok
00-0039920,Malachi Corley,lake/gold/nfl/player_photos/00-0039920.png,"https://static.www.nfl.com/image/upload/f_auto,q_auto/league/lay1p8pvwrglmqorc6ev",200,cf353906bda1236e6ee87dce084a061814239e45eb813f55a6779ff3d7842e79,9566,image/png,2026-09-25T01:00:36.103237+00:00,ok
00-0039924,Dallas Turner,lake/gold/nfl/player_photos/00-0039924.png,"https://static.www.nfl.com/image/upload/f_auto,q_auto/league/k9buimhpd1q6la5pdxs3",200,697525eb29c5d562ccb7cffde0fb0393d47ae819b2525b05ff5ae44a34123089,9171,image/png,2026-09-25T01:00:44.722661+00:00,ok
00-0040008,Shavon Revel Jr.,lake/gold/nfl/player_photos/00-0040008.png,"https://static.www.nfl.com/image/upload/f_auto,q_auto/league/af84hncoicg65gvvainl",200,bba9690adf58b6b778285eece82dd625b2f8ef6ecda23849aead0e4b093353b2,8928,image/png,2026-09-25T01:00:36.113932+00:00,ok
00-0040010,Barryn Sorrell,lake/gold/nfl/player_photos/00-0040010.png,"https://static.www.nfl.com/image/upload/f_auto,q_auto/league/gemsbocowxpzwb9mkv1y",200,7d21a7d13e8f44b3dbde00c94e77460258a3c49378f38d68560ece8d178788b3,8973,image/png,2026-09-25T01:00:44.600871+00:00,ok
00-0040011,Shemar James,lake/gold/nfl/player_photos/00-0040011.png,"https://static.www.nfl.com/image/upload/f_auto,q_auto/league/bpuq0wagps3hcsl0clff",200,2acbfb9198aa34292c51ee8163f6809f1bc113759fe6582ffc41e71afd25ab22,7998,image/png,2026-09-25T01:00:39.707936+00:00,ok
00-0040013,Smael Mondon Jr.,lake/gold/nfl/player_photos/00-0040013.png,"https://static.www.nfl.com/image/upload/f_auto,q_auto/league/tbyyduioarpumchzmfdj",200,c980b2521a569d71de58dc718ab8082b86326d3c069dd346fded0a882f2efe45,9431,image/png,2026-09-25T01:00:24.645520+00:00,ok
00-0040020,Micah Robinson,lake/gold/nfl/player_photos/00-0040020.png,"https://static.www.nfl.com/image/upload/f_auto,q_auto/league/dxjhrwbtwvdqfqc3kecf",200,e05f034006e796795c6b91c2a572582e030597804ca2a2e2ae7b4240e6fef2c5,8744,image/png,2026-09-25T01:00:44.687063+00:00,ok
00-0040024,Darius Cooper,lake/gold/nfl/player_photos/00-0040024.png,"https://static.www.nfl.com/image/upload/f_auto,q_auto/league/pe71oe4eoyyfnq80fkxc",200,8b2277c0c64dfccb5541818c031b3591399decfe4fcf7a89e9736bbc70518039,8808,image/png,2026-09-25T01:00:23.727140+00:00,ok
00-0040041,Nazir Stackhouse,lake/gold/nfl/player_photos/00-0040041.png,"https://static.www.nfl.com/image/upload/f_auto,q_auto/league/vokytmju8zhlte70ss9a",200,791fbd9898c31544bfb65b2229bf2c9328bd14d6d1adf8e4443bae38488246fe,9140,image/png,2026-09-25T01:00:44.597989+00:00,ok
00-0040045,Alijah Clark,lake/gold/nfl/player_photos/00-0040045.png,"https://static.www.nfl.com/image/upload/f_auto,q_auto/league/sr5sjigohu5fufu4yxm7",200,a2bdfd4bf883551e82b88202f2637cc17a48a7cc863da50e3f8cb0e0aa983036,9100,image/png,2026-09-25T01:00:23.769529+00:00,ok
00-0040056,Jared Ivey,lake/gold/nfl/player_photos/00-0040056.png,"https://static.www.nfl.com/image/upload/f_auto,q_auto/league/rliaugoupzvspm3vdtcp",200,29cbf570fbf895e0cb7cf784509f7f7bd48a5bac9688d8e89f0c414b3797beaf,10688,image/png,2026-09-25T01:00:23.880681+00:00,ok
00-0040061,Connor O'Toole,lake/gold/nfl/player_photos/00-0040061.png,"https://static.www.nfl.com/image/upload/f_auto,q_auto/league/fvrgej9ifncdq5ywexos",200,7cace23c9ec08f2c25fa6b08cc84ba9ae3573dec1f45f87d90de50904e1237a2,8859,image/png,2026-09-25T01:00:36.178436+00:00,ok
00-0040066,Jackson Woodard,lake/gold/nfl/player_photos/00-0040066.png,"https://static.www.nfl.com/image/upload/f_auto,q_auto/league/az85ciifheyqiga3yqot",200,209bd7f4cdf37807dda05f7eedb534961796ac508f04defa00306d50a69d8435,8464,image/png,2026-09-25T01:00:46.343930+00:00,ok
00-0040072,Jeffrey Bassa,lake/gold/nfl/player_photos/00-0040072.png,"https://static.www.nfl.com/image/upload/f_auto,q_auto/league/tckcuuegqdkzkglz6ywg",200,ce1ea8bf0ccde3046339d96e30b9c399d6e99ab4b6b4ec9e937124b1efd24856,8597,image/png,2026-09-25T01:00:36.263264+00:00,ok
00-0040074,Tyler Loop,lake/gold/nfl/player_photos/00-0040074.png,"https://static.www.nfl.com/image/upload/f_auto,q_auto/league/kbwixtntqevptepedhll",200,af0e8513aca820d7fb20c88ce40e1cd54da0990a7e42b7416a752054c640ce4e,8045,image/png,2026-09-25T01:00:36.174127+00:00,ok
00-0040075,LaJohntay Wester,lake/gold/nfl/player_photos/00-0040075.png,"https://static.www.nfl.com/image/upload/f_auto,q_auto/league/t6cyhtqoihm88xppswud",200,82661b6f10e6ec83056cb07a08747c0e65452870e90ea6fe6becbb3be93c66ec,7721,image/png,2026-09-25T01:00:23.963444+00:00,ok
00-0040076,Aeneas Peebles,lake/gold/nfl/player_photos/00-0040076.png,"https://static.www.nfl.com/image/upload/f_auto,q_auto/league/pzcjpjjrkwtkbp60ti5k",200,3ac552f5078b4053aa2287460aaf3edc7af6a8fa97472c489a2ab0dc402a014a,9355,image/png,2026-09-25T01:00:50.780654+00:00,ok
00-0040078,Brashard Smith,lake/gold/nfl/player_photos/00-0040078.png,"https://static.www.nfl.com/image/upload/f_auto,q_auto/league/xnf4x6b9a2yunsc0gaej",200,d61699a942a2a7b82d5a74cc24a98cf869fc5b0a301c839766f7c25e2a29c6a7,9084,image/png,2026-09-25T01:00:27.242257+00:00,ok
00-0040081,Jake Briningstool,lake/gold/nfl/player_photos/00-0040081.png,"https://static.www.nfl.com/image/upload/f_auto,q_auto/league/q7n84oth87v1glz5a5sz",200,e13b236dfa6307d696f1f62e43da5e80a4daa406d2b4758ee14f02ed7804d7a9,7951,image/png,2026-09-25T01:00:24.019566+00:00,ok
00-0040089,Kevin Knowles,lake/gold/nfl/player_photos/00-0040089.png,"https://static.www.nfl.com/image/upload/f_auto,q_auto/league/xkgx12iv1iqeygpifh9l",200,fb0384ceec4689e7fbd74f353d62776d1f4efc31db69854a9c78c4436c53e0de,8141,image/png,2026-09-25T01:00:36.206222+00:00,ok
00-0040100,Jay Higgins,lake/gold/nfl/player_photos/00-0040100.png,"https://static.www.nfl.com/image/upload/f_auto,q_auto/league/zsbevehh3h4bsqiyga5q",200,f15a7bd9138a5cf6fbe43820c3e5a32e65e35afd9ddd26a46b5bd92311ca1008,8465,image/png,2026-09-25T01:00:24.063527+00:00,ok
00-0040104,Keondre Jackson,lake/gold/nfl/player_photos/00-0040104.png,"https://static.www.nfl.com/image/upload/f_auto,q_auto/league/nseq4vwhoakwfp7ytpp0",200,cffab811439e55110450baa2c4ce039626a8b9569582ab0de1e08500c3a9af5d,8821,image/png,2026-09-25T01:00:39.791125+00:00,ok
00-0040118,Cooper McDonald,lake/gold/nfl/player_photos/00-0040118.png,"https://static.www.nfl.com/image/upload/f_auto,q_auto/league/uuogsrg8u8cewevs0fxi",200,b0b85c2444a244177fa2477810c71acb7ef13fcf1a6a5d7c6ad3f52af8d23066,8738,image/png,2026-09-25T01:00:36.119601+00:00,ok
00-0040122,Ashton Jeanty,lake/gold/nfl/player_photos/00-0040122.png,"https://static.www.nfl.com/image/upload/f_auto,q_auto/league/syspis1mntov9kgspb7r",200,f394a66e036df9443206011ee8ff7987ba304fe45513f84a53e5d21877686452,10093,image/png,2026-09-25T01:00:24.229529+00:00,ok
00-0040124,Tetairoa McMillan,lake/gold/nfl/player_photos/00-0040124.png,"https://static.www.nfl.com/image/upload/f_auto,q_auto/league/gilgvjemumd6kpc9eiku",200,241e1910d07c0123d1140917f08bc833b6bb204190c9de623ee08003c0c13bc8,7291,image/png,2026-09-25T01:00:36.464032+00:00,ok
00-0040125,Kelvin Banks Jr.,lake/gold/nfl/player_photos/00-0040125.png,"https://static.www.nfl.com/image/upload/f_auto,q_auto/league/pwjfoqwm1af7cjkw7pnr",200,824d78d7821dc58dd5486a4502d5fa7da6a10e265e2f95ea0a01c4da152dc7ac,9056,image/png,2026-09-25T01:00:39.869865+00:00,ok
00-0040126,Colston Loveland,lake/gold/nfl/player_photos/00-0040126.png,"https://static.www.nfl.com/image/upload/f_auto,q_auto/league/cnxiyi76jeahgx94nh6d",200,c5307d1432be894735ccdb8fac9b547c4b0efadae7fa7c373551ec2c3c2ab6a0,8524,image/png,2026-09-25T01:00:36.162320+00:00,ok
00-0040128,Tyler Warren,lake/gold/nfl/player_photos/00-0040128.png,"https://static.www.nfl.com/image/upload/f_auto,q_auto/league/f1mfwwrr3qvnxuiackgq",200,169cb336766971a3e70514427dc44f654623a96ad1962e83dd7d0840378fe382,10257,image/png,2026-09-25T01:00:36.215231+00:00,ok
00-0040129,Emeka Egbuka,lake/gold/nfl/player_photos/00-0040129.png,"https://static.www.nfl.com/image/upload/f_auto,q_auto/league/z224kbzs62rjuykc0vha",200,95acc194928986286d0b446e0eeafc15ecdb80022ec612f791d68ef567ff2163,8475,image/png,2026-09-25T01:00:24.228103+00:00,ok
00-0040131,Kyle Williams,lake/gold/nfl/player_photos/00-0040131.png,"https://static.www.nfl.com/image/upload/f_auto,q_auto/league/xkicyhizq6sm86wr5osk",200,6dc4661100945056ad3add8635f655475d53b72e3317c803483b3b7e9cbeb853,9370,image/png,2026-09-25T01:00:36.355550+00:00,ok
00-0040132,Landon Jackson,lake/gold/nfl/player_photos/00-0040132.png,"https://static.www.nfl.com/image/upload/f_auto,q_auto/league/q388glnv5me6fniielsz",200,50466822af94dc117bf14490aff752ac484eaf5784818c53686d99a9eae67acb,7899,image/png,2026-09-25T01:00:24.295885+00:00,ok
00-0040133,Azareye'h Thomas,lake/gold/nfl/player_photos/00-0040133.png,"https://static.www.nfl.com/image/upload/f_auto,q_auto/league/yects9qe1kkzkmiunvok",200,2b9833dc8a16fc88e669bfc6a2a48d50f6b323c5d5e2a196ad8f09adbf5c1533,8387,image/png,2026-09-25T01:00:44.664550+00:00,ok
00-0040134,Pat Bryant,lake/gold/nfl/player_photos/00-0040134.png,"https://static.www.nfl.com/image/upload/f_auto,q_auto/league/n91hznzkfpftxhqt1qd9",200,8f1312f5567bfaead75e92ff7a5ab86252bda5a18e1a3b7493aa423823be1da6,9092,image/png,2026-09-25T01:00:36.285900+00:00,ok
00-0040136,Princely Umanmielen,lake/gold/nfl/player_photos/00-0040136.png,"https://static.www.nfl.com/image/upload/f_auto,q_auto/league/rqdqyoypjti8cg2weguu",200,f22d84580639caab194e41317bcd2363acf347b1b3e4f1d30ed54bd4a93c2e33,10071,image/png,2026-09-25T01:00:44.869733+00:00,ok
00-0040137,Jordan Burch,lake/gold/nfl/player_photos/00-0040137.png,"https://static.www.nfl.com/image/upload/f_auto,q_auto/league/e1l9bvbtlmy2ea7izknj",200,0dc494912c7843dc343100de9a1bb87d02d89d6863494cecd978cf60368e580a,8138,image/png,2026-09-25T01:00:50.686143+00:00,ok
00-0040138,Jaylin Noel,lake/gold/nfl/player_photos/00-0040138.png,"https://static.www.nfl.com/image/upload/f_auto,q_auto/league/ehlm8w4afdqoisx1e6as",200,3ddc018ae69b8316753099dc255f1e0dcfd4f0365c8c404566ae8405510bd536,8861,image/png,2026-09-25T01:00:24.380963+00:00,ok
00-0040139,Justin Walley,lake/gold/nfl/player_photos/00-0040139.png,"https://static.www.nfl.com/image/upload/f_auto,q_auto/league/ytqmfgiex6eiihbhhh1y",200,43c47893b6455203c52ff1c19b05a9ea44ed303e5c19a04e1aa9e1664f41ae2c,8107,image/png,2026-09-25T01:00:44.858036+00:00,ok
00-0040140,Dylan Fairchild,lake/gold/nfl/player_photos/00-0040140.png,"https://static.www.nfl.com/image/upload/f_auto,q_auto/league/yylxaud9iqwbaxof1agr",200,c0a3b0d776594ba99eb62a6b507ec30fe4f6530cda594d2c9f66cd020d90d568,8008,image/png,2026-09-25T01:00:28.570009+00:00,ok
00-0040141,Kevin Winston Jr.,lake/gold/nfl/player_photos/00-0040141.png,"https://static.www.nfl.com/image/upload/f_auto,q_auto/league/zeai9xuvlquhwkzztbua",200,02f4c80099dc93733aca917bc600bef08f4b14a6bc2d492fb3b4e9923ec6e50d,9051,image/png,2026-09-25T01:00:24.368253+00:00,ok
00-0040142,Kaleb Johnson,lake/gold/nfl/player_photos/00-0040142.png,"https://static.www.nfl.com/image/upload/f_auto,q_auto/league/zpzc4oobxi8nr5dyonob",200,42d5c4c36191d18c7c86a3b774c04749613f37f679d1686bac2432f6241ecd2b,9981,image/png,2026-09-25T01:00:36.469849+00:00,ok
00-0040143,Jacob Parrish,lake/gold/nfl/player_photos/00-0040143.png,"https://static.www.nfl.com/image/upload/f_auto,q_auto/league/xspc6ojezhpflx0jorx4",200,23fff0399a0724945f72eb7f278dbc0c6900b74b4b821188d22c280e936636ee,7977,image/png,2026-09-25T01:00:50.768083+00:00,ok
00-0040144,Jamaree Caldwell,lake/gold/nfl/player_photos/00-0040144.png,"https://static.www.nfl.com/image/upload/f_auto,q_auto/league/o6zilnte5jibvs84wshv",200,3eba9b657d2d61822a8e96e62a014f76e3789258b11b5f0a5d849b66dbdde32f,9244,image/png,2026-09-25T01:00:44.868551+00:00,ok
00-0040145,Caleb Ransaw,lake/gold/nfl/player_photos/00-0040145.png,"https://static.www.nfl.com/image/upload/f_auto,q_auto/league/mbumdzljtupecctayylo",200,b20daf1bb9a809f1d67c3d9c18c8d3e8813d540171785a4a2137340c3c5002bf,8759,image/png,2026-09-25T01:00:50.925762+00:00,ok
00-0040147,Jared Wilson,lake/gold/nfl/player_photos/00-0040147.png,"https://static.www.nfl.com/image/upload/f_auto,q_auto/league/da4grsbnhp3i0pdon8ym",200,35753ab6cb743892c67db9288c5938f3e6938c5de35024b9dff8e94e7c16aab7,8837,image/png,2026-09-25T01:00:36.470312+00:00,ok
00-0040148,Xavier Watts,lake/gold/nfl/player_photos/00-0040148.png,"https://static.www.nfl.com/image/upload/f_auto,q_auto/league/kfq1ekzcnannihp8qatc",200,773275ba4ced64ebc21d1213f8a03e79499f6fbded540dd0ad027a0ae7844944,8149,image/png,2026-09-25T01:00:50.891222+00:00,ok
00-0040149,Jaylin Smith,lake/gold/nfl/player_photos/00-0040149.png,"https://static.www.nfl.com/image/upload/f_auto,q_auto/league/pm4jhvtvmy4uvtcuxzpj",200,e7dc33029039d1e9851a7c60233b40afd2b944ec352932e0af33066c8112ba74,8930,image/png,2026-09-25T01:00:50.927120+00:00,ok
00-0040150,Caleb Rogers,lake/gold/nfl/player_photos/00-0040150.png,"https://static.www.nfl.com/image/upload/f_auto,q_auto/league/ov3wd6opxyreuuofq5rk",200,fe84ceee93c4b597c377d572ec4c12e7ffaeeddad815fcc6c516e5ce42e73578,9760,image/png,2026-09-25T01:00:24.378117+00:00,ok
00-0040152,Upton Stout,lake/gold/nfl/player_photos/00-0040152.png,"https://static.www.nfl.com/image/upload/f_auto,q_auto/league/k5fypo0f9ctrs9dfvcyw",200,3e988d6e3d26dc5bd0d63d95e75818444f0ce342c312a12c4162ada17c2e7602,8441,image/png,2026-09-25T01:00:44.924923+00:00,ok
00-0040155,Danny Stutsman,lake/gold/nfl/player_photos/00-0040155.png,"https://static.www.nfl.com/image/upload/f_auto,q_auto/league/zgjiw9cotus8gjlvspx2",200,16f03b7c0190d862438a545fea51e38efa94c5281d59a08e556ac785101edfc5,7839,image/png,2026-09-25T01:00:50.873397+00:00,ok
00-0040157,Barrett Carter,lake/gold/nfl/player_photos/00-0040157.png,"https://static.www.nfl.com/image/upload/f_auto,q_auto/league/jdzoxrmno9l5qytgz0iv",200,4f8491752196014f78391d5eae77b7a4c1280ea6667fdcce2616415eb086455f,8718,image/png,2026-09-25T01:00:44.877785+00:00,ok
00-0040158,David Walker,lake/gold/nfl/player_photos/00-0040158.png,"https://static.www.nfl.com/image/upload/f_auto,q_auto/league/g5t4jmcamq69jxzgywc4",200,ee5300e6be4fa4abdbc84a5f6b0e8fa0a02901545b04310d93c4912279bbbb24,7517,image/png,2026-09-25T01:00:44.880924+00:00,ok
00-0040159,Lathan Ransom,lake/gold/nfl/player_photos/00-0040159.png,"https://static.www.nfl.com/image/upload/f_auto,q_auto/league/gg0ztjfsso4y7yx4fxfb",200,efeb660802a7c13e22cef61005dc03a74beb3f7ba50546f0c071f4584da0bfca,10592,image/png,2026-09-25T01:00:44.845549+00:00,ok
00-0040160,Jack Sawyer,lake/gold/nfl/player_photos/00-0040160.png,"https://static.www.nfl.com/image/upload/f_auto,q_auto/league/bsfaucfu7cawckhpr73k",200,fe4791fb1137ffea3372e098cc75b4158a9ef6b4b0536e2fbf8cf9c7167aa7ce,9159,image/png,2026-09-25T01:00:44.878363+00:00,ok
00-0040162,Dylan Sampson,lake/gold/nfl/player_photos/00-0040162.png,"https://static.www.nfl.com/image/upload/f_auto,q_auto/league/den1hzzomdxfcsgk88o5",200,3bf1bcb22487dcbc709133841372bc845c6105c1a359d54f12181ec694854ea8,10378,image/png,2026-09-25T01:00:36.298971+00:00,ok
00-0040164,Jaylin Lane,lake/gold/nfl/player_photos/00-0040164.png,"https://static.www.nfl.com/image/upload/f_auto,q_auto/league/fa5ufxqxs3hzioih3cfb",200,9d9bc978cd81b9d0311205a7470bac48fd72641e511e755bc3be38f32a0ee3e2,10071,image/png,2026-09-25T01:00:24.396062+00:00,ok
00-0040165,Malachi Moore,lake/gold/nfl/player_photos/00-0040165.png,"https://static.www.nfl.com/image/upload/f_auto,q_auto/league/ftgqzch3vvsodlhud39f",200,75354def1aaf3a4b5ccf944a5f63fdb986745b5f4e57c6f91441850d5d1111dd,9867,image/png,2026-09-25T01:00:24.434254+00:00,ok
00-0040166,Quincy Riley,lake/gold/nfl/player_photos/00-0040166.png,"https://static.www.nfl.com/image/upload/f_auto,q_auto/league/q4qlahpfgvbren4xt0pj",200,5b27be94bd4fe132a7ebef8b772701299028817743d46b302ae0c90ace04abc8,9050,image/png,2026-09-25T01:00:45.063171+00:00,ok
00-0040168,Que Robinson,lake/gold/nfl/player_photos/00-0040168.png,"https://static.www.nfl.com/image/upload/f_auto,q_auto/league/quvadleyknwh31c7acza",200,5519bb8c47953e207a7090e5898d9e20455848b3f88a93dfda9b187111aa94b5,7516,image/png,2026-09-25T01:00:24.412310+00:00,ok
00-0040169,Tonka Hemingway,lake/gold/nfl/player_photos/00-0040169.png,"https://static.www.nfl.com/image/upload/f_auto,q_auto/league/naoeqgrcfxdgtdrimc6v",200,839394681f743f60f5611bc459883b75da29532005f5cd7f887322af840525b4,9865,image/png,2026-09-25T01:00:50.844898+00:00,ok
00-0040170,Elic Ayomanor,lake/gold/nfl/player_photos/00-0040170.png,"https://static.www.nfl.com/image/upload/f_auto,q_auto/league/jjmscqt6v4ecasveugoh",200,01114613877e0245609b3651a305f29a4d448aa8919f190d39d48493ad4d66a9,8917,image/png,2026-09-25T01:00:24.414964+00:00,ok
00-0040171,Joshua Farmer,lake/gold/nfl/player_photos/00-0040171.png,"https://static.www.nfl.com/image/upload/f_auto,q_auto/league/euamsvbjrgz3i0difj1b",200,802db72bacd03c4a54e2427456fe5818d57917c6ef48e4e6c66d5489237722f4,9706,image/png,2026-09-25T01:00:46.380155+00:00,ok
00-0040173,Tyrion Ingram-Dawkins,lake/gold/nfl/player_photos/00-0040173.png,"https://static.www.nfl.com/image/upload/f_auto,q_auto/league/lkpgbo1ftwfrp18wrbxv",200,df889ca19e48c10893ceba12e4bf537a2e594ada00955cf4bd5158b1eef164b1,8745,image/png,2026-09-25T01:00:44.936685+00:00,ok
00-0040174,Cam Jackson,lake/gold/nfl/player_photos/00-0040174.png,"https://static.www.nfl.com/image/upload/f_auto,q_auto/league/qqviwensjskqpgt7fufm",200,4fe0b3154bcd06ff76d08c16901d32374fb75944f0a013d57f3d4980561cc18b,9166,image/png,2026-09-25T01:00:39.858584+00:00,ok
00-0040175,Jordan Phillips,lake/gold/nfl/player_photos/00-0040175.png,"https://static.www.nfl.com/image/upload/f_auto,q_auto/league/mhntqo1e1uxl8uhqzqrk",200,b1e0d9164d584bc86a8eb7317386b62b979245a1ab37cc33e8c39c32f981a899,10932,image/png,2026-09-25T01:00:44.913098+00:00,ok
00-0040177,Jordan James,lake/gold/nfl/player_photos/00-0040177.png,"https://static.www.nfl.com/image/upload/f_auto,q_auto/league/un9cfqnwdzugrcy8caoh",200,0f4213bcbb12156eeaaffde236e1fa1998928739779068ae1587d35b4311865c,9616,image/png,2026-09-25T01:00:39.750745+00:00,ok
00-0040178,Jason Marshall Jr.,lake/gold/nfl/player_photos/00-0040178.png,"https://static.www.nfl.com/image/upload/f_auto,q_auto/league/chf1ow0awwha9hrcoqxc",200,6efca9b60651caabd2e1ab13c575cc5566469a724b146cdf1e3eef66230580fe,8757,image/png,2026-09-25T01:00:36.365311+00:00,ok
00-0040182,Dante Trader Jr.,lake/gold/nfl/player_photos/00-0040182.png,"https://static.www.nfl.com/image/upload/f_auto,q_auto/league/nffbi3a32ngmczzvxcz0",200,879754de2e0d20a493ebeb6e66926e0115adae0f7b91fe02564ebef60829213f,8322,image/png,2026-09-25T01:00:36.466082+00:00,ok
00-0040183,Elijah Roberts,lake/gold/nfl/player_photos/00-0040183.png,"https://static.www.nfl.com/image/upload/f_auto,q_auto/league/konvzhfxyunroyoihh4m",200,a8f55435d248266a3508a072744947be119c230b16b0c51c5292389b56f3be73,10193,image/png,2026-09-25T01:00:44.960358+00:00,ok
00-0040185,Marques Sigle,lake/gold/nfl/player_photos/00-0040185.png,"https://static.www.nfl.com/image/upload/f_auto,q_auto/league/cr3ojzklas5uqwc2vbfh",200,16a9d4b1e3457b1e8c373d561d920b3e7bfd3938f95182e1b776d4963967ec6f,8682,image/png,2026-09-25T01:00:44.912605+00:00,ok
00-0040187,Mitchell Evans,lake/gold/nfl/player_photos/00-0040187.png,"https://static.www.nfl.com/image/upload/f_auto,q_auto/league/yruhsxdnyfaa7iswn1dp",200,38f90f245644fb54174582304a598b143e6005f743f2928ad12fdb7acff812e6,7680,image/png,2026-09-25T01:00:24.448667+00:00,ok
00-0040188,Yahya Black,lake/gold/nfl/player_photos/00-0040188.png,"https://static.www.nfl.com/image/upload/f_auto,q_auto/league/ndy8wevnmpdrin3espb5",200,83c1a7f264431a179e9d3a469669407d9f2160ad8505b310b8d97316bbb9ecaf,9615,image/png,2026-09-25T01:00:36.360050+00:00,ok
00-0040189,Oronde Gadsden II,lake/gold/nfl/player_photos/00-0040189.png,"https://static.www.nfl.com/image/upload/f_auto,q_auto/league/r8b4oghjwhw8x9nv1wbs",200,f9f7580253bfb378476e66d25cdca126ec90c8220cf4a8001299d83935b82882,9115,image/png,2026-09-25T01:00:36.499014+00:00,ok
00-0040192,Jordan Hancock,lake/gold/nfl/player_photos/00-0040192.png,"https://static.www.nfl.com/image/upload/f_auto,q_auto/league/ursfrg83sovz52fo6oeh",200,da49c258dac9c4e8046edbf2925433f4a1595db7858fdffde15915e75187506a,7404,image/png,2026-09-25T01:00:50.946436+00:00,ok
00-0040195,Denzel Burke,lake/gold/nfl/player_photos/00-0040195.png,"https://static.www.nfl.com/image/upload/f_auto,q_auto/league/ertjghbr5dldlhzml7jh",200,2e49dbafda46305e9189bdd52e395a743cb3c10784c235ad9de4b927559cf639,8942,image/png,2026-09-25T01:00:50.965695+00:00,ok
00-0040198,Ollie Gordon II,lake/gold/nfl/player_photos/00-0040198.png,"https://static.www.nfl.com/image/upload/f_auto,q_auto/league/bv33rgypaauv7sealwkr",200,8b2500287006679821dc2b714b2c34181ddc7fc73d0395e174d423c133dd101c,8327,image/png,2026-09-25T01:00:39.840719+00:00,ok
00-0040200,Andy Borregales,lake/gold/nfl/player_photos/00-0040200.png,"https://static.www.nfl.com/image/upload/f_auto,q_auto/league/x2fxn5qf6zkgmvedjpys",200,e27e595d0bbab32cb5bfc18a19a072e7e4206430ae3e43a5a0a3c3fa988a5e03,8489,image/png,2026-09-25T01:00:36.553818+00:00,ok
00-0040201,Marcus Harris,lake/gold/nfl/player_photos/00-0040201.png,"https://static.www.nfl.com/image/upload/f_auto,q_auto/league/xwb7yigex1r2dne7yelm",200,3ee9369d9633c1a4450fda475bbc1917438a5016326dd0a5f61611eaa0d9ebc9,8507,image/png,2026-09-25T01:00:50.937382+00:00,ok
00-0040204,Jaylen Reed,lake/gold/nfl/player_photos/00-0040204.png,"https://static.www.nfl.com/image/upload/f_auto,q_auto/league/xmnjyui1nzlnovrx54xn",200,8b5b21ada5153128c62820253220e592332a9478b0acf0da413cbebf81aea1ce,10469,image/png,2026-09-25T01:00:46.358795+00:00,ok
00-0040207,Tim Smith,lake/gold/nfl/player_photos/00-0040207.png,"https://static.www.nfl.com/image/upload/f_auto,q_auto/league/tx60aulznnos1t0ezghe",200,1c3647bec17105fa1bd8f65937b92802c3a4e270d70d50487c142bec5ba85cc8,8321,image/png,2026-09-25T01:00:36.519406+00:00,ok
00-0040208,Tahj Brooks,lake/gold/nfl/player_photos/00-0040208.png,"https://static.www.nfl.com/image/upload/f_auto,q_auto/league/s89clgkij0ytcmrkdydt",200,852427d1143d72f066a7c9b7d199ce72e6cce3bafdcb4b50d0a877f7b63f85e3,8334,image/png,2026-09-25T01:00:24.454479+00:00,ok
00-0040213,Rayuan Lane III,lake/gold/nfl/player_photos/00-0040213.png,"https://static.www.nfl.com/image/upload/f_auto,q_auto/league/emzamsuwuuxtpw4natjw",200,b6ef6324e406e3dd3b7091f9180ea717dd13d1809b915214375b42a4958e2d46,8781,image/png,2026-09-25T01:00:40.005939+00:00,ok
00-0040216,Kain Medrano,lake/gold/nfl/player_photos/00-0040216.png,"https://static.www.nfl.com/image/upload/f_auto,q_auto/league/xdizkco6f8wg8jxsgy9j",200,9b2169c264816a484f8aac07c2c87b8902c82747d7062901e3de024627ebe3f9,8969,image/png,2026-09-25T01:00:24.532076+00:00,ok
00-0040218,Jimmy Horn Jr.,lake/gold/nfl/player_photos/00-0040218.png,"https://static.www.nfl.com/image/upload/f_auto,q_auto/league/gggcgfbghcft0xwxtrhk",200,fd981acd07e47f3b7415f1179eaaa459a1cb6939065a73c39ca6a288a0b2c7a3,9776,image/png,2026-09-25T01:00:24.535338+00:00,ok
00-0040221,R.J. Mickens,lake/gold/nfl/player_photos/00-0040221.png,"https://static.www.nfl.com/image/upload/f_auto,q_auto/league/ukzfqydyiezmemut0zoe",200,cdfdce3214c78ff42a00959a8f841ad70c1347e7832966d6ac24e5c8d71b071c,9626,image/png,2026-09-25T01:00:51.964870+00:00,ok
00-0040223,Jeremy Crawshaw,lake/gold/nfl/player_photos/00-0040223.png,"https://static.www.nfl.com/image/upload/f_auto,q_auto/league/ybqasaukmya02ajzgoaz",200,54f338674cbee13dfafcdaa6b77be3a0c4c6dc206aaf1a3115610ae50b76c84e,7362,image/png,2026-09-25T01:00:24.646457+00:00,ok
00-0040230,Kitan Crawford,lake/gold/nfl/player_photos/00-0040230.png,"https://static.www.nfl.com/image/upload/f_auto,q_auto/league/puy0uqictbwcojpkmmrr",200,5a7553d686646c8615f2f65662a3843d7ac2b94e63e1104ff525cfd4fe5be4db,9259,image/png,2026-09-25T01:00:36.546844+00:00,ok
00-0040231,Carson Bruener,lake/gold/nfl/player_photos/00-0040231.png,"https://static.www.nfl.com/image/upload/f_auto,q_auto/league/xtklcumklpj2uytkbd6r",200,51ef0814e50f2370d8cc6ad568405111f23e07ddef0b2e1c0bbfa4faeb0dba69,8940,image/png,2026-09-25T01:00:24.649583+00:00,ok
00-0040235,Hunter Wohler,lake/gold/nfl/player_photos/00-0040235.png,"https://static.www.nfl.com/image/upload/f_auto,q_auto/league/y131etrmbhponqhkoiwp",200,12942f4f3bcf64f4db3d883b093a42b675cd186dbeeb79994d4eddb062f87aec,8518,image/png,2026-09-25T01:00:46.370023+00:00,ok
00-0040236,Kyle Monangai,lake/gold/nfl/player_photos/00-0040236.png,"https://static.www.nfl.com/image/upload/f_auto,q_auto/league/bkkk3uuouhcobydqawro",200,ea5bc5d6f0de475acc5524a1e7b1bc29576b829c6f264d0673b99d712a9ddf25,8288,image/png,2026-09-25T01:00:36.667399+00:00,ok
00-0040237,Tez Johnson,lake/gold/nfl/player_photos/00-0040237.png,"https://static.www.nfl.com/image/upload/f_auto,q_auto/league/ajbnpagviw0glrhf5a2e",200,93f8105ddd2c16b5fc546a5f34880e68e782bf30e00f61e4808fd143779c5182,7948,image/png,2026-09-25T01:00:36.586180+00:00,ok
00-0040238,LeQuint Allen Jr.,lake/gold/nfl/player_photos/00-0040238.png,"https://static.www.nfl.com/image/upload/f_auto,q_auto/league/i0utigksuuvo2njb9wtk",200,bc294d66dfb421326d7bfdd101a38ef40698ee8f4d22537794fc5c255cb9f6ce,9751,image/png,2026-09-25T01:00:27.239135+00:00,ok
00-0040242,Jacory Croskey-Merritt,lake/gold/nfl/player_photos/00-0040242.png,"https://static.www.nfl.com/image/upload/f_auto,q_auto/league/qew4qhlj4yuf50voko61",200,135097ba44d59282daa4ad077512d24c6e66aa4de597dcda9631798001b8173d,9880,image/png,2026-09-25T01:00:24.652584+00:00,ok
00-0040248,Zeek Biggers,lake/gold/nfl/player_photos/00-0040248.png,"https://static.www.nfl.com/image/upload/f_auto,q_auto/league/etcgr7pzpzk17xfjeqeb",200,7d3546b26e0fc42d248811965c181fce87ea907f5438d6638294745cfe290a63,9368,image/png,2026-09-25T01:00:50.848399+00:00,ok
00-0040255,Adin Huntington,lake/gold/nfl/player_photos/00-0040255.png,"https://static.www.nfl.com/image/upload/f_auto,q_auto/league/zqevui8ikmsi20blzgot",200,ead10165627ae686b763684262a0ec4073e1fc4c271801bc0e51cc3bf3a8280e,8308,image/png,2026-09-25T01:00:36.665494+00:00,ok
00-0040261,Easton Mascarenas-Arnold,lake/gold/nfl/player_photos/00-0040261.png,"https://static.www.nfl.com/image/upload/f_auto,q_auto/league/a8uufqbzvn1u8zhhujfa",200,ced4aaba96cbd12bb28b78329980fc054ba6e794699710a870297a6510c639df,9374,image/png,2026-09-25T01:00:51.178782+00:00,ok
00-0040263,Donovan McMillon,lake/gold/nfl/player_photos/00-0040263.png,"https://static.www.nfl.com/image/upload/f_auto,q_auto/league/xxpttzs5lhbmc7phnxli",200,8aa60bdbaf48b47276d10efa0ddedd0a91d7135d3c6883a2ef5c42c98edc60b4,8909,image/png,2026-09-25T01:00:24.751558+00:00,ok
00-0040277,Jahdae Walker,lake/gold/nfl/player_photos/00-0040277.png,"https://static.www.nfl.com/image/upload/f_auto,q_auto/league/cr13mo2xrpdkksy8fveq",200,f909bb3dee3bf167d7397c7ccbced2142d552eb0992b50814470e5de96319210,8608,image/png,2026-09-25T01:00:24.756723+00:00,ok
00-0040279,Ryan Fitzgerald,lake/gold/nfl/player_photos/00-0040279.png,"https://static.www.nfl.com/image/upload/f_auto,q_auto/league/giy8qnq6njxzwtqvqdsm",200,74a58f92ce34060772fa81bd6db4c04bbf0f056bd04cd368da8f9364ac7e5353,8407,image/png,2026-09-25T01:00:36.513776+00:00,ok
00-0040318,Ale Kaho,lake/gold/nfl/player_photos/00-0040318.png,"https://static.www.nfl.com/image/upload/f_auto,q_auto/league/xtiv998kd4048degy4xl",200,2b7e7eb6ee5fbf51198abd9af4a819e7c76d0832be60b65ae6869f2e6cedfac9,9926,image/png,2026-09-25T01:00:39.780968+00:00,ok
00-0040326,Branson Combs,lake/gold/nfl/player_photos/00-0040326.png,"https://static.www.nfl.com/image/upload/f_auto,q_auto/league/u60bto6dll3fjewspobu",200,908e2fd88d2cb08b65f830abdd8a43ab8fa437101e36b69676a9cbae66080c72,8622,image/png,2026-09-25T01:00:44.960731+00:00,ok
00-0040342,Danny Striggow,lake/gold/nfl/player_photos/00-0040342.png,"https://static.www.nfl.com/image/upload/f_auto,q_auto/league/lcyhsnmb991cgvwthcy0",200,da7a32eaf93204c75045c9ef0b231028213be811a4286a9a6a86216d195ec4c1,9000,image/png,2026-09-25T01:00:45.347993+00:00,ok
00-0040363,Keleki Latu,lake/gold/nfl/player_photos/00-0040363.png,"https://static.www.nfl.com/image/upload/f_auto,q_auto/league/vebjjfyrrrbwaqjlyvun",200,006b2ebe98bd1cd0e4a0bfed015d6aa43d36ca4624b584e19e4e57c3022fa6a9,7814,image/png,2026-09-25T01:00:36.720819+00:00,ok
00-0040429,Josh Williams,lake/gold/nfl/player_photos/00-0040429.png,"https://static.www.nfl.com/image/upload/f_auto,q_auto/league/c2zxbiz8153usfggosvv",200,ab8e02b67730ef64df023da7f6afcb72edbedd2b508d71c10b6e7d0ed9232478,8450,image/png,2026-09-25T01:00:24.762937+00:00,ok
00-0040449,Karene Reid,lake/gold/nfl/player_photos/00-0040449.png,"https://static.www.nfl.com/image/upload/f_auto,q_auto/league/gx65fgbnmrzc51w1hfav",200,b26ec20a14657546d120f156043e6a778528b142b63204e78cf74b4cd8002137,8155,image/png,2026-09-25T01:00:36.760894+00:00,ok
00-0040458,TeRah Edwards,lake/gold/nfl/player_photos/00-0040458.png,"https://static.www.nfl.com/image/upload/f_auto,q_auto/league/kmlrbebwbksnogrboyo0",200,4d0b877de3767d9d3fea0587e956c03b53aec2f8dd51be243814501a97af8f97,8749,image/png,2026-09-25T01:00:36.707967+00:00,ok
00-0040466,Raheim Sanders,lake/gold/nfl/player_photos/00-0040466.png,"https://static.www.nfl.com/image/upload/f_auto,q_auto/league/bopoof9uczgpvpggeahp",200,2a4e07c290a1a00005260033142b35a4556303bd539f2184774308ede4150f8f,9304,image/png,2026-09-25T01:00:36.847964+00:00,ok
00-0040496,Chaz Chambliss,lake/gold/nfl/player_photos/00-0040496.png,"https://static.www.nfl.com/image/upload/f_auto,q_auto/league/wwuawbggpxurztrxyyuh",200,95918f572cb820b5a5c8811db10f2aa9dee26ff1823961bc93eb62818a650ec0,8689,image/png,2026-09-25T01:00:27.468719+00:00,ok
00-0040506,Myles Price,lake/gold/nfl/player_photos/00-0040506.png,"https://static.www.nfl.com/image/upload/f_auto,q_auto/league/yi2pgwujy0lv9l3m3sig",200,1076ebf6f091153f3fd6de9cf7dd83f76014548c94f97276f7d2844e7ca85cdf,8113,image/png,2026-09-25T01:00:37.243955+00:00,ok
00-0040556,Corey Kiner,lake/gold/nfl/player_photos/00-0040556.png,"https://static.www.nfl.com/image/upload/f_auto,q_auto/league/tpnamrgzfbytwlzhhyf8",200,67b845959903b5ff4de36355c2120d23abeabaf44c03fe02407761ebe7257356,9927,image/png,2026-09-25T01:00:24.764259+00:00,ok
00-0040563,Efton Chism III,lake/gold/nfl/player_photos/00-0040563.png,"https://static.www.nfl.com/image/upload/f_auto,q_auto/league/zbnf3ujmwprzgjnwdtlo",200,6c12b368e17baaf130742744303a6210cfe0a6ea21fe4bd2a17032ddb6cbbc6d,7942,image/png,2026-09-25T01:00:27.375715+00:00,ok
00-0040568,Lan Larison,lake/gold/nfl/player_photos/00-0040568.png,"https://static.www.nfl.com/image/upload/f_auto,q_auto/league/dfvjypx4regh68bhrrlt",200,0e797b494e4be7d719e3d52d1bdd1d00f749a6fdee9459e998ac41e1da4cd6d9,8129,image/png,2026-09-25T01:00:24.874756+00:00,ok
00-0040574,Elijah Ponder,lake/gold/nfl/player_photos/00-0040574.png,"https://static.www.nfl.com/image/upload/f_auto,q_auto/league/g9d7riu8zsysuaqbqpjc",200,997ccbb8aeb2fb0098f56273781036de5e5ed93f01c3c053e7895b9aeceae6bd,7732,image/png,2026-09-25T01:00:45.142588+00:00,ok
00-0040579,Carson Schwesinger,lake/gold/nfl/player_photos/00-0040579.png,"https://static.www.nfl.com/image/upload/f_auto,q_auto/league/ga2yg6qhxs12sqo6jvfz",200,ae5f603b2f19e35ae208de4857cb2557f5e1f51934b0a0c3047d08cbbc3afeaa,10103,image/png,2026-09-25T01:00:45.199983+00:00,ok
00-0040580,Josaiah Stewart,lake/gold/nfl/player_photos/00-0040580.png,"https://static.www.nfl.com/image/upload/f_auto,q_auto/league/epzy8ucs3mt2qgxhuolw",200,3daf3880fc024157b6b39c23b440c2084fc467eed9f08565d84d27791018547d,9162,image/png,2026-09-25T01:00:51.053117+00:00,ok
00-0040582,Arian Smith,lake/gold/nfl/player_photos/00-0040582.png,"https://static.www.nfl.com/image/upload/f_auto,q_auto/league/asywvwrn6zhlidxothqn",200,1e584660a3403569172b9e15a1cddf52e5c8b06918fe78d1812f7116436a1028,7780,image/png,2026-09-25T01:00:45.119567+00:00,ok
00-0040583,Woody Marks,lake/gold/nfl/player_photos/00-0040583.png,"https://static.www.nfl.com/image/upload/f_auto,q_auto/league/y5ntpcenhhhv98uz2fys",200,6e1e496ec3bcfe0932a7b4fa1ca95e0c562132d1107b550dce8ad673da292c54,8729,image/png,2026-09-25T01:00:36.719586+00:00,ok
00-0040584,Gunnar Helm,lake/gold/nfl/player_photos/00-0040584.png,"https://static.www.nfl.com/image/upload/f_auto,q_auto/league/hewm6ztgka7xkbl6ybvb",200,671d8a894da9188e5bad541f3104e63d5e7b1ee1f65421ffd49ac0eb035ebebe,8166,image/png,2026-09-25T01:00:36.916833+00:00,ok
00-0040585,Ty Hamilton,lake/gold/nfl/player_photos/00-0040585.png,"https://static.www.nfl.com/image/upload/f_auto,q_auto/league/gtriftz4gtmqpetxqp9o",200,a500f0d306970d272130dc92ade01544f16c8218fc8dcb469127f52b92b568fa,8862,image/png,2026-09-25T01:00:36.841256+00:00,ok
00-0040590,Konata Mumpfield,lake/gold/nfl/player_photos/00-0040590.png,"https://static.www.nfl.com/image/upload/f_auto,q_auto/league/cehkowkvb4aujslmppbj",200,144d00d92f03e0d30538872f27ab5ca78a895aae86e74161bdfb43ddd55f2cc1,7965,image/png,2026-09-25T01:00:36.931980+00:00,ok
00-0040613,Shaun Dolac,lake/gold/nfl/player_photos/00-0040613.png,"https://static.www.nfl.com/image/upload/f_auto,q_auto/league/hqgtyx8usody1lywex4a",200,df4082651b05864516b0e4e1543085da15ed327a423f2a70f6eb85dd522db1c9,8150,image/png,2026-09-25T01:00:45.198924+00:00,ok
00-0040621,Montorie Foster Jr,lake/gold/nfl/player_photos/00-0040621.png,"https://static.www.nfl.com/image/upload/f_auto,q_auto/league/qkyl0pfhi4pmzdtodu9k",200,57f61c144ad6f163e5f8ba1e7364403838fb976535d142051f9078187945ebe1,8258,image/png,2026-09-25T01:00:24.881720+00:00,ok
00-0040634,Jordan Turner,lake/gold/nfl/player_photos/00-0040634.png,"https://static.www.nfl.com/image/upload/f_auto,q_auto/league/pksjz8mnu6w6s3k3mh6c",200,7ff563bffc9b18e3255ce26ad44b48e31b58b3e231349fd26ce8d809d9f9a84e,10580,image/png,2026-09-25T01:00:37.096037+00:00,ok
00-0040636,Keyon Martin,lake/gold/nfl/player_photos/00-0040636.png,"https://static.www.nfl.com/image/upload/f_auto,q_auto/league/kuvtqhos7jfzxbvykdrh",200,f3e54a08d20bef024111df2440879ce526d13c19e760fd834af4dcaa77c0ca6c,7842,image/png,2026-09-25T01:00:45.121480+00:00,ok
00-0040640,Ashton Gillotte,lake/gold/nfl/player_photos/00-0040640.png,"https://static.www.nfl.com/image/upload/f_auto,q_auto/league/bk23ynvyi8g8ppbwb764",200,5cce94769a644d1a1182a8883270509cb7ce78c266ccdc4186582f513c29c90f,9008,image/png,2026-09-25T01:00:24.879063+00:00,ok
00-0040641,Darien Porter,lake/gold/nfl/player_photos/00-0040641.png,"https://static.www.nfl.com/image/upload/f_auto,q_auto/league/gnds1mpnqkorwzagcoau",200,0423e15b57a7def67ae5ce94c0c949808dc7be2605699111ada58b34e02d1ebd,8411,image/png,2026-09-25T01:00:45.202089+00:00,ok
00-0040642,Vernon Broughton,lake/gold/nfl/player_photos/00-0040642.png,"https://static.www.nfl.com/image/upload/f_auto,q_auto/league/jij1yqsdhelakkptqz9k",200,806b59e812ea338e800142ac2a8dec9a6b0ee5b74a5bc86fa661a679e6411288,8001,image/png,2026-09-25T01:00:45.293112+00:00,ok
00-0040643,Jonas Sanker,lake/gold/nfl/player_photos/00-0040643.png,"https://static.www.nfl.com/image/upload/f_auto,q_auto/league/pq0uzqjisndztl1ru3oa",200,b436b68244fe7239605f699774e4ca89e52698f936a546e834655836ed7d3f2a,7856,image/png,2026-09-25T01:00:51.148118+00:00,ok
00-0040645,Cody Simon,lake/gold/nfl/player_photos/00-0040645.png,"https://static.www.nfl.com/image/upload/f_auto,q_auto/league/spyk3s7fvbcbz7vj32sg",200,9dabf7868b422a3b3427a590c5943df8babf87eb3e070d9ae918057dd75bc4f2,8168,image/png,2026-09-25T01:00:39.903514+00:00,ok
00-0040646,Jalen Royals,lake/gold/nfl/player_photos/00-0040646.png,"https://static.www.nfl.com/image/upload/f_auto,q_auto/league/sqrid1hnmwqymcp2vxfx",200,b840bc2ff8776ebe1751a23dd628df194683ea8a28f5bd1378d4cbf9d721e7d7,8639,image/png,2026-09-25T01:00:24.920103+00:00,ok
00-0040647,Rylie Mills,lake/gold/nfl/player_photos/00-0040647.png,"https://static.www.nfl.com/image/upload/f_auto,q_auto/league/st6tr9jhr7kn6apkycp3",200,7bf64f473fffa2b792818fbe98439a2085cf2f511835d60565767a6ef4245f13,8276,image/png,2026-09-25T01:00:24.935307+00:00,ok
00-0040654,Kai Kroeger,lake/gold/nfl/player_photos/00-0040654.png,"https://static.www.nfl.com/image/upload/f_auto,q_auto/league/jujimmrfpazu360znwfe",200,7a10f0498f43adad4eda53b8bce9a26125ae65e26439b23c9c75ce06f104bb3c,8446,image/png,2026-09-25T01:00:24.928775+00:00,ok
00-0040663,Harold Fannin Jr.,lake/gold/nfl/player_photos/00-0040663.png,"https://static.www.nfl.com/image/upload/f_auto,q_auto/league/fxublmpnxx9uggsddwik",200,17b89996a7f5758773489b95d2439e17fd1cca8830e489ea4e0c9728c8e9aec9,9962,image/png,2026-09-25T01:00:36.895933+00:00,ok
00-0040666,Omarion Hampton,lake/gold/nfl/player_photos/00-0040666.png,"https://static.www.nfl.com/image/upload/f_auto,q_auto/league/lf2jxvxnbexlinoydbej",200,c56edf24faf33360f66835f91fafe38a7f3e69323f1cfc3eb52838d3d07fd82d,10430,image/png,2026-09-25T01:00:24.959773+00:00,ok
00-0040667,Matthew Golden,lake/gold/nfl/player_photos/00-0040667.png,"https://static.www.nfl.com/image/upload/f_auto,q_auto/league/dbjki6b0swksr7mk17wk",200,71aae12f3b74664026ada3398bf269030a66365cd52ce654535d469193e206a5,10329,image/png,2026-09-25T01:00:36.814441+00:00,ok
00-0040669,Isaac TeSlaa,lake/gold/nfl/player_photos/00-0040669.png,"https://static.www.nfl.com/image/upload/f_auto,q_auto/league/ducfhbiy2a8loytcjymn",200,59c01b553738e493f04cb7d639868ad030c218e7dd2b394d1c9b4cec9f0c941e,8783,image/png,2026-09-25T01:00:24.932952+00:00,ok
00-0040670,Nohl Williams,lake/gold/nfl/player_photos/00-0040670.png,"https://static.www.nfl.com/image/upload/f_auto,q_auto/league/pf22yjk2vhk7gc6ogh8z",200,9401e0462b58e50f961faf17a1be14c4a8e3080a7806e92aaae1df2d7dd3962b,9100,image/png,2026-09-25T01:00:45.137715+00:00,ok
00-0040672,Tyleik Williams,lake/gold/nfl/player_photos/00-0040672.png,"https://static.www.nfl.com/image/upload/f_auto,q_auto/league/emppyzljgfew4i1qmdhb",200,cc39a3c896eda4da5b4f347b08a4eeb7a44a1d9ce7d1b608ab32bb76ceda8ee0,9937,image/png,2026-09-25T01:00:45.454254+00:00,ok
00-0040676,Cam Ward,lake/gold/nfl/player_photos/00-0040676.png,"https://static.www.nfl.com/image/upload/f_auto,q_auto/league/l7switu6stlwd2irm8yo",200,bdc3bf2ae7ba1463dbf412e7bf0daeccb7adea790c27a2ee02a81263b1d4f778,8772,image/png,2026-09-25T01:00:24.921861+00:00,ok
00-0040677,Abdul Carter,lake/gold/nfl/player_photos/00-0040677.png,"https://static.www.nfl.com/image/upload/f_auto,q_auto/league/tfchuu4khsh6jarotqga",200,a7638c683d241b085e836bd925f3f93b000a4624fa0f307b29419f06f25c5f93,8377,image/png,2026-09-25T01:00:45.597034+00:00,ok
00-0040678,Derrick Harmon,lake/gold/nfl/player_photos/00-0040678.png,"https://static.www.nfl.com/image/upload/f_auto,q_auto/league/ogsybhwk95emepsiu0my",200,eacaec718841fca4b2f129014ac977915a53de18e11bc0649d7c298f94f7e3b7,9629,image/png,2026-09-25T01:00:51.125860+00:00,ok
00-0040685,Mason Graham,lake/gold/nfl/player_photos/00-0040685.png,"https://static.www.nfl.com/image/upload/f_auto,q_auto/league/fizf7lkmgqhpg9o8vu92",200,54891dc6baca9078866823f46eb7e4e1d5cee74d0b4926a588c1635266b97902,9455,image/png,2026-09-25T01:00:45.304252+00:00,ok
00-0040686,Josh Conerly Jr.,lake/gold/nfl/player_photos/00-0040686.png,"https://static.www.nfl.com/image/upload/f_auto,q_auto/league/q9vrq43u3qh6nw3rcajo",200,0c3e4eac0005223d92e663a829e21809388e17a8fb5b52cbfedd12e42f1ed45e,9478,image/png,2026-09-25T01:00:24.949502+00:00,ok
00-0040688,Malaki Starks,lake/gold/nfl/player_photos/00-0040688.png,"https://static.www.nfl.com/image/upload/f_auto,q_auto/league/lqdlc7railysoycjeny9",200,a3c7f5fc22de6f131ece5f26c19fa8f2b6bcb19ae8b869bcc381fa0b7dfe85bf,9138,image/png,2026-09-25T01:00:51.104841+00:00,ok
00-0040689,Anthony Campbell,lake/gold/nfl/player_photos/00-0040689.png,"https://static.www.nfl.com/image/upload/f_auto,q_auto/league/wyekuw2nez6ldavs3kwt",200,0f61f4973edace97cea2be89ea3056f05df82bf79555f1ee3639b5c535f40f6d,10267,image/png,2026-09-25T01:00:27.464048+00:00,ok
00-0040691,Jaxson Dart,lake/gold/nfl/player_photos/00-0040691.png,"https://static.www.nfl.com/image/upload/f_auto,q_auto/league/n6uymxssgiicjmxkzxoc",200,d9bd6f97c8646810fe467c170fbe282ab806c8f289a7c8dd9b2ff48929ef74e6,7950,image/png,2026-09-25T01:00:37.032245+00:00,ok
00-0040699,Will Campbell,lake/gold/nfl/player_photos/00-0040699.png,"https://static.www.nfl.com/image/upload/f_auto,q_auto/league/mqfqwcdx3l4437twzxhm",200,fefea1d8198fa5e51915c1bef4e47fbbd573386d7b6015ce229e0423bdd65113,8121,image/png,2026-09-25T01:00:37.303715+00:00,ok
00-0040705,Chimere Dike,lake/gold/nfl/player_photos/00-0040705.png,"https://static.www.nfl.com/image/upload/f_auto,q_auto/league/cbcpv4931dqmgsu3anvo",200,e147dc00987a6f98b237e88aa5d4f69539acd08e6ffb07a53198be90051bf970,8343,image/png,2026-09-25T01:00:24.963522+00:00,ok
00-0040706,Walter Nolen,lake/gold/nfl/player_photos/00-0040706.png,"https://static.www.nfl.com/image/upload/f_auto,q_auto/league/jr8karjanloyyas4erxt",200,9b37876c3fc052441979d141df4d4eb943b637e9c93805950ee7df73b964eaed,8957,image/png,2026-09-25T01:00:45.301734+00:00,ok
00-0040708,Jihaad Campbell,lake/gold/nfl/player_photos/00-0040708.png,"https://static.www.nfl.com/image/upload/f_auto,q_auto/league/njvl2eabvfekcqqa4jmq",200,8a04408abdc04c27516bb7922681b0cf913c0b1f481b45e1fb1b177f40eebc6d,8640,image/png,2026-09-25T01:00:45.452173+00:00,ok
00-0040709,Maxwell Hairston,lake/gold/nfl/player_photos/00-0040709.png,"https://static.www.nfl.com/image/upload/f_auto,q_auto/league/we3enqymnmzrfabz8srg",200,7b708b36245b134e8d437e2b8a8e8133ce1c15c873832823cb0a2e9cdf4f3e78,9292,image/png,2026-09-25T01:00:45.607693+00:00,ok
00-0040710,Deone Walker,lake/gold/nfl/player_photos/00-0040710.png,"https://static.www.nfl.com/image/upload/f_auto,q_auto/league/cn80cdlc2ilvqpsqgx7h",200,2a8415dce0bc65cc73561a5444e02146e30c98b467661c494d2003caa73f5cd5,8311,image/png,2026-09-25T01:00:45.501204+00:00,ok
00-0040711,C.J. West,lake/gold/nfl/player_photos/00-0040711.png,"https://static.www.nfl.com/image/upload/f_auto,q_auto/league/tf5wceyqvcyapj2owfcm",200,c6902673d0954337464762905c7e25cb07e86f27aae9dc475b23f496c0bf6975,10989,image/png,2026-09-25T01:00:25.084526+00:00,ok
00-0040715,Cam Skattebo,lake/gold/nfl/player_photos/00-0040715.png,"https://static.www.nfl.com/image/upload/f_auto,q_auto/league/hlggiqdfvj1f4kntkafr",200,f4c6fb0424fa11b77d373ae5e22dfe3f787fc1bdbd06a8081b371f50f4bffd69,8621,image/png,2026-09-25T01:00:25.090861+00:00,ok
00-0040716,Craig Woodson,lake/gold/nfl/player_photos/00-0040716.png,"https://static.www.nfl.com/image/upload/f_auto,q_auto/league/ufnmu9eujiuydbihx4gu",200,a526fcbe89f07f6321269ac2ade84969c3b5f337f8cfa145d0597a37b56a4e4f,7602,image/png,2026-09-25T01:00:51.043171+00:00,ok
00-0040718,Travis Hunter,lake/gold/nfl/player_photos/00-0040718.png,"https://static.www.nfl.com/image/upload/f_auto,q_auto/league/absw1gfqoiztajjagmf6",200,2b3be819097a4a2cf00d21a4af042ea8fe42f1abb8835691946ebf315594d198,8862,image/png,2026-09-25T01:00:45.514840+00:00,ok
00-0040719,Bhayshul Tuten,lake/gold/nfl/player_photos/00-0040719.png,"https://static.www.nfl.com/image/upload/f_auto,q_auto/league/ryjnphuyjbedmgpx5qqj",200,bd3cefb25667a84a6c9fce3d4a0ec94351ac5b2b661326aab1bb6d199f9537de,9760,image/png,2026-09-25T01:00:25.086783+00:00,ok
00-0040720,Jahdae Barron,lake/gold/nfl/player_photos/00-0040720.png,"https://static.www.nfl.com/image/upload/f_auto,q_auto/league/ashvve6dr35gtgdyjo10",200,68d11b586fb8be844f01a77c8fc546b2b39ee79889d99b576952e1e7693e4cd7,7912,image/png,2026-09-25T01:00:45.610477+00:00,ok
00-0040722,Mike Green,lake/gold/nfl/player_photos/00-0040722.png,"https://static.www.nfl.com/image/upload/f_auto,q_auto/league/dh7h3ratc2xd1xed7efh",200,3c0e1ec8f9e14026cd6b7e02dfa52feb84b21bbe5c91c0ec307a2fffae1c0a39,9669,image/png,2026-09-25T01:00:52.243019+00:00,ok
00-0040725,Donovan Ezeiruaku,lake/gold/nfl/player_photos/00-0040725.png,"https://static.www.nfl.com/image/upload/f_auto,q_auto/league/e8ajbchys6mqj7agkqxf",200,f4cf1c114b6641359ee149f992c9eeaa4db3955e1e9b0b1332b439180c402227,7794,image/png,2026-09-25T01:00:45.661176+00:00,ok
00-0040726,Anthony Belton,lake/gold/nfl/player_photos/00-0040726.png,"https://static.www.nfl.com/image/upload/f_auto,q_auto/league/pk9a1riaxi1hhtjq3ma3",200,42ecc4554ded609a8fcb495974649d98c80218f673e024f3f4ded81974551251,9524,image/png,2026-09-25T01:00:27.381007+00:00,ok
00-0040727,Tre Harris,lake/gold/nfl/player_photos/00-0040727.png,"https://static.www.nfl.com/image/upload/f_auto,q_auto/league/v5ofh8jggzo8rygtpwl7",200,daf459da6cd08acc9ed47aade97230cefca3f7a3fa5469bc93f9997721466deb,9105,image/png,2026-09-25T01:00:37.129834+00:00,ok
00-0040728,Tate Ratledge,lake/gold/nfl/player_photos/00-0040728.png,"https://static.www.nfl.com/image/upload/f_auto,q_auto/league/oqps48sgef7jgn67tvzf",200,3152650cdf43ee704512119ac14769b5981d6299d9d3baf70efff709b3b80fac,8325,image/png,2026-09-25T01:00:25.081144+00:00,ok
00-0040729,Jack Bech,lake/gold/nfl/player_photos/00-0040729.png,"https://static.www.nfl.com/image/upload/f_auto,q_auto/league/feplgtl0x1svqen9szwv",200,b26941344a9adc28b11b96bf5b4000fe026ad4aaee38e0144905f26f627c663b,8186,image/png,2026-09-25T01:00:37.175189+00:00,ok
00-0040730,RJ Harvey,lake/gold/nfl/player_photos/00-0040730.png,"https://static.www.nfl.com/image/upload/f_auto,q_auto/league/szxmro5enrxlscvv67xg",200,08f5638efe2068ef9dd629c6627e87cf7f73d492f0a93aa2746ce8e600748bb4,8539,image/png,2026-09-25T01:00:37.132470+00:00,ok
00-0040733,Nick Emmanwori,lake/gold/nfl/player_photos/00-0040733.png,"https://static.www.nfl.com/image/upload/f_auto,q_auto/league/pmy1sehsvo596a7si0i0",200,5d7a3573fea7a868c936453f0072e98a898fb3a0eea3974a5400c747067ce2fc,9973,image/png,2026-09-25T01:00:46.433354+00:00,ok
00-0040734,TreVeyon Henderson,lake/gold/nfl/player_photos/00-0040734.png,"https://static.www.nfl.com/image/upload/f_auto,q_auto/league/ebcjvwytgu2y4kqm8ihv",200,b4a43befeb101c048003e0662bff447dc77925fc655a24613e1a9b525d39a56c,8152,image/png,2026-09-25T01:00:28.050840+00:00,ok
00-0040735,Luther Burden III,lake/gold/nfl/player_photos/00-0040735.png,"https://static.www.nfl.com/image/upload/f_auto,q_auto/league/iyuwdz7pbowdkwzq2tg5",200,744479d01e1fb7e05fed30e4d16c13f2c9897718b99a77355aaa73b7363ac72a,10233,image/png,2026-09-25T01:00:25.147186+00:00,ok
00-0040736,Mason Taylor,lake/gold/nfl/player_photos/00-0040736.png,"https://static.www.nfl.com/image/upload/f_auto,q_auto/league/xittx9gih104lw1atfiv",200,437c0e4fe3f428596125f862f6c2668f08b2a5d0606833f14a1202543e18e466,7510,image/png,2026-09-25T01:00:37.250761+00:00,ok
00-0040737,Terrance Ferguson,lake/gold/nfl/player_photos/00-0040737.png,"https://static.www.nfl.com/image/upload/f_auto,q_auto/league/w5o0s5yf6j5dsmiwdtfg",200,a2e129f67962ebb67946eb7eb0387cd60a9c9a615367079d479bc47524591d78,9223,image/png,2026-09-25T01:00:37.099804+00:00,ok
00-0040738,Demetrius Knight Jr.,lake/gold/nfl/player_photos/00-0040738.png,"https://static.www.nfl.com/image/upload/f_auto,q_auto/league/j9eequyosorm1p9zc5gx",200,628c616f1d2d6a563866d59427534a79f50b0f25006fce844facaf6516ffac09,8761,image/png,2026-09-25T01:00:25.102558+00:00,ok
00-0040739,Elijah Arroyo,lake/gold/nfl/player_photos/00-0040739.png,"https://static.www.nfl.com/image/upload/f_auto,q_auto/league/m5rdyemjoxl4cuz9yun8",200,cd845fcbb87f7bb47d9006cb642aa0d7930665323d79964bc726a4f2c2abef08,8503,image/png,2026-09-25T01:00:27.787901+00:00,ok
00-0040743,Tyler Shough,lake/gold/nfl/player_photos/00-0040743.png,"https://static.www.nfl.com/image/upload/f_auto,q_auto/league/toiafc7qighw86geo7jf",200,4d07dbbb29a20ab112e3aa19dd219ad3d5dc4b0b107435a33111cb8dd7b67481,8320,image/png,2026-09-25T01:00:37.228406+00:00,ok
00-0040744,Jaylahn Tuimoloau,lake/gold/nfl/player_photos/00-0040744.png,"https://static.www.nfl.com/image/upload/f_auto,q_auto/league/cxkxb1csogr9v773tdib",200,96d9900a0ed5fccb140b6573e8872d29437242c32f3d0751890c7c835820e2a1,9287,image/png,2026-09-25T01:00:25.097158+00:00,ok
00-0040745,Aireontae Ersery,lake/gold/nfl/player_photos/00-0040745.png,"https://static.www.nfl.com/image/upload/f_auto,q_auto/league/htrlsuwip43rs84xya1u",200,457c98b9e8ad83327ef1bf3bf4bb5cd16d7386e803f42c062da5d23a7495df86,8459,image/png,2026-09-25T01:00:37.221028+00:00,ok
00-0040747,Benjamin Morrison,lake/gold/nfl/player_photos/00-0040747.png,"https://static.www.nfl.com/image/upload/f_auto,q_auto/league/oshm9xdskhlubtb7keyy",200,b3ab8179d02c1b9ccb9ee84378c38bcc74f393fb80dac29d6a6eb9bbbd1d0184,8027,image/png,2026-09-25T01:00:45.712591+00:00,ok
00-0040749,Andrew Mukuba,lake/gold/nfl/player_photos/00-0040749.png,"https://static.www.nfl.com/image/upload/f_auto,q_auto/league/eurn0h9z78sclv1eq5jp",200,5a0d4449e02a72011e45174322aa2e4f2e58b34c2ad0320694977d4b3f669777,8097,image/png,2026-09-25T01:00:45.658978+00:00,ok
00-0040751,Will Johnson,lake/gold/nfl/player_photos/00-0040751.png,"https://static.www.nfl.com/image/upload/f_auto,q_auto/league/dq3zeuqbbnztptdeas6i",200,372609db84a39ba09834bfc41c0297386a043d9137df2214986cb7a577b6d1e0,8569,image/png,2026-09-25T01:00:45.812759+00:00,ok
00-0040752,Oluwafemi Oladejo,lake/gold/nfl/player_photos/00-0040752.png,"https://static.www.nfl.com/image/upload/f_auto,q_auto/league/koxindt0qvandhu8otrf",200,6ddded4788906cc8e2ba3ed4ca06debc440bd7cf2a9839bbac72ae00cc1948f9,8632,image/png,2026-09-25T01:00:51.142581+00:00,ok
00-0040756,Shemar Stewart,lake/gold/nfl/player_photos/00-0040756.png,"https://static.www.nfl.com/image/upload/f_auto,q_auto/league/cxyzfhkxg3ydlilhyunr",200,da8355d20afbebc64363d0025b2259b29b35706b32b272cbe2ea59be63374a4e,8872,image/png,2026-09-25T01:00:51.902334+00:00,ok
00-0040782,Isaiah Bond,lake/gold/nfl/player_photos/00-0040782.png,"https://static.www.nfl.com/image/upload/f_auto,q_auto/league/piv889pkizjvgrtpfkxm",200,a387bf7a861016da824fd5e6e5094220d0828359a2cfda02c0c1c9b0aa8a149e,11090,image/png,2026-09-25T01:00:39.940237+00:00,ok
00-0040784,Quinshon Judkins,lake/gold/nfl/player_photos/00-0040784.png,"https://static.www.nfl.com/image/upload/f_auto,q_auto/league/ojtce2im0wp2ltyel0vc",200,c3903886a35f6e466be9198db8cdd74bf104083bb3fc27a263e4e218b67ea471,9666,image/png,2026-09-25T01:00:37.038756+00:00,ok
00-0040785,Dohnte Meyers,lake/gold/nfl/player_photos/00-0040785.png,"https://static.www.nfl.com/image/upload/f_auto,q_auto/league/xkxpqhtebubkbv1irlkc",200,b76a21f9c1ab0627a88add01161387ede69222e60a7a5d8af2371094beaee1ca,10762,image/png,2026-09-25T01:00:25.165125+00:00,ok
00-0040865,Caleb Downs,lake/gold/nfl/player_photos/00-0040865.png,"https://static.www.nfl.com/image/upload/f_auto,q_auto/league/nkj0yjytmlcbciqjus0w",200,5a28a39259b418ba75b1122390bfc18378d05840ac06c626dc657f61bda0aa82,8809,image/png,2026-09-25T01:00:51.146147+00:00,ok
00-0040866,Olaivavega Ioane,lake/gold/nfl/player_photos/00-0040866.png,"https://static.www.nfl.com/image/upload/f_auto,q_auto/league/x3z8asowfyyrhgc0nujw",200,b1ebc65d3c7875840db15a50e615fc94ba70df074dd1ebdd1042e802d5626865,9724,image/png,2026-09-25T01:00:39.745957+00:00,ok
00-0040867,Makai Lemon,lake/gold/nfl/player_photos/00-0040867.png,"https://static.www.nfl.com/image/upload/f_auto,q_auto/league/ys2i2o7c0bl36xvlrojz",200,b6c8a93075d07b5e239f14daeb17afe430d806668a845eb6e05905e371672d5e,9576,image/png,2026-09-25T01:00:38.361001+00:00,ok
00-0040868,Treydan Stukes,lake/gold/nfl/player_photos/00-0040868.png,"https://static.www.nfl.com/image/upload/f_auto,q_auto/league/uhljscop4d7yxtanrwop",200,b1833dfe5b6268eb7ef26a08ad3904f05ce0e2297d0d3c4df3e6413db1e2f2e5,11123,image/png,2026-09-25T01:00:47.621501+00:00,ok
00-0040869,Chris McClellan,lake/gold/nfl/player_photos/00-0040869.png,"https://static.www.nfl.com/image/upload/f_auto,q_auto/league/jp4ns5e4vgwf7yn5hf1h",200,1ea9c83f4a21e8c02efed2eb9ebd54db666396168a7a18e15c68ef59ab59b11f,9360,image/png,2026-09-25T01:00:37.393838+00:00,ok
00-0040870,Ja'Kobi Lane,lake/gold/nfl/player_photos/00-0040870.png,"https://static.www.nfl.com/image/upload/f_auto,q_auto/league/gjezd2a8imfrxyv16wuj",200,c5b50fc227c4ce22034c737076fbd5f5bce150a6410195c411d1af8aed2b7e5c,10195,image/png,2026-09-25T01:00:25.196085+00:00,ok
00-0040872,Jaishawn Barham,lake/gold/nfl/player_photos/00-0040872.png,"https://static.www.nfl.com/image/upload/f_auto,q_auto/league/h35ij5cb5g5a8av170ca",200,94055a9aee339e811057c4535507c7918340cc656189d67d5af2fc92cf0fba79,9529,image/png,2026-09-25T01:00:45.811089+00:00,ok
00-0040873,Julian Neal,lake/gold/nfl/player_photos/00-0040873.png,"https://static.www.nfl.com/image/upload/f_auto,q_auto/league/izqce9eijr3fgtuhifbp",200,5ac5077d53deebae1ed6615a6e4b2416be0284b8caa4098c796942a855ccb6a2,9044,image/png,2026-09-25T01:00:27.760549+00:00,ok
00-0040877,Dani Dennis-Sutton,lake/gold/nfl/player_photos/00-0040877.png,"https://static.www.nfl.com/image/upload/f_auto,q_auto/league/mcasa9q73bt1zghn7olr",200,24c6be37327c3d60ba8316b63e379892e2fc5d619d74f4f70bd3b8e7acd4b629,9046,image/png,2026-09-25T01:00:51.167793+00:00,ok
00-0040878,Mike Washington Jr.,lake/gold/nfl/player_photos/00-0040878.png,"https://static.www.nfl.com/image/upload/f_auto,q_auto/league/ocdjq5ohmtgdghqdh5m4",200,f443f703e45a6a8033c5e0c54ab857fd6746de6c6446bc4b20442ddda100e315,9140,image/png,2026-09-25T01:00:37.378254+00:00,ok
00-0040879,Matthew Hibner,lake/gold/nfl/player_photos/00-0040879.png,"https://static.www.nfl.com/image/upload/f_auto,q_auto/league/kkkia0wl2sqsjiwecde0",200,c732d2dc5cd7e4deb28579a5e26a3b0fee6bcf08ee71d03de3261a3f59036e18,8541,image/png,2026-09-25T01:00:37.419069+00:00,ok
00-0040880,LT Overton,lake/gold/nfl/player_photos/00-0040880.png,"https://static.www.nfl.com/image/upload/f_auto,q_auto/league/f7qnzlq019tmi9o6f1ld",200,a3cdce0b28f96f1402dd54393be1628842cd4513e5101b8a2d563a40ab88c797,8067,image/png,2026-09-25T01:00:45.879173+00:00,ok
00-0040885,Chandler Rivers,lake/gold/nfl/player_photos/00-0040885.png,"https://static.www.nfl.com/image/upload/f_auto,q_auto/league/uayykenigfog0qv48yd2",200,8b5b52f615f6b2b7c30052891821cd1a57c1a3bba33bb4f4cb1400d06f56ba06,8407,image/png,2026-09-25T01:00:52.195115+00:00,ok
00-0040886,Nicholas Singleton,lake/gold/nfl/player_photos/00-0040886.png,"https://static.www.nfl.com/image/upload/f_auto,q_auto/league/ztwqbc0s69cbz5ow0r0q",200,3704737722a20a94bd85f284766dc16dad6ef86025719952d51f9716a553332c,9077,image/png,2026-09-25T01:00:27.866725+00:00,ok
00-0040890,Cyrus Allen,lake/gold/nfl/player_photos/00-0040890.png,"https://static.www.nfl.com/image/upload/f_auto,q_auto/league/qput6hanukjbatuao8ca",200,52db480a10297584068d4bdf2944930dcf77a0ae49e227e8522266b59d48825a,8085,image/png,2026-09-25T01:00:25.212613+00:00,ok
00-0040894,Malik Benson,lake/gold/nfl/player_photos/00-0040894.png,"https://static.www.nfl.com/image/upload/f_auto,q_auto/league/tndlq4zmq6r9nsvmzih6",200,3bab24dc0c76e4595d93e7d4d018ca01c9c9eea0a1bc0c653d9b08f13d78ef80,8411,image/png,2026-09-25T01:00:37.514876+00:00,ok
00-0040898,Ryan Eckley,lake/gold/nfl/player_photos/00-0040898.png,"https://static.www.nfl.com/image/upload/f_auto,q_auto/league/tnfndcjg7g14q1mscr5e",200,506a08b40f59accd28a9b3cbb1ca11d275c2382a2ba4bfbc31eaa08c7ba5a701,8879,image/png,2026-09-25T01:00:37.479618+00:00,ok
00-0040899,Trey Smack,lake/gold/nfl/player_photos/00-0040899.png,"https://static.www.nfl.com/image/upload/f_auto,q_auto/league/zierx6p09ilfe0o0ckj7",200,5d2363bc106949fed07ccbfd8e366be7fa8254adaf7006c9522d3daf18065cc9,8544,image/png,2026-09-25T01:00:25.161989+00:00,ok
00-0040928,Kapena Gushiken,lake/gold/nfl/player_photos/00-0040928.png,"https://static.www.nfl.com/image/upload/f_auto,q_auto/league/lckatmectwiyz6w9chhw",200,ede8b1d365a834b1e7e5fc20c8801d073cee62ca6b935a98d855d56b413de50c,9358,image/png,2026-09-25T01:00:47.385087+00:00,ok
00-0040948,J. Michael Sturdivant,lake/gold/nfl/player_photos/00-0040948.png,"https://static.www.nfl.com/image/upload/f_auto,q_auto/league/jpcewjixipg3iuu2ucyq",200,0b0db8c7456b41c50ca13ede7eca3760d45e1ae93e2920be4ec3bde6b55c2da4,10178,image/png,2026-09-25T01:00:27.814124+00:00,ok
00-0040957,Xavier Nwankpa,lake/gold/nfl/player_photos/00-0040957.png,"https://static.www.nfl.com/image/upload/f_auto,q_auto/league/gu44x9mtkglhai90wudx",200,e7fd27419ff8bd9be106b4a077c99d0c219cf93c9dc503042612cd9fc8e1c450,8250,image/png,2026-09-25T01:00:25.253264+00:00,ok
00-0040978,Ethan Burke,lake/gold/nfl/player_photos/00-0040978.png,"https://static.www.nfl.com/image/upload/f_auto,q_auto/league/tkhzwtnvhbbqu5sc7nui",200,efd626dd44405defebaa987bbbbfd235e80c55c1e4715d2df99187752a5b1448,8824,image/png,2026-09-25T01:00:38.944838+00:00,ok
00-0041013,Emmett Johnson,lake/gold/nfl/player_photos/00-0041013.png,"https://static.www.nfl.com/image/upload/f_auto,q_auto/league/avdz4njz1slqn7ktqcuq",200,09648811cd6eee11b26945c1251c4731f9e69955af94afecab855bcff9df8d41,7806,image/png,2026-09-25T01:00:25.197765+00:00,ok
00-0041019,Kahlil Benson,lake/gold/nfl/player_photos/00-0041019.png,"https://static.www.nfl.com/image/upload/f_auto,q_auto/league/mglqsgzaszlg8qbiuagw",200,7b0934f21cb2462395db4a4aefdf9f1fb018edf7fd4eef72c6c412ccbf1ab45f,9052,image/png,2026-09-25T01:00:38.547095+00:00,ok
00-0041026,David Bailey,lake/gold/nfl/player_photos/00-0041026.png,"https://static.www.nfl.com/image/upload/f_auto,q_auto/league/r6vo0ugtnbbooogommai",200,a92f299df4d1021792fbe610e09b912ba169ea71a8113a3f315634bcfd1c9aa6,9467,image/png,2026-09-25T01:00:51.216062+00:00,ok
00-0041027,Jeremiyah Love,lake/gold/nfl/player_photos/00-0041027.png,"https://static.www.nfl.com/image/upload/f_auto,q_auto/league/b12gtjsylmql5v7iyyla",200,81101710788c45180e3f68444d42daba10b5b02d5c10631bdeec7c9216718b41,8571,image/png,2026-09-25T01:00:37.535905+00:00,ok
00-0041028,Sonny Styles,lake/gold/nfl/player_photos/00-0041028.png,"https://static.www.nfl.com/image/upload/f_auto,q_auto/league/wxufyrsnbie0gyq9piyf",200,c6df5ec931a4134c4ec7ee1da913dc5292afdc56b1ce7ab78a7fbfe0dd81ef67,8952,image/png,2026-09-25T01:00:52.368128+00:00,ok
00-0041031,Rueben Bain Jr.,lake/gold/nfl/player_photos/00-0041031.png,"https://static.www.nfl.com/image/upload/f_auto,q_auto/league/iim0v0qnfmkeonr7qkjr",200,7fa4675edc5df571f7acf7d859a368a072fe26c9ee6e20c06483fd2cdfd878dd,8979,image/png,2026-09-25T01:00:37.562783+00:00,ok
00-0041032,Kenyon Sadiq,lake/gold/nfl/player_photos/00-0041032.png,"https://static.www.nfl.com/image/upload/f_auto,q_auto/league/mnswulwto4yqkgmugoiq",200,9fba2049f11a594c12ad4db957ca3cb32b133d76e6d6a5647d37245bc850b565,8752,image/png,2026-09-25T01:00:37.574204+00:00,ok
00-0041033,Caleb Banks,lake/gold/nfl/player_photos/00-0041033.png,"https://static.www.nfl.com/image/upload/f_auto,q_auto/league/kn0vbk3i04hyepp7phmb",200,f22b6a0daed866510c8aed3a346d9b7bb688f9b045be287682054b5dc8c10e48,8769,image/png,2026-09-25T01:00:40.004945+00:00,ok
00-0041034,Monroe Freeling,lake/gold/nfl/player_photos/00-0041034.png,"https://static.www.nfl.com/image/upload/f_auto,q_auto/league/ljukgocjxwgzy7pdf6rv",200,3f41e4ada88f12e0d63a975139e578ce294dbf2f402a845e90d8355940fd0866,8224,image/png,2026-09-25T01:00:25.263132+00:00,ok
00-0041036,TJ Parker,lake/gold/nfl/player_photos/00-0041036.png,"https://static.www.nfl.com/image/upload/f_auto,q_auto/league/oayz0zuvip1soobdidga",200,61981f779af735af038af4409eae454e3a4240a753b9a5a79de7aec9af3fabcb,8219,image/png,2026-09-25T01:00:37.647217+00:00,ok
00-0041037,Denzel Boston,lake/gold/nfl/player_photos/00-0041037.png,"https://static.www.nfl.com/image/upload/f_auto,q_auto/league/ybkny6eh5eegq3bqmony",200,79132f29b62770f4e7465aac6361ab1ff611bd6ed7a56cb5ed05e06e6f910f86,11610,image/png,2026-09-25T01:00:25.282429+00:00,ok
00-0041039,CJ Allen,lake/gold/nfl/player_photos/00-0041039.png,"https://static.www.nfl.com/image/upload/f_auto,q_auto/league/qhwxb55xtmpp2mvej4a2",200,de9eb0babd7ef851fee13c0132f2153bd2533cb8acb09c5919f74cc95076ae0f,8090,image/png,2026-09-25T01:00:52.366351+00:00,ok
00-0041040,Antonio Williams,lake/gold/nfl/player_photos/00-0041040.png,"https://static.www.nfl.com/image/upload/f_auto,q_auto/league/noywrsgaqoqlv64c12yw",200,3feae64a9769442d7476b202046f3b42593055057b93ba4cc6990cbf14f18962,9393,image/png,2026-09-25T01:00:37.633687+00:00,ok
00-0041041,Oscar Delp,lake/gold/nfl/player_photos/00-0041041.png,"https://static.www.nfl.com/image/upload/f_auto,q_auto/league/a7tu8cb3rnd5ncgbtok5",200,c3b9af0cc3370de54ccfa977c35ddaae3de96f2dce23bfa2db1ff68f333cb387,8097,image/png,2026-09-25T01:00:27.953297+00:00,ok
00-0041042,Malachi Fields,lake/gold/nfl/player_photos/00-0041042.png,"https://static.www.nfl.com/image/upload/f_auto,q_auto/league/tpls1aptxx9x8xaqvjtj",200,00595ec4d6d2618ab30c3b6c287ef9d9ea2407b41cea25c0351b02d68f4b98ac,7561,image/png,2026-09-25T01:00:25.357451+00:00,ok
00-0041043,A.J. Haulcy,lake/gold/nfl/player_photos/00-0041043.png,"https://static.www.nfl.com/image/upload/f_auto,q_auto/league/y0kpgevqxihsroz9zqrm",200,0477a95fe2a2a5b6cb645e6127d664cfa8a6fffcabbc7e0b0577134a52b031ca,8130,image/png,2026-09-25T01:00:51.132996+00:00,ok
00-0041044,Zachariah Branch,lake/gold/nfl/player_photos/00-0041044.png,"https://static.www.nfl.com/image/upload/f_auto,q_auto/league/qwbo8lgyd85dlwnbznsc",200,1b5c3bf49067ae7b38a9960a705410a2b2b30ad1bcd84722ee3e1c315a571cc2,10046,image/png,2026-09-25T01:00:37.477386+00:00,ok
00-0041045,Albert Regis,lake/gold/nfl/player_photos/00-0041045.png,"https://static.www.nfl.com/image/upload/f_auto,q_auto/league/qr8atadqfx7yf2kzrtd5",200,61be5f601fefdf61beccb1d38ddcc5a77589eb3544bd479a5d3a6678549c3af6,8981,image/png,2026-09-25T01:00:25.341887+00:00,ok
00-0041046,Domonique Orange,lake/gold/nfl/player_photos/00-0041046.png,"https://static.www.nfl.com/image/upload/f_auto,q_auto/league/o2druy2qqi3nkcbj9ns6",200,6433cbf77dae736df5671892ca06368bdfad7595cd32177808d25611c6865e53,8954,image/png,2026-09-25T01:00:25.363033+00:00,ok
00-0041048,Ted Hurst III,lake/gold/nfl/player_photos/00-0041048.png,"https://static.www.nfl.com/image/upload/f_auto,q_auto/league/mmf6qmo6a2evw4feupcm",200,c1cd344106c629f0e1d1ee6584ca0e61162a88c44042714e1b1bb5c20ba038b7,9363,image/png,2026-09-25T01:00:25.278841+00:00,ok
00-0041049,Austin Barber,lake/gold/nfl/player_photos/00-0041049.png,"https://static.www.nfl.com/image/upload/f_auto,q_auto/league/kglwdpydzvvmdr1bdblg",200,9913c90361147b1eaec7558660e4b27d7d5e7a21cbfa75f63eb2dc0424d02cf1,9386,image/png,2026-09-25T01:00:29.003932+00:00,ok
00-0041051,Zavion Thomas,lake/gold/nfl/player_photos/00-0041051.png,"https://static.www.nfl.com/image/upload/f_auto,q_auto/league/lhodk54zsmznu4yxjoux",200,b9e5c6cbc67d0a887bbcf127629d8be5b9b899c8f152053b8c8ccc7444a4268b,9644,image/png,2026-09-25T01:00:40.093175+00:00,ok
00-0041052,Kaelon Black,lake/gold/nfl/player_photos/00-0041052.png,"https://static.www.nfl.com/image/upload/f_auto,q_auto/league/nwgkzr1ysr32jc79zfnt",200,9419c3cb9bd4c3f3b78db93c7caceecf3f7c5c99e8c36d3528ce69ffbf18d19d,9077,image/png,2026-09-25T01:00:25.283209+00:00,ok
00-0041057,Keionte Scott,lake/gold/nfl/player_photos/00-0041057.png,"https://static.www.nfl.com/image/upload/f_auto,q_auto/league/vysxl6mkg0xgfjdgscj1",200,93724a24ac5d5e40bed0714e44eada71b9fe7aac37b1e84f4ad74bad78416007,7581,image/png,2026-09-25T01:00:51.268311+00:00,ok
00-0041060,Malik Muhammad,lake/gold/nfl/player_photos/00-0041060.png,"https://static.www.nfl.com/image/upload/f_auto,q_auto/league/rs98wyp3t1ipacwqtvbz",200,c98da6ff3e33dc3145cb774870f342224de84d619286444162275e5d8a48fd16,8108,image/png,2026-09-25T01:00:45.902990+00:00,ok
00-0041063,Will Lee III,lake/gold/nfl/player_photos/00-0041063.png,"https://static.www.nfl.com/image/upload/f_auto,q_auto/league/wurwgex2escrqdqmyaeg",200,f43bd147a8c84c9e73adca12f0bd1e216ca3cc68b941aff4db410e4bd6d0ab6a,9155,image/png,2026-09-25T01:00:25.281338+00:00,ok
00-0041064,Genesis Smith,lake/gold/nfl/player_photos/00-0041064.png,"https://static.www.nfl.com/image/upload/f_auto,q_auto/league/xaausvzp0c7hyqgiqdbr",200,361ba23476a72d7ccb5446bfc8639aa986f4c5de7631408572e87f949f118d64,11394,image/png,2026-09-25T01:00:51.252036+00:00,ok
00-0041066,Kendal Daniels,lake/gold/nfl/player_photos/00-0041066.png,"https://static.www.nfl.com/image/upload/f_auto,q_auto/league/y0dplhsrdng9momqwilu",200,1fd9d55cc73767c80a3c855f0a9c5eaaf217f4c2db6e25b7e6e23a8ac64280a7,9607,image/png,2026-09-25T01:00:45.847645+00:00,ok
00-0041067,Bryce Lance,lake/gold/nfl/player_photos/00-0041067.png,"https://static.www.nfl.com/image/upload/f_auto,q_auto/league/lzh0hbhllbouh97ffpp6",200,cf655b3eb6a8d8704b597631fb150cee41e5f53c3b16253cc7cbac78d8f48fcf,7978,image/png,2026-09-25T01:00:25.483503+00:00,ok
00-0041069,Colbie Young,lake/gold/nfl/player_photos/00-0041069.png,"https://static.www.nfl.com/image/upload/f_auto,q_auto/league/n4irmipxyl87b6jmudte",200,f837850f9546205ce7582a6cd7da619b13499be8c8c44181e35244b4e1248ff3,7599,image/png,2026-09-25T01:00:40.009466+00:00,ok
00-0041072,Nick Barrett,lake/gold/nfl/player_photos/00-0041072.png,"https://static.www.nfl.com/image/upload/f_auto,q_auto/league/q50al52f5lmwzulxqqtl",200,99e14e2a1cd15d7dbcfd52fc8be9d26114b85bed7b1eb8396c6a865aa0fea155,10835,image/png,2026-09-25T01:00:46.428843+00:00,ok
00-0041076,Zakee Wheatley,lake/gold/nfl/player_photos/00-0041076.png,"https://static.www.nfl.com/image/upload/f_auto,q_auto/league/qvujxg50a70hzrg4luzm",200,0d943d2d6cbb3d115bf775d132928bb7d5154cdb22d54811aa528fe3af7e7453,8367,image/png,2026-09-25T01:00:55.053566+00:00,ok
00-0041078,Jaden Dugger,lake/gold/nfl/player_photos/00-0041078.png,"https://static.www.nfl.com/image/upload/f_auto,q_auto/league/qgqcvgbjx1yflrlwfltq",200,cf4c182d0ffb024478423106dcd3e5f535f35139c50f85e8a7d3ec52beb13efd,8422,image/png,2026-09-25T01:00:51.248597+00:00,ok
00-0041088,Karon Prunty,lake/gold/nfl/player_photos/00-0041088.png,"https://static.www.nfl.com/image/upload/f_auto,q_auto/league/ys7zvtbqlaobsxgtigxu",200,0879b4282cc640c08ec8a82c60801165eef4730b45a5b06cd86a6fa89b72a190,9506,image/png,2026-09-25T01:00:40.125932+00:00,ok
00-0041093,Karson Sharar,lake/gold/nfl/player_photos/00-0041093.png,"https://static.www.nfl.com/image/upload/f_auto,q_auto/league/pn4rwj6bnv1z3xykee5f",200,db0c8dcfcf874651eb235413cd795f01f681a58ee0644e1ea46c220954279f98,8571,image/png,2026-09-25T01:00:37.649613+00:00,ok
00-0041094,Bauer Sharp,lake/gold/nfl/player_photos/00-0041094.png,"https://static.www.nfl.com/image/upload/f_auto,q_auto/league/xqj8rk6okp7eobbv5hps",200,1d12088ea485b7fb16ed2e452c6d08c96c5272c768982b1f89e4cc7b95ae193c,8535,image/png,2026-09-25T01:00:37.786868+00:00,ok
00-0041096,Kaytron Allen,lake/gold/nfl/player_photos/00-0041096.png,"https://static.www.nfl.com/image/upload/f_auto,q_auto/league/vbhwkqty94alwjyz8cin",200,290db7d93c5b285db47baace686ae83f649bb1fb7014641b294627820d4b99be,8814,image/png,2026-09-25T01:00:37.771252+00:00,ok
00-0041099,Barion Brown,lake/gold/nfl/player_photos/00-0041099.png,"https://static.www.nfl.com/image/upload/f_auto,q_auto/league/zakfmezzed4qotdrmbpc",200,06a5d0c65cff88096095b67d6995b0dba98f294f325f5aa0d05fc8ac7401aa4f,9469,image/png,2026-09-25T01:00:37.641201+00:00,ok
00-0041100,Josh Cameron,lake/gold/nfl/player_photos/00-0041100.png,"https://static.www.nfl.com/image/upload/f_auto,q_auto/league/jwb3wyhoqqq52mfiyxxc",200,916ce7900b9e5b5bf69d30a1dfea86e29259e7e2218d40b9b39c6d94f84eb72b,9958,image/png,2026-09-25T01:00:37.919299+00:00,ok
00-0041104,Demond Claiborne,lake/gold/nfl/player_photos/00-0041104.png,"https://static.www.nfl.com/image/upload/f_auto,q_auto/league/vmozbbdzgcaqq1yrixeb",200,7875153022bd4d86fe88e6a971d7a5f573b082b78642d3882d7b7ab4d63bc94c,10901,image/png,2026-09-25T01:00:27.948335+00:00,ok
00-0041109,Namdi Obiazor,lake/gold/nfl/player_photos/00-0041109.png,"https://static.www.nfl.com/image/upload/f_auto,q_auto/league/mjc4ip1xcg0rse1lrn1n",200,69ff3dfb85e69f0f3d79c4064a5e985126145bd717d4a4c067e981ac7919acee,8701,image/png,2026-09-25T01:00:37.896155+00:00,ok
00-0041110,Jordan van den Berg,lake/gold/nfl/player_photos/00-0041110.png,"https://static.www.nfl.com/image/upload/f_auto,q_auto/league/q74hrt6lpzvxpuqrvzov",200,81433c2d9b870de5f04c159def399a7fb92f3cd6717c780b4cc21c0b3f719af6,9149,image/png,2026-09-25T01:00:47.601800+00:00,ok
00-0041111,Caden Curry,lake/gold/nfl/player_photos/00-0041111.png,"https://static.www.nfl.com/image/upload/f_auto,q_auto/league/fccbavqtdowwm9ixvg1w",200,fbb0f1646fd069c1a9f0f1ee9fdc6e9edab429c90da0ac49592dc7ae8c1ac6bc,8726,image/png,2026-09-25T01:00:51.339423+00:00,ok
00-0041112,Harold Perkins Jr.,lake/gold/nfl/player_photos/00-0041112.png,"https://static.www.nfl.com/image/upload/f_auto,q_auto/league/sdvimzmhvfuaj6m4wpsu",200,e0518762267fe7ddc0c3457da1d604284725554d7743786a786b8baa8f635da3,10397,image/png,2026-09-25T01:00:25.443946+00:00,ok
00-0041125,Seth McGowan,lake/gold/nfl/player_photos/00-0041125.png,"https://static.www.nfl.com/image/upload/f_auto,q_auto/league/qkwvvygwu9pan88sivzb",200,1a2ec14aabcc4b56cb2d10d8d45d27a7dd92a98b8f98a97154bf2f754a5ac8ec,9444,image/png,2026-09-25T01:00:37.812715+00:00,ok
00-0041126,Tommy Doman Jr.,lake/gold/nfl/player_photos/00-0041126.png,"https://static.www.nfl.com/image/upload/f_auto,q_auto/league/kqtedpbw8nmmvnp5vomj",200,7c9f11082fb99de316e93436959e4a59b82ff7470142975498d4efe74d2d2115,7616,image/png,2026-09-25T01:00:25.499727+00:00,ok
00-0041131,Carsen Ryan,lake/gold/nfl/player_photos/00-0041131.png,"https://static.www.nfl.com/image/upload/f_auto,q_auto/league/qiqiqjw4vyhv2xpxt2np",200,bac7bd2238cfef830dda125bf604324434a00987f6d33f9a5c548d05575c25e0,8939,image/png,2026-09-25T01:00:25.571059+00:00,ok
00-0041132,Deion Burks,lake/gold/nfl/player_photos/00-0041132.png,"https://static.www.nfl.com/image/upload/f_auto,q_auto/league/mbejyq733jilg3bkpzur",200,853f1ae90237f5f127a82bf945cf587f9a49880d59a4c50d1812a96ebb5efb97,8417,image/png,2026-09-25T01:00:27.865185+00:00,ok
00-0041145,Dominic Zvada,lake/gold/nfl/player_photos/00-0041145.png,"https://static.www.nfl.com/image/upload/f_auto,q_auto/league/rej45oauer8jysbtwbxm",200,6f5924202dac1a267dd14e22692742e906dad574db9344bcb96d9af83491de49,8426,image/png,2026-09-25T01:00:25.490766+00:00,ok
00-0041148,Aaron Hall,lake/gold/nfl/player_photos/00-0041148.png,"https://static.www.nfl.com/image/upload/f_auto,q_auto/league/bq76gtte5drlejyfnjnn",200,7601ffede4c9c8945a5e1c66b55600a7997f8a411d1cd6c04587a0bc1c24d40b,7889,image/png,2026-09-25T01:00:46.913039+00:00,ok
00-0041175,Skyler Thomas,lake/gold/nfl/player_photos/00-0041175.png,"https://static.www.nfl.com/image/upload/f_auto,q_auto/league/ojgmea3dm5nvck8lasx6",200,622bedacf32654a147489a76402b9158f592b0d0b0e4360f2e5e40e1ce1effba,9281,image/png,2026-09-25T01:00:25.473949+00:00,ok
00-0041182,Drew Stevens,lake/gold/nfl/player_photos/00-0041182.png,"https://static.www.nfl.com/image/upload/f_auto,q_auto/league/dzlynw7seoaqck1r2il3",200,540355dd50a15d687ddf8c67e3151d439c8f75e3e2b59fbb8ca980aa0dccaad4,8961,image/png,2026-09-25T01:00:37.899361+00:00,ok
00-0041194,Jack Strand,lake/gold/nfl/player_photos/00-0041194.png,"https://static.www.nfl.com/image/upload/f_auto,q_auto/league/oadw9h9otuauaiv1vxvz",200,d9956411e7ac98b8f49e4a82161e9852ca7c2554ade9e40301552312a4a47973,8976,image/png,2026-09-25T01:00:27.791670+00:00,ok
00-0041227,Tahj Chambers,lake/gold/nfl/player_photos/00-0041227.png,"https://static.www.nfl.com/image/upload/f_auto,q_auto/league/ctykt0vp405vb6pzrh4t",200,7c7ac11550511027b52ebcbd56e8bf6ae766c55fe7904297b91ced83201c596f,9030,image/png,2026-09-25T01:00:25.542978+00:00,ok
00-0041305,Sabastian Harsh,lake/gold/nfl/player_photos/00-0041305.png,"https://static.www.nfl.com/image/upload/f_auto,q_auto/league/lfw9jpcytz9nzrz3irxa",200,db00855fde43ac9c5aee7ca65e7f01760fef4a721aacf772e88d163b83c59867,8334,image/png,2026-09-25T01:00:48.059738+00:00,ok
00-0041320,Kenneth Harris,lake/gold/nfl/player_photos/00-0041320.png,"https://static.www.nfl.com/image/upload/f_auto,q_auto/league/hnfpjatae3feakzaa7oo",200,2eb534aecc17ab549d455d68e7a7351fe9103588f83911b9f235d38c2194a233,7736,image/png,2026-09-25T01:00:25.508415+00:00,ok
00-0041326,CJ Donaldson,lake/gold/nfl/player_photos/00-0041326.png,"https://static.www.nfl.com/image/upload/f_auto,q_auto/league/lwl0pyoz7mbjcne0stsx",200,7c56f73bda3fb05d9f9482411700d19ca61f409a33a25c2143bd66d0926f028d,8477,image/png,2026-09-25T01:00:37.988975+00:00,ok
00-0041354,Jacob Thomas,lake/gold/nfl/player_photos/00-0041354.png,"https://static.www.nfl.com/image/upload/f_auto,q_auto/league/xme4nohvydgpjnj6gpge",200,96fe556c9f63ccd6d94e9b7614748c23eb5dc4e92f224662839036202ba1eb76,9076,image/png,2026-09-25T01:00:53.058597+00:00,ok
00-0041363,James Thompson Jr.,lake/gold/nfl/player_photos/00-0041363.png,"https://static.www.nfl.com/image/upload/f_auto,q_auto/league/kaksxzzz2yoykrlsv0hc",200,58e9ba1dd09c544e2f58a789bd2bb5d52c65f8d337598699b450ce162d126f9e,8412,image/png,2026-09-25T01:00:39.088951+00:00,ok
00-0041370,Wydett Williams Jr.,lake/gold/nfl/player_photos/00-0041370.png,"https://static.www.nfl.com/image/upload/f_auto,q_auto/league/yehplfdaudjovmu77qbe",200,ef8b8adf33c1085df4b9f0bed2747538f24017fb50b705428cfd1c3fa153f38b,7485,image/png,2026-09-25T01:00:41.363726+00:00,ok
00-0041381,Rodney Shelley,lake/gold/nfl/player_photos/00-0041381.png,"https://static.www.nfl.com/image/upload/f_auto,q_auto/league/h81syaexfnoma3efhimz",200,c5489e8fdecb2cff6136b15143f591d3ac5be82f49ac11ba8dc840775c1d6a84,9371,image/png,2026-09-25T01:00:47.639685+00:00,ok
00-0041382,Avery Smith,lake/gold/nfl/player_photos/00-0041382.png,"https://static.www.nfl.com/image/upload/f_auto,q_auto/league/o6hgu7dqu1cr50mooybp",200,0e996d72cbcabe06a2dab916de196ce3ab9e640dd4eaa6ac49de442cb3c8f729,9059,image/png,2026-09-25T01:00:30.267718+00:00,ok
00-0041390,Christen Miller,lake/gold/nfl/player_photos/00-0041390.png,"https://static.www.nfl.com/image/upload/f_auto,q_auto/league/goyemhogpp21adasa9z7",200,d3af9c2fc66179a61a48b9259d34a8d999e650889e6232fbdae77aab43794954,9924,image/png,2026-09-25T01:00:25.486323+00:00,ok
00-0041391,Davison Igbinosun,lake/gold/nfl/player_photos/00-0041391.png,"https://static.www.nfl.com/image/upload/f_auto,q_auto/league/jb0yvudwlaooyiemyxh8",200,fa611f65c3e86b1e2f2ebe85a1c9f8620790e3d3bae1641c81f1f0d9915510e2,8966,image/png,2026-09-25T01:00:51.375497+00:00,ok
00-0041392,Jake Slaughter,lake/gold/nfl/player_photos/00-0041392.png,"https://static.www.nfl.com/image/upload/f_auto,q_auto/league/m3tbps2o5cuy8ueeygjy",200,ddb444bfc00b5dda81af4f1fd14cca6441ea01eccfd8a62b75c9d5a65a31ba65,9074,image/png,2026-09-25T01:00:25.528784+00:00,ok
00-0041393,Daylen Everette,lake/gold/nfl/player_photos/00-0041393.png,"https://static.www.nfl.com/image/upload/f_auto,q_auto/league/cihcum2yfkzszr6e7icn",200,8e17273680ec8f81609a60b280cb84c976cff566559ebe47dd8df4ef2f0e45dd,9027,image/png,2026-09-25T01:00:37.991237+00:00,ok
00-0041395,Eli Raridon,lake/gold/nfl/player_photos/00-0041395.png,"https://static.www.nfl.com/image/upload/f_auto,q_auto/league/tglrg0yek3kwrt8rqz5t",200,7ec26ca6f0c652f53a8d20dae9184e76a3b237dd42271ca1cb5c6ad0704d4308,7460,image/png,2026-09-25T01:00:37.870452+00:00,ok
00-0041397,Kaden Wetjen,lake/gold/nfl/player_photos/00-0041397.png,"https://static.www.nfl.com/image/upload/f_auto,q_auto/league/s44clgjdvd1tuslyqimk",200,c5d3b852846e097554646530170c0c3d608a42683f2c73456e8f56b79e8e058a,8726,image/png,2026-09-25T01:00:25.594674+00:00,ok
00-0041398,Riley Nowakowski,lake/gold/nfl/player_photos/00-0041398.png,"https://static.www.nfl.com/image/upload/f_auto,q_auto/league/nhyd8plaetjoosbq1btb",200,59c43e2e49bd2ce6f8c427b12f18491e637c625ec11aae915b880a994c0f92a4,9889,image/png,2026-09-25T01:00:25.547985+00:00,ok
00-0041401,Robert Spears-Jennings,lake/gold/nfl/player_photos/00-0041401.png,"https://static.www.nfl.com/image/upload/f_auto,q_auto/league/e0h7triczbebvcoqdgnx",200,5a9a2024e791be6a5497242aa5c2fcf59f2db6f33ccfba256dc6c13dac307043,8713,image/png,2026-09-25T01:00:37.940669+00:00,ok
00-0041402,Quintayvious Hutchins,lake/gold/nfl/player_photos/00-0041402.png,"https://static.www.nfl.com/image/upload/f_auto,q_auto/league/whetlplnqownwubrmaxe",200,27cf2f0cbb3a257d55f8b0e47460205443aa5453d5258bc2ef9d3e40d3261efb,9252,image/png,2026-09-25T01:00:54.141753+00:00,ok
00-0041404,Wesley Bailey,lake/gold/nfl/player_photos/00-0041404.png,"https://static.www.nfl.com/image/upload/f_auto,q_auto/league/roysfq0w8zqapiaxl5ef",200,673df1500c33227a4c60ad1dacacc81d7942ae771727a5be3b24a1ca6f4636a0,9275,image/png,2026-09-25T01:00:54.108181+00:00,ok
00-0041436,DJ Herman,lake/gold/nfl/player_photos/00-0041436.png,"https://static.www.nfl.com/image/upload/f_auto,q_auto/league/snacspvu9hic30y1vd8m",200,11efebf664faf990fbbca5bd8abaeb8ec58c38a2d3e1f4e868973c2f4c81ecf3,9321,image/png,2026-09-25T01:00:40.127669+00:00,ok
00-0041438,Carnell Tate,lake/gold/nfl/player_photos/00-0041438.png,"https://static.www.nfl.com/image/upload/f_auto,q_auto/league/ghpmpzcnigxrdbyvcxke",200,ea84e2862975f9297fba897f798c231395d2a0659db3eb7a5f204e065b848d0c,7953,image/png,2026-09-25T01:00:37.992237+00:00,ok
00-0041444,Kaleb Elarms-Orr,lake/gold/nfl/player_photos/00-0041444.png,"https://static.www.nfl.com/image/upload/f_auto,q_auto/league/uagxpthu9yavvnupay9y",200,7bb715cbb9248ec1efc8df78138784ed854be307d7527c7293e86161c59afbfb,9546,image/png,2026-09-25T01:00:52.262383+00:00,ok
00-0041445,Keith Abney II,lake/gold/nfl/player_photos/00-0041445.png,"https://static.www.nfl.com/image/upload/f_auto,q_auto/league/pnryzkihoi17eq91ibag",200,1d6d3f981d0b4efa6f0495531bbb070f0e717e8d099be714ad062b75c98f5e91,9694,image/png,2026-09-25T01:00:38.134480+00:00,ok
00-0041447,Skyler Gill-Howard,lake/gold/nfl/player_photos/00-0041447.png,"https://static.www.nfl.com/image/upload/f_auto,q_auto/league/noftllzrysprcx9tktdb",200,eaf232a50ed19c3ef63cb47567502bda4fce0daa39d6c16359f15dcd00940378,8020,image/png,2026-09-25T01:00:45.926063+00:00,ok
00-0041449,Aiden Fisher,lake/gold/nfl/player_photos/00-0041449.png,"https://static.www.nfl.com/image/upload/f_auto,q_auto/league/lrev1iowpsduiovqk1bd",200,7b851b5ce5aac2ff65a36b8cb6cf5e89c0199ce92d924dff34f56fb39137636e,8731,image/png,2026-09-25T01:00:28.152653+00:00,ok
00-0041455,Erick Hunter,lake/gold/nfl/player_photos/00-0041455.png,"https://static.www.nfl.com/image/upload/f_auto,q_auto/league/lj86qzcqducqtasd4au0",200,032bc8be2569b5fec7fb29c4e6235bf87ce5cf24387a0451822604c966613029,8228,image/png,2026-09-25T01:00:41.313117+00:00,ok
00-0041459,Eric O'Neill,lake/gold/nfl/player_photos/00-0041459.png,"https://static.www.nfl.com/image/upload/f_auto,q_auto/league/kexejxtyigkg6wiopccu",200,66f369be9e4a32cfbf0df823524bf51dda2664071ce1b73fdbe1811a5eb85de0,8784,image/png,2026-09-25T01:00:25.611692+00:00,ok
00-0041462,Colton Hood,lake/gold/nfl/player_photos/00-0041462.png,"https://static.www.nfl.com/image/upload/f_auto,q_auto/league/lzlv1gqqjzhawk3jfu8m",200,f4042a97e44506d83e681c7250600fca041e84c9698aef96b0cf889360e96c54,8732,image/png,2026-09-25T01:00:53.196854+00:00,ok
00-0041464,Tacario Davis,lake/gold/nfl/player_photos/00-0041464.png,"https://static.www.nfl.com/image/upload/f_auto,q_auto/league/l4vgk9lz1y81pm89hxf7",200,bc444263eed348ca03ba4a9e72d495a7fab175ca1848b917f4ee4b8c06df92e9,7962,image/png,2026-09-25T01:00:51.435397+00:00,ok
00-0041465,Wade Woodaz,lake/gold/nfl/player_photos/00-0041465.png,"https://static.www.nfl.com/image/upload/f_auto,q_auto/league/pwnisqesajtuhmgkfhjq",200,4ab0932317529bca22da792b16ba88a944d0f7476502a8927f7de71c09b87417,9196,image/png,2026-09-25T01:00:39.180729+00:00,ok
00-0041469,Avieon Terrell,lake/gold/nfl/player_photos/00-0041469.png,"https://static.www.nfl.com/image/upload/f_auto,q_auto/league/ellqzbdrtdoxmte2ehk8",200,ea4e52f2821ff3ffeba04bc0668bb8f1f3ffca222a0253001a8a4e9e5cebbd5c,8154,image/png,2026-09-25T01:00:53.018605+00:00,ok
00-0041470,Brandon Cisse,lake/gold/nfl/player_photos/00-0041470.png,"https://static.www.nfl.com/image/upload/f_auto,q_auto/league/jvhlu2ghhxoitpve7ccj",200,95e252aa43c4f1374d2c75e3905701ef6f6c187fc9b5719b9afe60925aa32105,9053,image/png,2026-09-25T01:00:45.964831+00:00,ok
00-0041472,Marlin Klein,lake/gold/nfl/player_photos/00-0041472.png,"https://static.www.nfl.com/image/upload/f_auto,q_auto/league/ek2nzhrwqxl6psbm2iic",200,c6381e603d5b19accec1164f62664a5650da85b27209e8c5cdb06c6841f5d2ef,9129,image/png,2026-09-25T01:00:25.615887+00:00,ok
00-0041478,Lee Hunter,lake/gold/nfl/player_photos/00-0041478.png,"https://static.www.nfl.com/image/upload/f_auto,q_auto/league/h3dk22cisv0hv6dpvd6a",200,d9e70842440c6f6d63dcea32f03a4f78f37ed8d0da4f6fd2a89ded6316654e95,8043,image/png,2026-09-25T01:00:51.532691+00:00,ok
00-0041479,Anthony Hill Jr.,lake/gold/nfl/player_photos/00-0041479.png,"https://static.www.nfl.com/image/upload/f_auto,q_auto/league/rcozyv4kil96dw8aovh4",200,f9b3db679fd2c8076a7f65ee27b68324bde7d68cf8c74391d68f70cf979149b6,9021,image/png,2026-09-25T01:00:38.052704+00:00,ok
00-0041489,Germie Bernard,lake/gold/nfl/player_photos/00-0041489.png,"https://static.www.nfl.com/image/upload/f_auto,q_auto/league/rsbtypbsvxux94vokb5q",200,e70416073355c7d52a14470ff3993ba1c38731284fff5ee9d7dc17801c17c0c5,9203,image/png,2026-09-25T01:00:40.002212+00:00,ok
00-0041490,Eli Heidenreich,lake/gold/nfl/player_photos/00-0041490.png,"https://static.www.nfl.com/image/upload/f_auto,q_auto/league/jhiyjb8jmjyzehmrrjoy",200,058361d39ab9f46660a9100194335bf96d35348856a7cfd4d6a82384f5f33b00,8473,image/png,2026-09-25T01:00:25.627935+00:00,ok
00-0041494,Zion Young,lake/gold/nfl/player_photos/00-0041494.png,"https://static.www.nfl.com/image/upload/f_auto,q_auto/league/hnutmew9xs7czug8ujne",200,d07233a9c151277b060e9bc49954727307bad987d247ad700bed00023fa4f686,9249,image/png,2026-09-25T01:00:48.012488+00:00,ok
00-0041495,Jake Golday,lake/gold/nfl/player_photos/00-0041495.png,"https://static.www.nfl.com/image/upload/f_auto,q_auto/league/xxquil9cdqnjwqiwrj4h",200,dd7fbce47da8f774fde1916e4329030415aedfd99dace3d2ebdf0a0d797a339b,9031,image/png,2026-09-25T01:00:38.242743+00:00,ok
00-0041496,Jonah Coleman,lake/gold/nfl/player_photos/00-0041496.png,"https://static.www.nfl.com/image/upload/f_auto,q_auto/league/qbauucaxakkhtxihuvmr",200,f9f8d9ea6e972ddd3b162fc281541abfc104f8d6fc1d5c91dd0efe399c452a06,8554,image/png,2026-09-25T01:00:38.133010+00:00,ok
00-0041497,Jadon Canady,lake/gold/nfl/player_photos/00-0041497.png,"https://static.www.nfl.com/image/upload/f_auto,q_auto/league/huudorks6t6jyqnytlcy",200,51e6b9cf8f0460fa43ec643298c6440464f991b16e675e9704c7f166d8f968f0,7795,image/png,2026-09-25T01:00:25.652339+00:00,ok
00-0041501,R Mason Thomas,lake/gold/nfl/player_photos/00-0041501.png,"https://static.www.nfl.com/image/upload/f_auto,q_auto/league/kyj9zy752wgq6nnn4ui6",200,07b029383f0a00d9461381b8d5607e27abcb4a8aa1da2c208c6a3c87672ab40c,9254,image/png,2026-09-25T01:00:52.644303+00:00,ok
00-0041502,Josiah Trotter,lake/gold/nfl/player_photos/00-0041502.png,"https://static.www.nfl.com/image/upload/f_auto,q_auto/league/sqikte2lgczxdun64akq",200,0fae55aacbd28be568b6d92e460c67c147d86b84956d9da84a619a9bbfb2e8b4,8751,image/png,2026-09-25T01:00:51.318969+00:00,ok
00-0041503,Nate Boerkircher,lake/gold/nfl/player_photos/00-0041503.png,"https://static.www.nfl.com/image/upload/f_auto,q_auto/league/bxglkvzpx2y40u25xaso",200,78d520c755e7f22b1c7232e112aaccebe2bc516eef7f63912e7acad207d91fb3,8982,image/png,2026-09-25T01:00:25.628939+00:00,ok
00-0041505,Francis Mauigoa,lake/gold/nfl/player_photos/00-0041505.png,"https://static.www.nfl.com/image/upload/f_auto,q_auto/league/sf5gdoimkobalbcvgirv",200,eca69496c0016b55dbfcd826928c16fefffaa4a68795c5a20767cc4ae9d62123,8796,image/png,2026-09-25T01:00:41.267996+00:00,ok
00-0041508,Keldric Faulk,lake/gold/nfl/player_photos/00-0041508.png,"https://static.www.nfl.com/image/upload/f_auto,q_auto/league/yn8hrjyo5q5kcmriamnb",200,04ab201bae0fb3941e5d67686e7c1a0f810e62d6cfa2c70f67344575de1ba15c,8167,image/png,2026-09-25T01:00:38.241431+00:00,ok
00-0041509,Arvell Reese,lake/gold/nfl/player_photos/00-0041509.png,"https://static.www.nfl.com/image/upload/f_auto,q_auto/league/tvhqfy34evkal6zpu9to",200,cbaf00438bafa16fc31c5439d294d286019c8c42dbf693cb9e330b8c4256c413,9745,image/png,2026-09-25T01:00:45.918794+00:00,ok
00-0041511,Omar Cooper Jr.,lake/gold/nfl/player_photos/00-0041511.png,"https://static.www.nfl.com/image/upload/f_auto,q_auto/league/lmua2lbg0m77ibvydvaq",200,6b4609adcbc20da1ac47b8b4fc3169f202d8c6f9ec6033be2394d664b485a770,10609,image/png,2026-09-25T01:00:38.361645+00:00,ok
00-0041512,Jadarian Price,lake/gold/nfl/player_photos/00-0041512.png,"https://static.www.nfl.com/image/upload/f_auto,q_auto/league/toy90i08oumgbdlvctja",200,ff646c153a8eddd3c33aaef9da8c0300bbbdd728e8f488a5cd33409216e2ad45,8755,image/png,2026-09-25T01:00:25.663991+00:00,ok
00-0041518,Bryce Boettcher,lake/gold/nfl/player_photos/00-0041518.png,"https://static.www.nfl.com/image/upload/f_auto,q_auto/league/yyzig5kcgafowpllis6g",200,e8280fd9ee5478e640d2a4e0b248169ed0577c2e41ee8f980e32328157b3dc94,8151,image/png,2026-09-25T01:00:51.543039+00:00,ok
00-0041521,Kadyn Proctor,lake/gold/nfl/player_photos/00-0041521.png,"https://static.www.nfl.com/image/upload/f_auto,q_auto/league/drkcektwmef11cd6pojk",200,439e613edf55d1a44ce4cf6cd0ba0c1319408bfbbeb6ef8697cd5f79ce9a8ce7,11021,image/png,2026-09-25T01:00:39.335905+00:00,ok
00-0041522,Jacob Rodriguez,lake/gold/nfl/player_photos/00-0041522.png,"https://static.www.nfl.com/image/upload/f_auto,q_auto/league/yqhkilqqhuxelhiz40qv",200,55aec99895c1ec1a18f53f44af28bd86cfb2e99964f8105cde4cf7845483aa8a,8691,image/png,2026-09-25T01:00:51.551581+00:00,ok
00-0041523,Caleb Douglas,lake/gold/nfl/player_photos/00-0041523.png,"https://static.www.nfl.com/image/upload/f_auto,q_auto/league/stwypvmutplwvi1zzbmu",200,e004857a7231ae398fb8dd60f0eada356d748c68bf90ae0f9deec23a5c66b93e,8537,image/png,2026-09-25T01:00:38.454808+00:00,ok
00-0041524,Will Kacmarek,lake/gold/nfl/player_photos/00-0041524.png,"https://static.www.nfl.com/image/upload/f_auto,q_auto/league/erqascuieblamkhf2vbs",200,d98f089fb8c08264737e35562fc78bf2bc1c3a20adec82c65daa60c8bcff8f40,8436,image/png,2026-09-25T01:00:38.362671+00:00,ok
00-0041525,Chris Bell,lake/gold/nfl/player_photos/00-0041525.png,"https://static.www.nfl.com/image/upload/f_auto,q_auto/league/zgbku18zemqyryvyahd4",200,280db5ccb3a9e08f589955dd4a3acfabd5daf00627cd758a2650c01579d5c3c2,8102,image/png,2026-09-25T01:00:25.647406+00:00,ok
00-0041529,Kevin Coleman Jr.,lake/gold/nfl/player_photos/00-0041529.png,"https://static.www.nfl.com/image/upload/f_auto,q_auto/league/nqqd4zjnxephjb4qziww",200,87176cebc6e4b9b0ec7dee79e7f8fb33ebd9e49afd9ca9b8dbbfee6ac09c22d6,8941,image/png,2026-09-25T01:00:38.385346+00:00,ok
00-0041532,Keylan Rutledge,lake/gold/nfl/player_photos/00-0041532.png,"https://static.www.nfl.com/image/upload/f_auto,q_auto/league/qzt4txsu9hhjgy9yiwej",200,645fe83ea0bdff5e43b186cede5b9d10750aca52f16a28a4aeb75ab739f3032c,8636,image/png,2026-09-25T01:00:30.321000+00:00,ok
00-0041533,Chris Johnson,lake/gold/nfl/player_photos/00-0041533.png,"https://static.www.nfl.com/image/upload/f_auto,q_auto/league/xapxjgeqo5rbmuvfxbfv",200,4791d02d266f6a56b6f0c6ec1edd819bbb11ea2f33ff1390c59ffc89a68737d5,8091,image/png,2026-09-25T01:00:51.545759+00:00,ok
00-0041537,Malachi Lawrence,lake/gold/nfl/player_photos/00-0041537.png,"https://static.www.nfl.com/image/upload/f_auto,q_auto/league/fyhju3zbedckstcoufxp",200,76e842261ec976d564bd0e7ab9634db9834ee00ec598c40c4de627b32a621207,8769,image/png,2026-09-25T01:00:46.064964+00:00,ok
00-0041538,Dillon Thieneman,lake/gold/nfl/player_photos/00-0041538.png,"https://static.www.nfl.com/image/upload/f_auto,q_auto/league/hyl3qlps5bwhwvklhf2j",200,f186f7f0a7139d2905d809448bffb0ccd71031b357de40ec4ba0422874249e6a,8248,image/png,2026-09-25T01:00:52.716159+00:00,ok
00-0041543,Mansoor Delane,lake/gold/nfl/player_photos/00-0041543.png,"https://static.www.nfl.com/image/upload/f_auto,q_auto/league/tw9nfj4gxwqjvqfencwo",200,16bda47d47820e7b7ab6e1cc3a3e4aa8cd5dd30742f7bbf9e3c275736c2118c9,8675,image/png,2026-09-25T01:00:45.990749+00:00,ok
00-0041544,Akheem Mesidor,lake/gold/nfl/player_photos/00-0041544.png,"https://static.www.nfl.com/image/upload/f_auto,q_auto/league/uzofkqafecc5zqqwyiyd",200,a71809580a684b406f66ddabacefd0718b3a71acad5e3b800f86bebb8f10e401,9413,image/png,2026-09-25T01:00:45.981502+00:00,ok
00-0041545,Peter Woods,lake/gold/nfl/player_photos/00-0041545.png,"https://static.www.nfl.com/image/upload/f_auto,q_auto/league/faer3odluhui4euszouu",200,eeb40c0fa57a153db2d2510d8d0e55a2c33ea52912b28ac32060b3adcdd35da1,8574,image/png,2026-09-25T01:00:39.469055+00:00,ok
00-0041546,Cashius Howell,lake/gold/nfl/player_photos/00-0041546.png,"https://static.www.nfl.com/image/upload/f_auto,q_auto/league/qepm55rb579namslsmjb",200,2bbf4913213f0f86d04315fdacf5f1602ea9923d4589a2d3c8090a4ea31e1f78,10287,image/png,2026-09-25T01:00:46.621728+00:00,ok
00-0041547,KC Concepcion,lake/gold/nfl/player_photos/00-0041547.png,"https://static.www.nfl.com/image/upload/f_auto,q_auto/league/ztdyzyngqr1pexyghlt3",200,363e2b4bd879664946db4e2380d924ef33b49c437291c5ee4ac74cea97ea04da,11307,image/png,2026-09-25T01:00:25.658318+00:00,ok
00-0041549,Darrell Jackson Jr.,lake/gold/nfl/player_photos/00-0041549.png,"https://static.www.nfl.com/image/upload/f_auto,q_auto/league/kmkykh3qj3gxyhn006jr",200,809974832994d11437aad6f1faacc50bae9c80c7fb90e5a28fe961d973d7a38b,10913,image/png,2026-09-25T01:00:25.757864+00:00,ok
00-0041550,Brenen Thompson,lake/gold/nfl/player_photos/00-0041550.png,"https://static.www.nfl.com/image/upload/f_auto,q_auto/league/khlvgjk60vz6ghkwpmak",200,47f780b0013ae9a1d24c17852f4c4cec92580c6beeb939a48c0b185889b9c0c4,9559,image/png,2026-09-25T01:00:40.144359+00:00,ok
00-0041556,Romello Height,lake/gold/nfl/player_photos/00-0041556.png,"https://static.www.nfl.com/image/upload/f_auto,q_auto/league/l3arvnk3oxjzzglzvnps",200,60ce0a9e19cbffe3b415a9af18739c60b8ab239fcba404f0226177e902ea7217,9303,image/png,2026-09-25T01:00:46.646948+00:00,ok
00-0041557,Gracen Halton,lake/gold/nfl/player_photos/00-0041557.png,"https://static.www.nfl.com/image/upload/f_auto,q_auto/league/kgidfvowkezba4g4nig8",200,e7107df6b962b5520b67d462e5a36aecf98c67ff7229e566326e05da07d75761,9066,image/png,2026-09-25T01:00:46.641186+00:00,ok
00-0041558,Sam Roush,lake/gold/nfl/player_photos/00-0041558.png,"https://static.www.nfl.com/image/upload/f_auto,q_auto/league/jqkmmguw4934lyjgvuip",200,cb6100f7408f30948ceda2413e4744fa1f4c066c319f1c30487b1916457d9a48,8581,image/png,2026-09-25T01:00:28.156014+00:00,ok
00-0041563,Jermod McCoy,lake/gold/nfl/player_photos/00-0041563.png,"https://static.www.nfl.com/image/upload/f_auto,q_auto/league/dhihcvbhqkm7sqcmhhwr",200,1060f2156ba60931534027ce5223fc0f5de54ff0e26334475147bfa7d25474f6,9334,image/png,2026-09-25T01:00:53.088202+00:00,ok
00-0041569,Gabe Jacas,lake/gold/nfl/player_photos/00-0041569.png,"https://static.www.nfl.com/image/upload/f_auto,q_auto/league/olnj7czbn0ul98o5nn61",200,cee6c981e3f1366c6b3ec7dbb9a2e96c4180bdae8227593480b8c5d3e0b2b720,9657,image/png,2026-09-25T01:00:51.568623+00:00,ok
